id_deputado;tema;qtd_proposicoes
100689;Viação, Transporte e Mobilidade;5
100689;Direito e Defesa do Consumidor;4
100689;Finanças Públicas e Orçamento;3
100689;Educação;2
100689;Energia, Recursos Hídricos e Minerais;2
100689;Homenagens e Datas Comemorativas;2
100689;Processo Legislativo e Atuação Parlamentar;2
100689;Economia;1
100689;Trabalho e Emprego;1
103758;Finanças Públicas e Orçamento;8
103758;Direitos Humanos e Minorias;6
103758;Direito Penal e Processual Penal;4
103758;Cidades e Desenvolvimento Urbano;3
103758;Defesa e Segurança;3
103758;Previdência e Assistência Social;3
103758;Administração Pública;2
103758;Indústria, Comércio e Serviços;2
103758;Política, Partidos e Eleições;2
103758;Trabalho e Emprego;2
103758;Direito Civil e Processual Civil;1
103758;Direito e Defesa do Consumidor;1
103758;Educação;1
103758;Esporte e Lazer;1
103758;Estrutura Fundiária;1
103758;Homenagens e Datas Comemorativas;1
103758;Meio Ambiente e Desenvolvimento Sustentável;1
103758;Processo Legislativo e Atuação Parlamentar;1
103758;Viação, Transporte e Mobilidade;1
104552;Educação;50
104552;Direitos Humanos e Minorias;41
104552;Administração Pública;36
104552;Finanças Públicas e Orçamento;32
104552;Saúde;21
104552;Trabalho e Emprego;15
104552;Defesa e Segurança;13
104552;Meio Ambiente e Desenvolvimento Sustentável;12
104552;Direito Penal e Processual Penal;10
104552;Cidades e Desenvolvimento Urbano;9
104552;Processo Legislativo e Atuação Parlamentar;9
104552;Economia;8
104552;Indústria, Comércio e Serviços;8
104552;Direito Constitucional;7
104552;Viação, Transporte e Mobilidade;7
104552;Direito e Defesa do Consumidor;6
104552;Comunicações;5
104552;Direito e Justiça;5
104552;Arte, Cultura e Religião;4
104552;Energia, Recursos Hídricos e Minerais;4
104552;Previdência e Assistência Social;4
104552;Ciência, Tecnologia e Inovação;3
104552;Relações Internacionais e Comércio Exterior;3
104552;Esporte e Lazer;2
104552;Homenagens e Datas Comemorativas;2
104552;Política, Partidos e Eleições;2
104552;Agricultura, Pecuária, Pesca e Extrativismo;1
104552;Estrutura Fundiária;1
104552;Turismo;1
107283;Administração Pública;12
107283;Finanças Públicas e Orçamento;10
107283;Direitos Humanos e Minorias;9
107283;Defesa e Segurança;8
107283;Trabalho e Emprego;6
107283;Indústria, Comércio e Serviços;5
107283;Relações Internacionais e Comércio Exterior;4
107283;Economia;3
107283;Energia, Recursos Hídricos e Minerais;3
107283;Esporte e Lazer;3
107283;Viação, Transporte e Mobilidade;3
107283;Agricultura, Pecuária, Pesca e Extrativismo;2
107283;Ciência, Tecnologia e Inovação;2
107283;Comunicações;2
107283;Direito Penal e Processual Penal;2
107283;Direito e Defesa do Consumidor;2
107283;Meio Ambiente e Desenvolvimento Sustentável;2
107283;Processo Legislativo e Atuação Parlamentar;2
107283;Cidades e Desenvolvimento Urbano;1
107283;Direito Civil e Processual Civil;1
107283;Direito Constitucional;1
107283;Educação;1
107283;Saúde;1
107970;Direitos Humanos e Minorias;14
107970;Finanças Públicas e Orçamento;13
107970;Processo Legislativo e Atuação Parlamentar;13
107970;Administração Pública;11
107970;Agricultura, Pecuária, Pesca e Extrativismo;7
107970;Direito Constitucional;7
107970;Defesa e Segurança;6
107970;Meio Ambiente e Desenvolvimento Sustentável;6
107970;Direito Penal e Processual Penal;5
107970;Homenagens e Datas Comemorativas;5
107970;Saúde;5
107970;Economia;4
107970;Indústria, Comércio e Serviços;4
107970;Relações Internacionais e Comércio Exterior;4
107970;Turismo;4
107970;Arte, Cultura e Religião;3
107970;Direito e Justiça;3
107970;Educação;3
107970;Energia, Recursos Hídricos e Minerais;3
107970;Previdência e Assistência Social;3
107970;Trabalho e Emprego;3
107970;Cidades e Desenvolvimento Urbano;2
107970;Direito e Defesa do Consumidor;2
107970;Estrutura Fundiária;2
107970;Viação, Transporte e Mobilidade;2
107970;Comunicações;1
107970;Esporte e Lazer;1
107970;Política, Partidos e Eleições;1
109429;Direitos Humanos e Minorias;31
109429;Saúde;19
109429;Finanças Públicas e Orçamento;17
109429;Administração Pública;16
109429;Defesa e Segurança;15
109429;Direito Penal e Processual Penal;14
109429;Processo Legislativo e Atuação Parlamentar;12
109429;Educação;10
109429;Direito Constitucional;8
109429;Direito e Justiça;8
109429;Indústria, Comércio e Serviços;8
109429;Trabalho e Emprego;8
109429;Previdência e Assistência Social;7
109429;Economia;5
109429;Energia, Recursos Hídricos e Minerais;5
109429;Agricultura, Pecuária, Pesca e Extrativismo;4
109429;Viação, Transporte e Mobilidade;4
109429;Cidades e Desenvolvimento Urbano;3
109429;Comunicações;3
109429;Direito Civil e Processual Civil;3
109429;Arte, Cultura e Religião;2
109429;Direito e Defesa do Consumidor;2
109429;Esporte e Lazer;2
109429;Estrutura Fundiária;2
109429;Homenagens e Datas Comemorativas;2
109429;Meio Ambiente e Desenvolvimento Sustentável;2
109429;Política, Partidos e Eleições;1
109429;Relações Internacionais e Comércio Exterior;1
109429;Turismo;1
115200;Homenagens e Datas Comemorativas;4
115200;Saúde;4
115200;Administração Pública;2
115200;Cidades e Desenvolvimento Urbano;2
115200;Educação;2
115200;Agricultura, Pecuária, Pesca e Extrativismo;1
115200;Direitos Humanos e Minorias;1
115200;Meio Ambiente e Desenvolvimento Sustentável;1
115200;Previdência e Assistência Social;1
115200;Trabalho e Emprego;1
115200;Viação, Transporte e Mobilidade;1
116379;Administração Pública;11
116379;Finanças Públicas e Orçamento;6
116379;Defesa e Segurança;5
116379;Indústria, Comércio e Serviços;5
116379;Processo Legislativo e Atuação Parlamentar;5
116379;Trabalho e Emprego;5
116379;Direito e Justiça;4
116379;Previdência e Assistência Social;4
116379;Saúde;4
116379;Viação, Transporte e Mobilidade;4
116379;Agricultura, Pecuária, Pesca e Extrativismo;3
116379;Direito e Defesa do Consumidor;3
116379;Direitos Humanos e Minorias;3
116379;Meio Ambiente e Desenvolvimento Sustentável;3
116379;Energia, Recursos Hídricos e Minerais;2
116379;Estrutura Fundiária;2
116379;Arte, Cultura e Religião;1
116379;Cidades e Desenvolvimento Urbano;1
116379;Direito Constitucional;1
116379;Direito Penal e Processual Penal;1
116379;Educação;1
116379;Homenagens e Datas Comemorativas;1
116379;Turismo;1
121948;Agricultura, Pecuária, Pesca e Extrativismo;6
121948;Finanças Públicas e Orçamento;5
121948;Homenagens e Datas Comemorativas;5
121948;Meio Ambiente e Desenvolvimento Sustentável;5
121948;Administração Pública;4
121948;Viação, Transporte e Mobilidade;4
121948;Arte, Cultura e Religião;3
121948;Processo Legislativo e Atuação Parlamentar;3
121948;Turismo;3
121948;Cidades e Desenvolvimento Urbano;2
121948;Ciência, Tecnologia e Inovação;2
121948;Direito Penal e Processual Penal;2
121948;Direitos Humanos e Minorias;2
121948;Economia;2
121948;Educação;2
121948;Esporte e Lazer;2
121948;Indústria, Comércio e Serviços;2
121948;Trabalho e Emprego;2
121948;Comunicações;1
121948;Direito Civil e Processual Civil;1
121948;Direito Constitucional;1
121948;Direito e Defesa do Consumidor;1
121948;Estrutura Fundiária;1
121948;Previdência e Assistência Social;1
121948;Saúde;1
122158;Finanças Públicas e Orçamento;23
122158;Direitos Humanos e Minorias;12
122158;Administração Pública;10
122158;Direito Penal e Processual Penal;9
122158;Economia;8
122158;Defesa e Segurança;6
122158;Direito e Justiça;6
122158;Saúde;6
122158;Direito e Defesa do Consumidor;5
122158;Processo Legislativo e Atuação Parlamentar;5
122158;Direito Constitucional;4
122158;Meio Ambiente e Desenvolvimento Sustentável;4
122158;Trabalho e Emprego;4
122158;Comunicações;3
122158;Política, Partidos e Eleições;3
122158;Energia, Recursos Hídricos e Minerais;2
122158;Esporte e Lazer;2
122158;Indústria, Comércio e Serviços;2
122158;Previdência e Assistência Social;2
122158;Relações Internacionais e Comércio Exterior;2
122158;Agricultura, Pecuária, Pesca e Extrativismo;1
122158;Arte, Cultura e Religião;1
122158;Cidades e Desenvolvimento Urbano;1
122158;Educação;1
122158;Homenagens e Datas Comemorativas;1
122158;Viação, Transporte e Mobilidade;1
122195;Administração Pública;3
122195;Comunicações;3
122195;Meio Ambiente e Desenvolvimento Sustentável;3
122195;Viação, Transporte e Mobilidade;3
122195;Ciência, Tecnologia e Inovação;2
122195;Direito Civil e Processual Civil;2
122195;Economia;2
122195;Finanças Públicas e Orçamento;2
122195;Indústria, Comércio e Serviços;2
122195;Saúde;2
122195;Direito e Defesa do Consumidor;1
122195;Direitos Humanos e Minorias;1
122195;Esporte e Lazer;1
122195;Política, Partidos e Eleições;1
122195;Processo Legislativo e Atuação Parlamentar;1
122195;Turismo;1
122974;Defesa e Segurança;29
122974;Direitos Humanos e Minorias;28
122974;Finanças Públicas e Orçamento;16
122974;Administração Pública;13
122974;Viação, Transporte e Mobilidade;8
122974;Indústria, Comércio e Serviços;7
122974;Previdência e Assistência Social;6
122974;Saúde;6
122974;Direito e Justiça;5
122974;Direito Constitucional;4
122974;Economia;4
122974;Processo Legislativo e Atuação Parlamentar;4
122974;Trabalho e Emprego;4
122974;Arte, Cultura e Religião;2
122974;Cidades e Desenvolvimento Urbano;2
122974;Ciência, Tecnologia e Inovação;2
122974;Comunicações;2
122974;Educação;2
122974;Meio Ambiente e Desenvolvimento Sustentável;2
122974;Política, Partidos e Eleições;2
122974;Direito e Defesa do Consumidor;1
122974;Esporte e Lazer;1
122974;Homenagens e Datas Comemorativas;1
122974;Turismo;1
123086;Finanças Públicas e Orçamento;11
123086;Processo Legislativo e Atuação Parlamentar;10
123086;Administração Pública;8
123086;Defesa e Segurança;7
123086;Direito Constitucional;6
123086;Direitos Humanos e Minorias;6
123086;Direito Penal e Processual Penal;5
123086;Direito e Defesa do Consumidor;5
123086;Educação;5
123086;Direito e Justiça;4
123086;Trabalho e Emprego;4
123086;Energia, Recursos Hídricos e Minerais;3
123086;Indústria, Comércio e Serviços;3
123086;Arte, Cultura e Religião;2
123086;Esporte e Lazer;2
123086;Política, Partidos e Eleições;2
123086;Saúde;2
123086;Viação, Transporte e Mobilidade;2
123086;Agricultura, Pecuária, Pesca e Extrativismo;1
123086;Estrutura Fundiária;1
123086;Homenagens e Datas Comemorativas;1
123086;Meio Ambiente e Desenvolvimento Sustentável;1
123086;Previdência e Assistência Social;1
123756;Cidades e Desenvolvimento Urbano;96
123756;Direitos Humanos e Minorias;88
123756;Finanças Públicas e Orçamento;84
123756;Educação;82
123756;Saúde;82
123756;Economia;63
123756;Defesa e Segurança;56
123756;Previdência e Assistência Social;47
123756;Agricultura, Pecuária, Pesca e Extrativismo;45
123756;Administração Pública;38
123756;Trabalho e Emprego;34
123756;Comunicações;29
123756;Indústria, Comércio e Serviços;28
123756;Arte, Cultura e Religião;24
123756;Estrutura Fundiária;24
123756;Ciência, Tecnologia e Inovação;23
123756;Energia, Recursos Hídricos e Minerais;22
123756;Processo Legislativo e Atuação Parlamentar;11
123756;Direito Constitucional;8
123756;Direito e Justiça;8
123756;Meio Ambiente e Desenvolvimento Sustentável;8
123756;Direito Penal e Processual Penal;3
123756;Direito e Defesa do Consumidor;3
123756;Homenagens e Datas Comemorativas;2
123756;Esporte e Lazer;1
123756;Relações Internacionais e Comércio Exterior;1
128760;Direitos Humanos e Minorias;4
128760;Direito Penal e Processual Penal;3
128760;Administração Pública;2
128760;Finanças Públicas e Orçamento;2
128760;Direito e Defesa do Consumidor;1
128760;Educação;1
128760;Energia, Recursos Hídricos e Minerais;1
128760;Meio Ambiente e Desenvolvimento Sustentável;1
128760;Previdência e Assistência Social;1
128760;Processo Legislativo e Atuação Parlamentar;1
128760;Viação, Transporte e Mobilidade;1
129618;Defesa e Segurança;2
129618;Direitos Humanos e Minorias;2
129618;Administração Pública;1
129618;Direito Penal e Processual Penal;1
129618;Indústria, Comércio e Serviços;1
129618;Relações Internacionais e Comércio Exterior;1
132504;Homenagens e Datas Comemorativas;1
133439;Finanças Públicas e Orçamento;28
133439;Administração Pública;22
133439;Economia;14
133439;Processo Legislativo e Atuação Parlamentar;13
133439;Direitos Humanos e Minorias;11
133439;Indústria, Comércio e Serviços;11
133439;Homenagens e Datas Comemorativas;9
133439;Saúde;9
133439;Trabalho e Emprego;8
133439;Arte, Cultura e Religião;7
133439;Educação;7
133439;Viação, Transporte e Mobilidade;7
133439;Direito Constitucional;6
133439;Direito e Defesa do Consumidor;6
133439;Defesa e Segurança;5
133439;Meio Ambiente e Desenvolvimento Sustentável;5
133439;Cidades e Desenvolvimento Urbano;4
133439;Comunicações;4
133439;Direito e Justiça;4
133439;Energia, Recursos Hídricos e Minerais;4
133439;Esporte e Lazer;4
133439;Ciência, Tecnologia e Inovação;3
133439;Previdência e Assistência Social;3
133439;Relações Internacionais e Comércio Exterior;3
133439;Turismo;3
133439;Agricultura, Pecuária, Pesca e Extrativismo;2
133439;Direito Civil e Processual Civil;2
133439;Política, Partidos e Eleições;2
133439;Direito Penal e Processual Penal;1
133810;Administração Pública;15
133810;Finanças Públicas e Orçamento;15
133810;Processo Legislativo e Atuação Parlamentar;14
133810;Direitos Humanos e Minorias;13
133810;Direito Constitucional;9
133810;Defesa e Segurança;8
133810;Direito Penal e Processual Penal;8
133810;Trabalho e Emprego;7
133810;Meio Ambiente e Desenvolvimento Sustentável;6
133810;Saúde;6
133810;Economia;5
133810;Agricultura, Pecuária, Pesca e Extrativismo;4
133810;Comunicações;4
133810;Indústria, Comércio e Serviços;4
133810;Política, Partidos e Eleições;4
133810;Cidades e Desenvolvimento Urbano;3
133810;Direito e Justiça;3
133810;Relações Internacionais e Comércio Exterior;3
133810;Estrutura Fundiária;2
133810;Previdência e Assistência Social;2
133810;Viação, Transporte e Mobilidade;2
133810;Arte, Cultura e Religião;1
133810;Direito e Defesa do Consumidor;1
136811;Finanças Públicas e Orçamento;23
136811;Administração Pública;13
136811;Meio Ambiente e Desenvolvimento Sustentável;13
136811;Direitos Humanos e Minorias;12
136811;Processo Legislativo e Atuação Parlamentar;12
136811;Agricultura, Pecuária, Pesca e Extrativismo;10
136811;Economia;9
136811;Trabalho e Emprego;9
136811;Previdência e Assistência Social;8
136811;Cidades e Desenvolvimento Urbano;7
136811;Defesa e Segurança;7
136811;Direito Constitucional;7
136811;Saúde;7
136811;Viação, Transporte e Mobilidade;7
136811;Indústria, Comércio e Serviços;6
136811;Direito Penal e Processual Penal;5
136811;Energia, Recursos Hídricos e Minerais;4
136811;Homenagens e Datas Comemorativas;4
136811;Direito e Justiça;3
136811;Direito Civil e Processual Civil;2
136811;Direito e Defesa do Consumidor;2
136811;Educação;2
136811;Estrutura Fundiária;2
136811;Política, Partidos e Eleições;2
136811;Relações Internacionais e Comércio Exterior;2
136811;Arte, Cultura e Religião;1
136811;Comunicações;1
136811;Turismo;1
137070;Finanças Públicas e Orçamento;26
137070;Administração Pública;19
137070;Direitos Humanos e Minorias;17
137070;Defesa e Segurança;12
137070;Processo Legislativo e Atuação Parlamentar;12
137070;Saúde;11
137070;Meio Ambiente e Desenvolvimento Sustentável;9
137070;Trabalho e Emprego;9
137070;Direito Penal e Processual Penal;8
137070;Economia;7
137070;Indústria, Comércio e Serviços;7
137070;Previdência e Assistência Social;7
137070;Viação, Transporte e Mobilidade;7
137070;Agricultura, Pecuária, Pesca e Extrativismo;5
137070;Direito e Defesa do Consumidor;5
137070;Energia, Recursos Hídricos e Minerais;5
137070;Esporte e Lazer;5
137070;Relações Internacionais e Comércio Exterior;5
137070;Arte, Cultura e Religião;4
137070;Comunicações;4
137070;Direito Constitucional;4
137070;Estrutura Fundiária;4
137070;Educação;3
137070;Homenagens e Datas Comemorativas;3
137070;Política, Partidos e Eleições;3
137070;Cidades e Desenvolvimento Urbano;2
137070;Ciência, Tecnologia e Inovação;2
137070;Direito Civil e Processual Civil;2
137070;Direito e Justiça;2
137070;Turismo;1
138286;Finanças Públicas e Orçamento;13
138286;Administração Pública;12
138286;Saúde;11
138286;Viação, Transporte e Mobilidade;9
138286;Defesa e Segurança;8
138286;Direito e Defesa do Consumidor;8
138286;Indústria, Comércio e Serviços;7
138286;Processo Legislativo e Atuação Parlamentar;6
138286;Cidades e Desenvolvimento Urbano;5
138286;Direitos Humanos e Minorias;5
138286;Economia;5
138286;Trabalho e Emprego;5
138286;Comunicações;4
138286;Previdência e Assistência Social;4
138286;Educação;3
138286;Energia, Recursos Hídricos e Minerais;3
138286;Turismo;3
138286;Agricultura, Pecuária, Pesca e Extrativismo;2
138286;Direito Constitucional;2
138286;Direito e Justiça;2
138286;Esporte e Lazer;2
138286;Arte, Cultura e Religião;1
138286;Ciência, Tecnologia e Inovação;1
138286;Direito Civil e Processual Civil;1
138286;Relações Internacionais e Comércio Exterior;1
139285;Direitos Humanos e Minorias;35
139285;Homenagens e Datas Comemorativas;20
139285;Arte, Cultura e Religião;19
139285;Administração Pública;14
139285;Trabalho e Emprego;14
139285;Finanças Públicas e Orçamento;12
139285;Indústria, Comércio e Serviços;11
139285;Processo Legislativo e Atuação Parlamentar;11
139285;Saúde;11
139285;Comunicações;10
139285;Defesa e Segurança;10
139285;Educação;8
139285;Direito e Justiça;6
139285;Direito e Defesa do Consumidor;5
139285;Economia;5
139285;Política, Partidos e Eleições;5
139285;Previdência e Assistência Social;5
139285;Ciência, Tecnologia e Inovação;4
139285;Direito Penal e Processual Penal;4
139285;Viação, Transporte e Mobilidade;4
139285;Direito Constitucional;2
139285;Esporte e Lazer;2
139285;Meio Ambiente e Desenvolvimento Sustentável;2
139285;Relações Internacionais e Comércio Exterior;2
139285;Cidades e Desenvolvimento Urbano;1
139285;Direito Civil e Processual Civil;1
141391;Administração Pública;11
141391;Finanças Públicas e Orçamento;10
141391;Economia;8
141391;Energia, Recursos Hídricos e Minerais;6
141391;Meio Ambiente e Desenvolvimento Sustentável;6
141391;Processo Legislativo e Atuação Parlamentar;6
141391;Direitos Humanos e Minorias;5
141391;Agricultura, Pecuária, Pesca e Extrativismo;4
141391;Defesa e Segurança;4
141391;Direito Constitucional;4
141391;Indústria, Comércio e Serviços;4
141391;Saúde;3
141391;Arte, Cultura e Religião;2
141391;Comunicações;2
141391;Direito Penal e Processual Penal;2
141391;Direito e Justiça;2
141391;Educação;2
141391;Estrutura Fundiária;2
141391;Homenagens e Datas Comemorativas;2
141391;Trabalho e Emprego;2
141391;Viação, Transporte e Mobilidade;2
141391;Cidades e Desenvolvimento Urbano;1
141391;Ciência, Tecnologia e Inovação;1
141391;Direito e Defesa do Consumidor;1
141391;Esporte e Lazer;1
141391;Política, Partidos e Eleições;1
141391;Previdência e Assistência Social;1
141391;Relações Internacionais e Comércio Exterior;1
141398;Finanças Públicas e Orçamento;13
141398;Direitos Humanos e Minorias;11
141398;Administração Pública;10
141398;Defesa e Segurança;10
141398;Indústria, Comércio e Serviços;10
141398;Energia, Recursos Hídricos e Minerais;6
141398;Trabalho e Emprego;5
141398;Ciência, Tecnologia e Inovação;4
141398;Comunicações;4
141398;Economia;4
141398;Viação, Transporte e Mobilidade;4
141398;Cidades e Desenvolvimento Urbano;3
141398;Direito Constitucional;3
141398;Esporte e Lazer;3
141398;Processo Legislativo e Atuação Parlamentar;3
141398;Arte, Cultura e Religião;2
141398;Direito e Defesa do Consumidor;2
141398;Direito e Justiça;2
141398;Meio Ambiente e Desenvolvimento Sustentável;2
141398;Política, Partidos e Eleições;2
141398;Previdência e Assistência Social;2
141398;Saúde;2
141398;Agricultura, Pecuária, Pesca e Extrativismo;1
141398;Direito Penal e Processual Penal;1
141398;Homenagens e Datas Comemorativas;1
141398;Relações Internacionais e Comércio Exterior;1
141408;Direitos Humanos e Minorias;18
141408;Finanças Públicas e Orçamento;17
141408;Trabalho e Emprego;14
141408;Administração Pública;13
141408;Previdência e Assistência Social;11
141408;Saúde;10
141408;Direito Constitucional;9
141408;Economia;8
141408;Meio Ambiente e Desenvolvimento Sustentável;7
141408;Processo Legislativo e Atuação Parlamentar;7
141408;Direito Penal e Processual Penal;6
141408;Defesa e Segurança;5
141408;Direito e Justiça;5
141408;Direito e Defesa do Consumidor;4
141408;Educação;4
141408;Esporte e Lazer;4
141408;Indústria, Comércio e Serviços;4
141408;Comunicações;3
141408;Relações Internacionais e Comércio Exterior;3
141408;Agricultura, Pecuária, Pesca e Extrativismo;2
141408;Arte, Cultura e Religião;2
141408;Cidades e Desenvolvimento Urbano;2
141408;Ciência, Tecnologia e Inovação;2
141408;Direito Civil e Processual Civil;2
141408;Viação, Transporte e Mobilidade;2
141408;Energia, Recursos Hídricos e Minerais;1
141408;Homenagens e Datas Comemorativas;1
141408;Política, Partidos e Eleições;1
141411;Administração Pública;20
141411;Direitos Humanos e Minorias;16
141411;Finanças Públicas e Orçamento;10
141411;Trabalho e Emprego;10
141411;Saúde;9
141411;Defesa e Segurança;7
141411;Educação;7
141411;Viação, Transporte e Mobilidade;7
141411;Direito Constitucional;6
141411;Direito Penal e Processual Penal;6
141411;Meio Ambiente e Desenvolvimento Sustentável;6
141411;Comunicações;4
141411;Direito e Justiça;3
141411;Economia;3
141411;Indústria, Comércio e Serviços;3
141411;Previdência e Assistência Social;3
141411;Energia, Recursos Hídricos e Minerais;2
141411;Homenagens e Datas Comemorativas;2
141411;Cidades e Desenvolvimento Urbano;1
141411;Direito e Defesa do Consumidor;1
141411;Processo Legislativo e Atuação Parlamentar;1
141411;Relações Internacionais e Comércio Exterior;1
141421;Direitos Humanos e Minorias;49
141421;Saúde;49
141421;Administração Pública;27
141421;Finanças Públicas e Orçamento;20
141421;Trabalho e Emprego;17
141421;Direito Penal e Processual Penal;16
141421;Indústria, Comércio e Serviços;15
141421;Previdência e Assistência Social;15
141421;Defesa e Segurança;14
141421;Direito e Defesa do Consumidor;12
141421;Economia;11
141421;Energia, Recursos Hídricos e Minerais;9
141421;Processo Legislativo e Atuação Parlamentar;9
141421;Educação;8
141421;Viação, Transporte e Mobilidade;7
141421;Comunicações;6
141421;Direito Constitucional;6
141421;Ciência, Tecnologia e Inovação;5
141421;Direito e Justiça;5
141421;Arte, Cultura e Religião;4
141421;Cidades e Desenvolvimento Urbano;3
141421;Meio Ambiente e Desenvolvimento Sustentável;3
141421;Direito Civil e Processual Civil;2
141421;Agricultura, Pecuária, Pesca e Extrativismo;1
141421;Esporte e Lazer;1
141421;Estrutura Fundiária;1
141421;Homenagens e Datas Comemorativas;1
141421;Política, Partidos e Eleições;1
141421;Relações Internacionais e Comércio Exterior;1
141431;Finanças Públicas e Orçamento;5
141431;Processo Legislativo e Atuação Parlamentar;5
141431;Administração Pública;2
141431;Direito Constitucional;2
141431;Previdência e Assistência Social;2
141431;Agricultura, Pecuária, Pesca e Extrativismo;1
141431;Arte, Cultura e Religião;1
141431;Defesa e Segurança;1
141431;Direitos Humanos e Minorias;1
141431;Economia;1
141431;Política, Partidos e Eleições;1
141431;Relações Internacionais e Comércio Exterior;1
141431;Trabalho e Emprego;1
141450;Administração Pública;21
141450;Finanças Públicas e Orçamento;16
141450;Direitos Humanos e Minorias;14
141450;Saúde;12
141450;Energia, Recursos Hídricos e Minerais;11
141450;Processo Legislativo e Atuação Parlamentar;10
141450;Viação, Transporte e Mobilidade;10
141450;Direito Penal e Processual Penal;9
141450;Indústria, Comércio e Serviços;8
141450;Meio Ambiente e Desenvolvimento Sustentável;8
141450;Direito Constitucional;7
141450;Economia;7
141450;Trabalho e Emprego;7
141450;Esporte e Lazer;6
141450;Previdência e Assistência Social;6
141450;Cidades e Desenvolvimento Urbano;5
141450;Defesa e Segurança;5
141450;Direito e Justiça;5
141450;Educação;4
141450;Arte, Cultura e Religião;3
141450;Direito e Defesa do Consumidor;3
141450;Comunicações;2
141450;Direito Civil e Processual Civil;2
141450;Política, Partidos e Eleições;2
141450;Agricultura, Pecuária, Pesca e Extrativismo;1
141450;Homenagens e Datas Comemorativas;1
141456;Direitos Humanos e Minorias;17
141456;Administração Pública;14
141456;Defesa e Segurança;13
141456;Viação, Transporte e Mobilidade;13
141456;Trabalho e Emprego;12
141456;Finanças Públicas e Orçamento;11
141456;Previdência e Assistência Social;9
141456;Indústria, Comércio e Serviços;7
141456;Saúde;7
141456;Educação;6
141456;Cidades e Desenvolvimento Urbano;4
141456;Comunicações;4
141456;Processo Legislativo e Atuação Parlamentar;4
141456;Arte, Cultura e Religião;3
141456;Energia, Recursos Hídricos e Minerais;3
141456;Homenagens e Datas Comemorativas;3
141456;Relações Internacionais e Comércio Exterior;3
141456;Ciência, Tecnologia e Inovação;2
141456;Direito Constitucional;2
141456;Direito e Defesa do Consumidor;2
141456;Economia;2
141456;Agricultura, Pecuária, Pesca e Extrativismo;1
141456;Direito e Justiça;1
141456;Esporte e Lazer;1
141456;Estrutura Fundiária;1
141458;Finanças Públicas e Orçamento;20
141458;Administração Pública;13
141458;Processo Legislativo e Atuação Parlamentar;11
141458;Economia;10
141458;Direitos Humanos e Minorias;6
141458;Indústria, Comércio e Serviços;6
141458;Trabalho e Emprego;6
141458;Direito Constitucional;5
141458;Saúde;5
141458;Energia, Recursos Hídricos e Minerais;4
141458;Direito e Defesa do Consumidor;3
141458;Meio Ambiente e Desenvolvimento Sustentável;3
141458;Arte, Cultura e Religião;2
141458;Defesa e Segurança;2
141458;Direito Penal e Processual Penal;2
141458;Direito e Justiça;2
141458;Educação;2
141458;Política, Partidos e Eleições;2
141458;Previdência e Assistência Social;2
141458;Agricultura, Pecuária, Pesca e Extrativismo;1
141458;Cidades e Desenvolvimento Urbano;1
141458;Ciência, Tecnologia e Inovação;1
141458;Comunicações;1
141458;Direito Civil e Processual Civil;1
141458;Esporte e Lazer;1
141458;Estrutura Fundiária;1
141458;Relações Internacionais e Comércio Exterior;1
141458;Viação, Transporte e Mobilidade;1
141459;Finanças Públicas e Orçamento;9
141459;Administração Pública;7
141459;Trabalho e Emprego;6
141459;Defesa e Segurança;5
141459;Processo Legislativo e Atuação Parlamentar;5
141459;Direito e Justiça;4
141459;Direitos Humanos e Minorias;4
141459;Direito Constitucional;3
141459;Educação;3
141459;Saúde;3
141459;Arte, Cultura e Religião;2
141459;Comunicações;2
141459;Indústria, Comércio e Serviços;2
141459;Previdência e Assistência Social;2
141459;Agricultura, Pecuária, Pesca e Extrativismo;1
141459;Cidades e Desenvolvimento Urbano;1
141459;Economia;1
141459;Energia, Recursos Hídricos e Minerais;1
141459;Esporte e Lazer;1
141459;Estrutura Fundiária;1
141459;Meio Ambiente e Desenvolvimento Sustentável;1
141459;Política, Partidos e Eleições;1
141459;Viação, Transporte e Mobilidade;1
141464;Finanças Públicas e Orçamento;18
141464;Administração Pública;14
141464;Direitos Humanos e Minorias;12
141464;Defesa e Segurança;10
141464;Trabalho e Emprego;9
141464;Indústria, Comércio e Serviços;7
141464;Processo Legislativo e Atuação Parlamentar;7
141464;Arte, Cultura e Religião;5
141464;Direito Constitucional;5
141464;Economia;5
141464;Homenagens e Datas Comemorativas;5
141464;Saúde;5
141464;Direito e Justiça;4
141464;Ciência, Tecnologia e Inovação;3
141464;Educação;3
141464;Energia, Recursos Hídricos e Minerais;3
141464;Meio Ambiente e Desenvolvimento Sustentável;3
141464;Agricultura, Pecuária, Pesca e Extrativismo;2
141464;Comunicações;2
141464;Direito e Defesa do Consumidor;2
141464;Esporte e Lazer;2
141464;Viação, Transporte e Mobilidade;2
141464;Cidades e Desenvolvimento Urbano;1
141464;Direito Civil e Processual Civil;1
141464;Direito Penal e Processual Penal;1
141464;Estrutura Fundiária;1
141464;Política, Partidos e Eleições;1
141464;Previdência e Assistência Social;1
141464;Relações Internacionais e Comércio Exterior;1
141464;Turismo;1
141470;Finanças Públicas e Orçamento;40
141470;Direitos Humanos e Minorias;26
141470;Administração Pública;20
141470;Indústria, Comércio e Serviços;15
141470;Economia;13
141470;Defesa e Segurança;10
141470;Trabalho e Emprego;10
141470;Meio Ambiente e Desenvolvimento Sustentável;9
141470;Previdência e Assistência Social;8
141470;Saúde;8
141470;Viação, Transporte e Mobilidade;7
141470;Processo Legislativo e Atuação Parlamentar;6
141470;Cidades e Desenvolvimento Urbano;5
141470;Educação;5
141470;Relações Internacionais e Comércio Exterior;5
141470;Direito e Justiça;4
141470;Homenagens e Datas Comemorativas;4
141470;Arte, Cultura e Religião;3
141470;Comunicações;3
141470;Direito Civil e Processual Civil;3
141470;Direito Constitucional;3
141470;Direito Penal e Processual Penal;3
141470;Direito e Defesa do Consumidor;3
141470;Energia, Recursos Hídricos e Minerais;3
141470;Esporte e Lazer;3
141470;Ciência, Tecnologia e Inovação;2
141470;Política, Partidos e Eleições;2
141470;Agricultura, Pecuária, Pesca e Extrativismo;1
141470;Turismo;1
141480;Defesa e Segurança;7
141480;Finanças Públicas e Orçamento;7
141480;Administração Pública;6
141480;Direitos Humanos e Minorias;5
141480;Processo Legislativo e Atuação Parlamentar;5
141480;Trabalho e Emprego;5
141480;Direito Constitucional;4
141480;Saúde;3
141480;Cidades e Desenvolvimento Urbano;2
141480;Direito Penal e Processual Penal;2
141480;Direito e Defesa do Consumidor;2
141480;Estrutura Fundiária;2
141480;Indústria, Comércio e Serviços;2
141480;Previdência e Assistência Social;2
141480;Viação, Transporte e Mobilidade;2
141480;Agricultura, Pecuária, Pesca e Extrativismo;1
141480;Arte, Cultura e Religião;1
141480;Direito e Justiça;1
141480;Economia;1
141480;Homenagens e Datas Comemorativas;1
141480;Meio Ambiente e Desenvolvimento Sustentável;1
141485;Administração Pública;13
141485;Processo Legislativo e Atuação Parlamentar;13
141485;Finanças Públicas e Orçamento;12
141485;Direitos Humanos e Minorias;10
141485;Defesa e Segurança;8
141485;Saúde;6
141485;Agricultura, Pecuária, Pesca e Extrativismo;5
141485;Comunicações;5
141485;Direito Constitucional;5
141485;Economia;5
141485;Homenagens e Datas Comemorativas;4
141485;Trabalho e Emprego;4
141485;Cidades e Desenvolvimento Urbano;3
141485;Ciência, Tecnologia e Inovação;3
141485;Direito Penal e Processual Penal;3
141485;Indústria, Comércio e Serviços;3
141485;Previdência e Assistência Social;3
141485;Relações Internacionais e Comércio Exterior;3
141485;Viação, Transporte e Mobilidade;3
141485;Arte, Cultura e Religião;2
141485;Direito e Defesa do Consumidor;2
141485;Meio Ambiente e Desenvolvimento Sustentável;2
141485;Direito Civil e Processual Civil;1
141485;Direito e Justiça;1
141485;Educação;1
141485;Energia, Recursos Hídricos e Minerais;1
141485;Esporte e Lazer;1
141485;Estrutura Fundiária;1
141487;Processo Legislativo e Atuação Parlamentar;10
141487;Finanças Públicas e Orçamento;7
141487;Defesa e Segurança;4
141487;Direito e Defesa do Consumidor;3
141487;Direito e Justiça;3
141487;Direitos Humanos e Minorias;3
141487;Trabalho e Emprego;3
141487;Arte, Cultura e Religião;2
141487;Cidades e Desenvolvimento Urbano;2
141487;Direito Constitucional;2
141487;Economia;2
141487;Energia, Recursos Hídricos e Minerais;2
141487;Política, Partidos e Eleições;2
141487;Previdência e Assistência Social;2
141487;Relações Internacionais e Comércio Exterior;2
141487;Viação, Transporte e Mobilidade;2
141487;Administração Pública;1
141487;Agricultura, Pecuária, Pesca e Extrativismo;1
141487;Comunicações;1
141487;Direito Civil e Processual Civil;1
141487;Esporte e Lazer;1
141487;Homenagens e Datas Comemorativas;1
141487;Indústria, Comércio e Serviços;1
141487;Saúde;1
141488;Administração Pública;4
141488;Defesa e Segurança;3
141488;Direito e Defesa do Consumidor;3
141488;Indústria, Comércio e Serviços;3
141488;Ciência, Tecnologia e Inovação;2
141488;Direitos Humanos e Minorias;2
141488;Energia, Recursos Hídricos e Minerais;2
141488;Finanças Públicas e Orçamento;2
141488;Saúde;2
141488;Viação, Transporte e Mobilidade;2
141488;Agricultura, Pecuária, Pesca e Extrativismo;1
141488;Comunicações;1
141488;Direito Civil e Processual Civil;1
141488;Economia;1
141488;Esporte e Lazer;1
141488;Trabalho e Emprego;1
141516;Administração Pública;8
141516;Finanças Públicas e Orçamento;8
141516;Economia;4
141516;Previdência e Assistência Social;4
141516;Direito Constitucional;3
141516;Direitos Humanos e Minorias;3
141516;Processo Legislativo e Atuação Parlamentar;3
141516;Defesa e Segurança;2
141516;Direito e Defesa do Consumidor;2
141516;Indústria, Comércio e Serviços;2
141516;Meio Ambiente e Desenvolvimento Sustentável;2
141516;Trabalho e Emprego;2
141516;Agricultura, Pecuária, Pesca e Extrativismo;1
141516;Cidades e Desenvolvimento Urbano;1
141516;Ciência, Tecnologia e Inovação;1
141516;Direito Civil e Processual Civil;1
141516;Direito Penal e Processual Penal;1
141516;Direito e Justiça;1
141516;Energia, Recursos Hídricos e Minerais;1
141516;Homenagens e Datas Comemorativas;1
141516;Política, Partidos e Eleições;1
141516;Saúde;1
141518;Administração Pública;10
141518;Direito Constitucional;4
141518;Economia;4
141518;Finanças Públicas e Orçamento;4
141518;Indústria, Comércio e Serviços;4
141518;Previdência e Assistência Social;4
141518;Comunicações;3
141518;Política, Partidos e Eleições;3
141518;Processo Legislativo e Atuação Parlamentar;3
141518;Trabalho e Emprego;3
141518;Defesa e Segurança;2
141518;Direito e Defesa do Consumidor;2
141518;Direitos Humanos e Minorias;2
141518;Direito Civil e Processual Civil;1
141518;Direito Penal e Processual Penal;1
141518;Direito e Justiça;1
141518;Educação;1
141518;Energia, Recursos Hídricos e Minerais;1
141518;Relações Internacionais e Comércio Exterior;1
141518;Saúde;1
141531;Finanças Públicas e Orçamento;11
141531;Processo Legislativo e Atuação Parlamentar;9
141531;Administração Pública;6
141531;Direitos Humanos e Minorias;6
141531;Trabalho e Emprego;5
141531;Direito e Justiça;4
141531;Saúde;4
141531;Defesa e Segurança;3
141531;Direito e Defesa do Consumidor;3
141531;Economia;3
141531;Direito Constitucional;2
141531;Direito Penal e Processual Penal;2
141531;Meio Ambiente e Desenvolvimento Sustentável;2
141531;Previdência e Assistência Social;2
141531;Agricultura, Pecuária, Pesca e Extrativismo;1
141531;Arte, Cultura e Religião;1
141531;Comunicações;1
141531;Energia, Recursos Hídricos e Minerais;1
141531;Indústria, Comércio e Serviços;1
141531;Política, Partidos e Eleições;1
141531;Relações Internacionais e Comércio Exterior;1
141531;Viação, Transporte e Mobilidade;1
141533;Direitos Humanos e Minorias;7
141533;Finanças Públicas e Orçamento;7
141533;Administração Pública;6
141533;Economia;5
141533;Saúde;5
141533;Meio Ambiente e Desenvolvimento Sustentável;4
141533;Direito Penal e Processual Penal;3
141533;Energia, Recursos Hídricos e Minerais;3
141533;Comunicações;2
141533;Defesa e Segurança;2
141533;Indústria, Comércio e Serviços;2
141533;Trabalho e Emprego;2
141533;Cidades e Desenvolvimento Urbano;1
141533;Direito Constitucional;1
141533;Direito e Justiça;1
141533;Educação;1
141533;Política, Partidos e Eleições;1
141533;Previdência e Assistência Social;1
141533;Processo Legislativo e Atuação Parlamentar;1
141533;Viação, Transporte e Mobilidade;1
141555;Direitos Humanos e Minorias;17
141555;Finanças Públicas e Orçamento;14
141555;Administração Pública;11
141555;Indústria, Comércio e Serviços;10
141555;Processo Legislativo e Atuação Parlamentar;10
141555;Saúde;10
141555;Defesa e Segurança;8
141555;Direito Penal e Processual Penal;8
141555;Direito e Defesa do Consumidor;7
141555;Economia;7
141555;Trabalho e Emprego;6
141555;Direito e Justiça;5
141555;Direito Civil e Processual Civil;4
141555;Direito Constitucional;4
141555;Previdência e Assistência Social;4
141555;Política, Partidos e Eleições;3
141555;Relações Internacionais e Comércio Exterior;3
141555;Agricultura, Pecuária, Pesca e Extrativismo;2
141555;Cidades e Desenvolvimento Urbano;2
141555;Comunicações;2
141555;Energia, Recursos Hídricos e Minerais;2
141555;Homenagens e Datas Comemorativas;2
141555;Arte, Cultura e Religião;1
141555;Ciência, Tecnologia e Inovação;1
141555;Educação;1
141555;Esporte e Lazer;1
141555;Estrutura Fundiária;1
141555;Meio Ambiente e Desenvolvimento Sustentável;1
141555;Viação, Transporte e Mobilidade;1
143084;Finanças Públicas e Orçamento;4
143084;Administração Pública;3
143084;Direito Penal e Processual Penal;2
143084;Direito e Defesa do Consumidor;2
143084;Economia;2
143084;Indústria, Comércio e Serviços;2
143084;Meio Ambiente e Desenvolvimento Sustentável;2
143084;Educação;1
143084;Processo Legislativo e Atuação Parlamentar;1
143084;Saúde;1
143084;Viação, Transporte e Mobilidade;1
143632;Finanças Públicas e Orçamento;27
143632;Direitos Humanos e Minorias;26
143632;Saúde;18
143632;Administração Pública;16
143632;Processo Legislativo e Atuação Parlamentar;14
143632;Defesa e Segurança;13
143632;Economia;13
143632;Trabalho e Emprego;12
143632;Agricultura, Pecuária, Pesca e Extrativismo;11
143632;Direito Penal e Processual Penal;10
143632;Indústria, Comércio e Serviços;10
143632;Meio Ambiente e Desenvolvimento Sustentável;10
143632;Energia, Recursos Hídricos e Minerais;8
143632;Direito Constitucional;6
143632;Direito e Justiça;6
143632;Educação;6
143632;Previdência e Assistência Social;6
143632;Comunicações;5
143632;Direito e Defesa do Consumidor;5
143632;Ciência, Tecnologia e Inovação;4
143632;Direito Civil e Processual Civil;4
143632;Política, Partidos e Eleições;4
143632;Viação, Transporte e Mobilidade;4
143632;Cidades e Desenvolvimento Urbano;3
143632;Esporte e Lazer;3
143632;Estrutura Fundiária;3
143632;Turismo;3
143632;Arte, Cultura e Religião;2
143632;Homenagens e Datas Comemorativas;2
143632;Relações Internacionais e Comércio Exterior;1
143942;Finanças Públicas e Orçamento;10
143942;Defesa e Segurança;9
143942;Economia;8
143942;Administração Pública;7
143942;Ciência, Tecnologia e Inovação;5
143942;Comunicações;5
143942;Direitos Humanos e Minorias;5
143942;Esporte e Lazer;5
143942;Direito Penal e Processual Penal;4
143942;Saúde;4
143942;Trabalho e Emprego;4
143942;Indústria, Comércio e Serviços;3
143942;Meio Ambiente e Desenvolvimento Sustentável;3
143942;Arte, Cultura e Religião;2
143942;Energia, Recursos Hídricos e Minerais;2
143942;Processo Legislativo e Atuação Parlamentar;2
143942;Direito Constitucional;1
143942;Direito e Justiça;1
143942;Educação;1
143942;Viação, Transporte e Mobilidade;1
150418;Administração Pública;14
150418;Finanças Públicas e Orçamento;13
150418;Indústria, Comércio e Serviços;12
150418;Direito e Defesa do Consumidor;10
150418;Direitos Humanos e Minorias;10
150418;Processo Legislativo e Atuação Parlamentar;10
150418;Economia;9
150418;Direito Penal e Processual Penal;7
150418;Direito Constitucional;6
150418;Trabalho e Emprego;6
150418;Homenagens e Datas Comemorativas;5
150418;Arte, Cultura e Religião;4
150418;Defesa e Segurança;4
150418;Política, Partidos e Eleições;4
150418;Saúde;4
150418;Direito e Justiça;3
150418;Agricultura, Pecuária, Pesca e Extrativismo;2
150418;Cidades e Desenvolvimento Urbano;2
150418;Ciência, Tecnologia e Inovação;2
150418;Comunicações;2
150418;Direito Civil e Processual Civil;2
150418;Educação;2
150418;Esporte e Lazer;2
150418;Estrutura Fundiária;2
150418;Meio Ambiente e Desenvolvimento Sustentável;2
150418;Relações Internacionais e Comércio Exterior;2
150418;Viação, Transporte e Mobilidade;2
150418;Energia, Recursos Hídricos e Minerais;1
150418;Previdência e Assistência Social;1
152605;Direitos Humanos e Minorias;22
152605;Administração Pública;18
152605;Finanças Públicas e Orçamento;17
152605;Defesa e Segurança;12
152605;Trabalho e Emprego;11
152605;Saúde;10
152605;Educação;9
152605;Meio Ambiente e Desenvolvimento Sustentável;7
152605;Previdência e Assistência Social;7
152605;Relações Internacionais e Comércio Exterior;6
152605;Direito e Justiça;5
152605;Direito e Defesa do Consumidor;4
152605;Economia;4
152605;Indústria, Comércio e Serviços;4
152605;Processo Legislativo e Atuação Parlamentar;4
152605;Viação, Transporte e Mobilidade;4
152605;Comunicações;3
152605;Direito Penal e Processual Penal;3
152605;Energia, Recursos Hídricos e Minerais;3
152605;Agricultura, Pecuária, Pesca e Extrativismo;2
152605;Arte, Cultura e Religião;2
152605;Ciência, Tecnologia e Inovação;2
152605;Homenagens e Datas Comemorativas;2
152605;Cidades e Desenvolvimento Urbano;1
152605;Direito Constitucional;1
152605;Esporte e Lazer;1
153423;Direitos Humanos e Minorias;23
153423;Saúde;15
153423;Administração Pública;14
153423;Finanças Públicas e Orçamento;13
153423;Defesa e Segurança;8
153423;Direito Penal e Processual Penal;7
153423;Meio Ambiente e Desenvolvimento Sustentável;7
153423;Trabalho e Emprego;7
153423;Indústria, Comércio e Serviços;6
153423;Previdência e Assistência Social;6
153423;Direito e Justiça;5
153423;Educação;5
153423;Cidades e Desenvolvimento Urbano;4
153423;Processo Legislativo e Atuação Parlamentar;4
153423;Direito Constitucional;3
153423;Direito e Defesa do Consumidor;3
153423;Economia;3
153423;Política, Partidos e Eleições;3
153423;Turismo;3
153423;Comunicações;2
153423;Direito Civil e Processual Civil;2
153423;Arte, Cultura e Religião;1
153423;Energia, Recursos Hídricos e Minerais;1
153423;Homenagens e Datas Comemorativas;1
153423;Viação, Transporte e Mobilidade;1
154178;Direitos Humanos e Minorias;8
154178;Arte, Cultura e Religião;4
154178;Defesa e Segurança;4
154178;Educação;4
154178;Finanças Públicas e Orçamento;4
154178;Processo Legislativo e Atuação Parlamentar;3
154178;Saúde;3
154178;Cidades e Desenvolvimento Urbano;2
154178;Direito Civil e Processual Civil;2
154178;Política, Partidos e Eleições;2
154178;Viação, Transporte e Mobilidade;2
154178;Administração Pública;1
154178;Direito Constitucional;1
154178;Direito Penal e Processual Penal;1
154178;Economia;1
154178;Estrutura Fundiária;1
154178;Homenagens e Datas Comemorativas;1
154178;Indústria, Comércio e Serviços;1
156190;Administração Pública;254
156190;Finanças Públicas e Orçamento;134
156190;Defesa e Segurança;97
156190;Relações Internacionais e Comércio Exterior;75
156190;Direitos Humanos e Minorias;68
156190;Economia;55
156190;Energia, Recursos Hídricos e Minerais;36
156190;Indústria, Comércio e Serviços;33
156190;Previdência e Assistência Social;33
156190;Saúde;31
156190;Meio Ambiente e Desenvolvimento Sustentável;27
156190;Comunicações;26
156190;Educação;25
156190;Processo Legislativo e Atuação Parlamentar;23
156190;Agricultura, Pecuária, Pesca e Extrativismo;22
156190;Viação, Transporte e Mobilidade;22
156190;Trabalho e Emprego;20
156190;Cidades e Desenvolvimento Urbano;14
156190;Direito Penal e Processual Penal;14
156190;Direito e Justiça;14
156190;Política, Partidos e Eleições;14
156190;Ciência, Tecnologia e Inovação;13
156190;Direito Constitucional;13
156190;Estrutura Fundiária;12
156190;Direito e Defesa do Consumidor;11
156190;Arte, Cultura e Religião;10
156190;Direito Civil e Processual Civil;9
156190;Turismo;6
156190;Esporte e Lazer;3
157130;Direitos Humanos e Minorias;38
157130;Administração Pública;22
157130;Trabalho e Emprego;22
157130;Previdência e Assistência Social;14
157130;Finanças Públicas e Orçamento;13
157130;Defesa e Segurança;12
157130;Meio Ambiente e Desenvolvimento Sustentável;12
157130;Educação;11
157130;Indústria, Comércio e Serviços;11
157130;Saúde;11
157130;Cidades e Desenvolvimento Urbano;10
157130;Direito Penal e Processual Penal;10
157130;Energia, Recursos Hídricos e Minerais;9
157130;Comunicações;7
157130;Direito e Defesa do Consumidor;7
157130;Processo Legislativo e Atuação Parlamentar;7
157130;Arte, Cultura e Religião;6
157130;Economia;6
157130;Relações Internacionais e Comércio Exterior;6
157130;Direito e Justiça;5
157130;Direito Constitucional;4
157130;Viação, Transporte e Mobilidade;4
157130;Agricultura, Pecuária, Pesca e Extrativismo;3
157130;Esporte e Lazer;3
157130;Estrutura Fundiária;2
157130;Homenagens e Datas Comemorativas;2
157130;Turismo;2
157130;Ciência, Tecnologia e Inovação;1
157130;Política, Partidos e Eleições;1
160161;Meio Ambiente e Desenvolvimento Sustentável;47
160161;Finanças Públicas e Orçamento;25
160161;Direito Penal e Processual Penal;22
160161;Direitos Humanos e Minorias;17
160161;Administração Pública;13
160161;Saúde;13
160161;Defesa e Segurança;12
160161;Direito Civil e Processual Civil;12
160161;Processo Legislativo e Atuação Parlamentar;12
160161;Trabalho e Emprego;12
160161;Indústria, Comércio e Serviços;8
160161;Arte, Cultura e Religião;7
160161;Direito e Defesa do Consumidor;7
160161;Economia;6
160161;Viação, Transporte e Mobilidade;6
160161;Educação;5
160161;Agricultura, Pecuária, Pesca e Extrativismo;4
160161;Esporte e Lazer;4
160161;Política, Partidos e Eleições;4
160161;Previdência e Assistência Social;4
160161;Cidades e Desenvolvimento Urbano;3
160161;Ciência, Tecnologia e Inovação;3
160161;Direito Constitucional;3
160161;Homenagens e Datas Comemorativas;3
160161;Relações Internacionais e Comércio Exterior;3
160161;Direito e Justiça;2
160161;Energia, Recursos Hídricos e Minerais;2
160161;Turismo;2
160161;Comunicações;1
160508;Administração Pública;4
160508;Defesa e Segurança;4
160508;Ciência, Tecnologia e Inovação;2
160508;Energia, Recursos Hídricos e Minerais;2
160508;Indústria, Comércio e Serviços;2
160508;Agricultura, Pecuária, Pesca e Extrativismo;1
160508;Comunicações;1
160508;Direito e Defesa do Consumidor;1
160508;Direitos Humanos e Minorias;1
160508;Economia;1
160508;Esporte e Lazer;1
160508;Finanças Públicas e Orçamento;1
160508;Saúde;1
160508;Trabalho e Emprego;1
160508;Viação, Transporte e Mobilidade;1
160510;Direitos Humanos e Minorias;5
160510;Finanças Públicas e Orçamento;5
160510;Direito Constitucional;4
160510;Direito e Justiça;3
160510;Política, Partidos e Eleições;3
160510;Processo Legislativo e Atuação Parlamentar;3
160510;Saúde;3
160510;Administração Pública;2
160510;Arte, Cultura e Religião;2
160510;Comunicações;2
160510;Indústria, Comércio e Serviços;2
160510;Cidades e Desenvolvimento Urbano;1
160510;Economia;1
160510;Educação;1
160510;Esporte e Lazer;1
160510;Trabalho e Emprego;1
160510;Viação, Transporte e Mobilidade;1
160512;Administração Pública;133
160512;Direitos Humanos e Minorias;83
160512;Finanças Públicas e Orçamento;79
160512;Saúde;76
160512;Cidades e Desenvolvimento Urbano;42
160512;Trabalho e Emprego;36
160512;Indústria, Comércio e Serviços;35
160512;Educação;34
160512;Defesa e Segurança;28
160512;Previdência e Assistência Social;27
160512;Economia;26
160512;Direito Penal e Processual Penal;24
160512;Direito e Defesa do Consumidor;20
160512;Viação, Transporte e Mobilidade;20
160512;Arte, Cultura e Religião;19
160512;Comunicações;18
160512;Esporte e Lazer;15
160512;Direito Civil e Processual Civil;14
160512;Agricultura, Pecuária, Pesca e Extrativismo;13
160512;Processo Legislativo e Atuação Parlamentar;12
160512;Energia, Recursos Hídricos e Minerais;11
160512;Meio Ambiente e Desenvolvimento Sustentável;9
160512;Ciência, Tecnologia e Inovação;8
160512;Homenagens e Datas Comemorativas;6
160512;Política, Partidos e Eleições;6
160512;Direito Constitucional;5
160512;Relações Internacionais e Comércio Exterior;5
160512;Direito e Justiça;3
160512;Estrutura Fundiária;2
160512;Turismo;1
160517;Finanças Públicas e Orçamento;19
160517;Administração Pública;18
160517;Saúde;11
160517;Processo Legislativo e Atuação Parlamentar;6
160517;Direitos Humanos e Minorias;5
160517;Homenagens e Datas Comemorativas;5
160517;Viação, Transporte e Mobilidade;5
160517;Trabalho e Emprego;4
160517;Direito Constitucional;3
160517;Economia;3
160517;Energia, Recursos Hídricos e Minerais;3
160517;Previdência e Assistência Social;3
160517;Arte, Cultura e Religião;2
160517;Comunicações;2
160517;Direito e Justiça;2
160517;Educação;2
160517;Meio Ambiente e Desenvolvimento Sustentável;2
160517;Defesa e Segurança;1
160517;Direito Penal e Processual Penal;1
160517;Esporte e Lazer;1
160517;Indústria, Comércio e Serviços;1
160517;Política, Partidos e Eleições;1
160517;Relações Internacionais e Comércio Exterior;1
160518;Saúde;29
160518;Direitos Humanos e Minorias;14
160518;Administração Pública;12
160518;Processo Legislativo e Atuação Parlamentar;10
160518;Trabalho e Emprego;8
160518;Direito e Defesa do Consumidor;7
160518;Finanças Públicas e Orçamento;7
160518;Defesa e Segurança;6
160518;Previdência e Assistência Social;6
160518;Direito Constitucional;4
160518;Direito e Justiça;4
160518;Economia;4
160518;Educação;4
160518;Energia, Recursos Hídricos e Minerais;4
160518;Indústria, Comércio e Serviços;3
160518;Direito Penal e Processual Penal;2
160518;Viação, Transporte e Mobilidade;2
160518;Arte, Cultura e Religião;1
160518;Homenagens e Datas Comemorativas;1
160518;Meio Ambiente e Desenvolvimento Sustentável;1
160527;Defesa e Segurança;3
160527;Finanças Públicas e Orçamento;3
160527;Processo Legislativo e Atuação Parlamentar;2
160527;Administração Pública;1
160527;Agricultura, Pecuária, Pesca e Extrativismo;1
160527;Direito Constitucional;1
160527;Direito Penal e Processual Penal;1
160527;Direito e Justiça;1
160527;Direitos Humanos e Minorias;1
160527;Previdência e Assistência Social;1
160527;Trabalho e Emprego;1
160535;Administração Pública;21
160535;Direitos Humanos e Minorias;18
160535;Agricultura, Pecuária, Pesca e Extrativismo;15
160535;Finanças Públicas e Orçamento;14
160535;Defesa e Segurança;12
160535;Economia;12
160535;Trabalho e Emprego;10
160535;Estrutura Fundiária;8
160535;Indústria, Comércio e Serviços;7
160535;Previdência e Assistência Social;6
160535;Direito Penal e Processual Penal;5
160535;Comunicações;4
160535;Energia, Recursos Hídricos e Minerais;4
160535;Meio Ambiente e Desenvolvimento Sustentável;4
160535;Processo Legislativo e Atuação Parlamentar;4
160535;Relações Internacionais e Comércio Exterior;4
160535;Saúde;4
160535;Viação, Transporte e Mobilidade;4
160535;Direito e Defesa do Consumidor;3
160535;Homenagens e Datas Comemorativas;3
160535;Cidades e Desenvolvimento Urbano;2
160535;Ciência, Tecnologia e Inovação;2
160535;Direito Constitucional;2
160535;Direito e Justiça;2
160535;Esporte e Lazer;2
160535;Arte, Cultura e Religião;1
160535;Educação;1
160538;Finanças Públicas e Orçamento;12
160538;Administração Pública;11
160538;Agricultura, Pecuária, Pesca e Extrativismo;9
160538;Direitos Humanos e Minorias;9
160538;Economia;9
160538;Indústria, Comércio e Serviços;7
160538;Defesa e Segurança;6
160538;Comunicações;5
160538;Meio Ambiente e Desenvolvimento Sustentável;4
160538;Processo Legislativo e Atuação Parlamentar;4
160538;Trabalho e Emprego;4
160538;Direito Constitucional;3
160538;Direito e Defesa do Consumidor;3
160538;Esporte e Lazer;3
160538;Ciência, Tecnologia e Inovação;2
160538;Direito e Justiça;2
160538;Energia, Recursos Hídricos e Minerais;2
160538;Estrutura Fundiária;2
160538;Política, Partidos e Eleições;2
160538;Previdência e Assistência Social;2
160538;Relações Internacionais e Comércio Exterior;2
160538;Saúde;2
160538;Arte, Cultura e Religião;1
160538;Direito Penal e Processual Penal;1
160538;Educação;1
160538;Homenagens e Datas Comemorativas;1
160538;Viação, Transporte e Mobilidade;1
160541;Direitos Humanos e Minorias;2
160541;Finanças Públicas e Orçamento;2
160541;Saúde;2
160541;Administração Pública;1
160541;Agricultura, Pecuária, Pesca e Extrativismo;1
160541;Direito Constitucional;1
160541;Direito Penal e Processual Penal;1
160541;Energia, Recursos Hídricos e Minerais;1
160545;Finanças Públicas e Orçamento;9
160545;Direitos Humanos e Minorias;6
160545;Processo Legislativo e Atuação Parlamentar;6
160545;Defesa e Segurança;5
160545;Administração Pública;3
160545;Arte, Cultura e Religião;3
160545;Economia;3
160545;Agricultura, Pecuária, Pesca e Extrativismo;2
160545;Direito Civil e Processual Civil;2
160545;Direito Penal e Processual Penal;2
160545;Trabalho e Emprego;2
160545;Direito Constitucional;1
160545;Direito e Defesa do Consumidor;1
160545;Direito e Justiça;1
160545;Energia, Recursos Hídricos e Minerais;1
160545;Previdência e Assistência Social;1
160545;Relações Internacionais e Comércio Exterior;1
160545;Saúde;1
160548;Direito Civil e Processual Civil;162
160548;Trabalho e Emprego;96
160548;Direitos Humanos e Minorias;88
160548;Finanças Públicas e Orçamento;79
160548;Indústria, Comércio e Serviços;71
160548;Saúde;58
160548;Direito Penal e Processual Penal;49
160548;Economia;46
160548;Direito e Defesa do Consumidor;43
160548;Administração Pública;37
160548;Previdência e Assistência Social;32
160548;Viação, Transporte e Mobilidade;27
160548;Direito e Justiça;23
160548;Defesa e Segurança;21
160548;Homenagens e Datas Comemorativas;21
160548;Meio Ambiente e Desenvolvimento Sustentável;18
160548;Educação;15
160548;Comunicações;13
160548;Esporte e Lazer;13
160548;Cidades e Desenvolvimento Urbano;10
160548;Ciência, Tecnologia e Inovação;10
160548;Processo Legislativo e Atuação Parlamentar;10
160548;Direito Constitucional;8
160548;Arte, Cultura e Religião;7
160548;Relações Internacionais e Comércio Exterior;6
160548;Agricultura, Pecuária, Pesca e Extrativismo;4
160548;Energia, Recursos Hídricos e Minerais;3
160548;Turismo;2
160548;Estrutura Fundiária;1
160552;Direitos Humanos e Minorias;7
160552;Previdência e Assistência Social;3
160552;Administração Pública;2
160552;Educação;2
160552;Direito e Justiça;1
160552;Esporte e Lazer;1
160552;Finanças Públicas e Orçamento;1
160552;Homenagens e Datas Comemorativas;1
160552;Indústria, Comércio e Serviços;1
160552;Processo Legislativo e Atuação Parlamentar;1
160552;Saúde;1
160552;Viação, Transporte e Mobilidade;1
160553;Direitos Humanos e Minorias;12
160553;Finanças Públicas e Orçamento;5
160553;Saúde;5
160553;Direito Constitucional;4
160553;Direito e Justiça;3
160553;Processo Legislativo e Atuação Parlamentar;3
160553;Trabalho e Emprego;3
160553;Administração Pública;2
160553;Arte, Cultura e Religião;2
160553;Defesa e Segurança;2
160553;Educação;2
160553;Homenagens e Datas Comemorativas;2
160553;Indústria, Comércio e Serviços;2
160553;Previdência e Assistência Social;2
160553;Comunicações;1
160553;Direito Penal e Processual Penal;1
160553;Economia;1
160553;Meio Ambiente e Desenvolvimento Sustentável;1
160553;Política, Partidos e Eleições;1
160553;Relações Internacionais e Comércio Exterior;1
160553;Viação, Transporte e Mobilidade;1
160556;Finanças Públicas e Orçamento;20
160556;Direitos Humanos e Minorias;16
160556;Administração Pública;15
160556;Agricultura, Pecuária, Pesca e Extrativismo;13
160556;Defesa e Segurança;11
160556;Trabalho e Emprego;10
160556;Indústria, Comércio e Serviços;9
160556;Economia;8
160556;Meio Ambiente e Desenvolvimento Sustentável;8
160556;Arte, Cultura e Religião;5
160556;Energia, Recursos Hídricos e Minerais;5
160556;Estrutura Fundiária;5
160556;Processo Legislativo e Atuação Parlamentar;5
160556;Saúde;5
160556;Comunicações;4
160556;Direito e Defesa do Consumidor;4
160556;Homenagens e Datas Comemorativas;4
160556;Previdência e Assistência Social;4
160556;Relações Internacionais e Comércio Exterior;4
160556;Viação, Transporte e Mobilidade;4
160556;Educação;3
160556;Esporte e Lazer;3
160556;Cidades e Desenvolvimento Urbano;2
160556;Ciência, Tecnologia e Inovação;2
160556;Direito Constitucional;2
160556;Direito Penal e Processual Penal;2
160556;Direito Civil e Processual Civil;1
160556;Direito e Justiça;1
160556;Política, Partidos e Eleições;1
160558;Direitos Humanos e Minorias;8
160558;Direito Constitucional;6
160558;Processo Legislativo e Atuação Parlamentar;6
160558;Administração Pública;5
160558;Direito Penal e Processual Penal;4
160558;Economia;4
160558;Finanças Públicas e Orçamento;4
160558;Cidades e Desenvolvimento Urbano;3
160558;Defesa e Segurança;3
160558;Saúde;3
160558;Trabalho e Emprego;3
160558;Viação, Transporte e Mobilidade;3
160558;Direito e Justiça;2
160558;Indústria, Comércio e Serviços;2
160558;Meio Ambiente e Desenvolvimento Sustentável;2
160558;Política, Partidos e Eleições;2
160558;Previdência e Assistência Social;2
160558;Arte, Cultura e Religião;1
160558;Direito e Defesa do Consumidor;1
160558;Relações Internacionais e Comércio Exterior;1
160559;Finanças Públicas e Orçamento;27
160559;Meio Ambiente e Desenvolvimento Sustentável;22
160559;Administração Pública;16
160559;Economia;15
160559;Processo Legislativo e Atuação Parlamentar;13
160559;Agricultura, Pecuária, Pesca e Extrativismo;12
160559;Direitos Humanos e Minorias;12
160559;Trabalho e Emprego;10
160559;Energia, Recursos Hídricos e Minerais;9
160559;Cidades e Desenvolvimento Urbano;8
160559;Direito Penal e Processual Penal;7
160559;Estrutura Fundiária;7
160559;Saúde;7
160559;Defesa e Segurança;6
160559;Direito Constitucional;6
160559;Direito e Defesa do Consumidor;5
160559;Indústria, Comércio e Serviços;5
160559;Relações Internacionais e Comércio Exterior;5
160559;Direito Civil e Processual Civil;3
160559;Direito e Justiça;3
160559;Educação;3
160559;Homenagens e Datas Comemorativas;3
160559;Previdência e Assistência Social;3
160559;Viação, Transporte e Mobilidade;3
160559;Ciência, Tecnologia e Inovação;2
160559;Política, Partidos e Eleições;2
160559;Turismo;2
160559;Arte, Cultura e Religião;1
160561;Administração Pública;5
160561;Direitos Humanos e Minorias;5
160561;Direito Penal e Processual Penal;4
160561;Saúde;4
160561;Finanças Públicas e Orçamento;3
160561;Processo Legislativo e Atuação Parlamentar;3
160561;Defesa e Segurança;2
160561;Economia;2
160561;Previdência e Assistência Social;2
160561;Trabalho e Emprego;2
160561;Arte, Cultura e Religião;1
160561;Direito e Defesa do Consumidor;1
160561;Homenagens e Datas Comemorativas;1
160561;Meio Ambiente e Desenvolvimento Sustentável;1
160561;Viação, Transporte e Mobilidade;1
160569;Direitos Humanos e Minorias;19
160569;Administração Pública;14
160569;Defesa e Segurança;14
160569;Finanças Públicas e Orçamento;11
160569;Educação;9
160569;Indústria, Comércio e Serviços;9
160569;Trabalho e Emprego;8
160569;Processo Legislativo e Atuação Parlamentar;6
160569;Viação, Transporte e Mobilidade;6
160569;Direito Penal e Processual Penal;5
160569;Direito e Defesa do Consumidor;5
160569;Homenagens e Datas Comemorativas;5
160569;Saúde;5
160569;Ciência, Tecnologia e Inovação;4
160569;Comunicações;4
160569;Economia;4
160569;Previdência e Assistência Social;4
160569;Relações Internacionais e Comércio Exterior;4
160569;Agricultura, Pecuária, Pesca e Extrativismo;3
160569;Energia, Recursos Hídricos e Minerais;3
160569;Esporte e Lazer;3
160569;Estrutura Fundiária;3
160569;Arte, Cultura e Religião;2
160569;Cidades e Desenvolvimento Urbano;2
160569;Direito Constitucional;2
160569;Política, Partidos e Eleições;2
160569;Direito Civil e Processual Civil;1
160569;Direito e Justiça;1
160569;Meio Ambiente e Desenvolvimento Sustentável;1
160575;Administração Pública;66
160575;Direitos Humanos e Minorias;42
160575;Trabalho e Emprego;39
160575;Saúde;24
160575;Finanças Públicas e Orçamento;21
160575;Defesa e Segurança;19
160575;Homenagens e Datas Comemorativas;14
160575;Indústria, Comércio e Serviços;14
160575;Direito Penal e Processual Penal;13
160575;Previdência e Assistência Social;12
160575;Processo Legislativo e Atuação Parlamentar;11
160575;Comunicações;9
160575;Direito e Justiça;9
160575;Economia;9
160575;Arte, Cultura e Religião;7
160575;Educação;7
160575;Ciência, Tecnologia e Inovação;6
160575;Viação, Transporte e Mobilidade;6
160575;Direito e Defesa do Consumidor;5
160575;Relações Internacionais e Comércio Exterior;5
160575;Direito Constitucional;4
160575;Esporte e Lazer;4
160575;Energia, Recursos Hídricos e Minerais;3
160575;Meio Ambiente e Desenvolvimento Sustentável;3
160575;Política, Partidos e Eleições;3
160575;Agricultura, Pecuária, Pesca e Extrativismo;2
160575;Cidades e Desenvolvimento Urbano;1
160575;Ciências Sociais e Humanas;1
160575;Direito Civil e Processual Civil;1
160575;Turismo;1
160588;Finanças Públicas e Orçamento;12
160588;Administração Pública;6
160588;Direito Constitucional;6
160588;Direitos Humanos e Minorias;6
160588;Economia;5
160588;Energia, Recursos Hídricos e Minerais;5
160588;Processo Legislativo e Atuação Parlamentar;5
160588;Defesa e Segurança;4
160588;Viação, Transporte e Mobilidade;4
160588;Direito e Justiça;3
160588;Homenagens e Datas Comemorativas;3
160588;Previdência e Assistência Social;3
160588;Trabalho e Emprego;3
160588;Agricultura, Pecuária, Pesca e Extrativismo;2
160588;Educação;2
160588;Saúde;2
160588;Arte, Cultura e Religião;1
160588;Comunicações;1
160588;Direito Penal e Processual Penal;1
160588;Direito e Defesa do Consumidor;1
160588;Indústria, Comércio e Serviços;1
160588;Meio Ambiente e Desenvolvimento Sustentável;1
160588;Política, Partidos e Eleições;1
160588;Relações Internacionais e Comércio Exterior;1
160588;Turismo;1
160591;Finanças Públicas e Orçamento;6
160591;Direitos Humanos e Minorias;5
160591;Saúde;5
160591;Administração Pública;4
160591;Processo Legislativo e Atuação Parlamentar;4
160591;Economia;3
160591;Trabalho e Emprego;3
160591;Defesa e Segurança;2
160591;Direito Constitucional;2
160591;Direito Penal e Processual Penal;2
160591;Direito e Justiça;2
160591;Meio Ambiente e Desenvolvimento Sustentável;2
160591;Relações Internacionais e Comércio Exterior;2
160591;Arte, Cultura e Religião;1
160591;Direito e Defesa do Consumidor;1
160591;Educação;1
160591;Estrutura Fundiária;1
160591;Indústria, Comércio e Serviços;1
160591;Previdência e Assistência Social;1
160592;Administração Pública;16
160592;Finanças Públicas e Orçamento;13
160592;Agricultura, Pecuária, Pesca e Extrativismo;9
160592;Trabalho e Emprego;9
160592;Economia;8
160592;Defesa e Segurança;7
160592;Indústria, Comércio e Serviços;6
160592;Direitos Humanos e Minorias;5
160592;Homenagens e Datas Comemorativas;5
160592;Processo Legislativo e Atuação Parlamentar;5
160592;Viação, Transporte e Mobilidade;5
160592;Direito Constitucional;3
160592;Energia, Recursos Hídricos e Minerais;3
160592;Relações Internacionais e Comércio Exterior;3
160592;Cidades e Desenvolvimento Urbano;2
160592;Ciência, Tecnologia e Inovação;2
160592;Comunicações;2
160592;Direito e Defesa do Consumidor;2
160592;Direito e Justiça;2
160592;Educação;2
160592;Esporte e Lazer;2
160592;Meio Ambiente e Desenvolvimento Sustentável;2
160592;Política, Partidos e Eleições;2
160592;Previdência e Assistência Social;2
160592;Arte, Cultura e Religião;1
160592;Direito Penal e Processual Penal;1
160592;Estrutura Fundiária;1
160592;Saúde;1
160592;Turismo;1
160598;Saúde;65
160598;Administração Pública;40
160598;Direitos Humanos e Minorias;37
160598;Finanças Públicas e Orçamento;29
160598;Homenagens e Datas Comemorativas;22
160598;Trabalho e Emprego;18
160598;Defesa e Segurança;16
160598;Educação;15
160598;Meio Ambiente e Desenvolvimento Sustentável;15
160598;Viação, Transporte e Mobilidade;12
160598;Arte, Cultura e Religião;11
160598;Previdência e Assistência Social;10
160598;Processo Legislativo e Atuação Parlamentar;10
160598;Direito e Justiça;9
160598;Economia;9
160598;Cidades e Desenvolvimento Urbano;8
160598;Indústria, Comércio e Serviços;8
160598;Comunicações;6
160598;Direito Penal e Processual Penal;6
160598;Direito Constitucional;5
160598;Direito e Defesa do Consumidor;4
160598;Esporte e Lazer;4
160598;Direito Civil e Processual Civil;3
160598;Energia, Recursos Hídricos e Minerais;3
160598;Política, Partidos e Eleições;3
160598;Relações Internacionais e Comércio Exterior;2
160598;Agricultura, Pecuária, Pesca e Extrativismo;1
160598;Estrutura Fundiária;1
160598;Turismo;1
160599;Direitos Humanos e Minorias;10
160599;Trabalho e Emprego;7
160599;Finanças Públicas e Orçamento;6
160599;Processo Legislativo e Atuação Parlamentar;5
160599;Direito Constitucional;4
160599;Administração Pública;3
160599;Direito Civil e Processual Civil;3
160599;Direito Penal e Processual Penal;3
160599;Indústria, Comércio e Serviços;3
160599;Saúde;3
160599;Viação, Transporte e Mobilidade;3
160599;Cidades e Desenvolvimento Urbano;2
160599;Defesa e Segurança;2
160599;Educação;2
160599;Homenagens e Datas Comemorativas;2
160599;Previdência e Assistência Social;2
160599;Agricultura, Pecuária, Pesca e Extrativismo;1
160599;Arte, Cultura e Religião;1
160599;Ciência, Tecnologia e Inovação;1
160599;Comunicações;1
160599;Direito e Justiça;1
160599;Esporte e Lazer;1
160600;Processo Legislativo e Atuação Parlamentar;12
160600;Finanças Públicas e Orçamento;8
160600;Administração Pública;7
160600;Direitos Humanos e Minorias;6
160600;Direito Constitucional;5
160600;Economia;5
160600;Comunicações;4
160600;Defesa e Segurança;4
160600;Direito e Defesa do Consumidor;3
160600;Direito e Justiça;3
160600;Indústria, Comércio e Serviços;3
160600;Estrutura Fundiária;2
160600;Política, Partidos e Eleições;2
160600;Trabalho e Emprego;2
160600;Agricultura, Pecuária, Pesca e Extrativismo;1
160600;Arte, Cultura e Religião;1
160600;Direito Penal e Processual Penal;1
160600;Energia, Recursos Hídricos e Minerais;1
160600;Esporte e Lazer;1
160600;Meio Ambiente e Desenvolvimento Sustentável;1
160600;Relações Internacionais e Comércio Exterior;1
160600;Saúde;1
160601;Direitos Humanos e Minorias;32
160601;Administração Pública;30
160601;Defesa e Segurança;26
160601;Direito Penal e Processual Penal;24
160601;Processo Legislativo e Atuação Parlamentar;22
160601;Finanças Públicas e Orçamento;19
160601;Economia;18
160601;Saúde;18
160601;Relações Internacionais e Comércio Exterior;12
160601;Direito Constitucional;11
160601;Trabalho e Emprego;11
160601;Educação;10
160601;Previdência e Assistência Social;9
160601;Indústria, Comércio e Serviços;7
160601;Comunicações;5
160601;Direito e Defesa do Consumidor;5
160601;Direito e Justiça;5
160601;Política, Partidos e Eleições;5
160601;Arte, Cultura e Religião;3
160601;Viação, Transporte e Mobilidade;3
160601;Ciência, Tecnologia e Inovação;2
160601;Direito Civil e Processual Civil;2
160601;Energia, Recursos Hídricos e Minerais;2
160601;Estrutura Fundiária;2
160601;Meio Ambiente e Desenvolvimento Sustentável;2
160601;Agricultura, Pecuária, Pesca e Extrativismo;1
160601;Cidades e Desenvolvimento Urbano;1
160601;Esporte e Lazer;1
160601;Homenagens e Datas Comemorativas;1
160604;Direitos Humanos e Minorias;32
160604;Finanças Públicas e Orçamento;30
160604;Administração Pública;27
160604;Educação;25
160604;Trabalho e Emprego;14
160604;Economia;11
160604;Energia, Recursos Hídricos e Minerais;11
160604;Comunicações;10
160604;Defesa e Segurança;10
160604;Agricultura, Pecuária, Pesca e Extrativismo;9
160604;Indústria, Comércio e Serviços;9
160604;Previdência e Assistência Social;9
160604;Direito e Defesa do Consumidor;7
160604;Ciência, Tecnologia e Inovação;6
160604;Saúde;6
160604;Viação, Transporte e Mobilidade;6
160604;Homenagens e Datas Comemorativas;5
160604;Processo Legislativo e Atuação Parlamentar;5
160604;Meio Ambiente e Desenvolvimento Sustentável;4
160604;Relações Internacionais e Comércio Exterior;4
160604;Arte, Cultura e Religião;3
160604;Cidades e Desenvolvimento Urbano;3
160604;Direito Civil e Processual Civil;3
160604;Direito Constitucional;3
160604;Direito e Justiça;3
160604;Esporte e Lazer;3
160604;Direito Penal e Processual Penal;1
160604;Estrutura Fundiária;1
160604;Política, Partidos e Eleições;1
160604;Turismo;1
160610;Direitos Humanos e Minorias;24
160610;Administração Pública;17
160610;Agricultura, Pecuária, Pesca e Extrativismo;13
160610;Finanças Públicas e Orçamento;13
160610;Economia;11
160610;Defesa e Segurança;10
160610;Estrutura Fundiária;10
160610;Direito Penal e Processual Penal;8
160610;Indústria, Comércio e Serviços;8
160610;Trabalho e Emprego;8
160610;Comunicações;6
160610;Previdência e Assistência Social;5
160610;Viação, Transporte e Mobilidade;5
160610;Esporte e Lazer;4
160610;Homenagens e Datas Comemorativas;4
160610;Processo Legislativo e Atuação Parlamentar;4
160610;Saúde;4
160610;Arte, Cultura e Religião;3
160610;Cidades e Desenvolvimento Urbano;3
160610;Direito Constitucional;3
160610;Direito e Defesa do Consumidor;3
160610;Educação;3
160610;Ciência, Tecnologia e Inovação;2
160610;Energia, Recursos Hídricos e Minerais;2
160610;Meio Ambiente e Desenvolvimento Sustentável;2
160610;Relações Internacionais e Comércio Exterior;2
160610;Direito Civil e Processual Civil;1
160610;Direito e Justiça;1
160610;Política, Partidos e Eleições;1
160621;Defesa e Segurança;2
160621;Direito Penal e Processual Penal;2
160621;Direitos Humanos e Minorias;2
160621;Direito e Justiça;1
160621;Educação;1
160621;Estrutura Fundiária;1
160621;Finanças Públicas e Orçamento;1
160621;Indústria, Comércio e Serviços;1
160621;Previdência e Assistência Social;1
160621;Processo Legislativo e Atuação Parlamentar;1
160621;Trabalho e Emprego;1
160629;Direitos Humanos e Minorias;62
160629;Saúde;35
160629;Direito e Defesa do Consumidor;30
160629;Administração Pública;23
160629;Indústria, Comércio e Serviços;19
160629;Trabalho e Emprego;19
160629;Comunicações;18
160629;Defesa e Segurança;18
160629;Educação;15
160629;Finanças Públicas e Orçamento;13
160629;Direito Penal e Processual Penal;11
160629;Previdência e Assistência Social;10
160629;Viação, Transporte e Mobilidade;8
160629;Agricultura, Pecuária, Pesca e Extrativismo;6
160629;Direito e Justiça;6
160629;Ciência, Tecnologia e Inovação;5
160629;Direito Constitucional;5
160629;Economia;5
160629;Meio Ambiente e Desenvolvimento Sustentável;5
160629;Arte, Cultura e Religião;4
160629;Cidades e Desenvolvimento Urbano;4
160629;Direito Civil e Processual Civil;4
160629;Esporte e Lazer;3
160629;Homenagens e Datas Comemorativas;3
160629;Turismo;2
160629;Energia, Recursos Hídricos e Minerais;1
160629;Estrutura Fundiária;1
160629;Processo Legislativo e Atuação Parlamentar;1
160629;Relações Internacionais e Comércio Exterior;1
160632;Administração Pública;16
160632;Finanças Públicas e Orçamento;13
160632;Agricultura, Pecuária, Pesca e Extrativismo;12
160632;Direitos Humanos e Minorias;9
160632;Energia, Recursos Hídricos e Minerais;9
160632;Processo Legislativo e Atuação Parlamentar;8
160632;Defesa e Segurança;7
160632;Educação;7
160632;Saúde;7
160632;Indústria, Comércio e Serviços;5
160632;Meio Ambiente e Desenvolvimento Sustentável;5
160632;Arte, Cultura e Religião;4
160632;Direito e Defesa do Consumidor;4
160632;Homenagens e Datas Comemorativas;4
160632;Previdência e Assistência Social;4
160632;Trabalho e Emprego;4
160632;Economia;3
160632;Viação, Transporte e Mobilidade;3
160632;Direito Civil e Processual Civil;2
160632;Direito Constitucional;2
160632;Direito Penal e Processual Penal;2
160632;Direito e Justiça;2
160632;Esporte e Lazer;2
160632;Cidades e Desenvolvimento Urbano;1
160632;Ciência, Tecnologia e Inovação;1
160632;Comunicações;1
160632;Estrutura Fundiária;1
160632;Política, Partidos e Eleições;1
160635;Administração Pública;14
160635;Saúde;14
160635;Trabalho e Emprego;12
160635;Direitos Humanos e Minorias;10
160635;Finanças Públicas e Orçamento;9
160635;Homenagens e Datas Comemorativas;6
160635;Previdência e Assistência Social;6
160635;Processo Legislativo e Atuação Parlamentar;6
160635;Arte, Cultura e Religião;5
160635;Defesa e Segurança;5
160635;Direito Penal e Processual Penal;5
160635;Direito e Justiça;5
160635;Comunicações;4
160635;Educação;4
160635;Indústria, Comércio e Serviços;4
160635;Agricultura, Pecuária, Pesca e Extrativismo;2
160635;Ciência, Tecnologia e Inovação;2
160635;Direito Constitucional;2
160635;Direito e Defesa do Consumidor;2
160635;Esporte e Lazer;2
160635;Meio Ambiente e Desenvolvimento Sustentável;2
160635;Viação, Transporte e Mobilidade;2
160635;Economia;1
160635;Energia, Recursos Hídricos e Minerais;1
160635;Política, Partidos e Eleições;1
160640;Direitos Humanos e Minorias;22
160640;Administração Pública;17
160640;Finanças Públicas e Orçamento;14
160640;Processo Legislativo e Atuação Parlamentar;14
160640;Defesa e Segurança;12
160640;Direito Penal e Processual Penal;12
160640;Saúde;9
160640;Direito Constitucional;8
160640;Trabalho e Emprego;8
160640;Economia;6
160640;Meio Ambiente e Desenvolvimento Sustentável;6
160640;Previdência e Assistência Social;6
160640;Arte, Cultura e Religião;4
160640;Direito e Defesa do Consumidor;4
160640;Direito e Justiça;4
160640;Educação;4
160640;Viação, Transporte e Mobilidade;3
160640;Agricultura, Pecuária, Pesca e Extrativismo;2
160640;Cidades e Desenvolvimento Urbano;2
160640;Comunicações;2
160640;Energia, Recursos Hídricos e Minerais;2
160640;Estrutura Fundiária;2
160640;Indústria, Comércio e Serviços;2
160640;Relações Internacionais e Comércio Exterior;2
160640;Ciência, Tecnologia e Inovação;1
160640;Direito Civil e Processual Civil;1
160640;Esporte e Lazer;1
160640;Política, Partidos e Eleições;1
160640;Turismo;1
160641;Direitos Humanos e Minorias;7
160641;Defesa e Segurança;5
160641;Direito Penal e Processual Penal;4
160641;Finanças Públicas e Orçamento;4
160641;Saúde;4
160641;Trabalho e Emprego;4
160641;Administração Pública;3
160641;Educação;3
160641;Economia;1
160641;Homenagens e Datas Comemorativas;1
160641;Indústria, Comércio e Serviços;1
160641;Meio Ambiente e Desenvolvimento Sustentável;1
160641;Previdência e Assistência Social;1
160641;Processo Legislativo e Atuação Parlamentar;1
160642;Direitos Humanos e Minorias;27
160642;Administração Pública;21
160642;Defesa e Segurança;21
160642;Processo Legislativo e Atuação Parlamentar;21
160642;Saúde;17
160642;Finanças Públicas e Orçamento;16
160642;Direito Penal e Processual Penal;9
160642;Direito Constitucional;7
160642;Política, Partidos e Eleições;7
160642;Relações Internacionais e Comércio Exterior;7
160642;Economia;6
160642;Previdência e Assistência Social;5
160642;Arte, Cultura e Religião;4
160642;Direito e Justiça;4
160642;Estrutura Fundiária;4
160642;Meio Ambiente e Desenvolvimento Sustentável;4
160642;Trabalho e Emprego;4
160642;Direito e Defesa do Consumidor;3
160642;Educação;3
160642;Energia, Recursos Hídricos e Minerais;3
160642;Viação, Transporte e Mobilidade;3
160642;Agricultura, Pecuária, Pesca e Extrativismo;2
160642;Comunicações;2
160642;Homenagens e Datas Comemorativas;2
160642;Indústria, Comércio e Serviços;2
160642;Cidades e Desenvolvimento Urbano;1
160665;Finanças Públicas e Orçamento;19
160665;Administração Pública;18
160665;Direitos Humanos e Minorias;12
160665;Saúde;12
160665;Processo Legislativo e Atuação Parlamentar;10
160665;Trabalho e Emprego;9
160665;Defesa e Segurança;8
160665;Economia;7
160665;Direito e Justiça;6
160665;Arte, Cultura e Religião;5
160665;Direito Constitucional;5
160665;Comunicações;4
160665;Indústria, Comércio e Serviços;4
160665;Meio Ambiente e Desenvolvimento Sustentável;4
160665;Direito Penal e Processual Penal;3
160665;Direito e Defesa do Consumidor;3
160665;Relações Internacionais e Comércio Exterior;3
160665;Cidades e Desenvolvimento Urbano;2
160665;Energia, Recursos Hídricos e Minerais;2
160665;Previdência e Assistência Social;2
160665;Viação, Transporte e Mobilidade;2
160665;Direito Civil e Processual Civil;1
160665;Educação;1
160665;Esporte e Lazer;1
160665;Homenagens e Datas Comemorativas;1
160665;Política, Partidos e Eleições;1
160666;Finanças Públicas e Orçamento;25
160666;Administração Pública;18
160666;Agricultura, Pecuária, Pesca e Extrativismo;16
160666;Economia;14
160666;Direitos Humanos e Minorias;13
160666;Indústria, Comércio e Serviços;13
160666;Trabalho e Emprego;12
160666;Processo Legislativo e Atuação Parlamentar;11
160666;Saúde;9
160666;Defesa e Segurança;8
160666;Meio Ambiente e Desenvolvimento Sustentável;8
160666;Relações Internacionais e Comércio Exterior;8
160666;Direito e Defesa do Consumidor;7
160666;Ciência, Tecnologia e Inovação;5
160666;Direito Civil e Processual Civil;5
160666;Direito Constitucional;5
160666;Educação;4
160666;Política, Partidos e Eleições;4
160666;Previdência e Assistência Social;4
160666;Viação, Transporte e Mobilidade;4
160666;Comunicações;3
160666;Direito Penal e Processual Penal;3
160666;Direito e Justiça;3
160666;Energia, Recursos Hídricos e Minerais;3
160666;Arte, Cultura e Religião;2
160666;Cidades e Desenvolvimento Urbano;2
160666;Homenagens e Datas Comemorativas;2
160666;Estrutura Fundiária;1
160673;Finanças Públicas e Orçamento;26
160673;Direitos Humanos e Minorias;25
160673;Administração Pública;20
160673;Processo Legislativo e Atuação Parlamentar;16
160673;Saúde;15
160673;Trabalho e Emprego;14
160673;Economia;13
160673;Defesa e Segurança;11
160673;Cidades e Desenvolvimento Urbano;10
160673;Homenagens e Datas Comemorativas;10
160673;Direito Constitucional;9
160673;Meio Ambiente e Desenvolvimento Sustentável;9
160673;Direito Penal e Processual Penal;8
160673;Indústria, Comércio e Serviços;8
160673;Política, Partidos e Eleições;8
160673;Relações Internacionais e Comércio Exterior;6
160673;Agricultura, Pecuária, Pesca e Extrativismo;5
160673;Arte, Cultura e Religião;5
160673;Direito e Defesa do Consumidor;5
160673;Educação;5
160673;Previdência e Assistência Social;5
160673;Viação, Transporte e Mobilidade;5
160673;Estrutura Fundiária;4
160673;Comunicações;3
160673;Direito e Justiça;3
160673;Turismo;3
160673;Energia, Recursos Hídricos e Minerais;2
160673;Direito Civil e Processual Civil;1
160674;Finanças Públicas e Orçamento;9
160674;Administração Pública;8
160674;Processo Legislativo e Atuação Parlamentar;5
160674;Cidades e Desenvolvimento Urbano;2
160674;Direito Constitucional;2
160674;Direito e Justiça;2
160674;Economia;2
160674;Indústria, Comércio e Serviços;2
160674;Política, Partidos e Eleições;2
160674;Previdência e Assistência Social;2
160674;Saúde;2
160674;Arte, Cultura e Religião;1
160674;Ciência, Tecnologia e Inovação;1
160674;Comunicações;1
160674;Defesa e Segurança;1
160674;Direitos Humanos e Minorias;1
160674;Energia, Recursos Hídricos e Minerais;1
160674;Esporte e Lazer;1
160674;Homenagens e Datas Comemorativas;1
160674;Meio Ambiente e Desenvolvimento Sustentável;1
160674;Relações Internacionais e Comércio Exterior;1
160674;Viação, Transporte e Mobilidade;1
160758;Administração Pública;22
160758;Processo Legislativo e Atuação Parlamentar;21
160758;Defesa e Segurança;17
160758;Direitos Humanos e Minorias;16
160758;Finanças Públicas e Orçamento;15
160758;Trabalho e Emprego;12
160758;Previdência e Assistência Social;9
160758;Direito Constitucional;8
160758;Direito Penal e Processual Penal;8
160758;Economia;8
160758;Indústria, Comércio e Serviços;5
160758;Relações Internacionais e Comércio Exterior;5
160758;Saúde;5
160758;Comunicações;4
160758;Direito e Justiça;4
160758;Agricultura, Pecuária, Pesca e Extrativismo;3
160758;Arte, Cultura e Religião;3
160758;Estrutura Fundiária;3
160758;Homenagens e Datas Comemorativas;3
160758;Meio Ambiente e Desenvolvimento Sustentável;3
160758;Política, Partidos e Eleições;3
160758;Ciência, Tecnologia e Inovação;2
160758;Energia, Recursos Hídricos e Minerais;2
160758;Viação, Transporte e Mobilidade;2
160758;Cidades e Desenvolvimento Urbano;1
160758;Direito Civil e Processual Civil;1
160758;Direito e Defesa do Consumidor;1
160976;Finanças Públicas e Orçamento;6
160976;Direitos Humanos e Minorias;5
160976;Processo Legislativo e Atuação Parlamentar;5
160976;Defesa e Segurança;4
160976;Administração Pública;3
160976;Arte, Cultura e Religião;3
160976;Direito Constitucional;3
160976;Economia;3
160976;Viação, Transporte e Mobilidade;3
160976;Cidades e Desenvolvimento Urbano;1
160976;Direito e Defesa do Consumidor;1
160976;Energia, Recursos Hídricos e Minerais;1
160976;Indústria, Comércio e Serviços;1
160976;Meio Ambiente e Desenvolvimento Sustentável;1
160976;Previdência e Assistência Social;1
160976;Relações Internacionais e Comércio Exterior;1
160976;Saúde;1
161440;Administração Pública;39
161440;Direitos Humanos e Minorias;32
161440;Finanças Públicas e Orçamento;31
161440;Agricultura, Pecuária, Pesca e Extrativismo;29
161440;Meio Ambiente e Desenvolvimento Sustentável;26
161440;Indústria, Comércio e Serviços;25
161440;Processo Legislativo e Atuação Parlamentar;22
161440;Defesa e Segurança;21
161440;Economia;21
161440;Saúde;21
161440;Direito Penal e Processual Penal;17
161440;Relações Internacionais e Comércio Exterior;15
161440;Trabalho e Emprego;13
161440;Estrutura Fundiária;11
161440;Previdência e Assistência Social;10
161440;Direito e Justiça;9
161440;Viação, Transporte e Mobilidade;9
161440;Direito e Defesa do Consumidor;8
161440;Política, Partidos e Eleições;7
161440;Direito Constitucional;6
161440;Educação;6
161440;Energia, Recursos Hídricos e Minerais;6
161440;Direito Civil e Processual Civil;5
161440;Homenagens e Datas Comemorativas;5
161440;Arte, Cultura e Religião;4
161440;Cidades e Desenvolvimento Urbano;3
161440;Esporte e Lazer;2
161440;Ciência, Tecnologia e Inovação;1
161440;Turismo;1
161550;Processo Legislativo e Atuação Parlamentar;11
161550;Administração Pública;10
161550;Finanças Públicas e Orçamento;8
161550;Agricultura, Pecuária, Pesca e Extrativismo;7
161550;Direitos Humanos e Minorias;7
161550;Economia;6
161550;Direito Penal e Processual Penal;5
161550;Trabalho e Emprego;5
161550;Estrutura Fundiária;4
161550;Saúde;4
161550;Arte, Cultura e Religião;3
161550;Defesa e Segurança;3
161550;Meio Ambiente e Desenvolvimento Sustentável;3
161550;Relações Internacionais e Comércio Exterior;3
161550;Viação, Transporte e Mobilidade;3
161550;Direito e Defesa do Consumidor;2
161550;Energia, Recursos Hídricos e Minerais;2
161550;Indústria, Comércio e Serviços;2
161550;Previdência e Assistência Social;2
161550;Turismo;2
161550;Cidades e Desenvolvimento Urbano;1
161550;Direito Constitucional;1
161550;Direito e Justiça;1
161550;Esporte e Lazer;1
161550;Homenagens e Datas Comemorativas;1
162067;Administração Pública;13
162067;Finanças Públicas e Orçamento;13
162067;Defesa e Segurança;12
162067;Direitos Humanos e Minorias;8
162067;Direito Penal e Processual Penal;7
162067;Economia;7
162067;Processo Legislativo e Atuação Parlamentar;7
162067;Indústria, Comércio e Serviços;6
162067;Trabalho e Emprego;6
162067;Comunicações;5
162067;Direito e Defesa do Consumidor;5
162067;Educação;5
162067;Esporte e Lazer;5
162067;Saúde;5
162067;Cidades e Desenvolvimento Urbano;4
162067;Viação, Transporte e Mobilidade;4
162067;Direito Constitucional;3
162067;Energia, Recursos Hídricos e Minerais;3
162067;Arte, Cultura e Religião;2
162067;Ciência, Tecnologia e Inovação;2
162067;Homenagens e Datas Comemorativas;2
162067;Relações Internacionais e Comércio Exterior;2
162067;Agricultura, Pecuária, Pesca e Extrativismo;1
162067;Direito Civil e Processual Civil;1
162067;Direito e Justiça;1
162067;Meio Ambiente e Desenvolvimento Sustentável;1
162067;Previdência e Assistência Social;1
162332;Direitos Humanos e Minorias;14
162332;Meio Ambiente e Desenvolvimento Sustentável;10
162332;Finanças Públicas e Orçamento;9
162332;Processo Legislativo e Atuação Parlamentar;9
162332;Administração Pública;8
162332;Agricultura, Pecuária, Pesca e Extrativismo;8
162332;Defesa e Segurança;7
162332;Direito Constitucional;6
162332;Direito Penal e Processual Penal;4
162332;Economia;4
162332;Viação, Transporte e Mobilidade;4
162332;Direito e Justiça;3
162332;Estrutura Fundiária;3
162332;Arte, Cultura e Religião;2
162332;Cidades e Desenvolvimento Urbano;2
162332;Comunicações;2
162332;Direito e Defesa do Consumidor;2
162332;Homenagens e Datas Comemorativas;2
162332;Indústria, Comércio e Serviços;2
162332;Política, Partidos e Eleições;2
162332;Previdência e Assistência Social;2
162332;Relações Internacionais e Comércio Exterior;2
162332;Saúde;2
162332;Trabalho e Emprego;2
162332;Ciência, Tecnologia e Inovação;1
162332;Direito Civil e Processual Civil;1
162332;Educação;1
163321;Administração Pública;19
163321;Trabalho e Emprego;10
163321;Economia;9
163321;Processo Legislativo e Atuação Parlamentar;9
163321;Saúde;8
163321;Finanças Públicas e Orçamento;7
163321;Meio Ambiente e Desenvolvimento Sustentável;7
163321;Previdência e Assistência Social;7
163321;Direitos Humanos e Minorias;6
163321;Direito Constitucional;5
163321;Indústria, Comércio e Serviços;5
163321;Cidades e Desenvolvimento Urbano;4
163321;Defesa e Segurança;4
163321;Educação;4
163321;Homenagens e Datas Comemorativas;4
163321;Arte, Cultura e Religião;3
163321;Direito Penal e Processual Penal;3
163321;Direito e Defesa do Consumidor;3
163321;Energia, Recursos Hídricos e Minerais;3
163321;Comunicações;2
163321;Direito Civil e Processual Civil;2
163321;Direito e Justiça;2
163321;Esporte e Lazer;2
163321;Política, Partidos e Eleições;2
163321;Agricultura, Pecuária, Pesca e Extrativismo;1
163321;Ciência, Tecnologia e Inovação;1
163321;Turismo;1
163321;Viação, Transporte e Mobilidade;1
164360;Direitos Humanos e Minorias;6
164360;Saúde;5
164360;Defesa e Segurança;3
164360;Direito e Justiça;3
164360;Finanças Públicas e Orçamento;3
164360;Administração Pública;2
164360;Cidades e Desenvolvimento Urbano;1
164360;Direito Constitucional;1
164360;Esporte e Lazer;1
164360;Homenagens e Datas Comemorativas;1
164360;Meio Ambiente e Desenvolvimento Sustentável;1
164360;Processo Legislativo e Atuação Parlamentar;1
164360;Trabalho e Emprego;1
165470;Administração Pública;77
165470;Finanças Públicas e Orçamento;42
165470;Direitos Humanos e Minorias;33
165470;Defesa e Segurança;31
165470;Economia;28
165470;Relações Internacionais e Comércio Exterior;28
165470;Indústria, Comércio e Serviços;24
165470;Processo Legislativo e Atuação Parlamentar;24
165470;Saúde;19
165470;Direito Penal e Processual Penal;18
165470;Direito e Defesa do Consumidor;16
165470;Trabalho e Emprego;16
165470;Viação, Transporte e Mobilidade;15
165470;Arte, Cultura e Religião;11
165470;Previdência e Assistência Social;11
165470;Agricultura, Pecuária, Pesca e Extrativismo;10
165470;Educação;10
165470;Direito Constitucional;9
165470;Energia, Recursos Hídricos e Minerais;8
165470;Meio Ambiente e Desenvolvimento Sustentável;8
165470;Cidades e Desenvolvimento Urbano;7
165470;Comunicações;7
165470;Direito e Justiça;6
165470;Política, Partidos e Eleições;6
165470;Estrutura Fundiária;4
165470;Homenagens e Datas Comemorativas;4
165470;Ciência, Tecnologia e Inovação;3
165470;Direito Civil e Processual Civil;3
165470;Turismo;2
165470;Ciências Sociais e Humanas;1
165470;Esporte e Lazer;1
166402;Processo Legislativo e Atuação Parlamentar;17
166402;Direitos Humanos e Minorias;9
166402;Finanças Públicas e Orçamento;8
166402;Defesa e Segurança;7
166402;Administração Pública;6
166402;Direito Penal e Processual Penal;6
166402;Economia;5
166402;Trabalho e Emprego;5
166402;Direito e Defesa do Consumidor;4
166402;Meio Ambiente e Desenvolvimento Sustentável;4
166402;Previdência e Assistência Social;4
166402;Direito Constitucional;3
166402;Energia, Recursos Hídricos e Minerais;3
166402;Política, Partidos e Eleições;3
166402;Saúde;3
166402;Direito e Justiça;2
166402;Estrutura Fundiária;2
166402;Relações Internacionais e Comércio Exterior;2
166402;Viação, Transporte e Mobilidade;2
166402;Arte, Cultura e Religião;1
166402;Cidades e Desenvolvimento Urbano;1
166402;Direito Civil e Processual Civil;1
166402;Educação;1
166402;Esporte e Lazer;1
166402;Homenagens e Datas Comemorativas;1
166402;Indústria, Comércio e Serviços;1
166402;Turismo;1
171139;Administração Pública;5
171139;Energia, Recursos Hídricos e Minerais;4
171139;Finanças Públicas e Orçamento;4
171139;Meio Ambiente e Desenvolvimento Sustentável;3
171139;Agricultura, Pecuária, Pesca e Extrativismo;2
171139;Cidades e Desenvolvimento Urbano;2
171139;Saúde;2
171139;Trabalho e Emprego;2
171139;Viação, Transporte e Mobilidade;2
171139;Defesa e Segurança;1
171139;Direito Penal e Processual Penal;1
171139;Direito e Defesa do Consumidor;1
171139;Direito e Justiça;1
171139;Educação;1
171139;Indústria, Comércio e Serviços;1
171139;Processo Legislativo e Atuação Parlamentar;1
171617;Direitos Humanos e Minorias;16
171617;Defesa e Segurança;14
171617;Administração Pública;13
171617;Finanças Públicas e Orçamento;13
171617;Trabalho e Emprego;8
171617;Indústria, Comércio e Serviços;7
171617;Economia;6
171617;Homenagens e Datas Comemorativas;4
171617;Previdência e Assistência Social;4
171617;Processo Legislativo e Atuação Parlamentar;4
171617;Saúde;4
171617;Agricultura, Pecuária, Pesca e Extrativismo;3
171617;Arte, Cultura e Religião;3
171617;Comunicações;3
171617;Direito Constitucional;3
171617;Direito Penal e Processual Penal;3
171617;Direito e Defesa do Consumidor;3
171617;Viação, Transporte e Mobilidade;3
171617;Cidades e Desenvolvimento Urbano;2
171617;Ciência, Tecnologia e Inovação;2
171617;Direito e Justiça;2
171617;Energia, Recursos Hídricos e Minerais;2
171617;Esporte e Lazer;2
171617;Meio Ambiente e Desenvolvimento Sustentável;2
171617;Direito Civil e Processual Civil;1
171617;Educação;1
171617;Política, Partidos e Eleições;1
171617;Relações Internacionais e Comércio Exterior;1
171623;Defesa e Segurança;1
171623;Direito e Defesa do Consumidor;1
171623;Energia, Recursos Hídricos e Minerais;1
171623;Finanças Públicas e Orçamento;1
171623;Processo Legislativo e Atuação Parlamentar;1
171786;Administração Pública;10
171786;Direitos Humanos e Minorias;7
171786;Finanças Públicas e Orçamento;7
171786;Defesa e Segurança;6
171786;Energia, Recursos Hídricos e Minerais;5
171786;Trabalho e Emprego;5
171786;Indústria, Comércio e Serviços;4
171786;Ciência, Tecnologia e Inovação;3
171786;Relações Internacionais e Comércio Exterior;3
171786;Comunicações;2
171786;Direito Penal e Processual Penal;2
171786;Direito e Defesa do Consumidor;2
171786;Economia;2
171786;Esporte e Lazer;2
171786;Previdência e Assistência Social;2
171786;Viação, Transporte e Mobilidade;2
171786;Agricultura, Pecuária, Pesca e Extrativismo;1
171786;Arte, Cultura e Religião;1
171786;Direito Constitucional;1
171786;Política, Partidos e Eleições;1
171786;Processo Legislativo e Atuação Parlamentar;1
171786;Saúde;1
175765;Direitos Humanos e Minorias;10
175765;Administração Pública;6
175765;Saúde;5
175765;Direito Penal e Processual Penal;4
175765;Economia;4
175765;Finanças Públicas e Orçamento;4
175765;Educação;3
175765;Homenagens e Datas Comemorativas;3
175765;Arte, Cultura e Religião;2
175765;Comunicações;2
175765;Defesa e Segurança;2
175765;Direito e Defesa do Consumidor;2
175765;Meio Ambiente e Desenvolvimento Sustentável;2
175765;Trabalho e Emprego;2
175765;Cidades e Desenvolvimento Urbano;1
175765;Direito Constitucional;1
175765;Esporte e Lazer;1
175765;Indústria, Comércio e Serviços;1
175765;Previdência e Assistência Social;1
175765;Processo Legislativo e Atuação Parlamentar;1
175765;Viação, Transporte e Mobilidade;1
178829;Defesa e Segurança;59
178829;Direitos Humanos e Minorias;51
178829;Administração Pública;46
178829;Finanças Públicas e Orçamento;35
178829;Arte, Cultura e Religião;29
178829;Saúde;29
178829;Viação, Transporte e Mobilidade;29
178829;Direito Penal e Processual Penal;28
178829;Indústria, Comércio e Serviços;28
178829;Homenagens e Datas Comemorativas;21
178829;Trabalho e Emprego;21
178829;Esporte e Lazer;18
178829;Cidades e Desenvolvimento Urbano;13
178829;Processo Legislativo e Atuação Parlamentar;13
178829;Economia;12
178829;Meio Ambiente e Desenvolvimento Sustentável;12
178829;Direito e Defesa do Consumidor;11
178829;Direito e Justiça;11
178829;Previdência e Assistência Social;11
178829;Agricultura, Pecuária, Pesca e Extrativismo;8
178829;Direito Constitucional;8
178829;Educação;7
178829;Relações Internacionais e Comércio Exterior;6
178829;Turismo;6
178829;Ciência, Tecnologia e Inovação;4
178829;Comunicações;4
178829;Estrutura Fundiária;3
178829;Direito Civil e Processual Civil;2
178829;Energia, Recursos Hídricos e Minerais;2
178831;Administração Pública;1
178831;Comunicações;1
178831;Direito Constitucional;1
178831;Direito Penal e Processual Penal;1
178831;Direito e Justiça;1
178831;Educação;1
178831;Finanças Públicas e Orçamento;1
178831;Indústria, Comércio e Serviços;1
178831;Meio Ambiente e Desenvolvimento Sustentável;1
178831;Saúde;1
178832;Direito Penal e Processual Penal;1
178832;Direitos Humanos e Minorias;1
178832;Indústria, Comércio e Serviços;1
178835;Finanças Públicas e Orçamento;17
178835;Administração Pública;14
178835;Saúde;11
178835;Indústria, Comércio e Serviços;10
178835;Trabalho e Emprego;9
178835;Economia;8
178835;Previdência e Assistência Social;8
178835;Processo Legislativo e Atuação Parlamentar;8
178835;Direitos Humanos e Minorias;7
178835;Direito Constitucional;6
178835;Educação;6
178835;Meio Ambiente e Desenvolvimento Sustentável;6
178835;Direito e Defesa do Consumidor;5
178835;Direito Civil e Processual Civil;4
178835;Cidades e Desenvolvimento Urbano;3
178835;Defesa e Segurança;3
178835;Direito e Justiça;3
178835;Homenagens e Datas Comemorativas;3
178835;Energia, Recursos Hídricos e Minerais;2
178835;Política, Partidos e Eleições;2
178835;Relações Internacionais e Comércio Exterior;2
178835;Viação, Transporte e Mobilidade;2
178835;Agricultura, Pecuária, Pesca e Extrativismo;1
178835;Arte, Cultura e Religião;1
178835;Comunicações;1
178843;Direitos Humanos e Minorias;66
178843;Saúde;47
178843;Finanças Públicas e Orçamento;22
178843;Defesa e Segurança;21
178843;Indústria, Comércio e Serviços;21
178843;Processo Legislativo e Atuação Parlamentar;20
178843;Direito e Defesa do Consumidor;19
178843;Administração Pública;17
178843;Trabalho e Emprego;16
178843;Viação, Transporte e Mobilidade;15
178843;Direito Penal e Processual Penal;14
178843;Meio Ambiente e Desenvolvimento Sustentável;13
178843;Economia;11
178843;Educação;11
178843;Agricultura, Pecuária, Pesca e Extrativismo;10
178843;Arte, Cultura e Religião;9
178843;Homenagens e Datas Comemorativas;9
178843;Comunicações;8
178843;Previdência e Assistência Social;8
178843;Direito Constitucional;7
178843;Energia, Recursos Hídricos e Minerais;7
178843;Turismo;6
178843;Cidades e Desenvolvimento Urbano;5
178843;Direito e Justiça;5
178843;Esporte e Lazer;5
178843;Ciência, Tecnologia e Inovação;4
178843;Direito Civil e Processual Civil;3
178843;Relações Internacionais e Comércio Exterior;3
178843;Estrutura Fundiária;2
178843;Política, Partidos e Eleições;2
178854;Processo Legislativo e Atuação Parlamentar;10
178854;Administração Pública;7
178854;Finanças Públicas e Orçamento;6
178854;Saúde;6
178854;Direitos Humanos e Minorias;5
178854;Defesa e Segurança;3
178854;Direito Constitucional;3
178854;Direito e Defesa do Consumidor;3
178854;Economia;3
178854;Indústria, Comércio e Serviços;3
178854;Trabalho e Emprego;3
178854;Direito Penal e Processual Penal;2
178854;Direito e Justiça;2
178854;Educação;2
178854;Esporte e Lazer;2
178854;Previdência e Assistência Social;2
178854;Arte, Cultura e Religião;1
178854;Cidades e Desenvolvimento Urbano;1
178854;Comunicações;1
178854;Energia, Recursos Hídricos e Minerais;1
178854;Homenagens e Datas Comemorativas;1
178854;Meio Ambiente e Desenvolvimento Sustentável;1
178854;Política, Partidos e Eleições;1
178857;Administração Pública;28
178857;Direitos Humanos e Minorias;21
178857;Finanças Públicas e Orçamento;20
178857;Defesa e Segurança;14
178857;Trabalho e Emprego;14
178857;Saúde;12
178857;Indústria, Comércio e Serviços;9
178857;Processo Legislativo e Atuação Parlamentar;7
178857;Comunicações;5
178857;Direito e Defesa do Consumidor;5
178857;Economia;5
178857;Educação;5
178857;Política, Partidos e Eleições;5
178857;Previdência e Assistência Social;5
178857;Energia, Recursos Hídricos e Minerais;4
178857;Relações Internacionais e Comércio Exterior;4
178857;Agricultura, Pecuária, Pesca e Extrativismo;3
178857;Ciência, Tecnologia e Inovação;3
178857;Direito Constitucional;3
178857;Direito Penal e Processual Penal;3
178857;Esporte e Lazer;3
178857;Viação, Transporte e Mobilidade;3
178857;Arte, Cultura e Religião;2
178857;Cidades e Desenvolvimento Urbano;2
178857;Direito e Justiça;2
178857;Estrutura Fundiária;2
178857;Homenagens e Datas Comemorativas;2
178857;Meio Ambiente e Desenvolvimento Sustentável;2
178857;Direito Civil e Processual Civil;1
178858;Finanças Públicas e Orçamento;7
178858;Processo Legislativo e Atuação Parlamentar;6
178858;Direitos Humanos e Minorias;5
178858;Direito Constitucional;4
178858;Defesa e Segurança;3
178858;Direito Penal e Processual Penal;3
178858;Previdência e Assistência Social;3
178858;Administração Pública;2
178858;Agricultura, Pecuária, Pesca e Extrativismo;2
178858;Direito e Justiça;2
178858;Economia;2
178858;Esporte e Lazer;2
178858;Homenagens e Datas Comemorativas;2
178858;Indústria, Comércio e Serviços;2
178858;Meio Ambiente e Desenvolvimento Sustentável;2
178858;Trabalho e Emprego;2
178858;Arte, Cultura e Religião;1
178858;Comunicações;1
178858;Direito Civil e Processual Civil;1
178858;Saúde;1
178860;Processo Legislativo e Atuação Parlamentar;12
178860;Administração Pública;9
178860;Direito Constitucional;6
178860;Trabalho e Emprego;6
178860;Direitos Humanos e Minorias;5
178860;Finanças Públicas e Orçamento;5
178860;Defesa e Segurança;4
178860;Direito e Defesa do Consumidor;3
178860;Economia;3
178860;Estrutura Fundiária;3
178860;Política, Partidos e Eleições;3
178860;Agricultura, Pecuária, Pesca e Extrativismo;2
178860;Direito Penal e Processual Penal;2
178860;Direito e Justiça;2
178860;Previdência e Assistência Social;2
178860;Arte, Cultura e Religião;1
178860;Comunicações;1
178860;Direito Civil e Processual Civil;1
178860;Energia, Recursos Hídricos e Minerais;1
178860;Indústria, Comércio e Serviços;1
178860;Relações Internacionais e Comércio Exterior;1
178860;Saúde;1
178860;Viação, Transporte e Mobilidade;1
178866;Direitos Humanos e Minorias;27
178866;Defesa e Segurança;14
178866;Finanças Públicas e Orçamento;12
178866;Administração Pública;10
178866;Homenagens e Datas Comemorativas;9
178866;Trabalho e Emprego;8
178866;Arte, Cultura e Religião;7
178866;Direito Penal e Processual Penal;7
178866;Previdência e Assistência Social;6
178866;Indústria, Comércio e Serviços;5
178866;Saúde;5
178866;Meio Ambiente e Desenvolvimento Sustentável;4
178866;Processo Legislativo e Atuação Parlamentar;4
178866;Agricultura, Pecuária, Pesca e Extrativismo;3
178866;Comunicações;3
178866;Direito e Justiça;3
178866;Economia;3
178866;Política, Partidos e Eleições;3
178866;Viação, Transporte e Mobilidade;3
178866;Cidades e Desenvolvimento Urbano;2
178866;Educação;2
178866;Direito Constitucional;1
178866;Energia, Recursos Hídricos e Minerais;1
178866;Esporte e Lazer;1
178866;Relações Internacionais e Comércio Exterior;1
178871;Administração Pública;431
178871;Finanças Públicas e Orçamento;204
178871;Defesa e Segurança;136
178871;Agricultura, Pecuária, Pesca e Extrativismo;112
178871;Direitos Humanos e Minorias;101
178871;Relações Internacionais e Comércio Exterior;80
178871;Economia;78
178871;Saúde;72
178871;Meio Ambiente e Desenvolvimento Sustentável;68
178871;Educação;62
178871;Previdência e Assistência Social;53
178871;Estrutura Fundiária;52
178871;Comunicações;47
178871;Indústria, Comércio e Serviços;45
178871;Energia, Recursos Hídricos e Minerais;43
178871;Direito Penal e Processual Penal;42
178871;Viação, Transporte e Mobilidade;41
178871;Trabalho e Emprego;32
178871;Arte, Cultura e Religião;31
178871;Direito e Justiça;29
178871;Processo Legislativo e Atuação Parlamentar;29
178871;Cidades e Desenvolvimento Urbano;28
178871;Homenagens e Datas Comemorativas;23
178871;Política, Partidos e Eleições;23
178871;Direito Civil e Processual Civil;17
178871;Direito e Defesa do Consumidor;13
178871;Direito Constitucional;10
178871;Esporte e Lazer;9
178871;Ciência, Tecnologia e Inovação;7
178871;Turismo;7
178871;Ciências Exatas e da Terra;2
178873;Administração Pública;23
178873;Direitos Humanos e Minorias;16
178873;Trabalho e Emprego;16
178873;Finanças Públicas e Orçamento;13
178873;Indústria, Comércio e Serviços;12
178873;Defesa e Segurança;11
178873;Homenagens e Datas Comemorativas;11
178873;Economia;7
178873;Arte, Cultura e Religião;6
178873;Direito Penal e Processual Penal;6
178873;Meio Ambiente e Desenvolvimento Sustentável;6
178873;Direito Civil e Processual Civil;5
178873;Esporte e Lazer;5
178873;Agricultura, Pecuária, Pesca e Extrativismo;4
178873;Ciência, Tecnologia e Inovação;4
178873;Comunicações;4
178873;Direito e Justiça;4
178873;Energia, Recursos Hídricos e Minerais;4
178873;Saúde;4
178873;Viação, Transporte e Mobilidade;4
178873;Cidades e Desenvolvimento Urbano;3
178873;Direito Constitucional;3
178873;Direito e Defesa do Consumidor;3
178873;Previdência e Assistência Social;3
178873;Processo Legislativo e Atuação Parlamentar;3
178873;Educação;2
178873;Política, Partidos e Eleições;1
178873;Relações Internacionais e Comércio Exterior;1
178873;Turismo;1
178876;Saúde;20
178876;Direitos Humanos e Minorias;16
178876;Administração Pública;15
178876;Finanças Públicas e Orçamento;14
178876;Processo Legislativo e Atuação Parlamentar;10
178876;Trabalho e Emprego;9
178876;Direito Constitucional;6
178876;Meio Ambiente e Desenvolvimento Sustentável;6
178876;Direito e Defesa do Consumidor;5
178876;Direito e Justiça;5
178876;Educação;5
178876;Defesa e Segurança;4
178876;Economia;4
178876;Viação, Transporte e Mobilidade;4
178876;Direito Penal e Processual Penal;3
178876;Indústria, Comércio e Serviços;3
178876;Previdência e Assistência Social;3
178876;Relações Internacionais e Comércio Exterior;3
178876;Arte, Cultura e Religião;2
178876;Energia, Recursos Hídricos e Minerais;2
178876;Política, Partidos e Eleições;2
178876;Agricultura, Pecuária, Pesca e Extrativismo;1
178876;Ciência, Tecnologia e Inovação;1
178876;Comunicações;1
178876;Esporte e Lazer;1
178881;Defesa e Segurança;24
178881;Direitos Humanos e Minorias;20
178881;Administração Pública;18
178881;Direito Penal e Processual Penal;17
178881;Finanças Públicas e Orçamento;15
178881;Processo Legislativo e Atuação Parlamentar;14
178881;Direito Constitucional;9
178881;Direito e Justiça;8
178881;Trabalho e Emprego;8
178881;Saúde;6
178881;Previdência e Assistência Social;5
178881;Direito e Defesa do Consumidor;4
178881;Meio Ambiente e Desenvolvimento Sustentável;4
178881;Política, Partidos e Eleições;4
178881;Economia;3
178881;Educação;3
178881;Indústria, Comércio e Serviços;3
178881;Viação, Transporte e Mobilidade;3
178881;Agricultura, Pecuária, Pesca e Extrativismo;2
178881;Cidades e Desenvolvimento Urbano;2
178881;Comunicações;2
178881;Estrutura Fundiária;2
178881;Relações Internacionais e Comércio Exterior;2
178881;Turismo;2
178881;Arte, Cultura e Religião;1
178881;Direito Civil e Processual Civil;1
178881;Homenagens e Datas Comemorativas;1
178882;Finanças Públicas e Orçamento;4
178882;Saúde;4
178882;Processo Legislativo e Atuação Parlamentar;3
178882;Defesa e Segurança;2
178882;Direito e Defesa do Consumidor;2
178882;Indústria, Comércio e Serviços;2
178882;Agricultura, Pecuária, Pesca e Extrativismo;1
178882;Arte, Cultura e Religião;1
178882;Direito Constitucional;1
178882;Educação;1
178882;Esporte e Lazer;1
178882;Meio Ambiente e Desenvolvimento Sustentável;1
178882;Viação, Transporte e Mobilidade;1
178884;Finanças Públicas e Orçamento;18
178884;Administração Pública;16
178884;Direitos Humanos e Minorias;15
178884;Trabalho e Emprego;13
178884;Cidades e Desenvolvimento Urbano;12
178884;Saúde;11
178884;Previdência e Assistência Social;10
178884;Educação;6
178884;Homenagens e Datas Comemorativas;6
178884;Direito Constitucional;5
178884;Economia;5
178884;Indústria, Comércio e Serviços;5
178884;Viação, Transporte e Mobilidade;5
178884;Energia, Recursos Hídricos e Minerais;4
178884;Turismo;4
178884;Arte, Cultura e Religião;3
178884;Direito e Defesa do Consumidor;3
178884;Meio Ambiente e Desenvolvimento Sustentável;3
178884;Direito Civil e Processual Civil;2
178884;Direito Penal e Processual Penal;2
178884;Direito e Justiça;2
178884;Processo Legislativo e Atuação Parlamentar;2
178884;Agricultura, Pecuária, Pesca e Extrativismo;1
178884;Ciência, Tecnologia e Inovação;1
178884;Comunicações;1
178884;Defesa e Segurança;1
178886;Comunicações;4
178886;Administração Pública;2
178886;Ciência, Tecnologia e Inovação;2
178886;Direito e Defesa do Consumidor;2
178886;Defesa e Segurança;1
178886;Direitos Humanos e Minorias;1
178886;Finanças Públicas e Orçamento;1
178886;Homenagens e Datas Comemorativas;1
178886;Saúde;1
178887;Administração Pública;57
178887;Direitos Humanos e Minorias;48
178887;Finanças Públicas e Orçamento;45
178887;Direito Civil e Processual Civil;35
178887;Indústria, Comércio e Serviços;34
178887;Comunicações;30
178887;Trabalho e Emprego;30
178887;Ciência, Tecnologia e Inovação;29
178887;Direito e Defesa do Consumidor;27
178887;Defesa e Segurança;26
178887;Economia;24
178887;Saúde;24
178887;Direito Penal e Processual Penal;19
178887;Direito e Justiça;17
178887;Educação;15
178887;Previdência e Assistência Social;14
178887;Meio Ambiente e Desenvolvimento Sustentável;10
178887;Viação, Transporte e Mobilidade;9
178887;Cidades e Desenvolvimento Urbano;7
178887;Política, Partidos e Eleições;7
178887;Processo Legislativo e Atuação Parlamentar;7
178887;Relações Internacionais e Comércio Exterior;6
178887;Energia, Recursos Hídricos e Minerais;5
178887;Esporte e Lazer;4
178887;Arte, Cultura e Religião;3
178887;Direito Constitucional;3
178887;Homenagens e Datas Comemorativas;3
178887;Agricultura, Pecuária, Pesca e Extrativismo;2
178887;Estrutura Fundiária;2
178895;Finanças Públicas e Orçamento;8
178895;Administração Pública;5
178895;Direito Constitucional;4
178895;Direitos Humanos e Minorias;4
178895;Processo Legislativo e Atuação Parlamentar;4
178895;Direito e Justiça;3
178895;Trabalho e Emprego;3
178895;Arte, Cultura e Religião;2
178895;Defesa e Segurança;2
178895;Economia;2
178895;Relações Internacionais e Comércio Exterior;2
178895;Cidades e Desenvolvimento Urbano;1
178895;Direito Penal e Processual Penal;1
178895;Energia, Recursos Hídricos e Minerais;1
178895;Meio Ambiente e Desenvolvimento Sustentável;1
178895;Política, Partidos e Eleições;1
178895;Previdência e Assistência Social;1
178895;Saúde;1
178895;Viação, Transporte e Mobilidade;1
178896;Finanças Públicas e Orçamento;9
178896;Administração Pública;7
178896;Economia;6
178896;Processo Legislativo e Atuação Parlamentar;5
178896;Previdência e Assistência Social;4
178896;Trabalho e Emprego;4
178896;Direito Constitucional;3
178896;Direitos Humanos e Minorias;3
178896;Arte, Cultura e Religião;2
178896;Defesa e Segurança;2
178896;Educação;2
178896;Esporte e Lazer;2
178896;Indústria, Comércio e Serviços;2
178896;Política, Partidos e Eleições;2
178896;Saúde;2
178896;Viação, Transporte e Mobilidade;2
178896;Direito Civil e Processual Civil;1
178896;Direito e Defesa do Consumidor;1
178896;Direito e Justiça;1
178896;Meio Ambiente e Desenvolvimento Sustentável;1
178905;Direito Penal e Processual Penal;3
178905;Finanças Públicas e Orçamento;3
178905;Processo Legislativo e Atuação Parlamentar;3
178905;Administração Pública;2
178905;Direito Constitucional;2
178905;Direitos Humanos e Minorias;2
178905;Meio Ambiente e Desenvolvimento Sustentável;2
178905;Arte, Cultura e Religião;1
178905;Defesa e Segurança;1
178905;Direito e Justiça;1
178905;Economia;1
178905;Educação;1
178905;Energia, Recursos Hídricos e Minerais;1
178905;Estrutura Fundiária;1
178905;Indústria, Comércio e Serviços;1
178905;Relações Internacionais e Comércio Exterior;1
178905;Trabalho e Emprego;1
178908;Administração Pública;37
178908;Direitos Humanos e Minorias;25
178908;Processo Legislativo e Atuação Parlamentar;22
178908;Defesa e Segurança;21
178908;Direito Penal e Processual Penal;16
178908;Finanças Públicas e Orçamento;15
178908;Saúde;11
178908;Direito Constitucional;10
178908;Economia;9
178908;Trabalho e Emprego;9
178908;Direito e Defesa do Consumidor;7
178908;Previdência e Assistência Social;7
178908;Direito e Justiça;5
178908;Indústria, Comércio e Serviços;5
178908;Viação, Transporte e Mobilidade;5
178908;Arte, Cultura e Religião;4
178908;Educação;4
178908;Política, Partidos e Eleições;4
178908;Relações Internacionais e Comércio Exterior;4
178908;Comunicações;3
178908;Energia, Recursos Hídricos e Minerais;3
178908;Esporte e Lazer;3
178908;Estrutura Fundiária;3
178908;Meio Ambiente e Desenvolvimento Sustentável;3
178908;Agricultura, Pecuária, Pesca e Extrativismo;2
178908;Cidades e Desenvolvimento Urbano;2
178908;Homenagens e Datas Comemorativas;2
178908;Direito Civil e Processual Civil;1
178909;Direitos Humanos e Minorias;4
178909;Administração Pública;2
178909;Finanças Públicas e Orçamento;2
178909;Defesa e Segurança;1
178909;Direito Penal e Processual Penal;1
178909;Economia;1
178909;Energia, Recursos Hídricos e Minerais;1
178909;Meio Ambiente e Desenvolvimento Sustentável;1
178909;Processo Legislativo e Atuação Parlamentar;1
178909;Saúde;1
178909;Trabalho e Emprego;1
178910;Finanças Públicas e Orçamento;28
178910;Administração Pública;24
178910;Processo Legislativo e Atuação Parlamentar;19
178910;Direitos Humanos e Minorias;17
178910;Economia;14
178910;Defesa e Segurança;11
178910;Direito Constitucional;10
178910;Trabalho e Emprego;8
178910;Energia, Recursos Hídricos e Minerais;7
178910;Direito Penal e Processual Penal;6
178910;Saúde;6
178910;Agricultura, Pecuária, Pesca e Extrativismo;5
178910;Relações Internacionais e Comércio Exterior;5
178910;Arte, Cultura e Religião;4
178910;Comunicações;4
178910;Direito e Justiça;4
178910;Estrutura Fundiária;4
178910;Direito e Defesa do Consumidor;3
178910;Indústria, Comércio e Serviços;3
178910;Meio Ambiente e Desenvolvimento Sustentável;3
178910;Direito Civil e Processual Civil;2
178910;Homenagens e Datas Comemorativas;2
178910;Política, Partidos e Eleições;2
178910;Previdência e Assistência Social;2
178910;Cidades e Desenvolvimento Urbano;1
178910;Educação;1
178910;Esporte e Lazer;1
178910;Turismo;1
178910;Viação, Transporte e Mobilidade;1
178927;Administração Pública;13
178927;Trabalho e Emprego;6
178927;Economia;5
178927;Finanças Públicas e Orçamento;5
178927;Indústria, Comércio e Serviços;5
178927;Direito Constitucional;4
178927;Direitos Humanos e Minorias;4
178927;Processo Legislativo e Atuação Parlamentar;4
178927;Agricultura, Pecuária, Pesca e Extrativismo;2
178927;Cidades e Desenvolvimento Urbano;2
178927;Defesa e Segurança;2
178927;Direito Penal e Processual Penal;2
178927;Educação;2
178927;Energia, Recursos Hídricos e Minerais;2
178927;Homenagens e Datas Comemorativas;2
178927;Meio Ambiente e Desenvolvimento Sustentável;2
178927;Política, Partidos e Eleições;2
178927;Viação, Transporte e Mobilidade;2
178927;Ciência, Tecnologia e Inovação;1
178927;Comunicações;1
178927;Direito e Defesa do Consumidor;1
178927;Previdência e Assistência Social;1
178927;Saúde;1
178927;Turismo;1
178929;Saúde;69
178929;Direitos Humanos e Minorias;46
178929;Administração Pública;41
178929;Finanças Públicas e Orçamento;37
178929;Processo Legislativo e Atuação Parlamentar;23
178929;Defesa e Segurança;19
178929;Economia;19
178929;Educação;18
178929;Meio Ambiente e Desenvolvimento Sustentável;12
178929;Homenagens e Datas Comemorativas;10
178929;Previdência e Assistência Social;10
178929;Relações Internacionais e Comércio Exterior;10
178929;Trabalho e Emprego;9
178929;Viação, Transporte e Mobilidade;9
178929;Indústria, Comércio e Serviços;8
178929;Cidades e Desenvolvimento Urbano;7
178929;Direito Penal e Processual Penal;7
178929;Direito e Defesa do Consumidor;7
178929;Agricultura, Pecuária, Pesca e Extrativismo;6
178929;Arte, Cultura e Religião;6
178929;Comunicações;6
178929;Ciência, Tecnologia e Inovação;5
178929;Direito Constitucional;5
178929;Direito e Justiça;5
178929;Energia, Recursos Hídricos e Minerais;5
178929;Política, Partidos e Eleições;4
178929;Estrutura Fundiária;2
178929;Turismo;2
178929;Direito Civil e Processual Civil;1
178931;Administração Pública;21
178931;Finanças Públicas e Orçamento;21
178931;Direitos Humanos e Minorias;14
178931;Trabalho e Emprego;12
178931;Saúde;11
178931;Indústria, Comércio e Serviços;9
178931;Defesa e Segurança;8
178931;Homenagens e Datas Comemorativas;8
178931;Processo Legislativo e Atuação Parlamentar;8
178931;Viação, Transporte e Mobilidade;8
178931;Direito Penal e Processual Penal;5
178931;Economia;5
178931;Educação;5
178931;Previdência e Assistência Social;5
178931;Comunicações;4
178931;Direito e Justiça;4
178931;Esporte e Lazer;4
178931;Meio Ambiente e Desenvolvimento Sustentável;4
178931;Cidades e Desenvolvimento Urbano;3
178931;Ciência, Tecnologia e Inovação;3
178931;Direito Constitucional;3
178931;Direito e Defesa do Consumidor;3
178931;Agricultura, Pecuária, Pesca e Extrativismo;2
178931;Energia, Recursos Hídricos e Minerais;2
178931;Arte, Cultura e Religião;1
178931;Direito Civil e Processual Civil;1
178931;Relações Internacionais e Comércio Exterior;1
178933;Agricultura, Pecuária, Pesca e Extrativismo;24
178933;Administração Pública;16
178933;Meio Ambiente e Desenvolvimento Sustentável;12
178933;Direitos Humanos e Minorias;10
178933;Finanças Públicas e Orçamento;10
178933;Estrutura Fundiária;9
178933;Economia;6
178933;Previdência e Assistência Social;6
178933;Viação, Transporte e Mobilidade;5
178933;Defesa e Segurança;4
178933;Indústria, Comércio e Serviços;4
178933;Política, Partidos e Eleições;4
178933;Saúde;4
178933;Direito Constitucional;3
178933;Direito Penal e Processual Penal;3
178933;Processo Legislativo e Atuação Parlamentar;3
178933;Trabalho e Emprego;3
178933;Cidades e Desenvolvimento Urbano;2
178933;Ciência, Tecnologia e Inovação;2
178933;Direito Civil e Processual Civil;2
178933;Direito e Justiça;2
178933;Energia, Recursos Hídricos e Minerais;2
178933;Comunicações;1
178933;Direito e Defesa do Consumidor;1
178933;Educação;1
178933;Homenagens e Datas Comemorativas;1
178934;Viação, Transporte e Mobilidade;16
178934;Finanças Públicas e Orçamento;14
178934;Administração Pública;12
178934;Trabalho e Emprego;10
178934;Direitos Humanos e Minorias;8
178934;Direito Constitucional;7
178934;Defesa e Segurança;6
178934;Processo Legislativo e Atuação Parlamentar;6
178934;Direito Penal e Processual Penal;5
178934;Saúde;5
178934;Indústria, Comércio e Serviços;4
178934;Meio Ambiente e Desenvolvimento Sustentável;4
178934;Previdência e Assistência Social;4
178934;Cidades e Desenvolvimento Urbano;3
178934;Economia;3
178934;Ciência, Tecnologia e Inovação;2
178934;Direito Civil e Processual Civil;2
178934;Direito e Justiça;2
178934;Homenagens e Datas Comemorativas;2
178934;Política, Partidos e Eleições;2
178934;Relações Internacionais e Comércio Exterior;2
178934;Turismo;2
178934;Arte, Cultura e Religião;1
178934;Comunicações;1
178934;Educação;1
178934;Energia, Recursos Hídricos e Minerais;1
178934;Esporte e Lazer;1
178937;Processo Legislativo e Atuação Parlamentar;20
178937;Finanças Públicas e Orçamento;12
178937;Administração Pública;11
178937;Direitos Humanos e Minorias;11
178937;Direito Penal e Processual Penal;10
178937;Defesa e Segurança;8
178937;Direito Constitucional;5
178937;Saúde;5
178937;Direito e Defesa do Consumidor;4
178937;Trabalho e Emprego;4
178937;Economia;3
178937;Educação;3
178937;Energia, Recursos Hídricos e Minerais;3
178937;Homenagens e Datas Comemorativas;3
178937;Indústria, Comércio e Serviços;3
178937;Arte, Cultura e Religião;2
178937;Direito e Justiça;2
178937;Meio Ambiente e Desenvolvimento Sustentável;2
178937;Política, Partidos e Eleições;2
178937;Previdência e Assistência Social;2
178937;Cidades e Desenvolvimento Urbano;1
178937;Esporte e Lazer;1
178937;Estrutura Fundiária;1
178937;Relações Internacionais e Comércio Exterior;1
178937;Viação, Transporte e Mobilidade;1
178943;Direitos Humanos e Minorias;21
178943;Saúde;17
178943;Viação, Transporte e Mobilidade;15
178943;Direito e Defesa do Consumidor;12
178943;Indústria, Comércio e Serviços;12
178943;Processo Legislativo e Atuação Parlamentar;12
178943;Economia;10
178943;Educação;10
178943;Finanças Públicas e Orçamento;10
178943;Administração Pública;9
178943;Trabalho e Emprego;9
178943;Comunicações;7
178943;Defesa e Segurança;6
178943;Cidades e Desenvolvimento Urbano;5
178943;Meio Ambiente e Desenvolvimento Sustentável;5
178943;Direito Penal e Processual Penal;4
178943;Esporte e Lazer;4
178943;Arte, Cultura e Religião;3
178943;Ciência, Tecnologia e Inovação;3
178943;Direito Civil e Processual Civil;3
178943;Direito Constitucional;3
178943;Previdência e Assistência Social;3
178943;Energia, Recursos Hídricos e Minerais;2
178943;Política, Partidos e Eleições;2
178943;Agricultura, Pecuária, Pesca e Extrativismo;1
178943;Direito e Justiça;1
178943;Homenagens e Datas Comemorativas;1
178943;Relações Internacionais e Comércio Exterior;1
178945;Saúde;4
178945;Comunicações;1
178945;Direitos Humanos e Minorias;1
178945;Energia, Recursos Hídricos e Minerais;1
178945;Meio Ambiente e Desenvolvimento Sustentável;1
178946;Direitos Humanos e Minorias;30
178946;Processo Legislativo e Atuação Parlamentar;16
178946;Finanças Públicas e Orçamento;15
178946;Administração Pública;14
178946;Direito Penal e Processual Penal;13
178946;Saúde;10
178946;Defesa e Segurança;8
178946;Direito e Justiça;8
178946;Trabalho e Emprego;8
178946;Educação;7
178946;Direito Constitucional;6
178946;Economia;6
178946;Direito Civil e Processual Civil;4
178946;Homenagens e Datas Comemorativas;3
178946;Política, Partidos e Eleições;3
178946;Previdência e Assistência Social;3
178946;Cidades e Desenvolvimento Urbano;2
178946;Direito e Defesa do Consumidor;2
178946;Indústria, Comércio e Serviços;2
178946;Meio Ambiente e Desenvolvimento Sustentável;2
178946;Relações Internacionais e Comércio Exterior;2
178946;Agricultura, Pecuária, Pesca e Extrativismo;1
178946;Arte, Cultura e Religião;1
178946;Comunicações;1
178946;Energia, Recursos Hídricos e Minerais;1
178946;Esporte e Lazer;1
178946;Estrutura Fundiária;1
178946;Viação, Transporte e Mobilidade;1
178947;Administração Pública;110
178947;Arte, Cultura e Religião;98
178947;Direitos Humanos e Minorias;80
178947;Finanças Públicas e Orçamento;71
178947;Economia;46
178947;Previdência e Assistência Social;39
178947;Defesa e Segurança;32
178947;Saúde;32
178947;Cidades e Desenvolvimento Urbano;30
178947;Processo Legislativo e Atuação Parlamentar;28
178947;Direito Penal e Processual Penal;27
178947;Comunicações;17
178947;Educação;17
178947;Relações Internacionais e Comércio Exterior;14
178947;Trabalho e Emprego;12
178947;Direito Constitucional;10
178947;Direito e Defesa do Consumidor;9
178947;Meio Ambiente e Desenvolvimento Sustentável;9
178947;Agricultura, Pecuária, Pesca e Extrativismo;7
178947;Direito e Justiça;7
178947;Política, Partidos e Eleições;7
178947;Viação, Transporte e Mobilidade;7
178947;Indústria, Comércio e Serviços;5
178947;Energia, Recursos Hídricos e Minerais;4
178947;Esporte e Lazer;4
178947;Estrutura Fundiária;3
178947;Homenagens e Datas Comemorativas;2
178947;Ciência, Tecnologia e Inovação;1
178947;Direito Civil e Processual Civil;1
178947;Turismo;1
178954;Finanças Públicas e Orçamento;33
178954;Estrutura Fundiária;31
178954;Meio Ambiente e Desenvolvimento Sustentável;31
178954;Agricultura, Pecuária, Pesca e Extrativismo;28
178954;Administração Pública;22
178954;Viação, Transporte e Mobilidade;22
178954;Direitos Humanos e Minorias;15
178954;Trabalho e Emprego;15
178954;Direito Civil e Processual Civil;14
178954;Cidades e Desenvolvimento Urbano;11
178954;Economia;11
178954;Indústria, Comércio e Serviços;11
178954;Defesa e Segurança;9
178954;Direito Penal e Processual Penal;8
178954;Direito e Justiça;8
178954;Educação;8
178954;Direito Constitucional;7
178954;Saúde;7
178954;Direito e Defesa do Consumidor;6
178954;Processo Legislativo e Atuação Parlamentar;6
178954;Relações Internacionais e Comércio Exterior;6
178954;Previdência e Assistência Social;5
178954;Energia, Recursos Hídricos e Minerais;3
178954;Ciência, Tecnologia e Inovação;2
178954;Comunicações;2
178954;Esporte e Lazer;2
178954;Política, Partidos e Eleições;2
178954;Arte, Cultura e Religião;1
178954;Turismo;1
178962;Administração Pública;2
178962;Defesa e Segurança;2
178962;Direito Penal e Processual Penal;2
178962;Direitos Humanos e Minorias;2
178962;Estrutura Fundiária;2
178962;Finanças Públicas e Orçamento;2
178962;Arte, Cultura e Religião;1
178962;Direito Constitucional;1
178962;Meio Ambiente e Desenvolvimento Sustentável;1
178962;Política, Partidos e Eleições;1
178962;Previdência e Assistência Social;1
178962;Processo Legislativo e Atuação Parlamentar;1
178962;Saúde;1
178962;Trabalho e Emprego;1
178963;Finanças Públicas e Orçamento;18
178963;Administração Pública;11
178963;Processo Legislativo e Atuação Parlamentar;11
178963;Cidades e Desenvolvimento Urbano;8
178963;Direito Constitucional;8
178963;Meio Ambiente e Desenvolvimento Sustentável;8
178963;Trabalho e Emprego;6
178963;Direitos Humanos e Minorias;5
178963;Indústria, Comércio e Serviços;5
178963;Agricultura, Pecuária, Pesca e Extrativismo;4
178963;Economia;4
178963;Previdência e Assistência Social;4
178963;Defesa e Segurança;3
178963;Estrutura Fundiária;3
178963;Homenagens e Datas Comemorativas;3
178963;Viação, Transporte e Mobilidade;3
178963;Arte, Cultura e Religião;2
178963;Direito Civil e Processual Civil;2
178963;Direito Penal e Processual Penal;2
178963;Direito e Defesa do Consumidor;2
178963;Direito e Justiça;2
178963;Educação;2
178963;Saúde;2
178963;Ciência, Tecnologia e Inovação;1
178963;Comunicações;1
178963;Energia, Recursos Hídricos e Minerais;1
178963;Esporte e Lazer;1
178963;Política, Partidos e Eleições;1
178963;Relações Internacionais e Comércio Exterior;1
178963;Turismo;1
178964;Finanças Públicas e Orçamento;29
178964;Administração Pública;19
178964;Economia;15
178964;Indústria, Comércio e Serviços;15
178964;Meio Ambiente e Desenvolvimento Sustentável;14
178964;Agricultura, Pecuária, Pesca e Extrativismo;13
178964;Processo Legislativo e Atuação Parlamentar;8
178964;Trabalho e Emprego;8
178964;Homenagens e Datas Comemorativas;7
178964;Direitos Humanos e Minorias;6
178964;Previdência e Assistência Social;6
178964;Cidades e Desenvolvimento Urbano;5
178964;Ciência, Tecnologia e Inovação;5
178964;Direito e Defesa do Consumidor;5
178964;Comunicações;4
178964;Viação, Transporte e Mobilidade;4
178964;Defesa e Segurança;3
178964;Educação;3
178964;Energia, Recursos Hídricos e Minerais;3
178964;Relações Internacionais e Comércio Exterior;3
178964;Direito Civil e Processual Civil;2
178964;Direito Constitucional;2
178964;Direito e Justiça;2
178964;Saúde;2
178964;Arte, Cultura e Religião;1
178964;Direito Penal e Processual Penal;1
178964;Esporte e Lazer;1
178964;Turismo;1
178966;Finanças Públicas e Orçamento;14
178966;Direitos Humanos e Minorias;13
178966;Administração Pública;10
178966;Saúde;9
178966;Meio Ambiente e Desenvolvimento Sustentável;7
178966;Processo Legislativo e Atuação Parlamentar;7
178966;Direito Penal e Processual Penal;6
178966;Economia;6
178966;Trabalho e Emprego;6
178966;Defesa e Segurança;5
178966;Indústria, Comércio e Serviços;4
178966;Arte, Cultura e Religião;3
178966;Relações Internacionais e Comércio Exterior;3
178966;Viação, Transporte e Mobilidade;3
178966;Agricultura, Pecuária, Pesca e Extrativismo;2
178966;Direito Constitucional;2
178966;Direito e Defesa do Consumidor;2
178966;Educação;2
178966;Previdência e Assistência Social;2
178966;Cidades e Desenvolvimento Urbano;1
178966;Direito e Justiça;1
178966;Energia, Recursos Hídricos e Minerais;1
178966;Estrutura Fundiária;1
178966;Homenagens e Datas Comemorativas;1
178970;Direitos Humanos e Minorias;45
178970;Administração Pública;41
178970;Finanças Públicas e Orçamento;30
178970;Indústria, Comércio e Serviços;26
178970;Trabalho e Emprego;26
178970;Agricultura, Pecuária, Pesca e Extrativismo;22
178970;Economia;19
178970;Comunicações;18
178970;Direito Penal e Processual Penal;17
178970;Defesa e Segurança;16
178970;Direito e Defesa do Consumidor;16
178970;Saúde;16
178970;Estrutura Fundiária;15
178970;Ciência, Tecnologia e Inovação;14
178970;Meio Ambiente e Desenvolvimento Sustentável;12
178970;Energia, Recursos Hídricos e Minerais;9
178970;Processo Legislativo e Atuação Parlamentar;9
178970;Previdência e Assistência Social;8
178970;Direito Civil e Processual Civil;7
178970;Direito e Justiça;7
178970;Educação;7
178970;Relações Internacionais e Comércio Exterior;7
178970;Viação, Transporte e Mobilidade;7
178970;Cidades e Desenvolvimento Urbano;6
178970;Arte, Cultura e Religião;5
178970;Esporte e Lazer;5
178970;Direito Constitucional;3
178970;Política, Partidos e Eleições;3
178970;Homenagens e Datas Comemorativas;2
178972;Direitos Humanos e Minorias;32
178972;Saúde;26
178972;Administração Pública;25
178972;Defesa e Segurança;15
178972;Direito Penal e Processual Penal;15
178972;Educação;14
178972;Finanças Públicas e Orçamento;13
178972;Processo Legislativo e Atuação Parlamentar;10
178972;Meio Ambiente e Desenvolvimento Sustentável;8
178972;Previdência e Assistência Social;8
178972;Direito e Defesa do Consumidor;7
178972;Energia, Recursos Hídricos e Minerais;6
178972;Indústria, Comércio e Serviços;6
178972;Trabalho e Emprego;6
178972;Direito e Justiça;5
178972;Economia;5
178972;Relações Internacionais e Comércio Exterior;4
178972;Viação, Transporte e Mobilidade;4
178972;Cidades e Desenvolvimento Urbano;3
178972;Direito Constitucional;3
178972;Homenagens e Datas Comemorativas;3
178972;Direito Civil e Processual Civil;2
178972;Esporte e Lazer;2
178972;Agricultura, Pecuária, Pesca e Extrativismo;1
178972;Ciência, Tecnologia e Inovação;1
178972;Comunicações;1
178972;Política, Partidos e Eleições;1
178975;Administração Pública;9
178975;Direitos Humanos e Minorias;6
178975;Saúde;5
178975;Finanças Públicas e Orçamento;4
178975;Meio Ambiente e Desenvolvimento Sustentável;4
178975;Direito e Justiça;3
178975;Educação;3
178975;Homenagens e Datas Comemorativas;3
178975;Processo Legislativo e Atuação Parlamentar;3
178975;Arte, Cultura e Religião;2
178975;Ciência, Tecnologia e Inovação;2
178975;Direito Penal e Processual Penal;2
178975;Direito e Defesa do Consumidor;2
178975;Energia, Recursos Hídricos e Minerais;2
178975;Política, Partidos e Eleições;2
178975;Previdência e Assistência Social;2
178975;Trabalho e Emprego;2
178975;Viação, Transporte e Mobilidade;2
178975;Agricultura, Pecuária, Pesca e Extrativismo;1
178975;Comunicações;1
178975;Defesa e Segurança;1
178975;Direito Constitucional;1
178975;Esporte e Lazer;1
178975;Indústria, Comércio e Serviços;1
178983;Finanças Públicas e Orçamento;12
178983;Direitos Humanos e Minorias;10
178983;Administração Pública;8
178983;Processo Legislativo e Atuação Parlamentar;8
178983;Direito Penal e Processual Penal;5
178983;Economia;4
178983;Previdência e Assistência Social;4
178983;Direito Constitucional;3
178983;Saúde;3
178983;Agricultura, Pecuária, Pesca e Extrativismo;2
178983;Defesa e Segurança;2
178983;Indústria, Comércio e Serviços;2
178983;Meio Ambiente e Desenvolvimento Sustentável;2
178983;Política, Partidos e Eleições;2
178983;Trabalho e Emprego;2
178983;Viação, Transporte e Mobilidade;2
178983;Arte, Cultura e Religião;1
178983;Ciência, Tecnologia e Inovação;1
178983;Comunicações;1
178983;Direito Civil e Processual Civil;1
178983;Direito e Defesa do Consumidor;1
178983;Direito e Justiça;1
178983;Educação;1
178983;Energia, Recursos Hídricos e Minerais;1
178983;Estrutura Fundiária;1
178983;Relações Internacionais e Comércio Exterior;1
178985;Direitos Humanos e Minorias;20
178985;Finanças Públicas e Orçamento;12
178985;Direito Penal e Processual Penal;11
178985;Processo Legislativo e Atuação Parlamentar;9
178985;Administração Pública;7
178985;Defesa e Segurança;6
178985;Direito Constitucional;5
178985;Meio Ambiente e Desenvolvimento Sustentável;5
178985;Previdência e Assistência Social;5
178985;Saúde;5
178985;Indústria, Comércio e Serviços;4
178985;Direito e Defesa do Consumidor;3
178985;Economia;3
178985;Estrutura Fundiária;3
178985;Política, Partidos e Eleições;3
178985;Arte, Cultura e Religião;2
178985;Ciência, Tecnologia e Inovação;2
178985;Comunicações;2
178985;Trabalho e Emprego;2
178985;Direito e Justiça;1
178985;Educação;1
178985;Energia, Recursos Hídricos e Minerais;1
178985;Relações Internacionais e Comércio Exterior;1
178985;Viação, Transporte e Mobilidade;1
178986;Meio Ambiente e Desenvolvimento Sustentável;32
178986;Finanças Públicas e Orçamento;31
178986;Administração Pública;21
178986;Direitos Humanos e Minorias;21
178986;Agricultura, Pecuária, Pesca e Extrativismo;18
178986;Economia;17
178986;Indústria, Comércio e Serviços;17
178986;Defesa e Segurança;13
178986;Energia, Recursos Hídricos e Minerais;11
178986;Saúde;11
178986;Direito Penal e Processual Penal;9
178986;Previdência e Assistência Social;8
178986;Viação, Transporte e Mobilidade;8
178986;Comunicações;7
178986;Trabalho e Emprego;7
178986;Homenagens e Datas Comemorativas;6
178986;Processo Legislativo e Atuação Parlamentar;6
178986;Cidades e Desenvolvimento Urbano;5
178986;Esporte e Lazer;5
178986;Relações Internacionais e Comércio Exterior;5
178986;Direito e Defesa do Consumidor;4
178986;Estrutura Fundiária;4
178986;Educação;3
178986;Arte, Cultura e Religião;2
178986;Ciência, Tecnologia e Inovação;2
178986;Direito Constitucional;2
178986;Direito e Justiça;2
178986;Política, Partidos e Eleições;1
178987;Direitos Humanos e Minorias;16
178987;Trabalho e Emprego;15
178987;Administração Pública;9
178987;Defesa e Segurança;7
178987;Indústria, Comércio e Serviços;7
178987;Direito e Justiça;6
178987;Educação;6
178987;Finanças Públicas e Orçamento;6
178987;Homenagens e Datas Comemorativas;6
178987;Processo Legislativo e Atuação Parlamentar;6
178987;Arte, Cultura e Religião;4
178987;Direito Constitucional;4
178987;Saúde;4
178987;Comunicações;3
178987;Energia, Recursos Hídricos e Minerais;3
178987;Previdência e Assistência Social;3
178987;Viação, Transporte e Mobilidade;3
178987;Direito e Defesa do Consumidor;2
178987;Economia;2
178987;Relações Internacionais e Comércio Exterior;2
178987;Cidades e Desenvolvimento Urbano;1
178987;Ciência, Tecnologia e Inovação;1
178987;Ciências Sociais e Humanas;1
178987;Direito Penal e Processual Penal;1
178987;Política, Partidos e Eleições;1
178989;Direitos Humanos e Minorias;85
178989;Saúde;62
178989;Finanças Públicas e Orçamento;48
178989;Trabalho e Emprego;33
178989;Administração Pública;30
178989;Direito Penal e Processual Penal;27
178989;Defesa e Segurança;24
178989;Indústria, Comércio e Serviços;23
178989;Previdência e Assistência Social;20
178989;Meio Ambiente e Desenvolvimento Sustentável;17
178989;Educação;16
178989;Comunicações;14
178989;Direito Civil e Processual Civil;14
178989;Direito e Defesa do Consumidor;13
178989;Viação, Transporte e Mobilidade;12
178989;Ciência, Tecnologia e Inovação;11
178989;Economia;11
178989;Cidades e Desenvolvimento Urbano;10
178989;Arte, Cultura e Religião;9
178989;Homenagens e Datas Comemorativas;9
178989;Processo Legislativo e Atuação Parlamentar;8
178989;Direito e Justiça;6
178989;Política, Partidos e Eleições;6
178989;Direito Constitucional;5
178989;Agricultura, Pecuária, Pesca e Extrativismo;3
178989;Esporte e Lazer;3
178989;Relações Internacionais e Comércio Exterior;3
178989;Estrutura Fundiária;1
178992;Administração Pública;16
178992;Finanças Públicas e Orçamento;12
178992;Processo Legislativo e Atuação Parlamentar;8
178992;Direitos Humanos e Minorias;7
178992;Indústria, Comércio e Serviços;7
178992;Trabalho e Emprego;6
178992;Economia;5
178992;Saúde;5
178992;Defesa e Segurança;4
178992;Direito Constitucional;4
178992;Educação;4
178992;Previdência e Assistência Social;4
178992;Viação, Transporte e Mobilidade;4
178992;Arte, Cultura e Religião;3
178992;Comunicações;3
178992;Direito Penal e Processual Penal;3
178992;Meio Ambiente e Desenvolvimento Sustentável;3
178992;Relações Internacionais e Comércio Exterior;3
178992;Ciência, Tecnologia e Inovação;2
178992;Direito e Defesa do Consumidor;2
178992;Direito e Justiça;2
178992;Energia, Recursos Hídricos e Minerais;2
178992;Esporte e Lazer;2
178992;Agricultura, Pecuária, Pesca e Extrativismo;1
178992;Política, Partidos e Eleições;1
178992;Turismo;1
178993;Direitos Humanos e Minorias;24
178993;Finanças Públicas e Orçamento;22
178993;Administração Pública;20
178993;Meio Ambiente e Desenvolvimento Sustentável;18
178993;Saúde;18
178993;Trabalho e Emprego;15
178993;Educação;14
178993;Processo Legislativo e Atuação Parlamentar;14
178993;Indústria, Comércio e Serviços;12
178993;Agricultura, Pecuária, Pesca e Extrativismo;10
178993;Ciência, Tecnologia e Inovação;10
178993;Economia;10
178993;Cidades e Desenvolvimento Urbano;8
178993;Defesa e Segurança;8
178993;Direito Constitucional;8
178993;Energia, Recursos Hídricos e Minerais;7
178993;Direito e Defesa do Consumidor;5
178993;Direito e Justiça;5
178993;Previdência e Assistência Social;5
178993;Arte, Cultura e Religião;4
178993;Direito Civil e Processual Civil;3
178993;Estrutura Fundiária;3
178993;Viação, Transporte e Mobilidade;3
178993;Comunicações;2
178993;Direito Penal e Processual Penal;2
178993;Turismo;2
178993;Esporte e Lazer;1
178993;Homenagens e Datas Comemorativas;1
178993;Política, Partidos e Eleições;1
178993;Relações Internacionais e Comércio Exterior;1
178997;Finanças Públicas e Orçamento;14
178997;Administração Pública;11
178997;Processo Legislativo e Atuação Parlamentar;11
178997;Direitos Humanos e Minorias;7
178997;Trabalho e Emprego;7
178997;Direito Constitucional;6
178997;Direito Penal e Processual Penal;6
178997;Defesa e Segurança;5
178997;Direito e Justiça;5
178997;Economia;4
178997;Previdência e Assistência Social;4
178997;Saúde;4
178997;Educação;3
178997;Viação, Transporte e Mobilidade;3
178997;Direito e Defesa do Consumidor;2
178997;Energia, Recursos Hídricos e Minerais;2
178997;Indústria, Comércio e Serviços;2
178997;Meio Ambiente e Desenvolvimento Sustentável;2
178997;Política, Partidos e Eleições;2
178997;Agricultura, Pecuária, Pesca e Extrativismo;1
178997;Arte, Cultura e Religião;1
178997;Cidades e Desenvolvimento Urbano;1
178997;Comunicações;1
178997;Relações Internacionais e Comércio Exterior;1
179000;Direitos Humanos e Minorias;26
179000;Direito Penal e Processual Penal;19
179000;Defesa e Segurança;18
179000;Processo Legislativo e Atuação Parlamentar;18
179000;Administração Pública;17
179000;Finanças Públicas e Orçamento;14
179000;Direito Constitucional;9
179000;Saúde;7
179000;Economia;6
179000;Comunicações;5
179000;Política, Partidos e Eleições;5
179000;Trabalho e Emprego;5
179000;Direito e Defesa do Consumidor;4
179000;Relações Internacionais e Comércio Exterior;4
179000;Direito e Justiça;3
179000;Energia, Recursos Hídricos e Minerais;3
179000;Indústria, Comércio e Serviços;3
179000;Meio Ambiente e Desenvolvimento Sustentável;3
179000;Viação, Transporte e Mobilidade;3
179000;Arte, Cultura e Religião;2
179000;Educação;2
179000;Estrutura Fundiária;2
179000;Previdência e Assistência Social;2
179000;Agricultura, Pecuária, Pesca e Extrativismo;1
179000;Cidades e Desenvolvimento Urbano;1
179000;Ciência, Tecnologia e Inovação;1
179000;Direito Civil e Processual Civil;1
179000;Homenagens e Datas Comemorativas;1
179001;Finanças Públicas e Orçamento;7
179001;Administração Pública;5
179001;Meio Ambiente e Desenvolvimento Sustentável;4
179001;Cidades e Desenvolvimento Urbano;3
179001;Economia;3
179001;Viação, Transporte e Mobilidade;3
179001;Agricultura, Pecuária, Pesca e Extrativismo;2
179001;Direito Constitucional;2
179001;Direitos Humanos e Minorias;2
179001;Trabalho e Emprego;2
179001;Direito Penal e Processual Penal;1
179001;Direito e Justiça;1
179001;Energia, Recursos Hídricos e Minerais;1
179001;Homenagens e Datas Comemorativas;1
179001;Indústria, Comércio e Serviços;1
179001;Política, Partidos e Eleições;1
179001;Previdência e Assistência Social;1
179001;Processo Legislativo e Atuação Parlamentar;1
179001;Saúde;1
179001;Turismo;1
180214;Finanças Públicas e Orçamento;19
180214;Direitos Humanos e Minorias;18
180214;Processo Legislativo e Atuação Parlamentar;17
180214;Economia;13
180214;Administração Pública;11
180214;Saúde;9
180214;Direito Constitucional;8
180214;Trabalho e Emprego;8
180214;Defesa e Segurança;7
180214;Direito Penal e Processual Penal;7
180214;Previdência e Assistência Social;7
180214;Direito e Defesa do Consumidor;6
180214;Direito e Justiça;5
180214;Estrutura Fundiária;5
180214;Indústria, Comércio e Serviços;5
180214;Meio Ambiente e Desenvolvimento Sustentável;5
180214;Energia, Recursos Hídricos e Minerais;4
180214;Agricultura, Pecuária, Pesca e Extrativismo;3
180214;Esporte e Lazer;3
180214;Arte, Cultura e Religião;2
180214;Comunicações;2
180214;Educação;2
180214;Cidades e Desenvolvimento Urbano;1
180214;Ciência, Tecnologia e Inovação;1
180214;Política, Partidos e Eleições;1
180214;Relações Internacionais e Comércio Exterior;1
180214;Viação, Transporte e Mobilidade;1
182146;Previdência e Assistência Social;4
182146;Trabalho e Emprego;4
182146;Agricultura, Pecuária, Pesca e Extrativismo;3
182146;Direitos Humanos e Minorias;3
182146;Administração Pública;2
182146;Meio Ambiente e Desenvolvimento Sustentável;2
182146;Educação;1
188097;Direitos Humanos e Minorias;18
188097;Finanças Públicas e Orçamento;14
188097;Administração Pública;10
188097;Indústria, Comércio e Serviços;10
188097;Defesa e Segurança;8
188097;Comunicações;7
188097;Direito e Defesa do Consumidor;7
188097;Trabalho e Emprego;7
188097;Energia, Recursos Hídricos e Minerais;5
188097;Saúde;5
188097;Arte, Cultura e Religião;4
188097;Direito Penal e Processual Penal;4
188097;Economia;4
188097;Esporte e Lazer;4
188097;Direito Civil e Processual Civil;3
188097;Direito Constitucional;3
188097;Direito e Justiça;3
188097;Meio Ambiente e Desenvolvimento Sustentável;3
188097;Processo Legislativo e Atuação Parlamentar;3
188097;Viação, Transporte e Mobilidade;3
188097;Cidades e Desenvolvimento Urbano;2
188097;Ciência, Tecnologia e Inovação;2
188097;Homenagens e Datas Comemorativas;2
188097;Previdência e Assistência Social;2
188097;Relações Internacionais e Comércio Exterior;2
188097;Agricultura, Pecuária, Pesca e Extrativismo;1
188097;Educação;1
188097;Política, Partidos e Eleições;1
191923;Direitos Humanos e Minorias;13
191923;Finanças Públicas e Orçamento;12
191923;Administração Pública;11
191923;Defesa e Segurança;9
191923;Indústria, Comércio e Serviços;8
191923;Saúde;8
191923;Economia;6
191923;Energia, Recursos Hídricos e Minerais;6
191923;Trabalho e Emprego;6
191923;Arte, Cultura e Religião;5
191923;Direito e Defesa do Consumidor;5
191923;Meio Ambiente e Desenvolvimento Sustentável;5
191923;Processo Legislativo e Atuação Parlamentar;5
191923;Cidades e Desenvolvimento Urbano;3
191923;Ciência, Tecnologia e Inovação;3
191923;Comunicações;3
191923;Direito Constitucional;3
191923;Direito e Justiça;3
191923;Educação;3
191923;Agricultura, Pecuária, Pesca e Extrativismo;2
191923;Direito Civil e Processual Civil;2
191923;Direito Penal e Processual Penal;2
191923;Esporte e Lazer;2
191923;Homenagens e Datas Comemorativas;2
191923;Viação, Transporte e Mobilidade;2
191923;Política, Partidos e Eleições;1
191923;Relações Internacionais e Comércio Exterior;1
191923;Turismo;1
198197;Direitos Humanos e Minorias;24
198197;Administração Pública;19
198197;Saúde;12
198197;Direito Penal e Processual Penal;10
198197;Processo Legislativo e Atuação Parlamentar;10
198197;Defesa e Segurança;9
198197;Direito Constitucional;8
198197;Finanças Públicas e Orçamento;8
198197;Trabalho e Emprego;8
198197;Economia;7
198197;Energia, Recursos Hídricos e Minerais;7
198197;Comunicações;5
198197;Meio Ambiente e Desenvolvimento Sustentável;5
198197;Previdência e Assistência Social;5
198197;Viação, Transporte e Mobilidade;5
198197;Cidades e Desenvolvimento Urbano;4
198197;Agricultura, Pecuária, Pesca e Extrativismo;3
198197;Arte, Cultura e Religião;3
198197;Direito e Justiça;3
198197;Estrutura Fundiária;3
198197;Homenagens e Datas Comemorativas;3
198197;Direito e Defesa do Consumidor;2
198197;Indústria, Comércio e Serviços;2
198197;Política, Partidos e Eleições;2
198197;Direito Civil e Processual Civil;1
198197;Educação;1
198197;Esporte e Lazer;1
198783;Administração Pública;16
198783;Finanças Públicas e Orçamento;15
198783;Trabalho e Emprego;10
198783;Direitos Humanos e Minorias;9
198783;Defesa e Segurança;8
198783;Direito Penal e Processual Penal;6
198783;Indústria, Comércio e Serviços;6
198783;Meio Ambiente e Desenvolvimento Sustentável;6
198783;Saúde;5
198783;Viação, Transporte e Mobilidade;5
198783;Direito Constitucional;4
198783;Direito e Defesa do Consumidor;4
198783;Educação;4
198783;Previdência e Assistência Social;4
198783;Processo Legislativo e Atuação Parlamentar;4
198783;Economia;3
198783;Arte, Cultura e Religião;2
198783;Ciência, Tecnologia e Inovação;2
198783;Comunicações;2
198783;Direito e Justiça;2
198783;Política, Partidos e Eleições;2
198783;Agricultura, Pecuária, Pesca e Extrativismo;1
198783;Cidades e Desenvolvimento Urbano;1
198783;Direito Civil e Processual Civil;1
198783;Energia, Recursos Hídricos e Minerais;1
198783;Esporte e Lazer;1
198783;Relações Internacionais e Comércio Exterior;1
204351;Saúde;27
204351;Direitos Humanos e Minorias;23
204351;Administração Pública;22
204351;Finanças Públicas e Orçamento;16
204351;Processo Legislativo e Atuação Parlamentar;14
204351;Trabalho e Emprego;12
204351;Educação;10
204351;Direito Constitucional;9
204351;Direito Penal e Processual Penal;9
204351;Defesa e Segurança;8
204351;Previdência e Assistência Social;7
204351;Direito e Justiça;6
204351;Agricultura, Pecuária, Pesca e Extrativismo;5
204351;Economia;5
204351;Indústria, Comércio e Serviços;5
204351;Viação, Transporte e Mobilidade;5
204351;Esporte e Lazer;4
204351;Estrutura Fundiária;4
204351;Meio Ambiente e Desenvolvimento Sustentável;4
204351;Arte, Cultura e Religião;3
204351;Direito e Defesa do Consumidor;3
204351;Política, Partidos e Eleições;3
204351;Comunicações;2
204351;Homenagens e Datas Comemorativas;2
204351;Relações Internacionais e Comércio Exterior;2
204351;Cidades e Desenvolvimento Urbano;1
204351;Direito Civil e Processual Civil;1
204351;Energia, Recursos Hídricos e Minerais;1
204353;Direitos Humanos e Minorias;7
204353;Finanças Públicas e Orçamento;3
204353;Meio Ambiente e Desenvolvimento Sustentável;3
204353;Direito Penal e Processual Penal;2
204353;Previdência e Assistência Social;2
204353;Saúde;2
204353;Viação, Transporte e Mobilidade;2
204353;Agricultura, Pecuária, Pesca e Extrativismo;1
204353;Defesa e Segurança;1
204353;Energia, Recursos Hídricos e Minerais;1
204355;Defesa e Segurança;19
204355;Direito Penal e Processual Penal;19
204355;Administração Pública;17
204355;Processo Legislativo e Atuação Parlamentar;17
204355;Direitos Humanos e Minorias;15
204355;Finanças Públicas e Orçamento;15
204355;Trabalho e Emprego;12
204355;Economia;10
204355;Indústria, Comércio e Serviços;9
204355;Direito Constitucional;7
204355;Viação, Transporte e Mobilidade;7
204355;Direito e Defesa do Consumidor;6
204355;Meio Ambiente e Desenvolvimento Sustentável;6
204355;Direito e Justiça;5
204355;Educação;5
204355;Previdência e Assistência Social;5
204355;Saúde;5
204355;Comunicações;3
204355;Direito Civil e Processual Civil;3
204355;Relações Internacionais e Comércio Exterior;3
204355;Agricultura, Pecuária, Pesca e Extrativismo;2
204355;Ciência, Tecnologia e Inovação;2
204355;Esporte e Lazer;2
204355;Estrutura Fundiária;2
204355;Política, Partidos e Eleições;2
204355;Arte, Cultura e Religião;1
204355;Cidades e Desenvolvimento Urbano;1
204355;Energia, Recursos Hídricos e Minerais;1
204355;Homenagens e Datas Comemorativas;1
204355;Turismo;1
204356;Processo Legislativo e Atuação Parlamentar;16
204356;Administração Pública;14
204356;Direitos Humanos e Minorias;13
204356;Finanças Públicas e Orçamento;12
204356;Direito Penal e Processual Penal;10
204356;Educação;7
204356;Defesa e Segurança;6
204356;Direito Constitucional;6
204356;Direito e Defesa do Consumidor;6
204356;Direito e Justiça;6
204356;Trabalho e Emprego;6
204356;Economia;4
204356;Viação, Transporte e Mobilidade;4
204356;Arte, Cultura e Religião;3
204356;Cidades e Desenvolvimento Urbano;3
204356;Energia, Recursos Hídricos e Minerais;3
204356;Indústria, Comércio e Serviços;3
204356;Política, Partidos e Eleições;3
204356;Previdência e Assistência Social;3
204356;Comunicações;2
204356;Esporte e Lazer;2
204356;Meio Ambiente e Desenvolvimento Sustentável;2
204356;Saúde;2
204356;Estrutura Fundiária;1
204356;Homenagens e Datas Comemorativas;1
204358;Administração Pública;15
204358;Direitos Humanos e Minorias;11
204358;Finanças Públicas e Orçamento;11
204358;Processo Legislativo e Atuação Parlamentar;10
204358;Defesa e Segurança;7
204358;Trabalho e Emprego;7
204358;Comunicações;5
204358;Direito Constitucional;5
204358;Direito Penal e Processual Penal;5
204358;Economia;5
204358;Indústria, Comércio e Serviços;5
204358;Saúde;5
204358;Direito e Justiça;4
204358;Educação;4
204358;Viação, Transporte e Mobilidade;4
204358;Cidades e Desenvolvimento Urbano;3
204358;Direito e Defesa do Consumidor;3
204358;Energia, Recursos Hídricos e Minerais;3
204358;Meio Ambiente e Desenvolvimento Sustentável;3
204358;Relações Internacionais e Comércio Exterior;3
204358;Estrutura Fundiária;2
204358;Política, Partidos e Eleições;2
204358;Previdência e Assistência Social;2
204358;Agricultura, Pecuária, Pesca e Extrativismo;1
204358;Direito Civil e Processual Civil;1
204358;Esporte e Lazer;1
204360;Saúde;23
204360;Finanças Públicas e Orçamento;19
204360;Direitos Humanos e Minorias;15
204360;Administração Pública;14
204360;Processo Legislativo e Atuação Parlamentar;11
204360;Defesa e Segurança;6
204360;Trabalho e Emprego;6
204360;Direito Constitucional;5
204360;Viação, Transporte e Mobilidade;5
204360;Economia;4
204360;Previdência e Assistência Social;4
204360;Direito Penal e Processual Penal;3
204360;Direito e Justiça;3
204360;Estrutura Fundiária;3
204360;Homenagens e Datas Comemorativas;3
204360;Meio Ambiente e Desenvolvimento Sustentável;3
204360;Política, Partidos e Eleições;3
204360;Relações Internacionais e Comércio Exterior;3
204360;Arte, Cultura e Religião;2
204360;Energia, Recursos Hídricos e Minerais;2
204360;Indústria, Comércio e Serviços;2
204360;Agricultura, Pecuária, Pesca e Extrativismo;1
204360;Comunicações;1
204360;Direito Civil e Processual Civil;1
204360;Educação;1
204361;Finanças Públicas e Orçamento;12
204361;Direitos Humanos e Minorias;9
204361;Administração Pública;7
204361;Trabalho e Emprego;6
204361;Viação, Transporte e Mobilidade;6
204361;Cidades e Desenvolvimento Urbano;4
204361;Economia;4
204361;Homenagens e Datas Comemorativas;4
204361;Previdência e Assistência Social;4
204361;Saúde;4
204361;Ciência, Tecnologia e Inovação;3
204361;Direito Penal e Processual Penal;3
204361;Indústria, Comércio e Serviços;3
204361;Meio Ambiente e Desenvolvimento Sustentável;3
204361;Comunicações;2
204361;Defesa e Segurança;2
204361;Direito e Defesa do Consumidor;2
204361;Direito e Justiça;2
204361;Política, Partidos e Eleições;2
204361;Processo Legislativo e Atuação Parlamentar;2
204361;Relações Internacionais e Comércio Exterior;2
204361;Agricultura, Pecuária, Pesca e Extrativismo;1
204361;Arte, Cultura e Religião;1
204361;Direito Civil e Processual Civil;1
204361;Energia, Recursos Hídricos e Minerais;1
204361;Estrutura Fundiária;1
204362;Finanças Públicas e Orçamento;6
204362;Administração Pública;5
204362;Direitos Humanos e Minorias;5
204362;Processo Legislativo e Atuação Parlamentar;5
204362;Direito Penal e Processual Penal;4
204362;Economia;4
204362;Direito Constitucional;3
204362;Meio Ambiente e Desenvolvimento Sustentável;2
204362;Trabalho e Emprego;2
204362;Viação, Transporte e Mobilidade;2
204362;Comunicações;1
204362;Defesa e Segurança;1
204362;Direito Civil e Processual Civil;1
204362;Indústria, Comércio e Serviços;1
204362;Previdência e Assistência Social;1
204362;Relações Internacionais e Comércio Exterior;1
204362;Saúde;1
204364;Direitos Humanos e Minorias;20
204364;Processo Legislativo e Atuação Parlamentar;17
204364;Administração Pública;12
204364;Finanças Públicas e Orçamento;12
204364;Direito Penal e Processual Penal;10
204364;Arte, Cultura e Religião;8
204364;Saúde;8
204364;Defesa e Segurança;7
204364;Direito Constitucional;6
204364;Educação;6
204364;Direito e Justiça;5
204364;Economia;5
204364;Trabalho e Emprego;5
204364;Direito e Defesa do Consumidor;4
204364;Energia, Recursos Hídricos e Minerais;3
204364;Meio Ambiente e Desenvolvimento Sustentável;3
204364;Política, Partidos e Eleições;3
204364;Comunicações;2
204364;Estrutura Fundiária;2
204364;Previdência e Assistência Social;2
204364;Viação, Transporte e Mobilidade;2
204364;Agricultura, Pecuária, Pesca e Extrativismo;1
204364;Ciência, Tecnologia e Inovação;1
204364;Homenagens e Datas Comemorativas;1
204364;Indústria, Comércio e Serviços;1
204364;Relações Internacionais e Comércio Exterior;1
204365;Administração Pública;204
204365;Finanças Públicas e Orçamento;134
204365;Defesa e Segurança;76
204365;Economia;62
204365;Direitos Humanos e Minorias;50
204365;Relações Internacionais e Comércio Exterior;43
204365;Energia, Recursos Hídricos e Minerais;33
204365;Indústria, Comércio e Serviços;30
204365;Saúde;29
204365;Meio Ambiente e Desenvolvimento Sustentável;25
204365;Processo Legislativo e Atuação Parlamentar;25
204365;Comunicações;24
204365;Viação, Transporte e Mobilidade;24
204365;Previdência e Assistência Social;23
204365;Agricultura, Pecuária, Pesca e Extrativismo;21
204365;Educação;20
204365;Trabalho e Emprego;19
204365;Direito Penal e Processual Penal;15
204365;Direito e Justiça;13
204365;Direito e Defesa do Consumidor;12
204365;Ciência, Tecnologia e Inovação;11
204365;Direito Constitucional;11
204365;Estrutura Fundiária;11
204365;Política, Partidos e Eleições;11
204365;Direito Civil e Processual Civil;9
204365;Arte, Cultura e Religião;7
204365;Turismo;6
204365;Cidades e Desenvolvimento Urbano;5
204365;Esporte e Lazer;4
204367;Administração Pública;26
204367;Direitos Humanos e Minorias;20
204367;Finanças Públicas e Orçamento;20
204367;Processo Legislativo e Atuação Parlamentar;14
204367;Defesa e Segurança;12
204367;Meio Ambiente e Desenvolvimento Sustentável;11
204367;Direito Penal e Processual Penal;8
204367;Saúde;8
204367;Direito Constitucional;7
204367;Economia;7
204367;Educação;6
204367;Trabalho e Emprego;6
204367;Agricultura, Pecuária, Pesca e Extrativismo;5
204367;Previdência e Assistência Social;5
204367;Cidades e Desenvolvimento Urbano;4
204367;Direito e Defesa do Consumidor;4
204367;Direito e Justiça;4
204367;Indústria, Comércio e Serviços;4
204367;Relações Internacionais e Comércio Exterior;4
204367;Viação, Transporte e Mobilidade;4
204367;Comunicações;3
204367;Esporte e Lazer;3
204367;Ciência, Tecnologia e Inovação;2
204367;Energia, Recursos Hídricos e Minerais;2
204367;Estrutura Fundiária;2
204367;Política, Partidos e Eleições;2
204367;Arte, Cultura e Religião;1
204367;Turismo;1
204368;Finanças Públicas e Orçamento;16
204368;Administração Pública;14
204368;Defesa e Segurança;11
204368;Direito Penal e Processual Penal;10
204368;Viação, Transporte e Mobilidade;9
204368;Direitos Humanos e Minorias;8
204368;Economia;7
204368;Saúde;7
204368;Trabalho e Emprego;7
204368;Processo Legislativo e Atuação Parlamentar;6
204368;Meio Ambiente e Desenvolvimento Sustentável;5
204368;Agricultura, Pecuária, Pesca e Extrativismo;4
204368;Cidades e Desenvolvimento Urbano;4
204368;Direito e Defesa do Consumidor;4
204368;Educação;4
204368;Indústria, Comércio e Serviços;4
204368;Previdência e Assistência Social;3
204368;Ciência, Tecnologia e Inovação;2
204368;Comunicações;2
204368;Direito Constitucional;2
204368;Direito e Justiça;2
204368;Estrutura Fundiária;2
204368;Arte, Cultura e Religião;1
204368;Direito Civil e Processual Civil;1
204368;Energia, Recursos Hídricos e Minerais;1
204368;Esporte e Lazer;1
204368;Homenagens e Datas Comemorativas;1
204368;Política, Partidos e Eleições;1
204368;Relações Internacionais e Comércio Exterior;1
204369;Administração Pública;118
204369;Finanças Públicas e Orçamento;65
204369;Direitos Humanos e Minorias;58
204369;Defesa e Segurança;48
204369;Relações Internacionais e Comércio Exterior;32
204369;Economia;30
204369;Agricultura, Pecuária, Pesca e Extrativismo;28
204369;Processo Legislativo e Atuação Parlamentar;23
204369;Saúde;23
204369;Estrutura Fundiária;21
204369;Comunicações;19
204369;Educação;17
204369;Direito Penal e Processual Penal;16
204369;Meio Ambiente e Desenvolvimento Sustentável;16
204369;Trabalho e Emprego;14
204369;Viação, Transporte e Mobilidade;13
204369;Previdência e Assistência Social;12
204369;Direito e Justiça;11
204369;Direito Constitucional;10
204369;Cidades e Desenvolvimento Urbano;9
204369;Energia, Recursos Hídricos e Minerais;9
204369;Arte, Cultura e Religião;8
204369;Indústria, Comércio e Serviços;8
204369;Política, Partidos e Eleições;8
204369;Direito e Defesa do Consumidor;5
204369;Ciência, Tecnologia e Inovação;3
204369;Direito Civil e Processual Civil;3
204369;Homenagens e Datas Comemorativas;3
204369;Turismo;2
204369;Esporte e Lazer;1
204372;Direitos Humanos e Minorias;24
204372;Administração Pública;19
204372;Saúde;17
204372;Finanças Públicas e Orçamento;16
204372;Esporte e Lazer;12
204372;Trabalho e Emprego;10
204372;Direito Penal e Processual Penal;9
204372;Meio Ambiente e Desenvolvimento Sustentável;8
204372;Viação, Transporte e Mobilidade;8
204372;Defesa e Segurança;7
204372;Educação;7
204372;Indústria, Comércio e Serviços;6
204372;Direito e Justiça;5
204372;Economia;5
204372;Processo Legislativo e Atuação Parlamentar;5
204372;Comunicações;4
204372;Direito e Defesa do Consumidor;4
204372;Previdência e Assistência Social;4
204372;Arte, Cultura e Religião;3
204372;Cidades e Desenvolvimento Urbano;3
204372;Direito Constitucional;2
204372;Homenagens e Datas Comemorativas;2
204372;Relações Internacionais e Comércio Exterior;2
204372;Direito Civil e Processual Civil;1
204372;Política, Partidos e Eleições;1
204372;Turismo;1
204374;Administração Pública;46
204374;Direitos Humanos e Minorias;46
204374;Finanças Públicas e Orçamento;34
204374;Defesa e Segurança;32
204374;Saúde;32
204374;Processo Legislativo e Atuação Parlamentar;24
204374;Direito Penal e Processual Penal;21
204374;Economia;13
204374;Relações Internacionais e Comércio Exterior;13
204374;Trabalho e Emprego;13
204374;Comunicações;11
204374;Direito Constitucional;11
204374;Indústria, Comércio e Serviços;11
204374;Previdência e Assistência Social;10
204374;Viação, Transporte e Mobilidade;10
204374;Direito e Defesa do Consumidor;9
204374;Direito e Justiça;9
204374;Agricultura, Pecuária, Pesca e Extrativismo;8
204374;Educação;8
204374;Meio Ambiente e Desenvolvimento Sustentável;6
204374;Arte, Cultura e Religião;5
204374;Cidades e Desenvolvimento Urbano;5
204374;Estrutura Fundiária;5
204374;Política, Partidos e Eleições;5
204374;Direito Civil e Processual Civil;4
204374;Energia, Recursos Hídricos e Minerais;4
204374;Ciência, Tecnologia e Inovação;3
204374;Homenagens e Datas Comemorativas;2
204374;Turismo;2
204376;Administração Pública;4
204376;Direito Penal e Processual Penal;3
204376;Saúde;3
204376;Defesa e Segurança;2
204376;Direito Constitucional;2
204376;Direito e Justiça;2
204376;Processo Legislativo e Atuação Parlamentar;2
204376;Direito e Defesa do Consumidor;1
204376;Direitos Humanos e Minorias;1
204376;Energia, Recursos Hídricos e Minerais;1
204376;Previdência e Assistência Social;1
204376;Viação, Transporte e Mobilidade;1
204378;Administração Pública;44
204378;Direitos Humanos e Minorias;36
204378;Finanças Públicas e Orçamento;32
204378;Defesa e Segurança;30
204378;Direito Penal e Processual Penal;27
204378;Meio Ambiente e Desenvolvimento Sustentável;18
204378;Processo Legislativo e Atuação Parlamentar;18
204378;Saúde;15
204378;Economia;14
204378;Relações Internacionais e Comércio Exterior;13
204378;Educação;12
204378;Direito Constitucional;10
204378;Estrutura Fundiária;9
204378;Previdência e Assistência Social;9
204378;Arte, Cultura e Religião;8
204378;Energia, Recursos Hídricos e Minerais;8
204378;Trabalho e Emprego;8
204378;Viação, Transporte e Mobilidade;8
204378;Agricultura, Pecuária, Pesca e Extrativismo;7
204378;Direito e Defesa do Consumidor;7
204378;Esporte e Lazer;7
204378;Política, Partidos e Eleições;7
204378;Cidades e Desenvolvimento Urbano;5
204378;Ciência, Tecnologia e Inovação;5
204378;Comunicações;5
204378;Direito e Justiça;5
204378;Homenagens e Datas Comemorativas;5
204378;Indústria, Comércio e Serviços;5
204378;Direito Civil e Processual Civil;4
204378;Turismo;1
204379;Direitos Humanos e Minorias;16
204379;Administração Pública;14
204379;Saúde;14
204379;Finanças Públicas e Orçamento;12
204379;Trabalho e Emprego;11
204379;Indústria, Comércio e Serviços;7
204379;Processo Legislativo e Atuação Parlamentar;7
204379;Direito Civil e Processual Civil;5
204379;Direito e Defesa do Consumidor;5
204379;Direito e Justiça;5
204379;Educação;5
204379;Energia, Recursos Hídricos e Minerais;5
204379;Previdência e Assistência Social;5
204379;Defesa e Segurança;4
204379;Direito Penal e Processual Penal;4
204379;Viação, Transporte e Mobilidade;4
204379;Direito Constitucional;3
204379;Economia;3
204379;Meio Ambiente e Desenvolvimento Sustentável;3
204379;Arte, Cultura e Religião;2
204379;Ciência, Tecnologia e Inovação;2
204379;Agricultura, Pecuária, Pesca e Extrativismo;1
204379;Cidades e Desenvolvimento Urbano;1
204379;Comunicações;1
204379;Esporte e Lazer;1
204379;Estrutura Fundiária;1
204379;Política, Partidos e Eleições;1
204379;Relações Internacionais e Comércio Exterior;1
204387;Administração Pública;66
204387;Defesa e Segurança;46
204387;Direitos Humanos e Minorias;41
204387;Finanças Públicas e Orçamento;39
204387;Direito Penal e Processual Penal;33
204387;Relações Internacionais e Comércio Exterior;24
204387;Processo Legislativo e Atuação Parlamentar;22
204387;Economia;18
204387;Saúde;17
204387;Energia, Recursos Hídricos e Minerais;15
204387;Direito Constitucional;12
204387;Direito e Justiça;11
204387;Indústria, Comércio e Serviços;11
204387;Trabalho e Emprego;11
204387;Agricultura, Pecuária, Pesca e Extrativismo;10
204387;Educação;9
204387;Meio Ambiente e Desenvolvimento Sustentável;9
204387;Política, Partidos e Eleições;9
204387;Comunicações;8
204387;Cidades e Desenvolvimento Urbano;7
204387;Direito e Defesa do Consumidor;7
204387;Previdência e Assistência Social;7
204387;Arte, Cultura e Religião;6
204387;Estrutura Fundiária;5
204387;Direito Civil e Processual Civil;4
204387;Homenagens e Datas Comemorativas;4
204387;Viação, Transporte e Mobilidade;4
204387;Ciência, Tecnologia e Inovação;2
204387;Esporte e Lazer;1
204387;Turismo;1
204388;Administração Pública;52
204388;Direitos Humanos e Minorias;41
204388;Finanças Públicas e Orçamento;38
204388;Defesa e Segurança;35
204388;Economia;30
204388;Processo Legislativo e Atuação Parlamentar;27
204388;Saúde;25
204388;Direito Penal e Processual Penal;23
204388;Trabalho e Emprego;20
204388;Indústria, Comércio e Serviços;18
204388;Meio Ambiente e Desenvolvimento Sustentável;15
204388;Relações Internacionais e Comércio Exterior;15
204388;Direito Constitucional;14
204388;Direito e Justiça;14
204388;Viação, Transporte e Mobilidade;14
204388;Cidades e Desenvolvimento Urbano;13
204388;Direito e Defesa do Consumidor;10
204388;Política, Partidos e Eleições;10
204388;Agricultura, Pecuária, Pesca e Extrativismo;9
204388;Arte, Cultura e Religião;9
204388;Energia, Recursos Hídricos e Minerais;9
204388;Previdência e Assistência Social;9
204388;Comunicações;8
204388;Educação;8
204388;Homenagens e Datas Comemorativas;8
204388;Turismo;5
204388;Estrutura Fundiária;4
204388;Ciência, Tecnologia e Inovação;2
204388;Direito Civil e Processual Civil;2
204388;Esporte e Lazer;2
204390;Administração Pública;18
204390;Processo Legislativo e Atuação Parlamentar;17
204390;Direitos Humanos e Minorias;14
204390;Finanças Públicas e Orçamento;12
204390;Direito Constitucional;10
204390;Defesa e Segurança;8
204390;Economia;8
204390;Trabalho e Emprego;8
204390;Previdência e Assistência Social;7
204390;Direito Penal e Processual Penal;6
204390;Saúde;6
204390;Direito e Justiça;5
204390;Meio Ambiente e Desenvolvimento Sustentável;5
204390;Educação;4
204390;Indústria, Comércio e Serviços;4
204390;Direito e Defesa do Consumidor;3
204390;Energia, Recursos Hídricos e Minerais;3
204390;Viação, Transporte e Mobilidade;3
204390;Agricultura, Pecuária, Pesca e Extrativismo;2
204390;Comunicações;2
204390;Estrutura Fundiária;2
204390;Política, Partidos e Eleições;2
204390;Relações Internacionais e Comércio Exterior;2
204390;Arte, Cultura e Religião;1
204390;Cidades e Desenvolvimento Urbano;1
204391;Administração Pública;21
204391;Saúde;21
204391;Direitos Humanos e Minorias;20
204391;Finanças Públicas e Orçamento;14
204391;Viação, Transporte e Mobilidade;14
204391;Indústria, Comércio e Serviços;11
204391;Processo Legislativo e Atuação Parlamentar;11
204391;Direito e Defesa do Consumidor;10
204391;Trabalho e Emprego;9
204391;Defesa e Segurança;8
204391;Direito Penal e Processual Penal;8
204391;Educação;6
204391;Energia, Recursos Hídricos e Minerais;6
204391;Economia;5
204391;Cidades e Desenvolvimento Urbano;4
204391;Direito Constitucional;4
204391;Homenagens e Datas Comemorativas;4
204391;Previdência e Assistência Social;4
204391;Agricultura, Pecuária, Pesca e Extrativismo;3
204391;Arte, Cultura e Religião;2
204391;Ciência, Tecnologia e Inovação;2
204391;Comunicações;2
204391;Direito Civil e Processual Civil;2
204391;Direito e Justiça;2
204391;Meio Ambiente e Desenvolvimento Sustentável;2
204391;Esporte e Lazer;1
204391;Política, Partidos e Eleições;1
204391;Relações Internacionais e Comércio Exterior;1
204394;Finanças Públicas e Orçamento;18
204394;Administração Pública;14
204394;Processo Legislativo e Atuação Parlamentar;11
204394;Direitos Humanos e Minorias;9
204394;Trabalho e Emprego;9
204394;Indústria, Comércio e Serviços;8
204394;Homenagens e Datas Comemorativas;6
204394;Saúde;6
204394;Defesa e Segurança;5
204394;Economia;5
204394;Viação, Transporte e Mobilidade;5
204394;Direito e Defesa do Consumidor;4
204394;Meio Ambiente e Desenvolvimento Sustentável;4
204394;Ciência, Tecnologia e Inovação;3
204394;Direito Penal e Processual Penal;3
204394;Direito e Justiça;3
204394;Energia, Recursos Hídricos e Minerais;3
204394;Previdência e Assistência Social;3
204394;Agricultura, Pecuária, Pesca e Extrativismo;2
204394;Cidades e Desenvolvimento Urbano;2
204394;Política, Partidos e Eleições;2
204394;Relações Internacionais e Comércio Exterior;2
204394;Comunicações;1
204394;Direito Civil e Processual Civil;1
204394;Direito Constitucional;1
204394;Educação;1
204394;Esporte e Lazer;1
204394;Turismo;1
204395;Administração Pública;25
204395;Agricultura, Pecuária, Pesca e Extrativismo;24
204395;Direitos Humanos e Minorias;23
204395;Finanças Públicas e Orçamento;23
204395;Defesa e Segurança;22
204395;Processo Legislativo e Atuação Parlamentar;18
204395;Relações Internacionais e Comércio Exterior;15
204395;Meio Ambiente e Desenvolvimento Sustentável;13
204395;Direito Constitucional;11
204395;Economia;9
204395;Estrutura Fundiária;9
204395;Direito Penal e Processual Penal;8
204395;Trabalho e Emprego;7
204395;Educação;6
204395;Indústria, Comércio e Serviços;6
204395;Direito e Justiça;5
204395;Política, Partidos e Eleições;5
204395;Energia, Recursos Hídricos e Minerais;4
204395;Saúde;4
204395;Viação, Transporte e Mobilidade;3
204395;Cidades e Desenvolvimento Urbano;2
204395;Direito e Defesa do Consumidor;2
204395;Previdência e Assistência Social;2
204395;Arte, Cultura e Religião;1
204395;Comunicações;1
204395;Direito Civil e Processual Civil;1
204395;Homenagens e Datas Comemorativas;1
204395;Turismo;1
204396;Finanças Públicas e Orçamento;27
204396;Administração Pública;24
204396;Direitos Humanos e Minorias;20
204396;Defesa e Segurança;16
204396;Processo Legislativo e Atuação Parlamentar;15
204396;Trabalho e Emprego;14
204396;Direito Constitucional;10
204396;Economia;10
204396;Viação, Transporte e Mobilidade;10
204396;Previdência e Assistência Social;9
204396;Educação;8
204396;Meio Ambiente e Desenvolvimento Sustentável;8
204396;Direito Penal e Processual Penal;7
204396;Energia, Recursos Hídricos e Minerais;7
204396;Indústria, Comércio e Serviços;7
204396;Cidades e Desenvolvimento Urbano;5
204396;Política, Partidos e Eleições;5
204396;Saúde;5
204396;Direito e Justiça;4
204396;Estrutura Fundiária;4
204396;Agricultura, Pecuária, Pesca e Extrativismo;3
204396;Comunicações;3
204396;Direito e Defesa do Consumidor;3
204396;Relações Internacionais e Comércio Exterior;2
204396;Arte, Cultura e Religião;1
204396;Direito Civil e Processual Civil;1
204398;Administração Pública;20
204398;Finanças Públicas e Orçamento;19
204398;Processo Legislativo e Atuação Parlamentar;17
204398;Defesa e Segurança;16
204398;Direitos Humanos e Minorias;16
204398;Direito Penal e Processual Penal;9
204398;Economia;7
204398;Direito Constitucional;6
204398;Meio Ambiente e Desenvolvimento Sustentável;6
204398;Previdência e Assistência Social;6
204398;Trabalho e Emprego;6
204398;Direito e Justiça;5
204398;Estrutura Fundiária;5
204398;Saúde;5
204398;Cidades e Desenvolvimento Urbano;4
204398;Comunicações;4
204398;Direito e Defesa do Consumidor;4
204398;Indústria, Comércio e Serviços;4
204398;Relações Internacionais e Comércio Exterior;4
204398;Arte, Cultura e Religião;3
204398;Educação;3
204398;Energia, Recursos Hídricos e Minerais;3
204398;Viação, Transporte e Mobilidade;3
204398;Agricultura, Pecuária, Pesca e Extrativismo;2
204398;Homenagens e Datas Comemorativas;2
204398;Direito Civil e Processual Civil;1
204398;Turismo;1
204404;Finanças Públicas e Orçamento;17
204404;Administração Pública;15
204404;Direitos Humanos e Minorias;14
204404;Processo Legislativo e Atuação Parlamentar;13
204404;Defesa e Segurança;12
204404;Meio Ambiente e Desenvolvimento Sustentável;11
204404;Economia;10
204404;Saúde;10
204404;Direito Penal e Processual Penal;8
204404;Direito e Defesa do Consumidor;8
204404;Cidades e Desenvolvimento Urbano;6
204404;Indústria, Comércio e Serviços;6
204404;Viação, Transporte e Mobilidade;6
204404;Direito Constitucional;5
204404;Homenagens e Datas Comemorativas;5
204404;Trabalho e Emprego;5
204404;Agricultura, Pecuária, Pesca e Extrativismo;4
204404;Energia, Recursos Hídricos e Minerais;4
204404;Direito e Justiça;3
204404;Previdência e Assistência Social;3
204404;Educação;2
204404;Estrutura Fundiária;2
204404;Relações Internacionais e Comércio Exterior;2
204404;Arte, Cultura e Religião;1
204404;Direito Civil e Processual Civil;1
204404;Esporte e Lazer;1
204404;Política, Partidos e Eleições;1
204404;Turismo;1
204406;Finanças Públicas e Orçamento;32
204406;Administração Pública;17
204406;Direitos Humanos e Minorias;15
204406;Processo Legislativo e Atuação Parlamentar;15
204406;Saúde;15
204406;Defesa e Segurança;14
204406;Trabalho e Emprego;12
204406;Meio Ambiente e Desenvolvimento Sustentável;9
204406;Agricultura, Pecuária, Pesca e Extrativismo;8
204406;Direito Constitucional;8
204406;Economia;8
204406;Educação;8
204406;Indústria, Comércio e Serviços;8
204406;Direito Penal e Processual Penal;6
204406;Viação, Transporte e Mobilidade;6
204406;Previdência e Assistência Social;5
204406;Relações Internacionais e Comércio Exterior;5
204406;Homenagens e Datas Comemorativas;4
204406;Política, Partidos e Eleições;4
204406;Direito e Justiça;3
204406;Energia, Recursos Hídricos e Minerais;3
204406;Ciência, Tecnologia e Inovação;2
204406;Direito Civil e Processual Civil;2
204406;Direito e Defesa do Consumidor;2
204406;Estrutura Fundiária;2
204406;Arte, Cultura e Religião;1
204406;Cidades e Desenvolvimento Urbano;1
204406;Comunicações;1
204406;Esporte e Lazer;1
204407;Direitos Humanos e Minorias;74
204407;Administração Pública;62
204407;Finanças Públicas e Orçamento;45
204407;Defesa e Segurança;38
204407;Trabalho e Emprego;26
204407;Educação;25
204407;Saúde;22
204407;Previdência e Assistência Social;21
204407;Direito Penal e Processual Penal;20
204407;Meio Ambiente e Desenvolvimento Sustentável;17
204407;Economia;16
204407;Relações Internacionais e Comércio Exterior;11
204407;Cidades e Desenvolvimento Urbano;10
204407;Direito e Defesa do Consumidor;10
204407;Direito e Justiça;10
204407;Indústria, Comércio e Serviços;10
204407;Viação, Transporte e Mobilidade;10
204407;Processo Legislativo e Atuação Parlamentar;9
204407;Arte, Cultura e Religião;8
204407;Comunicações;7
204407;Agricultura, Pecuária, Pesca e Extrativismo;6
204407;Energia, Recursos Hídricos e Minerais;6
204407;Estrutura Fundiária;6
204407;Ciência, Tecnologia e Inovação;5
204407;Direito Civil e Processual Civil;4
204407;Direito Constitucional;4
204407;Homenagens e Datas Comemorativas;4
204407;Política, Partidos e Eleições;2
204407;Esporte e Lazer;1
204408;Processo Legislativo e Atuação Parlamentar;9
204408;Finanças Públicas e Orçamento;7
204408;Administração Pública;4
204408;Indústria, Comércio e Serviços;4
204408;Cidades e Desenvolvimento Urbano;3
204408;Direito Constitucional;3
204408;Trabalho e Emprego;3
204408;Defesa e Segurança;2
204408;Direito Penal e Processual Penal;2
204408;Direitos Humanos e Minorias;2
204408;Meio Ambiente e Desenvolvimento Sustentável;2
204408;Política, Partidos e Eleições;2
204408;Saúde;2
204408;Agricultura, Pecuária, Pesca e Extrativismo;1
204408;Arte, Cultura e Religião;1
204408;Direito e Defesa do Consumidor;1
204408;Direito e Justiça;1
204408;Economia;1
204408;Esporte e Lazer;1
204408;Estrutura Fundiária;1
204408;Previdência e Assistência Social;1
204408;Viação, Transporte e Mobilidade;1
204409;Finanças Públicas e Orçamento;23
204409;Administração Pública;16
204409;Processo Legislativo e Atuação Parlamentar;15
204409;Direitos Humanos e Minorias;11
204409;Economia;9
204409;Cidades e Desenvolvimento Urbano;7
204409;Meio Ambiente e Desenvolvimento Sustentável;7
204409;Trabalho e Emprego;7
204409;Direito e Defesa do Consumidor;6
204409;Defesa e Segurança;5
204409;Direito Penal e Processual Penal;5
204409;Direito Constitucional;4
204409;Política, Partidos e Eleições;4
204409;Agricultura, Pecuária, Pesca e Extrativismo;3
204409;Indústria, Comércio e Serviços;3
204409;Previdência e Assistência Social;3
204409;Saúde;3
204409;Comunicações;2
204409;Direito e Justiça;2
204409;Educação;2
204409;Energia, Recursos Hídricos e Minerais;2
204409;Relações Internacionais e Comércio Exterior;2
204409;Viação, Transporte e Mobilidade;2
204409;Ciência, Tecnologia e Inovação;1
204409;Estrutura Fundiária;1
204409;Turismo;1
204410;Direitos Humanos e Minorias;29
204410;Finanças Públicas e Orçamento;26
204410;Educação;22
204410;Administração Pública;20
204410;Saúde;14
204410;Ciência, Tecnologia e Inovação;13
204410;Defesa e Segurança;12
204410;Indústria, Comércio e Serviços;11
204410;Processo Legislativo e Atuação Parlamentar;11
204410;Economia;10
204410;Trabalho e Emprego;10
204410;Viação, Transporte e Mobilidade;7
204410;Cidades e Desenvolvimento Urbano;6
204410;Comunicações;6
204410;Direito Penal e Processual Penal;6
204410;Direito e Justiça;6
204410;Direito e Defesa do Consumidor;5
204410;Direito Civil e Processual Civil;4
204410;Direito Constitucional;4
204410;Previdência e Assistência Social;4
204410;Arte, Cultura e Religião;3
204410;Homenagens e Datas Comemorativas;3
204410;Meio Ambiente e Desenvolvimento Sustentável;3
204410;Relações Internacionais e Comércio Exterior;2
204410;Política, Partidos e Eleições;1
204411;Administração Pública;40
204411;Finanças Públicas e Orçamento;37
204411;Economia;27
204411;Relações Internacionais e Comércio Exterior;26
204411;Direitos Humanos e Minorias;22
204411;Processo Legislativo e Atuação Parlamentar;20
204411;Defesa e Segurança;19
204411;Indústria, Comércio e Serviços;16
204411;Energia, Recursos Hídricos e Minerais;13
204411;Saúde;9
204411;Agricultura, Pecuária, Pesca e Extrativismo;8
204411;Direito Penal e Processual Penal;8
204411;Comunicações;7
204411;Direito Constitucional;7
204411;Direito e Defesa do Consumidor;7
204411;Trabalho e Emprego;6
204411;Previdência e Assistência Social;5
204411;Arte, Cultura e Religião;4
204411;Cidades e Desenvolvimento Urbano;4
204411;Educação;4
204411;Viação, Transporte e Mobilidade;4
204411;Direito e Justiça;3
204411;Meio Ambiente e Desenvolvimento Sustentável;3
204411;Estrutura Fundiária;2
204411;Política, Partidos e Eleições;2
204411;Ciência, Tecnologia e Inovação;1
204411;Direito Civil e Processual Civil;1
204411;Turismo;1
204412;Direitos Humanos e Minorias;55
204412;Saúde;55
204412;Homenagens e Datas Comemorativas;33
204412;Administração Pública;31
204412;Arte, Cultura e Religião;30
204412;Finanças Públicas e Orçamento;23
204412;Direito Penal e Processual Penal;21
204412;Processo Legislativo e Atuação Parlamentar;21
204412;Defesa e Segurança;18
204412;Comunicações;14
204412;Economia;13
204412;Trabalho e Emprego;13
204412;Educação;12
204412;Ciência, Tecnologia e Inovação;11
204412;Direito e Defesa do Consumidor;11
204412;Esporte e Lazer;11
204412;Previdência e Assistência Social;10
204412;Direito Constitucional;8
204412;Indústria, Comércio e Serviços;8
204412;Meio Ambiente e Desenvolvimento Sustentável;7
204412;Direito e Justiça;6
204412;Relações Internacionais e Comércio Exterior;5
204412;Viação, Transporte e Mobilidade;5
204412;Agricultura, Pecuária, Pesca e Extrativismo;4
204412;Energia, Recursos Hídricos e Minerais;4
204412;Direito Civil e Processual Civil;3
204412;Estrutura Fundiária;2
204412;Cidades e Desenvolvimento Urbano;1
204412;Política, Partidos e Eleições;1
204412;Turismo;1
204416;Administração Pública;74
204416;Defesa e Segurança;50
204416;Finanças Públicas e Orçamento;45
204416;Direito Penal e Processual Penal;41
204416;Direitos Humanos e Minorias;34
204416;Processo Legislativo e Atuação Parlamentar;21
204416;Meio Ambiente e Desenvolvimento Sustentável;18
204416;Trabalho e Emprego;18
204416;Educação;17
204416;Energia, Recursos Hídricos e Minerais;17
204416;Economia;16
204416;Relações Internacionais e Comércio Exterior;16
204416;Saúde;16
204416;Agricultura, Pecuária, Pesca e Extrativismo;15
204416;Previdência e Assistência Social;12
204416;Direito Constitucional;11
204416;Cidades e Desenvolvimento Urbano;9
204416;Direito e Justiça;9
204416;Estrutura Fundiária;8
204416;Indústria, Comércio e Serviços;8
204416;Política, Partidos e Eleições;8
204416;Comunicações;7
204416;Viação, Transporte e Mobilidade;7
204416;Direito e Defesa do Consumidor;6
204416;Arte, Cultura e Religião;4
204416;Direito Civil e Processual Civil;3
204416;Ciência, Tecnologia e Inovação;2
204416;Turismo;2
204416;Homenagens e Datas Comemorativas;1
204419;Direitos Humanos e Minorias;11
204419;Defesa e Segurança;7
204419;Saúde;7
204419;Finanças Públicas e Orçamento;6
204419;Direito Penal e Processual Penal;5
204419;Processo Legislativo e Atuação Parlamentar;5
204419;Administração Pública;4
204419;Previdência e Assistência Social;4
204419;Direito Civil e Processual Civil;3
204419;Direito e Defesa do Consumidor;3
204419;Educação;2
204419;Trabalho e Emprego;2
204419;Viação, Transporte e Mobilidade;2
204419;Arte, Cultura e Religião;1
204419;Cidades e Desenvolvimento Urbano;1
204419;Comunicações;1
204419;Direito Constitucional;1
204419;Energia, Recursos Hídricos e Minerais;1
204419;Indústria, Comércio e Serviços;1
204419;Meio Ambiente e Desenvolvimento Sustentável;1
204419;Relações Internacionais e Comércio Exterior;1
204422;Direitos Humanos e Minorias;19
204422;Administração Pública;11
204422;Educação;7
204422;Previdência e Assistência Social;7
204422;Defesa e Segurança;6
204422;Processo Legislativo e Atuação Parlamentar;6
204422;Saúde;5
204422;Cidades e Desenvolvimento Urbano;4
204422;Energia, Recursos Hídricos e Minerais;4
204422;Trabalho e Emprego;4
204422;Direito Penal e Processual Penal;3
204422;Direito e Defesa do Consumidor;3
204422;Economia;3
204422;Finanças Públicas e Orçamento;3
204422;Indústria, Comércio e Serviços;3
204422;Comunicações;2
204422;Direito Constitucional;2
204422;Direito e Justiça;2
204422;Agricultura, Pecuária, Pesca e Extrativismo;1
204422;Ciência, Tecnologia e Inovação;1
204422;Direito Civil e Processual Civil;1
204422;Esporte e Lazer;1
204422;Homenagens e Datas Comemorativas;1
204422;Meio Ambiente e Desenvolvimento Sustentável;1
204422;Política, Partidos e Eleições;1
204422;Relações Internacionais e Comércio Exterior;1
204423;Processo Legislativo e Atuação Parlamentar;16
204423;Finanças Públicas e Orçamento;12
204423;Defesa e Segurança;11
204423;Administração Pública;9
204423;Direitos Humanos e Minorias;8
204423;Saúde;8
204423;Direito Constitucional;7
204423;Direito Penal e Processual Penal;5
204423;Direito e Justiça;5
204423;Previdência e Assistência Social;5
204423;Direito e Defesa do Consumidor;4
204423;Economia;4
204423;Meio Ambiente e Desenvolvimento Sustentável;4
204423;Trabalho e Emprego;4
204423;Agricultura, Pecuária, Pesca e Extrativismo;3
204423;Cidades e Desenvolvimento Urbano;3
204423;Educação;2
204423;Energia, Recursos Hídricos e Minerais;2
204423;Estrutura Fundiária;2
204423;Indústria, Comércio e Serviços;2
204423;Relações Internacionais e Comércio Exterior;2
204423;Arte, Cultura e Religião;1
204423;Comunicações;1
204423;Turismo;1
204425;Finanças Públicas e Orçamento;6
204425;Processo Legislativo e Atuação Parlamentar;6
204425;Economia;2
204425;Relações Internacionais e Comércio Exterior;2
204425;Arte, Cultura e Religião;1
204425;Direito Constitucional;1
204425;Direito Penal e Processual Penal;1
204425;Direitos Humanos e Minorias;1
204425;Esporte e Lazer;1
204425;Indústria, Comércio e Serviços;1
204425;Previdência e Assistência Social;1
204425;Trabalho e Emprego;1
204426;Administração Pública;17
204426;Finanças Públicas e Orçamento;16
204426;Trabalho e Emprego;10
204426;Defesa e Segurança;9
204426;Direitos Humanos e Minorias;9
204426;Economia;6
204426;Indústria, Comércio e Serviços;6
204426;Processo Legislativo e Atuação Parlamentar;5
204426;Comunicações;4
204426;Direito e Justiça;4
204426;Esporte e Lazer;4
204426;Agricultura, Pecuária, Pesca e Extrativismo;3
204426;Arte, Cultura e Religião;3
204426;Ciência, Tecnologia e Inovação;3
204426;Direito e Defesa do Consumidor;3
204426;Homenagens e Datas Comemorativas;3
204426;Meio Ambiente e Desenvolvimento Sustentável;3
204426;Viação, Transporte e Mobilidade;3
204426;Cidades e Desenvolvimento Urbano;2
204426;Direito Constitucional;2
204426;Direito Penal e Processual Penal;2
204426;Energia, Recursos Hídricos e Minerais;2
204426;Previdência e Assistência Social;2
204426;Saúde;2
204426;Educação;1
204426;Estrutura Fundiária;1
204426;Relações Internacionais e Comércio Exterior;1
204427;Finanças Públicas e Orçamento;21
204427;Direitos Humanos e Minorias;17
204427;Administração Pública;16
204427;Processo Legislativo e Atuação Parlamentar;14
204427;Direito Penal e Processual Penal;13
204427;Trabalho e Emprego;10
204427;Saúde;9
204427;Defesa e Segurança;8
204427;Direito Constitucional;8
204427;Educação;7
204427;Economia;6
204427;Arte, Cultura e Religião;5
204427;Direito e Justiça;4
204427;Indústria, Comércio e Serviços;4
204427;Viação, Transporte e Mobilidade;4
204427;Direito e Defesa do Consumidor;3
204427;Homenagens e Datas Comemorativas;3
204427;Previdência e Assistência Social;3
204427;Esporte e Lazer;2
204427;Meio Ambiente e Desenvolvimento Sustentável;2
204427;Política, Partidos e Eleições;2
204427;Relações Internacionais e Comércio Exterior;2
204427;Agricultura, Pecuária, Pesca e Extrativismo;1
204427;Cidades e Desenvolvimento Urbano;1
204427;Comunicações;1
204427;Direito Civil e Processual Civil;1
204427;Energia, Recursos Hídricos e Minerais;1
204431;Administração Pública;2
204431;Energia, Recursos Hídricos e Minerais;2
204431;Cidades e Desenvolvimento Urbano;1
204431;Direito Penal e Processual Penal;1
204431;Direito e Defesa do Consumidor;1
204431;Direito e Justiça;1
204431;Direitos Humanos e Minorias;1
204431;Educação;1
204431;Finanças Públicas e Orçamento;1
204431;Homenagens e Datas Comemorativas;1
204431;Política, Partidos e Eleições;1
204431;Previdência e Assistência Social;1
204431;Trabalho e Emprego;1
204431;Viação, Transporte e Mobilidade;1
204433;Arte, Cultura e Religião;1
204433;Economia;1
204436;Finanças Públicas e Orçamento;11
204436;Administração Pública;9
204436;Política, Partidos e Eleições;7
204436;Processo Legislativo e Atuação Parlamentar;7
204436;Economia;6
204436;Direito Constitucional;5
204436;Indústria, Comércio e Serviços;4
204436;Direitos Humanos e Minorias;3
204436;Homenagens e Datas Comemorativas;3
204436;Saúde;3
204436;Arte, Cultura e Religião;2
204436;Direito Civil e Processual Civil;2
204436;Direito Penal e Processual Penal;2
204436;Direito e Justiça;2
204436;Educação;2
204436;Previdência e Assistência Social;2
204436;Viação, Transporte e Mobilidade;2
204436;Agricultura, Pecuária, Pesca e Extrativismo;1
204436;Ciência, Tecnologia e Inovação;1
204436;Defesa e Segurança;1
204436;Esporte e Lazer;1
204436;Estrutura Fundiária;1
204436;Meio Ambiente e Desenvolvimento Sustentável;1
204436;Relações Internacionais e Comércio Exterior;1
204441;Administração Pública;18
204441;Processo Legislativo e Atuação Parlamentar;18
204441;Direitos Humanos e Minorias;15
204441;Defesa e Segurança;14
204441;Finanças Públicas e Orçamento;13
204441;Direito Constitucional;10
204441;Trabalho e Emprego;10
204441;Direito Penal e Processual Penal;9
204441;Previdência e Assistência Social;7
204441;Direito e Justiça;5
204441;Educação;5
204441;Viação, Transporte e Mobilidade;5
204441;Economia;4
204441;Política, Partidos e Eleições;4
204441;Direito e Defesa do Consumidor;3
204441;Esporte e Lazer;3
204441;Indústria, Comércio e Serviços;3
204441;Cidades e Desenvolvimento Urbano;2
204441;Energia, Recursos Hídricos e Minerais;2
204441;Estrutura Fundiária;2
204441;Saúde;2
204441;Agricultura, Pecuária, Pesca e Extrativismo;1
204441;Arte, Cultura e Religião;1
204441;Comunicações;1
204441;Homenagens e Datas Comemorativas;1
204441;Meio Ambiente e Desenvolvimento Sustentável;1
204441;Relações Internacionais e Comércio Exterior;1
204444;Direitos Humanos e Minorias;84
204444;Administração Pública;68
204444;Defesa e Segurança;52
204444;Finanças Públicas e Orçamento;43
204444;Saúde;38
204444;Direito Penal e Processual Penal;34
204444;Relações Internacionais e Comércio Exterior;29
204444;Trabalho e Emprego;28
204444;Educação;26
204444;Esporte e Lazer;20
204444;Processo Legislativo e Atuação Parlamentar;19
204444;Energia, Recursos Hídricos e Minerais;17
204444;Previdência e Assistência Social;14
204444;Comunicações;13
204444;Arte, Cultura e Religião;11
204444;Direito Constitucional;11
204444;Direito e Justiça;11
204444;Economia;11
204444;Viação, Transporte e Mobilidade;10
204444;Direito e Defesa do Consumidor;9
204444;Estrutura Fundiária;9
204444;Indústria, Comércio e Serviços;9
204444;Ciência, Tecnologia e Inovação;8
204444;Meio Ambiente e Desenvolvimento Sustentável;8
204444;Política, Partidos e Eleições;7
204444;Agricultura, Pecuária, Pesca e Extrativismo;6
204444;Direito Civil e Processual Civil;6
204444;Homenagens e Datas Comemorativas;5
204444;Turismo;3
204444;Cidades e Desenvolvimento Urbano;2
204445;Finanças Públicas e Orçamento;18
204445;Direitos Humanos e Minorias;17
204445;Administração Pública;14
204445;Defesa e Segurança;14
204445;Indústria, Comércio e Serviços;8
204445;Saúde;8
204445;Trabalho e Emprego;8
204445;Previdência e Assistência Social;7
204445;Agricultura, Pecuária, Pesca e Extrativismo;6
204445;Direito Penal e Processual Penal;6
204445;Economia;6
204445;Meio Ambiente e Desenvolvimento Sustentável;6
204445;Energia, Recursos Hídricos e Minerais;5
204445;Processo Legislativo e Atuação Parlamentar;5
204445;Comunicações;4
204445;Direito Constitucional;3
204445;Direito e Defesa do Consumidor;3
204445;Esporte e Lazer;3
204445;Viação, Transporte e Mobilidade;3
204445;Arte, Cultura e Religião;2
204445;Cidades e Desenvolvimento Urbano;2
204445;Ciência, Tecnologia e Inovação;2
204445;Direito e Justiça;2
204445;Educação;2
204445;Estrutura Fundiária;2
204445;Homenagens e Datas Comemorativas;2
204445;Relações Internacionais e Comércio Exterior;2
204445;Direito Civil e Processual Civil;1
204445;Política, Partidos e Eleições;1
204448;Administração Pública;2
204448;Finanças Públicas e Orçamento;2
204448;Processo Legislativo e Atuação Parlamentar;2
204448;Arte, Cultura e Religião;1
204448;Direito Constitucional;1
204448;Esporte e Lazer;1
204448;Indústria, Comércio e Serviços;1
204448;Saúde;1
204448;Viação, Transporte e Mobilidade;1
204449;Administração Pública;31
204449;Direitos Humanos e Minorias;22
204449;Finanças Públicas e Orçamento;15
204449;Defesa e Segurança;14
204449;Direito Penal e Processual Penal;14
204449;Economia;12
204449;Saúde;10
204449;Trabalho e Emprego;9
204449;Agricultura, Pecuária, Pesca e Extrativismo;8
204449;Direito Constitucional;8
204449;Indústria, Comércio e Serviços;7
204449;Meio Ambiente e Desenvolvimento Sustentável;6
204449;Processo Legislativo e Atuação Parlamentar;6
204449;Viação, Transporte e Mobilidade;6
204449;Direito e Defesa do Consumidor;5
204449;Educação;5
204449;Estrutura Fundiária;5
204449;Previdência e Assistência Social;5
204449;Homenagens e Datas Comemorativas;4
204449;Arte, Cultura e Religião;3
204449;Comunicações;3
204449;Direito Civil e Processual Civil;3
204449;Cidades e Desenvolvimento Urbano;2
204449;Ciência, Tecnologia e Inovação;2
204449;Direito e Justiça;2
204449;Energia, Recursos Hídricos e Minerais;2
204449;Esporte e Lazer;2
204449;Relações Internacionais e Comércio Exterior;1
204450;Administração Pública;17
204450;Trabalho e Emprego;13
204450;Finanças Públicas e Orçamento;12
204450;Saúde;12
204450;Direitos Humanos e Minorias;11
204450;Direito e Justiça;6
204450;Defesa e Segurança;5
204450;Direito Constitucional;5
204450;Política, Partidos e Eleições;4
204450;Processo Legislativo e Atuação Parlamentar;4
204450;Educação;3
204450;Previdência e Assistência Social;3
204450;Cidades e Desenvolvimento Urbano;2
204450;Direito e Defesa do Consumidor;2
204450;Economia;2
204450;Indústria, Comércio e Serviços;2
204450;Viação, Transporte e Mobilidade;2
204450;Agricultura, Pecuária, Pesca e Extrativismo;1
204450;Arte, Cultura e Religião;1
204450;Ciência, Tecnologia e Inovação;1
204450;Direito Civil e Processual Civil;1
204450;Direito Penal e Processual Penal;1
204450;Esporte e Lazer;1
204450;Homenagens e Datas Comemorativas;1
204450;Meio Ambiente e Desenvolvimento Sustentável;1
204453;Direitos Humanos e Minorias;26
204453;Administração Pública;20
204453;Finanças Públicas e Orçamento;14
204453;Trabalho e Emprego;13
204453;Defesa e Segurança;12
204453;Comunicações;7
204453;Indústria, Comércio e Serviços;7
204453;Saúde;6
204453;Direito Penal e Processual Penal;5
204453;Esporte e Lazer;5
204453;Processo Legislativo e Atuação Parlamentar;5
204453;Ciência, Tecnologia e Inovação;4
204453;Economia;4
204453;Educação;4
204453;Homenagens e Datas Comemorativas;4
204453;Agricultura, Pecuária, Pesca e Extrativismo;3
204453;Arte, Cultura e Religião;3
204453;Direito Civil e Processual Civil;3
204453;Direito e Defesa do Consumidor;3
204453;Direito e Justiça;3
204453;Política, Partidos e Eleições;3
204453;Direito Constitucional;2
204453;Energia, Recursos Hídricos e Minerais;2
204453;Estrutura Fundiária;2
204453;Meio Ambiente e Desenvolvimento Sustentável;2
204453;Previdência e Assistência Social;2
204453;Relações Internacionais e Comércio Exterior;2
204453;Viação, Transporte e Mobilidade;2
204455;Administração Pública;184
204455;Finanças Públicas e Orçamento;95
204455;Defesa e Segurança;75
204455;Economia;51
204455;Previdência e Assistência Social;43
204455;Relações Internacionais e Comércio Exterior;41
204455;Direitos Humanos e Minorias;38
204455;Energia, Recursos Hídricos e Minerais;36
204455;Indústria, Comércio e Serviços;34
204455;Saúde;34
204455;Processo Legislativo e Atuação Parlamentar;29
204455;Trabalho e Emprego;28
204455;Educação;21
204455;Comunicações;19
204455;Direito Penal e Processual Penal;18
204455;Direito e Justiça;18
204455;Viação, Transporte e Mobilidade;17
204455;Esporte e Lazer;14
204455;Agricultura, Pecuária, Pesca e Extrativismo;13
204455;Direito Constitucional;13
204455;Ciência, Tecnologia e Inovação;11
204455;Meio Ambiente e Desenvolvimento Sustentável;11
204455;Arte, Cultura e Religião;10
204455;Direito e Defesa do Consumidor;10
204455;Estrutura Fundiária;10
204455;Política, Partidos e Eleições;10
204455;Cidades e Desenvolvimento Urbano;7
204455;Direito Civil e Processual Civil;6
204455;Turismo;2
204456;Finanças Públicas e Orçamento;19
204456;Administração Pública;12
204456;Previdência e Assistência Social;10
204456;Trabalho e Emprego;10
204456;Direitos Humanos e Minorias;9
204456;Saúde;7
204456;Defesa e Segurança;6
204456;Processo Legislativo e Atuação Parlamentar;6
204456;Direito Penal e Processual Penal;5
204456;Economia;5
204456;Indústria, Comércio e Serviços;5
204456;Meio Ambiente e Desenvolvimento Sustentável;5
204456;Direito Constitucional;4
204456;Arte, Cultura e Religião;3
204456;Educação;3
204456;Viação, Transporte e Mobilidade;3
204456;Comunicações;2
204456;Esporte e Lazer;2
204456;Homenagens e Datas Comemorativas;2
204456;Política, Partidos e Eleições;2
204456;Cidades e Desenvolvimento Urbano;1
204456;Direito Civil e Processual Civil;1
204456;Direito e Defesa do Consumidor;1
204456;Direito e Justiça;1
204456;Energia, Recursos Hídricos e Minerais;1
204456;Relações Internacionais e Comércio Exterior;1
204456;Turismo;1
204457;Saúde;34
204457;Direitos Humanos e Minorias;33
204457;Viação, Transporte e Mobilidade;24
204457;Direito e Defesa do Consumidor;23
204457;Indústria, Comércio e Serviços;20
204457;Defesa e Segurança;14
204457;Trabalho e Emprego;14
204457;Administração Pública;13
204457;Finanças Públicas e Orçamento;11
204457;Esporte e Lazer;10
204457;Meio Ambiente e Desenvolvimento Sustentável;9
204457;Processo Legislativo e Atuação Parlamentar;7
204457;Direito Constitucional;6
204457;Direito Penal e Processual Penal;6
204457;Economia;6
204457;Educação;6
204457;Comunicações;5
204457;Direito e Justiça;5
204457;Homenagens e Datas Comemorativas;5
204457;Cidades e Desenvolvimento Urbano;4
204457;Política, Partidos e Eleições;3
204457;Agricultura, Pecuária, Pesca e Extrativismo;2
204457;Arte, Cultura e Religião;2
204457;Direito Civil e Processual Civil;2
204457;Energia, Recursos Hídricos e Minerais;2
204457;Previdência e Assistência Social;2
204457;Ciência, Tecnologia e Inovação;1
204457;Relações Internacionais e Comércio Exterior;1
204457;Turismo;1
204459;Direitos Humanos e Minorias;21
204459;Saúde;14
204459;Defesa e Segurança;9
204459;Finanças Públicas e Orçamento;9
204459;Processo Legislativo e Atuação Parlamentar;9
204459;Administração Pública;8
204459;Indústria, Comércio e Serviços;7
204459;Comunicações;6
204459;Direito Constitucional;6
204459;Direito e Defesa do Consumidor;6
204459;Economia;5
204459;Educação;5
204459;Trabalho e Emprego;5
204459;Política, Partidos e Eleições;4
204459;Viação, Transporte e Mobilidade;4
204459;Meio Ambiente e Desenvolvimento Sustentável;3
204459;Direito e Justiça;2
204459;Esporte e Lazer;2
204459;Cidades e Desenvolvimento Urbano;1
204459;Ciência, Tecnologia e Inovação;1
204459;Direito Civil e Processual Civil;1
204459;Direito Penal e Processual Penal;1
204459;Previdência e Assistência Social;1
204459;Turismo;1
204460;Administração Pública;112
204460;Finanças Públicas e Orçamento;46
204460;Direitos Humanos e Minorias;45
204460;Defesa e Segurança;32
204460;Relações Internacionais e Comércio Exterior;30
204460;Processo Legislativo e Atuação Parlamentar;24
204460;Direito Penal e Processual Penal;22
204460;Economia;21
204460;Comunicações;17
204460;Energia, Recursos Hídricos e Minerais;17
204460;Saúde;17
204460;Previdência e Assistência Social;14
204460;Educação;13
204460;Política, Partidos e Eleições;13
204460;Agricultura, Pecuária, Pesca e Extrativismo;12
204460;Viação, Transporte e Mobilidade;12
204460;Trabalho e Emprego;11
204460;Arte, Cultura e Religião;10
204460;Direito Constitucional;9
204460;Direito e Justiça;8
204460;Direito e Defesa do Consumidor;7
204460;Indústria, Comércio e Serviços;7
204460;Meio Ambiente e Desenvolvimento Sustentável;7
204460;Cidades e Desenvolvimento Urbano;5
204460;Estrutura Fundiária;5
204460;Ciência, Tecnologia e Inovação;4
204460;Direito Civil e Processual Civil;2
204460;Esporte e Lazer;1
204460;Homenagens e Datas Comemorativas;1
204462;Direitos Humanos e Minorias;108
204462;Administração Pública;104
204462;Saúde;85
204462;Defesa e Segurança;59
204462;Finanças Públicas e Orçamento;51
204462;Educação;35
204462;Previdência e Assistência Social;35
204462;Relações Internacionais e Comércio Exterior;23
204462;Meio Ambiente e Desenvolvimento Sustentável;22
204462;Comunicações;19
204462;Economia;19
204462;Arte, Cultura e Religião;17
204462;Direito Penal e Processual Penal;17
204462;Processo Legislativo e Atuação Parlamentar;17
204462;Trabalho e Emprego;17
204462;Viação, Transporte e Mobilidade;16
204462;Cidades e Desenvolvimento Urbano;15
204462;Agricultura, Pecuária, Pesca e Extrativismo;13
204462;Direito e Defesa do Consumidor;11
204462;Direito e Justiça;11
204462;Direito Constitucional;10
204462;Indústria, Comércio e Serviços;9
204462;Estrutura Fundiária;8
204462;Política, Partidos e Eleições;7
204462;Energia, Recursos Hídricos e Minerais;6
204462;Ciência, Tecnologia e Inovação;3
204462;Turismo;3
204462;Direito Civil e Processual Civil;2
204462;Homenagens e Datas Comemorativas;2
204462;Esporte e Lazer;1
204464;Direitos Humanos e Minorias;67
204464;Administração Pública;28
204464;Trabalho e Emprego;20
204464;Defesa e Segurança;19
204464;Saúde;17
204464;Educação;15
204464;Finanças Públicas e Orçamento;15
204464;Meio Ambiente e Desenvolvimento Sustentável;13
204464;Arte, Cultura e Religião;12
204464;Comunicações;12
204464;Processo Legislativo e Atuação Parlamentar;11
204464;Direito Penal e Processual Penal;10
204464;Homenagens e Datas Comemorativas;10
204464;Previdência e Assistência Social;10
204464;Direito e Defesa do Consumidor;7
204464;Direito e Justiça;7
204464;Indústria, Comércio e Serviços;7
204464;Cidades e Desenvolvimento Urbano;6
204464;Relações Internacionais e Comércio Exterior;6
204464;Economia;5
204464;Energia, Recursos Hídricos e Minerais;5
204464;Agricultura, Pecuária, Pesca e Extrativismo;4
204464;Ciência, Tecnologia e Inovação;4
204464;Direito Civil e Processual Civil;4
204464;Política, Partidos e Eleições;4
204464;Direito Constitucional;3
204464;Viação, Transporte e Mobilidade;3
204464;Esporte e Lazer;2
204464;Estrutura Fundiária;1
204472;Administração Pública;158
204472;Finanças Públicas e Orçamento;127
204472;Defesa e Segurança;79
204472;Direito Penal e Processual Penal;68
204472;Direitos Humanos e Minorias;66
204472;Economia;51
204472;Agricultura, Pecuária, Pesca e Extrativismo;45
204472;Saúde;41
204472;Direito Civil e Processual Civil;36
204472;Meio Ambiente e Desenvolvimento Sustentável;36
204472;Cidades e Desenvolvimento Urbano;35
204472;Relações Internacionais e Comércio Exterior;35
204472;Indústria, Comércio e Serviços;33
204472;Processo Legislativo e Atuação Parlamentar;33
204472;Comunicações;26
204472;Direito e Defesa do Consumidor;25
204472;Energia, Recursos Hídricos e Minerais;23
204472;Viação, Transporte e Mobilidade;23
204472;Trabalho e Emprego;22
204472;Educação;21
204472;Previdência e Assistência Social;20
204472;Política, Partidos e Eleições;19
204472;Estrutura Fundiária;17
204472;Direito e Justiça;15
204472;Arte, Cultura e Religião;14
204472;Direito Constitucional;14
204472;Esporte e Lazer;7
204472;Ciência, Tecnologia e Inovação;6
204472;Turismo;4
204472;Homenagens e Datas Comemorativas;2
204473;Direitos Humanos e Minorias;36
204473;Administração Pública;28
204473;Defesa e Segurança;27
204473;Finanças Públicas e Orçamento;27
204473;Direito Penal e Processual Penal;24
204473;Processo Legislativo e Atuação Parlamentar;23
204473;Saúde;18
204473;Economia;17
204473;Direito Constitucional;13
204473;Indústria, Comércio e Serviços;11
204473;Trabalho e Emprego;11
204473;Comunicações;9
204473;Relações Internacionais e Comércio Exterior;9
204473;Estrutura Fundiária;8
204473;Previdência e Assistência Social;8
204473;Meio Ambiente e Desenvolvimento Sustentável;7
204473;Direito e Justiça;6
204473;Energia, Recursos Hídricos e Minerais;6
204473;Política, Partidos e Eleições;6
204473;Viação, Transporte e Mobilidade;6
204473;Agricultura, Pecuária, Pesca e Extrativismo;5
204473;Educação;5
204473;Esporte e Lazer;5
204473;Direito e Defesa do Consumidor;4
204473;Direito Civil e Processual Civil;3
204473;Arte, Cultura e Religião;2
204473;Cidades e Desenvolvimento Urbano;2
204473;Homenagens e Datas Comemorativas;2
204473;Ciência, Tecnologia e Inovação;1
204473;Turismo;1
204474;Administração Pública;11
204474;Direitos Humanos e Minorias;9
204474;Finanças Públicas e Orçamento;8
204474;Trabalho e Emprego;8
204474;Saúde;6
204474;Direito Constitucional;4
204474;Processo Legislativo e Atuação Parlamentar;4
204474;Defesa e Segurança;3
204474;Direito Penal e Processual Penal;3
204474;Direito e Defesa do Consumidor;3
204474;Direito e Justiça;3
204474;Economia;3
204474;Indústria, Comércio e Serviços;3
204474;Previdência e Assistência Social;3
204474;Viação, Transporte e Mobilidade;3
204474;Comunicações;2
204474;Meio Ambiente e Desenvolvimento Sustentável;2
204474;Agricultura, Pecuária, Pesca e Extrativismo;1
204474;Arte, Cultura e Religião;1
204474;Cidades e Desenvolvimento Urbano;1
204474;Direito Civil e Processual Civil;1
204474;Educação;1
204474;Estrutura Fundiária;1
204474;Homenagens e Datas Comemorativas;1
204474;Política, Partidos e Eleições;1
204474;Turismo;1
204476;Processo Legislativo e Atuação Parlamentar;4
204476;Finanças Públicas e Orçamento;3
204476;Trabalho e Emprego;3
204476;Administração Pública;2
204476;Política, Partidos e Eleições;2
204476;Viação, Transporte e Mobilidade;2
204476;Arte, Cultura e Religião;1
204476;Cidades e Desenvolvimento Urbano;1
204476;Defesa e Segurança;1
204476;Direito Constitucional;1
204476;Direito Penal e Processual Penal;1
204476;Direito e Justiça;1
204476;Economia;1
204476;Relações Internacionais e Comércio Exterior;1
204476;Saúde;1
204479;Administração Pública;65
204479;Defesa e Segurança;57
204479;Finanças Públicas e Orçamento;39
204479;Direitos Humanos e Minorias;31
204479;Viação, Transporte e Mobilidade;26
204479;Trabalho e Emprego;24
204479;Processo Legislativo e Atuação Parlamentar;21
204479;Saúde;20
204479;Direito Penal e Processual Penal;17
204479;Economia;16
204479;Relações Internacionais e Comércio Exterior;16
204479;Meio Ambiente e Desenvolvimento Sustentável;15
204479;Direito Constitucional;12
204479;Energia, Recursos Hídricos e Minerais;12
204479;Direito e Justiça;9
204479;Indústria, Comércio e Serviços;9
204479;Agricultura, Pecuária, Pesca e Extrativismo;7
204479;Estrutura Fundiária;7
204479;Direito e Defesa do Consumidor;6
204479;Previdência e Assistência Social;6
204479;Arte, Cultura e Religião;5
204479;Cidades e Desenvolvimento Urbano;5
204479;Educação;5
204479;Homenagens e Datas Comemorativas;5
204479;Política, Partidos e Eleições;4
204479;Comunicações;3
204479;Esporte e Lazer;3
204479;Direito Civil e Processual Civil;1
204480;Administração Pública;22
204480;Direitos Humanos e Minorias;19
204480;Finanças Públicas e Orçamento;18
204480;Trabalho e Emprego;15
204480;Defesa e Segurança;13
204480;Processo Legislativo e Atuação Parlamentar;9
204480;Indústria, Comércio e Serviços;8
204480;Arte, Cultura e Religião;7
204480;Economia;7
204480;Energia, Recursos Hídricos e Minerais;7
204480;Comunicações;6
204480;Direito Constitucional;6
204480;Direito e Defesa do Consumidor;6
204480;Educação;6
204480;Saúde;6
204480;Direito e Justiça;5
204480;Meio Ambiente e Desenvolvimento Sustentável;5
204480;Previdência e Assistência Social;5
204480;Direito Penal e Processual Penal;4
204480;Esporte e Lazer;4
204480;Homenagens e Datas Comemorativas;4
204480;Relações Internacionais e Comércio Exterior;4
204480;Agricultura, Pecuária, Pesca e Extrativismo;3
204480;Ciência, Tecnologia e Inovação;3
204480;Viação, Transporte e Mobilidade;3
204480;Cidades e Desenvolvimento Urbano;2
204480;Direito Civil e Processual Civil;1
204480;Política, Partidos e Eleições;1
204480;Turismo;1
204481;Administração Pública;22
204481;Direitos Humanos e Minorias;20
204481;Finanças Públicas e Orçamento;19
204481;Saúde;17
204481;Processo Legislativo e Atuação Parlamentar;15
204481;Direito Penal e Processual Penal;12
204481;Defesa e Segurança;10
204481;Economia;8
204481;Previdência e Assistência Social;8
204481;Direito Constitucional;7
204481;Trabalho e Emprego;7
204481;Educação;6
204481;Relações Internacionais e Comércio Exterior;6
204481;Viação, Transporte e Mobilidade;5
204481;Arte, Cultura e Religião;4
204481;Direito e Justiça;3
204481;Estrutura Fundiária;3
204481;Indústria, Comércio e Serviços;3
204481;Meio Ambiente e Desenvolvimento Sustentável;3
204481;Agricultura, Pecuária, Pesca e Extrativismo;2
204481;Direito e Defesa do Consumidor;2
204481;Energia, Recursos Hídricos e Minerais;2
204481;Esporte e Lazer;2
204481;Cidades e Desenvolvimento Urbano;1
204482;Finanças Públicas e Orçamento;11
204482;Direitos Humanos e Minorias;8
204482;Saúde;8
204482;Processo Legislativo e Atuação Parlamentar;6
204482;Viação, Transporte e Mobilidade;5
204482;Administração Pública;4
204482;Defesa e Segurança;4
204482;Direito Penal e Processual Penal;4
204482;Educação;4
204482;Direito e Defesa do Consumidor;3
204482;Energia, Recursos Hídricos e Minerais;3
204482;Indústria, Comércio e Serviços;3
204482;Previdência e Assistência Social;3
204482;Trabalho e Emprego;3
204482;Direito Civil e Processual Civil;2
204482;Direito Constitucional;2
204482;Meio Ambiente e Desenvolvimento Sustentável;2
204482;Política, Partidos e Eleições;2
204482;Agricultura, Pecuária, Pesca e Extrativismo;1
204482;Arte, Cultura e Religião;1
204482;Cidades e Desenvolvimento Urbano;1
204482;Economia;1
204482;Esporte e Lazer;1
204482;Estrutura Fundiária;1
204482;Relações Internacionais e Comércio Exterior;1
204482;Turismo;1
204485;Finanças Públicas e Orçamento;20
204485;Administração Pública;19
204485;Direitos Humanos e Minorias;17
204485;Trabalho e Emprego;16
204485;Processo Legislativo e Atuação Parlamentar;13
204485;Economia;12
204485;Indústria, Comércio e Serviços;9
204485;Previdência e Assistência Social;9
204485;Direito Constitucional;8
204485;Saúde;8
204485;Defesa e Segurança;6
204485;Viação, Transporte e Mobilidade;6
204485;Direito Penal e Processual Penal;5
204485;Direito e Defesa do Consumidor;5
204485;Direito e Justiça;5
204485;Educação;5
204485;Meio Ambiente e Desenvolvimento Sustentável;5
204485;Esporte e Lazer;3
204485;Arte, Cultura e Religião;2
204485;Cidades e Desenvolvimento Urbano;2
204485;Energia, Recursos Hídricos e Minerais;2
204485;Homenagens e Datas Comemorativas;2
204485;Agricultura, Pecuária, Pesca e Extrativismo;1
204485;Ciência, Tecnologia e Inovação;1
204485;Direito Civil e Processual Civil;1
204485;Estrutura Fundiária;1
204485;Política, Partidos e Eleições;1
204485;Relações Internacionais e Comércio Exterior;1
204485;Turismo;1
204486;Finanças Públicas e Orçamento;13
204486;Administração Pública;10
204486;Economia;6
204486;Previdência e Assistência Social;6
204486;Processo Legislativo e Atuação Parlamentar;6
204486;Trabalho e Emprego;6
204486;Saúde;5
204486;Defesa e Segurança;4
204486;Direito Constitucional;4
204486;Direito e Justiça;4
204486;Direitos Humanos e Minorias;4
204486;Indústria, Comércio e Serviços;2
204486;Agricultura, Pecuária, Pesca e Extrativismo;1
204486;Comunicações;1
204486;Direito e Defesa do Consumidor;1
204486;Educação;1
204486;Energia, Recursos Hídricos e Minerais;1
204486;Política, Partidos e Eleições;1
204488;Meio Ambiente e Desenvolvimento Sustentável;67
204488;Direito Penal e Processual Penal;44
204488;Direitos Humanos e Minorias;34
204488;Saúde;34
204488;Administração Pública;27
204488;Defesa e Segurança;23
204488;Finanças Públicas e Orçamento;19
204488;Indústria, Comércio e Serviços;19
204488;Trabalho e Emprego;16
204488;Direito e Defesa do Consumidor;14
204488;Viação, Transporte e Mobilidade;11
204488;Comunicações;10
204488;Educação;10
204488;Direito e Justiça;9
204488;Economia;9
204488;Agricultura, Pecuária, Pesca e Extrativismo;8
204488;Cidades e Desenvolvimento Urbano;8
204488;Direito Civil e Processual Civil;8
204488;Arte, Cultura e Religião;6
204488;Esporte e Lazer;6
204488;Processo Legislativo e Atuação Parlamentar;6
204488;Previdência e Assistência Social;5
204488;Ciência, Tecnologia e Inovação;3
204488;Política, Partidos e Eleições;3
204488;Direito Constitucional;2
204488;Homenagens e Datas Comemorativas;2
204488;Relações Internacionais e Comércio Exterior;2
204488;Ciências Exatas e da Terra;1
204488;Ciências Sociais e Humanas;1
204488;Energia, Recursos Hídricos e Minerais;1
204488;Turismo;1
204489;Administração Pública;2
204489;Finanças Públicas e Orçamento;2
204489;Meio Ambiente e Desenvolvimento Sustentável;2
204489;Direito Constitucional;1
204489;Direito Penal e Processual Penal;1
204489;Direito e Justiça;1
204489;Direitos Humanos e Minorias;1
204489;Economia;1
204489;Indústria, Comércio e Serviços;1
204489;Política, Partidos e Eleições;1
204489;Processo Legislativo e Atuação Parlamentar;1
204489;Trabalho e Emprego;1
204491;Direitos Humanos e Minorias;36
204491;Finanças Públicas e Orçamento;26
204491;Administração Pública;23
204491;Processo Legislativo e Atuação Parlamentar;17
204491;Defesa e Segurança;15
204491;Economia;13
204491;Saúde;13
204491;Trabalho e Emprego;13
204491;Viação, Transporte e Mobilidade;13
204491;Educação;12
204491;Meio Ambiente e Desenvolvimento Sustentável;12
204491;Direito Penal e Processual Penal;9
204491;Arte, Cultura e Religião;8
204491;Direito e Defesa do Consumidor;8
204491;Direito e Justiça;8
204491;Indústria, Comércio e Serviços;7
204491;Previdência e Assistência Social;7
204491;Cidades e Desenvolvimento Urbano;5
204491;Direito Civil e Processual Civil;5
204491;Direito Constitucional;5
204491;Relações Internacionais e Comércio Exterior;5
204491;Comunicações;4
204491;Ciência, Tecnologia e Inovação;3
204491;Energia, Recursos Hídricos e Minerais;3
204491;Estrutura Fundiária;3
204491;Política, Partidos e Eleições;3
204491;Agricultura, Pecuária, Pesca e Extrativismo;2
204492;Finanças Públicas e Orçamento;11
204492;Defesa e Segurança;8
204492;Administração Pública;7
204492;Comunicações;5
204492;Direitos Humanos e Minorias;5
204492;Indústria, Comércio e Serviços;5
204492;Trabalho e Emprego;5
204492;Ciência, Tecnologia e Inovação;3
204492;Direito e Defesa do Consumidor;3
204492;Energia, Recursos Hídricos e Minerais;3
204492;Arte, Cultura e Religião;2
204492;Direito Constitucional;2
204492;Economia;2
204492;Esporte e Lazer;2
204492;Processo Legislativo e Atuação Parlamentar;2
204492;Viação, Transporte e Mobilidade;2
204492;Agricultura, Pecuária, Pesca e Extrativismo;1
204492;Cidades e Desenvolvimento Urbano;1
204492;Direito e Justiça;1
204492;Homenagens e Datas Comemorativas;1
204492;Política, Partidos e Eleições;1
204492;Previdência e Assistência Social;1
204492;Relações Internacionais e Comércio Exterior;1
204494;Meio Ambiente e Desenvolvimento Sustentável;47
204494;Direitos Humanos e Minorias;26
204494;Direito Penal e Processual Penal;21
204494;Defesa e Segurança;17
204494;Saúde;17
204494;Finanças Públicas e Orçamento;12
204494;Administração Pública;10
204494;Educação;10
204494;Trabalho e Emprego;9
204494;Indústria, Comércio e Serviços;8
204494;Previdência e Assistência Social;6
204494;Arte, Cultura e Religião;5
204494;Cidades e Desenvolvimento Urbano;5
204494;Processo Legislativo e Atuação Parlamentar;5
204494;Viação, Transporte e Mobilidade;5
204494;Agricultura, Pecuária, Pesca e Extrativismo;3
204494;Economia;3
204494;Homenagens e Datas Comemorativas;3
204494;Ciência, Tecnologia e Inovação;2
204494;Comunicações;2
204494;Direito Civil e Processual Civil;2
204494;Direito e Justiça;2
204494;Esporte e Lazer;2
204494;Direito Constitucional;1
204494;Direito e Defesa do Consumidor;1
204494;Energia, Recursos Hídricos e Minerais;1
204494;Política, Partidos e Eleições;1
204494;Relações Internacionais e Comércio Exterior;1
204495;Direitos Humanos e Minorias;16
204495;Administração Pública;14
204495;Homenagens e Datas Comemorativas;14
204495;Finanças Públicas e Orçamento;13
204495;Trabalho e Emprego;11
204495;Agricultura, Pecuária, Pesca e Extrativismo;10
204495;Defesa e Segurança;8
204495;Educação;8
204495;Arte, Cultura e Religião;7
204495;Indústria, Comércio e Serviços;7
204495;Meio Ambiente e Desenvolvimento Sustentável;7
204495;Previdência e Assistência Social;7
204495;Economia;6
204495;Saúde;6
204495;Ciência, Tecnologia e Inovação;4
204495;Comunicações;4
204495;Direito e Defesa do Consumidor;4
204495;Energia, Recursos Hídricos e Minerais;4
204495;Processo Legislativo e Atuação Parlamentar;4
204495;Esporte e Lazer;3
204495;Estrutura Fundiária;3
204495;Direito e Justiça;2
204495;Política, Partidos e Eleições;2
204495;Relações Internacionais e Comércio Exterior;2
204495;Viação, Transporte e Mobilidade;2
204495;Direito Constitucional;1
204496;Homenagens e Datas Comemorativas;7
204496;Finanças Públicas e Orçamento;4
204496;Processo Legislativo e Atuação Parlamentar;4
204496;Direitos Humanos e Minorias;3
204496;Arte, Cultura e Religião;2
204496;Economia;2
204496;Meio Ambiente e Desenvolvimento Sustentável;2
204496;Turismo;2
204496;Administração Pública;1
204496;Defesa e Segurança;1
204496;Direito Constitucional;1
204496;Direito Penal e Processual Penal;1
204496;Energia, Recursos Hídricos e Minerais;1
204496;Esporte e Lazer;1
204496;Relações Internacionais e Comércio Exterior;1
204497;Finanças Públicas e Orçamento;9
204497;Direitos Humanos e Minorias;8
204497;Defesa e Segurança;7
204497;Direito e Justiça;6
204497;Economia;6
204497;Indústria, Comércio e Serviços;6
204497;Processo Legislativo e Atuação Parlamentar;6
204497;Direito Constitucional;5
204497;Direito Penal e Processual Penal;5
204497;Meio Ambiente e Desenvolvimento Sustentável;5
204497;Saúde;5
204497;Administração Pública;4
204497;Arte, Cultura e Religião;4
204497;Comunicações;3
204497;Cidades e Desenvolvimento Urbano;2
204497;Direito Civil e Processual Civil;2
204497;Energia, Recursos Hídricos e Minerais;2
204497;Homenagens e Datas Comemorativas;2
204497;Política, Partidos e Eleições;2
204497;Previdência e Assistência Social;2
204497;Trabalho e Emprego;2
204497;Viação, Transporte e Mobilidade;2
204497;Agricultura, Pecuária, Pesca e Extrativismo;1
204497;Direito e Defesa do Consumidor;1
204497;Educação;1
204497;Relações Internacionais e Comércio Exterior;1
204498;Direitos Humanos e Minorias;11
204498;Direito Penal e Processual Penal;6
204498;Administração Pública;4
204498;Direito Constitucional;4
204498;Finanças Públicas e Orçamento;4
204498;Saúde;3
204498;Trabalho e Emprego;3
204498;Arte, Cultura e Religião;2
204498;Indústria, Comércio e Serviços;2
204498;Meio Ambiente e Desenvolvimento Sustentável;2
204498;Previdência e Assistência Social;2
204498;Processo Legislativo e Atuação Parlamentar;2
204498;Defesa e Segurança;1
204498;Economia;1
204498;Educação;1
204498;Estrutura Fundiária;1
204498;Política, Partidos e Eleições;1
204498;Viação, Transporte e Mobilidade;1
204501;Administração Pública;19
204501;Finanças Públicas e Orçamento;18
204501;Direitos Humanos e Minorias;14
204501;Defesa e Segurança;12
204501;Indústria, Comércio e Serviços;10
204501;Processo Legislativo e Atuação Parlamentar;9
204501;Direito e Defesa do Consumidor;8
204501;Viação, Transporte e Mobilidade;8
204501;Trabalho e Emprego;7
204501;Direito Penal e Processual Penal;6
204501;Esporte e Lazer;6
204501;Relações Internacionais e Comércio Exterior;6
204501;Saúde;6
204501;Economia;5
204501;Meio Ambiente e Desenvolvimento Sustentável;5
204501;Comunicações;4
204501;Direito Constitucional;4
204501;Energia, Recursos Hídricos e Minerais;4
204501;Direito e Justiça;3
204501;Agricultura, Pecuária, Pesca e Extrativismo;2
204501;Arte, Cultura e Religião;2
204501;Cidades e Desenvolvimento Urbano;2
204501;Ciência, Tecnologia e Inovação;2
204501;Educação;2
204501;Previdência e Assistência Social;2
204501;Estrutura Fundiária;1
204501;Homenagens e Datas Comemorativas;1
204501;Política, Partidos e Eleições;1
204504;Direitos Humanos e Minorias;17
204504;Administração Pública;10
204504;Defesa e Segurança;8
204504;Finanças Públicas e Orçamento;8
204504;Trabalho e Emprego;8
204504;Comunicações;7
204504;Viação, Transporte e Mobilidade;7
204504;Arte, Cultura e Religião;6
204504;Saúde;5
204504;Cidades e Desenvolvimento Urbano;4
204504;Direito Constitucional;4
204504;Direito Penal e Processual Penal;4
204504;Direito Civil e Processual Civil;2
204504;Direito e Justiça;2
204504;Economia;2
204504;Homenagens e Datas Comemorativas;2
204504;Processo Legislativo e Atuação Parlamentar;2
204504;Educação;1
204504;Energia, Recursos Hídricos e Minerais;1
204504;Esporte e Lazer;1
204504;Indústria, Comércio e Serviços;1
204504;Política, Partidos e Eleições;1
204504;Previdência e Assistência Social;1
204504;Relações Internacionais e Comércio Exterior;1
204504;Turismo;1
204506;Direitos Humanos e Minorias;5
204506;Processo Legislativo e Atuação Parlamentar;5
204506;Comunicações;4
204506;Defesa e Segurança;4
204506;Administração Pública;3
204506;Direito Constitucional;3
204506;Direito e Defesa do Consumidor;3
204506;Direito e Justiça;3
204506;Finanças Públicas e Orçamento;3
204506;Indústria, Comércio e Serviços;3
204506;Ciência, Tecnologia e Inovação;2
204506;Direito Civil e Processual Civil;2
204506;Direito Penal e Processual Penal;2
204506;Educação;2
204506;Energia, Recursos Hídricos e Minerais;2
204506;Trabalho e Emprego;2
204506;Arte, Cultura e Religião;1
204506;Cidades e Desenvolvimento Urbano;1
204506;Meio Ambiente e Desenvolvimento Sustentável;1
204506;Previdência e Assistência Social;1
204506;Saúde;1
204507;Defesa e Segurança;25
204507;Direitos Humanos e Minorias;24
204507;Finanças Públicas e Orçamento;18
204507;Processo Legislativo e Atuação Parlamentar;18
204507;Administração Pública;15
204507;Saúde;15
204507;Direito Penal e Processual Penal;13
204507;Relações Internacionais e Comércio Exterior;11
204507;Trabalho e Emprego;11
204507;Direito Constitucional;9
204507;Economia;8
204507;Educação;8
204507;Direito e Justiça;7
204507;Comunicações;6
204507;Homenagens e Datas Comemorativas;6
204507;Viação, Transporte e Mobilidade;6
204507;Direito e Defesa do Consumidor;5
204507;Estrutura Fundiária;4
204507;Meio Ambiente e Desenvolvimento Sustentável;4
204507;Política, Partidos e Eleições;4
204507;Agricultura, Pecuária, Pesca e Extrativismo;3
204507;Cidades e Desenvolvimento Urbano;3
204507;Ciência, Tecnologia e Inovação;3
204507;Energia, Recursos Hídricos e Minerais;3
204507;Indústria, Comércio e Serviços;3
204507;Arte, Cultura e Religião;2
204507;Direito Civil e Processual Civil;2
204507;Previdência e Assistência Social;2
204507;Esporte e Lazer;1
204508;Processo Legislativo e Atuação Parlamentar;11
204508;Defesa e Segurança;6
204508;Administração Pública;5
204508;Direitos Humanos e Minorias;4
204508;Finanças Públicas e Orçamento;4
204508;Direito e Defesa do Consumidor;3
204508;Previdência e Assistência Social;3
204508;Trabalho e Emprego;3
204508;Direito Constitucional;2
204508;Direito Penal e Processual Penal;2
204508;Energia, Recursos Hídricos e Minerais;2
204508;Estrutura Fundiária;2
204508;Saúde;2
204508;Agricultura, Pecuária, Pesca e Extrativismo;1
204508;Comunicações;1
204508;Direito Civil e Processual Civil;1
204508;Direito e Justiça;1
204508;Homenagens e Datas Comemorativas;1
204508;Indústria, Comércio e Serviços;1
204508;Meio Ambiente e Desenvolvimento Sustentável;1
204508;Política, Partidos e Eleições;1
204511;Direitos Humanos e Minorias;34
204511;Administração Pública;27
204511;Finanças Públicas e Orçamento;26
204511;Processo Legislativo e Atuação Parlamentar;25
204511;Defesa e Segurança;21
204511;Saúde;19
204511;Trabalho e Emprego;16
204511;Educação;15
204511;Viação, Transporte e Mobilidade;14
204511;Direito Penal e Processual Penal;11
204511;Previdência e Assistência Social;11
204511;Relações Internacionais e Comércio Exterior;11
204511;Homenagens e Datas Comemorativas;9
204511;Comunicações;8
204511;Economia;8
204511;Meio Ambiente e Desenvolvimento Sustentável;8
204511;Indústria, Comércio e Serviços;7
204511;Direito Constitucional;6
204511;Direito e Defesa do Consumidor;6
204511;Direito Civil e Processual Civil;5
204511;Esporte e Lazer;5
204511;Arte, Cultura e Religião;4
204511;Cidades e Desenvolvimento Urbano;4
204511;Ciência, Tecnologia e Inovação;4
204511;Direito e Justiça;4
204511;Energia, Recursos Hídricos e Minerais;4
204511;Agricultura, Pecuária, Pesca e Extrativismo;2
204511;Política, Partidos e Eleições;2
204511;Estrutura Fundiária;1
204512;Defesa e Segurança;23
204512;Direito Penal e Processual Penal;19
204512;Administração Pública;18
204512;Finanças Públicas e Orçamento;16
204512;Processo Legislativo e Atuação Parlamentar;15
204512;Trabalho e Emprego;13
204512;Direitos Humanos e Minorias;10
204512;Direito Constitucional;9
204512;Direito e Justiça;8
204512;Previdência e Assistência Social;8
204512;Saúde;8
204512;Economia;6
204512;Meio Ambiente e Desenvolvimento Sustentável;6
204512;Energia, Recursos Hídricos e Minerais;5
204512;Política, Partidos e Eleições;5
204512;Agricultura, Pecuária, Pesca e Extrativismo;4
204512;Educação;4
204512;Direito Civil e Processual Civil;3
204512;Direito e Defesa do Consumidor;3
204512;Indústria, Comércio e Serviços;3
204512;Viação, Transporte e Mobilidade;3
204512;Relações Internacionais e Comércio Exterior;2
204512;Arte, Cultura e Religião;1
204512;Ciência, Tecnologia e Inovação;1
204512;Comunicações;1
204512;Esporte e Lazer;1
204512;Estrutura Fundiária;1
204512;Homenagens e Datas Comemorativas;1
204514;Defesa e Segurança;8
204514;Esporte e Lazer;3
204514;Finanças Públicas e Orçamento;3
204514;Trabalho e Emprego;3
204514;Administração Pública;2
204514;Direito Penal e Processual Penal;2
204514;Direito e Justiça;2
204514;Previdência e Assistência Social;2
204514;Agricultura, Pecuária, Pesca e Extrativismo;1
204514;Direito e Defesa do Consumidor;1
204514;Direitos Humanos e Minorias;1
204514;Economia;1
204514;Processo Legislativo e Atuação Parlamentar;1
204514;Relações Internacionais e Comércio Exterior;1
204514;Saúde;1
204515;Trabalho e Emprego;9
204515;Saúde;6
204515;Direitos Humanos e Minorias;4
204515;Administração Pública;3
204515;Direito e Defesa do Consumidor;2
204515;Direito e Justiça;2
204515;Educação;2
204515;Finanças Públicas e Orçamento;2
204515;Indústria, Comércio e Serviços;2
204515;Processo Legislativo e Atuação Parlamentar;2
204515;Arte, Cultura e Religião;1
204515;Cidades e Desenvolvimento Urbano;1
204515;Comunicações;1
204515;Defesa e Segurança;1
204515;Direito Constitucional;1
204515;Direito Penal e Processual Penal;1
204515;Economia;1
204515;Relações Internacionais e Comércio Exterior;1
204517;Finanças Públicas e Orçamento;35
204517;Processo Legislativo e Atuação Parlamentar;20
204517;Saúde;19
204517;Administração Pública;18
204517;Trabalho e Emprego;16
204517;Defesa e Segurança;14
204517;Agricultura, Pecuária, Pesca e Extrativismo;13
204517;Direitos Humanos e Minorias;13
204517;Economia;12
204517;Direito Penal e Processual Penal;9
204517;Meio Ambiente e Desenvolvimento Sustentável;9
204517;Homenagens e Datas Comemorativas;7
204517;Viação, Transporte e Mobilidade;7
204517;Direito Constitucional;5
204517;Energia, Recursos Hídricos e Minerais;5
204517;Indústria, Comércio e Serviços;5
204517;Previdência e Assistência Social;5
204517;Direito e Defesa do Consumidor;4
204517;Direito e Justiça;4
204517;Cidades e Desenvolvimento Urbano;3
204517;Direito Civil e Processual Civil;3
204517;Estrutura Fundiária;3
204517;Ciência, Tecnologia e Inovação;2
204517;Educação;2
204517;Política, Partidos e Eleições;2
204517;Relações Internacionais e Comércio Exterior;2
204517;Arte, Cultura e Religião;1
204517;Comunicações;1
204518;Saúde;87
204518;Administração Pública;84
204518;Finanças Públicas e Orçamento;54
204518;Direitos Humanos e Minorias;32
204518;Defesa e Segurança;25
204518;Previdência e Assistência Social;23
204518;Processo Legislativo e Atuação Parlamentar;17
204518;Economia;16
204518;Educação;16
204518;Relações Internacionais e Comércio Exterior;15
204518;Energia, Recursos Hídricos e Minerais;14
204518;Direito Penal e Processual Penal;11
204518;Meio Ambiente e Desenvolvimento Sustentável;10
204518;Trabalho e Emprego;9
204518;Agricultura, Pecuária, Pesca e Extrativismo;7
204518;Indústria, Comércio e Serviços;7
204518;Viação, Transporte e Mobilidade;7
204518;Comunicações;6
204518;Direito e Defesa do Consumidor;6
204518;Estrutura Fundiária;6
204518;Política, Partidos e Eleições;6
204518;Direito Constitucional;5
204518;Direito e Justiça;4
204518;Homenagens e Datas Comemorativas;3
204518;Arte, Cultura e Religião;2
204518;Ciência, Tecnologia e Inovação;2
204518;Cidades e Desenvolvimento Urbano;1
204518;Direito Civil e Processual Civil;1
204518;Esporte e Lazer;1
204520;Administração Pública;54
204520;Defesa e Segurança;46
204520;Finanças Públicas e Orçamento;34
204520;Direitos Humanos e Minorias;33
204520;Direito Penal e Processual Penal;23
204520;Processo Legislativo e Atuação Parlamentar;21
204520;Saúde;21
204520;Economia;16
204520;Trabalho e Emprego;16
204520;Viação, Transporte e Mobilidade;14
204520;Relações Internacionais e Comércio Exterior;13
204520;Educação;12
204520;Meio Ambiente e Desenvolvimento Sustentável;11
204520;Agricultura, Pecuária, Pesca e Extrativismo;9
204520;Arte, Cultura e Religião;8
204520;Indústria, Comércio e Serviços;8
204520;Estrutura Fundiária;7
204520;Cidades e Desenvolvimento Urbano;6
204520;Direito Constitucional;6
204520;Direito e Defesa do Consumidor;6
204520;Direito e Justiça;5
204520;Previdência e Assistência Social;5
204520;Energia, Recursos Hídricos e Minerais;4
204520;Política, Partidos e Eleições;4
204520;Comunicações;3
204520;Homenagens e Datas Comemorativas;3
204520;Direito Civil e Processual Civil;2
204520;Turismo;1
204522;Finanças Públicas e Orçamento;5
204522;Direitos Humanos e Minorias;3
204522;Processo Legislativo e Atuação Parlamentar;3
204522;Defesa e Segurança;1
204522;Direito e Defesa do Consumidor;1
204522;Educação;1
204522;Política, Partidos e Eleições;1
204522;Previdência e Assistência Social;1
204522;Saúde;1
204524;Finanças Públicas e Orçamento;13
204524;Administração Pública;12
204524;Saúde;12
204524;Direitos Humanos e Minorias;11
204524;Defesa e Segurança;9
204524;Meio Ambiente e Desenvolvimento Sustentável;8
204524;Processo Legislativo e Atuação Parlamentar;8
204524;Trabalho e Emprego;8
204524;Educação;6
204524;Homenagens e Datas Comemorativas;5
204524;Indústria, Comércio e Serviços;5
204524;Previdência e Assistência Social;5
204524;Direito Constitucional;4
204524;Comunicações;3
204524;Direito e Defesa do Consumidor;3
204524;Economia;3
204524;Energia, Recursos Hídricos e Minerais;3
204524;Agricultura, Pecuária, Pesca e Extrativismo;2
204524;Arte, Cultura e Religião;2
204524;Cidades e Desenvolvimento Urbano;2
204524;Direito Penal e Processual Penal;2
204524;Esporte e Lazer;2
204524;Política, Partidos e Eleições;2
204524;Viação, Transporte e Mobilidade;2
204524;Ciência, Tecnologia e Inovação;1
204524;Direito Civil e Processual Civil;1
204524;Direito e Justiça;1
204524;Turismo;1
204525;Direitos Humanos e Minorias;24
204525;Finanças Públicas e Orçamento;23
204525;Administração Pública;20
204525;Saúde;19
204525;Direito Penal e Processual Penal;17
204525;Processo Legislativo e Atuação Parlamentar;16
204525;Defesa e Segurança;15
204525;Meio Ambiente e Desenvolvimento Sustentável;12
204525;Economia;10
204525;Viação, Transporte e Mobilidade;10
204525;Relações Internacionais e Comércio Exterior;9
204525;Trabalho e Emprego;7
204525;Cidades e Desenvolvimento Urbano;6
204525;Direito Constitucional;6
204525;Direito e Defesa do Consumidor;6
204525;Homenagens e Datas Comemorativas;5
204525;Indústria, Comércio e Serviços;5
204525;Previdência e Assistência Social;5
204525;Comunicações;4
204525;Educação;4
204525;Arte, Cultura e Religião;3
204525;Direito e Justiça;3
204525;Agricultura, Pecuária, Pesca e Extrativismo;2
204525;Energia, Recursos Hídricos e Minerais;2
204525;Estrutura Fundiária;2
204525;Política, Partidos e Eleições;2
204525;Direito Civil e Processual Civil;1
204525;Esporte e Lazer;1
204525;Turismo;1
204526;Administração Pública;149
204526;Finanças Públicas e Orçamento;80
204526;Defesa e Segurança;77
204526;Relações Internacionais e Comércio Exterior;71
204526;Economia;50
204526;Direitos Humanos e Minorias;49
204526;Saúde;30
204526;Direito Penal e Processual Penal;29
204526;Viação, Transporte e Mobilidade;26
204526;Processo Legislativo e Atuação Parlamentar;25
204526;Trabalho e Emprego;21
204526;Indústria, Comércio e Serviços;17
204526;Agricultura, Pecuária, Pesca e Extrativismo;15
204526;Previdência e Assistência Social;15
204526;Energia, Recursos Hídricos e Minerais;14
204526;Cidades e Desenvolvimento Urbano;13
204526;Arte, Cultura e Religião;12
204526;Comunicações;12
204526;Direito Constitucional;12
204526;Direito e Justiça;12
204526;Política, Partidos e Eleições;12
204526;Meio Ambiente e Desenvolvimento Sustentável;11
204526;Estrutura Fundiária;10
204526;Direito Civil e Processual Civil;8
204526;Educação;8
204526;Ciência, Tecnologia e Inovação;5
204526;Direito e Defesa do Consumidor;5
204526;Esporte e Lazer;5
204526;Turismo;3
204526;Homenagens e Datas Comemorativas;1
204528;Administração Pública;444
204528;Finanças Públicas e Orçamento;196
204528;Defesa e Segurança;162
204528;Economia;94
204528;Direitos Humanos e Minorias;85
204528;Relações Internacionais e Comércio Exterior;77
204528;Saúde;70
204528;Educação;67
204528;Energia, Recursos Hídricos e Minerais;66
204528;Indústria, Comércio e Serviços;55
204528;Viação, Transporte e Mobilidade;55
204528;Previdência e Assistência Social;52
204528;Comunicações;45
204528;Trabalho e Emprego;38
204528;Meio Ambiente e Desenvolvimento Sustentável;37
204528;Processo Legislativo e Atuação Parlamentar;28
204528;Agricultura, Pecuária, Pesca e Extrativismo;25
204528;Ciência, Tecnologia e Inovação;21
204528;Direito e Justiça;20
204528;Direito Penal e Processual Penal;17
204528;Direito e Defesa do Consumidor;17
204528;Arte, Cultura e Religião;15
204528;Direito Constitucional;14
204528;Estrutura Fundiária;14
204528;Política, Partidos e Eleições;14
204528;Cidades e Desenvolvimento Urbano;12
204528;Direito Civil e Processual Civil;12
204528;Turismo;8
204528;Esporte e Lazer;6
204528;Ciências Sociais e Humanas;1
204531;Direito Penal e Processual Penal;7
204531;Administração Pública;3
204531;Direitos Humanos e Minorias;3
204531;Defesa e Segurança;2
204531;Direito e Justiça;2
204531;Meio Ambiente e Desenvolvimento Sustentável;2
204531;Ciência, Tecnologia e Inovação;1
204531;Comunicações;1
204531;Finanças Públicas e Orçamento;1
204531;Previdência e Assistência Social;1
204531;Viação, Transporte e Mobilidade;1
204533;Educação;15
204533;Direitos Humanos e Minorias;7
204533;Trabalho e Emprego;5
204533;Finanças Públicas e Orçamento;4
204533;Administração Pública;2
204533;Arte, Cultura e Religião;2
204533;Saúde;2
204533;Cidades e Desenvolvimento Urbano;1
204533;Ciência, Tecnologia e Inovação;1
204533;Defesa e Segurança;1
204533;Direito e Justiça;1
204533;Previdência e Assistência Social;1
204533;Viação, Transporte e Mobilidade;1
204534;Direitos Humanos e Minorias;71
204534;Educação;61
204534;Administração Pública;43
204534;Saúde;41
204534;Finanças Públicas e Orçamento;32
204534;Defesa e Segurança;21
204534;Meio Ambiente e Desenvolvimento Sustentável;17
204534;Direito Penal e Processual Penal;13
204534;Indústria, Comércio e Serviços;13
204534;Esporte e Lazer;12
204534;Trabalho e Emprego;12
204534;Economia;11
204534;Previdência e Assistência Social;11
204534;Comunicações;10
204534;Homenagens e Datas Comemorativas;10
204534;Cidades e Desenvolvimento Urbano;9
204534;Ciência, Tecnologia e Inovação;9
204534;Processo Legislativo e Atuação Parlamentar;8
204534;Direito e Defesa do Consumidor;7
204534;Energia, Recursos Hídricos e Minerais;7
204534;Relações Internacionais e Comércio Exterior;7
204534;Direito e Justiça;5
204534;Viação, Transporte e Mobilidade;5
204534;Direito Constitucional;4
204534;Arte, Cultura e Religião;3
204534;Direito Civil e Processual Civil;3
204534;Política, Partidos e Eleições;3
204534;Agricultura, Pecuária, Pesca e Extrativismo;1
204534;Estrutura Fundiária;1
204535;Direitos Humanos e Minorias;84
204535;Administração Pública;51
204535;Finanças Públicas e Orçamento;39
204535;Defesa e Segurança;33
204535;Saúde;32
204535;Trabalho e Emprego;25
204535;Educação;24
204535;Direito Penal e Processual Penal;22
204535;Previdência e Assistência Social;22
204535;Meio Ambiente e Desenvolvimento Sustentável;16
204535;Comunicações;12
204535;Homenagens e Datas Comemorativas;12
204535;Relações Internacionais e Comércio Exterior;12
204535;Economia;11
204535;Cidades e Desenvolvimento Urbano;10
204535;Arte, Cultura e Religião;8
204535;Direito e Justiça;8
204535;Política, Partidos e Eleições;8
204535;Ciência, Tecnologia e Inovação;7
204535;Processo Legislativo e Atuação Parlamentar;7
204535;Viação, Transporte e Mobilidade;7
204535;Direito e Defesa do Consumidor;6
204535;Indústria, Comércio e Serviços;6
204535;Direito Civil e Processual Civil;5
204535;Energia, Recursos Hídricos e Minerais;5
204535;Agricultura, Pecuária, Pesca e Extrativismo;4
204535;Esporte e Lazer;3
204535;Estrutura Fundiária;3
204535;Direito Constitucional;2
204535;Turismo;2
204536;Administração Pública;125
204536;Direito Penal e Processual Penal;112
204536;Defesa e Segurança;82
204536;Finanças Públicas e Orçamento;71
204536;Direitos Humanos e Minorias;60
204536;Saúde;33
204536;Trabalho e Emprego;31
204536;Direito Civil e Processual Civil;28
204536;Direito e Justiça;28
204536;Processo Legislativo e Atuação Parlamentar;25
204536;Economia;23
204536;Viação, Transporte e Mobilidade;23
204536;Cidades e Desenvolvimento Urbano;20
204536;Comunicações;20
204536;Direito e Defesa do Consumidor;19
204536;Educação;19
204536;Relações Internacionais e Comércio Exterior;19
204536;Indústria, Comércio e Serviços;18
204536;Direito Constitucional;14
204536;Meio Ambiente e Desenvolvimento Sustentável;14
204536;Arte, Cultura e Religião;13
204536;Política, Partidos e Eleições;12
204536;Previdência e Assistência Social;12
204536;Energia, Recursos Hídricos e Minerais;10
204536;Ciência, Tecnologia e Inovação;7
204536;Homenagens e Datas Comemorativas;7
204536;Esporte e Lazer;6
204536;Estrutura Fundiária;5
204536;Agricultura, Pecuária, Pesca e Extrativismo;3
204536;Turismo;2
204539;Direitos Humanos e Minorias;16
204539;Finanças Públicas e Orçamento;11
204539;Administração Pública;8
204539;Educação;8
204539;Trabalho e Emprego;8
204539;Defesa e Segurança;6
204539;Processo Legislativo e Atuação Parlamentar;6
204539;Previdência e Assistência Social;4
204539;Saúde;4
204539;Comunicações;3
204539;Direito Constitucional;3
204539;Economia;3
204539;Viação, Transporte e Mobilidade;3
204539;Agricultura, Pecuária, Pesca e Extrativismo;2
204539;Direito e Justiça;2
204539;Homenagens e Datas Comemorativas;2
204539;Relações Internacionais e Comércio Exterior;2
204539;Arte, Cultura e Religião;1
204539;Cidades e Desenvolvimento Urbano;1
204539;Direito Penal e Processual Penal;1
204539;Direito e Defesa do Consumidor;1
204539;Energia, Recursos Hídricos e Minerais;1
204539;Esporte e Lazer;1
204539;Estrutura Fundiária;1
204539;Indústria, Comércio e Serviços;1
204539;Política, Partidos e Eleições;1
204540;Direitos Humanos e Minorias;45
204540;Saúde;23
204540;Defesa e Segurança;13
204540;Finanças Públicas e Orçamento;10
204540;Educação;9
204540;Administração Pública;8
204540;Direito Penal e Processual Penal;8
204540;Processo Legislativo e Atuação Parlamentar;8
204540;Trabalho e Emprego;7
204540;Previdência e Assistência Social;6
204540;Viação, Transporte e Mobilidade;6
204540;Homenagens e Datas Comemorativas;5
204540;Comunicações;4
204540;Arte, Cultura e Religião;3
204540;Direito e Defesa do Consumidor;3
204540;Direito e Justiça;3
204540;Direito Constitucional;2
204540;Energia, Recursos Hídricos e Minerais;2
204540;Indústria, Comércio e Serviços;2
204540;Política, Partidos e Eleições;2
204540;Cidades e Desenvolvimento Urbano;1
204540;Direito Civil e Processual Civil;1
204540;Estrutura Fundiária;1
204540;Relações Internacionais e Comércio Exterior;1
204541;Finanças Públicas e Orçamento;12
204541;Arte, Cultura e Religião;9
204541;Administração Pública;7
204541;Direitos Humanos e Minorias;7
204541;Processo Legislativo e Atuação Parlamentar;7
204541;Turismo;7
204541;Educação;5
204541;Energia, Recursos Hídricos e Minerais;5
204541;Trabalho e Emprego;5
204541;Defesa e Segurança;4
204541;Viação, Transporte e Mobilidade;4
204541;Direito Penal e Processual Penal;3
204541;Direito e Defesa do Consumidor;3
204541;Direito e Justiça;3
204541;Economia;3
204541;Homenagens e Datas Comemorativas;3
204541;Previdência e Assistência Social;3
204541;Saúde;3
204541;Agricultura, Pecuária, Pesca e Extrativismo;2
204541;Direito Constitucional;2
204541;Indústria, Comércio e Serviços;2
204541;Ciência, Tecnologia e Inovação;1
204541;Meio Ambiente e Desenvolvimento Sustentável;1
204541;Política, Partidos e Eleições;1
204541;Relações Internacionais e Comércio Exterior;1
204549;Processo Legislativo e Atuação Parlamentar;7
204549;Administração Pública;5
204549;Direito Constitucional;4
204549;Direito e Defesa do Consumidor;3
204549;Energia, Recursos Hídricos e Minerais;2
204549;Finanças Públicas e Orçamento;2
204549;Defesa e Segurança;1
204549;Direito Penal e Processual Penal;1
204549;Direitos Humanos e Minorias;1
204549;Economia;1
204549;Indústria, Comércio e Serviços;1
204549;Política, Partidos e Eleições;1
204549;Saúde;1
204549;Trabalho e Emprego;1
204549;Viação, Transporte e Mobilidade;1
204550;Direitos Humanos e Minorias;28
204550;Finanças Públicas e Orçamento;24
204550;Administração Pública;19
204550;Saúde;17
204550;Educação;15
204550;Comunicações;14
204550;Defesa e Segurança;13
204550;Indústria, Comércio e Serviços;11
204550;Economia;8
204550;Direito Penal e Processual Penal;7
204550;Direito e Defesa do Consumidor;7
204550;Processo Legislativo e Atuação Parlamentar;7
204550;Homenagens e Datas Comemorativas;6
204550;Trabalho e Emprego;6
204550;Ciência, Tecnologia e Inovação;5
204550;Previdência e Assistência Social;5
204550;Arte, Cultura e Religião;4
204550;Cidades e Desenvolvimento Urbano;4
204550;Direito Civil e Processual Civil;4
204550;Direito Constitucional;4
204550;Direito e Justiça;4
204550;Meio Ambiente e Desenvolvimento Sustentável;4
204550;Energia, Recursos Hídricos e Minerais;3
204550;Esporte e Lazer;3
204550;Viação, Transporte e Mobilidade;3
204550;Agricultura, Pecuária, Pesca e Extrativismo;1
204550;Política, Partidos e Eleições;1
204550;Relações Internacionais e Comércio Exterior;1
204553;Direitos Humanos e Minorias;27
204553;Administração Pública;20
204553;Defesa e Segurança;19
204553;Finanças Públicas e Orçamento;14
204553;Arte, Cultura e Religião;12
204553;Saúde;11
204553;Homenagens e Datas Comemorativas;10
204553;Viação, Transporte e Mobilidade;10
204553;Previdência e Assistência Social;8
204553;Trabalho e Emprego;8
204553;Direito Penal e Processual Penal;7
204553;Direito e Defesa do Consumidor;7
204553;Processo Legislativo e Atuação Parlamentar;7
204553;Economia;6
204553;Comunicações;5
204553;Direito e Justiça;5
204553;Educação;5
204553;Direito Constitucional;4
204553;Energia, Recursos Hídricos e Minerais;4
204553;Cidades e Desenvolvimento Urbano;3
204553;Indústria, Comércio e Serviços;3
204553;Meio Ambiente e Desenvolvimento Sustentável;3
204553;Agricultura, Pecuária, Pesca e Extrativismo;2
204553;Direito Civil e Processual Civil;2
204553;Ciência, Tecnologia e Inovação;1
204553;Política, Partidos e Eleições;1
204557;Administração Pública;38
204557;Viação, Transporte e Mobilidade;22
204557;Finanças Públicas e Orçamento;20
204557;Direitos Humanos e Minorias;18
204557;Economia;15
204557;Educação;13
204557;Previdência e Assistência Social;13
204557;Processo Legislativo e Atuação Parlamentar;12
204557;Indústria, Comércio e Serviços;11
204557;Direito Constitucional;10
204557;Trabalho e Emprego;10
204557;Direito Penal e Processual Penal;9
204557;Saúde;9
204557;Comunicações;8
204557;Direito Civil e Processual Civil;7
204557;Direito e Defesa do Consumidor;7
204557;Meio Ambiente e Desenvolvimento Sustentável;7
204557;Cidades e Desenvolvimento Urbano;6
204557;Defesa e Segurança;5
204557;Direito e Justiça;5
204557;Energia, Recursos Hídricos e Minerais;5
204557;Esporte e Lazer;5
204557;Agricultura, Pecuária, Pesca e Extrativismo;4
204557;Política, Partidos e Eleições;3
204557;Homenagens e Datas Comemorativas;2
204557;Relações Internacionais e Comércio Exterior;2
204557;Arte, Cultura e Religião;1
204557;Estrutura Fundiária;1
204559;Finanças Públicas e Orçamento;22
204559;Direitos Humanos e Minorias;17
204559;Indústria, Comércio e Serviços;17
204559;Administração Pública;15
204559;Economia;14
204559;Trabalho e Emprego;11
204559;Agricultura, Pecuária, Pesca e Extrativismo;9
204559;Defesa e Segurança;9
204559;Comunicações;8
204559;Educação;8
204559;Viação, Transporte e Mobilidade;8
204559;Ciência, Tecnologia e Inovação;7
204559;Previdência e Assistência Social;6
204559;Processo Legislativo e Atuação Parlamentar;6
204559;Energia, Recursos Hídricos e Minerais;5
204559;Direito e Defesa do Consumidor;4
204559;Meio Ambiente e Desenvolvimento Sustentável;4
204559;Saúde;4
204559;Arte, Cultura e Religião;3
204559;Cidades e Desenvolvimento Urbano;3
204559;Direito Civil e Processual Civil;3
204559;Direito Constitucional;3
204559;Direito Penal e Processual Penal;3
204559;Direito e Justiça;3
204559;Homenagens e Datas Comemorativas;3
204559;Relações Internacionais e Comércio Exterior;3
204559;Esporte e Lazer;2
204560;Finanças Públicas e Orçamento;8
204560;Processo Legislativo e Atuação Parlamentar;7
204560;Administração Pública;6
204560;Direitos Humanos e Minorias;5
204560;Defesa e Segurança;4
204560;Política, Partidos e Eleições;4
204560;Direito Constitucional;3
204560;Indústria, Comércio e Serviços;3
204560;Saúde;3
204560;Direito Civil e Processual Civil;2
204560;Direito e Defesa do Consumidor;2
204560;Direito e Justiça;2
204560;Economia;2
204560;Arte, Cultura e Religião;1
204560;Energia, Recursos Hídricos e Minerais;1
204560;Esporte e Lazer;1
204560;Homenagens e Datas Comemorativas;1
204560;Previdência e Assistência Social;1
204560;Relações Internacionais e Comércio Exterior;1
204560;Viação, Transporte e Mobilidade;1
204563;Saúde;4
204563;Direitos Humanos e Minorias;3
204563;Finanças Públicas e Orçamento;3
204563;Meio Ambiente e Desenvolvimento Sustentável;3
204563;Administração Pública;2
204563;Direito e Defesa do Consumidor;2
204563;Indústria, Comércio e Serviços;2
204563;Agricultura, Pecuária, Pesca e Extrativismo;1
204563;Arte, Cultura e Religião;1
204563;Cidades e Desenvolvimento Urbano;1
204563;Defesa e Segurança;1
204563;Direito Constitucional;1
204563;Economia;1
204563;Educação;1
204563;Previdência e Assistência Social;1
204563;Processo Legislativo e Atuação Parlamentar;1
204563;Trabalho e Emprego;1
204566;Finanças Públicas e Orçamento;10
204566;Saúde;9
204566;Administração Pública;6
204566;Trabalho e Emprego;6
204566;Processo Legislativo e Atuação Parlamentar;5
204566;Direito Constitucional;4
204566;Economia;4
204566;Direitos Humanos e Minorias;3
204566;Previdência e Assistência Social;3
204566;Arte, Cultura e Religião;2
204566;Cidades e Desenvolvimento Urbano;2
204566;Defesa e Segurança;2
204566;Direito e Justiça;2
204566;Educação;2
204566;Meio Ambiente e Desenvolvimento Sustentável;2
204566;Agricultura, Pecuária, Pesca e Extrativismo;1
204566;Direito Penal e Processual Penal;1
204566;Direito e Defesa do Consumidor;1
204566;Indústria, Comércio e Serviços;1
204566;Política, Partidos e Eleições;1
204566;Relações Internacionais e Comércio Exterior;1
204566;Viação, Transporte e Mobilidade;1
204567;Administração Pública;8
204567;Finanças Públicas e Orçamento;7
204567;Direitos Humanos e Minorias;6
204567;Trabalho e Emprego;6
204567;Agricultura, Pecuária, Pesca e Extrativismo;4
204567;Direito Constitucional;4
204567;Direito e Justiça;4
204567;Indústria, Comércio e Serviços;4
204567;Direito e Defesa do Consumidor;3
204567;Meio Ambiente e Desenvolvimento Sustentável;3
204567;Previdência e Assistência Social;3
204567;Processo Legislativo e Atuação Parlamentar;3
204567;Saúde;3
204567;Defesa e Segurança;2
204567;Educação;2
204567;Viação, Transporte e Mobilidade;2
204567;Arte, Cultura e Religião;1
204567;Cidades e Desenvolvimento Urbano;1
204567;Comunicações;1
204567;Direito Penal e Processual Penal;1
204567;Economia;1
204567;Energia, Recursos Hídricos e Minerais;1
204567;Estrutura Fundiária;1
204567;Homenagens e Datas Comemorativas;1
204567;Política, Partidos e Eleições;1
204570;Direitos Humanos e Minorias;49
204570;Saúde;24
204570;Direito Penal e Processual Penal;23
204570;Direito e Defesa do Consumidor;21
204570;Administração Pública;20
204570;Defesa e Segurança;20
204570;Indústria, Comércio e Serviços;20
204570;Educação;19
204570;Viação, Transporte e Mobilidade;16
204570;Finanças Públicas e Orçamento;9
204570;Economia;8
204570;Trabalho e Emprego;7
204570;Arte, Cultura e Religião;6
204570;Energia, Recursos Hídricos e Minerais;5
204570;Cidades e Desenvolvimento Urbano;4
204570;Esporte e Lazer;4
204570;Processo Legislativo e Atuação Parlamentar;4
204570;Comunicações;3
204570;Homenagens e Datas Comemorativas;3
204570;Política, Partidos e Eleições;3
204570;Previdência e Assistência Social;3
204570;Ciência, Tecnologia e Inovação;2
204570;Direito Civil e Processual Civil;2
204570;Direito Constitucional;2
204570;Direito e Justiça;2
204570;Meio Ambiente e Desenvolvimento Sustentável;2
204570;Relações Internacionais e Comércio Exterior;2
204570;Agricultura, Pecuária, Pesca e Extrativismo;1
204570;Turismo;1
204571;Administração Pública;17
204571;Direitos Humanos e Minorias;9
204571;Finanças Públicas e Orçamento;9
204571;Trabalho e Emprego;7
204571;Defesa e Segurança;6
204571;Processo Legislativo e Atuação Parlamentar;5
204571;Saúde;5
204571;Direito Constitucional;4
204571;Direito Penal e Processual Penal;4
204571;Direito e Justiça;4
204571;Previdência e Assistência Social;4
204571;Ciência, Tecnologia e Inovação;3
204571;Indústria, Comércio e Serviços;3
204571;Viação, Transporte e Mobilidade;3
204571;Arte, Cultura e Religião;2
204571;Comunicações;2
204571;Direito Civil e Processual Civil;2
204571;Direito e Defesa do Consumidor;2
204571;Economia;2
204571;Educação;2
204571;Energia, Recursos Hídricos e Minerais;2
204571;Política, Partidos e Eleições;2
204571;Agricultura, Pecuária, Pesca e Extrativismo;1
204571;Homenagens e Datas Comemorativas;1
204571;Meio Ambiente e Desenvolvimento Sustentável;1
204572;Administração Pública;391
204572;Saúde;389
204572;Defesa e Segurança;311
204572;Direitos Humanos e Minorias;241
204572;Economia;204
204572;Viação, Transporte e Mobilidade;201
204572;Finanças Públicas e Orçamento;197
204572;Meio Ambiente e Desenvolvimento Sustentável;151
204572;Indústria, Comércio e Serviços;128
204572;Educação;119
204572;Energia, Recursos Hídricos e Minerais;101
204572;Previdência e Assistência Social;100
204572;Relações Internacionais e Comércio Exterior;98
204572;Agricultura, Pecuária, Pesca e Extrativismo;85
204572;Trabalho e Emprego;81
204572;Cidades e Desenvolvimento Urbano;64
204572;Comunicações;52
204572;Direito e Defesa do Consumidor;45
204572;Direito Penal e Processual Penal;43
204572;Ciência, Tecnologia e Inovação;41
204572;Estrutura Fundiária;28
204572;Direito e Justiça;26
204572;Processo Legislativo e Atuação Parlamentar;26
204572;Direito Civil e Processual Civil;17
204572;Turismo;15
204572;Arte, Cultura e Religião;14
204572;Esporte e Lazer;14
204572;Direito Constitucional;11
204572;Política, Partidos e Eleições;11
204572;Homenagens e Datas Comemorativas;8
204572;Ciências Exatas e da Terra;1
204572;Ciências Sociais e Humanas;1
204573;Administração Pública;11
204573;Finanças Públicas e Orçamento;11
204573;Processo Legislativo e Atuação Parlamentar;9
204573;Direito Penal e Processual Penal;8
204573;Defesa e Segurança;7
204573;Direito e Defesa do Consumidor;7
204573;Economia;7
204573;Energia, Recursos Hídricos e Minerais;7
204573;Agricultura, Pecuária, Pesca e Extrativismo;6
204573;Direito Constitucional;5
204573;Meio Ambiente e Desenvolvimento Sustentável;5
204573;Saúde;5
204573;Direitos Humanos e Minorias;4
204573;Direito Civil e Processual Civil;3
204573;Indústria, Comércio e Serviços;3
204573;Política, Partidos e Eleições;3
204573;Previdência e Assistência Social;3
204573;Trabalho e Emprego;3
204573;Direito e Justiça;2
204573;Esporte e Lazer;2
204573;Relações Internacionais e Comércio Exterior;2
204573;Arte, Cultura e Religião;1
204573;Ciência, Tecnologia e Inovação;1
204573;Estrutura Fundiária;1
204573;Homenagens e Datas Comemorativas;1
204573;Viação, Transporte e Mobilidade;1
204574;Direitos Humanos e Minorias;12
204574;Finanças Públicas e Orçamento;8
204574;Processo Legislativo e Atuação Parlamentar;8
204574;Administração Pública;7
204574;Defesa e Segurança;5
204574;Direito Penal e Processual Penal;4
204574;Saúde;4
204574;Direito Constitucional;3
204574;Economia;3
204574;Meio Ambiente e Desenvolvimento Sustentável;3
204574;Previdência e Assistência Social;3
204574;Trabalho e Emprego;3
204574;Direito e Justiça;2
204574;Educação;2
204574;Estrutura Fundiária;2
204574;Indústria, Comércio e Serviços;2
204574;Relações Internacionais e Comércio Exterior;2
204574;Viação, Transporte e Mobilidade;2
204574;Arte, Cultura e Religião;1
204574;Cidades e Desenvolvimento Urbano;1
204574;Comunicações;1
204574;Direito Civil e Processual Civil;1
204574;Direito e Defesa do Consumidor;1
205476;Direitos Humanos e Minorias;9
205476;Finanças Públicas e Orçamento;9
205476;Administração Pública;8
205476;Saúde;8
205476;Defesa e Segurança;6
205476;Direito Constitucional;5
205476;Educação;5
205476;Processo Legislativo e Atuação Parlamentar;5
205476;Viação, Transporte e Mobilidade;5
205476;Comunicações;4
205476;Direito e Defesa do Consumidor;4
205476;Trabalho e Emprego;4
205476;Ciência, Tecnologia e Inovação;3
205476;Direito Penal e Processual Penal;3
205476;Direito e Justiça;3
205476;Economia;3
205476;Energia, Recursos Hídricos e Minerais;3
205476;Previdência e Assistência Social;3
205476;Arte, Cultura e Religião;2
205476;Cidades e Desenvolvimento Urbano;2
205476;Esporte e Lazer;2
205476;Homenagens e Datas Comemorativas;2
205476;Indústria, Comércio e Serviços;2
205476;Meio Ambiente e Desenvolvimento Sustentável;2
205476;Política, Partidos e Eleições;2
205476;Agricultura, Pecuária, Pesca e Extrativismo;1
205550;Processo Legislativo e Atuação Parlamentar;8
205550;Administração Pública;7
205550;Finanças Públicas e Orçamento;7
205550;Defesa e Segurança;5
205550;Direito Penal e Processual Penal;4
205550;Direito e Defesa do Consumidor;3
205550;Política, Partidos e Eleições;3
205550;Saúde;3
205550;Arte, Cultura e Religião;2
205550;Direito Constitucional;2
205550;Direito e Justiça;2
205550;Direitos Humanos e Minorias;2
205550;Indústria, Comércio e Serviços;2
205550;Cidades e Desenvolvimento Urbano;1
205550;Ciência, Tecnologia e Inovação;1
205550;Educação;1
205550;Energia, Recursos Hídricos e Minerais;1
205550;Estrutura Fundiária;1
205550;Previdência e Assistência Social;1
205550;Trabalho e Emprego;1
205550;Viação, Transporte e Mobilidade;1
205865;Administração Pública;17
205865;Defesa e Segurança;14
205865;Direitos Humanos e Minorias;14
205865;Processo Legislativo e Atuação Parlamentar;14
205865;Finanças Públicas e Orçamento;9
205865;Direito Constitucional;8
205865;Economia;7
205865;Trabalho e Emprego;6
205865;Direito Penal e Processual Penal;5
205865;Direito e Justiça;5
205865;Previdência e Assistência Social;5
205865;Relações Internacionais e Comércio Exterior;4
205865;Saúde;4
205865;Cidades e Desenvolvimento Urbano;3
205865;Energia, Recursos Hídricos e Minerais;3
205865;Meio Ambiente e Desenvolvimento Sustentável;3
205865;Viação, Transporte e Mobilidade;3
205865;Agricultura, Pecuária, Pesca e Extrativismo;2
205865;Arte, Cultura e Religião;2
205865;Comunicações;2
205865;Direito e Defesa do Consumidor;2
205865;Educação;2
205865;Indústria, Comércio e Serviços;2
205865;Política, Partidos e Eleições;2
205865;Ciência, Tecnologia e Inovação;1
205865;Direito Civil e Processual Civil;1
205865;Esporte e Lazer;1
205865;Estrutura Fundiária;1
205865;Homenagens e Datas Comemorativas;1
205865;Turismo;1
206018;Direitos Humanos e Minorias;89
206018;Meio Ambiente e Desenvolvimento Sustentável;44
206018;Administração Pública;24
206018;Finanças Públicas e Orçamento;23
206018;Defesa e Segurança;20
206018;Saúde;20
206018;Educação;17
206018;Trabalho e Emprego;17
206018;Homenagens e Datas Comemorativas;14
206018;Arte, Cultura e Religião;10
206018;Direito e Justiça;10
206018;Previdência e Assistência Social;10
206018;Relações Internacionais e Comércio Exterior;10
206018;Agricultura, Pecuária, Pesca e Extrativismo;9
206018;Indústria, Comércio e Serviços;9
206018;Direito Penal e Processual Penal;8
206018;Economia;8
206018;Energia, Recursos Hídricos e Minerais;8
206018;Processo Legislativo e Atuação Parlamentar;8
206018;Direito e Defesa do Consumidor;6
206018;Estrutura Fundiária;6
206018;Cidades e Desenvolvimento Urbano;5
206018;Viação, Transporte e Mobilidade;5
206018;Comunicações;4
206018;Direito Civil e Processual Civil;4
206018;Direito Constitucional;4
206018;Esporte e Lazer;4
206018;Ciência, Tecnologia e Inovação;2
208297;Meio Ambiente e Desenvolvimento Sustentável;9
208297;Direito Penal e Processual Penal;5
208297;Indústria, Comércio e Serviços;3
208297;Saúde;3
208297;Administração Pública;2
208297;Agricultura, Pecuária, Pesca e Extrativismo;2
208297;Direitos Humanos e Minorias;2
208297;Finanças Públicas e Orçamento;2
208297;Cidades e Desenvolvimento Urbano;1
208297;Direito Constitucional;1
208297;Trabalho e Emprego;1
208297;Viação, Transporte e Mobilidade;1
209189;Administração Pública;13
209189;Finanças Públicas e Orçamento;10
209189;Direitos Humanos e Minorias;7
209189;Indústria, Comércio e Serviços;7
209189;Trabalho e Emprego;7
209189;Processo Legislativo e Atuação Parlamentar;6
209189;Defesa e Segurança;4
209189;Direito Constitucional;4
209189;Saúde;4
209189;Comunicações;3
209189;Direito e Defesa do Consumidor;3
209189;Direito e Justiça;3
209189;Economia;3
209189;Relações Internacionais e Comércio Exterior;3
209189;Viação, Transporte e Mobilidade;3
209189;Agricultura, Pecuária, Pesca e Extrativismo;2
209189;Ciência, Tecnologia e Inovação;2
209189;Energia, Recursos Hídricos e Minerais;2
209189;Esporte e Lazer;2
209189;Homenagens e Datas Comemorativas;2
209189;Direito Penal e Processual Penal;1
209189;Meio Ambiente e Desenvolvimento Sustentável;1
209189;Previdência e Assistência Social;1
209787;Administração Pública;94
209787;Direitos Humanos e Minorias;53
209787;Finanças Públicas e Orçamento;47
209787;Defesa e Segurança;38
209787;Educação;33
209787;Saúde;30
209787;Relações Internacionais e Comércio Exterior;25
209787;Viação, Transporte e Mobilidade;21
209787;Economia;19
209787;Processo Legislativo e Atuação Parlamentar;19
209787;Direito Penal e Processual Penal;14
209787;Indústria, Comércio e Serviços;13
209787;Arte, Cultura e Religião;11
209787;Cidades e Desenvolvimento Urbano;11
209787;Previdência e Assistência Social;11
209787;Meio Ambiente e Desenvolvimento Sustentável;10
209787;Trabalho e Emprego;10
209787;Comunicações;9
209787;Agricultura, Pecuária, Pesca e Extrativismo;8
209787;Direito Constitucional;8
209787;Energia, Recursos Hídricos e Minerais;7
209787;Estrutura Fundiária;7
209787;Política, Partidos e Eleições;7
209787;Ciência, Tecnologia e Inovação;6
209787;Direito e Justiça;6
209787;Direito e Defesa do Consumidor;5
209787;Esporte e Lazer;3
209787;Homenagens e Datas Comemorativas;2
209787;Ciências Exatas e da Terra;1
209787;Turismo;1
210989;Trabalho e Emprego;19
210989;Saúde;13
210989;Direitos Humanos e Minorias;11
210989;Administração Pública;9
210989;Finanças Públicas e Orçamento;8
210989;Processo Legislativo e Atuação Parlamentar;7
210989;Defesa e Segurança;6
210989;Previdência e Assistência Social;5
210989;Direito e Defesa do Consumidor;4
210989;Cidades e Desenvolvimento Urbano;3
210989;Direito Constitucional;3
210989;Economia;3
210989;Indústria, Comércio e Serviços;3
210989;Viação, Transporte e Mobilidade;3
210989;Arte, Cultura e Religião;2
210989;Direito Penal e Processual Penal;2
210989;Educação;2
210989;Energia, Recursos Hídricos e Minerais;2
210989;Agricultura, Pecuária, Pesca e Extrativismo;1
210989;Direito Civil e Processual Civil;1
210989;Direito e Justiça;1
210989;Meio Ambiente e Desenvolvimento Sustentável;1
210989;Política, Partidos e Eleições;1
213274;Direitos Humanos e Minorias;11
213274;Processo Legislativo e Atuação Parlamentar;10
213274;Trabalho e Emprego;10
213274;Defesa e Segurança;9
213274;Finanças Públicas e Orçamento;9
213274;Direito Penal e Processual Penal;7
213274;Saúde;7
213274;Administração Pública;6
213274;Direito e Justiça;6
213274;Previdência e Assistência Social;5
213274;Viação, Transporte e Mobilidade;5
213274;Direito e Defesa do Consumidor;4
213274;Economia;4
213274;Direito Civil e Processual Civil;3
213274;Educação;3
213274;Agricultura, Pecuária, Pesca e Extrativismo;2
213274;Indústria, Comércio e Serviços;2
213274;Arte, Cultura e Religião;1
213274;Cidades e Desenvolvimento Urbano;1
213274;Ciência, Tecnologia e Inovação;1
213274;Energia, Recursos Hídricos e Minerais;1
213274;Esporte e Lazer;1
213274;Homenagens e Datas Comemorativas;1
213274;Política, Partidos e Eleições;1
213762;Direitos Humanos e Minorias;38
213762;Administração Pública;24
213762;Saúde;20
213762;Direito Penal e Processual Penal;11
213762;Trabalho e Emprego;10
213762;Educação;9
213762;Defesa e Segurança;8
213762;Finanças Públicas e Orçamento;7
213762;Previdência e Assistência Social;7
213762;Economia;6
213762;Processo Legislativo e Atuação Parlamentar;6
213762;Comunicações;5
213762;Direito Constitucional;4
213762;Direito e Justiça;4
213762;Viação, Transporte e Mobilidade;4
213762;Cidades e Desenvolvimento Urbano;3
213762;Direito e Defesa do Consumidor;3
213762;Esporte e Lazer;3
213762;Indústria, Comércio e Serviços;3
213762;Agricultura, Pecuária, Pesca e Extrativismo;2
213762;Ciência, Tecnologia e Inovação;2
213762;Direito Civil e Processual Civil;2
213762;Energia, Recursos Hídricos e Minerais;1
213762;Estrutura Fundiária;1
213762;Homenagens e Datas Comemorativas;1
213762;Meio Ambiente e Desenvolvimento Sustentável;1
213762;Turismo;1
214694;Finanças Públicas e Orçamento;31
214694;Administração Pública;26
214694;Direitos Humanos e Minorias;26
214694;Processo Legislativo e Atuação Parlamentar;19
214694;Defesa e Segurança;18
214694;Saúde;17
214694;Meio Ambiente e Desenvolvimento Sustentável;15
214694;Economia;14
214694;Indústria, Comércio e Serviços;12
214694;Trabalho e Emprego;12
214694;Direito Penal e Processual Penal;11
214694;Educação;11
214694;Direito Constitucional;8
214694;Previdência e Assistência Social;8
214694;Direito e Justiça;7
214694;Comunicações;6
214694;Agricultura, Pecuária, Pesca e Extrativismo;5
214694;Ciência, Tecnologia e Inovação;5
214694;Homenagens e Datas Comemorativas;5
214694;Viação, Transporte e Mobilidade;5
214694;Arte, Cultura e Religião;4
214694;Energia, Recursos Hídricos e Minerais;4
214694;Direito e Defesa do Consumidor;3
214694;Esporte e Lazer;3
214694;Estrutura Fundiária;3
214694;Cidades e Desenvolvimento Urbano;2
214694;Direito Civil e Processual Civil;2
214694;Política, Partidos e Eleições;2
214694;Relações Internacionais e Comércio Exterior;1
215043;Direitos Humanos e Minorias;13
215043;Trabalho e Emprego;9
215043;Defesa e Segurança;7
215043;Finanças Públicas e Orçamento;7
215043;Administração Pública;6
215043;Indústria, Comércio e Serviços;5
215043;Saúde;5
215043;Direito Constitucional;4
215043;Direito Penal e Processual Penal;4
215043;Processo Legislativo e Atuação Parlamentar;4
215043;Energia, Recursos Hídricos e Minerais;3
215043;Estrutura Fundiária;3
215043;Meio Ambiente e Desenvolvimento Sustentável;3
215043;Previdência e Assistência Social;3
215043;Viação, Transporte e Mobilidade;3
215043;Cidades e Desenvolvimento Urbano;2
215043;Educação;2
215043;Agricultura, Pecuária, Pesca e Extrativismo;1
215043;Arte, Cultura e Religião;1
215043;Direito e Defesa do Consumidor;1
215043;Direito e Justiça;1
215043;Economia;1
215043;Relações Internacionais e Comércio Exterior;1
217480;Defesa e Segurança;7
217480;Direito Penal e Processual Penal;3
217480;Administração Pública;2
217480;Direito e Defesa do Consumidor;2
217480;Direitos Humanos e Minorias;2
217480;Energia, Recursos Hídricos e Minerais;2
217480;Finanças Públicas e Orçamento;2
217480;Saúde;2
217480;Cidades e Desenvolvimento Urbano;1
217480;Educação;1
217480;Meio Ambiente e Desenvolvimento Sustentável;1
217480;Processo Legislativo e Atuação Parlamentar;1
217480;Trabalho e Emprego;1
217480;Viação, Transporte e Mobilidade;1
218086;Direitos Humanos e Minorias;28
218086;Administração Pública;14
218086;Saúde;13
218086;Processo Legislativo e Atuação Parlamentar;11
218086;Direito e Defesa do Consumidor;10
218086;Energia, Recursos Hídricos e Minerais;8
218086;Defesa e Segurança;6
218086;Direito Penal e Processual Penal;6
218086;Indústria, Comércio e Serviços;6
218086;Viação, Transporte e Mobilidade;6
218086;Finanças Públicas e Orçamento;5
218086;Trabalho e Emprego;5
218086;Direito Constitucional;4
218086;Educação;4
218086;Meio Ambiente e Desenvolvimento Sustentável;3
218086;Cidades e Desenvolvimento Urbano;2
218086;Direito e Justiça;2
218086;Previdência e Assistência Social;2
218086;Agricultura, Pecuária, Pesca e Extrativismo;1
218086;Arte, Cultura e Religião;1
218086;Ciência, Tecnologia e Inovação;1
218086;Comunicações;1
218086;Economia;1
218086;Homenagens e Datas Comemorativas;1
218086;Política, Partidos e Eleições;1
219585;Direitos Humanos e Minorias;16
219585;Finanças Públicas e Orçamento;15
219585;Processo Legislativo e Atuação Parlamentar;13
219585;Viação, Transporte e Mobilidade;11
219585;Saúde;10
219585;Agricultura, Pecuária, Pesca e Extrativismo;9
219585;Administração Pública;8
219585;Defesa e Segurança;8
219585;Direito Constitucional;6
219585;Direito e Defesa do Consumidor;5
219585;Esporte e Lazer;5
219585;Indústria, Comércio e Serviços;5
219585;Trabalho e Emprego;5
219585;Direito Penal e Processual Penal;4
219585;Meio Ambiente e Desenvolvimento Sustentável;4
219585;Arte, Cultura e Religião;3
219585;Cidades e Desenvolvimento Urbano;3
219585;Comunicações;3
219585;Direito e Justiça;3
219585;Economia;3
219585;Energia, Recursos Hídricos e Minerais;3
219585;Homenagens e Datas Comemorativas;3
219585;Educação;2
219585;Estrutura Fundiária;2
219585;Política, Partidos e Eleições;2
219585;Previdência e Assistência Social;2
219585;Turismo;2
219585;Ciência, Tecnologia e Inovação;1
219585;Direito Civil e Processual Civil;1
219585;Relações Internacionais e Comércio Exterior;1
220008;Defesa e Segurança;4
220008;Direitos Humanos e Minorias;4
220008;Administração Pública;2
220008;Direito e Justiça;2
220008;Finanças Públicas e Orçamento;2
220008;Indústria, Comércio e Serviços;2
220008;Ciência, Tecnologia e Inovação;1
220008;Direito Constitucional;1
220008;Economia;1
220008;Educação;1
220008;Esporte e Lazer;1
220008;Homenagens e Datas Comemorativas;1
220008;Processo Legislativo e Atuação Parlamentar;1
220008;Trabalho e Emprego;1
220526;Defesa e Segurança;30
220526;Administração Pública;22
220526;Direitos Humanos e Minorias;20
220526;Direito Penal e Processual Penal;16
220526;Processo Legislativo e Atuação Parlamentar;14
220526;Finanças Públicas e Orçamento;11
220526;Trabalho e Emprego;11
220526;Direito Constitucional;9
220526;Relações Internacionais e Comércio Exterior;9
220526;Direito e Justiça;6
220526;Meio Ambiente e Desenvolvimento Sustentável;6
220526;Viação, Transporte e Mobilidade;6
220526;Economia;5
220526;Política, Partidos e Eleições;5
220526;Saúde;5
220526;Cidades e Desenvolvimento Urbano;4
220526;Comunicações;4
220526;Direito e Defesa do Consumidor;3
220526;Educação;3
220526;Previdência e Assistência Social;3
220526;Esporte e Lazer;2
220526;Estrutura Fundiária;2
220526;Agricultura, Pecuária, Pesca e Extrativismo;1
220526;Arte, Cultura e Religião;1
220526;Direito Civil e Processual Civil;1
220526;Energia, Recursos Hídricos e Minerais;1
220526;Homenagens e Datas Comemorativas;1
220526;Indústria, Comércio e Serviços;1
220526;Turismo;1
220527;Direitos Humanos e Minorias;26
220527;Defesa e Segurança;14
220527;Finanças Públicas e Orçamento;13
220527;Administração Pública;12
220527;Trabalho e Emprego;11
220527;Indústria, Comércio e Serviços;7
220527;Comunicações;6
220527;Processo Legislativo e Atuação Parlamentar;5
220527;Direito Penal e Processual Penal;4
220527;Direito e Defesa do Consumidor;4
220527;Direito e Justiça;4
220527;Meio Ambiente e Desenvolvimento Sustentável;4
220527;Previdência e Assistência Social;4
220527;Saúde;4
220527;Educação;3
220527;Energia, Recursos Hídricos e Minerais;3
220527;Esporte e Lazer;3
220527;Homenagens e Datas Comemorativas;3
220527;Política, Partidos e Eleições;3
220527;Viação, Transporte e Mobilidade;3
220527;Agricultura, Pecuária, Pesca e Extrativismo;2
220527;Ciência, Tecnologia e Inovação;2
220527;Economia;2
220527;Relações Internacionais e Comércio Exterior;2
220527;Arte, Cultura e Religião;1
220527;Cidades e Desenvolvimento Urbano;1
220527;Direito Constitucional;1
220528;Direitos Humanos e Minorias;20
220528;Administração Pública;17
220528;Saúde;15
220528;Direito Penal e Processual Penal;13
220528;Defesa e Segurança;11
220528;Finanças Públicas e Orçamento;9
220528;Economia;8
220528;Processo Legislativo e Atuação Parlamentar;8
220528;Trabalho e Emprego;7
220528;Educação;6
220528;Direito e Justiça;5
220528;Viação, Transporte e Mobilidade;5
220528;Ciência, Tecnologia e Inovação;4
220528;Direito Civil e Processual Civil;4
220528;Direito Constitucional;4
220528;Indústria, Comércio e Serviços;4
220528;Previdência e Assistência Social;4
220528;Comunicações;3
220528;Meio Ambiente e Desenvolvimento Sustentável;3
220528;Cidades e Desenvolvimento Urbano;2
220528;Direito e Defesa do Consumidor;2
220528;Agricultura, Pecuária, Pesca e Extrativismo;1
220528;Arte, Cultura e Religião;1
220528;Energia, Recursos Hídricos e Minerais;1
220528;Política, Partidos e Eleições;1
220528;Relações Internacionais e Comércio Exterior;1
220528;Turismo;1
220529;Finanças Públicas e Orçamento;32
220529;Administração Pública;28
220529;Direitos Humanos e Minorias;23
220529;Viação, Transporte e Mobilidade;23
220529;Defesa e Segurança;17
220529;Meio Ambiente e Desenvolvimento Sustentável;16
220529;Trabalho e Emprego;16
220529;Processo Legislativo e Atuação Parlamentar;14
220529;Educação;13
220529;Homenagens e Datas Comemorativas;13
220529;Saúde;13
220529;Indústria, Comércio e Serviços;12
220529;Direito Penal e Processual Penal;10
220529;Comunicações;8
220529;Cidades e Desenvolvimento Urbano;7
220529;Direito Constitucional;7
220529;Direito e Justiça;7
220529;Agricultura, Pecuária, Pesca e Extrativismo;6
220529;Previdência e Assistência Social;6
220529;Direito e Defesa do Consumidor;5
220529;Economia;4
220529;Esporte e Lazer;4
220529;Turismo;4
220529;Arte, Cultura e Religião;2
220529;Energia, Recursos Hídricos e Minerais;2
220529;Política, Partidos e Eleições;2
220529;Direito Civil e Processual Civil;1
220529;Relações Internacionais e Comércio Exterior;1
220530;Administração Pública;163
220530;Direitos Humanos e Minorias;158
220530;Finanças Públicas e Orçamento;109
220530;Defesa e Segurança;96
220530;Saúde;95
220530;Direito Penal e Processual Penal;47
220530;Economia;43
220530;Relações Internacionais e Comércio Exterior;42
220530;Agricultura, Pecuária, Pesca e Extrativismo;41
220530;Educação;35
220530;Viação, Transporte e Mobilidade;33
220530;Meio Ambiente e Desenvolvimento Sustentável;30
220530;Comunicações;26
220530;Trabalho e Emprego;26
220530;Indústria, Comércio e Serviços;22
220530;Previdência e Assistência Social;22
220530;Processo Legislativo e Atuação Parlamentar;21
220530;Energia, Recursos Hídricos e Minerais;20
220530;Cidades e Desenvolvimento Urbano;18
220530;Estrutura Fundiária;15
220530;Direito e Defesa do Consumidor;13
220530;Arte, Cultura e Religião;12
220530;Direito Constitucional;10
220530;Direito e Justiça;9
220530;Política, Partidos e Eleições;9
220530;Esporte e Lazer;7
220530;Homenagens e Datas Comemorativas;7
220530;Ciência, Tecnologia e Inovação;6
220530;Direito Civil e Processual Civil;4
220530;Turismo;3
220531;Direitos Humanos e Minorias;31
220531;Finanças Públicas e Orçamento;30
220531;Administração Pública;22
220531;Trabalho e Emprego;22
220531;Defesa e Segurança;20
220531;Saúde;18
220531;Viação, Transporte e Mobilidade;18
220531;Direito Penal e Processual Penal;13
220531;Educação;11
220531;Processo Legislativo e Atuação Parlamentar;10
220531;Indústria, Comércio e Serviços;9
220531;Previdência e Assistência Social;9
220531;Meio Ambiente e Desenvolvimento Sustentável;8
220531;Direito e Justiça;7
220531;Comunicações;6
220531;Direito e Defesa do Consumidor;6
220531;Arte, Cultura e Religião;5
220531;Cidades e Desenvolvimento Urbano;5
220531;Direito Civil e Processual Civil;5
220531;Homenagens e Datas Comemorativas;5
220531;Economia;4
220531;Energia, Recursos Hídricos e Minerais;4
220531;Esporte e Lazer;4
220531;Ciência, Tecnologia e Inovação;3
220531;Direito Constitucional;3
220531;Estrutura Fundiária;2
220531;Turismo;1
220532;Administração Pública;19
220532;Finanças Públicas e Orçamento;19
220532;Direitos Humanos e Minorias;17
220532;Saúde;15
220532;Trabalho e Emprego;15
220532;Defesa e Segurança;11
220532;Direito Penal e Processual Penal;8
220532;Previdência e Assistência Social;8
220532;Educação;7
220532;Meio Ambiente e Desenvolvimento Sustentável;6
220532;Arte, Cultura e Religião;4
220532;Direito Civil e Processual Civil;4
220532;Direito Constitucional;4
220532;Indústria, Comércio e Serviços;4
220532;Processo Legislativo e Atuação Parlamentar;4
220532;Direito e Justiça;3
220532;Homenagens e Datas Comemorativas;3
220532;Ciência, Tecnologia e Inovação;2
220532;Direito e Defesa do Consumidor;2
220532;Economia;2
220532;Energia, Recursos Hídricos e Minerais;2
220532;Política, Partidos e Eleições;2
220532;Relações Internacionais e Comércio Exterior;2
220532;Agricultura, Pecuária, Pesca e Extrativismo;1
220532;Esporte e Lazer;1
220532;Estrutura Fundiária;1
220532;Viação, Transporte e Mobilidade;1
220533;Direitos Humanos e Minorias;23
220533;Administração Pública;19
220533;Educação;18
220533;Trabalho e Emprego;15
220533;Direito Penal e Processual Penal;12
220533;Indústria, Comércio e Serviços;11
220533;Saúde;9
220533;Finanças Públicas e Orçamento;8
220533;Viação, Transporte e Mobilidade;6
220533;Defesa e Segurança;5
220533;Ciência, Tecnologia e Inovação;4
220533;Comunicações;4
220533;Direito e Defesa do Consumidor;4
220533;Cidades e Desenvolvimento Urbano;3
220533;Homenagens e Datas Comemorativas;3
220533;Meio Ambiente e Desenvolvimento Sustentável;3
220533;Arte, Cultura e Religião;2
220533;Direito Constitucional;2
220533;Direito e Justiça;2
220533;Esporte e Lazer;2
220533;Previdência e Assistência Social;2
220533;Processo Legislativo e Atuação Parlamentar;2
220533;Relações Internacionais e Comércio Exterior;2
220533;Economia;1
220533;Energia, Recursos Hídricos e Minerais;1
220534;Direitos Humanos e Minorias;54
220534;Administração Pública;38
220534;Saúde;37
220534;Defesa e Segurança;36
220534;Direito Penal e Processual Penal;31
220534;Finanças Públicas e Orçamento;30
220534;Viação, Transporte e Mobilidade;23
220534;Trabalho e Emprego;22
220534;Cidades e Desenvolvimento Urbano;19
220534;Meio Ambiente e Desenvolvimento Sustentável;16
220534;Previdência e Assistência Social;12
220534;Processo Legislativo e Atuação Parlamentar;12
220534;Educação;11
220534;Indústria, Comércio e Serviços;11
220534;Direito e Defesa do Consumidor;10
220534;Direito e Justiça;10
220534;Economia;9
220534;Ciência, Tecnologia e Inovação;7
220534;Comunicações;7
220534;Energia, Recursos Hídricos e Minerais;6
220534;Direito Constitucional;5
220534;Esporte e Lazer;5
220534;Arte, Cultura e Religião;4
220534;Homenagens e Datas Comemorativas;4
220534;Relações Internacionais e Comércio Exterior;4
220534;Direito Civil e Processual Civil;3
220534;Agricultura, Pecuária, Pesca e Extrativismo;2
220534;Política, Partidos e Eleições;2
220534;Estrutura Fundiária;1
220534;Turismo;1
220536;Direitos Humanos e Minorias;28
220536;Saúde;24
220536;Administração Pública;14
220536;Defesa e Segurança;12
220536;Finanças Públicas e Orçamento;11
220536;Processo Legislativo e Atuação Parlamentar;8
220536;Direito Constitucional;7
220536;Previdência e Assistência Social;7
220536;Meio Ambiente e Desenvolvimento Sustentável;6
220536;Direito Penal e Processual Penal;5
220536;Indústria, Comércio e Serviços;5
220536;Relações Internacionais e Comércio Exterior;5
220536;Arte, Cultura e Religião;4
220536;Direito e Justiça;4
220536;Trabalho e Emprego;4
220536;Viação, Transporte e Mobilidade;4
220536;Direito e Defesa do Consumidor;3
220536;Comunicações;2
220536;Economia;2
220536;Educação;2
220536;Energia, Recursos Hídricos e Minerais;2
220536;Estrutura Fundiária;2
220536;Homenagens e Datas Comemorativas;2
220536;Agricultura, Pecuária, Pesca e Extrativismo;1
220536;Ciência, Tecnologia e Inovação;1
220536;Direito Civil e Processual Civil;1
220536;Esporte e Lazer;1
220536;Política, Partidos e Eleições;1
220537;Finanças Públicas e Orçamento;13
220537;Administração Pública;12
220537;Direitos Humanos e Minorias;11
220537;Defesa e Segurança;10
220537;Educação;7
220537;Trabalho e Emprego;7
220537;Indústria, Comércio e Serviços;6
220537;Processo Legislativo e Atuação Parlamentar;6
220537;Direito Constitucional;5
220537;Saúde;5
220537;Viação, Transporte e Mobilidade;5
220537;Meio Ambiente e Desenvolvimento Sustentável;4
220537;Previdência e Assistência Social;4
220537;Direito Penal e Processual Penal;3
220537;Direito e Justiça;3
220537;Economia;3
220537;Agricultura, Pecuária, Pesca e Extrativismo;2
220537;Energia, Recursos Hídricos e Minerais;2
220537;Relações Internacionais e Comércio Exterior;2
220537;Turismo;2
220537;Arte, Cultura e Religião;1
220537;Comunicações;1
220537;Direito Civil e Processual Civil;1
220537;Direito e Defesa do Consumidor;1
220537;Esporte e Lazer;1
220537;Política, Partidos e Eleições;1
220538;Educação;76
220538;Saúde;67
220538;Direitos Humanos e Minorias;60
220538;Administração Pública;53
220538;Agricultura, Pecuária, Pesca e Extrativismo;51
220538;Finanças Públicas e Orçamento;36
220538;Defesa e Segurança;33
220538;Previdência e Assistência Social;30
220538;Trabalho e Emprego;14
220538;Processo Legislativo e Atuação Parlamentar;10
220538;Indústria, Comércio e Serviços;9
220538;Direito e Justiça;7
220538;Meio Ambiente e Desenvolvimento Sustentável;7
220538;Relações Internacionais e Comércio Exterior;7
220538;Cidades e Desenvolvimento Urbano;6
220538;Viação, Transporte e Mobilidade;6
220538;Direito Penal e Processual Penal;5
220538;Economia;5
220538;Direito Constitucional;4
220538;Direito e Defesa do Consumidor;4
220538;Energia, Recursos Hídricos e Minerais;4
220538;Arte, Cultura e Religião;3
220538;Direito Civil e Processual Civil;2
220538;Esporte e Lazer;2
220538;Estrutura Fundiária;2
220538;Homenagens e Datas Comemorativas;2
220538;Comunicações;1
220538;Política, Partidos e Eleições;1
220539;Direitos Humanos e Minorias;34
220539;Finanças Públicas e Orçamento;28
220539;Defesa e Segurança;23
220539;Administração Pública;20
220539;Direito Penal e Processual Penal;13
220539;Economia;13
220539;Energia, Recursos Hídricos e Minerais;13
220539;Viação, Transporte e Mobilidade;13
220539;Cidades e Desenvolvimento Urbano;12
220539;Educação;10
220539;Indústria, Comércio e Serviços;10
220539;Meio Ambiente e Desenvolvimento Sustentável;10
220539;Processo Legislativo e Atuação Parlamentar;10
220539;Arte, Cultura e Religião;9
220539;Direito e Justiça;9
220539;Esporte e Lazer;9
220539;Trabalho e Emprego;7
220539;Agricultura, Pecuária, Pesca e Extrativismo;6
220539;Direito Constitucional;6
220539;Homenagens e Datas Comemorativas;6
220539;Política, Partidos e Eleições;6
220539;Saúde;6
220539;Relações Internacionais e Comércio Exterior;5
220539;Ciência, Tecnologia e Inovação;4
220539;Previdência e Assistência Social;4
220539;Direito e Defesa do Consumidor;3
220539;Comunicações;2
220539;Estrutura Fundiária;2
220539;Turismo;2
220539;Direito Civil e Processual Civil;1
220540;Direitos Humanos e Minorias;259
220540;Administração Pública;159
220540;Indústria, Comércio e Serviços;146
220540;Saúde;128
220540;Finanças Públicas e Orçamento;98
220540;Educação;95
220540;Direito e Defesa do Consumidor;83
220540;Meio Ambiente e Desenvolvimento Sustentável;81
220540;Economia;76
220540;Trabalho e Emprego;69
220540;Cidades e Desenvolvimento Urbano;68
220540;Viação, Transporte e Mobilidade;68
220540;Arte, Cultura e Religião;65
220540;Comunicações;63
220540;Direito Penal e Processual Penal;63
220540;Defesa e Segurança;62
220540;Homenagens e Datas Comemorativas;44
220540;Energia, Recursos Hídricos e Minerais;41
220540;Previdência e Assistência Social;35
220540;Ciência, Tecnologia e Inovação;34
220540;Direito e Justiça;29
220540;Direito Civil e Processual Civil;28
220540;Turismo;25
220540;Esporte e Lazer;23
220540;Agricultura, Pecuária, Pesca e Extrativismo;14
220540;Política, Partidos e Eleições;10
220540;Processo Legislativo e Atuação Parlamentar;8
220540;Direito Constitucional;5
220540;Estrutura Fundiária;5
220540;Relações Internacionais e Comércio Exterior;5
220542;Finanças Públicas e Orçamento;28
220542;Administração Pública;23
220542;Direitos Humanos e Minorias;21
220542;Processo Legislativo e Atuação Parlamentar;20
220542;Trabalho e Emprego;16
220542;Defesa e Segurança;13
220542;Economia;11
220542;Saúde;11
220542;Indústria, Comércio e Serviços;10
220542;Previdência e Assistência Social;10
220542;Educação;9
220542;Cidades e Desenvolvimento Urbano;8
220542;Direito Penal e Processual Penal;8
220542;Meio Ambiente e Desenvolvimento Sustentável;8
220542;Agricultura, Pecuária, Pesca e Extrativismo;7
220542;Direito e Justiça;7
220542;Viação, Transporte e Mobilidade;7
220542;Direito e Defesa do Consumidor;6
220542;Política, Partidos e Eleições;6
220542;Comunicações;5
220542;Direito Constitucional;5
220542;Esporte e Lazer;4
220542;Relações Internacionais e Comércio Exterior;4
220542;Energia, Recursos Hídricos e Minerais;3
220542;Estrutura Fundiária;3
220542;Ciência, Tecnologia e Inovação;2
220542;Direito Civil e Processual Civil;2
220542;Arte, Cultura e Religião;1
220542;Homenagens e Datas Comemorativas;1
220542;Turismo;1
220543;Finanças Públicas e Orçamento;38
220543;Administração Pública;33
220543;Direitos Humanos e Minorias;27
220543;Viação, Transporte e Mobilidade;27
220543;Saúde;20
220543;Direito e Defesa do Consumidor;18
220543;Economia;18
220543;Trabalho e Emprego;18
220543;Energia, Recursos Hídricos e Minerais;16
220543;Meio Ambiente e Desenvolvimento Sustentável;16
220543;Direito Penal e Processual Penal;14
220543;Cidades e Desenvolvimento Urbano;13
220543;Defesa e Segurança;13
220543;Indústria, Comércio e Serviços;13
220543;Previdência e Assistência Social;12
220543;Processo Legislativo e Atuação Parlamentar;12
220543;Direito Civil e Processual Civil;11
220543;Comunicações;9
220543;Direito Constitucional;9
220543;Direito e Justiça;8
220543;Turismo;8
220543;Arte, Cultura e Religião;7
220543;Educação;7
220543;Esporte e Lazer;6
220543;Homenagens e Datas Comemorativas;5
220543;Agricultura, Pecuária, Pesca e Extrativismo;4
220543;Estrutura Fundiária;3
220543;Política, Partidos e Eleições;3
220543;Relações Internacionais e Comércio Exterior;3
220543;Ciência, Tecnologia e Inovação;1
220544;Processo Legislativo e Atuação Parlamentar;9
220544;Finanças Públicas e Orçamento;8
220544;Administração Pública;7
220544;Direito Constitucional;6
220544;Direitos Humanos e Minorias;5
220544;Defesa e Segurança;4
220544;Educação;4
220544;Direito e Justiça;3
220544;Previdência e Assistência Social;3
220544;Cidades e Desenvolvimento Urbano;2
220544;Direito Penal e Processual Penal;2
220544;Indústria, Comércio e Serviços;2
220544;Saúde;2
220544;Trabalho e Emprego;2
220544;Viação, Transporte e Mobilidade;2
220544;Agricultura, Pecuária, Pesca e Extrativismo;1
220544;Arte, Cultura e Religião;1
220544;Direito e Defesa do Consumidor;1
220544;Economia;1
220544;Esporte e Lazer;1
220544;Homenagens e Datas Comemorativas;1
220544;Política, Partidos e Eleições;1
220545;Direitos Humanos e Minorias;31
220545;Administração Pública;24
220545;Defesa e Segurança;17
220545;Finanças Públicas e Orçamento;17
220545;Direito Penal e Processual Penal;16
220545;Processo Legislativo e Atuação Parlamentar;16
220545;Saúde;13
220545;Direito Constitucional;9
220545;Economia;9
220545;Direito e Justiça;7
220545;Trabalho e Emprego;7
220545;Arte, Cultura e Religião;5
220545;Direito e Defesa do Consumidor;5
220545;Energia, Recursos Hídricos e Minerais;5
220545;Meio Ambiente e Desenvolvimento Sustentável;5
220545;Previdência e Assistência Social;5
220545;Educação;4
220545;Viação, Transporte e Mobilidade;4
220545;Comunicações;3
220545;Política, Partidos e Eleições;3
220545;Relações Internacionais e Comércio Exterior;3
220545;Agricultura, Pecuária, Pesca e Extrativismo;2
220545;Homenagens e Datas Comemorativas;2
220545;Indústria, Comércio e Serviços;2
220545;Cidades e Desenvolvimento Urbano;1
220545;Ciência, Tecnologia e Inovação;1
220545;Esporte e Lazer;1
220545;Estrutura Fundiária;1
220546;Administração Pública;65
220546;Direitos Humanos e Minorias;61
220546;Defesa e Segurança;47
220546;Estrutura Fundiária;44
220546;Agricultura, Pecuária, Pesca e Extrativismo;38
220546;Direito Penal e Processual Penal;31
220546;Finanças Públicas e Orçamento;26
220546;Meio Ambiente e Desenvolvimento Sustentável;20
220546;Processo Legislativo e Atuação Parlamentar;19
220546;Relações Internacionais e Comércio Exterior;17
220546;Saúde;14
220546;Energia, Recursos Hídricos e Minerais;13
220546;Economia;11
220546;Viação, Transporte e Mobilidade;10
220546;Cidades e Desenvolvimento Urbano;9
220546;Trabalho e Emprego;9
220546;Direito Civil e Processual Civil;8
220546;Direito Constitucional;7
220546;Direito e Justiça;7
220546;Política, Partidos e Eleições;7
220546;Arte, Cultura e Religião;5
220546;Comunicações;5
220546;Direito e Defesa do Consumidor;5
220546;Indústria, Comércio e Serviços;5
220546;Educação;4
220546;Homenagens e Datas Comemorativas;3
220546;Previdência e Assistência Social;3
220546;Turismo;3
220546;Ciência, Tecnologia e Inovação;2
220546;Esporte e Lazer;1
220547;Defesa e Segurança;202
220547;Administração Pública;181
220547;Direitos Humanos e Minorias;108
220547;Finanças Públicas e Orçamento;102
220547;Meio Ambiente e Desenvolvimento Sustentável;55
220547;Saúde;53
220547;Direito Penal e Processual Penal;46
220547;Estrutura Fundiária;40
220547;Comunicações;33
220547;Trabalho e Emprego;31
220547;Agricultura, Pecuária, Pesca e Extrativismo;29
220547;Economia;28
220547;Processo Legislativo e Atuação Parlamentar;28
220547;Relações Internacionais e Comércio Exterior;26
220547;Viação, Transporte e Mobilidade;26
220547;Educação;22
220547;Previdência e Assistência Social;22
220547;Indústria, Comércio e Serviços;20
220547;Arte, Cultura e Religião;19
220547;Esporte e Lazer;19
220547;Direito e Justiça;13
220547;Direito Constitucional;12
220547;Política, Partidos e Eleições;12
220547;Cidades e Desenvolvimento Urbano;11
220547;Homenagens e Datas Comemorativas;11
220547;Energia, Recursos Hídricos e Minerais;10
220547;Ciência, Tecnologia e Inovação;8
220547;Direito e Defesa do Consumidor;8
220547;Direito Civil e Processual Civil;7
220547;Turismo;2
220548;Direitos Humanos e Minorias;69
220548;Administração Pública;27
220548;Defesa e Segurança;27
220548;Finanças Públicas e Orçamento;26
220548;Meio Ambiente e Desenvolvimento Sustentável;24
220548;Direito Penal e Processual Penal;19
220548;Educação;15
220548;Indústria, Comércio e Serviços;14
220548;Trabalho e Emprego;14
220548;Saúde;13
220548;Economia;10
220548;Previdência e Assistência Social;10
220548;Processo Legislativo e Atuação Parlamentar;10
220548;Comunicações;9
220548;Cidades e Desenvolvimento Urbano;8
220548;Esporte e Lazer;8
220548;Direito Civil e Processual Civil;6
220548;Direito e Defesa do Consumidor;6
220548;Direito e Justiça;6
220548;Viação, Transporte e Mobilidade;6
220548;Energia, Recursos Hídricos e Minerais;5
220548;Homenagens e Datas Comemorativas;5
220548;Política, Partidos e Eleições;5
220548;Agricultura, Pecuária, Pesca e Extrativismo;4
220548;Arte, Cultura e Religião;4
220548;Ciência, Tecnologia e Inovação;4
220548;Direito Constitucional;4
220548;Estrutura Fundiária;3
220548;Relações Internacionais e Comércio Exterior;2
220548;Turismo;1
220549;Direitos Humanos e Minorias;31
220549;Finanças Públicas e Orçamento;31
220549;Administração Pública;22
220549;Defesa e Segurança;20
220549;Processo Legislativo e Atuação Parlamentar;20
220549;Direito Penal e Processual Penal;17
220549;Saúde;16
220549;Trabalho e Emprego;16
220549;Economia;13
220549;Educação;11
220549;Indústria, Comércio e Serviços;11
220549;Meio Ambiente e Desenvolvimento Sustentável;11
220549;Direito e Defesa do Consumidor;10
220549;Previdência e Assistência Social;10
220549;Direito Constitucional;8
220549;Cidades e Desenvolvimento Urbano;7
220549;Viação, Transporte e Mobilidade;6
220549;Agricultura, Pecuária, Pesca e Extrativismo;5
220549;Relações Internacionais e Comércio Exterior;5
220549;Direito e Justiça;4
220549;Direito Civil e Processual Civil;3
220549;Homenagens e Datas Comemorativas;3
220549;Comunicações;2
220549;Energia, Recursos Hídricos e Minerais;2
220549;Arte, Cultura e Religião;1
220549;Ciência, Tecnologia e Inovação;1
220549;Esporte e Lazer;1
220549;Estrutura Fundiária;1
220549;Turismo;1
220550;Administração Pública;79
220550;Finanças Públicas e Orçamento;46
220550;Defesa e Segurança;40
220550;Direitos Humanos e Minorias;40
220550;Saúde;30
220550;Direito Penal e Processual Penal;26
220550;Economia;26
220550;Relações Internacionais e Comércio Exterior;26
220550;Viação, Transporte e Mobilidade;24
220550;Processo Legislativo e Atuação Parlamentar;19
220550;Trabalho e Emprego;16
220550;Comunicações;15
220550;Política, Partidos e Eleições;15
220550;Meio Ambiente e Desenvolvimento Sustentável;12
220550;Indústria, Comércio e Serviços;11
220550;Agricultura, Pecuária, Pesca e Extrativismo;10
220550;Cidades e Desenvolvimento Urbano;10
220550;Direito Constitucional;10
220550;Energia, Recursos Hídricos e Minerais;10
220550;Previdência e Assistência Social;10
220550;Direito e Justiça;9
220550;Direito e Defesa do Consumidor;8
220550;Estrutura Fundiária;8
220550;Direito Civil e Processual Civil;6
220550;Arte, Cultura e Religião;5
220550;Educação;4
220550;Esporte e Lazer;3
220550;Homenagens e Datas Comemorativas;3
220550;Ciência, Tecnologia e Inovação;1
220550;Turismo;1
220551;Direitos Humanos e Minorias;33
220551;Administração Pública;23
220551;Educação;18
220551;Finanças Públicas e Orçamento;18
220551;Defesa e Segurança;17
220551;Processo Legislativo e Atuação Parlamentar;17
220551;Saúde;13
220551;Direito Penal e Processual Penal;10
220551;Meio Ambiente e Desenvolvimento Sustentável;10
220551;Direito e Justiça;8
220551;Direito Constitucional;7
220551;Previdência e Assistência Social;7
220551;Arte, Cultura e Religião;6
220551;Cidades e Desenvolvimento Urbano;6
220551;Economia;6
220551;Trabalho e Emprego;6
220551;Direito e Defesa do Consumidor;5
220551;Comunicações;3
220551;Energia, Recursos Hídricos e Minerais;3
220551;Indústria, Comércio e Serviços;3
220551;Política, Partidos e Eleições;3
220551;Relações Internacionais e Comércio Exterior;2
220551;Ciência, Tecnologia e Inovação;1
220551;Estrutura Fundiária;1
220551;Turismo;1
220551;Viação, Transporte e Mobilidade;1
220552;Administração Pública;82
220552;Finanças Públicas e Orçamento;66
220552;Defesa e Segurança;45
220552;Direitos Humanos e Minorias;43
220552;Relações Internacionais e Comércio Exterior;42
220552;Direito Penal e Processual Penal;27
220552;Processo Legislativo e Atuação Parlamentar;25
220552;Economia;20
220552;Meio Ambiente e Desenvolvimento Sustentável;17
220552;Saúde;17
220552;Agricultura, Pecuária, Pesca e Extrativismo;14
220552;Energia, Recursos Hídricos e Minerais;14
220552;Educação;12
220552;Trabalho e Emprego;12
220552;Cidades e Desenvolvimento Urbano;11
220552;Indústria, Comércio e Serviços;11
220552;Comunicações;9
220552;Direito Constitucional;9
220552;Estrutura Fundiária;9
220552;Política, Partidos e Eleições;9
220552;Previdência e Assistência Social;9
220552;Arte, Cultura e Religião;8
220552;Direito e Justiça;7
220552;Viação, Transporte e Mobilidade;7
220552;Direito e Defesa do Consumidor;6
220552;Ciência, Tecnologia e Inovação;3
220552;Esporte e Lazer;3
220552;Homenagens e Datas Comemorativas;3
220552;Direito Civil e Processual Civil;2
220552;Turismo;1
220553;Direitos Humanos e Minorias;77
220553;Administração Pública;37
220553;Defesa e Segurança;31
220553;Saúde;26
220553;Trabalho e Emprego;23
220553;Finanças Públicas e Orçamento;21
220553;Previdência e Assistência Social;16
220553;Indústria, Comércio e Serviços;13
220553;Cidades e Desenvolvimento Urbano;10
220553;Comunicações;10
220553;Direito Penal e Processual Penal;8
220553;Educação;8
220553;Homenagens e Datas Comemorativas;8
220553;Meio Ambiente e Desenvolvimento Sustentável;8
220553;Processo Legislativo e Atuação Parlamentar;7
220553;Viação, Transporte e Mobilidade;7
220553;Direito e Defesa do Consumidor;6
220553;Direito e Justiça;6
220553;Economia;6
220553;Esporte e Lazer;5
220553;Relações Internacionais e Comércio Exterior;5
220553;Agricultura, Pecuária, Pesca e Extrativismo;4
220553;Arte, Cultura e Religião;4
220553;Energia, Recursos Hídricos e Minerais;4
220553;Política, Partidos e Eleições;4
220553;Ciência, Tecnologia e Inovação;3
220553;Direito Civil e Processual Civil;3
220553;Estrutura Fundiária;2
220553;Turismo;2
220553;Direito Constitucional;1
220554;Direitos Humanos e Minorias;29
220554;Administração Pública;27
220554;Finanças Públicas e Orçamento;19
220554;Trabalho e Emprego;16
220554;Previdência e Assistência Social;15
220554;Defesa e Segurança;13
220554;Economia;11
220554;Indústria, Comércio e Serviços;11
220554;Meio Ambiente e Desenvolvimento Sustentável;11
220554;Comunicações;9
220554;Saúde;9
220554;Energia, Recursos Hídricos e Minerais;8
220554;Cidades e Desenvolvimento Urbano;7
220554;Direito Penal e Processual Penal;6
220554;Direito e Defesa do Consumidor;6
220554;Esporte e Lazer;6
220554;Homenagens e Datas Comemorativas;6
220554;Agricultura, Pecuária, Pesca e Extrativismo;4
220554;Direito Civil e Processual Civil;4
220554;Processo Legislativo e Atuação Parlamentar;4
220554;Ciência, Tecnologia e Inovação;3
220554;Direito e Justiça;3
220554;Educação;3
220554;Relações Internacionais e Comércio Exterior;3
220554;Viação, Transporte e Mobilidade;3
220554;Arte, Cultura e Religião;2
220554;Direito Constitucional;2
220554;Estrutura Fundiária;1
220555;Direitos Humanos e Minorias;45
220555;Defesa e Segurança;13
220555;Saúde;12
220555;Administração Pública;11
220555;Trabalho e Emprego;11
220555;Finanças Públicas e Orçamento;9
220555;Direito Penal e Processual Penal;8
220555;Meio Ambiente e Desenvolvimento Sustentável;8
220555;Indústria, Comércio e Serviços;7
220555;Direito e Defesa do Consumidor;6
220555;Previdência e Assistência Social;6
220555;Educação;5
220555;Homenagens e Datas Comemorativas;5
220555;Arte, Cultura e Religião;4
220555;Cidades e Desenvolvimento Urbano;4
220555;Comunicações;4
220555;Política, Partidos e Eleições;4
220555;Viação, Transporte e Mobilidade;4
220555;Direito e Justiça;3
220555;Economia;3
220555;Processo Legislativo e Atuação Parlamentar;3
220555;Direito Civil e Processual Civil;2
220555;Direito Constitucional;2
220555;Energia, Recursos Hídricos e Minerais;2
220555;Relações Internacionais e Comércio Exterior;2
220555;Agricultura, Pecuária, Pesca e Extrativismo;1
220555;Ciência, Tecnologia e Inovação;1
220555;Turismo;1
220556;Direitos Humanos e Minorias;73
220556;Saúde;43
220556;Defesa e Segurança;33
220556;Administração Pública;31
220556;Finanças Públicas e Orçamento;21
220556;Trabalho e Emprego;20
220556;Direito Penal e Processual Penal;17
220556;Educação;16
220556;Comunicações;15
220556;Indústria, Comércio e Serviços;15
220556;Meio Ambiente e Desenvolvimento Sustentável;10
220556;Agricultura, Pecuária, Pesca e Extrativismo;9
220556;Economia;8
220556;Previdência e Assistência Social;8
220556;Homenagens e Datas Comemorativas;7
220556;Viação, Transporte e Mobilidade;7
220556;Ciência, Tecnologia e Inovação;6
220556;Direito e Justiça;6
220556;Esporte e Lazer;5
220556;Processo Legislativo e Atuação Parlamentar;5
220556;Relações Internacionais e Comércio Exterior;5
220556;Cidades e Desenvolvimento Urbano;4
220556;Direito Constitucional;3
220556;Energia, Recursos Hídricos e Minerais;3
220556;Política, Partidos e Eleições;3
220556;Arte, Cultura e Religião;2
220556;Direito e Defesa do Consumidor;2
220556;Estrutura Fundiária;2
220556;Ciências Sociais e Humanas;1
220556;Direito Civil e Processual Civil;1
220557;Administração Pública;97
220557;Direitos Humanos e Minorias;61
220557;Finanças Públicas e Orçamento;53
220557;Defesa e Segurança;42
220557;Economia;34
220557;Saúde;34
220557;Agricultura, Pecuária, Pesca e Extrativismo;32
220557;Relações Internacionais e Comércio Exterior;26
220557;Direito Penal e Processual Penal;23
220557;Educação;23
220557;Indústria, Comércio e Serviços;21
220557;Estrutura Fundiária;20
220557;Viação, Transporte e Mobilidade;20
220557;Processo Legislativo e Atuação Parlamentar;19
220557;Previdência e Assistência Social;18
220557;Trabalho e Emprego;17
220557;Direito e Justiça;15
220557;Homenagens e Datas Comemorativas;15
220557;Meio Ambiente e Desenvolvimento Sustentável;15
220557;Arte, Cultura e Religião;13
220557;Comunicações;11
220557;Energia, Recursos Hídricos e Minerais;11
220557;Direito Constitucional;10
220557;Política, Partidos e Eleições;7
220557;Esporte e Lazer;6
220557;Direito Civil e Processual Civil;5
220557;Direito e Defesa do Consumidor;5
220557;Turismo;4
220557;Cidades e Desenvolvimento Urbano;3
220557;Ciência, Tecnologia e Inovação;1
220558;Administração Pública;84
220558;Finanças Públicas e Orçamento;62
220558;Direitos Humanos e Minorias;55
220558;Defesa e Segurança;42
220558;Economia;39
220558;Viação, Transporte e Mobilidade;30
220558;Relações Internacionais e Comércio Exterior;28
220558;Processo Legislativo e Atuação Parlamentar;27
220558;Agricultura, Pecuária, Pesca e Extrativismo;25
220558;Trabalho e Emprego;25
220558;Direito Penal e Processual Penal;23
220558;Meio Ambiente e Desenvolvimento Sustentável;21
220558;Saúde;19
220558;Previdência e Assistência Social;16
220558;Indústria, Comércio e Serviços;15
220558;Energia, Recursos Hídricos e Minerais;14
220558;Direito Constitucional;11
220558;Estrutura Fundiária;11
220558;Direito e Defesa do Consumidor;10
220558;Direito e Justiça;10
220558;Política, Partidos e Eleições;10
220558;Educação;9
220558;Comunicações;8
220558;Cidades e Desenvolvimento Urbano;7
220558;Arte, Cultura e Religião;6
220558;Homenagens e Datas Comemorativas;5
220558;Direito Civil e Processual Civil;3
220558;Ciência, Tecnologia e Inovação;2
220558;Esporte e Lazer;1
220558;Turismo;1
220559;Administração Pública;118
220559;Direitos Humanos e Minorias;87
220559;Finanças Públicas e Orçamento;67
220559;Defesa e Segurança;56
220559;Saúde;53
220559;Viação, Transporte e Mobilidade;35
220559;Direito Penal e Processual Penal;27
220559;Economia;26
220559;Processo Legislativo e Atuação Parlamentar;26
220559;Meio Ambiente e Desenvolvimento Sustentável;22
220559;Relações Internacionais e Comércio Exterior;21
220559;Educação;20
220559;Indústria, Comércio e Serviços;19
220559;Previdência e Assistência Social;18
220559;Agricultura, Pecuária, Pesca e Extrativismo;15
220559;Trabalho e Emprego;15
220559;Comunicações;14
220559;Direito e Defesa do Consumidor;12
220559;Cidades e Desenvolvimento Urbano;11
220559;Direito Constitucional;11
220559;Direito Civil e Processual Civil;9
220559;Energia, Recursos Hídricos e Minerais;9
220559;Arte, Cultura e Religião;8
220559;Ciência, Tecnologia e Inovação;8
220559;Direito e Justiça;7
220559;Estrutura Fundiária;7
220559;Homenagens e Datas Comemorativas;5
220559;Política, Partidos e Eleições;5
220559;Turismo;5
220559;Esporte e Lazer;1
220560;Finanças Públicas e Orçamento;20
220560;Administração Pública;19
220560;Saúde;12
220560;Educação;11
220560;Processo Legislativo e Atuação Parlamentar;11
220560;Arte, Cultura e Religião;8
220560;Trabalho e Emprego;8
220560;Homenagens e Datas Comemorativas;6
220560;Viação, Transporte e Mobilidade;6
220560;Defesa e Segurança;5
220560;Direitos Humanos e Minorias;5
220560;Indústria, Comércio e Serviços;5
220560;Previdência e Assistência Social;5
220560;Cidades e Desenvolvimento Urbano;4
220560;Direito Constitucional;4
220560;Direito e Defesa do Consumidor;4
220560;Economia;4
220560;Meio Ambiente e Desenvolvimento Sustentável;4
220560;Direito Penal e Processual Penal;3
220560;Esporte e Lazer;3
220560;Política, Partidos e Eleições;3
220560;Agricultura, Pecuária, Pesca e Extrativismo;2
220560;Comunicações;2
220560;Energia, Recursos Hídricos e Minerais;2
220560;Turismo;2
220560;Direito Civil e Processual Civil;1
220560;Direito e Justiça;1
220560;Estrutura Fundiária;1
220561;Direitos Humanos e Minorias;29
220561;Defesa e Segurança;13
220561;Saúde;13
220561;Finanças Públicas e Orçamento;10
220561;Administração Pública;9
220561;Direito Penal e Processual Penal;8
220561;Direito e Justiça;7
220561;Processo Legislativo e Atuação Parlamentar;6
220561;Trabalho e Emprego;5
220561;Direito Constitucional;4
220561;Educação;4
220561;Indústria, Comércio e Serviços;4
220561;Arte, Cultura e Religião;3
220561;Cidades e Desenvolvimento Urbano;3
220561;Direito e Defesa do Consumidor;3
220561;Meio Ambiente e Desenvolvimento Sustentável;3
220561;Viação, Transporte e Mobilidade;3
220561;Comunicações;2
220561;Economia;2
220561;Estrutura Fundiária;2
220561;Previdência e Assistência Social;2
220561;Direito Civil e Processual Civil;1
220561;Energia, Recursos Hídricos e Minerais;1
220561;Esporte e Lazer;1
220561;Homenagens e Datas Comemorativas;1
220561;Política, Partidos e Eleições;1
220561;Relações Internacionais e Comércio Exterior;1
220561;Turismo;1
220563;Finanças Públicas e Orçamento;17
220563;Processo Legislativo e Atuação Parlamentar;16
220563;Administração Pública;13
220563;Direitos Humanos e Minorias;11
220563;Trabalho e Emprego;11
220563;Defesa e Segurança;8
220563;Direito Constitucional;8
220563;Economia;7
220563;Saúde;7
220563;Direito e Defesa do Consumidor;6
220563;Direito Penal e Processual Penal;5
220563;Homenagens e Datas Comemorativas;5
220563;Indústria, Comércio e Serviços;5
220563;Previdência e Assistência Social;5
220563;Viação, Transporte e Mobilidade;5
220563;Arte, Cultura e Religião;4
220563;Meio Ambiente e Desenvolvimento Sustentável;4
220563;Agricultura, Pecuária, Pesca e Extrativismo;3
220563;Educação;3
220563;Relações Internacionais e Comércio Exterior;3
220563;Turismo;3
220563;Direito e Justiça;2
220563;Energia, Recursos Hídricos e Minerais;2
220563;Política, Partidos e Eleições;2
220563;Cidades e Desenvolvimento Urbano;1
220563;Comunicações;1
220563;Direito Civil e Processual Civil;1
220563;Estrutura Fundiária;1
220564;Direitos Humanos e Minorias;43
220564;Saúde;26
220564;Trabalho e Emprego;20
220564;Finanças Públicas e Orçamento;19
220564;Administração Pública;16
220564;Educação;15
220564;Previdência e Assistência Social;13
220564;Defesa e Segurança;12
220564;Direito Penal e Processual Penal;9
220564;Meio Ambiente e Desenvolvimento Sustentável;7
220564;Processo Legislativo e Atuação Parlamentar;7
220564;Viação, Transporte e Mobilidade;7
220564;Cidades e Desenvolvimento Urbano;6
220564;Comunicações;5
220564;Direito e Justiça;5
220564;Direito e Defesa do Consumidor;4
220564;Economia;4
220564;Arte, Cultura e Religião;3
220564;Ciência, Tecnologia e Inovação;3
220564;Direito Civil e Processual Civil;3
220564;Direito Constitucional;3
220564;Energia, Recursos Hídricos e Minerais;3
220564;Homenagens e Datas Comemorativas;3
220564;Esporte e Lazer;2
220564;Indústria, Comércio e Serviços;2
220564;Agricultura, Pecuária, Pesca e Extrativismo;1
220564;Estrutura Fundiária;1
220564;Relações Internacionais e Comércio Exterior;1
220565;Direitos Humanos e Minorias;49
220565;Defesa e Segurança;23
220565;Administração Pública;21
220565;Saúde;19
220565;Educação;13
220565;Indústria, Comércio e Serviços;12
220565;Trabalho e Emprego;12
220565;Direito e Defesa do Consumidor;9
220565;Finanças Públicas e Orçamento;8
220565;Comunicações;7
220565;Direito Penal e Processual Penal;7
220565;Economia;6
220565;Meio Ambiente e Desenvolvimento Sustentável;6
220565;Processo Legislativo e Atuação Parlamentar;6
220565;Direito Civil e Processual Civil;5
220565;Esporte e Lazer;5
220565;Homenagens e Datas Comemorativas;5
220565;Previdência e Assistência Social;5
220565;Ciência, Tecnologia e Inovação;4
220565;Direito e Justiça;4
220565;Agricultura, Pecuária, Pesca e Extrativismo;3
220565;Energia, Recursos Hídricos e Minerais;3
220565;Arte, Cultura e Religião;2
220565;Cidades e Desenvolvimento Urbano;2
220565;Direito Constitucional;2
220565;Viação, Transporte e Mobilidade;2
220565;Política, Partidos e Eleições;1
220565;Relações Internacionais e Comércio Exterior;1
220566;Direitos Humanos e Minorias;37
220566;Finanças Públicas e Orçamento;25
220566;Administração Pública;20
220566;Saúde;20
220566;Defesa e Segurança;11
220566;Direito Penal e Processual Penal;9
220566;Economia;9
220566;Viação, Transporte e Mobilidade;9
220566;Cidades e Desenvolvimento Urbano;7
220566;Educação;7
220566;Trabalho e Emprego;7
220566;Direito e Defesa do Consumidor;6
220566;Indústria, Comércio e Serviços;6
220566;Direito Constitucional;5
220566;Arte, Cultura e Religião;4
220566;Comunicações;4
220566;Meio Ambiente e Desenvolvimento Sustentável;4
220566;Política, Partidos e Eleições;4
220566;Processo Legislativo e Atuação Parlamentar;4
220566;Ciência, Tecnologia e Inovação;3
220566;Homenagens e Datas Comemorativas;3
220566;Previdência e Assistência Social;3
220566;Direito Civil e Processual Civil;2
220566;Direito e Justiça;2
220566;Agricultura, Pecuária, Pesca e Extrativismo;1
220566;Energia, Recursos Hídricos e Minerais;1
220566;Esporte e Lazer;1
220566;Relações Internacionais e Comércio Exterior;1
220567;Direitos Humanos e Minorias;12
220567;Finanças Públicas e Orçamento;10
220567;Administração Pública;9
220567;Direito Penal e Processual Penal;9
220567;Defesa e Segurança;7
220567;Educação;7
220567;Trabalho e Emprego;7
220567;Saúde;6
220567;Meio Ambiente e Desenvolvimento Sustentável;5
220567;Previdência e Assistência Social;5
220567;Direito e Justiça;4
220567;Economia;4
220567;Processo Legislativo e Atuação Parlamentar;4
220567;Viação, Transporte e Mobilidade;4
220567;Arte, Cultura e Religião;3
220567;Cidades e Desenvolvimento Urbano;3
220567;Indústria, Comércio e Serviços;3
220567;Agricultura, Pecuária, Pesca e Extrativismo;2
220567;Direito Constitucional;2
220567;Homenagens e Datas Comemorativas;2
220567;Turismo;2
220567;Comunicações;1
220567;Direito e Defesa do Consumidor;1
220567;Energia, Recursos Hídricos e Minerais;1
220567;Esporte e Lazer;1
220567;Política, Partidos e Eleições;1
220567;Relações Internacionais e Comércio Exterior;1
220568;Administração Pública;485
220568;Finanças Públicas e Orçamento;219
220568;Defesa e Segurança;147
220568;Relações Internacionais e Comércio Exterior;120
220568;Saúde;119
220568;Direitos Humanos e Minorias;108
220568;Economia;93
220568;Comunicações;72
220568;Indústria, Comércio e Serviços;61
220568;Educação;60
220568;Arte, Cultura e Religião;44
220568;Previdência e Assistência Social;41
220568;Agricultura, Pecuária, Pesca e Extrativismo;38
220568;Meio Ambiente e Desenvolvimento Sustentável;35
220568;Energia, Recursos Hídricos e Minerais;32
220568;Trabalho e Emprego;28
220568;Viação, Transporte e Mobilidade;28
220568;Direito Penal e Processual Penal;24
220568;Processo Legislativo e Atuação Parlamentar;22
220568;Política, Partidos e Eleições;19
220568;Ciência, Tecnologia e Inovação;15
220568;Direito Constitucional;14
220568;Direito e Justiça;14
220568;Estrutura Fundiária;13
220568;Direito e Defesa do Consumidor;12
220568;Cidades e Desenvolvimento Urbano;10
220568;Esporte e Lazer;7
220568;Turismo;4
220568;Homenagens e Datas Comemorativas;3
220568;Direito Civil e Processual Civil;2
220568;Ciências Sociais e Humanas;1
220569;Direitos Humanos e Minorias;84
220569;Direito Penal e Processual Penal;48
220569;Defesa e Segurança;33
220569;Administração Pública;27
220569;Trabalho e Emprego;21
220569;Saúde;20
220569;Finanças Públicas e Orçamento;19
220569;Meio Ambiente e Desenvolvimento Sustentável;19
220569;Processo Legislativo e Atuação Parlamentar;15
220569;Direito e Justiça;14
220569;Direito Civil e Processual Civil;11
220569;Previdência e Assistência Social;10
220569;Viação, Transporte e Mobilidade;9
220569;Direito Constitucional;8
220569;Educação;8
220569;Direito e Defesa do Consumidor;7
220569;Economia;7
220569;Comunicações;6
220569;Indústria, Comércio e Serviços;6
220569;Cidades e Desenvolvimento Urbano;5
220569;Arte, Cultura e Religião;4
220569;Esporte e Lazer;4
220569;Ciência, Tecnologia e Inovação;3
220569;Energia, Recursos Hídricos e Minerais;3
220569;Estrutura Fundiária;1
220569;Política, Partidos e Eleições;1
220569;Relações Internacionais e Comércio Exterior;1
220570;Direitos Humanos e Minorias;15
220570;Finanças Públicas e Orçamento;15
220570;Administração Pública;13
220570;Saúde;13
220570;Defesa e Segurança;12
220570;Educação;12
220570;Direito Penal e Processual Penal;8
220570;Processo Legislativo e Atuação Parlamentar;8
220570;Direito e Justiça;5
220570;Economia;5
220570;Meio Ambiente e Desenvolvimento Sustentável;5
220570;Trabalho e Emprego;5
220570;Viação, Transporte e Mobilidade;4
220570;Arte, Cultura e Religião;3
220570;Direito Constitucional;3
220570;Esporte e Lazer;3
220570;Política, Partidos e Eleições;3
220570;Comunicações;2
220570;Direito e Defesa do Consumidor;2
220570;Homenagens e Datas Comemorativas;2
220570;Indústria, Comércio e Serviços;2
220570;Previdência e Assistência Social;2
220570;Agricultura, Pecuária, Pesca e Extrativismo;1
220570;Cidades e Desenvolvimento Urbano;1
220570;Ciência, Tecnologia e Inovação;1
220570;Energia, Recursos Hídricos e Minerais;1
220570;Estrutura Fundiária;1
220571;Direitos Humanos e Minorias;28
220571;Finanças Públicas e Orçamento;20
220571;Administração Pública;18
220571;Defesa e Segurança;17
220571;Trabalho e Emprego;17
220571;Saúde;16
220571;Agricultura, Pecuária, Pesca e Extrativismo;12
220571;Processo Legislativo e Atuação Parlamentar;11
220571;Direito Penal e Processual Penal;10
220571;Viação, Transporte e Mobilidade;10
220571;Direito Constitucional;8
220571;Economia;8
220571;Indústria, Comércio e Serviços;8
220571;Educação;7
220571;Meio Ambiente e Desenvolvimento Sustentável;7
220571;Previdência e Assistência Social;7
220571;Arte, Cultura e Religião;5
220571;Direito e Defesa do Consumidor;5
220571;Direito Civil e Processual Civil;3
220571;Energia, Recursos Hídricos e Minerais;3
220571;Esporte e Lazer;3
220571;Estrutura Fundiária;3
220571;Homenagens e Datas Comemorativas;3
220571;Relações Internacionais e Comércio Exterior;3
220571;Ciência, Tecnologia e Inovação;2
220571;Direito e Justiça;2
220571;Cidades e Desenvolvimento Urbano;1
220572;Direitos Humanos e Minorias;15
220572;Administração Pública;14
220572;Finanças Públicas e Orçamento;14
220572;Defesa e Segurança;13
220572;Agricultura, Pecuária, Pesca e Extrativismo;11
220572;Meio Ambiente e Desenvolvimento Sustentável;9
220572;Saúde;8
220572;Trabalho e Emprego;8
220572;Previdência e Assistência Social;6
220572;Direito Penal e Processual Penal;5
220572;Economia;5
220572;Educação;5
220572;Estrutura Fundiária;4
220572;Viação, Transporte e Mobilidade;4
220572;Homenagens e Datas Comemorativas;3
220572;Indústria, Comércio e Serviços;3
220572;Ciência, Tecnologia e Inovação;2
220572;Direito Constitucional;2
220572;Direito e Justiça;2
220572;Política, Partidos e Eleições;2
220572;Processo Legislativo e Atuação Parlamentar;2
220572;Arte, Cultura e Religião;1
220572;Cidades e Desenvolvimento Urbano;1
220572;Comunicações;1
220573;Administração Pública;20
220573;Saúde;20
220573;Direitos Humanos e Minorias;19
220573;Finanças Públicas e Orçamento;17
220573;Meio Ambiente e Desenvolvimento Sustentável;13
220573;Trabalho e Emprego;12
220573;Comunicações;8
220573;Esporte e Lazer;8
220573;Processo Legislativo e Atuação Parlamentar;8
220573;Indústria, Comércio e Serviços;7
220573;Defesa e Segurança;6
220573;Direito e Justiça;6
220573;Economia;6
220573;Previdência e Assistência Social;5
220573;Agricultura, Pecuária, Pesca e Extrativismo;4
220573;Direito Constitucional;4
220573;Direito Penal e Processual Penal;4
220573;Educação;4
220573;Energia, Recursos Hídricos e Minerais;4
220573;Homenagens e Datas Comemorativas;4
220573;Arte, Cultura e Religião;3
220573;Ciência, Tecnologia e Inovação;3
220573;Direito e Defesa do Consumidor;3
220573;Relações Internacionais e Comércio Exterior;2
220573;Viação, Transporte e Mobilidade;2
220573;Direito Civil e Processual Civil;1
220574;Administração Pública;247
220574;Finanças Públicas e Orçamento;147
220574;Defesa e Segurança;136
220574;Direitos Humanos e Minorias;96
220574;Direito Penal e Processual Penal;82
220574;Economia;70
220574;Relações Internacionais e Comércio Exterior;70
220574;Saúde;61
220574;Trabalho e Emprego;44
220574;Educação;40
220574;Previdência e Assistência Social;40
220574;Meio Ambiente e Desenvolvimento Sustentável;30
220574;Processo Legislativo e Atuação Parlamentar;30
220574;Viação, Transporte e Mobilidade;30
220574;Energia, Recursos Hídricos e Minerais;27
220574;Comunicações;26
220574;Indústria, Comércio e Serviços;23
220574;Arte, Cultura e Religião;21
220574;Agricultura, Pecuária, Pesca e Extrativismo;20
220574;Direito e Justiça;20
220574;Cidades e Desenvolvimento Urbano;19
220574;Direito e Defesa do Consumidor;17
220574;Política, Partidos e Eleições;16
220574;Ciência, Tecnologia e Inovação;15
220574;Direito Constitucional;11
220574;Homenagens e Datas Comemorativas;11
220574;Direito Civil e Processual Civil;7
220574;Esporte e Lazer;6
220574;Estrutura Fundiária;6
220574;Turismo;4
220574;Ciências Sociais e Humanas;1
220575;Direitos Humanos e Minorias;13
220575;Finanças Públicas e Orçamento;13
220575;Administração Pública;8
220575;Saúde;8
220575;Defesa e Segurança;7
220575;Indústria, Comércio e Serviços;7
220575;Economia;6
220575;Processo Legislativo e Atuação Parlamentar;6
220575;Meio Ambiente e Desenvolvimento Sustentável;5
220575;Previdência e Assistência Social;5
220575;Trabalho e Emprego;5
220575;Educação;4
220575;Cidades e Desenvolvimento Urbano;3
220575;Direito e Defesa do Consumidor;3
220575;Direito e Justiça;3
220575;Comunicações;2
220575;Direito Constitucional;2
220575;Relações Internacionais e Comércio Exterior;2
220575;Turismo;2
220575;Viação, Transporte e Mobilidade;2
220575;Agricultura, Pecuária, Pesca e Extrativismo;1
220575;Arte, Cultura e Religião;1
220575;Estrutura Fundiária;1
220576;Administração Pública;70
220576;Defesa e Segurança;48
220576;Finanças Públicas e Orçamento;37
220576;Direitos Humanos e Minorias;34
220576;Processo Legislativo e Atuação Parlamentar;26
220576;Direito Penal e Processual Penal;25
220576;Economia;23
220576;Saúde;23
220576;Relações Internacionais e Comércio Exterior;16
220576;Previdência e Assistência Social;15
220576;Trabalho e Emprego;14
220576;Direito e Defesa do Consumidor;11
220576;Direito Constitucional;10
220576;Direito e Justiça;10
220576;Educação;10
220576;Energia, Recursos Hídricos e Minerais;10
220576;Indústria, Comércio e Serviços;10
220576;Meio Ambiente e Desenvolvimento Sustentável;10
220576;Política, Partidos e Eleições;8
220576;Cidades e Desenvolvimento Urbano;6
220576;Viação, Transporte e Mobilidade;6
220576;Comunicações;5
220576;Estrutura Fundiária;5
220576;Agricultura, Pecuária, Pesca e Extrativismo;4
220576;Turismo;4
220576;Arte, Cultura e Religião;3
220576;Ciência, Tecnologia e Inovação;3
220576;Direito Civil e Processual Civil;3
220576;Homenagens e Datas Comemorativas;2
220576;Esporte e Lazer;1
220577;Saúde;24
220577;Direitos Humanos e Minorias;18
220577;Trabalho e Emprego;10
220577;Finanças Públicas e Orçamento;9
220577;Esporte e Lazer;8
220577;Educação;5
220577;Homenagens e Datas Comemorativas;4
220577;Indústria, Comércio e Serviços;4
220577;Meio Ambiente e Desenvolvimento Sustentável;4
220577;Processo Legislativo e Atuação Parlamentar;4
220577;Administração Pública;3
220577;Agricultura, Pecuária, Pesca e Extrativismo;2
220577;Arte, Cultura e Religião;2
220577;Defesa e Segurança;2
220577;Direito Constitucional;2
220577;Direito Penal e Processual Penal;2
220577;Direito e Defesa do Consumidor;2
220577;Direito e Justiça;2
220577;Ciência, Tecnologia e Inovação;1
220577;Direito Civil e Processual Civil;1
220577;Economia;1
220577;Política, Partidos e Eleições;1
220577;Previdência e Assistência Social;1
220578;Direitos Humanos e Minorias;24
220578;Administração Pública;19
220578;Finanças Públicas e Orçamento;15
220578;Saúde;14
220578;Trabalho e Emprego;11
220578;Educação;7
220578;Indústria, Comércio e Serviços;7
220578;Economia;6
220578;Previdência e Assistência Social;6
220578;Processo Legislativo e Atuação Parlamentar;6
220578;Defesa e Segurança;5
220578;Direito Penal e Processual Penal;5
220578;Direito e Defesa do Consumidor;5
220578;Direito e Justiça;5
220578;Meio Ambiente e Desenvolvimento Sustentável;5
220578;Viação, Transporte e Mobilidade;4
220578;Direito Constitucional;3
220578;Agricultura, Pecuária, Pesca e Extrativismo;2
220578;Cidades e Desenvolvimento Urbano;2
220578;Comunicações;2
220578;Arte, Cultura e Religião;1
220578;Homenagens e Datas Comemorativas;1
220578;Política, Partidos e Eleições;1
220579;Direitos Humanos e Minorias;83
220579;Administração Pública;70
220579;Defesa e Segurança;61
220579;Finanças Públicas e Orçamento;44
220579;Saúde;38
220579;Relações Internacionais e Comércio Exterior;33
220579;Meio Ambiente e Desenvolvimento Sustentável;28
220579;Energia, Recursos Hídricos e Minerais;24
220579;Economia;22
220579;Processo Legislativo e Atuação Parlamentar;22
220579;Agricultura, Pecuária, Pesca e Extrativismo;20
220579;Direito Penal e Processual Penal;20
220579;Estrutura Fundiária;17
220579;Trabalho e Emprego;15
220579;Direito e Justiça;13
220579;Educação;13
220579;Previdência e Assistência Social;13
220579;Viação, Transporte e Mobilidade;10
220579;Indústria, Comércio e Serviços;9
220579;Direito Constitucional;8
220579;Arte, Cultura e Religião;7
220579;Direito e Defesa do Consumidor;7
220579;Comunicações;6
220579;Política, Partidos e Eleições;6
220579;Cidades e Desenvolvimento Urbano;4
220579;Direito Civil e Processual Civil;4
220579;Ciência, Tecnologia e Inovação;3
220579;Turismo;3
220579;Esporte e Lazer;2
220579;Homenagens e Datas Comemorativas;2
220580;Direitos Humanos e Minorias;25
220580;Educação;24
220580;Finanças Públicas e Orçamento;19
220580;Administração Pública;15
220580;Saúde;11
220580;Defesa e Segurança;10
220580;Economia;7
220580;Processo Legislativo e Atuação Parlamentar;6
220580;Direito e Justiça;5
220580;Trabalho e Emprego;5
220580;Direito Constitucional;4
220580;Previdência e Assistência Social;4
220580;Arte, Cultura e Religião;3
220580;Ciência, Tecnologia e Inovação;3
220580;Comunicações;3
220580;Direito Penal e Processual Penal;3
220580;Indústria, Comércio e Serviços;3
220580;Meio Ambiente e Desenvolvimento Sustentável;3
220580;Direito e Defesa do Consumidor;2
220580;Esporte e Lazer;2
220580;Cidades e Desenvolvimento Urbano;1
220580;Energia, Recursos Hídricos e Minerais;1
220580;Estrutura Fundiária;1
220580;Relações Internacionais e Comércio Exterior;1
220580;Viação, Transporte e Mobilidade;1
220581;Finanças Públicas e Orçamento;12
220581;Educação;10
220581;Direitos Humanos e Minorias;8
220581;Administração Pública;7
220581;Saúde;7
220581;Processo Legislativo e Atuação Parlamentar;6
220581;Economia;5
220581;Indústria, Comércio e Serviços;5
220581;Direito Constitucional;4
220581;Agricultura, Pecuária, Pesca e Extrativismo;3
220581;Direito Penal e Processual Penal;3
220581;Direito e Defesa do Consumidor;3
220581;Direito e Justiça;3
220581;Meio Ambiente e Desenvolvimento Sustentável;3
220581;Previdência e Assistência Social;3
220581;Ciência, Tecnologia e Inovação;2
220581;Comunicações;2
220581;Homenagens e Datas Comemorativas;2
220581;Relações Internacionais e Comércio Exterior;2
220581;Viação, Transporte e Mobilidade;2
220581;Defesa e Segurança;1
220581;Energia, Recursos Hídricos e Minerais;1
220581;Esporte e Lazer;1
220581;Política, Partidos e Eleições;1
220581;Trabalho e Emprego;1
220582;Educação;10
220582;Direitos Humanos e Minorias;9
220582;Trabalho e Emprego;7
220582;Administração Pública;6
220582;Defesa e Segurança;5
220582;Previdência e Assistência Social;5
220582;Processo Legislativo e Atuação Parlamentar;5
220582;Finanças Públicas e Orçamento;4
220582;Homenagens e Datas Comemorativas;4
220582;Saúde;4
220582;Direito e Defesa do Consumidor;3
220582;Indústria, Comércio e Serviços;3
220582;Arte, Cultura e Religião;2
220582;Comunicações;2
220582;Direito Penal e Processual Penal;2
220582;Meio Ambiente e Desenvolvimento Sustentável;2
220582;Turismo;2
220582;Viação, Transporte e Mobilidade;2
220582;Agricultura, Pecuária, Pesca e Extrativismo;1
220582;Ciência, Tecnologia e Inovação;1
220582;Direito Civil e Processual Civil;1
220582;Direito Constitucional;1
220582;Energia, Recursos Hídricos e Minerais;1
220582;Esporte e Lazer;1
220583;Defesa e Segurança;49
220583;Direitos Humanos e Minorias;42
220583;Administração Pública;37
220583;Direito Penal e Processual Penal;36
220583;Saúde;17
220583;Processo Legislativo e Atuação Parlamentar;16
220583;Finanças Públicas e Orçamento;9
220583;Relações Internacionais e Comércio Exterior;9
220583;Trabalho e Emprego;9
220583;Viação, Transporte e Mobilidade;9
220583;Direito Constitucional;8
220583;Direito e Justiça;7
220583;Estrutura Fundiária;7
220583;Economia;6
220583;Educação;6
220583;Política, Partidos e Eleições;6
220583;Comunicações;5
220583;Previdência e Assistência Social;5
220583;Esporte e Lazer;4
220583;Homenagens e Datas Comemorativas;4
220583;Meio Ambiente e Desenvolvimento Sustentável;4
220583;Arte, Cultura e Religião;3
220583;Direito e Defesa do Consumidor;3
220583;Indústria, Comércio e Serviços;3
220583;Agricultura, Pecuária, Pesca e Extrativismo;2
220583;Cidades e Desenvolvimento Urbano;2
220583;Direito Civil e Processual Civil;2
220583;Turismo;2
220583;Ciência, Tecnologia e Inovação;1
220583;Ciências Sociais e Humanas;1
220583;Energia, Recursos Hídricos e Minerais;1
220584;Direitos Humanos e Minorias;31
220584;Saúde;16
220584;Educação;15
220584;Indústria, Comércio e Serviços;15
220584;Direito e Defesa do Consumidor;14
220584;Trabalho e Emprego;14
220584;Administração Pública;12
220584;Finanças Públicas e Orçamento;10
220584;Defesa e Segurança;9
220584;Meio Ambiente e Desenvolvimento Sustentável;9
220584;Viação, Transporte e Mobilidade;8
220584;Economia;6
220584;Previdência e Assistência Social;5
220584;Processo Legislativo e Atuação Parlamentar;5
220584;Turismo;5
220584;Agricultura, Pecuária, Pesca e Extrativismo;4
220584;Arte, Cultura e Religião;4
220584;Homenagens e Datas Comemorativas;4
220584;Cidades e Desenvolvimento Urbano;3
220584;Comunicações;3
220584;Direito Constitucional;3
220584;Direito e Justiça;3
220584;Energia, Recursos Hídricos e Minerais;3
220584;Direito Penal e Processual Penal;2
220584;Esporte e Lazer;2
220584;Política, Partidos e Eleições;2
220584;Direito Civil e Processual Civil;1
220584;Relações Internacionais e Comércio Exterior;1
220585;Administração Pública;14
220585;Direitos Humanos e Minorias;8
220585;Processo Legislativo e Atuação Parlamentar;7
220585;Direito e Defesa do Consumidor;6
220585;Finanças Públicas e Orçamento;5
220585;Direito Penal e Processual Penal;4
220585;Economia;4
220585;Educação;4
220585;Homenagens e Datas Comemorativas;4
220585;Meio Ambiente e Desenvolvimento Sustentável;4
220585;Saúde;4
220585;Arte, Cultura e Religião;3
220585;Ciência, Tecnologia e Inovação;3
220585;Direito Constitucional;3
220585;Direito e Justiça;3
220585;Energia, Recursos Hídricos e Minerais;3
220585;Indústria, Comércio e Serviços;3
220585;Trabalho e Emprego;3
220585;Viação, Transporte e Mobilidade;3
220585;Cidades e Desenvolvimento Urbano;2
220585;Direito Civil e Processual Civil;2
220585;Esporte e Lazer;2
220585;Agricultura, Pecuária, Pesca e Extrativismo;1
220585;Comunicações;1
220585;Defesa e Segurança;1
220585;Estrutura Fundiária;1
220585;Política, Partidos e Eleições;1
220585;Previdência e Assistência Social;1
220585;Turismo;1
220586;Educação;50
220586;Direitos Humanos e Minorias;40
220586;Administração Pública;31
220586;Finanças Públicas e Orçamento;29
220586;Trabalho e Emprego;22
220586;Saúde;19
220586;Defesa e Segurança;16
220586;Indústria, Comércio e Serviços;10
220586;Comunicações;8
220586;Viação, Transporte e Mobilidade;8
220586;Direito Penal e Processual Penal;7
220586;Economia;7
220586;Homenagens e Datas Comemorativas;7
220586;Processo Legislativo e Atuação Parlamentar;7
220586;Arte, Cultura e Religião;6
220586;Política, Partidos e Eleições;6
220586;Direito Constitucional;5
220586;Previdência e Assistência Social;5
220586;Direito e Justiça;4
220586;Meio Ambiente e Desenvolvimento Sustentável;4
220586;Cidades e Desenvolvimento Urbano;3
220586;Ciência, Tecnologia e Inovação;3
220586;Energia, Recursos Hídricos e Minerais;3
220586;Esporte e Lazer;3
220586;Direito e Defesa do Consumidor;2
220586;Relações Internacionais e Comércio Exterior;2
220586;Direito Civil e Processual Civil;1
220586;Turismo;1
220587;Finanças Públicas e Orçamento;18
220587;Direitos Humanos e Minorias;17
220587;Defesa e Segurança;13
220587;Administração Pública;12
220587;Processo Legislativo e Atuação Parlamentar;10
220587;Trabalho e Emprego;8
220587;Direito e Defesa do Consumidor;7
220587;Previdência e Assistência Social;7
220587;Direito Penal e Processual Penal;6
220587;Economia;6
220587;Meio Ambiente e Desenvolvimento Sustentável;6
220587;Saúde;6
220587;Cidades e Desenvolvimento Urbano;5
220587;Viação, Transporte e Mobilidade;5
220587;Direito Constitucional;4
220587;Homenagens e Datas Comemorativas;4
220587;Direito e Justiça;3
220587;Educação;3
220587;Comunicações;2
220587;Energia, Recursos Hídricos e Minerais;2
220587;Indústria, Comércio e Serviços;2
220587;Agricultura, Pecuária, Pesca e Extrativismo;1
220587;Arte, Cultura e Religião;1
220587;Estrutura Fundiária;1
220587;Relações Internacionais e Comércio Exterior;1
220587;Turismo;1
220588;Finanças Públicas e Orçamento;30
220588;Direitos Humanos e Minorias;29
220588;Administração Pública;27
220588;Processo Legislativo e Atuação Parlamentar;23
220588;Meio Ambiente e Desenvolvimento Sustentável;18
220588;Trabalho e Emprego;18
220588;Direito Penal e Processual Penal;16
220588;Defesa e Segurança;14
220588;Educação;14
220588;Economia;13
220588;Saúde;13
220588;Direito e Justiça;10
220588;Direito Constitucional;9
220588;Direito e Defesa do Consumidor;9
220588;Indústria, Comércio e Serviços;9
220588;Previdência e Assistência Social;9
220588;Viação, Transporte e Mobilidade;8
220588;Cidades e Desenvolvimento Urbano;7
220588;Agricultura, Pecuária, Pesca e Extrativismo;6
220588;Energia, Recursos Hídricos e Minerais;3
220588;Estrutura Fundiária;3
220588;Homenagens e Datas Comemorativas;3
220588;Relações Internacionais e Comércio Exterior;3
220588;Arte, Cultura e Religião;2
220588;Comunicações;2
220588;Esporte e Lazer;2
220588;Política, Partidos e Eleições;2
220588;Turismo;2
220588;Ciência, Tecnologia e Inovação;1
220589;Finanças Públicas e Orçamento;20
220589;Processo Legislativo e Atuação Parlamentar;15
220589;Saúde;15
220589;Administração Pública;13
220589;Direitos Humanos e Minorias;13
220589;Economia;12
220589;Educação;10
220589;Viação, Transporte e Mobilidade;10
220589;Agricultura, Pecuária, Pesca e Extrativismo;8
220589;Meio Ambiente e Desenvolvimento Sustentável;8
220589;Trabalho e Emprego;8
220589;Direito Constitucional;7
220589;Defesa e Segurança;6
220589;Direito e Defesa do Consumidor;6
220589;Direito Penal e Processual Penal;5
220589;Previdência e Assistência Social;5
220589;Relações Internacionais e Comércio Exterior;5
220589;Indústria, Comércio e Serviços;4
220589;Cidades e Desenvolvimento Urbano;3
220589;Direito e Justiça;3
220589;Arte, Cultura e Religião;2
220589;Energia, Recursos Hídricos e Minerais;2
220589;Estrutura Fundiária;2
220589;Homenagens e Datas Comemorativas;2
220589;Direito Civil e Processual Civil;1
220590;Defesa e Segurança;42
220590;Administração Pública;34
220590;Direito Penal e Processual Penal;21
220590;Direitos Humanos e Minorias;20
220590;Finanças Públicas e Orçamento;20
220590;Processo Legislativo e Atuação Parlamentar;20
220590;Trabalho e Emprego;14
220590;Direito Constitucional;10
220590;Meio Ambiente e Desenvolvimento Sustentável;9
220590;Economia;8
220590;Relações Internacionais e Comércio Exterior;7
220590;Viação, Transporte e Mobilidade;7
220590;Direito e Defesa do Consumidor;6
220590;Direito e Justiça;6
220590;Cidades e Desenvolvimento Urbano;5
220590;Estrutura Fundiária;5
220590;Indústria, Comércio e Serviços;5
220590;Previdência e Assistência Social;5
220590;Agricultura, Pecuária, Pesca e Extrativismo;4
220590;Energia, Recursos Hídricos e Minerais;4
220590;Comunicações;3
220590;Educação;3
220590;Saúde;3
220590;Arte, Cultura e Religião;2
220590;Política, Partidos e Eleições;2
220590;Ciência, Tecnologia e Inovação;1
220590;Esporte e Lazer;1
220590;Turismo;1
220591;Administração Pública;21
220591;Direitos Humanos e Minorias;19
220591;Saúde;17
220591;Finanças Públicas e Orçamento;16
220591;Trabalho e Emprego;13
220591;Educação;12
220591;Defesa e Segurança;11
220591;Processo Legislativo e Atuação Parlamentar;9
220591;Previdência e Assistência Social;7
220591;Economia;6
220591;Meio Ambiente e Desenvolvimento Sustentável;6
220591;Direito Constitucional;4
220591;Direito e Defesa do Consumidor;4
220591;Direito e Justiça;4
220591;Arte, Cultura e Religião;3
220591;Direito Penal e Processual Penal;3
220591;Indústria, Comércio e Serviços;3
220591;Agricultura, Pecuária, Pesca e Extrativismo;2
220591;Cidades e Desenvolvimento Urbano;2
220591;Homenagens e Datas Comemorativas;2
220591;Relações Internacionais e Comércio Exterior;2
220591;Viação, Transporte e Mobilidade;2
220591;Comunicações;1
220591;Energia, Recursos Hídricos e Minerais;1
220591;Esporte e Lazer;1
220592;Finanças Públicas e Orçamento;9
220592;Trabalho e Emprego;8
220592;Administração Pública;6
220592;Direito Constitucional;6
220592;Processo Legislativo e Atuação Parlamentar;5
220592;Saúde;5
220592;Defesa e Segurança;4
220592;Direitos Humanos e Minorias;4
220592;Meio Ambiente e Desenvolvimento Sustentável;4
220592;Previdência e Assistência Social;4
220592;Economia;2
220592;Educação;2
220592;Indústria, Comércio e Serviços;2
220592;Agricultura, Pecuária, Pesca e Extrativismo;1
220592;Arte, Cultura e Religião;1
220592;Cidades e Desenvolvimento Urbano;1
220592;Direito Penal e Processual Penal;1
220592;Direito e Defesa do Consumidor;1
220592;Direito e Justiça;1
220592;Estrutura Fundiária;1
220592;Viação, Transporte e Mobilidade;1
220593;Direitos Humanos e Minorias;22
220593;Saúde;21
220593;Finanças Públicas e Orçamento;18
220593;Administração Pública;17
220593;Processo Legislativo e Atuação Parlamentar;14
220593;Defesa e Segurança;12
220593;Arte, Cultura e Religião;7
220593;Direito Penal e Processual Penal;7
220593;Indústria, Comércio e Serviços;6
220593;Previdência e Assistência Social;6
220593;Direito e Defesa do Consumidor;5
220593;Economia;5
220593;Política, Partidos e Eleições;5
220593;Viação, Transporte e Mobilidade;5
220593;Comunicações;4
220593;Direito Constitucional;4
220593;Direito e Justiça;4
220593;Educação;4
220593;Estrutura Fundiária;4
220593;Trabalho e Emprego;4
220593;Cidades e Desenvolvimento Urbano;3
220593;Agricultura, Pecuária, Pesca e Extrativismo;2
220593;Energia, Recursos Hídricos e Minerais;2
220593;Meio Ambiente e Desenvolvimento Sustentável;2
220593;Relações Internacionais e Comércio Exterior;2
220593;Direito Civil e Processual Civil;1
220593;Esporte e Lazer;1
220593;Homenagens e Datas Comemorativas;1
220594;Defesa e Segurança;50
220594;Administração Pública;47
220594;Direito Penal e Processual Penal;46
220594;Direitos Humanos e Minorias;38
220594;Finanças Públicas e Orçamento;27
220594;Processo Legislativo e Atuação Parlamentar;25
220594;Energia, Recursos Hídricos e Minerais;15
220594;Economia;13
220594;Relações Internacionais e Comércio Exterior;13
220594;Saúde;13
220594;Trabalho e Emprego;10
220594;Direito Constitucional;9
220594;Direito e Justiça;9
220594;Direito e Defesa do Consumidor;7
220594;Educação;7
220594;Indústria, Comércio e Serviços;7
220594;Agricultura, Pecuária, Pesca e Extrativismo;6
220594;Política, Partidos e Eleições;6
220594;Previdência e Assistência Social;6
220594;Viação, Transporte e Mobilidade;6
220594;Estrutura Fundiária;5
220594;Meio Ambiente e Desenvolvimento Sustentável;5
220594;Comunicações;4
220594;Arte, Cultura e Religião;3
220594;Homenagens e Datas Comemorativas;3
220594;Esporte e Lazer;2
220594;Cidades e Desenvolvimento Urbano;1
220594;Ciência, Tecnologia e Inovação;1
220595;Direitos Humanos e Minorias;80
220595;Administração Pública;36
220595;Estrutura Fundiária;30
220595;Defesa e Segurança;26
220595;Finanças Públicas e Orçamento;25
220595;Processo Legislativo e Atuação Parlamentar;23
220595;Agricultura, Pecuária, Pesca e Extrativismo;21
220595;Direito Penal e Processual Penal;21
220595;Economia;20
220595;Meio Ambiente e Desenvolvimento Sustentável;20
220595;Relações Internacionais e Comércio Exterior;15
220595;Trabalho e Emprego;12
220595;Saúde;11
220595;Direito Constitucional;9
220595;Direito e Justiça;9
220595;Homenagens e Datas Comemorativas;8
220595;Previdência e Assistência Social;7
220595;Viação, Transporte e Mobilidade;7
220595;Indústria, Comércio e Serviços;5
220595;Política, Partidos e Eleições;5
220595;Arte, Cultura e Religião;4
220595;Educação;4
220595;Energia, Recursos Hídricos e Minerais;4
220595;Cidades e Desenvolvimento Urbano;2
220595;Comunicações;2
220595;Direito e Defesa do Consumidor;2
220595;Direito Civil e Processual Civil;1
220595;Esporte e Lazer;1
220595;Turismo;1
220596;Direitos Humanos e Minorias;15
220596;Defesa e Segurança;12
220596;Processo Legislativo e Atuação Parlamentar;11
220596;Saúde;9
220596;Administração Pública;7
220596;Direito Penal e Processual Penal;6
220596;Educação;4
220596;Finanças Públicas e Orçamento;4
220596;Direito e Defesa do Consumidor;3
220596;Política, Partidos e Eleições;3
220596;Previdência e Assistência Social;3
220596;Relações Internacionais e Comércio Exterior;3
220596;Arte, Cultura e Religião;2
220596;Direito Constitucional;2
220596;Direito e Justiça;2
220596;Estrutura Fundiária;2
220596;Indústria, Comércio e Serviços;2
220596;Comunicações;1
220596;Economia;1
220596;Energia, Recursos Hídricos e Minerais;1
220596;Esporte e Lazer;1
220596;Homenagens e Datas Comemorativas;1
220596;Meio Ambiente e Desenvolvimento Sustentável;1
220596;Trabalho e Emprego;1
220596;Viação, Transporte e Mobilidade;1
220597;Administração Pública;21
220597;Defesa e Segurança;19
220597;Direito Penal e Processual Penal;17
220597;Finanças Públicas e Orçamento;16
220597;Direitos Humanos e Minorias;14
220597;Economia;13
220597;Trabalho e Emprego;12
220597;Direito Constitucional;11
220597;Processo Legislativo e Atuação Parlamentar;11
220597;Saúde;10
220597;Agricultura, Pecuária, Pesca e Extrativismo;8
220597;Indústria, Comércio e Serviços;8
220597;Meio Ambiente e Desenvolvimento Sustentável;8
220597;Previdência e Assistência Social;8
220597;Educação;7
220597;Direito e Justiça;5
220597;Estrutura Fundiária;5
220597;Relações Internacionais e Comércio Exterior;5
220597;Política, Partidos e Eleições;4
220597;Viação, Transporte e Mobilidade;4
220597;Arte, Cultura e Religião;2
220597;Cidades e Desenvolvimento Urbano;1
220597;Ciência, Tecnologia e Inovação;1
220597;Comunicações;1
220597;Direito Civil e Processual Civil;1
220597;Direito e Defesa do Consumidor;1
220597;Energia, Recursos Hídricos e Minerais;1
220597;Esporte e Lazer;1
220598;Direitos Humanos e Minorias;44
220598;Administração Pública;36
220598;Educação;34
220598;Finanças Públicas e Orçamento;24
220598;Defesa e Segurança;19
220598;Trabalho e Emprego;19
220598;Saúde;15
220598;Homenagens e Datas Comemorativas;14
220598;Processo Legislativo e Atuação Parlamentar;12
220598;Previdência e Assistência Social;10
220598;Economia;9
220598;Cidades e Desenvolvimento Urbano;8
220598;Direito e Defesa do Consumidor;8
220598;Direito e Justiça;8
220598;Energia, Recursos Hídricos e Minerais;8
220598;Direito Penal e Processual Penal;7
220598;Meio Ambiente e Desenvolvimento Sustentável;7
220598;Arte, Cultura e Religião;6
220598;Indústria, Comércio e Serviços;6
220598;Comunicações;5
220598;Ciência, Tecnologia e Inovação;4
220598;Esporte e Lazer;4
220598;Viação, Transporte e Mobilidade;4
220598;Relações Internacionais e Comércio Exterior;3
220598;Agricultura, Pecuária, Pesca e Extrativismo;2
220598;Direito Constitucional;2
220598;Estrutura Fundiária;2
220598;Política, Partidos e Eleições;2
220598;Ciências Sociais e Humanas;1
220598;Direito Civil e Processual Civil;1
220599;Administração Pública;31
220599;Finanças Públicas e Orçamento;30
220599;Direitos Humanos e Minorias;29
220599;Defesa e Segurança;18
220599;Direito Penal e Processual Penal;18
220599;Processo Legislativo e Atuação Parlamentar;18
220599;Trabalho e Emprego;17
220599;Saúde;16
220599;Indústria, Comércio e Serviços;15
220599;Direito e Justiça;13
220599;Cidades e Desenvolvimento Urbano;12
220599;Direito Civil e Processual Civil;11
220599;Direito e Defesa do Consumidor;10
220599;Previdência e Assistência Social;10
220599;Arte, Cultura e Religião;9
220599;Comunicações;9
220599;Economia;9
220599;Educação;9
220599;Direito Constitucional;6
220599;Viação, Transporte e Mobilidade;6
220599;Energia, Recursos Hídricos e Minerais;5
220599;Esporte e Lazer;5
220599;Política, Partidos e Eleições;5
220599;Homenagens e Datas Comemorativas;4
220599;Relações Internacionais e Comércio Exterior;4
220599;Meio Ambiente e Desenvolvimento Sustentável;3
220599;Agricultura, Pecuária, Pesca e Extrativismo;2
220599;Ciência, Tecnologia e Inovação;1
220599;Estrutura Fundiária;1
220600;Finanças Públicas e Orçamento;14
220600;Saúde;11
220600;Administração Pública;9
220600;Energia, Recursos Hídricos e Minerais;8
220600;Economia;7
220600;Indústria, Comércio e Serviços;7
220600;Meio Ambiente e Desenvolvimento Sustentável;6
220600;Trabalho e Emprego;6
220600;Viação, Transporte e Mobilidade;6
220600;Direitos Humanos e Minorias;5
220600;Direito e Defesa do Consumidor;4
220600;Processo Legislativo e Atuação Parlamentar;4
220600;Relações Internacionais e Comércio Exterior;4
220600;Defesa e Segurança;3
220600;Educação;3
220600;Agricultura, Pecuária, Pesca e Extrativismo;2
220600;Cidades e Desenvolvimento Urbano;2
220600;Ciência, Tecnologia e Inovação;2
220600;Direito Constitucional;2
220600;Direito e Justiça;2
220600;Arte, Cultura e Religião;1
220600;Direito Penal e Processual Penal;1
220600;Estrutura Fundiária;1
220600;Homenagens e Datas Comemorativas;1
220600;Previdência e Assistência Social;1
220601;Administração Pública;7
220601;Processo Legislativo e Atuação Parlamentar;7
220601;Arte, Cultura e Religião;5
220601;Direito e Defesa do Consumidor;4
220601;Economia;4
220601;Finanças Públicas e Orçamento;4
220601;Homenagens e Datas Comemorativas;4
220601;Saúde;3
220601;Esporte e Lazer;2
220601;Meio Ambiente e Desenvolvimento Sustentável;2
220601;Política, Partidos e Eleições;2
220601;Trabalho e Emprego;2
220601;Viação, Transporte e Mobilidade;2
220601;Agricultura, Pecuária, Pesca e Extrativismo;1
220601;Cidades e Desenvolvimento Urbano;1
220601;Ciência, Tecnologia e Inovação;1
220601;Defesa e Segurança;1
220601;Direitos Humanos e Minorias;1
220601;Indústria, Comércio e Serviços;1
220601;Previdência e Assistência Social;1
220601;Relações Internacionais e Comércio Exterior;1
220601;Turismo;1
220602;Finanças Públicas e Orçamento;20
220602;Direitos Humanos e Minorias;19
220602;Administração Pública;14
220602;Trabalho e Emprego;13
220602;Defesa e Segurança;12
220602;Indústria, Comércio e Serviços;11
220602;Comunicações;7
220602;Processo Legislativo e Atuação Parlamentar;7
220602;Saúde;7
220602;Economia;6
220602;Previdência e Assistência Social;6
220602;Esporte e Lazer;5
220602;Meio Ambiente e Desenvolvimento Sustentável;5
220602;Arte, Cultura e Religião;4
220602;Cidades e Desenvolvimento Urbano;4
220602;Ciência, Tecnologia e Inovação;4
220602;Direito Penal e Processual Penal;4
220602;Direito e Defesa do Consumidor;4
220602;Direito e Justiça;4
220602;Homenagens e Datas Comemorativas;4
220602;Viação, Transporte e Mobilidade;4
220602;Direito Constitucional;3
220602;Relações Internacionais e Comércio Exterior;3
220602;Agricultura, Pecuária, Pesca e Extrativismo;2
220602;Energia, Recursos Hídricos e Minerais;2
220602;Educação;1
220602;Estrutura Fundiária;1
220602;Política, Partidos e Eleições;1
220603;Direitos Humanos e Minorias;12
220603;Processo Legislativo e Atuação Parlamentar;12
220603;Finanças Públicas e Orçamento;10
220603;Educação;9
220603;Saúde;8
220603;Política, Partidos e Eleições;7
220603;Defesa e Segurança;6
220603;Direito e Defesa do Consumidor;5
220603;Economia;5
220603;Administração Pública;4
220603;Direito Penal e Processual Penal;4
220603;Comunicações;3
220603;Relações Internacionais e Comércio Exterior;3
220603;Trabalho e Emprego;3
220603;Arte, Cultura e Religião;2
220603;Ciência, Tecnologia e Inovação;2
220603;Direito Civil e Processual Civil;2
220603;Direito Constitucional;2
220603;Direito e Justiça;2
220603;Homenagens e Datas Comemorativas;2
220603;Indústria, Comércio e Serviços;2
220603;Energia, Recursos Hídricos e Minerais;1
220603;Esporte e Lazer;1
220603;Meio Ambiente e Desenvolvimento Sustentável;1
220603;Viação, Transporte e Mobilidade;1
220604;Saúde;1171
220604;Educação;505
220604;Direitos Humanos e Minorias;495
220604;Finanças Públicas e Orçamento;490
220604;Meio Ambiente e Desenvolvimento Sustentável;357
220604;Administração Pública;162
220604;Cidades e Desenvolvimento Urbano;132
220604;Defesa e Segurança;116
220604;Trabalho e Emprego;113
220604;Viação, Transporte e Mobilidade;106
220604;Esporte e Lazer;98
220604;Indústria, Comércio e Serviços;87
220604;Economia;58
220604;Energia, Recursos Hídricos e Minerais;54
220604;Direito e Defesa do Consumidor;53
220604;Direito Penal e Processual Penal;47
220604;Previdência e Assistência Social;45
220604;Ciência, Tecnologia e Inovação;41
220604;Comunicações;39
220604;Direito Civil e Processual Civil;39
220604;Agricultura, Pecuária, Pesca e Extrativismo;26
220604;Direito e Justiça;26
220604;Arte, Cultura e Religião;8
220604;Processo Legislativo e Atuação Parlamentar;8
220604;Homenagens e Datas Comemorativas;5
220604;Direito Constitucional;4
220604;Política, Partidos e Eleições;4
220604;Relações Internacionais e Comércio Exterior;3
220604;Turismo;3
220604;Estrutura Fundiária;1
220605;Finanças Públicas e Orçamento;19
220605;Esporte e Lazer;18
220605;Administração Pública;14
220605;Processo Legislativo e Atuação Parlamentar;14
220605;Direitos Humanos e Minorias;7
220605;Economia;7
220605;Homenagens e Datas Comemorativas;6
220605;Indústria, Comércio e Serviços;6
220605;Meio Ambiente e Desenvolvimento Sustentável;6
220605;Direito Penal e Processual Penal;5
220605;Direito e Justiça;5
220605;Ciência, Tecnologia e Inovação;4
220605;Defesa e Segurança;4
220605;Direito Constitucional;4
220605;Saúde;4
220605;Trabalho e Emprego;4
220605;Arte, Cultura e Religião;3
220605;Comunicações;3
220605;Direito e Defesa do Consumidor;3
220605;Educação;2
220605;Energia, Recursos Hídricos e Minerais;2
220605;Previdência e Assistência Social;2
220605;Relações Internacionais e Comércio Exterior;2
220605;Cidades e Desenvolvimento Urbano;1
220605;Direito Civil e Processual Civil;1
220605;Política, Partidos e Eleições;1
220605;Viação, Transporte e Mobilidade;1
220606;Direitos Humanos e Minorias;46
220606;Administração Pública;32
220606;Trabalho e Emprego;26
220606;Defesa e Segurança;19
220606;Educação;18
220606;Finanças Públicas e Orçamento;15
220606;Saúde;15
220606;Indústria, Comércio e Serviços;13
220606;Comunicações;10
220606;Direito Penal e Processual Penal;9
220606;Direito e Defesa do Consumidor;8
220606;Arte, Cultura e Religião;7
220606;Economia;7
220606;Meio Ambiente e Desenvolvimento Sustentável;6
220606;Ciência, Tecnologia e Inovação;5
220606;Direito Constitucional;5
220606;Processo Legislativo e Atuação Parlamentar;5
220606;Viação, Transporte e Mobilidade;5
220606;Direito e Justiça;4
220606;Esporte e Lazer;4
220606;Homenagens e Datas Comemorativas;4
220606;Previdência e Assistência Social;4
220606;Agricultura, Pecuária, Pesca e Extrativismo;3
220606;Cidades e Desenvolvimento Urbano;3
220606;Energia, Recursos Hídricos e Minerais;3
220606;Relações Internacionais e Comércio Exterior;3
220606;Direito Civil e Processual Civil;2
220606;Estrutura Fundiária;2
220606;Turismo;2
220606;Política, Partidos e Eleições;1
220607;Finanças Públicas e Orçamento;32
220607;Direitos Humanos e Minorias;31
220607;Saúde;27
220607;Administração Pública;21
220607;Educação;20
220607;Direito Penal e Processual Penal;15
220607;Viação, Transporte e Mobilidade;15
220607;Economia;14
220607;Trabalho e Emprego;14
220607;Previdência e Assistência Social;13
220607;Indústria, Comércio e Serviços;12
220607;Meio Ambiente e Desenvolvimento Sustentável;12
220607;Processo Legislativo e Atuação Parlamentar;12
220607;Cidades e Desenvolvimento Urbano;11
220607;Defesa e Segurança;10
220607;Direito e Defesa do Consumidor;9
220607;Energia, Recursos Hídricos e Minerais;7
220607;Arte, Cultura e Religião;6
220607;Direito Constitucional;6
220607;Comunicações;5
220607;Direito Civil e Processual Civil;4
220607;Esporte e Lazer;4
220607;Relações Internacionais e Comércio Exterior;4
220607;Agricultura, Pecuária, Pesca e Extrativismo;3
220607;Homenagens e Datas Comemorativas;3
220607;Ciência, Tecnologia e Inovação;2
220607;Direito e Justiça;2
220607;Turismo;2
220607;Política, Partidos e Eleições;1
220608;Direitos Humanos e Minorias;25
220608;Administração Pública;24
220608;Defesa e Segurança;20
220608;Finanças Públicas e Orçamento;19
220608;Viação, Transporte e Mobilidade;17
220608;Processo Legislativo e Atuação Parlamentar;15
220608;Direito Penal e Processual Penal;12
220608;Saúde;11
220608;Trabalho e Emprego;11
220608;Economia;10
220608;Meio Ambiente e Desenvolvimento Sustentável;9
220608;Previdência e Assistência Social;9
220608;Estrutura Fundiária;8
220608;Agricultura, Pecuária, Pesca e Extrativismo;7
220608;Cidades e Desenvolvimento Urbano;7
220608;Direito Constitucional;7
220608;Direito e Justiça;7
220608;Educação;7
220608;Relações Internacionais e Comércio Exterior;5
220608;Comunicações;4
220608;Esporte e Lazer;4
220608;Direito e Defesa do Consumidor;3
220608;Indústria, Comércio e Serviços;3
220608;Arte, Cultura e Religião;2
220608;Política, Partidos e Eleições;2
220608;Direito Civil e Processual Civil;1
220608;Energia, Recursos Hídricos e Minerais;1
220608;Turismo;1
220609;Direitos Humanos e Minorias;24
220609;Defesa e Segurança;21
220609;Finanças Públicas e Orçamento;17
220609;Administração Pública;16
220609;Educação;15
220609;Saúde;15
220609;Viação, Transporte e Mobilidade;14
220609;Direito Penal e Processual Penal;13
220609;Meio Ambiente e Desenvolvimento Sustentável;10
220609;Economia;9
220609;Comunicações;8
220609;Processo Legislativo e Atuação Parlamentar;8
220609;Trabalho e Emprego;8
220609;Ciência, Tecnologia e Inovação;7
220609;Direito e Defesa do Consumidor;7
220609;Direito Constitucional;5
220609;Previdência e Assistência Social;5
220609;Cidades e Desenvolvimento Urbano;4
220609;Indústria, Comércio e Serviços;4
220609;Energia, Recursos Hídricos e Minerais;3
220609;Agricultura, Pecuária, Pesca e Extrativismo;2
220609;Direito e Justiça;2
220609;Estrutura Fundiária;2
220609;Arte, Cultura e Religião;1
220609;Direito Civil e Processual Civil;1
220609;Homenagens e Datas Comemorativas;1
220609;Relações Internacionais e Comércio Exterior;1
220610;Direitos Humanos e Minorias;51
220610;Finanças Públicas e Orçamento;39
220610;Administração Pública;33
220610;Educação;32
220610;Saúde;32
220610;Defesa e Segurança;30
220610;Trabalho e Emprego;23
220610;Economia;21
220610;Processo Legislativo e Atuação Parlamentar;21
220610;Direito Penal e Processual Penal;18
220610;Previdência e Assistência Social;13
220610;Indústria, Comércio e Serviços;11
220610;Direito Constitucional;10
220610;Esporte e Lazer;10
220610;Viação, Transporte e Mobilidade;10
220610;Relações Internacionais e Comércio Exterior;9
220610;Direito e Justiça;7
220610;Meio Ambiente e Desenvolvimento Sustentável;7
220610;Arte, Cultura e Religião;6
220610;Cidades e Desenvolvimento Urbano;4
220610;Direito Civil e Processual Civil;4
220610;Energia, Recursos Hídricos e Minerais;4
220610;Estrutura Fundiária;4
220610;Comunicações;3
220610;Direito e Defesa do Consumidor;3
220610;Agricultura, Pecuária, Pesca e Extrativismo;2
220610;Homenagens e Datas Comemorativas;2
220610;Política, Partidos e Eleições;2
220610;Ciência, Tecnologia e Inovação;1
220611;Defesa e Segurança;39
220611;Direito Penal e Processual Penal;29
220611;Processo Legislativo e Atuação Parlamentar;23
220611;Direitos Humanos e Minorias;22
220611;Administração Pública;20
220611;Finanças Públicas e Orçamento;15
220611;Economia;12
220611;Trabalho e Emprego;11
220611;Saúde;10
220611;Direito Constitucional;9
220611;Direito e Defesa do Consumidor;7
220611;Direito e Justiça;6
220611;Energia, Recursos Hídricos e Minerais;6
220611;Viação, Transporte e Mobilidade;6
220611;Indústria, Comércio e Serviços;5
220611;Relações Internacionais e Comércio Exterior;5
220611;Meio Ambiente e Desenvolvimento Sustentável;4
220611;Educação;3
220611;Política, Partidos e Eleições;3
220611;Previdência e Assistência Social;3
220611;Comunicações;2
220611;Direito Civil e Processual Civil;2
220611;Estrutura Fundiária;2
220611;Arte, Cultura e Religião;1
220611;Cidades e Desenvolvimento Urbano;1
220611;Ciência, Tecnologia e Inovação;1
220611;Homenagens e Datas Comemorativas;1
220612;Direitos Humanos e Minorias;14
220612;Administração Pública;10
220612;Direito Penal e Processual Penal;10
220612;Trabalho e Emprego;10
220612;Processo Legislativo e Atuação Parlamentar;9
220612;Defesa e Segurança;8
220612;Finanças Públicas e Orçamento;8
220612;Direito Constitucional;6
220612;Direito e Justiça;5
220612;Indústria, Comércio e Serviços;5
220612;Saúde;5
220612;Arte, Cultura e Religião;4
220612;Homenagens e Datas Comemorativas;4
220612;Meio Ambiente e Desenvolvimento Sustentável;4
220612;Previdência e Assistência Social;4
220612;Viação, Transporte e Mobilidade;4
220612;Direito e Defesa do Consumidor;3
220612;Economia;3
220612;Educação;3
220612;Comunicações;2
220612;Direito Civil e Processual Civil;2
220612;Esporte e Lazer;2
220612;Cidades e Desenvolvimento Urbano;1
220612;Ciência, Tecnologia e Inovação;1
220612;Energia, Recursos Hídricos e Minerais;1
220612;Política, Partidos e Eleições;1
220612;Turismo;1
220613;Defesa e Segurança;75
220613;Finanças Públicas e Orçamento;68
220613;Saúde;62
220613;Direitos Humanos e Minorias;48
220613;Administração Pública;42
220613;Educação;39
220613;Economia;25
220613;Direito Penal e Processual Penal;24
220613;Viação, Transporte e Mobilidade;22
220613;Relações Internacionais e Comércio Exterior;18
220613;Indústria, Comércio e Serviços;16
220613;Trabalho e Emprego;15
220613;Previdência e Assistência Social;14
220613;Processo Legislativo e Atuação Parlamentar;14
220613;Direito e Defesa do Consumidor;9
220613;Energia, Recursos Hídricos e Minerais;8
220613;Meio Ambiente e Desenvolvimento Sustentável;8
220613;Comunicações;7
220613;Direito Constitucional;7
220613;Cidades e Desenvolvimento Urbano;6
220613;Direito Civil e Processual Civil;6
220613;Agricultura, Pecuária, Pesca e Extrativismo;5
220613;Arte, Cultura e Religião;5
220613;Estrutura Fundiária;5
220613;Ciência, Tecnologia e Inovação;4
220613;Direito e Justiça;2
220613;Homenagens e Datas Comemorativas;2
220613;Turismo;2
220613;Ciências Sociais e Humanas;1
220613;Esporte e Lazer;1
220613;Política, Partidos e Eleições;1
220614;Saúde;46
220614;Administração Pública;14
220614;Direitos Humanos e Minorias;13
220614;Trabalho e Emprego;9
220614;Defesa e Segurança;7
220614;Direito e Defesa do Consumidor;4
220614;Indústria, Comércio e Serviços;4
220614;Meio Ambiente e Desenvolvimento Sustentável;4
220614;Direito Civil e Processual Civil;3
220614;Direito e Justiça;3
220614;Finanças Públicas e Orçamento;3
220614;Viação, Transporte e Mobilidade;3
220614;Arte, Cultura e Religião;2
220614;Ciência, Tecnologia e Inovação;2
220614;Comunicações;2
220614;Direito Penal e Processual Penal;2
220614;Economia;2
220614;Educação;2
220614;Esporte e Lazer;2
220614;Previdência e Assistência Social;2
220614;Cidades e Desenvolvimento Urbano;1
220614;Direito Constitucional;1
220614;Política, Partidos e Eleições;1
220614;Processo Legislativo e Atuação Parlamentar;1
220615;Direitos Humanos e Minorias;69
220615;Administração Pública;38
220615;Saúde;35
220615;Defesa e Segurança;30
220615;Educação;21
220615;Direito Penal e Processual Penal;19
220615;Finanças Públicas e Orçamento;18
220615;Arte, Cultura e Religião;17
220615;Trabalho e Emprego;14
220615;Homenagens e Datas Comemorativas;13
220615;Previdência e Assistência Social;13
220615;Indústria, Comércio e Serviços;11
220615;Direito e Justiça;10
220615;Processo Legislativo e Atuação Parlamentar;10
220615;Comunicações;8
220615;Economia;8
220615;Esporte e Lazer;8
220615;Meio Ambiente e Desenvolvimento Sustentável;8
220615;Cidades e Desenvolvimento Urbano;7
220615;Direito e Defesa do Consumidor;7
220615;Estrutura Fundiária;6
220615;Relações Internacionais e Comércio Exterior;6
220615;Direito Civil e Processual Civil;3
220615;Energia, Recursos Hídricos e Minerais;3
220615;Agricultura, Pecuária, Pesca e Extrativismo;2
220615;Ciência, Tecnologia e Inovação;2
220615;Política, Partidos e Eleições;2
220615;Viação, Transporte e Mobilidade;2
220615;Direito Constitucional;1
220615;Turismo;1
220616;Saúde;88
220616;Direito e Defesa do Consumidor;53
220616;Comunicações;49
220616;Energia, Recursos Hídricos e Minerais;48
220616;Administração Pública;45
220616;Cidades e Desenvolvimento Urbano;17
220616;Finanças Públicas e Orçamento;15
220616;Direitos Humanos e Minorias;14
220616;Homenagens e Datas Comemorativas;13
220616;Processo Legislativo e Atuação Parlamentar;13
220616;Arte, Cultura e Religião;12
220616;Economia;9
220616;Indústria, Comércio e Serviços;8
220616;Meio Ambiente e Desenvolvimento Sustentável;8
220616;Viação, Transporte e Mobilidade;8
220616;Defesa e Segurança;7
220616;Educação;7
220616;Previdência e Assistência Social;7
220616;Trabalho e Emprego;6
220616;Direito Constitucional;5
220616;Esporte e Lazer;4
220616;Ciência, Tecnologia e Inovação;3
220616;Turismo;3
220616;Direito Civil e Processual Civil;2
220616;Direito e Justiça;2
220616;Política, Partidos e Eleições;2
220616;Agricultura, Pecuária, Pesca e Extrativismo;1
220616;Direito Penal e Processual Penal;1
220616;Relações Internacionais e Comércio Exterior;1
220617;Defesa e Segurança;22
220617;Direitos Humanos e Minorias;17
220617;Finanças Públicas e Orçamento;17
220617;Administração Pública;15
220617;Viação, Transporte e Mobilidade;15
220617;Saúde;13
220617;Meio Ambiente e Desenvolvimento Sustentável;11
220617;Processo Legislativo e Atuação Parlamentar;10
220617;Direito Penal e Processual Penal;9
220617;Educação;9
220617;Comunicações;8
220617;Economia;6
220617;Indústria, Comércio e Serviços;6
220617;Trabalho e Emprego;6
220617;Turismo;6
220617;Arte, Cultura e Religião;5
220617;Direito Constitucional;5
220617;Previdência e Assistência Social;4
220617;Agricultura, Pecuária, Pesca e Extrativismo;3
220617;Direito e Defesa do Consumidor;3
220617;Energia, Recursos Hídricos e Minerais;3
220617;Homenagens e Datas Comemorativas;3
220617;Cidades e Desenvolvimento Urbano;2
220617;Direito Civil e Processual Civil;2
220617;Direito e Justiça;2
220617;Ciência, Tecnologia e Inovação;1
220617;Relações Internacionais e Comércio Exterior;1
220618;Defesa e Segurança;102
220618;Administração Pública;52
220618;Direito Penal e Processual Penal;48
220618;Direitos Humanos e Minorias;39
220618;Trabalho e Emprego;38
220618;Finanças Públicas e Orçamento;23
220618;Saúde;18
220618;Processo Legislativo e Atuação Parlamentar;17
220618;Educação;15
220618;Previdência e Assistência Social;15
220618;Meio Ambiente e Desenvolvimento Sustentável;12
220618;Viação, Transporte e Mobilidade;10
220618;Economia;9
220618;Direito e Defesa do Consumidor;8
220618;Homenagens e Datas Comemorativas;8
220618;Indústria, Comércio e Serviços;8
220618;Direito e Justiça;7
220618;Comunicações;5
220618;Arte, Cultura e Religião;4
220618;Cidades e Desenvolvimento Urbano;4
220618;Direito Constitucional;4
220618;Energia, Recursos Hídricos e Minerais;4
220618;Esporte e Lazer;4
220618;Estrutura Fundiária;4
220618;Política, Partidos e Eleições;3
220618;Agricultura, Pecuária, Pesca e Extrativismo;2
220618;Direito Civil e Processual Civil;2
220618;Relações Internacionais e Comércio Exterior;2
220618;Ciência, Tecnologia e Inovação;1
220619;Direito Penal e Processual Penal;33
220619;Defesa e Segurança;29
220619;Direitos Humanos e Minorias;25
220619;Finanças Públicas e Orçamento;22
220619;Administração Pública;21
220619;Processo Legislativo e Atuação Parlamentar;14
220619;Saúde;14
220619;Direito e Justiça;9
220619;Relações Internacionais e Comércio Exterior;9
220619;Direito Constitucional;8
220619;Economia;7
220619;Meio Ambiente e Desenvolvimento Sustentável;6
220619;Trabalho e Emprego;6
220619;Agricultura, Pecuária, Pesca e Extrativismo;5
220619;Política, Partidos e Eleições;4
220619;Arte, Cultura e Religião;3
220619;Cidades e Desenvolvimento Urbano;3
220619;Comunicações;3
220619;Direito e Defesa do Consumidor;3
220619;Estrutura Fundiária;3
220619;Educação;2
220619;Energia, Recursos Hídricos e Minerais;2
220619;Esporte e Lazer;2
220619;Indústria, Comércio e Serviços;2
220619;Previdência e Assistência Social;2
220619;Direito Civil e Processual Civil;1
220619;Homenagens e Datas Comemorativas;1
220619;Turismo;1
220619;Viação, Transporte e Mobilidade;1
220620;Trabalho e Emprego;18
220620;Defesa e Segurança;17
220620;Administração Pública;16
220620;Direitos Humanos e Minorias;13
220620;Saúde;12
220620;Finanças Públicas e Orçamento;11
220620;Processo Legislativo e Atuação Parlamentar;10
220620;Direito e Justiça;9
220620;Indústria, Comércio e Serviços;9
220620;Direito Constitucional;7
220620;Previdência e Assistência Social;7
220620;Direito Penal e Processual Penal;6
220620;Meio Ambiente e Desenvolvimento Sustentável;6
220620;Homenagens e Datas Comemorativas;5
220620;Viação, Transporte e Mobilidade;5
220620;Direito Civil e Processual Civil;4
220620;Direito e Defesa do Consumidor;4
220620;Energia, Recursos Hídricos e Minerais;4
220620;Arte, Cultura e Religião;3
220620;Cidades e Desenvolvimento Urbano;2
220620;Economia;2
220620;Esporte e Lazer;2
220620;Política, Partidos e Eleições;2
220620;Agricultura, Pecuária, Pesca e Extrativismo;1
220620;Comunicações;1
220620;Educação;1
220620;Estrutura Fundiária;1
220621;Administração Pública;61
220621;Defesa e Segurança;57
220621;Direitos Humanos e Minorias;41
220621;Direito Penal e Processual Penal;29
220621;Finanças Públicas e Orçamento;27
220621;Relações Internacionais e Comércio Exterior;24
220621;Processo Legislativo e Atuação Parlamentar;23
220621;Trabalho e Emprego;17
220621;Energia, Recursos Hídricos e Minerais;15
220621;Economia;14
220621;Saúde;14
220621;Viação, Transporte e Mobilidade;12
220621;Educação;11
220621;Direito Constitucional;10
220621;Arte, Cultura e Religião;9
220621;Direito e Justiça;9
220621;Previdência e Assistência Social;8
220621;Indústria, Comércio e Serviços;7
220621;Política, Partidos e Eleições;6
220621;Comunicações;5
220621;Agricultura, Pecuária, Pesca e Extrativismo;4
220621;Cidades e Desenvolvimento Urbano;4
220621;Direito e Defesa do Consumidor;4
220621;Esporte e Lazer;4
220621;Estrutura Fundiária;4
220621;Homenagens e Datas Comemorativas;4
220621;Meio Ambiente e Desenvolvimento Sustentável;4
220621;Direito Civil e Processual Civil;2
220621;Turismo;2
220621;Ciência, Tecnologia e Inovação;1
220622;Direitos Humanos e Minorias;26
220622;Saúde;16
220622;Direito Penal e Processual Penal;14
220622;Finanças Públicas e Orçamento;12
220622;Administração Pública;10
220622;Defesa e Segurança;10
220622;Homenagens e Datas Comemorativas;7
220622;Processo Legislativo e Atuação Parlamentar;7
220622;Comunicações;5
220622;Direito e Justiça;5
220622;Direito Constitucional;4
220622;Esporte e Lazer;4
220622;Meio Ambiente e Desenvolvimento Sustentável;4
220622;Previdência e Assistência Social;4
220622;Arte, Cultura e Religião;3
220622;Ciência, Tecnologia e Inovação;3
220622;Indústria, Comércio e Serviços;3
220622;Economia;2
220622;Educação;2
220622;Energia, Recursos Hídricos e Minerais;2
220622;Política, Partidos e Eleições;2
220622;Trabalho e Emprego;2
220622;Viação, Transporte e Mobilidade;2
220622;Cidades e Desenvolvimento Urbano;1
220622;Direito Civil e Processual Civil;1
220622;Direito e Defesa do Consumidor;1
220623;Direitos Humanos e Minorias;113
220623;Meio Ambiente e Desenvolvimento Sustentável;92
220623;Saúde;67
220623;Administração Pública;54
220623;Educação;38
220623;Finanças Públicas e Orçamento;35
220623;Energia, Recursos Hídricos e Minerais;33
220623;Defesa e Segurança;29
220623;Cidades e Desenvolvimento Urbano;26
220623;Direito Penal e Processual Penal;24
220623;Viação, Transporte e Mobilidade;24
220623;Trabalho e Emprego;19
220623;Homenagens e Datas Comemorativas;16
220623;Indústria, Comércio e Serviços;16
220623;Agricultura, Pecuária, Pesca e Extrativismo;13
220623;Processo Legislativo e Atuação Parlamentar;13
220623;Comunicações;12
220623;Arte, Cultura e Religião;11
220623;Ciência, Tecnologia e Inovação;11
220623;Economia;11
220623;Relações Internacionais e Comércio Exterior;11
220623;Direito e Justiça;10
220623;Esporte e Lazer;8
220623;Direito e Defesa do Consumidor;7
220623;Previdência e Assistência Social;5
220623;Direito Civil e Processual Civil;4
220623;Política, Partidos e Eleições;4
220623;Direito Constitucional;2
220623;Estrutura Fundiária;2
220623;Turismo;2
220624;Direitos Humanos e Minorias;19
220624;Defesa e Segurança;12
220624;Arte, Cultura e Religião;7
220624;Processo Legislativo e Atuação Parlamentar;7
220624;Saúde;7
220624;Administração Pública;6
220624;Direito Penal e Processual Penal;6
220624;Finanças Públicas e Orçamento;6
220624;Homenagens e Datas Comemorativas;6
220624;Trabalho e Emprego;6
220624;Turismo;6
220624;Educação;5
220624;Direito e Defesa do Consumidor;3
220624;Meio Ambiente e Desenvolvimento Sustentável;3
220624;Direito Constitucional;2
220624;Indústria, Comércio e Serviços;2
220624;Previdência e Assistência Social;2
220624;Direito Civil e Processual Civil;1
220624;Direito e Justiça;1
220624;Economia;1
220624;Energia, Recursos Hídricos e Minerais;1
220624;Estrutura Fundiária;1
220624;Política, Partidos e Eleições;1
220624;Relações Internacionais e Comércio Exterior;1
220625;Direitos Humanos e Minorias;36
220625;Defesa e Segurança;27
220625;Direito Penal e Processual Penal;26
220625;Administração Pública;19
220625;Finanças Públicas e Orçamento;16
220625;Processo Legislativo e Atuação Parlamentar;11
220625;Saúde;11
220625;Direito e Justiça;10
220625;Trabalho e Emprego;10
220625;Meio Ambiente e Desenvolvimento Sustentável;6
220625;Viação, Transporte e Mobilidade;6
220625;Economia;5
220625;Educação;5
220625;Previdência e Assistência Social;5
220625;Indústria, Comércio e Serviços;4
220625;Arte, Cultura e Religião;3
220625;Cidades e Desenvolvimento Urbano;3
220625;Direito Constitucional;3
220625;Direito e Defesa do Consumidor;3
220625;Política, Partidos e Eleições;3
220625;Comunicações;2
220625;Direito Civil e Processual Civil;2
220625;Relações Internacionais e Comércio Exterior;2
220625;Energia, Recursos Hídricos e Minerais;1
220625;Estrutura Fundiária;1
220626;Finanças Públicas e Orçamento;17
220626;Processo Legislativo e Atuação Parlamentar;16
220626;Administração Pública;13
220626;Saúde;8
220626;Direito Constitucional;7
220626;Direitos Humanos e Minorias;7
220626;Agricultura, Pecuária, Pesca e Extrativismo;6
220626;Economia;6
220626;Trabalho e Emprego;6
220626;Defesa e Segurança;4
220626;Indústria, Comércio e Serviços;4
220626;Meio Ambiente e Desenvolvimento Sustentável;4
220626;Viação, Transporte e Mobilidade;4
220626;Arte, Cultura e Religião;3
220626;Direito e Defesa do Consumidor;3
220626;Previdência e Assistência Social;3
220626;Direito Penal e Processual Penal;2
220626;Direito e Justiça;2
220626;Educação;2
220626;Energia, Recursos Hídricos e Minerais;2
220626;Estrutura Fundiária;2
220626;Cidades e Desenvolvimento Urbano;1
220626;Ciência, Tecnologia e Inovação;1
220626;Direito Civil e Processual Civil;1
220626;Esporte e Lazer;1
220626;Homenagens e Datas Comemorativas;1
220626;Política, Partidos e Eleições;1
220626;Relações Internacionais e Comércio Exterior;1
220627;Finanças Públicas e Orçamento;18
220627;Defesa e Segurança;10
220627;Direitos Humanos e Minorias;10
220627;Processo Legislativo e Atuação Parlamentar;9
220627;Administração Pública;7
220627;Saúde;6
220627;Arte, Cultura e Religião;5
220627;Direito Constitucional;5
220627;Educação;5
220627;Previdência e Assistência Social;5
220627;Trabalho e Emprego;4
220627;Direito Penal e Processual Penal;3
220627;Homenagens e Datas Comemorativas;3
220627;Turismo;3
220627;Viação, Transporte e Mobilidade;3
220627;Direito e Defesa do Consumidor;2
220627;Direito e Justiça;2
220627;Energia, Recursos Hídricos e Minerais;2
220627;Estrutura Fundiária;2
220627;Agricultura, Pecuária, Pesca e Extrativismo;1
220627;Direito Civil e Processual Civil;1
220627;Economia;1
220627;Esporte e Lazer;1
220627;Meio Ambiente e Desenvolvimento Sustentável;1
220627;Relações Internacionais e Comércio Exterior;1
220628;Direitos Humanos e Minorias;32
220628;Finanças Públicas e Orçamento;32
220628;Administração Pública;26
220628;Esporte e Lazer;19
220628;Defesa e Segurança;18
220628;Processo Legislativo e Atuação Parlamentar;17
220628;Economia;16
220628;Direito Penal e Processual Penal;12
220628;Agricultura, Pecuária, Pesca e Extrativismo;11
220628;Educação;10
220628;Meio Ambiente e Desenvolvimento Sustentável;10
220628;Trabalho e Emprego;9
220628;Direito Constitucional;8
220628;Saúde;7
220628;Direito e Defesa do Consumidor;6
220628;Estrutura Fundiária;6
220628;Indústria, Comércio e Serviços;6
220628;Viação, Transporte e Mobilidade;6
220628;Arte, Cultura e Religião;5
220628;Comunicações;5
220628;Energia, Recursos Hídricos e Minerais;5
220628;Previdência e Assistência Social;5
220628;Relações Internacionais e Comércio Exterior;5
220628;Direito e Justiça;4
220628;Política, Partidos e Eleições;3
220628;Ciência, Tecnologia e Inovação;2
220628;Direito Civil e Processual Civil;2
220628;Cidades e Desenvolvimento Urbano;1
220628;Homenagens e Datas Comemorativas;1
220629;Direitos Humanos e Minorias;49
220629;Administração Pública;22
220629;Finanças Públicas e Orçamento;18
220629;Defesa e Segurança;16
220629;Trabalho e Emprego;16
220629;Direito Penal e Processual Penal;14
220629;Educação;13
220629;Indústria, Comércio e Serviços;12
220629;Meio Ambiente e Desenvolvimento Sustentável;12
220629;Homenagens e Datas Comemorativas;10
220629;Viação, Transporte e Mobilidade;9
220629;Comunicações;6
220629;Saúde;6
220629;Previdência e Assistência Social;5
220629;Processo Legislativo e Atuação Parlamentar;5
220629;Agricultura, Pecuária, Pesca e Extrativismo;4
220629;Arte, Cultura e Religião;4
220629;Direito e Justiça;4
220629;Energia, Recursos Hídricos e Minerais;4
220629;Cidades e Desenvolvimento Urbano;3
220629;Direito Constitucional;3
220629;Economia;3
220629;Esporte e Lazer;3
220629;Política, Partidos e Eleições;3
220629;Ciência, Tecnologia e Inovação;2
220629;Direito e Defesa do Consumidor;2
220629;Relações Internacionais e Comércio Exterior;2
220629;Direito Civil e Processual Civil;1
220629;Estrutura Fundiária;1
220630;Defesa e Segurança;72
220630;Direitos Humanos e Minorias;58
220630;Saúde;53
220630;Administração Pública;51
220630;Finanças Públicas e Orçamento;40
220630;Meio Ambiente e Desenvolvimento Sustentável;36
220630;Direito Penal e Processual Penal;33
220630;Trabalho e Emprego;28
220630;Cidades e Desenvolvimento Urbano;21
220630;Viação, Transporte e Mobilidade;20
220630;Indústria, Comércio e Serviços;18
220630;Educação;16
220630;Direito e Defesa do Consumidor;15
220630;Economia;14
220630;Esporte e Lazer;14
220630;Previdência e Assistência Social;12
220630;Processo Legislativo e Atuação Parlamentar;11
220630;Comunicações;9
220630;Direito Civil e Processual Civil;8
220630;Direito e Justiça;8
220630;Arte, Cultura e Religião;7
220630;Energia, Recursos Hídricos e Minerais;7
220630;Direito Constitucional;4
220630;Turismo;4
220630;Ciência, Tecnologia e Inovação;3
220630;Relações Internacionais e Comércio Exterior;3
220630;Agricultura, Pecuária, Pesca e Extrativismo;2
220630;Política, Partidos e Eleições;2
220630;Estrutura Fundiária;1
220630;Homenagens e Datas Comemorativas;1
220631;Administração Pública;14
220631;Processo Legislativo e Atuação Parlamentar;12
220631;Previdência e Assistência Social;9
220631;Finanças Públicas e Orçamento;8
220631;Energia, Recursos Hídricos e Minerais;7
220631;Agricultura, Pecuária, Pesca e Extrativismo;6
220631;Saúde;6
220631;Direitos Humanos e Minorias;5
220631;Estrutura Fundiária;5
220631;Trabalho e Emprego;5
220631;Cidades e Desenvolvimento Urbano;4
220631;Ciência, Tecnologia e Inovação;4
220631;Defesa e Segurança;3
220631;Direito Civil e Processual Civil;3
220631;Direito Constitucional;3
220631;Direito e Defesa do Consumidor;3
220631;Economia;3
220631;Homenagens e Datas Comemorativas;3
220631;Meio Ambiente e Desenvolvimento Sustentável;3
220631;Política, Partidos e Eleições;3
220631;Relações Internacionais e Comércio Exterior;3
220631;Direito Penal e Processual Penal;2
220631;Direito e Justiça;2
220631;Indústria, Comércio e Serviços;2
220631;Turismo;2
220631;Viação, Transporte e Mobilidade;2
220631;Arte, Cultura e Religião;1
220631;Educação;1
220632;Direitos Humanos e Minorias;34
220632;Administração Pública;19
220632;Saúde;15
220632;Defesa e Segurança;13
220632;Finanças Públicas e Orçamento;12
220632;Trabalho e Emprego;12
220632;Educação;10
220632;Comunicações;8
220632;Indústria, Comércio e Serviços;8
220632;Meio Ambiente e Desenvolvimento Sustentável;6
220632;Direito Penal e Processual Penal;5
220632;Esporte e Lazer;5
220632;Homenagens e Datas Comemorativas;5
220632;Previdência e Assistência Social;5
220632;Viação, Transporte e Mobilidade;5
220632;Agricultura, Pecuária, Pesca e Extrativismo;4
220632;Arte, Cultura e Religião;4
220632;Cidades e Desenvolvimento Urbano;3
220632;Ciência, Tecnologia e Inovação;3
220632;Direito e Defesa do Consumidor;3
220632;Direito e Justiça;3
220632;Energia, Recursos Hídricos e Minerais;3
220632;Política, Partidos e Eleições;3
220632;Processo Legislativo e Atuação Parlamentar;3
220632;Economia;2
220632;Relações Internacionais e Comércio Exterior;2
220632;Direito Civil e Processual Civil;1
220632;Direito Constitucional;1
220632;Estrutura Fundiária;1
220633;Administração Pública;90
220633;Finanças Públicas e Orçamento;59
220633;Economia;29
220633;Defesa e Segurança;24
220633;Processo Legislativo e Atuação Parlamentar;23
220633;Previdência e Assistência Social;18
220633;Energia, Recursos Hídricos e Minerais;17
220633;Indústria, Comércio e Serviços;17
220633;Relações Internacionais e Comércio Exterior;17
220633;Direitos Humanos e Minorias;16
220633;Meio Ambiente e Desenvolvimento Sustentável;16
220633;Saúde;14
220633;Direito e Defesa do Consumidor;12
220633;Agricultura, Pecuária, Pesca e Extrativismo;11
220633;Direito Penal e Processual Penal;11
220633;Estrutura Fundiária;11
220633;Viação, Transporte e Mobilidade;11
220633;Direito Constitucional;10
220633;Educação;9
220633;Trabalho e Emprego;8
220633;Arte, Cultura e Religião;7
220633;Direito e Justiça;6
220633;Comunicações;5
220633;Direito Civil e Processual Civil;5
220633;Cidades e Desenvolvimento Urbano;3
220633;Política, Partidos e Eleições;3
220633;Turismo;3
220633;Ciência, Tecnologia e Inovação;2
220633;Esporte e Lazer;2
220634;Direitos Humanos e Minorias;5
220634;Finanças Públicas e Orçamento;5
220634;Saúde;5
220634;Economia;4
220634;Processo Legislativo e Atuação Parlamentar;4
220634;Administração Pública;3
220634;Defesa e Segurança;3
220634;Ciência, Tecnologia e Inovação;2
220634;Direito Penal e Processual Penal;2
220634;Direito e Defesa do Consumidor;2
220634;Indústria, Comércio e Serviços;2
220634;Relações Internacionais e Comércio Exterior;2
220634;Energia, Recursos Hídricos e Minerais;1
220634;Esporte e Lazer;1
220634;Meio Ambiente e Desenvolvimento Sustentável;1
220634;Viação, Transporte e Mobilidade;1
220635;Meio Ambiente e Desenvolvimento Sustentável;54
220635;Saúde;50
220635;Direitos Humanos e Minorias;42
220635;Administração Pública;22
220635;Educação;20
220635;Viação, Transporte e Mobilidade;20
220635;Direito Penal e Processual Penal;19
220635;Finanças Públicas e Orçamento;18
220635;Defesa e Segurança;16
220635;Indústria, Comércio e Serviços;13
220635;Cidades e Desenvolvimento Urbano;10
220635;Processo Legislativo e Atuação Parlamentar;9
220635;Trabalho e Emprego;9
220635;Comunicações;8
220635;Direito e Defesa do Consumidor;7
220635;Direito Civil e Processual Civil;6
220635;Ciência, Tecnologia e Inovação;5
220635;Direito e Justiça;5
220635;Economia;5
220635;Previdência e Assistência Social;5
220635;Homenagens e Datas Comemorativas;3
220635;Direito Constitucional;2
220635;Energia, Recursos Hídricos e Minerais;2
220635;Política, Partidos e Eleições;2
220635;Agricultura, Pecuária, Pesca e Extrativismo;1
220635;Esporte e Lazer;1
220637;Comunicações;1
220637;Direitos Humanos e Minorias;1
220637;Esporte e Lazer;1
220638;Direitos Humanos e Minorias;19
220638;Administração Pública;13
220638;Finanças Públicas e Orçamento;13
220638;Cidades e Desenvolvimento Urbano;11
220638;Viação, Transporte e Mobilidade;11
220638;Saúde;10
220638;Trabalho e Emprego;10
220638;Economia;9
220638;Processo Legislativo e Atuação Parlamentar;8
220638;Direito Penal e Processual Penal;7
220638;Defesa e Segurança;6
220638;Direito Civil e Processual Civil;6
220638;Educação;6
220638;Indústria, Comércio e Serviços;6
220638;Previdência e Assistência Social;6
220638;Esporte e Lazer;5
220638;Meio Ambiente e Desenvolvimento Sustentável;5
220638;Arte, Cultura e Religião;4
220638;Agricultura, Pecuária, Pesca e Extrativismo;3
220638;Ciência, Tecnologia e Inovação;3
220638;Direito Constitucional;3
220638;Direito e Defesa do Consumidor;3
220638;Direito e Justiça;3
220638;Comunicações;2
220638;Energia, Recursos Hídricos e Minerais;2
220638;Estrutura Fundiária;2
220638;Homenagens e Datas Comemorativas;2
220638;Política, Partidos e Eleições;2
220638;Turismo;1
220639;Direitos Humanos e Minorias;25
220639;Finanças Públicas e Orçamento;14
220639;Saúde;14
220639;Administração Pública;13
220639;Trabalho e Emprego;13
220639;Educação;9
220639;Economia;8
220639;Indústria, Comércio e Serviços;8
220639;Processo Legislativo e Atuação Parlamentar;8
220639;Defesa e Segurança;7
220639;Direito e Defesa do Consumidor;7
220639;Previdência e Assistência Social;7
220639;Direito Penal e Processual Penal;6
220639;Comunicações;5
220639;Direito e Justiça;5
220639;Ciência, Tecnologia e Inovação;4
220639;Meio Ambiente e Desenvolvimento Sustentável;4
220639;Cidades e Desenvolvimento Urbano;3
220639;Direito Constitucional;3
220639;Homenagens e Datas Comemorativas;3
220639;Arte, Cultura e Religião;2
220639;Energia, Recursos Hídricos e Minerais;2
220639;Esporte e Lazer;2
220639;Política, Partidos e Eleições;2
220639;Relações Internacionais e Comércio Exterior;2
220639;Viação, Transporte e Mobilidade;2
220639;Agricultura, Pecuária, Pesca e Extrativismo;1
220640;Direitos Humanos e Minorias;72
220640;Administração Pública;29
220640;Finanças Públicas e Orçamento;21
220640;Saúde;21
220640;Defesa e Segurança;18
220640;Educação;17
220640;Arte, Cultura e Religião;15
220640;Homenagens e Datas Comemorativas;13
220640;Trabalho e Emprego;13
220640;Meio Ambiente e Desenvolvimento Sustentável;10
220640;Direito Penal e Processual Penal;8
220640;Esporte e Lazer;8
220640;Indústria, Comércio e Serviços;8
220640;Previdência e Assistência Social;8
220640;Processo Legislativo e Atuação Parlamentar;6
220640;Energia, Recursos Hídricos e Minerais;5
220640;Política, Partidos e Eleições;5
220640;Relações Internacionais e Comércio Exterior;5
220640;Ciência, Tecnologia e Inovação;4
220640;Comunicações;4
220640;Economia;4
220640;Direito e Defesa do Consumidor;3
220640;Viação, Transporte e Mobilidade;3
220640;Agricultura, Pecuária, Pesca e Extrativismo;2
220640;Direito Constitucional;2
220640;Cidades e Desenvolvimento Urbano;1
220640;Ciências Exatas e da Terra;1
220640;Direito Civil e Processual Civil;1
220640;Direito e Justiça;1
220641;Direitos Humanos e Minorias;25
220641;Saúde;19
220641;Defesa e Segurança;17
220641;Finanças Públicas e Orçamento;17
220641;Educação;16
220641;Meio Ambiente e Desenvolvimento Sustentável;13
220641;Administração Pública;11
220641;Direito Penal e Processual Penal;9
220641;Indústria, Comércio e Serviços;9
220641;Ciência, Tecnologia e Inovação;6
220641;Comunicações;6
220641;Direito e Justiça;5
220641;Trabalho e Emprego;5
220641;Viação, Transporte e Mobilidade;5
220641;Arte, Cultura e Religião;4
220641;Direito Civil e Processual Civil;4
220641;Direito e Defesa do Consumidor;4
220641;Previdência e Assistência Social;4
220641;Processo Legislativo e Atuação Parlamentar;4
220641;Direito Constitucional;3
220641;Economia;3
220641;Esporte e Lazer;2
220641;Homenagens e Datas Comemorativas;2
220641;Cidades e Desenvolvimento Urbano;1
220641;Política, Partidos e Eleições;1
220642;Meio Ambiente e Desenvolvimento Sustentável;77
220642;Direito Penal e Processual Penal;47
220642;Direitos Humanos e Minorias;40
220642;Defesa e Segurança;21
220642;Saúde;21
220642;Administração Pública;17
220642;Trabalho e Emprego;11
220642;Viação, Transporte e Mobilidade;11
220642;Finanças Públicas e Orçamento;10
220642;Educação;9
220642;Cidades e Desenvolvimento Urbano;7
220642;Indústria, Comércio e Serviços;7
220642;Direito Civil e Processual Civil;6
220642;Direito Constitucional;5
220642;Economia;5
220642;Previdência e Assistência Social;5
220642;Processo Legislativo e Atuação Parlamentar;5
220642;Direito e Defesa do Consumidor;4
220642;Energia, Recursos Hídricos e Minerais;4
220642;Comunicações;3
220642;Homenagens e Datas Comemorativas;3
220642;Agricultura, Pecuária, Pesca e Extrativismo;2
220642;Arte, Cultura e Religião;2
220642;Direito e Justiça;2
220642;Ciência, Tecnologia e Inovação;1
220642;Esporte e Lazer;1
220642;Estrutura Fundiária;1
220642;Política, Partidos e Eleições;1
220642;Relações Internacionais e Comércio Exterior;1
220643;Direitos Humanos e Minorias;2
220643;Esporte e Lazer;2
220643;Administração Pública;1
220643;Comunicações;1
220644;Saúde;78
220644;Direitos Humanos e Minorias;69
220644;Administração Pública;58
220644;Finanças Públicas e Orçamento;42
220644;Defesa e Segurança;34
220644;Direito Penal e Processual Penal;29
220644;Processo Legislativo e Atuação Parlamentar;20
220644;Trabalho e Emprego;18
220644;Educação;17
220644;Previdência e Assistência Social;14
220644;Relações Internacionais e Comércio Exterior;13
220644;Direito Constitucional;11
220644;Economia;10
220644;Indústria, Comércio e Serviços;8
220644;Direito e Justiça;7
220644;Viação, Transporte e Mobilidade;7
220644;Direito Civil e Processual Civil;6
220644;Homenagens e Datas Comemorativas;6
220644;Agricultura, Pecuária, Pesca e Extrativismo;5
220644;Arte, Cultura e Religião;5
220644;Ciência, Tecnologia e Inovação;5
220644;Meio Ambiente e Desenvolvimento Sustentável;5
220644;Cidades e Desenvolvimento Urbano;4
220644;Direito e Defesa do Consumidor;4
220644;Estrutura Fundiária;4
220644;Política, Partidos e Eleições;4
220644;Comunicações;3
220644;Esporte e Lazer;2
220644;Energia, Recursos Hídricos e Minerais;1
220645;Direitos Humanos e Minorias;91
220645;Saúde;24
220645;Administração Pública;21
220645;Finanças Públicas e Orçamento;21
220645;Defesa e Segurança;18
220645;Direito Penal e Processual Penal;18
220645;Trabalho e Emprego;18
220645;Homenagens e Datas Comemorativas;12
220645;Meio Ambiente e Desenvolvimento Sustentável;12
220645;Comunicações;11
220645;Educação;10
220645;Previdência e Assistência Social;10
220645;Direito e Justiça;9
220645;Indústria, Comércio e Serviços;9
220645;Arte, Cultura e Religião;8
220645;Processo Legislativo e Atuação Parlamentar;7
220645;Cidades e Desenvolvimento Urbano;6
220645;Direito Civil e Processual Civil;6
220645;Economia;6
220645;Direito e Defesa do Consumidor;5
220645;Agricultura, Pecuária, Pesca e Extrativismo;3
220645;Esporte e Lazer;3
220645;Relações Internacionais e Comércio Exterior;3
220645;Ciência, Tecnologia e Inovação;2
220645;Estrutura Fundiária;2
220645;Política, Partidos e Eleições;2
220645;Direito Constitucional;1
220645;Energia, Recursos Hídricos e Minerais;1
220645;Turismo;1
220645;Viação, Transporte e Mobilidade;1
220646;Meio Ambiente e Desenvolvimento Sustentável;42
220646;Direitos Humanos e Minorias;23
220646;Direito Penal e Processual Penal;16
220646;Administração Pública;15
220646;Saúde;14
220646;Defesa e Segurança;11
220646;Trabalho e Emprego;8
220646;Viação, Transporte e Mobilidade;7
220646;Agricultura, Pecuária, Pesca e Extrativismo;6
220646;Educação;6
220646;Finanças Públicas e Orçamento;6
220646;Processo Legislativo e Atuação Parlamentar;6
220646;Cidades e Desenvolvimento Urbano;4
220646;Comunicações;4
220646;Homenagens e Datas Comemorativas;4
220646;Indústria, Comércio e Serviços;4
220646;Direito e Defesa do Consumidor;3
220646;Economia;3
220646;Energia, Recursos Hídricos e Minerais;3
220646;Previdência e Assistência Social;3
220646;Relações Internacionais e Comércio Exterior;3
220646;Arte, Cultura e Religião;2
220646;Direito Civil e Processual Civil;2
220646;Direito e Justiça;2
220646;Esporte e Lazer;2
220646;Direito Constitucional;1
220647;Finanças Públicas e Orçamento;24
220647;Direitos Humanos e Minorias;19
220647;Indústria, Comércio e Serviços;16
220647;Administração Pública;13
220647;Processo Legislativo e Atuação Parlamentar;13
220647;Direito Penal e Processual Penal;11
220647;Saúde;11
220647;Economia;10
220647;Trabalho e Emprego;9
220647;Viação, Transporte e Mobilidade;9
220647;Homenagens e Datas Comemorativas;7
220647;Educação;6
220647;Previdência e Assistência Social;6
220647;Agricultura, Pecuária, Pesca e Extrativismo;5
220647;Arte, Cultura e Religião;5
220647;Defesa e Segurança;5
220647;Direito e Defesa do Consumidor;5
220647;Meio Ambiente e Desenvolvimento Sustentável;5
220647;Cidades e Desenvolvimento Urbano;4
220647;Direito Constitucional;3
220647;Direito e Justiça;3
220647;Comunicações;2
220647;Energia, Recursos Hídricos e Minerais;2
220647;Esporte e Lazer;2
220647;Relações Internacionais e Comércio Exterior;2
220647;Estrutura Fundiária;1
220647;Política, Partidos e Eleições;1
220647;Turismo;1
220648;Finanças Públicas e Orçamento;47
220648;Direitos Humanos e Minorias;45
220648;Administração Pública;40
220648;Direito Civil e Processual Civil;37
220648;Processo Legislativo e Atuação Parlamentar;25
220648;Direito Penal e Processual Penal;24
220648;Saúde;24
220648;Economia;22
220648;Indústria, Comércio e Serviços;20
220648;Defesa e Segurança;18
220648;Meio Ambiente e Desenvolvimento Sustentável;18
220648;Trabalho e Emprego;17
220648;Viação, Transporte e Mobilidade;17
220648;Relações Internacionais e Comércio Exterior;16
220648;Cidades e Desenvolvimento Urbano;14
220648;Direito e Justiça;12
220648;Energia, Recursos Hídricos e Minerais;12
220648;Educação;8
220648;Previdência e Assistência Social;8
220648;Comunicações;6
220648;Direito e Defesa do Consumidor;6
220648;Arte, Cultura e Religião;5
220648;Homenagens e Datas Comemorativas;5
220648;Agricultura, Pecuária, Pesca e Extrativismo;4
220648;Direito Constitucional;4
220648;Esporte e Lazer;4
220648;Estrutura Fundiária;4
220648;Turismo;4
220648;Ciência, Tecnologia e Inovação;3
220648;Política, Partidos e Eleições;1
220649;Defesa e Segurança;18
220649;Direito Penal e Processual Penal;14
220649;Administração Pública;11
220649;Processo Legislativo e Atuação Parlamentar;10
220649;Direitos Humanos e Minorias;9
220649;Trabalho e Emprego;9
220649;Finanças Públicas e Orçamento;8
220649;Meio Ambiente e Desenvolvimento Sustentável;5
220649;Direito Constitucional;4
220649;Economia;4
220649;Previdência e Assistência Social;4
220649;Saúde;3
220649;Arte, Cultura e Religião;2
220649;Direito e Defesa do Consumidor;2
220649;Direito e Justiça;2
220649;Indústria, Comércio e Serviços;2
220649;Energia, Recursos Hídricos e Minerais;1
220649;Esporte e Lazer;1
220649;Estrutura Fundiária;1
220649;Relações Internacionais e Comércio Exterior;1
220649;Viação, Transporte e Mobilidade;1
220650;Direitos Humanos e Minorias;16
220650;Administração Pública;11
220650;Finanças Públicas e Orçamento;10
220650;Indústria, Comércio e Serviços;7
220650;Viação, Transporte e Mobilidade;7
220650;Processo Legislativo e Atuação Parlamentar;6
220650;Saúde;6
220650;Trabalho e Emprego;6
220650;Defesa e Segurança;5
220650;Direito Penal e Processual Penal;4
220650;Economia;4
220650;Meio Ambiente e Desenvolvimento Sustentável;4
220650;Direito e Defesa do Consumidor;3
220650;Homenagens e Datas Comemorativas;3
220650;Previdência e Assistência Social;3
220650;Arte, Cultura e Religião;2
220650;Cidades e Desenvolvimento Urbano;2
220650;Educação;2
220650;Ciência, Tecnologia e Inovação;1
220650;Comunicações;1
220650;Direito Constitucional;1
220650;Direito e Justiça;1
220650;Estrutura Fundiária;1
220650;Relações Internacionais e Comércio Exterior;1
220650;Turismo;1
220651;Direitos Humanos e Minorias;20
220651;Saúde;12
220651;Direito Penal e Processual Penal;9
220651;Finanças Públicas e Orçamento;9
220651;Arte, Cultura e Religião;8
220651;Homenagens e Datas Comemorativas;8
220651;Educação;7
220651;Direito e Defesa do Consumidor;6
220651;Meio Ambiente e Desenvolvimento Sustentável;6
220651;Processo Legislativo e Atuação Parlamentar;6
220651;Administração Pública;5
220651;Trabalho e Emprego;5
220651;Turismo;5
220651;Viação, Transporte e Mobilidade;4
220651;Defesa e Segurança;3
220651;Direito Constitucional;3
220651;Esporte e Lazer;3
220651;Indústria, Comércio e Serviços;3
220651;Previdência e Assistência Social;3
220651;Economia;2
220651;Relações Internacionais e Comércio Exterior;2
220651;Agricultura, Pecuária, Pesca e Extrativismo;1
220651;Cidades e Desenvolvimento Urbano;1
220651;Comunicações;1
220651;Direito e Justiça;1
220651;Energia, Recursos Hídricos e Minerais;1
220651;Estrutura Fundiária;1
220651;Política, Partidos e Eleições;1
220652;Direito Penal e Processual Penal;43
220652;Defesa e Segurança;40
220652;Direitos Humanos e Minorias;39
220652;Administração Pública;30
220652;Saúde;22
220652;Finanças Públicas e Orçamento;18
220652;Meio Ambiente e Desenvolvimento Sustentável;13
220652;Trabalho e Emprego;13
220652;Viação, Transporte e Mobilidade;12
220652;Processo Legislativo e Atuação Parlamentar;11
220652;Cidades e Desenvolvimento Urbano;9
220652;Economia;8
220652;Educação;8
220652;Direito e Justiça;6
220652;Relações Internacionais e Comércio Exterior;6
220652;Agricultura, Pecuária, Pesca e Extrativismo;5
220652;Direito Constitucional;5
220652;Indústria, Comércio e Serviços;5
220652;Arte, Cultura e Religião;4
220652;Direito e Defesa do Consumidor;4
220652;Estrutura Fundiária;4
220652;Política, Partidos e Eleições;4
220652;Previdência e Assistência Social;4
220652;Direito Civil e Processual Civil;3
220652;Comunicações;2
220652;Energia, Recursos Hídricos e Minerais;2
220652;Ciência, Tecnologia e Inovação;1
220652;Esporte e Lazer;1
220652;Homenagens e Datas Comemorativas;1
220652;Turismo;1
220653;Direito e Defesa do Consumidor;18
220653;Indústria, Comércio e Serviços;17
220653;Comunicações;16
220653;Administração Pública;15
220653;Direitos Humanos e Minorias;14
220653;Saúde;14
220653;Direito Penal e Processual Penal;12
220653;Meio Ambiente e Desenvolvimento Sustentável;12
220653;Trabalho e Emprego;11
220653;Viação, Transporte e Mobilidade;10
220653;Economia;8
220653;Ciência, Tecnologia e Inovação;5
220653;Defesa e Segurança;5
220653;Direito e Justiça;5
220653;Agricultura, Pecuária, Pesca e Extrativismo;3
220653;Direito Civil e Processual Civil;3
220653;Educação;3
220653;Finanças Públicas e Orçamento;3
220653;Arte, Cultura e Religião;2
220653;Processo Legislativo e Atuação Parlamentar;2
220653;Cidades e Desenvolvimento Urbano;1
220653;Energia, Recursos Hídricos e Minerais;1
220653;Esporte e Lazer;1
220653;Política, Partidos e Eleições;1
220653;Previdência e Assistência Social;1
220653;Relações Internacionais e Comércio Exterior;1
220654;Administração Pública;111
220654;Defesa e Segurança;74
220654;Direitos Humanos e Minorias;65
220654;Finanças Públicas e Orçamento;54
220654;Relações Internacionais e Comércio Exterior;45
220654;Saúde;38
220654;Direito Penal e Processual Penal;28
220654;Economia;28
220654;Processo Legislativo e Atuação Parlamentar;25
220654;Agricultura, Pecuária, Pesca e Extrativismo;16
220654;Arte, Cultura e Religião;16
220654;Educação;15
220654;Energia, Recursos Hídricos e Minerais;15
220654;Comunicações;14
220654;Direito e Justiça;14
220654;Trabalho e Emprego;13
220654;Indústria, Comércio e Serviços;12
220654;Meio Ambiente e Desenvolvimento Sustentável;12
220654;Cidades e Desenvolvimento Urbano;11
220654;Política, Partidos e Eleições;11
220654;Previdência e Assistência Social;11
220654;Viação, Transporte e Mobilidade;11
220654;Direito Constitucional;10
220654;Direito e Defesa do Consumidor;10
220654;Estrutura Fundiária;8
220654;Direito Civil e Processual Civil;6
220654;Homenagens e Datas Comemorativas;6
220654;Esporte e Lazer;4
220654;Ciência, Tecnologia e Inovação;2
220654;Turismo;2
220655;Administração Pública;70
220655;Defesa e Segurança;41
220655;Direitos Humanos e Minorias;40
220655;Finanças Públicas e Orçamento;37
220655;Direito Penal e Processual Penal;26
220655;Saúde;25
220655;Relações Internacionais e Comércio Exterior;23
220655;Processo Legislativo e Atuação Parlamentar;20
220655;Economia;18
220655;Arte, Cultura e Religião;13
220655;Energia, Recursos Hídricos e Minerais;12
220655;Comunicações;10
220655;Direito Constitucional;10
220655;Direito e Justiça;10
220655;Educação;8
220655;Meio Ambiente e Desenvolvimento Sustentável;8
220655;Previdência e Assistência Social;8
220655;Trabalho e Emprego;8
220655;Agricultura, Pecuária, Pesca e Extrativismo;7
220655;Indústria, Comércio e Serviços;7
220655;Viação, Transporte e Mobilidade;7
220655;Direito e Defesa do Consumidor;6
220655;Homenagens e Datas Comemorativas;6
220655;Cidades e Desenvolvimento Urbano;5
220655;Política, Partidos e Eleições;5
220655;Estrutura Fundiária;4
220655;Ciência, Tecnologia e Inovação;3
220655;Esporte e Lazer;3
220655;Turismo;1
220656;Direitos Humanos e Minorias;32
220656;Saúde;29
220656;Trabalho e Emprego;13
220656;Finanças Públicas e Orçamento;12
220656;Educação;11
220656;Homenagens e Datas Comemorativas;11
220656;Arte, Cultura e Religião;10
220656;Processo Legislativo e Atuação Parlamentar;10
220656;Indústria, Comércio e Serviços;8
220656;Turismo;8
220656;Defesa e Segurança;7
220656;Direito e Justiça;7
220656;Administração Pública;6
220656;Cidades e Desenvolvimento Urbano;5
220656;Direito Civil e Processual Civil;5
220656;Direito e Defesa do Consumidor;5
220656;Meio Ambiente e Desenvolvimento Sustentável;5
220656;Viação, Transporte e Mobilidade;5
220656;Agricultura, Pecuária, Pesca e Extrativismo;4
220656;Economia;4
220656;Previdência e Assistência Social;4
220656;Comunicações;3
220656;Direito Constitucional;3
220656;Direito Penal e Processual Penal;3
220656;Energia, Recursos Hídricos e Minerais;3
220656;Esporte e Lazer;3
220656;Política, Partidos e Eleições;3
220656;Estrutura Fundiária;1
220656;Relações Internacionais e Comércio Exterior;1
220657;Direito Penal e Processual Penal;69
220657;Administração Pública;62
220657;Direitos Humanos e Minorias;54
220657;Defesa e Segurança;53
220657;Finanças Públicas e Orçamento;40
220657;Saúde;23
220657;Relações Internacionais e Comércio Exterior;19
220657;Processo Legislativo e Atuação Parlamentar;18
220657;Educação;16
220657;Previdência e Assistência Social;14
220657;Economia;13
220657;Trabalho e Emprego;13
220657;Viação, Transporte e Mobilidade;11
220657;Comunicações;10
220657;Direito e Justiça;10
220657;Energia, Recursos Hídricos e Minerais;10
220657;Indústria, Comércio e Serviços;10
220657;Direito e Defesa do Consumidor;9
220657;Arte, Cultura e Religião;8
220657;Meio Ambiente e Desenvolvimento Sustentável;8
220657;Agricultura, Pecuária, Pesca e Extrativismo;6
220657;Direito Constitucional;6
220657;Cidades e Desenvolvimento Urbano;5
220657;Estrutura Fundiária;5
220657;Direito Civil e Processual Civil;3
220657;Política, Partidos e Eleições;3
220657;Homenagens e Datas Comemorativas;2
220657;Ciência, Tecnologia e Inovação;1
220657;Esporte e Lazer;1
220658;Finanças Públicas e Orçamento;15
220658;Administração Pública;13
220658;Processo Legislativo e Atuação Parlamentar;12
220658;Direitos Humanos e Minorias;10
220658;Indústria, Comércio e Serviços;9
220658;Trabalho e Emprego;9
220658;Defesa e Segurança;7
220658;Direito Constitucional;7
220658;Direito e Justiça;6
220658;Economia;5
220658;Homenagens e Datas Comemorativas;5
220658;Saúde;4
220658;Meio Ambiente e Desenvolvimento Sustentável;3
220658;Previdência e Assistência Social;3
220658;Relações Internacionais e Comércio Exterior;3
220658;Arte, Cultura e Religião;2
220658;Cidades e Desenvolvimento Urbano;2
220658;Comunicações;2
220658;Direito Penal e Processual Penal;2
220658;Educação;2
220658;Esporte e Lazer;2
220658;Viação, Transporte e Mobilidade;2
220658;Agricultura, Pecuária, Pesca e Extrativismo;1
220658;Direito e Defesa do Consumidor;1
220658;Energia, Recursos Hídricos e Minerais;1
220658;Política, Partidos e Eleições;1
220658;Turismo;1
220659;Direitos Humanos e Minorias;65
220659;Administração Pública;56
220659;Direito Penal e Processual Penal;49
220659;Saúde;48
220659;Defesa e Segurança;46
220659;Trabalho e Emprego;43
220659;Finanças Públicas e Orçamento;32
220659;Meio Ambiente e Desenvolvimento Sustentável;25
220659;Processo Legislativo e Atuação Parlamentar;22
220659;Educação;18
220659;Previdência e Assistência Social;18
220659;Viação, Transporte e Mobilidade;18
220659;Economia;12
220659;Indústria, Comércio e Serviços;12
220659;Cidades e Desenvolvimento Urbano;10
220659;Direito Constitucional;10
220659;Direito e Defesa do Consumidor;10
220659;Direito e Justiça;9
220659;Direito Civil e Processual Civil;8
220659;Arte, Cultura e Religião;7
220659;Esporte e Lazer;7
220659;Homenagens e Datas Comemorativas;7
220659;Relações Internacionais e Comércio Exterior;6
220659;Comunicações;4
220659;Energia, Recursos Hídricos e Minerais;3
220659;Política, Partidos e Eleições;3
220659;Ciência, Tecnologia e Inovação;2
220659;Estrutura Fundiária;2
220659;Turismo;1
220660;Direitos Humanos e Minorias;18
220660;Finanças Públicas e Orçamento;17
220660;Administração Pública;16
220660;Economia;13
220660;Saúde;12
220660;Processo Legislativo e Atuação Parlamentar;11
220660;Arte, Cultura e Religião;10
220660;Homenagens e Datas Comemorativas;9
220660;Defesa e Segurança;8
220660;Educação;7
220660;Indústria, Comércio e Serviços;7
220660;Turismo;7
220660;Direito Penal e Processual Penal;6
220660;Trabalho e Emprego;6
220660;Direito e Defesa do Consumidor;5
220660;Meio Ambiente e Desenvolvimento Sustentável;5
220660;Direito Constitucional;4
220660;Esporte e Lazer;4
220660;Energia, Recursos Hídricos e Minerais;3
220660;Relações Internacionais e Comércio Exterior;3
220660;Cidades e Desenvolvimento Urbano;2
220660;Ciência, Tecnologia e Inovação;2
220660;Política, Partidos e Eleições;2
220660;Previdência e Assistência Social;2
220660;Viação, Transporte e Mobilidade;2
220660;Agricultura, Pecuária, Pesca e Extrativismo;1
220660;Direito e Justiça;1
220661;Processo Legislativo e Atuação Parlamentar;10
220661;Direitos Humanos e Minorias;7
220661;Finanças Públicas e Orçamento;7
220661;Administração Pública;4
220661;Defesa e Segurança;3
220661;Direito Constitucional;3
220661;Direito Penal e Processual Penal;3
220661;Direito e Defesa do Consumidor;2
220661;Economia;2
220661;Estrutura Fundiária;2
220661;Indústria, Comércio e Serviços;2
220661;Meio Ambiente e Desenvolvimento Sustentável;2
220661;Previdência e Assistência Social;2
220661;Saúde;2
220661;Viação, Transporte e Mobilidade;2
220661;Arte, Cultura e Religião;1
220661;Comunicações;1
220661;Direito e Justiça;1
220661;Energia, Recursos Hídricos e Minerais;1
220661;Política, Partidos e Eleições;1
220661;Relações Internacionais e Comércio Exterior;1
220662;Finanças Públicas e Orçamento;10
220662;Processo Legislativo e Atuação Parlamentar;8
220662;Administração Pública;5
220662;Indústria, Comércio e Serviços;5
220662;Ciência, Tecnologia e Inovação;4
220662;Comunicações;4
220662;Economia;4
220662;Homenagens e Datas Comemorativas;4
220662;Arte, Cultura e Religião;3
220662;Direito Constitucional;3
220662;Direitos Humanos e Minorias;3
220662;Previdência e Assistência Social;3
220662;Relações Internacionais e Comércio Exterior;3
220662;Trabalho e Emprego;3
220662;Viação, Transporte e Mobilidade;3
220662;Direito Civil e Processual Civil;2
220662;Meio Ambiente e Desenvolvimento Sustentável;2
220662;Saúde;2
220662;Agricultura, Pecuária, Pesca e Extrativismo;1
220662;Defesa e Segurança;1
220662;Direito e Defesa do Consumidor;1
220662;Direito e Justiça;1
220662;Educação;1
220662;Esporte e Lazer;1
220662;Política, Partidos e Eleições;1
220663;Defesa e Segurança;39
220663;Administração Pública;31
220663;Direitos Humanos e Minorias;16
220663;Trabalho e Emprego;15
220663;Finanças Públicas e Orçamento;13
220663;Homenagens e Datas Comemorativas;12
220663;Arte, Cultura e Religião;8
220663;Saúde;7
220663;Direito Penal e Processual Penal;6
220663;Educação;6
220663;Meio Ambiente e Desenvolvimento Sustentável;5
220663;Processo Legislativo e Atuação Parlamentar;5
220663;Comunicações;4
220663;Direito Civil e Processual Civil;3
220663;Indústria, Comércio e Serviços;3
220663;Previdência e Assistência Social;3
220663;Direito Constitucional;2
220663;Direito e Defesa do Consumidor;2
220663;Economia;2
220663;Esporte e Lazer;2
220663;Viação, Transporte e Mobilidade;2
220663;Agricultura, Pecuária, Pesca e Extrativismo;1
220663;Cidades e Desenvolvimento Urbano;1
220663;Ciência, Tecnologia e Inovação;1
220663;Direito e Justiça;1
220663;Política, Partidos e Eleições;1
220663;Relações Internacionais e Comércio Exterior;1
220664;Administração Pública;8
220664;Finanças Públicas e Orçamento;8
220664;Homenagens e Datas Comemorativas;8
220664;Processo Legislativo e Atuação Parlamentar;8
220664;Viação, Transporte e Mobilidade;6
220664;Defesa e Segurança;5
220664;Direitos Humanos e Minorias;5
220664;Economia;5
220664;Direito Penal e Processual Penal;4
220664;Saúde;3
220664;Trabalho e Emprego;3
220664;Direito Constitucional;2
220664;Direito e Defesa do Consumidor;2
220664;Educação;2
220664;Indústria, Comércio e Serviços;2
220664;Política, Partidos e Eleições;2
220664;Arte, Cultura e Religião;1
220664;Ciência, Tecnologia e Inovação;1
220664;Energia, Recursos Hídricos e Minerais;1
220664;Esporte e Lazer;1
220664;Meio Ambiente e Desenvolvimento Sustentável;1
220664;Previdência e Assistência Social;1
220664;Relações Internacionais e Comércio Exterior;1
220665;Direitos Humanos e Minorias;68
220665;Saúde;39
220665;Administração Pública;31
220665;Defesa e Segurança;24
220665;Educação;21
220665;Finanças Públicas e Orçamento;17
220665;Direito Penal e Processual Penal;15
220665;Arte, Cultura e Religião;14
220665;Processo Legislativo e Atuação Parlamentar;10
220665;Trabalho e Emprego;8
220665;Previdência e Assistência Social;7
220665;Economia;6
220665;Viação, Transporte e Mobilidade;6
220665;Meio Ambiente e Desenvolvimento Sustentável;5
220665;Política, Partidos e Eleições;4
220665;Cidades e Desenvolvimento Urbano;3
220665;Direito e Defesa do Consumidor;3
220665;Direito e Justiça;3
220665;Esporte e Lazer;3
220665;Estrutura Fundiária;3
220665;Homenagens e Datas Comemorativas;3
220665;Relações Internacionais e Comércio Exterior;3
220665;Agricultura, Pecuária, Pesca e Extrativismo;2
220665;Ciência, Tecnologia e Inovação;2
220665;Direito Civil e Processual Civil;2
220665;Direito Constitucional;2
220665;Energia, Recursos Hídricos e Minerais;2
220665;Indústria, Comércio e Serviços;2
220665;Turismo;2
220665;Comunicações;1
220666;Administração Pública;61
220666;Defesa e Segurança;55
220666;Direitos Humanos e Minorias;41
220666;Finanças Públicas e Orçamento;32
220666;Direito Penal e Processual Penal;24
220666;Relações Internacionais e Comércio Exterior;21
220666;Processo Legislativo e Atuação Parlamentar;20
220666;Saúde;18
220666;Economia;14
220666;Trabalho e Emprego;14
220666;Viação, Transporte e Mobilidade;13
220666;Energia, Recursos Hídricos e Minerais;12
220666;Direito Constitucional;11
220666;Direito e Justiça;10
220666;Meio Ambiente e Desenvolvimento Sustentável;10
220666;Educação;8
220666;Indústria, Comércio e Serviços;8
220666;Agricultura, Pecuária, Pesca e Extrativismo;7
220666;Arte, Cultura e Religião;7
220666;Direito e Defesa do Consumidor;7
220666;Estrutura Fundiária;7
220666;Política, Partidos e Eleições;7
220666;Cidades e Desenvolvimento Urbano;6
220666;Homenagens e Datas Comemorativas;6
220666;Previdência e Assistência Social;6
220666;Comunicações;4
220666;Esporte e Lazer;4
220666;Turismo;2
220666;Ciência, Tecnologia e Inovação;1
220666;Direito Civil e Processual Civil;1
220667;Direitos Humanos e Minorias;45
220667;Finanças Públicas e Orçamento;25
220667;Saúde;23
220667;Meio Ambiente e Desenvolvimento Sustentável;21
220667;Administração Pública;20
220667;Educação;20
220667;Homenagens e Datas Comemorativas;13
220667;Previdência e Assistência Social;13
220667;Defesa e Segurança;12
220667;Trabalho e Emprego;12
220667;Cidades e Desenvolvimento Urbano;9
220667;Economia;9
220667;Energia, Recursos Hídricos e Minerais;9
220667;Processo Legislativo e Atuação Parlamentar;9
220667;Direito Penal e Processual Penal;8
220667;Indústria, Comércio e Serviços;8
220667;Esporte e Lazer;7
220667;Ciência, Tecnologia e Inovação;6
220667;Comunicações;6
220667;Direito e Justiça;6
220667;Viação, Transporte e Mobilidade;4
220667;Arte, Cultura e Religião;3
220667;Direito Civil e Processual Civil;3
220667;Direito e Defesa do Consumidor;3
220667;Direito Constitucional;2
220667;Política, Partidos e Eleições;2
220667;Agricultura, Pecuária, Pesca e Extrativismo;1
220667;Estrutura Fundiária;1
220667;Relações Internacionais e Comércio Exterior;1
220668;Direitos Humanos e Minorias;37
220668;Saúde;33
220668;Defesa e Segurança;18
220668;Finanças Públicas e Orçamento;15
220668;Administração Pública;14
220668;Trabalho e Emprego;11
220668;Educação;10
220668;Arte, Cultura e Religião;8
220668;Processo Legislativo e Atuação Parlamentar;8
220668;Direito e Defesa do Consumidor;7
220668;Homenagens e Datas Comemorativas;7
220668;Direito Penal e Processual Penal;5
220668;Economia;5
220668;Indústria, Comércio e Serviços;5
220668;Meio Ambiente e Desenvolvimento Sustentável;5
220668;Comunicações;4
220668;Direito e Justiça;4
220668;Direito Constitucional;3
220668;Política, Partidos e Eleições;3
220668;Relações Internacionais e Comércio Exterior;3
220668;Viação, Transporte e Mobilidade;3
220668;Cidades e Desenvolvimento Urbano;2
220668;Direito Civil e Processual Civil;2
220668;Esporte e Lazer;2
220668;Turismo;2
220668;Agricultura, Pecuária, Pesca e Extrativismo;1
220668;Energia, Recursos Hídricos e Minerais;1
220668;Previdência e Assistência Social;1
220669;Direitos Humanos e Minorias;32
220669;Saúde;25
220669;Finanças Públicas e Orçamento;18
220669;Administração Pública;16
220669;Direito Penal e Processual Penal;14
220669;Trabalho e Emprego;14
220669;Defesa e Segurança;13
220669;Processo Legislativo e Atuação Parlamentar;12
220669;Meio Ambiente e Desenvolvimento Sustentável;10
220669;Direito e Defesa do Consumidor;9
220669;Indústria, Comércio e Serviços;8
220669;Previdência e Assistência Social;8
220669;Educação;7
220669;Direito Constitucional;6
220669;Economia;6
220669;Comunicações;5
220669;Viação, Transporte e Mobilidade;5
220669;Cidades e Desenvolvimento Urbano;3
220669;Ciência, Tecnologia e Inovação;3
220669;Direito e Justiça;3
220669;Energia, Recursos Hídricos e Minerais;3
220669;Agricultura, Pecuária, Pesca e Extrativismo;2
220669;Direito Civil e Processual Civil;2
220669;Política, Partidos e Eleições;2
220669;Turismo;1
220670;Saúde;33
220670;Direitos Humanos e Minorias;27
220670;Administração Pública;10
220670;Trabalho e Emprego;10
220670;Defesa e Segurança;9
220670;Indústria, Comércio e Serviços;9
220670;Finanças Públicas e Orçamento;8
220670;Ciência, Tecnologia e Inovação;7
220670;Educação;6
220670;Previdência e Assistência Social;6
220670;Homenagens e Datas Comemorativas;5
220670;Comunicações;4
220670;Meio Ambiente e Desenvolvimento Sustentável;4
220670;Viação, Transporte e Mobilidade;4
220670;Arte, Cultura e Religião;3
220670;Direito e Defesa do Consumidor;3
220670;Direito e Justiça;3
220670;Processo Legislativo e Atuação Parlamentar;3
220670;Direito Constitucional;2
220670;Direito Penal e Processual Penal;2
220670;Política, Partidos e Eleições;2
220670;Agricultura, Pecuária, Pesca e Extrativismo;1
220670;Cidades e Desenvolvimento Urbano;1
220670;Direito Civil e Processual Civil;1
220670;Energia, Recursos Hídricos e Minerais;1
220670;Esporte e Lazer;1
220670;Estrutura Fundiária;1
220671;Direitos Humanos e Minorias;19
220671;Defesa e Segurança;13
220671;Finanças Públicas e Orçamento;13
220671;Administração Pública;12
220671;Meio Ambiente e Desenvolvimento Sustentável;7
220671;Agricultura, Pecuária, Pesca e Extrativismo;6
220671;Trabalho e Emprego;6
220671;Economia;5
220671;Indústria, Comércio e Serviços;5
220671;Energia, Recursos Hídricos e Minerais;4
220671;Previdência e Assistência Social;4
220671;Comunicações;3
220671;Direito e Justiça;3
220671;Educação;3
220671;Ciência, Tecnologia e Inovação;2
220671;Direito Constitucional;2
220671;Estrutura Fundiária;2
220671;Saúde;2
220671;Viação, Transporte e Mobilidade;2
220671;Cidades e Desenvolvimento Urbano;1
220671;Direito Civil e Processual Civil;1
220671;Direito Penal e Processual Penal;1
220671;Direito e Defesa do Consumidor;1
220671;Esporte e Lazer;1
220671;Política, Partidos e Eleições;1
220671;Processo Legislativo e Atuação Parlamentar;1
220671;Relações Internacionais e Comércio Exterior;1
220672;Finanças Públicas e Orçamento;16
220672;Saúde;13
220672;Administração Pública;11
220672;Direitos Humanos e Minorias;10
220672;Agricultura, Pecuária, Pesca e Extrativismo;7
220672;Trabalho e Emprego;7
220672;Direito Penal e Processual Penal;6
220672;Economia;6
220672;Defesa e Segurança;5
220672;Meio Ambiente e Desenvolvimento Sustentável;5
220672;Educação;4
220672;Previdência e Assistência Social;4
220672;Viação, Transporte e Mobilidade;4
220672;Direito Constitucional;3
220672;Estrutura Fundiária;3
220672;Homenagens e Datas Comemorativas;3
220672;Direito e Justiça;2
220672;Energia, Recursos Hídricos e Minerais;2
220672;Indústria, Comércio e Serviços;2
220672;Arte, Cultura e Religião;1
220672;Cidades e Desenvolvimento Urbano;1
220672;Comunicações;1
220672;Direito e Defesa do Consumidor;1
220672;Política, Partidos e Eleições;1
220672;Processo Legislativo e Atuação Parlamentar;1
220673;Administração Pública;130
220673;Saúde;102
220673;Finanças Públicas e Orçamento;82
220673;Direitos Humanos e Minorias;71
220673;Defesa e Segurança;67
220673;Trabalho e Emprego;50
220673;Indústria, Comércio e Serviços;46
220673;Meio Ambiente e Desenvolvimento Sustentável;38
220673;Direito Penal e Processual Penal;34
220673;Economia;33
220673;Relações Internacionais e Comércio Exterior;28
220673;Viação, Transporte e Mobilidade;27
220673;Processo Legislativo e Atuação Parlamentar;21
220673;Energia, Recursos Hídricos e Minerais;16
220673;Agricultura, Pecuária, Pesca e Extrativismo;14
220673;Direito Constitucional;14
220673;Direito e Justiça;14
220673;Educação;13
220673;Arte, Cultura e Religião;12
220673;Previdência e Assistência Social;10
220673;Comunicações;8
220673;Direito e Defesa do Consumidor;8
220673;Política, Partidos e Eleições;8
220673;Cidades e Desenvolvimento Urbano;7
220673;Direito Civil e Processual Civil;7
220673;Estrutura Fundiária;7
220673;Ciência, Tecnologia e Inovação;3
220673;Homenagens e Datas Comemorativas;3
220673;Esporte e Lazer;2
220674;Direitos Humanos e Minorias;31
220674;Saúde;17
220674;Defesa e Segurança;15
220674;Administração Pública;9
220674;Direito Penal e Processual Penal;9
220674;Arte, Cultura e Religião;8
220674;Finanças Públicas e Orçamento;8
220674;Processo Legislativo e Atuação Parlamentar;7
220674;Educação;6
220674;Trabalho e Emprego;6
220674;Direito e Defesa do Consumidor;5
220674;Economia;5
220674;Homenagens e Datas Comemorativas;5
220674;Indústria, Comércio e Serviços;5
220674;Direito Civil e Processual Civil;4
220674;Meio Ambiente e Desenvolvimento Sustentável;4
220674;Turismo;4
220674;Viação, Transporte e Mobilidade;4
220674;Direito Constitucional;3
220674;Direito e Justiça;3
220674;Energia, Recursos Hídricos e Minerais;3
220674;Previdência e Assistência Social;3
220674;Esporte e Lazer;2
220674;Política, Partidos e Eleições;2
220674;Agricultura, Pecuária, Pesca e Extrativismo;1
220674;Comunicações;1
220674;Relações Internacionais e Comércio Exterior;1
220675;Finanças Públicas e Orçamento;5
220675;Direito Constitucional;2
220675;Direitos Humanos e Minorias;2
220675;Indústria, Comércio e Serviços;2
220675;Processo Legislativo e Atuação Parlamentar;2
220675;Trabalho e Emprego;2
220675;Arte, Cultura e Religião;1
220675;Cidades e Desenvolvimento Urbano;1
220675;Direito Penal e Processual Penal;1
220675;Meio Ambiente e Desenvolvimento Sustentável;1
220675;Política, Partidos e Eleições;1
220675;Previdência e Assistência Social;1
220675;Viação, Transporte e Mobilidade;1
220676;Direitos Humanos e Minorias;23
220676;Finanças Públicas e Orçamento;10
220676;Educação;9
220676;Trabalho e Emprego;9
220676;Administração Pública;8
220676;Saúde;8
220676;Indústria, Comércio e Serviços;5
220676;Defesa e Segurança;4
220676;Direito e Justiça;4
220676;Comunicações;3
220676;Direito Constitucional;3
220676;Direito Penal e Processual Penal;3
220676;Economia;3
220676;Ciência, Tecnologia e Inovação;2
220676;Direito e Defesa do Consumidor;2
220676;Meio Ambiente e Desenvolvimento Sustentável;2
220676;Política, Partidos e Eleições;2
220676;Previdência e Assistência Social;2
220676;Processo Legislativo e Atuação Parlamentar;2
220676;Cidades e Desenvolvimento Urbano;1
220676;Direito Civil e Processual Civil;1
220676;Energia, Recursos Hídricos e Minerais;1
220676;Esporte e Lazer;1
220676;Relações Internacionais e Comércio Exterior;1
220676;Viação, Transporte e Mobilidade;1
220677;Administração Pública;7
220677;Energia, Recursos Hídricos e Minerais;3
220677;Finanças Públicas e Orçamento;3
220677;Defesa e Segurança;2
220677;Direito Constitucional;2
220677;Trabalho e Emprego;2
220677;Agricultura, Pecuária, Pesca e Extrativismo;1
220677;Economia;1
220677;Indústria, Comércio e Serviços;1
220677;Meio Ambiente e Desenvolvimento Sustentável;1
220677;Previdência e Assistência Social;1
220677;Processo Legislativo e Atuação Parlamentar;1
220677;Viação, Transporte e Mobilidade;1
220681;Direitos Humanos e Minorias;9
220681;Saúde;7
220681;Finanças Públicas e Orçamento;5
220681;Direito Penal e Processual Penal;3
220681;Educação;3
220681;Administração Pública;2
220681;Trabalho e Emprego;2
220681;Viação, Transporte e Mobilidade;2
220681;Arte, Cultura e Religião;1
220681;Comunicações;1
220681;Defesa e Segurança;1
220681;Direito Constitucional;1
220681;Direito e Justiça;1
220681;Economia;1
220681;Energia, Recursos Hídricos e Minerais;1
220681;Esporte e Lazer;1
220681;Homenagens e Datas Comemorativas;1
220681;Meio Ambiente e Desenvolvimento Sustentável;1
220681;Política, Partidos e Eleições;1
220681;Previdência e Assistência Social;1
220681;Processo Legislativo e Atuação Parlamentar;1
220682;Administração Pública;17
220682;Direitos Humanos e Minorias;16
220682;Finanças Públicas e Orçamento;13
220682;Defesa e Segurança;12
220682;Trabalho e Emprego;10
220682;Indústria, Comércio e Serviços;8
220682;Economia;6
220682;Saúde;6
220682;Educação;5
220682;Processo Legislativo e Atuação Parlamentar;5
220682;Agricultura, Pecuária, Pesca e Extrativismo;4
220682;Arte, Cultura e Religião;4
220682;Comunicações;4
220682;Direito Penal e Processual Penal;4
220682;Direito e Defesa do Consumidor;4
220682;Esporte e Lazer;4
220682;Viação, Transporte e Mobilidade;4
220682;Cidades e Desenvolvimento Urbano;3
220682;Direito e Justiça;3
220682;Energia, Recursos Hídricos e Minerais;3
220682;Relações Internacionais e Comércio Exterior;3
220682;Ciência, Tecnologia e Inovação;2
220682;Direito Constitucional;2
220682;Homenagens e Datas Comemorativas;2
220682;Previdência e Assistência Social;2
220682;Ciências Sociais e Humanas;1
220682;Estrutura Fundiária;1
220682;Meio Ambiente e Desenvolvimento Sustentável;1
220683;Administração Pública;15
220683;Finanças Públicas e Orçamento;15
220683;Direitos Humanos e Minorias;12
220683;Indústria, Comércio e Serviços;10
220683;Saúde;9
220683;Direito e Defesa do Consumidor;8
220683;Trabalho e Emprego;6
220683;Economia;5
220683;Meio Ambiente e Desenvolvimento Sustentável;5
220683;Viação, Transporte e Mobilidade;5
220683;Comunicações;4
220683;Processo Legislativo e Atuação Parlamentar;4
220683;Defesa e Segurança;3
220683;Direito Constitucional;3
220683;Educação;3
220683;Homenagens e Datas Comemorativas;3
220683;Previdência e Assistência Social;3
220683;Arte, Cultura e Religião;2
220683;Cidades e Desenvolvimento Urbano;2
220683;Direito Civil e Processual Civil;2
220683;Direito Penal e Processual Penal;2
220683;Direito e Justiça;2
220683;Política, Partidos e Eleições;2
220683;Agricultura, Pecuária, Pesca e Extrativismo;1
220683;Esporte e Lazer;1
220683;Relações Internacionais e Comércio Exterior;1
220684;Administração Pública;41
220684;Finanças Públicas e Orçamento;29
220684;Agricultura, Pecuária, Pesca e Extrativismo;24
220684;Economia;21
220684;Direitos Humanos e Minorias;19
220684;Defesa e Segurança;18
220684;Educação;14
220684;Saúde;14
220684;Meio Ambiente e Desenvolvimento Sustentável;13
220684;Indústria, Comércio e Serviços;11
220684;Processo Legislativo e Atuação Parlamentar;11
220684;Estrutura Fundiária;10
220684;Trabalho e Emprego;10
220684;Viação, Transporte e Mobilidade;10
220684;Previdência e Assistência Social;9
220684;Relações Internacionais e Comércio Exterior;9
220684;Direito e Justiça;8
220684;Energia, Recursos Hídricos e Minerais;8
220684;Direito Civil e Processual Civil;6
220684;Direito Penal e Processual Penal;5
220684;Ciência, Tecnologia e Inovação;4
220684;Direito Constitucional;4
220684;Direito e Defesa do Consumidor;4
220684;Comunicações;3
220684;Esporte e Lazer;3
220684;Homenagens e Datas Comemorativas;3
220684;Cidades e Desenvolvimento Urbano;2
220684;Arte, Cultura e Religião;1
220684;Ciências Exatas e da Terra;1
220684;Ciências Sociais e Humanas;1
220685;Direitos Humanos e Minorias;14
220685;Finanças Públicas e Orçamento;12
220685;Meio Ambiente e Desenvolvimento Sustentável;12
220685;Direito Penal e Processual Penal;10
220685;Processo Legislativo e Atuação Parlamentar;10
220685;Administração Pública;8
220685;Direito Constitucional;7
220685;Educação;7
220685;Trabalho e Emprego;7
220685;Viação, Transporte e Mobilidade;7
220685;Defesa e Segurança;6
220685;Direito e Justiça;5
220685;Economia;5
220685;Energia, Recursos Hídricos e Minerais;5
220685;Arte, Cultura e Religião;4
220685;Comunicações;4
220685;Direito Civil e Processual Civil;4
220685;Agricultura, Pecuária, Pesca e Extrativismo;3
220685;Cidades e Desenvolvimento Urbano;3
220685;Direito e Defesa do Consumidor;3
220685;Esporte e Lazer;3
220685;Homenagens e Datas Comemorativas;3
220685;Indústria, Comércio e Serviços;3
220685;Saúde;3
220685;Turismo;3
220685;Estrutura Fundiária;2
220685;Ciência, Tecnologia e Inovação;1
220685;Política, Partidos e Eleições;1
220686;Direitos Humanos e Minorias;140
220686;Saúde;108
220686;Administração Pública;64
220686;Direito e Defesa do Consumidor;56
220686;Educação;48
220686;Finanças Públicas e Orçamento;48
220686;Meio Ambiente e Desenvolvimento Sustentável;44
220686;Indústria, Comércio e Serviços;43
220686;Trabalho e Emprego;31
220686;Previdência e Assistência Social;27
220686;Viação, Transporte e Mobilidade;24
220686;Direito Penal e Processual Penal;21
220686;Economia;20
220686;Defesa e Segurança;19
220686;Cidades e Desenvolvimento Urbano;15
220686;Energia, Recursos Hídricos e Minerais;13
220686;Processo Legislativo e Atuação Parlamentar;13
220686;Comunicações;12
220686;Ciência, Tecnologia e Inovação;11
220686;Arte, Cultura e Religião;9
220686;Direito e Justiça;9
220686;Direito Constitucional;8
220686;Direito Civil e Processual Civil;7
220686;Esporte e Lazer;7
220686;Homenagens e Datas Comemorativas;7
220686;Política, Partidos e Eleições;3
220686;Relações Internacionais e Comércio Exterior;3
220686;Agricultura, Pecuária, Pesca e Extrativismo;2
220686;Estrutura Fundiária;2
220686;Turismo;1
220687;Direitos Humanos e Minorias;25
220687;Finanças Públicas e Orçamento;23
220687;Administração Pública;16
220687;Previdência e Assistência Social;14
220687;Viação, Transporte e Mobilidade;10
220687;Processo Legislativo e Atuação Parlamentar;9
220687;Agricultura, Pecuária, Pesca e Extrativismo;8
220687;Educação;8
220687;Saúde;8
220687;Economia;7
220687;Trabalho e Emprego;7
220687;Comunicações;6
220687;Defesa e Segurança;6
220687;Arte, Cultura e Religião;5
220687;Direito Constitucional;4
220687;Esporte e Lazer;4
220687;Homenagens e Datas Comemorativas;4
220687;Cidades e Desenvolvimento Urbano;3
220687;Ciência, Tecnologia e Inovação;3
220687;Direito e Defesa do Consumidor;3
220687;Indústria, Comércio e Serviços;3
220687;Meio Ambiente e Desenvolvimento Sustentável;3
220687;Direito e Justiça;2
220687;Direito Civil e Processual Civil;1
220687;Direito Penal e Processual Penal;1
220687;Relações Internacionais e Comércio Exterior;1
220688;Direitos Humanos e Minorias;17
220688;Finanças Públicas e Orçamento;15
220688;Trabalho e Emprego;15
220688;Administração Pública;13
220688;Saúde;13
220688;Defesa e Segurança;10
220688;Indústria, Comércio e Serviços;8
220688;Economia;7
220688;Direito e Defesa do Consumidor;5
220688;Agricultura, Pecuária, Pesca e Extrativismo;4
220688;Cidades e Desenvolvimento Urbano;4
220688;Comunicações;4
220688;Direito e Justiça;4
220688;Educação;4
220688;Energia, Recursos Hídricos e Minerais;4
220688;Meio Ambiente e Desenvolvimento Sustentável;4
220688;Processo Legislativo e Atuação Parlamentar;4
220688;Arte, Cultura e Religião;3
220688;Ciência, Tecnologia e Inovação;3
220688;Direito Constitucional;3
220688;Esporte e Lazer;3
220688;Previdência e Assistência Social;3
220688;Homenagens e Datas Comemorativas;2
220688;Relações Internacionais e Comércio Exterior;2
220688;Viação, Transporte e Mobilidade;2
220688;Direito Penal e Processual Penal;1
220688;Política, Partidos e Eleições;1
220689;Direitos Humanos e Minorias;9
220689;Arte, Cultura e Religião;4
220689;Finanças Públicas e Orçamento;4
220689;Saúde;4
220689;Defesa e Segurança;3
220689;Educação;3
220689;Homenagens e Datas Comemorativas;3
220689;Direito Constitucional;2
220689;Direito e Defesa do Consumidor;2
220689;Processo Legislativo e Atuação Parlamentar;2
220689;Administração Pública;1
220689;Cidades e Desenvolvimento Urbano;1
220689;Comunicações;1
220689;Direito Civil e Processual Civil;1
220689;Direito Penal e Processual Penal;1
220689;Economia;1
220689;Esporte e Lazer;1
220689;Indústria, Comércio e Serviços;1
220689;Meio Ambiente e Desenvolvimento Sustentável;1
220689;Viação, Transporte e Mobilidade;1
220690;Defesa e Segurança;128
220690;Administração Pública;100
220690;Direito Penal e Processual Penal;66
220690;Direitos Humanos e Minorias;65
220690;Finanças Públicas e Orçamento;48
220690;Trabalho e Emprego;31
220690;Educação;29
220690;Saúde;28
220690;Relações Internacionais e Comércio Exterior;27
220690;Economia;23
220690;Processo Legislativo e Atuação Parlamentar;19
220690;Viação, Transporte e Mobilidade;18
220690;Direito e Justiça;17
220690;Previdência e Assistência Social;17
220690;Comunicações;15
220690;Indústria, Comércio e Serviços;14
220690;Meio Ambiente e Desenvolvimento Sustentável;14
220690;Direito e Defesa do Consumidor;12
220690;Agricultura, Pecuária, Pesca e Extrativismo;10
220690;Direito Constitucional;10
220690;Estrutura Fundiária;10
220690;Cidades e Desenvolvimento Urbano;9
220690;Ciência, Tecnologia e Inovação;9
220690;Energia, Recursos Hídricos e Minerais;9
220690;Arte, Cultura e Religião;8
220690;Direito Civil e Processual Civil;5
220690;Política, Partidos e Eleições;5
220690;Esporte e Lazer;4
220690;Homenagens e Datas Comemorativas;2
220690;Turismo;2
220691;Finanças Públicas e Orçamento;11
220691;Administração Pública;10
220691;Trabalho e Emprego;8
220691;Direitos Humanos e Minorias;7
220691;Processo Legislativo e Atuação Parlamentar;6
220691;Defesa e Segurança;5
220691;Direito Constitucional;5
220691;Direito e Justiça;4
220691;Saúde;4
220691;Arte, Cultura e Religião;3
220691;Previdência e Assistência Social;3
220691;Direito Penal e Processual Penal;2
220691;Economia;2
220691;Meio Ambiente e Desenvolvimento Sustentável;2
220691;Política, Partidos e Eleições;2
220691;Direito Civil e Processual Civil;1
220691;Educação;1
220691;Esporte e Lazer;1
220691;Indústria, Comércio e Serviços;1
220691;Relações Internacionais e Comércio Exterior;1
220691;Viação, Transporte e Mobilidade;1
220692;Finanças Públicas e Orçamento;6
220692;Processo Legislativo e Atuação Parlamentar;6
220692;Trabalho e Emprego;5
220692;Administração Pública;3
220692;Direito Constitucional;3
220692;Indústria, Comércio e Serviços;3
220692;Agricultura, Pecuária, Pesca e Extrativismo;2
220692;Defesa e Segurança;2
220692;Direito e Defesa do Consumidor;2
220692;Economia;2
220692;Saúde;2
220692;Arte, Cultura e Religião;1
220692;Cidades e Desenvolvimento Urbano;1
220692;Direito e Justiça;1
220692;Direitos Humanos e Minorias;1
220692;Esporte e Lazer;1
220692;Meio Ambiente e Desenvolvimento Sustentável;1
220692;Previdência e Assistência Social;1
220692;Relações Internacionais e Comércio Exterior;1
220692;Viação, Transporte e Mobilidade;1
220693;Direitos Humanos e Minorias;24
220693;Defesa e Segurança;20
220693;Finanças Públicas e Orçamento;19
220693;Processo Legislativo e Atuação Parlamentar;19
220693;Administração Pública;16
220693;Economia;15
220693;Direito Constitucional;12
220693;Direito Penal e Processual Penal;12
220693;Trabalho e Emprego;12
220693;Saúde;11
220693;Indústria, Comércio e Serviços;10
220693;Educação;8
220693;Viação, Transporte e Mobilidade;7
220693;Direito e Defesa do Consumidor;6
220693;Meio Ambiente e Desenvolvimento Sustentável;6
220693;Relações Internacionais e Comércio Exterior;6
220693;Energia, Recursos Hídricos e Minerais;5
220693;Estrutura Fundiária;5
220693;Previdência e Assistência Social;5
220693;Agricultura, Pecuária, Pesca e Extrativismo;4
220693;Direito e Justiça;4
220693;Turismo;4
220693;Arte, Cultura e Religião;3
220693;Cidades e Desenvolvimento Urbano;3
220693;Esporte e Lazer;3
220693;Homenagens e Datas Comemorativas;3
220693;Política, Partidos e Eleições;3
220693;Comunicações;2
220694;Finanças Públicas e Orçamento;11
220694;Processo Legislativo e Atuação Parlamentar;8
220694;Saúde;6
220694;Administração Pública;5
220694;Indústria, Comércio e Serviços;5
220694;Direito e Defesa do Consumidor;4
220694;Previdência e Assistência Social;4
220694;Trabalho e Emprego;4
220694;Direito Constitucional;3
220694;Direito e Justiça;3
220694;Direitos Humanos e Minorias;3
220694;Meio Ambiente e Desenvolvimento Sustentável;3
220694;Comunicações;2
220694;Direito Penal e Processual Penal;2
220694;Economia;2
220694;Educação;2
220694;Agricultura, Pecuária, Pesca e Extrativismo;1
220694;Arte, Cultura e Religião;1
220694;Defesa e Segurança;1
220694;Energia, Recursos Hídricos e Minerais;1
220695;Direitos Humanos e Minorias;143
220695;Saúde;98
220695;Defesa e Segurança;45
220695;Administração Pública;43
220695;Finanças Públicas e Orçamento;37
220695;Trabalho e Emprego;31
220695;Direito Penal e Processual Penal;29
220695;Educação;28
220695;Previdência e Assistência Social;26
220695;Cidades e Desenvolvimento Urbano;22
220695;Indústria, Comércio e Serviços;16
220695;Economia;13
220695;Processo Legislativo e Atuação Parlamentar;13
220695;Comunicações;12
220695;Direito e Justiça;12
220695;Ciência, Tecnologia e Inovação;11
220695;Meio Ambiente e Desenvolvimento Sustentável;11
220695;Viação, Transporte e Mobilidade;11
220695;Direito e Defesa do Consumidor;10
220695;Direito Civil e Processual Civil;8
220695;Energia, Recursos Hídricos e Minerais;8
220695;Agricultura, Pecuária, Pesca e Extrativismo;6
220695;Direito Constitucional;6
220695;Arte, Cultura e Religião;5
220695;Esporte e Lazer;4
220695;Homenagens e Datas Comemorativas;4
220695;Política, Partidos e Eleições;4
220695;Turismo;2
220695;Ciências Exatas e da Terra;1
220695;Estrutura Fundiária;1
220695;Relações Internacionais e Comércio Exterior;1
220696;Direitos Humanos e Minorias;21
220696;Finanças Públicas e Orçamento;11
220696;Indústria, Comércio e Serviços;10
220696;Administração Pública;9
220696;Defesa e Segurança;8
220696;Trabalho e Emprego;8
220696;Cidades e Desenvolvimento Urbano;6
220696;Comunicações;4
220696;Economia;4
220696;Meio Ambiente e Desenvolvimento Sustentável;4
220696;Agricultura, Pecuária, Pesca e Extrativismo;3
220696;Ciência, Tecnologia e Inovação;3
220696;Direito e Defesa do Consumidor;3
220696;Educação;3
220696;Energia, Recursos Hídricos e Minerais;3
220696;Esporte e Lazer;3
220696;Política, Partidos e Eleições;3
220696;Previdência e Assistência Social;3
220696;Processo Legislativo e Atuação Parlamentar;3
220696;Saúde;3
220696;Viação, Transporte e Mobilidade;3
220696;Direito Constitucional;2
220696;Homenagens e Datas Comemorativas;2
220696;Arte, Cultura e Religião;1
220696;Direito Penal e Processual Penal;1
220696;Estrutura Fundiária;1
220696;Relações Internacionais e Comércio Exterior;1
220696;Turismo;1
220697;Administração Pública;25
220697;Finanças Públicas e Orçamento;16
220697;Meio Ambiente e Desenvolvimento Sustentável;16
220697;Direitos Humanos e Minorias;15
220697;Saúde;13
220697;Educação;9
220697;Indústria, Comércio e Serviços;8
220697;Direito e Defesa do Consumidor;7
220697;Trabalho e Emprego;7
220697;Ciência, Tecnologia e Inovação;6
220697;Defesa e Segurança;6
220697;Economia;6
220697;Previdência e Assistência Social;6
220697;Processo Legislativo e Atuação Parlamentar;6
220697;Viação, Transporte e Mobilidade;6
220697;Comunicações;4
220697;Energia, Recursos Hídricos e Minerais;4
220697;Agricultura, Pecuária, Pesca e Extrativismo;3
220697;Cidades e Desenvolvimento Urbano;3
220697;Direito e Justiça;3
220697;Direito Civil e Processual Civil;2
220697;Direito Constitucional;2
220697;Direito Penal e Processual Penal;2
220697;Esporte e Lazer;1
220697;Política, Partidos e Eleições;1
220697;Relações Internacionais e Comércio Exterior;1
220697;Turismo;1
220698;Saúde;9
220698;Viação, Transporte e Mobilidade;9
220698;Administração Pública;6
220698;Direitos Humanos e Minorias;4
220698;Finanças Públicas e Orçamento;4
220698;Direito Civil e Processual Civil;3
220698;Direito e Justiça;3
220698;Homenagens e Datas Comemorativas;3
220698;Defesa e Segurança;2
220698;Direito Constitucional;2
220698;Educação;2
220698;Arte, Cultura e Religião;1
220698;Cidades e Desenvolvimento Urbano;1
220698;Comunicações;1
220698;Direito e Defesa do Consumidor;1
220698;Esporte e Lazer;1
220698;Indústria, Comércio e Serviços;1
220698;Política, Partidos e Eleições;1
220698;Processo Legislativo e Atuação Parlamentar;1
220698;Relações Internacionais e Comércio Exterior;1
220698;Trabalho e Emprego;1
220699;Direitos Humanos e Minorias;9
220699;Administração Pública;6
220699;Finanças Públicas e Orçamento;6
220699;Trabalho e Emprego;5
220699;Defesa e Segurança;4
220699;Direito e Defesa do Consumidor;4
220699;Previdência e Assistência Social;4
220699;Saúde;4
220699;Direito Penal e Processual Penal;3
220699;Direito e Justiça;3
220699;Educação;3
220699;Processo Legislativo e Atuação Parlamentar;3
220699;Direito Civil e Processual Civil;2
220699;Energia, Recursos Hídricos e Minerais;2
220699;Indústria, Comércio e Serviços;2
220699;Agricultura, Pecuária, Pesca e Extrativismo;1
220699;Economia;1
220699;Homenagens e Datas Comemorativas;1
220699;Meio Ambiente e Desenvolvimento Sustentável;1
220699;Política, Partidos e Eleições;1
220699;Relações Internacionais e Comércio Exterior;1
220699;Turismo;1
220699;Viação, Transporte e Mobilidade;1
220700;Direitos Humanos e Minorias;29
220700;Administração Pública;13
220700;Finanças Públicas e Orçamento;12
220700;Saúde;11
220700;Trabalho e Emprego;11
220700;Homenagens e Datas Comemorativas;9
220700;Economia;8
220700;Arte, Cultura e Religião;6
220700;Defesa e Segurança;6
220700;Indústria, Comércio e Serviços;6
220700;Direito Penal e Processual Penal;5
220700;Direito Civil e Processual Civil;4
220700;Processo Legislativo e Atuação Parlamentar;4
220700;Viação, Transporte e Mobilidade;4
220700;Comunicações;3
220700;Direito Constitucional;3
220700;Direito e Defesa do Consumidor;3
220700;Energia, Recursos Hídricos e Minerais;3
220700;Esporte e Lazer;3
220700;Ciência, Tecnologia e Inovação;2
220700;Direito e Justiça;2
220700;Educação;2
220700;Previdência e Assistência Social;2
220700;Relações Internacionais e Comércio Exterior;2
220700;Agricultura, Pecuária, Pesca e Extrativismo;1
220700;Ciências Sociais e Humanas;1
220700;Meio Ambiente e Desenvolvimento Sustentável;1
220700;Política, Partidos e Eleições;1
220701;Meio Ambiente e Desenvolvimento Sustentável;83
220701;Direito Penal e Processual Penal;55
220701;Direitos Humanos e Minorias;35
220701;Defesa e Segurança;21
220701;Administração Pública;17
220701;Finanças Públicas e Orçamento;17
220701;Processo Legislativo e Atuação Parlamentar;15
220701;Viação, Transporte e Mobilidade;13
220701;Cidades e Desenvolvimento Urbano;8
220701;Saúde;8
220701;Indústria, Comércio e Serviços;7
220701;Previdência e Assistência Social;7
220701;Educação;6
220701;Homenagens e Datas Comemorativas;6
220701;Trabalho e Emprego;6
220701;Direito Civil e Processual Civil;5
220701;Economia;5
220701;Agricultura, Pecuária, Pesca e Extrativismo;3
220701;Arte, Cultura e Religião;3
220701;Comunicações;3
220701;Direito e Justiça;3
220701;Esporte e Lazer;3
220701;Relações Internacionais e Comércio Exterior;3
220701;Ciência, Tecnologia e Inovação;2
220701;Direito Constitucional;2
220701;Direito e Defesa do Consumidor;2
220701;Turismo;2
220701;Energia, Recursos Hídricos e Minerais;1
220701;Estrutura Fundiária;1
220701;Política, Partidos e Eleições;1
220702;Finanças Públicas e Orçamento;25
220702;Defesa e Segurança;14
220702;Processo Legislativo e Atuação Parlamentar;13
220702;Saúde;13
220702;Administração Pública;10
220702;Viação, Transporte e Mobilidade;10
220702;Direitos Humanos e Minorias;9
220702;Meio Ambiente e Desenvolvimento Sustentável;8
220702;Educação;7
220702;Economia;6
220702;Energia, Recursos Hídricos e Minerais;6
220702;Previdência e Assistência Social;6
220702;Direito Penal e Processual Penal;5
220702;Direito e Defesa do Consumidor;5
220702;Trabalho e Emprego;5
220702;Indústria, Comércio e Serviços;4
220702;Agricultura, Pecuária, Pesca e Extrativismo;3
220702;Direito e Justiça;3
220702;Estrutura Fundiária;3
220702;Homenagens e Datas Comemorativas;3
220702;Relações Internacionais e Comércio Exterior;3
220702;Arte, Cultura e Religião;2
220702;Cidades e Desenvolvimento Urbano;1
220702;Direito Civil e Processual Civil;1
220702;Direito Constitucional;1
220702;Esporte e Lazer;1
220703;Direitos Humanos e Minorias;22
220703;Saúde;16
220703;Finanças Públicas e Orçamento;15
220703;Administração Pública;14
220703;Viação, Transporte e Mobilidade;14
220703;Defesa e Segurança;13
220703;Educação;11
220703;Trabalho e Emprego;10
220703;Direito Penal e Processual Penal;8
220703;Economia;7
220703;Indústria, Comércio e Serviços;7
220703;Meio Ambiente e Desenvolvimento Sustentável;7
220703;Previdência e Assistência Social;7
220703;Direito e Justiça;6
220703;Processo Legislativo e Atuação Parlamentar;6
220703;Direito Constitucional;5
220703;Agricultura, Pecuária, Pesca e Extrativismo;4
220703;Direito Civil e Processual Civil;4
220703;Energia, Recursos Hídricos e Minerais;3
220703;Estrutura Fundiária;3
220703;Ciência, Tecnologia e Inovação;2
220703;Comunicações;2
220703;Direito e Defesa do Consumidor;2
220703;Arte, Cultura e Religião;1
220703;Cidades e Desenvolvimento Urbano;1
220703;Esporte e Lazer;1
220703;Homenagens e Datas Comemorativas;1
220703;Política, Partidos e Eleições;1
220703;Relações Internacionais e Comércio Exterior;1
220704;Direitos Humanos e Minorias;49
220704;Administração Pública;18
220704;Defesa e Segurança;18
220704;Finanças Públicas e Orçamento;18
220704;Direito Penal e Processual Penal;10
220704;Educação;10
220704;Comunicações;9
220704;Indústria, Comércio e Serviços;9
220704;Trabalho e Emprego;9
220704;Cidades e Desenvolvimento Urbano;8
220704;Meio Ambiente e Desenvolvimento Sustentável;8
220704;Previdência e Assistência Social;8
220704;Saúde;8
220704;Política, Partidos e Eleições;7
220704;Processo Legislativo e Atuação Parlamentar;7
220704;Viação, Transporte e Mobilidade;7
220704;Economia;6
220704;Ciência, Tecnologia e Inovação;5
220704;Direito e Justiça;4
220704;Esporte e Lazer;4
220704;Homenagens e Datas Comemorativas;4
220704;Direito Civil e Processual Civil;3
220704;Direito e Defesa do Consumidor;3
220704;Arte, Cultura e Religião;2
220704;Direito Constitucional;2
220704;Energia, Recursos Hídricos e Minerais;2
220704;Agricultura, Pecuária, Pesca e Extrativismo;1
220704;Estrutura Fundiária;1
220704;Relações Internacionais e Comércio Exterior;1
220705;Administração Pública;17
220705;Defesa e Segurança;12
220705;Finanças Públicas e Orçamento;11
220705;Relações Internacionais e Comércio Exterior;9
220705;Direitos Humanos e Minorias;7
220705;Economia;5
220705;Saúde;5
220705;Estrutura Fundiária;4
220705;Processo Legislativo e Atuação Parlamentar;4
220705;Comunicações;3
220705;Direito Penal e Processual Penal;3
220705;Política, Partidos e Eleições;3
220705;Trabalho e Emprego;3
220705;Agricultura, Pecuária, Pesca e Extrativismo;2
220705;Energia, Recursos Hídricos e Minerais;2
220705;Indústria, Comércio e Serviços;2
220705;Arte, Cultura e Religião;1
220705;Cidades e Desenvolvimento Urbano;1
220705;Meio Ambiente e Desenvolvimento Sustentável;1
220705;Previdência e Assistência Social;1
220705;Turismo;1
220706;Finanças Públicas e Orçamento;27
220706;Administração Pública;20
220706;Direitos Humanos e Minorias;18
220706;Processo Legislativo e Atuação Parlamentar;18
220706;Defesa e Segurança;14
220706;Economia;14
220706;Meio Ambiente e Desenvolvimento Sustentável;11
220706;Direito Penal e Processual Penal;10
220706;Educação;10
220706;Agricultura, Pecuária, Pesca e Extrativismo;9
220706;Direito Constitucional;9
220706;Indústria, Comércio e Serviços;9
220706;Saúde;9
220706;Trabalho e Emprego;9
220706;Direito e Defesa do Consumidor;8
220706;Viação, Transporte e Mobilidade;8
220706;Cidades e Desenvolvimento Urbano;7
220706;Estrutura Fundiária;6
220706;Direito e Justiça;5
220706;Previdência e Assistência Social;5
220706;Relações Internacionais e Comércio Exterior;5
220706;Arte, Cultura e Religião;4
220706;Homenagens e Datas Comemorativas;3
220706;Turismo;3
220706;Energia, Recursos Hídricos e Minerais;2
220706;Ciência, Tecnologia e Inovação;1
220706;Comunicações;1
220706;Direito Civil e Processual Civil;1
220706;Esporte e Lazer;1
220706;Política, Partidos e Eleições;1
220707;Direitos Humanos e Minorias;25
220707;Defesa e Segurança;10
220707;Direito Penal e Processual Penal;9
220707;Administração Pública;6
220707;Finanças Públicas e Orçamento;6
220707;Comunicações;5
220707;Previdência e Assistência Social;5
220707;Trabalho e Emprego;5
220707;Política, Partidos e Eleições;4
220707;Processo Legislativo e Atuação Parlamentar;4
220707;Arte, Cultura e Religião;3
220707;Indústria, Comércio e Serviços;3
220707;Saúde;3
220707;Cidades e Desenvolvimento Urbano;2
220707;Direito Constitucional;2
220707;Direito e Justiça;2
220707;Esporte e Lazer;2
220707;Ciência, Tecnologia e Inovação;1
220707;Economia;1
220707;Educação;1
220707;Homenagens e Datas Comemorativas;1
220707;Viação, Transporte e Mobilidade;1
220708;Administração Pública;10
220708;Finanças Públicas e Orçamento;7
220708;Direito Constitucional;6
220708;Direitos Humanos e Minorias;5
220708;Política, Partidos e Eleições;5
220708;Cidades e Desenvolvimento Urbano;4
220708;Processo Legislativo e Atuação Parlamentar;4
220708;Defesa e Segurança;3
220708;Direito e Justiça;3
220708;Indústria, Comércio e Serviços;3
220708;Arte, Cultura e Religião;2
220708;Direito e Defesa do Consumidor;2
220708;Economia;2
220708;Meio Ambiente e Desenvolvimento Sustentável;2
220708;Trabalho e Emprego;2
220708;Viação, Transporte e Mobilidade;2
220708;Direito Penal e Processual Penal;1
220708;Relações Internacionais e Comércio Exterior;1
220708;Saúde;1
220712;Direitos Humanos e Minorias;37
220712;Viação, Transporte e Mobilidade;35
220712;Administração Pública;34
220712;Defesa e Segurança;31
220712;Finanças Públicas e Orçamento;25
220712;Direito Penal e Processual Penal;20
220712;Saúde;17
220712;Energia, Recursos Hídricos e Minerais;16
220712;Meio Ambiente e Desenvolvimento Sustentável;16
220712;Economia;15
220712;Direito e Defesa do Consumidor;14
220712;Processo Legislativo e Atuação Parlamentar;14
220712;Indústria, Comércio e Serviços;9
220712;Cidades e Desenvolvimento Urbano;7
220712;Previdência e Assistência Social;7
220712;Relações Internacionais e Comércio Exterior;6
220712;Trabalho e Emprego;6
220712;Comunicações;4
220712;Educação;4
220712;Agricultura, Pecuária, Pesca e Extrativismo;3
220712;Arte, Cultura e Religião;3
220712;Direito Constitucional;3
220712;Esporte e Lazer;3
220712;Estrutura Fundiária;3
220712;Direito Civil e Processual Civil;2
220712;Ciência, Tecnologia e Inovação;1
220712;Direito e Justiça;1
220712;Política, Partidos e Eleições;1
220712;Turismo;1
220713;Direitos Humanos e Minorias;239
220713;Defesa e Segurança;225
220713;Meio Ambiente e Desenvolvimento Sustentável;217
220713;Energia, Recursos Hídricos e Minerais;180
220713;Administração Pública;176
220713;Cidades e Desenvolvimento Urbano;135
220713;Viação, Transporte e Mobilidade;135
220713;Educação;133
220713;Finanças Públicas e Orçamento;111
220713;Saúde;81
220713;Previdência e Assistência Social;66
220713;Economia;60
220713;Direito Penal e Processual Penal;15
220713;Processo Legislativo e Atuação Parlamentar;11
220713;Arte, Cultura e Religião;6
220713;Esporte e Lazer;6
220713;Trabalho e Emprego;6
220713;Indústria, Comércio e Serviços;5
220713;Ciência, Tecnologia e Inovação;4
220713;Direito Constitucional;4
220713;Direito e Justiça;4
220713;Estrutura Fundiária;3
220713;Agricultura, Pecuária, Pesca e Extrativismo;2
220713;Comunicações;2
220713;Direito e Defesa do Consumidor;2
220713;Turismo;2
220713;Direito Civil e Processual Civil;1
220713;Homenagens e Datas Comemorativas;1
220713;Relações Internacionais e Comércio Exterior;1
220714;Energia, Recursos Hídricos e Minerais;72
220714;Administração Pública;23
220714;Saúde;21
220714;Finanças Públicas e Orçamento;17
220714;Direitos Humanos e Minorias;16
220714;Processo Legislativo e Atuação Parlamentar;11
220714;Trabalho e Emprego;11
220714;Defesa e Segurança;10
220714;Direito e Defesa do Consumidor;8
220714;Meio Ambiente e Desenvolvimento Sustentável;8
220714;Direito Penal e Processual Penal;7
220714;Indústria, Comércio e Serviços;7
220714;Economia;6
220714;Direito Constitucional;5
220714;Previdência e Assistência Social;5
220714;Viação, Transporte e Mobilidade;5
220714;Comunicações;4
220714;Educação;4
220714;Arte, Cultura e Religião;2
220714;Cidades e Desenvolvimento Urbano;2
220714;Direito Civil e Processual Civil;2
220714;Direito e Justiça;2
220714;Homenagens e Datas Comemorativas;2
220714;Agricultura, Pecuária, Pesca e Extrativismo;1
220714;Esporte e Lazer;1
220714;Estrutura Fundiária;1
220714;Política, Partidos e Eleições;1
220715;Administração Pública;1036
220715;Saúde;973
220715;Direitos Humanos e Minorias;614
220715;Educação;611
220715;Cidades e Desenvolvimento Urbano;578
220715;Meio Ambiente e Desenvolvimento Sustentável;514
220715;Defesa e Segurança;377
220715;Viação, Transporte e Mobilidade;232
220715;Trabalho e Emprego;223
220715;Previdência e Assistência Social;218
220715;Ciência, Tecnologia e Inovação;208
220715;Energia, Recursos Hídricos e Minerais;192
220715;Finanças Públicas e Orçamento;175
220715;Indústria, Comércio e Serviços;142
220715;Comunicações;103
220715;Economia;103
220715;Direito e Defesa do Consumidor;69
220715;Direito Penal e Processual Penal;63
220715;Esporte e Lazer;56
220715;Direito e Justiça;48
220715;Agricultura, Pecuária, Pesca e Extrativismo;47
220715;Arte, Cultura e Religião;39
220715;Direito Civil e Processual Civil;29
220715;Homenagens e Datas Comemorativas;18
220715;Relações Internacionais e Comércio Exterior;17
220715;Processo Legislativo e Atuação Parlamentar;16
220715;Turismo;15
220715;Estrutura Fundiária;13
220715;Política, Partidos e Eleições;5
220715;Direito Constitucional;2
221148;Direitos Humanos e Minorias;21
221148;Finanças Públicas e Orçamento;17
221148;Administração Pública;15
221148;Trabalho e Emprego;14
221148;Defesa e Segurança;13
221148;Indústria, Comércio e Serviços;10
221148;Arte, Cultura e Religião;7
221148;Economia;7
221148;Homenagens e Datas Comemorativas;7
221148;Saúde;6
221148;Viação, Transporte e Mobilidade;6
221148;Comunicações;5
221148;Direito Penal e Processual Penal;5
221148;Previdência e Assistência Social;5
221148;Processo Legislativo e Atuação Parlamentar;5
221148;Agricultura, Pecuária, Pesca e Extrativismo;3
221148;Cidades e Desenvolvimento Urbano;3
221148;Direito Constitucional;3
221148;Energia, Recursos Hídricos e Minerais;3
221148;Meio Ambiente e Desenvolvimento Sustentável;3
221148;Ciência, Tecnologia e Inovação;2
221148;Direito e Defesa do Consumidor;2
221148;Direito e Justiça;2
221148;Esporte e Lazer;2
221148;Política, Partidos e Eleições;2
221148;Direito Civil e Processual Civil;1
221148;Educação;1
221148;Relações Internacionais e Comércio Exterior;1
221328;Administração Pública;28
221328;Direitos Humanos e Minorias;28
221328;Finanças Públicas e Orçamento;26
221328;Processo Legislativo e Atuação Parlamentar;19
221328;Defesa e Segurança;17
221328;Direito Penal e Processual Penal;15
221328;Meio Ambiente e Desenvolvimento Sustentável;14
221328;Economia;12
221328;Saúde;12
221328;Direito Constitucional;10
221328;Trabalho e Emprego;10
221328;Homenagens e Datas Comemorativas;9
221328;Viação, Transporte e Mobilidade;9
221328;Agricultura, Pecuária, Pesca e Extrativismo;8
221328;Arte, Cultura e Religião;7
221328;Cidades e Desenvolvimento Urbano;7
221328;Direito e Defesa do Consumidor;6
221328;Direito e Justiça;6
221328;Energia, Recursos Hídricos e Minerais;6
221328;Previdência e Assistência Social;6
221328;Relações Internacionais e Comércio Exterior;6
221328;Comunicações;5
221328;Estrutura Fundiária;5
221328;Política, Partidos e Eleições;5
221328;Indústria, Comércio e Serviços;4
221328;Ciência, Tecnologia e Inovação;3
221328;Direito Civil e Processual Civil;2
221328;Educação;2
221328;Esporte e Lazer;1
221328;Turismo;1
221329;Direitos Humanos e Minorias;16
221329;Saúde;13
221329;Administração Pública;9
221329;Defesa e Segurança;7
221329;Trabalho e Emprego;7
221329;Finanças Públicas e Orçamento;6
221329;Arte, Cultura e Religião;5
221329;Direito Penal e Processual Penal;5
221329;Meio Ambiente e Desenvolvimento Sustentável;5
221329;Cidades e Desenvolvimento Urbano;4
221329;Esporte e Lazer;4
221329;Previdência e Assistência Social;4
221329;Processo Legislativo e Atuação Parlamentar;4
221329;Direito e Defesa do Consumidor;3
221329;Economia;3
221329;Educação;3
221329;Homenagens e Datas Comemorativas;3
221329;Indústria, Comércio e Serviços;3
221329;Viação, Transporte e Mobilidade;3
221329;Comunicações;2
221329;Política, Partidos e Eleições;2
221329;Ciência, Tecnologia e Inovação;1
221329;Direito Constitucional;1
221338;Direitos Humanos e Minorias;47
221338;Educação;43
221338;Administração Pública;34
221338;Finanças Públicas e Orçamento;33
221338;Trabalho e Emprego;32
221338;Meio Ambiente e Desenvolvimento Sustentável;17
221338;Defesa e Segurança;15
221338;Direito Penal e Processual Penal;12
221338;Saúde;12
221338;Previdência e Assistência Social;9
221338;Processo Legislativo e Atuação Parlamentar;9
221338;Economia;8
221338;Indústria, Comércio e Serviços;8
221338;Arte, Cultura e Religião;7
221338;Cidades e Desenvolvimento Urbano;6
221338;Energia, Recursos Hídricos e Minerais;6
221338;Política, Partidos e Eleições;6
221338;Agricultura, Pecuária, Pesca e Extrativismo;5
221338;Comunicações;5
221338;Direito e Defesa do Consumidor;5
221338;Direito e Justiça;5
221338;Homenagens e Datas Comemorativas;5
221338;Ciência, Tecnologia e Inovação;4
221338;Direito Civil e Processual Civil;4
221338;Relações Internacionais e Comércio Exterior;3
221338;Direito Constitucional;2
221338;Esporte e Lazer;2
221338;Estrutura Fundiária;2
221338;Viação, Transporte e Mobilidade;2
221339;Saúde;6
221339;Direitos Humanos e Minorias;3
221339;Finanças Públicas e Orçamento;3
221339;Homenagens e Datas Comemorativas;3
221339;Processo Legislativo e Atuação Parlamentar;2
221339;Administração Pública;1
221339;Educação;1
221339;Trabalho e Emprego;1
221339;Viação, Transporte e Mobilidade;1
221378;Direitos Humanos e Minorias;13
221378;Administração Pública;9
221378;Finanças Públicas e Orçamento;9
221378;Trabalho e Emprego;6
221378;Defesa e Segurança;4
221378;Processo Legislativo e Atuação Parlamentar;4
221378;Direito e Defesa do Consumidor;3
221378;Política, Partidos e Eleições;3
221378;Cidades e Desenvolvimento Urbano;2
221378;Homenagens e Datas Comemorativas;2
221378;Indústria, Comércio e Serviços;2
221378;Meio Ambiente e Desenvolvimento Sustentável;2
221378;Previdência e Assistência Social;2
221378;Saúde;2
221378;Agricultura, Pecuária, Pesca e Extrativismo;1
221378;Arte, Cultura e Religião;1
221378;Direito e Justiça;1
221378;Energia, Recursos Hídricos e Minerais;1
221378;Esporte e Lazer;1
221378;Estrutura Fundiária;1
221378;Relações Internacionais e Comércio Exterior;1
221378;Viação, Transporte e Mobilidade;1
222142;Defesa e Segurança;22
222142;Direitos Humanos e Minorias;19
222142;Processo Legislativo e Atuação Parlamentar;17
222142;Direito Penal e Processual Penal;13
222142;Administração Pública;11
222142;Finanças Públicas e Orçamento;10
222142;Saúde;8
222142;Indústria, Comércio e Serviços;6
222142;Relações Internacionais e Comércio Exterior;6
222142;Direito e Justiça;5
222142;Política, Partidos e Eleições;5
222142;Trabalho e Emprego;5
222142;Direito Constitucional;4
222142;Direito e Defesa do Consumidor;4
222142;Viação, Transporte e Mobilidade;4
222142;Cidades e Desenvolvimento Urbano;3
222142;Comunicações;3
222142;Educação;3
222142;Homenagens e Datas Comemorativas;3
222142;Previdência e Assistência Social;3
222142;Arte, Cultura e Religião;2
222142;Economia;2
222142;Esporte e Lazer;2
222142;Meio Ambiente e Desenvolvimento Sustentável;2
222142;Agricultura, Pecuária, Pesca e Extrativismo;1
222142;Ciência, Tecnologia e Inovação;1
222142;Direito Civil e Processual Civil;1
222142;Energia, Recursos Hídricos e Minerais;1
222142;Estrutura Fundiária;1
222429;Processo Legislativo e Atuação Parlamentar;7
222429;Finanças Públicas e Orçamento;5
222429;Administração Pública;4
222429;Política, Partidos e Eleições;4
222429;Direito e Defesa do Consumidor;3
222429;Trabalho e Emprego;3
222429;Direito Constitucional;2
222429;Direitos Humanos e Minorias;2
222429;Energia, Recursos Hídricos e Minerais;2
222429;Indústria, Comércio e Serviços;2
222429;Saúde;2
222429;Arte, Cultura e Religião;1
222429;Cidades e Desenvolvimento Urbano;1
222429;Defesa e Segurança;1
222429;Direito Penal e Processual Penal;1
222429;Educação;1
222429;Estrutura Fundiária;1
222565;Administração Pública;8
222565;Defesa e Segurança;5
222565;Trabalho e Emprego;4
222565;Finanças Públicas e Orçamento;2
222565;Cidades e Desenvolvimento Urbano;1
222565;Direito Penal e Processual Penal;1
222565;Direito e Justiça;1
222565;Direitos Humanos e Minorias;1
222565;Viação, Transporte e Mobilidade;1
223128;Defesa e Segurança;11
223128;Processo Legislativo e Atuação Parlamentar;10
223128;Administração Pública;8
223128;Finanças Públicas e Orçamento;8
223128;Direitos Humanos e Minorias;7
223128;Direito Penal e Processual Penal;4
223128;Direito e Justiça;4
223128;Economia;4
223128;Viação, Transporte e Mobilidade;4
223128;Direito Constitucional;3
223128;Indústria, Comércio e Serviços;3
223128;Trabalho e Emprego;3
223128;Comunicações;2
223128;Direito e Defesa do Consumidor;2
223128;Educação;2
223128;Homenagens e Datas Comemorativas;2
223128;Saúde;2
223128;Arte, Cultura e Religião;1
223128;Cidades e Desenvolvimento Urbano;1
223128;Ciência, Tecnologia e Inovação;1
223128;Esporte e Lazer;1
223128;Estrutura Fundiária;1
223128;Meio Ambiente e Desenvolvimento Sustentável;1
223128;Política, Partidos e Eleições;1
223128;Previdência e Assistência Social;1
223128;Relações Internacionais e Comércio Exterior;1
223398;Indústria, Comércio e Serviços;4
223398;Defesa e Segurança;3
223398;Direito e Defesa do Consumidor;3
223398;Saúde;3
223398;Administração Pública;2
223398;Agricultura, Pecuária, Pesca e Extrativismo;1
223398;Ciência, Tecnologia e Inovação;1
223398;Direito Civil e Processual Civil;1
223398;Direitos Humanos e Minorias;1
223398;Economia;1
223398;Finanças Públicas e Orçamento;1
223398;Meio Ambiente e Desenvolvimento Sustentável;1
223398;Previdência e Assistência Social;1
223398;Processo Legislativo e Atuação Parlamentar;1
223398;Trabalho e Emprego;1
223398;Viação, Transporte e Mobilidade;1
224117;Administração Pública;8
224117;Direitos Humanos e Minorias;6
224117;Defesa e Segurança;5
224117;Finanças Públicas e Orçamento;5
224117;Processo Legislativo e Atuação Parlamentar;5
224117;Saúde;5
224117;Trabalho e Emprego;5
224117;Agricultura, Pecuária, Pesca e Extrativismo;4
224117;Direito e Justiça;4
224117;Direito e Defesa do Consumidor;3
224117;Energia, Recursos Hídricos e Minerais;3
224117;Viação, Transporte e Mobilidade;3
224117;Cidades e Desenvolvimento Urbano;2
224117;Direito Civil e Processual Civil;2
224117;Direito Constitucional;2
224117;Direito Penal e Processual Penal;2
224117;Economia;2
224117;Educação;2
224117;Indústria, Comércio e Serviços;2
224117;Meio Ambiente e Desenvolvimento Sustentável;2
224117;Previdência e Assistência Social;2
224117;Relações Internacionais e Comércio Exterior;2
224117;Ciência, Tecnologia e Inovação;1
224117;Estrutura Fundiária;1
224117;Política, Partidos e Eleições;1
224333;Finanças Públicas e Orçamento;27
224333;Agricultura, Pecuária, Pesca e Extrativismo;17
224333;Economia;17
224333;Administração Pública;16
224333;Direitos Humanos e Minorias;13
224333;Trabalho e Emprego;12
224333;Indústria, Comércio e Serviços;11
224333;Defesa e Segurança;10
224333;Previdência e Assistência Social;8
224333;Processo Legislativo e Atuação Parlamentar;8
224333;Educação;6
224333;Direito Constitucional;5
224333;Direito e Defesa do Consumidor;5
224333;Meio Ambiente e Desenvolvimento Sustentável;5
224333;Relações Internacionais e Comércio Exterior;5
224333;Saúde;5
224333;Direito e Justiça;4
224333;Energia, Recursos Hídricos e Minerais;4
224333;Homenagens e Datas Comemorativas;4
224333;Viação, Transporte e Mobilidade;4
224333;Cidades e Desenvolvimento Urbano;3
224333;Comunicações;3
224333;Esporte e Lazer;3
224333;Estrutura Fundiária;3
224333;Arte, Cultura e Religião;2
224333;Ciência, Tecnologia e Inovação;2
224333;Direito Civil e Processual Civil;1
224333;Direito Penal e Processual Penal;1
224333;Política, Partidos e Eleições;1
225386;Educação;5
225386;Direitos Humanos e Minorias;4
225386;Finanças Públicas e Orçamento;3
225386;Administração Pública;2
225386;Previdência e Assistência Social;2
225386;Defesa e Segurança;1
225386;Direito Constitucional;1
225386;Direito Penal e Processual Penal;1
225386;Direito e Justiça;1
225386;Indústria, Comércio e Serviços;1
225386;Trabalho e Emprego;1
225727;Agricultura, Pecuária, Pesca e Extrativismo;3
225727;Direitos Humanos e Minorias;2
225727;Direito Penal e Processual Penal;1
225727;Direito e Defesa do Consumidor;1
225727;Economia;1
225727;Finanças Públicas e Orçamento;1
225727;Indústria, Comércio e Serviços;1
225730;Saúde;27
225730;Trabalho e Emprego;25
225730;Direitos Humanos e Minorias;7
225730;Administração Pública;4
225730;Direito Penal e Processual Penal;4
225730;Finanças Públicas e Orçamento;4
225730;Indústria, Comércio e Serviços;4
225730;Previdência e Assistência Social;4
225730;Direito e Defesa do Consumidor;3
225730;Educação;3
225730;Processo Legislativo e Atuação Parlamentar;3
225730;Arte, Cultura e Religião;2
225730;Defesa e Segurança;2
225730;Homenagens e Datas Comemorativas;2
225730;Meio Ambiente e Desenvolvimento Sustentável;2
225730;Ciência, Tecnologia e Inovação;1
225730;Direito e Justiça;1
225730;Economia;1
225730;Energia, Recursos Hídricos e Minerais;1
225730;Viação, Transporte e Mobilidade;1
225846;Direito Penal e Processual Penal;2
225846;Direitos Humanos e Minorias;2
225846;Economia;1
225846;Energia, Recursos Hídricos e Minerais;1
225846;Meio Ambiente e Desenvolvimento Sustentável;1
226075;Direitos Humanos e Minorias;7
226075;Direito Penal e Processual Penal;4
226075;Administração Pública;3
226075;Defesa e Segurança;3
226075;Homenagens e Datas Comemorativas;2
226075;Política, Partidos e Eleições;2
226075;Saúde;2
226075;Direito Civil e Processual Civil;1
226075;Direito e Defesa do Consumidor;1
226075;Processo Legislativo e Atuação Parlamentar;1
226075;Relações Internacionais e Comércio Exterior;1
226075;Viação, Transporte e Mobilidade;1
226179;Direitos Humanos e Minorias;25
226179;Direito e Defesa do Consumidor;18
226179;Processo Legislativo e Atuação Parlamentar;14
226179;Administração Pública;13
226179;Finanças Públicas e Orçamento;13
226179;Indústria, Comércio e Serviços;12
226179;Defesa e Segurança;9
226179;Economia;9
226179;Comunicações;8
226179;Direito Penal e Processual Penal;8
226179;Saúde;8
226179;Previdência e Assistência Social;7
226179;Trabalho e Emprego;7
226179;Educação;6
226179;Direito e Justiça;5
226179;Meio Ambiente e Desenvolvimento Sustentável;5
226179;Direito Constitucional;4
226179;Viação, Transporte e Mobilidade;4
226179;Cidades e Desenvolvimento Urbano;2
226179;Agricultura, Pecuária, Pesca e Extrativismo;1
226179;Arte, Cultura e Religião;1
226179;Ciência, Tecnologia e Inovação;1
226179;Direito Civil e Processual Civil;1
226179;Energia, Recursos Hídricos e Minerais;1
226179;Esporte e Lazer;1
226179;Estrutura Fundiária;1
226179;Homenagens e Datas Comemorativas;1
226179;Política, Partidos e Eleições;1
226179;Relações Internacionais e Comércio Exterior;1
226410;Processo Legislativo e Atuação Parlamentar;4
226410;Administração Pública;3
226410;Defesa e Segurança;2
226410;Direito e Defesa do Consumidor;2
226410;Direitos Humanos e Minorias;2
226410;Educação;2
226410;Finanças Públicas e Orçamento;2
226410;Saúde;2
226410;Cidades e Desenvolvimento Urbano;1
226410;Direito Constitucional;1
226410;Direito e Justiça;1
226410;Economia;1
226410;Energia, Recursos Hídricos e Minerais;1
226410;Indústria, Comércio e Serviços;1
226410;Previdência e Assistência Social;1
226410;Trabalho e Emprego;1
226410;Turismo;1
226410;Viação, Transporte e Mobilidade;1
226553;Agricultura, Pecuária, Pesca e Extrativismo;2
226553;Economia;2
226553;Meio Ambiente e Desenvolvimento Sustentável;2
226553;Administração Pública;1
226553;Defesa e Segurança;1
226553;Direito Penal e Processual Penal;1
226553;Finanças Públicas e Orçamento;1
226553;Saúde;1
226553;Trabalho e Emprego;1
226708;Saúde;28
226708;Administração Pública;22
226708;Trabalho e Emprego;22
226708;Direitos Humanos e Minorias;19
226708;Finanças Públicas e Orçamento;13
226708;Direito Penal e Processual Penal;12
226708;Previdência e Assistência Social;12
226708;Defesa e Segurança;11
226708;Educação;11
226708;Viação, Transporte e Mobilidade;11
226708;Processo Legislativo e Atuação Parlamentar;10
226708;Economia;8
226708;Energia, Recursos Hídricos e Minerais;7
226708;Direito Constitucional;6
226708;Direito e Justiça;6
226708;Cidades e Desenvolvimento Urbano;4
226708;Direito e Defesa do Consumidor;4
226708;Meio Ambiente e Desenvolvimento Sustentável;4
226708;Agricultura, Pecuária, Pesca e Extrativismo;3
226708;Indústria, Comércio e Serviços;3
226708;Ciência, Tecnologia e Inovação;2
226708;Comunicações;2
226708;Homenagens e Datas Comemorativas;2
226708;Arte, Cultura e Religião;1
226708;Direito Civil e Processual Civil;1
226708;Política, Partidos e Eleições;1
226837;Direitos Humanos e Minorias;12
226837;Administração Pública;11
226837;Defesa e Segurança;9
226837;Finanças Públicas e Orçamento;8
226837;Saúde;7
226837;Viação, Transporte e Mobilidade;7
226837;Comunicações;6
226837;Economia;6
226837;Trabalho e Emprego;6
226837;Esporte e Lazer;5
226837;Direito Constitucional;4
226837;Direito Penal e Processual Penal;4
226837;Educação;4
226837;Indústria, Comércio e Serviços;4
226837;Processo Legislativo e Atuação Parlamentar;4
226837;Cidades e Desenvolvimento Urbano;3
226837;Direito e Justiça;3
226837;Meio Ambiente e Desenvolvimento Sustentável;3
226837;Ciência, Tecnologia e Inovação;2
226837;Direito e Defesa do Consumidor;2
226837;Homenagens e Datas Comemorativas;2
226837;Previdência e Assistência Social;2
226837;Turismo;2
226837;Direito Civil e Processual Civil;1
226837;Relações Internacionais e Comércio Exterior;1
227275;Direitos Humanos e Minorias;4
227275;Administração Pública;2
227275;Direito Penal e Processual Penal;2
227275;Energia, Recursos Hídricos e Minerais;2
227275;Processo Legislativo e Atuação Parlamentar;2
227275;Relações Internacionais e Comércio Exterior;2
227275;Defesa e Segurança;1
227275;Direito e Defesa do Consumidor;1
227275;Educação;1
227275;Previdência e Assistência Social;1
227310;Direitos Humanos e Minorias;6
227310;Direito Penal e Processual Penal;4
227310;Finanças Públicas e Orçamento;4
227310;Saúde;3
227310;Administração Pública;2
227310;Defesa e Segurança;2
227310;Educação;2
227310;Energia, Recursos Hídricos e Minerais;2
227310;Indústria, Comércio e Serviços;2
227310;Processo Legislativo e Atuação Parlamentar;2
227310;Viação, Transporte e Mobilidade;2
227310;Arte, Cultura e Religião;1
227310;Cidades e Desenvolvimento Urbano;1
227310;Ciência, Tecnologia e Inovação;1
227310;Direito e Defesa do Consumidor;1
227310;Meio Ambiente e Desenvolvimento Sustentável;1
227310;Relações Internacionais e Comércio Exterior;1
227323;Direitos Humanos e Minorias;5
227323;Administração Pública;2
227323;Direito Penal e Processual Penal;2
227323;Saúde;2
227323;Defesa e Segurança;1
227323;Direito Civil e Processual Civil;1
227323;Energia, Recursos Hídricos e Minerais;1
227323;Esporte e Lazer;1
227323;Trabalho e Emprego;1
227323;Viação, Transporte e Mobilidade;1
227324;Direito e Defesa do Consumidor;3
227324;Administração Pública;2
227324;Energia, Recursos Hídricos e Minerais;2
227324;Processo Legislativo e Atuação Parlamentar;2
227324;Cidades e Desenvolvimento Urbano;1
227324;Direito Penal e Processual Penal;1
227324;Direito e Justiça;1
227324;Direitos Humanos e Minorias;1
227324;Previdência e Assistência Social;1
227324;Saúde;1
227324;Viação, Transporte e Mobilidade;1
227370;Viação, Transporte e Mobilidade;8
227370;Trabalho e Emprego;7
227370;Direitos Humanos e Minorias;6
227370;Saúde;4
227370;Direito Penal e Processual Penal;3
227370;Direito e Justiça;3
227370;Administração Pública;2
227370;Finanças Públicas e Orçamento;2
227370;Homenagens e Datas Comemorativas;2
227370;Indústria, Comércio e Serviços;2
227370;Defesa e Segurança;1
227370;Educação;1
227370;Esporte e Lazer;1
227370;Previdência e Assistência Social;1
227370;Relações Internacionais e Comércio Exterior;1
227401;Educação;2
227401;Saúde;2
227401;Administração Pública;1
227401;Arte, Cultura e Religião;1
227401;Direito e Defesa do Consumidor;1
227401;Direitos Humanos e Minorias;1
227401;Energia, Recursos Hídricos e Minerais;1
227401;Finanças Públicas e Orçamento;1
227401;Viação, Transporte e Mobilidade;1
227433;Esporte e Lazer;17
227433;Administração Pública;14
227433;Finanças Públicas e Orçamento;14
227433;Direitos Humanos e Minorias;8
227433;Educação;8
227433;Economia;6
227433;Processo Legislativo e Atuação Parlamentar;6
227433;Saúde;6
227433;Homenagens e Datas Comemorativas;5
227433;Arte, Cultura e Religião;4
227433;Cidades e Desenvolvimento Urbano;4
227433;Direito e Defesa do Consumidor;4
227433;Meio Ambiente e Desenvolvimento Sustentável;4
227433;Trabalho e Emprego;4
227433;Direito Constitucional;2
227433;Direito e Justiça;2
227433;Indústria, Comércio e Serviços;2
227433;Previdência e Assistência Social;2
227433;Comunicações;1
227433;Defesa e Segurança;1
227433;Direito Penal e Processual Penal;1
227433;Energia, Recursos Hídricos e Minerais;1
227433;Turismo;1
227433;Viação, Transporte e Mobilidade;1
227660;Arte, Cultura e Religião;18
227660;Homenagens e Datas Comemorativas;16
227660;Saúde;9
227660;Direitos Humanos e Minorias;8
227660;Direito e Defesa do Consumidor;6
227660;Indústria, Comércio e Serviços;6
227660;Administração Pública;4
227660;Educação;4
227660;Finanças Públicas e Orçamento;4
227660;Turismo;4
227660;Defesa e Segurança;3
227660;Processo Legislativo e Atuação Parlamentar;3
227660;Trabalho e Emprego;3
227660;Comunicações;2
227660;Direito e Justiça;2
227660;Esporte e Lazer;2
227660;Previdência e Assistência Social;2
227660;Viação, Transporte e Mobilidade;2
227660;Agricultura, Pecuária, Pesca e Extrativismo;1
227660;Direito Constitucional;1
227660;Direito Penal e Processual Penal;1
227660;Meio Ambiente e Desenvolvimento Sustentável;1
227660;Relações Internacionais e Comércio Exterior;1
227800;Administração Pública;3
227800;Indústria, Comércio e Serviços;2
227800;Saúde;2
227800;Cidades e Desenvolvimento Urbano;1
227800;Defesa e Segurança;1
227800;Direito e Defesa do Consumidor;1
227800;Direitos Humanos e Minorias;1
227800;Meio Ambiente e Desenvolvimento Sustentável;1
227800;Processo Legislativo e Atuação Parlamentar;1
227800;Viação, Transporte e Mobilidade;1
227991;Direitos Humanos e Minorias;7
227991;Administração Pública;3
227991;Agricultura, Pecuária, Pesca e Extrativismo;3
227991;Direito Penal e Processual Penal;3
227991;Indústria, Comércio e Serviços;3
227991;Saúde;3
227991;Processo Legislativo e Atuação Parlamentar;2
227991;Arte, Cultura e Religião;1
227991;Cidades e Desenvolvimento Urbano;1
227991;Ciência, Tecnologia e Inovação;1
227991;Comunicações;1
227991;Defesa e Segurança;1
227991;Direito Constitucional;1
227991;Direito e Defesa do Consumidor;1
227991;Direito e Justiça;1
227991;Economia;1
227991;Finanças Públicas e Orçamento;1
227991;Meio Ambiente e Desenvolvimento Sustentável;1
227991;Previdência e Assistência Social;1
227991;Trabalho e Emprego;1
227991;Viação, Transporte e Mobilidade;1
228272;Saúde;3
228272;Administração Pública;1
228272;Arte, Cultura e Religião;1
228272;Homenagens e Datas Comemorativas;1
228272;Trabalho e Emprego;1
228616;Direito Constitucional;2
228616;Direito e Defesa do Consumidor;1
228616;Direito e Justiça;1
228616;Direitos Humanos e Minorias;1
228616;Finanças Públicas e Orçamento;1
228616;Indústria, Comércio e Serviços;1
228616;Meio Ambiente e Desenvolvimento Sustentável;1
228616;Processo Legislativo e Atuação Parlamentar;1
228616;Saúde;1
228797;Direitos Humanos e Minorias;3
228797;Indústria, Comércio e Serviços;3
228797;Finanças Públicas e Orçamento;2
228797;Meio Ambiente e Desenvolvimento Sustentável;2
228797;Saúde;2
228797;Administração Pública;1
228797;Direito Constitucional;1
228797;Direito e Defesa do Consumidor;1
228797;Economia;1
228797;Educação;1
228797;Energia, Recursos Hídricos e Minerais;1
228797;Esporte e Lazer;1
228797;Homenagens e Datas Comemorativas;1
228797;Processo Legislativo e Atuação Parlamentar;1
228797;Trabalho e Emprego;1
228837;Direitos Humanos e Minorias;3
228837;Defesa e Segurança;2
228837;Finanças Públicas e Orçamento;2
228837;Meio Ambiente e Desenvolvimento Sustentável;2
228837;Previdência e Assistência Social;2
228837;Administração Pública;1
228837;Direito Penal e Processual Penal;1
228837;Estrutura Fundiária;1
228941;Direitos Humanos e Minorias;4
228941;Saúde;3
228941;Defesa e Segurança;2
228941;Educação;2
228941;Ciência, Tecnologia e Inovação;1
228941;Direito Constitucional;1
228941;Direito Penal e Processual Penal;1
228941;Direito e Justiça;1
228941;Finanças Públicas e Orçamento;1
228941;Meio Ambiente e Desenvolvimento Sustentável;1
228941;Relações Internacionais e Comércio Exterior;1
229069;Direitos Humanos e Minorias;2
229069;Direito Constitucional;1
229069;Direito Penal e Processual Penal;1
229069;Educação;1
229069;Previdência e Assistência Social;1
229069;Saúde;1
229082;Direitos Humanos e Minorias;4
229082;Educação;3
229082;Saúde;3
229082;Finanças Públicas e Orçamento;2
229082;Homenagens e Datas Comemorativas;2
229082;Meio Ambiente e Desenvolvimento Sustentável;2
229082;Direito Constitucional;1
229082;Economia;1
229082;Indústria, Comércio e Serviços;1
229082;Trabalho e Emprego;1
229082;Viação, Transporte e Mobilidade;1
229106;Direitos Humanos e Minorias;14
229106;Saúde;9
229106;Finanças Públicas e Orçamento;7
229106;Administração Pública;5
229106;Trabalho e Emprego;5
229106;Educação;4
229106;Energia, Recursos Hídricos e Minerais;4
229106;Meio Ambiente e Desenvolvimento Sustentável;4
229106;Previdência e Assistência Social;4
229106;Cidades e Desenvolvimento Urbano;2
229106;Ciência, Tecnologia e Inovação;2
229106;Esporte e Lazer;2
229106;Defesa e Segurança;1
229106;Direito Constitucional;1
229106;Direito Penal e Processual Penal;1
229106;Direito e Justiça;1
229106;Homenagens e Datas Comemorativas;1
229112;Direito Constitucional;2
229112;Indústria, Comércio e Serviços;2
229112;Arte, Cultura e Religião;1
229112;Cidades e Desenvolvimento Urbano;1
229112;Ciência, Tecnologia e Inovação;1
229112;Direito e Justiça;1
229112;Direitos Humanos e Minorias;1
229112;Finanças Públicas e Orçamento;1
229112;Homenagens e Datas Comemorativas;1
229112;Viação, Transporte e Mobilidade;1
229225;Saúde;39
229225;Direitos Humanos e Minorias;36
229225;Administração Pública;14
229225;Previdência e Assistência Social;12
229225;Trabalho e Emprego;12
229225;Finanças Públicas e Orçamento;10
229225;Arte, Cultura e Religião;8
229225;Defesa e Segurança;5
229225;Processo Legislativo e Atuação Parlamentar;5
229225;Viação, Transporte e Mobilidade;5
229225;Cidades e Desenvolvimento Urbano;4
229225;Educação;4
229225;Direito Penal e Processual Penal;3
229225;Direito e Justiça;3
229225;Economia;3
229225;Indústria, Comércio e Serviços;3
229225;Meio Ambiente e Desenvolvimento Sustentável;3
229225;Homenagens e Datas Comemorativas;2
229225;Turismo;2
229225;Ciência, Tecnologia e Inovação;1
229225;Direito Civil e Processual Civil;1
229225;Direito Constitucional;1
229225;Direito e Defesa do Consumidor;1
229225;Esporte e Lazer;1
229225;Estrutura Fundiária;1
229259;Finanças Públicas e Orçamento;3
229259;Direitos Humanos e Minorias;2
229259;Meio Ambiente e Desenvolvimento Sustentável;2
229259;Administração Pública;1
229259;Arte, Cultura e Religião;1
229333;Direitos Humanos e Minorias;2
229333;Finanças Públicas e Orçamento;2
229333;Administração Pública;1
229333;Defesa e Segurança;1
229333;Direito Constitucional;1
229333;Direito Penal e Processual Penal;1
229333;Educação;1
229333;Esporte e Lazer;1
229333;Processo Legislativo e Atuação Parlamentar;1
229432;Administração Pública;8
229432;Finanças Públicas e Orçamento;8
229432;Direito Penal e Processual Penal;5
229432;Indústria, Comércio e Serviços;4
229432;Trabalho e Emprego;4
229432;Direitos Humanos e Minorias;3
229432;Economia;3
229432;Meio Ambiente e Desenvolvimento Sustentável;3
229432;Previdência e Assistência Social;3
229432;Saúde;3
229432;Direito Constitucional;2
229432;Educação;2
229432;Processo Legislativo e Atuação Parlamentar;2
229432;Viação, Transporte e Mobilidade;2
229432;Agricultura, Pecuária, Pesca e Extrativismo;1
229432;Cidades e Desenvolvimento Urbano;1
229432;Defesa e Segurança;1
229432;Estrutura Fundiária;1
229432;Homenagens e Datas Comemorativas;1
229432;Relações Internacionais e Comércio Exterior;1
229585;Direitos Humanos e Minorias;10
229585;Economia;5
229585;Agricultura, Pecuária, Pesca e Extrativismo;4
229585;Saúde;4
229585;Trabalho e Emprego;4
229585;Defesa e Segurança;3
229585;Finanças Públicas e Orçamento;3
229585;Indústria, Comércio e Serviços;3
229585;Meio Ambiente e Desenvolvimento Sustentável;3
229585;Previdência e Assistência Social;3
229585;Comunicações;2
229585;Homenagens e Datas Comemorativas;2
229585;Política, Partidos e Eleições;2
229585;Arte, Cultura e Religião;1
229585;Direito Constitucional;1
229585;Direito Penal e Processual Penal;1
229585;Educação;1
229939;Administração Pública;2
229939;Energia, Recursos Hídricos e Minerais;1
229939;Indústria, Comércio e Serviços;1
229939;Viação, Transporte e Mobilidade;1
230088;Saúde;4
230088;Direito Constitucional;2
230088;Processo Legislativo e Atuação Parlamentar;2
230088;Trabalho e Emprego;2
230088;Viação, Transporte e Mobilidade;2
230088;Administração Pública;1
230088;Direito Penal e Processual Penal;1
230088;Direito e Justiça;1
230088;Direitos Humanos e Minorias;1
230088;Educação;1
230177;Administração Pública;2
230177;Ciência, Tecnologia e Inovação;2
230177;Direito Constitucional;2
230177;Indústria, Comércio e Serviços;2
230177;Processo Legislativo e Atuação Parlamentar;2
230177;Arte, Cultura e Religião;1
230177;Direitos Humanos e Minorias;1
230177;Economia;1
230177;Educação;1
230177;Estrutura Fundiária;1
230177;Finanças Públicas e Orçamento;1
230177;Homenagens e Datas Comemorativas;1
230177;Meio Ambiente e Desenvolvimento Sustentável;1
230177;Saúde;1
230762;Administração Pública;1
230762;Direito e Defesa do Consumidor;1
230762;Economia;1
230762;Finanças Públicas e Orçamento;1
230762;Processo Legislativo e Atuação Parlamentar;1
230762;Saúde;1
230764;Direitos Humanos e Minorias;2
230764;Finanças Públicas e Orçamento;2
230764;Indústria, Comércio e Serviços;2
230764;Administração Pública;1
230764;Arte, Cultura e Religião;1
230764;Direito Constitucional;1
230764;Direito Penal e Processual Penal;1
230764;Direito e Defesa do Consumidor;1
230764;Economia;1
230764;Trabalho e Emprego;1
230765;Trabalho e Emprego;25
230765;Saúde;22
230765;Direitos Humanos e Minorias;21
230765;Administração Pública;11
230765;Defesa e Segurança;5
230765;Finanças Públicas e Orçamento;5
230765;Educação;4
230765;Esporte e Lazer;4
230765;Comunicações;3
230765;Direito Constitucional;3
230765;Direito Civil e Processual Civil;2
230765;Direito Penal e Processual Penal;2
230765;Direito e Justiça;2
230765;Economia;2
230765;Homenagens e Datas Comemorativas;2
230765;Meio Ambiente e Desenvolvimento Sustentável;2
230765;Indústria, Comércio e Serviços;1
230765;Previdência e Assistência Social;1
230765;Processo Legislativo e Atuação Parlamentar;1
230767;Administração Pública;18
230767;Defesa e Segurança;9
230767;Direitos Humanos e Minorias;9
230767;Finanças Públicas e Orçamento;8
230767;Viação, Transporte e Mobilidade;8
230767;Direito Penal e Processual Penal;6
230767;Economia;6
230767;Processo Legislativo e Atuação Parlamentar;6
230767;Educação;4
230767;Trabalho e Emprego;4
230767;Arte, Cultura e Religião;3
230767;Direito Constitucional;3
230767;Direito e Justiça;3
230767;Comunicações;2
230767;Direito e Defesa do Consumidor;2
230767;Meio Ambiente e Desenvolvimento Sustentável;2
230767;Previdência e Assistência Social;2
230767;Saúde;2
230767;Agricultura, Pecuária, Pesca e Extrativismo;1
230767;Energia, Recursos Hídricos e Minerais;1
230767;Homenagens e Datas Comemorativas;1
230767;Indústria, Comércio e Serviços;1
230767;Política, Partidos e Eleições;1
230767;Relações Internacionais e Comércio Exterior;1
230768;Administração Pública;27
230768;Finanças Públicas e Orçamento;22
230768;Previdência e Assistência Social;6
230768;Defesa e Segurança;5
230768;Política, Partidos e Eleições;5
230768;Agricultura, Pecuária, Pesca e Extrativismo;3
230768;Economia;3
230768;Arte, Cultura e Religião;2
230768;Cidades e Desenvolvimento Urbano;2
230768;Comunicações;2
230768;Indústria, Comércio e Serviços;2
230768;Meio Ambiente e Desenvolvimento Sustentável;2
230768;Viação, Transporte e Mobilidade;2
230768;Ciência, Tecnologia e Inovação;1
230768;Direito Constitucional;1
230768;Educação;1
230768;Homenagens e Datas Comemorativas;1
230768;Processo Legislativo e Atuação Parlamentar;1
230768;Trabalho e Emprego;1
230957;Direitos Humanos e Minorias;3
230957;Homenagens e Datas Comemorativas;3
230957;Educação;2
230957;Saúde;2
230957;Administração Pública;1
230957;Arte, Cultura e Religião;1
230957;Direito Civil e Processual Civil;1
230957;Direito Constitucional;1
230957;Direito Penal e Processual Penal;1
230957;Finanças Públicas e Orçamento;1
231911;Direitos Humanos e Minorias;15
231911;Defesa e Segurança;7
231911;Previdência e Assistência Social;7
231911;Administração Pública;5
231911;Comunicações;5
231911;Finanças Públicas e Orçamento;5
231911;Indústria, Comércio e Serviços;4
231911;Trabalho e Emprego;4
231911;Economia;3
231911;Educação;3
231911;Saúde;3
231911;Arte, Cultura e Religião;2
231911;Cidades e Desenvolvimento Urbano;2
231911;Direito e Justiça;2
231911;Homenagens e Datas Comemorativas;2
231911;Direito Constitucional;1
231911;Direito Penal e Processual Penal;1
231911;Direito e Defesa do Consumidor;1
231911;Meio Ambiente e Desenvolvimento Sustentável;1
231911;Política, Partidos e Eleições;1
231911;Processo Legislativo e Atuação Parlamentar;1
231911;Viação, Transporte e Mobilidade;1
233592;Administração Pública;2
233592;Defesa e Segurança;2
233592;Energia, Recursos Hídricos e Minerais;2
233592;Finanças Públicas e Orçamento;2
233592;Agricultura, Pecuária, Pesca e Extrativismo;1
233592;Ciência, Tecnologia e Inovação;1
233592;Direito Penal e Processual Penal;1
233592;Direito e Defesa do Consumidor;1
233592;Direitos Humanos e Minorias;1
233592;Indústria, Comércio e Serviços;1
233592;Meio Ambiente e Desenvolvimento Sustentável;1
233592;Previdência e Assistência Social;1
233592;Saúde;1
233592;Trabalho e Emprego;1
233592;Viação, Transporte e Mobilidade;1
233594;Administração Pública;8
233594;Finanças Públicas e Orçamento;8
233594;Direito e Defesa do Consumidor;5
233594;Saúde;5
233594;Defesa e Segurança;4
233594;Energia, Recursos Hídricos e Minerais;4
233594;Trabalho e Emprego;4
233594;Direitos Humanos e Minorias;3
233594;Indústria, Comércio e Serviços;3
233594;Cidades e Desenvolvimento Urbano;2
233594;Viação, Transporte e Mobilidade;2
233594;Direito Penal e Processual Penal;1
233594;Economia;1
233594;Educação;1
233594;Estrutura Fundiária;1
233594;Meio Ambiente e Desenvolvimento Sustentável;1
233594;Processo Legislativo e Atuação Parlamentar;1
233598;Educação;4
233598;Finanças Públicas e Orçamento;4
233598;Cidades e Desenvolvimento Urbano;2
233598;Indústria, Comércio e Serviços;2
233598;Saúde;2
233598;Agricultura, Pecuária, Pesca e Extrativismo;1
233598;Arte, Cultura e Religião;1
233598;Direitos Humanos e Minorias;1
233598;Economia;1
233598;Homenagens e Datas Comemorativas;1
233598;Meio Ambiente e Desenvolvimento Sustentável;1
234253;Administração Pública;14
234253;Direitos Humanos e Minorias;10
234253;Arte, Cultura e Religião;8
234253;Direito e Defesa do Consumidor;7
234253;Finanças Públicas e Orçamento;7
234253;Indústria, Comércio e Serviços;7
234253;Economia;6
234253;Educação;5
234253;Trabalho e Emprego;5
234253;Homenagens e Datas Comemorativas;4
234253;Direito e Justiça;3
234253;Saúde;3
234253;Viação, Transporte e Mobilidade;3
234253;Cidades e Desenvolvimento Urbano;2
234253;Ciência, Tecnologia e Inovação;2
234253;Previdência e Assistência Social;2
234253;Comunicações;1
234253;Defesa e Segurança;1
234253;Direito Civil e Processual Civil;1
234253;Energia, Recursos Hídricos e Minerais;1
234253;Meio Ambiente e Desenvolvimento Sustentável;1
234253;Relações Internacionais e Comércio Exterior;1
234310;Educação;4
234310;Administração Pública;3
234310;Ciência, Tecnologia e Inovação;3
234310;Finanças Públicas e Orçamento;3
234310;Arte, Cultura e Religião;2
234310;Homenagens e Datas Comemorativas;2
234310;Ciências Exatas e da Terra;1
234310;Ciências Sociais e Humanas;1
234310;Direito e Justiça;1
234310;Direitos Humanos e Minorias;1
234310;Economia;1
234310;Meio Ambiente e Desenvolvimento Sustentável;1
234310;Processo Legislativo e Atuação Parlamentar;1
234310;Turismo;1
234388;Direito e Defesa do Consumidor;3
234388;Viação, Transporte e Mobilidade;3
234388;Comunicações;2
234388;Direito Civil e Processual Civil;2
234388;Cidades e Desenvolvimento Urbano;1
234388;Ciência, Tecnologia e Inovação;1
234388;Defesa e Segurança;1
234388;Direito e Justiça;1
234388;Energia, Recursos Hídricos e Minerais;1
234388;Finanças Públicas e Orçamento;1
234388;Indústria, Comércio e Serviços;1
234673;Trabalho e Emprego;20
234673;Administração Pública;17
234673;Direitos Humanos e Minorias;16
234673;Indústria, Comércio e Serviços;11
234673;Cidades e Desenvolvimento Urbano;10
234673;Saúde;10
234673;Viação, Transporte e Mobilidade;10
234673;Meio Ambiente e Desenvolvimento Sustentável;9
234673;Economia;8
234673;Defesa e Segurança;7
234673;Direito e Defesa do Consumidor;7
234673;Finanças Públicas e Orçamento;7
234673;Ciência, Tecnologia e Inovação;6
234673;Previdência e Assistência Social;6
234673;Educação;5
234673;Comunicações;4
234673;Direito Penal e Processual Penal;4
234673;Homenagens e Datas Comemorativas;4
234673;Direito e Justiça;3
234673;Energia, Recursos Hídricos e Minerais;3
234673;Agricultura, Pecuária, Pesca e Extrativismo;1
234673;Direito Civil e Processual Civil;1
234673;Estrutura Fundiária;1
234788;Direitos Humanos e Minorias;30
234788;Administração Pública;22
234788;Saúde;19
234788;Finanças Públicas e Orçamento;14
234788;Previdência e Assistência Social;13
234788;Meio Ambiente e Desenvolvimento Sustentável;12
234788;Trabalho e Emprego;12
234788;Educação;9
234788;Comunicações;7
234788;Economia;7
234788;Indústria, Comércio e Serviços;7
234788;Direito Penal e Processual Penal;6
234788;Ciência, Tecnologia e Inovação;5
234788;Defesa e Segurança;5
234788;Viação, Transporte e Mobilidade;5
234788;Direito e Defesa do Consumidor;4
234788;Energia, Recursos Hídricos e Minerais;4
234788;Homenagens e Datas Comemorativas;4
234788;Agricultura, Pecuária, Pesca e Extrativismo;3
234788;Arte, Cultura e Religião;2
234788;Cidades e Desenvolvimento Urbano;2
234788;Direito e Justiça;2
234788;Direito Civil e Processual Civil;1
234788;Esporte e Lazer;1
234788;Política, Partidos e Eleições;1
234788;Processo Legislativo e Atuação Parlamentar;1
234788;Relações Internacionais e Comércio Exterior;1
235088;Direitos Humanos e Minorias;53
235088;Saúde;34
235088;Administração Pública;25
235088;Educação;14
235088;Defesa e Segurança;13
235088;Esporte e Lazer;9
235088;Meio Ambiente e Desenvolvimento Sustentável;9
235088;Economia;7
235088;Homenagens e Datas Comemorativas;7
235088;Previdência e Assistência Social;7
235088;Trabalho e Emprego;7
235088;Ciência, Tecnologia e Inovação;6
235088;Comunicações;6
235088;Direito Penal e Processual Penal;5
235088;Arte, Cultura e Religião;4
235088;Finanças Públicas e Orçamento;4
235088;Indústria, Comércio e Serviços;4
235088;Cidades e Desenvolvimento Urbano;3
235088;Viação, Transporte e Mobilidade;3
235088;Agricultura, Pecuária, Pesca e Extrativismo;2
235088;Direito Civil e Processual Civil;2
235088;Direito e Justiça;2
235088;Direito e Defesa do Consumidor;1
235088;Estrutura Fundiária;1
235088;Turismo;1
235620;Indústria, Comércio e Serviços;2
235620;Cidades e Desenvolvimento Urbano;1
235620;Direito Penal e Processual Penal;1
235620;Economia;1
235620;Finanças Públicas e Orçamento;1
235620;Saúde;1
235620;Trabalho e Emprego;1
235620;Viação, Transporte e Mobilidade;1
235776;Agricultura, Pecuária, Pesca e Extrativismo;1
235776;Direito Penal e Processual Penal;1
235776;Direitos Humanos e Minorias;1
235776;Economia;1
235776;Finanças Públicas e Orçamento;1
235776;Meio Ambiente e Desenvolvimento Sustentável;1
235869;Defesa e Segurança;1
235869;Direitos Humanos e Minorias;1
235869;Educação;1
235869;Saúde;1
62881;Administração Pública;17
62881;Finanças Públicas e Orçamento;16
62881;Processo Legislativo e Atuação Parlamentar;15
62881;Defesa e Segurança;13
62881;Direitos Humanos e Minorias;10
62881;Trabalho e Emprego;10
62881;Direito Constitucional;8
62881;Direito e Justiça;7
62881;Saúde;6
62881;Economia;4
62881;Energia, Recursos Hídricos e Minerais;4
62881;Homenagens e Datas Comemorativas;4
62881;Previdência e Assistência Social;4
62881;Viação, Transporte e Mobilidade;4
62881;Arte, Cultura e Religião;3
62881;Comunicações;3
62881;Direito Penal e Processual Penal;3
62881;Indústria, Comércio e Serviços;3
62881;Meio Ambiente e Desenvolvimento Sustentável;3
62881;Agricultura, Pecuária, Pesca e Extrativismo;2
62881;Cidades e Desenvolvimento Urbano;2
62881;Direito e Defesa do Consumidor;2
62881;Esporte e Lazer;2
62881;Estrutura Fundiária;2
62881;Ciência, Tecnologia e Inovação;1
62881;Educação;1
62881;Política, Partidos e Eleições;1
62881;Relações Internacionais e Comércio Exterior;1
62881;Turismo;1
66385;Administração Pública;10
66385;Direitos Humanos e Minorias;8
66385;Direito Penal e Processual Penal;7
66385;Esporte e Lazer;7
66385;Finanças Públicas e Orçamento;7
66385;Processo Legislativo e Atuação Parlamentar;6
66385;Direito e Defesa do Consumidor;5
66385;Energia, Recursos Hídricos e Minerais;5
66385;Homenagens e Datas Comemorativas;5
66385;Indústria, Comércio e Serviços;5
66385;Saúde;5
66385;Arte, Cultura e Religião;4
66385;Viação, Transporte e Mobilidade;4
66385;Defesa e Segurança;3
66385;Direito Constitucional;3
66385;Trabalho e Emprego;3
66385;Turismo;3
66385;Agricultura, Pecuária, Pesca e Extrativismo;2
66385;Cidades e Desenvolvimento Urbano;2
66385;Economia;2
66385;Educação;2
66385;Meio Ambiente e Desenvolvimento Sustentável;2
66385;Comunicações;1
66385;Direito Civil e Processual Civil;1
66385;Direito e Justiça;1
66385;Estrutura Fundiária;1
66385;Política, Partidos e Eleições;1
66828;Administração Pública;33
66828;Saúde;24
66828;Direitos Humanos e Minorias;20
66828;Finanças Públicas e Orçamento;17
66828;Viação, Transporte e Mobilidade;17
66828;Processo Legislativo e Atuação Parlamentar;16
66828;Indústria, Comércio e Serviços;13
66828;Trabalho e Emprego;13
66828;Defesa e Segurança;11
66828;Economia;11
66828;Direito Constitucional;9
66828;Educação;9
66828;Previdência e Assistência Social;9
66828;Direito Penal e Processual Penal;8
66828;Meio Ambiente e Desenvolvimento Sustentável;8
66828;Direito e Defesa do Consumidor;7
66828;Agricultura, Pecuária, Pesca e Extrativismo;5
66828;Direito e Justiça;5
66828;Ciência, Tecnologia e Inovação;4
66828;Energia, Recursos Hídricos e Minerais;4
66828;Comunicações;3
66828;Esporte e Lazer;3
66828;Homenagens e Datas Comemorativas;3
66828;Arte, Cultura e Religião;2
66828;Direito Civil e Processual Civil;2
66828;Política, Partidos e Eleições;2
66828;Relações Internacionais e Comércio Exterior;2
66828;Turismo;2
66828;Cidades e Desenvolvimento Urbano;1
68720;Defesa e Segurança;3
68720;Direito Civil e Processual Civil;2
68720;Direito Penal e Processual Penal;2
68720;Direitos Humanos e Minorias;2
68720;Indústria, Comércio e Serviços;2
68720;Política, Partidos e Eleições;2
68720;Arte, Cultura e Religião;1
68720;Cidades e Desenvolvimento Urbano;1
68720;Direito e Justiça;1
68720;Finanças Públicas e Orçamento;1
68720;Homenagens e Datas Comemorativas;1
68720;Meio Ambiente e Desenvolvimento Sustentável;1
68720;Processo Legislativo e Atuação Parlamentar;1
68720;Trabalho e Emprego;1
68720;Viação, Transporte e Mobilidade;1
69871;Administração Pública;25
69871;Finanças Públicas e Orçamento;25
69871;Direitos Humanos e Minorias;19
69871;Educação;16
69871;Trabalho e Emprego;12
69871;Defesa e Segurança;9
69871;Direito Constitucional;9
69871;Direito e Justiça;8
69871;Indústria, Comércio e Serviços;8
69871;Processo Legislativo e Atuação Parlamentar;8
69871;Meio Ambiente e Desenvolvimento Sustentável;7
69871;Previdência e Assistência Social;7
69871;Saúde;7
69871;Direito Penal e Processual Penal;6
69871;Cidades e Desenvolvimento Urbano;5
69871;Direito e Defesa do Consumidor;5
69871;Economia;5
69871;Viação, Transporte e Mobilidade;5
69871;Comunicações;4
69871;Energia, Recursos Hídricos e Minerais;4
69871;Política, Partidos e Eleições;4
69871;Arte, Cultura e Religião;3
69871;Ciência, Tecnologia e Inovação;3
69871;Agricultura, Pecuária, Pesca e Extrativismo;2
69871;Relações Internacionais e Comércio Exterior;2
69871;Ciências Sociais e Humanas;1
69871;Direito Civil e Processual Civil;1
69871;Esporte e Lazer;1
69871;Homenagens e Datas Comemorativas;1
72442;Finanças Públicas e Orçamento;34
72442;Administração Pública;29
72442;Economia;16
72442;Processo Legislativo e Atuação Parlamentar;16
72442;Saúde;14
72442;Arte, Cultura e Religião;13
72442;Esporte e Lazer;13
72442;Homenagens e Datas Comemorativas;12
72442;Indústria, Comércio e Serviços;11
72442;Direitos Humanos e Minorias;9
72442;Educação;7
72442;Direito Constitucional;6
72442;Direito e Defesa do Consumidor;6
72442;Comunicações;5
72442;Direito Penal e Processual Penal;5
72442;Direito e Justiça;5
72442;Relações Internacionais e Comércio Exterior;5
72442;Trabalho e Emprego;4
72442;Turismo;4
72442;Viação, Transporte e Mobilidade;4
72442;Ciência, Tecnologia e Inovação;3
72442;Defesa e Segurança;3
72442;Direito Civil e Processual Civil;3
72442;Meio Ambiente e Desenvolvimento Sustentável;3
72442;Cidades e Desenvolvimento Urbano;2
72442;Agricultura, Pecuária, Pesca e Extrativismo;1
72442;Energia, Recursos Hídricos e Minerais;1
72442;Política, Partidos e Eleições;1
72442;Previdência e Assistência Social;1
73433;Administração Pública;17
73433;Finanças Públicas e Orçamento;16
73433;Defesa e Segurança;13
73433;Direitos Humanos e Minorias;12
73433;Indústria, Comércio e Serviços;8
73433;Comunicações;7
73433;Ciência, Tecnologia e Inovação;6
73433;Economia;6
73433;Energia, Recursos Hídricos e Minerais;6
73433;Trabalho e Emprego;6
73433;Direito Civil e Processual Civil;5
73433;Direito e Defesa do Consumidor;5
73433;Relações Internacionais e Comércio Exterior;4
73433;Esporte e Lazer;3
73433;Processo Legislativo e Atuação Parlamentar;3
73433;Cidades e Desenvolvimento Urbano;2
73433;Saúde;2
73433;Viação, Transporte e Mobilidade;2
73433;Agricultura, Pecuária, Pesca e Extrativismo;1
73433;Arte, Cultura e Religião;1
73433;Direito Constitucional;1
73433;Direito Penal e Processual Penal;1
73433;Direito e Justiça;1
73433;Política, Partidos e Eleições;1
73433;Previdência e Assistência Social;1
73441;Processo Legislativo e Atuação Parlamentar;18
73441;Administração Pública;15
73441;Finanças Públicas e Orçamento;15
73441;Defesa e Segurança;13
73441;Indústria, Comércio e Serviços;12
73441;Direito e Defesa do Consumidor;11
73441;Direitos Humanos e Minorias;10
73441;Economia;8
73441;Direito Constitucional;7
73441;Direito Penal e Processual Penal;7
73441;Direito e Justiça;5
73441;Previdência e Assistência Social;5
73441;Saúde;5
73441;Trabalho e Emprego;5
73441;Direito Civil e Processual Civil;4
73441;Educação;4
73441;Meio Ambiente e Desenvolvimento Sustentável;4
73441;Cidades e Desenvolvimento Urbano;3
73441;Ciência, Tecnologia e Inovação;3
73441;Energia, Recursos Hídricos e Minerais;3
73441;Relações Internacionais e Comércio Exterior;3
73441;Viação, Transporte e Mobilidade;3
73441;Arte, Cultura e Religião;2
73441;Comunicações;2
73441;Estrutura Fundiária;2
73441;Esporte e Lazer;1
73441;Homenagens e Datas Comemorativas;1
73441;Política, Partidos e Eleições;1
73486;Finanças Públicas e Orçamento;59
73486;Direitos Humanos e Minorias;51
73486;Administração Pública;49
73486;Trabalho e Emprego;45
73486;Previdência e Assistência Social;43
73486;Cidades e Desenvolvimento Urbano;31
73486;Economia;30
73486;Homenagens e Datas Comemorativas;28
73486;Saúde;27
73486;Defesa e Segurança;26
73486;Viação, Transporte e Mobilidade;22
73486;Meio Ambiente e Desenvolvimento Sustentável;21
73486;Indústria, Comércio e Serviços;20
73486;Agricultura, Pecuária, Pesca e Extrativismo;19
73486;Processo Legislativo e Atuação Parlamentar;18
73486;Educação;14
73486;Arte, Cultura e Religião;13
73486;Direito e Defesa do Consumidor;13
73486;Direito Penal e Processual Penal;10
73486;Direito Civil e Processual Civil;7
73486;Direito Constitucional;7
73486;Energia, Recursos Hídricos e Minerais;5
73486;Esporte e Lazer;5
73486;Comunicações;4
73486;Direito e Justiça;4
73486;Política, Partidos e Eleições;4
73486;Turismo;4
73486;Ciência, Tecnologia e Inovação;2
73486;Relações Internacionais e Comércio Exterior;2
73486;Estrutura Fundiária;1
73531;Direitos Humanos e Minorias;28
73531;Administração Pública;16
73531;Finanças Públicas e Orçamento;15
73531;Educação;12
73531;Saúde;12
73531;Meio Ambiente e Desenvolvimento Sustentável;10
73531;Defesa e Segurança;9
73531;Indústria, Comércio e Serviços;8
73531;Trabalho e Emprego;8
73531;Direito e Justiça;7
73531;Economia;7
73531;Processo Legislativo e Atuação Parlamentar;7
73531;Cidades e Desenvolvimento Urbano;5
73531;Direito Penal e Processual Penal;5
73531;Direito e Defesa do Consumidor;5
73531;Energia, Recursos Hídricos e Minerais;5
73531;Previdência e Assistência Social;5
73531;Ciência, Tecnologia e Inovação;3
73531;Comunicações;3
73531;Homenagens e Datas Comemorativas;3
73531;Relações Internacionais e Comércio Exterior;3
73531;Agricultura, Pecuária, Pesca e Extrativismo;2
73531;Direito Constitucional;2
73531;Estrutura Fundiária;2
73531;Arte, Cultura e Religião;1
73531;Direito Civil e Processual Civil;1
73531;Esporte e Lazer;1
73531;Política, Partidos e Eleições;1
73531;Viação, Transporte e Mobilidade;1
73579;Defesa e Segurança;98
73579;Administração Pública;82
73579;Direitos Humanos e Minorias;73
73579;Direito Penal e Processual Penal;57
73579;Finanças Públicas e Orçamento;38
73579;Saúde;35
73579;Processo Legislativo e Atuação Parlamentar;34
73579;Trabalho e Emprego;31
73579;Economia;27
73579;Indústria, Comércio e Serviços;24
73579;Viação, Transporte e Mobilidade;24
73579;Direito e Defesa do Consumidor;21
73579;Direito e Justiça;20
73579;Comunicações;15
73579;Direito Constitucional;15
73579;Previdência e Assistência Social;15
73579;Direito Civil e Processual Civil;14
73579;Energia, Recursos Hídricos e Minerais;12
73579;Educação;11
73579;Relações Internacionais e Comércio Exterior;11
73579;Cidades e Desenvolvimento Urbano;9
73579;Meio Ambiente e Desenvolvimento Sustentável;9
73579;Homenagens e Datas Comemorativas;8
73579;Ciência, Tecnologia e Inovação;7
73579;Agricultura, Pecuária, Pesca e Extrativismo;6
73579;Arte, Cultura e Religião;6
73579;Estrutura Fundiária;6
73579;Política, Partidos e Eleições;4
73579;Esporte e Lazer;3
73579;Turismo;2
73604;Administração Pública;11
73604;Direitos Humanos e Minorias;9
73604;Finanças Públicas e Orçamento;9
73604;Defesa e Segurança;8
73604;Indústria, Comércio e Serviços;7
73604;Relações Internacionais e Comércio Exterior;5
73604;Economia;4
73604;Processo Legislativo e Atuação Parlamentar;4
73604;Trabalho e Emprego;4
73604;Ciência, Tecnologia e Inovação;3
73604;Comunicações;3
73604;Direito e Defesa do Consumidor;3
73604;Esporte e Lazer;3
73604;Previdência e Assistência Social;3
73604;Saúde;3
73604;Viação, Transporte e Mobilidade;3
73604;Cidades e Desenvolvimento Urbano;2
73604;Direito Constitucional;2
73604;Energia, Recursos Hídricos e Minerais;2
73604;Agricultura, Pecuária, Pesca e Extrativismo;1
73604;Arte, Cultura e Religião;1
73604;Educação;1
73604;Homenagens e Datas Comemorativas;1
73692;Administração Pública;21
73692;Direitos Humanos e Minorias;21
73692;Finanças Públicas e Orçamento;19
73692;Processo Legislativo e Atuação Parlamentar;18
73692;Saúde;14
73692;Defesa e Segurança;12
73692;Direito Constitucional;10
73692;Trabalho e Emprego;9
73692;Direito Penal e Processual Penal;7
73692;Previdência e Assistência Social;7
73692;Agricultura, Pecuária, Pesca e Extrativismo;6
73692;Direito e Justiça;6
73692;Meio Ambiente e Desenvolvimento Sustentável;6
73692;Direito e Defesa do Consumidor;5
73692;Arte, Cultura e Religião;4
73692;Economia;3
73692;Educação;3
73692;Energia, Recursos Hídricos e Minerais;3
73692;Relações Internacionais e Comércio Exterior;3
73692;Viação, Transporte e Mobilidade;3
73692;Cidades e Desenvolvimento Urbano;2
73692;Comunicações;2
73692;Estrutura Fundiária;2
73692;Homenagens e Datas Comemorativas;2
73692;Indústria, Comércio e Serviços;2
73692;Política, Partidos e Eleições;2
73701;Direitos Humanos e Minorias;40
73701;Finanças Públicas e Orçamento;18
73701;Administração Pública;17
73701;Defesa e Segurança;15
73701;Arte, Cultura e Religião;12
73701;Trabalho e Emprego;9
73701;Comunicações;7
73701;Homenagens e Datas Comemorativas;7
73701;Indústria, Comércio e Serviços;7
73701;Direito Penal e Processual Penal;6
73701;Economia;6
73701;Política, Partidos e Eleições;6
73701;Processo Legislativo e Atuação Parlamentar;6
73701;Saúde;6
73701;Viação, Transporte e Mobilidade;6
73701;Ciência, Tecnologia e Inovação;5
73701;Esporte e Lazer;4
73701;Meio Ambiente e Desenvolvimento Sustentável;4
73701;Previdência e Assistência Social;4
73701;Agricultura, Pecuária, Pesca e Extrativismo;3
73701;Direito Constitucional;3
73701;Direito e Defesa do Consumidor;3
73701;Direito e Justiça;3
73701;Educação;3
73701;Cidades e Desenvolvimento Urbano;2
73701;Energia, Recursos Hídricos e Minerais;2
73701;Direito Civil e Processual Civil;1
73701;Relações Internacionais e Comércio Exterior;1
73768;Processo Legislativo e Atuação Parlamentar;15
73768;Finanças Públicas e Orçamento;14
73768;Administração Pública;12
73768;Direitos Humanos e Minorias;12
73768;Direito Constitucional;7
73768;Agricultura, Pecuária, Pesca e Extrativismo;6
73768;Defesa e Segurança;6
73768;Direito Penal e Processual Penal;5
73768;Saúde;5
73768;Trabalho e Emprego;5
73768;Direito e Justiça;4
73768;Economia;4
73768;Estrutura Fundiária;4
73768;Meio Ambiente e Desenvolvimento Sustentável;4
73768;Previdência e Assistência Social;3
73768;Viação, Transporte e Mobilidade;3
73768;Comunicações;2
73768;Direito e Defesa do Consumidor;2
73768;Indústria, Comércio e Serviços;2
73768;Política, Partidos e Eleições;2
73768;Relações Internacionais e Comércio Exterior;2
73768;Arte, Cultura e Religião;1
73768;Cidades e Desenvolvimento Urbano;1
73768;Direito Civil e Processual Civil;1
73768;Educação;1
73768;Energia, Recursos Hídricos e Minerais;1
73768;Esporte e Lazer;1
73768;Homenagens e Datas Comemorativas;1
73778;Administração Pública;36
73778;Finanças Públicas e Orçamento;33
73778;Economia;18
73778;Direitos Humanos e Minorias;16
73778;Previdência e Assistência Social;16
73778;Saúde;16
73778;Trabalho e Emprego;15
73778;Processo Legislativo e Atuação Parlamentar;11
73778;Indústria, Comércio e Serviços;10
73778;Relações Internacionais e Comércio Exterior;10
73778;Defesa e Segurança;8
73778;Viação, Transporte e Mobilidade;8
73778;Comunicações;7
73778;Cidades e Desenvolvimento Urbano;5
73778;Ciência, Tecnologia e Inovação;5
73778;Direito Civil e Processual Civil;5
73778;Direito Constitucional;5
73778;Educação;5
73778;Esporte e Lazer;5
73778;Direito Penal e Processual Penal;4
73778;Direito e Defesa do Consumidor;4
73778;Homenagens e Datas Comemorativas;4
73778;Agricultura, Pecuária, Pesca e Extrativismo;3
73778;Direito e Justiça;3
73778;Energia, Recursos Hídricos e Minerais;3
73778;Meio Ambiente e Desenvolvimento Sustentável;3
73778;Arte, Cultura e Religião;2
73778;Estrutura Fundiária;1
73778;Política, Partidos e Eleições;1
73788;Comunicações;1
73788;Direito Constitucional;1
73788;Economia;1
73788;Finanças Públicas e Orçamento;1
73788;Indústria, Comércio e Serviços;1
73788;Meio Ambiente e Desenvolvimento Sustentável;1
73801;Direitos Humanos e Minorias;10
73801;Administração Pública;9
73801;Finanças Públicas e Orçamento;8
73801;Processo Legislativo e Atuação Parlamentar;6
73801;Trabalho e Emprego;6
73801;Previdência e Assistência Social;5
73801;Arte, Cultura e Religião;4
73801;Homenagens e Datas Comemorativas;4
73801;Defesa e Segurança;3
73801;Direito Constitucional;3
73801;Economia;3
73801;Comunicações;2
73801;Direito e Defesa do Consumidor;2
73801;Direito e Justiça;2
73801;Indústria, Comércio e Serviços;2
73801;Política, Partidos e Eleições;2
73801;Saúde;2
73801;Viação, Transporte e Mobilidade;2
73801;Cidades e Desenvolvimento Urbano;1
73801;Educação;1
73801;Energia, Recursos Hídricos e Minerais;1
73801;Esporte e Lazer;1
73801;Relações Internacionais e Comércio Exterior;1
73806;Direitos Humanos e Minorias;5
73806;Homenagens e Datas Comemorativas;5
73806;Arte, Cultura e Religião;4
73806;Finanças Públicas e Orçamento;3
73806;Administração Pública;2
73806;Defesa e Segurança;2
73806;Direito Penal e Processual Penal;2
73806;Saúde;2
73806;Trabalho e Emprego;2
73806;Direito Constitucional;1
73806;Educação;1
73806;Esporte e Lazer;1
73806;Política, Partidos e Eleições;1
73806;Previdência e Assistência Social;1
73806;Viação, Transporte e Mobilidade;1
74041;Direitos Humanos e Minorias;49
74041;Administração Pública;28
74041;Saúde;18
74041;Defesa e Segurança;15
74041;Finanças Públicas e Orçamento;15
74041;Trabalho e Emprego;15
74041;Indústria, Comércio e Serviços;13
74041;Homenagens e Datas Comemorativas;9
74041;Arte, Cultura e Religião;8
74041;Comunicações;8
74041;Direito Penal e Processual Penal;8
74041;Economia;8
74041;Previdência e Assistência Social;8
74041;Processo Legislativo e Atuação Parlamentar;8
74041;Direito e Justiça;6
74041;Esporte e Lazer;6
74041;Relações Internacionais e Comércio Exterior;6
74041;Agricultura, Pecuária, Pesca e Extrativismo;5
74041;Direito e Defesa do Consumidor;5
74041;Ciência, Tecnologia e Inovação;4
74041;Educação;4
74041;Energia, Recursos Hídricos e Minerais;4
74041;Meio Ambiente e Desenvolvimento Sustentável;4
74041;Cidades e Desenvolvimento Urbano;3
74041;Direito Constitucional;3
74041;Estrutura Fundiária;3
74041;Política, Partidos e Eleições;3
74041;Viação, Transporte e Mobilidade;3
74041;Direito Civil e Processual Civil;1
74043;Administração Pública;12
74043;Finanças Públicas e Orçamento;12
74043;Processo Legislativo e Atuação Parlamentar;9
74043;Saúde;8
74043;Direitos Humanos e Minorias;5
74043;Trabalho e Emprego;5
74043;Direito Constitucional;4
74043;Viação, Transporte e Mobilidade;4
74043;Defesa e Segurança;3
74043;Direito e Defesa do Consumidor;3
74043;Economia;3
74043;Política, Partidos e Eleições;3
74043;Previdência e Assistência Social;3
74043;Ciência, Tecnologia e Inovação;2
74043;Comunicações;2
74043;Direito Penal e Processual Penal;2
74043;Direito e Justiça;2
74043;Educação;2
74043;Energia, Recursos Hídricos e Minerais;2
74043;Homenagens e Datas Comemorativas;2
74043;Indústria, Comércio e Serviços;2
74043;Agricultura, Pecuária, Pesca e Extrativismo;1
74043;Arte, Cultura e Religião;1
74043;Cidades e Desenvolvimento Urbano;1
74043;Meio Ambiente e Desenvolvimento Sustentável;1
74044;Trabalho e Emprego;14
74044;Direitos Humanos e Minorias;11
74044;Administração Pública;9
74044;Finanças Públicas e Orçamento;7
74044;Defesa e Segurança;6
74044;Direito e Justiça;5
74044;Previdência e Assistência Social;5
74044;Processo Legislativo e Atuação Parlamentar;5
74044;Saúde;5
74044;Direito e Defesa do Consumidor;4
74044;Arte, Cultura e Religião;3
74044;Direito Constitucional;3
74044;Educação;3
74044;Indústria, Comércio e Serviços;3
74044;Viação, Transporte e Mobilidade;3
74044;Cidades e Desenvolvimento Urbano;2
74044;Comunicações;2
74044;Direito Penal e Processual Penal;2
74044;Política, Partidos e Eleições;2
74044;Agricultura, Pecuária, Pesca e Extrativismo;1
74044;Direito Civil e Processual Civil;1
74044;Economia;1
74044;Energia, Recursos Hídricos e Minerais;1
74044;Meio Ambiente e Desenvolvimento Sustentável;1
74057;Administração Pública;25
74057;Direitos Humanos e Minorias;25
74057;Trabalho e Emprego;24
74057;Defesa e Segurança;12
74057;Saúde;11
74057;Arte, Cultura e Religião;10
74057;Educação;10
74057;Finanças Públicas e Orçamento;10
74057;Processo Legislativo e Atuação Parlamentar;10
74057;Homenagens e Datas Comemorativas;7
74057;Comunicações;6
74057;Direito Penal e Processual Penal;6
74057;Indústria, Comércio e Serviços;6
74057;Previdência e Assistência Social;6
74057;Direito e Justiça;5
74057;Direito Constitucional;4
74057;Direito e Defesa do Consumidor;4
74057;Esporte e Lazer;3
74057;Agricultura, Pecuária, Pesca e Extrativismo;2
74057;Economia;2
74057;Política, Partidos e Eleições;2
74057;Viação, Transporte e Mobilidade;2
74057;Ciência, Tecnologia e Inovação;1
74057;Ciências Sociais e Humanas;1
74057;Energia, Recursos Hídricos e Minerais;1
74057;Meio Ambiente e Desenvolvimento Sustentável;1
74057;Relações Internacionais e Comércio Exterior;1
74060;Finanças Públicas e Orçamento;16
74060;Administração Pública;15
74060;Trabalho e Emprego;15
74060;Direitos Humanos e Minorias;13
74060;Indústria, Comércio e Serviços;8
74060;Processo Legislativo e Atuação Parlamentar;8
74060;Previdência e Assistência Social;6
74060;Comunicações;5
74060;Defesa e Segurança;5
74060;Direito Constitucional;5
74060;Direito e Justiça;5
74060;Saúde;5
74060;Direito e Defesa do Consumidor;4
74060;Economia;3
74060;Educação;3
74060;Esporte e Lazer;3
74060;Homenagens e Datas Comemorativas;3
74060;Arte, Cultura e Religião;2
74060;Cidades e Desenvolvimento Urbano;2
74060;Ciência, Tecnologia e Inovação;2
74060;Direito Penal e Processual Penal;2
74060;Energia, Recursos Hídricos e Minerais;2
74060;Relações Internacionais e Comércio Exterior;2
74060;Viação, Transporte e Mobilidade;2
74060;Agricultura, Pecuária, Pesca e Extrativismo;1
74060;Meio Ambiente e Desenvolvimento Sustentável;1
74065;Educação;2
74065;Saúde;2
74065;Administração Pública;1
74065;Direitos Humanos e Minorias;1
74065;Finanças Públicas e Orçamento;1
74065;Homenagens e Datas Comemorativas;1
74065;Trabalho e Emprego;1
74075;Direitos Humanos e Minorias;12
74075;Finanças Públicas e Orçamento;11
74075;Defesa e Segurança;8
74075;Administração Pública;5
74075;Direito Constitucional;5
74075;Direito Penal e Processual Penal;5
74075;Indústria, Comércio e Serviços;4
74075;Direito e Justiça;3
74075;Economia;3
74075;Meio Ambiente e Desenvolvimento Sustentável;3
74075;Política, Partidos e Eleições;3
74075;Processo Legislativo e Atuação Parlamentar;3
74075;Trabalho e Emprego;3
74075;Arte, Cultura e Religião;2
74075;Comunicações;2
74075;Saúde;2
74075;Viação, Transporte e Mobilidade;2
74075;Previdência e Assistência Social;1
74075;Relações Internacionais e Comércio Exterior;1
74079;Direitos Humanos e Minorias;10
74079;Finanças Públicas e Orçamento;8
74079;Saúde;6
74079;Administração Pública;4
74079;Meio Ambiente e Desenvolvimento Sustentável;4
74079;Trabalho e Emprego;4
74079;Arte, Cultura e Religião;3
74079;Energia, Recursos Hídricos e Minerais;3
74079;Processo Legislativo e Atuação Parlamentar;3
74079;Agricultura, Pecuária, Pesca e Extrativismo;2
74079;Comunicações;2
74079;Defesa e Segurança;2
74079;Direito Constitucional;2
74079;Direito Penal e Processual Penal;2
74079;Direito e Defesa do Consumidor;2
74079;Direito e Justiça;2
74079;Economia;2
74079;Indústria, Comércio e Serviços;2
74079;Previdência e Assistência Social;2
74079;Cidades e Desenvolvimento Urbano;1
74079;Educação;1
74079;Homenagens e Datas Comemorativas;1
74079;Política, Partidos e Eleições;1
74079;Viação, Transporte e Mobilidade;1
74084;Direitos Humanos e Minorias;816
74084;Educação;495
74084;Saúde;482
74084;Esporte e Lazer;428
74084;Administração Pública;365
74084;Economia;322
74084;Comunicações;319
74084;Meio Ambiente e Desenvolvimento Sustentável;295
74084;Finanças Públicas e Orçamento;264
74084;Trabalho e Emprego;216
74084;Indústria, Comércio e Serviços;194
74084;Defesa e Segurança;187
74084;Arte, Cultura e Religião;160
74084;Turismo;145
74084;Ciência, Tecnologia e Inovação;144
74084;Previdência e Assistência Social;85
74084;Cidades e Desenvolvimento Urbano;50
74084;Homenagens e Datas Comemorativas;25
74084;Direito Penal e Processual Penal;14
74084;Agricultura, Pecuária, Pesca e Extrativismo;13
74084;Direito e Justiça;10
74084;Processo Legislativo e Atuação Parlamentar;8
74084;Direito Constitucional;7
74084;Direito e Defesa do Consumidor;6
74084;Energia, Recursos Hídricos e Minerais;6
74084;Viação, Transporte e Mobilidade;6
74084;Relações Internacionais e Comércio Exterior;4
74084;Direito Civil e Processual Civil;3
74084;Política, Partidos e Eleições;3
74084;Ciências Exatas e da Terra;1
74084;Estrutura Fundiária;1
74090;Administração Pública;7
74090;Direito Constitucional;7
74090;Direitos Humanos e Minorias;7
74090;Finanças Públicas e Orçamento;6
74090;Defesa e Segurança;5
74090;Trabalho e Emprego;5
74090;Direito e Justiça;4
74090;Economia;4
74090;Processo Legislativo e Atuação Parlamentar;4
74090;Arte, Cultura e Religião;2
74090;Comunicações;2
74090;Energia, Recursos Hídricos e Minerais;2
74090;Indústria, Comércio e Serviços;2
74090;Meio Ambiente e Desenvolvimento Sustentável;2
74090;Previdência e Assistência Social;2
74090;Relações Internacionais e Comércio Exterior;2
74090;Saúde;2
74090;Viação, Transporte e Mobilidade;2
74090;Cidades e Desenvolvimento Urbano;1
74090;Direito Penal e Processual Penal;1
74090;Educação;1
74090;Política, Partidos e Eleições;1
74095;Administração Pública;8
74095;Direitos Humanos e Minorias;7
74095;Finanças Públicas e Orçamento;7
74095;Direito e Justiça;5
74095;Economia;5
74095;Meio Ambiente e Desenvolvimento Sustentável;5
74095;Processo Legislativo e Atuação Parlamentar;5
74095;Direito Constitucional;4
74095;Saúde;4
74095;Trabalho e Emprego;4
74095;Indústria, Comércio e Serviços;3
74095;Previdência e Assistência Social;3
74095;Direito Penal e Processual Penal;2
74095;Direito e Defesa do Consumidor;2
74095;Viação, Transporte e Mobilidade;2
74095;Agricultura, Pecuária, Pesca e Extrativismo;1
74095;Comunicações;1
74095;Defesa e Segurança;1
74095;Educação;1
74095;Energia, Recursos Hídricos e Minerais;1
74095;Esporte e Lazer;1
74095;Política, Partidos e Eleições;1
74141;Finanças Públicas e Orçamento;6
74141;Direitos Humanos e Minorias;5
74141;Administração Pública;3
74141;Defesa e Segurança;3
74141;Indústria, Comércio e Serviços;3
74141;Comunicações;2
74141;Direito Constitucional;2
74141;Economia;2
74141;Processo Legislativo e Atuação Parlamentar;2
74141;Relações Internacionais e Comércio Exterior;2
74141;Trabalho e Emprego;2
74141;Agricultura, Pecuária, Pesca e Extrativismo;1
74141;Educação;1
74141;Esporte e Lazer;1
74141;Homenagens e Datas Comemorativas;1
74141;Previdência e Assistência Social;1
74141;Saúde;1
74141;Viação, Transporte e Mobilidade;1
74156;Direitos Humanos e Minorias;18
74156;Defesa e Segurança;12
74156;Finanças Públicas e Orçamento;12
74156;Administração Pública;11
74156;Trabalho e Emprego;11
74156;Direito Penal e Processual Penal;6
74156;Economia;6
74156;Indústria, Comércio e Serviços;6
74156;Saúde;6
74156;Agricultura, Pecuária, Pesca e Extrativismo;5
74156;Homenagens e Datas Comemorativas;5
74156;Previdência e Assistência Social;5
74156;Comunicações;4
74156;Processo Legislativo e Atuação Parlamentar;4
74156;Viação, Transporte e Mobilidade;4
74156;Arte, Cultura e Religião;3
74156;Ciência, Tecnologia e Inovação;3
74156;Direito e Defesa do Consumidor;3
74156;Esporte e Lazer;3
74156;Direito Civil e Processual Civil;2
74156;Direito Constitucional;2
74156;Educação;2
74156;Energia, Recursos Hídricos e Minerais;2
74156;Meio Ambiente e Desenvolvimento Sustentável;2
74156;Política, Partidos e Eleições;2
74156;Relações Internacionais e Comércio Exterior;2
74156;Cidades e Desenvolvimento Urbano;1
74156;Direito e Justiça;1
74156;Estrutura Fundiária;1
74158;Direitos Humanos e Minorias;22
74158;Administração Pública;16
74158;Defesa e Segurança;10
74158;Direito Penal e Processual Penal;9
74158;Educação;9
74158;Processo Legislativo e Atuação Parlamentar;9
74158;Saúde;9
74158;Trabalho e Emprego;9
74158;Homenagens e Datas Comemorativas;7
74158;Comunicações;6
74158;Direito e Defesa do Consumidor;6
74158;Finanças Públicas e Orçamento;6
74158;Indústria, Comércio e Serviços;6
74158;Viação, Transporte e Mobilidade;5
74158;Direito e Justiça;4
74158;Meio Ambiente e Desenvolvimento Sustentável;4
74158;Previdência e Assistência Social;4
74158;Cidades e Desenvolvimento Urbano;3
74158;Direito Civil e Processual Civil;3
74158;Direito Constitucional;3
74158;Economia;3
74158;Energia, Recursos Hídricos e Minerais;3
74158;Política, Partidos e Eleições;3
74158;Agricultura, Pecuária, Pesca e Extrativismo;2
74158;Arte, Cultura e Religião;2
74158;Esporte e Lazer;2
74158;Relações Internacionais e Comércio Exterior;2
74158;Ciência, Tecnologia e Inovação;1
74158;Turismo;1
74159;Finanças Públicas e Orçamento;14
74159;Administração Pública;13
74159;Direitos Humanos e Minorias;10
74159;Indústria, Comércio e Serviços;10
74159;Agricultura, Pecuária, Pesca e Extrativismo;6
74159;Defesa e Segurança;6
74159;Energia, Recursos Hídricos e Minerais;6
74159;Trabalho e Emprego;6
74159;Economia;5
74159;Previdência e Assistência Social;4
74159;Relações Internacionais e Comércio Exterior;4
74159;Comunicações;3
74159;Direito Constitucional;3
74159;Direito e Defesa do Consumidor;3
74159;Estrutura Fundiária;3
74159;Viação, Transporte e Mobilidade;3
74159;Arte, Cultura e Religião;2
74159;Educação;2
74159;Esporte e Lazer;2
74159;Homenagens e Datas Comemorativas;2
74159;Meio Ambiente e Desenvolvimento Sustentável;2
74159;Processo Legislativo e Atuação Parlamentar;2
74159;Saúde;2
74159;Ciência, Tecnologia e Inovação;1
74159;Política, Partidos e Eleições;1
74159;Turismo;1
74160;Direitos Humanos e Minorias;17
74160;Administração Pública;16
74160;Finanças Públicas e Orçamento;14
74160;Trabalho e Emprego;13
74160;Defesa e Segurança;10
74160;Economia;6
74160;Energia, Recursos Hídricos e Minerais;6
74160;Indústria, Comércio e Serviços;6
74160;Meio Ambiente e Desenvolvimento Sustentável;6
74160;Direito e Justiça;5
74160;Educação;5
74160;Ciência, Tecnologia e Inovação;4
74160;Comunicações;4
74160;Processo Legislativo e Atuação Parlamentar;4
74160;Viação, Transporte e Mobilidade;4
74160;Agricultura, Pecuária, Pesca e Extrativismo;3
74160;Cidades e Desenvolvimento Urbano;3
74160;Esporte e Lazer;2
74160;Estrutura Fundiária;2
74160;Homenagens e Datas Comemorativas;2
74160;Previdência e Assistência Social;2
74160;Saúde;2
74160;Arte, Cultura e Religião;1
74160;Direito Constitucional;1
74160;Direito Penal e Processual Penal;1
74160;Direito e Defesa do Consumidor;1
74160;Política, Partidos e Eleições;1
74160;Relações Internacionais e Comércio Exterior;1
74161;Finanças Públicas e Orçamento;14
74161;Administração Pública;12
74161;Previdência e Assistência Social;10
74161;Direitos Humanos e Minorias;9
74161;Indústria, Comércio e Serviços;9
74161;Defesa e Segurança;8
74161;Esporte e Lazer;7
74161;Trabalho e Emprego;7
74161;Economia;5
74161;Direito Constitucional;4
74161;Educação;4
74161;Processo Legislativo e Atuação Parlamentar;4
74161;Comunicações;3
74161;Viação, Transporte e Mobilidade;3
74161;Cidades e Desenvolvimento Urbano;2
74161;Ciência, Tecnologia e Inovação;2
74161;Direito Penal e Processual Penal;2
74161;Direito e Defesa do Consumidor;2
74161;Energia, Recursos Hídricos e Minerais;2
74161;Meio Ambiente e Desenvolvimento Sustentável;2
74161;Saúde;2
74161;Agricultura, Pecuária, Pesca e Extrativismo;1
74161;Arte, Cultura e Religião;1
74161;Relações Internacionais e Comércio Exterior;1
74171;Administração Pública;65
74171;Direitos Humanos e Minorias;47
74171;Finanças Públicas e Orçamento;31
74171;Educação;25
74171;Defesa e Segurança;21
74171;Trabalho e Emprego;21
74171;Saúde;18
74171;Meio Ambiente e Desenvolvimento Sustentável;17
74171;Economia;15
74171;Processo Legislativo e Atuação Parlamentar;13
74171;Comunicações;12
74171;Previdência e Assistência Social;12
74171;Arte, Cultura e Religião;10
74171;Homenagens e Datas Comemorativas;10
74171;Indústria, Comércio e Serviços;10
74171;Direito e Justiça;9
74171;Esporte e Lazer;9
74171;Direito e Defesa do Consumidor;8
74171;Cidades e Desenvolvimento Urbano;6
74171;Ciência, Tecnologia e Inovação;6
74171;Energia, Recursos Hídricos e Minerais;6
74171;Política, Partidos e Eleições;6
74171;Agricultura, Pecuária, Pesca e Extrativismo;5
74171;Direito Constitucional;5
74171;Direito Penal e Processual Penal;5
74171;Viação, Transporte e Mobilidade;5
74171;Direito Civil e Processual Civil;3
74171;Turismo;2
74171;Ciências Sociais e Humanas;1
74171;Estrutura Fundiária;1
74171;Relações Internacionais e Comércio Exterior;1
74253;Administração Pública;42
74253;Energia, Recursos Hídricos e Minerais;39
74253;Finanças Públicas e Orçamento;38
74253;Indústria, Comércio e Serviços;20
74253;Saúde;20
74253;Defesa e Segurança;18
74253;Economia;17
74253;Trabalho e Emprego;14
74253;Viação, Transporte e Mobilidade;14
74253;Direito e Defesa do Consumidor;11
74253;Processo Legislativo e Atuação Parlamentar;11
74253;Direito Civil e Processual Civil;10
74253;Ciência, Tecnologia e Inovação;9
74253;Direito Penal e Processual Penal;8
74253;Direitos Humanos e Minorias;8
74253;Meio Ambiente e Desenvolvimento Sustentável;8
74253;Previdência e Assistência Social;7
74253;Arte, Cultura e Religião;6
74253;Cidades e Desenvolvimento Urbano;6
74253;Relações Internacionais e Comércio Exterior;5
74253;Direito Constitucional;4
74253;Educação;4
74253;Esporte e Lazer;4
74253;Homenagens e Datas Comemorativas;3
74253;Política, Partidos e Eleições;3
74253;Agricultura, Pecuária, Pesca e Extrativismo;2
74253;Comunicações;2
74253;Direito e Justiça;2
74262;Administração Pública;14
74262;Direitos Humanos e Minorias;11
74262;Finanças Públicas e Orçamento;11
74262;Defesa e Segurança;9
74262;Processo Legislativo e Atuação Parlamentar;8
74262;Saúde;7
74262;Direito Penal e Processual Penal;5
74262;Direito e Justiça;5
74262;Economia;5
74262;Comunicações;4
74262;Indústria, Comércio e Serviços;4
74262;Meio Ambiente e Desenvolvimento Sustentável;4
74262;Estrutura Fundiária;3
74262;Relações Internacionais e Comércio Exterior;3
74262;Trabalho e Emprego;3
74262;Viação, Transporte e Mobilidade;3
74262;Agricultura, Pecuária, Pesca e Extrativismo;2
74262;Cidades e Desenvolvimento Urbano;2
74262;Direito Constitucional;2
74262;Política, Partidos e Eleições;2
74262;Previdência e Assistência Social;2
74262;Direito Civil e Processual Civil;1
74262;Educação;1
74262;Energia, Recursos Hídricos e Minerais;1
74262;Esporte e Lazer;1
74262;Homenagens e Datas Comemorativas;1
74270;Direitos Humanos e Minorias;14
74270;Finanças Públicas e Orçamento;9
74270;Processo Legislativo e Atuação Parlamentar;9
74270;Administração Pública;8
74270;Defesa e Segurança;8
74270;Saúde;6
74270;Direito Constitucional;5
74270;Direito e Justiça;5
74270;Trabalho e Emprego;5
74270;Direito e Defesa do Consumidor;4
74270;Economia;4
74270;Previdência e Assistência Social;4
74270;Direito Penal e Processual Penal;3
74270;Homenagens e Datas Comemorativas;3
74270;Arte, Cultura e Religião;2
74270;Comunicações;2
74270;Educação;2
74270;Indústria, Comércio e Serviços;2
74270;Meio Ambiente e Desenvolvimento Sustentável;2
74270;Agricultura, Pecuária, Pesca e Extrativismo;1
74270;Cidades e Desenvolvimento Urbano;1
74270;Esporte e Lazer;1
74270;Estrutura Fundiária;1
74270;Relações Internacionais e Comércio Exterior;1
74270;Turismo;1
74273;Direitos Humanos e Minorias;26
74273;Defesa e Segurança;20
74273;Processo Legislativo e Atuação Parlamentar;18
74273;Finanças Públicas e Orçamento;17
74273;Administração Pública;16
74273;Saúde;15
74273;Direito Constitucional;10
74273;Direito Penal e Processual Penal;10
74273;Trabalho e Emprego;9
74273;Direito e Defesa do Consumidor;8
74273;Direito e Justiça;8
74273;Previdência e Assistência Social;7
74273;Economia;6
74273;Meio Ambiente e Desenvolvimento Sustentável;6
74273;Relações Internacionais e Comércio Exterior;6
74273;Energia, Recursos Hídricos e Minerais;5
74273;Indústria, Comércio e Serviços;5
74273;Política, Partidos e Eleições;5
74273;Comunicações;4
74273;Educação;4
74273;Arte, Cultura e Religião;3
74273;Direito Civil e Processual Civil;3
74273;Estrutura Fundiária;3
74273;Viação, Transporte e Mobilidade;3
74273;Agricultura, Pecuária, Pesca e Extrativismo;1
74273;Ciência, Tecnologia e Inovação;1
74273;Esporte e Lazer;1
74273;Homenagens e Datas Comemorativas;1
74283;Direitos Humanos e Minorias;24
74283;Trabalho e Emprego;17
74283;Indústria, Comércio e Serviços;11
74283;Finanças Públicas e Orçamento;9
74283;Saúde;9
74283;Administração Pública;7
74283;Defesa e Segurança;7
74283;Comunicações;5
74283;Previdência e Assistência Social;5
74283;Processo Legislativo e Atuação Parlamentar;5
74283;Arte, Cultura e Religião;4
74283;Direito Penal e Processual Penal;4
74283;Direito e Defesa do Consumidor;4
74283;Cidades e Desenvolvimento Urbano;3
74283;Ciência, Tecnologia e Inovação;3
74283;Educação;3
74283;Homenagens e Datas Comemorativas;3
74283;Relações Internacionais e Comércio Exterior;3
74283;Direito Constitucional;2
74283;Direito e Justiça;2
74283;Economia;2
74283;Esporte e Lazer;2
74283;Política, Partidos e Eleições;2
74283;Viação, Transporte e Mobilidade;2
74283;Agricultura, Pecuária, Pesca e Extrativismo;1
74283;Direito Civil e Processual Civil;1
74283;Estrutura Fundiária;1
74299;Viação, Transporte e Mobilidade;7
74299;Administração Pública;4
74299;Direito Constitucional;3
74299;Comunicações;2
74299;Defesa e Segurança;2
74299;Direito e Justiça;2
74299;Direitos Humanos e Minorias;2
74299;Economia;2
74299;Finanças Públicas e Orçamento;2
74299;Agricultura, Pecuária, Pesca e Extrativismo;1
74299;Indústria, Comércio e Serviços;1
74299;Previdência e Assistência Social;1
74299;Processo Legislativo e Atuação Parlamentar;1
74299;Trabalho e Emprego;1
74317;Finanças Públicas e Orçamento;10
74317;Direitos Humanos e Minorias;8
74317;Administração Pública;7
74317;Trabalho e Emprego;6
74317;Saúde;5
74317;Direito e Justiça;4
74317;Economia;4
74317;Energia, Recursos Hídricos e Minerais;4
74317;Meio Ambiente e Desenvolvimento Sustentável;4
74317;Previdência e Assistência Social;4
74317;Agricultura, Pecuária, Pesca e Extrativismo;3
74317;Defesa e Segurança;3
74317;Direito Constitucional;3
74317;Processo Legislativo e Atuação Parlamentar;3
74317;Viação, Transporte e Mobilidade;3
74317;Arte, Cultura e Religião;2
74317;Educação;2
74317;Política, Partidos e Eleições;2
74317;Cidades e Desenvolvimento Urbano;1
74317;Ciência, Tecnologia e Inovação;1
74317;Comunicações;1
74317;Direito Civil e Processual Civil;1
74317;Direito e Defesa do Consumidor;1
74317;Estrutura Fundiária;1
74317;Homenagens e Datas Comemorativas;1
74356;Agricultura, Pecuária, Pesca e Extrativismo;3643
74356;Direitos Humanos e Minorias;1937
74356;Administração Pública;1780
74356;Finanças Públicas e Orçamento;441
74356;Meio Ambiente e Desenvolvimento Sustentável;348
74356;Comunicações;261
74356;Energia, Recursos Hídricos e Minerais;241
74356;Ciência, Tecnologia e Inovação;170
74356;Viação, Transporte e Mobilidade;124
74356;Defesa e Segurança;79
74356;Previdência e Assistência Social;73
74356;Educação;66
74356;Esporte e Lazer;63
74356;Cidades e Desenvolvimento Urbano;62
74356;Estrutura Fundiária;45
74356;Trabalho e Emprego;10
74356;Processo Legislativo e Atuação Parlamentar;7
74356;Saúde;7
74356;Indústria, Comércio e Serviços;6
74356;Arte, Cultura e Religião;5
74356;Direito Constitucional;5
74356;Direito Penal e Processual Penal;5
74356;Direito e Defesa do Consumidor;3
74356;Direito Civil e Processual Civil;2
74356;Direito e Justiça;2
74356;Economia;2
74356;Homenagens e Datas Comemorativas;2
74356;Política, Partidos e Eleições;1
74356;Relações Internacionais e Comércio Exterior;1
74371;Direitos Humanos e Minorias;21
74371;Finanças Públicas e Orçamento;19
74371;Administração Pública;18
74371;Trabalho e Emprego;14
74371;Educação;10
74371;Defesa e Segurança;9
74371;Meio Ambiente e Desenvolvimento Sustentável;9
74371;Indústria, Comércio e Serviços;8
74371;Viação, Transporte e Mobilidade;8
74371;Energia, Recursos Hídricos e Minerais;7
74371;Saúde;7
74371;Direito e Justiça;6
74371;Economia;6
74371;Cidades e Desenvolvimento Urbano;5
74371;Direito Penal e Processual Penal;5
74371;Política, Partidos e Eleições;5
74371;Arte, Cultura e Religião;4
74371;Comunicações;4
74371;Processo Legislativo e Atuação Parlamentar;4
74371;Agricultura, Pecuária, Pesca e Extrativismo;3
74371;Ciência, Tecnologia e Inovação;3
74371;Direito e Defesa do Consumidor;3
74371;Esporte e Lazer;3
74371;Homenagens e Datas Comemorativas;3
74371;Direito Civil e Processual Civil;2
74371;Direito Constitucional;1
74371;Previdência e Assistência Social;1
74371;Relações Internacionais e Comércio Exterior;1
74374;Saúde;31
74374;Direitos Humanos e Minorias;25
74374;Administração Pública;17
74374;Finanças Públicas e Orçamento;17
74374;Indústria, Comércio e Serviços;10
74374;Trabalho e Emprego;8
74374;Direito Penal e Processual Penal;7
74374;Direito e Justiça;6
74374;Processo Legislativo e Atuação Parlamentar;6
74374;Economia;5
74374;Homenagens e Datas Comemorativas;5
74374;Comunicações;4
74374;Defesa e Segurança;4
74374;Direito Constitucional;4
74374;Direito e Defesa do Consumidor;4
74374;Educação;4
74374;Meio Ambiente e Desenvolvimento Sustentável;4
74374;Previdência e Assistência Social;4
74374;Cidades e Desenvolvimento Urbano;3
74374;Viação, Transporte e Mobilidade;3
74374;Arte, Cultura e Religião;2
74374;Esporte e Lazer;2
74374;Ciência, Tecnologia e Inovação;1
74374;Energia, Recursos Hídricos e Minerais;1
74374;Estrutura Fundiária;1
74374;Política, Partidos e Eleições;1
74374;Relações Internacionais e Comércio Exterior;1
74376;Finanças Públicas e Orçamento;15
74376;Administração Pública;14
74376;Direitos Humanos e Minorias;13
74376;Defesa e Segurança;12
74376;Economia;10
74376;Trabalho e Emprego;10
74376;Previdência e Assistência Social;7
74376;Agricultura, Pecuária, Pesca e Extrativismo;5
74376;Energia, Recursos Hídricos e Minerais;5
74376;Indústria, Comércio e Serviços;5
74376;Arte, Cultura e Religião;4
74376;Direito e Justiça;4
74376;Processo Legislativo e Atuação Parlamentar;4
74376;Comunicações;3
74376;Direito Constitucional;3
74376;Direito Penal e Processual Penal;3
74376;Direito e Defesa do Consumidor;3
74376;Esporte e Lazer;3
74376;Homenagens e Datas Comemorativas;3
74376;Meio Ambiente e Desenvolvimento Sustentável;3
74376;Saúde;3
74376;Viação, Transporte e Mobilidade;3
74376;Ciência, Tecnologia e Inovação;2
74376;Educação;2
74376;Cidades e Desenvolvimento Urbano;1
74376;Direito Civil e Processual Civil;1
74376;Estrutura Fundiária;1
74376;Relações Internacionais e Comércio Exterior;1
74383;Direitos Humanos e Minorias;8
74383;Finanças Públicas e Orçamento;8
74383;Administração Pública;7
74383;Defesa e Segurança;7
74383;Processo Legislativo e Atuação Parlamentar;7
74383;Direito Constitucional;6
74383;Direito Penal e Processual Penal;6
74383;Economia;3
74383;Previdência e Assistência Social;3
74383;Trabalho e Emprego;3
74383;Arte, Cultura e Religião;2
74383;Estrutura Fundiária;2
74383;Meio Ambiente e Desenvolvimento Sustentável;2
74383;Política, Partidos e Eleições;2
74383;Saúde;2
74383;Viação, Transporte e Mobilidade;2
74383;Agricultura, Pecuária, Pesca e Extrativismo;1
74383;Cidades e Desenvolvimento Urbano;1
74383;Ciência, Tecnologia e Inovação;1
74383;Direito e Defesa do Consumidor;1
74383;Direito e Justiça;1
74383;Energia, Recursos Hídricos e Minerais;1
74383;Indústria, Comércio e Serviços;1
74383;Relações Internacionais e Comércio Exterior;1
74398;Direitos Humanos e Minorias;49
74398;Administração Pública;27
74398;Defesa e Segurança;20
74398;Finanças Públicas e Orçamento;17
74398;Saúde;15
74398;Indústria, Comércio e Serviços;13
74398;Direito Penal e Processual Penal;12
74398;Trabalho e Emprego;10
74398;Meio Ambiente e Desenvolvimento Sustentável;9
74398;Direito e Justiça;8
74398;Educação;8
74398;Processo Legislativo e Atuação Parlamentar;8
74398;Cidades e Desenvolvimento Urbano;7
74398;Comunicações;7
74398;Direito e Defesa do Consumidor;6
74398;Economia;6
74398;Homenagens e Datas Comemorativas;6
74398;Energia, Recursos Hídricos e Minerais;5
74398;Previdência e Assistência Social;5
74398;Agricultura, Pecuária, Pesca e Extrativismo;4
74398;Arte, Cultura e Religião;4
74398;Ciência, Tecnologia e Inovação;4
74398;Direito Constitucional;4
74398;Política, Partidos e Eleições;4
74398;Direito Civil e Processual Civil;3
74398;Esporte e Lazer;3
74398;Relações Internacionais e Comércio Exterior;3
74398;Viação, Transporte e Mobilidade;3
74398;Estrutura Fundiária;2
74398;Turismo;1
74400;Direitos Humanos e Minorias;8
74400;Defesa e Segurança;7
74400;Administração Pública;6
74400;Economia;6
74400;Finanças Públicas e Orçamento;6
74400;Direito e Defesa do Consumidor;5
74400;Energia, Recursos Hídricos e Minerais;4
74400;Indústria, Comércio e Serviços;4
74400;Trabalho e Emprego;4
74400;Previdência e Assistência Social;3
74400;Agricultura, Pecuária, Pesca e Extrativismo;2
74400;Ciência, Tecnologia e Inovação;2
74400;Comunicações;2
74400;Direito Penal e Processual Penal;2
74400;Esporte e Lazer;2
74400;Relações Internacionais e Comércio Exterior;2
74400;Saúde;2
74400;Viação, Transporte e Mobilidade;2
74400;Cidades e Desenvolvimento Urbano;1
74400;Direito Civil e Processual Civil;1
74400;Direito Constitucional;1
74400;Homenagens e Datas Comemorativas;1
74400;Meio Ambiente e Desenvolvimento Sustentável;1
74400;Política, Partidos e Eleições;1
74428;Finanças Públicas e Orçamento;25
74428;Administração Pública;22
74428;Processo Legislativo e Atuação Parlamentar;19
74428;Direitos Humanos e Minorias;18
74428;Educação;13
74428;Economia;11
74428;Trabalho e Emprego;9
74428;Comunicações;8
74428;Defesa e Segurança;8
74428;Direito Constitucional;7
74428;Direito Penal e Processual Penal;7
74428;Previdência e Assistência Social;7
74428;Energia, Recursos Hídricos e Minerais;6
74428;Indústria, Comércio e Serviços;6
74428;Política, Partidos e Eleições;6
74428;Saúde;6
74428;Ciência, Tecnologia e Inovação;5
74428;Direito e Justiça;4
74428;Esporte e Lazer;4
74428;Meio Ambiente e Desenvolvimento Sustentável;4
74428;Arte, Cultura e Religião;3
74428;Direito Civil e Processual Civil;3
74428;Direito e Defesa do Consumidor;3
74428;Relações Internacionais e Comércio Exterior;3
74428;Cidades e Desenvolvimento Urbano;2
74428;Estrutura Fundiária;2
74428;Agricultura, Pecuária, Pesca e Extrativismo;1
74428;Turismo;1
74428;Viação, Transporte e Mobilidade;1
74454;Finanças Públicas e Orçamento;6
74454;Direito e Justiça;3
74454;Direitos Humanos e Minorias;3
74454;Previdência e Assistência Social;3
74454;Trabalho e Emprego;3
74454;Administração Pública;2
74454;Agricultura, Pecuária, Pesca e Extrativismo;2
74454;Comunicações;2
74454;Defesa e Segurança;2
74454;Direito Constitucional;2
74454;Indústria, Comércio e Serviços;2
74454;Ciência, Tecnologia e Inovação;1
74454;Direito Penal e Processual Penal;1
74454;Esporte e Lazer;1
74454;Meio Ambiente e Desenvolvimento Sustentável;1
74454;Relações Internacionais e Comércio Exterior;1
74454;Saúde;1
74454;Viação, Transporte e Mobilidade;1
74467;Administração Pública;15
74467;Finanças Públicas e Orçamento;11
74467;Direitos Humanos e Minorias;8
74467;Trabalho e Emprego;7
74467;Defesa e Segurança;6
74467;Direito Constitucional;6
74467;Processo Legislativo e Atuação Parlamentar;6
74467;Previdência e Assistência Social;5
74467;Educação;3
74467;Indústria, Comércio e Serviços;3
74467;Saúde;3
74467;Comunicações;2
74467;Direito e Justiça;2
74467;Economia;2
74467;Política, Partidos e Eleições;2
74467;Agricultura, Pecuária, Pesca e Extrativismo;1
74467;Cidades e Desenvolvimento Urbano;1
74467;Ciência, Tecnologia e Inovação;1
74467;Direito Penal e Processual Penal;1
74467;Energia, Recursos Hídricos e Minerais;1
74467;Homenagens e Datas Comemorativas;1
74467;Meio Ambiente e Desenvolvimento Sustentável;1
74467;Viação, Transporte e Mobilidade;1
74478;Administração Pública;6
74478;Finanças Públicas e Orçamento;5
74478;Processo Legislativo e Atuação Parlamentar;5
74478;Trabalho e Emprego;4
74478;Direito Civil e Processual Civil;3
74478;Defesa e Segurança;2
74478;Direito Constitucional;2
74478;Direito Penal e Processual Penal;2
74478;Direito e Justiça;2
74478;Previdência e Assistência Social;2
74478;Saúde;2
74478;Agricultura, Pecuária, Pesca e Extrativismo;1
74478;Arte, Cultura e Religião;1
74478;Direito e Defesa do Consumidor;1
74478;Direitos Humanos e Minorias;1
74478;Economia;1
74478;Educação;1
74478;Esporte e Lazer;1
74478;Meio Ambiente e Desenvolvimento Sustentável;1
74478;Política, Partidos e Eleições;1
74478;Relações Internacionais e Comércio Exterior;1
74478;Viação, Transporte e Mobilidade;1
74537;Direito Constitucional;7
74537;Administração Pública;5
74537;Processo Legislativo e Atuação Parlamentar;5
74537;Direitos Humanos e Minorias;4
74537;Finanças Públicas e Orçamento;4
74537;Política, Partidos e Eleições;3
74537;Trabalho e Emprego;3
74537;Agricultura, Pecuária, Pesca e Extrativismo;1
74537;Arte, Cultura e Religião;1
74537;Cidades e Desenvolvimento Urbano;1
74537;Defesa e Segurança;1
74537;Direito Penal e Processual Penal;1
74537;Direito e Justiça;1
74537;Economia;1
74537;Educação;1
74537;Esporte e Lazer;1
74537;Indústria, Comércio e Serviços;1
74537;Viação, Transporte e Mobilidade;1
74550;Defesa e Segurança;4
74550;Finanças Públicas e Orçamento;4
74550;Administração Pública;3
74550;Trabalho e Emprego;3
74550;Arte, Cultura e Religião;2
74550;Direito Constitucional;2
74550;Direitos Humanos e Minorias;2
74550;Indústria, Comércio e Serviços;2
74550;Meio Ambiente e Desenvolvimento Sustentável;2
74550;Previdência e Assistência Social;2
74550;Processo Legislativo e Atuação Parlamentar;2
74550;Ciência, Tecnologia e Inovação;1
74550;Direito Penal e Processual Penal;1
74550;Direito e Justiça;1
74550;Saúde;1
74550;Viação, Transporte e Mobilidade;1
74554;Processo Legislativo e Atuação Parlamentar;14
74554;Finanças Públicas e Orçamento;12
74554;Administração Pública;6
74554;Defesa e Segurança;5
74554;Direito Constitucional;5
74554;Direitos Humanos e Minorias;4
74554;Economia;4
74554;Previdência e Assistência Social;3
74554;Trabalho e Emprego;3
74554;Agricultura, Pecuária, Pesca e Extrativismo;2
74554;Arte, Cultura e Religião;2
74554;Direito e Defesa do Consumidor;2
74554;Direito e Justiça;2
74554;Estrutura Fundiária;2
74554;Meio Ambiente e Desenvolvimento Sustentável;2
74554;Saúde;2
74554;Direito Penal e Processual Penal;1
74554;Energia, Recursos Hídricos e Minerais;1
74554;Indústria, Comércio e Serviços;1
74554;Política, Partidos e Eleições;1
74554;Relações Internacionais e Comércio Exterior;1
74574;Processo Legislativo e Atuação Parlamentar;5
74574;Finanças Públicas e Orçamento;4
74574;Saúde;4
74574;Trabalho e Emprego;4
74574;Direito e Defesa do Consumidor;3
74574;Direitos Humanos e Minorias;3
74574;Administração Pública;2
74574;Cidades e Desenvolvimento Urbano;2
74574;Política, Partidos e Eleições;2
74574;Viação, Transporte e Mobilidade;2
74574;Agricultura, Pecuária, Pesca e Extrativismo;1
74574;Arte, Cultura e Religião;1
74574;Defesa e Segurança;1
74574;Direito Constitucional;1
74574;Economia;1
74574;Energia, Recursos Hídricos e Minerais;1
74574;Homenagens e Datas Comemorativas;1
74574;Indústria, Comércio e Serviços;1
74574;Relações Internacionais e Comércio Exterior;1
74585;Direitos Humanos e Minorias;33
74585;Finanças Públicas e Orçamento;18
74585;Defesa e Segurança;17
74585;Administração Pública;15
74585;Processo Legislativo e Atuação Parlamentar;14
74585;Direito Penal e Processual Penal;13
74585;Saúde;11
74585;Economia;9
74585;Trabalho e Emprego;9
74585;Previdência e Assistência Social;8
74585;Direito Constitucional;7
74585;Direito e Defesa do Consumidor;5
74585;Indústria, Comércio e Serviços;5
74585;Comunicações;4
74585;Política, Partidos e Eleições;4
74585;Viação, Transporte e Mobilidade;4
74585;Direito e Justiça;3
74585;Educação;3
74585;Homenagens e Datas Comemorativas;3
74585;Meio Ambiente e Desenvolvimento Sustentável;3
74585;Arte, Cultura e Religião;2
74585;Ciência, Tecnologia e Inovação;2
74585;Direito Civil e Processual Civil;2
74585;Esporte e Lazer;2
74585;Estrutura Fundiária;2
74585;Relações Internacionais e Comércio Exterior;2
74585;Agricultura, Pecuária, Pesca e Extrativismo;1
74585;Cidades e Desenvolvimento Urbano;1
74585;Energia, Recursos Hídricos e Minerais;1
74585;Turismo;1
74646;Finanças Públicas e Orçamento;8
74646;Administração Pública;6
74646;Direitos Humanos e Minorias;4
74646;Economia;4
74646;Processo Legislativo e Atuação Parlamentar;4
74646;Defesa e Segurança;3
74646;Meio Ambiente e Desenvolvimento Sustentável;2
74646;Trabalho e Emprego;2
74646;Arte, Cultura e Religião;1
74646;Comunicações;1
74646;Direito Civil e Processual Civil;1
74646;Direito e Defesa do Consumidor;1
74646;Direito e Justiça;1
74646;Energia, Recursos Hídricos e Minerais;1
74646;Homenagens e Datas Comemorativas;1
74646;Indústria, Comércio e Serviços;1
74646;Política, Partidos e Eleições;1
74646;Previdência e Assistência Social;1
74646;Relações Internacionais e Comércio Exterior;1
74646;Saúde;1
74696;Administração Pública;17
74696;Finanças Públicas e Orçamento;10
74696;Saúde;8
74696;Processo Legislativo e Atuação Parlamentar;4
74696;Defesa e Segurança;3
74696;Direitos Humanos e Minorias;3
74696;Agricultura, Pecuária, Pesca e Extrativismo;2
74696;Cidades e Desenvolvimento Urbano;2
74696;Direito Constitucional;2
74696;Economia;2
74696;Educação;2
74696;Indústria, Comércio e Serviços;2
74696;Previdência e Assistência Social;2
74696;Viação, Transporte e Mobilidade;2
74696;Arte, Cultura e Religião;1
74696;Ciência, Tecnologia e Inovação;1
74696;Comunicações;1
74696;Direito e Defesa do Consumidor;1
74696;Direito e Justiça;1
74696;Energia, Recursos Hídricos e Minerais;1
74696;Meio Ambiente e Desenvolvimento Sustentável;1
74696;Política, Partidos e Eleições;1
74696;Trabalho e Emprego;1
74784;Direitos Humanos e Minorias;42
74784;Administração Pública;22
74784;Finanças Públicas e Orçamento;16
74784;Saúde;14
74784;Defesa e Segurança;13
74784;Meio Ambiente e Desenvolvimento Sustentável;9
74784;Trabalho e Emprego;9
74784;Direito Penal e Processual Penal;8
74784;Educação;8
74784;Comunicações;7
74784;Direito e Justiça;7
74784;Economia;7
74784;Indústria, Comércio e Serviços;7
74784;Previdência e Assistência Social;7
74784;Processo Legislativo e Atuação Parlamentar;7
74784;Direito e Defesa do Consumidor;5
74784;Energia, Recursos Hídricos e Minerais;5
74784;Homenagens e Datas Comemorativas;5
74784;Cidades e Desenvolvimento Urbano;4
74784;Esporte e Lazer;4
74784;Relações Internacionais e Comércio Exterior;4
74784;Ciência, Tecnologia e Inovação;3
74784;Direito Constitucional;3
74784;Viação, Transporte e Mobilidade;3
74784;Agricultura, Pecuária, Pesca e Extrativismo;2
74784;Arte, Cultura e Religião;2
74784;Política, Partidos e Eleições;2
74784;Direito Civil e Processual Civil;1
74784;Estrutura Fundiária;1
74848;Direitos Humanos e Minorias;25
74848;Administração Pública;18
74848;Defesa e Segurança;15
74848;Trabalho e Emprego;13
74848;Finanças Públicas e Orçamento;10
74848;Indústria, Comércio e Serviços;9
74848;Previdência e Assistência Social;8
74848;Processo Legislativo e Atuação Parlamentar;8
74848;Saúde;7
74848;Arte, Cultura e Religião;6
74848;Direito Penal e Processual Penal;6
74848;Comunicações;5
74848;Homenagens e Datas Comemorativas;5
74848;Direito Constitucional;4
74848;Viação, Transporte e Mobilidade;4
74848;Ciência, Tecnologia e Inovação;3
74848;Direito e Defesa do Consumidor;3
74848;Direito e Justiça;3
74848;Economia;3
74848;Educação;3
74848;Política, Partidos e Eleições;3
74848;Agricultura, Pecuária, Pesca e Extrativismo;2
74848;Energia, Recursos Hídricos e Minerais;2
74848;Cidades e Desenvolvimento Urbano;1
74848;Esporte e Lazer;1
74848;Meio Ambiente e Desenvolvimento Sustentável;1
74848;Relações Internacionais e Comércio Exterior;1
74856;Direitos Humanos e Minorias;203
74856;Finanças Públicas e Orçamento;161
74856;Saúde;114
74856;Administração Pública;71
74856;Defesa e Segurança;65
74856;Direito Penal e Processual Penal;63
74856;Trabalho e Emprego;62
74856;Previdência e Assistência Social;51
74856;Direito Civil e Processual Civil;46
74856;Educação;40
74856;Meio Ambiente e Desenvolvimento Sustentável;29
74856;Processo Legislativo e Atuação Parlamentar;28
74856;Economia;25
74856;Homenagens e Datas Comemorativas;15
74856;Indústria, Comércio e Serviços;15
74856;Direito e Justiça;13
74856;Cidades e Desenvolvimento Urbano;12
74856;Comunicações;12
74856;Arte, Cultura e Religião;11
74856;Ciência, Tecnologia e Inovação;11
74856;Energia, Recursos Hídricos e Minerais;11
74856;Relações Internacionais e Comércio Exterior;10
74856;Direito e Defesa do Consumidor;9
74856;Viação, Transporte e Mobilidade;9
74856;Direito Constitucional;8
74856;Esporte e Lazer;8
74856;Agricultura, Pecuária, Pesca e Extrativismo;7
74856;Política, Partidos e Eleições;6
74856;Turismo;4
74856;Estrutura Fundiária;2
74858;Administração Pública;25
74858;Trabalho e Emprego;23
74858;Direitos Humanos e Minorias;20
74858;Finanças Públicas e Orçamento;18
74858;Economia;16
74858;Defesa e Segurança;15
74858;Indústria, Comércio e Serviços;12
74858;Viação, Transporte e Mobilidade;9
74858;Direito Penal e Processual Penal;7
74858;Processo Legislativo e Atuação Parlamentar;7
74858;Comunicações;6
74858;Saúde;6
74858;Arte, Cultura e Religião;5
74858;Cidades e Desenvolvimento Urbano;5
74858;Educação;5
74858;Direito e Defesa do Consumidor;4
74858;Energia, Recursos Hídricos e Minerais;4
74858;Meio Ambiente e Desenvolvimento Sustentável;4
74858;Direito Constitucional;3
74858;Direito e Justiça;3
74858;Esporte e Lazer;3
74858;Previdência e Assistência Social;3
74858;Relações Internacionais e Comércio Exterior;3
74858;Turismo;3
74858;Agricultura, Pecuária, Pesca e Extrativismo;2
74858;Ciência, Tecnologia e Inovação;2
74858;Estrutura Fundiária;2
74858;Homenagens e Datas Comemorativas;2
74858;Direito Civil e Processual Civil;1
77003;Direito Civil e Processual Civil;4
77003;Esporte e Lazer;2
77003;Trabalho e Emprego;2
77003;Administração Pública;1
77003;Direito Penal e Processual Penal;1
77003;Finanças Públicas e Orçamento;1
80815;Saúde;54
80815;Direitos Humanos e Minorias;43
80815;Finanças Públicas e Orçamento;37
80815;Trabalho e Emprego;25
80815;Viação, Transporte e Mobilidade;22
80815;Meio Ambiente e Desenvolvimento Sustentável;19
80815;Administração Pública;18
80815;Indústria, Comércio e Serviços;14
80815;Defesa e Segurança;12
80815;Direito e Defesa do Consumidor;11
80815;Processo Legislativo e Atuação Parlamentar;10
80815;Economia;9
80815;Comunicações;8
80815;Previdência e Assistência Social;8
80815;Agricultura, Pecuária, Pesca e Extrativismo;7
80815;Educação;7
80815;Esporte e Lazer;7
80815;Cidades e Desenvolvimento Urbano;5
80815;Direito Constitucional;5
80815;Homenagens e Datas Comemorativas;5
80815;Direito Penal e Processual Penal;4
80815;Direito e Justiça;4
80815;Arte, Cultura e Religião;2
80815;Ciência, Tecnologia e Inovação;2
80815;Direito Civil e Processual Civil;2
80815;Energia, Recursos Hídricos e Minerais;2
80815;Turismo;2
80815;Estrutura Fundiária;1
80815;Política, Partidos e Eleições;1
80815;Relações Internacionais e Comércio Exterior;1
81055;Finanças Públicas e Orçamento;12
81055;Administração Pública;11
81055;Trabalho e Emprego;8
81055;Direitos Humanos e Minorias;7
81055;Processo Legislativo e Atuação Parlamentar;7
81055;Arte, Cultura e Religião;6
81055;Comunicações;6
81055;Defesa e Segurança;5
81055;Direito e Defesa do Consumidor;5
81055;Economia;5
81055;Homenagens e Datas Comemorativas;5
81055;Indústria, Comércio e Serviços;5
81055;Saúde;5
81055;Direito Constitucional;4
81055;Previdência e Assistência Social;4
81055;Ciência, Tecnologia e Inovação;3
81055;Direito e Justiça;3
81055;Viação, Transporte e Mobilidade;3
81055;Agricultura, Pecuária, Pesca e Extrativismo;2
81055;Esporte e Lazer;2
81055;Relações Internacionais e Comércio Exterior;2
81055;Cidades e Desenvolvimento Urbano;1
81055;Direito Penal e Processual Penal;1
81055;Educação;1
81055;Energia, Recursos Hídricos e Minerais;1
81055;Meio Ambiente e Desenvolvimento Sustentável;1
88256;Direitos Humanos e Minorias;43
88256;Saúde;39
88256;Meio Ambiente e Desenvolvimento Sustentável;22
88256;Indústria, Comércio e Serviços;18
88256;Finanças Públicas e Orçamento;16
88256;Administração Pública;14
88256;Viação, Transporte e Mobilidade;14
88256;Cidades e Desenvolvimento Urbano;10
88256;Trabalho e Emprego;10
88256;Homenagens e Datas Comemorativas;9
88256;Agricultura, Pecuária, Pesca e Extrativismo;8
88256;Arte, Cultura e Religião;8
88256;Educação;8
88256;Direito e Defesa do Consumidor;7
88256;Economia;7
88256;Energia, Recursos Hídricos e Minerais;7
88256;Defesa e Segurança;6
88256;Previdência e Assistência Social;5
88256;Esporte e Lazer;4
88256;Política, Partidos e Eleições;4
88256;Processo Legislativo e Atuação Parlamentar;4
88256;Turismo;4
88256;Direito Civil e Processual Civil;3
88256;Direito e Justiça;3
88256;Relações Internacionais e Comércio Exterior;3
88256;Ciência, Tecnologia e Inovação;2
88256;Comunicações;2
88256;Direito Penal e Processual Penal;2
88256;Direito Constitucional;1
89536;Direitos Humanos e Minorias;31
89536;Processo Legislativo e Atuação Parlamentar;26
89536;Administração Pública;24
89536;Finanças Públicas e Orçamento;23
89536;Homenagens e Datas Comemorativas;16
89536;Saúde;14
89536;Política, Partidos e Eleições;13
89536;Defesa e Segurança;12
89536;Direito Civil e Processual Civil;11
89536;Trabalho e Emprego;10
89536;Arte, Cultura e Religião;9
89536;Direito Penal e Processual Penal;7
89536;Educação;6
89536;Direito e Defesa do Consumidor;5
89536;Previdência e Assistência Social;5
89536;Direito Constitucional;4
89536;Economia;4
89536;Indústria, Comércio e Serviços;4
89536;Relações Internacionais e Comércio Exterior;4
89536;Agricultura, Pecuária, Pesca e Extrativismo;3
89536;Esporte e Lazer;3
89536;Comunicações;2
89536;Direito e Justiça;2
89536;Energia, Recursos Hídricos e Minerais;2
89536;Estrutura Fundiária;2
89536;Viação, Transporte e Mobilidade;2
91228;Administração Pública;15
91228;Finanças Públicas e Orçamento;14
91228;Direitos Humanos e Minorias;11
91228;Trabalho e Emprego;10
91228;Defesa e Segurança;8
91228;Processo Legislativo e Atuação Parlamentar;8
91228;Direito Constitucional;7
91228;Direito e Justiça;6
91228;Previdência e Assistência Social;6
91228;Direito Penal e Processual Penal;5
91228;Educação;4
91228;Homenagens e Datas Comemorativas;4
91228;Meio Ambiente e Desenvolvimento Sustentável;4
91228;Saúde;4
91228;Esporte e Lazer;3
91228;Arte, Cultura e Religião;2
91228;Economia;2
91228;Indústria, Comércio e Serviços;2
91228;Cidades e Desenvolvimento Urbano;1
91228;Comunicações;1
91228;Direito Civil e Processual Civil;1
91228;Direito e Defesa do Consumidor;1
91228;Energia, Recursos Hídricos e Minerais;1
91228;Política, Partidos e Eleições;1
91228;Relações Internacionais e Comércio Exterior;1
92102;Processo Legislativo e Atuação Parlamentar;11
92102;Finanças Públicas e Orçamento;7
92102;Defesa e Segurança;6
92102;Direito Constitucional;6
92102;Administração Pública;4
92102;Direitos Humanos e Minorias;4
92102;Trabalho e Emprego;4
92102;Indústria, Comércio e Serviços;3
92102;Direito Penal e Processual Penal;2
92102;Direito e Defesa do Consumidor;2
92102;Direito e Justiça;2
92102;Economia;2
92102;Previdência e Assistência Social;2
92102;Viação, Transporte e Mobilidade;2
92102;Agricultura, Pecuária, Pesca e Extrativismo;1
92102;Arte, Cultura e Religião;1
92102;Cidades e Desenvolvimento Urbano;1
92102;Comunicações;1
92102;Energia, Recursos Hídricos e Minerais;1
92102;Esporte e Lazer;1
92102;Estrutura Fundiária;1
92102;Meio Ambiente e Desenvolvimento Sustentável;1
92102;Política, Partidos e Eleições;1
92102;Relações Internacionais e Comércio Exterior;1
92102;Saúde;1
92346;Defesa e Segurança;22
92346;Administração Pública;19
92346;Direitos Humanos e Minorias;16
92346;Finanças Públicas e Orçamento;14
92346;Relações Internacionais e Comércio Exterior;14
92346;Direito Penal e Processual Penal;12
92346;Processo Legislativo e Atuação Parlamentar;12
92346;Saúde;10
92346;Economia;9
92346;Direito Constitucional;6
92346;Arte, Cultura e Religião;4
92346;Direito e Justiça;4
92346;Estrutura Fundiária;4
92346;Comunicações;3
92346;Indústria, Comércio e Serviços;3
92346;Agricultura, Pecuária, Pesca e Extrativismo;2
92346;Cidades e Desenvolvimento Urbano;2
92346;Educação;2
92346;Esporte e Lazer;2
92346;Meio Ambiente e Desenvolvimento Sustentável;2
92346;Previdência e Assistência Social;2
92346;Ciência, Tecnologia e Inovação;1
92346;Direito Civil e Processual Civil;1
92346;Direito e Defesa do Consumidor;1
92346;Energia, Recursos Hídricos e Minerais;1
92346;Homenagens e Datas Comemorativas;1
92346;Política, Partidos e Eleições;1
92346;Trabalho e Emprego;1
92699;Finanças Públicas e Orçamento;10
92699;Administração Pública;9
92699;Economia;4
92699;Meio Ambiente e Desenvolvimento Sustentável;4
92699;Processo Legislativo e Atuação Parlamentar;4
92699;Saúde;4
92699;Homenagens e Datas Comemorativas;3
92699;Trabalho e Emprego;3
92699;Defesa e Segurança;2
92699;Direito Civil e Processual Civil;2
92699;Direitos Humanos e Minorias;2
92699;Energia, Recursos Hídricos e Minerais;2
92699;Esporte e Lazer;2
92699;Indústria, Comércio e Serviços;2
92699;Política, Partidos e Eleições;2
92699;Turismo;2
92699;Agricultura, Pecuária, Pesca e Extrativismo;1
92699;Cidades e Desenvolvimento Urbano;1
92699;Comunicações;1
92699;Direito Penal e Processual Penal;1
92699;Direito e Justiça;1
92699;Educação;1
92699;Relações Internacionais e Comércio Exterior;1
92699;Viação, Transporte e Mobilidade;1
92776;Administração Pública;13
92776;Direitos Humanos e Minorias;13
92776;Finanças Públicas e Orçamento;10
92776;Defesa e Segurança;9
92776;Direito Constitucional;8
92776;Saúde;8
92776;Educação;7
92776;Processo Legislativo e Atuação Parlamentar;7
92776;Trabalho e Emprego;6
92776;Direito e Justiça;5
92776;Indústria, Comércio e Serviços;4
92776;Previdência e Assistência Social;4
92776;Direito Penal e Processual Penal;3
92776;Economia;3
92776;Meio Ambiente e Desenvolvimento Sustentável;3
92776;Agricultura, Pecuária, Pesca e Extrativismo;2
92776;Comunicações;2
92776;Viação, Transporte e Mobilidade;2
92776;Arte, Cultura e Religião;1
92776;Direito e Defesa do Consumidor;1
92776;Energia, Recursos Hídricos e Minerais;1
92776;Estrutura Fundiária;1
92776;Política, Partidos e Eleições;1
98057;Finanças Públicas e Orçamento;20
98057;Processo Legislativo e Atuação Parlamentar;20
98057;Administração Pública;18
98057;Direitos Humanos e Minorias;16
98057;Direito Constitucional;12
98057;Direito e Justiça;10
98057;Trabalho e Emprego;10
98057;Defesa e Segurança;8
98057;Direito Penal e Processual Penal;8
98057;Energia, Recursos Hídricos e Minerais;6
98057;Previdência e Assistência Social;6
98057;Saúde;6
98057;Direito e Defesa do Consumidor;5
98057;Economia;5
98057;Arte, Cultura e Religião;3
98057;Comunicações;3
98057;Indústria, Comércio e Serviços;3
98057;Meio Ambiente e Desenvolvimento Sustentável;3
98057;Relações Internacionais e Comércio Exterior;3
98057;Viação, Transporte e Mobilidade;3
98057;Agricultura, Pecuária, Pesca e Extrativismo;2
98057;Educação;2
98057;Estrutura Fundiária;2
98057;Homenagens e Datas Comemorativas;2
98057;Política, Partidos e Eleições;2
98057;Cidades e Desenvolvimento Urbano;1
98057;Direito Civil e Processual Civil;1
98148;Saúde;36
98148;Finanças Públicas e Orçamento;35
98148;Administração Pública;33
98148;Agricultura, Pecuária, Pesca e Extrativismo;28
98148;Viação, Transporte e Mobilidade;27
98148;Economia;26
98148;Direitos Humanos e Minorias;23
98148;Defesa e Segurança;19
98148;Meio Ambiente e Desenvolvimento Sustentável;19
98148;Trabalho e Emprego;19
98148;Indústria, Comércio e Serviços;17
98148;Processo Legislativo e Atuação Parlamentar;15
98148;Educação;13
98148;Homenagens e Datas Comemorativas;11
98148;Cidades e Desenvolvimento Urbano;10
98148;Direito Penal e Processual Penal;10
98148;Previdência e Assistência Social;10
98148;Direito e Justiça;9
98148;Relações Internacionais e Comércio Exterior;9
98148;Direito Constitucional;8
98148;Arte, Cultura e Religião;5
98148;Direito e Defesa do Consumidor;5
98148;Comunicações;4
98148;Política, Partidos e Eleições;4
98148;Ciência, Tecnologia e Inovação;3
98148;Direito Civil e Processual Civil;3
98148;Estrutura Fundiária;3
98148;Energia, Recursos Hídricos e Minerais;2
98148;Esporte e Lazer;2
98615;Direitos Humanos e Minorias;31
98615;Administração Pública;18
98615;Saúde;17
98615;Defesa e Segurança;14
98615;Finanças Públicas e Orçamento;14
98615;Processo Legislativo e Atuação Parlamentar;13
98615;Direito Penal e Processual Penal;11
98615;Direito e Justiça;8
98615;Previdência e Assistência Social;8
98615;Direito Constitucional;7
98615;Educação;7
98615;Trabalho e Emprego;7
98615;Economia;6
98615;Relações Internacionais e Comércio Exterior;5
98615;Meio Ambiente e Desenvolvimento Sustentável;4
98615;Arte, Cultura e Religião;3
98615;Comunicações;3
98615;Indústria, Comércio e Serviços;3
98615;Direito e Defesa do Consumidor;2
98615;Viação, Transporte e Mobilidade;2
98615;Agricultura, Pecuária, Pesca e Extrativismo;1
98615;Direito Civil e Processual Civil;1
98615;Homenagens e Datas Comemorativas;1
98615;Política, Partidos e Eleições;1
