id;ideol_18_mdb;ideol_18_ptb;ideol_18_pdt;ideol_18_pt;ideol_18_dem;ideol_18_p_cdo_b;ideol_18_psb;ideol_18_psdb;ideol_18_ptc;ideol_18_psc;ideol_18_pmn;ideol_18_prp;ideol_18_pps;ideol_18_pv;ideol_18_avante;ideol_18_progressistas;ideol_18_pstu;ideol_18_pcb;ideol_18_prtb;ideol_18_phs;ideol_18_dc;ideol_18_pco;ideol_18_pode;ideol_18_psl;ideol_18_prb;ideol_18_psol;ideol_18_pr;ideol_18_psd;ideol_18_ppl;ideol_18_patri;ideol_18_pros;ideol_18_sdd;ideol_18_novo;ideol_18_rede;ideol_18_pmb;obj_18_mdb;obj_18_ptb;obj_18_pdt;obj_18_pt;obj_18_dem;obj_18_p_cdo_b;obj_18_psb;obj_18_psdb;obj_18_ptc;obj_18_psc;obj_18_pmn;obj_18_prp;obj_18_pps;obj_18_pv;obj_18_avante;obj_18_progre;obj_18_pstu;obj_18_pcb;obj_18_prtb;obj_18_phs;obj_18_dc;obj_18_pco;obj_18_pode;obj_18_psl;obj_18_prb;obj_18_psol;obj_18_pr;obj_18_psd;obj_18_ppl;obj_18_patri;obj_18_pros;obj_18_sdd;obj_18_novo;obj_18_rede;obj_18_pmb;ideol_22_mdb;ideol_22_uniao;ideol_22_ptb;ideol_22_pdt;ideol_22_pt;ideol_22_p_cdo_b;ideol_22_psb;ideol_22_psdb;ideol_22_agir;ideol_22_psc;ideol_22_pmn;ideol_22_cdd;ideol_22_pv;ideol_22_avante;ideol_22_progre;ideol_22_pstu;ideol_22_pcb;ideol_22_prtb;ideol_22_dc;ideol_22_pco;ideol_22_podemos;ideol_22_rep;ideol_22_psol;ideol_22_pl;ideol_22_psd;ideol_22_patri;ideol_22_pros;ideol_22_sdd;ideol_22_novo;ideol_22_rede;ideol_22_pmb;ideol_22_up;obj_22_mdb;obj_22_ptb;obj_22_pdt;obj_22_pt;obj_22_p_cdo_b;obj_22_psb;obj_22_psdb;obj_22_agir;obj_22_psc;obj_22_pmn;obj_22_cdd;obj_22_pv;obj_22_avante;obj_22_progre;obj_22_pstu;obj_22_pcb;obj_22_prtb;obj_22_dc;obj_22_pco;obj_22_podemos;obj_22_rep;obj_22_psol;obj_22_pl;obj_22_psd;obj_22_patri;obj_22_pros;obj_22_sdd;obj_22_novo;obj_22_rede;obj_22_pmb;obj_22_uniao;obj_22_up
20180001;4;8;4;3;8;1;4;4;6;8;;;5;;7;8;1;2;8;;8;0;;6;8;2;7;7;4;9;7;6;6;5;;;;;;;;;;;;;;;;;;;;;;;;;;;;;;;;;;;;;;;;;;;;;;;;;;;;;;;;;;;;;;;;;;;;;;;;;;;;;;;;;;;;;;;;;;;;;;;;;;;;
20180002;6;7;4;1;10;0;1;6;9;10;;6;0;3;6;6;0;0;;1;9;0;4;7;6;0;8;4;9;10;7;3;10;3;6;vote-seeking;vote-seeking;office-seeking;policy-seeking;policy-seeking;policy-seeking;policy-seeking;policy-seeking;office-seeking;policy-seeking;não sei;office-seeking;policy-seeking;policy-seeking;não sei;vote-seeking;policy-seeking;policy-seeking;office-seeking;vote-seeking;office-seeking;policy-seeking;policy-seeking;office-seeking;office-seeking;policy-seeking;policy-seeking;office-seeking;não sei;policy-seeking;office-seeking;policy-seeking;policy-seeking;policy-seeking;office-seeking;;;;;;;;;;;;;;;;;;;;;;;;;;;;;;;;;;;;;;;;;;;;;;;;;;;;;;;;;;;;;;;;
20180003;;3;3;2;4;0;3;4;6;7;6;6;2;4;0;4;1;0;4;4;6;0;6;7;6;0;4;4;6;7;4;4;6;;4;;;;;;;;;;;;;;;;;;;;;;;;;;;;;;;;;;;;;;;;;;;;;;;;;;;;;;;;;;;;;;;;;;;;;;;;;;;;;;;;;;;;;;;;;;;;;;;;;;;
20180004;5;6;4;2;8;2;4;;8;8;4;;;;;7;0;0;7;;8;0;;9;7;1;6;;4;;;6;9;4;;office-seeking;office-seeking;office-seeking;vote-seeking;office-seeking;policy-seeking;vote-seeking;vote-seeking;não sei;policy-seeking;não sei;não sei;não sei;policy-seeking;não sei;office-seeking;policy-seeking;policy-seeking;não sei;não sei;não sei;policy-seeking;não sei;não sei;office-seeking;policy-seeking;office-seeking;office-seeking;não sei;não sei;não sei;office-seeking;policy-seeking;policy-seeking;não sei;;;;;;;;;;;;;;;;;;;;;;;;;;;;;;;;;;;;;;;;;;;;;;;;;;;;;;;;;;;;;;;;
20180005;;10;;;10;0;10;10;10;10;;10;0;;;10;0;0;10;10;10;0;;10;10;0;10;10;10;10;10;10;10;10;10;office-seeking;office-seeking;office-seeking;office-seeking;office-seeking;policy-seeking;office-seeking;vote-seeking;office-seeking;office-seeking;office-seeking;office-seeking;policy-seeking;office-seeking;office-seeking;office-seeking;policy-seeking;policy-seeking;office-seeking;office-seeking;office-seeking;policy-seeking;office-seeking;office-seeking;office-seeking;policy-seeking;office-seeking;office-seeking;office-seeking;office-seeking;office-seeking;office-seeking;office-seeking;office-seeking;office-seeking;;;;;;;;;;;;;;;;;;;;;;;;;;;;;;;;;;;;;;;;;;;;;;;;;;;;;;;;;;;;;;;;
20180006;6;3;;3;8;0;4;7;6;7;0;7;;;;7;0;0;;2;7;0;;7;6;3;10;7;5;7;3;2;6;4;4;;;;;;;;;;;;;;;;;;;;;;;;;;;;;;;;;;;;;;;;;;;;;;;;;;;;;;;;;;;;;;;;;;;;;;;;;;;;;;;;;;;;;;;;;;;;;;;;;;;
20180007;6;6;4;3;8;1;3;7;9;9;8;9;6;6;7;9;0;1;9;7;9;0;9;8;7;1;9;10;9;9;7;9;8;6;6;vote-seeking;office-seeking;vote-seeking;vote-seeking;office-seeking;policy-seeking;office-seeking;vote-seeking;office-seeking;office-seeking;office-seeking;office-seeking;office-seeking;policy-seeking;office-seeking;office-seeking;policy-seeking;policy-seeking;office-seeking;office-seeking;policy-seeking;policy-seeking;office-seeking;office-seeking;office-seeking;office-seeking;office-seeking;office-seeking;office-seeking;office-seeking;office-seeking;office-seeking;policy-seeking;vote-seeking;não sei;;;;;;;;;;;;;;;;;;;;;;;;;;;;;;;;;;;;;;;;;;;;;;;;;;;;;;;;;;;;;;;;
20180008;6;6;4;3;8;1;4;6;;8;4;;6;5;6;9;0;1;;4;8;0;5;9;8;1;8;5;;9;5;6;8;5;7;office-seeking;office-seeking;policy-seeking;policy-seeking;policy-seeking;policy-seeking;vote-seeking;policy-seeking;não sei;não sei;policy-seeking;não sei;vote-seeking;office-seeking;office-seeking;office-seeking;policy-seeking;não sei;não sei;não sei;não sei;policy-seeking;office-seeking;não sei;office-seeking;policy-seeking;office-seeking;office-seeking;não sei;não sei;office-seeking;office-seeking;policy-seeking;policy-seeking;office-seeking;;;;;;;;;;;;;;;;;;;;;;;;;;;;;;;;;;;;;;;;;;;;;;;;;;;;;;;;;;;;;;;;
20180009;;3;0;2;10;0;10;10;10;10;10;10;10;10;10;10;0;0;8;10;7;0;10;10;10;0;10;8;10;10;10;6;10;7;10;policy-seeking;office-seeking;office-seeking;policy-seeking;policy-seeking;vote-seeking;policy-seeking;policy-seeking;office-seeking;office-seeking;office-seeking;office-seeking;office-seeking;office-seeking;office-seeking;office-seeking;vote-seeking;vote-seeking;office-seeking;office-seeking;office-seeking;office-seeking;office-seeking;office-seeking;office-seeking;vote-seeking;office-seeking;office-seeking;office-seeking;office-seeking;office-seeking;vote-seeking;office-seeking;vote-seeking;office-seeking;;;;;;;;;;;;;;;;;;;;;;;;;;;;;;;;;;;;;;;;;;;;;;;;;;;;;;;;;;;;;;;;
20180010;;7;3;1;10;0;2;9;10;9;8;4;3;3;4;8;0;0;10;4;10;0;10;4;8;0;8;4;10;10;8;10;8;7;6;;;;;;;;;;;;;;;;;;;;;;;;;;;;;;;;;;;;;;;;;;;;;;;;;;;;;;;;;;;;;;;;;;;;;;;;;;;;;;;;;;;;;;;;;;;;;;;;;;;
20180011;5;7;4;3;9;2;4;5;7;8;4;7;6;5;8;9;0;0;8;;8;0;8;7;8;1;8;6;9;9;8;7;10;4;8;;;;;;;;;;;;;;;;;;;;;;;;;;;;;;;;;;;;;;;;;;;;;;;;;;;;;;;;;;;;;;;;;;;;;;;;;;;;;;;;;;;;;;;;;;;;;;;;;;;
20180012;6;8;3;2;8;2;3;7;6;10;10;;4;5;5;8;0;0;10;;10;0;;6;7;1;5;;4;5;;5;8;4;6;office-seeking;office-seeking;policy-seeking;policy-seeking;policy-seeking;policy-seeking;policy-seeking;policy-seeking;não sei;policy-seeking;não sei;não sei;office-seeking;office-seeking;office-seeking;office-seeking;policy-seeking;policy-seeking;policy-seeking;não sei;policy-seeking;policy-seeking;office-seeking;;office-seeking;policy-seeking;office-seeking;office-seeking;policy-seeking;office-seeking;não sei;office-seeking;policy-seeking;policy-seeking;não sei;;;;;;;;;;;;;;;;;;;;;;;;;;;;;;;;;;;;;;;;;;;;;;;;;;;;;;;;;;;;;;;;
20180013;5;6;4;2;8;1;4;5;7;7;4;6;3;5;4;6;1;1;;6;6;0;4;7;6;2;6;6;4;7;8;6;6;4;6;office-seeking;;office-seeking;vote-seeking;office-seeking;policy-seeking;office-seeking;office-seeking;office-seeking;office-seeking;office-seeking;office-seeking;office-seeking;não sei;não sei;office-seeking;policy-seeking;office-seeking;não sei;não sei;não sei;policy-seeking;não sei;não sei;office-seeking;não sei;office-seeking;office-seeking;não sei;não sei;não sei;não sei;policy-seeking;policy-seeking;não sei;;;;;;;;;;;;;;;;;;;;;;;;;;;;;;;;;;;;;;;;;;;;;;;;;;;;;;;;;;;;;;;;
20180014;7;7;4;3;8;3;5;7;7;7;6;7;7;6;7;8;1;3;7;7;7;1;7;7;7;2;7;7;7;8;7;8;8;7;5;office-seeking;office-seeking;policy-seeking;policy-seeking;office-seeking;policy-seeking;office-seeking;policy-seeking;office-seeking;office-seeking;office-seeking;office-seeking;office-seeking;office-seeking;office-seeking;office-seeking;policy-seeking;policy-seeking;office-seeking;office-seeking;office-seeking;policy-seeking;office-seeking;office-seeking;office-seeking;policy-seeking;office-seeking;office-seeking;office-seeking;office-seeking;office-seeking;office-seeking;policy-seeking;policy-seeking;office-seeking;;;;;;;;;;;;;;;;;;;;;;;;;;;;;;;;;;;;;;;;;;;;;;;;;;;;;;;;;;;;;;;;
20180015;4;2;3;1;4;0;1;4;4;4;4;4;0;1;0;3;0;0;0;4;4;0;4;4;4;0;4;4;6;6;4;1;7;0;0;vote-seeking;office-seeking;policy-seeking;policy-seeking;office-seeking;policy-seeking;office-seeking;vote-seeking;vote-seeking;policy-seeking;office-seeking;office-seeking;policy-seeking;vote-seeking;office-seeking;office-seeking;policy-seeking;office-seeking;policy-seeking;office-seeking;office-seeking;office-seeking;office-seeking;office-seeking;vote-seeking;policy-seeking;office-seeking;office-seeking;office-seeking;policy-seeking;office-seeking;office-seeking;policy-seeking;policy-seeking;policy-seeking;;;;;;;;;;;;;;;;;;;;;;;;;;;;;;;;;;;;;;;;;;;;;;;;;;;;;;;;;;;;;;;;
20180016;10;3;10;0;10;0;7;10;10;10;;7;4;2;10;9;4;3;;7;8;;10;10;9;2;10;10;10;10;10;;;1;7;;;;;;;;;;;;;;;;;;;;;;;;;;;;;;;;;;;;;;;;;;;;;;;;;;;;;;;;;;;;;;;;;;;;;;;;;;;;;;;;;;;;;;;;;;;;;;;;;;;
20180017;;8;3;4;10;0;2;7;9;7;9;4;4;7;7;8;0;0;9;9;8;0;8;10;7;1;9;10;2;9;;4;10;4;3;office-seeking;policy-seeking;policy-seeking;policy-seeking;policy-seeking;policy-seeking;policy-seeking;policy-seeking;não sei;office-seeking;não sei;não sei;policy-seeking;policy-seeking;office-seeking;office-seeking;policy-seeking;policy-seeking;não sei;policy-seeking;office-seeking;policy-seeking;não sei;policy-seeking;office-seeking;não sei;office-seeking;não sei;policy-seeking;policy-seeking;não sei;office-seeking;policy-seeking;não sei;policy-seeking;;;;;;;;;;;;;;;;;;;;;;;;;;;;;;;;;;;;;;;;;;;;;;;;;;;;;;;;;;;;;;;;
20180018;6;8;4;4;8;3;4;6;8;7;7;7;6;4;8;8;0;0;10;8;8;1;7;5;7;2;7;7;7;7;8;7;7;4;7;;;;;;;;;;;;;;;;;;;;;;;;;;;;;;;;;;;;;;;;;;;;;;;;;;;;;;;;;;;;;;;;;;;;;;;;;;;;;;;;;;;;;;;;;;;;;;;;;;;
20180019;5;7;3;2;6;1;3;4;8;8;7;7;5;4;7;6;0;0;6;6;7;0;6;9;6;1;7;6;7;6;6;5;7;4;7;vote-seeking;office-seeking;vote-seeking;policy-seeking;vote-seeking;policy-seeking;policy-seeking;policy-seeking;office-seeking;office-seeking;office-seeking;office-seeking;vote-seeking;policy-seeking;office-seeking;vote-seeking;policy-seeking;policy-seeking;office-seeking;office-seeking;office-seeking;policy-seeking;vote-seeking;office-seeking;office-seeking;policy-seeking;office-seeking;vote-seeking;office-seeking;office-seeking;office-seeking;office-seeking;policy-seeking;policy-seeking;vote-seeking;;;;;;;;;;;;;;;;;;;;;;;;;;;;;;;;;;;;;;;;;;;;;;;;;;;;;;;;;;;;;;;;
20180020;6;3;3;3;7;1;4;7;6;8;;6;;5;4;9;0;2;7;8;5;0;7;6;7;2;8;6;7;6;7;;7;4;6;vote-seeking;vote-seeking;vote-seeking;office-seeking;vote-seeking;office-seeking;office-seeking;vote-seeking;vote-seeking;vote-seeking;vote-seeking;vote-seeking;vote-seeking;vote-seeking;vote-seeking;vote-seeking;policy-seeking;policy-seeking;vote-seeking;vote-seeking;vote-seeking;policy-seeking;vote-seeking;vote-seeking;vote-seeking;policy-seeking;vote-seeking;vote-seeking;vote-seeking;vote-seeking;vote-seeking;vote-seeking;vote-seeking;vote-seeking;vote-seeking;;;;;;;;;;;;;;;;;;;;;;;;;;;;;;;;;;;;;;;;;;;;;;;;;;;;;;;;;;;;;;;;
20180021;5;6;3;4;8;4;2;;;6;;7;3;4;;7;0;1;;;;0;6;;8;1;8;7;9;8;;6;;2;;;;;;;;;;;;;;;;;;;;;;;;;;;;;;;;;;;;;;;;;;;;;;;;;;;;;;;;;;;;;;;;;;;;;;;;;;;;;;;;;;;;;;;;;;;;;;;;;;;;
20180022;5;5;4;;8;2;;5;7;7;7;7;5;;4;8;1;1;8;;7;1;7;6;7;1;7;6;7;7;8;8;;4;;office-seeking;não sei;vote-seeking;vote-seeking;office-seeking;não sei;vote-seeking;vote-seeking;não sei;office-seeking;office-seeking;não sei;não sei;office-seeking;não sei;office-seeking;não sei;não sei;office-seeking;não sei;office-seeking;não sei;office-seeking;não sei;não sei;policy-seeking;office-seeking;office-seeking;não sei;não sei;office-seeking;office-seeking;vote-seeking;policy-seeking;não sei;;;;;;;;;;;;;;;;;;;;;;;;;;;;;;;;;;;;;;;;;;;;;;;;;;;;;;;;;;;;;;;;
20180023;5;6;4;2;10;3;4;6;6;8;6;10;8;6;10;9;0;1;6;5;10;0;7;10;7;0;10;6;10;10;10;8;10;5;6;office-seeking;office-seeking;policy-seeking;policy-seeking;office-seeking;office-seeking;policy-seeking;policy-seeking;office-seeking;office-seeking;office-seeking;office-seeking;policy-seeking;vote-seeking;office-seeking;office-seeking;vote-seeking;vote-seeking;vote-seeking;não sei;office-seeking;vote-seeking;office-seeking;office-seeking;policy-seeking;vote-seeking;office-seeking;office-seeking;não sei;office-seeking;office-seeking;office-seeking;vote-seeking;vote-seeking;office-seeking;;;;;;;;;;;;;;;;;;;;;;;;;;;;;;;;;;;;;;;;;;;;;;;;;;;;;;;;;;;;;;;;
20180024;7;9;6;5;8;4;6;8;8;8;6;6;6;6;7;9;1;7;8;6;9;2;8;8;8;3;8;7;9;8;8;7;9;6;8;;;;;;;;;;;;;;;;;;;;;;;;;;;;;;;;;;;;;;;;;;;;;;;;;;;;;;;;;;;;;;;;;;;;;;;;;;;;;;;;;;;;;;;;;;;;;;;;;;;
20180025;8;7;3;2;8;1;5;8;7;8;7;7;7;7;8;7;0;5;6;6;7;0;6;7;8;2;8;7;8;9;7;7;7;7;7;office-seeking;office-seeking;policy-seeking;policy-seeking;policy-seeking;policy-seeking;policy-seeking;policy-seeking;office-seeking;vote-seeking;vote-seeking;office-seeking;office-seeking;office-seeking;office-seeking;vote-seeking;policy-seeking;policy-seeking;office-seeking;office-seeking;vote-seeking;policy-seeking;vote-seeking;vote-seeking;vote-seeking;policy-seeking;office-seeking;office-seeking;vote-seeking;vote-seeking;office-seeking;office-seeking;vote-seeking;vote-seeking;office-seeking;;;;;;;;;;;;;;;;;;;;;;;;;;;;;;;;;;;;;;;;;;;;;;;;;;;;;;;;;;;;;;;;
20180026;10;10;2;0;10;0;4;10;8;10;10;7;10;10;8;10;0;0;10;7;7;0;7;10;6;3;7;10;0;10;10;8;10;9;7;policy-seeking;vote-seeking;policy-seeking;policy-seeking;policy-seeking;policy-seeking;vote-seeking;policy-seeking;office-seeking;office-seeking;office-seeking;office-seeking;office-seeking;office-seeking;office-seeking;vote-seeking;policy-seeking;policy-seeking;office-seeking;office-seeking;office-seeking;policy-seeking;office-seeking;office-seeking;office-seeking;policy-seeking;office-seeking;office-seeking;policy-seeking;office-seeking;office-seeking;office-seeking;office-seeking;office-seeking;office-seeking;;;;;;;;;;;;;;;;;;;;;;;;;;;;;;;;;;;;;;;;;;;;;;;;;;;;;;;;;;;;;;;;
20180027;;3;3;3;10;0;3;7;8;8;;6;3;5;3;6;0;0;;;8;1;8;6;6;2;7;4;8;7;8;6;9;;;office-seeking;policy-seeking;office-seeking;policy-seeking;office-seeking;policy-seeking;policy-seeking;policy-seeking;não sei;office-seeking;não sei;não sei;policy-seeking;vote-seeking;não sei;não sei;policy-seeking;policy-seeking;;não sei;vote-seeking;policy-seeking;não sei;não sei;não sei;não sei;não sei;office-seeking;não sei;não sei;não sei;vote-seeking;vote-seeking;vote-seeking;vote-seeking;;;;;;;;;;;;;;;;;;;;;;;;;;;;;;;;;;;;;;;;;;;;;;;;;;;;;;;;;;;;;;;;
20180028;6;6;4;2;8;1;3;6;7;6;6;6;6;6;6;8;0;0;;5;7;0;7;7;6;2;7;;7;;7;7;8;4;;;;;;;;;;;;;;;;;;;;;;;;;;;;;;;;;;;;;;;;;;;;;;;;;;;;;;;;;;;;;;;;;;;;;;;;;;;;;;;;;;;;;;;;;;;;;;;;;;;;
20180029;6;6;4;4;8;3;4;6;6;7;6;6;;6;6;7;3;3;7;6;7;3;6;6;7;3;6;7;5;7;6;6;7;;7;vote-seeking;não sei;office-seeking;vote-seeking;vote-seeking;policy-seeking;não sei;vote-seeking;não sei;não sei;office-seeking;não sei;office-seeking;policy-seeking;não sei;vote-seeking;não sei;não sei;não sei;não sei;não sei;não sei;não sei;não sei;não sei;policy-seeking;não sei;office-seeking;não sei;não sei;office-seeking;não sei;não sei;office-seeking;não sei;;;;;;;;;;;;;;;;;;;;;;;;;;;;;;;;;;;;;;;;;;;;;;;;;;;;;;;;;;;;;;;;
20180030;;;;4;10;0;4;10;10;10;0;10;0;0;4;10;3;0;6;4;7;4;5;10;10;3;8;;1;10;10;3;10;6;0;;;;;;;;;;;;;;;;;;;;;;;;;;;;;;;;;;;;;;;;;;;;;;;;;;;;;;;;;;;;;;;;;;;;;;;;;;;;;;;;;;;;;;;;;;;;;;;;;;;
20180031;8;6;4;3;8;1;3;6;9;7;8;9;4;4;9;9;0;1;9;6;8;0;8;9;9;0;8;8;10;9;9;7;8;3;7;office-seeking;office-seeking;vote-seeking;vote-seeking;office-seeking;policy-seeking;policy-seeking;vote-seeking;office-seeking;office-seeking;office-seeking;office-seeking;não sei;policy-seeking;não sei;office-seeking;policy-seeking;policy-seeking;não sei;não sei;office-seeking;policy-seeking;office-seeking;office-seeking;office-seeking;policy-seeking;office-seeking;office-seeking;não sei;não sei;office-seeking;vote-seeking;vote-seeking;policy-seeking;não sei;;;;;;;;;;;;;;;;;;;;;;;;;;;;;;;;;;;;;;;;;;;;;;;;;;;;;;;;;;;;;;;;
20180032;10;10;7;6;10;6;7;8;10;10;10;10;10;8;10;10;0;0;10;10;10;0;10;10;10;2;10;10;10;10;10;10;10;7;10;office-seeking;office-seeking;policy-seeking;policy-seeking;policy-seeking;policy-seeking;vote-seeking;policy-seeking;não sei;não sei;não sei;não sei;office-seeking;não sei;não sei;não sei;policy-seeking;policy-seeking;não sei;não sei;não sei;policy-seeking;não sei;não sei;não sei;policy-seeking;não sei;não sei;não sei;não sei;não sei;vote-seeking;não sei;policy-seeking;não sei;;;;;;;;;;;;;;;;;;;;;;;;;;;;;;;;;;;;;;;;;;;;;;;;;;;;;;;;;;;;;;;;
20180033;10;2;8;1;9;0;3;10;10;10;10;9;10;9;9;9;0;0;10;9;10;;8;8;10;1;10;10;10;9;9;9;9;8;10;policy-seeking;vote-seeking;vote-seeking;policy-seeking;policy-seeking;não sei;vote-seeking;vote-seeking;vote-seeking;vote-seeking;vote-seeking;vote-seeking;vote-seeking;policy-seeking;vote-seeking;policy-seeking;policy-seeking;não sei;vote-seeking;vote-seeking;vote-seeking;não sei;vote-seeking;vote-seeking;policy-seeking;policy-seeking;vote-seeking;vote-seeking;office-seeking;não sei;vote-seeking;vote-seeking;não sei;vote-seeking;vote-seeking;;;;;;;;;;;;;;;;;;;;;;;;;;;;;;;;;;;;;;;;;;;;;;;;;;;;;;;;;;;;;;;;
20180034;;7;4;3;10;0;5;7;9;9;6;9;;;9;10;0;0;9;6;10;0;9;10;7;0;6;;10;10;7;7;9;;7;vote-seeking;office-seeking;policy-seeking;policy-seeking;policy-seeking;vote-seeking;policy-seeking;policy-seeking;office-seeking;office-seeking;office-seeking;office-seeking;policy-seeking;vote-seeking;office-seeking;office-seeking;policy-seeking;policy-seeking;office-seeking;office-seeking;office-seeking;policy-seeking;office-seeking;office-seeking;office-seeking;policy-seeking;office-seeking;office-seeking;office-seeking;office-seeking;office-seeking;office-seeking;policy-seeking;policy-seeking;office-seeking;;;;;;;;;;;;;;;;;;;;;;;;;;;;;;;;;;;;;;;;;;;;;;;;;;;;;;;;;;;;;;;;
20180035;8;5;6;5;7;1;3;7;10;9;;9;1;8;2;9;0;0;5;8;10;0;5;9;8;1;8;;5;9;10;5;8;5;5;office-seeking;não sei;vote-seeking;policy-seeking;office-seeking;policy-seeking;policy-seeking;policy-seeking;não sei;office-seeking;não sei;não sei;não sei;office-seeking;policy-seeking;office-seeking;policy-seeking;policy-seeking;não sei;não sei;office-seeking;policy-seeking;não sei;office-seeking;não sei;policy-seeking;não sei;office-seeking;não sei;office-seeking;não sei;office-seeking;policy-seeking;vote-seeking;não sei;;;;;;;;;;;;;;;;;;;;;;;;;;;;;;;;;;;;;;;;;;;;;;;;;;;;;;;;;;;;;;;;
20180036;;8;4;3;8;3;4;6;8;7;7;7;4;;9;10;0;0;9;;8;0;8;10;7;1;9;9;4;10;7;10;10;5;6;office-seeking;office-seeking;policy-seeking;policy-seeking;policy-seeking;office-seeking;office-seeking;policy-seeking;office-seeking;office-seeking;office-seeking;office-seeking;office-seeking;office-seeking;office-seeking;office-seeking;policy-seeking;office-seeking;office-seeking;office-seeking;office-seeking;policy-seeking;não sei;não sei;office-seeking;policy-seeking;office-seeking;office-seeking;não sei;vote-seeking;office-seeking;office-seeking;vote-seeking;vote-seeking;office-seeking;;;;;;;;;;;;;;;;;;;;;;;;;;;;;;;;;;;;;;;;;;;;;;;;;;;;;;;;;;;;;;;;
20180037;5;;3;2;9;1;4;7;6;8;;7;4;;;9;1;1;9;5;9;0;6;5;8;1;6;6;2;8;;;9;2;;vote-seeking;office-seeking;vote-seeking;policy-seeking;office-seeking;office-seeking;office-seeking;vote-seeking;não sei;vote-seeking;não sei;não sei;policy-seeking;vote-seeking;policy-seeking;vote-seeking;policy-seeking;policy-seeking;não sei;não sei;vote-seeking;policy-seeking;não sei;não sei;office-seeking;policy-seeking;office-seeking;office-seeking;não sei;não sei;não sei;não sei;policy-seeking;vote-seeking;não sei;;;;;;;;;;;;;;;;;;;;;;;;;;;;;;;;;;;;;;;;;;;;;;;;;;;;;;;;;;;;;;;;
20180038;8;7;3;2;9;1;4;9;9;9;;;9;7;7;9;0;1;;;8;0;7;9;7;1;7;7;4;9;8;7;10;9;;office-seeking;office-seeking;vote-seeking;policy-seeking;policy-seeking;policy-seeking;vote-seeking;policy-seeking;office-seeking;policy-seeking;não sei;não sei;office-seeking;vote-seeking;office-seeking;vote-seeking;policy-seeking;policy-seeking;não sei;não sei;office-seeking;policy-seeking;vote-seeking;office-seeking;office-seeking;policy-seeking;office-seeking;office-seeking;vote-seeking;vote-seeking;office-seeking;office-seeking;policy-seeking;vote-seeking;office-seeking;;;;;;;;;;;;;;;;;;;;;;;;;;;;;;;;;;;;;;;;;;;;;;;;;;;;;;;;;;;;;;;;
20180039;6;6;4;3;8;2;2;6;9;9;9;9;3;3;3;9;1;2;9;6;9;0;9;10;8;1;8;7;10;9;8;3;9;1;2;office-seeking;office-seeking;office-seeking;policy-seeking;office-seeking;office-seeking;policy-seeking;policy-seeking;vote-seeking;vote-seeking;vote-seeking;vote-seeking;office-seeking;policy-seeking;vote-seeking;vote-seeking;policy-seeking;office-seeking;vote-seeking;vote-seeking;vote-seeking;policy-seeking;vote-seeking;vote-seeking;vote-seeking;policy-seeking;vote-seeking;office-seeking;vote-seeking;vote-seeking;vote-seeking;office-seeking;vote-seeking;policy-seeking;policy-seeking;;;;;;;;;;;;;;;;;;;;;;;;;;;;;;;;;;;;;;;;;;;;;;;;;;;;;;;;;;;;;;;;
20180040;6;6;4;3;9;3;4;8;5;8;7;8;8;7;7;8;0;0;7;6;9;0;8;9;8;1;7;6;4;10;8;7;10;;10;office-seeking;office-seeking;office-seeking;policy-seeking;não sei;policy-seeking;office-seeking;policy-seeking;não sei;vote-seeking;vote-seeking;não sei;office-seeking;não sei;vote-seeking;office-seeking;policy-seeking;policy-seeking;não sei;não sei;não sei;policy-seeking;vote-seeking;não sei;vote-seeking;policy-seeking;office-seeking;office-seeking;office-seeking;vote-seeking;não sei;vote-seeking;policy-seeking;policy-seeking;não sei;;;;;;;;;;;;;;;;;;;;;;;;;;;;;;;;;;;;;;;;;;;;;;;;;;;;;;;;;;;;;;;;
20180041;7;7;2;2;9;1;3;8;10;10;8;8;7;4;8;8;0;1;8;8;10;0;8;10;9;0;8;8;3;7;7;8;10;4;8;vote-seeking;vote-seeking;policy-seeking;office-seeking;policy-seeking;office-seeking;office-seeking;office-seeking;vote-seeking;office-seeking;vote-seeking;não sei;office-seeking;office-seeking;vote-seeking;vote-seeking;policy-seeking;policy-seeking;não sei;vote-seeking;não sei;policy-seeking;vote-seeking;policy-seeking;vote-seeking;policy-seeking;vote-seeking;vote-seeking;vote-seeking;office-seeking;vote-seeking;vote-seeking;policy-seeking;policy-seeking;office-seeking;;;;;;;;;;;;;;;;;;;;;;;;;;;;;;;;;;;;;;;;;;;;;;;;;;;;;;;;;;;;;;;;
20180042;6;5;5;2;9;1;3;6;9;10;6;9;7;6;7;9;0;1;9;8;6;0;6;10;9;0;8;6;7;7;7;6;9;6;7;office-seeking;vote-seeking;policy-seeking;policy-seeking;policy-seeking;policy-seeking;policy-seeking;policy-seeking;vote-seeking;policy-seeking;office-seeking;office-seeking;não sei;policy-seeking;office-seeking;office-seeking;policy-seeking;policy-seeking;não sei;não sei;office-seeking;policy-seeking;não sei;office-seeking;office-seeking;policy-seeking;office-seeking;vote-seeking;não sei;office-seeking;office-seeking;vote-seeking;não sei;policy-seeking;não sei;;;;;;;;;;;;;;;;;;;;;;;;;;;;;;;;;;;;;;;;;;;;;;;;;;;;;;;;;;;;;;;;
20180043;8;4;4;4;9;1;4;7;9;9;9;9;6;6;;9;1;1;9;6;10;1;9;10;9;2;9;4;9;10;8;;8;6;9;office-seeking;não sei;não sei;policy-seeking;vote-seeking;policy-seeking;vote-seeking;vote-seeking;não sei;não sei;não sei;não sei;office-seeking;vote-seeking;não sei;não sei;policy-seeking;policy-seeking;;não sei;vote-seeking;policy-seeking;não sei;vote-seeking;não sei;policy-seeking;vote-seeking;não sei;não sei;não sei;não sei;;vote-seeking;vote-seeking;vote-seeking;;;;;;;;;;;;;;;;;;;;;;;;;;;;;;;;;;;;;;;;;;;;;;;;;;;;;;;;;;;;;;;;
20180044;6;3;2;1;10;2;3;9;10;10;;10;5;6;10;;0;0;10;10;10;0;8;10;;0;9;10;;10;10;10;;9;;vote-seeking;não sei;policy-seeking;policy-seeking;policy-seeking;policy-seeking;policy-seeking;policy-seeking;office-seeking;office-seeking;não sei;office-seeking;office-seeking;vote-seeking;office-seeking;office-seeking;não sei;não sei;não sei;não sei;não sei;policy-seeking;vote-seeking;office-seeking;office-seeking;policy-seeking;office-seeking;office-seeking;não sei;office-seeking;office-seeking;office-seeking;não sei;office-seeking;não sei;;;;;;;;;;;;;;;;;;;;;;;;;;;;;;;;;;;;;;;;;;;;;;;;;;;;;;;;;;;;;;;;
20180045;7;10;4;1;10;2;6;9;9;10;7;10;5;5;6;10;0;1;10;6;9;0;10;10;10;2;10;10;10;10;10;10;7;5;5;;;;;;;;;;;;;;;;;;;;;;;;;;;;;;;;;;;;;;;;;;;;;;;;;;;;;;;;;;;;;;;;;;;;;;;;;;;;;;;;;;;;;;;;;;;;;;;;;;;
20180046;7;6;3;2;9;1;4;6;8;8;6;7;4;;8;7;0;0;;9;9;0;8;9;9;1;8;9;9;9;7;8;6;;7;vote-seeking;office-seeking;vote-seeking;vote-seeking;vote-seeking;policy-seeking;vote-seeking;vote-seeking;office-seeking;policy-seeking;office-seeking;office-seeking;office-seeking;policy-seeking;office-seeking;office-seeking;policy-seeking;policy-seeking;office-seeking;office-seeking;policy-seeking;policy-seeking;office-seeking;office-seeking;office-seeking;policy-seeking;office-seeking;office-seeking;office-seeking;office-seeking;office-seeking;office-seeking;office-seeking;office-seeking;office-seeking;;;;;;;;;;;;;;;;;;;;;;;;;;;;;;;;;;;;;;;;;;;;;;;;;;;;;;;;;;;;;;;;
20180047;6;7;4;4;7;3;4;6;6;7;6;7;6;6;5;8;1;3;7;7;6;1;6;6;6;3;8;7;7;8;6;6;8;;8;;;;;;;;;;;;;;;;;;;;;;;;;;;;;;;;;;;;;;;;;;;;;;;;;;;;;;;;;;;;;;;;;;;;;;;;;;;;;;;;;;;;;;;;;;;;;;;;;;;
20180048;8;7;4;2;10;4;4;8;8;8;8;8;9;6;8;8;0;0;9;8;9;0;8;10;8;1;7;9;10;10;6;8;9;6;8;vote-seeking;vote-seeking;vote-seeking;office-seeking;vote-seeking;office-seeking;vote-seeking;office-seeking;vote-seeking;vote-seeking;vote-seeking;vote-seeking;vote-seeking;policy-seeking;vote-seeking;vote-seeking;policy-seeking;policy-seeking;vote-seeking;vote-seeking;vote-seeking;policy-seeking;vote-seeking;vote-seeking;vote-seeking;policy-seeking;vote-seeking;vote-seeking;vote-seeking;vote-seeking;vote-seeking;vote-seeking;vote-seeking;vote-seeking;vote-seeking;;;;;;;;;;;;;;;;;;;;;;;;;;;;;;;;;;;;;;;;;;;;;;;;;;;;;;;;;;;;;;;;
20180049;10;;3;4;10;0;0;9;10;10;;7;0;7;1;7;0;0;10;10;9;0;;9;6;1;10;7;9;10;10;10;6;6;9;;;;;;;;;;;;;;;;;;;;;;;;;;;;;;;;;;;;;;;;;;;;;;;;;;;;;;;;;;;;;;;;;;;;;;;;;;;;;;;;;;;;;;;;;;;;;;;;;;;
20180050;6;7;4;3;9;1;4;6;6;7;6;8;5;4;6;6;0;1;6;6;9;0;7;6;7;1;6;7;6;10;6;6;8;5;6;policy-seeking;vote-seeking;vote-seeking;policy-seeking;office-seeking;policy-seeking;office-seeking;office-seeking;office-seeking;vote-seeking;policy-seeking;policy-seeking;office-seeking;policy-seeking;vote-seeking;policy-seeking;policy-seeking;policy-seeking;office-seeking;office-seeking;vote-seeking;policy-seeking;office-seeking;vote-seeking;office-seeking;policy-seeking;vote-seeking;office-seeking;office-seeking;vote-seeking;office-seeking;vote-seeking;office-seeking;policy-seeking;vote-seeking;;;;;;;;;;;;;;;;;;;;;;;;;;;;;;;;;;;;;;;;;;;;;;;;;;;;;;;;;;;;;;;;
20180051;;6;3;3;8;2;4;7;9;9;6;9;6;;6;8;0;0;8;7;9;0;7;10;9;1;9;7;3;9;6;6;10;4;8;vote-seeking;office-seeking;vote-seeking;policy-seeking;vote-seeking;policy-seeking;vote-seeking;policy-seeking;não sei;office-seeking;office-seeking;vote-seeking;vote-seeking;vote-seeking;office-seeking;office-seeking;policy-seeking;policy-seeking;office-seeking;office-seeking;office-seeking;policy-seeking;office-seeking;office-seeking;office-seeking;policy-seeking;vote-seeking;office-seeking;policy-seeking;office-seeking;office-seeking;vote-seeking;policy-seeking;vote-seeking;office-seeking;;;;;;;;;;;;;;;;;;;;;;;;;;;;;;;;;;;;;;;;;;;;;;;;;;;;;;;;;;;;;;;;
20180052;;6;4;4;7;4;4;6;6;6;6;6;6;;6;7;2;1;7;6;6;1;6;7;6;3;6;6;4;6;6;6;7;;6;office-seeking;office-seeking;policy-seeking;policy-seeking;policy-seeking;policy-seeking;policy-seeking;policy-seeking;não sei;vote-seeking;;vote-seeking;policy-seeking;policy-seeking;não sei;vote-seeking;policy-seeking;policy-seeking;vote-seeking;não sei;office-seeking;policy-seeking;vote-seeking;vote-seeking;office-seeking;policy-seeking;vote-seeking;office-seeking;policy-seeking;não sei;vote-seeking;;não sei;policy-seeking;office-seeking;;;;;;;;;;;;;;;;;;;;;;;;;;;;;;;;;;;;;;;;;;;;;;;;;;;;;;;;;;;;;;;;
20180053;6;4;4;4;9;3;4;6;8;8;8;9;6;3;4;6;0;1;6;6;8;0;9;4;6;1;6;6;7;8;9;9;9;4;7;office-seeking;policy-seeking;policy-seeking;policy-seeking;policy-seeking;policy-seeking;office-seeking;policy-seeking;não sei;office-seeking;não sei;não sei;office-seeking;vote-seeking;não sei;não sei;policy-seeking;policy-seeking;não sei;não sei;não sei;policy-seeking;não sei;não sei;não sei;policy-seeking;não sei;não sei;não sei;não sei;não sei;office-seeking;não sei;vote-seeking;não sei;;;;;;;;;;;;;;;;;;;;;;;;;;;;;;;;;;;;;;;;;;;;;;;;;;;;;;;;;;;;;;;;
20180054;6;6;2;2;10;1;4;8;10;8;10;10;3;4;8;10;0;0;10;9;9;0;9;9;10;0;10;10;10;9;10;7;10;4;4;policy-seeking;office-seeking;policy-seeking;policy-seeking;office-seeking;policy-seeking;policy-seeking;policy-seeking;vote-seeking;vote-seeking;não sei;não sei;policy-seeking;policy-seeking;não sei;office-seeking;policy-seeking;policy-seeking;não sei;não sei;não sei;policy-seeking;vote-seeking;não sei;office-seeking;policy-seeking;office-seeking;office-seeking;não sei;não sei;vote-seeking;vote-seeking;não sei;policy-seeking;não sei;;;;;;;;;;;;;;;;;;;;;;;;;;;;;;;;;;;;;;;;;;;;;;;;;;;;;;;;;;;;;;;;
20180055;;10;4;3;10;3;6;10;8;10;10;10;10;10;10;10;7;3;10;10;10;2;10;10;10;4;10;10;10;10;10;10;10;10;10;office-seeking;office-seeking;office-seeking;policy-seeking;office-seeking;office-seeking;office-seeking;policy-seeking;office-seeking;vote-seeking;vote-seeking;vote-seeking;vote-seeking;vote-seeking;vote-seeking;office-seeking;não sei;policy-seeking;vote-seeking;vote-seeking;vote-seeking;office-seeking;vote-seeking;vote-seeking;office-seeking;vote-seeking;office-seeking;vote-seeking;office-seeking;vote-seeking;vote-seeking;vote-seeking;policy-seeking;vote-seeking;vote-seeking;;;;;;;;;;;;;;;;;;;;;;;;;;;;;;;;;;;;;;;;;;;;;;;;;;;;;;;;;;;;;;;;
20180056;5;7;3;3;7;3;3;5;6;8;6;7;4;4;6;;0;2;5;5;8;0;6;6;8;2;8;5;10;9;7;4;6;4;4;office-seeking;vote-seeking;office-seeking;office-seeking;office-seeking;office-seeking;office-seeking;office-seeking;vote-seeking;vote-seeking;vote-seeking;vote-seeking;office-seeking;não sei;vote-seeking;vote-seeking;policy-seeking;policy-seeking;vote-seeking;vote-seeking;vote-seeking;policy-seeking;não sei;vote-seeking;vote-seeking;policy-seeking;vote-seeking;office-seeking;vote-seeking;policy-seeking;vote-seeking;vote-seeking;policy-seeking;policy-seeking;vote-seeking;;;;;;;;;;;;;;;;;;;;;;;;;;;;;;;;;;;;;;;;;;;;;;;;;;;;;;;;;;;;;;;;
20180057;8;8;4;4;9;0;;9;10;10;5;7;4;6;7;9;0;0;9;8;10;0;8;10;8;0;8;6;;10;8;;9;5;7;vote-seeking;não sei;não sei;office-seeking;office-seeking;policy-seeking;não sei;office-seeking;não sei;não sei;não sei;não sei;não sei;vote-seeking;não sei;não sei;policy-seeking;policy-seeking;não sei;não sei;office-seeking;policy-seeking;não sei;não sei;não sei;policy-seeking;não sei;não sei;não sei;office-seeking;não sei;não sei;office-seeking;não sei;não sei;;;;;;;;;;;;;;;;;;;;;;;;;;;;;;;;;;;;;;;;;;;;;;;;;;;;;;;;;;;;;;;;
20180058;10;5;5;3;9;0;;8;10;10;;5;10;;4;8;0;0;;7;9;0;10;8;9;0;7;;10;10;10;;10;7;5;office-seeking;office-seeking;office-seeking;vote-seeking;office-seeking;office-seeking;office-seeking;vote-seeking;office-seeking;office-seeking;office-seeking;office-seeking;office-seeking;office-seeking;office-seeking;office-seeking;policy-seeking;policy-seeking;office-seeking;office-seeking;office-seeking;policy-seeking;não sei;office-seeking;office-seeking;policy-seeking;office-seeking;office-seeking;office-seeking;office-seeking;office-seeking;policy-seeking;não sei;policy-seeking;não sei;;;;;;;;;;;;;;;;;;;;;;;;;;;;;;;;;;;;;;;;;;;;;;;;;;;;;;;;;;;;;;;;
20180059;6;;4;3;9;1;4;6;6;8;9;8;7;;4;10;0;1;5;8;8;0;8;;8;1;9;7;10;10;6;;8;5;7;office-seeking;policy-seeking;office-seeking;policy-seeking;office-seeking;policy-seeking;office-seeking;policy-seeking;office-seeking;office-seeking;office-seeking;office-seeking;office-seeking;policy-seeking;policy-seeking;office-seeking;policy-seeking;policy-seeking;vote-seeking;office-seeking;office-seeking;policy-seeking;office-seeking;office-seeking;office-seeking;policy-seeking;office-seeking;office-seeking;office-seeking;office-seeking;vote-seeking;vote-seeking;office-seeking;vote-seeking;office-seeking;;;;;;;;;;;;;;;;;;;;;;;;;;;;;;;;;;;;;;;;;;;;;;;;;;;;;;;;;;;;;;;;
20180060;10;9;10;10;0;10;10;0;0;10;10;0;9;0;0;10;0;0;9;10;1;0;10;10;10;10;10;10;10;10;10;10;10;10;10;;;;;;;;;;;;;;;;;;;;;;;;;;;;;;;;;;;;;;;;;;;;;;;;;;;;;;;;;;;;;;;;;;;;;;;;;;;;;;;;;;;;;;;;;;;;;;;;;;;
20180061;7;3;4;4;9;2;4;7;8;4;;8;4;6;4;9;2;1;6;6;6;0;9;8;8;2;8;6;9;8;8;7;10;6;7;;;;;;;;;;;;;;;;;;;;;;;;;;;;;;;;;;;;;;;;;;;;;;;;;;;;;;;;;;;;;;;;;;;;;;;;;;;;;;;;;;;;;;;;;;;;;;;;;;;
20180062;5;5;5;5;10;5;5;5;5;10;10;10;5;5;0;10;0;0;10;10;10;0;5;10;10;0;10;5;10;10;5;5;10;5;5;;;;;;;;;;;;;;;;;;;;;;;;;;;;;;;;;;;;;;;;;;;;;;;;;;;;;;;;;;;;;;;;;;;;;;;;;;;;;;;;;;;;;;;;;;;;;;;;;;;
20180063;7;4;4;3;9;1;2;7;6;8;4;7;3;6;4;7;1;1;4;7;8;1;8;7;4;1;7;4;9;9;8;7;8;4;7;vote-seeking;vote-seeking;vote-seeking;policy-seeking;policy-seeking;policy-seeking;vote-seeking;policy-seeking;office-seeking;vote-seeking;não sei;office-seeking;não sei;office-seeking;office-seeking;vote-seeking;policy-seeking;policy-seeking;office-seeking;office-seeking;office-seeking;policy-seeking;não sei;não sei;office-seeking;policy-seeking;office-seeking;office-seeking;office-seeking;office-seeking;office-seeking;office-seeking;vote-seeking;policy-seeking;office-seeking;;;;;;;;;;;;;;;;;;;;;;;;;;;;;;;;;;;;;;;;;;;;;;;;;;;;;;;;;;;;;;;;
20180064;7;3;3;4;10;0;3;7;4;9;8;7;2;5;3;6;3;2;2;7;7;2;7;7;7;1;7;7;4;6;6;7;9;6;;;;;;;;;;;;;;;;;;;;;;;;;;;;;;;;;;;;;;;;;;;;;;;;;;;;;;;;;;;;;;;;;;;;;;;;;;;;;;;;;;;;;;;;;;;;;;;;;;;;
20180065;7;3;4;3;10;3;2;7;8;9;;;2;5;;7;0;3;;;10;0;;;7;0;;;;;;7;;5;5;;;;;;;;;;;;;;;;;;;;;;;;;;;;;;;;;;;;;;;;;;;;;;;;;;;;;;;;;;;;;;;;;;;;;;;;;;;;;;;;;;;;;;;;;;;;;;;;;;;
20180066;8;5;4;4;8;2;5;8;8;9;6;8;5;6;5;8;3;3;7;7;8;3;7;8;8;2;8;7;8;7;8;7;9;5;7;;;;;;;;;;;;;;;;;;;;;;;;;;;;;;;;;;;;;;;;;;;;;;;;;;;;;;;;;;;;;;;;;;;;;;;;;;;;;;;;;;;;;;;;;;;;;;;;;;;
20180067;8;4;3;4;10;1;5;8;7;7;6;7;3;4;7;9;0;0;7;6;7;2;7;7;7;1;6;4;8;7;8;8;7;6;5;;;;;;;;;;;;;;;;;;;;;;;;;;;;;;;;;;;;;;;;;;;;;;;;;;;;;;;;;;;;;;;;;;;;;;;;;;;;;;;;;;;;;;;;;;;;;;;;;;;
20180068;0;8;0;0;3;0;3;7;3;3;3;2;3;3;4;10;3;0;1;6;4;0;4;3;;0;7;8;3;4;2;0;0;2;7;;;;;;;;;;;;;;;;;;;;;;;;;;;;;;;;;;;;;;;;;;;;;;;;;;;;;;;;;;;;;;;;;;;;;;;;;;;;;;;;;;;;;;;;;;;;;;;;;;;
20180069;8;7;4;3;9;4;4;6;7;10;7;7;4;;6;7;0;1;7;7;8;0;7;8;6;0;10;;10;;6;6;;5;7;office-seeking;office-seeking;policy-seeking;policy-seeking;office-seeking;policy-seeking;policy-seeking;policy-seeking;vote-seeking;vote-seeking;vote-seeking;office-seeking;office-seeking;vote-seeking;vote-seeking;office-seeking;policy-seeking;policy-seeking;vote-seeking;vote-seeking;vote-seeking;policy-seeking;não sei;office-seeking;vote-seeking;policy-seeking;office-seeking;office-seeking;vote-seeking;vote-seeking;vote-seeking;office-seeking;não sei;policy-seeking;não sei;;;;;;;;;;;;;;;;;;;;;;;;;;;;;;;;;;;;;;;;;;;;;;;;;;;;;;;;;;;;;;;;
20180070;10;7;8;0;10;0;1;10;10;10;8;10;2;0;0;9;0;0;2;10;10;1;10;10;10;0;10;10;8;8;7;8;10;2;10;office-seeking;office-seeking;vote-seeking;policy-seeking;office-seeking;policy-seeking;vote-seeking;policy-seeking;office-seeking;vote-seeking;vote-seeking;vote-seeking;office-seeking;office-seeking;vote-seeking;office-seeking;policy-seeking;policy-seeking;vote-seeking;vote-seeking;office-seeking;office-seeking;vote-seeking;vote-seeking;office-seeking;policy-seeking;vote-seeking;vote-seeking;vote-seeking;vote-seeking;vote-seeking;vote-seeking;vote-seeking;policy-seeking;vote-seeking;;;;;;;;;;;;;;;;;;;;;;;;;;;;;;;;;;;;;;;;;;;;;;;;;;;;;;;;;;;;;;;;
20180071;10;4;4;3;10;4;10;8;9;10;8;10;0;6;;10;0;0;10;10;10;0;10;9;8;2;10;4;9;9;10;;9;7;10;office-seeking;office-seeking;office-seeking;vote-seeking;office-seeking;vote-seeking;office-seeking;office-seeking;office-seeking;office-seeking;office-seeking;office-seeking;vote-seeking;office-seeking;office-seeking;office-seeking;vote-seeking;vote-seeking;office-seeking;office-seeking;office-seeking;vote-seeking;office-seeking;office-seeking;office-seeking;vote-seeking;office-seeking;office-seeking;não sei;office-seeking;office-seeking;office-seeking;vote-seeking;office-seeking;office-seeking;;;;;;;;;;;;;;;;;;;;;;;;;;;;;;;;;;;;;;;;;;;;;;;;;;;;;;;;;;;;;;;;
20180072;8;;4;3;10;1;4;7;6;10;7;8;5;4;;6;0;1;10;10;10;0;6;10;8;1;6;8;8;10;8;9;6;4;10;;;;;;;;;;;;;;;;;;;;;;;;;;;;;;;;;;;;;;;;;;;;;;;;;;;;;;;;;;;;;;;;;;;;;;;;;;;;;;;;;;;;;;;;;;;;;;;;;;;
20180073;8;3;3;2;10;0;;9;7;8;7;9;3;8;7;10;0;0;7;10;9;0;;7;10;1;7;7;8;10;8;6;8;8;9;office-seeking;policy-seeking;policy-seeking;office-seeking;office-seeking;policy-seeking;vote-seeking;vote-seeking;vote-seeking;vote-seeking;office-seeking;não sei;não sei;vote-seeking;office-seeking;office-seeking;policy-seeking;policy-seeking;não sei;vote-seeking;vote-seeking;policy-seeking;vote-seeking;vote-seeking;não sei;policy-seeking;não sei;office-seeking;não sei;office-seeking;não sei;não sei;vote-seeking;vote-seeking;vote-seeking;;;;;;;;;;;;;;;;;;;;;;;;;;;;;;;;;;;;;;;;;;;;;;;;;;;;;;;;;;;;;;;;
20180074;7;8;4;3;8;3;4;8;6;7;6;8;8;7;6;9;0;0;5;5;8;0;7;7;6;1;6;8;8;7;5;7;8;7;5;vote-seeking;não sei;policy-seeking;policy-seeking;office-seeking;office-seeking;vote-seeking;policy-seeking;não sei;não sei;office-seeking;office-seeking;office-seeking;não sei;não sei;office-seeking;policy-seeking;policy-seeking;não sei;não sei;não sei;policy-seeking;não sei;não sei;office-seeking;policy-seeking;não sei;office-seeking;não sei;não sei;policy-seeking;não sei;não sei;policy-seeking;não sei;;;;;;;;;;;;;;;;;;;;;;;;;;;;;;;;;;;;;;;;;;;;;;;;;;;;;;;;;;;;;;;;
20180075;7;;3;2;8;2;3;9;8;9;;;;5;;8;0;0;;;7;0;;9;10;1;;7;8;8;;7;9;;;não sei;não sei;vote-seeking;vote-seeking;vote-seeking;office-seeking;office-seeking;vote-seeking;não sei;office-seeking;office-seeking;office-seeking;não sei;vote-seeking;não sei;office-seeking;policy-seeking;policy-seeking;office-seeking;não sei;não sei;policy-seeking;não sei;vote-seeking;vote-seeking;policy-seeking;office-seeking;não sei;office-seeking;office-seeking;não sei;office-seeking;policy-seeking;vote-seeking;não sei;;;;;;;;;;;;;;;;;;;;;;;;;;;;;;;;;;;;;;;;;;;;;;;;;;;;;;;;;;;;;;;;
20180076;10;9;5;3;10;0;4;10;10;10;10;5;3;8;10;8;0;0;10;10;10;0;10;10;10;0;10;10;10;10;10;3;10;7;5;vote-seeking;vote-seeking;policy-seeking;office-seeking;vote-seeking;policy-seeking;policy-seeking;vote-seeking;não sei;não sei;vote-seeking;vote-seeking;office-seeking;office-seeking;vote-seeking;vote-seeking;policy-seeking;policy-seeking;não sei;office-seeking;não sei;policy-seeking;vote-seeking;vote-seeking;office-seeking;policy-seeking;vote-seeking;office-seeking;não sei;não sei;office-seeking;não sei;não sei;não sei;não sei;;;;;;;;;;;;;;;;;;;;;;;;;;;;;;;;;;;;;;;;;;;;;;;;;;;;;;;;;;;;;;;;
20180077;;4;3;4;6;1;4;6;;7;6;6;4;4;6;6;0;1;6;6;8;1;6;6;7;1;8;7;10;6;7;6;9;4;7;office-seeking;office-seeking;vote-seeking;policy-seeking;office-seeking;policy-seeking;office-seeking;vote-seeking;office-seeking;office-seeking;office-seeking;vote-seeking;policy-seeking;vote-seeking;office-seeking;office-seeking;policy-seeking;policy-seeking;office-seeking;office-seeking;office-seeking;policy-seeking;office-seeking;vote-seeking;office-seeking;policy-seeking;office-seeking;office-seeking;vote-seeking;vote-seeking;office-seeking;office-seeking;vote-seeking;policy-seeking;office-seeking;;;;;;;;;;;;;;;;;;;;;;;;;;;;;;;;;;;;;;;;;;;;;;;;;;;;;;;;;;;;;;;;
20180078;7;5;3;5;10;2;3;5;10;10;7;8;5;7;5;9;0;0;7;7;7;0;5;5;7;2;7;5;10;10;8;7;10;5;7;office-seeking;office-seeking;office-seeking;policy-seeking;office-seeking;policy-seeking;policy-seeking;policy-seeking;vote-seeking;vote-seeking;vote-seeking;vote-seeking;office-seeking;office-seeking;office-seeking;office-seeking;não sei;não sei;vote-seeking;vote-seeking;vote-seeking;não sei;office-seeking;office-seeking;office-seeking;não sei;office-seeking;policy-seeking;vote-seeking;vote-seeking;office-seeking;vote-seeking;não sei;policy-seeking;vote-seeking;;;;;;;;;;;;;;;;;;;;;;;;;;;;;;;;;;;;;;;;;;;;;;;;;;;;;;;;;;;;;;;;
20180079;9;7;6;3;9;3;7;9;10;10;9;9;7;8;9;10;0;0;9;9;10;0;9;9;10;1;9;9;10;9;9;9;10;4;10;office-seeking;office-seeking;office-seeking;policy-seeking;policy-seeking;office-seeking;office-seeking;policy-seeking;vote-seeking;policy-seeking;vote-seeking;vote-seeking;office-seeking;office-seeking;vote-seeking;office-seeking;policy-seeking;policy-seeking;vote-seeking;vote-seeking;vote-seeking;policy-seeking;vote-seeking;vote-seeking;vote-seeking;policy-seeking;office-seeking;office-seeking;vote-seeking;vote-seeking;vote-seeking;office-seeking;policy-seeking;policy-seeking;vote-seeking;;;;;;;;;;;;;;;;;;;;;;;;;;;;;;;;;;;;;;;;;;;;;;;;;;;;;;;;;;;;;;;;
20180080;6;6;6;4;9;3;5;8;10;8;9;8;4;6;8;8;0;0;8;6;8;0;8;8;8;2;8;8;7;8;9;10;8;5;8;;;;;;;;;;;;;;;;;;;;;;;;;;;;;;;;;;;;;;;;;;;;;;;;;;;;;;;;;;;;;;;;;;;;;;;;;;;;;;;;;;;;;;;;;;;;;;;;;;;
20180081;5;5;3;3;10;3;5;7;8;7;8;8;5;6;7;7;0;0;8;7;8;0;7;7;5;1;6;5;8;8;5;6;7;4;7;vote-seeking;vote-seeking;policy-seeking;policy-seeking;policy-seeking;policy-seeking;policy-seeking;policy-seeking;office-seeking;office-seeking;office-seeking;office-seeking;office-seeking;office-seeking;office-seeking;vote-seeking;policy-seeking;policy-seeking;office-seeking;office-seeking;office-seeking;policy-seeking;office-seeking;office-seeking;office-seeking;policy-seeking;office-seeking;office-seeking;office-seeking;office-seeking;office-seeking;office-seeking;policy-seeking;policy-seeking;vote-seeking;;;;;;;;;;;;;;;;;;;;;;;;;;;;;;;;;;;;;;;;;;;;;;;;;;;;;;;;;;;;;;;;
20180082;9;4;4;3;10;1;7;8;9;9;6;8;5;4;5;9;0;1;9;9;9;0;8;9;7;1;8;7;9;10;8;6;9;4;6;office-seeking;policy-seeking;office-seeking;vote-seeking;office-seeking;office-seeking;office-seeking;vote-seeking;office-seeking;office-seeking;office-seeking;;office-seeking;office-seeking;não sei;;policy-seeking;office-seeking;office-seeking;office-seeking;office-seeking;não sei;office-seeking;;office-seeking;vote-seeking;office-seeking;office-seeking;office-seeking;;office-seeking;office-seeking;vote-seeking;policy-seeking;office-seeking;;;;;;;;;;;;;;;;;;;;;;;;;;;;;;;;;;;;;;;;;;;;;;;;;;;;;;;;;;;;;;;;
20180083;7;4;2;1;9;0;3;6;8;9;9;9;7;5;6;9;0;0;6;6;9;0;6;9;7;0;7;6;9;10;6;6;7;6;6;office-seeking;office-seeking;policy-seeking;policy-seeking;office-seeking;policy-seeking;policy-seeking;policy-seeking;vote-seeking;office-seeking;vote-seeking;office-seeking;office-seeking;office-seeking;vote-seeking;office-seeking;policy-seeking;policy-seeking;vote-seeking;vote-seeking;vote-seeking;policy-seeking;office-seeking;office-seeking;office-seeking;policy-seeking;office-seeking;vote-seeking;vote-seeking;vote-seeking;office-seeking;office-seeking;policy-seeking;policy-seeking;vote-seeking;;;;;;;;;;;;;;;;;;;;;;;;;;;;;;;;;;;;;;;;;;;;;;;;;;;;;;;;;;;;;;;;
20180084;7;6;6;4;7;2;4;6;6;9;3;4;2;6;4;6;0;1;9;7;7;2;3;8;7;1;7;6;3;7;4;4;8;6;7;office-seeking;office-seeking;office-seeking;vote-seeking;vote-seeking;policy-seeking;office-seeking;vote-seeking;office-seeking;office-seeking;office-seeking;não sei;policy-seeking;office-seeking;office-seeking;vote-seeking;policy-seeking;policy-seeking;office-seeking;office-seeking;office-seeking;policy-seeking;office-seeking;office-seeking;office-seeking;policy-seeking;office-seeking;office-seeking;office-seeking;vote-seeking;não sei;office-seeking;vote-seeking;vote-seeking;office-seeking;;;;;;;;;;;;;;;;;;;;;;;;;;;;;;;;;;;;;;;;;;;;;;;;;;;;;;;;;;;;;;;;
20180085;8;5;3;3;8;0;3;8;10;10;10;10;5;;10;10;0;0;10;10;10;0;10;10;10;0;10;10;10;10;10;8;10;;10;office-seeking;não sei;office-seeking;policy-seeking;office-seeking;policy-seeking;office-seeking;office-seeking;não sei;não sei;não sei;não sei;office-seeking;office-seeking;office-seeking;não sei;office-seeking;policy-seeking;não sei;não sei;não sei;policy-seeking;office-seeking;não sei;não sei;policy-seeking;não sei;office-seeking;não sei;não sei;office-seeking;vote-seeking;vote-seeking;vote-seeking;não sei;;;;;;;;;;;;;;;;;;;;;;;;;;;;;;;;;;;;;;;;;;;;;;;;;;;;;;;;;;;;;;;;
20180086;6;9;4;2;9;2;3;6;9;10;5;9;5;5;8;9;0;0;9;6;7;0;9;8;10;1;8;7;5;10;7;7;8;4;7;office-seeking;office-seeking;office-seeking;vote-seeking;office-seeking;vote-seeking;office-seeking;vote-seeking;não sei;office-seeking;não sei;office-seeking;office-seeking;não sei;office-seeking;office-seeking;policy-seeking;policy-seeking;não sei;não sei;não sei;policy-seeking;não sei;não sei;não sei;policy-seeking;office-seeking;office-seeking;não sei;não sei;office-seeking;office-seeking;não sei;não sei;não sei;;;;;;;;;;;;;;;;;;;;;;;;;;;;;;;;;;;;;;;;;;;;;;;;;;;;;;;;;;;;;;;;
20180087;8;8;4;3;10;3;6;8;10;10;10;10;4;7;8;10;0;2;8;7;10;0;4;10;7;2;8;10;8;10;10;7;7;;10;office-seeking;office-seeking;office-seeking;vote-seeking;office-seeking;vote-seeking;office-seeking;vote-seeking;não sei;office-seeking;office-seeking;office-seeking;não sei;office-seeking;não sei;office-seeking;policy-seeking;policy-seeking;não sei;office-seeking;office-seeking;policy-seeking;não sei;vote-seeking;office-seeking;policy-seeking;office-seeking;office-seeking;office-seeking;não sei;office-seeking;não sei;vote-seeking;policy-seeking;office-seeking;;;;;;;;;;;;;;;;;;;;;;;;;;;;;;;;;;;;;;;;;;;;;;;;;;;;;;;;;;;;;;;;
20180088;8;8;7;4;10;4;;7;7;8;7;7;4;4;6;8;0;0;8;7;;0;;7;8;2;7;7;9;10;10;6;10;7;7;vote-seeking;office-seeking;office-seeking;vote-seeking;policy-seeking;office-seeking;office-seeking;vote-seeking;office-seeking;vote-seeking;policy-seeking;vote-seeking;office-seeking;vote-seeking;office-seeking;office-seeking;policy-seeking;policy-seeking;office-seeking;vote-seeking;policy-seeking;policy-seeking;office-seeking;policy-seeking;office-seeking;policy-seeking;vote-seeking;office-seeking;policy-seeking;policy-seeking;policy-seeking;office-seeking;policy-seeking;office-seeking;office-seeking;;;;;;;;;;;;;;;;;;;;;;;;;;;;;;;;;;;;;;;;;;;;;;;;;;;;;;;;;;;;;;;;
20180089;5;6;3;2;9;1;3;6;;6;4;6;3;4;;8;0;1;6;;6;0;;6;7;1;8;6;;;6;;9;4;;office-seeking;office-seeking;não sei;vote-seeking;policy-seeking;policy-seeking;vote-seeking;vote-seeking;;não sei;não sei;não sei;policy-seeking;office-seeking;não sei;office-seeking;policy-seeking;policy-seeking;não sei;não sei;;policy-seeking;não sei;não sei;não sei;policy-seeking;office-seeking;office-seeking;não sei;não sei;office-seeking;não sei;policy-seeking;não sei;;;;;;;;;;;;;;;;;;;;;;;;;;;;;;;;;;;;;;;;;;;;;;;;;;;;;;;;;;;;;;;;;
20180090;8;6;6;4;9;2;6;8;7;7;10;6;6;7;7;7;0;1;10;;9;1;8;7;7;4;;;10;10;10;10;6;;10;office-seeking;vote-seeking;vote-seeking;vote-seeking;vote-seeking;policy-seeking;vote-seeking;vote-seeking;office-seeking;office-seeking;office-seeking;office-seeking;vote-seeking;policy-seeking;vote-seeking;vote-seeking;policy-seeking;policy-seeking;vote-seeking;office-seeking;office-seeking;policy-seeking;vote-seeking;office-seeking;office-seeking;policy-seeking;vote-seeking;office-seeking;office-seeking;office-seeking;office-seeking;office-seeking;vote-seeking;policy-seeking;vote-seeking;;;;;;;;;;;;;;;;;;;;;;;;;;;;;;;;;;;;;;;;;;;;;;;;;;;;;;;;;;;;;;;;
20180091;10;3;4;2;10;0;4;3;10;10;6;7;3;0;4;7;;0;10;6;7;0;10;10;6;0;10;3;10;9;7;1;8;0;7;;;;;;;;;;;;;;;;;;;;;;;;;;;;;;;;;;;;;;;;;;;;;;;;;;;;;;;;;;;;;;;;;;;;;;;;;;;;;;;;;;;;;;;;;;;;;;;;;;;
20180092;10;5;5;2;10;2;5;10;10;10;10;10;8;8;5;10;0;0;10;10;7;0;10;10;10;0;7;8;9;10;10;8;10;6;9;office-seeking;office-seeking;policy-seeking;vote-seeking;office-seeking;policy-seeking;policy-seeking;vote-seeking;não sei;office-seeking;não sei;não sei;office-seeking;office-seeking;office-seeking;office-seeking;vote-seeking;vote-seeking;não sei;não sei;office-seeking;vote-seeking;não sei;office-seeking;não sei;vote-seeking;office-seeking;office-seeking;office-seeking;não sei;office-seeking;office-seeking;não sei;policy-seeking;não sei;;;;;;;;;;;;;;;;;;;;;;;;;;;;;;;;;;;;;;;;;;;;;;;;;;;;;;;;;;;;;;;;
20180093;10;5;6;5;10;4;6;7;10;10;10;10;4;;7;10;0;0;10;10;10;0;8;10;10;2;10;6;10;10;10;7;6;5;10;;;;;;;;;;;;;;;;;;;;;;;;;;;;;;;;;;;;;;;;;;;;;;;;;;;;;;;;;;;;;;;;;;;;;;;;;;;;;;;;;;;;;;;;;;;;;;;;;;;
20180094;6;6;;4;8;4;4;6;8;8;9;8;;6;;8;0;0;9;6;7;1;7;7;10;2;8;6;10;9;10;7;7;6;6;vote-seeking;office-seeking;vote-seeking;policy-seeking;office-seeking;office-seeking;office-seeking;policy-seeking;não sei;vote-seeking;não sei;não sei;office-seeking;vote-seeking;não sei;office-seeking;policy-seeking;policy-seeking;office-seeking;não sei;não sei;policy-seeking;não sei;não sei;não sei;policy-seeking;não sei;não sei;não sei;não sei;não sei;não sei;não sei;não sei;não sei;;;;;;;;;;;;;;;;;;;;;;;;;;;;;;;;;;;;;;;;;;;;;;;;;;;;;;;;;;;;;;;;
20180095;10;5;4;4;10;4;;8;7;8;;10;2;6;;10;1;4;7;7;7;1;6;;7;0;10;6;6;7;10;;5;5;6;vote-seeking;vote-seeking;policy-seeking;vote-seeking;vote-seeking;policy-seeking;não sei;vote-seeking;não sei;office-seeking;não sei;não sei;office-seeking;office-seeking;vote-seeking;vote-seeking;office-seeking;vote-seeking;não sei;não sei;office-seeking;policy-seeking;vote-seeking;não sei;não sei;vote-seeking;não sei;não sei;policy-seeking;office-seeking;não sei;office-seeking;não sei;office-seeking;não sei;;;;;;;;;;;;;;;;;;;;;;;;;;;;;;;;;;;;;;;;;;;;;;;;;;;;;;;;;;;;;;;;
20180096;9;9;4;4;10;4;6;9;10;10;9;9;9;8;9;10;1;1;10;9;10;1;9;10;10;3;9;9;6;10;8;9;10;6;9;office-seeking;office-seeking;vote-seeking;policy-seeking;vote-seeking;policy-seeking;vote-seeking;vote-seeking;vote-seeking;vote-seeking;vote-seeking;vote-seeking;vote-seeking;vote-seeking;vote-seeking;vote-seeking;policy-seeking;policy-seeking;vote-seeking;vote-seeking;vote-seeking;policy-seeking;vote-seeking;vote-seeking;vote-seeking;policy-seeking;vote-seeking;vote-seeking;vote-seeking;vote-seeking;vote-seeking;vote-seeking;vote-seeking;vote-seeking;vote-seeking;;;;;;;;;;;;;;;;;;;;;;;;;;;;;;;;;;;;;;;;;;;;;;;;;;;;;;;;;;;;;;;;
20180097;7;7;5;4;8;3;;6;7;10;8;7;4;;7;6;0;0;7;8;9;0;8;8;7;1;7;;4;10;;7;7;;6;office-seeking;office-seeking;não sei;policy-seeking;policy-seeking;office-seeking;office-seeking;policy-seeking;vote-seeking;vote-seeking;vote-seeking;vote-seeking;não sei;não sei;office-seeking;office-seeking;policy-seeking;policy-seeking;vote-seeking;vote-seeking;vote-seeking;policy-seeking;vote-seeking;vote-seeking;vote-seeking;policy-seeking;office-seeking;office-seeking;não sei;vote-seeking;office-seeking;não sei;não sei;não sei;vote-seeking;;;;;;;;;;;;;;;;;;;;;;;;;;;;;;;;;;;;;;;;;;;;;;;;;;;;;;;;;;;;;;;;
20180098;;6;4;3;9;2;4;8;9;9;7;7;7;;7;8;0;0;9;6;9;1;8;9;8;1;7;7;7;9;;7;8;;7;vote-seeking;office-seeking;vote-seeking;policy-seeking;vote-seeking;policy-seeking;policy-seeking;vote-seeking;office-seeking;office-seeking;office-seeking;office-seeking;office-seeking;office-seeking;office-seeking;vote-seeking;policy-seeking;policy-seeking;office-seeking;office-seeking;office-seeking;policy-seeking;office-seeking;office-seeking;office-seeking;policy-seeking;office-seeking;vote-seeking;office-seeking;office-seeking;office-seeking;office-seeking;vote-seeking;vote-seeking;office-seeking;;;;;;;;;;;;;;;;;;;;;;;;;;;;;;;;;;;;;;;;;;;;;;;;;;;;;;;;;;;;;;;;
20180099;8;9;;3;9;3;4;8;9;10;8;9;8;;9;10;0;0;8;8;8;0;9;9;9;0;9;8;10;10;8;9;10;;9;;;;;;;;;;;;;;;;;;;;;;;;;;;;;;;;;;;;;;;;;;;;;;;;;;;;;;;;;;;;;;;;;;;;;;;;;;;;;;;;;;;;;;;;;;;;;;;;;;;
20180100;6;9;2;2;9;1;2;;8;9;7;9;2;4;8;8;0;1;9;8;9;0;8;9;9;1;7;8;9;9;8;9;10;4;8;office-seeking;vote-seeking;office-seeking;vote-seeking;policy-seeking;policy-seeking;office-seeking;policy-seeking;office-seeking;vote-seeking;vote-seeking;vote-seeking;policy-seeking;office-seeking;office-seeking;office-seeking;policy-seeking;policy-seeking;vote-seeking;vote-seeking;office-seeking;policy-seeking;office-seeking;office-seeking;office-seeking;policy-seeking;office-seeking;office-seeking;office-seeking;vote-seeking;office-seeking;office-seeking;policy-seeking;office-seeking;vote-seeking;;;;;;;;;;;;;;;;;;;;;;;;;;;;;;;;;;;;;;;;;;;;;;;;;;;;;;;;;;;;;;;;
20180101;10;10;5;3;10;3;5;10;10;10;10;10;5;8;8;10;0;5;10;7;10;;10;10;10;0;10;8;10;10;10;10;10;3;10;vote-seeking;vote-seeking;vote-seeking;policy-seeking;vote-seeking;vote-seeking;vote-seeking;policy-seeking;não sei;vote-seeking;não sei;não sei;vote-seeking;vote-seeking;não sei;vote-seeking;policy-seeking;vote-seeking;não sei;não sei;não sei;não sei;não sei;não sei;vote-seeking;policy-seeking;não sei;não sei;não sei;não sei;não sei;office-seeking;não sei;policy-seeking;não sei;;;;;;;;;;;;;;;;;;;;;;;;;;;;;;;;;;;;;;;;;;;;;;;;;;;;;;;;;;;;;;;;
20180102;6;6;4;2;9;3;4;7;9;9;7;8;7;6;7;8;0;0;7;6;9;0;8;10;9;1;9;6;;9;6;6;10;4;7;office-seeking;office-seeking;office-seeking;policy-seeking;vote-seeking;vote-seeking;vote-seeking;vote-seeking;office-seeking;office-seeking;office-seeking;office-seeking;office-seeking;office-seeking;office-seeking;office-seeking;policy-seeking;policy-seeking;office-seeking;office-seeking;office-seeking;policy-seeking;office-seeking;vote-seeking;office-seeking;policy-seeking;office-seeking;office-seeking;office-seeking;office-seeking;office-seeking;office-seeking;policy-seeking;policy-seeking;office-seeking;;;;;;;;;;;;;;;;;;;;;;;;;;;;;;;;;;;;;;;;;;;;;;;;;;;;;;;;;;;;;;;;
20180103;7;9;4;2;10;3;5;9;10;9;5;9;5;5;;10;0;3;10;9;10;0;9;10;10;1;10;10;10;10;10;9;10;5;8;office-seeking;office-seeking;vote-seeking;policy-seeking;office-seeking;office-seeking;vote-seeking;office-seeking;office-seeking;office-seeking;office-seeking;office-seeking;office-seeking;vote-seeking;office-seeking;office-seeking;policy-seeking;vote-seeking;office-seeking;office-seeking;office-seeking;policy-seeking;office-seeking;office-seeking;office-seeking;policy-seeking;;office-seeking;office-seeking;office-seeking;office-seeking;office-seeking;office-seeking;vote-seeking;office-seeking;;;;;;;;;;;;;;;;;;;;;;;;;;;;;;;;;;;;;;;;;;;;;;;;;;;;;;;;;;;;;;;;
20180104;;10;;0;10;3;;;10;10;9;10;10;;10;10;0;0;10;10;10;0;10;10;10;0;10;10;0;10;4;10;10;;10;vote-seeking;vote-seeking;vote-seeking;vote-seeking;vote-seeking;office-seeking;vote-seeking;vote-seeking;office-seeking;office-seeking;office-seeking;office-seeking;policy-seeking;office-seeking;office-seeking;vote-seeking;policy-seeking;policy-seeking;office-seeking;office-seeking;office-seeking;policy-seeking;office-seeking;office-seeking;office-seeking;policy-seeking;office-seeking;vote-seeking;policy-seeking;office-seeking;office-seeking;vote-seeking;policy-seeking;office-seeking;office-seeking;;;;;;;;;;;;;;;;;;;;;;;;;;;;;;;;;;;;;;;;;;;;;;;;;;;;;;;;;;;;;;;;
20180105;6;8;4;4;9;4;4;6;9;7;6;8;;;7;9;0;0;9;6;9;0;6;7;6;2;7;8;4;8;7;6;6;4;6;vote-seeking;vote-seeking;vote-seeking;vote-seeking;vote-seeking;vote-seeking;vote-seeking;vote-seeking;vote-seeking;vote-seeking;vote-seeking;vote-seeking;vote-seeking;vote-seeking;vote-seeking;vote-seeking;policy-seeking;policy-seeking;vote-seeking;vote-seeking;vote-seeking;policy-seeking;vote-seeking;vote-seeking;vote-seeking;vote-seeking;vote-seeking;vote-seeking;vote-seeking;vote-seeking;vote-seeking;vote-seeking;vote-seeking;vote-seeking;vote-seeking;;;;;;;;;;;;;;;;;;;;;;;;;;;;;;;;;;;;;;;;;;;;;;;;;;;;;;;;;;;;;;;;
20180106;10;;;1;10;0;4;10;10;10;9;9;6;3;7;10;0;0;6;10;10;0;6;10;6;0;10;7;10;;10;7;;;7;vote-seeking;office-seeking;office-seeking;office-seeking;vote-seeking;policy-seeking;office-seeking;vote-seeking;vote-seeking;vote-seeking;vote-seeking;vote-seeking;office-seeking;office-seeking;vote-seeking;vote-seeking;policy-seeking;policy-seeking;vote-seeking;não sei;vote-seeking;policy-seeking;não sei;vote-seeking;vote-seeking;policy-seeking;vote-seeking;vote-seeking;vote-seeking;vote-seeking;vote-seeking;vote-seeking;não sei;office-seeking;não sei;;;;;;;;;;;;;;;;;;;;;;;;;;;;;;;;;;;;;;;;;;;;;;;;;;;;;;;;;;;;;;;;
20180107;9;9;1;1;10;1;6;10;10;10;5;10;9;8;9;10;0;0;10;9;10;0;10;10;10;0;10;9;10;10;8;8;10;7;9;vote-seeking;vote-seeking;vote-seeking;policy-seeking;vote-seeking;policy-seeking;vote-seeking;vote-seeking;office-seeking;office-seeking;vote-seeking;office-seeking;office-seeking;office-seeking;vote-seeking;office-seeking;policy-seeking;policy-seeking;office-seeking;office-seeking;office-seeking;policy-seeking;vote-seeking;office-seeking;office-seeking;policy-seeking;office-seeking;office-seeking;vote-seeking;vote-seeking;office-seeking;office-seeking;vote-seeking;vote-seeking;office-seeking;;;;;;;;;;;;;;;;;;;;;;;;;;;;;;;;;;;;;;;;;;;;;;;;;;;;;;;;;;;;;;;;
20180108;7;7;3;4;8;3;4;6;8;8;8;9;6;4;8;8;0;0;7;6;8;0;7;9;9;1;7;6;9;9;8;8;9;4;8;office-seeking;office-seeking;office-seeking;policy-seeking;office-seeking;policy-seeking;office-seeking;policy-seeking;vote-seeking;office-seeking;vote-seeking;vote-seeking;office-seeking;não sei;vote-seeking;office-seeking;policy-seeking;policy-seeking;vote-seeking;office-seeking;vote-seeking;policy-seeking;vote-seeking;vote-seeking;vote-seeking;policy-seeking;office-seeking;office-seeking;vote-seeking;vote-seeking;vote-seeking;vote-seeking;policy-seeking;policy-seeking;vote-seeking;;;;;;;;;;;;;;;;;;;;;;;;;;;;;;;;;;;;;;;;;;;;;;;;;;;;;;;;;;;;;;;;
20180109;10;5;10;4;10;4;10;6;10;7;10;10;10;;10;10;0;0;6;10;10;3;10;10;9;0;10;7;10;10;10;10;10;4;10;office-seeking;vote-seeking;office-seeking;policy-seeking;office-seeking;policy-seeking;vote-seeking;policy-seeking;vote-seeking;office-seeking;vote-seeking;vote-seeking;vote-seeking;policy-seeking;vote-seeking;office-seeking;policy-seeking;policy-seeking;office-seeking;vote-seeking;vote-seeking;policy-seeking;office-seeking;vote-seeking;office-seeking;policy-seeking;vote-seeking;office-seeking;vote-seeking;office-seeking;office-seeking;vote-seeking;não sei;policy-seeking;office-seeking;;;;;;;;;;;;;;;;;;;;;;;;;;;;;;;;;;;;;;;;;;;;;;;;;;;;;;;;;;;;;;;;
20180110;;7;4;4;7;3;4;;7;9;7;7;6;5;9;7;0;0;7;6;7;0;9;7;6;1;8;6;10;8;;5;10;4;8;vote-seeking;office-seeking;policy-seeking;policy-seeking;vote-seeking;policy-seeking;policy-seeking;policy-seeking;não sei;vote-seeking;não sei;não sei;policy-seeking;policy-seeking;não sei;office-seeking;policy-seeking;policy-seeking;não sei;não sei;não sei;policy-seeking;não sei;não sei;vote-seeking;policy-seeking;vote-seeking;office-seeking;não sei;vote-seeking;não sei;office-seeking;policy-seeking;policy-seeking;não sei;;;;;;;;;;;;;;;;;;;;;;;;;;;;;;;;;;;;;;;;;;;;;;;;;;;;;;;;;;;;;;;;
20180111;5;3;5;3;9;2;3;9;4;6;6;7;3;5;4;6;1;2;5;6;9;0;6;8;6;2;9;4;8;8;5;4;5;5;4;office-seeking;vote-seeking;office-seeking;office-seeking;vote-seeking;policy-seeking;vote-seeking;office-seeking;não sei;vote-seeking;vote-seeking;vote-seeking;vote-seeking;policy-seeking;vote-seeking;vote-seeking;office-seeking;vote-seeking;vote-seeking;não sei;vote-seeking;policy-seeking;vote-seeking;vote-seeking;vote-seeking;policy-seeking;vote-seeking;vote-seeking;vote-seeking;vote-seeking;vote-seeking;vote-seeking;vote-seeking;policy-seeking;policy-seeking;;;;;;;;;;;;;;;;;;;;;;;;;;;;;;;;;;;;;;;;;;;;;;;;;;;;;;;;;;;;;;;;
20180112;10;10;3;4;9;0;4;5;10;10;10;10;3;7;4;6;0;0;10;10;10;0;10;10;10;0;10;6;10;10;10;0;10;4;10;policy-seeking;office-seeking;office-seeking;policy-seeking;office-seeking;office-seeking;office-seeking;policy-seeking;office-seeking;office-seeking;office-seeking;office-seeking;não sei;office-seeking;não sei;office-seeking;policy-seeking;não sei;não sei;office-seeking;office-seeking;não sei;não sei;office-seeking;office-seeking;policy-seeking;office-seeking;não sei;não sei;office-seeking;office-seeking;não sei;policy-seeking;office-seeking;office-seeking;;;;;;;;;;;;;;;;;;;;;;;;;;;;;;;;;;;;;;;;;;;;;;;;;;;;;;;;;;;;;;;;
20180113;6;7;4;4;8;2;4;7;8;9;7;7;7;7;6;8;0;0;9;6;9;1;6;8;8;1;8;6;4;8;8;8;9;6;6;;;;;;;;;;;;;;;;;;;;;;;;;;;;;;;;;;;;;;;;;;;;;;;;;;;;;;;;;;;;;;;;;;;;;;;;;;;;;;;;;;;;;;;;;;;;;;;;;;;
20180114;5;3;4;3;10;0;;10;;10;5;;;;;;0;0;10;;;0;;7;10;3;5;9;;;;;7;;;vote-seeking;office-seeking;vote-seeking;vote-seeking;vote-seeking;vote-seeking;office-seeking;policy-seeking;vote-seeking;office-seeking;vote-seeking;vote-seeking;vote-seeking;office-seeking;vote-seeking;vote-seeking;policy-seeking;policy-seeking;vote-seeking;vote-seeking;vote-seeking;policy-seeking;vote-seeking;office-seeking;vote-seeking;policy-seeking;office-seeking;office-seeking;vote-seeking;vote-seeking;office-seeking;vote-seeking;vote-seeking;vote-seeking;policy-seeking;;;;;;;;;;;;;;;;;;;;;;;;;;;;;;;;;;;;;;;;;;;;;;;;;;;;;;;;;;;;;;;;
20180115;8;5;4;3;10;2;4;8;9;10;8;8;;;8;8;0;0;8;5;7;0;6;9;6;2;8;10;;9;7;7;10;6;8;office-seeking;não sei;não sei;office-seeking;policy-seeking;policy-seeking;não sei;policy-seeking;não sei;office-seeking;vote-seeking;vote-seeking;vote-seeking;office-seeking;não sei;office-seeking;policy-seeking;policy-seeking;não sei;vote-seeking;office-seeking;policy-seeking;não sei;não sei;vote-seeking;policy-seeking;office-seeking;office-seeking;office-seeking;não sei;vote-seeking;não sei;não sei;não sei;não sei;;;;;;;;;;;;;;;;;;;;;;;;;;;;;;;;;;;;;;;;;;;;;;;;;;;;;;;;;;;;;;;;
20180116;8;8;4;4;7;2;;7;9;10;6;6;8;6;6;8;0;1;8;9;9;0;9;6;9;1;8;8;3;10;8;5;10;7;7;office-seeking;não sei;office-seeking;vote-seeking;office-seeking;policy-seeking;não sei;office-seeking;não sei;vote-seeking;não sei;não sei;office-seeking;office-seeking;office-seeking;office-seeking;policy-seeking;policy-seeking;não sei;não sei;não sei;policy-seeking;office-seeking;não sei;office-seeking;policy-seeking;não sei;não sei;não sei;office-seeking;não sei;não sei;não sei;vote-seeking;office-seeking;;;;;;;;;;;;;;;;;;;;;;;;;;;;;;;;;;;;;;;;;;;;;;;;;;;;;;;;;;;;;;;;
20180117;5;5;4;4;9;3;4;6;7;6;6;5;4;5;6;8;0;0;7;6;6;0;5;6;5;0;6;8;7;7;7;6;9;5;5;vote-seeking;office-seeking;office-seeking;office-seeking;office-seeking;office-seeking;office-seeking;office-seeking;vote-seeking;vote-seeking;vote-seeking;vote-seeking;office-seeking;vote-seeking;office-seeking;office-seeking;policy-seeking;policy-seeking;vote-seeking;vote-seeking;vote-seeking;policy-seeking;office-seeking;office-seeking;vote-seeking;não sei;office-seeking;office-seeking;vote-seeking;vote-seeking;office-seeking;office-seeking;não sei;não sei;não sei;;;;;;;;;;;;;;;;;;;;;;;;;;;;;;;;;;;;;;;;;;;;;;;;;;;;;;;;;;;;;;;;
20180118;6;6;4;4;9;3;;6;10;10;7;8;5;;9;9;0;1;7;6;10;0;6;10;9;1;9;6;10;9;6;5;6;5;5;office-seeking;office-seeking;policy-seeking;policy-seeking;policy-seeking;policy-seeking;policy-seeking;policy-seeking;office-seeking;vote-seeking;office-seeking;vote-seeking;não sei;policy-seeking;não sei;office-seeking;policy-seeking;policy-seeking;não sei;vote-seeking;vote-seeking;não sei;office-seeking;vote-seeking;;policy-seeking;office-seeking;vote-seeking;não sei;vote-seeking;office-seeking;policy-seeking;vote-seeking;policy-seeking;não sei;;;;;;;;;;;;;;;;;;;;;;;;;;;;;;;;;;;;;;;;;;;;;;;;;;;;;;;;;;;;;;;;
20180119;7;8;4;4;8;2;4;6;7;8;7;7;7;4;8;8;0;0;4;7;8;0;7;8;6;2;8;8;10;10;6;8;8;5;7;vote-seeking;office-seeking;policy-seeking;vote-seeking;office-seeking;policy-seeking;policy-seeking;vote-seeking;office-seeking;office-seeking;office-seeking;office-seeking;office-seeking;policy-seeking;office-seeking;vote-seeking;policy-seeking;policy-seeking;office-seeking;office-seeking;office-seeking;policy-seeking;office-seeking;office-seeking;office-seeking;policy-seeking;office-seeking;office-seeking;office-seeking;office-seeking;office-seeking;office-seeking;policy-seeking;vote-seeking;office-seeking;;;;;;;;;;;;;;;;;;;;;;;;;;;;;;;;;;;;;;;;;;;;;;;;;;;;;;;;;;;;;;;;
20180120;8;;;2;10;0;0;8;10;10;10;8;0;;5;8;0;0;7;7;10;0;10;7;10;2;10;6;8;10;10;8;10;;8;office-seeking;vote-seeking;office-seeking;policy-seeking;office-seeking;policy-seeking;office-seeking;office-seeking;não sei;office-seeking;office-seeking;não sei;policy-seeking;vote-seeking;vote-seeking;vote-seeking;policy-seeking;policy-seeking;vote-seeking;não sei;não sei;policy-seeking;office-seeking;não sei;não sei;policy-seeking;office-seeking;office-seeking;não sei;não sei;office-seeking;não sei;vote-seeking;vote-seeking;office-seeking;;;;;;;;;;;;;;;;;;;;;;;;;;;;;;;;;;;;;;;;;;;;;;;;;;;;;;;;;;;;;;;;
20180121;10;4;4;1;10;0;3;10;10;10;10;6;3;4;8;10;0;0;0;4;10;2;10;10;10;0;10;10;10;7;10;7;10;4;10;policy-seeking;não sei;office-seeking;vote-seeking;policy-seeking;vote-seeking;policy-seeking;policy-seeking;policy-seeking;policy-seeking;policy-seeking;não sei;office-seeking;office-seeking;policy-seeking;office-seeking;vote-seeking;vote-seeking;não sei;policy-seeking;policy-seeking;office-seeking;não sei;policy-seeking;policy-seeking;vote-seeking;policy-seeking;office-seeking;policy-seeking;policy-seeking;policy-seeking;policy-seeking;não sei;;policy-seeking;;;;;;;;;;;;;;;;;;;;;;;;;;;;;;;;;;;;;;;;;;;;;;;;;;;;;;;;;;;;;;;;
20180122;8;3;4;3;9;3;3;8;7;6;6;7;3;6;4;9;1;3;4;6;9;4;6;6;9;1;4;9;10;8;8;6;6;6;4;vote-seeking;policy-seeking;policy-seeking;policy-seeking;vote-seeking;office-seeking;office-seeking;policy-seeking;não sei;vote-seeking;não sei;não sei;policy-seeking;vote-seeking;não sei;policy-seeking;office-seeking;office-seeking;não sei;não sei;office-seeking;não sei;não sei;não sei;office-seeking;policy-seeking;office-seeking;office-seeking;office-seeking;não sei;office-seeking;vote-seeking;não sei;vote-seeking;não sei;;;;;;;;;;;;;;;;;;;;;;;;;;;;;;;;;;;;;;;;;;;;;;;;;;;;;;;;;;;;;;;;
20180123;;8;5;1;9;1;5;9;7;8;7;8;7;5;8;8;0;0;8;6;8;0;8;8;7;0;6;6;4;7;7;7;10;7;8;office-seeking;office-seeking;vote-seeking;policy-seeking;office-seeking;policy-seeking;office-seeking;policy-seeking;office-seeking;office-seeking;office-seeking;office-seeking;office-seeking;policy-seeking;office-seeking;office-seeking;policy-seeking;policy-seeking;office-seeking;office-seeking;office-seeking;policy-seeking;office-seeking;office-seeking;office-seeking;policy-seeking;office-seeking;office-seeking;policy-seeking;office-seeking;office-seeking;office-seeking;policy-seeking;policy-seeking;office-seeking;;;;;;;;;;;;;;;;;;;;;;;;;;;;;;;;;;;;;;;;;;;;;;;;;;;;;;;;;;;;;;;;
20180124;10;3;3;0;8;0;0;2;8;8;8;7;1;1;1;8;0;0;9;8;3;2;3;2;8;0;8;2;8;8;9;2;;2;2;policy-seeking;office-seeking;policy-seeking;policy-seeking;policy-seeking;policy-seeking;vote-seeking;policy-seeking;não sei;office-seeking;vote-seeking;office-seeking;office-seeking;policy-seeking;office-seeking;office-seeking;office-seeking;policy-seeking;office-seeking;vote-seeking;office-seeking;não sei;office-seeking;não sei;office-seeking;policy-seeking;office-seeking;não sei;não sei;vote-seeking;não sei;policy-seeking;não sei;policy-seeking;não sei;;;;;;;;;;;;;;;;;;;;;;;;;;;;;;;;;;;;;;;;;;;;;;;;;;;;;;;;;;;;;;;;
20180125;6;6;3;2;9;1;3;6;8;9;6;7;4;4;8;9;0;0;9;7;8;0;8;9;6;1;7;7;1;9;8;6;10;4;7;office-seeking;office-seeking;office-seeking;vote-seeking;vote-seeking;policy-seeking;vote-seeking;vote-seeking;office-seeking;office-seeking;office-seeking;office-seeking;office-seeking;vote-seeking;office-seeking;vote-seeking;policy-seeking;policy-seeking;office-seeking;office-seeking;office-seeking;policy-seeking;office-seeking;office-seeking;office-seeking;policy-seeking;office-seeking;office-seeking;policy-seeking;policy-seeking;office-seeking;office-seeking;policy-seeking;policy-seeking;office-seeking;;;;;;;;;;;;;;;;;;;;;;;;;;;;;;;;;;;;;;;;;;;;;;;;;;;;;;;;;;;;;;;;
20180126;;4;4;3;7;0;;7;7;7;3;7;4;4;4;6;4;0;4;4;8;3;4;8;7;4;6;7;3;8;7;8;10;4;6;;;;;;;;;;;;;;;;;;;;;;;;;;;;;;;;;;;;;;;;;;;;;;;;;;;;;;;;;;;;;;;;;;;;;;;;;;;;;;;;;;;;;;;;;;;;;;;;;;;
20180127;10;10;10;2;10;0;2;10;10;10;10;10;10;5;;10;0;5;10;10;10;0;10;10;10;0;10;10;10;10;5;10;10;2;10;vote-seeking;office-seeking;office-seeking;policy-seeking;office-seeking;policy-seeking;policy-seeking;office-seeking;office-seeking;office-seeking;office-seeking;office-seeking;office-seeking;office-seeking;office-seeking;office-seeking;policy-seeking;office-seeking;office-seeking;office-seeking;office-seeking;policy-seeking;office-seeking;office-seeking;office-seeking;policy-seeking;vote-seeking;office-seeking;office-seeking;office-seeking;office-seeking;office-seeking;office-seeking;policy-seeking;office-seeking;;;;;;;;;;;;;;;;;;;;;;;;;;;;;;;;;;;;;;;;;;;;;;;;;;;;;;;;;;;;;;;;
20180128;10;6;4;4;;3;;10;10;10;10;10;6;4;6;10;0;0;10;10;10;0;6;10;10;2;10;6;7;10;10;10;10;6;5;vote-seeking;vote-seeking;vote-seeking;office-seeking;vote-seeking;policy-seeking;vote-seeking;vote-seeking;vote-seeking;vote-seeking;vote-seeking;vote-seeking;vote-seeking;policy-seeking;vote-seeking;vote-seeking;policy-seeking;office-seeking;vote-seeking;vote-seeking;vote-seeking;policy-seeking;vote-seeking;vote-seeking;vote-seeking;policy-seeking;vote-seeking;vote-seeking;vote-seeking;vote-seeking;vote-seeking;vote-seeking;vote-seeking;vote-seeking;policy-seeking;;;;;;;;;;;;;;;;;;;;;;;;;;;;;;;;;;;;;;;;;;;;;;;;;;;;;;;;;;;;;;;;
20180129;7;7;4;4;8;4;4;7;8;9;6;8;7;6;7;8;0;0;7;7;6;0;8;7;8;1;7;7;6;10;8;7;8;4;8;vote-seeking;vote-seeking;office-seeking;office-seeking;office-seeking;office-seeking;office-seeking;office-seeking;vote-seeking;vote-seeking;vote-seeking;vote-seeking;office-seeking;office-seeking;vote-seeking;vote-seeking;policy-seeking;policy-seeking;vote-seeking;vote-seeking;vote-seeking;policy-seeking;vote-seeking;policy-seeking;vote-seeking;policy-seeking;vote-seeking;office-seeking;policy-seeking;policy-seeking;vote-seeking;vote-seeking;vote-seeking;office-seeking;vote-seeking;;;;;;;;;;;;;;;;;;;;;;;;;;;;;;;;;;;;;;;;;;;;;;;;;;;;;;;;;;;;;;;;
20180130;7;7;4;3;10;4;;6;7;10;7;7;4;;7;9;0;0;8;10;8;0;8;7;7;3;9;8;4;7;9;9;7;;4;;;;;;;;;;;;;;;;;;;;;;;;;;;;;;;;;;;;;;;;;;;;;;;;;;;;;;;;;;;;;;;;;;;;;;;;;;;;;;;;;;;;;;;;;;;;;;;;;;;
20180131;8;8;3;2;9;1;3;7;9;9;7;9;4;3;8;9;0;0;9;8;9;0;7;10;9;1;9;8;1;9;8;8;9;3;8;;;;;;;;;;;;;;;;;;;;;;;;;;;;;;;;;;;;;;;;;;;;;;;;;;;;;;;;;;;;;;;;;;;;;;;;;;;;;;;;;;;;;;;;;;;;;;;;;;;
20180132;8;8;5;4;8;4;8;8;9;8;8;8;7;6;8;8;2;2;8;8;8;3;8;8;8;3;8;8;9;8;7;6;8;4;6;;;;;;;;;;;;;;;;;;;;;;;;;;;;;;;;;;;;;;;;;;;;;;;;;;;;;;;;;;;;;;;;;;;;;;;;;;;;;;;;;;;;;;;;;;;;;;;;;;;
20180133;6;8;3;4;8;2;;6;8;8;7;7;7;4;6;8;0;0;8;6;8;0;;8;7;2;7;7;10;10;7;6;;4;;vote-seeking;vote-seeking;office-seeking;office-seeking;vote-seeking;policy-seeking;office-seeking;vote-seeking;vote-seeking;vote-seeking;vote-seeking;vote-seeking;policy-seeking;vote-seeking;vote-seeking;vote-seeking;policy-seeking;policy-seeking;vote-seeking;vote-seeking;vote-seeking;policy-seeking;vote-seeking;vote-seeking;vote-seeking;policy-seeking;vote-seeking;vote-seeking;vote-seeking;vote-seeking;vote-seeking;vote-seeking;vote-seeking;policy-seeking;vote-seeking;;;;;;;;;;;;;;;;;;;;;;;;;;;;;;;;;;;;;;;;;;;;;;;;;;;;;;;;;;;;;;;;
20180134;9;10;;0;10;0;0;10;10;10;10;10;5;10;10;10;0;0;10;10;10;0;10;10;10;0;10;10;10;10;10;10;10;10;10;office-seeking;vote-seeking;vote-seeking;policy-seeking;vote-seeking;policy-seeking;office-seeking;vote-seeking;office-seeking;vote-seeking;vote-seeking;vote-seeking;vote-seeking;office-seeking;policy-seeking;office-seeking;policy-seeking;policy-seeking;office-seeking;office-seeking;vote-seeking;policy-seeking;office-seeking;office-seeking;vote-seeking;policy-seeking;office-seeking;office-seeking;vote-seeking;vote-seeking;não sei;office-seeking;não sei;office-seeking;vote-seeking;;;;;;;;;;;;;;;;;;;;;;;;;;;;;;;;;;;;;;;;;;;;;;;;;;;;;;;;;;;;;;;;
20180135;10;4;3;10;7;5;;;4;10;4;6;4;4;6;4;4;4;;4;9;0;4;10;;4;;6;;;4;4;10;;4;;;;;;;;;;;;;;;;;;;;;;;;;;;;;;;;;;;;;;;;;;;;;;;;;;;;;;;;;;;;;;;;;;;;;;;;;;;;;;;;;;;;;;;;;;;;;;;;;;;
20180136;6;8;3;2;8;2;4;8;7;7;4;6;4;6;6;7;0;0;8;8;8;0;8;7;8;1;8;8;9;8;8;6;8;4;7;office-seeking;office-seeking;office-seeking;policy-seeking;office-seeking;policy-seeking;vote-seeking;policy-seeking;office-seeking;office-seeking;office-seeking;office-seeking;office-seeking;office-seeking;office-seeking;office-seeking;policy-seeking;policy-seeking;vote-seeking;office-seeking;office-seeking;policy-seeking;vote-seeking;office-seeking;office-seeking;policy-seeking;office-seeking;office-seeking;office-seeking;vote-seeking;office-seeking;vote-seeking;policy-seeking;policy-seeking;office-seeking;;;;;;;;;;;;;;;;;;;;;;;;;;;;;;;;;;;;;;;;;;;;;;;;;;;;;;;;;;;;;;;;
20180137;8;7;4;4;9;4;5;8;7;8;4;9;5;5;7;9;1;1;7;4;6;1;7;8;8;2;8;7;2;7;8;5;5;5;7;office-seeking;office-seeking;policy-seeking;policy-seeking;office-seeking;office-seeking;office-seeking;policy-seeking;vote-seeking;vote-seeking;não sei;office-seeking;office-seeking;vote-seeking;vote-seeking;office-seeking;policy-seeking;policy-seeking;vote-seeking;policy-seeking;vote-seeking;policy-seeking;vote-seeking;vote-seeking;office-seeking;policy-seeking;vote-seeking;vote-seeking;policy-seeking;vote-seeking;vote-seeking;vote-seeking;não sei;policy-seeking;não sei;;;;;;;;;;;;;;;;;;;;;;;;;;;;;;;;;;;;;;;;;;;;;;;;;;;;;;;;;;;;;;;;
20180138;6;8;4;3;9;2;;7;;7;7;7;7;6;7;9;0;1;7;6;7;0;5;8;8;1;6;8;6;8;7;7;9;4;;office-seeking;office-seeking;office-seeking;vote-seeking;office-seeking;policy-seeking;office-seeking;vote-seeking;não sei;não sei;não sei;não sei;office-seeking;office-seeking;não sei;office-seeking;policy-seeking;policy-seeking;não sei;não sei;não sei;policy-seeking;não sei;não sei;office-seeking;policy-seeking;office-seeking;office-seeking;não sei;não sei;office-seeking;office-seeking;policy-seeking;policy-seeking;não sei;;;;;;;;;;;;;;;;;;;;;;;;;;;;;;;;;;;;;;;;;;;;;;;;;;;;;;;;;;;;;;;;
20180139;10;4;4;;8;0;3;10;10;10;;;1;2;;9;0;0;10;9;10;2;;9;;0;;;;8;5;;;2;;;;;;;;;;;;;;;;;;;;;;;;;;;;;;;;;;;;;;;;;;;;;;;;;;;;;;;;;;;;;;;;;;;;;;;;;;;;;;;;;;;;;;;;;;;;;;;;;;;;
20180140;6;7;4;3;8;3;5;7;8;8;8;8;8;7;9;9;0;0;9;8;9;0;7;10;8;1;7;8;10;9;9;7;7;6;9;;office-seeking;vote-seeking;policy-seeking;office-seeking;policy-seeking;policy-seeking;vote-seeking;;office-seeking;office-seeking;office-seeking;office-seeking;office-seeking;office-seeking;office-seeking;policy-seeking;policy-seeking;office-seeking;office-seeking;office-seeking;policy-seeking;office-seeking;office-seeking;;policy-seeking;office-seeking;office-seeking;office-seeking;office-seeking;office-seeking;office-seeking;não sei;office-seeking;office-seeking;;;;;;;;;;;;;;;;;;;;;;;;;;;;;;;;;;;;;;;;;;;;;;;;;;;;;;;;;;;;;;;;
20180141;6;5;3;2;8;1;3;6;7;7;7;7;3;4;4;9;0;2;9;7;9;0;5;9;8;1;8;6;9;9;6;4;;4;6;vote-seeking;policy-seeking;policy-seeking;policy-seeking;office-seeking;policy-seeking;policy-seeking;policy-seeking;office-seeking;office-seeking;policy-seeking;office-seeking;policy-seeking;policy-seeking;office-seeking;;policy-seeking;policy-seeking;office-seeking;office-seeking;office-seeking;policy-seeking;office-seeking;office-seeking;office-seeking;policy-seeking;office-seeking;office-seeking;policy-seeking;office-seeking;policy-seeking;policy-seeking;office-seeking;vote-seeking;office-seeking;;;;;;;;;;;;;;;;;;;;;;;;;;;;;;;;;;;;;;;;;;;;;;;;;;;;;;;;;;;;;;;;
20180142;6;4;3;2;10;0;3;8;6;8;7;6;4;4;4;4;0;0;8;7;8;0;7;7;9;0;9;6;10;10;9;6;4;4;6;office-seeking;office-seeking;office-seeking;policy-seeking;office-seeking;policy-seeking;policy-seeking;office-seeking;office-seeking;office-seeking;office-seeking;office-seeking;policy-seeking;policy-seeking;vote-seeking;vote-seeking;policy-seeking;policy-seeking;office-seeking;vote-seeking;office-seeking;policy-seeking;não sei;office-seeking;office-seeking;policy-seeking;office-seeking;policy-seeking;office-seeking;vote-seeking;vote-seeking;office-seeking;policy-seeking;policy-seeking;vote-seeking;;;;;;;;;;;;;;;;;;;;;;;;;;;;;;;;;;;;;;;;;;;;;;;;;;;;;;;;;;;;;;;;
20180143;;0;2;;;4;3;10;;;;3;;3;2;4;0;0;;4;2;0;4;0;4;9;4;5;0;1;1;1;0;3;4;vote-seeking;vote-seeking;vote-seeking;vote-seeking;vote-seeking;vote-seeking;vote-seeking;vote-seeking;vote-seeking;vote-seeking;vote-seeking;vote-seeking;vote-seeking;vote-seeking;vote-seeking;vote-seeking;vote-seeking;vote-seeking;vote-seeking;vote-seeking;vote-seeking;vote-seeking;vote-seeking;vote-seeking;vote-seeking;vote-seeking;vote-seeking;vote-seeking;vote-seeking;vote-seeking;vote-seeking;vote-seeking;vote-seeking;vote-seeking;vote-seeking;;;;;;;;;;;;;;;;;;;;;;;;;;;;;;;;;;;;;;;;;;;;;;;;;;;;;;;;;;;;;;;;
20180144;7;;6;;6;2;5;9;7;7;;6;4;3;;8;;0;;;6;;;6;6;1;7;6;;6;7;5;;;;;;;;;;;;;;;;;;;;;;;;;;;;;;;;;;;;;;;;;;;;;;;;;;;;;;;;;;;;;;;;;;;;;;;;;;;;;;;;;;;;;;;;;;;;;;;;;;;;;;
20180145;6;7;4;3;7;3;;6;7;6;7;7;6;;5;8;1;3;6;;8;1;6;6;7;2;7;7;7;8;7;5;6;;6;vote-seeking;office-seeking;policy-seeking;policy-seeking;policy-seeking;office-seeking;vote-seeking;policy-seeking;office-seeking;office-seeking;office-seeking;office-seeking;office-seeking;office-seeking;office-seeking;vote-seeking;policy-seeking;office-seeking;office-seeking;office-seeking;office-seeking;policy-seeking;não sei;office-seeking;office-seeking;policy-seeking;office-seeking;office-seeking;office-seeking;policy-seeking;office-seeking;não sei;não sei;vote-seeking;office-seeking;;;;;;;;;;;;;;;;;;;;;;;;;;;;;;;;;;;;;;;;;;;;;;;;;;;;;;;;;;;;;;;;
20180146;6;4;2;4;8;3;6;7;8;8;8;7;5;6;9;9;1;2;10;9;10;0;10;9;9;3;7;8;8;10;7;8;10;7;6;vote-seeking;vote-seeking;policy-seeking;office-seeking;vote-seeking;policy-seeking;policy-seeking;vote-seeking;vote-seeking;vote-seeking;vote-seeking;vote-seeking;policy-seeking;office-seeking;vote-seeking;vote-seeking;policy-seeking;policy-seeking;vote-seeking;vote-seeking;vote-seeking;policy-seeking;vote-seeking;vote-seeking;vote-seeking;policy-seeking;vote-seeking;vote-seeking;vote-seeking;vote-seeking;vote-seeking;vote-seeking;vote-seeking;vote-seeking;vote-seeking;;;;;;;;;;;;;;;;;;;;;;;;;;;;;;;;;;;;;;;;;;;;;;;;;;;;;;;;;;;;;;;;
20180147;6;7;3;1;10;3;4;6;6;7;7;6;6;6;7;7;2;3;7;6;8;1;8;6;6;0;6;7;7;7;7;7;6;7;7;vote-seeking;policy-seeking;policy-seeking;policy-seeking;vote-seeking;policy-seeking;policy-seeking;policy-seeking;office-seeking;vote-seeking;;não sei;vote-seeking;office-seeking;office-seeking;vote-seeking;policy-seeking;policy-seeking;office-seeking;;office-seeking;policy-seeking;não sei;vote-seeking;vote-seeking;policy-seeking;vote-seeking;vote-seeking;não sei;não sei;office-seeking;vote-seeking;não sei;policy-seeking;não sei;;;;;;;;;;;;;;;;;;;;;;;;;;;;;;;;;;;;;;;;;;;;;;;;;;;;;;;;;;;;;;;;
20180148;8;2;3;1;8;0;2;8;8;7;2;7;1;2;2;1;1;0;3;2;7;2;8;3;8;2;8;3;8;7;7;3;7;3;2;office-seeking;policy-seeking;office-seeking;policy-seeking;vote-seeking;vote-seeking;vote-seeking;vote-seeking;vote-seeking;vote-seeking;policy-seeking;office-seeking;vote-seeking;vote-seeking;office-seeking;office-seeking;vote-seeking;policy-seeking;policy-seeking;policy-seeking;vote-seeking;vote-seeking;office-seeking;vote-seeking;vote-seeking;office-seeking;office-seeking;office-seeking;vote-seeking;office-seeking;policy-seeking;vote-seeking;office-seeking;policy-seeking;vote-seeking;;;;;;;;;;;;;;;;;;;;;;;;;;;;;;;;;;;;;;;;;;;;;;;;;;;;;;;;;;;;;;;;
20180149;7;10;2;0;10;2;4;;10;7;10;9;4;4;10;10;0;0;10;;10;0;;6;10;0;10;4;10;7;10;4;4;3;;vote-seeking;office-seeking;policy-seeking;policy-seeking;office-seeking;office-seeking;office-seeking;office-seeking;vote-seeking;vote-seeking;vote-seeking;vote-seeking;office-seeking;vote-seeking;vote-seeking;vote-seeking;policy-seeking;office-seeking;vote-seeking;vote-seeking;vote-seeking;policy-seeking;vote-seeking;vote-seeking;vote-seeking;policy-seeking;vote-seeking;vote-seeking;vote-seeking;vote-seeking;vote-seeking;office-seeking;office-seeking;policy-seeking;vote-seeking;;;;;;;;;;;;;;;;;;;;;;;;;;;;;;;;;;;;;;;;;;;;;;;;;;;;;;;;;;;;;;;;
20180150;10;2;4;5;7;0;3;5;8;9;10;8;4;7;2;7;1;1;4;7;8;3;8;5;7;2;7;7;9;8;7;8;7;8;3;office-seeking;não sei;policy-seeking;policy-seeking;office-seeking;policy-seeking;office-seeking;office-seeking;vote-seeking;não sei;policy-seeking;office-seeking;vote-seeking;policy-seeking;vote-seeking;;policy-seeking;;office-seeking;;office-seeking;policy-seeking;vote-seeking;policy-seeking;office-seeking;policy-seeking;vote-seeking;office-seeking;office-seeking;;office-seeking;office-seeking;office-seeking;vote-seeking;office-seeking;;;;;;;;;;;;;;;;;;;;;;;;;;;;;;;;;;;;;;;;;;;;;;;;;;;;;;;;;;;;;;;;
20180151;6;6;4;3;10;3;3;7;10;10;8;8;7;6;5;10;0;0;10;10;10;0;10;10;6;2;8;5;;10;10;7;10;6;6;office-seeking;office-seeking;office-seeking;policy-seeking;vote-seeking;office-seeking;office-seeking;vote-seeking;não sei;;não sei;não sei;office-seeking;vote-seeking;;office-seeking;policy-seeking;não sei;não sei;não sei;não sei;policy-seeking;não sei;vote-seeking;não sei;policy-seeking;vote-seeking;office-seeking;não sei;não sei;não sei;office-seeking;não sei;vote-seeking;;;;;;;;;;;;;;;;;;;;;;;;;;;;;;;;;;;;;;;;;;;;;;;;;;;;;;;;;;;;;;;;;
20180152;6;8;4;4;9;4;4;6;8;8;6;7;;;7;8;0;0;7;6;7;0;6;8;8;1;8;6;8;6;6;6;7;4;6;office-seeking;office-seeking;vote-seeking;vote-seeking;office-seeking;vote-seeking;vote-seeking;vote-seeking;office-seeking;policy-seeking;não sei;office-seeking;office-seeking;policy-seeking;office-seeking;office-seeking;policy-seeking;policy-seeking;office-seeking;não sei;office-seeking;policy-seeking;office-seeking;policy-seeking;office-seeking;policy-seeking;office-seeking;office-seeking;office-seeking;office-seeking;office-seeking;office-seeking;policy-seeking;policy-seeking;office-seeking;;;;;;;;;;;;;;;;;;;;;;;;;;;;;;;;;;;;;;;;;;;;;;;;;;;;;;;;;;;;;;;;
20180153;7;4;4;3;9;1;4;6;9;10;4;8;4;6;7;10;0;0;8;;9;0;9;9;9;2;8;9;;10;10;9;;6;8;office-seeking;office-seeking;office-seeking;policy-seeking;office-seeking;vote-seeking;office-seeking;policy-seeking;não sei;policy-seeking;não sei;não sei;office-seeking;office-seeking;vote-seeking;office-seeking;policy-seeking;policy-seeking;não sei;não sei;vote-seeking;policy-seeking;vote-seeking;vote-seeking;não sei;policy-seeking;office-seeking;office-seeking;não sei;não sei;não sei;office-seeking;não sei;vote-seeking;vote-seeking;;;;;;;;;;;;;;;;;;;;;;;;;;;;;;;;;;;;;;;;;;;;;;;;;;;;;;;;;;;;;;;;
20180154;7;7;4;3;8;3;4;8;8;9;;8;7;6;6;8;2;0;7;8;8;1;7;8;8;1;7;8;4;9;6;8;10;4;8;office-seeking;office-seeking;office-seeking;policy-seeking;office-seeking;policy-seeking;office-seeking;policy-seeking;vote-seeking;vote-seeking;vote-seeking;vote-seeking;office-seeking;office-seeking;vote-seeking;office-seeking;policy-seeking;policy-seeking;vote-seeking;vote-seeking;vote-seeking;policy-seeking;vote-seeking;vote-seeking;vote-seeking;policy-seeking;office-seeking;office-seeking;policy-seeking;vote-seeking;office-seeking;office-seeking;policy-seeking;policy-seeking;vote-seeking;;;;;;;;;;;;;;;;;;;;;;;;;;;;;;;;;;;;;;;;;;;;;;;;;;;;;;;;;;;;;;;;
20180155;6;7;4;3;9;2;4;8;9;7;6;9;5;6;6;6;1;2;8;6;9;0;8;8;7;1;6;6;10;9;8;8;6;5;6;office-seeking;vote-seeking;vote-seeking;policy-seeking;office-seeking;office-seeking;office-seeking;policy-seeking;vote-seeking;vote-seeking;vote-seeking;office-seeking;office-seeking;office-seeking;office-seeking;vote-seeking;policy-seeking;office-seeking;vote-seeking;vote-seeking;vote-seeking;policy-seeking;vote-seeking;vote-seeking;vote-seeking;policy-seeking;vote-seeking;vote-seeking;vote-seeking;vote-seeking;vote-seeking;office-seeking;vote-seeking;policy-seeking;não sei;;;;;;;;;;;;;;;;;;;;;;;;;;;;;;;;;;;;;;;;;;;;;;;;;;;;;;;;;;;;;;;;
20180156;5;5;5;5;7;;5;7;7;7;7;7;5;5;6;7;1;1;8;7;7;1;5;7;7;1;7;7;7;7;7;5;;6;7;office-seeking;office-seeking;office-seeking;vote-seeking;office-seeking;office-seeking;vote-seeking;vote-seeking;não sei;office-seeking;não sei;office-seeking;office-seeking;policy-seeking;office-seeking;office-seeking;policy-seeking;office-seeking;office-seeking;office-seeking;não sei;policy-seeking;policy-seeking;office-seeking;office-seeking;policy-seeking;office-seeking;office-seeking;não sei;não sei;;office-seeking;policy-seeking;policy-seeking;não sei;;;;;;;;;;;;;;;;;;;;;;;;;;;;;;;;;;;;;;;;;;;;;;;;;;;;;;;;;;;;;;;;
20180157;7;7;8;1;10;0;7;8;9;10;8;8;3;;7;10;0;0;10;9;9;0;9;10;9;0;9;8;7;9;7;8;9;;8;;;;;;;;;;;;;;;;;;;;;;;;;;;;;;;;;;;;;;;;;;;;;;;;;;;;;;;;;;;;;;;;;;;;;;;;;;;;;;;;;;;;;;;;;;;;;;;;;;;
20180158;10;10;5;4;;4;;10;10;;10;10;10;10;10;;0;0;10;10;10;1;10;10;10;0;10;10;6;10;10;10;10;5;8;não sei;não sei;não sei;vote-seeking;não sei;vote-seeking;não sei;não sei;não sei;não sei;não sei;não sei;não sei;office-seeking;;não sei;policy-seeking;policy-seeking;não sei;;;não sei;não sei;não sei;não sei;policy-seeking;vote-seeking;não sei;não sei;não sei;não sei;;não sei;não sei;não sei;;;;;;;;;;;;;;;;;;;;;;;;;;;;;;;;;;;;;;;;;;;;;;;;;;;;;;;;;;;;;;;;
20180159;6;4;3;4;8;3;3;4;9;9;6;7;4;6;4;7;0;0;7;8;10;0;7;10;7;1;7;7;10;10;7;7;10;6;7;office-seeking;office-seeking;vote-seeking;vote-seeking;vote-seeking;vote-seeking;vote-seeking;vote-seeking;policy-seeking;policy-seeking;não sei;não sei;vote-seeking;policy-seeking;office-seeking;office-seeking;policy-seeking;policy-seeking;não sei;policy-seeking;policy-seeking;policy-seeking;office-seeking;não sei;office-seeking;policy-seeking;office-seeking;office-seeking;policy-seeking;policy-seeking;office-seeking;office-seeking;policy-seeking;vote-seeking;office-seeking;;;;;;;;;;;;;;;;;;;;;;;;;;;;;;;;;;;;;;;;;;;;;;;;;;;;;;;;;;;;;;;;
20180160;8;7;5;4;10;4;7;10;10;10;10;10;8;6;9;10;0;0;10;10;10;0;9;10;10;0;10;10;10;10;10;9;10;8;8;;;;;;;;;;;;;;;;;;;;;;;;;;;;;;;;;;;;;;;;;;;;;;;;;;;;;;;;;;;;;;;;;;;;;;;;;;;;;;;;;;;;;;;;;;;;;;;;;;;
20180161;5;7;3;3;8;3;5;4;8;8;5;7;4;5;7;8;1;;6;;8;0;7;6;7;2;7;7;3;7;6;6;8;5;;office-seeking;office-seeking;office-seeking;vote-seeking;office-seeking;office-seeking;office-seeking;vote-seeking;policy-seeking;policy-seeking;não sei;não sei;não sei;office-seeking;não sei;office-seeking;policy-seeking;policy-seeking;policy-seeking;office-seeking;policy-seeking;policy-seeking;não sei;policy-seeking;vote-seeking;policy-seeking;office-seeking;office-seeking;policy-seeking;office-seeking;office-seeking;office-seeking;policy-seeking;não sei;não sei;;;;;;;;;;;;;;;;;;;;;;;;;;;;;;;;;;;;;;;;;;;;;;;;;;;;;;;;;;;;;;;;
20180162;5;6;4;3;8;2;4;6;8;10;7;8;2;5;6;7;0;0;9;7;9;0;6;9;7;1;7;5;1;9;6;5;8;7;7;office-seeking;vote-seeking;vote-seeking;policy-seeking;policy-seeking;policy-seeking;office-seeking;policy-seeking;não sei;policy-seeking;não sei;;policy-seeking;policy-seeking;não sei;office-seeking;policy-seeking;policy-seeking;vote-seeking;não sei;policy-seeking;policy-seeking;vote-seeking;vote-seeking;policy-seeking;policy-seeking;vote-seeking;office-seeking;policy-seeking;vote-seeking;vote-seeking;office-seeking;office-seeking;office-seeking;vote-seeking;;;;;;;;;;;;;;;;;;;;;;;;;;;;;;;;;;;;;;;;;;;;;;;;;;;;;;;;;;;;;;;;
20180163;6;;3;2;10;1;4;8;10;10;10;10;;8;10;10;0;0;10;10;10;0;8;10;10;0;9;8;0;10;10;8;6;7;10;vote-seeking;vote-seeking;policy-seeking;policy-seeking;office-seeking;policy-seeking;policy-seeking;policy-seeking;não sei;vote-seeking;vote-seeking;vote-seeking;office-seeking;vote-seeking;não sei;office-seeking;policy-seeking;policy-seeking;não sei;vote-seeking;vote-seeking;policy-seeking;vote-seeking;vote-seeking;vote-seeking;policy-seeking;office-seeking;vote-seeking;vote-seeking;vote-seeking;não sei;não sei;policy-seeking;policy-seeking;não sei;;;;;;;;;;;;;;;;;;;;;;;;;;;;;;;;;;;;;;;;;;;;;;;;;;;;;;;;;;;;;;;;
20180164;7;4;4;2;10;1;3;5;9;9;9;8;4;5;4;10;1;1;7;10;9;0;6;6;6;0;10;4;10;10;6;6;6;4;9;;;;;;;;;;;;;;;;;;;;;;;;;;;;;;;;;;;;;;;;;;;;;;;;;;;;;;;;;;;;;;;;;;;;;;;;;;;;;;;;;;;;;;;;;;;;;;;;;;;
20180165;5;5;3;3;7;4;3;6;7;4;5;5;6;4;7;6;0;0;5;6;7;0;5;6;5;2;4;6;10;10;5;5;6;4;10;vote-seeking;vote-seeking;policy-seeking;policy-seeking;policy-seeking;policy-seeking;vote-seeking;policy-seeking;não sei;vote-seeking;office-seeking;vote-seeking;office-seeking;vote-seeking;vote-seeking;office-seeking;policy-seeking;policy-seeking;office-seeking;não sei;não sei;policy-seeking;policy-seeking;vote-seeking;não sei;policy-seeking;não sei;office-seeking;policy-seeking;policy-seeking;não sei;vote-seeking;não sei;office-seeking;vote-seeking;;;;;;;;;;;;;;;;;;;;;;;;;;;;;;;;;;;;;;;;;;;;;;;;;;;;;;;;;;;;;;;;
20180166;9;8;3;2;7;0;3;8;8;10;6;10;2;7;8;10;0;0;10;3;7;0;10;6;9;0;7;10;9;10;7;8;6;2;6;vote-seeking;policy-seeking;office-seeking;policy-seeking;office-seeking;office-seeking;vote-seeking;policy-seeking;vote-seeking;policy-seeking;vote-seeking;policy-seeking;policy-seeking;policy-seeking;policy-seeking;office-seeking;policy-seeking;office-seeking;office-seeking;policy-seeking;policy-seeking;policy-seeking;policy-seeking;office-seeking;policy-seeking;vote-seeking;;;vote-seeking;office-seeking;policy-seeking;vote-seeking;não sei;office-seeking;policy-seeking;;;;;;;;;;;;;;;;;;;;;;;;;;;;;;;;;;;;;;;;;;;;;;;;;;;;;;;;;;;;;;;;
20180167;5;5;5;4;;4;5;8;7;9;7;7;6;7;8;8;0;0;9;5;8;0;7;9;7;1;7;8;6;7;5;8;10;4;5;vote-seeking;vote-seeking;vote-seeking;vote-seeking;vote-seeking;policy-seeking;vote-seeking;vote-seeking;office-seeking;office-seeking;office-seeking;office-seeking;office-seeking;office-seeking;office-seeking;vote-seeking;policy-seeking;policy-seeking;office-seeking;office-seeking;office-seeking;policy-seeking;office-seeking;office-seeking;office-seeking;policy-seeking;vote-seeking;vote-seeking;office-seeking;office-seeking;office-seeking;office-seeking;policy-seeking;vote-seeking;office-seeking;;;;;;;;;;;;;;;;;;;;;;;;;;;;;;;;;;;;;;;;;;;;;;;;;;;;;;;;;;;;;;;;
20180168;7;4;4;4;10;3;3;10;7;6;;6;3;6;4;7;3;2;;6;8;4;5;4;6;0;6;4;6;6;;4;6;4;4;;;;;;;;;;;;;;;;;;;;;;;;;;;;;;;;;;;;;;;;;;;;;;;;;;;;;;;;;;;;;;;;;;;;;;;;;;;;;;;;;;;;;;;;;;;;;;;;;;;
20180169;6;4;4;3;8;1;3;7;;7;7;7;4;4;;6;0;0;7;;6;0;;;7;1;7;6;;5;6;;;;;office-seeking;office-seeking;policy-seeking;policy-seeking;office-seeking;policy-seeking;office-seeking;policy-seeking;office-seeking;policy-seeking;office-seeking;office-seeking;policy-seeking;office-seeking;office-seeking;office-seeking;policy-seeking;policy-seeking;office-seeking;office-seeking;office-seeking;policy-seeking;office-seeking;office-seeking;office-seeking;policy-seeking;office-seeking;office-seeking;office-seeking;office-seeking;office-seeking;office-seeking;office-seeking;policy-seeking;office-seeking;;;;;;;;;;;;;;;;;;;;;;;;;;;;;;;;;;;;;;;;;;;;;;;;;;;;;;;;;;;;;;;;
20180170;6;7;3;1;10;3;5;9;10;10;10;9;6;6;10;10;1;1;8;10;10;1;9;8;10;1;10;8;10;9;9;6;10;6;9;vote-seeking;não sei;policy-seeking;policy-seeking;vote-seeking;policy-seeking;office-seeking;vote-seeking;não sei;vote-seeking;não sei;não sei;office-seeking;office-seeking;não sei;vote-seeking;policy-seeking;policy-seeking;vote-seeking;vote-seeking;vote-seeking;policy-seeking;não sei;não sei;;policy-seeking;vote-seeking;não sei;não sei;não sei;não sei;vote-seeking;não sei;office-seeking;não sei;;;;;;;;;;;;;;;;;;;;;;;;;;;;;;;;;;;;;;;;;;;;;;;;;;;;;;;;;;;;;;;;
20180171;6;7;4;3;8;1;4;6;7;9;7;7;6;4;6;8;0;0;6;7;7;0;6;9;8;1;8;7;8;7;8;4;10;3;5;office-seeking;office-seeking;policy-seeking;policy-seeking;policy-seeking;policy-seeking;policy-seeking;policy-seeking;office-seeking;office-seeking;office-seeking;office-seeking;office-seeking;policy-seeking;office-seeking;office-seeking;policy-seeking;policy-seeking;office-seeking;não sei;office-seeking;policy-seeking;office-seeking;office-seeking;office-seeking;office-seeking;office-seeking;office-seeking;office-seeking;não sei;office-seeking;office-seeking;policy-seeking;policy-seeking;não sei;;;;;;;;;;;;;;;;;;;;;;;;;;;;;;;;;;;;;;;;;;;;;;;;;;;;;;;;;;;;;;;;
20180172;5;5;4;4;7;4;4;6;6;8;6;7;5;6;7;6;0;3;7;6;8;1;6;6;6;3;7;7;6;7;6;5;6;5;7;office-seeking;office-seeking;policy-seeking;policy-seeking;vote-seeking;policy-seeking;office-seeking;policy-seeking;não sei;office-seeking;não sei;não sei;office-seeking;office-seeking;não sei;office-seeking;policy-seeking;não sei;não sei;não sei;não sei;policy-seeking;office-seeking;não sei;não sei;policy-seeking;não sei;não sei;não sei;não sei;não sei;não sei;não sei;policy-seeking;não sei;;;;;;;;;;;;;;;;;;;;;;;;;;;;;;;;;;;;;;;;;;;;;;;;;;;;;;;;;;;;;;;;
20180173;5;10;5;0;10;0;5;5;10;10;10;10;5;5;10;10;0;0;10;5;10;0;5;10;10;0;10;5;10;10;5;5;5;5;10;office-seeking;office-seeking;office-seeking;policy-seeking;policy-seeking;office-seeking;office-seeking;policy-seeking;vote-seeking;vote-seeking;vote-seeking;vote-seeking;office-seeking;vote-seeking;não sei;vote-seeking;policy-seeking;policy-seeking;vote-seeking;vote-seeking;vote-seeking;policy-seeking;vote-seeking;vote-seeking;vote-seeking;policy-seeking;vote-seeking;vote-seeking;não sei;não sei;vote-seeking;office-seeking;não sei;office-seeking;vote-seeking;;;;;;;;;;;;;;;;;;;;;;;;;;;;;;;;;;;;;;;;;;;;;;;;;;;;;;;;;;;;;;;;
20180174;7;3;2;2;8;1;3;7;8;7;7;6;3;6;3;7;1;1;;6;6;1;;6;7;0;6;5;7;9;9;4;6;4;;vote-seeking;não sei;office-seeking;policy-seeking;vote-seeking;policy-seeking;policy-seeking;vote-seeking;não sei;office-seeking;não sei;não sei;office-seeking;office-seeking;não sei;office-seeking;policy-seeking;policy-seeking;não sei;office-seeking;não sei;policy-seeking;vote-seeking;não sei;não sei;policy-seeking;não sei;não sei;não sei;não sei;não sei;não sei;vote-seeking;office-seeking;não sei;;;;;;;;;;;;;;;;;;;;;;;;;;;;;;;;;;;;;;;;;;;;;;;;;;;;;;;;;;;;;;;;
20180175;6;6;3;3;7;2;4;6;9;8;;7;6;5;7;8;0;0;9;4;9;0;5;10;7;1;5;7;9;10;6;4;9;4;7;;;não sei;;não sei;;;;;;;;;;;;;;;;;;;não sei;;;;;;;;;;;;;;;;;;;;;;;;;;;;;;;;;;;;;;;;;;;;;;;;;;;;;;;;;;;;;;;;;;;;;;;;;;;
20180176;6;6;4;4;9;1;2;;6;5;5;7;2;5;5;6;0;1;6;7;6;0;;8;7;1;8;6;4;8;7;3;8;4;5;office-seeking;vote-seeking;vote-seeking;policy-seeking;office-seeking;policy-seeking;policy-seeking;policy-seeking;office-seeking;vote-seeking;vote-seeking;não sei;vote-seeking;policy-seeking;vote-seeking;office-seeking;policy-seeking;policy-seeking;vote-seeking;vote-seeking;office-seeking;policy-seeking;vote-seeking;office-seeking;vote-seeking;policy-seeking;office-seeking;office-seeking;não sei;vote-seeking;vote-seeking;office-seeking;office-seeking;policy-seeking;vote-seeking;;;;;;;;;;;;;;;;;;;;;;;;;;;;;;;;;;;;;;;;;;;;;;;;;;;;;;;;;;;;;;;;
20180177;5;5;4;1;9;4;3;4;5;9;4;6;4;4;6;9;0;1;5;8;5;0;5;9;8;1;7;7;7;10;5;5;8;2;5;office-seeking;office-seeking;office-seeking;policy-seeking;office-seeking;office-seeking;policy-seeking;policy-seeking;office-seeking;policy-seeking;não sei;office-seeking;office-seeking;policy-seeking;office-seeking;office-seeking;vote-seeking;policy-seeking;office-seeking;office-seeking;office-seeking;vote-seeking;office-seeking;office-seeking;office-seeking;policy-seeking;office-seeking;office-seeking;office-seeking;office-seeking;office-seeking;office-seeking;policy-seeking;policy-seeking;office-seeking;;;;;;;;;;;;;;;;;;;;;;;;;;;;;;;;;;;;;;;;;;;;;;;;;;;;;;;;;;;;;;;;
20180178;;;;3;;;;;;;;;;;;;;;;;;;;;;;;;;;;;;;;;não sei;não sei;não sei;não sei;não sei;não sei;não sei;não sei;não sei;não sei;não sei;não sei;não sei;;não sei;não sei;não sei;não sei;não sei;não sei;não sei;não sei;não sei;não sei;não sei;não sei;não sei;não sei;não sei;não sei;não sei;;não sei;não sei;;;;;;;;;;;;;;;;;;;;;;;;;;;;;;;;;;;;;;;;;;;;;;;;;;;;;;;;;;;;;;;;
20180179;8;8;3;3;8;2;4;6;10;9;;8;7;6;;9;0;0;9;8;9;0;7;7;8;2;8;7;4;10;9;8;6;;8;office-seeking;office-seeking;policy-seeking;policy-seeking;office-seeking;policy-seeking;policy-seeking;vote-seeking;office-seeking;office-seeking;office-seeking;office-seeking;vote-seeking;office-seeking;vote-seeking;office-seeking;policy-seeking;policy-seeking;office-seeking;office-seeking;office-seeking;policy-seeking;vote-seeking;policy-seeking;office-seeking;policy-seeking;office-seeking;office-seeking;não sei;vote-seeking;office-seeking;vote-seeking;policy-seeking;policy-seeking;office-seeking;;;;;;;;;;;;;;;;;;;;;;;;;;;;;;;;;;;;;;;;;;;;;;;;;;;;;;;;;;;;;;;;
20180180;6;7;2;2;9;2;4;7;7;7;7;7;4;;;8;3;4;;7;7;3;6;7;7;2;8;6;7;8;7;7;;;6;office-seeking;office-seeking;office-seeking;policy-seeking;;policy-seeking;office-seeking;policy-seeking;office-seeking;office-seeking;office-seeking;office-seeking;office-seeking;policy-seeking;office-seeking;office-seeking;vote-seeking;policy-seeking;office-seeking;office-seeking;office-seeking;policy-seeking;office-seeking;office-seeking;office-seeking;policy-seeking;office-seeking;office-seeking;office-seeking;não sei;office-seeking;office-seeking;não sei;policy-seeking;não sei;;;;;;;;;;;;;;;;;;;;;;;;;;;;;;;;;;;;;;;;;;;;;;;;;;;;;;;;;;;;;;;;
20180181;7;6;4;2;9;3;6;8;9;8;8;8;4;5;7;8;0;0;7;8;8;0;9;9;7;1;7;8;7;8;8;8;9;5;9;;;;;;;;;;;;;;;;;;;;;;;;;;;;;;;;;;;;;;;;;;;;;;;;;;;;;;;;;;;;;;;;;;;;;;;;;;;;;;;;;;;;;;;;;;;;;;;;;;;
20180182;7;8;4;2;9;1;5;7;7;8;7;8;7;6;6;9;0;0;6;6;8;0;7;9;6;1;9;7;7;9;8;8;7;5;7;policy-seeking;office-seeking;policy-seeking;policy-seeking;policy-seeking;policy-seeking;vote-seeking;policy-seeking;não sei;vote-seeking;não sei;não sei;office-seeking;office-seeking;office-seeking;policy-seeking;policy-seeking;policy-seeking;não sei;office-seeking;não sei;policy-seeking;não sei;vote-seeking;não sei;policy-seeking;não sei;não sei;não sei;não sei;não sei;office-seeking;policy-seeking;policy-seeking;não sei;;;;;;;;;;;;;;;;;;;;;;;;;;;;;;;;;;;;;;;;;;;;;;;;;;;;;;;;;;;;;;;;
20180183;10;1;1;0;8;0;1;10;9;9;8;8;2;1;7;8;0;0;8;6;8;0;7;7;7;0;8;4;8;1;7;2;10;2;6;office-seeking;policy-seeking;office-seeking;policy-seeking;office-seeking;policy-seeking;policy-seeking;office-seeking;não sei;office-seeking;não sei;não sei;policy-seeking;policy-seeking;não sei;vote-seeking;policy-seeking;policy-seeking;não sei;vote-seeking;office-seeking;policy-seeking;não sei;não sei;não sei;policy-seeking;office-seeking;office-seeking;não sei;não sei;office-seeking;policy-seeking;vote-seeking;policy-seeking;não sei;;;;;;;;;;;;;;;;;;;;;;;;;;;;;;;;;;;;;;;;;;;;;;;;;;;;;;;;;;;;;;;;
20180184;4;2;3;0;2;0;3;3;4;6;3;3;1;2;4;2;0;0;4;3;7;4;3;8;6;0;3;3;3;0;4;1;4;4;4;;;;;;;;;;;;;;;;;;;;;;;;;;;;;;;;;;;;;;;;;;;;;;;;;;;;;;;;;;;;;;;;;;;;;;;;;;;;;;;;;;;;;;;;;;;;;;;;;;;
20180185;7;3;8;4;9;1;1;6;9;8;4;9;1;6;5;9;1;1;7;7;9;3;8;8;6;1;8;6;8;8;9;7;6;6;9;;;;;;;;;;;;;;;;;;;;;;;;;;;;;;;;;;;;;;;;;;;;;;;;;;;;;;;;;;;;;;;;;;;;;;;;;;;;;;;;;;;;;;;;;;;;;;;;;;;
20180186;5;10;0;0;10;0;;5;10;10;;5;0;5;5;10;0;0;5;10;10;0;5;10;5;0;10;5;;10;5;5;0;5;4;office-seeking;office-seeking;office-seeking;office-seeking;vote-seeking;office-seeking;vote-seeking;office-seeking;vote-seeking;office-seeking;office-seeking;office-seeking;office-seeking;vote-seeking;policy-seeking;office-seeking;office-seeking;office-seeking;policy-seeking;vote-seeking;office-seeking;policy-seeking;vote-seeking;office-seeking;office-seeking;vote-seeking;policy-seeking;office-seeking;não sei;vote-seeking;não sei;vote-seeking;vote-seeking;vote-seeking;vote-seeking;;;;;;;;;;;;;;;;;;;;;;;;;;;;;;;;;;;;;;;;;;;;;;;;;;;;;;;;;;;;;;;;
20180187;;;3;3;7;3;3;7;6;7;8;8;5;3;7;10;0;0;10;8;10;0;5;7;;0;8;;5;8;7;;10;3;9;vote-seeking;não sei;policy-seeking;policy-seeking;policy-seeking;policy-seeking;vote-seeking;policy-seeking;office-seeking;office-seeking;office-seeking;office-seeking;vote-seeking;vote-seeking;não sei;vote-seeking;policy-seeking;policy-seeking;office-seeking;office-seeking;office-seeking;policy-seeking;office-seeking;office-seeking;office-seeking;policy-seeking;vote-seeking;não sei;office-seeking;não sei;não sei;não sei;policy-seeking;policy-seeking;office-seeking;;;;;;;;;;;;;;;;;;;;;;;;;;;;;;;;;;;;;;;;;;;;;;;;;;;;;;;;;;;;;;;;
20180188;7;4;4;4;10;1;2;7;7;7;7;7;1;7;2;10;1;1;7;7;8;1;8;10;10;1;8;7;7;8;7;7;9;9;9;;;;;;;;;;;;;;;;;;;;;;;;;;;;;;;;;;;;;;;;;;;;;;;;;;;;;;;;;;;;;;;;;;;;;;;;;;;;;;;;;;;;;;;;;;;;;;;;;;;
20180189;8;8;4;4;9;4;4;7;9;8;7;9;4;5;7;9;0;2;8;6;8;0;7;9;8;3;8;8;8;8;8;6;7;4;8;office-seeking;office-seeking;office-seeking;policy-seeking;office-seeking;policy-seeking;policy-seeking;policy-seeking;vote-seeking;vote-seeking;vote-seeking;vote-seeking;office-seeking;office-seeking;vote-seeking;vote-seeking;policy-seeking;office-seeking;office-seeking;vote-seeking;vote-seeking;policy-seeking;policy-seeking;vote-seeking;vote-seeking;policy-seeking;vote-seeking;office-seeking;vote-seeking;vote-seeking;vote-seeking;office-seeking;office-seeking;policy-seeking;office-seeking;;;;;;;;;;;;;;;;;;;;;;;;;;;;;;;;;;;;;;;;;;;;;;;;;;;;;;;;;;;;;;;;
20180190;;3;4;3;8;1;1;7;8;9;1;;1;;;9;1;1;9;8;9;1;;9;7;1;5;8;1;9;9;;9;;4;office-seeking;vote-seeking;vote-seeking;vote-seeking;office-seeking;policy-seeking;policy-seeking;vote-seeking;não sei;não sei;policy-seeking;não sei;policy-seeking;não sei;vote-seeking;não sei;policy-seeking;policy-seeking;não sei;não sei;não sei;policy-seeking;não sei;não sei;não sei;policy-seeking;não sei;não sei;não sei;não sei;não sei;não sei;não sei;não sei;vote-seeking;;;;;;;;;;;;;;;;;;;;;;;;;;;;;;;;;;;;;;;;;;;;;;;;;;;;;;;;;;;;;;;;
20180191;7;8;4;3;9;0;4;8;9;8;8;8;8;6;8;8;0;2;9;8;9;0;9;9;8;1;8;8;9;9;8;8;9;4;8;office-seeking;office-seeking;office-seeking;policy-seeking;vote-seeking;office-seeking;vote-seeking;office-seeking;não sei;não sei;não sei;não sei;office-seeking;vote-seeking;não sei;office-seeking;não sei;não sei;não sei;não sei;não sei;não sei;não sei;não sei;vote-seeking;policy-seeking;office-seeking;office-seeking;não sei;não sei;não sei;vote-seeking;vote-seeking;vote-seeking;não sei;;;;;;;;;;;;;;;;;;;;;;;;;;;;;;;;;;;;;;;;;;;;;;;;;;;;;;;;;;;;;;;;
20180192;7;4;4;4;10;0;4;7;8;7;5;7;5;5;4;7;0;2;8;5;7;0;6;9;6;4;8;9;7;10;7;6;8;4;6;não sei;não sei;não sei;não sei;não sei;não sei;não sei;não sei;não sei;não sei;não sei;não sei;não sei;não sei;não sei;não sei;não sei;não sei;não sei;não sei;não sei;não sei;não sei;não sei;não sei;não sei;não sei;não sei;não sei;não sei;não sei;não sei;não sei;não sei;não sei;;;;;;;;;;;;;;;;;;;;;;;;;;;;;;;;;;;;;;;;;;;;;;;;;;;;;;;;;;;;;;;;
20180193;6;9;3;3;9;3;2;4;9;7;7;6;2;3;7;8;2;3;7;4;7;3;7;7;7;2;6;6;8;9;6;7;7;4;6;policy-seeking;vote-seeking;policy-seeking;policy-seeking;policy-seeking;office-seeking;policy-seeking;policy-seeking;office-seeking;office-seeking;vote-seeking;vote-seeking;office-seeking;policy-seeking;office-seeking;office-seeking;office-seeking;office-seeking;office-seeking;office-seeking;office-seeking;office-seeking;office-seeking;office-seeking;office-seeking;office-seeking;vote-seeking;office-seeking;office-seeking;office-seeking;office-seeking;vote-seeking;office-seeking;office-seeking;office-seeking;;;;;;;;;;;;;;;;;;;;;;;;;;;;;;;;;;;;;;;;;;;;;;;;;;;;;;;;;;;;;;;;
20180194;7;8;4;3;8;3;4;6;8;9;6;8;6;6;9;8;0;0;9;7;9;0;7;9;8;2;7;7;4;10;6;7;9;5;8;office-seeking;office-seeking;policy-seeking;policy-seeking;policy-seeking;policy-seeking;office-seeking;policy-seeking;office-seeking;policy-seeking;office-seeking;office-seeking;office-seeking;office-seeking;office-seeking;office-seeking;policy-seeking;policy-seeking;office-seeking;office-seeking;office-seeking;policy-seeking;office-seeking;office-seeking;office-seeking;policy-seeking;office-seeking;office-seeking;policy-seeking;policy-seeking;office-seeking;office-seeking;policy-seeking;policy-seeking;office-seeking;;;;;;;;;;;;;;;;;;;;;;;;;;;;;;;;;;;;;;;;;;;;;;;;;;;;;;;;;;;;;;;;
20180195;10;;;2;10;2;;10;;;6;10;;;;10;3;1;10;10;10;2;;10;10;;10;10;10;10;10;6;10;;7;vote-seeking;office-seeking;office-seeking;policy-seeking;policy-seeking;policy-seeking;;policy-seeking;vote-seeking;vote-seeking;vote-seeking;office-seeking;vote-seeking;office-seeking;vote-seeking;policy-seeking;policy-seeking;policy-seeking;;vote-seeking;office-seeking;policy-seeking;office-seeking;office-seeking;vote-seeking;policy-seeking;vote-seeking;vote-seeking;office-seeking;vote-seeking;;office-seeking;office-seeking;office-seeking;vote-seeking;;;;;;;;;;;;;;;;;;;;;;;;;;;;;;;;;;;;;;;;;;;;;;;;;;;;;;;;;;;;;;;;
20180196;8;6;3;3;10;0;3;10;8;6;10;7;6;6;6;10;0;0;7;4;10;0;8;10;10;1;10;10;10;10;10;4;10;4;10;office-seeking;office-seeking;policy-seeking;vote-seeking;vote-seeking;policy-seeking;vote-seeking;vote-seeking;vote-seeking;vote-seeking;office-seeking;vote-seeking;vote-seeking;vote-seeking;vote-seeking;vote-seeking;policy-seeking;policy-seeking;vote-seeking;vote-seeking;vote-seeking;policy-seeking;vote-seeking;vote-seeking;vote-seeking;policy-seeking;vote-seeking;office-seeking;vote-seeking;policy-seeking;policy-seeking;policy-seeking;vote-seeking;vote-seeking;vote-seeking;;;;;;;;;;;;;;;;;;;;;;;;;;;;;;;;;;;;;;;;;;;;;;;;;;;;;;;;;;;;;;;;
20180197;10;10;5;0;10;0;5;10;10;10;10;10;10;10;10;10;0;5;10;10;10;0;10;10;10;0;10;10;5;10;10;5;10;5;10;office-seeking;vote-seeking;policy-seeking;policy-seeking;office-seeking;policy-seeking;office-seeking;policy-seeking;vote-seeking;vote-seeking;vote-seeking;vote-seeking;office-seeking;policy-seeking;vote-seeking;vote-seeking;policy-seeking;office-seeking;vote-seeking;vote-seeking;vote-seeking;policy-seeking;office-seeking;;vote-seeking;policy-seeking;vote-seeking;office-seeking;policy-seeking;vote-seeking;vote-seeking;office-seeking;office-seeking;office-seeking;vote-seeking;;;;;;;;;;;;;;;;;;;;;;;;;;;;;;;;;;;;;;;;;;;;;;;;;;;;;;;;;;;;;;;;
20180198;7;4;5;4;6;2;3;8;6;6;4;7;2;4;4;6;2;2;4;4;7;1;6;7;5;1;6;6;7;8;7;5;6;4;5;vote-seeking;office-seeking;office-seeking;vote-seeking;vote-seeking;policy-seeking;office-seeking;vote-seeking;office-seeking;office-seeking;office-seeking;office-seeking;office-seeking;policy-seeking;office-seeking;vote-seeking;policy-seeking;policy-seeking;policy-seeking;office-seeking;office-seeking;policy-seeking;não sei;office-seeking;office-seeking;policy-seeking;vote-seeking;vote-seeking;office-seeking;não sei;office-seeking;policy-seeking;não sei;policy-seeking;office-seeking;;;;;;;;;;;;;;;;;;;;;;;;;;;;;;;;;;;;;;;;;;;;;;;;;;;;;;;;;;;;;;;;
20180199;7;5;6;5;10;0;5;5;5;6;7;6;5;4;8;7;0;0;;5;9;0;7;7;7;0;7;8;6;5;8;6;9;5;5;;;;;;;;;;;;;;;;;;;;;;;;;;;;;;;;;;;;;;;;;;;;;;;;;;;;;;;;;;;;;;;;;;;;;;;;;;;;;;;;;;;;;;;;;;;;;;;;;;;
20180200;;10;1;;10;0;;4;7;10;10;;;4;7;;0;0;;;6;0;7;;7;0;;7;;;7;8;8;3;;office-seeking;office-seeking;policy-seeking;policy-seeking;policy-seeking;policy-seeking;office-seeking;office-seeking;não sei;office-seeking;não sei;não sei;office-seeking;vote-seeking;não sei;office-seeking;policy-seeking;policy-seeking;não sei;não sei;não sei;não sei;vote-seeking;não sei;vote-seeking;policy-seeking;vote-seeking;vote-seeking;não sei;não sei;vote-seeking;office-seeking;não sei;vote-seeking;não sei;;;;;;;;;;;;;;;;;;;;;;;;;;;;;;;;;;;;;;;;;;;;;;;;;;;;;;;;;;;;;;;;
20180201;;6;3;3;9;1;4;;6;;;;4;4;;8;1;1;6;;6;0;6;;6;2;6;7;;;;;;;;office-seeking;office-seeking;office-seeking;office-seeking;office-seeking;policy-seeking;office-seeking;office-seeking;vote-seeking;policy-seeking;vote-seeking;vote-seeking;office-seeking;vote-seeking;vote-seeking;office-seeking;policy-seeking;policy-seeking;vote-seeking;vote-seeking;vote-seeking;policy-seeking;vote-seeking;vote-seeking;vote-seeking;policy-seeking;vote-seeking;vote-seeking;vote-seeking;vote-seeking;vote-seeking;office-seeking;vote-seeking;vote-seeking;vote-seeking;;;;;;;;;;;;;;;;;;;;;;;;;;;;;;;;;;;;;;;;;;;;;;;;;;;;;;;;;;;;;;;;
20180202;8;8;4;3;9;2;4;7;9;9;7;9;6;6;9;9;0;0;9;8;9;0;8;10;9;2;9;9;9;9;9;7;8;4;8;vote-seeking;office-seeking;vote-seeking;policy-seeking;office-seeking;office-seeking;vote-seeking;vote-seeking;office-seeking;office-seeking;office-seeking;office-seeking;office-seeking;office-seeking;office-seeking;office-seeking;policy-seeking;policy-seeking;office-seeking;office-seeking;office-seeking;policy-seeking;office-seeking;vote-seeking;office-seeking;policy-seeking;office-seeking;office-seeking;office-seeking;office-seeking;office-seeking;office-seeking;vote-seeking;vote-seeking;office-seeking;;;;;;;;;;;;;;;;;;;;;;;;;;;;;;;;;;;;;;;;;;;;;;;;;;;;;;;;;;;;;;;;
20180203;6;7;;4;8;3;;7;8;6;6;7;7;6;7;8;1;3;7;;7;1;7;10;7;2;6;6;8;10;;5;9;;6;office-seeking;office-seeking;vote-seeking;vote-seeking;office-seeking;policy-seeking;office-seeking;vote-seeking;office-seeking;office-seeking;office-seeking;office-seeking;office-seeking;office-seeking;office-seeking;office-seeking;policy-seeking;policy-seeking;office-seeking;office-seeking;office-seeking;policy-seeking;office-seeking;office-seeking;office-seeking;policy-seeking;office-seeking;office-seeking;office-seeking;office-seeking;office-seeking;office-seeking;office-seeking;policy-seeking;office-seeking;;;;;;;;;;;;;;;;;;;;;;;;;;;;;;;;;;;;;;;;;;;;;;;;;;;;;;;;;;;;;;;;
20180204;6;5;5;3;9;3;5;8;7;8;6;7;6;6;6;8;0;3;7;8;8;3;8;10;6;2;6;8;9;10;6;4;9;8;6;policy-seeking;office-seeking;vote-seeking;vote-seeking;office-seeking;vote-seeking;office-seeking;vote-seeking;office-seeking;office-seeking;não sei;office-seeking;office-seeking;office-seeking;office-seeking;office-seeking;não sei;vote-seeking;não sei;não sei;office-seeking;vote-seeking;office-seeking;office-seeking;office-seeking;policy-seeking;office-seeking;office-seeking;não sei;policy-seeking;office-seeking;office-seeking;policy-seeking;policy-seeking;não sei;;;;;;;;;;;;;;;;;;;;;;;;;;;;;;;;;;;;;;;;;;;;;;;;;;;;;;;;;;;;;;;;
20180205;5;3;3;4;8;2;3;6;;6;;;6;7;;8;1;4;;6;7;2;6;6;6;1;;;;;6;5;8;7;;office-seeking;office-seeking;policy-seeking;office-seeking;office-seeking;policy-seeking;vote-seeking;policy-seeking;não sei;office-seeking;não sei;vote-seeking;policy-seeking;policy-seeking;não sei;vote-seeking;policy-seeking;policy-seeking;vote-seeking;não sei;vote-seeking;policy-seeking;vote-seeking;policy-seeking;office-seeking;policy-seeking;office-seeking;vote-seeking;não sei;não sei;não sei;office-seeking;policy-seeking;vote-seeking;não sei;;;;;;;;;;;;;;;;;;;;;;;;;;;;;;;;;;;;;;;;;;;;;;;;;;;;;;;;;;;;;;;;
20180206;;5;6;3;7;1;6;7;;7;7;;2;;;;1;1;;;;1;7;;7;2;;7;;;;;8;4;;office-seeking;não sei;não sei;policy-seeking;policy-seeking;office-seeking;não sei;vote-seeking;não sei;não sei;não sei;não sei;não sei;policy-seeking;não sei;office-seeking;policy-seeking;não sei;não sei;não sei;não sei;não sei;office-seeking;não sei;não sei;policy-seeking;não sei;não sei;não sei;não sei;não sei;não sei;policy-seeking;não sei;não sei;;;;;;;;;;;;;;;;;;;;;;;;;;;;;;;;;;;;;;;;;;;;;;;;;;;;;;;;;;;;;;;;
20180207;10;9;3;4;10;1;7;9;9;6;;7;9;8;9;10;1;0;9;6;8;0;8;9;8;;6;10;10;8;7;7;10;8;8;vote-seeking;vote-seeking;policy-seeking;policy-seeking;policy-seeking;policy-seeking;vote-seeking;policy-seeking;office-seeking;office-seeking;vote-seeking;vote-seeking;policy-seeking;office-seeking;vote-seeking;vote-seeking;policy-seeking;policy-seeking;vote-seeking;vote-seeking;office-seeking;policy-seeking;office-seeking;vote-seeking;office-seeking;policy-seeking;vote-seeking;vote-seeking;vote-seeking;vote-seeking;vote-seeking;vote-seeking;policy-seeking;office-seeking;vote-seeking;;;;;;;;;;;;;;;;;;;;;;;;;;;;;;;;;;;;;;;;;;;;;;;;;;;;;;;;;;;;;;;;
20180208;9;2;2;3;9;2;3;6;9;9;9;8;3;4;4;9;1;2;9;9;9;0;7;10;9;1;9;9;9;10;8;4;8;4;7;vote-seeking;policy-seeking;policy-seeking;policy-seeking;vote-seeking;policy-seeking;vote-seeking;policy-seeking;não sei;policy-seeking;não sei;não sei;vote-seeking;policy-seeking;não sei;office-seeking;policy-seeking;policy-seeking;não sei;não sei;não sei;policy-seeking;não sei;não sei;não sei;policy-seeking;não sei;office-seeking;não sei;não sei;não sei;office-seeking;policy-seeking;policy-seeking;não sei;;;;;;;;;;;;;;;;;;;;;;;;;;;;;;;;;;;;;;;;;;;;;;;;;;;;;;;;;;;;;;;;
20180209;;;;;;;;;;;;;;;;;;;;;;;;;;;;;;;;;;;;;;;;;;;;;;;;;;;;;;;;;;;;;;;;;;;;;;;;;;;;;;;;;;;;;;;;;;;;;;;;;;;;;;;;;;;;;;;;;;;;;;;;;;;;;;;;;;;;;;
20180210;8;1;2;0;8;0;0;7;9;8;1;9;0;2;0;9;0;0;2;2;9;1;1;8;9;1;9;7;9;9;9;2;8;2;2;policy-seeking;office-seeking;vote-seeking;não sei;não sei;policy-seeking;policy-seeking;não sei;vote-seeking;policy-seeking;vote-seeking;office-seeking;vote-seeking;não sei;vote-seeking;office-seeking;policy-seeking;policy-seeking;vote-seeking;vote-seeking;vote-seeking;policy-seeking;policy-seeking;office-seeking;vote-seeking;policy-seeking;vote-seeking;vote-seeking;vote-seeking;office-seeking;vote-seeking;policy-seeking;policy-seeking;policy-seeking;policy-seeking;;;;;;;;;;;;;;;;;;;;;;;;;;;;;;;;;;;;;;;;;;;;;;;;;;;;;;;;;;;;;;;;
20180211;10;8;6;3;10;0;8;10;6;7;5;;4;6;6;10;3;0;6;5;10;;8;8;7;0;;10;10;10;6;10;5;7;8;;;;;;;;;;;;;;;;;;;;;;;;;;;;;;;;;;;;;;;;;;;;;;;;;;;;;;;;;;;;;;;;;;;;;;;;;;;;;;;;;;;;;;;;;;;;;;;;;;;
20180212;10;;;;10;4;;10;;;;8;;8;;8;0;0;;7;10;4;6;7;7;3;7;10;;9;7;8;;8;7;office-seeking;office-seeking;office-seeking;vote-seeking;office-seeking;policy-seeking;office-seeking;office-seeking;não sei;office-seeking;não sei;não sei;policy-seeking;office-seeking;não sei;não sei;policy-seeking;policy-seeking;vote-seeking;não sei;office-seeking;policy-seeking;não sei;não sei;não sei;policy-seeking;não sei;vote-seeking;office-seeking;não sei;não sei;office-seeking;não sei;office-seeking;office-seeking;;;;;;;;;;;;;;;;;;;;;;;;;;;;;;;;;;;;;;;;;;;;;;;;;;;;;;;;;;;;;;;;
20180213;7;6;4;4;8;4;4;7;8;10;6;;;;6;7;0;2;9;;9;0;7;7;9;2;6;6;4;9;7;6;7;;5;office-seeking;office-seeking;policy-seeking;policy-seeking;policy-seeking;office-seeking;office-seeking;policy-seeking;vote-seeking;vote-seeking;vote-seeking;vote-seeking;vote-seeking;policy-seeking;não sei;office-seeking;policy-seeking;policy-seeking;vote-seeking;vote-seeking;não sei;policy-seeking;policy-seeking;vote-seeking;não sei;policy-seeking;vote-seeking;office-seeking;policy-seeking;office-seeking;vote-seeking;office-seeking;policy-seeking;policy-seeking;não sei;;;;;;;;;;;;;;;;;;;;;;;;;;;;;;;;;;;;;;;;;;;;;;;;;;;;;;;;;;;;;;;;
20180214;7;7;5;5;8;3;4;5;5;8;8;5;5;5;5;7;0;0;7;6;10;0;7;7;8;2;5;8;10;10;9;8;10;5;5;office-seeking;vote-seeking;office-seeking;policy-seeking;policy-seeking;policy-seeking;office-seeking;policy-seeking;não sei;policy-seeking;vote-seeking;vote-seeking;vote-seeking;não sei;não sei;office-seeking;policy-seeking;policy-seeking;vote-seeking;vote-seeking;não sei;não sei;vote-seeking;não sei;office-seeking;policy-seeking;não sei;vote-seeking;não sei;vote-seeking;vote-seeking;policy-seeking;policy-seeking;não sei;não sei;;;;;;;;;;;;;;;;;;;;;;;;;;;;;;;;;;;;;;;;;;;;;;;;;;;;;;;;;;;;;;;;
20180215;;;4;3;8;4;4;6;7;7;6;7;4;4;4;8;3;2;4;;7;2;5;8;9;2;7;;8;8;9;5;8;;;vote-seeking;office-seeking;policy-seeking;policy-seeking;office-seeking;policy-seeking;vote-seeking;vote-seeking;não sei;office-seeking;office-seeking;não sei;office-seeking;policy-seeking;não sei;vote-seeking;policy-seeking;policy-seeking;não sei;não sei;não sei;policy-seeking;não sei;não sei;não sei;policy-seeking;não sei;vote-seeking;não sei;policy-seeking;office-seeking;não sei;não sei;não sei;não sei;;;;;;;;;;;;;;;;;;;;;;;;;;;;;;;;;;;;;;;;;;;;;;;;;;;;;;;;;;;;;;;;
20180216;6;6;4;4;7;2;4;;4;;;;4;5;4;;0;1;;;5;0;;7;5;3;;;6;;5;5;10;4;;office-seeking;office-seeking;vote-seeking;office-seeking;office-seeking;office-seeking;vote-seeking;office-seeking;não sei;não sei;não sei;não sei;policy-seeking;não sei;não sei;office-seeking;não sei;vote-seeking;não sei;não sei;não sei;não sei;office-seeking;vote-seeking;office-seeking;policy-seeking;office-seeking;vote-seeking;não sei;não sei;não sei;não sei;não sei;policy-seeking;office-seeking;;;;;;;;;;;;;;;;;;;;;;;;;;;;;;;;;;;;;;;;;;;;;;;;;;;;;;;;;;;;;;;;
20180217;8;9;4;2;9;2;4;7;8;10;8;9;8;5;8;9;0;0;8;7;8;0;7;10;8;1;7;6;8;10;6;9;9;4;6;vote-seeking;office-seeking;vote-seeking;vote-seeking;office-seeking;policy-seeking;vote-seeking;vote-seeking;office-seeking;policy-seeking;office-seeking;office-seeking;office-seeking;office-seeking;office-seeking;office-seeking;policy-seeking;policy-seeking;office-seeking;office-seeking;office-seeking;policy-seeking;office-seeking;policy-seeking;office-seeking;policy-seeking;office-seeking;office-seeking;office-seeking;office-seeking;office-seeking;office-seeking;policy-seeking;vote-seeking;office-seeking;;;;;;;;;;;;;;;;;;;;;;;;;;;;;;;;;;;;;;;;;;;;;;;;;;;;;;;;;;;;;;;;
20180218;6;7;3;2;9;3;6;8;7;10;8;8;7;8;8;9;1;0;9;8;9;0;8;10;9;1;9;6;10;10;6;6;8;6;9;office-seeking;office-seeking;policy-seeking;policy-seeking;office-seeking;policy-seeking;office-seeking;office-seeking;vote-seeking;office-seeking;vote-seeking;vote-seeking;office-seeking;policy-seeking;vote-seeking;office-seeking;policy-seeking;policy-seeking;vote-seeking;vote-seeking;vote-seeking;policy-seeking;vote-seeking;vote-seeking;vote-seeking;policy-seeking;office-seeking;office-seeking;vote-seeking;vote-seeking;vote-seeking;office-seeking;vote-seeking;office-seeking;vote-seeking;;;;;;;;;;;;;;;;;;;;;;;;;;;;;;;;;;;;;;;;;;;;;;;;;;;;;;;;;;;;;;;;
20180219;6;8;4;3;9;3;4;6;6;8;6;6;6;4;6;8;0;1;8;5;7;0;6;9;7;2;7;7;8;9;7;6;9;4;6;vote-seeking;office-seeking;vote-seeking;policy-seeking;policy-seeking;policy-seeking;vote-seeking;policy-seeking;office-seeking;vote-seeking;office-seeking;office-seeking;office-seeking;não sei;não sei;vote-seeking;policy-seeking;policy-seeking;não sei;office-seeking;office-seeking;policy-seeking;não sei;office-seeking;vote-seeking;policy-seeking;office-seeking;vote-seeking;office-seeking;não sei;office-seeking;office-seeking;policy-seeking;não sei;não sei;;;;;;;;;;;;;;;;;;;;;;;;;;;;;;;;;;;;;;;;;;;;;;;;;;;;;;;;;;;;;;;;
20180220;6;7;4;4;8;4;5;6;5;8;5;6;6;5;5;8;0;0;5;5;5;0;7;8;8;3;8;7;9;8;7;7;8;5;5;vote-seeking;vote-seeking;vote-seeking;vote-seeking;office-seeking;vote-seeking;vote-seeking;vote-seeking;não sei;não sei;não sei;não sei;office-seeking;vote-seeking;não sei;vote-seeking;policy-seeking;policy-seeking;não sei;vote-seeking;não sei;policy-seeking;vote-seeking;vote-seeking;vote-seeking;policy-seeking;vote-seeking;vote-seeking;policy-seeking;não sei;vote-seeking;vote-seeking;policy-seeking;policy-seeking;não sei;;;;;;;;;;;;;;;;;;;;;;;;;;;;;;;;;;;;;;;;;;;;;;;;;;;;;;;;;;;;;;;;
20180221;6;4;4;4;8;2;4;;7;8;6;7;4;7;4;7;0;0;7;7;8;0;8;7;7;1;7;6;8;8;7;6;8;3;8;office-seeking;policy-seeking;policy-seeking;vote-seeking;policy-seeking;vote-seeking;vote-seeking;vote-seeking;vote-seeking;vote-seeking;office-seeking;não sei;policy-seeking;vote-seeking;office-seeking;office-seeking;policy-seeking;não sei;office-seeking;vote-seeking;office-seeking;não sei;office-seeking;policy-seeking;office-seeking;policy-seeking;office-seeking;vote-seeking;vote-seeking;office-seeking;office-seeking;vote-seeking;policy-seeking;policy-seeking;office-seeking;;;;;;;;;;;;;;;;;;;;;;;;;;;;;;;;;;;;;;;;;;;;;;;;;;;;;;;;;;;;;;;;
20180222;7;3;4;3;6;2;3;7;2;7;6;7;3;6;6;7;3;2;4;7;6;3;6;7;7;3;7;7;7;7;7;2;6;6;7;não sei;não sei;não sei;não sei;não sei;não sei;não sei;;;não sei;não sei;não sei;não sei;não sei;;não sei;não sei;não sei;não sei;não sei;não sei;não sei;não sei;não sei;não sei;não sei;não sei;não sei;não sei;não sei;não sei;não sei;não sei;não sei;não sei;;;;;;;;;;;;;;;;;;;;;;;;;;;;;;;;;;;;;;;;;;;;;;;;;;;;;;;;;;;;;;;;
20180223;7;7;3;3;8;2;4;8;7;10;;;6;6;;9;0;0;;;;0;;;8;2;8;7;;10;;6;;4;;office-seeking;vote-seeking;vote-seeking;vote-seeking;vote-seeking;policy-seeking;vote-seeking;vote-seeking;não sei;vote-seeking;office-seeking;office-seeking;office-seeking;não sei;office-seeking;office-seeking;policy-seeking;policy-seeking;office-seeking;office-seeking;office-seeking;policy-seeking;office-seeking;não sei;office-seeking;policy-seeking;office-seeking;vote-seeking;office-seeking;office-seeking;office-seeking;office-seeking;office-seeking;policy-seeking;não sei;;;;;;;;;;;;;;;;;;;;;;;;;;;;;;;;;;;;;;;;;;;;;;;;;;;;;;;;;;;;;;;;
20180224;7;3;3;5;10;4;3;7;8;9;7;9;3;7;4;8;0;3;;8;9;0;8;10;7;3;8;4;10;10;7;7;10;6;4;vote-seeking;office-seeking;office-seeking;policy-seeking;office-seeking;;office-seeking;policy-seeking;;office-seeking;office-seeking;office-seeking;office-seeking;office-seeking;office-seeking;office-seeking;office-seeking;office-seeking;office-seeking;office-seeking;office-seeking;não sei;office-seeking;office-seeking;;office-seeking;office-seeking;office-seeking;office-seeking;office-seeking;office-seeking;office-seeking;office-seeking;office-seeking;office-seeking;;;;;;;;;;;;;;;;;;;;;;;;;;;;;;;;;;;;;;;;;;;;;;;;;;;;;;;;;;;;;;;;
20180225;5;7;4;4;8;3;4;6;10;8;7;7;4;4;8;6;0;1;7;9;9;0;8;10;7;1;7;8;6;8;10;7;7;4;7;vote-seeking;vote-seeking;vote-seeking;vote-seeking;policy-seeking;policy-seeking;vote-seeking;policy-seeking;office-seeking;office-seeking;vote-seeking;office-seeking;vote-seeking;office-seeking;office-seeking;vote-seeking;policy-seeking;policy-seeking;office-seeking;office-seeking;office-seeking;policy-seeking;office-seeking;office-seeking;vote-seeking;policy-seeking;office-seeking;vote-seeking;office-seeking;office-seeking;office-seeking;office-seeking;não sei;vote-seeking;não sei;;;;;;;;;;;;;;;;;;;;;;;;;;;;;;;;;;;;;;;;;;;;;;;;;;;;;;;;;;;;;;;;
20180226;8;3;4;3;7;2;4;7;8;7;3;7;3;3;4;7;3;3;4;7;7;3;3;7;7;3;7;8;7;7;7;7;8;3;3;office-seeking;não sei;office-seeking;vote-seeking;não sei;office-seeking;vote-seeking;vote-seeking;não sei;policy-seeking;não sei;não sei;office-seeking;office-seeking;office-seeking;não sei;office-seeking;não sei;office-seeking;não sei;não sei;não sei;não sei;office-seeking;não sei;vote-seeking;não sei;não sei;não sei;não sei;office-seeking;não sei;não sei;não sei;policy-seeking;;;;;;;;;;;;;;;;;;;;;;;;;;;;;;;;;;;;;;;;;;;;;;;;;;;;;;;;;;;;;;;;
20180227;6;8;3;3;7;2;4;4;7;9;7;7;4;5;;8;0;1;7;7;7;0;7;7;8;2;8;7;3;10;8;8;9;3;7;office-seeking;office-seeking;office-seeking;vote-seeking;office-seeking;office-seeking;vote-seeking;policy-seeking;não sei;office-seeking;não sei;não sei;policy-seeking;policy-seeking;não sei;office-seeking;policy-seeking;policy-seeking;não sei;não sei;não sei;policy-seeking;vote-seeking;não sei;office-seeking;policy-seeking;office-seeking;office-seeking;policy-seeking;não sei;office-seeking;office-seeking;policy-seeking;policy-seeking;não sei;;;;;;;;;;;;;;;;;;;;;;;;;;;;;;;;;;;;;;;;;;;;;;;;;;;;;;;;;;;;;;;;
20180228;10;3;9;2;10;3;4;10;10;10;;10;7;10;8;8;0;0;5;10;10;0;8;8;10;1;10;10;5;10;10;4;10;10;10;office-seeking;vote-seeking;policy-seeking;policy-seeking;vote-seeking;office-seeking;policy-seeking;não sei;não sei;office-seeking;não sei;policy-seeking;não sei;vote-seeking;não sei;vote-seeking;policy-seeking;não sei;não sei;não sei;não sei;não sei;vote-seeking;não sei;não sei;policy-seeking;não sei;vote-seeking;não sei;não sei;não sei;não sei;vote-seeking;vote-seeking;vote-seeking;;;;;;;;;;;;;;;;;;;;;;;;;;;;;;;;;;;;;;;;;;;;;;;;;;;;;;;;;;;;;;;;
20180229;5;4;2;1;10;1;5;5;8;8;8;6;4;6;5;6;0;1;4;5;8;1;6;9;8;2;8;4;10;9;4;4;8;2;5;vote-seeking;vote-seeking;vote-seeking;vote-seeking;vote-seeking;vote-seeking;office-seeking;vote-seeking;office-seeking;vote-seeking;office-seeking;office-seeking;office-seeking;;office-seeking;office-seeking;policy-seeking;policy-seeking;office-seeking;office-seeking;;office-seeking;office-seeking;office-seeking;office-seeking;vote-seeking;office-seeking;office-seeking;vote-seeking;não sei;office-seeking;vote-seeking;;vote-seeking;;;;;;;;;;;;;;;;;;;;;;;;;;;;;;;;;;;;;;;;;;;;;;;;;;;;;;;;;;;;;;;;;
20180230;5;9;5;1;9;1;5;5;9;9;9;9;7;1;9;10;1;1;9;9;9;1;9;9;9;1;9;9;9;9;9;9;9;2;9;office-seeking;office-seeking;office-seeking;vote-seeking;office-seeking;office-seeking;office-seeking;office-seeking;office-seeking;office-seeking;office-seeking;office-seeking;office-seeking;policy-seeking;office-seeking;office-seeking;policy-seeking;office-seeking;office-seeking;office-seeking;office-seeking;office-seeking;office-seeking;office-seeking;office-seeking;policy-seeking;office-seeking;office-seeking;office-seeking;office-seeking;office-seeking;office-seeking;policy-seeking;policy-seeking;office-seeking;;;;;;;;;;;;;;;;;;;;;;;;;;;;;;;;;;;;;;;;;;;;;;;;;;;;;;;;;;;;;;;;
20180231;10;1;1;0;10;1;0;10;9;8;8;10;0;10;1;10;0;1;1;10;9;0;9;10;10;1;10;10;10;9;10;10;10;0;0;;;;;;;;;;;;;;;;;;;;;;;;;;;;;;;;;;;;;;;;;;;;;;;;;;;;;;;;;;;;;;;;;;;;;;;;;;;;;;;;;;;;;;;;;;;;;;;;;;;
20180232;;5;2;2;10;1;3;9;5;10;;8;8;4;;9;0;2;;;;0;;10;7;1;9;7;;8;8;7;10;3;;vote-seeking;office-seeking;policy-seeking;policy-seeking;policy-seeking;policy-seeking;office-seeking;policy-seeking;não sei;policy-seeking;não sei;office-seeking;office-seeking;vote-seeking;não sei;office-seeking;policy-seeking;policy-seeking;não sei;não sei;não sei;policy-seeking;não sei;não sei;office-seeking;policy-seeking;office-seeking;office-seeking;não sei;não sei;office-seeking;office-seeking;policy-seeking;policy-seeking;não sei;;;;;;;;;;;;;;;;;;;;;;;;;;;;;;;;;;;;;;;;;;;;;;;;;;;;;;;;;;;;;;;;
20180233;6;6;3;3;7;2;3;6;6;7;4;5;5;5;4;7;0;1;5;5;5;0;7;7;5;1;5;6;7;6;5;5;8;4;5;vote-seeking;vote-seeking;policy-seeking;policy-seeking;policy-seeking;policy-seeking;policy-seeking;policy-seeking;vote-seeking;office-seeking;office-seeking;office-seeking;policy-seeking;office-seeking;office-seeking;vote-seeking;não sei;não sei;office-seeking;office-seeking;office-seeking;não sei;policy-seeking;office-seeking;office-seeking;policy-seeking;office-seeking;vote-seeking;office-seeking;office-seeking;vote-seeking;vote-seeking;policy-seeking;policy-seeking;vote-seeking;;;;;;;;;;;;;;;;;;;;;;;;;;;;;;;;;;;;;;;;;;;;;;;;;;;;;;;;;;;;;;;;
20180234;7;10;3;3;9;2;4;7;8;9;10;10;8;4;9;10;0;1;10;8;9;2;5;8;10;1;10;9;3;10;;3;9;5;;office-seeking;office-seeking;policy-seeking;policy-seeking;office-seeking;policy-seeking;vote-seeking;vote-seeking;não sei;office-seeking;office-seeking;não sei;office-seeking;vote-seeking;não sei;office-seeking;não sei;não sei;não sei;não sei;não sei;não sei;não sei;não sei;não sei;não sei;policy-seeking;office-seeking;policy-seeking;office-seeking;não sei;policy-seeking;vote-seeking;vote-seeking;não sei;;;;;;;;;;;;;;;;;;;;;;;;;;;;;;;;;;;;;;;;;;;;;;;;;;;;;;;;;;;;;;;;
20180235;9;5;4;4;9;4;4;8;10;10;8;10;3;5;6;10;0;2;9;10;10;3;8;10;10;3;8;9;10;10;10;10;8;6;10;office-seeking;office-seeking;policy-seeking;office-seeking;office-seeking;vote-seeking;vote-seeking;office-seeking;office-seeking;office-seeking;office-seeking;office-seeking;vote-seeking;vote-seeking;office-seeking;office-seeking;office-seeking;office-seeking;office-seeking;office-seeking;office-seeking;office-seeking;office-seeking;office-seeking;office-seeking;policy-seeking;office-seeking;office-seeking;office-seeking;office-seeking;office-seeking;office-seeking;office-seeking;vote-seeking;office-seeking;;;;;;;;;;;;;;;;;;;;;;;;;;;;;;;;;;;;;;;;;;;;;;;;;;;;;;;;;;;;;;;;
20180236;6;6;4;4;9;0;4;6;6;8;7;7;4;;;10;0;0;7;;9;0;8;10;7;0;7;6;8;8;6;6;8;5;6;office-seeking;vote-seeking;policy-seeking;policy-seeking;office-seeking;policy-seeking;office-seeking;vote-seeking;vote-seeking;vote-seeking;vote-seeking;vote-seeking;vote-seeking;vote-seeking;vote-seeking;office-seeking;policy-seeking;policy-seeking;vote-seeking;vote-seeking;vote-seeking;policy-seeking;vote-seeking;vote-seeking;office-seeking;policy-seeking;office-seeking;office-seeking;vote-seeking;vote-seeking;vote-seeking;office-seeking;policy-seeking;vote-seeking;vote-seeking;;;;;;;;;;;;;;;;;;;;;;;;;;;;;;;;;;;;;;;;;;;;;;;;;;;;;;;;;;;;;;;;
20180237;7;2;7;1;7;1;;9;7;6;;;3;;;;2;1;5;;6;1;7;6;;1;;4;8;7;6;7;9;3;;vote-seeking;office-seeking;não sei;policy-seeking;vote-seeking;policy-seeking;vote-seeking;vote-seeking;office-seeking;office-seeking;não sei;não sei;policy-seeking;vote-seeking;office-seeking;vote-seeking;policy-seeking;policy-seeking;office-seeking;office-seeking;office-seeking;policy-seeking;office-seeking;não sei;não sei;policy-seeking;não sei;não sei;office-seeking;office-seeking;office-seeking;office-seeking;vote-seeking;policy-seeking;não sei;;;;;;;;;;;;;;;;;;;;;;;;;;;;;;;;;;;;;;;;;;;;;;;;;;;;;;;;;;;;;;;;
20180238;7;5;4;3;9;2;4;8;9;8;8;8;4;7;8;8;0;1;7;7;8;1;7;8;8;2;8;7;8;9;7;7;9;7;7;vote-seeking;office-seeking;office-seeking;vote-seeking;vote-seeking;office-seeking;office-seeking;policy-seeking;office-seeking;office-seeking;office-seeking;office-seeking;office-seeking;office-seeking;office-seeking;office-seeking;policy-seeking;policy-seeking;office-seeking;office-seeking;office-seeking;policy-seeking;office-seeking;office-seeking;office-seeking;policy-seeking;office-seeking;office-seeking;office-seeking;office-seeking;office-seeking;office-seeking;office-seeking;vote-seeking;office-seeking;;;;;;;;;;;;;;;;;;;;;;;;;;;;;;;;;;;;;;;;;;;;;;;;;;;;;;;;;;;;;;;;
20180239;;;3;4;10;1;4;;9;8;9;8;5;4;7;9;0;1;7;8;8;1;;6;7;1;7;7;8;9;8;6;10;6;6;office-seeking;office-seeking;policy-seeking;policy-seeking;policy-seeking;policy-seeking;office-seeking;policy-seeking;office-seeking;office-seeking;office-seeking;office-seeking;;office-seeking;office-seeking;office-seeking;vote-seeking;vote-seeking;office-seeking;office-seeking;office-seeking;vote-seeking;office-seeking;office-seeking;;policy-seeking;office-seeking;office-seeking;office-seeking;office-seeking;office-seeking;office-seeking;office-seeking;vote-seeking;office-seeking;;;;;;;;;;;;;;;;;;;;;;;;;;;;;;;;;;;;;;;;;;;;;;;;;;;;;;;;;;;;;;;;
20180240;7;7;3;2;8;2;7;8;8;8;7;7;3;7;8;7;0;1;8;8;8;1;7;8;9;1;8;7;10;10;7;7;9;7;7;vote-seeking;;não sei;policy-seeking;não sei;policy-seeking;não sei;não sei;não sei;não sei;não sei;não sei;não sei;não sei;não sei;vote-seeking;policy-seeking;não sei;não sei;não sei;não sei;policy-seeking;não sei;não sei;não sei;policy-seeking;não sei;não sei;não sei;não sei;não sei;não sei;não sei;policy-seeking;não sei;;;;;;;;;;;;;;;;;;;;;;;;;;;;;;;;;;;;;;;;;;;;;;;;;;;;;;;;;;;;;;;;
20180241;;6;4;3;9;1;4;9;6;8;;9;6;6;6;10;0;1;6;;6;0;6;9;9;0;8;6;6;9;;7;9;4;6;office-seeking;office-seeking;policy-seeking;policy-seeking;office-seeking;policy-seeking;office-seeking;vote-seeking;não sei;office-seeking;não sei;não sei;office-seeking;vote-seeking;não sei;office-seeking;policy-seeking;policy-seeking;office-seeking;não sei;não sei;policy-seeking;vote-seeking;não sei;office-seeking;policy-seeking;office-seeking;office-seeking;vote-seeking;vote-seeking;não sei;office-seeking;não sei;policy-seeking;não sei;;;;;;;;;;;;;;;;;;;;;;;;;;;;;;;;;;;;;;;;;;;;;;;;;;;;;;;;;;;;;;;;
20180242;6;2;1;2;7;2;2;4;7;7;7;7;2;3;7;8;1;2;7;5;8;1;7;7;7;1;7;7;7;8;8;6;7;2;;office-seeking;office-seeking;office-seeking;policy-seeking;office-seeking;office-seeking;policy-seeking;policy-seeking;não sei;não sei;não sei;;office-seeking;office-seeking;não sei;vote-seeking;não sei;não sei;não sei;não sei;não sei;não sei;vote-seeking;não sei;vote-seeking;policy-seeking;não sei;office-seeking;não sei;vote-seeking;não sei;vote-seeking;policy-seeking;policy-seeking;não sei;;;;;;;;;;;;;;;;;;;;;;;;;;;;;;;;;;;;;;;;;;;;;;;;;;;;;;;;;;;;;;;;
20180243;5;6;4;3;10;1;5;6;6;10;8;9;6;8;8;9;0;2;7;5;9;1;7;9;9;1;8;6;8;9;8;6;10;6;6;office-seeking;vote-seeking;vote-seeking;policy-seeking;office-seeking;office-seeking;office-seeking;office-seeking;vote-seeking;vote-seeking;vote-seeking;office-seeking;office-seeking;vote-seeking;não sei;office-seeking;policy-seeking;policy-seeking;vote-seeking;vote-seeking;vote-seeking;policy-seeking;não sei;vote-seeking;vote-seeking;policy-seeking;vote-seeking;office-seeking;vote-seeking;vote-seeking;vote-seeking;office-seeking;vote-seeking;policy-seeking;não sei;;;;;;;;;;;;;;;;;;;;;;;;;;;;;;;;;;;;;;;;;;;;;;;;;;;;;;;;;;;;;;;;
20180244;6;2;2;2;8;0;3;7;8;10;8;7;4;4;3;7;0;1;9;9;7;0;9;8;10;0;10;;9;9;8;7;7;4;6;office-seeking;não sei;office-seeking;office-seeking;office-seeking;policy-seeking;office-seeking;office-seeking;não sei;vote-seeking;não sei;não sei;office-seeking;policy-seeking;não sei;vote-seeking;policy-seeking;policy-seeking;não sei;não sei;não sei;policy-seeking;não sei;não sei;não sei;policy-seeking;vote-seeking;não sei;não sei;não sei;não sei;vote-seeking;não sei;vote-seeking;não sei;;;;;;;;;;;;;;;;;;;;;;;;;;;;;;;;;;;;;;;;;;;;;;;;;;;;;;;;;;;;;;;;
20180245;8;7;1;1;10;0;3;9;8;9;10;6;4;4;5;10;0;0;8;6;8;0;4;8;6;0;5;6;10;9;4;6;6;;;;;;;;;;;;;;;;;;;;;;;;;;;;;;;;;;;;;;;;;;;;;;;;;;;;;;;;;;;;;;;;;;;;;;;;;;;;;;;;;;;;;;;;;;;;;;;;;;;;;
20180246;7;7;4;3;7;3;4;7;9;9;8;8;6;7;8;8;0;2;8;9;8;0;8;8;8;2;8;8;9;9;8;8;9;4;8;;;;;;;;;;;;;;;;;;;;;;;;;;;;;;;;;;;;;;;;;;;;;;;;;;;;;;;;;;;;;;;;;;;;;;;;;;;;;;;;;;;;;;;;;;;;;;;;;;;
20180247;7;6;3;3;8;0;3;7;8;9;5;5;3;6;7;8;0;0;9;8;8;1;4;10;7;2;8;6;9;10;9;8;6;6;8;office-seeking;office-seeking;vote-seeking;policy-seeking;office-seeking;policy-seeking;vote-seeking;vote-seeking;office-seeking;office-seeking;não sei;office-seeking;office-seeking;office-seeking;não sei;office-seeking;policy-seeking;policy-seeking;não sei;office-seeking;office-seeking;policy-seeking;não sei;office-seeking;office-seeking;policy-seeking;office-seeking;não sei;office-seeking;policy-seeking;office-seeking;office-seeking;não sei;office-seeking;não sei;;;;;;;;;;;;;;;;;;;;;;;;;;;;;;;;;;;;;;;;;;;;;;;;;;;;;;;;;;;;;;;;
20180248;5;6;4;3;10;3;4;6;7;8;8;8;4;4;6;10;0;3;8;8;8;0;6;9;9;0;10;9;9;8;9;4;8;6;7;vote-seeking;office-seeking;vote-seeking;vote-seeking;office-seeking;policy-seeking;office-seeking;vote-seeking;office-seeking;office-seeking;office-seeking;office-seeking;office-seeking;vote-seeking;office-seeking;office-seeking;policy-seeking;policy-seeking;office-seeking;office-seeking;office-seeking;policy-seeking;vote-seeking;office-seeking;office-seeking;policy-seeking;office-seeking;office-seeking;office-seeking;office-seeking;office-seeking;office-seeking;office-seeking;office-seeking;office-seeking;;;;;;;;;;;;;;;;;;;;;;;;;;;;;;;;;;;;;;;;;;;;;;;;;;;;;;;;;;;;;;;;
20180249;5;5;3;3;10;0;3;8;8;8;3;8;3;5;5;10;0;0;7;8;8;0;8;10;8;0;8;4;3;10;8;5;10;3;3;vote-seeking;office-seeking;policy-seeking;policy-seeking;vote-seeking;policy-seeking;office-seeking;vote-seeking;office-seeking;vote-seeking;policy-seeking;vote-seeking;policy-seeking;office-seeking;office-seeking;office-seeking;policy-seeking;policy-seeking;vote-seeking;vote-seeking;office-seeking;policy-seeking;vote-seeking;vote-seeking;vote-seeking;policy-seeking;office-seeking;office-seeking;policy-seeking;policy-seeking;office-seeking;office-seeking;vote-seeking;policy-seeking;policy-seeking;;;;;;;;;;;;;;;;;;;;;;;;;;;;;;;;;;;;;;;;;;;;;;;;;;;;;;;;;;;;;;;;
20180250;6;;;3;7;3;;;6;7;7;6;;3;7;8;0;3;6;6;7;0;7;8;8;1;;7;10;10;8;6;7;;;;;;;;;;;;;;;;;;;;;;;;;;;;;;;;;;;;;;;;;;;;;;;;;;;;;;;;;;;;;;;;;;;;;;;;;;;;;;;;;;;;;;;;;;;;;;;;;;;;;
20180251;5;2;3;2;10;0;6;8;8;10;3;6;1;4;0;6;0;0;4;4;8;6;4;8;6;0;6;7;;10;7;10;;4;7;vote-seeking;policy-seeking;policy-seeking;vote-seeking;vote-seeking;policy-seeking;vote-seeking;vote-seeking;office-seeking;vote-seeking;não sei;não sei;vote-seeking;vote-seeking;policy-seeking;vote-seeking;não sei;policy-seeking;não sei;não sei;vote-seeking;não sei;office-seeking;não sei;office-seeking;policy-seeking;office-seeking;office-seeking;não sei;vote-seeking;vote-seeking;vote-seeking;não sei;policy-seeking;vote-seeking;;;;;;;;;;;;;;;;;;;;;;;;;;;;;;;;;;;;;;;;;;;;;;;;;;;;;;;;;;;;;;;;
20180252;6;7;4;4;8;2;4;6;7;7;7;7;4;5;7;7;1;1;6;7;7;1;7;6;8;1;8;6;4;8;8;8;8;5;6;office-seeking;office-seeking;não sei;vote-seeking;office-seeking;policy-seeking;office-seeking;vote-seeking;não sei;;office-seeking;não sei;policy-seeking;não sei;não sei;não sei;policy-seeking;policy-seeking;não sei;não sei;não sei;policy-seeking;não sei;não sei;office-seeking;policy-seeking;não sei;office-seeking;não sei;não sei;office-seeking;não sei;policy-seeking;policy-seeking;não sei;;;;;;;;;;;;;;;;;;;;;;;;;;;;;;;;;;;;;;;;;;;;;;;;;;;;;;;;;;;;;;;;
20180253;8;7;5;3;9;3;6;7;10;10;9;9;8;5;8;9;0;2;9;9;10;0;9;9;8;3;8;8;10;10;10;10;9;6;10;vote-seeking;office-seeking;vote-seeking;policy-seeking;office-seeking;policy-seeking;office-seeking;vote-seeking;office-seeking;office-seeking;não sei;office-seeking;office-seeking;não sei;office-seeking;office-seeking;não sei;não sei;office-seeking;office-seeking;office-seeking;não sei;office-seeking;office-seeking;office-seeking;policy-seeking;office-seeking;office-seeking;office-seeking;não sei;office-seeking;office-seeking;office-seeking;office-seeking;office-seeking;;;;;;;;;;;;;;;;;;;;;;;;;;;;;;;;;;;;;;;;;;;;;;;;;;;;;;;;;;;;;;;;
20180254;6;6;4;3;8;2;4;6;;9;7;8;7;;6;7;1;4;7;7;7;0;;9;8;1;8;5;9;9;8;;8;4;;office-seeking;office-seeking;office-seeking;policy-seeking;vote-seeking;policy-seeking;vote-seeking;policy-seeking;não sei;policy-seeking;não sei;não sei;office-seeking;policy-seeking;não sei;office-seeking;policy-seeking;vote-seeking;não sei;não sei;não sei;vote-seeking;não sei;não sei;não sei;vote-seeking;office-seeking;office-seeking;não sei;não sei;não sei;vote-seeking;policy-seeking;vote-seeking;vote-seeking;;;;;;;;;;;;;;;;;;;;;;;;;;;;;;;;;;;;;;;;;;;;;;;;;;;;;;;;;;;;;;;;
20180255;8;;4;4;8;2;6;8;;8;5;;8;7;;7;0;2;;6;8;0;6;;;1;7;7;;9;;8;7;;;office-seeking;não sei;não sei;vote-seeking;vote-seeking;vote-seeking;office-seeking;vote-seeking;não sei;policy-seeking;não sei;não sei;não sei;não sei;não sei;office-seeking;policy-seeking;não sei;não sei;não sei;não sei;policy-seeking;não sei;não sei;não sei;policy-seeking;office-seeking;não sei;não sei;não sei;não sei;não sei;não sei;policy-seeking;não sei;;;;;;;;;;;;;;;;;;;;;;;;;;;;;;;;;;;;;;;;;;;;;;;;;;;;;;;;;;;;;;;;
20180256;6;7;3;2;8;1;2;7;6;7;4;7;6;6;6;8;0;0;8;4;6;0;6;10;6;1;7;6;3;10;7;6;8;6;7;office-seeking;não sei;policy-seeking;policy-seeking;policy-seeking;policy-seeking;vote-seeking;policy-seeking;não sei;office-seeking;não sei;não sei;office-seeking;policy-seeking;não sei;vote-seeking;policy-seeking;policy-seeking;office-seeking;office-seeking;não sei;policy-seeking;não sei;vote-seeking;office-seeking;policy-seeking;não sei;office-seeking;policy-seeking;não sei;office-seeking;office-seeking;policy-seeking;policy-seeking;office-seeking;;;;;;;;;;;;;;;;;;;;;;;;;;;;;;;;;;;;;;;;;;;;;;;;;;;;;;;;;;;;;;;;
20180257;7;7;3;4;8;2;4;7;7;8;7;9;6;6;;7;0;;7;8;7;0;8;9;7;1;7;7;9;9;9;7;7;;7;policy-seeking;vote-seeking;policy-seeking;policy-seeking;policy-seeking;policy-seeking;policy-seeking;policy-seeking;vote-seeking;vote-seeking;não sei;não sei;office-seeking;vote-seeking;não sei;vote-seeking;policy-seeking;vote-seeking;vote-seeking;não sei;vote-seeking;policy-seeking;vote-seeking;office-seeking;não sei;office-seeking;vote-seeking;office-seeking;não sei;vote-seeking;não sei;office-seeking;office-seeking;não sei;não sei;;;;;;;;;;;;;;;;;;;;;;;;;;;;;;;;;;;;;;;;;;;;;;;;;;;;;;;;;;;;;;;;
20180258;8;7;4;4;10;4;4;9;8;10;7;7;6;7;6;10;0;2;10;8;10;0;10;7;7;3;10;8;3;10;8;7;9;4;8;vote-seeking;office-seeking;policy-seeking;policy-seeking;policy-seeking;policy-seeking;policy-seeking;policy-seeking;vote-seeking;office-seeking;office-seeking;office-seeking;office-seeking;vote-seeking;não sei;vote-seeking;policy-seeking;policy-seeking;office-seeking;office-seeking;vote-seeking;policy-seeking;office-seeking;office-seeking;office-seeking;policy-seeking;vote-seeking;office-seeking;policy-seeking;não sei;office-seeking;policy-seeking;não sei;policy-seeking;office-seeking;;;;;;;;;;;;;;;;;;;;;;;;;;;;;;;;;;;;;;;;;;;;;;;;;;;;;;;;;;;;;;;;
20180259;9;8;;4;8;4;5;8;8;8;8;10;;8;8;9;0;1;8;9;8;0;8;8;8;3;8;9;8;8;8;8;6;5;8;office-seeking;office-seeking;policy-seeking;policy-seeking;office-seeking;policy-seeking;policy-seeking;policy-seeking;office-seeking;office-seeking;office-seeking;policy-seeking;office-seeking;office-seeking;office-seeking;office-seeking;não sei;policy-seeking;office-seeking;office-seeking;office-seeking;não sei;office-seeking;vote-seeking;office-seeking;policy-seeking;office-seeking;office-seeking;office-seeking;office-seeking;office-seeking;office-seeking;office-seeking;policy-seeking;office-seeking;;;;;;;;;;;;;;;;;;;;;;;;;;;;;;;;;;;;;;;;;;;;;;;;;;;;;;;;;;;;;;;;
20180260;5;6;4;3;8;3;4;3;6;7;5;;6;6;4;9;0;2;8;6;7;0;6;6;7;2;8;6;2;6;5;6;8;4;5;office-seeking;office-seeking;office-seeking;policy-seeking;office-seeking;office-seeking;office-seeking;policy-seeking;vote-seeking;vote-seeking;vote-seeking;vote-seeking;vote-seeking;vote-seeking;office-seeking;vote-seeking;policy-seeking;policy-seeking;vote-seeking;vote-seeking;vote-seeking;policy-seeking;vote-seeking;vote-seeking;vote-seeking;policy-seeking;vote-seeking;office-seeking;não sei;vote-seeking;vote-seeking;office-seeking;policy-seeking;office-seeking;vote-seeking;;;;;;;;;;;;;;;;;;;;;;;;;;;;;;;;;;;;;;;;;;;;;;;;;;;;;;;;;;;;;;;;
20180261;;4;3;0;7;0;2;9;4;;7;7;4;3;5;7;2;0;;3;7;2;7;7;7;4;6;4;7;7;7;4;;6;6;;;;;;;;;;;;;;;;;;;;;;;;;;;;;;;;;;;;;;;;;;;;;;;;;;;;;;;;;;;;;;;;;;;;;;;;;;;;;;;;;;;;;;;;;;;;;;;;;;;
20180262;;6;3;3;9;3;4;6;7;9;6;8;6;4;7;10;0;0;9;7;7;0;6;7;9;1;8;;3;7;6;5;7;4;;não sei;office-seeking;vote-seeking;vote-seeking;vote-seeking;vote-seeking;vote-seeking;vote-seeking;office-seeking;office-seeking;office-seeking;office-seeking;vote-seeking;office-seeking;office-seeking;vote-seeking;policy-seeking;policy-seeking;office-seeking;office-seeking;office-seeking;policy-seeking;office-seeking;office-seeking;office-seeking;policy-seeking;office-seeking;office-seeking;office-seeking;office-seeking;office-seeking;office-seeking;vote-seeking;vote-seeking;office-seeking;;;;;;;;;;;;;;;;;;;;;;;;;;;;;;;;;;;;;;;;;;;;;;;;;;;;;;;;;;;;;;;;
20180263;3;3;2;;0;;3;2;1;1;0;1;2;1;2;2;10;;0;1;0;8;0;0;2;9;1;1;1;0;0;1;1;2;1;vote-seeking;vote-seeking;vote-seeking;policy-seeking;office-seeking;vote-seeking;vote-seeking;vote-seeking;office-seeking;office-seeking;office-seeking;office-seeking;office-seeking;office-seeking;office-seeking;office-seeking;policy-seeking;vote-seeking;office-seeking;office-seeking;office-seeking;policy-seeking;office-seeking;office-seeking;office-seeking;policy-seeking;office-seeking;office-seeking;office-seeking;office-seeking;office-seeking;office-seeking;office-seeking;vote-seeking;office-seeking;;;;;;;;;;;;;;;;;;;;;;;;;;;;;;;;;;;;;;;;;;;;;;;;;;;;;;;;;;;;;;;;
20180264;6;6;4;5;9;4;4;6;4;8;2;6;3;5;4;6;1;3;4;6;6;0;7;8;5;1;6;6;7;7;6;6;7;5;6;vote-seeking;office-seeking;policy-seeking;vote-seeking;office-seeking;vote-seeking;policy-seeking;office-seeking;office-seeking;policy-seeking;policy-seeking;office-seeking;office-seeking;office-seeking;office-seeking;vote-seeking;policy-seeking;policy-seeking;office-seeking;office-seeking;office-seeking;policy-seeking;office-seeking;office-seeking;office-seeking;office-seeking;vote-seeking;vote-seeking;office-seeking;office-seeking;office-seeking;vote-seeking;office-seeking;policy-seeking;vote-seeking;;;;;;;;;;;;;;;;;;;;;;;;;;;;;;;;;;;;;;;;;;;;;;;;;;;;;;;;;;;;;;;;
20180265;8;8;4;2;8;1;3;5;8;8;6;8;4;4;8;9;0;1;8;7;9;0;8;7;8;1;8;8;10;9;7;8;9;3;6;office-seeking;office-seeking;vote-seeking;policy-seeking;office-seeking;policy-seeking;policy-seeking;office-seeking;office-seeking;office-seeking;office-seeking;office-seeking;vote-seeking;policy-seeking;policy-seeking;office-seeking;policy-seeking;policy-seeking;office-seeking;office-seeking;office-seeking;policy-seeking;office-seeking;office-seeking;office-seeking;policy-seeking;office-seeking;office-seeking;policy-seeking;policy-seeking;office-seeking;office-seeking;policy-seeking;policy-seeking;vote-seeking;;;;;;;;;;;;;;;;;;;;;;;;;;;;;;;;;;;;;;;;;;;;;;;;;;;;;;;;;;;;;;;;
20180266;5;10;4;4;10;4;4;6;9;10;6;7;4;4;9;10;0;0;6;6;10;0;6;8;9;1;8;6;4;7;6;10;10;1;8;vote-seeking;office-seeking;vote-seeking;vote-seeking;policy-seeking;policy-seeking;office-seeking;vote-seeking;office-seeking;policy-seeking;office-seeking;office-seeking;office-seeking;policy-seeking;office-seeking;policy-seeking;policy-seeking;policy-seeking;office-seeking;office-seeking;office-seeking;policy-seeking;office-seeking;office-seeking;policy-seeking;policy-seeking;office-seeking;office-seeking;office-seeking;office-seeking;office-seeking;policy-seeking;vote-seeking;policy-seeking;office-seeking;;;;;;;;;;;;;;;;;;;;;;;;;;;;;;;;;;;;;;;;;;;;;;;;;;;;;;;;;;;;;;;;
20180267;5;4;4;4;8;1;3;7;7;9;4;6;4;5;4;8;1;1;8;6;8;2;4;9;7;2;8;5;3;7;6;5;7;4;4;vote-seeking;office-seeking;;policy-seeking;office-seeking;policy-seeking;office-seeking;policy-seeking;não sei;office-seeking;office-seeking;não sei;vote-seeking;office-seeking;não sei;vote-seeking;policy-seeking;policy-seeking;office-seeking;não sei;office-seeking;policy-seeking;office-seeking;não sei;office-seeking;policy-seeking;vote-seeking;office-seeking;não sei;não sei;vote-seeking;vote-seeking;não sei;vote-seeking;não sei;;;;;;;;;;;;;;;;;;;;;;;;;;;;;;;;;;;;;;;;;;;;;;;;;;;;;;;;;;;;;;;;
20180268;6;7;4;4;8;0;4;5;7;8;7;6;;5;6;9;0;1;8;6;7;0;7;8;7;0;7;7;10;7;7;6;6;4;8;vote-seeking;office-seeking;office-seeking;vote-seeking;vote-seeking;policy-seeking;vote-seeking;vote-seeking;office-seeking;office-seeking;vote-seeking;office-seeking;policy-seeking;policy-seeking;office-seeking;vote-seeking;policy-seeking;policy-seeking;office-seeking;office-seeking;vote-seeking;policy-seeking;office-seeking;office-seeking;vote-seeking;policy-seeking;vote-seeking;office-seeking;vote-seeking;vote-seeking;office-seeking;vote-seeking;policy-seeking;policy-seeking;office-seeking;;;;;;;;;;;;;;;;;;;;;;;;;;;;;;;;;;;;;;;;;;;;;;;;;;;;;;;;;;;;;;;;
20180269;5;4;5;5;8;5;5;5;6;7;5;6;5;4;4;6;1;1;4;5;6;1;7;7;5;4;6;5;6;6;7;5;7;4;5;office-seeking;policy-seeking;office-seeking;office-seeking;office-seeking;policy-seeking;office-seeking;office-seeking;office-seeking;office-seeking;office-seeking;vote-seeking;office-seeking;office-seeking;office-seeking;office-seeking;policy-seeking;policy-seeking;office-seeking;vote-seeking;office-seeking;policy-seeking;vote-seeking;office-seeking;vote-seeking;policy-seeking;vote-seeking;vote-seeking;office-seeking;policy-seeking;office-seeking;vote-seeking;vote-seeking;vote-seeking;office-seeking;;;;;;;;;;;;;;;;;;;;;;;;;;;;;;;;;;;;;;;;;;;;;;;;;;;;;;;;;;;;;;;;
20180270;7;8;6;3;10;0;6;8;10;9;8;10;8;6;8;10;0;0;9;9;9;0;10;10;10;1;7;7;10;10;10;8;10;7;9;vote-seeking;office-seeking;office-seeking;policy-seeking;office-seeking;policy-seeking;;policy-seeking;office-seeking;;office-seeking;office-seeking;office-seeking;office-seeking;office-seeking;;policy-seeking;policy-seeking;office-seeking;office-seeking;office-seeking;policy-seeking;office-seeking;office-seeking;office-seeking;policy-seeking;office-seeking;office-seeking;office-seeking;office-seeking;office-seeking;office-seeking;office-seeking;office-seeking;office-seeking;;;;;;;;;;;;;;;;;;;;;;;;;;;;;;;;;;;;;;;;;;;;;;;;;;;;;;;;;;;;;;;;
20180271;7;5;4;4;9;2;5;6;8;9;7;9;6;5;6;9;1;1;6;6;9;1;8;8;7;2;8;7;6;8;8;6;10;4;;office-seeking;não sei;vote-seeking;vote-seeking;vote-seeking;policy-seeking;office-seeking;vote-seeking;não sei;office-seeking;não sei;não sei;office-seeking;office-seeking;não sei;office-seeking;policy-seeking;policy-seeking;não sei;não sei;não sei;policy-seeking;não sei;não sei;office-seeking;policy-seeking;office-seeking;;não sei;não sei;não sei;office-seeking;policy-seeking;não sei;não sei;;;;;;;;;;;;;;;;;;;;;;;;;;;;;;;;;;;;;;;;;;;;;;;;;;;;;;;;;;;;;;;;
20180272;7;7;4;3;9;2;4;7;7;7;;7;7;;8;8;0;0;;;9;0;8;8;7;1;8;5;4;9;;;9;;;vote-seeking;office-seeking;policy-seeking;policy-seeking;office-seeking;policy-seeking;office-seeking;policy-seeking;não sei;não sei;não sei;office-seeking;office-seeking;office-seeking;office-seeking;office-seeking;policy-seeking;policy-seeking;office-seeking;não sei;office-seeking;policy-seeking;não sei;não sei;office-seeking;policy-seeking;office-seeking;office-seeking;não sei;não sei;office-seeking;office-seeking;policy-seeking;policy-seeking;não sei;;;;;;;;;;;;;;;;;;;;;;;;;;;;;;;;;;;;;;;;;;;;;;;;;;;;;;;;;;;;;;;;
20180273;4;4;4;4;6;2;4;4;7;6;4;6;;;6;6;2;3;6;6;6;2;6;6;6;3;7;7;7;6;7;6;7;5;5;office-seeking;office-seeking;office-seeking;office-seeking;office-seeking;office-seeking;office-seeking;office-seeking;office-seeking;office-seeking;office-seeking;office-seeking;office-seeking;office-seeking;office-seeking;office-seeking;office-seeking;office-seeking;office-seeking;office-seeking;office-seeking;office-seeking;office-seeking;office-seeking;office-seeking;office-seeking;office-seeking;office-seeking;office-seeking;office-seeking;office-seeking;office-seeking;office-seeking;office-seeking;office-seeking;;;;;;;;;;;;;;;;;;;;;;;;;;;;;;;;;;;;;;;;;;;;;;;;;;;;;;;;;;;;;;;;
20180274;10;10;10;10;10;10;10;10;10;10;10;10;10;10;10;10;10;10;10;;10;10;10;10;10;0;10;10;;10;10;10;10;10;10;office-seeking;office-seeking;office-seeking;office-seeking;office-seeking;office-seeking;office-seeking;office-seeking;office-seeking;office-seeking;office-seeking;office-seeking;office-seeking;office-seeking;office-seeking;office-seeking;policy-seeking;office-seeking;office-seeking;office-seeking;office-seeking;office-seeking;office-seeking;office-seeking;office-seeking;policy-seeking;office-seeking;office-seeking;office-seeking;office-seeking;office-seeking;office-seeking;office-seeking;policy-seeking;office-seeking;;;;;;;;;;;;;;;;;;;;;;;;;;;;;;;;;;;;;;;;;;;;;;;;;;;;;;;;;;;;;;;;
20180275;10;10;0;0;10;0;0;10;10;10;10;10;10;;10;10;0;0;10;10;10;0;10;10;10;0;10;10;10;10;10;10;10;0;10;;;;;;;;;;;;;;;;;;;;;;;;;;;;;;;;;;;;;;;;;;;;;;;;;;;;;;;;;;;;;;;;;;;;;;;;;;;;;;;;;;;;;;;;;;;;;;;;;;;
20180276;7;4;6;3;8;4;4;9;6;8;4;8;4;4;7;8;4;3;6;4;8;6;4;6;8;1;7;7;9;8;6;4;7;4;2;vote-seeking;office-seeking;vote-seeking;policy-seeking;office-seeking;office-seeking;policy-seeking;vote-seeking;policy-seeking;office-seeking;office-seeking;office-seeking;office-seeking;policy-seeking;office-seeking;office-seeking;policy-seeking;office-seeking;office-seeking;office-seeking;office-seeking;policy-seeking;policy-seeking;office-seeking;office-seeking;policy-seeking;office-seeking;office-seeking;vote-seeking;office-seeking;office-seeking;policy-seeking;policy-seeking;policy-seeking;policy-seeking;;;;;;;;;;;;;;;;;;;;;;;;;;;;;;;;;;;;;;;;;;;;;;;;;;;;;;;;;;;;;;;;
20180277;6;3;4;3;8;1;6;9;6;7;;7;2;3;2;10;0;1;3;8;8;1;8;8;7;1;8;6;5;8;8;4;;3;8;office-seeking;não sei;vote-seeking;policy-seeking;office-seeking;policy-seeking;vote-seeking;policy-seeking;não sei;não sei;não sei;não sei;policy-seeking;policy-seeking;policy-seeking;office-seeking;não sei;não sei;não sei;não sei;não sei;não sei;não sei;não sei;não sei;policy-seeking;vote-seeking;não sei;não sei;não sei;não sei;não sei;não sei;não sei;não sei;;;;;;;;;;;;;;;;;;;;;;;;;;;;;;;;;;;;;;;;;;;;;;;;;;;;;;;;;;;;;;;;
20180278;7;4;4;3;9;3;4;6;9;9;9;9;7;6;;10;0;0;7;5;9;0;8;7;9;0;6;6;9;9;9;9;9;4;9;vote-seeking;office-seeking;office-seeking;vote-seeking;office-seeking;policy-seeking;vote-seeking;vote-seeking;não sei;policy-seeking;office-seeking;não sei;office-seeking;office-seeking;não sei;office-seeking;policy-seeking;policy-seeking;não sei;não sei;office-seeking;policy-seeking;office-seeking;não sei;não sei;policy-seeking;office-seeking;office-seeking;não sei;office-seeking;office-seeking;office-seeking;policy-seeking;policy-seeking;não sei;;;;;;;;;;;;;;;;;;;;;;;;;;;;;;;;;;;;;;;;;;;;;;;;;;;;;;;;;;;;;;;;
20180279;7;7;3;2;9;2;4;7;8;8;;7;7;;7;8;0;0;8;;7;0;7;8;7;1;6;7;4;7;4;7;10;4;;vote-seeking;office-seeking;policy-seeking;policy-seeking;policy-seeking;policy-seeking;vote-seeking;policy-seeking;office-seeking;office-seeking;office-seeking;office-seeking;office-seeking;office-seeking;office-seeking;vote-seeking;policy-seeking;policy-seeking;policy-seeking;office-seeking;office-seeking;policy-seeking;office-seeking;policy-seeking;office-seeking;policy-seeking;office-seeking;office-seeking;policy-seeking;office-seeking;office-seeking;office-seeking;policy-seeking;vote-seeking;não sei;;;;;;;;;;;;;;;;;;;;;;;;;;;;;;;;;;;;;;;;;;;;;;;;;;;;;;;;;;;;;;;;
20180280;5;6;4;3;8;2;4;5;6;6;7;6;5;5;5;8;1;1;6;;6;0;6;8;8;2;7;8;9;9;9;7;6;5;6;policy-seeking;policy-seeking;office-seeking;office-seeking;office-seeking;office-seeking;office-seeking;vote-seeking;policy-seeking;vote-seeking;office-seeking;policy-seeking;office-seeking;vote-seeking;office-seeking;policy-seeking;vote-seeking;vote-seeking;policy-seeking;policy-seeking;policy-seeking;vote-seeking;não sei;policy-seeking;office-seeking;vote-seeking;policy-seeking;policy-seeking;não sei;não sei;policy-seeking;policy-seeking;não sei;vote-seeking;policy-seeking;;;;;;;;;;;;;;;;;;;;;;;;;;;;;;;;;;;;;;;;;;;;;;;;;;;;;;;;;;;;;;;;
20180281;9;7;2;2;8;2;3;6;7;9;8;7;6;;;8;0;0;8;7;7;0;8;8;7;2;7;;6;6;;;6;;6;policy-seeking;vote-seeking;policy-seeking;policy-seeking;policy-seeking;policy-seeking;policy-seeking;policy-seeking;vote-seeking;vote-seeking;vote-seeking;vote-seeking;policy-seeking;policy-seeking;vote-seeking;vote-seeking;policy-seeking;policy-seeking;vote-seeking;vote-seeking;vote-seeking;policy-seeking;office-seeking;vote-seeking;vote-seeking;policy-seeking;vote-seeking;office-seeking;office-seeking;vote-seeking;office-seeking;office-seeking;office-seeking;policy-seeking;vote-seeking;;;;;;;;;;;;;;;;;;;;;;;;;;;;;;;;;;;;;;;;;;;;;;;;;;;;;;;;;;;;;;;;
20180282;8;3;2;2;10;1;5;8;8;7;4;9;3;4;5;10;3;2;4;5;8;3;9;7;8;1;7;;4;9;9;5;9;7;8;office-seeking;office-seeking;policy-seeking;policy-seeking;office-seeking;policy-seeking;office-seeking;vote-seeking;office-seeking;office-seeking;office-seeking;office-seeking;office-seeking;office-seeking;office-seeking;office-seeking;office-seeking;policy-seeking;office-seeking;office-seeking;office-seeking;policy-seeking;office-seeking;office-seeking;office-seeking;policy-seeking;office-seeking;office-seeking;office-seeking;office-seeking;office-seeking;office-seeking;office-seeking;vote-seeking;office-seeking;;;;;;;;;;;;;;;;;;;;;;;;;;;;;;;;;;;;;;;;;;;;;;;;;;;;;;;;;;;;;;;;
20180283;5;8;1;3;10;0;2;6;8;8;10;10;8;7;4;9;0;0;6;9;8;0;10;8;9;0;9;8;10;10;10;10;9;6;8;office-seeking;não sei;policy-seeking;policy-seeking;policy-seeking;;policy-seeking;policy-seeking;não sei;vote-seeking;vote-seeking;vote-seeking;não sei;office-seeking;office-seeking;vote-seeking;policy-seeking;policy-seeking;não sei;vote-seeking;não sei;policy-seeking;vote-seeking;vote-seeking;vote-seeking;policy-seeking;vote-seeking;policy-seeking;vote-seeking;vote-seeking;vote-seeking;vote-seeking;não sei;não sei;vote-seeking;;;;;;;;;;;;;;;;;;;;;;;;;;;;;;;;;;;;;;;;;;;;;;;;;;;;;;;;;;;;;;;;
20180284;10;4;5;3;10;3;4;8;8;9;7;10;4;5;9;10;2;3;8;9;9;2;10;8;10;3;7;7;10;10;10;6;10;6;6;;;;;;;;;;;;;;;;;;;;;;;;;;;;;;;;;;;;;;;;;;;;;;;;;;;;;;;;;;;;;;;;;;;;;;;;;;;;;;;;;;;;;;;;;;;;;;;;;;;
20180285;7;9;4;4;10;4;4;7;8;7;6;8;4;6;6;9;0;1;7;4;8;0;6;7;9;1;8;6;9;6;6;6;6;4;6;office-seeking;office-seeking;policy-seeking;policy-seeking;policy-seeking;policy-seeking;office-seeking;policy-seeking;vote-seeking;vote-seeking;vote-seeking;vote-seeking;vote-seeking;vote-seeking;vote-seeking;office-seeking;policy-seeking;policy-seeking;vote-seeking;vote-seeking;vote-seeking;policy-seeking;vote-seeking;vote-seeking;office-seeking;policy-seeking;office-seeking;office-seeking;vote-seeking;vote-seeking;vote-seeking;office-seeking;policy-seeking;policy-seeking;vote-seeking;;;;;;;;;;;;;;;;;;;;;;;;;;;;;;;;;;;;;;;;;;;;;;;;;;;;;;;;;;;;;;;;
20180286;;8;4;3;8;0;4;6;5;10;9;7;5;6;6;9;0;0;6;8;7;0;9;10;6;0;6;6;7;6;6;6;;4;6;vote-seeking;office-seeking;policy-seeking;policy-seeking;vote-seeking;policy-seeking;policy-seeking;policy-seeking;office-seeking;office-seeking;office-seeking;office-seeking;office-seeking;office-seeking;policy-seeking;office-seeking;não sei;não sei;office-seeking;office-seeking;office-seeking;não sei;vote-seeking;policy-seeking;office-seeking;policy-seeking;office-seeking;office-seeking;office-seeking;office-seeking;vote-seeking;vote-seeking;policy-seeking;policy-seeking;office-seeking;;;;;;;;;;;;;;;;;;;;;;;;;;;;;;;;;;;;;;;;;;;;;;;;;;;;;;;;;;;;;;;;
20180287;5;9;6;4;9;2;4;5;7;9;8;9;5;6;9;10;1;1;8;7;10;1;8;8;8;1;10;7;9;8;9;9;10;4;8;vote-seeking;office-seeking;vote-seeking;vote-seeking;vote-seeking;policy-seeking;office-seeking;vote-seeking;office-seeking;office-seeking;office-seeking;office-seeking;office-seeking;policy-seeking;office-seeking;office-seeking;policy-seeking;policy-seeking;office-seeking;office-seeking;office-seeking;policy-seeking;office-seeking;policy-seeking;office-seeking;policy-seeking;office-seeking;office-seeking;office-seeking;office-seeking;office-seeking;office-seeking;office-seeking;office-seeking;office-seeking;;;;;;;;;;;;;;;;;;;;;;;;;;;;;;;;;;;;;;;;;;;;;;;;;;;;;;;;;;;;;;;;
20180288;10;9;4;2;10;3;;9;10;10;6;8;9;;10;9;0;0;9;7;9;4;9;8;9;0;9;9;4;10;8;8;10;6;9;office-seeking;office-seeking;office-seeking;vote-seeking;office-seeking;office-seeking;vote-seeking;vote-seeking;office-seeking;office-seeking;office-seeking;office-seeking;office-seeking;vote-seeking;não sei;office-seeking;policy-seeking;policy-seeking;office-seeking;office-seeking;office-seeking;não sei;não sei;office-seeking;office-seeking;policy-seeking;office-seeking;office-seeking;vote-seeking;office-seeking;office-seeking;office-seeking;não sei;não sei;não sei;;;;;;;;;;;;;;;;;;;;;;;;;;;;;;;;;;;;;;;;;;;;;;;;;;;;;;;;;;;;;;;;
20180289;10;5;3;0;10;0;2;10;8;10;7;7;;;7;10;2;2;7;;8;4;10;10;10;0;8;6;10;7;10;10;;;7;vote-seeking;vote-seeking;não sei;policy-seeking;vote-seeking;vote-seeking;policy-seeking;vote-seeking;não sei;vote-seeking;não sei;não sei;office-seeking;não sei;vote-seeking;office-seeking;não sei;office-seeking;não sei;não sei;office-seeking;não sei;não sei;vote-seeking;não sei;policy-seeking;vote-seeking;vote-seeking;não sei;não sei;não sei;vote-seeking;não sei;office-seeking;não sei;;;;;;;;;;;;;;;;;;;;;;;;;;;;;;;;;;;;;;;;;;;;;;;;;;;;;;;;;;;;;;;;
20180290;6;4;4;4;9;4;4;8;7;6;6;6;4;6;6;9;0;4;7;6;8;0;6;6;6;1;7;6;6;7;6;7;8;6;;;;;;;;;;;;;;;;;;;;;;;;;;;;;;;;;;;;;;;;;;;;;;;;;;;;;;;;;;;;;;;;;;;;;;;;;;;;;;;;;;;;;;;;;;;;;;;;;;;;
20180291;9;7;9;6;10;2;4;8;10;10;9;9;9;8;9;9;1;1;9;9;10;0;9;9;9;2;9;8;9;10;9;8;9;8;9;vote-seeking;policy-seeking;policy-seeking;policy-seeking;policy-seeking;policy-seeking;policy-seeking;policy-seeking;vote-seeking;vote-seeking;office-seeking;não sei;office-seeking;vote-seeking;vote-seeking;office-seeking;policy-seeking;policy-seeking;vote-seeking;não sei;office-seeking;policy-seeking;office-seeking;não sei;office-seeking;policy-seeking;não sei;não sei;office-seeking;office-seeking;não sei;policy-seeking;vote-seeking;policy-seeking;não sei;;;;;;;;;;;;;;;;;;;;;;;;;;;;;;;;;;;;;;;;;;;;;;;;;;;;;;;;;;;;;;;;
20180292;6;8;4;4;8;4;4;6;8;6;7;8;6;6;8;6;0;0;7;7;7;0;10;10;6;0;6;6;10;10;8;8;8;6;8;vote-seeking;office-seeking;office-seeking;policy-seeking;vote-seeking;office-seeking;vote-seeking;vote-seeking;office-seeking;office-seeking;office-seeking;office-seeking;office-seeking;office-seeking;office-seeking;office-seeking;policy-seeking;policy-seeking;office-seeking;office-seeking;office-seeking;policy-seeking;office-seeking;office-seeking;office-seeking;policy-seeking;office-seeking;office-seeking;policy-seeking;policy-seeking;office-seeking;office-seeking;policy-seeking;não sei;office-seeking;;;;;;;;;;;;;;;;;;;;;;;;;;;;;;;;;;;;;;;;;;;;;;;;;;;;;;;;;;;;;;;;
20180293;;;4;3;10;0;;7;;10;6;;;;;8;0;0;;;10;0;8;;6;1;;;6;;;;;6;6;office-seeking;vote-seeking;policy-seeking;policy-seeking;policy-seeking;policy-seeking;office-seeking;policy-seeking;não sei;office-seeking;não sei;não sei;;policy-seeking;não sei;office-seeking;policy-seeking;policy-seeking;não sei;não sei;não sei;policy-seeking;vote-seeking;não sei;não sei;policy-seeking;não sei;office-seeking;não sei;;não sei;office-seeking;policy-seeking;policy-seeking;não sei;;;;;;;;;;;;;;;;;;;;;;;;;;;;;;;;;;;;;;;;;;;;;;;;;;;;;;;;;;;;;;;;
20180294;;6;4;3;7;2;4;7;8;8;8;7;5;5;7;9;0;1;7;7;8;0;8;6;8;1;6;7;10;10;6;6;8;4;7;office-seeking;office-seeking;policy-seeking;policy-seeking;policy-seeking;policy-seeking;vote-seeking;policy-seeking;não sei;policy-seeking;office-seeking;não sei;office-seeking;vote-seeking;vote-seeking;office-seeking;não sei;não sei;não sei;office-seeking;office-seeking;não sei;vote-seeking;office-seeking;office-seeking;policy-seeking;office-seeking;office-seeking;policy-seeking;policy-seeking;office-seeking;office-seeking;policy-seeking;policy-seeking;não sei;;;;;;;;;;;;;;;;;;;;;;;;;;;;;;;;;;;;;;;;;;;;;;;;;;;;;;;;;;;;;;;;
20180295;6;6;4;4;8;3;4;6;9;9;5;7;5;5;5;6;0;1;9;5;9;1;6;9;6;2;6;6;6;10;5;6;6;4;5;office-seeking;office-seeking;policy-seeking;policy-seeking;vote-seeking;policy-seeking;vote-seeking;office-seeking;vote-seeking;vote-seeking;vote-seeking;vote-seeking;vote-seeking;policy-seeking;vote-seeking;office-seeking;policy-seeking;policy-seeking;policy-seeking;vote-seeking;policy-seeking;policy-seeking;vote-seeking;policy-seeking;office-seeking;policy-seeking;office-seeking;office-seeking;vote-seeking;vote-seeking;vote-seeking;office-seeking;policy-seeking;policy-seeking;vote-seeking;;;;;;;;;;;;;;;;;;;;;;;;;;;;;;;;;;;;;;;;;;;;;;;;;;;;;;;;;;;;;;;;
20180296;7;6;4;4;9;3;3;7;8;9;9;7;6;6;5;10;1;1;8;7;8;0;7;10;8;1;10;6;8;8;10;6;7;7;10;;;;;;;;;;;;;;;;;;;;;;;;;;;;;;;;;;;;;;;;;;;;;;;;;;;;;;;;;;;;;;;;;;;;;;;;;;;;;;;;;;;;;;;;;;;;;;;;;;;
20180297;6;6;4;4;8;4;4;6;7;9;6;7;;4;7;8;0;0;6;6;7;0;6;6;8;4;6;6;2;6;6;6;8;4;6;vote-seeking;office-seeking;office-seeking;vote-seeking;office-seeking;vote-seeking;office-seeking;vote-seeking;office-seeking;office-seeking;office-seeking;office-seeking;vote-seeking;policy-seeking;office-seeking;office-seeking;policy-seeking;policy-seeking;office-seeking;office-seeking;office-seeking;policy-seeking;office-seeking;office-seeking;office-seeking;policy-seeking;office-seeking;vote-seeking;;office-seeking;office-seeking;office-seeking;policy-seeking;policy-seeking;office-seeking;;;;;;;;;;;;;;;;;;;;;;;;;;;;;;;;;;;;;;;;;;;;;;;;;;;;;;;;;;;;;;;;
20180298;9;9;5;3;10;3;6;9;8;9;7;7;4;8;7;8;2;1;10;9;9;1;9;10;8;1;9;9;4;9;6;6;10;5;9;office-seeking;não sei;office-seeking;policy-seeking;vote-seeking;policy-seeking;office-seeking;vote-seeking;não sei;policy-seeking;não sei;não sei;não sei;não sei;não sei;office-seeking;policy-seeking;policy-seeking;não sei;não sei;vote-seeking;policy-seeking;office-seeking;não sei;não sei;policy-seeking;não sei;não sei;não sei;não sei;não sei;não sei;não sei;não sei;vote-seeking;;;;;;;;;;;;;;;;;;;;;;;;;;;;;;;;;;;;;;;;;;;;;;;;;;;;;;;;;;;;;;;;
20180299;7;7;3;3;9;2;4;7;7;8;8;7;1;;;8;0;1;6;9;8;1;9;9;8;2;8;7;9;7;8;8;;7;7;office-seeking;office-seeking;office-seeking;office-seeking;office-seeking;office-seeking;office-seeking;office-seeking;office-seeking;office-seeking;office-seeking;office-seeking;office-seeking;policy-seeking;office-seeking;office-seeking;office-seeking;office-seeking;office-seeking;office-seeking;office-seeking;office-seeking;office-seeking;office-seeking;office-seeking;office-seeking;office-seeking;office-seeking;office-seeking;policy-seeking;office-seeking;office-seeking;vote-seeking;policy-seeking;office-seeking;;;;;;;;;;;;;;;;;;;;;;;;;;;;;;;;;;;;;;;;;;;;;;;;;;;;;;;;;;;;;;;;
20180300;8;3;4;2;8;0;2;6;10;8;10;8;3;3;;10;0;0;5;8;10;0;;7;10;2;10;10;10;;10;4;;4;;vote-seeking;office-seeking;office-seeking;vote-seeking;vote-seeking;policy-seeking;office-seeking;vote-seeking;vote-seeking;office-seeking;vote-seeking;vote-seeking;office-seeking;office-seeking;office-seeking;vote-seeking;policy-seeking;policy-seeking;não sei;não sei;vote-seeking;policy-seeking;office-seeking;vote-seeking;não sei;office-seeking;não sei;vote-seeking;vote-seeking;não sei;não sei;office-seeking;office-seeking;office-seeking;não sei;;;;;;;;;;;;;;;;;;;;;;;;;;;;;;;;;;;;;;;;;;;;;;;;;;;;;;;;;;;;;;;;
20180301;6;6;5;4;7;2;4;5;7;7;6;7;4;5;7;7;0;1;7;6;7;;7;7;7;1;8;8;7;6;6;7;6;4;7;office-seeking;vote-seeking;office-seeking;policy-seeking;policy-seeking;policy-seeking;policy-seeking;policy-seeking;não sei;office-seeking;vote-seeking;vote-seeking;policy-seeking;policy-seeking;não sei;office-seeking;policy-seeking;policy-seeking;não sei;office-seeking;não sei;policy-seeking;vote-seeking;não sei;vote-seeking;policy-seeking;vote-seeking;office-seeking;vote-seeking;não sei;vote-seeking;office-seeking;policy-seeking;policy-seeking;não sei;;;;;;;;;;;;;;;;;;;;;;;;;;;;;;;;;;;;;;;;;;;;;;;;;;;;;;;;;;;;;;;;
20180302;8;4;;4;7;1;4;7;7;7;7;6;3;4;3;8;0;2;4;7;6;3;;6;7;2;7;4;6;6;6;;6;4;7;vote-seeking;vote-seeking;policy-seeking;office-seeking;vote-seeking;não sei;office-seeking;office-seeking;não sei;vote-seeking;não sei;vote-seeking;office-seeking;office-seeking;não sei;vote-seeking;não sei;policy-seeking;não sei;não sei;não sei;não sei;não sei;não sei;vote-seeking;policy-seeking;vote-seeking;office-seeking;não sei;não sei;vote-seeking;não sei;office-seeking;office-seeking;vote-seeking;;;;;;;;;;;;;;;;;;;;;;;;;;;;;;;;;;;;;;;;;;;;;;;;;;;;;;;;;;;;;;;;
20180303;8;;;;10;5;;10;10;10;10;10;7;7;10;10;0;2;10;10;10;0;10;10;8;0;10;10;10;10;10;7;10;7;10;vote-seeking;vote-seeking;vote-seeking;vote-seeking;vote-seeking;office-seeking;vote-seeking;vote-seeking;office-seeking;office-seeking;office-seeking;office-seeking;vote-seeking;office-seeking;office-seeking;vote-seeking;policy-seeking;policy-seeking;office-seeking;office-seeking;office-seeking;policy-seeking;não sei;office-seeking;office-seeking;policy-seeking;office-seeking;office-seeking;office-seeking;office-seeking;office-seeking;vote-seeking;não sei;office-seeking;office-seeking;;;;;;;;;;;;;;;;;;;;;;;;;;;;;;;;;;;;;;;;;;;;;;;;;;;;;;;;;;;;;;;;
20180304;10;4;2;4;5;0;1;10;5;5;4;6;3;2;6;7;0;1;4;2;5;1;4;6;6;0;5;4;6;7;6;5;4;4;4;;;;;;;;;;;;;;;;;;;;;;;;;;;;;;;;;;;;;;;;;;;;;;;;;;;;;;;;;;;;;;;;;;;;;;;;;;;;;;;;;;;;;;;;;;;;;;;;;;;
20180305;;;3;3;10;2;3;;7;7;8;7;4;4;7;8;0;0;;7;7;0;8;7;7;0;9;8;8;10;8;4;7;4;6;office-seeking;policy-seeking;vote-seeking;policy-seeking;vote-seeking;vote-seeking;vote-seeking;office-seeking;office-seeking;office-seeking;office-seeking;office-seeking;vote-seeking;office-seeking;office-seeking;office-seeking;vote-seeking;policy-seeking;office-seeking;office-seeking;office-seeking;policy-seeking;office-seeking;office-seeking;office-seeking;;office-seeking;office-seeking;office-seeking;office-seeking;office-seeking;office-seeking;policy-seeking;policy-seeking;office-seeking;;;;;;;;;;;;;;;;;;;;;;;;;;;;;;;;;;;;;;;;;;;;;;;;;;;;;;;;;;;;;;;;
20180306;6;6;4;4;8;3;3;6;8;7;5;6;5;4;;7;1;1;6;5;8;1;7;9;7;2;6;6;6;8;5;5;7;4;8;vote-seeking;office-seeking;policy-seeking;policy-seeking;policy-seeking;policy-seeking;policy-seeking;policy-seeking;office-seeking;office-seeking;vote-seeking;office-seeking;policy-seeking;vote-seeking;office-seeking;office-seeking;policy-seeking;policy-seeking;office-seeking;office-seeking;office-seeking;policy-seeking;office-seeking;office-seeking;office-seeking;policy-seeking;office-seeking;vote-seeking;office-seeking;office-seeking;office-seeking;office-seeking;policy-seeking;policy-seeking;office-seeking;;;;;;;;;;;;;;;;;;;;;;;;;;;;;;;;;;;;;;;;;;;;;;;;;;;;;;;;;;;;;;;;
20180307;7;9;3;2;9;2;4;8;10;10;7;10;6;6;10;10;0;0;10;4;10;0;9;10;10;1;10;8;10;10;8;8;10;4;8;vote-seeking;vote-seeking;vote-seeking;policy-seeking;office-seeking;policy-seeking;vote-seeking;vote-seeking;office-seeking;office-seeking;office-seeking;não sei;office-seeking;office-seeking;office-seeking;office-seeking;policy-seeking;policy-seeking;office-seeking;office-seeking;office-seeking;policy-seeking;office-seeking;office-seeking;vote-seeking;policy-seeking;office-seeking;vote-seeking;não sei;office-seeking;office-seeking;office-seeking;office-seeking;policy-seeking;não sei;;;;;;;;;;;;;;;;;;;;;;;;;;;;;;;;;;;;;;;;;;;;;;;;;;;;;;;;;;;;;;;;
20180308;7;7;4;3;8;2;4;6;7;9;6;7;6;;6;8;0;0;8;8;8;0;7;10;7;1;7;7;0;8;;6;8;4;7;office-seeking;office-seeking;vote-seeking;policy-seeking;vote-seeking;policy-seeking;vote-seeking;policy-seeking;office-seeking;vote-seeking;office-seeking;office-seeking;vote-seeking;vote-seeking;office-seeking;office-seeking;policy-seeking;policy-seeking;office-seeking;office-seeking;office-seeking;policy-seeking;office-seeking;vote-seeking;vote-seeking;policy-seeking;office-seeking;vote-seeking;não sei;office-seeking;office-seeking;office-seeking;policy-seeking;policy-seeking;office-seeking;;;;;;;;;;;;;;;;;;;;;;;;;;;;;;;;;;;;;;;;;;;;;;;;;;;;;;;;;;;;;;;;
20180309;7;4;4;3;9;2;4;6;7;6;8;7;4;4;4;8;0;3;6;4;7;2;6;6;7;1;8;7;7;8;7;4;6;3;7;office-seeking;office-seeking;vote-seeking;policy-seeking;office-seeking;policy-seeking;vote-seeking;policy-seeking;não sei;office-seeking;não sei;vote-seeking;policy-seeking;vote-seeking;não sei;vote-seeking;policy-seeking;não sei;office-seeking;não sei;não sei;policy-seeking;vote-seeking;não sei;vote-seeking;policy-seeking;office-seeking;não sei;não sei;vote-seeking;office-seeking;não sei;não sei;policy-seeking;não sei;;;;;;;;;;;;;;;;;;;;;;;;;;;;;;;;;;;;;;;;;;;;;;;;;;;;;;;;;;;;;;;;
20180310;8;3;4;2;7;1;4;8;10;10;4;4;2;10;2;8;3;1;7;4;9;1;6;8;7;1;10;6;7;10;10;4;7;7;6;office-seeking;não sei;office-seeking;policy-seeking;não sei;não sei;não sei;vote-seeking;não sei;office-seeking;não sei;não sei;office-seeking;office-seeking;não sei;office-seeking;não sei;não sei;não sei;não sei;não sei;não sei;não sei;não sei;não sei;policy-seeking;não sei;não sei;não sei;não sei;não sei;não sei;não sei;não sei;não sei;;;;;;;;;;;;;;;;;;;;;;;;;;;;;;;;;;;;;;;;;;;;;;;;;;;;;;;;;;;;;;;;
20180311;8;7;7;3;9;0;2;9;7;10;5;7;2;3;8;8;0;0;9;;7;0;8;10;8;2;8;7;9;10;9;;5;3;7;vote-seeking;vote-seeking;vote-seeking;office-seeking;vote-seeking;policy-seeking;vote-seeking;office-seeking;vote-seeking;vote-seeking;vote-seeking;vote-seeking;vote-seeking;policy-seeking;vote-seeking;vote-seeking;policy-seeking;policy-seeking;vote-seeking;policy-seeking;vote-seeking;policy-seeking;vote-seeking;vote-seeking;vote-seeking;policy-seeking;vote-seeking;vote-seeking;vote-seeking;vote-seeking;vote-seeking;policy-seeking;vote-seeking;policy-seeking;vote-seeking;;;;;;;;;;;;;;;;;;;;;;;;;;;;;;;;;;;;;;;;;;;;;;;;;;;;;;;;;;;;;;;;
20180312;6;4;4;4;9;1;4;6;;8;10;8;1;3;;8;0;1;5;7;6;1;8;;6;1;7;6;10;9;10;7;9;3;;office-seeking;não sei;não sei;policy-seeking;office-seeking;policy-seeking;office-seeking;policy-seeking;não sei;policy-seeking;não sei;não sei;office-seeking;office-seeking;não sei;não sei;policy-seeking;policy-seeking;office-seeking;não sei;não sei;policy-seeking;policy-seeking;não sei;não sei;policy-seeking;não sei;não sei;office-seeking;não sei;não sei;não sei;policy-seeking;policy-seeking;não sei;;;;;;;;;;;;;;;;;;;;;;;;;;;;;;;;;;;;;;;;;;;;;;;;;;;;;;;;;;;;;;;;
20180313;6;0;;0;7;0;0;3;6;3;5;9;0;3;4;4;0;0;3;3;;0;5;;8;0;8;5;8;10;8;1;;3;0;;não sei;não sei;não sei;não sei;não sei;não sei;não sei;não sei;não sei;não sei;não sei;não sei;não sei;não sei;não sei;não sei;não sei;não sei;não sei;não sei;não sei;não sei;não sei;não sei;não sei;não sei;não sei;não sei;não sei;não sei;não sei;não sei;não sei;não sei;;;;;;;;;;;;;;;;;;;;;;;;;;;;;;;;;;;;;;;;;;;;;;;;;;;;;;;;;;;;;;;;
20180314;;5;;3;9;3;4;6;6;9;6;6;5;;5;7;1;2;7;5;;1;6;6;7;2;8;6;5;8;;6;7;5;5;vote-seeking;office-seeking;office-seeking;policy-seeking;vote-seeking;office-seeking;office-seeking;office-seeking;vote-seeking;vote-seeking;vote-seeking;vote-seeking;office-seeking;vote-seeking;vote-seeking;office-seeking;policy-seeking;office-seeking;vote-seeking;vote-seeking;vote-seeking;policy-seeking;vote-seeking;vote-seeking;office-seeking;office-seeking;vote-seeking;vote-seeking;vote-seeking;vote-seeking;vote-seeking;vote-seeking;vote-seeking;office-seeking;vote-seeking;;;;;;;;;;;;;;;;;;;;;;;;;;;;;;;;;;;;;;;;;;;;;;;;;;;;;;;;;;;;;;;;
20180315;5;5;5;5;10;5;5;10;10;10;10;10;0;5;;10;0;0;5;10;10;0;10;10;10;0;10;10;5;10;10;5;10;5;5;office-seeking;office-seeking;office-seeking;vote-seeking;office-seeking;office-seeking;office-seeking;vote-seeking;não sei;office-seeking;office-seeking;não sei;office-seeking;;office-seeking;;policy-seeking;office-seeking;não sei;não sei;office-seeking;policy-seeking;office-seeking;office-seeking;office-seeking;policy-seeking;office-seeking;office-seeking;não sei;;não sei;office-seeking;não sei;;policy-seeking;;;;;;;;;;;;;;;;;;;;;;;;;;;;;;;;;;;;;;;;;;;;;;;;;;;;;;;;;;;;;;;;
20180316;8;7;4;3;9;3;4;7;10;9;5;7;4;7;5;8;1;0;8;8;8;1;8;10;8;2;10;8;0;8;5;5;8;4;8;vote-seeking;vote-seeking;vote-seeking;policy-seeking;vote-seeking;vote-seeking;vote-seeking;policy-seeking;office-seeking;office-seeking;office-seeking;office-seeking;vote-seeking;vote-seeking;office-seeking;vote-seeking;policy-seeking;vote-seeking;office-seeking;office-seeking;office-seeking;policy-seeking;office-seeking;office-seeking;office-seeking;policy-seeking;vote-seeking;vote-seeking;office-seeking;office-seeking;office-seeking;office-seeking;office-seeking;vote-seeking;office-seeking;;;;;;;;;;;;;;;;;;;;;;;;;;;;;;;;;;;;;;;;;;;;;;;;;;;;;;;;;;;;;;;;
20180317;8;9;3;3;8;0;4;6;10;10;9;9;3;4;9;8;0;2;9;8;10;0;9;9;9;1;8;9;10;9;9;9;8;4;6;vote-seeking;vote-seeking;office-seeking;policy-seeking;office-seeking;office-seeking;office-seeking;office-seeking;vote-seeking;vote-seeking;vote-seeking;policy-seeking;policy-seeking;vote-seeking;não sei;vote-seeking;policy-seeking;policy-seeking;não sei;não sei;office-seeking;policy-seeking;não sei;não sei;vote-seeking;policy-seeking;não sei;não sei;não sei;não sei;não sei;office-seeking;não sei;policy-seeking;office-seeking;;;;;;;;;;;;;;;;;;;;;;;;;;;;;;;;;;;;;;;;;;;;;;;;;;;;;;;;;;;;;;;;
20180318;6;6;;4;8;3;5;6;7;8;7;7;7;6;7;7;1;3;8;6;7;0;6;9;6;2;7;7;6;9;7;7;9;;8;office-seeking;office-seeking;office-seeking;vote-seeking;office-seeking;policy-seeking;vote-seeking;vote-seeking;office-seeking;office-seeking;office-seeking;office-seeking;office-seeking;office-seeking;office-seeking;office-seeking;policy-seeking;policy-seeking;office-seeking;vote-seeking;office-seeking;policy-seeking;office-seeking;office-seeking;office-seeking;policy-seeking;office-seeking;office-seeking;office-seeking;office-seeking;office-seeking;office-seeking;policy-seeking;vote-seeking;office-seeking;;;;;;;;;;;;;;;;;;;;;;;;;;;;;;;;;;;;;;;;;;;;;;;;;;;;;;;;;;;;;;;;
20180319;8;9;4;2;9;2;4;9;9;9;9;9;7;8;9;9;0;4;9;9;9;1;9;9;9;1;9;9;9;9;9;9;9;7;9;office-seeking;office-seeking;policy-seeking;policy-seeking;office-seeking;policy-seeking;policy-seeking;office-seeking;office-seeking;office-seeking;office-seeking;office-seeking;office-seeking;office-seeking;não sei;;policy-seeking;policy-seeking;não sei;não sei;office-seeking;não sei;office-seeking;office-seeking;office-seeking;policy-seeking;office-seeking;office-seeking;não sei;office-seeking;office-seeking;office-seeking;não sei;vote-seeking;não sei;;;;;;;;;;;;;;;;;;;;;;;;;;;;;;;;;;;;;;;;;;;;;;;;;;;;;;;;;;;;;;;;
20180320;5;6;4;3;9;2;4;6;8;10;6;7;6;4;7;8;0;0;8;7;8;0;6;9;9;0;6;6;9;10;4;6;6;3;6;não sei;não sei;não sei;policy-seeking;policy-seeking;não sei;não sei;policy-seeking;não sei;não sei;não sei;não sei;não sei;não sei;não sei;office-seeking;não sei;não sei;não sei;não sei;não sei;não sei;não sei;não sei;não sei;não sei;não sei;não sei;não sei;não sei;não sei;vote-seeking;não sei;não sei;não sei;;;;;;;;;;;;;;;;;;;;;;;;;;;;;;;;;;;;;;;;;;;;;;;;;;;;;;;;;;;;;;;;
20180321;10;10;3;0;10;0;3;10;10;10;10;10;10;10;10;10;0;0;10;10;10;0;10;10;10;0;10;10;10;10;10;5;10;7;10;;;;;;;;;;;;;;;;;;;;;;;;;;;;;;;;;;;;;;;;;;;;;;;;;;;;;;;;;;;;;;;;;;;;;;;;;;;;;;;;;;;;;;;;;;;;;;;;;;;
20180322;8;10;4;3;10;0;6;9;10;10;;;6;;9;9;0;0;6;9;10;0;8;7;9;0;8;6;1;10;;6;9;;;office-seeking;office-seeking;office-seeking;policy-seeking;office-seeking;vote-seeking;office-seeking;policy-seeking;vote-seeking;não sei;vote-seeking;não sei;vote-seeking;vote-seeking;vote-seeking;office-seeking;vote-seeking;vote-seeking;vote-seeking;não sei;vote-seeking;vote-seeking;vote-seeking;não sei;vote-seeking;vote-seeking;office-seeking;vote-seeking;não sei;não sei;não sei;vote-seeking;vote-seeking;vote-seeking;não sei;;;;;;;;;;;;;;;;;;;;;;;;;;;;;;;;;;;;;;;;;;;;;;;;;;;;;;;;;;;;;;;;
20180323;6;6;4;3;7;2;4;6;7;7;6;7;4;5;6;7;1;2;7;6;7;0;6;7;7;0;6;7;7;6;7;5;6;5;7;office-seeking;office-seeking;policy-seeking;vote-seeking;office-seeking;policy-seeking;policy-seeking;vote-seeking;não sei;vote-seeking;não sei;não sei;policy-seeking;vote-seeking;não sei;office-seeking;policy-seeking;policy-seeking;office-seeking;não sei;não sei;policy-seeking;policy-seeking;não sei;não sei;policy-seeking;não sei;não sei;não sei;não sei;não sei;office-seeking;policy-seeking;policy-seeking;não sei;;;;;;;;;;;;;;;;;;;;;;;;;;;;;;;;;;;;;;;;;;;;;;;;;;;;;;;;;;;;;;;;
20180324;10;8;4;4;10;4;4;8;7;8;7;7;6;7;7;8;0;0;7;6;7;0;8;7;8;2;8;7;3;10;7;6;7;6;6;office-seeking;vote-seeking;office-seeking;vote-seeking;office-seeking;office-seeking;policy-seeking;policy-seeking;vote-seeking;vote-seeking;vote-seeking;vote-seeking;vote-seeking;vote-seeking;vote-seeking;vote-seeking;policy-seeking;policy-seeking;vote-seeking;vote-seeking;vote-seeking;policy-seeking;vote-seeking;vote-seeking;vote-seeking;policy-seeking;vote-seeking;vote-seeking;office-seeking;vote-seeking;vote-seeking;office-seeking;não sei;não sei;não sei;;;;;;;;;;;;;;;;;;;;;;;;;;;;;;;;;;;;;;;;;;;;;;;;;;;;;;;;;;;;;;;;
20180325;6;4;4;2;10;0;4;10;6;9;10;7;8;6;4;7;1;0;8;6;8;1;6;8;10;0;5;7;10;10;6;5;10;5;2;vote-seeking;office-seeking;vote-seeking;vote-seeking;vote-seeking;policy-seeking;vote-seeking;vote-seeking;vote-seeking;vote-seeking;office-seeking;office-seeking;office-seeking;policy-seeking;não sei;vote-seeking;policy-seeking;policy-seeking;vote-seeking;não sei;vote-seeking;policy-seeking;não sei;office-seeking;office-seeking;policy-seeking;não sei;office-seeking;vote-seeking;não sei;office-seeking;office-seeking;não sei;não sei;não sei;;;;;;;;;;;;;;;;;;;;;;;;;;;;;;;;;;;;;;;;;;;;;;;;;;;;;;;;;;;;;;;;
20180326;6;4;4;4;8;1;3;7;7;9;8;7;4;4;4;5;0;0;7;7;6;0;8;7;8;1;8;6;7;8;9;8;8;3;7;vote-seeking;office-seeking;vote-seeking;policy-seeking;vote-seeking;vote-seeking;office-seeking;vote-seeking;office-seeking;office-seeking;office-seeking;office-seeking;office-seeking;policy-seeking;office-seeking;office-seeking;office-seeking;policy-seeking;office-seeking;office-seeking;office-seeking;policy-seeking;office-seeking;office-seeking;office-seeking;policy-seeking;office-seeking;office-seeking;office-seeking;office-seeking;office-seeking;office-seeking;office-seeking;policy-seeking;office-seeking;;;;;;;;;;;;;;;;;;;;;;;;;;;;;;;;;;;;;;;;;;;;;;;;;;;;;;;;;;;;;;;;
20180327;;6;4;3;7;1;6;;6;6;4;6;3;6;6;7;0;0;6;6;7;0;6;7;6;2;6;6;6;6;6;6;6;6;6;office-seeking;não sei;não sei;policy-seeking;vote-seeking;policy-seeking;não sei;vote-seeking;office-seeking;office-seeking;não sei;não sei;não sei;não sei;não sei;vote-seeking;policy-seeking;policy-seeking;não sei;não sei;não sei;policy-seeking;não sei;não sei;não sei;policy-seeking;office-seeking;não sei;não sei;office-seeking;office-seeking;não sei;não sei;não sei;office-seeking;;;;;;;;;;;;;;;;;;;;;;;;;;;;;;;;;;;;;;;;;;;;;;;;;;;;;;;;;;;;;;;;
20180328;6;5;5;0;10;0;2;6;10;6;10;10;0;1;4;10;1;4;6;6;10;3;8;6;10;1;10;6;10;8;6;4;9;0;10;office-seeking;office-seeking;office-seeking;não sei;;office-seeking;;vote-seeking;office-seeking;office-seeking;;;office-seeking;vote-seeking;office-seeking;;não sei;office-seeking;não sei;não sei;;office-seeking;;não sei;não sei;não sei;;office-seeking;office-seeking;não sei;office-seeking;policy-seeking;office-seeking;não sei;;;;;;;;;;;;;;;;;;;;;;;;;;;;;;;;;;;;;;;;;;;;;;;;;;;;;;;;;;;;;;;;;
20180329;7;7;4;2;8;3;4;8;;9;5;8;6;6;6;9;0;1;5;6;6;1;5;7;6;2;7;6;4;9;5;6;7;5;5;office-seeking;vote-seeking;policy-seeking;policy-seeking;policy-seeking;policy-seeking;vote-seeking;vote-seeking;office-seeking;vote-seeking;office-seeking;office-seeking;vote-seeking;vote-seeking;office-seeking;vote-seeking;policy-seeking;policy-seeking;office-seeking;office-seeking;policy-seeking;policy-seeking;vote-seeking;office-seeking;office-seeking;policy-seeking;office-seeking;office-seeking;policy-seeking;office-seeking;office-seeking;office-seeking;policy-seeking;vote-seeking;office-seeking;;;;;;;;;;;;;;;;;;;;;;;;;;;;;;;;;;;;;;;;;;;;;;;;;;;;;;;;;;;;;;;;
20180330;8;8;3;3;9;3;5;8;9;8;8;;;6;7;8;0;0;9;;9;0;6;8;7;1;8;9;10;10;8;;5;;;office-seeking;office-seeking;vote-seeking;vote-seeking;policy-seeking;vote-seeking;vote-seeking;vote-seeking;office-seeking;office-seeking;office-seeking;office-seeking;não sei;office-seeking;office-seeking;office-seeking;policy-seeking;policy-seeking;não sei;não sei;office-seeking;policy-seeking;não sei;não sei;office-seeking;policy-seeking;office-seeking;office-seeking;não sei;office-seeking;não sei;não sei;não sei;vote-seeking;;;;;;;;;;;;;;;;;;;;;;;;;;;;;;;;;;;;;;;;;;;;;;;;;;;;;;;;;;;;;;;;;
20180331;8;9;4;2;9;0;8;7;10;10;9;9;8;6;8;9;0;0;9;8;8;0;9;10;8;0;9;7;;9;7;9;6;2;8;policy-seeking;office-seeking;office-seeking;policy-seeking;vote-seeking;vote-seeking;office-seeking;policy-seeking;vote-seeking;office-seeking;vote-seeking;vote-seeking;office-seeking;vote-seeking;vote-seeking;policy-seeking;vote-seeking;vote-seeking;vote-seeking;vote-seeking;vote-seeking;vote-seeking;vote-seeking;vote-seeking;office-seeking;não sei;office-seeking;policy-seeking;vote-seeking;vote-seeking;não sei;office-seeking;vote-seeking;office-seeking;vote-seeking;;;;;;;;;;;;;;;;;;;;;;;;;;;;;;;;;;;;;;;;;;;;;;;;;;;;;;;;;;;;;;;;
20180332;9;10;3;3;10;1;;9;7;8;7;9;8;;7;9;1;4;8;7;9;0;7;8;10;2;8;9;9;10;9;7;7;5;7;office-seeking;office-seeking;policy-seeking;policy-seeking;office-seeking;policy-seeking;office-seeking;policy-seeking;office-seeking;office-seeking;office-seeking;office-seeking;office-seeking;office-seeking;office-seeking;vote-seeking;policy-seeking;não sei;office-seeking;office-seeking;office-seeking;policy-seeking;office-seeking;office-seeking;office-seeking;policy-seeking;office-seeking;office-seeking;não sei;office-seeking;office-seeking;office-seeking;não sei;não sei;não sei;;;;;;;;;;;;;;;;;;;;;;;;;;;;;;;;;;;;;;;;;;;;;;;;;;;;;;;;;;;;;;;;
20180333;9;4;4;4;10;0;4;10;7;6;7;6;4;9;9;8;0;2;9;10;6;3;10;7;10;2;10;10;10;10;8;10;10;7;10;office-seeking;office-seeking;vote-seeking;vote-seeking;vote-seeking;policy-seeking;vote-seeking;vote-seeking;office-seeking;office-seeking;office-seeking;office-seeking;office-seeking;office-seeking;office-seeking;office-seeking;policy-seeking;policy-seeking;office-seeking;office-seeking;office-seeking;office-seeking;office-seeking;office-seeking;office-seeking;policy-seeking;office-seeking;office-seeking;office-seeking;office-seeking;office-seeking;office-seeking;office-seeking;policy-seeking;office-seeking;;;;;;;;;;;;;;;;;;;;;;;;;;;;;;;;;;;;;;;;;;;;;;;;;;;;;;;;;;;;;;;;
20180334;5;4;2;2;9;2;4;7;4;10;6;6;4;6;2;6;0;1;5;6;7;2;6;6;5;0;7;5;8;6;5;5;5;5;7;office-seeking;office-seeking;office-seeking;policy-seeking;office-seeking;policy-seeking;não sei;policy-seeking;não sei;não sei;não sei;não sei;não sei;não sei;não sei;policy-seeking;policy-seeking;não sei;não sei;não sei;não sei;não sei;não sei;não sei;não sei;policy-seeking;office-seeking;não sei;não sei;não sei;não sei;não sei;não sei;não sei;não sei;;;;;;;;;;;;;;;;;;;;;;;;;;;;;;;;;;;;;;;;;;;;;;;;;;;;;;;;;;;;;;;;
20180335;9;2;3;3;10;0;3;10;8;10;4;8;1;3;4;7;1;0;3;2;8;0;8;8;8;1;8;8;7;7;10;3;3;3;3;não sei;não sei;não sei;não sei;não sei;não sei;não sei;não sei;não sei;não sei;não sei;não sei;não sei;não sei;não sei;não sei;não sei;não sei;não sei;não sei;não sei;não sei;não sei;não sei;não sei;não sei;não sei;não sei;não sei;não sei;não sei;não sei;não sei;não sei;não sei;;;;;;;;;;;;;;;;;;;;;;;;;;;;;;;;;;;;;;;;;;;;;;;;;;;;;;;;;;;;;;;;
20180336;8;10;5;3;10;3;8;10;10;10;8;10;10;6;10;10;0;0;8;10;10;0;8;10;10;0;10;10;8;10;10;8;10;4;10;office-seeking;vote-seeking;vote-seeking;vote-seeking;vote-seeking;office-seeking;office-seeking;vote-seeking;office-seeking;office-seeking;office-seeking;office-seeking;vote-seeking;policy-seeking;office-seeking;vote-seeking;policy-seeking;policy-seeking;office-seeking;office-seeking;office-seeking;policy-seeking;vote-seeking;office-seeking;office-seeking;policy-seeking;office-seeking;office-seeking;office-seeking;office-seeking;office-seeking;vote-seeking;office-seeking;vote-seeking;office-seeking;;;;;;;;;;;;;;;;;;;;;;;;;;;;;;;;;;;;;;;;;;;;;;;;;;;;;;;;;;;;;;;;
20180337;6;9;4;4;8;4;4;6;5;7;5;8;6;6;;9;0;0;;;9;0;6;8;6;1;5;7;;;6;7;7;6;;vote-seeking;office-seeking;vote-seeking;vote-seeking;vote-seeking;office-seeking;vote-seeking;policy-seeking;não sei;office-seeking;não sei;office-seeking;office-seeking;office-seeking;não sei;vote-seeking;policy-seeking;policy-seeking;office-seeking;não sei;office-seeking;policy-seeking;office-seeking;office-seeking;office-seeking;policy-seeking;não sei;não sei;não sei;não sei;office-seeking;office-seeking;policy-seeking;office-seeking;não sei;;;;;;;;;;;;;;;;;;;;;;;;;;;;;;;;;;;;;;;;;;;;;;;;;;;;;;;;;;;;;;;;
20180338;8;9;3;2;10;1;4;6;;;;;6;4;5;;1;1;;;;0;;;;2;;;;;;;;6;;office-seeking;office-seeking;policy-seeking;vote-seeking;office-seeking;policy-seeking;office-seeking;vote-seeking;não sei;não sei;não sei;não sei;office-seeking;policy-seeking;não sei;não sei;policy-seeking;policy-seeking;não sei;não sei;não sei;policy-seeking;não sei;não sei;não sei;policy-seeking;não sei;não sei;não sei;não sei;não sei;não sei;não sei;vote-seeking;não sei;;;;;;;;;;;;;;;;;;;;;;;;;;;;;;;;;;;;;;;;;;;;;;;;;;;;;;;;;;;;;;;;
20180339;7;8;3;1;9;2;4;6;8;7;7;8;7;5;7;7;0;0;8;8;7;0;8;7;8;3;8;6;4;9;6;7;10;4;7;office-seeking;office-seeking;policy-seeking;policy-seeking;policy-seeking;policy-seeking;policy-seeking;policy-seeking;office-seeking;office-seeking;office-seeking;office-seeking;policy-seeking;policy-seeking;office-seeking;office-seeking;policy-seeking;policy-seeking;policy-seeking;office-seeking;office-seeking;policy-seeking;office-seeking;office-seeking;vote-seeking;policy-seeking;office-seeking;office-seeking;policy-seeking;vote-seeking;office-seeking;office-seeking;policy-seeking;policy-seeking;office-seeking;;;;;;;;;;;;;;;;;;;;;;;;;;;;;;;;;;;;;;;;;;;;;;;;;;;;;;;;;;;;;;;;
20180340;6;8;4;4;7;4;4;6;7;8;7;8;6;6;7;8;1;4;8;7;8;1;8;8;7;3;6;7;10;10;7;7;8;6;7;office-seeking;office-seeking;office-seeking;policy-seeking;office-seeking;office-seeking;office-seeking;policy-seeking;vote-seeking;vote-seeking;office-seeking;vote-seeking;office-seeking;vote-seeking;vote-seeking;vote-seeking;policy-seeking;policy-seeking;vote-seeking;vote-seeking;vote-seeking;policy-seeking;vote-seeking;vote-seeking;vote-seeking;policy-seeking;vote-seeking;vote-seeking;policy-seeking;office-seeking;vote-seeking;vote-seeking;vote-seeking;policy-seeking;vote-seeking;;;;;;;;;;;;;;;;;;;;;;;;;;;;;;;;;;;;;;;;;;;;;;;;;;;;;;;;;;;;;;;;
20180341;6;6;4;3;8;4;5;7;9;9;;7;5;7;8;10;0;0;8;7;8;0;7;8;9;2;;7;9;10;8;7;8;;7;vote-seeking;office-seeking;vote-seeking;policy-seeking;policy-seeking;policy-seeking;vote-seeking;policy-seeking;não sei;policy-seeking;office-seeking;office-seeking;policy-seeking;office-seeking;office-seeking;vote-seeking;policy-seeking;policy-seeking;office-seeking;office-seeking;office-seeking;policy-seeking;office-seeking;office-seeking;office-seeking;policy-seeking;vote-seeking;vote-seeking;office-seeking;office-seeking;office-seeking;office-seeking;policy-seeking;não sei;office-seeking;;;;;;;;;;;;;;;;;;;;;;;;;;;;;;;;;;;;;;;;;;;;;;;;;;;;;;;;;;;;;;;;
20180342;7;7;4;3;10;4;4;6;9;9;8;9;8;7;9;10;0;0;9;7;10;0;8;10;9;2;8;8;10;10;7;6;10;;7;vote-seeking;office-seeking;office-seeking;policy-seeking;policy-seeking;policy-seeking;vote-seeking;policy-seeking;office-seeking;vote-seeking;office-seeking;office-seeking;office-seeking;vote-seeking;office-seeking;office-seeking;policy-seeking;policy-seeking;office-seeking;office-seeking;office-seeking;policy-seeking;office-seeking;office-seeking;vote-seeking;policy-seeking;office-seeking;office-seeking;office-seeking;office-seeking;office-seeking;office-seeking;policy-seeking;policy-seeking;office-seeking;;;;;;;;;;;;;;;;;;;;;;;;;;;;;;;;;;;;;;;;;;;;;;;;;;;;;;;;;;;;;;;;
20180343;6;6;4;4;9;3;4;7;8;9;5;6;6;7;4;10;0;0;9;7;8;0;8;10;7;1;5;6;10;10;4;6;9;3;7;vote-seeking;vote-seeking;vote-seeking;policy-seeking;policy-seeking;policy-seeking;vote-seeking;policy-seeking;office-seeking;office-seeking;office-seeking;office-seeking;policy-seeking;policy-seeking;office-seeking;office-seeking;policy-seeking;policy-seeking;office-seeking;office-seeking;office-seeking;policy-seeking;office-seeking;office-seeking;office-seeking;policy-seeking;vote-seeking;vote-seeking;office-seeking;policy-seeking;vote-seeking;vote-seeking;policy-seeking;policy-seeking;office-seeking;;;;;;;;;;;;;;;;;;;;;;;;;;;;;;;;;;;;;;;;;;;;;;;;;;;;;;;;;;;;;;;;
20180344;9;3;6;4;9;0;6;9;10;8;8;10;3;7;3;8;0;1;6;4;10;1;4;6;10;1;8;8;10;9;8;4;;7;;office-seeking;vote-seeking;vote-seeking;office-seeking;office-seeking;policy-seeking;office-seeking;office-seeking;policy-seeking;policy-seeking;policy-seeking;vote-seeking;policy-seeking;office-seeking;vote-seeking;policy-seeking;policy-seeking;policy-seeking;vote-seeking;vote-seeking;policy-seeking;policy-seeking;vote-seeking;vote-seeking;office-seeking;policy-seeking;vote-seeking;vote-seeking;policy-seeking;vote-seeking;policy-seeking;vote-seeking;vote-seeking;vote-seeking;vote-seeking;;;;;;;;;;;;;;;;;;;;;;;;;;;;;;;;;;;;;;;;;;;;;;;;;;;;;;;;;;;;;;;;
20180345;7;4;4;3;6;1;4;7;9;10;5;7;1;;4;8;0;0;5;9;10;0;8;;6;1;5;;10;10;9;8;7;5;;policy-seeking;office-seeking;office-seeking;policy-seeking;policy-seeking;office-seeking;policy-seeking;policy-seeking;office-seeking;office-seeking;não sei;não sei;não sei;policy-seeking;não sei;office-seeking;policy-seeking;policy-seeking;office-seeking;não sei;office-seeking;policy-seeking;não sei;office-seeking;office-seeking;policy-seeking;office-seeking;office-seeking;office-seeking;não sei;não sei;office-seeking;office-seeking;policy-seeking;não sei;;;;;;;;;;;;;;;;;;;;;;;;;;;;;;;;;;;;;;;;;;;;;;;;;;;;;;;;;;;;;;;;
20180346;6;7;4;3;9;4;6;7;7;8;6;8;6;6;7;8;0;1;7;;9;0;7;7;7;2;9;6;10;7;8;6;10;5;7;;;;;;;;;;;;;;;;;;;;;;;;;;;;;;;;;;;;;;;;;;;;;;;;;;;;;;;;;;;;;;;;;;;;;;;;;;;;;;;;;;;;;;;;;;;;;;;;;;;
20180347;9;4;4;4;8;2;4;9;4;6;4;6;3;4;4;8;2;2;4;4;7;4;4;4;8;3;6;7;4;7;3;4;9;4;4;;;;;;;;;;;;;;;;;;;;;;;;;;;;;;;;;;;;;;;;;;;;;;;;;;;;;;;;;;;;;;;;;;;;;;;;;;;;;;;;;;;;;;;;;;;;;;;;;;;
20180348;;;;5;;;;;;;;;;;;;;;;;;;;;;;;;;;;;;;;office-seeking;não sei;não sei;vote-seeking;office-seeking;não sei;não sei;office-seeking;não sei;não sei;não sei;não sei;policy-seeking;policy-seeking;não sei;não sei;não sei;não sei;policy-seeking;não sei;não sei;não sei;policy-seeking;não sei;não sei;não sei;policy-seeking;office-seeking;não sei;não sei;policy-seeking;não sei;policy-seeking;policy-seeking;não sei;;;;;;;;;;;;;;;;;;;;;;;;;;;;;;;;;;;;;;;;;;;;;;;;;;;;;;;;;;;;;;;;
20180349;5;7;4;4;9;2;4;5;7;7;6;7;4;4;7;8;0;0;7;7;10;0;4;6;6;1;9;5;8;5;6;6;5;4;5;office-seeking;office-seeking;policy-seeking;vote-seeking;vote-seeking;office-seeking;policy-seeking;vote-seeking;office-seeking;policy-seeking;office-seeking;office-seeking;policy-seeking;policy-seeking;office-seeking;vote-seeking;policy-seeking;policy-seeking;office-seeking;office-seeking;office-seeking;policy-seeking;policy-seeking;office-seeking;office-seeking;policy-seeking;office-seeking;office-seeking;office-seeking;office-seeking;office-seeking;office-seeking;policy-seeking;vote-seeking;policy-seeking;;;;;;;;;;;;;;;;;;;;;;;;;;;;;;;;;;;;;;;;;;;;;;;;;;;;;;;;;;;;;;;;
20180350;6;4;4;4;8;4;4;7;7;9;6;6;7;6;6;6;1;1;8;8;8;0;6;6;7;2;6;6;8;8;6;7;8;;8;vote-seeking;vote-seeking;policy-seeking;policy-seeking;policy-seeking;policy-seeking;policy-seeking;policy-seeking;office-seeking;vote-seeking;office-seeking;não sei;vote-seeking;vote-seeking;não sei;office-seeking;policy-seeking;policy-seeking;não sei;não sei;office-seeking;policy-seeking;não sei;office-seeking;não sei;policy-seeking;office-seeking;não sei;office-seeking;office-seeking;office-seeking;office-seeking;policy-seeking;vote-seeking;não sei;;;;;;;;;;;;;;;;;;;;;;;;;;;;;;;;;;;;;;;;;;;;;;;;;;;;;;;;;;;;;;;;
20180351;10;1;3;6;10;0;4;9;10;7;6;8;2;7;3;8;0;0;3;7;10;2;5;7;8;4;10;10;7;7;8;6;7;6;10;office-seeking;não sei;não sei;vote-seeking;office-seeking;policy-seeking;não sei;vote-seeking;office-seeking;office-seeking;não sei;não sei;não sei;office-seeking;policy-seeking;office-seeking;policy-seeking;vote-seeking;não sei;office-seeking;não sei;não sei;policy-seeking;não sei;não sei;policy-seeking;office-seeking;office-seeking;não sei;office-seeking;não sei;não sei;vote-seeking;policy-seeking;office-seeking;;;;;;;;;;;;;;;;;;;;;;;;;;;;;;;;;;;;;;;;;;;;;;;;;;;;;;;;;;;;;;;;
20180352;7;5;3;1;8;1;7;9;9;10;8;7;8;8;9;10;1;0;9;10;8;0;6;8;;4;9;7;2;8;8;8;10;5;8;office-seeking;office-seeking;office-seeking;policy-seeking;office-seeking;vote-seeking;office-seeking;office-seeking;office-seeking;office-seeking;office-seeking;office-seeking;office-seeking;office-seeking;office-seeking;office-seeking;policy-seeking;policy-seeking;office-seeking;office-seeking;office-seeking;policy-seeking;office-seeking;office-seeking;office-seeking;policy-seeking;office-seeking;office-seeking;policy-seeking;office-seeking;office-seeking;office-seeking;policy-seeking;policy-seeking;office-seeking;;;;;;;;;;;;;;;;;;;;;;;;;;;;;;;;;;;;;;;;;;;;;;;;;;;;;;;;;;;;;;;;
20180353;8;7;2;1;9;1;3;8;8;9;4;7;4;3;6;10;0;1;7;3;9;0;;7;8;0;9;10;3;7;7;10;7;3;4;vote-seeking;vote-seeking;policy-seeking;policy-seeking;policy-seeking;policy-seeking;policy-seeking;policy-seeking;não sei;policy-seeking;não sei;não sei;office-seeking;vote-seeking;não sei;policy-seeking;policy-seeking;policy-seeking;office-seeking;vote-seeking;policy-seeking;policy-seeking;não sei;vote-seeking;policy-seeking;policy-seeking;policy-seeking;policy-seeking;não sei;não sei;não sei;policy-seeking;não sei;policy-seeking;não sei;;;;;;;;;;;;;;;;;;;;;;;;;;;;;;;;;;;;;;;;;;;;;;;;;;;;;;;;;;;;;;;;
20180354;7;;;3;8;2;;6;10;9;9;8;;6;6;7;0;0;10;7;8;0;8;10;8;1;9;8;;10;10;8;;;8;;;;;;;;;;;;;;;;;;;;;;;;;;;;;;;;;;;;;;;;;;;;;;;;;;;;;;;;;;;;;;;;;;;;;;;;;;;;;;;;;;;;;;;;;;;;;;;;;;;
20180355;5;9;1;1;8;1;2;5;9;10;9;9;5;7;9;;0;0;8;10;10;0;;10;10;0;10;10;9;10;10;5;9;5;5;office-seeking;office-seeking;vote-seeking;vote-seeking;office-seeking;policy-seeking;vote-seeking;vote-seeking;office-seeking;office-seeking;office-seeking;office-seeking;office-seeking;policy-seeking;office-seeking;office-seeking;policy-seeking;policy-seeking;office-seeking;office-seeking;office-seeking;office-seeking;office-seeking;;office-seeking;policy-seeking;office-seeking;office-seeking;office-seeking;office-seeking;office-seeking;office-seeking;office-seeking;vote-seeking;office-seeking;;;;;;;;;;;;;;;;;;;;;;;;;;;;;;;;;;;;;;;;;;;;;;;;;;;;;;;;;;;;;;;;
20180356;8;8;3;1;10;1;4;9;8;8;8;8;8;6;8;8;6;0;8;8;8;0;8;8;8;0;8;8;8;8;8;9;9;3;8;office-seeking;office-seeking;vote-seeking;vote-seeking;policy-seeking;policy-seeking;vote-seeking;vote-seeking;office-seeking;office-seeking;office-seeking;office-seeking;policy-seeking;policy-seeking;office-seeking;office-seeking;policy-seeking;policy-seeking;office-seeking;office-seeking;office-seeking;policy-seeking;office-seeking;office-seeking;office-seeking;policy-seeking;office-seeking;office-seeking;office-seeking;office-seeking;office-seeking;policy-seeking;policy-seeking;vote-seeking;office-seeking;;;;;;;;;;;;;;;;;;;;;;;;;;;;;;;;;;;;;;;;;;;;;;;;;;;;;;;;;;;;;;;;
20180357;;6;3;1;7;2;3;6;7;8;7;7;8;4;4;6;0;0;6;4;8;0;;7;7;0;6;6;7;8;6;4;6;4;4;vote-seeking;vote-seeking;office-seeking;office-seeking;office-seeking;office-seeking;office-seeking;office-seeking;vote-seeking;vote-seeking;vote-seeking;vote-seeking;vote-seeking;vote-seeking;vote-seeking;vote-seeking;policy-seeking;office-seeking;vote-seeking;vote-seeking;vote-seeking;policy-seeking;vote-seeking;vote-seeking;vote-seeking;office-seeking;vote-seeking;vote-seeking;vote-seeking;vote-seeking;vote-seeking;vote-seeking;policy-seeking;policy-seeking;vote-seeking;;;;;;;;;;;;;;;;;;;;;;;;;;;;;;;;;;;;;;;;;;;;;;;;;;;;;;;;;;;;;;;;
20180358;9;4;5;3;9;1;5;7;9;6;8;7;4;4;4;10;1;1;6;7;8;3;6;7;9;0;9;7;9;9;7;7;8;4;7;office-seeking;não sei;não sei;office-seeking;vote-seeking;policy-seeking;não sei;policy-seeking;não sei;não sei;não sei;não sei;não sei;office-seeking;não sei;office-seeking;policy-seeking;não sei;não sei;não sei;não sei;policy-seeking;não sei;não sei;não sei;policy-seeking;não sei;não sei;não sei;não sei;não sei;vote-seeking;office-seeking;office-seeking;vote-seeking;;;;;;;;;;;;;;;;;;;;;;;;;;;;;;;;;;;;;;;;;;;;;;;;;;;;;;;;;;;;;;;;
20180359;;;4;3;7;0;3;6;10;10;;8;3;;3;7;0;0;8;;9;0;;10;5;0;10;;10;10;;;7;3;;office-seeking;office-seeking;office-seeking;policy-seeking;office-seeking;vote-seeking;office-seeking;policy-seeking;não sei;não sei;vote-seeking;não sei;policy-seeking;policy-seeking;não sei;vote-seeking;vote-seeking;vote-seeking;vote-seeking;vote-seeking;não sei;vote-seeking;office-seeking;vote-seeking;vote-seeking;policy-seeking;vote-seeking;policy-seeking;vote-seeking;não sei;vote-seeking;policy-seeking;não sei;office-seeking;não sei;;;;;;;;;;;;;;;;;;;;;;;;;;;;;;;;;;;;;;;;;;;;;;;;;;;;;;;;;;;;;;;;
20180360;5;6;3;3;7;3;4;5;8;8;5;7;4;4;;8;0;1;7;6;7;0;6;8;8;2;7;6;4;9;6;6;7;3;7;vote-seeking;office-seeking;vote-seeking;policy-seeking;policy-seeking;policy-seeking;policy-seeking;policy-seeking;office-seeking;office-seeking;office-seeking;office-seeking;policy-seeking;policy-seeking;office-seeking;vote-seeking;policy-seeking;policy-seeking;office-seeking;não sei;office-seeking;policy-seeking;não sei;office-seeking;office-seeking;policy-seeking;office-seeking;office-seeking;não sei;não sei;office-seeking;office-seeking;policy-seeking;policy-seeking;office-seeking;;;;;;;;;;;;;;;;;;;;;;;;;;;;;;;;;;;;;;;;;;;;;;;;;;;;;;;;;;;;;;;;
20180361;6;;;4;8;2;;6;5;7;;;;5;;6;1;1;;7;6;0;6;;6;2;6;;;6;;5;8;;;office-seeking;office-seeking;não sei;office-seeking;office-seeking;policy-seeking;não sei;vote-seeking;não sei;office-seeking;não sei;não sei;office-seeking;policy-seeking;não sei;office-seeking;vote-seeking;vote-seeking;não sei;vote-seeking;não sei;vote-seeking;não sei;não sei;office-seeking;policy-seeking;office-seeking;não sei;não sei;não sei;não sei;não sei;vote-seeking;policy-seeking;não sei;;;;;;;;;;;;;;;;;;;;;;;;;;;;;;;;;;;;;;;;;;;;;;;;;;;;;;;;;;;;;;;;
20180362;6;7;4;4;9;1;4;8;8;9;6;7;3;6;8;9;1;1;7;7;9;1;8;8;7;1;8;8;6;;8;9;9;6;8;;;;;;;;;;;;;;;;;;;;;;;;;;;;;;;;;;;;;;;;;;;;;;;;;;;;;;;;;;;;;;;;;;;;;;;;;;;;;;;;;;;;;;;;;;;;;;;;;;;
20180363;6;7;4;3;7;3;4;6;8;8;6;9;6;4;4;8;0;0;8;4;7;1;7;5;9;1;9;6;6;7;3;4;7;3;8;office-seeking;office-seeking;office-seeking;policy-seeking;policy-seeking;office-seeking;policy-seeking;vote-seeking;não sei;policy-seeking;não sei;não sei;policy-seeking;policy-seeking;não sei;office-seeking;policy-seeking;policy-seeking;policy-seeking;;policy-seeking;policy-seeking;office-seeking;não sei;não sei;policy-seeking;office-seeking;office-seeking;não sei;não sei;office-seeking;office-seeking;policy-seeking;policy-seeking;não sei;;;;;;;;;;;;;;;;;;;;;;;;;;;;;;;;;;;;;;;;;;;;;;;;;;;;;;;;;;;;;;;;
20180364;10;9;5;5;10;7;5;10;10;10;10;10;7;7;10;10;0;0;10;10;10;5;10;10;10;0;10;10;10;10;10;7;10;;7;vote-seeking;office-seeking;office-seeking;vote-seeking;office-seeking;office-seeking;office-seeking;policy-seeking;não sei;office-seeking;não sei;não sei;office-seeking;office-seeking;office-seeking;office-seeking;não sei;não sei;não sei;não sei;não sei;não sei;não sei;não sei;não sei;policy-seeking;não sei;não sei;não sei;não sei;não sei;policy-seeking;não sei;policy-seeking;não sei;;;;;;;;;;;;;;;;;;;;;;;;;;;;;;;;;;;;;;;;;;;;;;;;;;;;;;;;;;;;;;;;
20180365;6;6;4;3;8;4;5;7;7;8;8;7;4;;6;8;0;1;8;7;9;0;7;7;9;1;7;7;4;7;6;7;6;4;6;office-seeking;vote-seeking;vote-seeking;vote-seeking;office-seeking;office-seeking;office-seeking;vote-seeking;office-seeking;policy-seeking;office-seeking;office-seeking;vote-seeking;vote-seeking;office-seeking;office-seeking;policy-seeking;policy-seeking;vote-seeking;office-seeking;office-seeking;policy-seeking;office-seeking;office-seeking;office-seeking;policy-seeking;office-seeking;office-seeking;vote-seeking;office-seeking;vote-seeking;vote-seeking;vote-seeking;vote-seeking;office-seeking;;;;;;;;;;;;;;;;;;;;;;;;;;;;;;;;;;;;;;;;;;;;;;;;;;;;;;;;;;;;;;;;
20180366;6;8;;4;10;3;5;8;10;9;7;9;;7;9;10;2;2;9;10;9;2;9;8;9;3;9;9;9;10;6;8;10;6;;office-seeking;office-seeking;vote-seeking;policy-seeking;vote-seeking;policy-seeking;office-seeking;vote-seeking;não sei;vote-seeking;não sei;não sei;office-seeking;vote-seeking;office-seeking;office-seeking;policy-seeking;policy-seeking;não sei;office-seeking;não sei;policy-seeking;office-seeking;vote-seeking;vote-seeking;policy-seeking;office-seeking;office-seeking;não sei;office-seeking;office-seeking;office-seeking;policy-seeking;vote-seeking;office-seeking;;;;;;;;;;;;;;;;;;;;;;;;;;;;;;;;;;;;;;;;;;;;;;;;;;;;;;;;;;;;;;;;
20180367;5;6;4;4;8;2;4;6;8;8;8;8;5;5;7;7;1;1;8;8;8;1;8;8;8;3;8;6;10;9;8;5;8;5;8;office-seeking;office-seeking;office-seeking;policy-seeking;office-seeking;policy-seeking;office-seeking;policy-seeking;vote-seeking;vote-seeking;vote-seeking;vote-seeking;office-seeking;office-seeking;office-seeking;office-seeking;policy-seeking;policy-seeking;vote-seeking;vote-seeking;vote-seeking;policy-seeking;vote-seeking;vote-seeking;vote-seeking;policy-seeking;vote-seeking;office-seeking;vote-seeking;vote-seeking;vote-seeking;office-seeking;vote-seeking;office-seeking;vote-seeking;;;;;;;;;;;;;;;;;;;;;;;;;;;;;;;;;;;;;;;;;;;;;;;;;;;;;;;;;;;;;;;;
20180368;6;4;4;4;6;3;;6;7;6;;;3;6;4;;3;1;;;7;3;6;6;;3;6;5;9;9;;;6;;;;;;;;;;;;;;;;;;;;;;;;;;;;;;;;;;;;;;;;;;;;;;;;;;;;;;;;;;;;;;;;;;;;;;;;;;;;;;;;;;;;;;;;;;;;;;;;;;;;;
20180369;7;7;4;1;9;2;5;6;8;9;6;7;6;5;7;8;0;0;10;5;8;0;7;8;7;0;6;7;5;10;5;6;8;5;6;office-seeking;office-seeking;vote-seeking;policy-seeking;vote-seeking;policy-seeking;vote-seeking;vote-seeking;vote-seeking;office-seeking;vote-seeking;office-seeking;vote-seeking;vote-seeking;office-seeking;office-seeking;policy-seeking;policy-seeking;vote-seeking;vote-seeking;office-seeking;policy-seeking;office-seeking;office-seeking;office-seeking;policy-seeking;office-seeking;office-seeking;policy-seeking;vote-seeking;office-seeking;office-seeking;vote-seeking;vote-seeking;office-seeking;;;;;;;;;;;;;;;;;;;;;;;;;;;;;;;;;;;;;;;;;;;;;;;;;;;;;;;;;;;;;;;;
20180370;;2;3;3;10;0;3;8;8;10;8;8;7;2;8;8;0;0;8;8;10;0;10;8;8;0;7;3;10;10;8;8;10;3;8;vote-seeking;office-seeking;vote-seeking;vote-seeking;vote-seeking;vote-seeking;vote-seeking;vote-seeking;office-seeking;office-seeking;office-seeking;office-seeking;vote-seeking;vote-seeking;office-seeking;office-seeking;policy-seeking;policy-seeking;office-seeking;office-seeking;office-seeking;policy-seeking;vote-seeking;office-seeking;office-seeking;policy-seeking;office-seeking;office-seeking;office-seeking;office-seeking;vote-seeking;vote-seeking;vote-seeking;policy-seeking;office-seeking;;;;;;;;;;;;;;;;;;;;;;;;;;;;;;;;;;;;;;;;;;;;;;;;;;;;;;;;;;;;;;;;
20180371;6;5;4;2;8;1;6;8;9;10;8;9;6;6;6;5;0;0;6;9;10;0;9;10;9;1;6;10;10;10;10;9;9;4;10;;;;;;;;;;;;;;;;;;;;;;;;;;;;;;;;;;;;;;;;;;;;;;;;;;;;;;;;;;;;;;;;;;;;;;;;;;;;;;;;;;;;;;;;;;;;;;;;;;;
20180372;6;5;3;3;8;1;3;4;8;9;4;7;4;5;6;8;0;0;7;5;6;0;6;6;8;1;8;6;4;8;6;5;8;4;6;vote-seeking;office-seeking;office-seeking;policy-seeking;policy-seeking;office-seeking;policy-seeking;policy-seeking;office-seeking;office-seeking;office-seeking;office-seeking;policy-seeking;policy-seeking;office-seeking;vote-seeking;policy-seeking;policy-seeking;office-seeking;office-seeking;office-seeking;policy-seeking;vote-seeking;office-seeking;office-seeking;policy-seeking;vote-seeking;vote-seeking;office-seeking;vote-seeking;office-seeking;office-seeking;vote-seeking;policy-seeking;não sei;;;;;;;;;;;;;;;;;;;;;;;;;;;;;;;;;;;;;;;;;;;;;;;;;;;;;;;;;;;;;;;;
20180373;8;8;3;3;8;2;5;7;10;10;7;8;5;5;7;7;0;0;8;8;10;0;7;8;7;1;7;8;8;8;8;7;6;5;6;vote-seeking;vote-seeking;policy-seeking;policy-seeking;vote-seeking;policy-seeking;office-seeking;policy-seeking;office-seeking;office-seeking;office-seeking;office-seeking;office-seeking;office-seeking;office-seeking;vote-seeking;policy-seeking;policy-seeking;office-seeking;office-seeking;office-seeking;policy-seeking;office-seeking;office-seeking;office-seeking;policy-seeking;office-seeking;office-seeking;office-seeking;office-seeking;office-seeking;office-seeking;office-seeking;office-seeking;office-seeking;;;;;;;;;;;;;;;;;;;;;;;;;;;;;;;;;;;;;;;;;;;;;;;;;;;;;;;;;;;;;;;;
20180374;7;5;4;3;8;0;4;10;7;10;7;8;3;6;4;10;0;0;9;7;10;0;8;9;7;0;10;10;9;9;6;9;6;6;8;office-seeking;vote-seeking;office-seeking;vote-seeking;office-seeking;policy-seeking;office-seeking;vote-seeking;não sei;não sei;office-seeking;vote-seeking;office-seeking;office-seeking;vote-seeking;vote-seeking;policy-seeking;policy-seeking;não sei;não sei;não sei;policy-seeking;vote-seeking;vote-seeking;office-seeking;policy-seeking;office-seeking;office-seeking;não sei;vote-seeking;vote-seeking;office-seeking;vote-seeking;vote-seeking;vote-seeking;;;;;;;;;;;;;;;;;;;;;;;;;;;;;;;;;;;;;;;;;;;;;;;;;;;;;;;;;;;;;;;;
20180375;10;10;10;0;10;0;10;10;10;10;10;10;8;9;10;10;1;0;10;0;10;0;10;10;10;1;10;10;10;10;10;10;10;10;10;não sei;policy-seeking;policy-seeking;não sei;policy-seeking;office-seeking;policy-seeking;não sei;policy-seeking;policy-seeking;policy-seeking;office-seeking;não sei;policy-seeking;policy-seeking;não sei;office-seeking;office-seeking;policy-seeking;policy-seeking;não sei;policy-seeking;não sei;office-seeking;policy-seeking;office-seeking;policy-seeking;;office-seeking;policy-seeking;não sei;não sei;policy-seeking;policy-seeking;;;;;;;;;;;;;;;;;;;;;;;;;;;;;;;;;;;;;;;;;;;;;;;;;;;;;;;;;;;;;;;;;
20180376;7;4;4;3;7;2;4;6;7;7;8;8;4;4;4;8;0;2;7;7;7;0;7;8;7;0;8;6;10;10;10;6;8;4;8;office-seeking;office-seeking;office-seeking;policy-seeking;office-seeking;policy-seeking;office-seeking;policy-seeking;não sei;vote-seeking;vote-seeking;vote-seeking;office-seeking;office-seeking;office-seeking;vote-seeking;não sei;policy-seeking;vote-seeking;vote-seeking;não sei;não sei;vote-seeking;vote-seeking;vote-seeking;policy-seeking;vote-seeking;office-seeking;não sei;vote-seeking;vote-seeking;vote-seeking;policy-seeking;policy-seeking;vote-seeking;;;;;;;;;;;;;;;;;;;;;;;;;;;;;;;;;;;;;;;;;;;;;;;;;;;;;;;;;;;;;;;;
20180377;8;9;3;3;9;3;4;7;10;8;8;8;2;4;10;9;2;0;8;10;10;2;8;10;8;2;10;8;8;10;10;8;8;6;10;vote-seeking;office-seeking;policy-seeking;vote-seeking;office-seeking;policy-seeking;não sei;policy-seeking;não sei;vote-seeking;não sei;não sei;não sei;vote-seeking;não sei;office-seeking;policy-seeking;policy-seeking;não sei;não sei;não sei;não sei;não sei;não sei;não sei;policy-seeking;não sei;não sei;não sei;não sei;não sei;não sei;não sei;não sei;não sei;;;;;;;;;;;;;;;;;;;;;;;;;;;;;;;;;;;;;;;;;;;;;;;;;;;;;;;;;;;;;;;;
20180378;6;8;5;4;8;4;;6;8;8;6;8;7;6;6;8;0;0;;;8;0;8;7;7;1;7;8;8;8;7;7;8;6;;office-seeking;office-seeking;vote-seeking;vote-seeking;office-seeking;policy-seeking;vote-seeking;vote-seeking;não sei;office-seeking;não sei;não sei;office-seeking;office-seeking;office-seeking;vote-seeking;policy-seeking;policy-seeking;não sei;não sei;office-seeking;policy-seeking;não sei;office-seeking;não sei;policy-seeking;office-seeking;;;office-seeking;não sei;office-seeking;policy-seeking;vote-seeking;não sei;;;;;;;;;;;;;;;;;;;;;;;;;;;;;;;;;;;;;;;;;;;;;;;;;;;;;;;;;;;;;;;;
20180379;8;6;4;4;7;1;4;7;6;10;7;7;0;3;6;7;0;0;6;6;4;0;10;6;10;1;6;6;10;10;10;6;10;3;10;vote-seeking;office-seeking;office-seeking;vote-seeking;vote-seeking;policy-seeking;vote-seeking;vote-seeking;office-seeking;office-seeking;office-seeking;office-seeking;office-seeking;vote-seeking;vote-seeking;office-seeking;policy-seeking;policy-seeking;vote-seeking;office-seeking;office-seeking;policy-seeking;office-seeking;vote-seeking;office-seeking;policy-seeking;office-seeking;office-seeking;office-seeking;office-seeking;office-seeking;vote-seeking;office-seeking;policy-seeking;office-seeking;;;;;;;;;;;;;;;;;;;;;;;;;;;;;;;;;;;;;;;;;;;;;;;;;;;;;;;;;;;;;;;;
20180380;9;2;9;4;8;1;1;7;9;9;3;8;1;6;4;8;1;0;8;6;9;0;4;6;6;1;7;7;8;8;9;4;6;4;8;;;;;;;;;;;;;;;;;;;;;;;;;;;;;;;;;;;;;;;;;;;;;;;;;;;;;;;;;;;;;;;;;;;;;;;;;;;;;;;;;;;;;;;;;;;;;;;;;;;
20180381;7;7;4;3;8;2;;7;8;8;7;8;5;6;6;9;0;1;8;;8;0;8;8;8;2;9;7;9;10;;6;9;;;office-seeking;office-seeking;office-seeking;policy-seeking;policy-seeking;policy-seeking;policy-seeking;policy-seeking;não sei;policy-seeking;não sei;não sei;policy-seeking;office-seeking;não sei;office-seeking;policy-seeking;policy-seeking;não sei;não sei;policy-seeking;policy-seeking;não sei;policy-seeking;office-seeking;policy-seeking;não sei;office-seeking;policy-seeking;policy-seeking;não sei;office-seeking;policy-seeking;policy-seeking;não sei;;;;;;;;;;;;;;;;;;;;;;;;;;;;;;;;;;;;;;;;;;;;;;;;;;;;;;;;;;;;;;;;
20180382;6;6;4;4;7;3;4;6;7;7;;6;6;;6;8;0;2;7;;8;1;6;9;6;2;6;7;5;7;6;6;6;5;6;;;;;;;;;;;;;;;;;;;;;;;;;;;;;;;;;;;;;;;;;;;;;;;;;;;;;;;;;;;;;;;;;;;;;;;;;;;;;;;;;;;;;;;;;;;;;;;;;;;
20180383;9;9;4;3;9;2;4;7;9;10;8;9;7;7;10;9;1;0;9;9;9;2;10;9;9;1;9;9;10;10;10;8;9;6;9;;;;;;;;;;;;;;;;;;;;;;;;;;;;;;;;;;;;;;;;;;;;;;;;;;;;;;;;;;;;;;;;;;;;;;;;;;;;;;;;;;;;;;;;;;;;;;;;;;;
20180384;5;4;4;4;7;4;4;6;8;9;1;7;3;4;4;6;0;0;7;7;8;0;5;7;8;0;7;6;0;8;5;4;7;5;3;office-seeking;office-seeking;office-seeking;policy-seeking;office-seeking;office-seeking;office-seeking;office-seeking;não sei;vote-seeking;office-seeking;não sei;vote-seeking;policy-seeking;não sei;office-seeking;policy-seeking;policy-seeking;vote-seeking;office-seeking;office-seeking;policy-seeking;vote-seeking;office-seeking;vote-seeking;policy-seeking;office-seeking;office-seeking;não sei;não sei;office-seeking;office-seeking;vote-seeking;vote-seeking;policy-seeking;;;;;;;;;;;;;;;;;;;;;;;;;;;;;;;;;;;;;;;;;;;;;;;;;;;;;;;;;;;;;;;;
20180385;7;5;4;3;7;3;3;8;7;8;5;7;3;5;4;7;4;2;8;7;8;1;5;7;8;1;8;8;9;8;7;8;8;5;6;vote-seeking;office-seeking;policy-seeking;policy-seeking;vote-seeking;policy-seeking;policy-seeking;policy-seeking;não sei;office-seeking;office-seeking;não sei;não sei;policy-seeking;não sei;office-seeking;não sei;policy-seeking;office-seeking;office-seeking;office-seeking;policy-seeking;office-seeking;office-seeking;vote-seeking;policy-seeking;office-seeking;office-seeking;não sei;vote-seeking;office-seeking;vote-seeking;vote-seeking;vote-seeking;vote-seeking;;;;;;;;;;;;;;;;;;;;;;;;;;;;;;;;;;;;;;;;;;;;;;;;;;;;;;;;;;;;;;;;
20180386;10;10;0;0;10;0;;10;10;10;10;10;10;;10;10;0;0;10;10;10;0;10;10;10;0;10;10;0;10;10;10;10;5;10;office-seeking;vote-seeking;policy-seeking;policy-seeking;policy-seeking;policy-seeking;não sei;policy-seeking;não sei;vote-seeking;não sei;não sei;vote-seeking;office-seeking;não sei;office-seeking;policy-seeking;policy-seeking;não sei;não sei;não sei;policy-seeking;não sei;vote-seeking;policy-seeking;policy-seeking;não sei;vote-seeking;policy-seeking;não sei;office-seeking;vote-seeking;policy-seeking;policy-seeking;vote-seeking;;;;;;;;;;;;;;;;;;;;;;;;;;;;;;;;;;;;;;;;;;;;;;;;;;;;;;;;;;;;;;;;
20180387;8;8;4;3;9;2;4;6;8;10;7;8;6;5;8;8;0;0;8;8;8;0;8;10;8;1;7;6;5;9;6;7;10;5;8;office-seeking;office-seeking;office-seeking;policy-seeking;office-seeking;office-seeking;office-seeking;policy-seeking;vote-seeking;office-seeking;vote-seeking;vote-seeking;office-seeking;office-seeking;vote-seeking;office-seeking;policy-seeking;policy-seeking;vote-seeking;vote-seeking;vote-seeking;policy-seeking;vote-seeking;vote-seeking;office-seeking;policy-seeking;office-seeking;office-seeking;vote-seeking;vote-seeking;office-seeking;vote-seeking;policy-seeking;policy-seeking;vote-seeking;;;;;;;;;;;;;;;;;;;;;;;;;;;;;;;;;;;;;;;;;;;;;;;;;;;;;;;;;;;;;;;;
20180388;10;8;4;2;8;1;6;10;9;8;8;8;4;4;9;10;0;1;9;7;8;4;9;9;8;0;7;8;8;10;8;4;8;6;10;office-seeking;office-seeking;policy-seeking;não sei;não sei;policy-seeking;office-seeking;não sei;não sei;não sei;não sei;não sei;não sei;não sei;não sei;office-seeking;policy-seeking;policy-seeking;não sei;não sei;não sei;não sei;não sei;não sei;não sei;policy-seeking;vote-seeking;não sei;não sei;não sei;não sei;não sei;não sei;não sei;vote-seeking;;;;;;;;;;;;;;;;;;;;;;;;;;;;;;;;;;;;;;;;;;;;;;;;;;;;;;;;;;;;;;;;
20180389;7;2;4;4;6;0;0;6;7;10;0;10;;2;6;7;0;0;6;0;10;0;10;10;8;0;10;6;10;8;10;4;10;2;8;office-seeking;office-seeking;office-seeking;policy-seeking;office-seeking;policy-seeking;policy-seeking;office-seeking;office-seeking;office-seeking;não sei;vote-seeking;policy-seeking;policy-seeking;policy-seeking;office-seeking;policy-seeking;policy-seeking;não sei;office-seeking;vote-seeking;policy-seeking;office-seeking;office-seeking;office-seeking;policy-seeking;não sei;office-seeking;policy-seeking;office-seeking;office-seeking;office-seeking;policy-seeking;policy-seeking;vote-seeking;;;;;;;;;;;;;;;;;;;;;;;;;;;;;;;;;;;;;;;;;;;;;;;;;;;;;;;;;;;;;;;;
20180390;5;7;4;3;8;3;3;7;6;8;5;7;6;6;7;8;0;1;7;7;7;0;6;10;7;1;7;5;9;8;5;7;8;4;5;office-seeking;office-seeking;vote-seeking;vote-seeking;vote-seeking;vote-seeking;vote-seeking;vote-seeking;office-seeking;office-seeking;office-seeking;não sei;office-seeking;policy-seeking;office-seeking;office-seeking;policy-seeking;policy-seeking;não sei;office-seeking;não sei;policy-seeking;vote-seeking;office-seeking;office-seeking;policy-seeking;office-seeking;office-seeking;não sei;office-seeking;office-seeking;office-seeking;policy-seeking;policy-seeking;office-seeking;;;;;;;;;;;;;;;;;;;;;;;;;;;;;;;;;;;;;;;;;;;;;;;;;;;;;;;;;;;;;;;;
20180391;6;8;4;4;7;4;4;10;7;10;;;9;7;10;9;0;4;7;7;10;0;7;10;9;2;7;10;3;10;10;7;10;6;5;office-seeking;office-seeking;office-seeking;policy-seeking;vote-seeking;policy-seeking;policy-seeking;policy-seeking;office-seeking;office-seeking;vote-seeking;vote-seeking;policy-seeking;office-seeking;vote-seeking;office-seeking;policy-seeking;policy-seeking;vote-seeking;vote-seeking;office-seeking;policy-seeking;vote-seeking;vote-seeking;office-seeking;policy-seeking;office-seeking;vote-seeking;policy-seeking;policy-seeking;vote-seeking;office-seeking;policy-seeking;policy-seeking;vote-seeking;;;;;;;;;;;;;;;;;;;;;;;;;;;;;;;;;;;;;;;;;;;;;;;;;;;;;;;;;;;;;;;;
20180392;;7;3;3;7;2;;6;8;8;4;7;;;3;8;0;1;6;6;7;0;;6;8;2;;7;8;8;;5;8;4;;;;;;;;;;;;;;;;;;;;;;;;;;;;;;;;;;;;;;;;;;;;;;;;;;;;;;;;;;;;;;;;;;;;;;;;;;;;;;;;;;;;;;;;;;;;;;;;;;;;
20180393;6;6;4;4;10;4;6;7;8;6;10;10;4;5;6;6;0;2;9;7;7;0;9;7;9;3;8;6;10;10;10;6;7;6;9;vote-seeking;office-seeking;policy-seeking;policy-seeking;vote-seeking;office-seeking;vote-seeking;policy-seeking;office-seeking;office-seeking;office-seeking;office-seeking;office-seeking;vote-seeking;office-seeking;office-seeking;policy-seeking;policy-seeking;office-seeking;office-seeking;office-seeking;policy-seeking;office-seeking;office-seeking;office-seeking;policy-seeking;office-seeking;office-seeking;office-seeking;office-seeking;office-seeking;office-seeking;office-seeking;office-seeking;office-seeking;;;;;;;;;;;;;;;;;;;;;;;;;;;;;;;;;;;;;;;;;;;;;;;;;;;;;;;;;;;;;;;;
20180394;6;6;3;3;9;2;3;6;6;7;6;6;6;6;8;8;0;0;6;;6;0;6;;8;1;7;6;4;7;6;;7;4;6;;;;;;;;;;;;;;;;;;;;;;;;;;;;;;;;;;;;;;;;;;;;;;;;;;;;;;;;;;;;;;;;;;;;;;;;;;;;;;;;;;;;;;;;;;;;;;;;;;;
20180395;10;;4;1;9;1;3;10;10;10;0;6;1;7;8;9;0;1;10;9;10;2;9;9;8;1;10;7;;10;10;9;10;9;;vote-seeking;não sei;policy-seeking;policy-seeking;vote-seeking;vote-seeking;office-seeking;policy-seeking;vote-seeking;office-seeking;não sei;não sei;office-seeking;não sei;não sei;policy-seeking;não sei;office-seeking;não sei;não sei;office-seeking;não sei;vote-seeking;não sei;não sei;policy-seeking;office-seeking;não sei;não sei;vote-seeking;office-seeking;office-seeking;vote-seeking;policy-seeking;não sei;;;;;;;;;;;;;;;;;;;;;;;;;;;;;;;;;;;;;;;;;;;;;;;;;;;;;;;;;;;;;;;;
20180396;5;4;4;3;9;0;3;6;9;9;5;9;3;4;6;9;0;0;5;7;9;0;9;9;9;0;9;7;7;9;6;6;8;4;5;policy-seeking;office-seeking;office-seeking;policy-seeking;office-seeking;office-seeking;office-seeking;policy-seeking;vote-seeking;vote-seeking;vote-seeking;vote-seeking;office-seeking;office-seeking;vote-seeking;vote-seeking;policy-seeking;office-seeking;vote-seeking;vote-seeking;vote-seeking;policy-seeking;vote-seeking;vote-seeking;vote-seeking;policy-seeking;vote-seeking;vote-seeking;vote-seeking;vote-seeking;vote-seeking;vote-seeking;vote-seeking;vote-seeking;vote-seeking;;;;;;;;;;;;;;;;;;;;;;;;;;;;;;;;;;;;;;;;;;;;;;;;;;;;;;;;;;;;;;;;
20180397;7;7;4;3;8;1;4;7;8;8;2;;6;5;;9;0;1;;;7;0;;;;1;8;6;;;4;7;8;5;5;office-seeking;office-seeking;policy-seeking;policy-seeking;office-seeking;policy-seeking;office-seeking;policy-seeking;não sei;office-seeking;office-seeking;não sei;office-seeking;office-seeking;não sei;office-seeking;policy-seeking;policy-seeking;vote-seeking;não sei;office-seeking;policy-seeking;não sei;não sei;não sei;policy-seeking;vote-seeking;office-seeking;não sei;não sei;office-seeking;vote-seeking;não sei;policy-seeking;vote-seeking;;;;;;;;;;;;;;;;;;;;;;;;;;;;;;;;;;;;;;;;;;;;;;;;;;;;;;;;;;;;;;;;
20180398;8;6;5;2;10;2;5;8;8;8;6;5;4;7;8;5;0;2;8;8;8;0;5;;5;1;6;6;4;8;9;5;8;6;5;vote-seeking;office-seeking;office-seeking;policy-seeking;policy-seeking;policy-seeking;policy-seeking;policy-seeking;vote-seeking;policy-seeking;não sei;não sei;office-seeking;office-seeking;não sei;não sei;policy-seeking;policy-seeking;não sei;não sei;office-seeking;policy-seeking;vote-seeking;não sei;office-seeking;policy-seeking;não sei;vote-seeking;não sei;não sei;não sei;office-seeking;não sei;vote-seeking;não sei;;;;;;;;;;;;;;;;;;;;;;;;;;;;;;;;;;;;;;;;;;;;;;;;;;;;;;;;;;;;;;;;
20180399;10;;;;10;0;10;10;10;10;10;10;10;10;10;10;0;0;10;10;10;0;10;10;10;0;10;10;10;10;10;10;10;10;10;office-seeking;office-seeking;office-seeking;vote-seeking;vote-seeking;vote-seeking;vote-seeking;vote-seeking;office-seeking;office-seeking;office-seeking;office-seeking;office-seeking;vote-seeking;office-seeking;office-seeking;policy-seeking;policy-seeking;office-seeking;office-seeking;office-seeking;policy-seeking;office-seeking;office-seeking;office-seeking;policy-seeking;vote-seeking;vote-seeking;office-seeking;office-seeking;office-seeking;vote-seeking;office-seeking;vote-seeking;office-seeking;;;;;;;;;;;;;;;;;;;;;;;;;;;;;;;;;;;;;;;;;;;;;;;;;;;;;;;;;;;;;;;;
20180400;7;8;4;2;9;1;4;9;5;7;9;6;7;6;8;7;0;0;7;8;8;1;4;8;7;1;7;7;10;10;10;7;9;6;6;;;;;;;;;;;;;;;;;;;;;;;;;;;;;;;;;;;;;;;;;;;;;;;;;;;;;;;;;;;;;;;;;;;;;;;;;;;;;;;;;;;;;;;;;;;;;;;;;;;
20180401;5;6;3;3;8;3;4;;8;10;;7;7;6;7;9;0;2;8;;6;0;;7;;1;6;7;9;9;;6;8;;7;;;;;;;;;;;;;;;;;;;;;;;;;;;;;;;;;;;;;;;;;;;;;;;;;;;;;;;;;;;;;;;;;;;;;;;;;;;;;;;;;;;;;;;;;;;;;;;;;;;
20180402;10;7;6;4;10;1;4;8;10;10;10;10;7;7;10;10;0;0;10;10;10;1;10;10;10;2;10;10;10;10;10;10;10;6;;;;;;;;;;;;;;;;;;;;;;;;;;;;;;;;;;;;;;;;;;;;;;;;;;;;;;;;;;;;;;;;;;;;;;;;;;;;;;;;;;;;;;;;;;;;;;;;;;;;
20180403;6;7;3;3;9;1;6;8;7;8;9;8;7;6;8;10;0;3;9;;8;1;7;9;8;1;9;9;8;8;9;;10;4;7;office-seeking;office-seeking;policy-seeking;policy-seeking;policy-seeking;office-seeking;office-seeking;policy-seeking;vote-seeking;vote-seeking;vote-seeking;vote-seeking;office-seeking;office-seeking;vote-seeking;office-seeking;policy-seeking;office-seeking;vote-seeking;vote-seeking;vote-seeking;não sei;vote-seeking;vote-seeking;vote-seeking;policy-seeking;vote-seeking;office-seeking;vote-seeking;vote-seeking;vote-seeking;office-seeking;policy-seeking;policy-seeking;vote-seeking;;;;;;;;;;;;;;;;;;;;;;;;;;;;;;;;;;;;;;;;;;;;;;;;;;;;;;;;;;;;;;;;
20180404;7;;;4;10;3;5;10;10;10;10;6;3;;5;10;0;0;10;9;10;4;10;10;8;2;8;10;10;10;10;;10;6;10;;;;;;;;;;;;;;;;;;;;;;;;;;;;;;;;;;;;;;;;;;;;;;;;;;;;;;;;;;;;;;;;;;;;;;;;;;;;;;;;;;;;;;;;;;;;;;;;;;;
20180405;6;8;4;4;8;4;5;7;9;9;4;6;6;6;9;9;1;1;9;5;7;1;6;9;7;3;9;7;4;9;6;6;7;6;6;office-seeking;office-seeking;vote-seeking;vote-seeking;vote-seeking;vote-seeking;vote-seeking;vote-seeking;vote-seeking;vote-seeking;vote-seeking;vote-seeking;vote-seeking;policy-seeking;vote-seeking;office-seeking;policy-seeking;policy-seeking;vote-seeking;vote-seeking;vote-seeking;policy-seeking;vote-seeking;vote-seeking;vote-seeking;policy-seeking;office-seeking;office-seeking;vote-seeking;vote-seeking;vote-seeking;vote-seeking;policy-seeking;vote-seeking;vote-seeking;;;;;;;;;;;;;;;;;;;;;;;;;;;;;;;;;;;;;;;;;;;;;;;;;;;;;;;;;;;;;;;;
20180406;;7;4;3;9;2;6;8;7;7;;6;7;4;6;7;0;0;7;6;8;0;7;6;7;1;7;6;;6;6;8;10;3;;;;;;;;;;;;;;;;;;;;;;;;;;;;;;;;;;;;;;;;;;;;;;;;;;;;;;;;;;;;;;;;;;;;;;;;;;;;;;;;;;;;;;;;;;;;;;;;;;;;
20180407;5;5;4;3;8;1;4;6;6;6;6;5;4;5;5;6;2;2;6;5;5;2;5;6;6;2;6;7;6;5;5;4;5;4;7;office-seeking;office-seeking;office-seeking;policy-seeking;office-seeking;policy-seeking;policy-seeking;policy-seeking;não sei;office-seeking;vote-seeking;vote-seeking;vote-seeking;office-seeking;vote-seeking;office-seeking;policy-seeking;policy-seeking;vote-seeking;vote-seeking;vote-seeking;policy-seeking;vote-seeking;não sei;vote-seeking;policy-seeking;vote-seeking;office-seeking;vote-seeking;não sei;vote-seeking;vote-seeking;não sei;policy-seeking;vote-seeking;;;;;;;;;;;;;;;;;;;;;;;;;;;;;;;;;;;;;;;;;;;;;;;;;;;;;;;;;;;;;;;;
20180408;8;7;4;4;8;2;4;6;;7;4;;6;;6;8;0;0;;;7;0;6;;;3;;;;;;;7;4;;office-seeking;office-seeking;office-seeking;vote-seeking;office-seeking;policy-seeking;vote-seeking;vote-seeking;office-seeking;office-seeking;não sei;não sei;policy-seeking;vote-seeking;office-seeking;office-seeking;policy-seeking;policy-seeking;office-seeking;não sei;vote-seeking;policy-seeking;office-seeking;não sei;office-seeking;policy-seeking;office-seeking;office-seeking;não sei;não sei;office-seeking;office-seeking;policy-seeking;policy-seeking;office-seeking;;;;;;;;;;;;;;;;;;;;;;;;;;;;;;;;;;;;;;;;;;;;;;;;;;;;;;;;;;;;;;;;
20180409;6;6;4;4;7;2;;6;7;8;8;6;6;;7;8;0;1;7;8;7;0;7;7;7;2;8;6;8;8;8;6;6;;6;office-seeking;não sei;não sei;policy-seeking;office-seeking;policy-seeking;não sei;policy-seeking;não sei;policy-seeking;não sei;não sei;office-seeking;office-seeking;não sei;não sei;policy-seeking;policy-seeking;não sei;não sei;não sei;policy-seeking;não sei;não sei;não sei;policy-seeking;não sei;vote-seeking;policy-seeking;policy-seeking;não sei;não sei;policy-seeking;policy-seeking;não sei;;;;;;;;;;;;;;;;;;;;;;;;;;;;;;;;;;;;;;;;;;;;;;;;;;;;;;;;;;;;;;;;
20180410;8;4;4;;9;4;4;9;7;9;;8;4;7;;10;0;4;10;7;6;4;6;10;5;2;10;9;4;7;6;;10;7;7;;;;;;;;;;;;;;;;;;;;;;;;;;;;;;;;;;;;;;;;;;;;;;;;;;;;;;;;;;;;;;;;;;;;;;;;;;;;;;;;;;;;;;;;;;;;;;;;;;;
20180411;6;1;7;4;8;1;6;8;9;6;1;8;1;6;4;8;0;0;8;3;10;0;8;6;6;1;7;9;10;9;10;6;6;6;7;office-seeking;policy-seeking;não sei;vote-seeking;office-seeking;policy-seeking;office-seeking;office-seeking;não sei;não sei;não sei;não sei;policy-seeking;policy-seeking;não sei;não sei;policy-seeking;policy-seeking;não sei;não sei;não sei;policy-seeking;não sei;vote-seeking;office-seeking;policy-seeking;não sei;não sei;não sei;não sei;não sei;vote-seeking;vote-seeking;não sei;não sei;;;;;;;;;;;;;;;;;;;;;;;;;;;;;;;;;;;;;;;;;;;;;;;;;;;;;;;;;;;;;;;;
20180412;6;8;4;2;9;2;4;7;8;9;5;7;6;4;5;8;0;0;8;5;9;0;6;9;8;1;7;7;5;9;5;6;9;4;5;vote-seeking;office-seeking;office-seeking;policy-seeking;office-seeking;policy-seeking;vote-seeking;policy-seeking;policy-seeking;office-seeking;office-seeking;policy-seeking;policy-seeking;policy-seeking;não sei;office-seeking;policy-seeking;policy-seeking;policy-seeking;office-seeking;policy-seeking;policy-seeking;office-seeking;policy-seeking;office-seeking;policy-seeking;vote-seeking;vote-seeking;policy-seeking;não sei;vote-seeking;office-seeking;policy-seeking;vote-seeking;não sei;;;;;;;;;;;;;;;;;;;;;;;;;;;;;;;;;;;;;;;;;;;;;;;;;;;;;;;;;;;;;;;;
20180413;8;7;4;2;10;;6;9;6;8;7;;9;6;6;7;4;4;9;6;8;0;7;10;8;4;7;7;;10;7;7;9;6;7;;;;;;;;;;;;;;;;;;;;;;;;;;;;;;;;;;;;;;;;;;;;;;;;;;;;;;;;;;;;;;;;;;;;;;;;;;;;;;;;;;;;;;;;;;;;;;;;;;;
20180414;7;6;4;4;9;4;4;7;6;6;;7;6;6;7;8;1;2;7;6;7;1;;8;6;3;7;7;3;8;5;;9;6;;office-seeking;office-seeking;office-seeking;policy-seeking;office-seeking;office-seeking;office-seeking;policy-seeking;office-seeking;office-seeking;office-seeking;office-seeking;office-seeking;office-seeking;office-seeking;office-seeking;policy-seeking;policy-seeking;office-seeking;office-seeking;office-seeking;policy-seeking;office-seeking;office-seeking;office-seeking;policy-seeking;office-seeking;office-seeking;office-seeking;office-seeking;office-seeking;office-seeking;policy-seeking;não sei;office-seeking;;;;;;;;;;;;;;;;;;;;;;;;;;;;;;;;;;;;;;;;;;;;;;;;;;;;;;;;;;;;;;;;
20180415;5;7;5;3;8;2;4;5;7;7;7;7;3;7;8;9;1;3;8;7;8;0;7;8;6;2;8;8;8;9;7;6;7;4;5;office-seeking;policy-seeking;office-seeking;vote-seeking;vote-seeking;policy-seeking;office-seeking;office-seeking;office-seeking;não sei;office-seeking;não sei;não sei;policy-seeking;office-seeking;office-seeking;policy-seeking;policy-seeking;não sei;office-seeking;office-seeking;não sei;não sei;office-seeking;vote-seeking;policy-seeking;vote-seeking;office-seeking;não sei;não sei;office-seeking;vote-seeking;vote-seeking;policy-seeking;não sei;;;;;;;;;;;;;;;;;;;;;;;;;;;;;;;;;;;;;;;;;;;;;;;;;;;;;;;;;;;;;;;;
20180416;;4;4;2;7;1;4;6;;5;;;4;4;4;;0;1;;4;6;0;4;6;;0;;;6;8;4;4;8;3;;vote-seeking;office-seeking;vote-seeking;vote-seeking;vote-seeking;office-seeking;vote-seeking;vote-seeking;vote-seeking;office-seeking;office-seeking;office-seeking;vote-seeking;vote-seeking;office-seeking;vote-seeking;policy-seeking;office-seeking;office-seeking;office-seeking;office-seeking;policy-seeking;office-seeking;office-seeking;office-seeking;policy-seeking;vote-seeking;office-seeking;office-seeking;office-seeking;office-seeking;office-seeking;policy-seeking;vote-seeking;office-seeking;;;;;;;;;;;;;;;;;;;;;;;;;;;;;;;;;;;;;;;;;;;;;;;;;;;;;;;;;;;;;;;;
20180417;8;6;5;1;9;3;5;7;8;8;6;10;7;6;6;10;6;0;7;7;9;0;6;9;8;3;6;9;8;10;6;6;10;6;8;vote-seeking;office-seeking;office-seeking;policy-seeking;;office-seeking;office-seeking;vote-seeking;;office-seeking;office-seeking;office-seeking;office-seeking;office-seeking;office-seeking;vote-seeking;policy-seeking;policy-seeking;;office-seeking;office-seeking;policy-seeking;vote-seeking;office-seeking;office-seeking;vote-seeking;vote-seeking;;;office-seeking;office-seeking;;;;;;;;;;;;;;;;;;;;;;;;;;;;;;;;;;;;;;;;;;;;;;;;;;;;;;;;;;;;;;;;;;;;
20180418;7;5;;3;10;2;4;6;;9;8;;;;5;9;0;4;;6;7;0;6;10;6;1;6;6;8;9;9;6;10;;10;vote-seeking;não sei;vote-seeking;policy-seeking;office-seeking;office-seeking;vote-seeking;vote-seeking;office-seeking;office-seeking;office-seeking;office-seeking;não sei;vote-seeking;não sei;office-seeking;policy-seeking;office-seeking;não sei;não sei;office-seeking;não sei;office-seeking;office-seeking;não sei;policy-seeking;office-seeking;office-seeking;office-seeking;office-seeking;office-seeking;office-seeking;não sei;vote-seeking;não sei;;;;;;;;;;;;;;;;;;;;;;;;;;;;;;;;;;;;;;;;;;;;;;;;;;;;;;;;;;;;;;;;
20180419;;7;3;3;10;0;3;10;8;9;8;7;4;3;7;9;0;0;7;9;8;0;9;10;10;0;7;6;3;7;8;8;7;4;8;office-seeking;vote-seeking;office-seeking;policy-seeking;policy-seeking;policy-seeking;vote-seeking;vote-seeking;office-seeking;office-seeking;office-seeking;office-seeking;office-seeking;policy-seeking;não sei;office-seeking;policy-seeking;policy-seeking;office-seeking;office-seeking;office-seeking;policy-seeking;não sei;office-seeking;office-seeking;policy-seeking;office-seeking;office-seeking;policy-seeking;office-seeking;office-seeking;office-seeking;office-seeking;policy-seeking;office-seeking;;;;;;;;;;;;;;;;;;;;;;;;;;;;;;;;;;;;;;;;;;;;;;;;;;;;;;;;;;;;;;;;
20180420;6;7;4;3;7;4;;6;8;8;6;7;;;8;7;1;2;7;6;8;0;7;9;7;2;7;6;5;8;6;7;6;4;7;vote-seeking;vote-seeking;policy-seeking;policy-seeking;policy-seeking;policy-seeking;vote-seeking;policy-seeking;office-seeking;;office-seeking;office-seeking;office-seeking;office-seeking;office-seeking;vote-seeking;policy-seeking;policy-seeking;office-seeking;office-seeking;office-seeking;policy-seeking;office-seeking;office-seeking;office-seeking;policy-seeking;office-seeking;vote-seeking;não sei;office-seeking;office-seeking;office-seeking;office-seeking;policy-seeking;office-seeking;;;;;;;;;;;;;;;;;;;;;;;;;;;;;;;;;;;;;;;;;;;;;;;;;;;;;;;;;;;;;;;;
20180421;;;4;2;10;1;6;6;6;8;;7;5;4;7;;0;0;;7;8;0;9;10;10;0;9;8;10;6;8;8;9;3;;vote-seeking;vote-seeking;office-seeking;policy-seeking;policy-seeking;policy-seeking;office-seeking;office-seeking;vote-seeking;vote-seeking;vote-seeking;vote-seeking;office-seeking;policy-seeking;vote-seeking;office-seeking;policy-seeking;policy-seeking;vote-seeking;vote-seeking;vote-seeking;policy-seeking;não sei;não sei;vote-seeking;policy-seeking;vote-seeking;vote-seeking;não sei;vote-seeking;vote-seeking;vote-seeking;não sei;policy-seeking;não sei;;;;;;;;;;;;;;;;;;;;;;;;;;;;;;;;;;;;;;;;;;;;;;;;;;;;;;;;;;;;;;;;
20180422;5;7;4;4;8;1;4;6;7;6;6;7;4;4;6;8;0;1;6;7;6;0;5;6;6;1;7;7;8;9;5;7;6;4;5;;;;;;;;;;;;;;;;;;;;;;;;;;;;;;;;;;;;;;;;;;;;;;;;;;;;;;;;;;;;;;;;;;;;;;;;;;;;;;;;;;;;;;;;;;;;;;;;;;;
20180423;;4;3;3;9;0;3;;7;8;7;6;;4;8;9;0;2;8;8;7;0;6;7;7;1;9;8;9;10;9;6;6;6;9;office-seeking;office-seeking;vote-seeking;vote-seeking;vote-seeking;policy-seeking;vote-seeking;vote-seeking;não sei;não sei;não sei;não sei;office-seeking;policy-seeking;não sei;office-seeking;policy-seeking;policy-seeking;não sei;não sei;não sei;policy-seeking;não sei;não sei;vote-seeking;policy-seeking;não sei;vote-seeking;não sei;vote-seeking;não sei;não sei;não sei;vote-seeking;não sei;;;;;;;;;;;;;;;;;;;;;;;;;;;;;;;;;;;;;;;;;;;;;;;;;;;;;;;;;;;;;;;;
20180424;6;7;4;3;10;2;4;6;7;10;7;7;6;4;10;10;0;0;7;6;7;0;7;7;10;1;10;8;2;7;6;6;9;4;7;office-seeking;office-seeking;policy-seeking;policy-seeking;policy-seeking;policy-seeking;policy-seeking;policy-seeking;vote-seeking;vote-seeking;vote-seeking;vote-seeking;vote-seeking;office-seeking;vote-seeking;office-seeking;policy-seeking;policy-seeking;vote-seeking;vote-seeking;vote-seeking;policy-seeking;vote-seeking;vote-seeking;vote-seeking;policy-seeking;vote-seeking;office-seeking;policy-seeking;vote-seeking;vote-seeking;vote-seeking;policy-seeking;policy-seeking;vote-seeking;;;;;;;;;;;;;;;;;;;;;;;;;;;;;;;;;;;;;;;;;;;;;;;;;;;;;;;;;;;;;;;;
20180425;7;8;3;3;9;2;3;7;7;9;10;9;7;7;9;8;0;1;8;8;8;0;9;9;9;1;7;8;9;10;8;7;8;6;9;vote-seeking;office-seeking;vote-seeking;policy-seeking;vote-seeking;vote-seeking;vote-seeking;policy-seeking;office-seeking;office-seeking;office-seeking;office-seeking;office-seeking;vote-seeking;office-seeking;office-seeking;policy-seeking;policy-seeking;office-seeking;office-seeking;office-seeking;policy-seeking;office-seeking;office-seeking;office-seeking;policy-seeking;office-seeking;office-seeking;office-seeking;office-seeking;office-seeking;office-seeking;não sei;policy-seeking;policy-seeking;;;;;;;;;;;;;;;;;;;;;;;;;;;;;;;;;;;;;;;;;;;;;;;;;;;;;;;;;;;;;;;;
20180426;7;7;3;2;8;4;4;8;9;9;6;8;8;6;7;8;0;1;9;7;8;1;8;9;9;1;8;6;4;9;8;8;10;6;6;office-seeking;office-seeking;policy-seeking;policy-seeking;policy-seeking;policy-seeking;vote-seeking;policy-seeking;não sei;não sei;não sei;office-seeking;vote-seeking;vote-seeking;office-seeking;office-seeking;policy-seeking;policy-seeking;vote-seeking;não sei;vote-seeking;policy-seeking;vote-seeking;policy-seeking;office-seeking;policy-seeking;office-seeking;office-seeking;vote-seeking;vote-seeking;office-seeking;office-seeking;policy-seeking;policy-seeking;não sei;;;;;;;;;;;;;;;;;;;;;;;;;;;;;;;;;;;;;;;;;;;;;;;;;;;;;;;;;;;;;;;;
20180427;7;7;3;4;9;2;4;8;;7;4;;9;6;;8;2;3;8;;8;2;7;7;7;2;6;8;3;;5;8;8;6;7;office-seeking;office-seeking;policy-seeking;policy-seeking;office-seeking;policy-seeking;vote-seeking;não sei;office-seeking;office-seeking;não sei;office-seeking;vote-seeking;não sei;não sei;office-seeking;policy-seeking;policy-seeking;office-seeking;não sei;office-seeking;não sei;office-seeking;office-seeking;office-seeking;policy-seeking;office-seeking;office-seeking;policy-seeking;office-seeking;office-seeking;office-seeking;office-seeking;policy-seeking;office-seeking;;;;;;;;;;;;;;;;;;;;;;;;;;;;;;;;;;;;;;;;;;;;;;;;;;;;;;;;;;;;;;;;
20180428;10;6;7;1;10;0;0;10;10;10;5;6;0;2;3;10;0;0;9;7;10;0;8;8;6;0;9;10;9;5;10;2;;1;9;;;;;;;;;;;;;;;;;;;;;;;;;;;;;;;;;;;;;;;;;;;;;;;;;;;;;;;;;;;;;;;;;;;;;;;;;;;;;;;;;;;;;;;;;;;;;;;;;;;
20180429;7;4;6;6;7;1;5;9;6;7;6;9;4;7;4;8;1;4;5;8;7;0;6;7;6;1;6;7;7;8;8;7;;6;7;;;;;;;;;;;;;;;;;;;;;;;;;;;;;;;;;;;;;;;;;;;;;;;;;;;;;;;;;;;;;;;;;;;;;;;;;;;;;;;;;;;;;;;;;;;;;;;;;;;
20180430;7;7;2;2;9;2;2;8;7;10;7;7;5;5;7;9;0;0;7;7;10;0;7;10;9;1;7;7;3;10;7;7;8;3;7;office-seeking;office-seeking;policy-seeking;policy-seeking;vote-seeking;policy-seeking;policy-seeking;vote-seeking;não sei;vote-seeking;não sei;não sei;office-seeking;office-seeking;office-seeking;vote-seeking;policy-seeking;policy-seeking;não sei;não sei;policy-seeking;policy-seeking;não sei;vote-seeking;policy-seeking;policy-seeking;office-seeking;office-seeking;policy-seeking;não sei;office-seeking;office-seeking;policy-seeking;policy-seeking;office-seeking;;;;;;;;;;;;;;;;;;;;;;;;;;;;;;;;;;;;;;;;;;;;;;;;;;;;;;;;;;;;;;;;
20180431;10;2;1;1;10;0;10;10;10;9;8;8;2;8;10;8;2;0;2;7;10;0;10;8;10;0;10;9;10;9;10;10;10;10;10;vote-seeking;não sei;office-seeking;vote-seeking;vote-seeking;policy-seeking;vote-seeking;vote-seeking;vote-seeking;vote-seeking;não sei;não sei;não sei;vote-seeking;não sei;office-seeking;policy-seeking;policy-seeking;não sei;não sei;não sei;policy-seeking;vote-seeking;não sei;não sei;policy-seeking;vote-seeking;vote-seeking;não sei;vote-seeking;vote-seeking;vote-seeking;vote-seeking;vote-seeking;vote-seeking;;;;;;;;;;;;;;;;;;;;;;;;;;;;;;;;;;;;;;;;;;;;;;;;;;;;;;;;;;;;;;;;
20180432;6;4;4;4;10;1;4;6;;6;7;8;3;4;4;5;0;1;6;6;6;0;7;6;8;2;7;6;8;9;7;6;6;4;6;office-seeking;vote-seeking;vote-seeking;vote-seeking;policy-seeking;vote-seeking;office-seeking;vote-seeking;não sei;não sei;policy-seeking;policy-seeking;vote-seeking;vote-seeking;policy-seeking;não sei;vote-seeking;vote-seeking;policy-seeking;não sei;não sei;vote-seeking;não sei;policy-seeking;policy-seeking;vote-seeking;policy-seeking;não sei;policy-seeking;não sei;não sei;policy-seeking;não sei;vote-seeking;não sei;;;;;;;;;;;;;;;;;;;;;;;;;;;;;;;;;;;;;;;;;;;;;;;;;;;;;;;;;;;;;;;;
20180433;7;8;;3;9;3;5;8;8;10;10;7;6;7;9;10;0;5;8;10;9;0;10;10;9;2;8;8;10;10;10;8;10;;10;vote-seeking;vote-seeking;vote-seeking;policy-seeking;vote-seeking;policy-seeking;vote-seeking;policy-seeking;office-seeking;office-seeking;office-seeking;office-seeking;office-seeking;vote-seeking;office-seeking;office-seeking;vote-seeking;vote-seeking;vote-seeking;office-seeking;office-seeking;vote-seeking;office-seeking;office-seeking;office-seeking;vote-seeking;office-seeking;vote-seeking;vote-seeking;policy-seeking;office-seeking;office-seeking;vote-seeking;vote-seeking;não sei;;;;;;;;;;;;;;;;;;;;;;;;;;;;;;;;;;;;;;;;;;;;;;;;;;;;;;;;;;;;;;;;
20180434;5;8;3;2;9;1;4;7;7;4;7;9;5;5;6;9;0;2;6;4;4;0;6;7;8;1;7;4;9;10;10;4;10;4;5;vote-seeking;office-seeking;policy-seeking;policy-seeking;policy-seeking;policy-seeking;policy-seeking;vote-seeking;não sei;não sei;não sei;não sei;office-seeking;policy-seeking;não sei;office-seeking;policy-seeking;policy-seeking;não sei;policy-seeking;não sei;policy-seeking;vote-seeking;office-seeking;não sei;policy-seeking;vote-seeking;office-seeking;não sei;vote-seeking;não sei;vote-seeking;vote-seeking;vote-seeking;policy-seeking;;;;;;;;;;;;;;;;;;;;;;;;;;;;;;;;;;;;;;;;;;;;;;;;;;;;;;;;;;;;;;;;
20180435;6;4;4;3;8;1;3;7;7;9;6;3;3;5;4;4;0;1;4;6;8;0;8;8;7;2;7;9;6;8;6;;9;4;3;office-seeking;office-seeking;vote-seeking;policy-seeking;office-seeking;policy-seeking;office-seeking;office-seeking;vote-seeking;office-seeking;vote-seeking;office-seeking;vote-seeking;vote-seeking;vote-seeking;vote-seeking;policy-seeking;policy-seeking;vote-seeking;vote-seeking;office-seeking;policy-seeking;vote-seeking;office-seeking;office-seeking;policy-seeking;vote-seeking;office-seeking;vote-seeking;vote-seeking;vote-seeking;office-seeking;policy-seeking;vote-seeking;vote-seeking;;;;;;;;;;;;;;;;;;;;;;;;;;;;;;;;;;;;;;;;;;;;;;;;;;;;;;;;;;;;;;;;
20180436;8;3;4;3;10;0;4;7;10;10;7;10;3;4;;10;0;0;7;7;10;0;8;7;8;1;10;7;10;10;10;4;7;4;10;office-seeking;office-seeking;office-seeking;vote-seeking;office-seeking;office-seeking;office-seeking;vote-seeking;office-seeking;office-seeking;office-seeking;office-seeking;office-seeking;office-seeking;office-seeking;office-seeking;policy-seeking;policy-seeking;office-seeking;office-seeking;office-seeking;policy-seeking;office-seeking;office-seeking;office-seeking;policy-seeking;office-seeking;office-seeking;office-seeking;office-seeking;office-seeking;office-seeking;policy-seeking;vote-seeking;office-seeking;;;;;;;;;;;;;;;;;;;;;;;;;;;;;;;;;;;;;;;;;;;;;;;;;;;;;;;;;;;;;;;;
20180437;8;;4;0;10;0;4;7;10;10;10;10;2;4;1;8;0;0;4;10;;0;10;6;9;0;10;6;10;10;10;7;10;7;;policy-seeking;office-seeking;policy-seeking;policy-seeking;policy-seeking;office-seeking;office-seeking;policy-seeking;vote-seeking;vote-seeking;vote-seeking;office-seeking;office-seeking;office-seeking;vote-seeking;office-seeking;não sei;office-seeking;office-seeking;vote-seeking;vote-seeking;vote-seeking;vote-seeking;office-seeking;vote-seeking;office-seeking;office-seeking;policy-seeking;vote-seeking;vote-seeking;vote-seeking;vote-seeking;policy-seeking;office-seeking;vote-seeking;;;;;;;;;;;;;;;;;;;;;;;;;;;;;;;;;;;;;;;;;;;;;;;;;;;;;;;;;;;;;;;;
20180438;6;4;6;;7;2;3;6;8;6;;6;3;;3;6;1;0;;;6;2;;6;6;2;;;;8;;;;3;;office-seeking;office-seeking;office-seeking;vote-seeking;office-seeking;policy-seeking;office-seeking;vote-seeking;não sei;não sei;não sei;não sei;não sei;office-seeking;não sei;office-seeking;policy-seeking;policy-seeking;não sei;não sei;não sei;policy-seeking;policy-seeking;não sei;não sei;policy-seeking;não sei;não sei;não sei;policy-seeking;não sei;não sei;não sei;office-seeking;não sei;;;;;;;;;;;;;;;;;;;;;;;;;;;;;;;;;;;;;;;;;;;;;;;;;;;;;;;;;;;;;;;;
20180439;;3;4;4;8;0;;;10;8;9;8;8;;4;9;0;0;8;8;9;0;8;10;8;0;10;8;10;10;7;4;9;4;6;vote-seeking;vote-seeking;vote-seeking;policy-seeking;office-seeking;policy-seeking;vote-seeking;policy-seeking;vote-seeking;vote-seeking;vote-seeking;não sei;vote-seeking;office-seeking;vote-seeking;vote-seeking;policy-seeking;policy-seeking;vote-seeking;vote-seeking;vote-seeking;não sei;vote-seeking;vote-seeking;vote-seeking;policy-seeking;vote-seeking;vote-seeking;vote-seeking;vote-seeking;não sei;;não sei;office-seeking;vote-seeking;;;;;;;;;;;;;;;;;;;;;;;;;;;;;;;;;;;;;;;;;;;;;;;;;;;;;;;;;;;;;;;;
20180440;5;8;4;4;8;4;4;5;9;8;;6;5;;;8;1;4;7;;8;1;;;8;1;9;6;;8;;;;;;office-seeking;office-seeking;office-seeking;policy-seeking;office-seeking;policy-seeking;office-seeking;office-seeking;não sei;não sei;não sei;não sei;office-seeking;não sei;não sei;office-seeking;policy-seeking;office-seeking;não sei;não sei;não sei;policy-seeking;não sei;não sei;não sei;policy-seeking;office-seeking;office-seeking;não sei;não sei;não sei;não sei;não sei;não sei;não sei;;;;;;;;;;;;;;;;;;;;;;;;;;;;;;;;;;;;;;;;;;;;;;;;;;;;;;;;;;;;;;;;
20180441;;;2;4;9;4;6;8;9;9;8;7;6;8;6;8;0;1;9;7;10;0;8;8;8;3;8;9;5;10;9;;8;;6;office-seeking;office-seeking;vote-seeking;office-seeking;office-seeking;vote-seeking;office-seeking;office-seeking;vote-seeking;policy-seeking;vote-seeking;vote-seeking;office-seeking;office-seeking;vote-seeking;vote-seeking;policy-seeking;policy-seeking;vote-seeking;office-seeking;vote-seeking;vote-seeking;office-seeking;vote-seeking;vote-seeking;policy-seeking;vote-seeking;office-seeking;vote-seeking;vote-seeking;vote-seeking;office-seeking;policy-seeking;office-seeking;vote-seeking;;;;;;;;;;;;;;;;;;;;;;;;;;;;;;;;;;;;;;;;;;;;;;;;;;;;;;;;;;;;;;;;
20180442;7;7;5;4;8;1;4;7;7;9;6;7;8;6;8;9;0;0;8;6;8;0;6;9;8;2;8;7;9;8;7;6;7;6;8;não sei;não sei;não sei;não sei;não sei;não sei;não sei;não sei;não sei;não sei;não sei;não sei;não sei;não sei;não sei;não sei;não sei;não sei;não sei;não sei;não sei;não sei;não sei;não sei;não sei;não sei;não sei;não sei;não sei;não sei;não sei;não sei;não sei;não sei;não sei;;;;;;;;;;;;;;;;;;;;;;;;;;;;;;;;;;;;;;;;;;;;;;;;;;;;;;;;;;;;;;;;
20180443;5;5;4;3;8;2;4;5;8;7;6;9;4;4;6;6;0;1;9;7;8;0;7;8;7;1;8;6;7;8;8;7;8;4;7;office-seeking;vote-seeking;vote-seeking;vote-seeking;vote-seeking;policy-seeking;vote-seeking;vote-seeking;não sei;não sei;não sei;office-seeking;vote-seeking;vote-seeking;não sei;office-seeking;policy-seeking;policy-seeking;office-seeking;não sei;não sei;não sei;não sei;vote-seeking;office-seeking;policy-seeking;office-seeking;office-seeking;não sei;não sei;office-seeking;office-seeking;policy-seeking;policy-seeking;não sei;;;;;;;;;;;;;;;;;;;;;;;;;;;;;;;;;;;;;;;;;;;;;;;;;;;;;;;;;;;;;;;;
20180444;4;3;2;1;10;1;3;9;10;9;9;8;4;3;4;10;0;3;6;7;10;0;7;7;9;0;10;3;1;9;9;10;7;4;9;vote-seeking;vote-seeking;vote-seeking;policy-seeking;vote-seeking;policy-seeking;office-seeking;vote-seeking;vote-seeking;vote-seeking;não sei;não sei;vote-seeking;office-seeking;não sei;office-seeking;policy-seeking;não sei;não sei;não sei;vote-seeking;policy-seeking;não sei;não sei;não sei;policy-seeking;não sei;office-seeking;policy-seeking;não sei;não sei;vote-seeking;não sei;policy-seeking;não sei;;;;;;;;;;;;;;;;;;;;;;;;;;;;;;;;;;;;;;;;;;;;;;;;;;;;;;;;;;;;;;;;
20180445;;4;4;3;10;0;3;8;10;10;10;10;0;4;10;10;0;0;;10;10;0;10;10;10;0;10;10;10;10;;8;;4;;office-seeking;office-seeking;office-seeking;policy-seeking;office-seeking;policy-seeking;office-seeking;policy-seeking;vote-seeking;office-seeking;office-seeking;office-seeking;office-seeking;policy-seeking;office-seeking;office-seeking;policy-seeking;office-seeking;office-seeking;vote-seeking;office-seeking;policy-seeking;vote-seeking;office-seeking;office-seeking;policy-seeking;vote-seeking;vote-seeking;office-seeking;office-seeking;vote-seeking;office-seeking;não sei;policy-seeking;office-seeking;;;;;;;;;;;;;;;;;;;;;;;;;;;;;;;;;;;;;;;;;;;;;;;;;;;;;;;;;;;;;;;;
20180446;6;8;3;1;9;0;1;5;7;9;9;9;4;4;7;8;0;0;9;9;7;0;6;9;7;0;9;7;10;10;8;7;8;3;8;office-seeking;office-seeking;office-seeking;vote-seeking;office-seeking;office-seeking;office-seeking;policy-seeking;office-seeking;office-seeking;office-seeking;office-seeking;office-seeking;office-seeking;office-seeking;office-seeking;policy-seeking;policy-seeking;office-seeking;não sei;office-seeking;policy-seeking;não sei;office-seeking;office-seeking;policy-seeking;office-seeking;office-seeking;policy-seeking;office-seeking;office-seeking;office-seeking;policy-seeking;policy-seeking;office-seeking;;;;;;;;;;;;;;;;;;;;;;;;;;;;;;;;;;;;;;;;;;;;;;;;;;;;;;;;;;;;;;;;
20180447;;6;4;4;9;0;4;8;;8;7;7;7;4;;;0;0;7;7;7;0;8;7;8;2;6;6;;8;8;10;;4;;office-seeking;office-seeking;vote-seeking;policy-seeking;policy-seeking;policy-seeking;vote-seeking;policy-seeking;office-seeking;vote-seeking;office-seeking;não sei;office-seeking;vote-seeking;não sei;office-seeking;policy-seeking;policy-seeking;não sei;não sei;office-seeking;policy-seeking;não sei;office-seeking;office-seeking;policy-seeking;office-seeking;vote-seeking;não sei;office-seeking;vote-seeking;vote-seeking;não sei;policy-seeking;office-seeking;;;;;;;;;;;;;;;;;;;;;;;;;;;;;;;;;;;;;;;;;;;;;;;;;;;;;;;;;;;;;;;;
20180448;6;6;4;1;10;0;4;9;10;10;7;10;;6;9;10;0;0;7;6;10;0;8;10;10;0;10;10;6;10;10;9;10;;10;;;;;;;;;;;;;;;;;;;;;;;;;;;;;;;;;;;;;;;;;;;;;;;;;;;;;;;;;;;;;;;;;;;;;;;;;;;;;;;;;;;;;;;;;;;;;;;;;;;
20180449;;7;4;4;8;3;4;7;6;7;6;9;7;6;7;7;1;0;7;7;6;1;8;7;8;2;7;6;9;10;7;9;9;6;7;vote-seeking;office-seeking;policy-seeking;policy-seeking;policy-seeking;policy-seeking;vote-seeking;policy-seeking;office-seeking;vote-seeking;vote-seeking;vote-seeking;vote-seeking;office-seeking;office-seeking;office-seeking;policy-seeking;policy-seeking;vote-seeking;office-seeking;não sei;policy-seeking;office-seeking;office-seeking;vote-seeking;policy-seeking;office-seeking;office-seeking;vote-seeking;policy-seeking;office-seeking;vote-seeking;policy-seeking;policy-seeking;office-seeking;;;;;;;;;;;;;;;;;;;;;;;;;;;;;;;;;;;;;;;;;;;;;;;;;;;;;;;;;;;;;;;;
20180450;5;6;4;3;7;4;4;6;8;7;4;5;6;4;6;7;1;2;8;6;7;0;6;9;8;1;5;6;2;9;6;5;8;3;5;office-seeking;office-seeking;policy-seeking;policy-seeking;office-seeking;office-seeking;office-seeking;vote-seeking;vote-seeking;vote-seeking;vote-seeking;vote-seeking;office-seeking;office-seeking;vote-seeking;office-seeking;policy-seeking;policy-seeking;office-seeking;vote-seeking;office-seeking;policy-seeking;vote-seeking;vote-seeking;vote-seeking;policy-seeking;vote-seeking;office-seeking;policy-seeking;vote-seeking;office-seeking;office-seeking;vote-seeking;policy-seeking;vote-seeking;;;;;;;;;;;;;;;;;;;;;;;;;;;;;;;;;;;;;;;;;;;;;;;;;;;;;;;;;;;;;;;;
20180451;7;7;4;4;8;4;4;6;6;9;7;7;6;6;;9;0;0;9;8;7;0;6;9;6;2;7;6;5;8;7;6;;6;6;office-seeking;office-seeking;policy-seeking;policy-seeking;office-seeking;office-seeking;office-seeking;policy-seeking;não sei;vote-seeking;não sei;vote-seeking;office-seeking;não sei;não sei;vote-seeking;policy-seeking;policy-seeking;office-seeking;não sei;office-seeking;policy-seeking;não sei;vote-seeking;office-seeking;policy-seeking;não sei;office-seeking;não sei;vote-seeking;não sei;office-seeking;policy-seeking;policy-seeking;não sei;;;;;;;;;;;;;;;;;;;;;;;;;;;;;;;;;;;;;;;;;;;;;;;;;;;;;;;;;;;;;;;;
20180452;;7;4;3;8;3;4;6;8;8;7;7;6;6;8;8;1;0;8;8;8;0;8;8;8;2;7;8;8;8;6;6;7;;7;vote-seeking;não sei;não sei;policy-seeking;policy-seeking;policy-seeking;não sei;policy-seeking;policy-seeking;policy-seeking;não sei;não sei;não sei;não sei;não sei;office-seeking;policy-seeking;policy-seeking;não sei;policy-seeking;policy-seeking;policy-seeking;não sei;não sei;não sei;policy-seeking;não sei;office-seeking;não sei;policy-seeking;office-seeking;não sei;não sei;não sei;não sei;;;;;;;;;;;;;;;;;;;;;;;;;;;;;;;;;;;;;;;;;;;;;;;;;;;;;;;;;;;;;;;;
20180453;6;8;4;2;9;1;4;6;8;8;6;9;4;4;2;9;0;1;8;7;7;0;8;8;8;1;8;7;9;8;7;6;9;4;8;office-seeking;office-seeking;office-seeking;policy-seeking;policy-seeking;policy-seeking;não sei;policy-seeking;vote-seeking;vote-seeking;vote-seeking;vote-seeking;policy-seeking;não sei;vote-seeking;office-seeking;policy-seeking;policy-seeking;vote-seeking;vote-seeking;vote-seeking;policy-seeking;vote-seeking;vote-seeking;office-seeking;policy-seeking;office-seeking;vote-seeking;vote-seeking;vote-seeking;vote-seeking;vote-seeking;vote-seeking;não sei;vote-seeking;;;;;;;;;;;;;;;;;;;;;;;;;;;;;;;;;;;;;;;;;;;;;;;;;;;;;;;;;;;;;;;;
20180454;10;9;9;6;9;5;9;9;10;10;10;10;9;;9;10;2;2;10;8;10;3;6;9;7;4;10;10;10;10;9;8;8;6;10;vote-seeking;office-seeking;vote-seeking;vote-seeking;vote-seeking;office-seeking;vote-seeking;vote-seeking;office-seeking;office-seeking;office-seeking;office-seeking;vote-seeking;office-seeking;office-seeking;vote-seeking;policy-seeking;policy-seeking;office-seeking;office-seeking;office-seeking;policy-seeking;office-seeking;office-seeking;office-seeking;policy-seeking;vote-seeking;office-seeking;office-seeking;não sei;office-seeking;office-seeking;office-seeking;office-seeking;office-seeking;;;;;;;;;;;;;;;;;;;;;;;;;;;;;;;;;;;;;;;;;;;;;;;;;;;;;;;;;;;;;;;;
20180455;7;8;8;5;9;0;8;10;8;8;8;7;6;4;6;7;0;2;6;8;8;1;8;8;8;2;7;8;8;7;8;6;7;2;8;office-seeking;vote-seeking;vote-seeking;office-seeking;office-seeking;policy-seeking;vote-seeking;policy-seeking;vote-seeking;vote-seeking;vote-seeking;office-seeking;vote-seeking;policy-seeking;vote-seeking;office-seeking;policy-seeking;policy-seeking;vote-seeking;vote-seeking;vote-seeking;policy-seeking;vote-seeking;vote-seeking;office-seeking;policy-seeking;vote-seeking;office-seeking;vote-seeking;vote-seeking;vote-seeking;vote-seeking;vote-seeking;policy-seeking;vote-seeking;;;;;;;;;;;;;;;;;;;;;;;;;;;;;;;;;;;;;;;;;;;;;;;;;;;;;;;;;;;;;;;;
20180456;8;8;4;4;9;3;5;8;7;8;8;8;8;5;8;8;1;1;8;7;8;0;8;7;9;2;7;8;4;8;7;8;9;4;8;vote-seeking;vote-seeking;vote-seeking;policy-seeking;vote-seeking;office-seeking;vote-seeking;vote-seeking;office-seeking;office-seeking;office-seeking;office-seeking;office-seeking;office-seeking;office-seeking;vote-seeking;policy-seeking;policy-seeking;office-seeking;office-seeking;vote-seeking;policy-seeking;office-seeking;office-seeking;office-seeking;policy-seeking;office-seeking;vote-seeking;office-seeking;office-seeking;office-seeking;office-seeking;policy-seeking;vote-seeking;office-seeking;;;;;;;;;;;;;;;;;;;;;;;;;;;;;;;;;;;;;;;;;;;;;;;;;;;;;;;;;;;;;;;;
20180457;6;3;;0;10;0;7;8;8;9;9;8;8;;10;;1;0;9;8;10;0;7;10;;0;5;8;10;10;8;8;9;7;10;policy-seeking;office-seeking;office-seeking;policy-seeking;policy-seeking;policy-seeking;office-seeking;policy-seeking;vote-seeking;office-seeking;office-seeking;office-seeking;office-seeking;policy-seeking;não sei;office-seeking;policy-seeking;policy-seeking;office-seeking;office-seeking;office-seeking;policy-seeking;office-seeking;vote-seeking;office-seeking;policy-seeking;office-seeking;office-seeking;office-seeking;não sei;office-seeking;office-seeking;não sei;policy-seeking;office-seeking;;;;;;;;;;;;;;;;;;;;;;;;;;;;;;;;;;;;;;;;;;;;;;;;;;;;;;;;;;;;;;;;
20180458;6;7;4;3;8;2;4;7;7;9;8;7;6;5;6;8;0;0;7;7;7;1;5;10;8;2;8;7;;9;6;6;9;6;7;vote-seeking;office-seeking;policy-seeking;policy-seeking;policy-seeking;policy-seeking;policy-seeking;policy-seeking;office-seeking;office-seeking;vote-seeking;office-seeking;policy-seeking;policy-seeking;vote-seeking;office-seeking;policy-seeking;policy-seeking;office-seeking;office-seeking;office-seeking;policy-seeking;vote-seeking;vote-seeking;policy-seeking;policy-seeking;office-seeking;office-seeking;policy-seeking;vote-seeking;vote-seeking;office-seeking;policy-seeking;policy-seeking;office-seeking;;;;;;;;;;;;;;;;;;;;;;;;;;;;;;;;;;;;;;;;;;;;;;;;;;;;;;;;;;;;;;;;
20180459;10;;7;2;6;0;3;4;;6;6;;4;;;6;0;0;6;;6;0;10;;;0;;6;;;6;;6;6;;policy-seeking;policy-seeking;vote-seeking;office-seeking;vote-seeking;policy-seeking;policy-seeking;policy-seeking;vote-seeking;vote-seeking;vote-seeking;vote-seeking;vote-seeking;policy-seeking;vote-seeking;policy-seeking;policy-seeking;policy-seeking;vote-seeking;vote-seeking;policy-seeking;policy-seeking;vote-seeking;vote-seeking;vote-seeking;policy-seeking;policy-seeking;vote-seeking;vote-seeking;vote-seeking;vote-seeking;vote-seeking;policy-seeking;policy-seeking;office-seeking;;;;;;;;;;;;;;;;;;;;;;;;;;;;;;;;;;;;;;;;;;;;;;;;;;;;;;;;;;;;;;;;
20180460;;7;2;3;8;3;3;6;7;6;7;6;4;;6;7;0;0;6;6;6;0;7;8;7;0;7;7;7;7;7;6;9;4;;vote-seeking;office-seeking;policy-seeking;vote-seeking;policy-seeking;vote-seeking;vote-seeking;policy-seeking;office-seeking;office-seeking;office-seeking;não sei;office-seeking;policy-seeking;office-seeking;vote-seeking;policy-seeking;office-seeking;não sei;office-seeking;office-seeking;policy-seeking;office-seeking;não sei;office-seeking;policy-seeking;vote-seeking;office-seeking;não sei;não sei;vote-seeking;office-seeking;policy-seeking;policy-seeking;não sei;;;;;;;;;;;;;;;;;;;;;;;;;;;;;;;;;;;;;;;;;;;;;;;;;;;;;;;;;;;;;;;;
20180461;7;8;4;3;8;3;5;6;8;10;7;8;6;5;8;8;0;0;10;7;8;0;7;10;9;1;8;6;6;10;7;6;8;5;7;policy-seeking;office-seeking;policy-seeking;policy-seeking;policy-seeking;office-seeking;policy-seeking;policy-seeking;não sei;office-seeking;não sei;não sei;office-seeking;policy-seeking;não sei;office-seeking;não sei;não sei;vote-seeking;não sei;não sei;não sei;não sei;não sei;não sei;policy-seeking;policy-seeking;office-seeking;não sei;não sei;não sei;policy-seeking;não sei;não sei;não sei;;;;;;;;;;;;;;;;;;;;;;;;;;;;;;;;;;;;;;;;;;;;;;;;;;;;;;;;;;;;;;;;
20180462;6;8;3;3;8;2;4;6;6;8;4;8;5;6;6;8;0;0;8;6;8;0;6;8;8;2;7;7;2;8;5;7;8;4;6;vote-seeking;office-seeking;office-seeking;policy-seeking;office-seeking;office-seeking;office-seeking;vote-seeking;não sei;não sei;não sei;não sei;office-seeking;office-seeking;não sei;vote-seeking;policy-seeking;policy-seeking;não sei;não sei;não sei;policy-seeking;não sei;vote-seeking;vote-seeking;policy-seeking;office-seeking;office-seeking;não sei;não sei;não sei;office-seeking;policy-seeking;não sei;não sei;;;;;;;;;;;;;;;;;;;;;;;;;;;;;;;;;;;;;;;;;;;;;;;;;;;;;;;;;;;;;;;;
20180463;;;3;1;7;0;4;4;6;9;;6;0;4;;;0;0;;;10;0;;4;9;0;6;4;7;9;;;8;4;;office-seeking;não sei;não sei;policy-seeking;não sei;policy-seeking;policy-seeking;policy-seeking;não sei;não sei;não sei;não sei;não sei;não sei;não sei;não sei;policy-seeking;policy-seeking;não sei;não sei;não sei;policy-seeking;não sei;não sei;não sei;policy-seeking;não sei;não sei;não sei;não sei;não sei;não sei;policy-seeking;não sei;não sei;;;;;;;;;;;;;;;;;;;;;;;;;;;;;;;;;;;;;;;;;;;;;;;;;;;;;;;;;;;;;;;;
20180464;4;;;2;6;4;;6;;;;;;;;;0;1;;;;0;;9;;1;;;;;;;8;3;;office-seeking;office-seeking;office-seeking;vote-seeking;vote-seeking;policy-seeking;office-seeking;vote-seeking;office-seeking;office-seeking;office-seeking;office-seeking;office-seeking;office-seeking;office-seeking;office-seeking;policy-seeking;policy-seeking;office-seeking;office-seeking;office-seeking;policy-seeking;office-seeking;office-seeking;office-seeking;policy-seeking;office-seeking;office-seeking;office-seeking;office-seeking;office-seeking;office-seeking;policy-seeking;não sei;office-seeking;;;;;;;;;;;;;;;;;;;;;;;;;;;;;;;;;;;;;;;;;;;;;;;;;;;;;;;;;;;;;;;;
20180465;7;8;;4;10;2;;7;;;;;;;;8;0;1;;;;0;8;;;2;;;;8;8;;10;5;;vote-seeking;vote-seeking;office-seeking;vote-seeking;vote-seeking;office-seeking;office-seeking;vote-seeking;não sei;não sei;não sei;não sei;não sei;office-seeking;não sei;vote-seeking;policy-seeking;policy-seeking;não sei;não sei;não sei;policy-seeking;não sei;não sei;não sei;policy-seeking;não sei;não sei;não sei;não sei;vote-seeking;office-seeking;não sei;office-seeking;não sei;;;;;;;;;;;;;;;;;;;;;;;;;;;;;;;;;;;;;;;;;;;;;;;;;;;;;;;;;;;;;;;;
20180466;8;4;5;4;8;3;6;7;7;9;5;9;5;6;6;8;1;2;5;7;9;1;6;7;7;1;8;7;9;8;7;7;6;6;9;office-seeking;não sei;não sei;policy-seeking;policy-seeking;policy-seeking;vote-seeking;vote-seeking;não sei;não sei;não sei;não sei;não sei;office-seeking;não sei;não sei;policy-seeking;policy-seeking;não sei;não sei;não sei;policy-seeking;não sei;não sei;não sei;policy-seeking;não sei;não sei;não sei;não sei;não sei;não sei;não sei;office-seeking;vote-seeking;;;;;;;;;;;;;;;;;;;;;;;;;;;;;;;;;;;;;;;;;;;;;;;;;;;;;;;;;;;;;;;;
20180467;9;5;5;3;6;2;5;9;8;7;5;7;3;4;5;7;2;3;4;4;8;3;3;7;8;1;9;5;5;8;8;4;10;3;3;vote-seeking;não sei;office-seeking;vote-seeking;não sei;policy-seeking;não sei;vote-seeking;office-seeking;office-seeking;não sei;não sei;policy-seeking;policy-seeking;não sei;office-seeking;policy-seeking;policy-seeking;não sei;não sei;não sei;policy-seeking;não sei;office-seeking;não sei;policy-seeking;não sei;não sei;não sei;não sei;não sei;policy-seeking;não sei;policy-seeking;policy-seeking;;;;;;;;;;;;;;;;;;;;;;;;;;;;;;;;;;;;;;;;;;;;;;;;;;;;;;;;;;;;;;;;
20180468;6;9;4;3;10;2;5;7;8;9;;7;;5;7;10;0;0;9;6;8;0;7;8;9;1;8;7;7;10;7;;9;5;9;office-seeking;vote-seeking;vote-seeking;policy-seeking;policy-seeking;vote-seeking;vote-seeking;vote-seeking;não sei;vote-seeking;não sei;policy-seeking;vote-seeking;vote-seeking;não sei;policy-seeking;policy-seeking;policy-seeking;office-seeking;vote-seeking;não sei;policy-seeking;não sei;não sei;vote-seeking;policy-seeking;vote-seeking;office-seeking;não sei;vote-seeking;não sei;não sei;não sei;office-seeking;office-seeking;;;;;;;;;;;;;;;;;;;;;;;;;;;;;;;;;;;;;;;;;;;;;;;;;;;;;;;;;;;;;;;;
20180469;6;4;4;3;10;0;4;6;7;10;4;9;2;6;1;10;0;0;7;7;7;0;6;7;6;1;8;6;7;7;8;7;9;6;6;office-seeking;não sei;policy-seeking;policy-seeking;office-seeking;policy-seeking;policy-seeking;policy-seeking;não sei;não sei;não sei;não sei;não sei;não sei;não sei;office-seeking;policy-seeking;policy-seeking;não sei;não sei;não sei;policy-seeking;não sei;não sei;office-seeking;policy-seeking;office-seeking;não sei;não sei;não sei;não sei;não sei;não sei;não sei;não sei;;;;;;;;;;;;;;;;;;;;;;;;;;;;;;;;;;;;;;;;;;;;;;;;;;;;;;;;;;;;;;;;
20180470;;7;4;3;8;3;;;7;7;;6;;;;7;0;0;7;;7;2;;;7;2;7;;7;8;8;;6;;;office-seeking;office-seeking;office-seeking;vote-seeking;policy-seeking;policy-seeking;office-seeking;vote-seeking;não sei;office-seeking;office-seeking;office-seeking;office-seeking;office-seeking;office-seeking;office-seeking;policy-seeking;policy-seeking;office-seeking;office-seeking;office-seeking;policy-seeking;office-seeking;;office-seeking;policy-seeking;office-seeking;office-seeking;office-seeking;office-seeking;office-seeking;office-seeking;não sei;vote-seeking;office-seeking;;;;;;;;;;;;;;;;;;;;;;;;;;;;;;;;;;;;;;;;;;;;;;;;;;;;;;;;;;;;;;;;
20180471;6;8;;3;10;3;5;6;9;10;;9;8;;9;9;0;0;10;9;10;0;10;10;10;0;7;6;;10;7;6;9;3;8;vote-seeking;vote-seeking;office-seeking;office-seeking;office-seeking;policy-seeking;office-seeking;office-seeking;vote-seeking;vote-seeking;vote-seeking;vote-seeking;office-seeking;office-seeking;vote-seeking;vote-seeking;policy-seeking;policy-seeking;vote-seeking;vote-seeking;não sei;policy-seeking;office-seeking;não sei;vote-seeking;policy-seeking;vote-seeking;vote-seeking;policy-seeking;vote-seeking;vote-seeking;vote-seeking;policy-seeking;office-seeking;não sei;;;;;;;;;;;;;;;;;;;;;;;;;;;;;;;;;;;;;;;;;;;;;;;;;;;;;;;;;;;;;;;;
20180472;9;6;6;4;9;4;9;9;9;9;9;9;8;9;8;9;1;0;10;9;9;1;9;8;9;1;9;9;4;9;10;8;9;8;9;office-seeking;office-seeking;vote-seeking;vote-seeking;office-seeking;vote-seeking;vote-seeking;office-seeking;não sei;vote-seeking;office-seeking;não sei;policy-seeking;vote-seeking;office-seeking;vote-seeking;policy-seeking;policy-seeking;não sei;office-seeking;policy-seeking;policy-seeking;office-seeking;não sei;office-seeking;policy-seeking;não sei;office-seeking;não sei;office-seeking;vote-seeking;office-seeking;vote-seeking;vote-seeking;vote-seeking;;;;;;;;;;;;;;;;;;;;;;;;;;;;;;;;;;;;;;;;;;;;;;;;;;;;;;;;;;;;;;;;
20180473;6;7;3;3;9;2;6;7;7;8;8;7;7;7;7;7;1;2;7;7;9;2;7;9;7;1;8;8;7;9;6;7;9;4;4;vote-seeking;vote-seeking;vote-seeking;vote-seeking;office-seeking;policy-seeking;vote-seeking;office-seeking;office-seeking;office-seeking;office-seeking;policy-seeking;vote-seeking;office-seeking;office-seeking;office-seeking;policy-seeking;policy-seeking;office-seeking;office-seeking;office-seeking;policy-seeking;office-seeking;policy-seeking;office-seeking;policy-seeking;office-seeking;vote-seeking;não sei;policy-seeking;office-seeking;office-seeking;policy-seeking;office-seeking;não sei;;;;;;;;;;;;;;;;;;;;;;;;;;;;;;;;;;;;;;;;;;;;;;;;;;;;;;;;;;;;;;;;
20180474;9;2;4;5;8;1;4;8;7;10;;6;3;5;4;7;1;1;8;;8;3;7;7;8;2;8;8;6;9;9;7;8;6;6;office-seeking;policy-seeking;office-seeking;vote-seeking;office-seeking;policy-seeking;office-seeking;policy-seeking;não sei;policy-seeking;não sei;não sei;policy-seeking;vote-seeking;não sei;não sei;policy-seeking;policy-seeking;não sei;não sei;policy-seeking;policy-seeking;office-seeking;office-seeking;não sei;policy-seeking;office-seeking;não sei;policy-seeking;policy-seeking;não sei;não sei;não sei;vote-seeking;não sei;;;;;;;;;;;;;;;;;;;;;;;;;;;;;;;;;;;;;;;;;;;;;;;;;;;;;;;;;;;;;;;;
20180475;6;7;3;1;6;0;3;4;;10;;;6;3;;6;0;0;10;;8;0;;10;9;0;6;;0;6;;4;7;3;;vote-seeking;office-seeking;office-seeking;policy-seeking;policy-seeking;policy-seeking;policy-seeking;policy-seeking;office-seeking;policy-seeking;office-seeking;office-seeking;office-seeking;policy-seeking;office-seeking;vote-seeking;policy-seeking;policy-seeking;office-seeking;office-seeking;office-seeking;policy-seeking;office-seeking;office-seeking;office-seeking;policy-seeking;office-seeking;office-seeking;policy-seeking;office-seeking;office-seeking;office-seeking;policy-seeking;policy-seeking;office-seeking;;;;;;;;;;;;;;;;;;;;;;;;;;;;;;;;;;;;;;;;;;;;;;;;;;;;;;;;;;;;;;;;
20180476;;6;3;2;9;2;4;8;6;8;6;6;7;7;6;9;0;0;6;6;7;0;7;10;7;0;6;10;10;7;6;6;10;4;6;office-seeking;vote-seeking;policy-seeking;policy-seeking;office-seeking;office-seeking;policy-seeking;policy-seeking;vote-seeking;vote-seeking;vote-seeking;vote-seeking;office-seeking;policy-seeking;vote-seeking;office-seeking;policy-seeking;policy-seeking;vote-seeking;vote-seeking;vote-seeking;policy-seeking;vote-seeking;vote-seeking;vote-seeking;policy-seeking;vote-seeking;office-seeking;vote-seeking;vote-seeking;vote-seeking;vote-seeking;policy-seeking;policy-seeking;vote-seeking;;;;;;;;;;;;;;;;;;;;;;;;;;;;;;;;;;;;;;;;;;;;;;;;;;;;;;;;;;;;;;;;
20180477;5;8;4;3;9;3;4;6;7;9;7;7;6;4;7;8;0;0;6;5;7;1;7;8;9;2;8;7;5;7;8;8;8;4;6;vote-seeking;office-seeking;vote-seeking;policy-seeking;policy-seeking;policy-seeking;office-seeking;policy-seeking;office-seeking;office-seeking;office-seeking;office-seeking;office-seeking;office-seeking;office-seeking;office-seeking;não sei;policy-seeking;office-seeking;office-seeking;office-seeking;não sei;office-seeking;policy-seeking;office-seeking;policy-seeking;office-seeking;office-seeking;office-seeking;office-seeking;office-seeking;office-seeking;policy-seeking;policy-seeking;office-seeking;;;;;;;;;;;;;;;;;;;;;;;;;;;;;;;;;;;;;;;;;;;;;;;;;;;;;;;;;;;;;;;;
20180478;6;7;3;4;7;3;4;6;8;8;6;7;4;6;8;8;1;1;7;7;9;1;8;8;7;2;8;7;1;8;8;7;9;4;6;policy-seeking;vote-seeking;policy-seeking;policy-seeking;office-seeking;policy-seeking;office-seeking;policy-seeking;vote-seeking;vote-seeking;vote-seeking;vote-seeking;office-seeking;office-seeking;vote-seeking;office-seeking;policy-seeking;policy-seeking;vote-seeking;vote-seeking;vote-seeking;policy-seeking;vote-seeking;policy-seeking;vote-seeking;policy-seeking;office-seeking;vote-seeking;policy-seeking;vote-seeking;vote-seeking;vote-seeking;policy-seeking;policy-seeking;vote-seeking;;;;;;;;;;;;;;;;;;;;;;;;;;;;;;;;;;;;;;;;;;;;;;;;;;;;;;;;;;;;;;;;
20180479;6;7;3;3;8;3;4;6;8;6;8;7;6;4;6;8;1;1;;7;6;1;6;9;8;1;7;6;7;9;4;6;9;4;;office-seeking;vote-seeking;policy-seeking;policy-seeking;policy-seeking;policy-seeking;policy-seeking;policy-seeking;não sei;policy-seeking;policy-seeking;vote-seeking;vote-seeking;policy-seeking;não sei;office-seeking;policy-seeking;policy-seeking;office-seeking;não sei;policy-seeking;policy-seeking;vote-seeking;vote-seeking;vote-seeking;policy-seeking;office-seeking;office-seeking;não sei;não sei;vote-seeking;office-seeking;policy-seeking;policy-seeking;office-seeking;;;;;;;;;;;;;;;;;;;;;;;;;;;;;;;;;;;;;;;;;;;;;;;;;;;;;;;;;;;;;;;;
20180480;;4;6;4;6;4;4;6;8;9;;6;3;4;4;6;0;1;8;9;8;0;;8;6;0;;6;10;;1;;10;3;;office-seeking;policy-seeking;office-seeking;policy-seeking;policy-seeking;policy-seeking;não sei;policy-seeking;office-seeking;;não sei;não sei;não sei;policy-seeking;não sei;office-seeking;não sei;não sei;não sei;não sei;não sei;não sei;não sei;policy-seeking;não sei;policy-seeking;policy-seeking;office-seeking;não sei;não sei;não sei;não sei;não sei;office-seeking;não sei;;;;;;;;;;;;;;;;;;;;;;;;;;;;;;;;;;;;;;;;;;;;;;;;;;;;;;;;;;;;;;;;
20180481;5;8;4;4;8;1;3;5;8;8;8;8;3;;8;8;2;2;8;8;8;1;8;8;8;2;8;8;8;8;8;3;;3;;;;;;;;;;;;;;;;;;;;;;;;;;;;;;;;;;;;;;;;;;;;;;;;;;;;;;;;;;;;;;;;;;;;;;;;;;;;;;;;;;;;;;;;;;;;;;;;;;;;
20180482;10;6;4;8;9;3;5;5;7;7;7;8;9;5;8;10;0;0;7;8;8;0;7;10;7;2;7;7;8;7;7;7;10;7;9;vote-seeking;vote-seeking;office-seeking;vote-seeking;vote-seeking;policy-seeking;vote-seeking;office-seeking;vote-seeking;vote-seeking;vote-seeking;vote-seeking;office-seeking;vote-seeking;vote-seeking;vote-seeking;policy-seeking;policy-seeking;vote-seeking;vote-seeking;vote-seeking;policy-seeking;office-seeking;vote-seeking;vote-seeking;policy-seeking;vote-seeking;vote-seeking;vote-seeking;vote-seeking;vote-seeking;vote-seeking;policy-seeking;vote-seeking;vote-seeking;;;;;;;;;;;;;;;;;;;;;;;;;;;;;;;;;;;;;;;;;;;;;;;;;;;;;;;;;;;;;;;;
20180483;7;8;2;1;10;0;3;8;9;9;8;8;9;3;9;8;0;0;9;8;8;0;8;8;7;1;7;8;10;10;8;7;8;4;8;office-seeking;office-seeking;office-seeking;policy-seeking;office-seeking;policy-seeking;policy-seeking;policy-seeking;vote-seeking;vote-seeking;vote-seeking;vote-seeking;vote-seeking;office-seeking;vote-seeking;vote-seeking;policy-seeking;policy-seeking;vote-seeking;vote-seeking;office-seeking;policy-seeking;vote-seeking;vote-seeking;vote-seeking;policy-seeking;vote-seeking;vote-seeking;vote-seeking;vote-seeking;vote-seeking;vote-seeking;vote-seeking;policy-seeking;vote-seeking;;;;;;;;;;;;;;;;;;;;;;;;;;;;;;;;;;;;;;;;;;;;;;;;;;;;;;;;;;;;;;;;
20180484;7;2;7;3;8;2;3;8;7;3;7;7;3;3;3;7;3;3;7;3;7;2;3;7;7;0;8;7;7;10;7;3;9;4;7;;;;;;;;;;;;;;;;;;;;;;;;;;;;;;;;;;;;;;;;;;;;;;;;;;;;;;;;;;;;;;;;;;;;;;;;;;;;;;;;;;;;;;;;;;;;;;;;;;;
20180485;7;7;3;2;8;3;3;7;8;10;7;8;7;8;8;8;0;0;6;6;10;0;7;9;8;2;6;7;3;9;7;7;8;4;7;vote-seeking;office-seeking;vote-seeking;policy-seeking;vote-seeking;office-seeking;vote-seeking;office-seeking;vote-seeking;vote-seeking;vote-seeking;office-seeking;office-seeking;office-seeking;vote-seeking;vote-seeking;policy-seeking;policy-seeking;não sei;vote-seeking;não sei;policy-seeking;vote-seeking;vote-seeking;vote-seeking;policy-seeking;office-seeking;office-seeking;policy-seeking;vote-seeking;office-seeking;vote-seeking;policy-seeking;policy-seeking;vote-seeking;;;;;;;;;;;;;;;;;;;;;;;;;;;;;;;;;;;;;;;;;;;;;;;;;;;;;;;;;;;;;;;;
20180486;10;10;9;2;10;0;4;7;10;10;10;10;4;6;6;7;0;0;10;10;10;0;10;10;10;0;10;10;10;10;8;9;10;3;10;vote-seeking;vote-seeking;vote-seeking;policy-seeking;vote-seeking;policy-seeking;policy-seeking;policy-seeking;não sei;vote-seeking;não sei;vote-seeking;office-seeking;não sei;não sei;vote-seeking;policy-seeking;policy-seeking;não sei;vote-seeking;vote-seeking;policy-seeking;não sei;não sei;não sei;policy-seeking;não sei;não sei;não sei;vote-seeking;não sei;não sei;não sei;policy-seeking;não sei;;;;;;;;;;;;;;;;;;;;;;;;;;;;;;;;;;;;;;;;;;;;;;;;;;;;;;;;;;;;;;;;
20180487;9;9;4;4;9;4;5;10;9;10;8;9;7;6;8;10;1;2;9;8;8;3;7;10;8;1;9;8;5;10;6;6;9;6;6;vote-seeking;vote-seeking;office-seeking;policy-seeking;office-seeking;policy-seeking;office-seeking;office-seeking;vote-seeking;office-seeking;vote-seeking;vote-seeking;office-seeking;vote-seeking;vote-seeking;vote-seeking;policy-seeking;policy-seeking;vote-seeking;vote-seeking;vote-seeking;office-seeking;vote-seeking;vote-seeking;vote-seeking;policy-seeking;vote-seeking;vote-seeking;office-seeking;não sei;vote-seeking;vote-seeking;office-seeking;office-seeking;vote-seeking;;;;;;;;;;;;;;;;;;;;;;;;;;;;;;;;;;;;;;;;;;;;;;;;;;;;;;;;;;;;;;;;
20180488;8;8;4;4;9;3;3;6;8;9;8;8;8;5;9;9;1;1;8;8;9;2;6;8;9;1;8;8;6;9;8;6;9;4;8;office-seeking;vote-seeking;office-seeking;office-seeking;policy-seeking;office-seeking;policy-seeking;office-seeking;vote-seeking;vote-seeking;vote-seeking;vote-seeking;vote-seeking;vote-seeking;vote-seeking;office-seeking;policy-seeking;policy-seeking;vote-seeking;vote-seeking;vote-seeking;policy-seeking;vote-seeking;vote-seeking;office-seeking;policy-seeking;office-seeking;office-seeking;vote-seeking;vote-seeking;vote-seeking;office-seeking;vote-seeking;vote-seeking;vote-seeking;;;;;;;;;;;;;;;;;;;;;;;;;;;;;;;;;;;;;;;;;;;;;;;;;;;;;;;;;;;;;;;;
20180489;;;;;7;;;;;;;7;;;;;3;;;;;2;;;8;3;7;;7;7;;;;;;office-seeking;office-seeking;office-seeking;office-seeking;office-seeking;office-seeking;office-seeking;policy-seeking;não sei;office-seeking;não sei;policy-seeking;policy-seeking;policy-seeking;não sei;não sei;policy-seeking;office-seeking;não sei;não sei;não sei;policy-seeking;não sei;não sei;policy-seeking;vote-seeking;não sei;office-seeking;não sei;não sei;não sei;não sei;não sei;policy-seeking;não sei;;;;;;;;;;;;;;;;;;;;;;;;;;;;;;;;;;;;;;;;;;;;;;;;;;;;;;;;;;;;;;;;
20180490;;8;4;3;9;3;3;6;7;9;8;7;6;4;4;9;0;2;8;7;9;0;7;10;9;1;7;7;9;6;7;4;7;4;7;office-seeking;office-seeking;office-seeking;policy-seeking;office-seeking;office-seeking;office-seeking;policy-seeking;vote-seeking;vote-seeking;vote-seeking;vote-seeking;policy-seeking;policy-seeking;office-seeking;office-seeking;policy-seeking;policy-seeking;vote-seeking;vote-seeking;vote-seeking;policy-seeking;vote-seeking;vote-seeking;vote-seeking;policy-seeking;office-seeking;office-seeking;vote-seeking;vote-seeking;office-seeking;vote-seeking;office-seeking;policy-seeking;vote-seeking;;;;;;;;;;;;;;;;;;;;;;;;;;;;;;;;;;;;;;;;;;;;;;;;;;;;;;;;;;;;;;;;
20180491;7;4;6;3;10;3;4;8;6;6;3;7;2;6;4;8;0;1;8;;7;0;8;10;7;2;7;5;;7;8;8;;4;6;policy-seeking;não sei;policy-seeking;policy-seeking;policy-seeking;policy-seeking;office-seeking;policy-seeking;office-seeking;vote-seeking;não sei;não sei;office-seeking;office-seeking;policy-seeking;office-seeking;office-seeking;policy-seeking;office-seeking;não sei;office-seeking;office-seeking;não sei;office-seeking;office-seeking;policy-seeking;policy-seeking;office-seeking;office-seeking;vote-seeking;vote-seeking;vote-seeking;não sei;office-seeking;não sei;;;;;;;;;;;;;;;;;;;;;;;;;;;;;;;;;;;;;;;;;;;;;;;;;;;;;;;;;;;;;;;;
20180492;;4;4;4;10;2;3;6;6;6;5;6;4;6;4;8;4;1;5;6;6;;7;9;6;4;9;6;6;6;5;6;7;6;7;vote-seeking;office-seeking;office-seeking;office-seeking;vote-seeking;policy-seeking;office-seeking;vote-seeking;não sei;office-seeking;não sei;office-seeking;policy-seeking;office-seeking;policy-seeking;não sei;policy-seeking;policy-seeking;não sei;não sei;office-seeking;policy-seeking;office-seeking;não sei;não sei;policy-seeking;vote-seeking;vote-seeking;não sei;office-seeking;não sei;vote-seeking;office-seeking;office-seeking;não sei;;;;;;;;;;;;;;;;;;;;;;;;;;;;;;;;;;;;;;;;;;;;;;;;;;;;;;;;;;;;;;;;
20180493;8;8;3;3;8;3;4;8;8;8;8;8;5;6;8;9;2;4;8;7;8;1;7;8;8;1;8;8;9;9;6;7;7;4;8;vote-seeking;office-seeking;policy-seeking;policy-seeking;vote-seeking;policy-seeking;office-seeking;vote-seeking;office-seeking;office-seeking;office-seeking;office-seeking;office-seeking;office-seeking;office-seeking;office-seeking;policy-seeking;policy-seeking;office-seeking;office-seeking;office-seeking;policy-seeking;office-seeking;office-seeking;office-seeking;policy-seeking;office-seeking;office-seeking;office-seeking;office-seeking;office-seeking;office-seeking;office-seeking;policy-seeking;office-seeking;;;;;;;;;;;;;;;;;;;;;;;;;;;;;;;;;;;;;;;;;;;;;;;;;;;;;;;;;;;;;;;;
20180494;7;7;3;1;10;3;;9;8;8;9;10;;7;8;10;0;0;10;9;9;0;10;10;10;1;10;9;;10;9;9;10;8;8;office-seeking;office-seeking;policy-seeking;policy-seeking;office-seeking;policy-seeking;office-seeking;policy-seeking;vote-seeking;policy-seeking;vote-seeking;vote-seeking;vote-seeking;vote-seeking;vote-seeking;office-seeking;policy-seeking;policy-seeking;policy-seeking;vote-seeking;policy-seeking;policy-seeking;vote-seeking;policy-seeking;office-seeking;policy-seeking;office-seeking;office-seeking;vote-seeking;policy-seeking;office-seeking;office-seeking;não sei;policy-seeking;vote-seeking;;;;;;;;;;;;;;;;;;;;;;;;;;;;;;;;;;;;;;;;;;;;;;;;;;;;;;;;;;;;;;;;
20180495;;10;4;4;7;3;4;8;6;6;;6;3;;4;;3;2;6;;6;0;;6;6;4;;5;10;6;6;4;10;4;6;office-seeking;vote-seeking;vote-seeking;vote-seeking;vote-seeking;policy-seeking;policy-seeking;vote-seeking;office-seeking;policy-seeking;policy-seeking;office-seeking;policy-seeking;policy-seeking;vote-seeking;vote-seeking;policy-seeking;policy-seeking;vote-seeking;policy-seeking;office-seeking;policy-seeking;vote-seeking;office-seeking;office-seeking;policy-seeking;office-seeking;office-seeking;policy-seeking;policy-seeking;office-seeking;policy-seeking;vote-seeking;policy-seeking;office-seeking;;;;;;;;;;;;;;;;;;;;;;;;;;;;;;;;;;;;;;;;;;;;;;;;;;;;;;;;;;;;;;;;
20180496;7;8;3;2;10;1;3;8;8;10;8;8;7;7;8;8;0;0;10;8;8;0;8;8;8;1;8;8;10;8;8;8;8;4;8;office-seeking;office-seeking;vote-seeking;policy-seeking;office-seeking;policy-seeking;office-seeking;office-seeking;não sei;office-seeking;office-seeking;não sei;office-seeking;office-seeking;não sei;vote-seeking;policy-seeking;policy-seeking;não sei;não sei;não sei;policy-seeking;não sei;não sei;não sei;policy-seeking;não sei;não sei;não sei;não sei;não sei;office-seeking;não sei;vote-seeking;não sei;;;;;;;;;;;;;;;;;;;;;;;;;;;;;;;;;;;;;;;;;;;;;;;;;;;;;;;;;;;;;;;;
20180497;8;4;3;4;7;3;3;7;9;7;8;7;7;4;8;7;0;2;4;8;8;0;8;9;7;1;7;8;8;8;8;7;8;4;8;office-seeking;office-seeking;policy-seeking;vote-seeking;policy-seeking;policy-seeking;policy-seeking;vote-seeking;office-seeking;office-seeking;office-seeking;office-seeking;policy-seeking;vote-seeking;office-seeking;office-seeking;policy-seeking;policy-seeking;office-seeking;office-seeking;vote-seeking;policy-seeking;office-seeking;office-seeking;office-seeking;policy-seeking;office-seeking;office-seeking;office-seeking;office-seeking;office-seeking;office-seeking;office-seeking;policy-seeking;office-seeking;;;;;;;;;;;;;;;;;;;;;;;;;;;;;;;;;;;;;;;;;;;;;;;;;;;;;;;;;;;;;;;;
20180498;0;0;0;5;0;2;0;0;0;0;0;0;0;0;0;0;0;5;0;0;0;5;0;0;0;3;0;0;2;0;0;0;0;0;0;vote-seeking;office-seeking;vote-seeking;policy-seeking;vote-seeking;policy-seeking;vote-seeking;policy-seeking;office-seeking;office-seeking;office-seeking;office-seeking;office-seeking;office-seeking;office-seeking;policy-seeking;policy-seeking;policy-seeking;office-seeking;office-seeking;office-seeking;policy-seeking;office-seeking;office-seeking;office-seeking;policy-seeking;vote-seeking;office-seeking;policy-seeking;policy-seeking;office-seeking;office-seeking;policy-seeking;vote-seeking;office-seeking;;;;;;;;;;;;;;;;;;;;;;;;;;;;;;;;;;;;;;;;;;;;;;;;;;;;;;;;;;;;;;;;
20180499;7;;;3;8;1;;6;;7;8;;;;;8;2;1;;;8;0;;;;;;;;8;;;7;;;vote-seeking;não sei;não sei;office-seeking;vote-seeking;não sei;não sei;vote-seeking;não sei;não sei;não sei;não sei;não sei;policy-seeking;não sei;office-seeking;não sei;policy-seeking;não sei;não sei;não sei;não sei;não sei;não sei;não sei;policy-seeking;não sei;não sei;não sei;não sei;não sei;não sei;não sei;não sei;não sei;;;;;;;;;;;;;;;;;;;;;;;;;;;;;;;;;;;;;;;;;;;;;;;;;;;;;;;;;;;;;;;;
20180500;7;7;4;3;7;3;4;6;8;7;9;8;8;6;6;6;0;3;9;6;8;1;9;6;6;2;10;6;8;9;7;7;8;5;6;office-seeking;office-seeking;vote-seeking;vote-seeking;office-seeking;office-seeking;vote-seeking;vote-seeking;vote-seeking;vote-seeking;office-seeking;office-seeking;policy-seeking;office-seeking;não sei;office-seeking;policy-seeking;policy-seeking;não sei;office-seeking;vote-seeking;policy-seeking;policy-seeking;vote-seeking;office-seeking;policy-seeking;vote-seeking;office-seeking;office-seeking;office-seeking;office-seeking;office-seeking;policy-seeking;policy-seeking;vote-seeking;;;;;;;;;;;;;;;;;;;;;;;;;;;;;;;;;;;;;;;;;;;;;;;;;;;;;;;;;;;;;;;;
20180501;;;3;3;7;1;4;4;;6;;;;;;;0;0;;;5;0;4;6;4;1;;;;;;4;8;;;;;;;;;;;;;;;;;;;;;;;;;;;;;;;;;;;;;;;;;;;;;;;;;;;;;;;;;;;;;;;;;;;;;;;;;;;;;;;;;;;;;;;;;;;;;;;;;;;;;
20180502;6;3;3;2;9;0;4;6;8;10;5;6;5;4;5;10;0;0;7;;9;0;5;7;8;0;8;5;8;10;6;4;8;4;6;office-seeking;office-seeking;office-seeking;vote-seeking;vote-seeking;vote-seeking;vote-seeking;vote-seeking;office-seeking;office-seeking;vote-seeking;não sei;office-seeking;office-seeking;não sei;vote-seeking;policy-seeking;policy-seeking;não sei;office-seeking;office-seeking;policy-seeking;office-seeking;office-seeking;vote-seeking;policy-seeking;vote-seeking;office-seeking;não sei;office-seeking;não sei;não sei;policy-seeking;policy-seeking;não sei;;;;;;;;;;;;;;;;;;;;;;;;;;;;;;;;;;;;;;;;;;;;;;;;;;;;;;;;;;;;;;;;
20180503;6;6;4;4;7;3;3;6;9;9;7;7;3;6;4;6;0;0;7;6;9;0;6;8;6;4;6;6;9;6;6;6;6;6;6;vote-seeking;vote-seeking;vote-seeking;vote-seeking;vote-seeking;vote-seeking;vote-seeking;vote-seeking;vote-seeking;vote-seeking;vote-seeking;vote-seeking;policy-seeking;vote-seeking;não sei;vote-seeking;não sei;policy-seeking;vote-seeking;vote-seeking;vote-seeking;office-seeking;não sei;vote-seeking;vote-seeking;policy-seeking;vote-seeking;vote-seeking;vote-seeking;não sei;vote-seeking;vote-seeking;vote-seeking;vote-seeking;não sei;;;;;;;;;;;;;;;;;;;;;;;;;;;;;;;;;;;;;;;;;;;;;;;;;;;;;;;;;;;;;;;;
20180504;8;6;7;4;8;4;4;8;10;10;4;9;2;7;6;10;3;0;7;7;8;1;7;9;6;2;9;9;6;7;9;7;7;7;4;office-seeking;office-seeking;office-seeking;vote-seeking;office-seeking;vote-seeking;office-seeking;vote-seeking;policy-seeking;office-seeking;policy-seeking;policy-seeking;office-seeking;vote-seeking;office-seeking;office-seeking;policy-seeking;policy-seeking;policy-seeking;não sei;policy-seeking;policy-seeking;office-seeking;policy-seeking;office-seeking;policy-seeking;office-seeking;office-seeking;policy-seeking;policy-seeking;não sei;office-seeking;vote-seeking;office-seeking;policy-seeking;;;;;;;;;;;;;;;;;;;;;;;;;;;;;;;;;;;;;;;;;;;;;;;;;;;;;;;;;;;;;;;;
20180505;3;5;2;1;6;0;2;6;;6;;;4;3;;6;0;0;;;6;0;4;9;;1;;6;;5;6;4;9;3;5;vote-seeking;vote-seeking;vote-seeking;policy-seeking;office-seeking;policy-seeking;policy-seeking;vote-seeking;office-seeking;policy-seeking;não sei;não sei;policy-seeking;policy-seeking;não sei;office-seeking;policy-seeking;policy-seeking;não sei;office-seeking;office-seeking;policy-seeking;não sei;policy-seeking;não sei;policy-seeking;não sei;office-seeking;não sei;não sei;não sei;office-seeking;policy-seeking;policy-seeking;não sei;;;;;;;;;;;;;;;;;;;;;;;;;;;;;;;;;;;;;;;;;;;;;;;;;;;;;;;;;;;;;;;;
20180506;10;3;3;2;10;1;3;10;9;9;9;10;2;9;1;10;1;1;10;10;10;0;10;10;10;1;10;9;10;10;10;10;10;5;10;office-seeking;policy-seeking;policy-seeking;vote-seeking;office-seeking;policy-seeking;policy-seeking;vote-seeking;office-seeking;office-seeking;office-seeking;office-seeking;policy-seeking;office-seeking;office-seeking;office-seeking;policy-seeking;policy-seeking;office-seeking;office-seeking;office-seeking;não sei;office-seeking;office-seeking;office-seeking;policy-seeking;office-seeking;office-seeking;office-seeking;office-seeking;office-seeking;office-seeking;office-seeking;vote-seeking;office-seeking;;;;;;;;;;;;;;;;;;;;;;;;;;;;;;;;;;;;;;;;;;;;;;;;;;;;;;;;;;;;;;;;
20180507;7;9;2;2;7;2;3;7;10;10;10;8;2;3;10;10;0;0;10;8;10;0;8;10;8;1;9;6;8;9;8;7;10;4;8;office-seeking;office-seeking;office-seeking;policy-seeking;office-seeking;policy-seeking;office-seeking;vote-seeking;não sei;não sei;office-seeking;office-seeking;office-seeking;office-seeking;não sei;office-seeking;policy-seeking;policy-seeking;não sei;office-seeking;office-seeking;policy-seeking;não sei;office-seeking;office-seeking;policy-seeking;office-seeking;office-seeking;não sei;;office-seeking;office-seeking;não sei;policy-seeking;não sei;;;;;;;;;;;;;;;;;;;;;;;;;;;;;;;;;;;;;;;;;;;;;;;;;;;;;;;;;;;;;;;;
20180508;;6;3;3;6;2;3;4;;7;;;;4;;5;0;0;6;6;6;0;6;7;7;2;6;6;4;6;6;4;8;4;;vote-seeking;vote-seeking;office-seeking;policy-seeking;vote-seeking;policy-seeking;vote-seeking;vote-seeking;office-seeking;vote-seeking;office-seeking;office-seeking;office-seeking;policy-seeking;office-seeking;vote-seeking;policy-seeking;policy-seeking;office-seeking;office-seeking;office-seeking;policy-seeking;vote-seeking;office-seeking;vote-seeking;policy-seeking;office-seeking;vote-seeking;office-seeking;office-seeking;office-seeking;office-seeking;policy-seeking;vote-seeking;office-seeking;;;;;;;;;;;;;;;;;;;;;;;;;;;;;;;;;;;;;;;;;;;;;;;;;;;;;;;;;;;;;;;;
20180509;7;7;3;3;10;0;3;7;9;10;7;7;7;3;7;7;0;0;9;7;9;0;9;10;7;1;8;7;9;8;7;8;9;4;4;office-seeking;office-seeking;office-seeking;vote-seeking;office-seeking;policy-seeking;office-seeking;vote-seeking;vote-seeking;policy-seeking;vote-seeking;office-seeking;vote-seeking;policy-seeking;vote-seeking;office-seeking;policy-seeking;policy-seeking;vote-seeking;office-seeking;vote-seeking;policy-seeking;office-seeking;vote-seeking;office-seeking;policy-seeking;office-seeking;office-seeking;vote-seeking;vote-seeking;office-seeking;office-seeking;policy-seeking;policy-seeking;vote-seeking;;;;;;;;;;;;;;;;;;;;;;;;;;;;;;;;;;;;;;;;;;;;;;;;;;;;;;;;;;;;;;;;
20180510;5;6;4;3;9;1;3;6;6;7;5;6;7;5;5;7;1;1;7;5;7;1;7;6;6;2;6;5;7;9;5;5;8;5;5;vote-seeking;policy-seeking;policy-seeking;vote-seeking;policy-seeking;policy-seeking;vote-seeking;vote-seeking;office-seeking;office-seeking;office-seeking;office-seeking;office-seeking;office-seeking;office-seeking;vote-seeking;policy-seeking;policy-seeking;office-seeking;office-seeking;policy-seeking;policy-seeking;vote-seeking;policy-seeking;office-seeking;policy-seeking;vote-seeking;vote-seeking;office-seeking;office-seeking;office-seeking;vote-seeking;policy-seeking;policy-seeking;office-seeking;;;;;;;;;;;;;;;;;;;;;;;;;;;;;;;;;;;;;;;;;;;;;;;;;;;;;;;;;;;;;;;;
20180511;10;10;4;3;10;2;4;10;;10;;;10;4;;10;0;0;10;;10;0;5;;10;0;6;10;;;5;10;8;4;10;;;;;;;;;;;;;;;;;;;;;;;;;;;;;;;;;;;;;;;;;;;;;;;;;;;;;;;;;;;;;;;;;;;;;;;;;;;;;;;;;;;;;;;;;;;;;;;;;;;
20180512;8;4;;3;9;0;4;7;8;8;;7;2;;5;9;0;0;5;;6;0;6;6;6;1;6;;9;9;7;3;8;;;vote-seeking;policy-seeking;policy-seeking;policy-seeking;vote-seeking;policy-seeking;vote-seeking;policy-seeking;não sei;vote-seeking;não sei;não sei;não sei;não sei;não sei;office-seeking;não sei;policy-seeking;não sei;não sei;não sei;policy-seeking;não sei;office-seeking;não sei;policy-seeking;não sei;não sei;não sei;office-seeking;não sei;vote-seeking;policy-seeking;não sei;não sei;;;;;;;;;;;;;;;;;;;;;;;;;;;;;;;;;;;;;;;;;;;;;;;;;;;;;;;;;;;;;;;;
20180513;7;6;4;4;8;4;5;6;7;10;5;;4;5;7;7;1;0;9;6;9;0;6;10;7;2;8;6;3;9;5;7;9;4;;vote-seeking;office-seeking;vote-seeking;vote-seeking;office-seeking;vote-seeking;vote-seeking;vote-seeking;office-seeking;office-seeking;office-seeking;office-seeking;office-seeking;office-seeking;office-seeking;office-seeking;policy-seeking;policy-seeking;office-seeking;office-seeking;office-seeking;policy-seeking;office-seeking;office-seeking;office-seeking;policy-seeking;office-seeking;vote-seeking;office-seeking;office-seeking;office-seeking;office-seeking;policy-seeking;policy-seeking;office-seeking;;;;;;;;;;;;;;;;;;;;;;;;;;;;;;;;;;;;;;;;;;;;;;;;;;;;;;;;;;;;;;;;
20180514;6;2;4;4;;0;;7;;8;;5;2;5;3;4;0;2;;;8;3;6;10;9;2;;;;7;;4;6;4;;;;;;;;;;;;;;;;;;;;;;;;;;;;;;;;;;;;;;;;;;;;;;;;;;;;;;;;;;;;;;;;;;;;;;;;;;;;;;;;;;;;;;;;;;;;;;;;;;;;
20180515;7;7;4;;8;2;4;5;6;6;6;6;4;4;6;8;0;2;6;4;6;0;5;6;7;1;6;5;6;6;6;4;6;4;7;vote-seeking;office-seeking;office-seeking;vote-seeking;vote-seeking;policy-seeking;policy-seeking;policy-seeking;não sei;não sei;não sei;não sei;vote-seeking;vote-seeking;não sei;office-seeking;policy-seeking;policy-seeking;não sei;não sei;não sei;policy-seeking;não sei;não sei;office-seeking;policy-seeking;office-seeking;office-seeking;não sei;não sei;não sei;office-seeking;policy-seeking;vote-seeking;não sei;;;;;;;;;;;;;;;;;;;;;;;;;;;;;;;;;;;;;;;;;;;;;;;;;;;;;;;;;;;;;;;;
20180516;9;2;0;4;10;0;4;8;;10;;10;0;;1;10;0;0;3;5;8;0;10;9;;0;9;2;;7;;8;;;2;;;;;;;;;;;;;;;;;;;;;;;;;;;;;;;;;;;;;;;;;;;;;;;;;;;;;;;;;;;;;;;;;;;;;;;;;;;;;;;;;;;;;;;;;;;;;;;;;;;
20180517;5;4;4;4;6;3;4;6;9;7;6;7;4;6;6;7;0;0;7;6;7;0;7;6;6;0;7;6;10;10;7;6;7;4;2;vote-seeking;office-seeking;vote-seeking;vote-seeking;office-seeking;office-seeking;vote-seeking;vote-seeking;vote-seeking;office-seeking;office-seeking;office-seeking;vote-seeking;office-seeking;vote-seeking;office-seeking;policy-seeking;policy-seeking;vote-seeking;vote-seeking;office-seeking;policy-seeking;vote-seeking;vote-seeking;office-seeking;policy-seeking;office-seeking;office-seeking;policy-seeking;policy-seeking;office-seeking;vote-seeking;policy-seeking;policy-seeking;policy-seeking;;;;;;;;;;;;;;;;;;;;;;;;;;;;;;;;;;;;;;;;;;;;;;;;;;;;;;;;;;;;;;;;
20180518;;8;7;4;7;4;;6;8;9;7;8;;;;8;1;3;9;7;10;1;7;7;10;2;7;6;9;8;7;;9;6;7;office-seeking;office-seeking;vote-seeking;office-seeking;vote-seeking;policy-seeking;vote-seeking;office-seeking;vote-seeking;vote-seeking;vote-seeking;vote-seeking;vote-seeking;vote-seeking;vote-seeking;vote-seeking;policy-seeking;policy-seeking;vote-seeking;vote-seeking;vote-seeking;policy-seeking;vote-seeking;vote-seeking;vote-seeking;policy-seeking;vote-seeking;vote-seeking;policy-seeking;vote-seeking;vote-seeking;vote-seeking;vote-seeking;vote-seeking;vote-seeking;;;;;;;;;;;;;;;;;;;;;;;;;;;;;;;;;;;;;;;;;;;;;;;;;;;;;;;;;;;;;;;;
20180519;5;4;7;4;10;3;6;8;10;9;4;6;1;4;4;8;0;0;4;7;10;4;7;6;8;2;8;8;8;8;6;5;5;6;8;;;;;;;;;;;;;;;;;;;;;;;;;;;;;;;;;;;;;;;;;;;;;;;;;;;;;;;;;;;;;;;;;;;;;;;;;;;;;;;;;;;;;;;;;;;;;;;;;;;
20220001;;;;;;;;;;;;;;;;;;;;;;;;;;;;;;;;;;;;;;;;;;;;;;;;;;;;;;;;;;;;;;;;;;;;;;;;;;;3;3;;;;7;;;;;6;2;3;;6;3;;7;2;7;;;;;7;4;;3;vote-seeking;vote-seeking;vote-seeking;vote-seeking;vote-seeking;vote-seeking;vote-seeking;vote-seeking;vote-seeking;vote-seeking;vote-seeking;vote-seeking;vote-seeking;vote-seeking;vote-seeking;vote-seeking;vote-seeking;vote-seeking;policy-seeking;vote-seeking;vote-seeking;vote-seeking;vote-seeking;vote-seeking;vote-seeking;vote-seeking;vote-seeking;vote-seeking;vote-seeking;vote-seeking;vote-seeking;vote-seeking
20220002;;;;;;;;;;;;;;;;;;;;;;;;;;;;;;;;;;;;;;;;;;;;;;;;;;;;;;;;;;;;;;;;;;;;;;;7;9;10;3;3;2;4;8;8;9;8;4;4;10;8;0;0;9;10;0;8;7;1;7;7;8;8;8;10;4;9;9;office-seeking;office-seeking;policy-seeking;policy-seeking;policy-seeking;policy-seeking;vote-seeking;office-seeking;office-seeking;vote-seeking;office-seeking;policy-seeking;vote-seeking;vote-seeking;policy-seeking;policy-seeking;vote-seeking;vote-seeking;policy-seeking;vote-seeking;office-seeking;policy-seeking;vote-seeking;vote-seeking;office-seeking;office-seeking;office-seeking;office-seeking;policy-seeking;office-seeking;vote-seeking;não sei
20220003;;;;;;;;;;;;;;;;;;;;;;;;;;;;;;;;;;;;;;;;;;;;;;;;;;;;;;;;;;;;;;;;;;;;;;;6;9;10;4;3;3;4;6;8;9;7;4;4;5;8;0;0;9;6;0;7;8;1;9;6;8;6;5;7;3;5;1;;;;;;;;;;;;;;;;;;;;;;;;;;;;;;;;
20220004;;;;;;;;;;;;;;;;;;;;;;;;;;;;;;;;;;;;;;;;;;;;;;;;;;;;;;;;;;;;;;;;;;;;;;;7;8;10;4;3;1;4;7;8;9;7;4;4;7;8;0;0;9;8;0;7;9;1;10;7;8;9;6;8;4;8;1;office-seeking;office-seeking;policy-seeking;policy-seeking;policy-seeking;vote-seeking;vote-seeking;office-seeking;office-seeking;office-seeking;office-seeking;policy-seeking;office-seeking;office-seeking;policy-seeking;policy-seeking;office-seeking;office-seeking;policy-seeking;office-seeking;policy-seeking;policy-seeking;policy-seeking;vote-seeking;office-seeking;office-seeking;vote-seeking;policy-seeking;policy-seeking;office-seeking;vote-seeking;policy-seeking
20220005;;;;;;;;;;;;;;;;;;;;;;;;;;;;;;;;;;;;;;;;;;;;;;;;;;;;;;;;;;;;;;;;;;;;;;;;8;9;3;3;2;4;6;;9;7;;4;6;9;0;0;9;10;0;8;8;1;9;7;9;7;7;9;4;9;8;office-seeking;office-seeking;vote-seeking;vote-seeking;policy-seeking;vote-seeking;vote-seeking;office-seeking;office-seeking;office-seeking;vote-seeking;vote-seeking;office-seeking;office-seeking;policy-seeking;policy-seeking;office-seeking;office-seeking;policy-seeking;office-seeking;vote-seeking;policy-seeking;office-seeking;office-seeking;office-seeking;office-seeking;office-seeking;policy-seeking;vote-seeking;office-seeking;vote-seeking;office-seeking
20220006;;;;;;;;;;;;;;;;;;;;;;;;;;;;;;;;;;;;;;;;;;;;;;;;;;;;;;;;;;;;;;;;;;;;;;;6;7;9;4;3;4;4;7;;8;;4;4;;7;2;1;6;6;0;7;9;3;10;6;8;5;;8;4;;1;vote-seeking;office-seeking;policy-seeking;policy-seeking;office-seeking;office-seeking;policy-seeking;não sei;vote-seeking;office-seeking;office-seeking;policy-seeking;vote-seeking;office-seeking;policy-seeking;policy-seeking;não sei;não sei;policy-seeking;não sei;office-seeking;policy-seeking;office-seeking;vote-seeking;office-seeking;vote-seeking;vote-seeking;office-seeking;office-seeking;office-seeking;vote-seeking;policy-seeking
20220007;;;;;;;;;;;;;;;;;;;;;;;;;;;;;;;;;;;;;;;;;;;;;;;;;;;;;;;;;;;;;;;;;;;;;;;5;8;8;4;3;2;4;7;8;7;4;8;6;4;9;0;1;7;7;0;7;8;1;9;8;9;7;6;7;4;6;1;office-seeking;office-seeking;policy-seeking;policy-seeking;policy-seeking;policy-seeking;policy-seeking;não sei;office-seeking;não sei;office-seeking;vote-seeking;vote-seeking;office-seeking;vote-seeking;vote-seeking;não sei;vote-seeking;vote-seeking;office-seeking;office-seeking;policy-seeking;office-seeking;office-seeking;office-seeking;não sei;office-seeking;vote-seeking;policy-seeking;vote-seeking;office-seeking;vote-seeking
20220008;;;;;;;;;;;;;;;;;;;;;;;;;;;;;;;;;;;;;;;;;;;;;;;;;;;;;;;;;;;;;;;;;;;;;;;6;8;10;4;3;2;4;8;8;9;5;6;;6;9;0;0;7;7;0;8;8;1;10;7;10;6;6;10;4;9;0;office-seeking;office-seeking;vote-seeking;policy-seeking;policy-seeking;vote-seeking;vote-seeking;não sei;não sei;não sei;vote-seeking;vote-seeking;vote-seeking;office-seeking;não sei;não sei;não sei;não sei;não sei;office-seeking;office-seeking;policy-seeking;office-seeking;office-seeking;não sei;office-seeking;office-seeking;policy-seeking;policy-seeking;não sei;vote-seeking;não sei
20220009;;;;;;;;;;;;;;;;;;;;;;;;;;;;;;;;;;;;;;;;;;;;;;;;;;;;;;;;;;;;;;;;;;;;;;;6;7;10;4;4;2;4;7;;9;;;4;;8;0;0;10;8;0;8;9;2;9;;8;8;;7;4;7;2;office-seeking;office-seeking;policy-seeking;policy-seeking;policy-seeking;policy-seeking;policy-seeking;vote-seeking;policy-seeking;vote-seeking;vote-seeking;policy-seeking;office-seeking;office-seeking;policy-seeking;policy-seeking;vote-seeking;vote-seeking;policy-seeking;policy-seeking;office-seeking;policy-seeking;office-seeking;office-seeking;vote-seeking;vote-seeking;vote-seeking;policy-seeking;policy-seeking;vote-seeking;office-seeking;policy-seeking
20220010;;;;;;;;;;;;;;;;;;;;;;;;;;;;;;;;;;;;;;;;;;;;;;;;;;;;;;;;;;;;;;;;;;;;;;;;7;8;4;3;1;4;;7;8;;4;4;;8;1;1;9;8;1;6;9;3;9;7;9;;;7;4;7;1;vote-seeking;office-seeking;policy-seeking;policy-seeking;policy-seeking;policy-seeking;policy-seeking;office-seeking;office-seeking;office-seeking;policy-seeking;policy-seeking;office-seeking;vote-seeking;policy-seeking;policy-seeking;office-seeking;office-seeking;policy-seeking;office-seeking;office-seeking;policy-seeking;office-seeking;vote-seeking;office-seeking;office-seeking;office-seeking;policy-seeking;policy-seeking;office-seeking;vote-seeking;policy-seeking
20220011;;;;;;;;;;;;;;;;;;;;;;;;;;;;;;;;;;;;;;;;;;;;;;;;;;;;;;;;;;;;;;;;;;;;;;;8;9;9;4;3;3;4;7;8;9;7;7;6;7;9;1;1;8;8;2;8;9;2;9;8;;;7;9;;;1;vote-seeking;vote-seeking;policy-seeking;policy-seeking;policy-seeking;policy-seeking;vote-seeking;office-seeking;office-seeking;office-seeking;office-seeking;office-seeking;office-seeking;vote-seeking;policy-seeking;policy-seeking;vote-seeking;office-seeking;policy-seeking;vote-seeking;vote-seeking;policy-seeking;vote-seeking;vote-seeking;office-seeking;office-seeking;office-seeking;policy-seeking;policy-seeking;office-seeking;vote-seeking;policy-seeking
20220012;;;;;;;;;;;;;;;;;;;;;;;;;;;;;;;;;;;;;;;;;;;;;;;;;;;;;;;;;;;;;;;;;;;;;;;6;8;4;4;2;0;2;6;7;7;7;3;4;;;0;0;6;8;0;6;6;1;10;4;8;7;;9;4;;3;office-seeking;não sei;policy-seeking;vote-seeking;policy-seeking;não sei;vote-seeking;não sei;não sei;não sei;não sei;policy-seeking;não sei;office-seeking;policy-seeking;policy-seeking;não sei;não sei;policy-seeking;não sei;não sei;policy-seeking;vote-seeking;office-seeking;não sei;não sei;não sei;policy-seeking;policy-seeking;não sei;office-seeking;policy-seeking
20220013;;;;;;;;;;;;;;;;;;;;;;;;;;;;;;;;;;;;;;;;;;;;;;;;;;;;;;;;;;;;;;;;;;;;;;;6;8;3;3;;1;6;7;8;8;8;8;4;8;8;2;2;;8;3;8;8;4;7;7;7;8;8;8;;8;8;office-seeking;não sei;vote-seeking;policy-seeking;não sei;policy-seeking;office-seeking;office-seeking;office-seeking;não sei;office-seeking;policy-seeking;office-seeking;office-seeking;não sei;não sei;office-seeking;office-seeking;não sei;office-seeking;office-seeking;policy-seeking;office-seeking;office-seeking;office-seeking;office-seeking;office-seeking;office-seeking;office-seeking;policy-seeking;office-seeking;policy-seeking
20220014;;;;;;;;;;;;;;;;;;;;;;;;;;;;;;;;;;;;;;;;;;;;;;;;;;;;;;;;;;;;;;;;;;;;;;;8;10;8;7;3;4;;;1;9;7;5;;;9;1;1;;7;0;7;7;0;10;7;;;7;7;5;;;;;;;;;;;;;;;;;;;;;;;;;;;;;;;;;;
20220015;;;;;;;;;;;;;;;;;;;;;;;;;;;;;;;;;;;;;;;;;;;;;;;;;;;;;;;;;;;;;;;;;;;;;;;6;7;9;3;3;1;3;7;;8;8;6;4;7;8;0;1;;;0;9;9;1;10;8;9;;;7;3;7;;;;;;;;;;;;;;;;;;;;;;;;;;;;;;;;;
20220016;;;;;;;;;;;;;;;;;;;;;;;;;;;;;;;;;;;;;;;;;;;;;;;;;;;;;;;;;;;;;;;;;;;;;;;;8;8;3;3;0;4;4;7;10;7;8;4;6;7;0;0;7;10;0;6;6;1;8;7;7;7;7;7;4;6;6;office-seeking;vote-seeking;policy-seeking;policy-seeking;não sei;policy-seeking;office-seeking;vote-seeking;vote-seeking;não sei;vote-seeking;policy-seeking;office-seeking;vote-seeking;não sei;não sei;não sei;office-seeking;não sei;office-seeking;vote-seeking;policy-seeking;vote-seeking;office-seeking;office-seeking;não sei;office-seeking;policy-seeking;policy-seeking;office-seeking;office-seeking;não sei
20220017;;;;;;;;;;;;;;;;;;;;;;;;;;;;;;;;;;;;;;;;;;;;;;;;;;;;;;;;;;;;;;;;;;;;;;;;;;;;;;;;;;;;;;;;;;;;;;;;;;;;;;;;;;;;;;;;;;;;;;;;;;;;;;;;;;;;;;
20220018;;;;;;;;;;;;;;;;;;;;;;;;;;;;;;;;;;;;;;;;;;;;;;;;;;;;;;;;;;;;;;;;;;;;;;;;10;10;4;2;2;4;6;;9;9;6;4;;9;0;0;6;9;0;6;6;1;10;6;5;7;;10;4;;;office-seeking;não sei;policy-seeking;policy-seeking;policy-seeking;policy-seeking;policy-seeking;não sei;não sei;não sei;não sei;policy-seeking;não sei;vote-seeking;policy-seeking;policy-seeking;não sei;policy-seeking;policy-seeking;office-seeking;office-seeking;policy-seeking;office-seeking;office-seeking;não sei;não sei;office-seeking;policy-seeking;policy-seeking;não sei;vote-seeking;não sei
20220019;;;;;;;;;;;;;;;;;;;;;;;;;;;;;;;;;;;;;;;;;;;;;;;;;;;;;;;;;;;;;;;;;;;;;;;6;7;10;4;4;4;5;7;7;7;7;;;6;10;0;0;9;9;0;9;9;2;10;6;10;10;5;9;4;8;0;vote-seeking;office-seeking;policy-seeking;policy-seeking;office-seeking;vote-seeking;office-seeking;não sei;não sei;não sei;office-seeking;office-seeking;não sei;office-seeking;não sei;não sei;não sei;não sei;não sei;office-seeking;vote-seeking;policy-seeking;vote-seeking;office-seeking;não sei;não sei;não sei;policy-seeking;policy-seeking;não sei;vote-seeking;não sei
20220020;;;;;;;;;;;;;;;;;;;;;;;;;;;;;;;;;;;;;;;;;;;;;;;;;;;;;;;;;;;;;;;;;;;;;;;10;10;10;5;5;0;5;10;10;10;5;5;;10;10;0;0;10;10;0;10;10;0;10;10;10;;5;10;0;10;0;vote-seeking;office-seeking;policy-seeking;policy-seeking;policy-seeking;policy-seeking;não sei;office-seeking;office-seeking;não sei;não sei;policy-seeking;office-seeking;office-seeking;policy-seeking;policy-seeking;office-seeking;office-seeking;não sei;office-seeking;office-seeking;policy-seeking;office-seeking;vote-seeking;office-seeking;não sei;vote-seeking;não sei;policy-seeking;não sei;vote-seeking;policy-seeking
20220021;;;;;;;;;;;;;;;;;;;;;;;;;;;;;;;;;;;;;;;;;;;;;;;;;;;;;;;;;;;;;;;;;;;;;;;7;7;10;4;3;2;4;8;7;7;8;;;7;8;0;0;;;0;;8;2;9;5;9;5;5;9;4;;1;office-seeking;policy-seeking;vote-seeking;vote-seeking;policy-seeking;policy-seeking;vote-seeking;não sei;não sei;não sei;office-seeking;office-seeking;não sei;office-seeking;vote-seeking;vote-seeking;não sei;não sei;vote-seeking;office-seeking;office-seeking;vote-seeking;vote-seeking;office-seeking;vote-seeking;office-seeking;office-seeking;vote-seeking;policy-seeking;não sei;vote-seeking;vote-seeking
20220022;;;;;;;;;;;;;;;;;;;;;;;;;;;;;;;;;;;;;;;;;;;;;;;;;;;;;;;;;;;;;;;;;;;;;;;10;;1;;0;0;;10;;10;;;;;;0;0;;10;0;;;0;;;;;;;;;;;;;;;;;;;;;;;;;;;;;;;;;;;;;;;;;
20220023;;;;;;;;;;;;;;;;;;;;;;;;;;;;;;;;;;;;;;;;;;;;;;;;;;;;;;;;;;;;;;;;;;;;;;;6;8;8;;1;1;4;7;8;8;4;;4;6;7;1;0;8;8;0;8;8;1;9;;7;7;6;9;4;8;0;vote-seeking;office-seeking;policy-seeking;policy-seeking;policy-seeking;policy-seeking;office-seeking;não sei;vote-seeking;não sei;office-seeking;policy-seeking;office-seeking;office-seeking;policy-seeking;policy-seeking;não sei;não sei;não sei;não sei;vote-seeking;policy-seeking;vote-seeking;office-seeking;office-seeking;vote-seeking;office-seeking;policy-seeking;não sei;office-seeking;vote-seeking;policy-seeking
20220024;;;;;;;;;;;;;;;;;;;;;;;;;;;;;;;;;;;;;;;;;;;;;;;;;;;;;;;;;;;;;;;;;;;;;;;7;8;9;4;3;2;3;6;8;8;4;6;4;7;8;0;0;9;7;0;7;9;2;7;7;7;6;6;9;4;6;1;office-seeking;vote-seeking;policy-seeking;policy-seeking;policy-seeking;policy-seeking;policy-seeking;vote-seeking;policy-seeking;vote-seeking;vote-seeking;policy-seeking;vote-seeking;office-seeking;policy-seeking;policy-seeking;policy-seeking;não sei;policy-seeking;office-seeking;não sei;policy-seeking;office-seeking;office-seeking;vote-seeking;office-seeking;office-seeking;policy-seeking;policy-seeking;vote-seeking;vote-seeking;policy-seeking
20220025;;;;;;;;;;;;;;;;;;;;;;;;;;;;;;;;;;;;;;;;;;;;;;;;;;;;;;;;;;;;;;;;;;;;;;;7;10;7;4;5;2;4;7;8;8;7;6;;6;7;1;2;9;8;3;7;7;2;8;6;10;8;7;7;6;7;1;vote-seeking;não sei;policy-seeking;policy-seeking;policy-seeking;vote-seeking;policy-seeking;não sei;office-seeking;office-seeking;office-seeking;policy-seeking;office-seeking;office-seeking;policy-seeking;policy-seeking;não sei;não sei;policy-seeking;office-seeking;office-seeking;policy-seeking;office-seeking;office-seeking;office-seeking;office-seeking;office-seeking;policy-seeking;policy-seeking;não sei;vote-seeking;policy-seeking
20220026;;;;;;;;;;;;;;;;;;;;;;;;;;;;;;;;;;;;;;;;;;;;;;;;;;;;;;;;;;;;;;;;;;;;;;;7;7;8;4;3;2;4;7;5;10;6;6;4;6;8;0;0;8;8;0;;9;2;10;6;10;6;6;9;4;7;0;office-seeking;office-seeking;vote-seeking;vote-seeking;office-seeking;office-seeking;office-seeking;não sei;office-seeking;não sei;office-seeking;office-seeking;não sei;office-seeking;policy-seeking;policy-seeking;não sei;office-seeking;policy-seeking;não sei;office-seeking;policy-seeking;office-seeking;office-seeking;não sei;não sei;não sei;policy-seeking;office-seeking;não sei;office-seeking;policy-seeking
20220027;;;;;;;;;;;;;;;;;;;;;;;;;;;;;;;;;;;;;;;;;;;;;;;;;;;;;;;;;;;;;;;;;;;;;;;10;10;10;3;0;0;4;10;10;10;10;10;;10;10;0;4;10;10;0;10;10;0;10;10;10;10;10;10;;10;10;office-seeking;office-seeking;office-seeking;policy-seeking;policy-seeking;office-seeking;office-seeking;office-seeking;office-seeking;office-seeking;office-seeking;office-seeking;office-seeking;office-seeking;policy-seeking;office-seeking;office-seeking;office-seeking;policy-seeking;office-seeking;office-seeking;policy-seeking;;office-seeking;office-seeking;office-seeking;office-seeking;office-seeking;policy-seeking;office-seeking;office-seeking;office-seeking
20220028;;;;;;;;;;;;;;;;;;;;;;;;;;;;;;;;;;;;;;;;;;;;;;;;;;;;;;;;;;;;;;;;;;;;;;;7;8;9;3;2;2;3;8;8;9;9;7;3;7;9;0;0;9;9;0;8;9;1;10;8;10;7;6;10;3;9;9;vote-seeking;vote-seeking;policy-seeking;policy-seeking;policy-seeking;policy-seeking;policy-seeking;não sei;office-seeking;não sei;office-seeking;policy-seeking;não sei;office-seeking;não sei;não sei;não sei;não sei;não sei;office-seeking;não sei;policy-seeking;vote-seeking;vote-seeking;não sei;não sei;não sei;policy-seeking;policy-seeking;não sei;office-seeking;não sei
20220029;;;;;;;;;;;;;;;;;;;;;;;;;;;;;;;;;;;;;;;;;;;;;;;;;;;;;;;;;;;;;;;;;;;;;;;5;10;7;4;4;3;4;6;9;10;7;6;6;;9;1;1;;7;0;7;7;2;10;7;7;7;6;8;;7;1;office-seeking;vote-seeking;policy-seeking;policy-seeking;policy-seeking;policy-seeking;policy-seeking;vote-seeking;vote-seeking;vote-seeking;office-seeking;vote-seeking;não sei;office-seeking;não sei;não sei;vote-seeking;vote-seeking;não sei;vote-seeking;office-seeking;policy-seeking;office-seeking;office-seeking;office-seeking;office-seeking;office-seeking;não sei;policy-seeking;não sei;vote-seeking;não sei
20220030;;;;;;;;;;;;;;;;;;;;;;;;;;;;;;;;;;;;;;;;;;;;;;;;;;;;;;;;;;;;;;;;;;;;;;;10;10;8;3;4;2;;8;;7;;;4;;6;3;2;;8;2;9;8;0;10;8;10;;7;10;;;;vote-seeking;não sei;policy-seeking;policy-seeking;policy-seeking;office-seeking;vote-seeking;não sei;office-seeking;não sei;vote-seeking;office-seeking;não sei;policy-seeking;policy-seeking;policy-seeking;não sei;não sei;policy-seeking;vote-seeking;office-seeking;policy-seeking;vote-seeking;vote-seeking;policy-seeking;não sei;vote-seeking;vote-seeking;office-seeking;não sei;vote-seeking;não sei
20220031;;;;;;;;;;;;;;;;;;;;;;;;;;;;;;;;;;;;;;;;;;;;;;;;;;;;;;;;;;;;;;;;;;;;;;;6;8;8;4;2;2;2;7;9;10;6;;4;8;10;0;0;6;10;4;7;8;0;8;7;9;9;7;9;3;8;0;office-seeking;office-seeking;vote-seeking;office-seeking;policy-seeking;policy-seeking;vote-seeking;vote-seeking;vote-seeking;office-seeking;office-seeking;vote-seeking;vote-seeking;vote-seeking;policy-seeking;policy-seeking;office-seeking;vote-seeking;policy-seeking;vote-seeking;office-seeking;policy-seeking;office-seeking;office-seeking;office-seeking;vote-seeking;office-seeking;vote-seeking;policy-seeking;office-seeking;office-seeking;policy-seeking
20220032;;;;;;;;;;;;;;;;;;;;;;;;;;;;;;;;;;;;;;;;;;;;;;;;;;;;;;;;;;;;;;;;;;;;;;;7;8;6;2;2;1;4;5;9;9;8;8;4;7;7;0;1;5;6;0;8;8;1;8;6;7;7;7;8;5;7;0;office-seeking;office-seeking;policy-seeking;policy-seeking;vote-seeking;policy-seeking;policy-seeking;não sei;office-seeking;não sei;office-seeking;não sei;office-seeking;office-seeking;policy-seeking;policy-seeking;não sei;não sei;vote-seeking;office-seeking;office-seeking;policy-seeking;office-seeking;office-seeking;office-seeking;office-seeking;office-seeking;policy-seeking;policy-seeking;office-seeking;office-seeking;vote-seeking
20220033;;;;;;;;;;;;;;;;;;;;;;;;;;;;;;;;;;;;;;;;;;;;;;;;;;;;;;;;;;;;;;;;;;;;;;;7;9;6;4;3;1;4;7;6;8;6;7;4;4;8;3;1;4;10;1;7;8;2;9;6;10;7;6;10;6;4;6;;;;;;;;;;;;;;;;;;;;;;;;;;;;;;;;
20220034;;;;;;;;;;;;;;;;;;;;;;;;;;;;;;;;;;;;;;;;;;;;;;;;;;;;;;;;;;;;;;;;;;;;;;;6;7;6;;3;1;4;7;;8;3;7;3;4;7;0;1;7;8;1;6;7;3;7;7;7;4;7;8;4;7;5;policy-seeking;policy-seeking;vote-seeking;vote-seeking;vote-seeking;não sei;vote-seeking;não sei;policy-seeking;não sei;policy-seeking;vote-seeking;vote-seeking;policy-seeking;vote-seeking;vote-seeking;não sei;não sei;vote-seeking;não sei;office-seeking;vote-seeking;office-seeking;office-seeking;não sei;não sei;office-seeking;office-seeking;vote-seeking;não sei;policy-seeking;não sei
20220035;;;;;;;;;;;;;;;;;;;;;;;;;;;;;;;;;;;;;;;;;;;;;;;;;;;;;;;;;;;;;;;;;;;;;;;6;10;2;4;4;1;1;6;6;8;6;4;3;9;10;0;0;10;9;0;7;8;2;8;8;9;7;8;10;4;8;2;office-seeking;não sei;policy-seeking;policy-seeking;policy-seeking;policy-seeking;office-seeking;office-seeking;office-seeking;não sei;vote-seeking;vote-seeking;vote-seeking;office-seeking;policy-seeking;policy-seeking;não sei;office-seeking;policy-seeking;office-seeking;office-seeking;policy-seeking;vote-seeking;office-seeking;office-seeking;office-seeking;vote-seeking;vote-seeking;policy-seeking;office-seeking;vote-seeking;vote-seeking
20220036;;;;;;;;;;;;;;;;;;;;;;;;;;;;;;;;;;;;;;;;;;;;;;;;;;;;;;;;;;;;;;;;;;;;;;;8;10;8;3;2;2;4;8;7;7;5;6;4;8;10;0;0;8;9;1;7;7;1;10;5;10;4;4;10;4;5;0;;;;;;;;;;;;;;;;;;;;;;;;;;;;;;;;
20220037;;;;;;;;;;;;;;;;;;;;;;;;;;;;;;;;;;;;;;;;;;;;;;;;;;;;;;;;;;;;;;;;;;;;;;;9;10;6;3;3;2;2;10;10;8;7;10;3;5;10;0;1;4;10;0;7;7;0;10;;10;10;;10;2;6;0;vote-seeking;não sei;não sei;policy-seeking;policy-seeking;policy-seeking;policy-seeking;não sei;não sei;não sei;não sei;policy-seeking;não sei;policy-seeking;policy-seeking;policy-seeking;não sei;não sei;policy-seeking;não sei;não sei;policy-seeking;não sei;policy-seeking;não sei;não sei;não sei;office-seeking;policy-seeking;office-seeking;policy-seeking;policy-seeking
20220038;;;;;;;;;;;;;;;;;;;;;;;;;;;;;;;;;;;;;;;;;;;;;;;;;;;;;;;;;;;;;;;;;;;;;;;6;8;4;4;3;3;4;7;;6;3;;4;5;7;1;3;;7;1;6;7;2;7;7;9;;;7;3;;;office-seeking;não sei;office-seeking;policy-seeking;não sei;não sei;não sei;não sei;não sei;não sei;não sei;policy-seeking;não sei;vote-seeking;policy-seeking;policy-seeking;não sei;não sei;não sei;não sei;vote-seeking;policy-seeking;office-seeking;office-seeking;office-seeking;não sei;não sei;vote-seeking;policy-seeking;não sei;office-seeking;não sei
20220039;;;;;;;;;;;;;;;;;;;;;;;;;;;;;;;;;;;;;;;;;;;;;;;;;;;;;;;;;;;;;;;;;;;;;;;6;9;10;7;4;2;2;6;7;9;9;3;3;8;9;1;2;8;8;0;7;9;1;9;9;9;9;9;9;4;9;6;;;;;;;;;;;;;;;;;;;;;;;;;;;;;;;;
20220040;;;;;;;;;;;;;;;;;;;;;;;;;;;;;;;;;;;;;;;;;;;;;;;;;;;;;;;;;;;;;;;;;;;;;;;7;10;8;4;2;0;3;6;7;10;;10;3;8;8;0;0;8;8;0;9;9;0;7;9;10;8;10;10;2;8;0;office-seeking;office-seeking;policy-seeking;policy-seeking;vote-seeking;vote-seeking;office-seeking;office-seeking;office-seeking;vote-seeking;office-seeking;policy-seeking;office-seeking;office-seeking;vote-seeking;vote-seeking;office-seeking;office-seeking;vote-seeking;office-seeking;office-seeking;policy-seeking;office-seeking;office-seeking;office-seeking;office-seeking;office-seeking;office-seeking;policy-seeking;office-seeking;office-seeking;vote-seeking
20220041;;;;;;;;;;;;;;;;;;;;;;;;;;;;;;;;;;;;;;;;;;;;;;;;;;;;;;;;;;;;;;;;;;;;;;;5;10;8;2;2;0;2;;8;10;7;3;2;4;8;0;0;3;10;0;9;10;0;;8;6;4;4;8;;8;;office-seeking;office-seeking;vote-seeking;policy-seeking;policy-seeking;vote-seeking;vote-seeking;não sei;não sei;vote-seeking;policy-seeking;policy-seeking;não sei;office-seeking;policy-seeking;policy-seeking;não sei;não sei;policy-seeking;vote-seeking;vote-seeking;policy-seeking;office-seeking;office-seeking;não sei;não sei;vote-seeking;não sei;não sei;não sei;office-seeking;não sei
20220042;;;;;;;;;;;;;;;;;;;;;;;;;;;;;;;;;;;;;;;;;;;;;;;;;;;;;;;;;;;;;;;;;;;;;;;;10;6;3;2;2;;7;10;10;8;10;;5;10;0;0;;8;0;10;10;1;10;7;10;;;;;10;;;;;;;;;;;;;;;;;;;;;;;;;;;;;;;;;
20220043;;;;;;;;;;;;;;;;;;;;;;;;;;;;;;;;;;;;;;;;;;;;;;;;;;;;;;;;;;;;;;;;;;;;;;;7;9;9;4;2;2;;5;9;8;6;5;5;6;7;0;0;8;8;0;5;7;1;7;7;6;7;6;7;3;6;3;office-seeking;office-seeking;office-seeking;policy-seeking;policy-seeking;policy-seeking;office-seeking;vote-seeking;vote-seeking;vote-seeking;vote-seeking;office-seeking;vote-seeking;office-seeking;policy-seeking;policy-seeking;vote-seeking;office-seeking;policy-seeking;vote-seeking;office-seeking;policy-seeking;office-seeking;office-seeking;vote-seeking;vote-seeking;;vote-seeking;policy-seeking;vote-seeking;office-seeking;policy-seeking
20220044;;;;;;;;;;;;;;;;;;;;;;;;;;;;;;;;;;;;;;;;;;;;;;;;;;;;;;;;;;;;;;;;;;;;;;;5;7;9;4;3;2;4;;6;8;4;4;4;;8;1;0;8;7;0;6;9;2;9;;7;6;6;9;4;6;0;vote-seeking;office-seeking;vote-seeking;policy-seeking;policy-seeking;vote-seeking;vote-seeking;office-seeking;office-seeking;vote-seeking;policy-seeking;policy-seeking;office-seeking;office-seeking;policy-seeking;policy-seeking;office-seeking;office-seeking;policy-seeking;office-seeking;office-seeking;policy-seeking;office-seeking;office-seeking;office-seeking;office-seeking;office-seeking;policy-seeking;policy-seeking;;office-seeking;policy-seeking
20220045;;;;;;;;;;;;;;;;;;;;;;;;;;;;;;;;;;;;;;;;;;;;;;;;;;;;;;;;;;;;;;;;;;;;;;;8;10;3;3;2;0;3;8;;10;10;9;3;8;;0;1;8;9;0;;9;0;10;10;10;10;9;10;3;7;9;;;;;;;;;;;;;;;;;;;;;;;;;;;;;;;;
20220046;;;;;;;;;;;;;;;;;;;;;;;;;;;;;;;;;;;;;;;;;;;;;;;;;;;;;;;;;;;;;;;;;;;;;;;8;10;9;6;3;3;6;8;9;9;10;7;;6;10;1;;7;10;1;10;10;2;10;9;10;10;8;10;4;9;1;office-seeking;office-seeking;vote-seeking;policy-seeking;vote-seeking;office-seeking;policy-seeking;;não sei;não sei;não sei;não sei;não sei;office-seeking;vote-seeking;não sei;office-seeking;não sei;vote-seeking;office-seeking;office-seeking;vote-seeking;office-seeking;office-seeking;office-seeking;não sei;não sei;vote-seeking;vote-seeking;office-seeking;office-seeking;vote-seeking
20220047;;;;;;;;;;;;;;;;;;;;;;;;;;;;;;;;;;;;;;;;;;;;;;;;;;;;;;;;;;;;;;;;;;;;;;;;;;;;;;;;;;;;;;;;;;;;;;;;;;;;;;;;;;;;;;;;;;;;;;;;;;;;;;;;;;;;;;
20220048;;;;;;;;;;;;;;;;;;;;;;;;;;;;;;;;;;;;;;;;;;;;;;;;;;;;;;;;;;;;;;;;;;;;;;;5;10;10;;;;;10;10;10;10;;;10;10;1;1;10;10;1;10;10;1;10;5;10;10;;10;;10;1;policy-seeking;policy-seeking;vote-seeking;office-seeking;policy-seeking;policy-seeking;policy-seeking;vote-seeking;policy-seeking;policy-seeking;policy-seeking;vote-seeking;policy-seeking;policy-seeking;policy-seeking;policy-seeking;policy-seeking;policy-seeking;policy-seeking;policy-seeking;policy-seeking;office-seeking;vote-seeking;vote-seeking;policy-seeking;vote-seeking;vote-seeking;policy-seeking;policy-seeking;vote-seeking;policy-seeking;office-seeking
20220049;;;;;;;;;;;;;;;;;;;;;;;;;;;;;;;;;;;;;;;;;;;;;;;;;;;;;;;;;;;;;;;;;;;;;;;5;8;6;4;4;2;4;6;5;5;5;4;4;6;7;0;1;8;6;0;6;8;0;7;6;6;6;4;7;4;4;2;policy-seeking;policy-seeking;policy-seeking;policy-seeking;vote-seeking;policy-seeking;policy-seeking;não sei;vote-seeking;vote-seeking;policy-seeking;policy-seeking;office-seeking;office-seeking;vote-seeking;vote-seeking;vote-seeking;vote-seeking;vote-seeking;vote-seeking;office-seeking;policy-seeking;policy-seeking;policy-seeking;policy-seeking;vote-seeking;policy-seeking;policy-seeking;policy-seeking;vote-seeking;policy-seeking;vote-seeking
20220050;;;;;;;;;;;;;;;;;;;;;;;;;;;;;;;;;;;;;;;;;;;;;;;;;;;;;;;;;;;;;;;;;;;;;;;6;7;6;6;3;1;2;6;5;6;4;5;4;4;6;1;1;8;6;1;6;7;1;8;6;7;4;4;8;4;6;1;;;;;;;;;;;;;;;;;;;;;;;;;;;;;;;;
20220051;;;;;;;;;;;;;;;;;;;;;;;;;;;;;;;;;;;;;;;;;;;;;;;;;;;;;;;;;;;;;;;;;;;;;;;4;8;;6;0;0;6;6;;;;;;;7;0;0;;10;0;;;0;;7;;;;;;7;;;;;;;;;;;;;;;;;;;;;;;;;;;;;;;;;
20220052;;;;;;;;;;;;;;;;;;;;;;;;;;;;;;;;;;;;;;;;;;;;;;;;;;;;;;;;;;;;;;;;;;;;;;;6;8;9;4;3;1;3;;7;10;;4;4;4;7;0;2;5;8;0;6;8;2;10;4;8;7;6;10;4;;7;vote-seeking;office-seeking;policy-seeking;policy-seeking;office-seeking;office-seeking;vote-seeking;office-seeking;office-seeking;office-seeking;office-seeking;policy-seeking;office-seeking;vote-seeking;policy-seeking;office-seeking;office-seeking;office-seeking;policy-seeking;office-seeking;office-seeking;policy-seeking;vote-seeking;office-seeking;office-seeking;office-seeking;office-seeking;policy-seeking;policy-seeking;não sei;vote-seeking;não sei
20220053;;;;;;;;;;;;;;;;;;;;;;;;;;;;;;;;;;;;;;;;;;;;;;;;;;;;;;;;;;;;;;;;;;;;;;;4;4;8;0;0;0;3;2;5;;;0;;;;0;0;;;0;;;0;;;;;;;;;0;office-seeking;vote-seeking;policy-seeking;policy-seeking;policy-seeking;office-seeking;office-seeking;office-seeking;office-seeking;vote-seeking;policy-seeking;office-seeking;vote-seeking;vote-seeking;policy-seeking;policy-seeking;office-seeking;office-seeking;policy-seeking;vote-seeking;office-seeking;policy-seeking;vote-seeking;vote-seeking;vote-seeking;vote-seeking;vote-seeking;vote-seeking;policy-seeking;vote-seeking;vote-seeking;vote-seeking
20220054;;;;;;;;;;;;;;;;;;;;;;;;;;;;;;;;;;;;;;;;;;;;;;;;;;;;;;;;;;;;;;;;;;;;;;;5;9;9;2;1;0;2;5;8;8;8;;3;8;9;0;0;9;9;0;7;9;1;9;6;8;6;7;9;2;8;0;vote-seeking;office-seeking;;policy-seeking;policy-seeking;policy-seeking;vote-seeking;office-seeking;office-seeking;office-seeking;policy-seeking;policy-seeking;office-seeking;vote-seeking;policy-seeking;policy-seeking;office-seeking;office-seeking;policy-seeking;vote-seeking;vote-seeking;policy-seeking;vote-seeking;vote-seeking;office-seeking;office-seeking;office-seeking;policy-seeking;policy-seeking;office-seeking;vote-seeking;office-seeking
20220055;;;;;;;;;;;;;;;;;;;;;;;;;;;;;;;;;;;;;;;;;;;;;;;;;;;;;;;;;;;;;;;;;;;;;;;7;8;9;4;4;3;;6;7;7;7;7;7;7;8;1;2;7;7;1;7;8;2;8;5;7;7;;7;5;;1;office-seeking;office-seeking;policy-seeking;policy-seeking;policy-seeking;policy-seeking;policy-seeking;não sei;vote-seeking;vote-seeking;office-seeking;office-seeking;office-seeking;office-seeking;policy-seeking;policy-seeking;não sei;vote-seeking;policy-seeking;office-seeking;office-seeking;policy-seeking;office-seeking;office-seeking;office-seeking;não sei;policy-seeking;policy-seeking;policy-seeking;não sei;office-seeking;policy-seeking
20220056;;;;;;;;;;;;;;;;;;;;;;;;;;;;;;;;;;;;;;;;;;;;;;;;;;;;;;;;;;;;;;;;;;;;;;;8;10;10;7;1;3;5;9;6;9;8;6;6;6;10;10;10;10;10;0;10;10;4;10;7;10;10;7;10;4;10;10;office-seeking;vote-seeking;office-seeking;policy-seeking;office-seeking;vote-seeking;office-seeking;vote-seeking;vote-seeking;vote-seeking;vote-seeking;office-seeking;vote-seeking;office-seeking;vote-seeking;vote-seeking;vote-seeking;vote-seeking;vote-seeking;vote-seeking;vote-seeking;policy-seeking;office-seeking;office-seeking;vote-seeking;vote-seeking;vote-seeking;policy-seeking;office-seeking;vote-seeking;policy-seeking;não sei
20220057;;;;;;;;;;;;;;;;;;;;;;;;;;;;;;;;;;;;;;;;;;;;;;;;;;;;;;;;;;;;;;;;;;;;;;;6;10;4;6;3;2;4;6;8;8;7;6;6;3;10;0;0;7;8;1;8;8;2;10;6;10;8;4;8;6;6;;office-seeking;office-seeking;office-seeking;policy-seeking;policy-seeking;office-seeking;office-seeking;vote-seeking;vote-seeking;vote-seeking;office-seeking;office-seeking;office-seeking;office-seeking;policy-seeking;policy-seeking;office-seeking;vote-seeking;policy-seeking;office-seeking;office-seeking;policy-seeking;office-seeking;office-seeking;office-seeking;office-seeking;office-seeking;office-seeking;office-seeking;office-seeking;office-seeking;office-seeking
20220058;;;;;;;;;;;;;;;;;;;;;;;;;;;;;;;;;;;;;;;;;;;;;;;;;;;;;;;;;;;;;;;;;;;;;;;5;;6;4;3;3;4;4;6;6;6;4;4;6;5;1;1;6;6;0;6;6;3;6;6;6;6;3;7;4;7;6;office-seeking;vote-seeking;vote-seeking;policy-seeking;office-seeking;office-seeking;policy-seeking;vote-seeking;vote-seeking;vote-seeking;vote-seeking;vote-seeking;vote-seeking;vote-seeking;policy-seeking;policy-seeking;vote-seeking;vote-seeking;não sei;vote-seeking;vote-seeking;office-seeking;vote-seeking;vote-seeking;vote-seeking;vote-seeking;office-seeking;office-seeking;office-seeking;vote-seeking;vote-seeking;vote-seeking
20220059;;;;;;;;;;;;;;;;;;;;;;;;;;;;;;;;;;;;;;;;;;;;;;;;;;;;;;;;;;;;;;;;;;;;;;;6;8;9;4;2;3;3;7;;7;;4;3;;8;0;0;;7;0;5;7;1;9;7;8;6;4;10;3;7;0;office-seeking;office-seeking;vote-seeking;vote-seeking;policy-seeking;vote-seeking;vote-seeking;office-seeking;office-seeking;;office-seeking;office-seeking;office-seeking;office-seeking;policy-seeking;policy-seeking;office-seeking;office-seeking;policy-seeking;office-seeking;office-seeking;policy-seeking;office-seeking;office-seeking;office-seeking;office-seeking;office-seeking;policy-seeking;policy-seeking;office-seeking;vote-seeking;policy-seeking
20220060;;;;;;;;;;;;;;;;;;;;;;;;;;;;;;;;;;;;;;;;;;;;;;;;;;;;;;;;;;;;;;;;;;;;;;;6;8;5;4;3;2;3;6;5;8;8;6;4;6;8;0;2;6;8;0;9;8;2;9;7;8;7;6;9;4;7;5;office-seeking;office-seeking;policy-seeking;policy-seeking;policy-seeking;policy-seeking;policy-seeking;não sei;vote-seeking;vote-seeking;office-seeking;policy-seeking;office-seeking;office-seeking;policy-seeking;policy-seeking;vote-seeking;vote-seeking;policy-seeking;office-seeking;vote-seeking;policy-seeking;office-seeking;vote-seeking;vote-seeking;office-seeking;não sei;policy-seeking;policy-seeking;não sei;office-seeking;não sei
20220061;;;;;;;;;;;;;;;;;;;;;;;;;;;;;;;;;;;;;;;;;;;;;;;;;;;;;;;;;;;;;;;;;;;;;;;8;5;3;3;3;0;0;;;7;0;;0;3;7;0;0;;;0;;7;0;;;;;;;;;;policy-seeking;office-seeking;office-seeking;policy-seeking;policy-seeking;vote-seeking;policy-seeking;vote-seeking;vote-seeking;vote-seeking;office-seeking;policy-seeking;não sei;não sei;policy-seeking;policy-seeking;vote-seeking;vote-seeking;não sei;office-seeking;vote-seeking;policy-seeking;office-seeking;office-seeking;vote-seeking;não sei;vote-seeking;office-seeking;office-seeking;não sei;policy-seeking;não sei
20220062;;;;;;;;;;;;;;;;;;;;;;;;;;;;;;;;;;;;;;;;;;;;;;;;;;;;;;;;;;;;;;;;;;;;;;;6;9;9;4;1;1;1;5;7;9;9;6;3;9;9;0;0;9;9;0;9;10;10;9;5;10;9;4;10;2;10;10;vote-seeking;office-seeking;policy-seeking;policy-seeking;policy-seeking;policy-seeking;policy-seeking;não sei;policy-seeking;não sei;policy-seeking;policy-seeking;vote-seeking;office-seeking;policy-seeking;policy-seeking;não sei;não sei;policy-seeking;office-seeking;office-seeking;policy-seeking;office-seeking;vote-seeking;office-seeking;não sei;vote-seeking;vote-seeking;policy-seeking;não sei;vote-seeking;não sei
20220063;;;;;;;;;;;;;;;;;;;;;;;;;;;;;;;;;;;;;;;;;;;;;;;;;;;;;;;;;;;;;;;;;;;;;;;8;9;1;1;2;1;2;;;5;;6;1;;10;1;0;1;8;1;7;7;0;10;9;9;8;1;9;2;3;9;;;;;;;;;;;;;;;;;;;;;;;;;;;;;;;;
20220064;;;;;;;;;;;;;;;;;;;;;;;;;;;;;;;;;;;;;;;;;;;;;;;;;;;;;;;;;;;;;;;;;;;;;;;6;8;8;4;3;2;3;6;6;8;4;;;;7;1;1;;7;0;;7;2;7;4;9;8;7;8;;6;2;office-seeking;não sei;vote-seeking;policy-seeking;policy-seeking;não sei;não sei;não sei;policy-seeking;não sei;office-seeking;não sei;não sei;vote-seeking;policy-seeking;policy-seeking;não sei;não sei;não sei;não sei;não sei;policy-seeking;vote-seeking;office-seeking;não sei;não sei;não sei;policy-seeking;não sei;não sei;não sei;não sei
20220065;;;;;;;;;;;;;;;;;;;;;;;;;;;;;;;;;;;;;;;;;;;;;;;;;;;;;;;;;;;;;;;;;;;;;;;;7;9;3;3;2;4;;;9;;;4;;9;0;0;;;;8;7;1;9;;8;;;10;4;;;vote-seeking;office-seeking;policy-seeking;policy-seeking;policy-seeking;policy-seeking;vote-seeking;;;;policy-seeking;policy-seeking;;office-seeking;policy-seeking;policy-seeking;;;policy-seeking;;vote-seeking;policy-seeking;policy-seeking;vote-seeking;;;;policy-seeking;policy-seeking;;vote-seeking;
20220066;;;;;;;;;;;;;;;;;;;;;;;;;;;;;;;;;;;;;;;;;;;;;;;;;;;;;;;;;;;;;;;;;;;;;;;;;;;;;;;;;;;;;;;;;;;;;;;;;;;;;;;;;;;;;;;;;;;;;;;;;;;;;;;;;;;;;;
20220067;;;;;;;;;;;;;;;;;;;;;;;;;;;;;;;;;;;;;;;;;;;;;;;;;;;;;;;;;;;;;;;;;;;;;;;;;;;;;;;;;;;;;;;;;;;;;;;;;;;;;;;;;;;;;;;;;;;;;;;;;;;;;;;;;;;;;;
20220068;;;;;;;;;;;;;;;;;;;;;;;;;;;;;;;;;;;;;;;;;;;;;;;;;;;;;;;;;;;;;;;;;;;;;;;7;10;7;3;3;0;3;6;8;8;4;;3;5;8;0;0;9;10;0;;8;0;8;8;7;8;;8;3;7;1;;;;;;;;;;;;;;;;;;;;;;;;;;;;;;;;
20220069;;;;;;;;;;;;;;;;;;;;;;;;;;;;;;;;;;;;;;;;;;;;;;;;;;;;;;;;;;;;;;;;;;;;;;;6;7;8;5;3;3;5;7;5;6;6;5;4;6;8;0;3;7;7;1;6;7;1;10;8;6;6;6;8;5;5;1;office-seeking;office-seeking;policy-seeking;policy-seeking;policy-seeking;vote-seeking;policy-seeking;office-seeking;office-seeking;office-seeking;office-seeking;policy-seeking;office-seeking;office-seeking;policy-seeking;policy-seeking;office-seeking;office-seeking;policy-seeking;office-seeking;office-seeking;policy-seeking;office-seeking;office-seeking;office-seeking;office-seeking;office-seeking;policy-seeking;policy-seeking;não sei;office-seeking;policy-seeking
20220070;;;;;;;;;;;;;;;;;;;;;;;;;;;;;;;;;;;;;;;;;;;;;;;;;;;;;;;;;;;;;;;;;;;;;;;5;7;10;3;3;0;2;;;;;4;4;;;1;0;6;6;0;;;1;10;4;;;4;8;4;;4;office-seeking;office-seeking;policy-seeking;policy-seeking;policy-seeking;policy-seeking;vote-seeking;não sei;não sei;não sei;office-seeking;não sei;office-seeking;vote-seeking;policy-seeking;policy-seeking;não sei;office-seeking;policy-seeking;vote-seeking;não sei;policy-seeking;vote-seeking;vote-seeking;office-seeking;office-seeking;não sei;policy-seeking;não sei;não sei;vote-seeking;não sei
20220071;;;;;;;;;;;;;;;;;;;;;;;;;;;;;;;;;;;;;;;;;;;;;;;;;;;;;;;;;;;;;;;;;;;;;;;8;10;10;;3;3;4;6;10;10;10;7;4;7;10;0;0;10;10;0;10;10;0;10;10;10;10;;10;3;8;0;;;;;;;;;;;;;;;;;;;;;;;;;;;;;;;;
20220072;;;;;;;;;;;;;;;;;;;;;;;;;;;;;;;;;;;;;;;;;;;;;;;;;;;;;;;;;;;;;;;;;;;;;;;;6;9;3;2;1;4;6;8;9;7;;4;6;9;0;0;9;10;0;8;8;1;9;;10;9;;8;;8;;office-seeking;office-seeking;policy-seeking;policy-seeking;não sei;vote-seeking;office-seeking;não sei;office-seeking;office-seeking;office-seeking;vote-seeking;office-seeking;office-seeking;vote-seeking;vote-seeking;office-seeking;office-seeking;vote-seeking;office-seeking;office-seeking;policy-seeking;vote-seeking;vote-seeking;vote-seeking;office-seeking;vote-seeking;vote-seeking;office-seeking;office-seeking;vote-seeking;não sei
20220073;;;;;;;;;;;;;;;;;;;;;;;;;;;;;;;;;;;;;;;;;;;;;;;;;;;;;;;;;;;;;;;;;;;;;;;;;;;;;;;;;;;;;;;;;;;;;;;;;;;;;;;;;;;;;;;;;;;;;;;;;;;;;;;;;;;;;;
20220074;;;;;;;;;;;;;;;;;;;;;;;;;;;;;;;;;;;;;;;;;;;;;;;;;;;;;;;;;;;;;;;;;;;;;;;6;7;8;4;4;1;4;6;;;;3;3;;8;0;1;;;0;6;6;1;10;3;7;;5;10;3;;;office-seeking;office-seeking;office-seeking;office-seeking;office-seeking;office-seeking;office-seeking;office-seeking;office-seeking;office-seeking;office-seeking;policy-seeking;office-seeking;office-seeking;policy-seeking;policy-seeking;office-seeking;office-seeking;policy-seeking;office-seeking;office-seeking;policy-seeking;office-seeking;office-seeking;office-seeking;office-seeking;office-seeking;office-seeking;office-seeking;office-seeking;office-seeking;office-seeking
20220075;;;;;;;;;;;;;;;;;;;;;;;;;;;;;;;;;;;;;;;;;;;;;;;;;;;;;;;;;;;;;;;;;;;;;;;6;8;10;3;3;3;4;7;8;8;7;6;4;;8;0;0;8;8;0;7;7;2;10;;6;7;6;9;4;7;0;;;;;;;;;;;;;;;;;;;;;;;;;;;;;;;;
20220076;;;;;;;;;;;;;;;;;;;;;;;;;;;;;;;;;;;;;;;;;;;;;;;;;;;;;;;;;;;;;;;;;;;;;;;;10;3;3;0;0;0;10;3;6;3;2;0;1;6;0;0;4;7;0;4;6;0;10;10;10;10;6;10;2;2;0;policy-seeking;vote-seeking;vote-seeking;office-seeking;office-seeking;office-seeking;policy-seeking;office-seeking;office-seeking;office-seeking;office-seeking;office-seeking;office-seeking;office-seeking;office-seeking;office-seeking;office-seeking;office-seeking;office-seeking;office-seeking;policy-seeking;office-seeking;policy-seeking;office-seeking;office-seeking;office-seeking;policy-seeking;office-seeking;policy-seeking;office-seeking;policy-seeking;office-seeking
20220077;;;;;;;;;;;;;;;;;;;;;;;;;;;;;;;;;;;;;;;;;;;;;;;;;;;;;;;;;;;;;;;;;;;;;;;;;;;;;;;;;;;;;;;;;;;;;;;;;;;;;;;;;;;;;;;;;;;;;;;;;;;;;;;;;;;;;;
20220078;;;;;;;;;;;;;;;;;;;;;;;;;;;;;;;;;;;;;;;;;;;;;;;;;;;;;;;;;;;;;;;;;;;;;;;;;;;;;;;;;;;;;;;;;;;;;;;;;;;;;;;;;;;;;;;;;;;;;;;;;;;;;;;;;;;;;;
20220079;;;;;;;;;;;;;;;;;;;;;;;;;;;;;;;;;;;;;;;;;;;;;;;;;;;;;;;;;;;;;;;;;;;;;;;;;;;;;;;;;;;;;;;;;;;;;;;;;;;;;;;;;;;;;;;;;;;;;;;;;;;;;;;;;;;;;;
20220080;;;;;;;;;;;;;;;;;;;;;;;;;;;;;;;;;;;;;;;;;;;;;;;;;;;;;;;;;;;;;;;;;;;;;;;;;;;;;;;;;;;;;;;;;;;;;;;;;;;;;;;;;;;;;;;;;;;;;;;;;;;;;;;;;;;;;;
20220081;;;;;;;;;;;;;;;;;;;;;;;;;;;;;;;;;;;;;;;;;;;;;;;;;;;;;;;;;;;;;;;;;;;;;;;5;10;7;;4;2;6;7;9;10;10;10;6;8;10;1;0;;10;0;9;9;3;10;8;10;10;9;10;6;10;0;vote-seeking;office-seeking;office-seeking;policy-seeking;vote-seeking;vote-seeking;vote-seeking;office-seeking;office-seeking;office-seeking;office-seeking;office-seeking;office-seeking;office-seeking;não sei;policy-seeking;office-seeking;office-seeking;office-seeking;office-seeking;office-seeking;policy-seeking;office-seeking;office-seeking;office-seeking;office-seeking;office-seeking;vote-seeking;policy-seeking;office-seeking;vote-seeking;policy-seeking
20220082;;;;;;;;;;;;;;;;;;;;;;;;;;;;;;;;;;;;;;;;;;;;;;;;;;;;;;;;;;;;;;;;;;;;;;;6;7;9;4;3;2;4;6;7;8;7;6;6;6;8;0;2;5;9;0;6;7;1;9;6;8;8;6;8;5;8;;;;;;;;;;;;;;;;;;;;;;;;;;;;;;;;;
20220083;;;;;;;;;;;;;;;;;;;;;;;;;;;;;;;;;;;;;;;;;;;;;;;;;;;;;;;;;;;;;;;;;;;;;;;7;10;10;3;1;0;2;6;9;7;7;4;3;7;10;0;0;10;10;0;8;7;0;8;7;7;7;8;10;1;5;0;;;;;;;;;;;;;;;;;;;;;;;;;;;;;;;;
20220084;;;;;;;;;;;;;;;;;;;;;;;;;;;;;;;;;;;;;;;;;;;;;;;;;;;;;;;;;;;;;;;;;;;;;;;;;;;;;;;;;;;;;;;;;;;;;;;;;;;;;;;;;;;;;;;;;;;;;;;;;;;;;;;;;;;;;;
20220085;;;;;;;;;;;;;;;;;;;;;;;;;;;;;;;;;;;;;;;;;;;;;;;;;;;;;;;;;;;;;;;;;;;;;;;;;;;;;;;;;;;;;;;;;;;;;;;;;;;;;;;;;;;;;;;;;;;;;;;;;;;;;;;;;;;;;;
20220086;;;;;;;;;;;;;;;;;;;;;;;;;;;;;;;;;;;;;;;;;;;;;;;;;;;;;;;;;;;;;;;;;;;;;;;6;8;8;3;1;0;4;8;8;10;8;6;;7;9;0;0;8;9;0;8;9;1;10;8;8;;8;9;2;9;0;office-seeking;não sei;não sei;policy-seeking;policy-seeking;policy-seeking;não sei;não sei;não sei;office-seeking;policy-seeking;não sei;não sei;office-seeking;policy-seeking;policy-seeking;não sei;não sei;policy-seeking;office-seeking;office-seeking;policy-seeking;office-seeking;office-seeking;office-seeking;não sei;office-seeking;policy-seeking;policy-seeking;office-seeking;office-seeking;policy-seeking
20220087;;;;;;;;;;;;;;;;;;;;;;;;;;;;;;;;;;;;;;;;;;;;;;;;;;;;;;;;;;;;;;;;;;;;;;;6;10;1;4;3;0;4;6;;7;;7;3;4;6;0;0;;6;0;;6;3;7;6;6;;;7;3;;0;;;;;;;;;;;;;;;;;;;;;;;;;;;;;;;;
20220088;;;;;;;;;;;;;;;;;;;;;;;;;;;;;;;;;;;;;;;;;;;;;;;;;;;;;;;;;;;;;;;;;;;;;;;6;8;10;4;3;2;4;6;8;8;7;8;5;8;8;0;2;7;10;0;7;8;2;10;5;7;9;9;10;4;9;0;office-seeking;vote-seeking;policy-seeking;policy-seeking;policy-seeking;não sei;não sei;não sei;office-seeking;não sei;vote-seeking;policy-seeking;office-seeking;vote-seeking;policy-seeking;policy-seeking;não sei;office-seeking;não sei;office-seeking;vote-seeking;policy-seeking;vote-seeking;vote-seeking;office-seeking;não sei;não sei;office-seeking;policy-seeking;não sei;vote-seeking;policy-seeking
20220089;;;;;;;;;;;;;;;;;;;;;;;;;;;;;;;;;;;;;;;;;;;;;;;;;;;;;;;;;;;;;;;;;;;;;;;5;8;4;2;3;0;3;6;8;9;2;5;4;;6;0;0;9;8;0;7;7;0;9;8;;4;;9;3;;0;;;;;;;;;;;;;;;;;;;;;;;;;;;;;;;;
20220090;;;;;;;;;;;;;;;;;;;;;;;;;;;;;;;;;;;;;;;;;;;;;;;;;;;;;;;;;;;;;;;;;;;;;;;6;8;9;2;2;0;3;6;8;9;5;4;3;4;8;0;0;9;9;0;8;8;1;9;7;9;4;6;9;2;5;5;office-seeking;vote-seeking;policy-seeking;vote-seeking;office-seeking;policy-seeking;vote-seeking;office-seeking;policy-seeking;vote-seeking;vote-seeking;policy-seeking;office-seeking;vote-seeking;policy-seeking;policy-seeking;vote-seeking;vote-seeking;policy-seeking;vote-seeking;vote-seeking;policy-seeking;vote-seeking;vote-seeking;office-seeking;office-seeking;office-seeking;policy-seeking;policy-seeking;policy-seeking;vote-seeking;vote-seeking
20220091;;;;;;;;;;;;;;;;;;;;;;;;;;;;;;;;;;;;;;;;;;;;;;;;;;;;;;;;;;;;;;;;;;;;;;;5;10;2;3;1;1;1;6;9;9;2;5;5;9;9;0;1;10;10;0;10;10;0;10;;10;10;10;10;1;10;0;office-seeking;office-seeking;policy-seeking;policy-seeking;policy-seeking;policy-seeking;office-seeking;não sei;não sei;não sei;office-seeking;policy-seeking;não sei;office-seeking;policy-seeking;policy-seeking;não sei;não sei;não sei;office-seeking;office-seeking;policy-seeking;office-seeking;não sei;não sei;não sei;não sei;office-seeking;policy-seeking;não sei;policy-seeking;não sei
20220092;;;;;;;;;;;;;;;;;;;;;;;;;;;;;;;;;;;;;;;;;;;;;;;;;;;;;;;;;;;;;;;;;;;;;;;7;10;10;3;0;0;0;8;10;10;2;5;3;9;10;0;0;10;10;0;;10;0;10;10;10;3;5;10;3;8;0;vote-seeking;office-seeking;vote-seeking;policy-seeking;policy-seeking;vote-seeking;vote-seeking;office-seeking;office-seeking;vote-seeking;office-seeking;policy-seeking;office-seeking;office-seeking;policy-seeking;policy-seeking;office-seeking;office-seeking;policy-seeking;office-seeking;office-seeking;policy-seeking;office-seeking;vote-seeking;office-seeking;office-seeking;policy-seeking;office-seeking;vote-seeking;office-seeking;office-seeking;office-seeking
20220093;;;;;;;;;;;;;;;;;;;;;;;;;;;;;;;;;;;;;;;;;;;;;;;;;;;;;;;;;;;;;;;;;;;;;;;6;10;4;4;1;0;0;5;;9;4;5;4;5;9;0;0;;8;0;;;0;10;8;9;7;;8;;7;0;office-seeking;não sei;vote-seeking;policy-seeking;policy-seeking;não sei;vote-seeking;não sei;office-seeking;não sei;não sei;policy-seeking;vote-seeking;vote-seeking;policy-seeking;policy-seeking;não sei;não sei;policy-seeking;vote-seeking;vote-seeking;policy-seeking;vote-seeking;vote-seeking;office-seeking;não sei;não sei;policy-seeking;não sei;não sei;vote-seeking;policy-seeking
20220094;;;;;;;;;;;;;;;;;;;;;;;;;;;;;;;;;;;;;;;;;;;;;;;;;;;;;;;;;;;;;;;;;;;;;;;7;9;10;4;3;2;4;6;7;7;4;6;4;4;7;0;0;9;8;0;4;7;0;7;7;7;3;6;7;7;7;0;office-seeking;vote-seeking;policy-seeking;policy-seeking;policy-seeking;policy-seeking;policy-seeking;vote-seeking;vote-seeking;não sei;office-seeking;vote-seeking;vote-seeking;vote-seeking;policy-seeking;policy-seeking;vote-seeking;office-seeking;policy-seeking;não sei;vote-seeking;policy-seeking;office-seeking;vote-seeking;vote-seeking;policy-seeking;vote-seeking;vote-seeking;policy-seeking;vote-seeking;office-seeking;policy-seeking
20220095;;;;;;;;;;;;;;;;;;;;;;;;;;;;;;;;;;;;;;;;;;;;;;;;;;;;;;;;;;;;;;;;;;;;;;;4;8;7;3;2;1;3;7;6;8;6;4;1;4;7;0;1;;8;1;7;7;1;6;7;7;7;5;8;4;6;2;;;;;;;;;;;;;;;;;;;;;;;;;;;;;;;;
20220096;;;;;;;;;;;;;;;;;;;;;;;;;;;;;;;;;;;;;;;;;;;;;;;;;;;;;;;;;;;;;;;;;;;;;;;;;;;;;;;;;;;;;;;;;;;;;;;;;;;;;;;;;;;;;;;;;;;;;;;;;;;;;;;;;;;;;;
20220097;;;;;;;;;;;;;;;;;;;;;;;;;;;;;;;;;;;;;;;;;;;;;;;;;;;;;;;;;;;;;;;;;;;;;;;;;;;;;;;;;;;;;;;;;;;;;;;;;;;;;;;;;;;;;;;;;;;;;;;;;;;;;;;;;;;;;;
20220098;;;;;;;;;;;;;;;;;;;;;;;;;;;;;;;;;;;;;;;;;;;;;;;;;;;;;;;;;;;;;;;;;;;;;;;10;10;10;5;0;0;5;10;10;10;10;2;5;10;10;0;0;10;10;0;10;10;0;10;10;10;10;3;10;3;10;;vote-seeking;vote-seeking;policy-seeking;policy-seeking;policy-seeking;office-seeking;vote-seeking;vote-seeking;vote-seeking;vote-seeking;policy-seeking;office-seeking;vote-seeking;vote-seeking;policy-seeking;policy-seeking;vote-seeking;vote-seeking;policy-seeking;vote-seeking;vote-seeking;policy-seeking;vote-seeking;vote-seeking;vote-seeking;vote-seeking;policy-seeking;policy-seeking;policy-seeking;vote-seeking;vote-seeking;vote-seeking
20220099;;;;;;;;;;;;;;;;;;;;;;;;;;;;;;;;;;;;;;;;;;;;;;;;;;;;;;;;;;;;;;;;;;;;;;;7;10;8;4;3;2;;7;8;9;6;6;;7;9;0;0;9;9;1;8;8;2;9;9;9;9;8;10;4;7;0;vote-seeking;vote-seeking;office-seeking;office-seeking;office-seeking;vote-seeking;vote-seeking;não sei;office-seeking;não sei;office-seeking;office-seeking;não sei;vote-seeking;policy-seeking;policy-seeking;office-seeking;office-seeking;policy-seeking;vote-seeking;vote-seeking;policy-seeking;vote-seeking;vote-seeking;office-seeking;office-seeking;vote-seeking;office-seeking;office-seeking;vote-seeking;vote-seeking;policy-seeking
20220100;;;;;;;;;;;;;;;;;;;;;;;;;;;;;;;;;;;;;;;;;;;;;;;;;;;;;;;;;;;;;;;;;;;;;;;;;;;;;;;;;;;;;;;;;;;;;;;;;;;;;;;;;;;;;;;;;;;;;;;;;;;;;;;;;;;;;;
20220101;;;;;;;;;;;;;;;;;;;;;;;;;;;;;;;;;;;;;;;;;;;;;;;;;;;;;;;;;;;;;;;;;;;;;;;6;9;10;4;2;3;5;7;7;7;;5;5;6;9;0;0;6;7;0;9;9;1;9;6;9;7;6;10;4;5;0;office-seeking;vote-seeking;policy-seeking;policy-seeking;policy-seeking;office-seeking;policy-seeking;não sei;vote-seeking;não sei;vote-seeking;policy-seeking;vote-seeking;office-seeking;policy-seeking;policy-seeking;vote-seeking;vote-seeking;policy-seeking;office-seeking;office-seeking;policy-seeking;office-seeking;office-seeking;vote-seeking;vote-seeking;vote-seeking;policy-seeking;policy-seeking;não sei;vote-seeking;policy-seeking
20220102;;;;;;;;;;;;;;;;;;;;;;;;;;;;;;;;;;;;;;;;;;;;;;;;;;;;;;;;;;;;;;;;;;;;;;;6;8;8;3;2;1;3;4;;9;;3;4;9;9;0;0;8;9;0;9;9;2;8;6;9;;6;9;3;7;5;office-seeking;vote-seeking;policy-seeking;policy-seeking;policy-seeking;policy-seeking;policy-seeking;não sei;não sei;não sei;policy-seeking;policy-seeking;vote-seeking;policy-seeking;policy-seeking;policy-seeking;policy-seeking;;policy-seeking;policy-seeking;policy-seeking;policy-seeking;policy-seeking;vote-seeking;policy-seeking;não sei;vote-seeking;policy-seeking;policy-seeking;vote-seeking;;
20220103;;;;;;;;;;;;;;;;;;;;;;;;;;;;;;;;;;;;;;;;;;;;;;;;;;;;;;;;;;;;;;;;;;;;;;;7;10;9;4;3;2;4;8;9;9;;;3;7;8;0;0;9;9;0;7;8;0;10;7;8;7;8;9;2;8;0;office-seeking;vote-seeking;policy-seeking;policy-seeking;policy-seeking;policy-seeking;policy-seeking;vote-seeking;vote-seeking;vote-seeking;office-seeking;policy-seeking;office-seeking;policy-seeking;policy-seeking;policy-seeking;vote-seeking;policy-seeking;policy-seeking;vote-seeking;office-seeking;policy-seeking;vote-seeking;office-seeking;vote-seeking;vote-seeking;vote-seeking;policy-seeking;policy-seeking;office-seeking;office-seeking;policy-seeking
20220104;;;;;;;;;;;;;;;;;;;;;;;;;;;;;;;;;;;;;;;;;;;;;;;;;;;;;;;;;;;;;;;;;;;;;;;6;9;9;;1;1;4;;7;8;7;8;4;;7;0;1;7;7;3;7;8;0;9;8;9;9;9;10;3;8;;policy-seeking;office-seeking;vote-seeking;policy-seeking;office-seeking;office-seeking;policy-seeking;vote-seeking;vote-seeking;vote-seeking;vote-seeking;office-seeking;vote-seeking;vote-seeking;policy-seeking;policy-seeking;não sei;vote-seeking;vote-seeking;vote-seeking;vote-seeking;policy-seeking;office-seeking;vote-seeking;vote-seeking;vote-seeking;vote-seeking;vote-seeking;office-seeking;não sei;office-seeking;não sei
20220105;;;;;;;;;;;;;;;;;;;;;;;;;;;;;;;;;;;;;;;;;;;;;;;;;;;;;;;;;;;;;;;;;;;;;;;10;10;7;3;3;0;3;10;7;10;10;10;;7;10;0;0;10;10;0;10;10;2;10;10;10;10;10;10;7;5;0;;;;;;;;;;;;;;;;;;;;;;;;;;;;;;;;
20220106;;;;;;;;;;;;;;;;;;;;;;;;;;;;;;;;;;;;;;;;;;;;;;;;;;;;;;;;;;;;;;;;;;;;;;;6;6;3;2;1;0;4;6;3;3;4;3;;1;8;0;0;4;4;0;6;8;0;9;6;8;6;4;9;3;3;1;vote-seeking;office-seeking;office-seeking;policy-seeking;office-seeking;office-seeking;vote-seeking;não sei;office-seeking;não sei;office-seeking;policy-seeking;não sei;vote-seeking;policy-seeking;policy-seeking;não sei;office-seeking;policy-seeking;vote-seeking;office-seeking;policy-seeking;policy-seeking;vote-seeking;office-seeking;não sei;office-seeking;policy-seeking;policy-seeking;não sei;vote-seeking;policy-seeking
20220107;;;;;;;;;;;;;;;;;;;;;;;;;;;;;;;;;;;;;;;;;;;;;;;;;;;;;;;;;;;;;;;;;;;;;;;8;8;6;4;3;1;1;8;8;9;2;8;6;6;8;0;1;5;10;0;8;7;2;9;7;10;9;3;7;4;7;2;office-seeking;vote-seeking;office-seeking;policy-seeking;policy-seeking;não sei;office-seeking;vote-seeking;vote-seeking;não sei;vote-seeking;vote-seeking;office-seeking;vote-seeking;policy-seeking;policy-seeking;não sei;vote-seeking;não sei;não sei;office-seeking;policy-seeking;office-seeking;office-seeking;policy-seeking;não sei;não sei;vote-seeking;vote-seeking;vote-seeking;vote-seeking;não sei
20220108;;;;;;;;;;;;;;;;;;;;;;;;;;;;;;;;;;;;;;;;;;;;;;;;;;;;;;;;;;;;;;;;;;;;;;;5;7;8;4;3;2;4;5;6;7;;5;;7;6;0;3;6;6;0;6;7;0;7;;7;7;6;6;4;6;4;office-seeking;;policy-seeking;policy-seeking;policy-seeking;policy-seeking;policy-seeking;office-seeking;office-seeking;office-seeking;office-seeking;office-seeking;office-seeking;office-seeking;policy-seeking;policy-seeking;office-seeking;office-seeking;policy-seeking;office-seeking;office-seeking;policy-seeking;office-seeking;office-seeking;office-seeking;policy-seeking;office-seeking;policy-seeking;policy-seeking;policy-seeking;office-seeking;policy-seeking
20220109;;;;;;;;;;;;;;;;;;;;;;;;;;;;;;;;;;;;;;;;;;;;;;;;;;;;;;;;;;;;;;;;;;;;;;;7;10;5;4;3;1;4;7;9;9;;;;;;3;2;;8;3;;8;2;10;6;10;;;8;;6;1;;;;;;;;;;;;;;;;;;;;;;;;;;;;;;;;
20220110;;;;;;;;;;;;;;;;;;;;;;;;;;;;;;;;;;;;;;;;;;;;;;;;;;;;;;;;;;;;;;;;;;;;;;;7;10;9;2;1;1;2;6;7;10;2;6;3;8;10;0;1;8;10;0;8;8;0;8;9;9;8;7;10;1;7;1;;;;;;;;;;;;;;;;;;;;;;;;;;;;;;;;
20220111;;;;;;;;;;;;;;;;;;;;;;;;;;;;;;;;;;;;;;;;;;;;;;;;;;;;;;;;;;;;;;;;;;;;;;;6;8;9;4;2;1;3;7;8;10;8;6;5;6;9;0;0;9;10;0;7;10;1;9;6;9;9;7;9;4;10;0;office-seeking;office-seeking;vote-seeking;policy-seeking;policy-seeking;policy-seeking;policy-seeking;vote-seeking;vote-seeking;vote-seeking;policy-seeking;vote-seeking;vote-seeking;policy-seeking;policy-seeking;policy-seeking;vote-seeking;vote-seeking;policy-seeking;vote-seeking;vote-seeking;policy-seeking;vote-seeking;office-seeking;vote-seeking;vote-seeking;office-seeking;policy-seeking;policy-seeking;vote-seeking;policy-seeking;policy-seeking
20220112;;;;;;;;;;;;;;;;;;;;;;;;;;;;;;;;;;;;;;;;;;;;;;;;;;;;;;;;;;;;;;;;;;;;;;;6;7;9;4;3;1;5;7;7;6;7;6;4;6;8;0;0;7;7;0;7;7;2;7;7;9;8;5;8;3;7;7;;;;;;;;;;;;;;;;;;;;;;;;;;;;;;;;
20220113;;;;;;;;;;;;;;;;;;;;;;;;;;;;;;;;;;;;;;;;;;;;;;;;;;;;;;;;;;;;;;;;;;;;;;;5;7;8;4;4;3;4;6;6;9;4;5;4;4;8;0;0;10;10;0;6;8;1;8;6;8;4;4;8;4;6;2;office-seeking;office-seeking;vote-seeking;policy-seeking;policy-seeking;vote-seeking;vote-seeking;não sei;office-seeking;vote-seeking;policy-seeking;policy-seeking;office-seeking;office-seeking;policy-seeking;policy-seeking;policy-seeking;policy-seeking;policy-seeking;vote-seeking;office-seeking;policy-seeking;office-seeking;office-seeking;office-seeking;office-seeking;vote-seeking;policy-seeking;policy-seeking;office-seeking;vote-seeking;policy-seeking
20220114;;;;;;;;;;;;;;;;;;;;;;;;;;;;;;;;;;;;;;;;;;;;;;;;;;;;;;;;;;;;;;;;;;;;;;;6;7;8;4;3;3;4;6;7;7;6;;;7;7;1;1;8;8;1;7;8;2;8;7;8;6;;8;;8;2;office-seeking;office-seeking;não sei;policy-seeking;policy-seeking;office-seeking;office-seeking;não sei;não sei;não sei;policy-seeking;não sei;não sei;office-seeking;policy-seeking;policy-seeking;não sei;não sei;policy-seeking;não sei;office-seeking;policy-seeking;office-seeking;office-seeking;não sei;não sei;não sei;policy-seeking;policy-seeking;não sei;office-seeking;policy-seeking
20220115;;;;;;;;;;;;;;;;;;;;;;;;;;;;;;;;;;;;;;;;;;;;;;;;;;;;;;;;;;;;;;;;;;;;;;;;9;9;3;3;0;3;6;10;10;7;5;4;7;10;0;0;;10;0;5;;0;10;;;10;5;7;2;7;0;office-seeking;office-seeking;vote-seeking;policy-seeking;policy-seeking;office-seeking;vote-seeking;office-seeking;office-seeking;office-seeking;office-seeking;policy-seeking;office-seeking;office-seeking;policy-seeking;policy-seeking;office-seeking;office-seeking;policy-seeking;não sei;office-seeking;policy-seeking;vote-seeking;office-seeking;não sei;não sei;office-seeking;policy-seeking;policy-seeking;não sei;vote-seeking;policy-seeking
20220116;;;;;;;;;;;;;;;;;;;;;;;;;;;;;;;;;;;;;;;;;;;;;;;;;;;;;;;;;;;;;;;;;;;;;;;7;7;3;3;2;2;3;7;3;8;;8;;3;7;2;2;4;8;2;7;8;1;8;8;8;5;6;8;6;;;;;;;;;;;;;;;;;;;;;;;;;;;;;;;;;;
20220117;;;;;;;;;;;;;;;;;;;;;;;;;;;;;;;;;;;;;;;;;;;;;;;;;;;;;;;;;;;;;;;;;;;;;;;0;10;10;0;0;0;0;10;10;10;0;0;0;0;10;0;0;10;10;0;0;10;0;10;10;10;10;0;0;0;0;0;;;;;;;;;;;;;;;;;;;;;;;;;;;;;;;;
20220118;;;;;;;;;;;;;;;;;;;;;;;;;;;;;;;;;;;;;;;;;;;;;;;;;;;;;;;;;;;;;;;;;;;;;;;6;9;2;3;2;1;1;6;;8;8;6;1;6;7;1;1;;9;1;6;6;1;9;6;9;8;4;9;1;;;vote-seeking;policy-seeking;vote-seeking;vote-seeking;policy-seeking;policy-seeking;vote-seeking;office-seeking;office-seeking;office-seeking;vote-seeking;policy-seeking;policy-seeking;vote-seeking;office-seeking;policy-seeking;não sei;office-seeking;não sei;vote-seeking;vote-seeking;policy-seeking;vote-seeking;vote-seeking;office-seeking;não sei;office-seeking;vote-seeking;policy-seeking;office-seeking;vote-seeking;não sei
20220119;;;;;;;;;;;;;;;;;;;;;;;;;;;;;;;;;;;;;;;;;;;;;;;;;;;;;;;;;;;;;;;;;;;;;;;6;6;8;4;4;2;4;;;8;8;;;;7;0;1;6;8;0;6;7;1;7;8;8;8;6;8;5;8;2;office-seeking;office-seeking;policy-seeking;policy-seeking;office-seeking;policy-seeking;policy-seeking;não sei;office-seeking;não sei;office-seeking;office-seeking;office-seeking;office-seeking;vote-seeking;vote-seeking;não sei;não sei;vote-seeking;office-seeking;não sei;office-seeking;office-seeking;policy-seeking;não sei;não sei;office-seeking;policy-seeking;policy-seeking;não sei;office-seeking;não sei
20220120;;;;;;;;;;;;;;;;;;;;;;;;;;;;;;;;;;;;;;;;;;;;;;;;;;;;;;;;;;;;;;;;;;;;;;;;8;8;4;2;1;4;;8;9;6;;;4;8;0;0;9;9;0;6;8;1;9;6;9;8;;9;4;6;1;;;;;;;;;;;;;;;;;;;;;;;;;;;;;;;;
20220121;;;;;;;;;;;;;;;;;;;;;;;;;;;;;;;;;;;;;;;;;;;;;;;;;;;;;;;;;;;;;;;;;;;;;;;6;8;;4;3;2;4;4;9;9;9;7;4;8;5;0;0;8;8;0;9;9;1;9;;8;;7;6;3;8;0;vote-seeking;office-seeking;policy-seeking;policy-seeking;policy-seeking;vote-seeking;vote-seeking;office-seeking;office-seeking;office-seeking;policy-seeking;policy-seeking;office-seeking;vote-seeking;policy-seeking;policy-seeking;office-seeking;office-seeking;policy-seeking;office-seeking;vote-seeking;policy-seeking;vote-seeking;vote-seeking;office-seeking;office-seeking;vote-seeking;policy-seeking;policy-seeking;office-seeking;vote-seeking;policy-seeking
20220122;;;;;;;;;;;;;;;;;;;;;;;;;;;;;;;;;;;;;;;;;;;;;;;;;;;;;;;;;;;;;;;;;;;;;;;6;8;10;7;4;3;4;6;6;6;7;;4;;8;2;0;;8;0;;6;3;8;7;8;;;8;3;8;0;;;;;;;;;;;;;;;;;;;;;;;;;;;;;;;;
20220123;;;;;;;;;;;;;;;;;;;;;;;;;;;;;;;;;;;;;;;;;;;;;;;;;;;;;;;;;;;;;;;;;;;;;;;9;10;0;;3;0;0;;;8;;;2;10;9;0;0;10;9;0;10;10;1;10;7;10;4;;10;2;;0;;;;;;;;;;;;;;;;;;;;;;;;;;;;;;;;
20220124;;;;;;;;;;;;;;;;;;;;;;;;;;;;;;;;;;;;;;;;;;;;;;;;;;;;;;;;;;;;;;;;;;;;;;;6;7;9;6;2;1;2;6;6;9;8;6;6;6;9;1;1;6;9;0;6;8;0;10;9;9;9;;9;3;4;;vote-seeking;vote-seeking;office-seeking;policy-seeking;policy-seeking;office-seeking;vote-seeking;não sei;vote-seeking;não sei;policy-seeking;policy-seeking;não sei;não sei;policy-seeking;policy-seeking;não sei;não sei;não sei;não sei;não sei;policy-seeking;não sei;não sei;não sei;não sei;não sei;não sei;não sei;não sei;não sei;não sei
20220125;;;;;;;;;;;;;;;;;;;;;;;;;;;;;;;;;;;;;;;;;;;;;;;;;;;;;;;;;;;;;;;;;;;;;;;;8;6;4;3;3;4;6;6;7;;;4;;6;0;0;6;7;0;6;6;1;9;;6;7;;10;;6;1;office-seeking;vote-seeking;policy-seeking;policy-seeking;office-seeking;policy-seeking;policy-seeking;vote-seeking;vote-seeking;vote-seeking;vote-seeking;policy-seeking;office-seeking;vote-seeking;policy-seeking;policy-seeking;office-seeking;office-seeking;policy-seeking;policy-seeking;vote-seeking;policy-seeking;vote-seeking;office-seeking;vote-seeking;office-seeking;vote-seeking;policy-seeking;policy-seeking;não sei;vote-seeking;policy-seeking
20220126;;;;;;;;;;;;;;;;;;;;;;;;;;;;;;;;;;;;;;;;;;;;;;;;;;;;;;;;;;;;;;;;;;;;;;;8;8;3;3;2;2;;;8;8;;;3;2;9;2;2;3;9;1;6;9;1;9;;8;9;;8;4;5;;office-seeking;office-seeking;policy-seeking;policy-seeking;policy-seeking;policy-seeking;vote-seeking;não sei;office-seeking;office-seeking;office-seeking;policy-seeking;policy-seeking;office-seeking;policy-seeking;policy-seeking;não sei;office-seeking;policy-seeking;vote-seeking;office-seeking;policy-seeking;office-seeking;não sei;office-seeking;office-seeking;policy-seeking;vote-seeking;policy-seeking;não sei;vote-seeking;não sei
20220127;;;;;;;;;;;;;;;;;;;;;;;;;;;;;;;;;;;;;;;;;;;;;;;;;;;;;;;;;;;;;;;;;;;;;;;;;;;;;;;;;;;;;;;;;;;;;;;;;;;;;;;;;;;;;;;;;;;;;;;;;;;;;;;;;;;;;;
20220128;;;;;;;;;;;;;;;;;;;;;;;;;;;;;;;;;;;;;;;;;;;;;;;;;;;;;;;;;;;;;;;;;;;;;;;;;;;;;;;;;;;;;;;;;;;;;;;;;;;;;;;;;;;;;;;;;;;;;;;;;;;;;;;;;;;;;;
20220129;;;;;;;;;;;;;;;;;;;;;;;;;;;;;;;;;;;;;;;;;;;;;;;;;;;;;;;;;;;;;;;;;;;;;;;;;;;;;;;;;;;;;;;;;;;;;;;;;;;;;;;;;;;;;;;;;;;;;;;;;;;;;;;;;;;;;;
20220130;;;;;;;;;;;;;;;;;;;;;;;;;;;;;;;;;;;;;;;;;;;;;;;;;;;;;;;;;;;;;;;;;;;;;;;8;10;10;4;1;0;4;6;9;8;9;9;4;8;9;1;3;8;8;3;8;10;0;9;9;10;9;8;10;6;8;3;office-seeking;office-seeking;vote-seeking;policy-seeking;policy-seeking;office-seeking;office-seeking;não sei;não sei;não sei;;;não sei;vote-seeking;policy-seeking;policy-seeking;não sei;não sei;não sei;não sei;vote-seeking;policy-seeking;vote-seeking;vote-seeking;vote-seeking;não sei;não sei;vote-seeking;office-seeking;não sei;office-seeking;não sei
20220131;;;;;;;;;;;;;;;;;;;;;;;;;;;;;;;;;;;;;;;;;;;;;;;;;;;;;;;;;;;;;;;;;;;;;;;7;8;8;;3;4;4;;6;8;5;6;4;;8;1;1;6;7;0;8;9;3;10;7;8;6;5;9;4;6;2;office-seeking;vote-seeking;vote-seeking;policy-seeking;policy-seeking;vote-seeking;vote-seeking;office-seeking;office-seeking;office-seeking;vote-seeking;policy-seeking;office-seeking;vote-seeking;policy-seeking;policy-seeking;vote-seeking;vote-seeking;policy-seeking;office-seeking;vote-seeking;policy-seeking;office-seeking;vote-seeking;vote-seeking;vote-seeking;office-seeking;policy-seeking;policy-seeking;office-seeking;vote-seeking;policy-seeking
20220132;;;;;;;;;;;;;;;;;;;;;;;;;;;;;;;;;;;;;;;;;;;;;;;;;;;;;;;;;;;;;;;;;;;;;;;7;8;3;4;3;0;8;7;8;8;8;8;4;4;5;0;0;5;9;0;8;8;0;10;10;10;10;5;7;4;5;5;;;;;;;;;;;;;;;;;;;;;;;;;;;;;;;;
20220133;;;;;;;;;;;;;;;;;;;;;;;;;;;;;;;;;;;;;;;;;;;;;;;;;;;;;;;;;;;;;;;;;;;;;;;7;10;10;4;3;1;4;6;7;10;10;6;6;6;10;0;0;10;10;1;8;9;1;10;9;10;10;6;10;4;8;0;office-seeking;office-seeking;vote-seeking;policy-seeking;policy-seeking;policy-seeking;vote-seeking;office-seeking;office-seeking;vote-seeking;vote-seeking;vote-seeking;office-seeking;office-seeking;policy-seeking;policy-seeking;office-seeking;office-seeking;policy-seeking;;office-seeking;policy-seeking;office-seeking;office-seeking;vote-seeking;office-seeking;office-seeking;vote-seeking;policy-seeking;office-seeking;office-seeking;policy-seeking
20220134;;;;;;;;;;;;;;;;;;;;;;;;;;;;;;;;;;;;;;;;;;;;;;;;;;;;;;;;;;;;;;;;;;;;;;;7;10;10;;3;2;4;8;9;10;10;8;;10;9;0;0;10;10;10;7;10;2;10;;10;10;;9;4;10;0;office-seeking;não sei;policy-seeking;policy-seeking;policy-seeking;office-seeking;office-seeking;não sei;office-seeking;não sei;vote-seeking;office-seeking;office-seeking;office-seeking;não sei;não sei;não sei;não sei;não sei;office-seeking;não sei;policy-seeking;não sei;vote-seeking;não sei;não sei;vote-seeking;policy-seeking;policy-seeking;não sei;vote-seeking;policy-seeking
20220135;;;;;;;;;;;;;;;;;;;;;;;;;;;;;;;;;;;;;;;;;;;;;;;;;;;;;;;;;;;;;;;;;;;;;;;8;10;4;3;4;1;1;8;6;7;4;6;4;4;10;1;0;1;9;0;7;8;1;7;7;8;7;8;9;8;8;7;;;;;;;;;;;;;;;;;;;;;;;;;;;;;;;;
20220136;;;;;;;;;;;;;;;;;;;;;;;;;;;;;;;;;;;;;;;;;;;;;;;;;;;;;;;;;;;;;;;;;;;;;;;6;7;10;4;3;3;4;6;6;7;;;;;7;0;0;9;6;0;7;8;2;10;6;9;6;;10;;7;0;office-seeking;office-seeking;vote-seeking;policy-seeking;vote-seeking;vote-seeking;policy-seeking;office-seeking;office-seeking;office-seeking;vote-seeking;policy-seeking;vote-seeking;office-seeking;policy-seeking;policy-seeking;vote-seeking;não sei;policy-seeking;vote-seeking;office-seeking;policy-seeking;office-seeking;office-seeking;vote-seeking;office-seeking;office-seeking;policy-seeking;policy-seeking;office-seeking;vote-seeking;policy-seeking
20220137;;;;;;;;;;;;;;;;;;;;;;;;;;;;;;;;;;;;;;;;;;;;;;;;;;;;;;;;;;;;;;;;;;;;;;;;;;;;;;;;;;;;;;;;;;;;;;;;;;;;;;;;;;;;;;;;;;;;;;;;;;;;;;;;;;;;;;
20220138;;;;;;;;;;;;;;;;;;;;;;;;;;;;;;;;;;;;;;;;;;;;;;;;;;;;;;;;;;;;;;;;;;;;;;;5;8;10;3;3;1;4;6;8;7;6;;;9;7;0;0;7;8;0;6;7;1;7;5;7;;;10;4;10;0;office-seeking;não sei;vote-seeking;vote-seeking;policy-seeking;vote-seeking;vote-seeking;não sei;policy-seeking;não sei;policy-seeking;não sei;não sei;office-seeking;policy-seeking;policy-seeking;não sei;não sei;policy-seeking;vote-seeking;policy-seeking;policy-seeking;office-seeking;office-seeking;office-seeking;não sei;não sei;policy-seeking;policy-seeking;não sei;vote-seeking;policy-seeking
20220139;;;;;;;;;;;;;;;;;;;;;;;;;;;;;;;;;;;;;;;;;;;;;;;;;;;;;;;;;;;;;;;;;;;;;;;6;8;4;6;4;3;4;3;5;7;6;6;3;6;7;2;1;4;8;4;6;8;3;6;4;7;7;4;7;4;4;4;office-seeking;vote-seeking;vote-seeking;office-seeking;policy-seeking;policy-seeking;vote-seeking;vote-seeking;vote-seeking;vote-seeking;vote-seeking;policy-seeking;vote-seeking;vote-seeking;policy-seeking;policy-seeking;policy-seeking;policy-seeking;vote-seeking;vote-seeking;vote-seeking;policy-seeking;office-seeking;vote-seeking;policy-seeking;vote-seeking;vote-seeking;policy-seeking;policy-seeking;policy-seeking;office-seeking;policy-seeking
20220140;;;;;;;;;;;;;;;;;;;;;;;;;;;;;;;;;;;;;;;;;;;;;;;;;;;;;;;;;;;;;;;;;;;;;;;7;9;8;2;2;1;3;;;6;6;6;4;2;8;0;0;7;7;4;7;7;0;7;7;9;8;8;9;8;8;;office-seeking;office-seeking;vote-seeking;vote-seeking;policy-seeking;não sei;vote-seeking;office-seeking;office-seeking;office-seeking;office-seeking;office-seeking;office-seeking;office-seeking;policy-seeking;office-seeking;office-seeking;office-seeking;office-seeking;office-seeking;office-seeking;policy-seeking;office-seeking;office-seeking;office-seeking;office-seeking;office-seeking;vote-seeking;office-seeking;office-seeking;office-seeking;office-seeking
20220141;;;;;;;;;;;;;;;;;;;;;;;;;;;;;;;;;;;;;;;;;;;;;;;;;;;;;;;;;;;;;;;;;;;;;;;7;6;3;4;3;1;4;6;;;;4;4;3;7;0;0;;6;0;;;2;;;6;6;;6;3;3;;;;;;;;;;;;;;;;;;;;;;;;;;;;;;;;;
20220142;;;;;;;;;;;;;;;;;;;;;;;;;;;;;;;;;;;;;;;;;;;;;;;;;;;;;;;;;;;;;;;;;;;;;;;;6;6;4;3;3;4;5;7;7;7;;;7;8;1;0;7;7;0;6;7;2;9;6;7;7;6;8;4;7;1;office-seeking;office-seeking;office-seeking;office-seeking;office-seeking;office-seeking;office-seeking;office-seeking;office-seeking;office-seeking;office-seeking;office-seeking;office-seeking;office-seeking;policy-seeking;policy-seeking;office-seeking;office-seeking;policy-seeking;office-seeking;office-seeking;policy-seeking;office-seeking;office-seeking;office-seeking;office-seeking;office-seeking;policy-seeking;policy-seeking;office-seeking;office-seeking;policy-seeking
20220143;;;;;;;;;;;;;;;;;;;;;;;;;;;;;;;;;;;;;;;;;;;;;;;;;;;;;;;;;;;;;;;;;;;;;;;7;10;4;4;1;0;2;6;8;9;3;7;3;3;7;0;0;3;9;0;10;10;0;10;3;10;10;4;5;4;5;;;;;;;;;;;;;;;;;;;;;;;;;;;;;;;;;
20220144;;;;;;;;;;;;;;;;;;;;;;;;;;;;;;;;;;;;;;;;;;;;;;;;;;;;;;;;;;;;;;;;;;;;;;;6;7;7;3;4;2;4;;7;8;;6;4;6;7;0;1;8;8;0;6;6;2;8;7;8;4;5;8;4;7;1;office-seeking;office-seeking;policy-seeking;policy-seeking;não sei;office-seeking;policy-seeking;não sei;office-seeking;não sei;office-seeking;office-seeking;não sei;vote-seeking;não sei;não sei;não sei;office-seeking;não sei;não sei;office-seeking;policy-seeking;office-seeking;vote-seeking;não sei;office-seeking;não sei;policy-seeking;não sei;office-seeking;office-seeking;policy-seeking
20220145;;;;;;;;;;;;;;;;;;;;;;;;;;;;;;;;;;;;;;;;;;;;;;;;;;;;;;;;;;;;;;;;;;;;;;;7;8;10;4;2;2;4;7;10;10;10;8;4;9;9;0;1;8;9;1;9;9;1;10;;8;9;;10;4;9;;;;;;;;;;;;;;;;;;;;;;;;;;;;;;;;;
20220146;;;;;;;;;;;;;;;;;;;;;;;;;;;;;;;;;;;;;;;;;;;;;;;;;;;;;;;;;;;;;;;;;;;;;;;6;7;8;4;2;0;3;6;5;10;10;;;7;10;0;0;7;10;0;7;7;0;10;6;10;10;5;8;4;9;;vote-seeking;office-seeking;office-seeking;policy-seeking;policy-seeking;vote-seeking;vote-seeking;office-seeking;office-seeking;office-seeking;office-seeking;policy-seeking;office-seeking;office-seeking;policy-seeking;policy-seeking;office-seeking;office-seeking;policy-seeking;vote-seeking;vote-seeking;policy-seeking;vote-seeking;office-seeking;office-seeking;vote-seeking;vote-seeking;policy-seeking;policy-seeking;office-seeking;vote-seeking;vote-seeking
20220147;;;;;;;;;;;;;;;;;;;;;;;;;;;;;;;;;;;;;;;;;;;;;;;;;;;;;;;;;;;;;;;;;;;;;;;7;8;9;5;4;1;2;7;7;8;2;8;3;8;8;1;2;8;9;3;8;9;1;9;2;9;;7;9;2;;;vote-seeking;vote-seeking;vote-seeking;policy-seeking;policy-seeking;policy-seeking;vote-seeking;não sei;vote-seeking;vote-seeking;vote-seeking;policy-seeking;vote-seeking;vote-seeking;policy-seeking;policy-seeking;vote-seeking;vote-seeking;policy-seeking;vote-seeking;vote-seeking;policy-seeking;vote-seeking;vote-seeking;vote-seeking;vote-seeking;vote-seeking;office-seeking;policy-seeking;vote-seeking;vote-seeking;não sei
20220148;;;;;;;;;;;;;;;;;;;;;;;;;;;;;;;;;;;;;;;;;;;;;;;;;;;;;;;;;;;;;;;;;;;;;;;8;10;9;5;2;2;3;9;10;10;9;7;4;8;10;0;0;10;10;0;10;10;0;10;7;10;10;8;10;4;10;10;office-seeking;vote-seeking;office-seeking;policy-seeking;policy-seeking;policy-seeking;policy-seeking;vote-seeking;vote-seeking;vote-seeking;vote-seeking;policy-seeking;vote-seeking;vote-seeking;policy-seeking;policy-seeking;não sei;vote-seeking;policy-seeking;vote-seeking;vote-seeking;policy-seeking;vote-seeking;office-seeking;vote-seeking;não sei;vote-seeking;policy-seeking;policy-seeking;vote-seeking;vote-seeking;não sei
20220149;;;;;;;;;;;;;;;;;;;;;;;;;;;;;;;;;;;;;;;;;;;;;;;;;;;;;;;;;;;;;;;;;;;;;;;7;10;8;4;2;0;8;7;7;7;7;7;4;7;10;0;0;9;9;1;7;8;2;8;8;9;7;8;9;5;8;0;não sei;não sei;não sei;não sei;não sei;não sei;não sei;não sei;não sei;não sei;não sei;não sei;não sei;não sei;não sei;não sei;não sei;não sei;não sei;não sei;não sei;não sei;não sei;não sei;não sei;não sei;não sei;não sei;não sei;não sei;não sei;não sei
20220150;;;;;;;;;;;;;;;;;;;;;;;;;;;;;;;;;;;;;;;;;;;;;;;;;;;;;;;;;;;;;;;;;;;;;;;7;8;9;3;1;1;2;7;8;9;6;4;2;8;10;0;0;9;8;0;7;10;1;8;7;8;6;4;9;2;7;0;office-seeking;vote-seeking;vote-seeking;policy-seeking;policy-seeking;office-seeking;policy-seeking;office-seeking;policy-seeking;office-seeking;vote-seeking;policy-seeking;office-seeking;office-seeking;policy-seeking;policy-seeking;vote-seeking;vote-seeking;policy-seeking;vote-seeking;office-seeking;policy-seeking;office-seeking;office-seeking;vote-seeking;vote-seeking;vote-seeking;policy-seeking;policy-seeking;vote-seeking;office-seeking;policy-seeking
20220151;;;;;;;;;;;;;;;;;;;;;;;;;;;;;;;;;;;;;;;;;;;;;;;;;;;;;;;;;;;;;;;;;;;;;;;6;9;8;5;2;1;6;7;9;10;6;7;8;9;10;0;1;8;10;0;8;10;1;8;8;10;9;8;10;4;9;4;;;;;;;;;;;;;;;;;;;;;;;;;;;;;;;;
20220152;;;;;;;;;;;;;;;;;;;;;;;;;;;;;;;;;;;;;;;;;;;;;;;;;;;;;;;;;;;;;;;;;;;;;;;3;10;10;0;0;0;2;10;10;10;10;10;2;10;10;0;0;10;10;0;10;10;0;10;10;10;10;10;10;10;9;10;;;;;;;;;;;;;;;;;;;;;;;;;;;;;;;;
20220153;;;;;;;;;;;;;;;;;;;;;;;;;;;;;;;;;;;;;;;;;;;;;;;;;;;;;;;;;;;;;;;;;;;;;;;10;10;10;10;10;10;10;10;10;10;10;10;10;10;10;10;10;10;10;10;10;10;10;10;10;10;10;10;10;10;10;10;policy-seeking;office-seeking;policy-seeking;policy-seeking;office-seeking;policy-seeking;policy-seeking;policy-seeking;policy-seeking;office-seeking;;;;;;;;;;;;;;;;;;;;;;
20220154;;;;;;;;;;;;;;;;;;;;;;;;;;;;;;;;;;;;;;;;;;;;;;;;;;;;;;;;;;;;;;;;;;;;;;;5;10;10;8;2;2;2;8;10;10;10;8;2;8;10;0;0;10;10;0;10;10;0;10;8;10;5;;10;2;10;;;;;;;;;;;;;;;;;;;;;;;;;;;;;;;;;
20220155;;;;;;;;;;;;;;;;;;;;;;;;;;;;;;;;;;;;;;;;;;;;;;;;;;;;;;;;;;;;;;;;;;;;;;;6;9;9;6;4;4;5;8;7;10;8;8;;7;10;0;1;8;8;0;8;7;2;10;6;8;10;7;9;4;7;1;office-seeking;office-seeking;vote-seeking;policy-seeking;policy-seeking;vote-seeking;policy-seeking;vote-seeking;office-seeking;vote-seeking;office-seeking;office-seeking;vote-seeking;vote-seeking;policy-seeking;policy-seeking;vote-seeking;não sei;policy-seeking;vote-seeking;vote-seeking;policy-seeking;vote-seeking;vote-seeking;não sei;não sei;office-seeking;policy-seeking;policy-seeking;não sei;vote-seeking;policy-seeking
20220156;;;;;;;;;;;;;;;;;;;;;;;;;;;;;;;;;;;;;;;;;;;;;;;;;;;;;;;;;;;;;;;;;;;;;;;;;;;;;;;;;;;;;;;;;;;;;;;;;;;;;;;;;;;;;;;;;;;;;;;;;;;;;;;;;;;;;;
20220157;;;;;;;;;;;;;;;;;;;;;;;;;;;;;;;;;;;;;;;;;;;;;;;;;;;;;;;;;;;;;;;;;;;;;;;6;7;9;4;2;1;4;7;8;8;8;;4;7;8;0;0;8;8;0;8;8;2;9;7;9;6;;9;4;9;0;vote-seeking;office-seeking;vote-seeking;policy-seeking;policy-seeking;vote-seeking;vote-seeking;office-seeking;não sei;não sei;vote-seeking;policy-seeking;office-seeking;vote-seeking;policy-seeking;policy-seeking;office-seeking;não sei;policy-seeking;office-seeking;vote-seeking;policy-seeking;vote-seeking;vote-seeking;não sei;office-seeking;office-seeking;policy-seeking;policy-seeking;não sei;vote-seeking;policy-seeking
20220158;;;;;;;;;;;;;;;;;;;;;;;;;;;;;;;;;;;;;;;;;;;;;;;;;;;;;;;;;;;;;;;;;;;;;;;5;7;10;4;3;3;4;6;10;10;10;;4;5;6;0;0;6;9;0;;9;0;7;;6;6;6;10;4;10;0;;;;;;;;;;;;;;;;;;;;;;;;;;;;;;;;
20220159;;;;;;;;;;;;;;;;;;;;;;;;;;;;;;;;;;;;;;;;;;;;;;;;;;;;;;;;;;;;;;;;;;;;;;;1;0;0;0;0;0;0;0;0;10;0;0;10;0;0;0;0;0;0;0;0;0;0;10;0;10;0;0;0;0;0;0;;;;;;;;;;;;;;;;;;;;;;;;;;;;;;;;
20220160;;;;;;;;;;;;;;;;;;;;;;;;;;;;;;;;;;;;;;;;;;;;;;;;;;;;;;;;;;;;;;;;;;;;;;;5;8;8;3;3;3;4;6;8;8;8;7;5;5;9;0;0;7;9;0;6;9;1;9;6;9;9;5;9;5;9;0;;;;;;;;;;;;;;;;;;;;;;;;;;;;;;;;
20220161;;;;;;;;;;;;;;;;;;;;;;;;;;;;;;;;;;;;;;;;;;;;;;;;;;;;;;;;;;;;;;;;;;;;;;;;;;;;;;;;;;;;;;;;;;;;;;;;;;;;;;;;;;;;;;;;;;;;;;;;;;;;;;;;;;;;;;
20220162;;;;;;;;;;;;;;;;;;;;;;;;;;;;;;;;;;;;;;;;;;;;;;;;;;;;;;;;;;;;;;;;;;;;;;;7;7;9;3;2;2;3;7;8;8;8;7;5;7;8;0;0;9;9;0;8;9;1;9;7;8;8;7;8;4;7;0;office-seeking;policy-seeking;policy-seeking;policy-seeking;policy-seeking;policy-seeking;policy-seeking;vote-seeking;vote-seeking;vote-seeking;policy-seeking;policy-seeking;vote-seeking;office-seeking;policy-seeking;policy-seeking;vote-seeking;vote-seeking;policy-seeking;vote-seeking;vote-seeking;policy-seeking;vote-seeking;vote-seeking;vote-seeking;vote-seeking;vote-seeking;policy-seeking;policy-seeking;vote-seeking;office-seeking;policy-seeking
20220163;;;;;;;;;;;;;;;;;;;;;;;;;;;;;;;;;;;;;;;;;;;;;;;;;;;;;;;;;;;;;;;;;;;;;;;5;7;9;4;3;3;4;6;9;9;;6;4;7;8;0;0;8;8;0;6;8;1;9;;7;5;;9;4;7;0;office-seeking;vote-seeking;policy-seeking;policy-seeking;policy-seeking;policy-seeking;policy-seeking;vote-seeking;vote-seeking;vote-seeking;policy-seeking;policy-seeking;vote-seeking;office-seeking;policy-seeking;policy-seeking;vote-seeking;vote-seeking;policy-seeking;vote-seeking;office-seeking;policy-seeking;office-seeking;office-seeking;vote-seeking;vote-seeking;vote-seeking;policy-seeking;policy-seeking;vote-seeking;office-seeking;policy-seeking
20220164;;;;;;;;;;;;;;;;;;;;;;;;;;;;;;;;;;;;;;;;;;;;;;;;;;;;;;;;;;;;;;;;;;;;;;;5;9;6;4;2;3;4;7;;;;;4;;8;1;1;;;1;8;8;3;9;8;;;;;;;;vote-seeking;office-seeking;office-seeking;policy-seeking;policy-seeking;vote-seeking;policy-seeking;office-seeking;office-seeking;office-seeking;office-seeking;policy-seeking;office-seeking;office-seeking;policy-seeking;policy-seeking;office-seeking;office-seeking;policy-seeking;vote-seeking;office-seeking;policy-seeking;office-seeking;office-seeking;office-seeking;office-seeking;;;policy-seeking;policy-seeking;office-seeking;
20220165;;;;;;;;;;;;;;;;;;;;;;;;;;;;;;;;;;;;;;;;;;;;;;;;;;;;;;;;;;;;;;;;;;;;;;;8;8;10;2;2;2;2;7;5;5;5;5;4;5;5;0;0;5;5;0;5;5;1;5;6;5;5;5;9;3;5;0;;;;;;;;;;;;;;;;;;;;;;;;;;;;;;;;
20220166;;;;;;;;;;;;;;;;;;;;;;;;;;;;;;;;;;;;;;;;;;;;;;;;;;;;;;;;;;;;;;;;;;;;;;;5;7;8;4;4;3;4;6;7;8;6;4;4;;8;0;0;8;7;0;8;8;1;8;6;8;6;;8;4;5;4;vote-seeking;office-seeking;policy-seeking;policy-seeking;office-seeking;vote-seeking;policy-seeking;não sei;office-seeking;não sei;office-seeking;office-seeking;office-seeking;vote-seeking;policy-seeking;policy-seeking;não sei;não sei;policy-seeking;office-seeking;vote-seeking;policy-seeking;vote-seeking;vote-seeking;office-seeking;não sei;office-seeking;policy-seeking;office-seeking;não sei;vote-seeking;não sei
20220167;;;;;;;;;;;;;;;;;;;;;;;;;;;;;;;;;;;;;;;;;;;;;;;;;;;;;;;;;;;;;;;;;;;;;;;;;;;;;;;;;;;;;;;;;;;;;;;;;;;;;;;;;;;;;;;;;;;;;;;;;;;;;;;;;;;;;;
20220168;;;;;;;;;;;;;;;;;;;;;;;;;;;;;;;;;;;;;;;;;;;;;;;;;;;;;;;;;;;;;;;;;;;;;;;8;10;9;3;2;2;3;7;9;9;9;;6;8;9;0;0;9;9;1;9;9;1;9;8;10;10;8;9;4;9;2;vote-seeking;office-seeking;policy-seeking;policy-seeking;policy-seeking;vote-seeking;policy-seeking;não sei;office-seeking;office-seeking;office-seeking;não sei;office-seeking;office-seeking;policy-seeking;policy-seeking;office-seeking;office-seeking;policy-seeking;office-seeking;office-seeking;policy-seeking;office-seeking;office-seeking;office-seeking;office-seeking;office-seeking;policy-seeking;policy-seeking;não sei;office-seeking;policy-seeking
20220169;;;;;;;;;;;;;;;;;;;;;;;;;;;;;;;;;;;;;;;;;;;;;;;;;;;;;;;;;;;;;;;;;;;;;;;9;9;10;3;4;1;4;8;9;9;9;7;;;9;1;1;8;9;0;8;10;1;10;9;10;9;9;10;4;;;office-seeking;vote-seeking;office-seeking;policy-seeking;vote-seeking;policy-seeking;office-seeking;não sei;vote-seeking;vote-seeking;office-seeking;policy-seeking;não sei;office-seeking;não sei;vote-seeking;não sei;não sei;não sei;não sei;office-seeking;policy-seeking;office-seeking;office-seeking;office-seeking;office-seeking;office-seeking;vote-seeking;office-seeking;não sei;office-seeking;não sei
20220170;;;;;;;;;;;;;;;;;;;;;;;;;;;;;;;;;;;;;;;;;;;;;;;;;;;;;;;;;;;;;;;;;;;;;;;6;7;9;;3;3;4;6;7;9;7;6;;5;9;1;2;6;9;0;9;9;2;9;6;10;10;;8;4;;0;office-seeking;não sei;vote-seeking;policy-seeking;policy-seeking;policy-seeking;vote-seeking;não sei;policy-seeking;não sei;office-seeking;não sei;office-seeking;office-seeking;policy-seeking;policy-seeking;não sei;policy-seeking;policy-seeking;vote-seeking;policy-seeking;policy-seeking;office-seeking;office-seeking;policy-seeking;não sei;office-seeking;policy-seeking;não sei;não sei;vote-seeking;policy-seeking
20220171;;;;;;;;;;;;;;;;;;;;;;;;;;;;;;;;;;;;;;;;;;;;;;;;;;;;;;;;;;;;;;;;;;;;;;;7;7;8;3;2;2;4;6;;8;8;;4;6;7;1;1;8;6;0;6;9;1;8;6;7;7;6;9;4;6;1;office-seeking;office-seeking;vote-seeking;vote-seeking;vote-seeking;vote-seeking;office-seeking;não sei;office-seeking;office-seeking;office-seeking;não sei;office-seeking;office-seeking;policy-seeking;policy-seeking;não sei;não sei;policy-seeking;não sei;office-seeking;policy-seeking;office-seeking;não sei;não sei;não sei;não sei;policy-seeking;policy-seeking;não sei;não sei;policy-seeking
20220172;;;;;;;;;;;;;;;;;;;;;;;;;;;;;;;;;;;;;;;;;;;;;;;;;;;;;;;;;;;;;;;;;;;;;;;5;5;;;;;;;;;;;;;;;;;;;;;;;;;;;;;;;;;;;;;;;;;;;;;;;;;;;;;;;;;;;;;;
20220173;;;;;;;;;;;;;;;;;;;;;;;;;;;;;;;;;;;;;;;;;;;;;;;;;;;;;;;;;;;;;;;;;;;;;;;6;7;6;6;;2;3;6;8;9;;7;4;6;7;1;1;8;9;1;7;7;2;7;7;8;7;;8;;6;4;;;;;;;;;;;;;;;;;;;;;;;;;;;;;;;;
20220174;;;;;;;;;;;;;;;;;;;;;;;;;;;;;;;;;;;;;;;;;;;;;;;;;;;;;;;;;;;;;;;;;;;;;;;9;10;10;0;0;0;0;10;10;10;1;10;10;10;10;0;0;10;10;0;10;10;0;10;10;10;10;10;9;10;9;0;policy-seeking;policy-seeking;policy-seeking;office-seeking;não sei;policy-seeking;vote-seeking;não sei;vote-seeking;vote-seeking;vote-seeking;vote-seeking;não sei;vote-seeking;office-seeking;não sei;não sei;vote-seeking;não sei;vote-seeking;policy-seeking;office-seeking;não sei;policy-seeking;não sei;não sei;policy-seeking;não sei;não sei;não sei;não sei;não sei
20220175;;;;;;;;;;;;;;;;;;;;;;;;;;;;;;;;;;;;;;;;;;;;;;;;;;;;;;;;;;;;;;;;;;;;;;;6;7;7;;4;2;4;6;7;8;6;5;5;7;7;0;0;7;8;0;7;6;2;7;5;7;7;6;8;4;7;5;office-seeking;office-seeking;vote-seeking;policy-seeking;office-seeking;office-seeking;policy-seeking;não sei;vote-seeking;vote-seeking;policy-seeking;policy-seeking;office-seeking;office-seeking;vote-seeking;vote-seeking;office-seeking;office-seeking;vote-seeking;office-seeking;office-seeking;policy-seeking;office-seeking;office-seeking;office-seeking;office-seeking;vote-seeking;policy-seeking;policy-seeking;office-seeking;vote-seeking;não sei
20220176;;;;;;;;;;;;;;;;;;;;;;;;;;;;;;;;;;;;;;;;;;;;;;;;;;;;;;;;;;;;;;;;;;;;;;;6;7;8;4;2;2;;6;7;8;6;6;4;6;7;0;0;8;8;0;6;9;1;9;7;9;8;4;8;3;6;0;office-seeking;office-seeking;vote-seeking;policy-seeking;office-seeking;vote-seeking;policy-seeking;não sei;policy-seeking;não sei;vote-seeking;policy-seeking;não sei;office-seeking;policy-seeking;policy-seeking;não sei;policy-seeking;policy-seeking;office-seeking;policy-seeking;policy-seeking;policy-seeking;office-seeking;não sei;não sei;vote-seeking;policy-seeking;policy-seeking;office-seeking;office-seeking;policy-seeking
20220177;;;;;;;;;;;;;;;;;;;;;;;;;;;;;;;;;;;;;;;;;;;;;;;;;;;;;;;;;;;;;;;;;;;;;;;;7;8;4;3;2;4;6;8;8;7;7;8;7;8;0;0;7;9;0;6;8;2;10;8;10;8;6;5;4;5;0;office-seeking;vote-seeking;office-seeking;vote-seeking;não sei;office-seeking;vote-seeking;não sei;vote-seeking;vote-seeking;vote-seeking;vote-seeking;vote-seeking;vote-seeking;não sei;vote-seeking;vote-seeking;vote-seeking;não sei;vote-seeking;vote-seeking;policy-seeking;office-seeking;vote-seeking;vote-seeking;vote-seeking;vote-seeking;policy-seeking;policy-seeking;vote-seeking;office-seeking;não sei
20220178;;;;;;;;;;;;;;;;;;;;;;;;;;;;;;;;;;;;;;;;;;;;;;;;;;;;;;;;;;;;;;;;;;;;;;;8;10;9;4;3;3;6;7;7;8;8;9;7;8;9;0;0;7;8;1;9;9;2;10;9;10;8;9;10;4;6;0;;;;;;;;;;;;;;;;;;;;;;;;;;;;;;;;
20220179;;;;;;;;;;;;;;;;;;;;;;;;;;;;;;;;;;;;;;;;;;;;;;;;;;;;;;;;;;;;;;;;;;;;;;;5;8;5;3;3;2;4;;7;7;7;6;4;5;8;0;1;8;7;0;7;7;2;7;5;7;7;5;6;4;6;6;;;;;;;;;;;;;;;;;;;;;;;;;;;;;;;;
20220180;;;;;;;;;;;;;;;;;;;;;;;;;;;;;;;;;;;;;;;;;;;;;;;;;;;;;;;;;;;;;;;;;;;;;;;8;9;;8;4;2;6;9;6;10;;6;4;5;6;4;0;;9;6;6;6;3;10;8;10;7;4;10;5;7;0;office-seeking;vote-seeking;office-seeking;policy-seeking;policy-seeking;vote-seeking;office-seeking;vote-seeking;office-seeking;vote-seeking;vote-seeking;vote-seeking;vote-seeking;vote-seeking;vote-seeking;policy-seeking;não sei;office-seeking;vote-seeking;não sei;office-seeking;policy-seeking;office-seeking;office-seeking;vote-seeking;não sei;não sei;vote-seeking;não sei;vote-seeking;policy-seeking;policy-seeking
20220181;;;;;;;;;;;;;;;;;;;;;;;;;;;;;;;;;;;;;;;;;;;;;;;;;;;;;;;;;;;;;;;;;;;;;;;;;;;;0;;;;;;;;;;;;;;;;;;;;;;;;;;;;;;;;;;;;;;;;;;;;;;;;;;;;;;;;;;
20220182;;;;;;;;;;;;;;;;;;;;;;;;;;;;;;;;;;;;;;;;;;;;;;;;;;;;;;;;;;;;;;;;;;;;;;;8;10;10;8;2;2;4;10;10;10;10;10;7;10;10;0;2;10;10;0;10;10;2;10;10;10;10;10;10;10;9;0;office-seeking;vote-seeking;office-seeking;policy-seeking;vote-seeking;office-seeking;policy-seeking;vote-seeking;vote-seeking;vote-seeking;vote-seeking;office-seeking;vote-seeking;vote-seeking;policy-seeking;policy-seeking;vote-seeking;vote-seeking;policy-seeking;vote-seeking;vote-seeking;policy-seeking;policy-seeking;policy-seeking;vote-seeking;vote-seeking;vote-seeking;policy-seeking;vote-seeking;vote-seeking;office-seeking;policy-seeking
20220183;;;;;;;;;;;;;;;;;;;;;;;;;;;;;;;;;;;;;;;;;;;;;;;;;;;;;;;;;;;;;;;;;;;;;;;6;7;7;;4;3;;;6;7;;;;;7;3;3;7;7;2;;8;2;7;;7;;;6;;;1;office-seeking;office-seeking;vote-seeking;policy-seeking;policy-seeking;office-seeking;policy-seeking;office-seeking;policy-seeking;vote-seeking;office-seeking;não sei;não sei;policy-seeking;policy-seeking;policy-seeking;vote-seeking;policy-seeking;policy-seeking;policy-seeking;policy-seeking;policy-seeking;office-seeking;office-seeking;office-seeking;não sei;office-seeking;vote-seeking;não sei;não sei;office-seeking;policy-seeking
20220184;;;;;;;;;;;;;;;;;;;;;;;;;;;;;;;;;;;;;;;;;;;;;;;;;;;;;;;;;;;;;;;;;;;;;;;7;8;8;4;3;2;4;7;9;8;4;7;6;8;9;0;1;8;9;0;8;8;2;9;8;9;9;7;9;1;7;1;office-seeking;vote-seeking;vote-seeking;policy-seeking;policy-seeking;vote-seeking;office-seeking;vote-seeking;vote-seeking;vote-seeking;vote-seeking;vote-seeking;vote-seeking;office-seeking;policy-seeking;policy-seeking;vote-seeking;vote-seeking;policy-seeking;vote-seeking;vote-seeking;policy-seeking;vote-seeking;vote-seeking;vote-seeking;vote-seeking;vote-seeking;policy-seeking;policy-seeking;vote-seeking;office-seeking;policy-seeking
20220185;;;;;;;;;;;;;;;;;;;;;;;;;;;;;;;;;;;;;;;;;;;;;;;;;;;;;;;;;;;;;;;;;;;;;;;7;8;6;;3;2;4;7;6;8;;;;7;7;2;1;3;8;1;6;6;2;7;7;6;;6;6;5;4;2;office-seeking;vote-seeking;office-seeking;office-seeking;policy-seeking;office-seeking;office-seeking;vote-seeking;office-seeking;não sei;não sei;office-seeking;vote-seeking;office-seeking;policy-seeking;policy-seeking;não sei;office-seeking;office-seeking;vote-seeking;policy-seeking;policy-seeking;office-seeking;office-seeking;office-seeking;não sei;vote-seeking;office-seeking;office-seeking;policy-seeking;office-seeking;policy-seeking
20220186;;;;;;;;;;;;;;;;;;;;;;;;;;;;;;;;;;;;;;;;;;;;;;;;;;;;;;;;;;;;;;;;;;;;;;;7;7;4;3;3;1;4;5;;6;;;4;6;6;;;;6;;6;;1;;;6;;5;7;2;;;;;;;;;;;;;;;;;;;;;;;;;;;;;;;;;;
20220187;;;;;;;;;;;;;;;;;;;;;;;;;;;;;;;;;;;;;;;;;;;;;;;;;;;;;;;;;;;;;;;;;;;;;;;7;7;9;3;4;2;4;6;6;8;8;;4;7;7;0;0;8;8;0;7;8;2;9;7;7;7;5;8;3;7;0;;;;;;;;;;;;;;;;;;;;;;;;;;;;;;;;
20220188;;;;;;;;;;;;;;;;;;;;;;;;;;;;;;;;;;;;;;;;;;;;;;;;;;;;;;;;;;;;;;;;;;;;;;;;10;10;2;0;0;2;;10;10;10;3;3;10;10;0;0;10;10;0;7;10;0;;;10;;;10;3;;7;office-seeking;vote-seeking;policy-seeking;policy-seeking;policy-seeking;office-seeking;office-seeking;office-seeking;vote-seeking;office-seeking;vote-seeking;vote-seeking;vote-seeking;vote-seeking;policy-seeking;policy-seeking;vote-seeking;vote-seeking;policy-seeking;vote-seeking;vote-seeking;policy-seeking;vote-seeking;office-seeking;vote-seeking;office-seeking;office-seeking;policy-seeking;policy-seeking;office-seeking;policy-seeking;office-seeking
20220189;;;;;;;;;;;;;;;;;;;;;;;;;;;;;;;;;;;;;;;;;;;;;;;;;;;;;;;;;;;;;;;;;;;;;;;7;8;9;;4;2;7;6;;7;;7;5;;8;0;0;;;0;7;8;1;;;7;8;;6;4;8;;vote-seeking;não sei;office-seeking;office-seeking;policy-seeking;não sei;office-seeking;não sei;não sei;não sei;não sei;policy-seeking;não sei;office-seeking;policy-seeking;policy-seeking;não sei;não sei;policy-seeking;office-seeking;office-seeking;policy-seeking;office-seeking;não sei;não sei;não sei;não sei;policy-seeking;policy-seeking;vote-seeking;vote-seeking;não sei
20220190;;;;;;;;;;;;;;;;;;;;;;;;;;;;;;;;;;;;;;;;;;;;;;;;;;;;;;;;;;;;;;;;;;;;;;;6;7;9;4;3;2;4;6;;8;;7;5;9;9;0;0;;9;0;10;10;1;10;8;10;9;9;9;4;9;0;;;;;;;;;;;;;;;;;;;;;;;;;;;;;;;;
20220191;;;;;;;;;;;;;;;;;;;;;;;;;;;;;;;;;;;;;;;;;;;;;;;;;;;;;;;;;;;;;;;;;;;;;;;5;8;8;4;4;2;4;8;8;8;8;8;3;8;8;1;1;8;8;1;9;9;2;8;8;8;8;2;9;3;9;2;policy-seeking;office-seeking;office-seeking;policy-seeking;vote-seeking;vote-seeking;policy-seeking;vote-seeking;vote-seeking;vote-seeking;vote-seeking;vote-seeking;vote-seeking;vote-seeking;vote-seeking;vote-seeking;vote-seeking;vote-seeking;vote-seeking;vote-seeking;office-seeking;policy-seeking;office-seeking;policy-seeking;policy-seeking;vote-seeking;vote-seeking;policy-seeking;policy-seeking;vote-seeking;vote-seeking;vote-seeking
20220192;;;;;;;;;;;;;;;;;;;;;;;;;;;;;;;;;;;;;;;;;;;;;;;;;;;;;;;;;;;;;;;;;;;;;;;7;10;9;4;4;3;4;6;8;7;7;7;4;8;8;0;1;9;9;2;8;8;2;8;7;8;8;4;10;4;8;3;vote-seeking;office-seeking;policy-seeking;policy-seeking;policy-seeking;office-seeking;vote-seeking;office-seeking;office-seeking;office-seeking;office-seeking;policy-seeking;office-seeking;office-seeking;policy-seeking;policy-seeking;policy-seeking;policy-seeking;policy-seeking;policy-seeking;policy-seeking;policy-seeking;office-seeking;office-seeking;office-seeking;office-seeking;office-seeking;policy-seeking;policy-seeking;policy-seeking;office-seeking;policy-seeking
20220193;;;;;;;;;;;;;;;;;;;;;;;;;;;;;;;;;;;;;;;;;;;;;;;;;;;;;;;;;;;;;;;;;;;;;;;7;9;4;4;3;1;;6;8;9;1;;5;2;6;0;1;;8;0;5;7;3;8;;7;7;;7;4;7;;office-seeking;office-seeking;office-seeking;policy-seeking;policy-seeking;vote-seeking;office-seeking;vote-seeking;vote-seeking;não sei;não sei;policy-seeking;vote-seeking;vote-seeking;não sei;não sei;não sei;não sei;não sei;não sei;vote-seeking;policy-seeking;office-seeking;vote-seeking;vote-seeking;não sei;não sei;office-seeking;policy-seeking;não sei;office-seeking;não sei
20220194;;;;;;;;;;;;;;;;;;;;;;;;;;;;;;;;;;;;;;;;;;;;;;;;;;;;;;;;;;;;;;;;;;;;;;;5;8;10;4;3;1;4;;8;8;;;3;;10;0;0;10;10;0;8;10;1;10;;10;5;5;9;3;5;0;office-seeking;office-seeking;office-seeking;policy-seeking;não sei;office-seeking;policy-seeking;não sei;vote-seeking;vote-seeking;office-seeking;office-seeking;vote-seeking;vote-seeking;não sei;não sei;vote-seeking;vote-seeking;não sei;policy-seeking;vote-seeking;office-seeking;vote-seeking;office-seeking;vote-seeking;office-seeking;office-seeking;policy-seeking;office-seeking;não sei;office-seeking;não sei
20220195;;;;;;;;;;;;;;;;;;;;;;;;;;;;;;;;;;;;;;;;;;;;;;;;;;;;;;;;;;;;;;;;;;;;;;;;6;;7;2;0;2;;;;6;6;4;;7;0;0;7;7;0;;8;1;7;6;9;8;4;8;3;;0;office-seeking;não sei;;policy-seeking;policy-seeking;policy-seeking;office-seeking;não sei;vote-seeking;vote-seeking;vote-seeking;policy-seeking;não sei;vote-seeking;policy-seeking;policy-seeking;não sei;não sei;policy-seeking;não sei;vote-seeking;policy-seeking;não sei;policy-seeking;vote-seeking;policy-seeking;não sei;policy-seeking;policy-seeking;não sei;não sei;não sei
20220196;;;;;;;;;;;;;;;;;;;;;;;;;;;;;;;;;;;;;;;;;;;;;;;;;;;;;;;;;;;;;;;;;;;;;;;6;8;10;4;2;2;3;;;9;6;5;4;4;6;0;0;8;8;0;;9;1;8;6;9;5;;9;3;6;0;;;;;;;;;;;;;;;;;;;;;;;;;;;;;;;;
20220197;;;;;;;;;;;;;;;;;;;;;;;;;;;;;;;;;;;;;;;;;;;;;;;;;;;;;;;;;;;;;;;;;;;;;;;7;8;9;3;2;1;3;7;9;10;8;7;6;9;9;0;0;9;10;0;8;9;1;9;8;9;8;6;9;3;8;0;office-seeking;office-seeking;vote-seeking;vote-seeking;vote-seeking;vote-seeking;vote-seeking;office-seeking;office-seeking;office-seeking;office-seeking;vote-seeking;office-seeking;office-seeking;policy-seeking;policy-seeking;office-seeking;office-seeking;policy-seeking;office-seeking;office-seeking;policy-seeking;vote-seeking;office-seeking;office-seeking;office-seeking;office-seeking;policy-seeking;policy-seeking;;vote-seeking;policy-seeking
20220198;;;;;;;;;;;;;;;;;;;;;;;;;;;;;;;;;;;;;;;;;;;;;;;;;;;;;;;;;;;;;;;;;;;;;;;6;10;5;;4;2;;;6;6;9;9;4;8;7;2;2;5;6;0;8;9;2;8;9;10;10;8;;3;6;;não sei;não sei;não sei;não sei;não sei;não sei;não sei;não sei;não sei;não sei;não sei;não sei;não sei;não sei;não sei;não sei;não sei;não sei;não sei;não sei;não sei;não sei;não sei;não sei;não sei;não sei;não sei;não sei;não sei;não sei;não sei;não sei
20220199;;;;;;;;;;;;;;;;;;;;;;;;;;;;;;;;;;;;;;;;;;;;;;;;;;;;;;;;;;;;;;;;;;;;;;;6;7;7;4;3;2;4;6;6;6;6;6;4;6;7;1;2;6;7;1;8;8;2;8;6;8;8;7;8;4;6;5;office-seeking;vote-seeking;office-seeking;policy-seeking;office-seeking;office-seeking;office-seeking;não sei;não sei;não sei;vote-seeking;policy-seeking;não sei;office-seeking;policy-seeking;policy-seeking;não sei;não sei;policy-seeking;não sei;não sei;policy-seeking;vote-seeking;office-seeking;office-seeking;não sei;não sei;vote-seeking;policy-seeking;não sei;office-seeking;não sei
20220200;;;;;;;;;;;;;;;;;;;;;;;;;;;;;;;;;;;;;;;;;;;;;;;;;;;;;;;;;;;;;;;;;;;;;;;6;8;7;;3;2;4;6;7;8;5;;;;7;0;1;7;9;0;;;3;8;6;6;7;6;8;5;7;0;office-seeking;vote-seeking;vote-seeking;policy-seeking;policy-seeking;office-seeking;office-seeking;vote-seeking;vote-seeking;vote-seeking;vote-seeking;vote-seeking;vote-seeking;office-seeking;não sei;não sei;vote-seeking;vote-seeking;não sei;vote-seeking;vote-seeking;policy-seeking;office-seeking;office-seeking;vote-seeking;vote-seeking;vote-seeking;policy-seeking;office-seeking;vote-seeking;office-seeking;não sei
20220201;;;;;;;;;;;;;;;;;;;;;;;;;;;;;;;;;;;;;;;;;;;;;;;;;;;;;;;;;;;;;;;;;;;;;;;5;7;10;;3;2;2;;;8;;7;6;6;8;0;0;6;6;0;7;9;1;9;8;8;10;8;9;;8;;;;;;;;;;;;;;;;;;;;;;;;;;;;;;;;;
20220202;;;;;;;;;;;;;;;;;;;;;;;;;;;;;;;;;;;;;;;;;;;;;;;;;;;;;;;;;;;;;;;;;;;;;;;10;9;4;2;1;1;2;8;10;10;7;9;4;7;10;0;0;3;10;0;8;10;0;10;10;10;10;9;10;2;7;0;office-seeking;vote-seeking;policy-seeking;policy-seeking;policy-seeking;vote-seeking;vote-seeking;office-seeking;office-seeking;office-seeking;office-seeking;vote-seeking;office-seeking;office-seeking;policy-seeking;policy-seeking;vote-seeking;office-seeking;policy-seeking;vote-seeking;office-seeking;policy-seeking;vote-seeking;office-seeking;office-seeking;office-seeking;office-seeking;vote-seeking;policy-seeking;vote-seeking;office-seeking;policy-seeking
20220203;;;;;;;;;;;;;;;;;;;;;;;;;;;;;;;;;;;;;;;;;;;;;;;;;;;;;;;;;;;;;;;;;;;;;;;;;;;;;;;;;;;;;;;;;;;;;;;;;;;;;;;;;;;;;;;;;;;;;;;;;;;;;;;;;;;;;;
20220204;;;;;;;;;;;;;;;;;;;;;;;;;;;;;;;;;;;;;;;;;;;;;;;;;;;;;;;;;;;;;;;;;;;;;;;7;10;8;3;3;3;5;7;10;10;10;7;5;7;10;0;0;7;7;0;7;10;0;10;8;10;10;7;10;5;7;5;não sei;não sei;não sei;não sei;não sei;não sei;não sei;não sei;não sei;não sei;não sei;não sei;não sei;não sei;não sei;não sei;não sei;não sei;não sei;não sei;não sei;não sei;não sei;não sei;não sei;não sei;não sei;não sei;não sei;não sei;não sei;não sei
20220205;;;;;;;;;;;;;;;;;;;;;;;;;;;;;;;;;;;;;;;;;;;;;;;;;;;;;;;;;;;;;;;;;;;;;;;;;;;;;;;;;;;;;;;;;;;;;;;;;;;;;;;;;;;;;;;;;;;;;;;;;;;;;;;;;;;;;;
20220206;;;;;;;;;;;;;;;;;;;;;;;;;;;;;;;;;;;;;;;;;;;;;;;;;;;;;;;;;;;;;;;;;;;;;;;10;10;9;4;4;0;9;10;10;10;10;10;9;10;10;0;0;10;10;0;10;10;0;10;10;10;10;4;10;4;10;0;vote-seeking;vote-seeking;policy-seeking;policy-seeking;policy-seeking;vote-seeking;policy-seeking;não sei;office-seeking;não sei;office-seeking;office-seeking;office-seeking;vote-seeking;policy-seeking;policy-seeking;office-seeking;office-seeking;não sei;vote-seeking;vote-seeking;policy-seeking;vote-seeking;vote-seeking;office-seeking;office-seeking;não sei;office-seeking;policy-seeking;office-seeking;vote-seeking;policy-seeking
20220207;;;;;;;;;;;;;;;;;;;;;;;;;;;;;;;;;;;;;;;;;;;;;;;;;;;;;;;;;;;;;;;;;;;;;;;;;;;;;;;;;;;;;;;;;;;;;;;;;;;;;;;;;;;;;;;;;;;;;;;;;;;;;;;;;;;;;;
20220208;;;;;;;;;;;;;;;;;;;;;;;;;;;;;;;;;;;;;;;;;;;;;;;;;;;;;;;;;;;;;;;;;;;;;;;5;8;8;4;3;0;4;6;8;8;;;4;;9;0;0;9;8;0;6;9;2;7;6;8;8;4;8;4;7;1;office-seeking;vote-seeking;policy-seeking;policy-seeking;policy-seeking;vote-seeking;office-seeking;vote-seeking;vote-seeking;vote-seeking;vote-seeking;policy-seeking;vote-seeking;office-seeking;policy-seeking;policy-seeking;vote-seeking;vote-seeking;policy-seeking;vote-seeking;vote-seeking;policy-seeking;vote-seeking;office-seeking;vote-seeking;vote-seeking;vote-seeking;policy-seeking;policy-seeking;vote-seeking;vote-seeking;policy-seeking
20220209;;;;;;;;;;;;;;;;;;;;;;;;;;;;;;;;;;;;;;;;;;;;;;;;;;;;;;;;;;;;;;;;;;;;;;;8;3;7;8;1;2;2;8;9;6;7;3;3;7;3;3;2;3;3;3;8;3;2;3;1;7;2;1;3;8;8;7;vote-seeking;policy-seeking;vote-seeking;vote-seeking;não sei;office-seeking;policy-seeking;policy-seeking;não sei;vote-seeking;office-seeking;vote-seeking;não sei;office-seeking;policy-seeking;vote-seeking;não sei;office-seeking;vote-seeking;vote-seeking;policy-seeking;office-seeking;office-seeking;office-seeking;não sei;vote-seeking;office-seeking;office-seeking;policy-seeking;policy-seeking;policy-seeking;vote-seeking
20220210;;;;;;;;;;;;;;;;;;;;;;;;;;;;;;;;;;;;;;;;;;;;;;;;;;;;;;;;;;;;;;;;;;;;;;;5;10;8;4;3;2;3;7;8;8;8;8;;4;8;0;2;8;7;0;7;8;1;9;;7;4;6;10;3;10;0;vote-seeking;office-seeking;policy-seeking;policy-seeking;policy-seeking;policy-seeking;policy-seeking;office-seeking;office-seeking;office-seeking;office-seeking;policy-seeking;office-seeking;office-seeking;policy-seeking;policy-seeking;office-seeking;office-seeking;policy-seeking;office-seeking;office-seeking;policy-seeking;office-seeking;vote-seeking;office-seeking;office-seeking;office-seeking;policy-seeking;policy-seeking;office-seeking;policy-seeking;policy-seeking
20220211;;;;;;;;;;;;;;;;;;;;;;;;;;;;;;;;;;;;;;;;;;;;;;;;;;;;;;;;;;;;;;;;;;;;;;;5;8;2;;2;0;2;4;;8;9;8;6;3;9;0;0;3;9;0;9;9;0;10;6;10;10;9;9;5;;;office-seeking;vote-seeking;não sei;policy-seeking;office-seeking;office-seeking;vote-seeking;office-seeking;office-seeking;vote-seeking;office-seeking;;;;;;;;;;;;;;;;;;;;;
20220212;;;;;;;;;;;;;;;;;;;;;;;;;;;;;;;;;;;;;;;;;;;;;;;;;;;;;;;;;;;;;;;;;;;;;;;6;8;9;2;1;0;2;6;6;7;6;5;3;2;9;0;0;5;4;0;8;8;0;9;6;9;9;4;10;3;7;4;office-seeking;não sei;policy-seeking;policy-seeking;policy-seeking;policy-seeking;vote-seeking;não sei;vote-seeking;não sei;vote-seeking;policy-seeking;não sei;office-seeking;policy-seeking;policy-seeking;não sei;office-seeking;policy-seeking;vote-seeking;vote-seeking;policy-seeking;office-seeking;office-seeking;não sei;não sei;office-seeking;policy-seeking;policy-seeking;não sei;vote-seeking;não sei
20220213;;;;;;;;;;;;;;;;;;;;;;;;;;;;;;;;;;;;;;;;;;;;;;;;;;;;;;;;;;;;;;;;;;;;;;;6;8;7;3;2;1;2;6;6;9;3;6;3;4;9;0;1;8;8;0;9;9;1;10;7;9;9;3;8;2;7;1;policy-seeking;vote-seeking;policy-seeking;policy-seeking;policy-seeking;policy-seeking;policy-seeking;office-seeking;vote-seeking;vote-seeking;office-seeking;;policy-seeking;vote-seeking;policy-seeking;office-seeking;vote-seeking;vote-seeking;office-seeking;vote-seeking;vote-seeking;policy-seeking;vote-seeking;office-seeking;vote-seeking;vote-seeking;policy-seeking;office-seeking;policy-seeking;vote-seeking;vote-seeking;office-seeking
20220214;;;;;;;;;;;;;;;;;;;;;;;;;;;;;;;;;;;;;;;;;;;;;;;;;;;;;;;;;;;;;;;;;;;;;;;10;10;10;0;0;0;10;10;10;10;10;10;0;10;10;0;0;10;10;0;10;10;0;10;10;10;10;10;10;0;10;10;vote-seeking;vote-seeking;policy-seeking;vote-seeking;vote-seeking;vote-seeking;vote-seeking;vote-seeking;vote-seeking;vote-seeking;vote-seeking;office-seeking;office-seeking;vote-seeking;vote-seeking;vote-seeking;vote-seeking;vote-seeking;vote-seeking;vote-seeking;vote-seeking;office-seeking;vote-seeking;vote-seeking;vote-seeking;vote-seeking;office-seeking;office-seeking;office-seeking;vote-seeking;vote-seeking;office-seeking
20220215;;;;;;;;;;;;;;;;;;;;;;;;;;;;;;;;;;;;;;;;;;;;;;;;;;;;;;;;;;;;;;;;;;;;;;;8;9;6;3;4;1;4;7;6;8;7;5;;6;9;1;1;5;8;4;6;6;1;8;8;9;4;4;7;4;6;6;vote-seeking;policy-seeking;policy-seeking;policy-seeking;policy-seeking;policy-seeking;office-seeking;office-seeking;vote-seeking;;office-seeking;office-seeking;vote-seeking;vote-seeking;policy-seeking;office-seeking;vote-seeking;vote-seeking;vote-seeking;vote-seeking;vote-seeking;policy-seeking;office-seeking;office-seeking;vote-seeking;vote-seeking;policy-seeking;vote-seeking;vote-seeking;office-seeking;office-seeking;office-seeking
20220216;;;;;;;;;;;;;;;;;;;;;;;;;;;;;;;;;;;;;;;;;;;;;;;;;;;;;;;;;;;;;;;;;;;;;;;6;9;;4;3;2;4;7;7;9;6;6;3;4;8;1;0;6;9;1;7;7;1;8;7;7;7;6;8;3;6;0;office-seeking;vote-seeking;policy-seeking;policy-seeking;policy-seeking;vote-seeking;policy-seeking;não sei;vote-seeking;office-seeking;office-seeking;policy-seeking;vote-seeking;vote-seeking;policy-seeking;policy-seeking;vote-seeking;office-seeking;não sei;vote-seeking;office-seeking;policy-seeking;office-seeking;vote-seeking;vote-seeking;office-seeking;não sei;policy-seeking;policy-seeking;não sei;vote-seeking;policy-seeking
20220217;;;;;;;;;;;;;;;;;;;;;;;;;;;;;;;;;;;;;;;;;;;;;;;;;;;;;;;;;;;;;;;;;;;;;;;6;7;;4;3;3;5;7;7;8;4;7;;;8;3;3;7;7;2;7;8;2;8;8;8;7;8;8;4;8;4;vote-seeking;office-seeking;policy-seeking;policy-seeking;policy-seeking;office-seeking;office-seeking;office-seeking;office-seeking;policy-seeking;office-seeking;policy-seeking;office-seeking;vote-seeking;policy-seeking;policy-seeking;office-seeking;office-seeking;policy-seeking;office-seeking;office-seeking;policy-seeking;office-seeking;office-seeking;office-seeking;office-seeking;office-seeking;policy-seeking;policy-seeking;office-seeking;office-seeking;office-seeking
20220218;;;;;;;;;;;;;;;;;;;;;;;;;;;;;;;;;;;;;;;;;;;;;;;;;;;;;;;;;;;;;;;;;;;;;;;5;9;8;4;2;2;3;7;8;9;8;7;4;8;8;0;0;8;8;0;8;9;1;10;7;10;8;8;10;4;8;1;vote-seeking;office-seeking;policy-seeking;policy-seeking;policy-seeking;policy-seeking;vote-seeking;office-seeking;office-seeking;office-seeking;office-seeking;policy-seeking;office-seeking;office-seeking;policy-seeking;policy-seeking;office-seeking;office-seeking;policy-seeking;office-seeking;office-seeking;policy-seeking;office-seeking;office-seeking;office-seeking;office-seeking;office-seeking;policy-seeking;policy-seeking;office-seeking;office-seeking;policy-seeking
20220219;;;;;;;;;;;;;;;;;;;;;;;;;;;;;;;;;;;;;;;;;;;;;;;;;;;;;;;;;;;;;;;;;;;;;;;10;10;;;2;0;3;10;10;10;6;10;3;6;10;0;0;6;10;0;10;10;0;9;10;10;10;;10;1;4;1;office-seeking;office-seeking;vote-seeking;policy-seeking;office-seeking;vote-seeking;office-seeking;não sei;office-seeking;não sei;não sei;policy-seeking;office-seeking;;não sei;office-seeking;não sei;office-seeking;não sei;office-seeking;não sei;policy-seeking;não sei;office-seeking;não sei;office-seeking;não sei;office-seeking;policy-seeking;não sei;não sei;não sei
20220220;;;;;;;;;;;;;;;;;;;;;;;;;;;;;;;;;;;;;;;;;;;;;;;;;;;;;;;;;;;;;;;;;;;;;;;;9;4;;3;2;4;6;;8;9;;;;7;1;1;;;1;;8;2;;;;;;;;;;vote-seeking;vote-seeking;vote-seeking;vote-seeking;policy-seeking;vote-seeking;vote-seeking;não sei;não sei;policy-seeking;não sei;office-seeking;não sei;vote-seeking;policy-seeking;policy-seeking;não sei;não sei;policy-seeking;office-seeking;policy-seeking;policy-seeking;não sei;office-seeking;policy-seeking;não sei;não sei;vote-seeking;office-seeking;não sei;policy-seeking;não sei
20220221;;;;;;;;;;;;;;;;;;;;;;;;;;;;;;;;;;;;;;;;;;;;;;;;;;;;;;;;;;;;;;;;;;;;;;;;;;;;;;;;;;;;;;;;;;;;;;;;;;;;;;;;;;;;;;;;;;;;;;;;;;;;;;;;;;;;;;
20220222;;;;;;;;;;;;;;;;;;;;;;;;;;;;;;;;;;;;;;;;;;;;;;;;;;;;;;;;;;;;;;;;;;;;;;;5;6;7;4;3;3;4;6;7;7;7;;4;6;6;0;0;6;6;0;6;7;2;6;6;6;6;5;8;;;2;office-seeking;vote-seeking;policy-seeking;policy-seeking;policy-seeking;policy-seeking;policy-seeking;vote-seeking;vote-seeking;vote-seeking;office-seeking;office-seeking;vote-seeking;vote-seeking;policy-seeking;policy-seeking;vote-seeking;vote-seeking;policy-seeking;vote-seeking;office-seeking;policy-seeking;office-seeking;office-seeking;vote-seeking;office-seeking;office-seeking;policy-seeking;policy-seeking;vote-seeking;office-seeking;não sei
20220223;;;;;;;;;;;;;;;;;;;;;;;;;;;;;;;;;;;;;;;;;;;;;;;;;;;;;;;;;;;;;;;;;;;;;;;5;6;8;4;2;2;3;;;8;;;4;6;7;0;0;8;8;0;7;8;1;9;6;8;6;;10;4;6;0;office-seeking;não sei;não sei;vote-seeking;policy-seeking;vote-seeking;vote-seeking;não sei;policy-seeking;não sei;policy-seeking;policy-seeking;não sei;office-seeking;policy-seeking;policy-seeking;não sei;não sei;policy-seeking;policy-seeking;office-seeking;policy-seeking;office-seeking;office-seeking;policy-seeking;não sei;não sei;policy-seeking;policy-seeking;não sei;office-seeking;policy-seeking
20220224;;;;;;;;;;;;;;;;;;;;;;;;;;;;;;;;;;;;;;;;;;;;;;;;;;;;;;;;;;;;;;;;;;;;;;;6;8;4;3;4;3;3;6;5;7;;6;4;7;8;2;3;;8;2;6;6;3;8;7;8;8;7;9;4;7;4;office-seeking;office-seeking;policy-seeking;vote-seeking;policy-seeking;office-seeking;vote-seeking;não sei;office-seeking;não sei;não sei;policy-seeking;vote-seeking;vote-seeking;não sei;não sei;não sei;vote-seeking;não sei;office-seeking;office-seeking;policy-seeking;office-seeking;office-seeking;vote-seeking;não sei;não sei;policy-seeking;office-seeking;vote-seeking;vote-seeking;vote-seeking
20220225;;;;;;;;;;;;;;;;;;;;;;;;;;;;;;;;;;;;;;;;;;;;;;;;;;;;;;;;;;;;;;;;;;;;;;;;;6;;0;4;;8;;;;;;;;0;;;;;;;1;;;;;;10;;;;vote-seeking;office-seeking;office-seeking;vote-seeking;policy-seeking;policy-seeking;não sei;não sei;não sei;não sei;não sei;office-seeking;office-seeking;office-seeking;policy-seeking;policy-seeking;não sei;não sei;não sei;office-seeking;office-seeking;policy-seeking;policy-seeking;policy-seeking;não sei;não sei;não sei;policy-seeking;não sei;não sei;policy-seeking;não sei
20220226;;;;;;;;;;;;;;;;;;;;;;;;;;;;;;;;;;;;;;;;;;;;;;;;;;;;;;;;;;;;;;;;;;;;;;;7;7;9;2;2;0;1;4;6;6;6;4;3;7;7;0;0;7;7;0;8;8;1;8;8;7;7;3;9;2;6;0;office-seeking;vote-seeking;policy-seeking;policy-seeking;vote-seeking;policy-seeking;vote-seeking;vote-seeking;vote-seeking;vote-seeking;office-seeking;policy-seeking;vote-seeking;vote-seeking;policy-seeking;policy-seeking;vote-seeking;vote-seeking;policy-seeking;policy-seeking;vote-seeking;policy-seeking;office-seeking;office-seeking;vote-seeking;vote-seeking;policy-seeking;policy-seeking;policy-seeking;vote-seeking;office-seeking;policy-seeking
20220227;;;;;;;;;;;;;;;;;;;;;;;;;;;;;;;;;;;;;;;;;;;;;;;;;;;;;;;;;;;;;;;;;;;;;;;6;8;4;4;4;2;4;7;6;8;2;8;4;3;8;2;2;2;8;1;7;8;1;7;7;6;7;7;8;3;4;2;;;;;;;;;;;;;;;;;;;;;;;;;;;;;;;;
20220228;;;;;;;;;;;;;;;;;;;;;;;;;;;;;;;;;;;;;;;;;;;;;;;;;;;;;;;;;;;;;;;;;;;;;;;8;10;9;4;3;2;4;8;8;10;6;4;4;8;10;1;2;7;9;1;7;9;0;10;6;9;7;4;10;3;8;0;office-seeking;office-seeking;policy-seeking;policy-seeking;policy-seeking;vote-seeking;vote-seeking;vote-seeking;vote-seeking;não sei;policy-seeking;policy-seeking;vote-seeking;office-seeking;policy-seeking;policy-seeking;vote-seeking;vote-seeking;policy-seeking;vote-seeking;vote-seeking;policy-seeking;office-seeking;office-seeking;vote-seeking;vote-seeking;policy-seeking;vote-seeking;policy-seeking;vote-seeking;office-seeking;policy-seeking
20220229;;;;;;;;;;;;;;;;;;;;;;;;;;;;;;;;;;;;;;;;;;;;;;;;;;;;;;;;;;;;;;;;;;;;;;;6;7;8;3;3;1;3;6;7;7;7;;;8;7;1;1;8;7;0;7;7;2;8;6;8;8;;9;4;7;5;policy-seeking;vote-seeking;policy-seeking;policy-seeking;office-seeking;policy-seeking;policy-seeking;office-seeking;office-seeking;office-seeking;vote-seeking;vote-seeking;office-seeking;vote-seeking;não sei;não sei;office-seeking;office-seeking;não sei;office-seeking;office-seeking;policy-seeking;office-seeking;office-seeking;não sei;não sei;office-seeking;vote-seeking;vote-seeking;não sei;policy-seeking;não sei
20220230;;;;;;;;;;;;;;;;;;;;;;;;;;;;;;;;;;;;;;;;;;;;;;;;;;;;;;;;;;;;;;;;;;;;;;;8;10;9;3;2;2;4;8;10;10;10;4;4;5;9;0;0;10;9;0;10;10;1;10;9;10;10;4;10;2;10;0;office-seeking;office-seeking;vote-seeking;policy-seeking;office-seeking;vote-seeking;vote-seeking;não sei;policy-seeking;não sei;office-seeking;policy-seeking;não sei;office-seeking;policy-seeking;policy-seeking;office-seeking;não sei;policy-seeking;office-seeking;policy-seeking;policy-seeking;office-seeking;office-seeking;policy-seeking;não sei;office-seeking;policy-seeking;policy-seeking;não sei;office-seeking;policy-seeking
20220231;;;;;;;;;;;;;;;;;;;;;;;;;;;;;;;;;;;;;;;;;;;;;;;;;;;;;;;;;;;;;;;;;;;;;;;7;8;;4;3;2;3;7;;7;7;7;7;6;7;0;0;6;9;0;7;7;3;7;7;9;7;7;8;6;9;3;;;;;;;;;;;;;;;;;;;;;;;;;;;;;;;;
20220232;;;;;;;;;;;;;;;;;;;;;;;;;;;;;;;;;;;;;;;;;;;;;;;;;;;;;;;;;;;;;;;;;;;;;;;8;10;10;6;3;3;6;7;8;9;8;8;7;8;9;0;1;9;9;0;8;9;4;10;9;9;9;8;8;6;8;0;;;;;;;;;;;;;;;;;;;;;;;;;;;;;;;;
20220233;;;;;;;;;;;;;;;;;;;;;;;;;;;;;;;;;;;;;;;;;;;;;;;;;;;;;;;;;;;;;;;;;;;;;;;6;8;4;4;2;1;4;6;7;7;7;4;4;7;8;0;0;7;7;0;8;9;0;9;7;8;8;5;9;4;7;2;;;;;;;;;;;;;;;;;;;;;;;;;;;;;;;;
20220234;;;;;;;;;;;;;;;;;;;;;;;;;;;;;;;;;;;;;;;;;;;;;;;;;;;;;;;;;;;;;;;;;;;;;;;6;8;8;4;3;2;3;6;7;7;7;7;4;7;8;1;1;7;8;1;7;8;2;8;7;8;8;7;9;5;7;;office-seeking;policy-seeking;vote-seeking;vote-seeking;policy-seeking;office-seeking;vote-seeking;não sei;office-seeking;não sei;office-seeking;policy-seeking;office-seeking;vote-seeking;policy-seeking;policy-seeking;não sei;policy-seeking;policy-seeking;vote-seeking;vote-seeking;policy-seeking;vote-seeking;office-seeking;policy-seeking;não sei;office-seeking;policy-seeking;office-seeking;não sei;vote-seeking;não sei
20220235;;;;;;;;;;;;;;;;;;;;;;;;;;;;;;;;;;;;;;;;;;;;;;;;;;;;;;;;;;;;;;;;;;;;;;;;;;;;;;;;;;;;;;;;;;;;;;;;;;;;;;;;;;;;;;;;;;;;;;;;;;;;;;;;;;;;;;
20220236;;;;;;;;;;;;;;;;;;;;;;;;;;;;;;;;;;;;;;;;;;;;;;;;;;;;;;;;;;;;;;;;;;;;;;;6;9;4;4;4;0;4;6;8;9;5;4;3;3;6;0;0;6;8;0;6;6;1;9;6;6;4;3;9;2;5;0;;;;;;;;;;;;;;;;;;;;;;;;;;;;;;;;
20220237;;;;;;;;;;;;;;;;;;;;;;;;;;;;;;;;;;;;;;;;;;;;;;;;;;;;;;;;;;;;;;;;;;;;;;;7;10;6;;4;4;;8;9;9;6;7;;7;10;1;1;8;9;1;9;9;2;9;8;10;10;6;9;5;;1;;;;;;;;;;;;;;;;;;;;;;;;;;;;;;;;
20220238;;;;;;;;;;;;;;;;;;;;;;;;;;;;;;;;;;;;;;;;;;;;;;;;;;;;;;;;;;;;;;;;;;;;;;;8;9;10;5;2;3;4;6;9;8;8;6;4;8;9;0;1;10;9;0;9;9;1;9;7;7;5;4;10;3;8;0;office-seeking;office-seeking;policy-seeking;policy-seeking;policy-seeking;policy-seeking;policy-seeking;não sei;não sei;não sei;policy-seeking;policy-seeking;não sei;office-seeking;não sei;não sei;não sei;não sei;não sei;não sei;vote-seeking;policy-seeking;vote-seeking;office-seeking;não sei;não sei;office-seeking;policy-seeking;policy-seeking;não sei;vote-seeking;não sei
20220239;;;;;;;;;;;;;;;;;;;;;;;;;;;;;;;;;;;;;;;;;;;;;;;;;;;;;;;;;;;;;;;;;;;;;;;9;10;;;1;0;4;10;;10;8;7;3;5;4;0;0;4;10;0;6;6;0;4;4;10;10;6;6;6;6;4;;;;;;;;;;;;;;;;;;;;;;;;;;;;;;;;
20220240;;;;;;;;;;;;;;;;;;;;;;;;;;;;;;;;;;;;;;;;;;;;;;;;;;;;;;;;;;;;;;;;;;;;;;;7;9;9;4;3;2;4;7;8;8;8;7;6;8;9;0;1;8;8;0;9;9;2;9;8;9;;6;9;3;7;0;policy-seeking;office-seeking;policy-seeking;policy-seeking;policy-seeking;policy-seeking;policy-seeking;office-seeking;office-seeking;office-seeking;policy-seeking;policy-seeking;vote-seeking;office-seeking;policy-seeking;policy-seeking;vote-seeking;office-seeking;policy-seeking;não sei;office-seeking;policy-seeking;office-seeking;policy-seeking;vote-seeking;não sei;não sei;vote-seeking;policy-seeking;office-seeking;policy-seeking;policy-seeking
20220241;;;;;;;;;;;;;;;;;;;;;;;;;;;;;;;;;;;;;;;;;;;;;;;;;;;;;;;;;;;;;;;;;;;;;;;6;8;8;4;3;2;4;;6;8;7;;5;4;7;0;0;4;8;0;8;8;2;9;6;8;7;4;8;4;7;1;;;;;;;;;;;;;;;;;;;;;;;;;;;;;;;;
20220242;;;;;;;;;;;;;;;;;;;;;;;;;;;;;;;;;;;;;;;;;;;;;;;;;;;;;;;;;;;;;;;;;;;;;;;6;10;7;5;4;4;4;6;;10;;7;4;;9;2;1;;10;2;9;9;4;10;7;9;;7;9;5;;;;;;;;;;;;;;;;;;;;;;;;;;;;;;;;;;
20220243;;;;;;;;;;;;;;;;;;;;;;;;;;;;;;;;;;;;;;;;;;;;;;;;;;;;;;;;;;;;;;;;;;;;;;;5;9;8;4;3;1;3;;8;8;;;;7;9;1;1;;;0;6;8;1;7;6;7;7;;9;;;0;office-seeking;vote-seeking;policy-seeking;policy-seeking;não sei;policy-seeking;office-seeking;não sei;policy-seeking;não sei;não sei;não sei;office-seeking;office-seeking;não sei;não sei;não sei;não sei;policy-seeking;office-seeking;policy-seeking;policy-seeking;office-seeking;office-seeking;não sei;não sei;office-seeking;policy-seeking;não sei;não sei;vote-seeking;policy-seeking
20220244;;;;;;;;;;;;;;;;;;;;;;;;;;;;;;;;;;;;;;;;;;;;;;;;;;;;;;;;;;;;;;;;;;;;;;;7;9;4;4;4;3;;8;9;9;1;6;4;7;8;0;1;4;9;0;8;8;4;10;6;10;9;6;10;4;5;0;office-seeking;office-seeking;office-seeking;policy-seeking;policy-seeking;policy-seeking;vote-seeking;policy-seeking;policy-seeking;vote-seeking;policy-seeking;policy-seeking;policy-seeking;policy-seeking;vote-seeking;vote-seeking;policy-seeking;policy-seeking;vote-seeking;policy-seeking;policy-seeking;policy-seeking;policy-seeking;policy-seeking;vote-seeking;policy-seeking;policy-seeking;policy-seeking;policy-seeking;policy-seeking;vote-seeking;vote-seeking
20220245;;;;;;;;;;;;;;;;;;;;;;;;;;;;;;;;;;;;;;;;;;;;;;;;;;;;;;;;;;;;;;;;;;;;;;;7;8;9;5;3;4;4;6;;9;6;6;;6;8;0;0;;6;0;6;7;1;9;;9;;7;9;4;6;0;;;;;;;;;;;;;;;;;;;;;;;;;;;;;;;;
20220246;;;;;;;;;;;;;;;;;;;;;;;;;;;;;;;;;;;;;;;;;;;;;;;;;;;;;;;;;;;;;;;;;;;;;;;;7;10;4;4;3;4;6;7;8;5;4;4;7;6;0;2;10;7;0;7;8;2;6;6;10;5;;9;4;;0;office-seeking;office-seeking;policy-seeking;office-seeking;policy-seeking;vote-seeking;vote-seeking;vote-seeking;office-seeking;office-seeking;vote-seeking;vote-seeking;office-seeking;vote-seeking;policy-seeking;policy-seeking;policy-seeking;vote-seeking;policy-seeking;office-seeking;vote-seeking;policy-seeking;office-seeking;office-seeking;office-seeking;office-seeking;office-seeking;policy-seeking;policy-seeking;office-seeking;vote-seeking;policy-seeking
20220247;;;;;;;;;;;;;;;;;;;;;;;;;;;;;;;;;;;;;;;;;;;;;;;;;;;;;;;;;;;;;;;;;;;;;;;;6;;4;3;1;6;7;;7;;6;4;;6;1;1;;8;1;8;8;1;8;;9;;8;6;4;7;1;office-seeking;office-seeking;vote-seeking;policy-seeking;policy-seeking;office-seeking;office-seeking;não sei;office-seeking;não sei;office-seeking;policy-seeking;office-seeking;office-seeking;policy-seeking;policy-seeking;não sei;não sei;policy-seeking;não sei;office-seeking;policy-seeking;office-seeking;office-seeking;office-seeking;não sei;office-seeking;vote-seeking;policy-seeking;office-seeking;vote-seeking;policy-seeking
20220248;;;;;;;;;;;;;;;;;;;;;;;;;;;;;;;;;;;;;;;;;;;;;;;;;;;;;;;;;;;;;;;;;;;;;;;8;10;6;4;3;3;4;9;7;10;4;6;5;6;7;0;3;10;6;0;5;7;2;10;6;10;8;6;9;4;8;1;office-seeking;;vote-seeking;policy-seeking;policy-seeking;vote-seeking;vote-seeking;office-seeking;não sei;não sei;vote-seeking;policy-seeking;vote-seeking;vote-seeking;policy-seeking;policy-seeking;office-seeking;vote-seeking;não sei;vote-seeking;office-seeking;policy-seeking;office-seeking;office-seeking;vote-seeking;não sei;vote-seeking;vote-seeking;policy-seeking;não sei;vote-seeking;policy-seeking
20220249;;;;;;;;;;;;;;;;;;;;;;;;;;;;;;;;;;;;;;;;;;;;;;;;;;;;;;;;;;;;;;;;;;;;;;;7;10;10;4;2;2;4;7;7;9;7;6;6;8;10;0;0;10;9;0;7;10;2;8;7;10;7;7;10;4;9;0;office-seeking;office-seeking;vote-seeking;vote-seeking;policy-seeking;vote-seeking;vote-seeking;office-seeking;policy-seeking;office-seeking;office-seeking;não sei;office-seeking;office-seeking;não sei;não sei;não sei;office-seeking;não sei;policy-seeking;policy-seeking;policy-seeking;office-seeking;office-seeking;não sei;não sei;não sei;policy-seeking;policy-seeking;não sei;não sei;policy-seeking
20220250;;;;;;;;;;;;;;;;;;;;;;;;;;;;;;;;;;;;;;;;;;;;;;;;;;;;;;;;;;;;;;;;;;;;;;;7;8;9;4;2;2;4;7;8;8;7;7;;7;8;1;1;9;6;1;8;8;2;9;7;8;6;6;9;4;8;3;vote-seeking;office-seeking;vote-seeking;policy-seeking;office-seeking;vote-seeking;vote-seeking;office-seeking;office-seeking;office-seeking;office-seeking;office-seeking;office-seeking;office-seeking;policy-seeking;policy-seeking;office-seeking;office-seeking;policy-seeking;office-seeking;office-seeking;policy-seeking;vote-seeking;vote-seeking;office-seeking;office-seeking;office-seeking;policy-seeking;office-seeking;office-seeking;vote-seeking;policy-seeking
20220251;;;;;;;;;;;;;;;;;;;;;;;;;;;;;;;;;;;;;;;;;;;;;;;;;;;;;;;;;;;;;;;;;;;;;;;7;8;4;3;3;1;2;6;;8;;8;4;;8;1;1;;7;2;8;8;2;6;6;8;7;3;8;3;4;;;;;;;;;;;;;;;;;;;;;;;;;;;;;;;;;
20220252;;;;;;;;;;;;;;;;;;;;;;;;;;;;;;;;;;;;;;;;;;;;;;;;;;;;;;;;;;;;;;;;;;;;;;;7;8;9;;2;2;3;;9;9;9;8;6;7;9;0;0;10;10;0;7;10;2;10;6;9;6;6;9;;8;1;office-seeking;vote-seeking;vote-seeking;policy-seeking;policy-seeking;policy-seeking;policy-seeking;vote-seeking;vote-seeking;vote-seeking;vote-seeking;vote-seeking;vote-seeking;vote-seeking;policy-seeking;policy-seeking;vote-seeking;vote-seeking;policy-seeking;vote-seeking;vote-seeking;policy-seeking;vote-seeking;office-seeking;vote-seeking;vote-seeking;vote-seeking;policy-seeking;office-seeking;vote-seeking;policy-seeking;policy-seeking
20220253;;;;;;;;;;;;;;;;;;;;;;;;;;;;;;;;;;;;;;;;;;;;;;;;;;;;;;;;;;;;;;;;;;;;;;;9;9;10;3;2;2;4;7;9;9;7;7;;;9;0;0;10;9;0;8;10;0;10;9;10;;;10;4;7;0;vote-seeking;office-seeking;policy-seeking;policy-seeking;policy-seeking;policy-seeking;office-seeking;não sei;vote-seeking;não sei;office-seeking;office-seeking;não sei;vote-seeking;policy-seeking;policy-seeking;não sei;não sei;policy-seeking;office-seeking;office-seeking;policy-seeking;office-seeking;office-seeking;office-seeking;não sei;office-seeking;policy-seeking;policy-seeking;não sei;vote-seeking;policy-seeking
20220254;;;;;;;;;;;;;;;;;;;;;;;;;;;;;;;;;;;;;;;;;;;;;;;;;;;;;;;;;;;;;;;;;;;;;;;6;6;4;4;3;2;4;6;5;6;;6;4;3;6;3;2;4;6;4;6;6;1;7;6;6;;6;7;4;5;;vote-seeking;vote-seeking;vote-seeking;vote-seeking;vote-seeking;vote-seeking;vote-seeking;vote-seeking;vote-seeking;vote-seeking;vote-seeking;vote-seeking;vote-seeking;vote-seeking;vote-seeking;vote-seeking;vote-seeking;vote-seeking;vote-seeking;vote-seeking;vote-seeking;vote-seeking;vote-seeking;vote-seeking;vote-seeking;vote-seeking;vote-seeking;vote-seeking;vote-seeking;vote-seeking;vote-seeking;vote-seeking
20220255;;;;;;;;;;;;;;;;;;;;;;;;;;;;;;;;;;;;;;;;;;;;;;;;;;;;;;;;;;;;;;;;;;;;;;;5;8;8;4;4;3;3;5;6;6;6;6;4;7;8;2;2;7;6;1;7;7;1;7;7;7;7;7;7;4;7;2;;;;;;;;;;;;;;;;;;;;;;;;;;;;;;;;
20220256;;;;;;;;;;;;;;;;;;;;;;;;;;;;;;;;;;;;;;;;;;;;;;;;;;;;;;;;;;;;;;;;;;;;;;;6;9;10;3;3;2;3;7;6;7;4;7;4;6;6;0;0;6;6;1;7;7;1;9;8;8;6;6;10;3;6;0;office-seeking;policy-seeking;policy-seeking;policy-seeking;policy-seeking;policy-seeking;policy-seeking;não sei;não sei;office-seeking;vote-seeking;policy-seeking;não sei;office-seeking;policy-seeking;policy-seeking;não sei;vote-seeking;policy-seeking;office-seeking;office-seeking;policy-seeking;office-seeking;office-seeking;vote-seeking;office-seeking;não sei;policy-seeking;policy-seeking;vote-seeking;office-seeking;policy-seeking
20220257;;;;;;;;;;;;;;;;;;;;;;;;;;;;;;;;;;;;;;;;;;;;;;;;;;;;;;;;;;;;;;;;;;;;;;;6;8;8;4;3;3;4;6;7;8;6;;;6;8;0;0;8;8;0;6;8;1;8;6;7;7;5;9;;7;7;office-seeking;vote-seeking;policy-seeking;policy-seeking;policy-seeking;vote-seeking;policy-seeking;não sei;vote-seeking;vote-seeking;vote-seeking;policy-seeking;vote-seeking;office-seeking;policy-seeking;policy-seeking;office-seeking;vote-seeking;policy-seeking;office-seeking;policy-seeking;policy-seeking;office-seeking;vote-seeking;vote-seeking;vote-seeking;office-seeking;policy-seeking;policy-seeking;vote-seeking;office-seeking;não sei
20220258;;;;;;;;;;;;;;;;;;;;;;;;;;;;;;;;;;;;;;;;;;;;;;;;;;;;;;;;;;;;;;;;;;;;;;;6;8;7;3;2;1;4;7;8;6;6;;;6;8;1;1;8;8;1;6;7;2;8;8;8;8;;9;3;6;1;office-seeking;office-seeking;vote-seeking;policy-seeking;office-seeking;office-seeking;policy-seeking;office-seeking;office-seeking;office-seeking;office-seeking;office-seeking;office-seeking;vote-seeking;não sei;office-seeking;não sei;office-seeking;não sei;office-seeking;office-seeking;vote-seeking;office-seeking;office-seeking;office-seeking;office-seeking;office-seeking;policy-seeking;policy-seeking;office-seeking;vote-seeking;vote-seeking
20220259;;;;;;;;;;;;;;;;;;;;;;;;;;;;;;;;;;;;;;;;;;;;;;;;;;;;;;;;;;;;;;;;;;;;;;;5;9;2;3;3;1;1;6;;7;4;4;4;3;9;1;1;4;9;1;4;8;1;7;6;9;7;4;9;2;;;office-seeking;office-seeking;policy-seeking;policy-seeking;vote-seeking;vote-seeking;office-seeking;vote-seeking;vote-seeking;não sei;não sei;office-seeking;não sei;policy-seeking;policy-seeking;policy-seeking;não sei;não sei;não sei;não sei;policy-seeking;policy-seeking;não sei;office-seeking;policy-seeking;não sei;não sei;vote-seeking;office-seeking;não sei;vote-seeking;não sei
20220260;;;;;;;;;;;;;;;;;;;;;;;;;;;;;;;;;;;;;;;;;;;;;;;;;;;;;;;;;;;;;;;;;;;;;;;7;9;5;;2;2;4;6;6;8;5;;4;;9;0;0;;9;2;7;7;1;9;7;8;7;;10;3;9;0;office-seeking;office-seeking;não sei;policy-seeking;policy-seeking;office-seeking;office-seeking;office-seeking;não sei;;office-seeking;não sei;office-seeking;vote-seeking;policy-seeking;policy-seeking;office-seeking;office-seeking;não sei;office-seeking;office-seeking;policy-seeking;office-seeking;vote-seeking;não sei;não sei;office-seeking;vote-seeking;policy-seeking;não sei;vote-seeking;policy-seeking
20220261;;;;;;;;;;;;;;;;;;;;;;;;;;;;;;;;;;;;;;;;;;;;;;;;;;;;;;;;;;;;;;;;;;;;;;;7;8;5;6;2;1;4;6;;9;;6;4;;7;2;3;;7;3;;6;5;6;6;6;;;;;;;office-seeking;não sei;não sei;policy-seeking;office-seeking;office-seeking;não sei;não sei;vote-seeking;não sei;vote-seeking;policy-seeking;vote-seeking;office-seeking;não sei;não sei;não sei;não sei;não sei;office-seeking;office-seeking;não sei;não sei;office-seeking;vote-seeking;não sei;office-seeking;office-seeking;não sei;não sei;vote-seeking;não sei
20220262;;;;;;;;;;;;;;;;;;;;;;;;;;;;;;;;;;;;;;;;;;;;;;;;;;;;;;;;;;;;;;;;;;;;;;;6;8;10;4;2;2;4;7;5;8;5;5;5;5;9;0;0;7;6;;7;9;0;10;6;10;6;5;9;4;5;2;office-seeking;office-seeking;vote-seeking;policy-seeking;policy-seeking;vote-seeking;vote-seeking;não sei;office-seeking;não sei;vote-seeking;office-seeking;não sei;office-seeking;policy-seeking;policy-seeking;office-seeking;não sei;não sei;vote-seeking;office-seeking;policy-seeking;office-seeking;office-seeking;não sei;office-seeking;vote-seeking;policy-seeking;policy-seeking;não sei;vote-seeking;não sei
20220263;;;;;;;;;;;;;;;;;;;;;;;;;;;;;;;;;;;;;;;;;;;;;;;;;;;;;;;;;;;;;;;;;;;;;;;6;9;10;2;2;2;;7;8;9;8;4;6;6;9;0;0;9;9;0;8;9;1;9;;8;7;6;9;4;9;0;vote-seeking;office-seeking;policy-seeking;policy-seeking;office-seeking;policy-seeking;policy-seeking;office-seeking;vote-seeking;office-seeking;vote-seeking;vote-seeking;office-seeking;office-seeking;policy-seeking;policy-seeking;policy-seeking;policy-seeking;policy-seeking;vote-seeking;vote-seeking;policy-seeking;office-seeking;vote-seeking;não sei;não sei;não sei;policy-seeking;policy-seeking;não sei;vote-seeking;policy-seeking
20220264;;;;;;;;;;;;;;;;;;;;;;;;;;;;;;;;;;;;;;;;;;;;;;;;;;;;;;;;;;;;;;;;;;;;;;;8;9;6;;3;3;5;7;9;10;9;8;6;8;10;1;1;7;10;4;8;10;3;10;7;10;9;7;10;7;8;1;vote-seeking;office-seeking;office-seeking;policy-seeking;policy-seeking;vote-seeking;vote-seeking;não sei;office-seeking;office-seeking;office-seeking;office-seeking;office-seeking;office-seeking;não sei;policy-seeking;office-seeking;office-seeking;não sei;office-seeking;office-seeking;policy-seeking;office-seeking;office-seeking;office-seeking;office-seeking;office-seeking;office-seeking;office-seeking;office-seeking;office-seeking;policy-seeking
20220265;;;;;;;;;;;;;;;;;;;;;;;;;;;;;;;;;;;;;;;;;;;;;;;;;;;;;;;;;;;;;;;;;;;;;;;6;7;8;4;4;4;4;6;9;9;5;6;4;8;8;0;0;8;8;0;8;10;2;10;6;10;10;7;8;3;9;2;office-seeking;office-seeking;office-seeking;office-seeking;office-seeking;office-seeking;office-seeking;office-seeking;office-seeking;office-seeking;office-seeking;office-seeking;office-seeking;office-seeking;policy-seeking;policy-seeking;office-seeking;office-seeking;office-seeking;office-seeking;office-seeking;office-seeking;office-seeking;office-seeking;office-seeking;office-seeking;office-seeking;office-seeking;office-seeking;office-seeking;office-seeking;office-seeking
20220266;;;;;;;;;;;;;;;;;;;;;;;;;;;;;;;;;;;;;;;;;;;;;;;;;;;;;;;;;;;;;;;;;;;;;;;8;10;10;1;4;0;5;8;8;8;8;8;6;6;6;0;0;;7;0;8;8;1;7;;7;7;7;10;5;;;;;;;;;;;;;;;;;;;;;;;;;;;;;;;;;;
20220267;;;;;;;;;;;;;;;;;;;;;;;;;;;;;;;;;;;;;;;;;;;;;;;;;;;;;;;;;;;;;;;;;;;;;;;5;8;8;4;3;3;4;;7;7;4;;;4;8;0;1;8;8;0;7;7;2;7;6;10;;6;6;4;6;0;vote-seeking;vote-seeking;vote-seeking;office-seeking;office-seeking;policy-seeking;vote-seeking;vote-seeking;vote-seeking;policy-seeking;policy-seeking;policy-seeking;vote-seeking;vote-seeking;office-seeking;office-seeking;vote-seeking;vote-seeking;office-seeking;vote-seeking;vote-seeking;office-seeking;vote-seeking;vote-seeking;vote-seeking;não sei;vote-seeking;policy-seeking;office-seeking;não sei;vote-seeking;office-seeking
20220268;;;;;;;;;;;;;;;;;;;;;;;;;;;;;;;;;;;;;;;;;;;;;;;;;;;;;;;;;;;;;;;;;;;;;;;7;8;8;4;4;3;4;7;8;7;6;6;5;7;8;1;1;8;7;0;7;8;3;8;7;8;8;7;9;4;;1;office-seeking;vote-seeking;policy-seeking;policy-seeking;policy-seeking;policy-seeking;vote-seeking;vote-seeking;policy-seeking;vote-seeking;;policy-seeking;vote-seeking;office-seeking;policy-seeking;policy-seeking;vote-seeking;policy-seeking;policy-seeking;office-seeking;vote-seeking;policy-seeking;office-seeking;vote-seeking;vote-seeking;vote-seeking;vote-seeking;policy-seeking;policy-seeking;office-seeking;policy-seeking;policy-seeking
20220269;;;;;;;;;;;;;;;;;;;;;;;;;;;;;;;;;;;;;;;;;;;;;;;;;;;;;;;;;;;;;;;;;;;;;;;6;8;8;4;2;2;4;7;;6;5;;4;4;8;2;2;;7;1;4;7;1;8;4;9;8;;9;2;;;office-seeking;vote-seeking;não sei;policy-seeking;office-seeking;office-seeking;policy-seeking;não sei;vote-seeking;não sei;não sei;policy-seeking;não sei;office-seeking;policy-seeking;policy-seeking;não sei;não sei;não sei;vote-seeking;office-seeking;policy-seeking;office-seeking;não sei;office-seeking;não sei;não sei;policy-seeking;policy-seeking;não sei;vote-seeking;não sei
20220270;;;;;;;;;;;;;;;;;;;;;;;;;;;;;;;;;;;;;;;;;;;;;;;;;;;;;;;;;;;;;;;;;;;;;;;6;7;7;4;4;3;4;6;6;7;6;6;4;6;6;0;1;7;6;0;6;7;2;10;6;8;6;4;8;4;6;0;office-seeking;vote-seeking;policy-seeking;policy-seeking;policy-seeking;office-seeking;policy-seeking;office-seeking;vote-seeking;não sei;vote-seeking;policy-seeking;vote-seeking;office-seeking;policy-seeking;policy-seeking;policy-seeking;policy-seeking;policy-seeking;não sei;vote-seeking;policy-seeking;office-seeking;office-seeking;vote-seeking;vote-seeking;vote-seeking;policy-seeking;policy-seeking;office-seeking;vote-seeking;policy-seeking
20220271;;;;;;;;;;;;;;;;;;;;;;;;;;;;;;;;;;;;;;;;;;;;;;;;;;;;;;;;;;;;;;;;;;;;;;;;9;10;3;3;3;4;7;8;8;8;7;;7;10;0;0;7;8;0;8;10;1;10;5;10;7;;8;4;9;0;;;;;;;;;;;;;;;;;;;;;;;;;;;;;;;;
20220272;;;;;;;;;;;;;;;;;;;;;;;;;;;;;;;;;;;;;;;;;;;;;;;;;;;;;;;;;;;;;;;;;;;;;;;6;9;8;4;3;3;3;6;6;7;6;;;6;8;1;1;8;8;1;6;8;2;7;6;9;6;;9;;6;1;office-seeking;vote-seeking;office-seeking;policy-seeking;office-seeking;office-seeking;office-seeking;vote-seeking;policy-seeking;office-seeking;office-seeking;policy-seeking;vote-seeking;vote-seeking;policy-seeking;policy-seeking;vote-seeking;vote-seeking;não sei;vote-seeking;policy-seeking;policy-seeking;vote-seeking;vote-seeking;policy-seeking;vote-seeking;vote-seeking;não sei;vote-seeking;vote-seeking;policy-seeking;policy-seeking
20220273;;;;;;;;;;;;;;;;;;;;;;;;;;;;;;;;;;;;;;;;;;;;;;;;;;;;;;;;;;;;;;;;;;;;;;;6;10;10;8;2;2;3;4;10;10;10;10;3;4;10;0;0;9;9;0;9;10;1;10;8;9;10;3;10;3;10;0;office-seeking;vote-seeking;office-seeking;policy-seeking;policy-seeking;vote-seeking;policy-seeking;vote-seeking;vote-seeking;vote-seeking;vote-seeking;policy-seeking;vote-seeking;vote-seeking;policy-seeking;policy-seeking;vote-seeking;vote-seeking;policy-seeking;vote-seeking;office-seeking;policy-seeking;office-seeking;office-seeking;vote-seeking;vote-seeking;office-seeking;policy-seeking;policy-seeking;vote-seeking;vote-seeking;policy-seeking
20220274;;;;;;;;;;;;;;;;;;;;;;;;;;;;;;;;;;;;;;;;;;;;;;;;;;;;;;;;;;;;;;;;;;;;;;;7;10;4;;2;0;3;8;6;10;;8;2;8;10;0;0;2;10;0;8;9;1;10;6;10;5;6;8;3;6;2;;;;;;;;;;;;;;;;;;;;;;;;;;;;;;;;
20220275;;;;;;;;;;;;;;;;;;;;;;;;;;;;;;;;;;;;;;;;;;;;;;;;;;;;;;;;;;;;;;;;;;;;;;;7;10;6;3;2;1;3;6;8;9;7;3;3;5;7;0;1;4;8;0;6;6;1;8;8;9;7;3;10;2;;1;office-seeking;office-seeking;vote-seeking;policy-seeking;policy-seeking;policy-seeking;office-seeking;office-seeking;office-seeking;office-seeking;office-seeking;policy-seeking;office-seeking;vote-seeking;vote-seeking;vote-seeking;office-seeking;office-seeking;policy-seeking;office-seeking;vote-seeking;policy-seeking;vote-seeking;vote-seeking;vote-seeking;office-seeking;policy-seeking;office-seeking;policy-seeking;office-seeking;office-seeking;policy-seeking
20220276;;;;;;;;;;;;;;;;;;;;;;;;;;;;;;;;;;;;;;;;;;;;;;;;;;;;;;;;;;;;;;;;;;;;;;;6;9;7;6;2;0;2;8;10;10;10;;6;;9;1;1;10;10;0;7;9;2;9;9;10;10;9;10;6;9;9;;;;;;;;;;;;;;;;;;;;;;;;;;;;;;;;
20220277;;;;;;;;;;;;;;;;;;;;;;;;;;;;;;;;;;;;;;;;;;;;;;;;;;;;;;;;;;;;;;;;;;;;;;;;;;;;;;;;;;;;;;;;;;;;;;;;;5;;;;;;;;;;;;;;;;;;;;;;;;;;;;;;;;;;;;;
20220278;;;;;;;;;;;;;;;;;;;;;;;;;;;;;;;;;;;;;;;;;;;;;;;;;;;;;;;;;;;;;;;;;;;;;;;;8;10;2;2;2;3;7;8;10;8;3;2;8;9;0;0;8;10;0;10;10;1;8;;9;6;4;9;3;;1;;;;;;;;;;;;;;;;;;;;;;;;;;;;;;;;
20220279;;;;;;;;;;;;;;;;;;;;;;;;;;;;;;;;;;;;;;;;;;;;;;;;;;;;;;;;;;;;;;;;;;;;;;;5;7;10;4;3;3;4;5;7;8;7;6;5;6;8;0;0;6;6;0;7;8;2;8;7;7;10;5;8;3;8;3;office-seeking;não sei;não sei;não sei;vote-seeking;não sei;não sei;não sei;não sei;não sei;não sei;não sei;não sei;não sei;não sei;não sei;não sei;não sei;não sei;não sei;não sei;policy-seeking;não sei;não sei;não sei;não sei;não sei;não sei;não sei;não sei;não sei;não sei
20220280;;;;;;;;;;;;;;;;;;;;;;;;;;;;;;;;;;;;;;;;;;;;;;;;;;;;;;;;;;;;;;;;;;;;;;;5;10;9;8;2;2;3;8;5;10;0;10;5;8;10;0;0;8;10;0;8;10;0;10;6;10;2;2;9;;8;0;office-seeking;vote-seeking;vote-seeking;policy-seeking;policy-seeking;office-seeking;policy-seeking;não sei;vote-seeking;não sei;office-seeking;policy-seeking;não sei;office-seeking;policy-seeking;policy-seeking;office-seeking;office-seeking;policy-seeking;office-seeking;vote-seeking;policy-seeking;policy-seeking;vote-seeking;não sei;não sei;office-seeking;vote-seeking;office-seeking;não sei;vote-seeking;policy-seeking
20220281;;;;;;;;;;;;;;;;;;;;;;;;;;;;;;;;;;;;;;;;;;;;;;;;;;;;;;;;;;;;;;;;;;;;;;;5;8;3;;;0;3;7;7;7;8;3;3;7;10;0;0;10;10;0;7;10;0;10;7;10;10;3;;3;10;0;vote-seeking;vote-seeking;vote-seeking;vote-seeking;office-seeking;vote-seeking;vote-seeking;office-seeking;office-seeking;office-seeking;office-seeking;office-seeking;office-seeking;vote-seeking;office-seeking;office-seeking;office-seeking;office-seeking;office-seeking;office-seeking;office-seeking;office-seeking;office-seeking;office-seeking;office-seeking;office-seeking;office-seeking;office-seeking;vote-seeking;office-seeking;office-seeking;não sei
20220282;;;;;;;;;;;;;;;;;;;;;;;;;;;;;;;;;;;;;;;;;;;;;;;;;;;;;;;;;;;;;;;;;;;;;;;5;7;3;3;1;0;3;6;6;7;3;4;4;3;7;0;0;3;7;0;6;7;0;7;4;7;;3;7;4;4;3;office-seeking;vote-seeking;vote-seeking;policy-seeking;policy-seeking;office-seeking;office-seeking;não sei;vote-seeking;não sei;office-seeking;vote-seeking;policy-seeking;office-seeking;policy-seeking;policy-seeking;não sei;não sei;policy-seeking;não sei;office-seeking;policy-seeking;vote-seeking;office-seeking;vote-seeking;não sei;vote-seeking;vote-seeking;vote-seeking;não sei;office-seeking;não sei
20220283;;;;;;;;;;;;;;;;;;;;;;;;;;;;;;;;;;;;;;;;;;;;;;;;;;;;;;;;;;;;;;;;;;;;;;;5;7;9;4;3;2;4;7;8;8;;7;;8;8;0;0;10;8;0;7;10;1;9;6;9;7;6;9;4;9;0;office-seeking;office-seeking;vote-seeking;policy-seeking;policy-seeking;vote-seeking;vote-seeking;vote-seeking;vote-seeking;vote-seeking;vote-seeking;office-seeking;vote-seeking;office-seeking;não sei;não sei;vote-seeking;não sei;não sei;vote-seeking;office-seeking;policy-seeking;office-seeking;vote-seeking;não sei;office-seeking;office-seeking;policy-seeking;policy-seeking;não sei;office-seeking;não sei
20220284;;;;;;;;;;;;;;;;;;;;;;;;;;;;;;;;;;;;;;;;;;;;;;;;;;;;;;;;;;;;;;;;;;;;;;;7;9;9;2;4;0;3;7;9;10;6;4;4;4;8;0;0;8;8;0;6;9;1;8;7;10;10;4;7;4;4;4;;;;;;;;;;;;;;;;;;;;;;;;;;;;;;;;
20220285;;;;;;;;;;;;;;;;;;;;;;;;;;;;;;;;;;;;;;;;;;;;;;;;;;;;;;;;;;;;;;;;;;;;;;;7;8;10;4;3;3;4;7;7;10;;6;4;4;8;0;2;8;6;0;6;8;2;10;7;8;7;4;9;3;6;2;office-seeking;office-seeking;policy-seeking;policy-seeking;policy-seeking;policy-seeking;office-seeking;não sei;não sei;policy-seeking;policy-seeking;policy-seeking;não sei;office-seeking;policy-seeking;policy-seeking;não sei;office-seeking;policy-seeking;office-seeking;office-seeking;policy-seeking;office-seeking;office-seeking;não sei;não sei;office-seeking;policy-seeking;policy-seeking;não sei;office-seeking;policy-seeking
20220286;;;;;;;;;;;;;;;;;;;;;;;;;;;;;;;;;;;;;;;;;;;;;;;;;;;;;;;;;;;;;;;;;;;;;;;8;8;;4;4;1;4;6;7;8;6;7;;7;8;0;0;6;8;0;7;7;1;9;8;9;6;6;7;4;;1;;;;;;;;;;;;;;;;;;;;;;;;;;;;;;;;
20220287;;;;;;;;;;;;;;;;;;;;;;;;;;;;;;;;;;;;;;;;;;;;;;;;;;;;;;;;;;;;;;;;;;;;;;;;10;7;4;3;3;4;;7;8;8;6;3;8;9;0;3;7;8;0;7;9;2;8;7;7;7;6;8;3;8;0;office-seeking;vote-seeking;vote-seeking;policy-seeking;policy-seeking;office-seeking;office-seeking;vote-seeking;office-seeking;vote-seeking;office-seeking;policy-seeking;vote-seeking;vote-seeking;policy-seeking;policy-seeking;vote-seeking;vote-seeking;policy-seeking;vote-seeking;office-seeking;policy-seeking;vote-seeking;vote-seeking;vote-seeking;vote-seeking;vote-seeking;office-seeking;policy-seeking;vote-seeking;office-seeking;policy-seeking
20220288;;;;;;;;;;;;;;;;;;;;;;;;;;;;;;;;;;;;;;;;;;;;;;;;;;;;;;;;;;;;;;;;;;;;;;;;10;6;4;1;0;4;6;;8;7;7;;6;8;0;0;;;0;;10;0;10;6;10;9;6;9;4;;2;office-seeking;vote-seeking;vote-seeking;policy-seeking;policy-seeking;vote-seeking;office-seeking;vote-seeking;vote-seeking;vote-seeking;vote-seeking;vote-seeking;vote-seeking;vote-seeking;policy-seeking;policy-seeking;vote-seeking;vote-seeking;vote-seeking;vote-seeking;vote-seeking;policy-seeking;vote-seeking;vote-seeking;vote-seeking;vote-seeking;vote-seeking;policy-seeking;policy-seeking;;office-seeking;não sei
20220289;;;;;;;;;;;;;;;;;;;;;;;;;;;;;;;;;;;;;;;;;;;;;;;;;;;;;;;;;;;;;;;;;;;;;;;6;8;9;4;2;3;4;6;7;9;7;7;4;6;7;0;1;8;7;0;7;9;1;10;;10;6;6;10;4;;1;office-seeking;não sei;vote-seeking;policy-seeking;vote-seeking;vote-seeking;vote-seeking;não sei;policy-seeking;office-seeking;vote-seeking;policy-seeking;office-seeking;office-seeking;policy-seeking;policy-seeking;office-seeking;office-seeking;policy-seeking;office-seeking;office-seeking;policy-seeking;office-seeking;office-seeking;vote-seeking;office-seeking;office-seeking;policy-seeking;policy-seeking;office-seeking;office-seeking;policy-seeking
20220290;;;;;;;;;;;;;;;;;;;;;;;;;;;;;;;;;;;;;;;;;;;;;;;;;;;;;;;;;;;;;;;;;;;;;;;7;7;7;3;4;2;;7;7;8;;7;6;6;8;0;0;7;8;2;7;10;0;7;5;8;6;7;9;6;6;1;office-seeking;office-seeking;vote-seeking;vote-seeking;policy-seeking;vote-seeking;office-seeking;office-seeking;office-seeking;office-seeking;office-seeking;policy-seeking;office-seeking;office-seeking;policy-seeking;policy-seeking;office-seeking;office-seeking;policy-seeking;office-seeking;office-seeking;vote-seeking;office-seeking;office-seeking;office-seeking;office-seeking;office-seeking;office-seeking;policy-seeking;office-seeking;office-seeking;policy-seeking
20220291;;;;;;;;;;;;;;;;;;;;;;;;;;;;;;;;;;;;;;;;;;;;;;;;;;;;;;;;;;;;;;;;;;;;;;;;10;10;4;4;4;4;7;7;10;7;5;;8;9;1;1;8;7;0;8;10;2;10;10;10;10;10;8;;8;0;vote-seeking;office-seeking;policy-seeking;policy-seeking;policy-seeking;policy-seeking;policy-seeking;vote-seeking;vote-seeking;office-seeking;office-seeking;office-seeking;office-seeking;vote-seeking;policy-seeking;policy-seeking;office-seeking;office-seeking;policy-seeking;office-seeking;office-seeking;policy-seeking;vote-seeking;vote-seeking;office-seeking;office-seeking;office-seeking;policy-seeking;policy-seeking;office-seeking;vote-seeking;policy-seeking
20220292;;;;;;;;;;;;;;;;;;;;;;;;;;;;;;;;;;;;;;;;;;;;;;;;;;;;;;;;;;;;;;;;;;;;;;;10;10;10;3;3;0;3;7;10;10;10;7;3;;10;0;0;10;10;0;10;10;0;10;8;10;10;;10;3;10;0;;;;;;;;;;;;;;;;;;;;;;;;;;;;;;;;
20220293;;;;;;;;;;;;;;;;;;;;;;;;;;;;;;;;;;;;;;;;;;;;;;;;;;;;;;;;;;;;;;;;;;;;;;;8;9;9;4;3;3;4;6;9;9;8;8;6;;8;;2;8;9;0;8;8;1;;7;9;7;;8;;8;;office-seeking;office-seeking;office-seeking;office-seeking;office-seeking;office-seeking;office-seeking;office-seeking;office-seeking;office-seeking;office-seeking;office-seeking;office-seeking;office-seeking;office-seeking;office-seeking;office-seeking;office-seeking;office-seeking;office-seeking;office-seeking;office-seeking;office-seeking;office-seeking;office-seeking;office-seeking;office-seeking;office-seeking;office-seeking;office-seeking;office-seeking;office-seeking
20220294;;;;;;;;;;;;;;;;;;;;;;;;;;;;;;;;;;;;;;;;;;;;;;;;;;;;;;;;;;;;;;;;;;;;;;;6;7;9;;4;3;4;;;7;5;6;;6;7;0;2;5;8;0;6;8;2;8;6;10;8;7;9;5;8;3;office-seeking;office-seeking;vote-seeking;policy-seeking;policy-seeking;policy-seeking;policy-seeking;não sei;office-seeking;office-seeking;office-seeking;policy-seeking;office-seeking;office-seeking;policy-seeking;policy-seeking;office-seeking;office-seeking;policy-seeking;office-seeking;policy-seeking;policy-seeking;policy-seeking;office-seeking;vote-seeking;office-seeking;vote-seeking;policy-seeking;policy-seeking;office-seeking;vote-seeking;policy-seeking
20220295;;;;;;;;;;;;;;;;;;;;;;;;;;;;;;;;;;;;;;;;;;;;;;;;;;;;;;;;;;;;;;;;;;;;;;;10;10;8;3;1;0;4;10;10;10;10;9;4;5;10;0;0;10;10;0;9;9;0;10;10;9;5;9;10;1;6;0;office-seeking;office-seeking;policy-seeking;policy-seeking;policy-seeking;office-seeking;vote-seeking;não sei;office-seeking;office-seeking;office-seeking;policy-seeking;vote-seeking;vote-seeking;policy-seeking;policy-seeking;office-seeking;office-seeking;policy-seeking;office-seeking;office-seeking;policy-seeking;vote-seeking;vote-seeking;vote-seeking;office-seeking;office-seeking;policy-seeking;policy-seeking;não sei;office-seeking;policy-seeking
20220296;;;;;;;;;;;;;;;;;;;;;;;;;;;;;;;;;;;;;;;;;;;;;;;;;;;;;;;;;;;;;;;;;;;;;;;8;10;;4;3;2;7;8;;9;4;8;3;7;9;2;2;7;9;2;9;9;3;9;7;8;8;9;8;3;;;;;;;;;;;;;;;;;;;;;;;;;;;;;;;;;;
20220297;;;;;;;;;;;;;;;;;;;;;;;;;;;;;;;;;;;;;;;;;;;;;;;;;;;;;;;;;;;;;;;;;;;;;;;6;10;;4;4;3;4;8;9;10;;4;4;3;8;3;1;6;8;2;8;8;4;7;7;10;10;9;9;4;10;4;;;;;;;;;;;;;;;;;;;;;;;;;;;;;;;;
20220298;;;;;;;;;;;;;;;;;;;;;;;;;;;;;;;;;;;;;;;;;;;;;;;;;;;;;;;;;;;;;;;;;;;;;;;6;8;10;6;4;4;4;6;6;7;7;7;6;6;7;0;0;6;7;0;6;9;3;7;;8;7;6;8;4;7;1;office-seeking;office-seeking;policy-seeking;policy-seeking;office-seeking;office-seeking;não sei;não sei;vote-seeking;vote-seeking;vote-seeking;vote-seeking;vote-seeking;office-seeking;não sei;policy-seeking;não sei;vote-seeking;não sei;vote-seeking;vote-seeking;policy-seeking;não sei;office-seeking;não sei;não sei;office-seeking;office-seeking;policy-seeking;não sei;office-seeking;não sei
20220299;;;;;;;;;;;;;;;;;;;;;;;;;;;;;;;;;;;;;;;;;;;;;;;;;;;;;;;;;;;;;;;;;;;;;;;;;;;;;;;;;;;;;;;;;;;;;;;;;;;;;;;;;;;;;;;;;;;;;;;;;;;;;;;;;;;;;;
20220300;;;;;;;;;;;;;;;;;;;;;;;;;;;;;;;;;;;;;;;;;;;;;;;;;;;;;;;;;;;;;;;;;;;;;;;5;;;;;0;;;;10;4;4;;4;9;0;0;6;9;0;7;9;0;10;10;10;10;4;8;7;5;6;vote-seeking;office-seeking;office-seeking;office-seeking;policy-seeking;office-seeking;office-seeking;vote-seeking;vote-seeking;vote-seeking;office-seeking;office-seeking;office-seeking;vote-seeking;policy-seeking;policy-seeking;vote-seeking;vote-seeking;policy-seeking;vote-seeking;office-seeking;policy-seeking;office-seeking;office-seeking;office-seeking;office-seeking;office-seeking;office-seeking;office-seeking;office-seeking;office-seeking;policy-seeking
20220301;;;;;;;;;;;;;;;;;;;;;;;;;;;;;;;;;;;;;;;;;;;;;;;;;;;;;;;;;;;;;;;;;;;;;;;6;7;10;4;3;3;;7;6;8;7;6;;6;7;1;1;8;7;1;7;8;2;8;6;9;6;6;9;4;6;1;;;;;;;;;;;;;;;;;;;;;;;;;;;;;;;;
20220302;;;;;;;;;;;;;;;;;;;;;;;;;;;;;;;;;;;;;;;;;;;;;;;;;;;;;;;;;;;;;;;;;;;;;;;5;7;10;3;3;3;3;6;6;10;8;5;4;6;8;0;0;10;10;0;8;9;2;9;5;10;5;5;10;4;10;0;office-seeking;vote-seeking;policy-seeking;policy-seeking;office-seeking;policy-seeking;policy-seeking;vote-seeking;vote-seeking;office-seeking;office-seeking;office-seeking;office-seeking;vote-seeking;office-seeking;office-seeking;office-seeking;office-seeking;office-seeking;vote-seeking;vote-seeking;policy-seeking;vote-seeking;vote-seeking;vote-seeking;vote-seeking;vote-seeking;policy-seeking;policy-seeking;vote-seeking;vote-seeking;policy-seeking
20220303;;;;;;;;;;;;;;;;;;;;;;;;;;;;;;;;;;;;;;;;;;;;;;;;;;;;;;;;;;;;;;;;;;;;;;;;;;;;;;;;;;;;;;;;;;;;;;;;;;;;;;;;;;;;;;;;;;;;;;;;;;;;;;;;;;;;;;
20220304;;;;;;;;;;;;;;;;;;;;;;;;;;;;;;;;;;;;;;;;;;;;;;;;;;;;;;;;;;;;;;;;;;;;;;;;8;6;4;1;1;4;6;7;8;4;;;6;6;0;0;7;9;0;7;7;1;10;7;9;7;7;8;4;8;1;;;;;;;;;;;;;;;;;;;;;;;;;;;;;;;;
20220305;;;;;;;;;;;;;;;;;;;;;;;;;;;;;;;;;;;;;;;;;;;;;;;;;;;;;;;;;;;;;;;;;;;;;;;7;7;9;3;2;2;3;6;5;9;8;4;4;6;8;0;0;;8;0;6;8;1;9;7;9;7;4;7;3;;0;office-seeking;não sei;office-seeking;policy-seeking;policy-seeking;office-seeking;policy-seeking;não sei;office-seeking;office-seeking;policy-seeking;office-seeking;office-seeking;vote-seeking;policy-seeking;não sei;não sei;não sei;policy-seeking;vote-seeking;vote-seeking;policy-seeking;vote-seeking;vote-seeking;office-seeking;office-seeking;office-seeking;policy-seeking;policy-seeking;não sei;vote-seeking;policy-seeking
20220306;;;;;;;;;;;;;;;;;;;;;;;;;;;;;;;;;;;;;;;;;;;;;;;;;;;;;;;;;;;;;;;;;;;;;;;5;7;9;2;3;1;4;6;7;7;7;4;3;6;8;0;0;8;7;0;6;8;2;10;6;8;4;7;9;3;7;0;office-seeking;vote-seeking;office-seeking;vote-seeking;policy-seeking;office-seeking;vote-seeking;office-seeking;office-seeking;office-seeking;office-seeking;office-seeking;office-seeking;office-seeking;policy-seeking;policy-seeking;office-seeking;office-seeking;policy-seeking;policy-seeking;office-seeking;policy-seeking;policy-seeking;office-seeking;office-seeking;office-seeking;office-seeking;policy-seeking;policy-seeking;office-seeking;office-seeking;policy-seeking
20220307;;;;;;;;;;;;;;;;;;;;;;;;;;;;;;;;;;;;;;;;;;;;;;;;;;;;;;;;;;;;;;;;;;;;;;;6;10;10;4;4;1;4;;8;10;10;5;4;6;7;0;0;7;7;0;6;9;2;10;;9;4;4;10;4;7;;office-seeking;vote-seeking;policy-seeking;policy-seeking;policy-seeking;office-seeking;office-seeking;vote-seeking;office-seeking;office-seeking;office-seeking;policy-seeking;office-seeking;office-seeking;policy-seeking;policy-seeking;office-seeking;office-seeking;policy-seeking;office-seeking;vote-seeking;policy-seeking;office-seeking;office-seeking;office-seeking;office-seeking;office-seeking;policy-seeking;policy-seeking;office-seeking;office-seeking;não sei
20220308;;;;;;;;;;;;;;;;;;;;;;;;;;;;;;;;;;;;;;;;;;;;;;;;;;;;;;;;;;;;;;;;;;;;;;;6;8;8;4;3;1;4;7;7;7;;;;7;7;0;0;8;7;0;7;8;1;8;;9;7;;10;4;6;0;vote-seeking;office-seeking;office-seeking;policy-seeking;policy-seeking;vote-seeking;policy-seeking;office-seeking;office-seeking;office-seeking;policy-seeking;policy-seeking;office-seeking;office-seeking;policy-seeking;policy-seeking;office-seeking;office-seeking;policy-seeking;office-seeking;vote-seeking;policy-seeking;vote-seeking;vote-seeking;office-seeking;office-seeking;office-seeking;policy-seeking;policy-seeking;office-seeking;vote-seeking;policy-seeking
20220309;;;;;;;;;;;;;;;;;;;;;;;;;;;;;;;;;;;;;;;;;;;;;;;;;;;;;;;;;;;;;;;;;;;;;;;10;10;2;4;3;2;2;7;7;8;3;8;4;4;7;2;2;3;10;2;6;8;0;8;8;10;10;6;10;5;5;4;vote-seeking;vote-seeking;vote-seeking;policy-seeking;vote-seeking;office-seeking;vote-seeking;office-seeking;office-seeking;office-seeking;office-seeking;office-seeking;office-seeking;vote-seeking;policy-seeking;office-seeking;office-seeking;office-seeking;office-seeking;office-seeking;office-seeking;office-seeking;vote-seeking;office-seeking;office-seeking;office-seeking;office-seeking;office-seeking;office-seeking;office-seeking;office-seeking;office-seeking
20220310;;;;;;;;;;;;;;;;;;;;;;;;;;;;;;;;;;;;;;;;;;;;;;;;;;;;;;;;;;;;;;;;;;;;;;;6;7;10;4;3;3;4;6;7;7;7;6;;6;8;0;0;7;8;0;6;7;2;7;6;7;7;6;7;4;7;0;vote-seeking;office-seeking;policy-seeking;policy-seeking;policy-seeking;policy-seeking;policy-seeking;não sei;office-seeking;office-seeking;office-seeking;policy-seeking;office-seeking;vote-seeking;policy-seeking;policy-seeking;office-seeking;office-seeking;policy-seeking;vote-seeking;office-seeking;policy-seeking;office-seeking;vote-seeking;office-seeking;office-seeking;não sei;policy-seeking;policy-seeking;não sei;vote-seeking;policy-seeking
20220311;;;;;;;;;;;;;;;;;;;;;;;;;;;;;;;;;;;;;;;;;;;;;;;;;;;;;;;;;;;;;;;;;;;;;;;;;;;;;;;;;;;;;;;;;;;;;;;;;;;;;;;;;;;;;;;;;;;;;;;;;;;;;;;;;;;;;;
20220312;;;;;;;;;;;;;;;;;;;;;;;;;;;;;;;;;;;;;;;;;;;;;;;;;;;;;;;;;;;;;;;;;;;;;;;;7;9;4;3;3;4;7;8;8;7;6;4;6;8;1;1;8;8;1;8;8;2;8;6;7;7;4;8;3;7;1;office-seeking;vote-seeking;vote-seeking;policy-seeking;office-seeking;vote-seeking;policy-seeking;vote-seeking;vote-seeking;vote-seeking;office-seeking;office-seeking;vote-seeking;vote-seeking;policy-seeking;policy-seeking;vote-seeking;vote-seeking;policy-seeking;vote-seeking;vote-seeking;policy-seeking;vote-seeking;vote-seeking;vote-seeking;não sei;vote-seeking;policy-seeking;office-seeking;vote-seeking;vote-seeking;policy-seeking
20220313;;;;;;;;;;;;;;;;;;;;;;;;;;;;;;;;;;;;;;;;;;;;;;;;;;;;;;;;;;;;;;;;;;;;;;;7;8;8;4;3;3;4;6;6;9;9;5;4;7;10;0;0;9;10;0;7;10;2;10;7;8;6;4;10;4;10;0;;;;;;;;;;;;;;;;;;;;;;;;;;;;;;;;
20220314;;;;;;;;;;;;;;;;;;;;;;;;;;;;;;;;;;;;;;;;;;;;;;;;;;;;;;;;;;;;;;;;;;;;;;;7;8;10;;3;2;4;;9;10;9;;;9;10;0;1;10;8;0;8;9;1;10;;10;10;7;9;4;10;0;vote-seeking;office-seeking;office-seeking;policy-seeking;policy-seeking;office-seeking;vote-seeking;office-seeking;office-seeking;office-seeking;office-seeking;policy-seeking;office-seeking;office-seeking;policy-seeking;policy-seeking;office-seeking;office-seeking;policy-seeking;office-seeking;policy-seeking;office-seeking;office-seeking;vote-seeking;office-seeking;office-seeking;office-seeking;policy-seeking;policy-seeking;office-seeking;vote-seeking;policy-seeking
20220315;;;;;;;;;;;;;;;;;;;;;;;;;;;;;;;;;;;;;;;;;;;;;;;;;;;;;;;;;;;;;;;;;;;;;;;5;10;10;4;2;0;;;10;10;10;;;10;5;0;0;10;10;0;;;0;10;5;10;10;5;10;0;10;0;vote-seeking;office-seeking;policy-seeking;policy-seeking;policy-seeking;policy-seeking;vote-seeking;vote-seeking;office-seeking;office-seeking;vote-seeking;vote-seeking;office-seeking;office-seeking;policy-seeking;policy-seeking;vote-seeking;vote-seeking;policy-seeking;office-seeking;office-seeking;policy-seeking;office-seeking;office-seeking;office-seeking;office-seeking;office-seeking;vote-seeking;não sei;vote-seeking;office-seeking;policy-seeking
20220316;;;;;;;;;;;;;;;;;;;;;;;;;;;;;;;;;;;;;;;;;;;;;;;;;;;;;;;;;;;;;;;;;;;;;;;7;9;9;4;3;2;4;7;7;10;4;6;4;8;9;0;0;10;10;0;9;10;2;9;7;10;8;8;9;4;9;0;vote-seeking;office-seeking;office-seeking;vote-seeking;policy-seeking;vote-seeking;vote-seeking;office-seeking;office-seeking;policy-seeking;office-seeking;vote-seeking;office-seeking;office-seeking;policy-seeking;policy-seeking;não sei;não sei;policy-seeking;não sei;vote-seeking;policy-seeking;office-seeking;vote-seeking;não sei;não sei;não sei;policy-seeking;vote-seeking;não sei;vote-seeking;policy-seeking
20220317;;;;;;;;;;;;;;;;;;;;;;;;;;;;;;;;;;;;;;;;;;;;;;;;;;;;;;;;;;;;;;;;;;;;;;;6;9;4;4;2;1;2;6;6;6;5;6;3;7;6;3;2;5;8;2;9;7;1;8;5;9;5;7;8;3;5;4;office-seeking;não sei;vote-seeking;policy-seeking;não sei;office-seeking;não sei;office-seeking;office-seeking;não sei;office-seeking;office-seeking;vote-seeking;policy-seeking;office-seeking;office-seeking;não sei;office-seeking;não sei;office-seeking;policy-seeking;office-seeking;não sei;não sei;vote-seeking;não sei;vote-seeking;vote-seeking;não sei;vote-seeking;policy-seeking;não sei
20220318;;;;;;;;;;;;;;;;;;;;;;;;;;;;;;;;;;;;;;;;;;;;;;;;;;;;;;;;;;;;;;;;;;;;;;;;8;6;4;2;1;4;6;7;7;7;4;;7;8;0;0;7;7;0;7;9;1;9;7;8;7;4;10;3;6;2;office-seeking;office-seeking;policy-seeking;policy-seeking;policy-seeking;policy-seeking;policy-seeking;não sei;policy-seeking;não sei;office-seeking;policy-seeking;não sei;office-seeking;policy-seeking;policy-seeking;não sei;policy-seeking;policy-seeking;office-seeking;policy-seeking;policy-seeking;policy-seeking;office-seeking;não sei;não sei;não sei;policy-seeking;policy-seeking;não sei;office-seeking;não sei
20220319;;;;;;;;;;;;;;;;;;;;;;;;;;;;;;;;;;;;;;;;;;;;;;;;;;;;;;;;;;;;;;;;;;;;;;;6;7;9;4;4;3;4;6;;8;;;;5;7;0;0;;8;0;7;8;2;8;6;6;6;5;9;5;9;0;;;;;;;;;;;;;;;;;;;;;;;;;;;;;;;;
20220320;;;;;;;;;;;;;;;;;;;;;;;;;;;;;;;;;;;;;;;;;;;;;;;;;;;;;;;;;;;;;;;;;;;;;;;7;10;10;5;5;4;;7;7;9;8;8;3;8;7;4;0;7;8;4;7;8;3;8;8;10;8;3;8;4;4;0;vote-seeking;office-seeking;vote-seeking;vote-seeking;office-seeking;office-seeking;office-seeking;office-seeking;office-seeking;office-seeking;office-seeking;policy-seeking;office-seeking;office-seeking;office-seeking;policy-seeking;office-seeking;office-seeking;office-seeking;office-seeking;office-seeking;policy-seeking;office-seeking;office-seeking;office-seeking;office-seeking;office-seeking;vote-seeking;office-seeking;office-seeking;vote-seeking;policy-seeking
20220321;;;;;;;;;;;;;;;;;;;;;;;;;;;;;;;;;;;;;;;;;;;;;;;;;;;;;;;;;;;;;;;;;;;;;;;6;10;10;4;2;2;3;6;7;9;8;6;;8;8;0;0;9;9;0;8;9;1;10;6;8;6;6;10;4;7;0;vote-seeking;vote-seeking;policy-seeking;policy-seeking;policy-seeking;policy-seeking;policy-seeking;office-seeking;office-seeking;vote-seeking;vote-seeking;policy-seeking;office-seeking;office-seeking;policy-seeking;policy-seeking;vote-seeking;vote-seeking;policy-seeking;office-seeking;office-seeking;policy-seeking;office-seeking;policy-seeking;office-seeking;office-seeking;vote-seeking;policy-seeking;policy-seeking;vote-seeking;policy-seeking;policy-seeking
20220322;;;;;;;;;;;;;;;;;;;;;;;;;;;;;;;;;;;;;;;;;;;;;;;;;;;;;;;;;;;;;;;;;;;;;;;;;;;;;;;;;;;;;;;;;;;;;;;;;;;;;;;;;;;;;;;;;;;;;;;;;;;;;;;;;;;;;;
20220323;;;;;;;;;;;;;;;;;;;;;;;;;;;;;;;;;;;;;;;;;;;;;;;;;;;;;;;;;;;;;;;;;;;;;;;;;;;;;;;;;;;;;;;;;;;;;;;;;;;;;;;;;;;;;;;;;;;;;;;;;;;;;;;;;;;;;;
20220324;;;;;;;;;;;;;;;;;;;;;;;;;;;;;;;;;;;;;;;;;;;;;;;;;;;;;;;;;;;;;;;;;;;;;;;7;8;8;4;1;1;2;8;8;9;8;4;4;8;9;0;0;8;9;0;8;9;0;9;7;9;9;9;10;4;8;8;office-seeking;office-seeking;policy-seeking;policy-seeking;policy-seeking;policy-seeking;policy-seeking;office-seeking;office-seeking;office-seeking;policy-seeking;policy-seeking;office-seeking;office-seeking;policy-seeking;policy-seeking;office-seeking;office-seeking;policy-seeking;office-seeking;office-seeking;policy-seeking;office-seeking;office-seeking;office-seeking;office-seeking;office-seeking;policy-seeking;policy-seeking;office-seeking;policy-seeking;office-seeking
20220325;;;;;;;;;;;;;;;;;;;;;;;;;;;;;;;;;;;;;;;;;;;;;;;;;;;;;;;;;;;;;;;;;;;;;;;;;;;;;;;;;;;;;;;;;;;;;;;;;;;;;;;;;;;;;;;;;;;;;;;;;;;;;;;;;;;;;;
20220326;;;;;;;;;;;;;;;;;;;;;;;;;;;;;;;;;;;;;;;;;;;;;;;;;;;;;;;;;;;;;;;;;;;;;;;6;7;10;5;3;3;4;7;6;8;6;7;;;9;0;1;9;6;0;7;7;2;8;6;7;5;5;8;;;1;;;;;;;;;;;;;;;;;;;;;;;;;;;;;;;;
20220327;;;;;;;;;;;;;;;;;;;;;;;;;;;;;;;;;;;;;;;;;;;;;;;;;;;;;;;;;;;;;;;;;;;;;;;;;;;;;;;;;;;;;;;;;;;;;;;;;;;;;;;;;;;;;;;;;;;;;;;;;;;;;;;;;;;;;;
20220328;;;;;;;;;;;;;;;;;;;;;;;;;;;;;;;;;;;;;;;;;;;;;;;;;;;;;;;;;;;;;;;;;;;;;;;;;;;;;;;;;;;;;;;;;;;;;;;;;;;;;;;;;;;;;;;;;;;;;;;;;;;;;;;;;;;;;;
20220329;;;;;;;;;;;;;;;;;;;;;;;;;;;;;;;;;;;;;;;;;;;;;;;;;;;;;;;;;;;;;;;;;;;;;;;6;7;10;4;4;4;4;6;7;9;;;;;6;0;1;7;7;0;8;7;3;7;;7;7;;7;;7;1;;;;;;;;;;;;;;;;;;;;;;;;;;;;;;;;
20220330;;;;;;;;;;;;;;;;;;;;;;;;;;;;;;;;;;;;;;;;;;;;;;;;;;;;;;;;;;;;;;;;;;;;;;;;;;;;;;;;;;;;;;;;;;;;;;;;;;;;;;;;;;;;;;;;;;;;;;;;;;;;;;;;;;;;;;
20220331;;;;;;;;;;;;;;;;;;;;;;;;;;;;;;;;;;;;;;;;;;;;;;;;;;;;;;;;;;;;;;;;;;;;;;;8;10;8;7;5;6;7;9;10;10;10;7;4;6;10;1;3;10;10;0;10;10;2;10;10;10;10;9;10;7;10;1;vote-seeking;office-seeking;office-seeking;vote-seeking;vote-seeking;office-seeking;vote-seeking;não sei;office-seeking;office-seeking;não sei;office-seeking;não sei;vote-seeking;policy-seeking;policy-seeking;não sei;office-seeking;policy-seeking;office-seeking;office-seeking;policy-seeking;office-seeking;office-seeking;office-seeking;não sei;não sei;vote-seeking;não sei;não sei;não sei;policy-seeking
20220332;;;;;;;;;;;;;;;;;;;;;;;;;;;;;;;;;;;;;;;;;;;;;;;;;;;;;;;;;;;;;;;;;;;;;;;8;10;10;7;5;2;5;7;10;10;10;8;5;9;10;0;2;10;10;0;10;10;1;10;9;10;10;7;10;5;9;9;vote-seeking;vote-seeking;policy-seeking;policy-seeking;policy-seeking;office-seeking;vote-seeking;vote-seeking;vote-seeking;vote-seeking;vote-seeking;policy-seeking;vote-seeking;vote-seeking;office-seeking;policy-seeking;vote-seeking;vote-seeking;policy-seeking;vote-seeking;vote-seeking;policy-seeking;vote-seeking;vote-seeking;vote-seeking;vote-seeking;office-seeking;vote-seeking;policy-seeking;vote-seeking;vote-seeking;não sei
20220333;;;;;;;;;;;;;;;;;;;;;;;;;;;;;;;;;;;;;;;;;;;;;;;;;;;;;;;;;;;;;;;;;;;;;;;6;7;8;4;3;2;4;7;9;9;;4;5;7;8;0;0;9;8;0;9;9;2;9;7;8;6;5;10;4;8;0;office-seeking;office-seeking;vote-seeking;policy-seeking;policy-seeking;vote-seeking;policy-seeking;office-seeking;policy-seeking;office-seeking;policy-seeking;policy-seeking;vote-seeking;office-seeking;policy-seeking;policy-seeking;policy-seeking;policy-seeking;policy-seeking;vote-seeking;policy-seeking;policy-seeking;vote-seeking;vote-seeking;vote-seeking;vote-seeking;vote-seeking;policy-seeking;policy-seeking;office-seeking;vote-seeking;policy-seeking
20220334;;;;;;;;;;;;;;;;;;;;;;;;;;;;;;;;;;;;;;;;;;;;;;;;;;;;;;;;;;;;;;;;;;;;;;;;;;;;;;;;;;;;;;;;;;;;;;;;;;;;;;;;;;;;;;;;;;;;;;;;;;;;;;;;;;;;;;
20220335;;;;;;;;;;;;;;;;;;;;;;;;;;;;;;;;;;;;;;;;;;;;;;;;;;;;;;;;;;;;;;;;;;;;;;;8;10;;3;3;0;4;10;7;8;5;5;4;;8;0;0;;9;0;7;7;0;10;7;9;8;;10;4;10;0;;;;;;;;;;;;;;;;;;;;;;;;;;;;;;;;
20220336;;;;;;;;;;;;;;;;;;;;;;;;;;;;;;;;;;;;;;;;;;;;;;;;;;;;;;;;;;;;;;;;;;;;;;;6;10;6;4;3;3;4;8;7;9;5;4;5;6;8;0;0;9;9;0;7;7;2;10;6;6;5;5;9;4;7;1;office-seeking;não sei;policy-seeking;policy-seeking;policy-seeking;office-seeking;policy-seeking;vote-seeking;vote-seeking;não sei;policy-seeking;vote-seeking;office-seeking;office-seeking;policy-seeking;policy-seeking;office-seeking;vote-seeking;policy-seeking;office-seeking;office-seeking;policy-seeking;office-seeking;office-seeking;vote-seeking;vote-seeking;office-seeking;policy-seeking;policy-seeking;vote-seeking;policy-seeking;policy-seeking
20220337;;;;;;;;;;;;;;;;;;;;;;;;;;;;;;;;;;;;;;;;;;;;;;;;;;;;;;;;;;;;;;;;;;;;;;;5;7;8;3;2;2;3;6;8;7;4;4;4;;8;0;0;8;7;0;7;8;0;10;6;10;9;6;8;4;6;1;office-seeking;office-seeking;vote-seeking;vote-seeking;policy-seeking;vote-seeking;vote-seeking;office-seeking;office-seeking;não sei;não sei;vote-seeking;office-seeking;office-seeking;policy-seeking;policy-seeking;office-seeking;office-seeking;policy-seeking;office-seeking;office-seeking;policy-seeking;vote-seeking;vote-seeking;office-seeking;office-seeking;office-seeking;policy-seeking;policy-seeking;office-seeking;vote-seeking;policy-seeking
20220338;;;;;;;;;;;;;;;;;;;;;;;;;;;;;;;;;;;;;;;;;;;;;;;;;;;;;;;;;;;;;;;;;;;;;;;7;9;10;3;3;2;4;7;;7;;7;3;;7;0;1;;7;0;;7;2;8;7;7;;4;9;3;;1;vote-seeking;não sei;policy-seeking;policy-seeking;policy-seeking;policy-seeking;policy-seeking;office-seeking;não sei;não sei;office-seeking;policy-seeking;office-seeking;vote-seeking;policy-seeking;policy-seeking;office-seeking;não sei;policy-seeking;office-seeking;office-seeking;policy-seeking;office-seeking;vote-seeking;vote-seeking;office-seeking;office-seeking;policy-seeking;policy-seeking;não sei;vote-seeking;não sei
20220339;;;;;;;;;;;;;;;;;;;;;;;;;;;;;;;;;;;;;;;;;;;;;;;;;;;;;;;;;;;;;;;;;;;;;;;6;9;8;2;2;0;4;;;;;7;3;;10;0;0;5;;0;9;10;1;10;7;7;;;10;0;;;;;;;;;;;;;;;;;;;;;;;;;;;;;;;;;;
20220340;;;;;;;;;;;;;;;;;;;;;;;;;;;;;;;;;;;;;;;;;;;;;;;;;;;;;;;;;;;;;;;;;;;;;;;7;10;10;6;4;3;6;8;7;9;8;;;6;9;2;2;8;8;1;7;9;1;9;;9;8;7;7;4;8;4;office-seeking;office-seeking;policy-seeking;policy-seeking;policy-seeking;policy-seeking;policy-seeking;não sei;vote-seeking;vote-seeking;policy-seeking;policy-seeking;não sei;office-seeking;policy-seeking;policy-seeking;office-seeking;policy-seeking;policy-seeking;office-seeking;office-seeking;policy-seeking;office-seeking;office-seeking;office-seeking;não sei;policy-seeking;policy-seeking;policy-seeking;office-seeking;office-seeking;não sei
20220341;;;;;;;;;;;;;;;;;;;;;;;;;;;;;;;;;;;;;;;;;;;;;;;;;;;;;;;;;;;;;;;;;;;;;;;7;10;10;8;0;0;2;8;10;10;10;8;8;10;10;0;0;10;10;2;10;10;0;10;6;10;10;8;10;0;10;0;;;;;;;;;;;;;;;;;;;;;;;;;;;;;;;;
20220342;;;;;;;;;;;;;;;;;;;;;;;;;;;;;;;;;;;;;;;;;;;;;;;;;;;;;;;;;;;;;;;;;;;;;;;7;10;10;4;3;0;0;7;9;10;6;9;3;8;10;0;0;10;10;0;9;9;0;10;7;10;10;4;10;4;10;0;;;;;;;;;;;;;;;;;;;;;;;;;;;;;;;;
20220343;;;;;;;;;;;;;;;;;;;;;;;;;;;;;;;;;;;;;;;;;;;;;;;;;;;;;;;;;;;;;;;;;;;;;;;6;9;9;4;2;2;;7;7;9;7;;4;6;8;0;0;10;9;0;8;9;1;10;6;7;6;;10;4;9;2;office-seeking;vote-seeking;office-seeking;policy-seeking;vote-seeking;office-seeking;policy-seeking;vote-seeking;vote-seeking;vote-seeking;vote-seeking;vote-seeking;vote-seeking;office-seeking;vote-seeking;vote-seeking;vote-seeking;vote-seeking;vote-seeking;vote-seeking;office-seeking;policy-seeking;office-seeking;vote-seeking;vote-seeking;vote-seeking;vote-seeking;vote-seeking;policy-seeking;vote-seeking;policy-seeking;vote-seeking
20220344;;;;;;;;;;;;;;;;;;;;;;;;;;;;;;;;;;;;;;;;;;;;;;;;;;;;;;;;;;;;;;;;;;;;;;;6;7;9;4;2;1;3;6;6;7;6;5;4;6;9;0;0;6;7;0;7;10;1;10;;9;6;6;8;3;9;0;office-seeking;office-seeking;policy-seeking;policy-seeking;policy-seeking;office-seeking;office-seeking;não sei;não sei;não sei;office-seeking;policy-seeking;office-seeking;office-seeking;policy-seeking;policy-seeking;não sei;vote-seeking;policy-seeking;office-seeking;vote-seeking;policy-seeking;vote-seeking;office-seeking;não sei;office-seeking;office-seeking;policy-seeking;policy-seeking;não sei;office-seeking;policy-seeking
20220345;;;;;;;;;;;;;;;;;;;;;;;;;;;;;;;;;;;;;;;;;;;;;;;;;;;;;;;;;;;;;;;;;;;;;;;;9;10;3;1;2;3;9;9;9;;4;3;5;8;0;0;9;9;0;9;9;1;10;;;9;8;9;3;9;0;vote-seeking;vote-seeking;office-seeking;policy-seeking;policy-seeking;policy-seeking;office-seeking;office-seeking;vote-seeking;vote-seeking;office-seeking;office-seeking;vote-seeking;vote-seeking;policy-seeking;policy-seeking;vote-seeking;vote-seeking;policy-seeking;vote-seeking;vote-seeking;policy-seeking;vote-seeking;office-seeking;office-seeking;vote-seeking;office-seeking;vote-seeking;office-seeking;vote-seeking;vote-seeking;policy-seeking
20220346;;;;;;;;;;;;;;;;;;;;;;;;;;;;;;;;;;;;;;;;;;;;;;;;;;;;;;;;;;;;;;;;;;;;;;;6;10;10;5;3;3;4;7;9;9;9;4;;6;9;2;3;9;9;3;9;10;2;8;8;9;9;;10;4;5;3;vote-seeking;office-seeking;policy-seeking;policy-seeking;policy-seeking;policy-seeking;policy-seeking;office-seeking;office-seeking;office-seeking;vote-seeking;vote-seeking;vote-seeking;vote-seeking;policy-seeking;policy-seeking;office-seeking;office-seeking;policy-seeking;vote-seeking;vote-seeking;policy-seeking;vote-seeking;vote-seeking;vote-seeking;vote-seeking;vote-seeking;policy-seeking;policy-seeking;não sei;vote-seeking;não sei
20220347;;;;;;;;;;;;;;;;;;;;;;;;;;;;;;;;;;;;;;;;;;;;;;;;;;;;;;;;;;;;;;;;;;;;;;;7;9;9;6;;4;;;7;7;7;7;;6;8;3;4;8;7;3;7;7;4;8;6;7;8;6;8;;8;2;office-seeking;vote-seeking;vote-seeking;vote-seeking;policy-seeking;vote-seeking;office-seeking;não sei;vote-seeking;vote-seeking;office-seeking;policy-seeking;office-seeking;vote-seeking;policy-seeking;policy-seeking;não sei;não sei;policy-seeking;não sei;office-seeking;policy-seeking;não sei;não sei;policy-seeking;não sei;office-seeking;policy-seeking;policy-seeking;office-seeking;vote-seeking;policy-seeking
20220348;;;;;;;;;;;;;;;;;;;;;;;;;;;;;;;;;;;;;;;;;;;;;;;;;;;;;;;;;;;;;;;;;;;;;;;7;8;6;4;3;3;3;7;7;8;7;8;;;8;2;2;7;8;1;7;7;3;7;;7;7;3;7;4;6;2;;;;;;;;;;;;;;;;;;;;;;;;;;;;;;;;
20220349;;;;;;;;;;;;;;;;;;;;;;;;;;;;;;;;;;;;;;;;;;;;;;;;;;;;;;;;;;;;;;;;;;;;;;;5;10;10;2;2;1;4;7;10;10;2;;;10;10;0;0;10;9;0;8;10;1;8;;10;;;9;3;10;;office-seeking;não sei;não sei;policy-seeking;vote-seeking;não sei;policy-seeking;não sei;não sei;não sei;não sei;não sei;não sei;office-seeking;não sei;não sei;não sei;não sei;não sei;não sei;não sei;não sei;office-seeking;vote-seeking;não sei;não sei;não sei;policy-seeking;policy-seeking;não sei;não sei;não sei
20220350;;;;;;;;;;;;;;;;;;;;;;;;;;;;;;;;;;;;;;;;;;;;;;;;;;;;;;;;;;;;;;;;;;;;;;;6;9;7;4;3;1;4;6;7;7;;4;5;7;7;0;0;8;8;0;7;7;2;7;6;9;9;7;7;4;7;1;vote-seeking;vote-seeking;não sei;policy-seeking;policy-seeking;office-seeking;policy-seeking;vote-seeking;vote-seeking;vote-seeking;policy-seeking;vote-seeking;vote-seeking;office-seeking;policy-seeking;policy-seeking;vote-seeking;vote-seeking;policy-seeking;vote-seeking;office-seeking;policy-seeking;vote-seeking;office-seeking;vote-seeking;vote-seeking;vote-seeking;policy-seeking;policy-seeking;vote-seeking;office-seeking;policy-seeking
20220351;;;;;;;;;;;;;;;;;;;;;;;;;;;;;;;;;;;;;;;;;;;;;;;;;;;;;;;;;;;;;;;;;;;;;;;5;5;5;4;3;1;4;5;8;8;8;8;3;8;5;2;1;5;9;4;8;8;1;9;6;9;8;8;8;3;5;5;vote-seeking;policy-seeking;office-seeking;office-seeking;office-seeking;policy-seeking;não sei;não sei;não sei;não sei;office-seeking;não sei;não sei;não sei;office-seeking;office-seeking;não sei;não sei;não sei;não sei;não sei;office-seeking;não sei;não sei;não sei;não sei;não sei;não sei;office-seeking;não sei;não sei;não sei
20220352;;;;;;;;;;;;;;;;;;;;;;;;;;;;;;;;;;;;;;;;;;;;;;;;;;;;;;;;;;;;;;;;;;;;;;;7;6;4;5;3;4;4;8;7;10;8;7;7;6;6;6;6;6;9;5;5;;4;7;5;10;5;;;;;;não sei;não sei;não sei;não sei;não sei;não sei;não sei;não sei;não sei;não sei;não sei;não sei;não sei;não sei;não sei;não sei;não sei;não sei;não sei;não sei;não sei;não sei;não sei;não sei;não sei;não sei;não sei;não sei;não sei;não sei;não sei;não sei
20220353;;;;;;;;;;;;;;;;;;;;;;;;;;;;;;;;;;;;;;;;;;;;;;;;;;;;;;;;;;;;;;;;;;;;;;;6;8;5;5;3;3;6;7;7;7;6;7;6;8;9;0;0;;7;0;7;9;1;8;8;8;8;8;9;4;10;1;office-seeking;office-seeking;vote-seeking;policy-seeking;policy-seeking;vote-seeking;vote-seeking;office-seeking;office-seeking;office-seeking;office-seeking;office-seeking;office-seeking;vote-seeking;não sei;não sei;não sei;office-seeking;não sei;office-seeking;vote-seeking;policy-seeking;vote-seeking;office-seeking;office-seeking;vote-seeking;vote-seeking;vote-seeking;policy-seeking;não sei;vote-seeking;não sei
20220354;;;;;;;;;;;;;;;;;;;;;;;;;;;;;;;;;;;;;;;;;;;;;;;;;;;;;;;;;;;;;;;;;;;;;;;6;8;10;;4;4;;6;6;10;6;6;;;9;1;1;10;8;0;6;9;3;9;6;9;6;;8;4;8;2;office-seeking;office-seeking;vote-seeking;policy-seeking;policy-seeking;vote-seeking;vote-seeking;não sei;office-seeking;não sei;vote-seeking;policy-seeking;não sei;office-seeking;policy-seeking;policy-seeking;não sei;não sei;policy-seeking;vote-seeking;office-seeking;policy-seeking;office-seeking;vote-seeking;não sei;office-seeking;vote-seeking;policy-seeking;policy-seeking;não sei;office-seeking;policy-seeking
20220355;;;;;;;;;;;;;;;;;;;;;;;;;;;;;;;;;;;;;;;;;;;;;;;;;;;;;;;;;;;;;;;;;;;;;;;;10;9;4;1;1;3;7;8;8;8;8;6;8;8;4;4;8;8;4;8;8;0;8;8;8;8;8;10;4;8;8;office-seeking;policy-seeking;policy-seeking;policy-seeking;policy-seeking;policy-seeking;policy-seeking;office-seeking;office-seeking;office-seeking;office-seeking;policy-seeking;office-seeking;office-seeking;policy-seeking;policy-seeking;office-seeking;office-seeking;policy-seeking;office-seeking;office-seeking;policy-seeking;office-seeking;office-seeking;office-seeking;office-seeking;office-seeking;policy-seeking;policy-seeking;office-seeking;policy-seeking;policy-seeking
20220356;;;;;;;;;;;;;;;;;;;;;;;;;;;;;;;;;;;;;;;;;;;;;;;;;;;;;;;;;;;;;;;;;;;;;;;;;;;;;;;;;;;;;;;;;;;;;;;;;;;;;;;;;;;;;;;;;;;;;;;;;;;;;;;;;;;;;;
20220357;;;;;;;;;;;;;;;;;;;;;;;;;;;;;;;;;;;;;;;;;;;;;;;;;;;;;;;;;;;;;;;;;;;;;;;6;7;10;3;4;2;4;6;;10;;4;3;7;9;0;0;10;10;0;6;10;2;9;7;9;7;7;9;2;9;0;office-seeking;não sei;vote-seeking;vote-seeking;vote-seeking;policy-seeking;vote-seeking;não sei;office-seeking;não sei;não sei;policy-seeking;não sei;office-seeking;policy-seeking;policy-seeking;não sei;não sei;policy-seeking;office-seeking;office-seeking;policy-seeking;office-seeking;office-seeking;vote-seeking;não sei;office-seeking;vote-seeking;vote-seeking;não sei;vote-seeking;policy-seeking
20220358;;;;;;;;;;;;;;;;;;;;;;;;;;;;;;;;;;;;;;;;;;;;;;;;;;;;;;;;;;;;;;;;;;;;;;;;8;;4;2;0;4;6;;7;;4;3;4;7;0;0;6;6;0;7;6;0;8;6;7;;3;9;3;;1;office-seeking;office-seeking;vote-seeking;vote-seeking;policy-seeking;vote-seeking;policy-seeking;não sei;office-seeking;office-seeking;office-seeking;policy-seeking;não sei;office-seeking;policy-seeking;policy-seeking;office-seeking;office-seeking;policy-seeking;policy-seeking;office-seeking;policy-seeking;vote-seeking;office-seeking;office-seeking;office-seeking;office-seeking;policy-seeking;policy-seeking;office-seeking;vote-seeking;policy-seeking
20220359;;;;;;;;;;;;;;;;;;;;;;;;;;;;;;;;;;;;;;;;;;;;;;;;;;;;;;;;;;;;;;;;;;;;;;;6;7;8;4;3;3;4;;8;8;7;;;9;8;0;1;8;7;0;6;8;2;9;6;9;;;7;4;6;1;vote-seeking;office-seeking;policy-seeking;policy-seeking;policy-seeking;não sei;policy-seeking;não sei;vote-seeking;vote-seeking;policy-seeking;policy-seeking;office-seeking;vote-seeking;policy-seeking;policy-seeking;office-seeking;não sei;policy-seeking;vote-seeking;policy-seeking;policy-seeking;vote-seeking;office-seeking;não sei;office-seeking;não sei;policy-seeking;policy-seeking;não sei;vote-seeking;policy-seeking
20220360;;;;;;;;;;;;;;;;;;;;;;;;;;;;;;;;;;;;;;;;;;;;;;;;;;;;;;;;;;;;;;;;;;;;;;;;;;;;;;;;;;;;;;;;;;;;;;;;;;;;;;;;;;;;;;;;;;;;;;;;;;;;;;;;;;;;;;
20220361;;;;;;;;;;;;;;;;;;;;;;;;;;;;;;;;;;;;;;;;;;;;;;;;;;;;;;;;;;;;;;;;;;;;;;;8;10;10;7;3;2;6;8;8;10;10;7;7;7;10;0;0;10;9;0;9;10;1;10;7;10;7;4;9;3;9;0;office-seeking;office-seeking;vote-seeking;policy-seeking;policy-seeking;office-seeking;policy-seeking;não sei;não sei;não sei;office-seeking;policy-seeking;office-seeking;office-seeking;policy-seeking;policy-seeking;vote-seeking;não sei;policy-seeking;vote-seeking;não sei;policy-seeking;vote-seeking;office-seeking;não sei;não sei;não sei;policy-seeking;policy-seeking;office-seeking;office-seeking;policy-seeking
20220362;;;;;;;;;;;;;;;;;;;;;;;;;;;;;;;;;;;;;;;;;;;;;;;;;;;;;;;;;;;;;;;;;;;;;;;;;;;;;;;;;;;;;;;;;;;;;;;;;;;;;;;;;;;;;;;;;;;;;;;;;;;;;;;;;;;;;;
20220363;;;;;;;;;;;;;;;;;;;;;;;;;;;;;;;;;;;;;;;;;;;;;;;;;;;;;;;;;;;;;;;;;;;;;;;7;10;;3;2;2;3;7;8;10;;;3;7;8;1;0;;10;0;9;9;0;8;8;8;8;8;10;2;8;0;;;;;;;;;;;;;;;;;;;;;;;;;;;;;;;;
20220364;;;;;;;;;;;;;;;;;;;;;;;;;;;;;;;;;;;;;;;;;;;;;;;;;;;;;;;;;;;;;;;;;;;;;;;;8;;4;3;3;4;6;;7;;;4;;8;1;1;;8;1;6;8;2;9;6;8;8;;8;4;;1;vote-seeking;office-seeking;policy-seeking;policy-seeking;policy-seeking;policy-seeking;policy-seeking;office-seeking;office-seeking;office-seeking;office-seeking;policy-seeking;office-seeking;vote-seeking;policy-seeking;policy-seeking;office-seeking;office-seeking;policy-seeking;office-seeking;office-seeking;policy-seeking;office-seeking;vote-seeking;office-seeking;office-seeking;office-seeking;policy-seeking;policy-seeking;office-seeking;vote-seeking;policy-seeking
20220365;;;;;;;;;;;;;;;;;;;;;;;;;;;;;;;;;;;;;;;;;;;;;;;;;;;;;;;;;;;;;;;;;;;;;;;;7;10;6;4;3;;6;6;4;6;6;;6;8;3;2;7;7;1;8;8;3;7;;7;6;6;7;4;7;2;vote-seeking;policy-seeking;policy-seeking;policy-seeking;policy-seeking;policy-seeking;policy-seeking;office-seeking;office-seeking;office-seeking;office-seeking;policy-seeking;office-seeking;vote-seeking;policy-seeking;policy-seeking;office-seeking;vote-seeking;policy-seeking;office-seeking;office-seeking;policy-seeking;office-seeking;vote-seeking;office-seeking;vote-seeking;office-seeking;policy-seeking;policy-seeking;office-seeking;office-seeking;policy-seeking
20220366;;;;;;;;;;;;;;;;;;;;;;;;;;;;;;;;;;;;;;;;;;;;;;;;;;;;;;;;;;;;;;;;;;;;;;;10;10;3;3;1;2;2;8;;10;;8;;;7;4;3;3;10;3;8;8;2;8;8;10;9;8;8;7;9;8;vote-seeking;office-seeking;office-seeking;policy-seeking;não sei;não sei;não sei;não sei;não sei;não sei;office-seeking;office-seeking;não sei;vote-seeking;não sei;não sei;não sei;office-seeking;não sei;não sei;vote-seeking;policy-seeking;office-seeking;vote-seeking;vote-seeking;vote-seeking;vote-seeking;vote-seeking;vote-seeking;vote-seeking;vote-seeking;vote-seeking
20220367;;;;;;;;;;;;;;;;;;;;;;;;;;;;;;;;;;;;;;;;;;;;;;;;;;;;;;;;;;;;;;;;;;;;;;;;;;;;;;;;;;;;;;;;;;;;;;;;;;;;;;;;;;;;;;;;;;;;;;;;;;;;;;;;;;;;;;
20220368;;;;;;;;;;;;;;;;;;;;;;;;;;;;;;;;;;;;;;;;;;;;;;;;;;;;;;;;;;;;;;;;;;;;;;;;10;4;5;2;1;4;6;;9;;;4;7;4;0;0;5;9;0;8;8;1;;4;7;7;6;10;2;9;;;;;;;;;;;;;;;;;;;;;;;;;;;;;;;;;
20220369;;;;;;;;;;;;;;;;;;;;;;;;;;;;;;;;;;;;;;;;;;;;;;;;;;;;;;;;;;;;;;;;;;;;;;;;7;10;4;3;3;4;5;5;9;6;5;5;6;9;0;0;10;8;0;8;10;2;10;;8;;;9;;7;0;office-seeking;policy-seeking;policy-seeking;policy-seeking;vote-seeking;vote-seeking;vote-seeking;office-seeking;office-seeking;office-seeking;vote-seeking;vote-seeking;office-seeking;office-seeking;policy-seeking;policy-seeking;vote-seeking;policy-seeking;policy-seeking;office-seeking;vote-seeking;vote-seeking;vote-seeking;vote-seeking;office-seeking;office-seeking;office-seeking;policy-seeking;vote-seeking;office-seeking;vote-seeking;policy-seeking
20220370;;;;;;;;;;;;;;;;;;;;;;;;;;;;;;;;;;;;;;;;;;;;;;;;;;;;;;;;;;;;;;;;;;;;;;;7;8;4;4;4;1;4;6;8;9;5;8;3;6;8;0;1;4;10;0;8;9;1;9;10;10;10;8;9;4;7;0;office-seeking;vote-seeking;vote-seeking;policy-seeking;policy-seeking;policy-seeking;vote-seeking;office-seeking;office-seeking;não sei;office-seeking;policy-seeking;office-seeking;office-seeking;policy-seeking;policy-seeking;office-seeking;office-seeking;policy-seeking;office-seeking;office-seeking;policy-seeking;office-seeking;office-seeking;office-seeking;office-seeking;office-seeking;policy-seeking;policy-seeking;office-seeking;office-seeking;policy-seeking
20220371;;;;;;;;;;;;;;;;;;;;;;;;;;;;;;;;;;;;;;;;;;;;;;;;;;;;;;;;;;;;;;;;;;;;;;;6;9;4;4;3;1;4;7;;7;7;7;4;6;7;1;0;;6;;6;7;1;8;7;7;7;;9;3;;;;;;;;;;;;;;;;;;;;;;;;;;;;;;;;;;
20220372;;;;;;;;;;;;;;;;;;;;;;;;;;;;;;;;;;;;;;;;;;;;;;;;;;;;;;;;;;;;;;;;;;;;;;;7;8;9;6;2;3;4;7;;8;;9;4;9;10;0;0;9;9;0;8;9;2;10;7;10;7;8;9;4;;1;vote-seeking;office-seeking;vote-seeking;policy-seeking;office-seeking;office-seeking;vote-seeking;não sei;não sei;não sei;não sei;não sei;não sei;office-seeking;policy-seeking;policy-seeking;não sei;não sei;policy-seeking;vote-seeking;;policy-seeking;vote-seeking;vote-seeking;não sei;não sei;vote-seeking;policy-seeking;vote-seeking;não sei;não sei;policy-seeking
20220373;;;;;;;;;;;;;;;;;;;;;;;;;;;;;;;;;;;;;;;;;;;;;;;;;;;;;;;;;;;;;;;;;;;;;;;7;9;10;3;2;2;3;7;9;10;6;6;3;7;9;0;0;8;8;0;7;9;1;9;8;8;6;6;9;4;6;0;office-seeking;office-seeking;office-seeking;vote-seeking;vote-seeking;vote-seeking;vote-seeking;office-seeking;office-seeking;não sei;vote-seeking;policy-seeking;office-seeking;office-seeking;policy-seeking;policy-seeking;não sei;policy-seeking;policy-seeking;vote-seeking;office-seeking;policy-seeking;office-seeking;office-seeking;office-seeking;office-seeking;office-seeking;policy-seeking;policy-seeking;office-seeking;vote-seeking;policy-seeking
20220374;;;;;;;;;;;;;;;;;;;;;;;;;;;;;;;;;;;;;;;;;;;;;;;;;;;;;;;;;;;;;;;;;;;;;;;5;6;6;4;3;3;5;;6;6;6;6;4;;6;2;2;7;6;2;6;6;2;7;;6;6;4;6;4;;2;policy-seeking;vote-seeking;vote-seeking;vote-seeking;policy-seeking;office-seeking;office-seeking;vote-seeking;office-seeking;vote-seeking;vote-seeking;vote-seeking;policy-seeking;vote-seeking;office-seeking;office-seeking;policy-seeking;vote-seeking;office-seeking;policy-seeking;policy-seeking;office-seeking;policy-seeking;policy-seeking;policy-seeking;policy-seeking;vote-seeking;office-seeking;policy-seeking;policy-seeking;policy-seeking;office-seeking
20220375;;;;;;;;;;;;;;;;;;;;;;;;;;;;;;;;;;;;;;;;;;;;;;;;;;;;;;;;;;;;;;;;;;;;;;;8;10;7;7;3;2;4;6;10;10;9;8;4;4;9;4;1;8;9;1;7;10;3;9;8;10;9;4;8;4;5;3;office-seeking;office-seeking;office-seeking;policy-seeking;vote-seeking;vote-seeking;policy-seeking;office-seeking;office-seeking;office-seeking;vote-seeking;vote-seeking;policy-seeking;office-seeking;vote-seeking;vote-seeking;office-seeking;office-seeking;vote-seeking;office-seeking;office-seeking;policy-seeking;office-seeking;office-seeking;office-seeking;office-seeking;policy-seeking;policy-seeking;vote-seeking;office-seeking;office-seeking;vote-seeking
20220376;;;;;;;;;;;;;;;;;;;;;;;;;;;;;;;;;;;;;;;;;;;;;;;;;;;;;;;;;;;;;;;;;;;;;;;5;10;;;0;0;0;;10;10;10;;;5;10;0;0;;10;0;;;;;;;;;;;;;;;;;;;;;;;;;;;;;;;;;;;;;;;;;;;;
20220377;;;;;;;;;;;;;;;;;;;;;;;;;;;;;;;;;;;;;;;;;;;;;;;;;;;;;;;;;;;;;;;;;;;;;;;7;9;10;3;3;3;4;7;;;;6;4;;7;0;0;;7;0;5;6;3;;;10;;;8;4;;;office-seeking;policy-seeking;vote-seeking;vote-seeking;vote-seeking;vote-seeking;office-seeking;office-seeking;office-seeking;office-seeking;policy-seeking;vote-seeking;office-seeking;policy-seeking;policy-seeking;policy-seeking;office-seeking;office-seeking;office-seeking;office-seeking;office-seeking;policy-seeking;office-seeking;vote-seeking;office-seeking;office-seeking;não sei;policy-seeking;policy-seeking;não sei;vote-seeking;não sei
20220378;;;;;;;;;;;;;;;;;;;;;;;;;;;;;;;;;;;;;;;;;;;;;;;;;;;;;;;;;;;;;;;;;;;;;;;6;8;8;3;4;2;4;7;6;7;6;5;;7;7;0;0;7;7;0;7;8;0;9;8;7;4;4;10;3;;0;office-seeking;vote-seeking;vote-seeking;policy-seeking;policy-seeking;vote-seeking;policy-seeking;não sei;vote-seeking;vote-seeking;policy-seeking;vote-seeking;vote-seeking;office-seeking;policy-seeking;policy-seeking;vote-seeking;vote-seeking;policy-seeking;office-seeking;office-seeking;policy-seeking;vote-seeking;office-seeking;vote-seeking;vote-seeking;vote-seeking;policy-seeking;policy-seeking;vote-seeking;vote-seeking;policy-seeking
20220379;;;;;;;;;;;;;;;;;;;;;;;;;;;;;;;;;;;;;;;;;;;;;;;;;;;;;;;;;;;;;;;;;;;;;;;5;10;10;0;0;0;0;5;10;10;0;0;0;10;10;0;0;10;10;0;10;10;0;10;10;10;0;10;10;0;10;10;office-seeking;policy-seeking;policy-seeking;vote-seeking;office-seeking;vote-seeking;vote-seeking;office-seeking;office-seeking;office-seeking;policy-seeking;policy-seeking;policy-seeking;policy-seeking;office-seeking;office-seeking;office-seeking;office-seeking;office-seeking;policy-seeking;vote-seeking;policy-seeking;vote-seeking;office-seeking;vote-seeking;office-seeking;policy-seeking;vote-seeking;policy-seeking;office-seeking;policy-seeking;office-seeking
20220380;;;;;;;;;;;;;;;;;;;;;;;;;;;;;;;;;;;;;;;;;;;;;;;;;;;;;;;;;;;;;;;;;;;;;;;6;10;7;;4;4;;9;8;9;6;7;6;8;10;2;0;9;7;1;7;10;2;8;8;8;;6;10;4;7;0;office-seeking;office-seeking;não sei;vote-seeking;vote-seeking;office-seeking;não sei;não sei;office-seeking;não sei;office-seeking;office-seeking;office-seeking;office-seeking;policy-seeking;policy-seeking;não sei;policy-seeking;policy-seeking;office-seeking;office-seeking;não sei;office-seeking;office-seeking;office-seeking;office-seeking;office-seeking;policy-seeking;policy-seeking;office-seeking;office-seeking;policy-seeking
20220381;;;;;;;;;;;;;;;;;;;;;;;;;;;;;;;;;;;;;;;;;;;;;;;;;;;;;;;;;;;;;;;;;;;;;;;6;9;10;4;2;2;4;9;8;9;9;7;4;9;9;0;0;9;9;0;9;8;1;10;6;9;6;6;10;4;10;0;vote-seeking;office-seeking;vote-seeking;policy-seeking;policy-seeking;vote-seeking;policy-seeking;office-seeking;vote-seeking;vote-seeking;policy-seeking;policy-seeking;vote-seeking;office-seeking;policy-seeking;policy-seeking;vote-seeking;vote-seeking;policy-seeking;vote-seeking;office-seeking;policy-seeking;office-seeking;office-seeking;vote-seeking;vote-seeking;vote-seeking;policy-seeking;policy-seeking;vote-seeking;vote-seeking;policy-seeking
20220382;;;;;;;;;;;;;;;;;;;;;;;;;;;;;;;;;;;;;;;;;;;;;;;;;;;;;;;;;;;;;;;;;;;;;;;6;8;7;;3;2;4;;8;8;7;7;;8;9;0;0;9;10;;8;10;1;10;7;7;7;7;10;3;10;0;;;;;;;;;;;;;;;;;;;;;;;;;;;;;;;;
20220383;;;;;;;;;;;;;;;;;;;;;;;;;;;;;;;;;;;;;;;;;;;;;;;;;;;;;;;;;;;;;;;;;;;;;;;6;10;10;6;4;2;4;6;7;10;8;8;4;6;9;1;1;7;9;0;9;9;3;10;7;9;9;7;9;3;7;2;vote-seeking;policy-seeking;vote-seeking;office-seeking;office-seeking;office-seeking;office-seeking;não sei;policy-seeking;;policy-seeking;não sei;policy-seeking;vote-seeking;office-seeking;office-seeking;policy-seeking;policy-seeking;office-seeking;policy-seeking;policy-seeking;office-seeking;policy-seeking;vote-seeking;policy-seeking;policy-seeking;policy-seeking;policy-seeking;office-seeking;policy-seeking;vote-seeking;office-seeking
20220384;;;;;;;;;;;;;;;;;;;;;;;;;;;;;;;;;;;;;;;;;;;;;;;;;;;;;;;;;;;;;;;;;;;;;;;6;8;8;4;3;3;3;6;6;8;7;5;;6;8;0;0;7;8;0;7;8;2;9;6;8;7;7;8;4;8;0;policy-seeking;policy-seeking;office-seeking;vote-seeking;office-seeking;office-seeking;vote-seeking;não sei;policy-seeking;não sei;não sei;policy-seeking;policy-seeking;policy-seeking;não sei;office-seeking;não sei;não sei;não sei;não sei;não sei;policy-seeking;não sei;policy-seeking;não sei;não sei;não sei;não sei;não sei;não sei;office-seeking;não sei
20220385;;;;;;;;;;;;;;;;;;;;;;;;;;;;;;;;;;;;;;;;;;;;;;;;;;;;;;;;;;;;;;;;;;;;;;;5;8;6;4;3;3;4;5;6;6;5;4;3;7;9;0;2;8;8;0;8;8;0;8;8;8;5;6;6;3;5;4;vote-seeking;office-seeking;policy-seeking;policy-seeking;policy-seeking;policy-seeking;policy-seeking;não sei;office-seeking;office-seeking;office-seeking;policy-seeking;office-seeking;vote-seeking;policy-seeking;policy-seeking;office-seeking;office-seeking;policy-seeking;office-seeking;vote-seeking;policy-seeking;vote-seeking;office-seeking;office-seeking;office-seeking;office-seeking;;policy-seeking;office-seeking;vote-seeking;não sei
20220386;;;;;;;;;;;;;;;;;;;;;;;;;;;;;;;;;;;;;;;;;;;;;;;;;;;;;;;;;;;;;;;;;;;;;;;8;10;;6;4;3;;8;7;10;4;6;2;6;6;1;0;;7;3;6;7;2;9;7;8;8;6;10;;;0;vote-seeking;não sei;office-seeking;vote-seeking;policy-seeking;office-seeking;não sei;não sei;policy-seeking;não sei;office-seeking;policy-seeking;não sei;office-seeking;policy-seeking;policy-seeking;não sei;policy-seeking;policy-seeking;office-seeking;vote-seeking;office-seeking;vote-seeking;vote-seeking;office-seeking;office-seeking;office-seeking;policy-seeking;office-seeking;não sei;office-seeking;policy-seeking
20220387;;;;;;;;;;;;;;;;;;;;;;;;;;;;;;;;;;;;;;;;;;;;;;;;;;;;;;;;;;;;;;;;;;;;;;;8;10;8;4;1;2;4;9;7;10;8;8;6;7;8;2;0;10;10;3;7;8;1;10;8;10;7;8;10;3;10;0;office-seeking;vote-seeking;vote-seeking;policy-seeking;policy-seeking;vote-seeking;policy-seeking;não sei;policy-seeking;não sei;vote-seeking;office-seeking;office-seeking;office-seeking;policy-seeking;policy-seeking;não sei;policy-seeking;não sei;vote-seeking;policy-seeking;policy-seeking;office-seeking;office-seeking;vote-seeking;vote-seeking;vote-seeking;policy-seeking;vote-seeking;vote-seeking;office-seeking;policy-seeking
20220388;;;;;;;;;;;;;;;;;;;;;;;;;;;;;;;;;;;;;;;;;;;;;;;;;;;;;;;;;;;;;;;;;;;;;;;;10;10;;;0;;10;10;10;;;;10;10;0;0;10;10;0;10;10;0;10;10;10;5;;10;;10;0;office-seeking;office-seeking;vote-seeking;policy-seeking;policy-seeking;vote-seeking;policy-seeking;vote-seeking;vote-seeking;vote-seeking;vote-seeking;vote-seeking;vote-seeking;office-seeking;policy-seeking;policy-seeking;vote-seeking;policy-seeking;policy-seeking;vote-seeking;vote-seeking;policy-seeking;office-seeking;office-seeking;vote-seeking;vote-seeking;vote-seeking;policy-seeking;policy-seeking;vote-seeking;office-seeking;policy-seeking
20220389;;;;;;;;;;;;;;;;;;;;;;;;;;;;;;;;;;;;;;;;;;;;;;;;;;;;;;;;;;;;;;;;;;;;;;;;9;7;3;2;1;3;;6;8;6;6;4;6;9;0;0;7;7;0;6;9;1;10;7;10;6;4;9;4;7;0;office-seeking;vote-seeking;vote-seeking;policy-seeking;policy-seeking;vote-seeking;vote-seeking;não sei;não sei;não sei;não sei;policy-seeking;não sei;vote-seeking;policy-seeking;policy-seeking;não sei;não sei;policy-seeking;não sei;vote-seeking;policy-seeking;vote-seeking;vote-seeking;vote-seeking;não sei;não sei;policy-seeking;vote-seeking;não sei;vote-seeking;policy-seeking
20220390;;;;;;;;;;;;;;;;;;;;;;;;;;;;;;;;;;;;;;;;;;;;;;;;;;;;;;;;;;;;;;;;;;;;;;;7;10;10;4;3;2;3;7;;7;7;7;4;6;7;0;1;;6;0;7;8;3;10;6;10;10;7;9;4;7;1;vote-seeking;office-seeking;office-seeking;policy-seeking;policy-seeking;office-seeking;policy-seeking;não sei;não sei;não sei;office-seeking;policy-seeking;office-seeking;vote-seeking;policy-seeking;policy-seeking;não sei;policy-seeking;policy-seeking;office-seeking;vote-seeking;policy-seeking;policy-seeking;vote-seeking;policy-seeking;office-seeking;vote-seeking;policy-seeking;policy-seeking;office-seeking;policy-seeking;policy-seeking
20220391;;;;;;;;;;;;;;;;;;;;;;;;;;;;;;;;;;;;;;;;;;;;;;;;;;;;;;;;;;;;;;;;;;;;;;;6;8;8;4;2;2;4;6;7;6;;6;4;6;8;0;0;8;6;0;8;9;1;9;6;9;7;7;8;4;6;0;office-seeking;office-seeking;policy-seeking;policy-seeking;policy-seeking;vote-seeking;policy-seeking;office-seeking;office-seeking;office-seeking;office-seeking;policy-seeking;office-seeking;office-seeking;policy-seeking;policy-seeking;office-seeking;office-seeking;policy-seeking;office-seeking;office-seeking;policy-seeking;office-seeking;office-seeking;office-seeking;office-seeking;office-seeking;policy-seeking;policy-seeking;office-seeking;office-seeking;policy-seeking
20220392;;;;;;;;;;;;;;;;;;;;;;;;;;;;;;;;;;;;;;;;;;;;;;;;;;;;;;;;;;;;;;;;;;;;;;;5;10;10;3;0;0;2;;10;10;;;;6;10;0;0;10;10;0;10;10;0;10;;10;10;5;10;;10;0;office-seeking;office-seeking;vote-seeking;policy-seeking;policy-seeking;policy-seeking;office-seeking;não sei;não sei;não sei;policy-seeking;policy-seeking;não sei;office-seeking;policy-seeking;policy-seeking;não sei;não sei;policy-seeking;não sei;office-seeking;policy-seeking;office-seeking;office-seeking;vote-seeking;não sei;não sei;policy-seeking;policy-seeking;não sei;vote-seeking;policy-seeking
20220393;;;;;;;;;;;;;;;;;;;;;;;;;;;;;;;;;;;;;;;;;;;;;;;;;;;;;;;;;;;;;;;;;;;;;;;6;9;8;4;3;3;4;6;8;9;8;6;6;8;8;0;0;6;6;0;6;10;2;6;6;10;10;6;8;3;6;1;office-seeking;office-seeking;policy-seeking;policy-seeking;policy-seeking;vote-seeking;policy-seeking;vote-seeking;vote-seeking;vote-seeking;vote-seeking;vote-seeking;vote-seeking;office-seeking;policy-seeking;policy-seeking;vote-seeking;vote-seeking;policy-seeking;vote-seeking;policy-seeking;policy-seeking;office-seeking;office-seeking;policy-seeking;office-seeking;office-seeking;policy-seeking;policy-seeking;vote-seeking;policy-seeking;não sei
20220394;;;;;;;;;;;;;;;;;;;;;;;;;;;;;;;;;;;;;;;;;;;;;;;;;;;;;;;;;;;;;;;;;;;;;;;6;10;10;4;2;0;4;6;10;10;10;7;;10;10;0;0;10;10;0;10;10;0;10;7;10;10;7;10;4;7;0;vote-seeking;vote-seeking;office-seeking;policy-seeking;policy-seeking;policy-seeking;office-seeking;office-seeking;vote-seeking;vote-seeking;office-seeking;policy-seeking;vote-seeking;vote-seeking;policy-seeking;policy-seeking;office-seeking;office-seeking;office-seeking;vote-seeking;office-seeking;policy-seeking;vote-seeking;office-seeking;office-seeking;office-seeking;vote-seeking;policy-seeking;policy-seeking;office-seeking;vote-seeking;policy-seeking
20220395;;;;;;;;;;;;;;;;;;;;;;;;;;;;;;;;;;;;;;;;;;;;;;;;;;;;;;;;;;;;;;;;;;;;;;;8;9;7;6;4;;;6;7;9;10;10;5;8;9;1;2;6;8;0;8;10;2;10;6;10;10;8;9;5;9;1;office-seeking;office-seeking;vote-seeking;vote-seeking;office-seeking;vote-seeking;vote-seeking;office-seeking;office-seeking;office-seeking;office-seeking;office-seeking;office-seeking;office-seeking;policy-seeking;policy-seeking;office-seeking;office-seeking;policy-seeking;office-seeking;office-seeking;vote-seeking;vote-seeking;office-seeking;office-seeking;office-seeking;office-seeking;office-seeking;vote-seeking;office-seeking;office-seeking;policy-seeking
20220396;;;;;;;;;;;;;;;;;;;;;;;;;;;;;;;;;;;;;;;;;;;;;;;;;;;;;;;;;;;;;;;;;;;;;;;7;9;;7;3;3;5;7;9;9;8;8;;7;9;4;0;6;9;2;8;7;2;10;7;9;9;7;9;8;7;0;office-seeking;não sei;;office-seeking;office-seeking;office-seeking;vote-seeking;não sei;vote-seeking;não sei;não sei;não sei;não sei;não sei;não sei;policy-seeking;não sei;não sei;policy-seeking;não sei;não sei;office-seeking;vote-seeking;não sei;não sei;não sei;office-seeking;vote-seeking;não sei;não sei;vote-seeking;policy-seeking
20220397;;;;;;;;;;;;;;;;;;;;;;;;;;;;;;;;;;;;;;;;;;;;;;;;;;;;;;;;;;;;;;;;;;;;;;;5;8;4;4;3;2;3;7;5;7;;;;;;;;;;;;;;;;;;;;;;;;;;;;;;;;;;;;;;;;;;;;;;;;;;;;;;
20220398;;;;;;;;;;;;;;;;;;;;;;;;;;;;;;;;;;;;;;;;;;;;;;;;;;;;;;;;;;;;;;;;;;;;;;;;;;;;;;;;;;;;;;;;;;;;;;;;;;;;;;;;;;;;;;;;;;;;;;;;;;;;;;;;;;;;;;
20220399;;;;;;;;;;;;;;;;;;;;;;;;;;;;;;;;;;;;;;;;;;;;;;;;;;;;;;;;;;;;;;;;;;;;;;;6;9;4;4;2;0;4;7;;10;;7;2;6;8;0;0;7;10;0;7;7;3;7;8;10;8;7;7;7;7;0;vote-seeking;vote-seeking;vote-seeking;policy-seeking;policy-seeking;office-seeking;policy-seeking;vote-seeking;office-seeking;office-seeking;vote-seeking;office-seeking;não sei;vote-seeking;policy-seeking;policy-seeking;vote-seeking;policy-seeking;policy-seeking;vote-seeking;office-seeking;policy-seeking;policy-seeking;office-seeking;policy-seeking;office-seeking;vote-seeking;office-seeking;office-seeking;office-seeking;policy-seeking;policy-seeking
20220400;;;;;;;;;;;;;;;;;;;;;;;;;;;;;;;;;;;;;;;;;;;;;;;;;;;;;;;;;;;;;;;;;;;;;;;7;10;8;4;3;3;4;7;;8;8;8;3;7;10;0;0;;;3;8;10;1;10;8;10;8;8;10;3;8;0;;;;;;;;;;;;;;;;;;;;;;;;;;;;;;;;
20220401;;;;;;;;;;;;;;;;;;;;;;;;;;;;;;;;;;;;;;;;;;;;;;;;;;;;;;;;;;;;;;;;;;;;;;;6;6;6;4;3;0;4;6;6;;;4;3;8;6;0;0;9;6;0;7;6;1;8;6;8;6;6;7;3;7;1;vote-seeking;office-seeking;vote-seeking;vote-seeking;office-seeking;vote-seeking;vote-seeking;office-seeking;office-seeking;office-seeking;office-seeking;office-seeking;vote-seeking;vote-seeking;policy-seeking;policy-seeking;office-seeking;office-seeking;policy-seeking;vote-seeking;vote-seeking;policy-seeking;vote-seeking;office-seeking;office-seeking;office-seeking;vote-seeking;;office-seeking;office-seeking;vote-seeking;policy-seeking
20220402;;;;;;;;;;;;;;;;;;;;;;;;;;;;;;;;;;;;;;;;;;;;;;;;;;;;;;;;;;;;;;;;;;;;;;;5;9;9;5;3;1;4;6;6;10;7;6;4;5;8;0;0;5;8;0;9;9;3;10;9;10;5;5;9;4;;0;;;;;;;;;;;;;;;;;;;;;;;;;;;;;;;;
20220403;;;;;;;;;;;;;;;;;;;;;;;;;;;;;;;;;;;;;;;;;;;;;;;;;;;;;;;;;;;;;;;;;;;;;;;6;8;9;4;4;1;4;;8;8;3;;4;7;9;0;0;7;8;0;8;8;3;9;6;8;5;;9;4;7;0;vote-seeking;office-seeking;policy-seeking;policy-seeking;policy-seeking;policy-seeking;policy-seeking;office-seeking;office-seeking;não sei;policy-seeking;policy-seeking;office-seeking;vote-seeking;policy-seeking;policy-seeking;office-seeking;office-seeking;policy-seeking;vote-seeking;vote-seeking;policy-seeking;vote-seeking;vote-seeking;vote-seeking;office-seeking;vote-seeking;policy-seeking;policy-seeking;não sei;vote-seeking;não sei
20220404;;;;;;;;;;;;;;;;;;;;;;;;;;;;;;;;;;;;;;;;;;;;;;;;;;;;;;;;;;;;;;;;;;;;;;;6;9;10;;2;2;5;6;10;10;10;9;4;9;10;1;2;9;9;1;9;9;1;10;9;9;9;6;8;3;9;;office-seeking;vote-seeking;policy-seeking;policy-seeking;policy-seeking;office-seeking;office-seeking;vote-seeking;vote-seeking;vote-seeking;vote-seeking;policy-seeking;vote-seeking;vote-seeking;policy-seeking;policy-seeking;vote-seeking;vote-seeking;policy-seeking;vote-seeking;vote-seeking;policy-seeking;vote-seeking;vote-seeking;vote-seeking;vote-seeking;office-seeking;office-seeking;policy-seeking;vote-seeking;vote-seeking;não sei
20220405;;;;;;;;;;;;;;;;;;;;;;;;;;;;;;;;;;;;;;;;;;;;;;;;;;;;;;;;;;;;;;;;;;;;;;;6;8;8;5;4;4;;7;8;9;6;7;6;8;8;0;1;9;9;0;6;8;2;10;7;10;6;6;8;;8;1;office-seeking;vote-seeking;office-seeking;policy-seeking;policy-seeking;policy-seeking;policy-seeking;vote-seeking;vote-seeking;vote-seeking;office-seeking;office-seeking;vote-seeking;office-seeking;policy-seeking;policy-seeking;vote-seeking;vote-seeking;policy-seeking;vote-seeking;office-seeking;policy-seeking;office-seeking;office-seeking;vote-seeking;vote-seeking;office-seeking;policy-seeking;policy-seeking;vote-seeking;office-seeking;policy-seeking
20220406;;;;;;;;;;;;;;;;;;;;;;;;;;;;;;;;;;;;;;;;;;;;;;;;;;;;;;;;;;;;;;;;;;;;;;;;;;;;;;;;;;;;;;;;;;;;;;;;;;;;;;;;;;;;;;;;;;;;;;;;;;;;;;;;;;;;;;
20220407;;;;;;;;;;;;;;;;;;;;;;;;;;;;;;;;;;;;;;;;;;;;;;;;;;;;;;;;;;;;;;;;;;;;;;;8;10;6;4;4;3;4;7;8;8;8;8;4;8;10;0;1;8;8;0;8;8;2;10;7;8;8;8;10;3;6;0;office-seeking;office-seeking;policy-seeking;policy-seeking;policy-seeking;policy-seeking;policy-seeking;office-seeking;office-seeking;office-seeking;office-seeking;policy-seeking;office-seeking;office-seeking;policy-seeking;policy-seeking;office-seeking;office-seeking;policy-seeking;office-seeking;office-seeking;policy-seeking;vote-seeking;office-seeking;office-seeking;office-seeking;office-seeking;policy-seeking;policy-seeking;office-seeking;vote-seeking;office-seeking
20220408;;;;;;;;;;;;;;;;;;;;;;;;;;;;;;;;;;;;;;;;;;;;;;;;;;;;;;;;;;;;;;;;;;;;;;;9;10;8;4;2;2;3;8;8;9;9;8;4;6;8;0;0;6;9;0;8;9;1;10;9;10;9;7;10;4;9;3;office-seeking;office-seeking;vote-seeking;vote-seeking;office-seeking;office-seeking;office-seeking;office-seeking;office-seeking;office-seeking;office-seeking;;office-seeking;office-seeking;vote-seeking;vote-seeking;office-seeking;office-seeking;vote-seeking;office-seeking;office-seeking;office-seeking;office-seeking;office-seeking;office-seeking;office-seeking;office-seeking;office-seeking;office-seeking;office-seeking;office-seeking;vote-seeking
20220409;;;;;;;;;;;;;;;;;;;;;;;;;;;;;;;;;;;;;;;;;;;;;;;;;;;;;;;;;;;;;;;;;;;;;;;6;8;10;4;2;2;4;6;;8;;5;;4;8;0;1;;8;0;7;9;3;10;5;8;;5;8;5;9;0;office-seeking;não sei;policy-seeking;;office-seeking;office-seeking;policy-seeking;não sei;não sei;não sei;office-seeking;office-seeking;office-seeking;vote-seeking;policy-seeking;policy-seeking;não sei;não sei;policy-seeking;vote-seeking;policy-seeking;policy-seeking;policy-seeking;office-seeking;office-seeking;não sei;office-seeking;policy-seeking;policy-seeking;vote-seeking;office-seeking;policy-seeking
20220410;;;;;;;;;;;;;;;;;;;;;;;;;;;;;;;;;;;;;;;;;;;;;;;;;;;;;;;;;;;;;;;;;;;;;;;7;8;8;;4;3;4;7;8;8;7;;3;7;8;2;1;6;8;1;8;7;3;6;8;8;7;6;9;3;7;3;policy-seeking;office-seeking;office-seeking;policy-seeking;policy-seeking;office-seeking;policy-seeking;vote-seeking;office-seeking;vote-seeking;vote-seeking;policy-seeking;vote-seeking;office-seeking;policy-seeking;policy-seeking;vote-seeking;vote-seeking;policy-seeking;vote-seeking;vote-seeking;policy-seeking;vote-seeking;office-seeking;office-seeking;vote-seeking;vote-seeking;office-seeking;policy-seeking;não sei;não sei;não sei
20220411;;;;;;;;;;;;;;;;;;;;;;;;;;;;;;;;;;;;;;;;;;;;;;;;;;;;;;;;;;;;;;;;;;;;;;;7;9;4;4;2;0;3;7;;9;;8;2;6;9;0;0;;10;0;9;10;0;10;7;10;4;6;10;4;6;3;vote-seeking;office-seeking;vote-seeking;vote-seeking;policy-seeking;policy-seeking;vote-seeking;não sei;office-seeking;office-seeking;office-seeking;policy-seeking;office-seeking;vote-seeking;policy-seeking;policy-seeking;não sei;office-seeking;policy-seeking;office-seeking;vote-seeking;policy-seeking;office-seeking;vote-seeking;office-seeking;não sei;office-seeking;vote-seeking;vote-seeking;não sei;vote-seeking;não sei
20220412;;;;;;;;;;;;;;;;;;;;;;;;;;;;;;;;;;;;;;;;;;;;;;;;;;;;;;;;;;;;;;;;;;;;;;;3;7;3;3;0;0;0;2;0;;;;;2;6;0;0;0;10;0;7;7;0;8;;;7;0;4;3;4;2;office-seeking;policy-seeking;policy-seeking;policy-seeking;policy-seeking;policy-seeking;office-seeking;office-seeking;office-seeking;office-seeking;office-seeking;office-seeking;office-seeking;vote-seeking;policy-seeking;policy-seeking;office-seeking;office-seeking;office-seeking;office-seeking;office-seeking;policy-seeking;office-seeking;office-seeking;vote-seeking;vote-seeking;policy-seeking;policy-seeking;office-seeking;office-seeking;office-seeking;office-seeking
20220413;;;;;;;;;;;;;;;;;;;;;;;;;;;;;;;;;;;;;;;;;;;;;;;;;;;;;;;;;;;;;;;;;;;;;;;5;7;8;4;4;3;4;;6;7;;8;5;4;6;1;1;8;7;0;7;7;2;;;6;;4;7;4;6;0;office-seeking;vote-seeking;office-seeking;policy-seeking;policy-seeking;policy-seeking;policy-seeking;vote-seeking;vote-seeking;vote-seeking;vote-seeking;vote-seeking;vote-seeking;vote-seeking;policy-seeking;policy-seeking;vote-seeking;vote-seeking;policy-seeking;office-seeking;office-seeking;policy-seeking;vote-seeking;office-seeking;vote-seeking;não sei;vote-seeking;vote-seeking;policy-seeking;vote-seeking;policy-seeking;office-seeking
20220414;;;;;;;;;;;;;;;;;;;;;;;;;;;;;;;;;;;;;;;;;;;;;;;;;;;;;;;;;;;;;;;;;;;;;;;7;9;10;4;4;2;5;8;10;10;10;;3;9;10;0;0;10;8;0;8;10;1;10;8;10;10;4;8;3;9;0;vote-seeking;office-seeking;policy-seeking;policy-seeking;policy-seeking;policy-seeking;policy-seeking;não sei;não sei;não sei;vote-seeking;policy-seeking;não sei;vote-seeking;policy-seeking;policy-seeking;não sei;vote-seeking;policy-seeking;vote-seeking;vote-seeking;policy-seeking;vote-seeking;vote-seeking;não sei;não sei;vote-seeking;policy-seeking;policy-seeking;não sei;vote-seeking;policy-seeking
20220415;;;;;;;;;;;;;;;;;;;;;;;;;;;;;;;;;;;;;;;;;;;;;;;;;;;;;;;;;;;;;;;;;;;;;;;5;10;6;5;4;2;;6;6;6;5;6;4;5;7;2;2;;;1;7;7;2;;5;7;;6;7;4;;3;;;;;;;;;;;;;;;;;;;;;;;;;;;;;;;;
20220416;;;;;;;;;;;;;;;;;;;;;;;;;;;;;;;;;;;;;;;;;;;;;;;;;;;;;;;;;;;;;;;;;;;;;;;7;9;9;4;1;1;;7;7;9;;6;2;;10;0;0;8;10;0;;9;2;10;8;8;9;5;9;4;6;1;vote-seeking;office-seeking;office-seeking;policy-seeking;policy-seeking;office-seeking;policy-seeking;office-seeking;office-seeking;office-seeking;office-seeking;policy-seeking;não sei;policy-seeking;policy-seeking;policy-seeking;não sei;não sei;policy-seeking;office-seeking;office-seeking;policy-seeking;vote-seeking;office-seeking;policy-seeking;office-seeking;office-seeking;policy-seeking;policy-seeking;não sei;vote-seeking;policy-seeking
20220417;;;;;;;;;;;;;;;;;;;;;;;;;;;;;;;;;;;;;;;;;;;;;;;;;;;;;;;;;;;;;;;;;;;;;;;8;10;7;4;2;0;2;9;5;7;;7;3;7;8;0;0;2;8;0;9;10;0;10;6;9;2;2;10;3;7;1;;;;;;;;;;;;;;;;;;;;;;;;;;;;;;;;
20220418;;;;;;;;;;;;;;;;;;;;;;;;;;;;;;;;;;;;;;;;;;;;;;;;;;;;;;;;;;;;;;;;;;;;;;;7;10;8;4;2;0;4;7;7;9;;10;4;7;10;0;0;6;9;0;6;8;1;9;6;9;8;8;10;4;7;0;vote-seeking;office-seeking;policy-seeking;policy-seeking;policy-seeking;office-seeking;vote-seeking;vote-seeking;office-seeking;não sei;office-seeking;policy-seeking;office-seeking;office-seeking;policy-seeking;policy-seeking;office-seeking;office-seeking;policy-seeking;vote-seeking;office-seeking;policy-seeking;office-seeking;office-seeking;vote-seeking;vote-seeking;vote-seeking;policy-seeking;policy-seeking;office-seeking;vote-seeking;policy-seeking
20220419;;;;;;;;;;;;;;;;;;;;;;;;;;;;;;;;;;;;;;;;;;;;;;;;;;;;;;;;;;;;;;;;;;;;;;;7;8;9;4;2;1;4;7;8;8;4;6;4;7;8;0;0;10;9;0;8;10;1;9;6;10;10;6;10;4;;1;vote-seeking;office-seeking;policy-seeking;policy-seeking;policy-seeking;vote-seeking;policy-seeking;office-seeking;policy-seeking;não sei;office-seeking;office-seeking;vote-seeking;vote-seeking;policy-seeking;policy-seeking;policy-seeking;não sei;policy-seeking;vote-seeking;office-seeking;policy-seeking;vote-seeking;vote-seeking;policy-seeking;não sei;office-seeking;policy-seeking;policy-seeking;não sei;vote-seeking;policy-seeking
20220420;;;;;;;;;;;;;;;;;;;;;;;;;;;;;;;;;;;;;;;;;;;;;;;;;;;;;;;;;;;;;;;;;;;;;;;6;7;8;4;4;4;5;6;8;8;6;6;4;6;8;2;2;8;8;1;7;8;3;7;6;8;6;6;8;4;7;1;office-seeking;office-seeking;office-seeking;policy-seeking;policy-seeking;vote-seeking;vote-seeking;não sei;office-seeking;não sei;office-seeking;policy-seeking;não sei;office-seeking;policy-seeking;policy-seeking;office-seeking;office-seeking;policy-seeking;office-seeking;vote-seeking;policy-seeking;office-seeking;office-seeking;vote-seeking;office-seeking;office-seeking;policy-seeking;policy-seeking;não sei;vote-seeking;policy-seeking
20220421;;;;;;;;;;;;;;;;;;;;;;;;;;;;;;;;;;;;;;;;;;;;;;;;;;;;;;;;;;;;;;;;;;;;;;;;;;;;;;;;;;;;;;;;;;;;;;;;;;;;;;;;;;;;;;;;;;;;;;;;;;;;;;;;;;;;;;
20220422;;;;;;;;;;;;;;;;;;;;;;;;;;;;;;;;;;;;;;;;;;;;;;;;;;;;;;;;;;;;;;;;;;;;;;;6;9;6;;3;3;4;6;6;9;;6;;6;8;1;0;;;0;7;7;2;7;6;10;;5;9;;;;office-seeking;não sei;vote-seeking;policy-seeking;office-seeking;vote-seeking;office-seeking;não sei;policy-seeking;não sei;office-seeking;vote-seeking;não sei;office-seeking;policy-seeking;não sei;não sei;não sei;não sei;office-seeking;office-seeking;policy-seeking;office-seeking;office-seeking;vote-seeking;office-seeking;vote-seeking;policy-seeking;vote-seeking;não sei;vote-seeking;não sei
20220423;;;;;;;;;;;;;;;;;;;;;;;;;;;;;;;;;;;;;;;;;;;;;;;;;;;;;;;;;;;;;;;;;;;;;;;;;;;;;;;;;;;;;;;;;;;;;;;;;;;;;;;;;;;;;;;;;;;;;;;;;;;;;;;;;;;;;;
20220424;;;;;;;;;;;;;;;;;;;;;;;;;;;;;;;;;;;;;;;;;;;;;;;;;;;;;;;;;;;;;;;;;;;;;;;7;10;10;3;2;2;2;7;7;8;6;8;2;4;7;0;2;;7;0;8;7;2;10;3;7;7;;8;2;;0;office-seeking;office-seeking;vote-seeking;vote-seeking;policy-seeking;vote-seeking;vote-seeking;vote-seeking;office-seeking;office-seeking;office-seeking;policy-seeking;office-seeking;office-seeking;policy-seeking;policy-seeking;office-seeking;policy-seeking;policy-seeking;office-seeking;office-seeking;policy-seeking;office-seeking;policy-seeking;office-seeking;office-seeking;policy-seeking;policy-seeking;policy-seeking;não sei;vote-seeking;policy-seeking
20220425;;;;;;;;;;;;;;;;;;;;;;;;;;;;;;;;;;;;;;;;;;;;;;;;;;;;;;;;;;;;;;;;;;;;;;;;;;;;;;;;;;;;;;;;;;;;;;;;;;;;;;;;;;;;;;;;;;;;;;;;;;;;;;;;;;;;;;
20220426;;;;;;;;;;;;;;;;;;;;;;;;;;;;;;;;;;;;;;;;;;;;;;;;;;;;;;;;;;;;;;;;;;;;;;;6;9;9;4;3;2;4;6;8;9;8;6;6;5;9;0;0;5;8;1;8;9;1;7;6;9;8;6;8;4;6;0;office-seeking;vote-seeking;policy-seeking;policy-seeking;office-seeking;office-seeking;policy-seeking;office-seeking;vote-seeking;office-seeking;office-seeking;office-seeking;office-seeking;vote-seeking;policy-seeking;policy-seeking;não sei;office-seeking;policy-seeking;office-seeking;office-seeking;policy-seeking;office-seeking;vote-seeking;vote-seeking;office-seeking;vote-seeking;office-seeking;vote-seeking;office-seeking;vote-seeking;policy-seeking
20220427;;;;;;;;;;;;;;;;;;;;;;;;;;;;;;;;;;;;;;;;;;;;;;;;;;;;;;;;;;;;;;;;;;;;;;;6;8;7;4;3;3;4;6;7;9;7;6;4;7;8;1;1;9;9;0;7;9;2;8;6;9;7;6;9;2;7;0;office-seeking;office-seeking;policy-seeking;policy-seeking;policy-seeking;policy-seeking;policy-seeking;vote-seeking;policy-seeking;vote-seeking;office-seeking;policy-seeking;vote-seeking;office-seeking;policy-seeking;policy-seeking;vote-seeking;vote-seeking;policy-seeking;vote-seeking;office-seeking;policy-seeking;office-seeking;office-seeking;vote-seeking;vote-seeking;office-seeking;policy-seeking;policy-seeking;vote-seeking;office-seeking;policy-seeking
20220428;;;;;;;;;;;;;;;;;;;;;;;;;;;;;;;;;;;;;;;;;;;;;;;;;;;;;;;;;;;;;;;;;;;;;;;5;8;10;3;2;1;4;7;8;9;4;7;4;4;9;0;0;10;;0;9;9;1;10;8;10;;5;10;2;6;1;;;;;;;;;;;;;;;;;;;;;;;;;;;;;;;;
20220429;;;;;;;;;;;;;;;;;;;;;;;;;;;;;;;;;;;;;;;;;;;;;;;;;;;;;;;;;;;;;;;;;;;;;;;7;10;7;7;2;0;3;6;10;7;10;10;4;10;10;0;0;5;10;0;10;10;0;10;5;10;10;6;7;4;10;0;office-seeking;vote-seeking;vote-seeking;policy-seeking;policy-seeking;policy-seeking;office-seeking;office-seeking;office-seeking;office-seeking;office-seeking;policy-seeking;office-seeking;office-seeking;policy-seeking;policy-seeking;policy-seeking;office-seeking;policy-seeking;office-seeking;office-seeking;policy-seeking;office-seeking;policy-seeking;office-seeking;office-seeking;office-seeking;office-seeking;policy-seeking;office-seeking;office-seeking;policy-seeking
20220430;;;;;;;;;;;;;;;;;;;;;;;;;;;;;;;;;;;;;;;;;;;;;;;;;;;;;;;;;;;;;;;;;;;;;;;8;10;10;3;3;3;3;6;7;7;7;6;;7;9;0;4;;7;0;10;10;3;8;8;10;7;5;7;4;7;;;;;;;;;;;;;;;;;;;;;;;;;;;;;;;;;
20220431;;;;;;;;;;;;;;;;;;;;;;;;;;;;;;;;;;;;;;;;;;;;;;;;;;;;;;;;;;;;;;;;;;;;;;;1;10;;1;1;1;1;1;;;;1;1;1;;0;1;1;;1;;;1;;1;1;1;1;;0;0;0;policy-seeking;policy-seeking;policy-seeking;policy-seeking;policy-seeking;policy-seeking;policy-seeking;policy-seeking;policy-seeking;policy-seeking;policy-seeking;policy-seeking;policy-seeking;policy-seeking;policy-seeking;policy-seeking;policy-seeking;policy-seeking;policy-seeking;policy-seeking;policy-seeking;policy-seeking;policy-seeking;policy-seeking;policy-seeking;policy-seeking;policy-seeking;policy-seeking;policy-seeking;policy-seeking;policy-seeking;policy-seeking
20220432;;;;;;;;;;;;;;;;;;;;;;;;;;;;;;;;;;;;;;;;;;;;;;;;;;;;;;;;;;;;;;;;;;;;;;;6;7;8;3;2;2;3;6;8;10;10;8;6;9;9;0;0;9;8;0;7;8;1;9;6;9;;6;10;4;9;0;;;;;;;;;;;;;;;;;;;;;;;;;;;;;;;;
20220433;;;;;;;;;;;;;;;;;;;;;;;;;;;;;;;;;;;;;;;;;;;;;;;;;;;;;;;;;;;;;;;;;;;;;;;7;9;9;2;1;2;3;5;9;9;9;5;4;9;10;0;0;10;10;0;10;10;0;10;5;9;9;3;10;3;10;5;;;;;;;;;;;;;;;;;;;;;;;;;;;;;;;;
20220434;;;;;;;;;;;;;;;;;;;;;;;;;;;;;;;;;;;;;;;;;;;;;;;;;;;;;;;;;;;;;;;;;;;;;;;;;;;;;;;;;;;;;;;;;;;;;;;;;;;;;;;;;;;;;;;;;;;;;;;;;;;;;;;;;;;;;;
20220435;;;;;;;;;;;;;;;;;;;;;;;;;;;;;;;;;;;;;;;;;;;;;;;;;;;;;;;;;;;;;;;;;;;;;;;5;8;6;4;3;3;4;6;6;6;6;;4;;;0;2;6;6;1;6;7;3;8;6;8;6;;7;;6;1;office-seeking;office-seeking;policy-seeking;policy-seeking;office-seeking;office-seeking;policy-seeking;office-seeking;vote-seeking;office-seeking;vote-seeking;office-seeking;vote-seeking;office-seeking;policy-seeking;policy-seeking;office-seeking;vote-seeking;policy-seeking;vote-seeking;vote-seeking;policy-seeking;vote-seeking;office-seeking;vote-seeking;vote-seeking;vote-seeking;vote-seeking;não sei;não sei;policy-seeking;não sei
20220436;;;;;;;;;;;;;;;;;;;;;;;;;;;;;;;;;;;;;;;;;;;;;;;;;;;;;;;;;;;;;;;;;;;;;;;9;10;7;9;4;4;3;10;8;4;6;4;2;5;9;3;3;5;8;3;8;9;2;9;9;10;9;8;10;3;4;2;office-seeking;não sei;;vote-seeking;policy-seeking;policy-seeking;policy-seeking;não sei;policy-seeking;não sei;não sei;policy-seeking;não sei;office-seeking;não sei;vote-seeking;não sei;office-seeking;vote-seeking;não sei;office-seeking;policy-seeking;office-seeking;office-seeking;office-seeking;não sei;não sei;office-seeking;policy-seeking;não sei;office-seeking;vote-seeking
20220437;;;;;;;;;;;;;;;;;;;;;;;;;;;;;;;;;;;;;;;;;;;;;;;;;;;;;;;;;;;;;;;;;;;;;;;6;8;6;;4;4;4;6;6;8;;;;;7;1;0;;6;6;;7;3;9;6;9;;;9;4;6;1;vote-seeking;office-seeking;vote-seeking;policy-seeking;policy-seeking;vote-seeking;vote-seeking;office-seeking;office-seeking;office-seeking;office-seeking;vote-seeking;office-seeking;office-seeking;policy-seeking;policy-seeking;office-seeking;office-seeking;não sei;office-seeking;office-seeking;policy-seeking;office-seeking;office-seeking;office-seeking;office-seeking;office-seeking;policy-seeking;policy-seeking;não sei;não sei;policy-seeking
20220438;;;;;;;;;;;;;;;;;;;;;;;;;;;;;;;;;;;;;;;;;;;;;;;;;;;;;;;;;;;;;;;;;;;;;;;6;10;10;4;3;4;4;6;;;;;;7;9;0;0;6;6;0;7;9;2;9;8;9;7;5;7;;;;office-seeking;office-seeking;policy-seeking;policy-seeking;policy-seeking;policy-seeking;vote-seeking;vote-seeking;vote-seeking;não sei;vote-seeking;policy-seeking;vote-seeking;office-seeking;não sei;não sei;vote-seeking;vote-seeking;não sei;vote-seeking;office-seeking;policy-seeking;office-seeking;vote-seeking;vote-seeking;vote-seeking;vote-seeking;policy-seeking;policy-seeking;policy-seeking;policy-seeking;não sei
20220439;;;;;;;;;;;;;;;;;;;;;;;;;;;;;;;;;;;;;;;;;;;;;;;;;;;;;;;;;;;;;;;;;;;;;;;5;9;3;3;1;0;3;7;7;7;5;7;3;3;7;0;0;4;6;2;6;9;3;9;5;9;6;6;;;8;2;vote-seeking;policy-seeking;policy-seeking;vote-seeking;policy-seeking;office-seeking;office-seeking;vote-seeking;policy-seeking;policy-seeking;vote-seeking;policy-seeking;office-seeking;office-seeking;policy-seeking;policy-seeking;não sei;policy-seeking;policy-seeking;office-seeking;vote-seeking;policy-seeking;vote-seeking;office-seeking;vote-seeking;não sei;vote-seeking;office-seeking;vote-seeking;não sei;vote-seeking;policy-seeking
20220440;;;;;;;;;;;;;;;;;;;;;;;;;;;;;;;;;;;;;;;;;;;;;;;;;;;;;;;;;;;;;;;;;;;;;;;5;7;3;;4;1;4;;6;8;3;5;4;4;6;0;0;3;7;1;5;;2;7;5;7;3;;10;4;;1;office-seeking;office-seeking;vote-seeking;policy-seeking;vote-seeking;office-seeking;office-seeking;não sei;office-seeking;não sei;office-seeking;office-seeking;office-seeking;office-seeking;vote-seeking;vote-seeking;não sei;office-seeking;vote-seeking;office-seeking;office-seeking;vote-seeking;office-seeking;policy-seeking;office-seeking;não sei;office-seeking;office-seeking;office-seeking;não sei;policy-seeking;vote-seeking
20220441;;;;;;;;;;;;;;;;;;;;;;;;;;;;;;;;;;;;;;;;;;;;;;;;;;;;;;;;;;;;;;;;;;;;;;;6;6;9;6;4;3;4;7;7;9;;7;;;8;1;1;8;8;1;8;8;3;7;7;8;7;5;9;;7;1;office-seeking;office-seeking;policy-seeking;policy-seeking;policy-seeking;policy-seeking;office-seeking;não sei;office-seeking;não sei;office-seeking;vote-seeking;office-seeking;office-seeking;policy-seeking;policy-seeking;office-seeking;office-seeking;policy-seeking;office-seeking;vote-seeking;policy-seeking;office-seeking;office-seeking;office-seeking;não sei;office-seeking;policy-seeking;policy-seeking;office-seeking;vote-seeking;policy-seeking
20220442;;;;;;;;;;;;;;;;;;;;;;;;;;;;;;;;;;;;;;;;;;;;;;;;;;;;;;;;;;;;;;;;;;;;;;;6;8;6;4;3;3;5;6;;6;;6;5;6;6;2;3;6;6;2;6;8;3;7;6;8;7;6;8;4;6;;office-seeking;office-seeking;vote-seeking;policy-seeking;policy-seeking;vote-seeking;vote-seeking;não sei;não sei;não sei;vote-seeking;policy-seeking;não sei;office-seeking;policy-seeking;policy-seeking;não sei;não sei;policy-seeking;vote-seeking;office-seeking;policy-seeking;office-seeking;office-seeking;não sei;não sei;policy-seeking;vote-seeking;não sei;não sei;vote-seeking;não sei
20220443;;;;;;;;;;;;;;;;;;;;;;;;;;;;;;;;;;;;;;;;;;;;;;;;;;;;;;;;;;;;;;;;;;;;;;;0;;0;0;0;0;0;0;0;;;;0;0;0;0;0;0;3;0;3;;0;4;3;5;5;3;4;4;0;0;vote-seeking;vote-seeking;vote-seeking;vote-seeking;vote-seeking;vote-seeking;vote-seeking;vote-seeking;office-seeking;não sei;não sei;vote-seeking;vote-seeking;não sei;vote-seeking;vote-seeking;não sei;não sei;vote-seeking;não sei;não sei;vote-seeking;policy-seeking;vote-seeking;policy-seeking;não sei;vote-seeking;não sei;não sei;vote-seeking;vote-seeking;não sei
20220444;;;;;;;;;;;;;;;;;;;;;;;;;;;;;;;;;;;;;;;;;;;;;;;;;;;;;;;;;;;;;;;;;;;;;;;7;10;10;5;2;2;4;7;7;9;7;5;4;6;9;0;0;7;9;0;7;7;1;9;7;9;7;7;6;3;8;0;;;;;;;;;;;;;;;;;;;;;;;;;;;;;;;;
20220445;;;;;;;;;;;;;;;;;;;;;;;;;;;;;;;;;;;;;;;;;;;;;;;;;;;;;;;;;;;;;;;;;;;;;;;6;7;7;4;3;1;4;6;7;9;7;6;;7;8;0;0;7;7;0;6;8;3;10;7;9;7;6;10;;7;0;office-seeking;office-seeking;policy-seeking;policy-seeking;policy-seeking;policy-seeking;policy-seeking;office-seeking;policy-seeking;office-seeking;policy-seeking;policy-seeking;office-seeking;office-seeking;policy-seeking;policy-seeking;office-seeking;office-seeking;policy-seeking;office-seeking;office-seeking;vote-seeking;office-seeking;office-seeking;office-seeking;office-seeking;office-seeking;policy-seeking;policy-seeking;vote-seeking;vote-seeking;policy-seeking
20220446;;;;;;;;;;;;;;;;;;;;;;;;;;;;;;;;;;;;;;;;;;;;;;;;;;;;;;;;;;;;;;;;;;;;;;;;;;;;;;;;;;;;;;;;;;;;;;;;;;;;;;;;;;;;;;;;;;;;;;;;;;;;;;;;;;;;;;
20220447;;;;;;;;;;;;;;;;;;;;;;;;;;;;;;;;;;;;;;;;;;;;;;;;;;;;;;;;;;;;;;;;;;;;;;;7;10;9;3;2;0;4;7;8;9;8;6;4;10;8;0;0;8;9;0;7;8;2;9;7;10;8;3;10;3;9;0;office-seeking;office-seeking;vote-seeking;policy-seeking;policy-seeking;vote-seeking;office-seeking;não sei;office-seeking;office-seeking;não sei;policy-seeking;office-seeking;vote-seeking;policy-seeking;policy-seeking;não sei;office-seeking;não sei;vote-seeking;vote-seeking;policy-seeking;office-seeking;vote-seeking;policy-seeking;não sei;policy-seeking;office-seeking;policy-seeking;office-seeking;office-seeking;policy-seeking
20220448;;;;;;;;;;;;;;;;;;;;;;;;;;;;;;;;;;;;;;;;;;;;;;;;;;;;;;;;;;;;;;;;;;;;;;;1;2;8;1;0;0;0;0;1;6;;2;0;1;8;0;0;8;;0;1;8;0;9;;;;1;;0;0;0;não sei;não sei;não sei;não sei;não sei;não sei;não sei;não sei;não sei;não sei;não sei;não sei;não sei;não sei;não sei;não sei;não sei;não sei;não sei;não sei;não sei;não sei;não sei;não sei;não sei;não sei;não sei;não sei;não sei;não sei;não sei;não sei
20220449;;;;;;;;;;;;;;;;;;;;;;;;;;;;;;;;;;;;;;;;;;;;;;;;;;;;;;;;;;;;;;;;;;;;;;;6;8;10;3;3;2;4;5;10;9;8;5;4;4;6;0;1;10;10;0;7;9;1;8;7;8;4;6;9;3;10;0;;;;;;;;;;;;;;;;;;;;;;;;;;;;;;;;
20220450;;;;;;;;;;;;;;;;;;;;;;;;;;;;;;;;;;;;;;;;;;;;;;;;;;;;;;;;;;;;;;;;;;;;;;;7;7;7;6;3;3;3;7;8;8;8;7;7;4;8;0;1;4;7;0;9;9;1;9;;9;8;8;10;;8;1;;;;;;;;;;;;;;;;;;;;;;;;;;;;;;;;
20220451;;;;;;;;;;;;;;;;;;;;;;;;;;;;;;;;;;;;;;;;;;;;;;;;;;;;;;;;;;;;;;;;;;;;;;;5;7;10;3;4;2;4;7;;8;6;6;4;4;6;0;0;10;6;0;6;7;3;9;6;8;4;4;7;4;;0;vote-seeking;office-seeking;policy-seeking;policy-seeking;policy-seeking;office-seeking;vote-seeking;não sei;office-seeking;não sei;policy-seeking;policy-seeking;office-seeking;vote-seeking;policy-seeking;policy-seeking;office-seeking;não sei;policy-seeking;office-seeking;office-seeking;policy-seeking;vote-seeking;vote-seeking;office-seeking;vote-seeking;vote-seeking;policy-seeking;policy-seeking;não sei;vote-seeking;policy-seeking
20220452;;;;;;;;;;;;;;;;;;;;;;;;;;;;;;;;;;;;;;;;;;;;;;;;;;;;;;;;;;;;;;;;;;;;;;;5;10;9;4;3;2;4;7;8;8;7;;;6;9;0;0;6;9;0;6;6;1;10;6;8;8;6;9;4;8;0;office-seeking;office-seeking;policy-seeking;policy-seeking;policy-seeking;policy-seeking;policy-seeking;não sei;vote-seeking;vote-seeking;policy-seeking;policy-seeking;não sei;office-seeking;policy-seeking;policy-seeking;não sei;office-seeking;policy-seeking;não sei;não sei;policy-seeking;office-seeking;vote-seeking;não sei;não sei;não sei;policy-seeking;policy-seeking;não sei;policy-seeking;policy-seeking
20220453;;;;;;;;;;;;;;;;;;;;;;;;;;;;;;;;;;;;;;;;;;;;;;;;;;;;;;;;;;;;;;;;;;;;;;;6;9;8;3;3;1;4;7;8;8;8;6;3;6;6;0;1;6;8;0;7;7;2;6;6;7;7;7;7;7;7;7;;;;;;;;;;;;;;;;;;;;;;;;;;;;;;;;
20220454;;;;;;;;;;;;;;;;;;;;;;;;;;;;;;;;;;;;;;;;;;;;;;;;;;;;;;;;;;;;;;;;;;;;;;;6;8;8;3;2;2;3;6;;9;9;4;4;;8;0;0;;9;0;7;9;1;9;6;10;;6;9;4;;2;office-seeking;office-seeking;policy-seeking;vote-seeking;policy-seeking;office-seeking;office-seeking;não sei;policy-seeking;policy-seeking;policy-seeking;policy-seeking;não sei;office-seeking;policy-seeking;policy-seeking;não sei;policy-seeking;policy-seeking;policy-seeking;office-seeking;policy-seeking;office-seeking;office-seeking;policy-seeking;não sei;office-seeking;policy-seeking;policy-seeking;não sei;office-seeking;policy-seeking
20220455;;;;;;;;;;;;;;;;;;;;;;;;;;;;;;;;;;;;;;;;;;;;;;;;;;;;;;;;;;;;;;;;;;;;;;;8;10;10;3;4;3;4;;8;8;7;6;;8;10;3;1;5;8;10;8;8;3;10;8;10;10;5;10;;;1;office-seeking;office-seeking;policy-seeking;vote-seeking;policy-seeking;policy-seeking;office-seeking;office-seeking;office-seeking;office-seeking;office-seeking;policy-seeking;office-seeking;office-seeking;policy-seeking;policy-seeking;office-seeking;office-seeking;office-seeking;office-seeking;office-seeking;office-seeking;office-seeking;office-seeking;office-seeking;office-seeking;office-seeking;office-seeking;policy-seeking;não sei;office-seeking;policy-seeking
20220456;;;;;;;;;;;;;;;;;;;;;;;;;;;;;;;;;;;;;;;;;;;;;;;;;;;;;;;;;;;;;;;;;;;;;;;7;10;;3;3;2;6;;7;7;7;;;;9;0;1;;7;0;6;6;2;7;;7;8;8;9;3;10;4;;;;;;;;;;;;;;;;;;;;;;;;;;;;;;;;
20220457;;;;;;;;;;;;;;;;;;;;;;;;;;;;;;;;;;;;;;;;;;;;;;;;;;;;;;;;;;;;;;;;;;;;;;;9;10;8;6;3;2;;8;10;10;8;8;7;7;10;0;0;7;10;0;8;9;1;10;8;10;9;7;10;3;6;0;;;;;;;;;;;;;;;;;;;;;;;;;;;;;;;;
20220458;;;;;;;;;;;;;;;;;;;;;;;;;;;;;;;;;;;;;;;;;;;;;;;;;;;;;;;;;;;;;;;;;;;;;;;7;10;8;6;3;2;4;8;9;10;8;8;6;9;9;0;0;7;10;0;8;10;1;10;9;9;9;9;10;2;10;0;;;;;;;;;;;;;;;;;;;;;;;;;;;;;;;;
20220459;;;;;;;;;;;;;;;;;;;;;;;;;;;;;;;;;;;;;;;;;;;;;;;;;;;;;;;;;;;;;;;;;;;;;;;7;8;3;4;4;2;;6;;9;;4;2;10;7;1;2;6;8;0;6;7;1;10;;10;7;4;9;3;8;0;office-seeking;não sei;office-seeking;vote-seeking;office-seeking;não sei;vote-seeking;não sei;não sei;não sei;não sei;não sei;não sei;não sei;office-seeking;office-seeking;não sei;não sei;policy-seeking;não sei;não sei;policy-seeking;não sei;não sei;não sei;não sei;não sei;policy-seeking;não sei;não sei;office-seeking;policy-seeking
20220460;;;;;;;;;;;;;;;;;;;;;;;;;;;;;;;;;;;;;;;;;;;;;;;;;;;;;;;;;;;;;;;;;;;;;;;6;8;10;4;3;3;5;6;;9;8;0;;;8;0;0;8;9;0;6;9;2;9;6;9;;5;8;;;1;office-seeking;office-seeking;vote-seeking;policy-seeking;não sei;vote-seeking;vote-seeking;não sei;vote-seeking;não sei;vote-seeking;não sei;não sei;office-seeking;não sei;não sei;não sei;vote-seeking;não sei;vote-seeking;vote-seeking;policy-seeking;office-seeking;office-seeking;não sei;não sei;não sei;vote-seeking;policy-seeking;não sei;vote-seeking;não sei
20220461;;;;;;;;;;;;;;;;;;;;;;;;;;;;;;;;;;;;;;;;;;;;;;;;;;;;;;;;;;;;;;;;;;;;;;;6;10;2;2;2;0;2;6;4;7;2;6;3;4;6;1;0;4;7;0;6;6;2;6;6;6;4;4;6;4;4;3;office-seeking;policy-seeking;policy-seeking;vote-seeking;policy-seeking;office-seeking;vote-seeking;office-seeking;office-seeking;office-seeking;policy-seeking;vote-seeking;office-seeking;policy-seeking;policy-seeking;policy-seeking;office-seeking;office-seeking;policy-seeking;office-seeking;office-seeking;policy-seeking;office-seeking;office-seeking;office-seeking;office-seeking;office-seeking;policy-seeking;office-seeking;policy-seeking;policy-seeking;office-seeking
20220462;;;;;;;;;;;;;;;;;;;;;;;;;;;;;;;;;;;;;;;;;;;;;;;;;;;;;;;;;;;;;;;;;;;;;;;6;7;7;4;4;2;4;6;7;8;6;6;4;6;6;0;1;8;7;0;7;7;2;7;6;8;5;4;8;4;6;1;office-seeking;office-seeking;office-seeking;policy-seeking;policy-seeking;office-seeking;office-seeking;office-seeking;office-seeking;office-seeking;office-seeking;policy-seeking;office-seeking;office-seeking;policy-seeking;policy-seeking;office-seeking;office-seeking;policy-seeking;office-seeking;office-seeking;policy-seeking;office-seeking;office-seeking;office-seeking;office-seeking;office-seeking;policy-seeking;policy-seeking;não sei;office-seeking;policy-seeking
20220463;;;;;;;;;;;;;;;;;;;;;;;;;;;;;;;;;;;;;;;;;;;;;;;;;;;;;;;;;;;;;;;;;;;;;;;8;9;9;4;3;3;4;8;9;9;8;8;6;8;9;0;1;10;9;1;8;9;2;9;8;9;7;7;9;4;8;1;office-seeking;office-seeking;vote-seeking;vote-seeking;policy-seeking;vote-seeking;vote-seeking;office-seeking;office-seeking;office-seeking;office-seeking;office-seeking;office-seeking;office-seeking;policy-seeking;policy-seeking;office-seeking;vote-seeking;policy-seeking;vote-seeking;vote-seeking;policy-seeking;vote-seeking;office-seeking;vote-seeking;office-seeking;office-seeking;policy-seeking;policy-seeking;office-seeking;vote-seeking;policy-seeking
20220464;;;;;;;;;;;;;;;;;;;;;;;;;;;;;;;;;;;;;;;;;;;;;;;;;;;;;;;;;;;;;;;;;;;;;;;8;10;3;3;2;0;4;7;10;10;;6;4;;8;0;0;6;10;0;8;9;1;9;8;9;7;7;10;3;7;;office-seeking;office-seeking;policy-seeking;vote-seeking;policy-seeking;office-seeking;office-seeking;office-seeking;office-seeking;office-seeking;office-seeking;policy-seeking;office-seeking;office-seeking;policy-seeking;policy-seeking;office-seeking;office-seeking;policy-seeking;office-seeking;office-seeking;policy-seeking;office-seeking;office-seeking;office-seeking;office-seeking;office-seeking;policy-seeking;policy-seeking;office-seeking;office-seeking;não sei
20220465;;;;;;;;;;;;;;;;;;;;;;;;;;;;;;;;;;;;;;;;;;;;;;;;;;;;;;;;;;;;;;;;;;;;;;;6;9;10;4;2;1;3;7;6;8;6;6;6;6;9;0;1;6;6;0;8;10;1;9;5;9;8;6;9;3;8;0;vote-seeking;office-seeking;vote-seeking;policy-seeking;policy-seeking;vote-seeking;vote-seeking;office-seeking;office-seeking;office-seeking;vote-seeking;vote-seeking;office-seeking;policy-seeking;policy-seeking;policy-seeking;office-seeking;office-seeking;policy-seeking;office-seeking;policy-seeking;policy-seeking;office-seeking;vote-seeking;policy-seeking;office-seeking;office-seeking;policy-seeking;policy-seeking;office-seeking;vote-seeking;policy-seeking
20220466;;;;;;;;;;;;;;;;;;;;;;;;;;;;;;;;;;;;;;;;;;;;;;;;;;;;;;;;;;;;;;;;;;;;;;;9;10;10;;2;2;6;7;10;10;10;10;4;10;10;0;0;10;10;0;10;10;0;10;10;10;10;10;10;6;10;5;vote-seeking;office-seeking;office-seeking;policy-seeking;policy-seeking;office-seeking;office-seeking;office-seeking;office-seeking;office-seeking;office-seeking;vote-seeking;office-seeking;vote-seeking;policy-seeking;policy-seeking;office-seeking;office-seeking;vote-seeking;office-seeking;office-seeking;policy-seeking;office-seeking;office-seeking;office-seeking;office-seeking;office-seeking;office-seeking;vote-seeking;office-seeking;vote-seeking;office-seeking
20220467;;;;;;;;;;;;;;;;;;;;;;;;;;;;;;;;;;;;;;;;;;;;;;;;;;;;;;;;;;;;;;;;;;;;;;;6;7;4;4;4;2;4;7;;8;;7;;6;7;1;2;;7;0;7;7;2;7;7;8;8;7;8;3;;1;;;;;;;;;;;;;;;;;;;;;;;;;;;;;;;;
20220468;;;;;;;;;;;;;;;;;;;;;;;;;;;;;;;;;;;;;;;;;;;;;;;;;;;;;;;;;;;;;;;;;;;;;;;7;9;10;4;2;1;3;6;9;8;8;6;4;6;10;0;0;9;8;0;7;9;1;10;6;8;8;8;8;3;8;0;office-seeking;vote-seeking;policy-seeking;policy-seeking;policy-seeking;policy-seeking;policy-seeking;vote-seeking;vote-seeking;vote-seeking;vote-seeking;policy-seeking;vote-seeking;office-seeking;policy-seeking;policy-seeking;vote-seeking;vote-seeking;vote-seeking;office-seeking;office-seeking;policy-seeking;office-seeking;office-seeking;office-seeking;não sei;office-seeking;vote-seeking;policy-seeking;não sei;policy-seeking;policy-seeking
20220469;;;;;;;;;;;;;;;;;;;;;;;;;;;;;;;;;;;;;;;;;;;;;;;;;;;;;;;;;;;;;;;;;;;;;;;4;6;6;4;3;0;4;4;4;6;4;4;4;6;6;2;0;6;4;2;4;6;2;6;;6;4;4;4;4;4;4;vote-seeking;policy-seeking;office-seeking;policy-seeking;policy-seeking;office-seeking;vote-seeking;office-seeking;office-seeking;office-seeking;office-seeking;office-seeking;office-seeking;policy-seeking;policy-seeking;policy-seeking;policy-seeking;office-seeking;vote-seeking;office-seeking;office-seeking;policy-seeking;policy-seeking;vote-seeking;vote-seeking;vote-seeking;office-seeking;office-seeking;office-seeking;office-seeking;vote-seeking;office-seeking
20220470;;;;;;;;;;;;;;;;;;;;;;;;;;;;;;;;;;;;;;;;;;;;;;;;;;;;;;;;;;;;;;;;;;;;;;;10;10;10;3;2;2;4;10;10;10;6;8;7;9;10;0;0;10;10;0;10;10;1;10;10;10;10;7;10;4;10;0;office-seeking;vote-seeking;vote-seeking;vote-seeking;office-seeking;office-seeking;vote-seeking;office-seeking;vote-seeking;office-seeking;office-seeking;office-seeking;office-seeking;office-seeking;policy-seeking;policy-seeking;office-seeking;office-seeking;policy-seeking;office-seeking;vote-seeking;policy-seeking;office-seeking;vote-seeking;office-seeking;office-seeking;office-seeking;policy-seeking;policy-seeking;office-seeking;office-seeking;policy-seeking
20220471;;;;;;;;;;;;;;;;;;;;;;;;;;;;;;;;;;;;;;;;;;;;;;;;;;;;;;;;;;;;;;;;;;;;;;;5;8;9;4;3;3;4;6;;7;;;6;;9;1;2;;;1;9;9;2;;;9;;;9;3;;;office-seeking;não sei;policy-seeking;policy-seeking;policy-seeking;policy-seeking;policy-seeking;não sei;não sei;não sei;não sei;não sei;não sei;não sei;policy-seeking;policy-seeking;não sei;não sei;policy-seeking;não sei;não sei;policy-seeking;não sei;não sei;não sei;não sei;não sei;policy-seeking;policy-seeking;não sei;policy-seeking;não sei
20220472;;;;;;;;;;;;;;;;;;;;;;;;;;;;;;;;;;;;;;;;;;;;;;;;;;;;;;;;;;;;;;;;;;;;;;;10;10;8;10;0;0;1;10;3;9;8;8;2;10;;0;0;7;10;0;;10;0;10;9;10;8;;10;;;;;;;;;;;;;;;;;;;;;;;;;;;;;;;;;;;
20220473;;;;;;;;;;;;;;;;;;;;;;;;;;;;;;;;;;;;;;;;;;;;;;;;;;;;;;;;;;;;;;;;;;;;;;;6;7;7;4;3;3;4;;7;8;4;;4;5;8;2;1;10;6;0;6;9;3;9;6;9;6;4;7;4;7;1;vote-seeking;office-seeking;policy-seeking;policy-seeking;policy-seeking;policy-seeking;vote-seeking;office-seeking;policy-seeking;office-seeking;office-seeking;policy-seeking;office-seeking;office-seeking;policy-seeking;policy-seeking;vote-seeking;não sei;policy-seeking;vote-seeking;policy-seeking;policy-seeking;vote-seeking;vote-seeking;policy-seeking;office-seeking;vote-seeking;policy-seeking;policy-seeking;office-seeking;vote-seeking;policy-seeking
20220474;;;;;;;;;;;;;;;;;;;;;;;;;;;;;;;;;;;;;;;;;;;;;;;;;;;;;;;;;;;;;;;;;;;;;;;7;9;8;;3;3;;7;7;8;6;6;;;9;0;0;8;8;0;7;7;2;10;8;8;;6;9;4;6;1;vote-seeking;vote-seeking;policy-seeking;policy-seeking;policy-seeking;vote-seeking;policy-seeking;vote-seeking;vote-seeking;vote-seeking;policy-seeking;policy-seeking;vote-seeking;vote-seeking;policy-seeking;policy-seeking;office-seeking;office-seeking;policy-seeking;vote-seeking;vote-seeking;policy-seeking;vote-seeking;vote-seeking;office-seeking;office-seeking;vote-seeking;policy-seeking;policy-seeking;office-seeking;vote-seeking;policy-seeking
20220475;;;;;;;;;;;;;;;;;;;;;;;;;;;;;;;;;;;;;;;;;;;;;;;;;;;;;;;;;;;;;;;;;;;;;;;6;8;9;5;5;2;4;6;8;8;7;7;4;5;8;1;1;9;9;0;7;8;2;8;6;8;7;5;8;3;8;1;office-seeking;não sei;não sei;policy-seeking;não sei;não sei;não sei;não sei;não sei;não sei;não sei;não sei;não sei;não sei;policy-seeking;policy-seeking;não sei;não sei;não sei;não sei;não sei;não sei;não sei;office-seeking;não sei;não sei;não sei;não sei;não sei;não sei;não sei;não sei
20220476;;;;;;;;;;;;;;;;;;;;;;;;;;;;;;;;;;;;;;;;;;;;;;;;;;;;;;;;;;;;;;;;;;;;;;;5;10;10;4;4;0;0;7;7;10;4;6;4;5;7;0;0;10;10;0;7;9;0;8;8;10;7;4;8;3;7;1;vote-seeking;não sei;policy-seeking;policy-seeking;policy-seeking;policy-seeking;não sei;não sei;vote-seeking;não sei;não sei;policy-seeking;não sei;não sei;policy-seeking;policy-seeking;não sei;não sei;policy-seeking;não sei;não sei;policy-seeking;não sei;não sei;policy-seeking;não sei;não sei;office-seeking;policy-seeking;não sei;policy-seeking;não sei
20220477;;;;;;;;;;;;;;;;;;;;;;;;;;;;;;;;;;;;;;;;;;;;;;;;;;;;;;;;;;;;;;;;;;;;;;;7;9;8;4;3;3;4;7;6;7;4;5;4;6;7;0;0;;6;0;7;10;2;7;7;10;5;5;10;4;7;0;vote-seeking;vote-seeking;policy-seeking;policy-seeking;não sei;vote-seeking;policy-seeking;office-seeking;office-seeking;não sei;vote-seeking;vote-seeking;office-seeking;office-seeking;policy-seeking;policy-seeking;office-seeking;não sei;não sei;vote-seeking;não sei;policy-seeking;office-seeking;vote-seeking;não sei;office-seeking;vote-seeking;policy-seeking;policy-seeking;não sei;policy-seeking;não sei
20220478;;;;;;;;;;;;;;;;;;;;;;;;;;;;;;;;;;;;;;;;;;;;;;;;;;;;;;;;;;;;;;;;;;;;;;;6;9;8;4;2;1;4;7;6;10;5;6;4;5;9;0;0;10;6;0;7;10;1;10;7;10;8;7;9;4;5;0;vote-seeking;office-seeking;policy-seeking;policy-seeking;policy-seeking;policy-seeking;policy-seeking;não sei;policy-seeking;não sei;vote-seeking;office-seeking;não sei;vote-seeking;policy-seeking;policy-seeking;office-seeking;não sei;policy-seeking;office-seeking;office-seeking;policy-seeking;office-seeking;vote-seeking;não sei;não sei;office-seeking;policy-seeking;vote-seeking;não sei;vote-seeking;policy-seeking
20220479;;;;;;;;;;;;;;;;;;;;;;;;;;;;;;;;;;;;;;;;;;;;;;;;;;;;;;;;;;;;;;;;;;;;;;;;;;;;;;;;;;;;;;;;;;;;;;;;;;;;;;;;;;;;;;;;;;;;;;;;;;;;;;;;;;;;;;
20220480;;;;;;;;;;;;;;;;;;;;;;;;;;;;;;;;;;;;;;;;;;;;;;;;;;;;;;;;;;;;;;;;;;;;;;;6;9;9;4;3;2;4;7;8;8;8;8;;8;8;0;0;9;8;0;7;7;3;9;6;7;8;7;7;4;7;0;office-seeking;office-seeking;policy-seeking;policy-seeking;não sei;vote-seeking;office-seeking;não sei;office-seeking;não sei;office-seeking;office-seeking;não sei;office-seeking;não sei;não sei;não sei;office-seeking;não sei;office-seeking;office-seeking;policy-seeking;office-seeking;vote-seeking;não sei;office-seeking;office-seeking;vote-seeking;office-seeking;não sei;office-seeking;não sei
20220481;;;;;;;;;;;;;;;;;;;;;;;;;;;;;;;;;;;;;;;;;;;;;;;;;;;;;;;;;;;;;;;;;;;;;;;;7;9;4;4;2;4;;7;8;7;4;3;6;7;0;0;8;8;0;6;7;1;7;6;9;7;;6;3;6;0;office-seeking;vote-seeking;policy-seeking;policy-seeking;policy-seeking;policy-seeking;policy-seeking;vote-seeking;vote-seeking;vote-seeking;policy-seeking;policy-seeking;vote-seeking;office-seeking;policy-seeking;policy-seeking;vote-seeking;vote-seeking;policy-seeking;vote-seeking;vote-seeking;policy-seeking;vote-seeking;vote-seeking;vote-seeking;vote-seeking;policy-seeking;policy-seeking;policy-seeking;vote-seeking;office-seeking;policy-seeking
20220482;;;;;;;;;;;;;;;;;;;;;;;;;;;;;;;;;;;;;;;;;;;;;;;;;;;;;;;;;;;;;;;;;;;;;;;7;9;6;4;2;2;3;6;;8;;4;4;;8;0;2;;7;0;;9;1;10;9;;5;4;9;3;7;0;office-seeking;office-seeking;vote-seeking;policy-seeking;policy-seeking;policy-seeking;policy-seeking;office-seeking;office-seeking;office-seeking;vote-seeking;vote-seeking;office-seeking;office-seeking;policy-seeking;policy-seeking;office-seeking;office-seeking;policy-seeking;office-seeking;policy-seeking;policy-seeking;policy-seeking;vote-seeking;office-seeking;office-seeking;vote-seeking;policy-seeking;policy-seeking;vote-seeking;policy-seeking;policy-seeking
20220483;;;;;;;;;;;;;;;;;;;;;;;;;;;;;;;;;;;;;;;;;;;;;;;;;;;;;;;;;;;;;;;;;;;;;;;6;8;10;3;2;0;4;;9;10;6;4;2;4;9;0;0;10;10;0;8;10;2;10;7;9;7;6;10;1;10;0;vote-seeking;office-seeking;policy-seeking;policy-seeking;policy-seeking;policy-seeking;vote-seeking;office-seeking;office-seeking;não sei;policy-seeking;policy-seeking;não sei;office-seeking;policy-seeking;policy-seeking;office-seeking;não sei;policy-seeking;policy-seeking;office-seeking;policy-seeking;vote-seeking;policy-seeking;vote-seeking;não sei;não sei;policy-seeking;policy-seeking;office-seeking;vote-seeking;policy-seeking
20220484;;;;;;;;;;;;;;;;;;;;;;;;;;;;;;;;;;;;;;;;;;;;;;;;;;;;;;;;;;;;;;;;;;;;;;;8;10;10;3;0;0;3;8;10;10;10;8;0;10;10;0;0;10;10;0;10;10;0;10;8;10;10;8;10;2;10;0;office-seeking;office-seeking;vote-seeking;vote-seeking;policy-seeking;vote-seeking;vote-seeking;office-seeking;office-seeking;office-seeking;office-seeking;;office-seeking;office-seeking;policy-seeking;policy-seeking;office-seeking;office-seeking;policy-seeking;office-seeking;office-seeking;policy-seeking;office-seeking;office-seeking;office-seeking;office-seeking;office-seeking;policy-seeking;;office-seeking;office-seeking;policy-seeking
20220485;;;;;;;;;;;;;;;;;;;;;;;;;;;;;;;;;;;;;;;;;;;;;;;;;;;;;;;;;;;;;;;;;;;;;;;6;7;10;4;3;1;3;6;6;10;8;5;5;6;8;0;0;8;9;0;7;8;1;8;6;8;6;5;6;4;8;0;office-seeking;vote-seeking;policy-seeking;policy-seeking;policy-seeking;policy-seeking;vote-seeking;vote-seeking;vote-seeking;vote-seeking;policy-seeking;policy-seeking;office-seeking;office-seeking;policy-seeking;policy-seeking;vote-seeking;vote-seeking;policy-seeking;office-seeking;office-seeking;policy-seeking;office-seeking;office-seeking;vote-seeking;vote-seeking;office-seeking;policy-seeking;policy-seeking;vote-seeking;vote-seeking;policy-seeking
20220486;;;;;;;;;;;;;;;;;;;;;;;;;;;;;;;;;;;;;;;;;;;;;;;;;;;;;;;;;;;;;;;;;;;;;;;7;8;8;4;3;3;3;6;7;8;6;4;4;6;6;0;0;8;9;0;7;9;2;8;6;8;6;6;8;4;6;0;office-seeking;office-seeking;vote-seeking;vote-seeking;vote-seeking;office-seeking;policy-seeking;policy-seeking;policy-seeking;policy-seeking;office-seeking;vote-seeking;policy-seeking;policy-seeking;policy-seeking;policy-seeking;office-seeking;office-seeking;policy-seeking;policy-seeking;office-seeking;vote-seeking;office-seeking;office-seeking;office-seeking;office-seeking;office-seeking;policy-seeking;vote-seeking;policy-seeking;office-seeking;policy-seeking
20220487;;;;;;;;;;;;;;;;;;;;;;;;;;;;;;;;;;;;;;;;;;;;;;;;;;;;;;;;;;;;;;;;;;;;;;;5;6;6;2;2;0;2;;7;8;;6;;4;7;3;0;3;9;1;7;7;2;8;4;7;;6;8;3;;;;;;;;;;;;;;;;;;;;;;;;;;;;;;;;;;
20220488;;;;;;;;;;;;;;;;;;;;;;;;;;;;;;;;;;;;;;;;;;;;;;;;;;;;;;;;;;;;;;;;;;;;;;;6;8;10;4;3;2;4;6;7;7;7;;4;6;8;1;0;8;8;0;7;9;1;10;6;8;6;;9;4;8;0;office-seeking;office-seeking;vote-seeking;policy-seeking;office-seeking;policy-seeking;policy-seeking;office-seeking;office-seeking;office-seeking;vote-seeking;policy-seeking;office-seeking;office-seeking;policy-seeking;policy-seeking;office-seeking;office-seeking;policy-seeking;office-seeking;policy-seeking;policy-seeking;policy-seeking;office-seeking;office-seeking;office-seeking;office-seeking;policy-seeking;policy-seeking;office-seeking;office-seeking;policy-seeking
20220489;;;;;;;;;;;;;;;;;;;;;;;;;;;;;;;;;;;;;;;;;;;;;;;;;;;;;;;;;;;;;;;;;;;;;;;;8;9;3;3;2;4;6;8;8;10;4;4;9;9;0;0;8;10;0;9;9;2;9;9;10;9;5;9;4;9;0;;;;;;;;;;;;;;;;;;;;;;;;;;;;;;;;
20220490;;;;;;;;;;;;;;;;;;;;;;;;;;;;;;;;;;;;;;;;;;;;;;;;;;;;;;;;;;;;;;;;;;;;;;;8;10;10;6;4;1;;8;;10;10;6;;;10;2;1;;10;0;7;7;1;8;6;10;10;6;9;6;;0;office-seeking;não sei;vote-seeking;policy-seeking;não sei;não sei;não sei;não sei;não sei;não sei;não sei;não sei;não sei;não sei;não sei;não sei;não sei;não sei;não sei;não sei;vote-seeking;não sei;não sei;não sei;vote-seeking;não sei;não sei;vote-seeking;não sei;não sei;não sei;não sei
20220491;;;;;;;;;;;;;;;;;;;;;;;;;;;;;;;;;;;;;;;;;;;;;;;;;;;;;;;;;;;;;;;;;;;;;;;10;10;10;4;3;0;4;10;10;10;10;10;10;10;10;0;0;10;10;0;10;10;1;10;10;10;10;6;9;4;10;0;office-seeking;office-seeking;vote-seeking;vote-seeking;policy-seeking;office-seeking;office-seeking;não sei;;;;não sei;não sei;office-seeking;policy-seeking;policy-seeking;não sei;office-seeking;policy-seeking;vote-seeking;vote-seeking;policy-seeking;vote-seeking;vote-seeking;vote-seeking;vote-seeking;vote-seeking;policy-seeking;vote-seeking;vote-seeking;office-seeking;não sei
20220492;;;;;;;;;;;;;;;;;;;;;;;;;;;;;;;;;;;;;;;;;;;;;;;;;;;;;;;;;;;;;;;;;;;;;;;6;9;5;3;2;1;4;6;;8;;7;3;8;5;2;1;4;5;1;5;7;2;5;6;7;;6;9;4;5;4;office-seeking;não sei;policy-seeking;policy-seeking;policy-seeking;office-seeking;office-seeking;não sei;vote-seeking;vote-seeking;vote-seeking;policy-seeking;vote-seeking;vote-seeking;policy-seeking;policy-seeking;não sei;vote-seeking;não sei;vote-seeking;vote-seeking;policy-seeking;vote-seeking;office-seeking;vote-seeking;não sei;vote-seeking;policy-seeking;policy-seeking;não sei;vote-seeking;não sei
20220493;;;;;;;;;;;;;;;;;;;;;;;;;;;;;;;;;;;;;;;;;;;;;;;;;;;;;;;;;;;;;;;;;;;;;;;6;7;10;2;3;2;4;7;8;8;7;5;4;7;9;0;0;8;8;0;8;10;1;10;6;10;9;;9;4;7;5;office-seeking;policy-seeking;vote-seeking;vote-seeking;policy-seeking;vote-seeking;vote-seeking;não sei;não sei;não sei;policy-seeking;policy-seeking;office-seeking;office-seeking;policy-seeking;policy-seeking;office-seeking;não sei;não sei;vote-seeking;office-seeking;vote-seeking;office-seeking;office-seeking;não sei;office-seeking;office-seeking;policy-seeking;vote-seeking;office-seeking;office-seeking;não sei
20220494;;;;;;;;;;;;;;;;;;;;;;;;;;;;;;;;;;;;;;;;;;;;;;;;;;;;;;;;;;;;;;;;;;;;;;;7;7;10;4;3;2;4;6;;10;2;4;4;4;7;0;0;5;9;0;7;8;2;8;7;8;8;4;10;3;10;3;;;;;;;;;;;;;;;;;;;;;;;;;;;;;;;;
20220495;;;;;;;;;;;;;;;;;;;;;;;;;;;;;;;;;;;;;;;;;;;;;;;;;;;;;;;;;;;;;;;;;;;;;;;7;8;4;6;4;3;4;6;9;9;;6;;7;8;1;1;3;8;1;8;9;4;7;7;9;;8;9;4;4;6;office-seeking;vote-seeking;vote-seeking;policy-seeking;policy-seeking;policy-seeking;office-seeking;vote-seeking;office-seeking;não sei;office-seeking;policy-seeking;office-seeking;office-seeking;policy-seeking;policy-seeking;policy-seeking;office-seeking;policy-seeking;office-seeking;office-seeking;policy-seeking;vote-seeking;vote-seeking;vote-seeking;não sei;office-seeking;office-seeking;policy-seeking;policy-seeking;office-seeking;não sei
20220496;;;;;;;;;;;;;;;;;;;;;;;;;;;;;;;;;;;;;;;;;;;;;;;;;;;;;;;;;;;;;;;;;;;;;;;6;8;7;3;4;3;4;7;7;8;8;6;4;7;6;0;0;10;6;0;7;8;1;7;6;9;6;6;8;4;8;0;office-seeking;vote-seeking;policy-seeking;policy-seeking;policy-seeking;office-seeking;policy-seeking;vote-seeking;não sei;não sei;office-seeking;policy-seeking;vote-seeking;vote-seeking;policy-seeking;policy-seeking;não sei;policy-seeking;policy-seeking;vote-seeking;vote-seeking;policy-seeking;office-seeking;vote-seeking;não sei;vote-seeking;vote-seeking;policy-seeking;policy-seeking;não sei;office-seeking;policy-seeking
20220497;;;;;;;;;;;;;;;;;;;;;;;;;;;;;;;;;;;;;;;;;;;;;;;;;;;;;;;;;;;;;;;;;;;;;;;6;8;2;4;4;0;2;6;7;9;2;7;8;7;7;0;1;5;8;0;8;7;3;7;7;8;9;7;8;4;3;2;office-seeking;não sei;policy-seeking;policy-seeking;policy-seeking;não sei;vote-seeking;não sei;office-seeking;não sei;office-seeking;policy-seeking;office-seeking;office-seeking;policy-seeking;policy-seeking;não sei;vote-seeking;policy-seeking;vote-seeking;vote-seeking;policy-seeking;vote-seeking;não sei;vote-seeking;vote-seeking;vote-seeking;vote-seeking;office-seeking;vote-seeking;vote-seeking;vote-seeking
20220498;;;;;;;;;;;;;;;;;;;;;;;;;;;;;;;;;;;;;;;;;;;;;;;;;;;;;;;;;;;;;;;;;;;;;;;;;;;;;;;;;;;;;;;;;;;;;;;;;;;;;;;;;;;;;;;;;;;;;;;;;;;;;;;;;;;;;;
20220499;;;;;;;;;;;;;;;;;;;;;;;;;;;;;;;;;;;;;;;;;;;;;;;;;;;;;;;;;;;;;;;;;;;;;;;6;9;7;4;4;2;4;6;6;6;6;6;4;6;6;1;1;6;6;1;6;6;2;6;6;6;6;;7;4;6;6;vote-seeking;office-seeking;office-seeking;policy-seeking;policy-seeking;vote-seeking;office-seeking;office-seeking;office-seeking;office-seeking;office-seeking;vote-seeking;office-seeking;office-seeking;policy-seeking;policy-seeking;office-seeking;office-seeking;policy-seeking;office-seeking;office-seeking;policy-seeking;office-seeking;office-seeking;office-seeking;office-seeking;vote-seeking;vote-seeking;vote-seeking;office-seeking;vote-seeking;office-seeking
20220500;;;;;;;;;;;;;;;;;;;;;;;;;;;;;;;;;;;;;;;;;;;;;;;;;;;;;;;;;;;;;;;;;;;;;;;6;8;10;4;4;4;4;7;8;10;7;7;;8;10;0;0;10;9;0;8;9;2;9;6;6;;;10;4;10;0;office-seeking;não sei;policy-seeking;policy-seeking;office-seeking;office-seeking;office-seeking;não sei;policy-seeking;não sei;policy-seeking;policy-seeking;não sei;office-seeking;policy-seeking;policy-seeking;não sei;não sei;policy-seeking;office-seeking;policy-seeking;policy-seeking;office-seeking;office-seeking;não sei;não sei;não sei;policy-seeking;policy-seeking;não sei;vote-seeking;policy-seeking
20220501;;;;;;;;;;;;;;;;;;;;;;;;;;;;;;;;;;;;;;;;;;;;;;;;;;;;;;;;;;;;;;;;;;;;;;;;;;;;;;;;;;;;;;;;;;;;;;;;;;;;;;;;;;;;;;;;;;;;;;;;;;;;;;;;;;;;;;
20220502;;;;;;;;;;;;;;;;;;;;;;;;;;;;;;;;;;;;;;;;;;;;;;;;;;;;;;;;;;;;;;;;;;;;;;;10;10;10;4;3;1;3;6;10;10;10;6;4;4;10;0;2;5;10;0;10;10;1;10;9;10;10;4;10;3;10;0;;;;;;;;;;;;;;;;;;;;;;;;;;;;;;;;
20220503;;;;;;;;;;;;;;;;;;;;;;;;;;;;;;;;;;;;;;;;;;;;;;;;;;;;;;;;;;;;;;;;;;;;;;;5;9;10;2;1;1;2;;;9;;5;2;;8;0;0;10;9;0;5;8;1;8;8;10;8;;9;2;;0;vote-seeking;office-seeking;office-seeking;policy-seeking;office-seeking;office-seeking;policy-seeking;não sei;office-seeking;office-seeking;office-seeking;office-seeking;office-seeking;vote-seeking;policy-seeking;policy-seeking;office-seeking;policy-seeking;policy-seeking;policy-seeking;vote-seeking;policy-seeking;vote-seeking;vote-seeking;office-seeking;office-seeking;office-seeking;policy-seeking;policy-seeking;office-seeking;vote-seeking;policy-seeking
20220504;;;;;;;;;;;;;;;;;;;;;;;;;;;;;;;;;;;;;;;;;;;;;;;;;;;;;;;;;;;;;;;;;;;;;;;7;10;10;3;1;1;4;;10;9;9;;3;9;8;2;1;8;8;2;6;9;1;9;;9;6;4;9;;9;1;;;;;;;;;;;;;;;;;;;;;;;;;;;;;;;;
20220505;;;;;;;;;;;;;;;;;;;;;;;;;;;;;;;;;;;;;;;;;;;;;;;;;;;;;;;;;;;;;;;;;;;;;;;6;7;8;4;4;3;4;6;6;7;6;;;6;7;0;1;7;7;0;6;6;2;8;5;8;8;6;7;4;6;6;office-seeking;office-seeking;vote-seeking;vote-seeking;policy-seeking;vote-seeking;office-seeking;não sei;office-seeking;não sei;office-seeking;não sei;office-seeking;office-seeking;não sei;não sei;não sei;não sei;não sei;office-seeking;office-seeking;policy-seeking;office-seeking;office-seeking;não sei;não sei;office-seeking;policy-seeking;policy-seeking;não sei;office-seeking;não sei
20220506;;;;;;;;;;;;;;;;;;;;;;;;;;;;;;;;;;;;;;;;;;;;;;;;;;;;;;;;;;;;;;;;;;;;;;;6;8;4;4;3;4;6;6;8;6;5;;4;7;7;2;2;9;8;1;6;7;3;7;6;7;6;;7;4;6;1;vote-seeking;office-seeking;vote-seeking;vote-seeking;policy-seeking;vote-seeking;vote-seeking;office-seeking;office-seeking;office-seeking;office-seeking;policy-seeking;office-seeking;office-seeking;policy-seeking;policy-seeking;office-seeking;office-seeking;policy-seeking;vote-seeking;office-seeking;policy-seeking;office-seeking;vote-seeking;office-seeking;office-seeking;office-seeking;policy-seeking;policy-seeking;office-seeking;vote-seeking;policy-seeking
20220507;;;;;;;;;;;;;;;;;;;;;;;;;;;;;;;;;;;;;;;;;;;;;;;;;;;;;;;;;;;;;;;;;;;;;;;7;8;7;3;3;2;4;7;8;8;8;7;3;7;8;1;1;4;9;1;7;7;2;9;7;8;6;7;9;4;7;1;vote-seeking;office-seeking;policy-seeking;vote-seeking;policy-seeking;office-seeking;vote-seeking;office-seeking;office-seeking;office-seeking;office-seeking;policy-seeking;office-seeking;office-seeking;policy-seeking;policy-seeking;office-seeking;office-seeking;policy-seeking;office-seeking;office-seeking;policy-seeking;office-seeking;office-seeking;office-seeking;office-seeking;office-seeking;policy-seeking;policy-seeking;office-seeking;office-seeking;policy-seeking
20220508;;;;;;;;;;;;;;;;;;;;;;;;;;;;;;;;;;;;;;;;;;;;;;;;;;;;;;;;;;;;;;;;;;;;;;;7;7;8;5;4;3;;7;8;8;8;6;5;7;8;0;0;8;6;0;7;9;2;9;5;9;5;;9;4;7;0;office-seeking;office-seeking;policy-seeking;policy-seeking;policy-seeking;policy-seeking;policy-seeking;office-seeking;policy-seeking;office-seeking;office-seeking;policy-seeking;office-seeking;vote-seeking;policy-seeking;policy-seeking;policy-seeking;office-seeking;policy-seeking;vote-seeking;policy-seeking;policy-seeking;vote-seeking;vote-seeking;office-seeking;vote-seeking;vote-seeking;policy-seeking;policy-seeking;office-seeking;vote-seeking;policy-seeking
20220509;;;;;;;;;;;;;;;;;;;;;;;;;;;;;;;;;;;;;;;;;;;;;;;;;;;;;;;;;;;;;;;;;;;;;;;6;7;;4;4;3;;;;6;;;4;;;1;1;;6;0;6;;1;6;6;6;6;4;8;3;;3;office-seeking;vote-seeking;office-seeking;vote-seeking;policy-seeking;office-seeking;vote-seeking;office-seeking;office-seeking;vote-seeking;vote-seeking;policy-seeking;office-seeking;office-seeking;policy-seeking;policy-seeking;office-seeking;vote-seeking;policy-seeking;vote-seeking;vote-seeking;policy-seeking;vote-seeking;vote-seeking;office-seeking;vote-seeking;office-seeking;policy-seeking;vote-seeking;office-seeking;vote-seeking;não sei
20220510;;;;;;;;;;;;;;;;;;;;;;;;;;;;;;;;;;;;;;;;;;;;;;;;;;;;;;;;;;;;;;;;;;;;;;;6;8;5;3;2;1;3;6;5;7;5;5;4;5;6;0;0;7;6;0;6;7;1;8;7;7;4;3;8;3;5;0;vote-seeking;office-seeking;policy-seeking;policy-seeking;policy-seeking;policy-seeking;policy-seeking;office-seeking;office-seeking;office-seeking;office-seeking;policy-seeking;office-seeking;vote-seeking;policy-seeking;policy-seeking;office-seeking;office-seeking;policy-seeking;vote-seeking;office-seeking;policy-seeking;office-seeking;vote-seeking;office-seeking;office-seeking;office-seeking;policy-seeking;policy-seeking;office-seeking;vote-seeking;policy-seeking
20220511;;;;;;;;;;;;;;;;;;;;;;;;;;;;;;;;;;;;;;;;;;;;;;;;;;;;;;;;;;;;;;;;;;;;;;;;;;;;;;;;;;;;;;;;;;;;;;;;;;;;;;;;;;;;;;;;;;;;;;;;;;;;;;;;;;;;;;
20220512;;;;;;;;;;;;;;;;;;;;;;;;;;;;;;;;;;;;;;;;;;;;;;;;;;;;;;;;;;;;;;;;;;;;;;;7;9;10;6;4;;;6;8;9;4;7;3;;7;4;1;9;10;2;10;10;3;10;7;10;7;9;10;3;10;0;office-seeking;vote-seeking;vote-seeking;policy-seeking;office-seeking;policy-seeking;vote-seeking;não sei;vote-seeking;não sei;vote-seeking;policy-seeking;vote-seeking;vote-seeking;policy-seeking;policy-seeking;não sei;vote-seeking;policy-seeking;office-seeking;office-seeking;policy-seeking;vote-seeking;office-seeking;vote-seeking;não sei;office-seeking;vote-seeking;policy-seeking;vote-seeking;vote-seeking;policy-seeking
20220513;;;;;;;;;;;;;;;;;;;;;;;;;;;;;;;;;;;;;;;;;;;;;;;;;;;;;;;;;;;;;;;;;;;;;;;7;10;4;;3;3;;7;10;10;;7;4;7;7;1;1;;7;2;7;7;1;7;6;10;10;8;6;;9;1;;;;;;;;;;;;;;;;;;;;;;;;;;;;;;;;
20220514;;;;;;;;;;;;;;;;;;;;;;;;;;;;;;;;;;;;;;;;;;;;;;;;;;;;;;;;;;;;;;;;;;;;;;;10;10;10;1;1;1;0;10;10;10;;;0;10;10;0;0;10;10;0;10;10;0;10;;;;;10;0;;;não sei;não sei;não sei;policy-seeking;policy-seeking;policy-seeking;vote-seeking;não sei;não sei;não sei;não sei;não sei;não sei;não sei;policy-seeking;policy-seeking;não sei;não sei;policy-seeking;não sei;não sei;policy-seeking;não sei;não sei;não sei;não sei;não sei;não sei;não sei;não sei;não sei;não sei
20220515;;;;;;;;;;;;;;;;;;;;;;;;;;;;;;;;;;;;;;;;;;;;;;;;;;;;;;;;;;;;;;;;;;;;;;;8;9;10;4;4;3;5;7;9;10;6;7;;7;8;0;0;9;9;0;9;10;2;10;7;10;6;6;9;4;9;0;vote-seeking;vote-seeking;policy-seeking;policy-seeking;policy-seeking;vote-seeking;policy-seeking;vote-seeking;policy-seeking;office-seeking;policy-seeking;office-seeking;não sei;office-seeking;policy-seeking;policy-seeking;vote-seeking;policy-seeking;policy-seeking;policy-seeking;office-seeking;policy-seeking;office-seeking;office-seeking;policy-seeking;office-seeking;office-seeking;policy-seeking;policy-seeking;não sei;vote-seeking;policy-seeking
20220516;;;;;;;;;;;;;;;;;;;;;;;;;;;;;;;;;;;;;;;;;;;;;;;;;;;;;;;;;;;;;;;;;;;;;;;0;10;0;0;0;0;0;10;10;10;0;0;0;10;10;0;0;0;10;0;10;10;0;10;0;10;10;10;10;0;0;0;office-seeking;policy-seeking;policy-seeking;policy-seeking;office-seeking;office-seeking;office-seeking;office-seeking;office-seeking;office-seeking;office-seeking;office-seeking;office-seeking;office-seeking;policy-seeking;policy-seeking;vote-seeking;office-seeking;policy-seeking;office-seeking;office-seeking;policy-seeking;office-seeking;office-seeking;office-seeking;office-seeking;office-seeking;office-seeking;policy-seeking;office-seeking;office-seeking;office-seeking
20220517;;;;;;;;;;;;;;;;;;;;;;;;;;;;;;;;;;;;;;;;;;;;;;;;;;;;;;;;;;;;;;;;;;;;;;;7;10;6;4;2;0;4;8;7;10;4;;4;;8;0;0;8;10;0;8;8;1;10;9;9;;4;9;4;8;0;;;;;;;;;;;;;;;;;;;;;;;;;;;;;;;;
20220518;;;;;;;;;;;;;;;;;;;;;;;;;;;;;;;;;;;;;;;;;;;;;;;;;;;;;;;;;;;;;;;;;;;;;;;5;9;8;4;3;3;4;8;8;9;8;5;5;5;8;0;1;5;7;0;5;8;1;9;5;9;8;5;8;4;5;5;vote-seeking;office-seeking;policy-seeking;policy-seeking;policy-seeking;policy-seeking;policy-seeking;não sei;não sei;não sei;policy-seeking;policy-seeking;não sei;office-seeking;policy-seeking;policy-seeking;não sei;não sei;policy-seeking;não sei;office-seeking;policy-seeking;policy-seeking;policy-seeking;não sei;não sei;policy-seeking;policy-seeking;policy-seeking;não sei;policy-seeking;não sei
20220519;;;;;;;;;;;;;;;;;;;;;;;;;;;;;;;;;;;;;;;;;;;;;;;;;;;;;;;;;;;;;;;;;;;;;;;5;10;9;4;2;1;3;7;9;9;8;4;4;7;8;0;0;7;9;0;9;9;2;10;10;8;8;4;10;3;8;0;;;;;;;;;;;;;;;;;;;;;;;;;;;;;;;;
20220520;;;;;;;;;;;;;;;;;;;;;;;;;;;;;;;;;;;;;;;;;;;;;;;;;;;;;;;;;;;;;;;;;;;;;;;6;10;7;6;2;1;4;8;10;10;6;;2;6;9;0;1;6;9;0;8;7;0;9;6;10;9;8;10;2;9;9;policy-seeking;vote-seeking;policy-seeking;policy-seeking;office-seeking;office-seeking;policy-seeking;vote-seeking;vote-seeking;vote-seeking;vote-seeking;office-seeking;vote-seeking;vote-seeking;office-seeking;office-seeking;vote-seeking;vote-seeking;office-seeking;vote-seeking;vote-seeking;office-seeking;vote-seeking;vote-seeking;vote-seeking;vote-seeking;office-seeking;vote-seeking;office-seeking;vote-seeking;vote-seeking;vote-seeking
20220521;;;;;;;;;;;;;;;;;;;;;;;;;;;;;;;;;;;;;;;;;;;;;;;;;;;;;;;;;;;;;;;;;;;;;;;6;8;8;3;2;2;3;6;5;6;4;5;4;5;7;0;0;5;5;0;5;8;2;9;6;6;5;5;6;4;5;1;vote-seeking;office-seeking;policy-seeking;policy-seeking;policy-seeking;policy-seeking;policy-seeking;office-seeking;office-seeking;policy-seeking;policy-seeking;policy-seeking;office-seeking;vote-seeking;não sei;não sei;office-seeking;office-seeking;não sei;office-seeking;vote-seeking;policy-seeking;vote-seeking;vote-seeking;office-seeking;office-seeking;office-seeking;policy-seeking;policy-seeking;não sei;vote-seeking;não sei
20220522;;;;;;;;;;;;;;;;;;;;;;;;;;;;;;;;;;;;;;;;;;;;;;;;;;;;;;;;;;;;;;;;;;;;;;;7;7;9;4;3;2;4;7;7;8;4;4;3;6;8;0;0;8;8;0;8;8;1;8;7;10;9;7;8;4;8;0;office-seeking;office-seeking;vote-seeking;vote-seeking;policy-seeking;policy-seeking;policy-seeking;não sei;não sei;não sei;policy-seeking;policy-seeking;não sei;office-seeking;policy-seeking;policy-seeking;não sei;não sei;policy-seeking;office-seeking;office-seeking;policy-seeking;office-seeking;office-seeking;não sei;não sei;office-seeking;policy-seeking;policy-seeking;não sei;office-seeking;não sei
20220523;;;;;;;;;;;;;;;;;;;;;;;;;;;;;;;;;;;;;;;;;;;;;;;;;;;;;;;;;;;;;;;;;;;;;;;5;10;10;5;2;2;5;5;8;9;10;8;5;8;8;0;2;9;9;0;10;9;1;10;5;5;8;5;5;3;5;0;vote-seeking;office-seeking;vote-seeking;policy-seeking;policy-seeking;office-seeking;vote-seeking;vote-seeking;vote-seeking;vote-seeking;vote-seeking;vote-seeking;vote-seeking;office-seeking;não sei;não sei;office-seeking;office-seeking;não sei;vote-seeking;vote-seeking;policy-seeking;office-seeking;vote-seeking;office-seeking;vote-seeking;vote-seeking;office-seeking;policy-seeking;office-seeking;office-seeking;não sei
20220524;;;;;;;;;;;;;;;;;;;;;;;;;;;;;;;;;;;;;;;;;;;;;;;;;;;;;;;;;;;;;;;;;;;;;;;7;10;10;3;3;0;3;7;10;10;10;3;3;;8;0;0;8;7;0;9;9;0;10;9;9;8;4;7;3;8;0;office-seeking;office-seeking;policy-seeking;policy-seeking;policy-seeking;policy-seeking;vote-seeking;não sei;office-seeking;não sei;vote-seeking;policy-seeking;office-seeking;office-seeking;policy-seeking;policy-seeking;office-seeking;office-seeking;policy-seeking;office-seeking;office-seeking;policy-seeking;office-seeking;vote-seeking;vote-seeking;vote-seeking;office-seeking;policy-seeking;policy-seeking;não sei;office-seeking;policy-seeking
20220525;;;;;;;;;;;;;;;;;;;;;;;;;;;;;;;;;;;;;;;;;;;;;;;;;;;;;;;;;;;;;;;;;;;;;;;6;10;10;3;3;2;2;7;8;8;4;7;2;6;10;0;0;;8;0;7;7;2;10;10;10;;;10;4;4;;;;;;;;;;;;;;;;;;;;;;;;;;;;;;;;;
20220526;;;;;;;;;;;;;;;;;;;;;;;;;;;;;;;;;;;;;;;;;;;;;;;;;;;;;;;;;;;;;;;;;;;;;;;7;10;;;3;0;;8;7;7;6;6;;;;;;;;;;;;;;;;;;;;;;;;;;;;;;;;;;;;;;;;;;;;;;;;;;;;
20220527;;;;;;;;;;;;;;;;;;;;;;;;;;;;;;;;;;;;;;;;;;;;;;;;;;;;;;;;;;;;;;;;;;;;;;;5;10;7;4;2;1;4;6;8;9;7;6;4;9;10;0;1;7;10;0;7;8;1;10;7;10;10;6;9;2;;3;office-seeking;office-seeking;policy-seeking;policy-seeking;office-seeking;office-seeking;office-seeking;office-seeking;office-seeking;office-seeking;office-seeking;policy-seeking;não sei;office-seeking;policy-seeking;office-seeking;não sei;vote-seeking;policy-seeking;não sei;vote-seeking;vote-seeking;office-seeking;office-seeking;não sei;não sei;office-seeking;policy-seeking;policy-seeking;não sei;office-seeking;não sei
20220528;;;;;;;;;;;;;;;;;;;;;;;;;;;;;;;;;;;;;;;;;;;;;;;;;;;;;;;;;;;;;;;;;;;;;;;5;10;3;4;3;2;;6;;6;4;8;3;6;10;0;0;5;6;0;8;9;3;9;6;10;8;9;10;;6;0;policy-seeking;não sei;não sei;vote-seeking;não sei;não sei;não sei;não sei;não sei;não sei;office-seeking;não sei;não sei;office-seeking;não sei;não sei;não sei;não sei;não sei;não sei;não sei;vote-seeking;não sei;office-seeking;não sei;não sei;não sei;policy-seeking;não sei;não sei;policy-seeking;não sei
20220529;;;;;;;;;;;;;;;;;;;;;;;;;;;;;;;;;;;;;;;;;;;;;;;;;;;;;;;;;;;;;;;;;;;;;;;6;7;;;4;3;4;6;6;7;;;6;;7;1;1;;8;3;6;6;3;7;6;7;;;7;6;;2;;;;;;;;;;;;;;;;;;;;;;;;;;;;;;;;
20220530;;;;;;;;;;;;;;;;;;;;;;;;;;;;;;;;;;;;;;;;;;;;;;;;;;;;;;;;;;;;;;;;;;;;;;;6;8;8;3;3;2;4;6;8;8;8;6;6;6;7;1;1;8;8;0;8;8;2;9;6;9;7;4;8;3;6;1;office-seeking;office-seeking;policy-seeking;policy-seeking;policy-seeking;policy-seeking;policy-seeking;não sei;vote-seeking;vote-seeking;office-seeking;office-seeking;vote-seeking;office-seeking;não sei;policy-seeking;vote-seeking;vote-seeking;não sei;vote-seeking;vote-seeking;policy-seeking;vote-seeking;office-seeking;vote-seeking;vote-seeking;office-seeking;policy-seeking;policy-seeking;não sei;office-seeking;não sei
20220531;;;;;;;;;;;;;;;;;;;;;;;;;;;;;;;;;;;;;;;;;;;;;;;;;;;;;;;;;;;;;;;;;;;;;;;10;10;8;2;1;1;3;8;10;10;10;8;4;9;10;0;0;10;10;0;10;10;0;10;10;10;10;10;10;4;10;0;office-seeking;não sei;policy-seeking;policy-seeking;policy-seeking;policy-seeking;vote-seeking;vote-seeking;vote-seeking;vote-seeking;office-seeking;policy-seeking;vote-seeking;office-seeking;policy-seeking;policy-seeking;não sei;vote-seeking;policy-seeking;vote-seeking;office-seeking;policy-seeking;vote-seeking;vote-seeking;office-seeking;vote-seeking;policy-seeking;vote-seeking;policy-seeking;não sei;office-seeking;policy-seeking
20220532;;;;;;;;;;;;;;;;;;;;;;;;;;;;;;;;;;;;;;;;;;;;;;;;;;;;;;;;;;;;;;;;;;;;;;;10;10;;5;5;5;;10;10;10;;7;7;7;8;0;0;;7;4;7;8;2;10;10;10;9;;10;7;;0;office-seeking;office-seeking;vote-seeking;vote-seeking;office-seeking;office-seeking;não sei;não sei;office-seeking;não sei;não sei;office-seeking;não sei;office-seeking;policy-seeking;policy-seeking;não sei;office-seeking;policy-seeking;não sei;office-seeking;policy-seeking;office-seeking;não sei;não sei;não sei;não sei;vote-seeking;office-seeking;não sei;vote-seeking;policy-seeking
20220533;;;;;;;;;;;;;;;;;;;;;;;;;;;;;;;;;;;;;;;;;;;;;;;;;;;;;;;;;;;;;;;;;;;;;;;6;6;7;4;4;2;4;6;6;7;6;6;4;4;7;0;2;6;6;0;4;6;1;6;6;6;4;6;8;4;6;4;office-seeking;office-seeking;policy-seeking;policy-seeking;policy-seeking;policy-seeking;policy-seeking;office-seeking;vote-seeking;vote-seeking;vote-seeking;policy-seeking;não sei;vote-seeking;policy-seeking;policy-seeking;não sei;office-seeking;policy-seeking;office-seeking;office-seeking;policy-seeking;office-seeking;office-seeking;office-seeking;office-seeking;office-seeking;não sei;policy-seeking;não sei;vote-seeking;não sei
20220534;;;;;;;;;;;;;;;;;;;;;;;;;;;;;;;;;;;;;;;;;;;;;;;;;;;;;;;;;;;;;;;;;;;;;;;6;8;6;3;3;1;4;6;7;9;8;4;4;5;8;0;0;8;8;0;9;10;0;9;6;9;9;5;9;3;5;5;office-seeking;office-seeking;policy-seeking;policy-seeking;policy-seeking;policy-seeking;policy-seeking;office-seeking;vote-seeking;não sei;policy-seeking;policy-seeking;office-seeking;office-seeking;policy-seeking;policy-seeking;office-seeking;office-seeking;policy-seeking;office-seeking;office-seeking;policy-seeking;office-seeking;vote-seeking;não sei;não sei;policy-seeking;policy-seeking;policy-seeking;não sei;vote-seeking;não sei
20220535;;;;;;;;;;;;;;;;;;;;;;;;;;;;;;;;;;;;;;;;;;;;;;;;;;;;;;;;;;;;;;;;;;;;;;;0;10;10;0;0;0;0;10;10;10;10;10;10;10;10;0;10;10;10;0;10;10;0;10;10;10;10;10;10;10;10;0;vote-seeking;;vote-seeking;vote-seeking;vote-seeking;vote-seeking;vote-seeking;vote-seeking;vote-seeking;;vote-seeking;;vote-seeking;;vote-seeking;vote-seeking;vote-seeking;vote-seeking;vote-seeking;;vote-seeking;vote-seeking;vote-seeking;vote-seeking;vote-seeking;vote-seeking;vote-seeking;vote-seeking;vote-seeking;vote-seeking;vote-seeking;vote-seeking
20220536;;;;;;;;;;;;;;;;;;;;;;;;;;;;;;;;;;;;;;;;;;;;;;;;;;;;;;;;;;;;;;;;;;;;;;;6;8;8;4;3;2;4;6;6;6;6;6;4;7;7;0;0;6;7;1;6;7;2;8;6;6;6;5;8;;;3;office-seeking;vote-seeking;policy-seeking;policy-seeking;office-seeking;policy-seeking;policy-seeking;office-seeking;office-seeking;office-seeking;office-seeking;office-seeking;office-seeking;vote-seeking;policy-seeking;policy-seeking;office-seeking;office-seeking;policy-seeking;office-seeking;vote-seeking;policy-seeking;vote-seeking;vote-seeking;office-seeking;office-seeking;office-seeking;office-seeking;office-seeking;vote-seeking;office-seeking;não sei
20220537;;;;;;;;;;;;;;;;;;;;;;;;;;;;;;;;;;;;;;;;;;;;;;;;;;;;;;;;;;;;;;;;;;;;;;;9;9;10;0;1;0;0;10;0;10;9;10;9;9;9;0;0;10;10;0;10;10;0;9;9;9;8;8;8;0;9;8;vote-seeking;vote-seeking;policy-seeking;policy-seeking;policy-seeking;policy-seeking;office-seeking;office-seeking;office-seeking;office-seeking;office-seeking;office-seeking;office-seeking;office-seeking;policy-seeking;policy-seeking;office-seeking;office-seeking;office-seeking;office-seeking;office-seeking;policy-seeking;office-seeking;office-seeking;office-seeking;office-seeking;office-seeking;office-seeking;office-seeking;office-seeking;office-seeking;office-seeking
20220538;;;;;;;;;;;;;;;;;;;;;;;;;;;;;;;;;;;;;;;;;;;;;;;;;;;;;;;;;;;;;;;;;;;;;;;7;9;7;7;;;;7;6;9;7;7;7;7;10;1;0;7;8;7;10;10;2;9;9;10;8;8;10;8;8;0;office-seeking;office-seeking;office-seeking;vote-seeking;policy-seeking;vote-seeking;office-seeking;vote-seeking;vote-seeking;não sei;vote-seeking;policy-seeking;vote-seeking;vote-seeking;policy-seeking;policy-seeking;não sei;não sei;vote-seeking;office-seeking;office-seeking;policy-seeking;office-seeking;office-seeking;office-seeking;vote-seeking;vote-seeking;office-seeking;vote-seeking;vote-seeking;vote-seeking;policy-seeking
20220539;;;;;;;;;;;;;;;;;;;;;;;;;;;;;;;;;;;;;;;;;;;;;;;;;;;;;;;;;;;;;;;;;;;;;;;5;8;3;3;3;1;4;6;7;7;1;;4;;6;1;1;6;8;2;6;7;2;7;6;7;6;;6;4;6;1;;;;;;;;;;;;;;;;;;;;;;;;;;;;;;;;
20220540;;;;;;;;;;;;;;;;;;;;;;;;;;;;;;;;;;;;;;;;;;;;;;;;;;;;;;;;;;;;;;;;;;;;;;;6;7;3;3;3;2;4;;7;6;6;4;3;5;6;1;1;8;7;0;7;10;2;7;6;7;10;6;8;4;7;1;office-seeking;office-seeking;policy-seeking;policy-seeking;policy-seeking;policy-seeking;policy-seeking;vote-seeking;vote-seeking;vote-seeking;vote-seeking;policy-seeking;vote-seeking;vote-seeking;policy-seeking;policy-seeking;vote-seeking;vote-seeking;policy-seeking;vote-seeking;policy-seeking;policy-seeking;vote-seeking;office-seeking;office-seeking;office-seeking;vote-seeking;policy-seeking;policy-seeking;vote-seeking;office-seeking;policy-seeking
20220541;;;;;;;;;;;;;;;;;;;;;;;;;;;;;;;;;;;;;;;;;;;;;;;;;;;;;;;;;;;;;;;;;;;;;;;7;8;4;7;1;1;4;8;9;10;;;4;;;0;1;;;0;;;0;;;7;9;6;;4;;;policy-seeking;office-seeking;office-seeking;policy-seeking;office-seeking;office-seeking;policy-seeking;vote-seeking;vote-seeking;vote-seeking;office-seeking;office-seeking;vote-seeking;vote-seeking;não sei;office-seeking;office-seeking;office-seeking;não sei;office-seeking;office-seeking;policy-seeking;office-seeking;;office-seeking;não sei;office-seeking;vote-seeking;vote-seeking;vote-seeking;vote-seeking;vote-seeking
20220542;;;;;;;;;;;;;;;;;;;;;;;;;;;;;;;;;;;;;;;;;;;;;;;;;;;;;;;;;;;;;;;;;;;;;;;6;6;8;3;;1;4;7;8;8;8;6;;;8;0;1;8;8;1;7;7;2;10;9;9;7;7;10;3;8;0;office-seeking;vote-seeking;policy-seeking;office-seeking;policy-seeking;policy-seeking;office-seeking;vote-seeking;vote-seeking;vote-seeking;vote-seeking;policy-seeking;vote-seeking;vote-seeking;policy-seeking;policy-seeking;vote-seeking;vote-seeking;policy-seeking;vote-seeking;vote-seeking;policy-seeking;vote-seeking;vote-seeking;vote-seeking;vote-seeking;vote-seeking;policy-seeking;office-seeking;vote-seeking;office-seeking;policy-seeking
20220543;;;;;;;;;;;;;;;;;;;;;;;;;;;;;;;;;;;;;;;;;;;;;;;;;;;;;;;;;;;;;;;;;;;;;;;7;8;7;4;3;1;4;6;8;9;9;8;4;7;8;0;0;9;10;0;8;9;3;9;6;7;9;7;8;6;8;0;office-seeking;vote-seeking;vote-seeking;vote-seeking;policy-seeking;vote-seeking;office-seeking;vote-seeking;vote-seeking;vote-seeking;vote-seeking;vote-seeking;vote-seeking;vote-seeking;policy-seeking;policy-seeking;vote-seeking;vote-seeking;policy-seeking;vote-seeking;vote-seeking;policy-seeking;vote-seeking;vote-seeking;vote-seeking;vote-seeking;vote-seeking;policy-seeking;vote-seeking;vote-seeking;vote-seeking;policy-seeking
20220544;;;;;;;;;;;;;;;;;;;;;;;;;;;;;;;;;;;;;;;;;;;;;;;;;;;;;;;;;;;;;;;;;;;;;;;6;7;2;2;3;0;3;4;;6;;4;3;4;6;1;0;6;7;2;6;7;1;7;6;7;8;6;10;2;;;;;;;;;;;;;;;;;;;;;;;;;;;;;;;;;;
20220545;;;;;;;;;;;;;;;;;;;;;;;;;;;;;;;;;;;;;;;;;;;;;;;;;;;;;;;;;;;;;;;;;;;;;;;9;9;5;6;;4;6;9;9;10;4;8;6;7;10;2;3;7;9;3;6;10;4;10;7;7;;7;10;5;8;5;;;;;;;;;;;;;;;;;;;;;;;;;;;;;;;;
20220546;;;;;;;;;;;;;;;;;;;;;;;;;;;;;;;;;;;;;;;;;;;;;;;;;;;;;;;;;;;;;;;;;;;;;;;7;7;8;3;3;6;4;6;7;9;8;6;4;7;9;0;1;9;8;0;9;9;1;9;6;8;6;6;9;4;8;0;office-seeking;vote-seeking;office-seeking;policy-seeking;policy-seeking;office-seeking;vote-seeking;office-seeking;office-seeking;office-seeking;office-seeking;office-seeking;office-seeking;office-seeking;policy-seeking;policy-seeking;office-seeking;office-seeking;policy-seeking;office-seeking;office-seeking;policy-seeking;office-seeking;office-seeking;office-seeking;office-seeking;office-seeking;policy-seeking;office-seeking;office-seeking;office-seeking;policy-seeking
20220547;;;;;;;;;;;;;;;;;;;;;;;;;;;;;;;;;;;;;;;;;;;;;;;;;;;;;;;;;;;;;;;;;;;;;;;10;10;10;4;2;2;4;8;10;10;10;7;7;10;10;0;0;10;10;0;10;10;2;10;10;10;10;7;10;4;7;0;office-seeking;vote-seeking;vote-seeking;policy-seeking;policy-seeking;office-seeking;office-seeking;vote-seeking;vote-seeking;vote-seeking;vote-seeking;vote-seeking;vote-seeking;vote-seeking;policy-seeking;policy-seeking;vote-seeking;vote-seeking;policy-seeking;vote-seeking;vote-seeking;policy-seeking;vote-seeking;vote-seeking;vote-seeking;vote-seeking;vote-seeking;policy-seeking;vote-seeking;vote-seeking;vote-seeking;policy-seeking
20220548;;;;;;;;;;;;;;;;;;;;;;;;;;;;;;;;;;;;;;;;;;;;;;;;;;;;;;;;;;;;;;;;;;;;;;;;;;;;;;;;;;;;;;;;;;;;;;;;;;;;;;;;;;;;;;;;;;;;;;;;;;;;;;;;;;;;;;
20220549;;;;;;;;;;;;;;;;;;;;;;;;;;;;;;;;;;;;;;;;;;;;;;;;;;;;;;;;;;;;;;;;;;;;;;;;;;;;;;;;;;;;;;;;;;;;;;;;;;;;;;;;;;;;;;;;;;;;;;;;;;;;;;;;;;;;;;
20220550;;;;;;;;;;;;;;;;;;;;;;;;;;;;;;;;;;;;;;;;;;;;;;;;;;;;;;;;;;;;;;;;;;;;;;;8;10;6;;2;2;3;7;;8;9;7;6;;7;0;5;7;9;0;;9;1;8;7;10;8;4;10;4;10;0;vote-seeking;office-seeking;vote-seeking;policy-seeking;office-seeking;vote-seeking;policy-seeking;não sei;office-seeking;não sei;vote-seeking;office-seeking;não sei;office-seeking;policy-seeking;não sei;não sei;office-seeking;policy-seeking;não sei;office-seeking;policy-seeking;vote-seeking;vote-seeking;office-seeking;não sei;não sei;policy-seeking;policy-seeking;não sei;vote-seeking;policy-seeking
20220551;;;;;;;;;;;;;;;;;;;;;;;;;;;;;;;;;;;;;;;;;;;;;;;;;;;;;;;;;;;;;;;;;;;;;;;10;10;10;0;0;0;0;10;10;10;10;10;0;;10;0;0;10;10;0;10;10;0;;10;10;10;10;10;0;10;0;;;;;;;;;;;;;;;;;;;;;;;;;;;;;;;;
20220552;;;;;;;;;;;;;;;;;;;;;;;;;;;;;;;;;;;;;;;;;;;;;;;;;;;;;;;;;;;;;;;;;;;;;;;7;7;9;4;3;3;4;6;8;10;7;6;4;8;9;1;1;9;7;1;9;10;1;10;8;10;10;7;9;3;10;1;vote-seeking;vote-seeking;office-seeking;policy-seeking;policy-seeking;office-seeking;office-seeking;vote-seeking;vote-seeking;vote-seeking;vote-seeking;vote-seeking;vote-seeking;vote-seeking;policy-seeking;policy-seeking;vote-seeking;não sei;não sei;vote-seeking;vote-seeking;policy-seeking;vote-seeking;vote-seeking;vote-seeking;vote-seeking;vote-seeking;vote-seeking;policy-seeking;vote-seeking;vote-seeking;policy-seeking
20220553;;;;;;;;;;;;;;;;;;;;;;;;;;;;;;;;;;;;;;;;;;;;;;;;;;;;;;;;;;;;;;;;;;;;;;;8;9;9;4;2;2;4;8;8;9;7;7;4;5;10;0;0;10;9;1;9;10;1;10;8;10;10;5;9;3;10;0;;;;;;;;;;;;;;;;;;;;;;;;;;;;;;;;
20220554;;;;;;;;;;;;;;;;;;;;;;;;;;;;;;;;;;;;;;;;;;;;;;;;;;;;;;;;;;;;;;;;;;;;;;;6;9;9;4;2;2;3;6;6;8;6;5;4;;6;0;0;6;6;0;;7;0;10;;8;8;;8;3;;1;office-seeking;vote-seeking;policy-seeking;policy-seeking;policy-seeking;policy-seeking;vote-seeking;não sei;vote-seeking;office-seeking;office-seeking;office-seeking;vote-seeking;office-seeking;policy-seeking;policy-seeking;não sei;vote-seeking;policy-seeking;vote-seeking;não sei;policy-seeking;policy-seeking;office-seeking;policy-seeking;não sei;office-seeking;policy-seeking;policy-seeking;office-seeking;policy-seeking;policy-seeking
20220555;;;;;;;;;;;;;;;;;;;;;;;;;;;;;;;;;;;;;;;;;;;;;;;;;;;;;;;;;;;;;;;;;;;;;;;7;8;10;0;4;2;;6;;9;;6;;7;7;3;3;;;0;;10;4;10;7;8;7;7;10;;;2;;;;;;;;;;;;;;;;;;;;;;;;;;;;;;;;
20220556;;;;;;;;;;;;;;;;;;;;;;;;;;;;;;;;;;;;;;;;;;;;;;;;;;;;;;;;;;;;;;;;;;;;;;;6;8;8;4;3;2;4;7;;8;6;6;4;;7;1;2;8;7;0;6;8;3;9;6;8;7;7;7;4;;1;office-seeking;vote-seeking;policy-seeking;policy-seeking;policy-seeking;office-seeking;office-seeking;não sei;vote-seeking;vote-seeking;vote-seeking;policy-seeking;não sei;vote-seeking;policy-seeking;policy-seeking;vote-seeking;vote-seeking;policy-seeking;vote-seeking;policy-seeking;policy-seeking;policy-seeking;office-seeking;policy-seeking;vote-seeking;vote-seeking;policy-seeking;policy-seeking;não sei;office-seeking;policy-seeking
20220557;;;;;;;;;;;;;;;;;;;;;;;;;;;;;;;;;;;;;;;;;;;;;;;;;;;;;;;;;;;;;;;;;;;;;;;9;10;9;4;1;2;6;8;;10;5;9;7;7;9;0;0;10;10;0;10;10;1;10;8;10;5;4;10;4;9;0;;;;;;;;;;;;;;;;;;;;;;;;;;;;;;;;
20220558;;;;;;;;;;;;;;;;;;;;;;;;;;;;;;;;;;;;;;;;;;;;;;;;;;;;;;;;;;;;;;;;;;;;;;;5;8;9;4;3;3;5;6;8;7;5;6;4;9;9;0;1;9;8;0;8;10;1;10;7;7;6;;9;4;5;0;office-seeking;não sei;policy-seeking;policy-seeking;policy-seeking;office-seeking;policy-seeking;não sei;não sei;não sei;vote-seeking;office-seeking;não sei;office-seeking;policy-seeking;policy-seeking;policy-seeking;não sei;policy-seeking;policy-seeking;policy-seeking;policy-seeking;office-seeking;vote-seeking;não sei;vote-seeking;vote-seeking;policy-seeking;policy-seeking;vote-seeking;policy-seeking;policy-seeking
20220559;;;;;;;;;;;;;;;;;;;;;;;;;;;;;;;;;;;;;;;;;;;;;;;;;;;;;;;;;;;;;;;;;;;;;;;;7;7;3;3;3;3;7;;7;;7;7;7;7;0;0;7;7;0;7;7;0;10;;10;;;10;2;10;0;vote-seeking;vote-seeking;policy-seeking;policy-seeking;policy-seeking;vote-seeking;policy-seeking;office-seeking;office-seeking;office-seeking;vote-seeking;office-seeking;vote-seeking;vote-seeking;policy-seeking;policy-seeking;office-seeking;office-seeking;policy-seeking;vote-seeking;policy-seeking;policy-seeking;policy-seeking;office-seeking;office-seeking;office-seeking;office-seeking;policy-seeking;policy-seeking;policy-seeking;vote-seeking;policy-seeking
20220560;;;;;;;;;;;;;;;;;;;;;;;;;;;;;;;;;;;;;;;;;;;;;;;;;;;;;;;;;;;;;;;;;;;;;;;7;9;;4;4;3;4;7;7;9;6;7;;6;9;1;0;5;8;1;8;8;2;10;6;10;8;6;9;5;6;0;office-seeking;office-seeking;vote-seeking;vote-seeking;office-seeking;office-seeking;vote-seeking;não sei;policy-seeking;office-seeking;não sei;office-seeking;não sei;policy-seeking;não sei;policy-seeking;não sei;policy-seeking;policy-seeking;office-seeking;office-seeking;office-seeking;office-seeking;office-seeking;office-seeking;;não sei;vote-seeking;não sei;não sei;não sei;policy-seeking
20220561;;;;;;;;;;;;;;;;;;;;;;;;;;;;;;;;;;;;;;;;;;;;;;;;;;;;;;;;;;;;;;;;;;;;;;;7;10;7;6;2;1;3;6;8;8;5;4;4;7;6;0;0;7;8;0;7;9;1;9;6;9;8;6;10;5;9;0;office-seeking;office-seeking;office-seeking;policy-seeking;vote-seeking;office-seeking;policy-seeking;office-seeking;office-seeking;office-seeking;office-seeking;policy-seeking;office-seeking;office-seeking;policy-seeking;policy-seeking;office-seeking;office-seeking;policy-seeking;policy-seeking;policy-seeking;vote-seeking;policy-seeking;office-seeking;office-seeking;office-seeking;office-seeking;policy-seeking;vote-seeking;office-seeking;office-seeking;policy-seeking
20220562;;;;;;;;;;;;;;;;;;;;;;;;;;;;;;;;;;;;;;;;;;;;;;;;;;;;;;;;;;;;;;;;;;;;;;;7;9;8;5;4;2;4;7;8;8;8;8;;7;8;0;2;8;9;0;8;8;1;8;7;8;9;8;7;5;8;8;;;;;;;;;;;;;;;;;;;;;;;;;;;;;;;;
20220563;;;;;;;;;;;;;;;;;;;;;;;;;;;;;;;;;;;;;;;;;;;;;;;;;;;;;;;;;;;;;;;;;;;;;;;8;10;9;5;4;3;4;7;10;9;10;7;5;9;10;2;2;9;10;2;7;9;1;9;9;9;10;7;9;3;9;5;office-seeking;office-seeking;vote-seeking;policy-seeking;policy-seeking;policy-seeking;vote-seeking;office-seeking;office-seeking;office-seeking;vote-seeking;vote-seeking;office-seeking;office-seeking;policy-seeking;policy-seeking;office-seeking;office-seeking;policy-seeking;vote-seeking;office-seeking;policy-seeking;office-seeking;office-seeking;office-seeking;office-seeking;vote-seeking;vote-seeking;policy-seeking;office-seeking;office-seeking;não sei
20220564;;;;;;;;;;;;;;;;;;;;;;;;;;;;;;;;;;;;;;;;;;;;;;;;;;;;;;;;;;;;;;;;;;;;;;;6;7;10;4;4;4;4;7;;9;8;6;4;4;8;0;1;10;9;1;8;9;2;8;;7;5;4;9;4;7;0;;;;;;;;;;;;;;;;;;;;;;;;;;;;;;;;
20220565;;;;;;;;;;;;;;;;;;;;;;;;;;;;;;;;;;;;;;;;;;;;;;;;;;;;;;;;;;;;;;;;;;;;;;;7;7;9;3;3;3;4;6;9;9;8;4;4;3;10;1;0;9;9;1;6;7;0;10;7;8;7;6;7;3;;1;;;;;;;;;;;;;;;;;;;;;;;;;;;;;;;;
20220566;;;;;;;;;;;;;;;;;;;;;;;;;;;;;;;;;;;;;;;;;;;;;;;;;;;;;;;;;;;;;;;;;;;;;;;;;;;;;;;;;;;;;;;;;;;;;;;;;;;;;;;;;;;;;;;;;;;;;;;;;;;;;;;;;;;;;;
20220567;;;;;;;;;;;;;;;;;;;;;;;;;;;;;;;;;;;;;;;;;;;;;;;;;;;;;;;;;;;;;;;;;;;;;;;6;7;10;3;4;2;4;;8;9;8;;3;4;8;0;0;10;6;0;6;7;1;9;6;10;6;6;8;2;7;0;;;;;;;;;;;;;;;;;;;;;;;;;;;;;;;;
20220568;;;;;;;;;;;;;;;;;;;;;;;;;;;;;;;;;;;;;;;;;;;;;;;;;;;;;;;;;;;;;;;;;;;;;;;7;10;10;2;0;0;2;9;10;10;10;5;4;10;10;0;0;10;10;0;10;10;0;10;10;10;10;5;10;1;10;0;;;;;;;;;;;;;;;;;;;;;;;;;;;;;;;;
20220569;;;;;;;;;;;;;;;;;;;;;;;;;;;;;;;;;;;;;;;;;;;;;;;;;;;;;;;;;;;;;;;;;;;;;;;8;10;10;0;;;6;7;10;10;10;;;;10;2;2;10;10;;;10;3;10;7;8;8;8;10;3;10;10;;;;;;;;;;;;;;;;;;;;;;;;;;;;;;;;
20220570;;;;;;;;;;;;;;;;;;;;;;;;;;;;;;;;;;;;;;;;;;;;;;;;;;;;;;;;;;;;;;;;;;;;;;;;;;;;;;;;;;;;;;;;;;;;;;;;;;;;;;;;;;;;;;;;;;;;;;;;;;;;;;;;;;;;;;
20220571;;;;;;;;;;;;;;;;;;;;;;;;;;;;;;;;;;;;;;;;;;;;;;;;;;;;;;;;;;;;;;;;;;;;;;;;;;;;;;;;;;;;;;;;;;;;;;;;;;;;;;;;;;;;;;;;;;;;;;;;;;;;;;;;;;;;;;
