vote_id;year;date;valid_votes;yes_votes;no_votes;yes_percentage;no_percentage;missing_votes;kept_after_filter;reason_if_removed
106701-223;2025;2025-11-05;428;427;1;0.9976635514018691;0.002336448598130841;1;False;nearly_unanimous (majority >= 97%)
106701-227;2025;2025-11-05;423;269;154;0.6359338061465721;0.3640661938534279;1;True;
1197773-140;2024;2024-12-04;427;23;404;0.053864168618266976;0.9461358313817331;2;True;
1197773-90;2023;2023-08-09;384;335;49;0.8723958333333334;0.12760416666666666;2;True;
1197773-99;2023;2023-08-09;381;117;264;0.30708661417322836;0.6929133858267716;2;True;
1212491-84;2024;2024-12-11;51;31;20;0.6078431372549019;0.39215686274509803;0;True;
1228863-61;2026;2026-05-19;49;10;39;0.20408163265306123;0.7959183673469388;0;True;
1228863-64;2026;2026-05-19;43;5;38;0.11627906976744186;0.8837209302325582;0;True;
1228863-73;2026;2026-05-27;49;7;42;0.14285714285714285;0.8571428571428571;0;True;
1243686-66;2025;2025-04-02;26;0;26;0.0;1.0;0;False;nearly_unanimous (majority >= 97%)
1301025-111;2023;2023-10-24;36;8;28;0.2222222222222222;0.7777777777777778;0;True;
1301141-69;2024;2024-04-16;41;3;38;0.07317073170731707;0.926829268292683;0;True;
1301241-77;2023;2023-11-07;41;15;26;0.36585365853658536;0.6341463414634146;0;True;
1302214-101;2025;2025-11-18;36;12;24;0.3333333333333333;0.6666666666666666;0;True;
1302214-120;2025;2025-12-17;58;15;43;0.25862068965517243;0.7413793103448276;0;True;
1302214-128;2025;2025-12-17;56;41;15;0.7321428571428571;0.26785714285714285;0;True;
1302214-131;2025;2025-12-17;58;44;14;0.7586206896551724;0.2413793103448276;0;True;
135198-114;2025;2025-09-03;14;13;1;0.9285714285714286;0.07142857142857142;0;False;low_participation (<20 valid votes)
146708-38;2025;2025-08-12;406;397;9;0.9778325123152709;0.022167487684729065;2;False;nearly_unanimous (majority >= 97%)
1548579-109;2023;2023-12-21;319;52;267;0.16300940438871472;0.8369905956112853;55;True;
1548579-114;2023;2023-12-21;337;56;281;0.1661721068249258;0.8338278931750742;49;True;
1548579-122;2023;2023-12-21;346;51;295;0.14739884393063585;0.8526011560693642;62;True;
1548579-126;2023;2023-12-21;402;299;103;0.7437810945273632;0.2562189054726368;8;True;
1548579-144;2023;2023-12-21;382;301;81;0.7879581151832461;0.21204188481675393;10;True;
1548579-186;2024;2024-11-19;368;36;332;0.09782608695652174;0.9021739130434783;1;True;
1548579-194;2024;2024-11-19;374;336;38;0.8983957219251337;0.10160427807486631;3;True;
1555327-87;2023;2023-12-05;35;2;33;0.05714285714285714;0.9428571428571428;1;True;
1555497-56;2023;2023-06-20;41;15;26;0.36585365853658536;0.6341463414634146;0;True;
1555497-62;2023;2023-08-01;42;21;21;0.5;0.5;0;True;
1570646-104;2023;2023-10-25;44;19;25;0.4318181818181818;0.5681818181818182;0;True;
1570646-109;2023;2023-10-25;45;21;24;0.4666666666666667;0.5333333333333333;0;True;
1594768-93;2024;2024-12-04;35;17;18;0.4857142857142857;0.5142857142857142;0;True;
1672171-148;2025;2025-10-02;315;19;296;0.06031746031746032;0.9396825396825397;1;True;
1672576-221;2024;2024-08-28;421;27;394;0.06413301662707839;0.9358669833729216;1;True;
1701755-60;2023;2023-12-05;415;395;20;0.9518072289156626;0.04819277108433735;2;True;
1713431-105;2023;2023-05-16;43;21;22;0.4883720930232558;0.5116279069767442;1;True;
1713431-120;2023;2023-05-30;44;18;26;0.4090909090909091;0.5909090909090909;0;True;
1713431-125;2023;2023-05-30;55;23;32;0.41818181818181815;0.5818181818181818;0;True;
1713431-127;2023;2023-05-30;53;36;17;0.6792452830188679;0.32075471698113206;0;True;
1738740-118;2023;2023-08-22;51;21;30;0.4117647058823529;0.5882352941176471;0;True;
1738740-144;2023;2023-10-25;44;19;25;0.4318181818181818;0.5681818181818182;0;True;
1738740-150;2023;2023-10-25;40;30;10;0.75;0.25;0;True;
2053121-98;2025;2025-10-08;17;15;2;0.8823529411764706;0.11764705882352941;0;False;low_participation (<20 valid votes)
2076754-115;2023;2023-12-18;12;2;10;0.16666666666666666;0.8333333333333334;0;False;low_participation (<20 valid votes)
2076754-124;2023;2023-12-21;12;9;3;0.75;0.25;0;False;low_participation (<20 valid votes)
2076875-108;2024;2024-05-22;15;11;4;0.7333333333333333;0.26666666666666666;0;False;low_participation (<20 valid votes)
2079477-63;2024;2024-04-17;37;0;37;0.0;1.0;0;False;nearly_unanimous (majority >= 97%)
2079477-74;2024;2024-05-15;44;16;28;0.36363636363636365;0.6363636363636364;0;True;
2079477-80;2024;2024-05-15;47;34;13;0.723404255319149;0.2765957446808511;0;True;
2079700-179;2024;2024-08-27;50;16;34;0.32;0.68;0;True;
2079700-191;2024;2024-10-09;44;9;35;0.20454545454545456;0.7954545454545454;0;True;
2079700-200;2024;2024-10-09;46;13;33;0.2826086956521739;0.717391304347826;0;True;
2079700-204;2024;2024-10-09;48;36;12;0.75;0.25;0;True;
2115253-104;2023;2023-05-17;397;184;213;0.4634760705289673;0.5365239294710328;1;True;
2115253-111;2023;2023-05-17;419;187;232;0.44630071599045346;0.5536992840095465;1;True;
2115253-116;2023;2023-05-17;394;173;221;0.43908629441624364;0.5609137055837563;1;True;
2115253-118;2023;2023-05-17;397;217;180;0.5465994962216625;0.4534005037783375;1;True;
2115253-156;2023;2023-11-08;378;104;274;0.2751322751322751;0.7248677248677249;1;True;
2115253-167;2023;2023-11-08;389;120;269;0.30848329048843187;0.6915167095115681;1;True;
2115253-172;2023;2023-11-08;337;49;288;0.14540059347181009;0.8545994065281899;61;True;
2115253-175;2023;2023-11-08;417;296;121;0.709832134292566;0.290167865707434;13;True;
2115253-179;2023;2023-11-08;392;268;124;0.6836734693877551;0.3163265306122449;1;True;
2115253-183;2023;2023-11-08;398;286;112;0.7185929648241206;0.2814070351758794;1;True;
2121416-85;2025;2025-10-14;40;13;27;0.325;0.675;0;True;
2121642-102;2025;2025-05-27;412;319;93;0.7742718446601942;0.22572815533980584;1;True;
2121642-105;2025;2025-05-27;415;310;105;0.7469879518072289;0.25301204819277107;2;True;
2121642-88;2025;2025-05-27;393;82;311;0.20865139949109415;0.7913486005089059;2;True;
2121642-95;2025;2025-05-27;399;84;315;0.21052631578947367;0.7894736842105263;2;True;
2122682-86;2025;2025-11-04;423;417;6;0.9858156028368794;0.014184397163120567;1;False;nearly_unanimous (majority >= 97%)
2122682-94;2025;2025-11-04;417;414;3;0.9928057553956835;0.007194244604316547;2;False;nearly_unanimous (majority >= 97%)
2123646-69;2024;2024-04-17;41;0;41;0.0;1.0;0;False;nearly_unanimous (majority >= 97%)
2125189-161;2023;2023-11-29;390;98;292;0.2512820512820513;0.7487179487179487;2;True;
2125189-174;2023;2023-11-29;414;106;308;0.2560386473429952;0.7439613526570048;1;True;
2125189-176;2023;2023-11-29;406;305;101;0.7512315270935961;0.24876847290640394;2;True;
2125189-180;2023;2023-11-29;397;119;278;0.29974811083123426;0.7002518891687658;1;True;
2125189-191;2023;2023-11-29;381;276;105;0.7244094488188977;0.2755905511811024;1;True;
2128135-56;2024;2024-06-05;12;6;6;0.5;0.5;0;False;low_participation (<20 valid votes)
2128135-61;2024;2024-06-19;13;4;9;0.3076923076923077;0.6923076923076923;0;False;low_participation (<20 valid votes)
2128135-67;2024;2024-07-03;14;5;9;0.35714285714285715;0.6428571428571429;0;False;low_participation (<20 valid votes)
2128135-72;2024;2024-07-03;15;10;5;0.6666666666666666;0.3333333333333333;0;False;low_participation (<20 valid votes)
2133009-120;2023;2023-08-29;52;20;32;0.38461538461538464;0.6153846153846154;0;True;
2133009-126;2023;2023-08-29;42;14;28;0.3333333333333333;0.6666666666666666;0;True;
2138680-43;2023;2023-03-29;44;19;25;0.4318181818181818;0.5681818181818182;0;True;
2138680-57;2023;2023-04-12;44;24;20;0.5454545454545454;0.45454545454545453;0;True;
2139049-52;2023;2023-09-26;48;24;24;0.5;0.5;0;True;
2141497-80;2023;2023-04-11;36;12;24;0.3333333333333333;0.6666666666666666;1;True;
2146350-85;2023;2023-10-24;37;11;26;0.2972972972972973;0.7027027027027027;0;True;
2147513-112;2024;2024-05-07;34;3;31;0.08823529411764706;0.9117647058823529;0;True;
2147513-140;2024;2024-07-03;48;12;36;0.25;0.75;0;True;
2147513-171;2024;2024-12-11;54;39;15;0.7222222222222222;0.2777777777777778;0;True;
2147513-92;2024;2024-04-16;49;13;36;0.2653061224489796;0.7346938775510204;0;True;
2147513-99;2024;2024-04-17;47;2;45;0.0425531914893617;0.9574468085106383;0;True;
2149303-50;2023;2023-10-18;421;323;98;0.7672209026128266;0.2327790973871734;4;True;
2150163-78;2024;2024-05-15;42;17;25;0.40476190476190477;0.5952380952380952;0;True;
2157806-125;2025;2025-11-04;427;158;269;0.3700234192037471;0.629976580796253;2;True;
2157806-131;2025;2025-11-04;411;308;103;0.7493917274939172;0.25060827250608275;2;True;
2157806-137;2025;2025-11-04;448;330;118;0.7366071428571429;0.26339285714285715;4;True;
2157806-143;2025;2025-11-05;341;87;254;0.25513196480938416;0.7448680351906158;1;True;
2157806-168;2025;2025-11-05;419;325;94;0.7756563245823389;0.2243436754176611;1;True;
2157806-177;2025;2025-11-05;425;327;98;0.7694117647058824;0.23058823529411765;1;True;
2160441-100;2023;2023-11-07;44;32;12;0.7272727272727273;0.2727272727272727;0;True;
2160441-82;2023;2023-10-25;47;18;29;0.3829787234042553;0.6170212765957447;0;True;
2160441-90;2023;2023-10-31;36;6;30;0.16666666666666666;0.8333333333333334;0;True;
2162116-161;2026;2026-04-08;445;36;409;0.08089887640449438;0.9191011235955057;1;True;
2162116-169;2026;2026-04-08;480;464;16;0.9666666666666667;0.03333333333333333;0;True;
2162116-178;2026;2026-04-28;456;444;12;0.9736842105263158;0.02631578947368421;0;False;nearly_unanimous (majority >= 97%)
2162116-181;2026;2026-04-28;387;386;1;0.9974160206718347;0.002583979328165375;1;False;nearly_unanimous (majority >= 97%)
2162802-89;2025;2025-02-11;404;297;107;0.7351485148514851;0.26485148514851486;2;True;
2164336-110;2025;2025-11-26;445;427;18;0.9595505617977528;0.04044943820224719;1;True;
2164345-72;2023;2023-06-06;11;11;0;1.0;0.0;0;False;low_participation (<20 valid votes)
2166464-128;2024;2024-06-04;443;384;59;0.8668171557562077;0.13318284424379231;2;True;
2166464-132;2024;2024-06-04;415;2;413;0.004819277108433735;0.9951807228915662;2;False;nearly_unanimous (majority >= 97%)
2166878-66;2023;2023-06-06;29;28;1;0.9655172413793104;0.034482758620689655;0;True;
2167882-83;2024;2024-02-28;422;325;97;0.7701421800947867;0.22985781990521326;2;True;
2168250-55;2023;2023-10-24;35;10;25;0.2857142857142857;0.7142857142857143;0;True;
2169643-64;2026;2026-03-18;40;16;24;0.4;0.6;0;True;
2175977-108;2024;2024-03-20;38;12;26;0.3157894736842105;0.6842105263157895;0;True;
2175977-119;2024;2024-04-09;45;13;32;0.28888888888888886;0.7111111111111111;0;True;
2175977-128;2024;2024-04-17;35;1;34;0.02857142857142857;0.9714285714285714;0;False;nearly_unanimous (majority >= 97%)
2175977-137;2024;2024-04-17;41;2;39;0.04878048780487805;0.9512195121951219;0;True;
2175977-139;2024;2024-04-17;44;37;7;0.8409090909090909;0.1590909090909091;0;True;
2178408-157;2024;2024-08-28;415;114;301;0.2746987951807229;0.7253012048192771;1;True;
2178408-165;2024;2024-08-28;442;439;3;0.9932126696832579;0.006787330316742082;4;False;nearly_unanimous (majority >= 97%)
2178408-173;2024;2024-08-28;437;305;132;0.6979405034324943;0.30205949656750575;2;True;
2180386-73;2024;2024-04-17;34;2;32;0.058823529411764705;0.9411764705882353;1;True;
2181620-115;2025;2025-08-20;36;16;20;0.4444444444444444;0.5555555555555556;0;True;
2181620-123;2025;2025-08-20;32;15;17;0.46875;0.53125;0;True;
2182520-69;2024;2024-12-03;10;10;0;1.0;0.0;0;False;low_participation (<20 valid votes)
2187635-29;2023;2023-09-05;28;12;16;0.42857142857142855;0.5714285714285714;0;True;
2190084-79;2023;2023-11-29;419;403;16;0.9618138424821002;0.03818615751789976;1;True;
2190084-88;2023;2023-11-29;425;387;38;0.9105882352941177;0.08941176470588236;1;True;
2190084-93;2023;2023-11-29;413;253;160;0.612590799031477;0.387409200968523;2;True;
2190707-68;2023;2023-11-29;35;0;35;0.0;1.0;0;False;nearly_unanimous (majority >= 97%)
2190822-75;2023;2023-08-02;42;17;25;0.40476190476190477;0.5952380952380952;0;True;
2190822-86;2023;2023-08-15;48;13;35;0.2708333333333333;0.7291666666666666;0;True;
2190822-89;2023;2023-08-15;51;37;14;0.7254901960784313;0.27450980392156865;0;True;
2190986-104;2024;2024-03-19;46;8;38;0.17391304347826086;0.8260869565217391;0;True;
2190986-112;2024;2024-03-20;40;7;33;0.175;0.825;1;True;
2190986-125;2024;2024-03-20;56;38;18;0.6785714285714286;0.32142857142857145;0;True;
2190986-74;2023;2023-05-02;49;16;33;0.32653061224489793;0.673469387755102;0;True;
2191179-50;2025;2025-05-06;38;7;31;0.18421052631578946;0.8157894736842105;0;True;
2191208-67;2026;2026-05-12;439;436;3;0.9931662870159453;0.00683371298405467;1;False;nearly_unanimous (majority >= 97%)
2191678-93;2025;2025-07-01;347;274;73;0.7896253602305475;0.21037463976945245;2;True;
2191944-53;2023;2023-10-31;44;20;24;0.45454545454545453;0.5454545454545454;0;True;
2192901-54;2023;2023-11-07;28;15;13;0.5357142857142857;0.4642857142857143;0;True;
2193584-7;2025;2025-05-26;399;286;113;0.7167919799498746;0.2832080200501253;1;True;
2193587-69;2024;2024-12-10;44;15;29;0.3409090909090909;0.6590909090909091;0;True;
2193587-83;2024;2024-12-11;51;38;13;0.7450980392156863;0.2549019607843137;0;True;
2193787-58;2023;2023-04-19;41;10;31;0.24390243902439024;0.7560975609756098;0;True;
2193789-38;2024;2024-12-03;11;1;10;0.09090909090909091;0.9090909090909091;0;False;low_participation (<20 valid votes)
2194442-74;2023;2023-11-21;412;63;349;0.1529126213592233;0.8470873786407767;2;True;
2194861-62;2024;2024-12-12;337;90;247;0.26706231454005935;0.7329376854599406;0;True;
2194861-66;2024;2024-12-12;356;108;248;0.30337078651685395;0.6966292134831461;3;True;
2194861-73;2024;2024-12-12;317;90;227;0.28391167192429023;0.7160883280757098;1;True;
2194861-77;2024;2024-12-12;349;238;111;0.6819484240687679;0.31805157593123207;3;True;
2194861-79;2024;2024-12-12;262;176;86;0.6717557251908397;0.3282442748091603;1;True;
2194861-82;2024;2024-12-12;335;229;106;0.6835820895522388;0.3164179104477612;2;True;
2194861-85;2024;2024-12-12;262;183;79;0.6984732824427481;0.3015267175572519;1;True;
2194861-91;2024;2024-12-12;335;228;107;0.6805970149253732;0.3194029850746269;1;True;
2194861-94;2024;2024-12-12;280;196;84;0.7;0.3;1;True;
2195634-67;2023;2023-08-15;12;4;8;0.3333333333333333;0.6666666666666666;0;False;low_participation (<20 valid votes)
2195860-79;2025;2025-10-22;12;6;6;0.5;0.5;0;False;low_participation (<20 valid votes)
2195860-81;2025;2025-10-22;11;9;2;0.8181818181818182;0.18181818181818182;0;False;low_participation (<20 valid votes)
2196486-105;2023;2023-05-24;45;14;31;0.3111111111111111;0.6888888888888889;0;True;
2196486-79;2023;2023-04-19;43;11;32;0.2558139534883721;0.7441860465116279;1;True;
2196486-92;2023;2023-05-10;50;17;33;0.34;0.66;0;True;
2196833-307;2023;2023-07-05;450;148;302;0.3288888888888889;0.6711111111111111;2;True;
2196833-323;2023;2023-07-06;490;133;357;0.2714285714285714;0.7285714285714285;5;True;
2196833-326;2023;2023-07-06;500;382;118;0.764;0.236;3;True;
2196833-328;2023;2023-07-06;493;379;114;0.768762677484787;0.23123732251521298;1;True;
2196833-331;2023;2023-07-06;487;317;170;0.6509240246406571;0.3490759753593429;1;True;
2196833-349;2023;2023-07-06;498;390;108;0.7831325301204819;0.21686746987951808;1;True;
2196833-353;2023;2023-07-06;495;379;116;0.7656565656565657;0.23434343434343435;1;True;
2196833-356;2023;2023-07-06;486;383;103;0.7880658436213992;0.21193415637860083;2;True;
2196833-359;2023;2023-07-06;493;379;114;0.768762677484787;0.23123732251521298;2;True;
2196833-362;2023;2023-07-06;491;344;147;0.7006109979633401;0.29938900203665986;2;True;
2196833-365;2023;2023-07-06;485;461;24;0.9505154639175257;0.049484536082474224;3;True;
2196833-373;2023;2023-07-06;488;375;113;0.7684426229508197;0.23155737704918034;3;True;
2196833-380;2023;2023-07-06;460;423;37;0.9195652173913044;0.08043478260869565;1;True;
2196833-386;2023;2023-07-07;468;336;132;0.717948717948718;0.28205128205128205;0;True;
2196833-390;2023;2023-07-07;433;349;84;0.8060046189376443;0.19399538106235567;38;True;
2196833-392;2023;2023-07-07;398;370;28;0.9296482412060302;0.07035175879396985;40;True;
2196833-395;2023;2023-07-07;473;307;166;0.6490486257928119;0.35095137420718814;13;True;
2204088-80;2024;2024-09-09;362;14;348;0.03867403314917127;0.9613259668508287;73;True;
2204088-85;2024;2024-09-09;371;5;366;0.013477088948787063;0.9865229110512129;76;False;nearly_unanimous (majority >= 97%)
2204088-88;2024;2024-09-09;451;450;1;0.9977827050997783;0.0022172949002217295;3;False;nearly_unanimous (majority >= 97%)
2205254-76;2023;2023-08-08;365;347;18;0.9506849315068493;0.049315068493150684;2;True;
2207066-109;2024;2024-08-13;45;13;32;0.28888888888888886;0.7111111111111111;0;True;
2207767-59;2024;2024-08-13;43;18;25;0.4186046511627907;0.5813953488372093;0;True;
2210127-55;2023;2023-04-25;42;1;41;0.023809523809523808;0.9761904761904762;1;False;nearly_unanimous (majority >= 97%)
2210127-60;2023;2023-04-26;34;0;34;0.0;1.0;0;False;nearly_unanimous (majority >= 97%)
2210920-80;2024;2024-06-05;13;0;13;0.0;1.0;0;False;low_participation (<20 valid votes)
2212908-90;2024;2024-04-17;35;0;35;0.0;1.0;0;False;nearly_unanimous (majority >= 97%)
2215268-40;2023;2023-05-02;37;10;27;0.2702702702702703;0.7297297297297297;0;True;
2218538-8;2023;2023-12-05;413;411;2;0.9951573849878934;0.004842615012106538;13;False;nearly_unanimous (majority >= 97%)
2219957-27;2024;2024-10-30;45;18;27;0.4;0.6;0;True;
2219957-37;2024;2024-11-12;53;20;33;0.37735849056603776;0.6226415094339622;0;True;
2219957-46;2024;2024-11-26;43;14;29;0.32558139534883723;0.6744186046511628;0;True;
2219957-54;2024;2024-12-04;33;5;28;0.15151515151515152;0.8484848484848485;1;True;
2219957-58;2024;2024-12-04;38;13;25;0.34210526315789475;0.6578947368421053;0;True;
2219957-61;2024;2024-12-04;38;27;11;0.7105263157894737;0.2894736842105263;0;True;
2220819-82;2025;2025-07-09;34;17;17;0.5;0.5;0;True;
2224999-104;2023;2023-10-03;327;57;270;0.1743119266055046;0.8256880733944955;59;True;
2224999-107;2023;2023-10-03;316;301;15;0.9525316455696202;0.04746835443037975;62;True;
2224999-67;2023;2023-10-03;330;29;301;0.08787878787878788;0.9121212121212121;66;True;
2224999-77;2023;2023-10-03;307;26;281;0.08469055374592833;0.9153094462540716;62;True;
2224999-88;2023;2023-10-03;302;19;283;0.06291390728476821;0.9370860927152318;59;True;
2224999-96;2023;2023-10-03;337;312;25;0.9258160237388724;0.07418397626112759;62;True;
2225224-117;2025;2025-10-30;401;386;15;0.9625935162094763;0.03740648379052369;2;True;
2225224-125;2025;2025-10-30;434;417;17;0.9608294930875576;0.03917050691244239;2;True;
2226885-52;2023;2023-10-10;11;11;0;1.0;0.0;0;False;low_participation (<20 valid votes)
2227739-64;2025;2025-05-20;35;2;33;0.05714285714285714;0.9428571428571428;0;True;
2227739-72;2025;2025-05-20;34;1;33;0.029411764705882353;0.9705882352941176;0;False;nearly_unanimous (majority >= 97%)
2228358-56;2025;2025-05-06;13;6;7;0.46153846153846156;0.5384615384615384;0;False;low_participation (<20 valid votes)
2231632-102;2023;2023-12-05;401;257;144;0.6408977556109726;0.35910224438902744;3;True;
2231632-97;2023;2023-12-05;420;240;180;0.5714285714285714;0.42857142857142855;1;True;
2231888-29;2025;2025-04-09;54;26;28;0.48148148148148145;0.5185185185185185;0;True;
2233324-100;2025;2025-05-26;433;231;202;0.5334872979214781;0.4665127020785219;10;True;
2233324-103;2025;2025-05-26;431;284;147;0.6589327146171694;0.34106728538283065;3;True;
2233324-106;2025;2025-05-26;407;233;174;0.5724815724815725;0.4275184275184275;4;True;
2233324-71;2025;2025-05-05;372;111;261;0.29838709677419356;0.7016129032258065;5;True;
2233324-75;2025;2025-05-05;369;108;261;0.2926829268292683;0.7073170731707317;3;True;
2233324-83;2025;2025-05-05;361;113;248;0.31301939058171746;0.6869806094182825;6;True;
2233324-86;2025;2025-05-05;358;233;125;0.6508379888268156;0.34916201117318435;6;True;
2233324-97;2025;2025-05-26;441;139;302;0.31519274376417233;0.6848072562358276;2;True;
2233802-401;2026;2026-05-27;38;34;4;0.8947368421052632;0.10526315789473684;0;True;
2233802-416;2026;2026-05-27;472;371;101;0.7860169491525424;0.21398305084745764;1;True;
2233802-424;2026;2026-05-27;493;471;22;0.9553752535496958;0.04462474645030426;1;True;
2233802-438;2026;2026-05-27;479;460;19;0.9603340292275574;0.03966597077244259;0;True;
2234260-164;2026;2026-04-22;413;252;161;0.6101694915254238;0.3898305084745763;1;True;
2236291-85;2024;2024-06-19;429;313;116;0.7296037296037297;0.2703962703962704;1;True;
2237596-92;2025;2025-11-26;393;386;7;0.9821882951653944;0.017811704834605598;1;False;nearly_unanimous (majority >= 97%)
2238434-100;2024;2024-03-13;430;382;48;0.8883720930232558;0.11162790697674418;1;True;
2238434-104;2024;2024-03-13;414;38;376;0.09178743961352658;0.9082125603864735;2;True;
2238434-146;2024;2024-09-11;294;14;280;0.047619047619047616;0.9523809523809523;66;True;
2238434-150;2024;2024-09-11;331;22;309;0.06646525679758308;0.9335347432024169;69;True;
2238434-80;2024;2024-03-13;448;429;19;0.9575892857142857;0.04241071428571429;4;True;
2238434-85;2024;2024-03-13;376;14;362;0.03723404255319149;0.9627659574468085;1;True;
2238434-87;2024;2024-03-13;350;288;62;0.8228571428571428;0.17714285714285713;2;True;
2238434-89;2024;2024-03-13;412;98;314;0.23786407766990292;0.7621359223300971;1;True;
2238434-94;2024;2024-03-13;423;191;232;0.4515366430260047;0.5484633569739953;3;True;
2238434-99;2024;2024-03-13;431;152;279;0.35266821345707655;0.6473317865429234;1;True;
2241811-29;2024;2024-04-24;39;19;20;0.48717948717948717;0.5128205128205128;0;True;
2241973-52;2024;2024-04-10;14;13;1;0.9285714285714286;0.07142857142857142;0;False;low_participation (<20 valid votes)
2244008-82;2024;2024-10-16;397;105;292;0.26448362720403024;0.7355163727959698;1;True;
2252295-110;2025;2025-07-08;267;55;212;0.20599250936329588;0.7940074906367042;1;True;
2252295-120;2025;2025-07-08;415;352;63;0.8481927710843373;0.15180722891566265;1;True;
2252295-130;2025;2025-07-08;426;316;110;0.7417840375586855;0.25821596244131456;2;True;
2253943-133;2025;2025-08-26;381;371;10;0.973753280839895;0.026246719160104987;1;False;nearly_unanimous (majority >= 97%)
2255003-39;2023;2023-06-06;13;4;9;0.3076923076923077;0.6923076923076923;0;False;low_participation (<20 valid votes)
2255003-42;2023;2023-06-06;11;10;1;0.9090909090909091;0.09090909090909091;0;False;low_participation (<20 valid votes)
2256159-69;2025;2025-05-06;37;4;33;0.10810810810810811;0.8918918918918919;0;True;
2257488-84;2025;2025-04-08;11;2;9;0.18181818181818182;0.8181818181818182;0;False;low_participation (<20 valid votes)
2258828-105;2024;2024-12-12;352;267;85;0.7585227272727273;0.24147727272727273;15;True;
2262108-41;2023;2023-04-26;45;3;42;0.06666666666666667;0.9333333333333333;0;True;
2262945-52;2024;2024-06-05;46;16;30;0.34782608695652173;0.6521739130434783;0;True;
2264300-44;2025;2025-09-10;10;0;10;0.0;1.0;0;False;low_participation (<20 valid votes)
2267419-90;2023;2023-04-26;41;12;29;0.2926829268292683;0.7073170731707317;0;True;
2267839-92;2024;2024-05-22;14;10;4;0.7142857142857143;0.2857142857142857;0;False;low_participation (<20 valid votes)
2268676-103;2023;2023-11-22;38;7;31;0.18421052631578946;0.8157894736842105;0;True;
2268676-115;2023;2023-12-05;38;14;24;0.3684210526315789;0.631578947368421;0;True;
2268676-120;2023;2023-12-05;37;12;25;0.32432432432432434;0.6756756756756757;0;True;
2268676-127;2023;2023-12-05;46;30;16;0.6521739130434783;0.34782608695652173;0;True;
2268676-85;2023;2023-09-12;45;17;28;0.37777777777777777;0.6222222222222222;0;True;
2269745-144;2024;2024-12-18;462;448;14;0.9696969696969697;0.030303030303030304;2;True;
2269745-70;2024;2024-03-19;401;51;350;0.12718204488778054;0.8728179551122195;10;True;
2269745-79;2024;2024-03-20;372;279;93;0.75;0.25;1;True;
2269745-81;2024;2024-03-20;417;195;222;0.4676258992805755;0.5323741007194245;1;True;
2269745-84;2024;2024-03-20;412;225;187;0.5461165048543689;0.4538834951456311;1;True;
2269745-86;2024;2024-03-20;418;283;135;0.6770334928229665;0.3229665071770335;1;True;
2269745-88;2024;2024-03-20;403;382;21;0.9478908188585607;0.052109181141439205;6;True;
2269745-90;2024;2024-03-20;402;315;87;0.7835820895522388;0.21641791044776118;2;True;
2269745-93;2024;2024-03-20;427;306;121;0.7166276346604216;0.28337236533957844;2;True;
2270325-88;2025;2025-11-12;448;348;100;0.7767857142857143;0.22321428571428573;2;True;
2270325-92;2025;2025-11-12;363;148;215;0.40771349862258954;0.5922865013774105;1;True;
2270800-121;2025;2025-09-16;410;144;266;0.35121951219512193;0.6487804878048781;1;True;
2270800-126;2025;2025-09-16;461;137;324;0.29718004338394793;0.702819956616052;1;True;
2270800-130;2025;2025-09-16;468;346;122;0.7393162393162394;0.2606837606837607;1;True;
2270800-135;2025;2025-09-16;487;353;134;0.7248459958932238;0.2751540041067762;1;True;
2270800-148;2025;2025-09-16;469;322;147;0.6865671641791045;0.31343283582089554;1;True;
2270800-151;2025;2025-09-16;473;317;156;0.6701902748414377;0.3298097251585624;1;True;
2270800-160;2025;2025-09-16;477;344;133;0.7211740041928721;0.27882599580712786;0;True;
2270800-165;2025;2025-09-16;470;296;174;0.6297872340425532;0.3702127659574468;0;True;
2270800-172;2025;2025-09-17;441;132;309;0.29931972789115646;0.7006802721088435;1;True;
2270800-175;2025;2025-09-17;482;314;168;0.6514522821576764;0.34854771784232363;0;True;
2271762-43;2023;2023-09-27;32;13;19;0.40625;0.59375;0;True;
2277279-40;2023;2023-09-05;49;11;38;0.22448979591836735;0.7755102040816326;0;True;
2277279-53;2023;2023-09-26;42;17;25;0.40476190476190477;0.5952380952380952;0;True;
2277279-64;2023;2023-10-17;37;5;32;0.13513513513513514;0.8648648648648649;0;True;
2277279-68;2023;2023-10-17;39;28;11;0.717948717948718;0.28205128205128205;0;True;
2277348-72;2026;2026-03-11;42;20;22;0.47619047619047616;0.5238095238095238;1;True;
2277651-56;2023;2023-04-25;44;11;33;0.25;0.75;0;True;
2279186-104;2025;2025-10-29;436;293;143;0.6720183486238532;0.32798165137614677;2;True;
2279186-107;2025;2025-10-29;406;143;263;0.3522167487684729;0.6477832512315271;2;True;
2279186-84;2025;2025-10-29;424;148;276;0.3490566037735849;0.6509433962264151;1;True;
2279186-86;2025;2025-10-29;432;286;146;0.6620370370370371;0.33796296296296297;2;True;
2279186-92;2025;2025-10-29;392;260;132;0.6632653061224489;0.336734693877551;1;True;
2279186-94;2025;2025-10-29;401;276;125;0.6882793017456359;0.3117206982543641;1;True;
2279186-97;2025;2025-10-29;421;269;152;0.6389548693586699;0.36104513064133015;1;True;
2279186-99;2025;2025-10-29;397;223;174;0.5617128463476071;0.43828715365239296;1;True;
2282142-9;2023;2023-09-20;398;285;113;0.7160804020100503;0.28391959798994976;3;True;
2283136-39;2025;2025-04-10;315;37;278;0.11746031746031746;0.8825396825396825;2;True;
2284555-280;2025;2025-10-07;466;446;20;0.9570815450643777;0.04291845493562232;1;True;
2284555-287;2025;2025-10-07;436;426;10;0.9770642201834863;0.022935779816513763;1;False;nearly_unanimous (majority >= 97%)
2285390-59;2024;2024-03-19;37;4;33;0.10810810810810811;0.8918918918918919;0;True;
2286627-121;2024;2024-05-08;45;16;29;0.35555555555555557;0.6444444444444445;0;True;
2286627-142;2024;2024-08-14;32;1;31;0.03125;0.96875;3;True;
2286627-150;2024;2024-08-14;34;33;1;0.9705882352941176;0.029411764705882353;1;False;nearly_unanimous (majority >= 97%)
2286627-155;2024;2024-08-14;50;37;13;0.74;0.26;0;True;
2288021-102;2023;2023-09-19;40;18;22;0.45;0.55;0;True;
2288021-108;2023;2023-09-26;46;17;29;0.3695652173913043;0.6304347826086957;0;True;
2288021-113;2023;2023-09-26;49;33;16;0.673469387755102;0.32653061224489793;0;True;
2288318-70;2023;2023-09-12;467;464;3;0.9935760171306209;0.006423982869379015;2;False;nearly_unanimous (majority >= 97%)
2288318-78;2023;2023-09-12;456;453;3;0.993421052631579;0.006578947368421052;1;False;nearly_unanimous (majority >= 97%)
2289351-66;2023;2023-05-03;31;19;12;0.6129032258064516;0.3870967741935484;0;True;
2289552-46;2023;2023-09-26;46;18;28;0.391304347826087;0.6086956521739131;0;True;
2289552-55;2023;2023-09-26;51;18;33;0.35294117647058826;0.6470588235294118;0;True;
2289552-58;2023;2023-09-26;44;29;15;0.6590909090909091;0.3409090909090909;0;True;
2289763-52;2024;2024-08-14;11;4;7;0.36363636363636365;0.6363636363636364;0;False;low_participation (<20 valid votes)
2290130-49;2024;2024-04-24;13;0;13;0.0;1.0;0;False;low_participation (<20 valid votes)
2290759-62;2023;2023-11-28;46;12;34;0.2608695652173913;0.7391304347826086;0;True;
2291298-41;2024;2024-05-15;10;0;10;0.0;1.0;0;False;low_participation (<20 valid votes)
2291877-43;2023;2023-12-12;41;13;28;0.3170731707317073;0.6829268292682927;0;True;
2295135-33;2023;2023-11-22;14;1;13;0.07142857142857142;0.9285714285714286;0;False;low_participation (<20 valid votes)
2296528-48;2024;2024-05-14;43;19;24;0.4418604651162791;0.5581395348837209;0;True;
2296528-63;2024;2024-06-04;36;12;24;0.3333333333333333;0.6666666666666666;0;True;
2297512-65;2025;2025-05-29;360;102;258;0.2833333333333333;0.7166666666666667;1;True;
2297512-70;2025;2025-05-29;399;392;7;0.9824561403508771;0.017543859649122806;1;False;nearly_unanimous (majority >= 97%)
2299903-53;2023;2023-11-29;407;286;121;0.7027027027027027;0.2972972972972973;3;True;
2300232-56;2023;2023-12-06;56;20;36;0.35714285714285715;0.6428571428571429;0;True;
2301103-79;2024;2024-05-15;14;11;3;0.7857142857142857;0.21428571428571427;0;False;low_participation (<20 valid votes)
2301331-42;2025;2025-08-27;23;22;1;0.9565217391304348;0.043478260869565216;2;True;
2301683-33;2023;2023-03-22;303;56;247;0.1848184818481848;0.8151815181518152;1;True;
2302821-51;2025;2025-04-02;43;10;33;0.23255813953488372;0.7674418604651163;0;True;
2303871-36;2023;2023-12-12;54;24;30;0.4444444444444444;0.5555555555555556;0;True;
2305375-57;2024;2024-07-02;20;16;4;0.8;0.2;0;True;
2305816-108;2023;2023-06-14;28;4;24;0.14285714285714285;0.8571428571428571;0;True;
2306513-111;2025;2025-05-29;370;48;322;0.12972972972972974;0.8702702702702703;2;True;
2306513-113;2025;2025-05-29;418;214;204;0.5119617224880383;0.4880382775119617;2;True;
2306513-116;2025;2025-05-29;401;285;116;0.7107231920199502;0.2892768079800499;4;True;
2309053-157;2023;2023-10-03;253;10;243;0.039525691699604744;0.9604743083003953;38;True;
2309053-167;2023;2023-10-03;288;22;266;0.0763888888888889;0.9236111111111112;53;True;
2309053-173;2023;2023-10-03;317;26;291;0.08201892744479496;0.917981072555205;68;True;
2309053-174;2023;2023-10-03;316;305;11;0.9651898734177216;0.03481012658227848;66;True;
2309053-176;2023;2023-10-03;314;9;305;0.028662420382165606;0.9713375796178344;62;False;nearly_unanimous (majority >= 97%)
2309053-179;2023;2023-10-03;410;159;251;0.3878048780487805;0.6121951219512195;12;True;
2309995-40;2023;2023-05-24;41;14;27;0.34146341463414637;0.6585365853658537;1;True;
2309995-53;2023;2023-06-13;37;15;22;0.40540540540540543;0.5945945945945946;0;True;
2310837-8;2023;2023-04-25;430;238;192;0.5534883720930233;0.44651162790697674;1;True;
2311361-37;2026;2026-05-27;17;8;9;0.47058823529411764;0.5294117647058824;0;False;low_participation (<20 valid votes)
2312373-128;2023;2023-11-22;416;45;371;0.10817307692307693;0.8918269230769231;1;True;
2312373-140;2023;2023-11-22;406;31;375;0.07635467980295567;0.9236453201970444;6;True;
2314518-38;2024;2024-12-04;37;11;26;0.2972972972972973;0.7027027027027027;0;True;
2315917-27;2024;2024-08-13;47;20;27;0.425531914893617;0.574468085106383;0;True;
2315917-38;2024;2024-10-29;44;13;31;0.29545454545454547;0.7045454545454546;0;True;
2315917-45;2024;2024-10-29;37;3;34;0.08108108108108109;0.918918918918919;0;True;
2315917-49;2024;2024-10-29;34;31;3;0.9117647058823529;0.08823529411764706;0;True;
2317934-29;2024;2024-12-03;10;1;9;0.1;0.9;0;False;low_participation (<20 valid votes)
2317934-32;2024;2024-12-03;11;2;9;0.18181818181818182;0.8181818181818182;0;False;low_participation (<20 valid votes)
2318217-77;2025;2025-09-03;436;347;89;0.7958715596330275;0.20412844036697247;1;True;
2318217-81;2025;2025-09-03;429;119;310;0.2773892773892774;0.7226107226107226;2;True;
2318217-86;2025;2025-09-03;346;311;35;0.8988439306358381;0.10115606936416185;1;True;
2318217-90;2025;2025-09-03;432;313;119;0.7245370370370371;0.27546296296296297;2;True;
2318217-93;2025;2025-09-03;441;165;276;0.3741496598639456;0.6258503401360545;0;True;
2318399-27;2024;2024-08-27;58;19;39;0.3275862068965517;0.6724137931034483;0;True;
2318399-36;2024;2024-10-09;44;11;33;0.25;0.75;0;True;
2318399-43;2024;2024-10-09;44;10;34;0.22727272727272727;0.7727272727272727;0;True;
2318399-50;2024;2024-10-09;50;36;14;0.72;0.28;0;True;
2319364-20;2024;2024-05-21;413;243;170;0.5883777239709443;0.4116222760290557;2;True;
2319815-49;2024;2024-06-05;41;8;33;0.1951219512195122;0.8048780487804879;0;True;
2320081-66;2024;2024-08-14;444;423;21;0.9527027027027027;0.0472972972972973;2;True;
2320081-68;2024;2024-08-14;433;421;12;0.9722863741339491;0.02771362586605081;1;False;nearly_unanimous (majority >= 97%)
2320532-34;2024;2024-12-03;12;2;10;0.16666666666666666;0.8333333333333334;0;False;low_participation (<20 valid votes)
2320532-38;2024;2024-12-03;11;1;10;0.09090909090909091;0.9090909090909091;0;False;low_participation (<20 valid votes)
2320532-41;2024;2024-12-03;13;11;2;0.8461538461538461;0.15384615384615385;0;False;low_participation (<20 valid votes)
2320643-8;2023;2023-08-29;398;303;95;0.7613065326633166;0.23869346733668342;1;True;
2321016-41;2025;2025-04-02;34;0;34;0.0;1.0;0;False;nearly_unanimous (majority >= 97%)
2321477-44;2024;2024-11-13;13;4;9;0.3076923076923077;0.6923076923076923;0;False;low_participation (<20 valid votes)
2323050-47;2023;2023-10-24;37;14;23;0.3783783783783784;0.6216216216216216;0;True;
2323056-21;2023;2023-08-29;48;23;25;0.4791666666666667;0.5208333333333334;0;True;
2323056-55;2023;2023-12-13;41;11;30;0.2682926829268293;0.7317073170731707;0;True;
2323391-73;2024;2024-02-28;354;343;11;0.9689265536723164;0.031073446327683617;2;True;
2324243-8;2024;2024-11-13;373;262;111;0.7024128686327078;0.2975871313672922;2;True;
2324721-73;2024;2024-04-09;40;10;30;0.25;0.75;0;True;
2324721-79;2024;2024-04-09;50;39;11;0.78;0.22;0;True;
2324721-94;2024;2024-05-08;440;309;131;0.7022727272727273;0.29772727272727273;3;True;
2324988-18;2025;2025-05-29;391;121;270;0.309462915601023;0.690537084398977;1;True;
2324988-23;2025;2025-05-29;304;295;9;0.9703947368421053;0.029605263157894735;1;False;nearly_unanimous (majority >= 97%)
2325721-41;2023;2023-10-31;39;16;23;0.41025641025641024;0.5897435897435898;0;True;
2325721-49;2023;2023-11-07;51;24;27;0.47058823529411764;0.5294117647058824;0;True;
2325721-54;2023;2023-11-07;42;16;26;0.38095238095238093;0.6190476190476191;0;True;
2325721-62;2023;2023-11-07;44;33;11;0.75;0.25;0;True;
2325845-23;2024;2024-09-10;395;386;9;0.9772151898734177;0.02278481012658228;58;False;nearly_unanimous (majority >= 97%)
2325986-29;2025;2025-04-02;25;0;25;0.0;1.0;0;False;nearly_unanimous (majority >= 97%)
2326582-61;2024;2024-04-16;402;383;19;0.9527363184079602;0.0472636815920398;1;True;
2326749-8;2023;2023-04-11;403;296;107;0.7344913151364765;0.2655086848635236;1;True;
2330331-44;2025;2025-05-07;10;0;10;0.0;1.0;0;False;low_participation (<20 valid votes)
2331282-8;2023;2023-08-29;415;415;0;1.0;0.0;1;False;nearly_unanimous (majority >= 97%)
2332775-85;2024;2024-06-05;39;11;28;0.28205128205128205;0.717948717948718;0;True;
2332775-89;2024;2024-06-05;36;25;11;0.6944444444444444;0.3055555555555556;0;True;
2333899-27;2024;2024-11-12;32;28;4;0.875;0.125;0;True;
2333929-40;2023;2023-11-29;334;307;27;0.9191616766467066;0.08083832335329341;5;True;
2334279-38;2023;2023-05-10;401;54;347;0.13466334164588528;0.8653366583541147;1;True;
2334279-57;2023;2023-05-10;414;335;79;0.8091787439613527;0.19082125603864733;4;True;
2334680-29;2023;2023-08-23;29;16;13;0.5517241379310345;0.4482758620689655;0;True;
2334680-34;2024;2024-05-22;38;19;19;0.5;0.5;0;True;
2334680-39;2024;2024-07-03;33;14;19;0.42424242424242425;0.5757575757575758;1;True;
2334680-46;2024;2024-07-03;41;20;21;0.4878048780487805;0.5121951219512195;0;True;
2334926-27;2026;2026-02-24;37;18;19;0.4864864864864865;0.5135135135135135;0;True;
2334928-46;2023;2023-09-26;47;20;27;0.425531914893617;0.574468085106383;0;True;
2334996-63;2023;2023-12-06;16;3;13;0.1875;0.8125;0;False;low_participation (<20 valid votes)
2335185-89;2025;2025-09-03;373;369;4;0.9892761394101877;0.010723860589812333;1;False;nearly_unanimous (majority >= 97%)
2336393-56;2023;2023-09-05;373;349;24;0.935656836461126;0.064343163538874;3;True;
2336393-59;2023;2023-09-05;402;101;301;0.2512437810945274;0.7487562189054726;1;True;
2336393-61;2023;2023-09-05;398;51;347;0.12814070351758794;0.871859296482412;3;True;
2336393-64;2023;2023-09-05;379;148;231;0.39050131926121373;0.6094986807387863;2;True;
2336393-67;2023;2023-09-05;396;135;261;0.3409090909090909;0.6590909090909091;1;True;
2336505-44;2024;2024-05-22;37;17;20;0.4594594594594595;0.5405405405405406;0;True;
2336505-47;2024;2024-06-05;39;18;21;0.46153846153846156;0.5384615384615384;0;True;
2336505-54;2024;2024-06-05;39;22;17;0.5641025641025641;0.4358974358974359;0;True;
2336833-9;2023;2023-09-04;378;360;18;0.9523809523809523;0.047619047619047616;1;True;
2337246-43;2023;2023-04-25;363;360;3;0.9917355371900827;0.008264462809917356;1;False;nearly_unanimous (majority >= 97%)
2338753-75;2025;2025-12-03;56;25;31;0.44642857142857145;0.5535714285714286;0;True;
2338753-88;2025;2025-12-03;65;37;28;0.5692307692307692;0.4307692307692308;0;True;
2339647-41;2024;2024-10-08;42;12;30;0.2857142857142857;0.7142857142857143;1;True;
2341047-55;2025;2025-05-28;379;76;303;0.20052770448548812;0.7994722955145118;1;True;
2341047-60;2025;2025-05-28;394;105;289;0.26649746192893403;0.733502538071066;0;True;
2344909-65;2023;2023-11-07;418;311;107;0.7440191387559809;0.25598086124401914;1;True;
2344938-48;2023;2023-04-25;397;289;108;0.7279596977329975;0.27204030226700254;1;True;
2344938-60;2023;2023-04-25;397;282;115;0.7103274559193955;0.28967254408060455;2;True;
2344938-71;2023;2023-04-25;374;132;242;0.35294117647058826;0.6470588235294118;1;True;
2345140-8;2023;2023-03-14;401;374;27;0.9326683291770573;0.06733167082294264;3;True;
2345281-63;2023;2023-11-06;390;284;106;0.7282051282051282;0.2717948717948718;1;True;
2345368-50;2023;2023-03-30;272;150;122;0.5514705882352942;0.4485294117647059;1;True;
2345368-56;2023;2023-03-30;338;143;195;0.4230769230769231;0.5769230769230769;1;True;
2345368-78;2023;2023-05-24;430;66;364;0.15348837209302327;0.8465116279069768;3;True;
2345378-38;2023;2023-03-30;364;337;27;0.9258241758241759;0.07417582417582418;1;True;
2345468-38;2023;2023-03-30;379;369;10;0.9736147757255936;0.026385224274406333;1;False;nearly_unanimous (majority >= 97%)
2345484-39;2023;2023-04-26;406;204;202;0.5024630541871922;0.4975369458128079;2;True;
2345484-83;2023;2023-04-27;352;181;171;0.5142045454545454;0.48579545454545453;3;True;
2345493-31;2023;2023-05-31;467;130;337;0.278372591006424;0.721627408993576;2;True;
2345493-35;2023;2023-05-31;438;324;114;0.7397260273972602;0.2602739726027397;2;True;
2345493-38;2023;2023-05-31;430;319;111;0.7418604651162791;0.25813953488372093;2;True;
2345493-41;2023;2023-05-31;462;337;125;0.7294372294372294;0.27056277056277056;2;True;
2345493-44;2023;2023-05-31;438;324;114;0.7397260273972602;0.2602739726027397;2;True;
2345493-47;2023;2023-05-31;446;260;186;0.5829596412556054;0.4170403587443946;3;True;
2345493-50;2023;2023-05-31;425;182;243;0.42823529411764705;0.571764705882353;3;True;
2345680-86;2024;2024-05-22;42;12;30;0.2857142857142857;0.7142857142857143;0;True;
2347150-73;2024;2024-07-03;34;33;1;0.9705882352941176;0.029411764705882353;0;False;nearly_unanimous (majority >= 97%)
2348298-27;2023;2023-10-25;49;20;29;0.40816326530612246;0.5918367346938775;0;True;
2348298-56;2023;2023-12-05;37;10;27;0.2702702702702703;0.7297297297297297;0;True;
2348298-58;2023;2023-12-05;39;32;7;0.8205128205128205;0.1794871794871795;0;True;
2348972-43;2026;2026-04-08;42;20;22;0.47619047619047616;0.5238095238095238;0;True;
2348972-48;2026;2026-04-08;51;28;23;0.5490196078431373;0.45098039215686275;0;True;
2349447-30;2023;2023-11-08;50;37;13;0.74;0.26;0;True;
2349493-100;2024;2024-05-22;420;115;305;0.27380952380952384;0.7261904761904762;1;True;
2349493-103;2024;2024-05-22;433;320;113;0.7390300230946882;0.26096997690531176;1;True;
2349493-118;2024;2024-05-22;440;148;292;0.33636363636363636;0.6636363636363637;1;True;
2349493-37;2024;2024-04-23;59;17;42;0.288135593220339;0.711864406779661;0;True;
2349493-47;2024;2024-04-23;40;2;38;0.05;0.95;0;True;
2349493-51;2024;2024-04-23;46;38;8;0.8260869565217391;0.17391304347826086;1;True;
2349493-69;2024;2024-05-21;451;124;327;0.2749445676274945;0.7250554323725056;2;True;
2349493-73;2024;2024-05-21;433;313;120;0.7228637413394919;0.27713625866050806;1;True;
2349493-80;2024;2024-05-21;429;112;317;0.26107226107226106;0.7389277389277389;1;True;
2349493-82;2024;2024-05-21;456;336;120;0.7368421052631579;0.2631578947368421;2;True;
2349493-86;2024;2024-05-21;438;322;116;0.7351598173515982;0.2648401826484018;1;True;
2349493-89;2024;2024-05-21;439;320;119;0.7289293849658315;0.27107061503416857;1;True;
2349493-92;2024;2024-05-21;435;315;120;0.7241379310344828;0.27586206896551724;1;True;
2349493-95;2024;2024-05-21;432;313;119;0.7245370370370371;0.27546296296296297;1;True;
2349519-44;2026;2026-04-29;15;12;3;0.8;0.2;1;False;low_participation (<20 valid votes)
2349647-27;2024;2024-12-03;13;3;10;0.23076923076923078;0.7692307692307693;0;False;low_participation (<20 valid votes)
2349947-42;2023;2023-05-30;429;159;270;0.3706293706293706;0.6293706293706294;2;True;
2350568-29;2023;2023-08-23;63;18;45;0.2857142857142857;0.7142857142857143;1;True;
2350568-33;2023;2023-08-30;59;20;39;0.3389830508474576;0.6610169491525424;0;True;
2350568-47;2024;2024-12-04;56;19;37;0.3392857142857143;0.6607142857142857;0;True;
2350568-53;2024;2024-12-04;51;29;22;0.5686274509803921;0.43137254901960786;0;True;
2350568-60;2024;2024-12-04;58;31;27;0.5344827586206896;0.46551724137931033;0;True;
2350586-63;2023;2023-08-30;447;430;17;0.9619686800894854;0.03803131991051454;1;True;
2350586-73;2023;2023-08-30;441;116;325;0.26303854875283444;0.7369614512471655;1;True;
2350702-8;2023;2023-03-21;398;397;1;0.9974874371859297;0.002512562814070352;0;False;nearly_unanimous (majority >= 97%)
2350706-6;2023;2023-03-15;377;280;97;0.7427055702917772;0.2572944297082228;2;True;
2350921-33;2024;2024-03-13;14;2;12;0.14285714285714285;0.8571428571428571;0;False;low_participation (<20 valid votes)
2350921-38;2024;2024-03-20;13;1;12;0.07692307692307693;0.9230769230769231;0;False;low_participation (<20 valid votes)
2351179-51;2023;2023-05-04;361;325;36;0.9002770083102493;0.0997229916897507;4;True;
2351284-38;2025;2025-07-02;399;334;65;0.8370927318295739;0.16290726817042606;2;True;
2351332-7;2023;2023-03-14;407;366;41;0.8992628992628993;0.10073710073710074;2;True;
2351506-102;2026;2026-05-28;470;466;4;0.9914893617021276;0.00851063829787234;2;False;nearly_unanimous (majority >= 97%)
2351506-104;2026;2026-05-28;478;385;93;0.805439330543933;0.19456066945606695;8;True;
2351506-108;2026;2026-05-28;449;339;110;0.755011135857461;0.24498886414253898;8;True;
2351506-112;2026;2026-05-28;454;341;113;0.751101321585903;0.2488986784140969;6;True;
2351506-115;2026;2026-05-28;451;334;117;0.7405764966740577;0.25942350332594233;6;True;
2351506-122;2026;2026-05-28;463;367;96;0.7926565874730022;0.20734341252699784;8;True;
2351506-34;2023;2023-09-19;40;1;39;0.025;0.975;0;False;nearly_unanimous (majority >= 97%)
2351506-95;2026;2026-05-28;423;102;321;0.24113475177304963;0.7588652482269503;2;True;
2351536-28;2026;2026-05-20;14;5;9;0.35714285714285715;0.6428571428571429;0;False;low_participation (<20 valid votes)
2351858-41;2024;2024-08-13;38;16;22;0.42105263157894735;0.5789473684210527;0;True;
2351965-34;2024;2024-04-24;13;0;13;0.0;1.0;0;False;low_participation (<20 valid votes)
2351990-37;2023;2023-06-14;411;353;58;0.8588807785888077;0.1411192214111922;2;True;
2352341-33;2023;2023-06-14;46;16;30;0.34782608695652173;0.6521739130434783;0;True;
2352341-44;2023;2023-08-08;47;17;30;0.3617021276595745;0.6382978723404256;1;True;
2352341-58;2023;2023-08-09;52;18;34;0.34615384615384615;0.6538461538461539;0;True;
2352341-61;2023;2023-08-09;52;36;16;0.6923076923076923;0.3076923076923077;0;True;
2352476-136;2024;2024-07-11;360;58;302;0.16111111111111112;0.8388888888888889;3;True;
2352476-141;2024;2024-07-11;408;72;336;0.17647058823529413;0.8235294117647058;3;True;
2352476-146;2024;2024-07-11;406;83;323;0.2044334975369458;0.7955665024630542;2;True;
2352476-149;2024;2024-07-11;433;344;89;0.7944572748267898;0.20554272517321015;5;True;
2352476-155;2024;2024-07-11;427;404;23;0.9461358313817331;0.053864168618266976;2;True;
2352476-165;2024;2024-07-11;367;49;318;0.1335149863760218;0.8664850136239782;2;True;
2352476-168;2024;2024-07-11;421;338;83;0.8028503562945368;0.19714964370546317;5;True;
2352476-171;2024;2024-07-11;402;379;23;0.9427860696517413;0.05721393034825871;2;True;
2352476-40;2023;2023-05-02;50;12;38;0.24;0.76;0;True;
2352476-62;2023;2023-05-16;55;45;10;0.8181818181818182;0.18181818181818182;0;True;
2352500-11;2023;2023-04-11;408;264;144;0.6470588235294118;0.35294117647058826;1;True;
2353243-47;2024;2024-08-14;32;28;4;0.875;0.125;0;True;
2353986-4;2023;2023-04-18;40;7;33;0.175;0.825;0;True;
2354502-8;2023;2023-05-10;373;330;43;0.8847184986595175;0.11528150134048257;2;True;
2354899-8;2023;2023-04-11;425;319;106;0.7505882352941177;0.24941176470588236;1;True;
2355104-126;2025;2025-06-10;434;318;116;0.7327188940092166;0.2672811059907834;1;True;
2355104-96;2025;2025-05-27;379;90;289;0.23746701846965698;0.762532981530343;6;True;
2355135-39;2023;2023-05-03;379;114;265;0.3007915567282322;0.6992084432717678;3;True;
2355135-49;2023;2023-05-03;431;295;136;0.6844547563805105;0.31554524361948955;2;True;
2355363-12;2023;2023-04-19;26;4;22;0.15384615384615385;0.8461538461538461;0;True;
2355510-35;2023;2023-11-22;418;41;377;0.09808612440191387;0.9019138755980861;1;True;
2355510-53;2023;2023-11-22;434;423;11;0.9746543778801844;0.02534562211981567;2;False;nearly_unanimous (majority >= 97%)
2355627-8;2023;2023-08-01;376;328;48;0.8723404255319149;0.1276595744680851;1;True;
2355765-31;2023;2023-10-25;35;5;30;0.14285714285714285;0.8571428571428571;0;True;
2356599-40;2024;2024-05-15;35;13;22;0.37142857142857144;0.6285714285714286;0;True;
2357053-105;2023;2023-08-22;443;351;92;0.7923250564334086;0.2076749435665914;1;True;
2357053-108;2023;2023-08-22;443;379;64;0.8555304740406321;0.14446952595936793;1;True;
2357053-110;2023;2023-08-22;442;19;423;0.042986425339366516;0.9570135746606335;3;True;
2357053-119;2023;2023-08-22;441;176;265;0.39909297052154197;0.6009070294784581;2;True;
2357053-122;2023;2023-08-22;423;153;270;0.3617021276595745;0.6382978723404256;2;True;
2357053-30;2023;2023-05-23;447;105;342;0.2348993288590604;0.7651006711409396;3;True;
2357053-38;2023;2023-05-23;476;371;105;0.7794117647058824;0.22058823529411764;3;True;
2357053-47;2023;2023-05-23;480;372;108;0.775;0.225;1;True;
2357053-50;2023;2023-05-23;448;102;346;0.22767857142857142;0.7723214285714286;2;True;
2357053-53;2023;2023-05-23;449;429;20;0.955456570155902;0.044543429844097995;2;True;
2357053-59;2023;2023-05-24;464;326;138;0.7025862068965517;0.2974137931034483;1;True;
2357053-62;2023;2023-05-24;476;316;160;0.6638655462184874;0.33613445378151263;4;True;
2357053-65;2023;2023-05-24;476;306;170;0.6428571428571429;0.35714285714285715;0;True;
2357053-70;2023;2023-05-24;461;126;335;0.27331887201735355;0.7266811279826464;1;True;
2357055-29;2023;2023-05-10;418;346;72;0.8277511961722488;0.1722488038277512;4;True;
2357625-5;2023;2023-04-26;36;1;35;0.027777777777777776;0.9722222222222222;0;False;nearly_unanimous (majority >= 97%)
2357639-9;2023;2023-05-09;396;348;48;0.8787878787878788;0.12121212121212122;3;True;
2357871-9;2023;2023-05-03;458;322;136;0.7030567685589519;0.29694323144104806;3;True;
2357898-11;2023;2023-12-06;410;254;156;0.6195121951219512;0.3804878048780488;6;True;
2358527-8;2023;2023-05-09;399;346;53;0.8671679197994987;0.13283208020050125;4;True;
2358548-51;2025;2025-12-09;440;146;294;0.33181818181818185;0.6681818181818182;1;True;
2358548-55;2025;2025-12-09;434;147;287;0.3387096774193548;0.6612903225806451;1;True;
2358548-81;2025;2025-12-09;354;218;136;0.615819209039548;0.384180790960452;2;True;
2358548-86;2025;2025-12-09;329;208;121;0.6322188449848024;0.3677811550151976;1;True;
2358548-89;2025;2025-12-09;439;291;148;0.662870159453303;0.33712984054669703;2;True;
2358548-90;2025;2025-12-09;264;230;34;0.8712121212121212;0.12878787878787878;60;True;
2358548-93;2025;2025-12-09;255;229;26;0.8980392156862745;0.10196078431372549;70;True;
2358548-98;2025;2025-12-09;260;235;25;0.9038461538461539;0.09615384615384616;65;True;
2358915-39;2023;2023-10-04;328;56;272;0.17073170731707318;0.8292682926829268;61;True;
2358915-53;2023;2023-10-04;312;29;283;0.09294871794871795;0.907051282051282;60;True;
2358915-67;2023;2023-10-04;337;309;28;0.9169139465875371;0.0830860534124629;67;True;
2358922-21;2023;2023-06-13;349;318;31;0.9111747851002865;0.08882521489971347;2;True;
2359135-28;2023;2023-08-23;402;92;310;0.22885572139303484;0.7711442786069652;1;True;
2359135-39;2023;2023-08-23;440;439;1;0.9977272727272727;0.0022727272727272726;2;False;nearly_unanimous (majority >= 97%)
2359287-7;2023;2023-05-16;431;274;157;0.6357308584686775;0.3642691415313225;1;True;
2359670-79;2025;2025-11-18;37;15;22;0.40540540540540543;0.5945945945945946;0;True;
2360062-8;2023;2023-12-18;445;304;141;0.6831460674157304;0.31685393258426964;1;True;
2360457-42;2025;2025-03-25;390;129;261;0.33076923076923076;0.6692307692307692;7;True;
2360457-45;2025;2025-03-25;388;275;113;0.7087628865979382;0.2912371134020619;10;True;
2360503-27;2023;2023-07-07;416;118;298;0.28365384615384615;0.7163461538461539;2;True;
2360503-35;2023;2023-07-07;351;91;260;0.25925925925925924;0.7407407407407407;12;True;
2360503-45;2023;2023-07-07;367;86;281;0.23433242506811988;0.7656675749318801;20;True;
2360503-74;2023;2023-07-07;396;112;284;0.2828282828282828;0.7171717171717171;2;True;
2360537-70;2024;2024-10-29;43;20;23;0.46511627906976744;0.5348837209302325;0;True;
2361455-25;2025;2025-08-13;25;4;21;0.16;0.84;0;True;
2361455-31;2025;2025-08-13;27;27;0;1.0;0.0;0;False;nearly_unanimous (majority >= 97%)
2361455-33;2025;2025-08-13;26;5;21;0.19230769230769232;0.8076923076923077;0;True;
2362096-45;2024;2024-04-16;58;22;36;0.3793103448275862;0.6206896551724138;1;True;
2362096-56;2024;2024-04-24;40;9;31;0.225;0.775;1;True;
2362096-62;2024;2024-04-24;47;32;15;0.6808510638297872;0.3191489361702128;1;True;
2362096-67;2024;2024-04-24;64;34;30;0.53125;0.46875;0;True;
2362137-8;2023;2023-05-16;445;356;89;0.8;0.2;1;True;
2362190-9;2023;2023-05-24;455;324;131;0.7120879120879121;0.2879120879120879;2;True;
2362292-8;2023;2023-05-17;469;367;102;0.7825159914712153;0.21748400852878466;2;True;
2362526-23;2025;2025-12-16;60;21;39;0.35;0.65;0;True;
2362567-18;2023;2023-12-05;421;374;47;0.8883610451306413;0.11163895486935867;2;True;
2362947-9;2023;2023-08-16;397;291;106;0.7329974811083123;0.26700251889168763;5;True;
2363415-6;2023;2023-06-20;23;17;6;0.7391304347826086;0.2608695652173913;0;True;
2363417-4;2023;2023-06-20;23;7;16;0.30434782608695654;0.6956521739130435;0;True;
2363417-7;2023;2023-06-20;22;16;6;0.7272727272727273;0.2727272727272727;0;True;
2364109-35;2023;2023-06-14;415;252;163;0.6072289156626506;0.3927710843373494;1;True;
2365055-2;2023;2023-06-06;25;20;5;0.8;0.2;0;True;
2366564-26;2024;2024-04-10;13;1;12;0.07692307692307693;0.9230769230769231;0;False;low_participation (<20 valid votes)
2366681-2;2023;2023-08-29;26;13;13;0.5;0.5;0;True;
2366681-3;2023;2023-08-29;26;14;12;0.5384615384615384;0.46153846153846156;0;True;
2366682-2;2023;2023-08-29;25;12;13;0.48;0.52;0;True;
2366682-5;2023;2023-08-29;26;15;11;0.5769230769230769;0.4230769230769231;0;True;
2367064-66;2023;2023-07-07;423;327;96;0.7730496453900709;0.22695035460992907;2;True;
2367064-68;2023;2023-07-07;417;242;175;0.580335731414868;0.4196642685851319;1;True;
2367064-82;2023;2023-07-07;457;251;206;0.5492341356673961;0.45076586433260396;1;True;
2367548-7;2024;2024-02-20;444;442;2;0.9954954954954955;0.0045045045045045045;1;False;nearly_unanimous (majority >= 97%)
2367595-12;2023;2023-06-14;436;318;118;0.7293577981651376;0.2706422018348624;2;True;
2367600-30;2023;2023-09-27;311;19;292;0.06109324758842444;0.9389067524115756;45;True;
2367600-35;2023;2023-09-27;295;9;286;0.030508474576271188;0.9694915254237289;56;True;
2367600-45;2023;2023-09-27;277;275;2;0.9927797833935018;0.007220216606498195;56;False;nearly_unanimous (majority >= 97%)
2367600-47;2023;2023-09-27;260;259;1;0.9961538461538462;0.0038461538461538464;50;False;nearly_unanimous (majority >= 97%)
2367600-49;2023;2023-09-27;271;270;1;0.996309963099631;0.0036900369003690036;53;False;nearly_unanimous (majority >= 97%)
2368697-38;2026;2026-04-22;395;117;278;0.29620253164556964;0.7037974683544304;0;True;
2368697-43;2026;2026-04-22;390;120;270;0.3076923076923077;0.6923076923076923;0;True;
2368697-49;2026;2026-04-22;360;119;241;0.33055555555555555;0.6694444444444444;1;True;
2369594-8;2023;2023-06-20;366;278;88;0.7595628415300546;0.24043715846994534;5;True;
2370495-47;2025;2025-08-13;414;119;295;0.28743961352657005;0.7125603864734299;1;True;
2370495-50;2025;2025-08-13;404;110;294;0.2722772277227723;0.7277227722772277;1;True;
2372071-26;2023;2023-09-14;362;21;341;0.058011049723756904;0.9419889502762431;1;True;
2372071-41;2023;2023-09-14;417;349;68;0.8369304556354916;0.1630695443645084;3;True;
2372071-44;2023;2023-09-14;416;270;146;0.6490384615384616;0.35096153846153844;2;True;
2372099-6;2023;2023-07-06;435;335;100;0.7701149425287356;0.22988505747126436;3;True;
2372772-51;2025;2025-08-13;27;8;19;0.2962962962962963;0.7037037037037037;0;True;
2372772-56;2025;2025-08-13;27;5;22;0.18518518518518517;0.8148148148148148;0;True;
2372772-60;2025;2025-08-13;22;20;2;0.9090909090909091;0.09090909090909091;0;True;
2372983-7;2023;2023-08-08;382;287;95;0.7513089005235603;0.2486910994764398;2;True;
2373113-32;2024;2024-11-27;50;22;28;0.44;0.56;0;True;
2373113-42;2024;2024-12-04;55;26;29;0.4727272727272727;0.5272727272727272;0;True;
2373113-47;2024;2024-12-04;62;38;24;0.6129032258064516;0.3870967741935484;0;True;
2373369-5;2023;2023-08-16;15;6;9;0.4;0.6;0;False;low_participation (<20 valid votes)
2374400-101;2023;2023-12-21;387;106;281;0.2739018087855297;0.7260981912144703;1;True;
2374400-106;2023;2023-12-21;375;100;275;0.26666666666666666;0.7333333333333333;1;True;
2374400-110;2023;2023-12-21;406;292;114;0.7192118226600985;0.28078817733990147;2;True;
2374400-121;2023;2023-12-21;381;120;261;0.31496062992125984;0.6850393700787402;2;True;
2374400-46;2023;2023-09-13;424;82;342;0.19339622641509435;0.8066037735849056;9;True;
2374400-53;2023;2023-09-13;464;222;242;0.47844827586206895;0.521551724137931;3;True;
2374400-58;2023;2023-09-13;367;203;164;0.553133514986376;0.44686648501362397;1;True;
2374515-24;2024;2024-12-03;13;3;10;0.23076923076923078;0.7692307692307693;0;False;low_participation (<20 valid votes)
2374540-41;2025;2025-09-16;34;9;25;0.2647058823529412;0.7352941176470589;0;True;
2374982-4;2023;2023-08-29;25;12;13;0.48;0.52;0;True;
2374982-7;2023;2023-08-29;26;13;13;0.5;0.5;0;True;
2375497-8;2023;2023-08-08;356;311;45;0.8735955056179775;0.12640449438202248;1;True;
2375501-8;2023;2023-08-08;380;346;34;0.9105263157894737;0.08947368421052632;0;True;
2375543-9;2023;2023-08-09;418;300;118;0.7177033492822966;0.2822966507177033;2;True;
2375630-8;2023;2023-09-19;402;297;105;0.7388059701492538;0.26119402985074625;2;True;
2376169-101;2026;2026-03-18;392;278;114;0.7091836734693877;0.29081632653061223;3;True;
2376169-40;2023;2023-10-31;315;81;234;0.2571428571428571;0.7428571428571429;1;True;
2376169-46;2023;2023-10-31;339;93;246;0.2743362831858407;0.7256637168141593;1;True;
2376169-55;2023;2023-10-31;344;91;253;0.26453488372093026;0.7354651162790697;2;True;
2376169-62;2023;2023-10-31;356;269;87;0.7556179775280899;0.2443820224719101;2;True;
2376230-2;2023;2023-08-09;30;30;0;1.0;0.0;0;False;nearly_unanimous (majority >= 97%)
2377273-8;2023;2023-08-29;405;390;15;0.9629629629629629;0.037037037037037035;1;True;
2377516-12;2023;2023-08-29;409;408;1;0.9975550122249389;0.0024449877750611247;1;False;nearly_unanimous (majority >= 97%)
2377518-12;2023;2023-08-29;421;420;1;0.997624703087886;0.0023752969121140144;1;False;nearly_unanimous (majority >= 97%)
2377566-12;2023;2023-08-29;422;325;97;0.7701421800947867;0.22985781990521326;1;True;
2377675-8;2023;2023-08-29;426;425;1;0.9976525821596244;0.002347417840375587;1;False;nearly_unanimous (majority >= 97%)
2379209-53;2025;2025-03-25;385;93;292;0.24155844155844156;0.7584415584415585;1;True;
2379209-61;2025;2025-03-25;399;300;99;0.7518796992481203;0.24812030075187969;1;True;
2379378-9;2024;2024-02-27;422;258;164;0.6113744075829384;0.3886255924170616;4;True;
2379582-7;2023;2023-08-29;455;450;5;0.989010989010989;0.01098901098901099;1;False;nearly_unanimous (majority >= 97%)
2380083-26;2024;2024-11-13;25;11;14;0.44;0.56;0;True;
2380451-7;2023;2023-08-29;460;447;13;0.9717391304347827;0.02826086956521739;2;False;nearly_unanimous (majority >= 97%)
2380817-32;2025;2025-04-08;23;15;8;0.6521739130434783;0.34782608695652173;1;True;
2380880-6;2023;2023-08-23;19;18;1;0.9473684210526315;0.05263157894736842;0;False;low_participation (<20 valid votes)
2380935-9;2023;2023-09-05;394;305;89;0.7741116751269036;0.22588832487309646;1;True;
2381043-35;2023;2023-11-22;392;132;260;0.336734693877551;0.6632653061224489;2;True;
2381043-45;2023;2023-11-22;373;123;250;0.3297587131367292;0.6702412868632708;1;True;
2381043-60;2023;2023-11-22;361;106;255;0.29362880886426596;0.7063711911357341;17;True;
2381043-63;2023;2023-11-22;345;235;110;0.6811594202898551;0.3188405797101449;8;True;
2381043-66;2023;2023-11-22;258;205;53;0.7945736434108527;0.2054263565891473;57;True;
2381043-85;2025;2025-06-26;304;79;225;0.2598684210526316;0.7401315789473685;1;True;
2381043-91;2025;2025-06-26;335;226;109;0.6746268656716418;0.3253731343283582;1;True;
2381044-4;2023;2023-08-23;34;13;21;0.38235294117647056;0.6176470588235294;0;True;
2381414-24;2024;2024-11-27;11;2;9;0.18181818181818182;0.8181818181818182;0;False;low_participation (<20 valid votes)
2382257-49;2024;2024-02-21;430;426;4;0.9906976744186047;0.009302325581395349;1;False;nearly_unanimous (majority >= 97%)
2382599-8;2023;2023-08-29;405;397;8;0.980246913580247;0.019753086419753086;1;False;nearly_unanimous (majority >= 97%)
2382611-10;2023;2023-08-29;440;337;103;0.7659090909090909;0.2340909090909091;2;True;
2383019-46;2025;2025-05-06;444;156;288;0.35135135135135137;0.6486486486486487;3;True;
2383019-50;2025;2025-05-06;452;298;154;0.6592920353982301;0.3407079646017699;1;True;
2383019-54;2025;2025-05-06;477;270;207;0.5660377358490566;0.4339622641509434;1;True;
2383019-86;2025;2025-06-25;454;200;254;0.44052863436123346;0.5594713656387665;2;True;
2383019-91;2025;2025-06-25;397;361;36;0.9093198992443325;0.0906801007556675;37;True;
2383287-23;2023;2023-10-25;400;121;279;0.3025;0.6975;2;True;
2383287-30;2023;2023-10-25;415;128;287;0.30843373493975906;0.691566265060241;2;True;
2383287-41;2023;2023-10-25;436;118;318;0.2706422018348624;0.7293577981651376;2;True;
2383287-43;2023;2023-10-25;442;323;119;0.7307692307692307;0.2692307692307692;2;True;
2383287-47;2023;2023-10-25;419;116;303;0.27684964200477324;0.7231503579952268;2;True;
2383287-50;2023;2023-10-25;393;116;277;0.2951653944020356;0.7048346055979644;2;True;
2383287-53;2023;2023-10-25;434;116;318;0.2672811059907834;0.7327188940092166;1;True;
2383287-61;2023;2023-10-25;429;127;302;0.29603729603729606;0.703962703962704;1;True;
2383411-50;2024;2024-11-13;34;4;30;0.11764705882352941;0.8823529411764706;0;True;
2383411-59;2024;2024-11-13;39;7;32;0.1794871794871795;0.8205128205128205;0;True;
2383411-63;2024;2024-11-13;44;33;11;0.75;0.25;0;True;
2384430-4;2023;2023-08-30;22;17;5;0.7727272727272727;0.22727272727272727;0;True;
2384667-40;2025;2025-04-08;23;9;14;0.391304347826087;0.6086956521739131;0;True;
2384692-21;2023;2023-12-15;339;32;307;0.0943952802359882;0.9056047197640118;73;True;
2384692-27;2023;2023-12-15;373;42;331;0.1126005361930295;0.8873994638069705;75;True;
2384692-31;2023;2023-12-15;370;327;43;0.8837837837837837;0.11621621621621622;75;True;
2384692-33;2023;2023-12-15;385;338;47;0.8779220779220779;0.12207792207792208;71;True;
2384692-35;2023;2023-12-15;391;335;56;0.8567774936061381;0.1432225063938619;61;True;
2384692-38;2023;2023-12-15;392;56;336;0.14285714285714285;0.8571428571428571;68;True;
2384692-43;2023;2023-12-15;353;49;304;0.1388101983002833;0.8611898016997167;71;True;
2384692-45;2023;2023-12-15;374;49;325;0.13101604278074866;0.8689839572192514;73;True;
2384692-49;2023;2023-12-15;370;50;320;0.13513513513513514;0.8648648648648649;64;True;
2384733-25;2024;2024-07-03;32;15;17;0.46875;0.53125;0;True;
2385037-2;2023;2023-09-04;19;3;16;0.15789473684210525;0.8421052631578947;0;False;low_participation (<20 valid votes)
2385037-3;2023;2023-09-04;18;0;18;0.0;1.0;0;False;low_participation (<20 valid votes)
2386051-101;2025;2025-11-05;375;274;101;0.7306666666666667;0.2693333333333333;1;True;
2386051-80;2025;2025-11-05;415;120;295;0.2891566265060241;0.7108433734939759;1;True;
2386051-84;2025;2025-11-05;408;114;294;0.27941176470588236;0.7205882352941176;1;True;
2386051-90;2025;2025-11-05;359;100;259;0.2785515320334262;0.7214484679665738;2;True;
2386051-93;2025;2025-11-05;400;287;113;0.7175;0.2825;1;True;
2387035-44;2023;2023-10-04;380;30;350;0.07894736842105263;0.9210526315789473;47;True;
2387035-55;2023;2023-10-04;279;20;259;0.07168458781362007;0.9283154121863799;52;True;
2387055-90;2025;2025-10-01;50;15;35;0.3;0.7;1;True;
2387055-91;2025;2025-10-01;52;37;15;0.7115384615384616;0.28846153846153844;0;True;
2387066-100;2023;2023-09-14;374;125;249;0.3342245989304813;0.6657754010695187;1;True;
2387066-101;2023;2023-09-14;367;38;329;0.10354223433242507;0.896457765667575;2;True;
2387066-44;2023;2023-09-13;433;57;376;0.13163972286374134;0.8683602771362586;3;True;
2387066-55;2023;2023-09-13;423;63;360;0.14893617021276595;0.851063829787234;2;True;
2387066-63;2023;2023-09-13;453;367;86;0.8101545253863135;0.18984547461368653;3;True;
2387066-70;2023;2023-09-14;330;48;282;0.14545454545454545;0.8545454545454545;1;True;
2387066-78;2023;2023-09-14;426;122;304;0.2863849765258216;0.7136150234741784;5;True;
2387066-80;2023;2023-09-14;284;13;271;0.045774647887323945;0.954225352112676;2;True;
2387066-84;2023;2023-09-14;406;90;316;0.22167487684729065;0.7783251231527094;2;True;
2387066-89;2023;2023-09-14;399;154;245;0.38596491228070173;0.6140350877192983;2;True;
2387066-91;2023;2023-09-14;422;207;215;0.490521327014218;0.509478672985782;3;True;
2387066-94;2023;2023-09-14;418;246;172;0.5885167464114832;0.41148325358851673;2;True;
2387067-33;2023;2023-09-14;400;345;55;0.8625;0.1375;2;True;
2387264-8;2023;2023-09-13;426;366;60;0.8591549295774648;0.14084507042253522;3;True;
2387266-8;2023;2023-09-13;435;384;51;0.8827586206896552;0.11724137931034483;4;True;
2387579-19;2023;2023-12-14;257;38;219;0.14785992217898833;0.8521400778210116;59;True;
2387579-27;2023;2023-12-14;263;62;201;0.23574144486692014;0.7642585551330798;36;True;
2387579-35;2023;2023-12-14;261;221;40;0.8467432950191571;0.1532567049808429;66;True;
2387579-37;2023;2023-12-14;278;229;49;0.8237410071942446;0.17625899280575538;61;True;
2387579-40;2023;2023-12-14;257;225;32;0.8754863813229572;0.1245136186770428;55;True;
2387579-43;2023;2023-12-14;279;241;38;0.8637992831541219;0.13620071684587814;46;True;
2387579-46;2023;2023-12-14;275;246;29;0.8945454545454545;0.10545454545454545;50;True;
2387579-49;2023;2023-12-14;274;238;36;0.8686131386861314;0.13138686131386862;57;True;
2387875-52;2025;2025-08-13;26;5;21;0.19230769230769232;0.8076923076923077;0;True;
2388029-86;2024;2024-07-11;414;392;22;0.9468599033816425;0.05314009661835749;1;True;
2388029-88;2024;2024-07-11;364;361;3;0.9917582417582418;0.008241758241758242;0;False;nearly_unanimous (majority >= 97%)
2388029-94;2024;2024-07-11;385;378;7;0.9818181818181818;0.01818181818181818;1;False;nearly_unanimous (majority >= 97%)
2388124-38;2025;2025-07-02;26;4;22;0.15384615384615385;0.8461538461538461;0;True;
2388491-7;2024;2024-11-26;401;290;111;0.7231920199501247;0.27680798004987534;4;True;
2388837-35;2024;2024-02-21;425;425;0;1.0;0.0;1;False;nearly_unanimous (majority >= 97%)
2390384-12;2023;2023-09-26;26;18;8;0.6923076923076923;0.3076923076923077;0;True;
2390639-8;2023;2023-11-07;310;277;33;0.8935483870967742;0.1064516129032258;1;True;
2391567-50;2024;2024-10-09;50;38;12;0.76;0.24;0;True;
2391935-43;2023;2023-11-08;374;369;5;0.9866310160427807;0.013368983957219251;1;False;nearly_unanimous (majority >= 97%)
2393997-9;2023;2023-11-08;399;240;159;0.6015037593984962;0.39849624060150374;7;True;
2394478-15;2023;2023-10-10;312;312;0;1.0;0.0;1;False;nearly_unanimous (majority >= 97%)
2395883-53;2023;2023-12-19;414;311;103;0.751207729468599;0.24879227053140096;2;True;
2395883-58;2023;2023-12-19;402;288;114;0.7164179104477612;0.2835820895522388;1;True;
2396155-24;2024;2024-06-19;12;3;9;0.25;0.75;0;False;low_participation (<20 valid votes)
2397087-45;2026;2026-03-18;40;19;21;0.475;0.525;0;True;
2397890-54;2025;2025-02-18;390;34;356;0.08717948717948718;0.9128205128205128;2;True;
2397890-55;2025;2025-02-18;413;407;6;0.9854721549636803;0.014527845036319613;1;False;nearly_unanimous (majority >= 97%)
2397925-16;2023;2023-11-07;373;94;279;0.2520107238605898;0.7479892761394102;1;True;
2397925-25;2023;2023-11-07;398;372;26;0.9346733668341709;0.06532663316582915;2;True;
2398003-10;2026;2026-03-17;430;430;0;1.0;0.0;1;False;nearly_unanimous (majority >= 97%)
2398530-57;2025;2025-07-16;450;100;350;0.2222222222222222;0.7777777777777778;1;True;
2398530-60;2025;2025-07-16;454;104;350;0.2290748898678414;0.7709251101321586;3;True;
2398530-68;2025;2025-07-16;433;101;332;0.23325635103926096;0.766743648960739;1;True;
2398530-73;2025;2025-07-16;439;346;93;0.7881548974943052;0.21184510250569477;2;True;
2398741-64;2023;2023-11-29;410;326;84;0.7951219512195122;0.2048780487804878;2;True;
2399380-8;2025;2025-11-12;348;340;8;0.9770114942528736;0.022988505747126436;1;False;nearly_unanimous (majority >= 97%)
2399396-7;2023;2023-11-07;344;309;35;0.8982558139534884;0.10174418604651163;1;True;
2399598-108;2024;2024-07-09;428;126;302;0.29439252336448596;0.705607476635514;1;True;
2399598-112;2024;2024-07-09;438;437;1;0.997716894977169;0.00228310502283105;1;False;nearly_unanimous (majority >= 97%)
2399598-70;2024;2024-03-20;402;315;87;0.7835820895522388;0.21641791044776118;2;True;
2400068-20;2023;2023-12-19;414;155;259;0.3743961352657005;0.6256038647342995;2;True;
2400068-23;2023;2023-12-19;433;171;262;0.394919168591224;0.605080831408776;1;True;
2400115-8;2023;2023-10-30;413;358;55;0.8668280871670703;0.13317191283292978;1;True;
2400118-7;2023;2023-10-30;438;401;37;0.9155251141552512;0.08447488584474885;1;True;
2400758-37;2024;2024-03-27;365;106;259;0.29041095890410956;0.7095890410958904;1;True;
2400758-62;2024;2024-04-09;440;304;136;0.6909090909090909;0.3090909090909091;1;True;
2401407-6;2023;2023-11-08;10;7;3;0.7;0.3;0;False;low_participation (<20 valid votes)
2401548-4;2023;2023-11-07;11;11;0;1.0;0.0;0;False;low_participation (<20 valid votes)
2401881-9;2024;2024-04-16;404;293;111;0.7252475247524752;0.2747524752475248;2;True;
2403068-11;2024;2024-02-27;388;285;103;0.7345360824742269;0.2654639175257732;2;True;
2404884-24;2025;2025-08-13;24;5;19;0.20833333333333334;0.7916666666666666;0;True;
2404884-30;2025;2025-08-13;31;7;24;0.22580645161290322;0.7741935483870968;0;True;
2404958-8;2023;2023-11-21;418;303;115;0.7248803827751196;0.2751196172248804;3;True;
2405312-8;2023;2023-11-21;432;301;131;0.6967592592592593;0.30324074074074076;1;True;
2406187-54;2025;2025-09-30;21;1;20;0.047619047619047616;0.9523809523809523;0;True;
2406964-10;2023;2023-12-05;397;397;0;1.0;0.0;1;False;nearly_unanimous (majority >= 97%)
2407112-7;2024;2024-03-13;354;337;17;0.9519774011299436;0.0480225988700565;1;True;
2407484-36;2025;2025-10-08;15;5;10;0.3333333333333333;0.6666666666666666;0;False;low_participation (<20 valid votes)
2407521-8;2023;2023-12-19;431;371;60;0.8607888631090487;0.13921113689095127;1;True;
2407960-8;2023;2023-11-29;359;302;57;0.841225626740947;0.15877437325905291;4;True;
2408105-8;2024;2024-02-28;427;322;105;0.7540983606557377;0.2459016393442623;2;True;
2408107-9;2024;2024-02-28;403;395;8;0.9801488833746899;0.019851116625310174;3;False;nearly_unanimous (majority >= 97%)
2408125-7;2023;2023-12-06;268;251;17;0.9365671641791045;0.06343283582089553;79;True;
2408145-17;2025;2025-07-16;464;291;173;0.6271551724137931;0.3728448275862069;2;True;
2408682-8;2024;2024-04-16;409;408;1;0.9975550122249389;0.0024449877750611247;1;False;nearly_unanimous (majority >= 97%)
2408709-73;2024;2024-09-11;361;9;352;0.024930747922437674;0.9750692520775623;66;False;nearly_unanimous (majority >= 97%)
2408709-77;2024;2024-09-11;333;4;329;0.012012012012012012;0.987987987987988;62;False;nearly_unanimous (majority >= 97%)
2408948-7;2024;2024-04-16;366;366;0;1.0;0.0;1;False;nearly_unanimous (majority >= 97%)
2409076-34;2023;2023-12-13;447;370;77;0.8277404921700223;0.17225950782997762;5;True;
2409114-8;2023;2023-12-07;368;358;10;0.9728260869565217;0.02717391304347826;1;False;nearly_unanimous (majority >= 97%)
2410466-47;2024;2024-09-11;348;1;347;0.0028735632183908046;0.9971264367816092;67;False;nearly_unanimous (majority >= 97%)
2410466-50;2024;2024-09-11;379;2;377;0.005277044854881266;0.9947229551451188;60;False;nearly_unanimous (majority >= 97%)
2410488-26;2024;2024-08-27;54;18;36;0.3333333333333333;0.6666666666666666;0;True;
2410488-40;2024;2024-10-09;48;12;36;0.25;0.75;0;True;
2410488-45;2024;2024-10-09;57;39;18;0.6842105263157895;0.3157894736842105;0;True;
2410517-10;2023;2023-12-21;339;318;21;0.9380530973451328;0.061946902654867256;52;True;
2410601-41;2025;2025-03-27;372;54;318;0.14516129032258066;0.8548387096774194;5;True;
2410601-46;2025;2025-03-27;315;310;5;0.9841269841269841;0.015873015873015872;15;False;nearly_unanimous (majority >= 97%)
2410669-8;2023;2023-12-13;375;370;5;0.9866666666666667;0.013333333333333334;24;False;nearly_unanimous (majority >= 97%)
2411730-8;2023;2023-12-13;403;309;94;0.7667493796526055;0.23325062034739455;1;True;
2411815-7;2024;2024-02-21;426;413;13;0.9694835680751174;0.03051643192488263;2;True;
2411961-13;2025;2025-07-16;454;347;107;0.76431718061674;0.2356828193832599;1;True;
2412712-8;2023;2023-12-13;453;351;102;0.7748344370860927;0.2251655629139073;1;True;
2413230-8;2023;2023-12-21;403;396;7;0.9826302729528535;0.017369727047146403;12;False;nearly_unanimous (majority >= 97%)
2413257-114;2025;2025-07-08;378;90;288;0.23809523809523808;0.7619047619047619;2;True;
2413257-115;2025;2025-07-08;384;103;281;0.2682291666666667;0.7317708333333334;1;True;
2413257-116;2025;2025-07-08;401;302;99;0.7531172069825436;0.24688279301745636;1;True;
2413257-125;2025;2025-07-08;402;159;243;0.39552238805970147;0.6044776119402985;1;True;
2413257-85;2025;2025-06-11;286;77;209;0.2692307692307692;0.7307692307692307;1;True;
2413257-89;2025;2025-06-11;290;81;209;0.2793103448275862;0.7206896551724138;1;True;
2413257-96;2025;2025-06-11;264;75;189;0.2840909090909091;0.7159090909090909;5;True;
2414224-6;2023;2023-12-15;342;309;33;0.9035087719298246;0.09649122807017543;43;True;
2414600-8;2023;2023-12-21;422;307;115;0.7274881516587678;0.2725118483412322;1;True;
2415411-9;2024;2024-02-27;421;339;82;0.8052256532066508;0.19477434679334918;2;True;
2415841-7;2023;2023-12-20;373;370;3;0.9919571045576407;0.00804289544235925;28;False;nearly_unanimous (majority >= 97%)
2416729-28;2024;2024-03-19;391;388;3;0.9923273657289002;0.0076726342710997444;2;False;nearly_unanimous (majority >= 97%)
2416733-28;2024;2024-05-14;408;44;364;0.10784313725490197;0.8921568627450981;1;True;
2416733-37;2024;2024-05-14;416;38;378;0.09134615384615384;0.9086538461538461;1;True;
2416733-42;2024;2024-05-14;435;339;96;0.7793103448275862;0.2206896551724138;2;True;
2416733-46;2024;2024-05-14;412;402;10;0.9757281553398058;0.024271844660194174;1;False;nearly_unanimous (majority >= 97%)
2416756-23;2024;2024-06-05;12;12;0;1.0;0.0;0;False;low_participation (<20 valid votes)
2416790-24;2024;2024-05-07;321;17;304;0.0529595015576324;0.9470404984423676;1;True;
2416804-43;2024;2024-03-19;410;314;96;0.7658536585365854;0.23414634146341465;1;True;
2416804-48;2024;2024-03-19;412;305;107;0.7402912621359223;0.25970873786407767;1;True;
2416804-51;2024;2024-03-19;383;287;96;0.7493472584856397;0.2506527415143603;2;True;
2416804-54;2024;2024-03-19;429;142;287;0.331002331002331;0.668997668997669;1;True;
2416826-49;2024;2024-03-26;403;378;25;0.9379652605459057;0.062034739454094295;1;True;
2417025-29;2024;2024-03-12;390;97;293;0.24871794871794872;0.7512820512820513;2;True;
2417025-45;2024;2024-03-12;429;139;290;0.32400932400932403;0.675990675990676;1;True;
2417025-50;2024;2024-03-12;417;112;305;0.2685851318944844;0.7314148681055156;1;True;
2417025-55;2024;2024-03-12;433;130;303;0.3002309468822171;0.6997690531177829;1;True;
2417172-60;2025;2025-04-09;331;80;251;0.24169184290030213;0.7583081570996979;2;True;
2417521-33;2025;2025-08-27;34;1;33;0.029411764705882353;0.9705882352941176;0;False;nearly_unanimous (majority >= 97%)
2418020-7;2024;2024-09-11;360;353;7;0.9805555555555555;0.019444444444444445;77;False;nearly_unanimous (majority >= 97%)
2418084-8;2024;2024-02-27;408;237;171;0.5808823529411765;0.41911764705882354;4;True;
2418454-52;2025;2025-06-10;34;2;32;0.058823529411764705;0.9411764705882353;0;True;
2418740-23;2024;2024-05-21;47;18;29;0.3829787234042553;0.6170212765957447;0;True;
2418740-38;2024;2024-05-28;37;15;22;0.40540540540540543;0.5945945945945946;0;True;
2418740-43;2024;2024-05-28;42;28;14;0.6666666666666666;0.3333333333333333;0;True;
2418749-33;2024;2024-08-28;10;5;5;0.5;0.5;0;False;low_participation (<20 valid votes)
2418774-66;2026;2026-03-17;418;417;1;0.9976076555023924;0.0023923444976076554;1;False;nearly_unanimous (majority >= 97%)
2418838-7;2024;2024-11-12;367;350;17;0.9536784741144414;0.04632152588555858;1;True;
2419056-30;2025;2025-04-23;13;2;11;0.15384615384615385;0.8461538461538461;0;False;low_participation (<20 valid votes)
2419128-78;2026;2026-04-22;395;127;268;0.32151898734177214;0.6784810126582278;1;True;
2419197-28;2024;2024-04-09;397;105;292;0.26448362720403024;0.7355163727959698;1;True;
2419197-39;2024;2024-04-09;345;88;257;0.25507246376811593;0.744927536231884;1;True;
2419197-54;2024;2024-04-09;264;86;178;0.32575757575757575;0.6742424242424242;1;True;
2419271-30;2025;2025-10-01;51;18;33;0.35294117647058826;0.6470588235294118;0;True;
2419525-7;2024;2024-04-24;379;378;1;0.9973614775725593;0.002638522427440633;1;False;nearly_unanimous (majority >= 97%)
2419735-25;2024;2024-11-27;10;2;8;0.2;0.8;0;False;low_participation (<20 valid votes)
2419866-40;2025;2025-10-15;12;1;11;0.08333333333333333;0.9166666666666666;0;False;low_participation (<20 valid votes)
2420014-8;2024;2024-03-12;358;270;88;0.7541899441340782;0.24581005586592178;1;True;
2420033-24;2024;2024-10-08;8;4;4;0.5;0.5;0;False;low_participation (<20 valid votes)
2420577-7;2024;2024-03-12;429;139;290;0.32400932400932403;0.675990675990676;1;True;
2420733-7;2024;2024-03-26;353;348;5;0.9858356940509915;0.014164305949008499;1;False;nearly_unanimous (majority >= 97%)
2421056-8;2024;2024-03-19;384;302;82;0.7864583333333334;0.21354166666666666;2;True;
2421211-100;2025;2025-07-09;269;110;159;0.40892193308550184;0.5910780669144982;1;True;
2421211-103;2025;2025-07-09;382;208;174;0.5445026178010471;0.45549738219895286;1;True;
2421211-106;2025;2025-07-09;384;210;174;0.546875;0.453125;1;True;
2421211-109;2025;2025-07-09;366;204;162;0.5573770491803278;0.4426229508196721;1;True;
2421211-112;2025;2025-07-09;333;178;155;0.5345345345345346;0.46546546546546547;2;True;
2421211-73;2025;2025-07-08;411;174;237;0.4233576642335766;0.5766423357664233;2;True;
2421211-77;2025;2025-07-08;397;158;239;0.3979848866498741;0.6020151133501259;4;True;
2421211-85;2025;2025-07-08;369;158;211;0.4281842818428184;0.5718157181571816;4;True;
2421211-88;2025;2025-07-08;374;209;165;0.5588235294117647;0.4411764705882353;5;True;
2421251-7;2024;2024-03-26;372;349;23;0.9381720430107527;0.06182795698924731;1;True;
2421570-4;2024;2024-03-27;33;13;20;0.3939393939393939;0.6060606060606061;0;True;
2421859-9;2024;2024-03-26;373;257;116;0.6890080428954424;0.3109919571045576;2;True;
2422095-37;2024;2024-07-03;336;336;0;1.0;0.0;1;False;nearly_unanimous (majority >= 97%)
2422648-56;2024;2024-12-11;35;28;7;0.8;0.2;0;True;
2422697-129;2024;2024-06-11;406;380;26;0.9359605911330049;0.06403940886699508;1;True;
2422697-66;2024;2024-05-28;333;174;159;0.5225225225225225;0.4774774774774775;2;True;
2422697-69;2024;2024-05-28;405;266;139;0.6567901234567901;0.3432098765432099;2;True;
2422697-72;2024;2024-05-28;384;273;111;0.7109375;0.2890625;1;True;
2422697-75;2024;2024-05-28;401;280;121;0.6982543640897756;0.30174563591022446;1;True;
2422697-83;2024;2024-05-28;389;187;202;0.480719794344473;0.519280205655527;2;True;
2422887-23;2026;2026-05-19;400;126;274;0.315;0.685;3;True;
2422905-68;2025;2025-12-02;416;412;4;0.9903846153846154;0.009615384615384616;1;False;nearly_unanimous (majority >= 97%)
2422905-75;2025;2025-12-02;400;397;3;0.9925;0.0075;1;False;nearly_unanimous (majority >= 97%)
2423268-31;2024;2024-04-10;64;39;25;0.609375;0.390625;1;True;
2423268-40;2024;2024-04-10;406;277;129;0.6822660098522167;0.31773399014778325;29;True;
2424382-23;2024;2024-06-05;12;11;1;0.9166666666666666;0.08333333333333333;0;False;low_participation (<20 valid votes)
2424952-9;2024;2024-04-09;409;299;110;0.7310513447432763;0.26894865525672373;2;True;
2424953-8;2024;2024-04-09;414;275;139;0.6642512077294686;0.3357487922705314;2;True;
2425883-50;2024;2024-05-21;408;179;229;0.4387254901960784;0.5612745098039216;1;True;
2426930-40;2024;2024-10-29;31;26;5;0.8387096774193549;0.16129032258064516;0;True;
2426930-60;2025;2025-10-14;35;12;23;0.34285714285714286;0.6571428571428571;0;True;
2426930-75;2025;2025-11-25;37;13;24;0.35135135135135137;0.6486486486486487;0;True;
2427146-54;2026;2026-05-06;46;20;26;0.43478260869565216;0.5652173913043478;0;True;
2427395-8;2024;2024-04-24;405;297;108;0.7333333333333333;0.26666666666666666;1;True;
2428122-39;2025;2025-08-12;45;15;30;0.3333333333333333;0.6666666666666666;0;True;
2428122-61;2025;2025-08-20;45;27;18;0.6;0.4;0;True;
2428122-62;2025;2025-08-20;45;28;17;0.6222222222222222;0.37777777777777777;0;True;
2428236-27;2024;2024-06-04;42;11;31;0.2619047619047619;0.7380952380952381;0;True;
2428236-36;2024;2024-06-12;41;16;25;0.3902439024390244;0.6097560975609756;0;True;
2428236-50;2024;2024-06-12;64;47;17;0.734375;0.265625;0;True;
2428478-62;2025;2025-12-10;416;171;245;0.4110576923076923;0.5889423076923077;4;True;
2428615-16;2025;2025-09-02;369;120;249;0.3252032520325203;0.6747967479674797;1;True;
2428639-5;2024;2024-05-15;13;13;0;1.0;0.0;0;False;low_participation (<20 valid votes)
2430143-125;2024;2024-12-16;278;46;232;0.16546762589928057;0.8345323741007195;1;True;
2430143-137;2024;2024-12-17;407;118;289;0.28992628992628994;0.7100737100737101;1;True;
2430143-140;2024;2024-12-17;447;324;123;0.7248322147651006;0.2751677852348993;3;True;
2430143-142;2024;2024-12-17;346;18;328;0.05202312138728324;0.9479768786127167;75;True;
2430143-144;2024;2024-12-17;431;314;117;0.728538283062645;0.271461716937355;1;True;
2430143-45;2024;2024-07-10;354;115;239;0.3248587570621469;0.6751412429378532;4;True;
2430143-57;2024;2024-07-10;443;134;309;0.30248306997742663;0.6975169300225733;5;True;
2430143-72;2024;2024-07-10;478;336;142;0.702928870292887;0.29707112970711297;2;True;
2430143-76;2024;2024-07-10;462;229;233;0.49567099567099565;0.5043290043290043;2;True;
2430143-95;2024;2024-07-10;471;155;316;0.32908704883227174;0.6709129511677282;3;True;
2430143-98;2024;2024-07-10;480;477;3;0.99375;0.00625;3;False;nearly_unanimous (majority >= 97%)
2430953-270;2025;2025-09-03;385;259;126;0.6727272727272727;0.32727272727272727;1;True;
2430953-277;2025;2025-09-03;352;266;86;0.7556818181818182;0.24431818181818182;1;True;
2430953-280;2025;2025-09-03;349;108;241;0.30945558739255014;0.6905444126074498;2;True;
2431123-8;2024;2024-05-07;437;320;117;0.7322654462242563;0.26773455377574373;1;True;
2431153-7;2024;2024-05-07;453;325;128;0.717439293598234;0.282560706401766;1;True;
2431748-8;2024;2024-05-21;361;361;0;1.0;0.0;1;False;nearly_unanimous (majority >= 97%)
2431821-7;2024;2024-11-12;363;285;78;0.7851239669421488;0.21487603305785125;3;True;
2432423-70;2025;2025-08-27;390;115;275;0.2948717948717949;0.7051282051282052;1;True;
2432423-74;2025;2025-08-27;416;134;282;0.32211538461538464;0.6778846153846154;1;True;
2432423-82;2025;2025-08-27;385;116;269;0.3012987012987013;0.6987012987012987;1;True;
2432423-87;2025;2025-08-27;391;129;262;0.329923273657289;0.670076726342711;1;True;
2432423-88;2025;2025-08-27;388;278;110;0.7164948453608248;0.28350515463917525;2;True;
2432423-93;2025;2025-08-27;376;243;133;0.6462765957446809;0.3537234042553192;2;True;
2432865-33;2024;2024-10-17;368;106;262;0.28804347826086957;0.7119565217391305;0;True;
2432975-44;2024;2024-08-26;407;257;150;0.6314496314496314;0.36855036855036855;1;True;
2433327-49;2024;2024-05-14;406;404;2;0.9950738916256158;0.0049261083743842365;1;False;nearly_unanimous (majority >= 97%)
2433327-54;2024;2024-05-14;420;199;221;0.4738095238095238;0.5261904761904762;3;True;
2433327-57;2024;2024-05-14;441;215;226;0.4875283446712018;0.5124716553287982;2;True;
2433327-60;2024;2024-05-14;407;184;223;0.4520884520884521;0.547911547911548;2;True;
2433327-66;2024;2024-05-14;422;277;145;0.6563981042654028;0.34360189573459715;1;True;
2433398-9;2024;2024-05-15;411;388;23;0.9440389294403893;0.05596107055961071;3;True;
2433663-44;2026;2026-05-28;375;99;276;0.264;0.736;1;True;
2433690-7;2024;2024-05-14;428;219;209;0.5116822429906542;0.4883177570093458;1;True;
2434244-8;2024;2024-05-21;435;320;115;0.735632183908046;0.26436781609195403;2;True;
2434902-7;2024;2024-10-30;40;14;26;0.35;0.65;0;True;
2437180-29;2025;2025-07-15;21;1;20;0.047619047619047616;0.9523809523809523;0;True;
2437200-29;2025;2025-10-01;13;4;9;0.3076923076923077;0.6923076923076923;0;False;low_participation (<20 valid votes)
2437267-26;2025;2025-11-26;11;1;10;0.09090909090909091;0.9090909090909091;0;False;low_participation (<20 valid votes)
2437434-5;2024;2024-06-05;14;11;3;0.7857142857142857;0.21428571428571427;0;False;low_participation (<20 valid votes)
2437435-4;2024;2024-06-05;15;5;10;0.3333333333333333;0.6666666666666666;0;False;low_participation (<20 valid votes)
2437435-7;2024;2024-06-05;15;11;4;0.7333333333333333;0.26666666666666666;0;False;low_participation (<20 valid votes)
2437519-4;2024;2024-06-05;15;4;11;0.26666666666666666;0.7333333333333333;0;False;low_participation (<20 valid votes)
2437519-7;2024;2024-06-05;15;12;3;0.8;0.2;0;False;low_participation (<20 valid votes)
2437920-3;2024;2024-06-12;34;3;31;0.08823529411764706;0.9117647058823529;0;True;
2438459-113;2025;2025-12-15;434;330;104;0.7603686635944701;0.23963133640552994;1;True;
2438459-115;2025;2025-12-15;329;77;252;0.23404255319148937;0.7659574468085106;1;True;
2438459-126;2025;2025-12-16;370;81;289;0.21891891891891893;0.7810810810810811;1;True;
2438459-135;2025;2025-12-16;436;63;373;0.1444954128440367;0.8555045871559633;2;True;
2438459-139;2025;2025-12-16;444;441;3;0.9932432432432432;0.006756756756756757;1;False;nearly_unanimous (majority >= 97%)
2438459-141;2025;2025-12-16;446;423;23;0.9484304932735426;0.0515695067264574;2;True;
2438459-143;2025;2025-12-16;349;15;334;0.04297994269340974;0.9570200573065902;1;True;
2438459-146;2025;2025-12-16;463;221;242;0.4773218142548596;0.5226781857451404;3;True;
2438459-148;2025;2025-12-16;411;408;3;0.9927007299270073;0.0072992700729927005;2;False;nearly_unanimous (majority >= 97%)
2438459-31;2024;2024-08-13;349;108;241;0.30945558739255014;0.6905444126074498;1;True;
2438459-55;2024;2024-08-13;445;303;142;0.6808988764044944;0.31910112359550563;1;True;
2438459-63;2024;2024-10-30;292;71;221;0.24315068493150685;0.7568493150684932;1;True;
2438459-66;2024;2024-10-30;398;292;106;0.7336683417085427;0.2663316582914573;1;True;
2438459-69;2024;2024-10-30;403;403;0;1.0;0.0;1;False;nearly_unanimous (majority >= 97%)
2438459-77;2024;2024-10-30;398;136;262;0.3417085427135678;0.6582914572864321;1;True;
2438467-41;2025;2025-02-12;361;125;236;0.3462603878116344;0.6537396121883656;4;True;
2438467-47;2025;2025-02-12;409;273;136;0.6674816625916871;0.33251833740831294;1;True;
2438539-6;2024;2024-10-30;40;9;31;0.225;0.775;0;True;
2438687-71;2025;2025-10-15;371;285;86;0.7681940700808625;0.23180592991913745;4;True;
2438687-76;2025;2025-10-15;369;169;200;0.45799457994579945;0.5420054200542005;1;True;
2439779-42;2024;2024-11-19;331;99;232;0.2990936555891239;0.7009063444108762;2;True;
2439779-46;2024;2024-11-19;327;97;230;0.2966360856269113;0.7033639143730887;2;True;
2439779-55;2024;2024-11-19;335;241;94;0.7194029850746269;0.28059701492537314;3;True;
2439876-43;2024;2024-06-12;429;400;29;0.9324009324009324;0.0675990675990676;2;True;
2439877-8;2024;2024-06-11;444;302;142;0.6801801801801802;0.31981981981981983;2;True;
2440036-3;2024;2024-06-12;33;33;0;1.0;0.0;0;False;nearly_unanimous (majority >= 97%)
2441271-7;2024;2024-06-19;415;277;138;0.6674698795180722;0.3325301204819277;1;True;
2441873-6;2024;2024-06-19;14;11;3;0.7857142857142857;0.21428571428571427;0;False;low_participation (<20 valid votes)
2441882-22;2024;2024-12-04;27;13;14;0.48148148148148145;0.5185185185185185;0;True;
2442331-41;2025;2025-05-22;342;95;247;0.2777777777777778;0.7222222222222222;1;True;
2442331-44;2025;2025-05-22;283;77;206;0.27208480565371024;0.7279151943462897;1;True;
2442331-46;2025;2025-05-22;374;363;11;0.9705882352941176;0.029411764705882353;2;False;nearly_unanimous (majority >= 97%)
2442848-42;2025;2025-03-27;311;43;268;0.1382636655948553;0.8617363344051447;14;True;
2442848-47;2025;2025-03-27;304;36;268;0.11842105263157894;0.881578947368421;11;True;
2442848-50;2025;2025-03-27;277;270;7;0.9747292418772563;0.02527075812274368;9;False;nearly_unanimous (majority >= 97%)
2444404-5;2024;2024-07-02;20;20;0;1.0;0.0;0;False;nearly_unanimous (majority >= 97%)
2444417-7;2024;2024-08-15;421;339;82;0.8052256532066508;0.19477434679334918;6;True;
2447183-40;2024;2024-07-11;373;119;254;0.3190348525469169;0.6809651474530831;1;True;
2447183-64;2024;2024-07-11;360;258;102;0.7166666666666667;0.2833333333333333;1;True;
2447191-32;2024;2024-09-10;370;20;350;0.05405405405405406;0.9459459459459459;78;True;
2447191-38;2024;2024-09-10;332;16;316;0.04819277108433735;0.9518072289156626;72;True;
2447191-41;2024;2024-09-10;434;432;2;0.9953917050691244;0.004608294930875576;2;False;nearly_unanimous (majority >= 97%)
2447259-99;2026;2026-05-06;440;343;97;0.7795454545454545;0.22045454545454546;2;True;
2447264-7;2024;2024-07-11;340;329;11;0.9676470588235294;0.03235294117647059;1;True;
2447265-25;2025;2025-08-12;45;16;29;0.35555555555555557;0.6444444444444445;0;True;
2447265-35;2025;2025-08-27;45;12;33;0.26666666666666666;0.7333333333333333;0;True;
2447265-41;2025;2025-08-27;43;35;8;0.813953488372093;0.18604651162790697;0;True;
2447265-48;2025;2025-08-27;56;41;15;0.7321428571428571;0.26785714285714285;0;True;
2447273-8;2024;2024-07-11;401;291;110;0.7256857855361596;0.2743142144638404;2;True;
2447439-8;2024;2024-07-09;459;322;137;0.7015250544662309;0.2984749455337691;4;True;
2447901-6;2024;2024-07-09;428;126;302;0.29439252336448596;0.705607476635514;1;True;
2447983-57;2026;2026-05-19;444;442;2;0.9954954954954955;0.0045045045045045045;1;False;nearly_unanimous (majority >= 97%)
2448069-50;2025;2025-11-05;413;295;118;0.7142857142857143;0.2857142857142857;1;True;
2448732-23;2024;2024-08-27;56;19;37;0.3392857142857143;0.6607142857142857;0;True;
2448732-35;2024;2024-10-09;49;10;39;0.20408163265306123;0.7959183673469388;0;True;
2448732-43;2024;2024-10-09;39;33;6;0.8461538461538461;0.15384615384615385;0;True;
2448732-47;2024;2024-10-09;46;8;38;0.17391304347826086;0.8260869565217391;0;True;
2448947-5;2024;2024-07-11;350;300;50;0.8571428571428571;0.14285714285714285;2;True;
2448974-35;2024;2024-08-14;425;97;328;0.22823529411764706;0.7717647058823529;1;True;
2448974-40;2024;2024-08-14;377;81;296;0.21485411140583555;0.7851458885941645;2;True;
2448974-43;2024;2024-08-14;394;318;76;0.8071065989847716;0.19289340101522842;2;True;
2448974-50;2024;2024-08-14;347;283;64;0.8155619596541787;0.1844380403458213;3;True;
2448974-56;2024;2024-08-14;381;292;89;0.7664041994750657;0.2335958005249344;1;True;
2449741-72;2026;2026-03-10;421;408;13;0.9691211401425178;0.030878859857482184;1;True;
2450745-8;2024;2024-08-12;450;308;142;0.6844444444444444;0.31555555555555553;0;True;
2451405-8;2024;2024-10-15;416;276;140;0.6634615384615384;0.33653846153846156;2;True;
2452037-70;2024;2024-09-18;364;22;342;0.06043956043956044;0.9395604395604396;68;True;
2452098-24;2025;2025-10-01;13;1;12;0.07692307692307693;0.9230769230769231;0;False;low_participation (<20 valid votes)
2452211-7;2024;2024-08-28;410;350;60;0.8536585365853658;0.14634146341463414;1;True;
2452555-8;2024;2024-08-14;433;347;86;0.8013856812933026;0.19861431870669746;1;True;
2453219-36;2025;2025-05-27;362;77;285;0.212707182320442;0.787292817679558;1;True;
2453934-47;2025;2025-05-28;261;64;197;0.24521072796934865;0.7547892720306514;2;True;
2453934-59;2025;2025-05-28;400;277;123;0.6925;0.3075;1;True;
2453934-65;2025;2025-05-28;374;264;110;0.7058823529411765;0.29411764705882354;2;True;
2453934-72;2025;2025-05-28;372;152;220;0.40860215053763443;0.5913978494623656;2;True;
2454155-9;2024;2024-08-28;443;338;105;0.7629796839729119;0.23702031602708803;1;True;
2454257-27;2024;2024-12-05;405;348;57;0.8592592592592593;0.14074074074074075;0;True;
2454400-32;2024;2024-12-10;428;6;422;0.014018691588785047;0.985981308411215;3;False;nearly_unanimous (majority >= 97%)
2454400-42;2024;2024-12-10;417;413;4;0.9904076738609112;0.009592326139088728;0;False;nearly_unanimous (majority >= 97%)
2454400-46;2024;2024-12-10;417;110;307;0.2637889688249401;0.7362110311750599;0;True;
2454495-142;2025;2025-07-15;366;338;28;0.9234972677595629;0.07650273224043716;1;True;
2454495-144;2025;2025-07-15;471;404;67;0.8577494692144374;0.14225053078556263;4;True;
2454495-151;2025;2025-07-15;452;117;335;0.2588495575221239;0.7411504424778761;4;True;
2454495-154;2025;2025-07-15;462;318;144;0.6883116883116883;0.3116883116883117;2;True;
2454495-166;2025;2025-07-15;464;367;97;0.790948275862069;0.20905172413793102;2;True;
2454495-171;2025;2025-07-15;468;342;126;0.7307692307692307;0.2692307692307692;1;True;
2454495-174;2025;2025-07-15;429;353;76;0.8228438228438228;0.17715617715617715;3;True;
2454704-36;2024;2024-09-11;286;43;243;0.15034965034965034;0.8496503496503497;59;True;
2454704-40;2024;2024-09-11;326;57;269;0.17484662576687116;0.8251533742331288;45;True;
2454704-50;2024;2024-09-11;293;53;240;0.18088737201365188;0.8191126279863481;64;True;
2454704-53;2024;2024-09-11;320;253;67;0.790625;0.209375;69;True;
2454704-55;2024;2024-09-11;285;57;228;0.2;0.8;69;True;
2454704-58;2024;2024-09-11;337;133;204;0.39465875370919884;0.6053412462908012;1;True;
2454704-64;2024;2024-09-11;276;206;70;0.7463768115942029;0.2536231884057971;57;True;
2454704-67;2024;2024-09-11;280;200;80;0.7142857142857143;0.2857142857142857;45;True;
2454704-70;2024;2024-09-11;329;189;140;0.574468085106383;0.425531914893617;1;True;
2454704-76;2024;2024-09-12;285;231;54;0.8105263157894737;0.18947368421052632;55;True;
2455033-10;2024;2024-09-09;411;293;118;0.7128953771289538;0.2871046228710462;26;True;
2456109-35;2024;2024-11-19;366;364;2;0.994535519125683;0.00546448087431694;1;False;nearly_unanimous (majority >= 97%)
2456110-43;2025;2025-05-22;360;92;268;0.25555555555555554;0.7444444444444445;1;True;
2456110-48;2025;2025-05-22;403;103;300;0.2555831265508685;0.7444168734491315;1;True;
2456110-50;2025;2025-05-22;285;280;5;0.9824561403508771;0.017543859649122806;1;False;nearly_unanimous (majority >= 97%)
2456554-50;2024;2024-10-30;401;156;245;0.38902743142144636;0.6109725685785536;1;True;
2456554-54;2024;2024-10-30;364;135;229;0.3708791208791209;0.6291208791208791;1;True;
2456554-57;2024;2024-10-30;425;227;198;0.5341176470588235;0.46588235294117647;3;True;
2456731-54;2025;2025-04-23;341;101;240;0.2961876832844575;0.7038123167155426;1;True;
2456731-58;2025;2025-04-23;343;102;241;0.29737609329446063;0.7026239067055393;1;True;
2456731-67;2025;2025-04-29;346;102;244;0.2947976878612717;0.7052023121387283;5;True;
2456731-71;2025;2025-04-29;369;261;108;0.7073170731707317;0.2926829268292683;6;True;
2456731-75;2025;2025-04-29;396;275;121;0.6944444444444444;0.3055555555555556;5;True;
2456731-79;2025;2025-04-29;393;269;124;0.6844783715012722;0.3155216284987277;1;True;
2456731-84;2025;2025-04-29;384;266;118;0.6927083333333334;0.3072916666666667;5;True;
2457208-7;2024;2024-09-09;335;316;19;0.9432835820895522;0.056716417910447764;76;True;
2457424-6;2024;2024-09-10;378;339;39;0.8968253968253969;0.10317460317460317;67;True;
2457520-7;2024;2024-09-11;400;296;104;0.74;0.26;3;True;
2458320-25;2025;2025-05-07;33;32;1;0.9696969696969697;0.030303030303030304;0;True;
2458381-25;2025;2025-07-15;20;0;20;0.0;1.0;0;False;nearly_unanimous (majority >= 97%)
2458802-18;2024;2024-09-23;59;57;2;0.9661016949152542;0.03389830508474576;0;True;
2460010-35;2024;2024-12-19;275;82;193;0.29818181818181816;0.7018181818181818;1;True;
2460010-43;2024;2024-12-19;457;340;117;0.7439824945295405;0.25601750547045954;2;True;
2461207-33;2024;2024-11-27;365;44;321;0.12054794520547946;0.8794520547945206;3;True;
2461207-38;2024;2024-11-27;411;364;47;0.8856447688564477;0.11435523114355231;3;True;
2461217-7;2024;2024-12-17;359;244;115;0.6796657381615598;0.3203342618384401;1;True;
2462004-30;2026;2026-03-03;401;96;305;0.23940149625935161;0.7605985037406484;4;True;
2462009-57;2026;2026-03-18;427;116;311;0.2716627634660422;0.7283372365339579;2;True;
2462009-60;2026;2026-03-18;422;125;297;0.2962085308056872;0.7037914691943128;0;True;
2462009-79;2026;2026-03-18;383;232;151;0.6057441253263708;0.39425587467362927;2;True;
2462049-9;2024;2024-11-13;412;272;140;0.6601941747572816;0.33980582524271846;4;True;
2462450-34;2025;2025-12-10;12;11;1;0.9166666666666666;0.08333333333333333;0;False;low_participation (<20 valid votes)
2462493-37;2026;2026-03-04;13;0;13;0.0;1.0;0;False;low_participation (<20 valid votes)
2462730-28;2024;2024-12-03;395;38;357;0.09620253164556962;0.9037974683544304;1;True;
2462730-34;2024;2024-12-03;404;296;108;0.7326732673267327;0.26732673267326734;1;True;
2463712-40;2025;2025-02-25;399;399;0;1.0;0.0;1;False;nearly_unanimous (majority >= 97%)
2463814-34;2025;2025-04-01;357;88;269;0.24649859943977592;0.7535014005602241;5;True;
2463814-40;2025;2025-04-01;396;308;88;0.7777777777777778;0.2222222222222222;4;True;
2463814-44;2025;2025-04-01;404;316;88;0.7821782178217822;0.21782178217821782;5;True;
2463814-46;2025;2025-04-01;409;317;92;0.7750611246943765;0.22493887530562348;6;True;
2465140-45;2024;2024-12-12;358;280;78;0.7821229050279329;0.21787709497206703;1;True;
2465240-36;2025;2025-06-25;375;295;80;0.7866666666666666;0.21333333333333335;3;True;
2466104-30;2024;2024-11-05;356;304;52;0.8539325842696629;0.14606741573033707;1;True;
2466104-39;2024;2024-11-05;404;330;74;0.8168316831683168;0.18316831683168316;2;True;
2466104-52;2024;2024-11-05;373;25;348;0.06702412868632708;0.9329758713136729;2;True;
2466104-88;2024;2024-11-19;373;30;343;0.08042895442359249;0.9195710455764075;1;True;
2466104-95;2024;2024-11-19;391;356;35;0.9104859335038363;0.08951406649616368;1;True;
2466104-97;2024;2024-11-19;384;41;343;0.10677083333333333;0.8932291666666666;8;True;
2466108-28;2025;2025-02-25;404;138;266;0.3415841584158416;0.6584158415841584;1;True;
2466108-33;2025;2025-02-25;405;269;136;0.6641975308641975;0.3358024691358025;3;True;
2466682-9;2024;2024-11-05;420;360;60;0.8571428571428571;0.14285714285714285;0;True;
2467306-30;2024;2024-11-19;344;28;316;0.08139534883720931;0.9186046511627907;1;True;
2467306-39;2024;2024-11-19;335;236;99;0.7044776119402985;0.2955223880597015;1;True;
2467641-27;2025;2025-04-22;349;70;279;0.20057306590257878;0.7994269340974212;1;True;
2467670-28;2025;2025-08-12;54;20;34;0.37037037037037035;0.6296296296296297;0;True;
2467670-54;2025;2025-10-22;42;11;31;0.2619047619047619;0.7380952380952381;0;True;
2467670-63;2025;2025-10-22;46;12;34;0.2608695652173913;0.7391304347826086;0;True;
2467670-66;2025;2025-10-22;46;33;13;0.717391304347826;0.2826086956521739;0;True;
2467823-9;2024;2024-11-13;429;323;106;0.752913752913753;0.24708624708624707;1;True;
2467936-31;2026;2026-05-06;46;18;28;0.391304347826087;0.6086956521739131;0;True;
2467936-42;2026;2026-05-13;54;21;33;0.3888888888888889;0.6111111111111112;1;True;
2469074-8;2024;2024-11-13;403;270;133;0.6699751861042184;0.33002481389578164;3;True;
2469306-8;2024;2024-11-26;390;355;35;0.9102564102564102;0.08974358974358974;2;True;
2469569-38;2026;2026-04-22;336;300;36;0.8928571428571429;0.10714285714285714;2;True;
2470275-8;2024;2024-11-26;413;357;56;0.864406779661017;0.13559322033898305;2;True;
2471177-102;2025;2025-12-09;425;310;115;0.7294117647058823;0.27058823529411763;2;True;
2471177-105;2025;2025-12-09;399;283;116;0.7092731829573935;0.2907268170426065;1;True;
2471177-108;2025;2025-12-09;426;302;124;0.7089201877934272;0.29107981220657275;1;True;
2471177-111;2025;2025-12-09;415;298;117;0.7180722891566265;0.2819277108433735;1;True;
2471177-114;2025;2025-12-09;393;286;107;0.727735368956743;0.272264631043257;1;True;
2471177-117;2025;2025-12-09;410;298;112;0.7268292682926829;0.2731707317073171;1;True;
2471177-41;2025;2025-06-10;411;104;307;0.25304136253041365;0.7469586374695864;1;True;
2471177-46;2025;2025-06-10;418;102;316;0.24401913875598086;0.7559808612440191;1;True;
2471177-53;2025;2025-06-10;408;101;307;0.24754901960784315;0.7524509803921569;1;True;
2471177-56;2025;2025-06-10;428;328;100;0.7663551401869159;0.2336448598130841;2;True;
2471177-64;2025;2025-06-10;345;257;88;0.744927536231884;0.25507246376811593;1;True;
2471177-99;2025;2025-12-09;425;311;114;0.731764705882353;0.26823529411764707;1;True;
2471383-23;2025;2025-05-27;34;11;23;0.3235294117647059;0.6764705882352942;0;True;
2472106-8;2025;2025-08-12;420;371;49;0.8833333333333333;0.11666666666666667;2;True;
2473375-53;2024;2024-12-19;460;290;170;0.6304347826086957;0.3695652173913043;1;True;
2473375-59;2024;2024-12-19;473;264;209;0.5581395348837209;0.4418604651162791;1;True;
2473375-78;2024;2024-12-19;451;277;174;0.614190687361419;0.3858093126385809;2;True;
2473389-45;2024;2024-12-17;454;75;379;0.16519823788546256;0.8348017621145375;3;True;
2473389-53;2024;2024-12-17;456;308;148;0.6754385964912281;0.32456140350877194;1;True;
2473389-58;2024;2024-12-17;467;318;149;0.6809421841541756;0.31905781584582443;0;True;
2473389-62;2024;2024-12-17;460;227;233;0.4934782608695652;0.5065217391304347;2;True;
2473389-65;2024;2024-12-17;442;186;256;0.42081447963800905;0.579185520361991;1;True;
2473389-68;2024;2024-12-17;444;59;385;0.13288288288288289;0.8671171171171171;2;True;
2473389-74;2024;2024-12-18;439;137;302;0.3120728929384966;0.6879271070615034;2;True;
2473389-80;2024;2024-12-18;460;444;16;0.9652173913043478;0.034782608695652174;2;True;
2473542-40;2025;2025-11-18;35;11;24;0.3142857142857143;0.6857142857142857;0;True;
2473699-4;2024;2024-12-03;14;11;3;0.7857142857142857;0.21428571428571427;0;False;low_participation (<20 valid votes)
2475016-8;2024;2024-12-04;423;267;156;0.6312056737588653;0.36879432624113473;37;True;
2475018-8;2024;2024-12-04;358;260;98;0.7262569832402235;0.2737430167597765;74;True;
2476509-22;2025;2025-05-21;11;11;0;1.0;0.0;0;False;low_participation (<20 valid votes)
2476749-7;2024;2024-12-10;383;317;66;0.8276762402088773;0.17232375979112272;3;True;
2476772-5;2024;2024-12-11;10;9;1;0.9;0.1;0;False;low_participation (<20 valid votes)
2476772-6;2024;2024-12-11;11;1;10;0.09090909090909091;0.9090909090909091;0;False;low_participation (<20 valid votes)
2476888-20;2025;2025-07-15;21;1;20;0.047619047619047616;0.9523809523809523;0;True;
2477396-3;2024;2024-12-11;10;0;10;0.0;1.0;0;False;low_participation (<20 valid votes)
2477396-5;2024;2024-12-11;11;11;0;1.0;0.0;0;False;low_participation (<20 valid votes)
2477441-5;2024;2024-12-11;16;5;11;0.3125;0.6875;0;False;low_participation (<20 valid votes)
2477830-25;2025;2025-09-10;10;0;10;0.0;1.0;0;False;low_participation (<20 valid votes)
2479094-8;2024;2024-12-12;350;334;16;0.9542857142857143;0.045714285714285714;1;True;
2479551-7;2024;2024-12-12;372;321;51;0.8629032258064516;0.13709677419354838;0;True;
2480330-8;2024;2024-12-16;454;314;140;0.6916299559471366;0.30837004405286345;1;True;
2480642-7;2024;2024-12-18;433;299;134;0.6905311778290993;0.3094688221709007;4;True;
2480979-91;2025;2025-07-14;414;7;407;0.016908212560386472;0.9830917874396136;1;False;nearly_unanimous (majority >= 97%)
2480979-96;2025;2025-07-14;471;471;0;1.0;0.0;0;False;nearly_unanimous (majority >= 97%)
2481257-29;2025;2025-05-22;289;73;216;0.25259515570934254;0.7474048442906575;4;True;
2481257-34;2025;2025-05-22;372;94;278;0.25268817204301075;0.7473118279569892;4;True;
2481257-37;2025;2025-05-22;402;397;5;0.9875621890547264;0.012437810945273632;4;False;nearly_unanimous (majority >= 97%)
2481282-8;2024;2024-12-19;442;343;99;0.7760180995475113;0.2239819004524887;2;True;
2481717-36;2026;2026-05-06;28;5;23;0.17857142857142858;0.8214285714285714;0;True;
2481721-32;2025;2025-09-09;426;425;1;0.9976525821596244;0.002347417840375587;1;False;nearly_unanimous (majority >= 97%)
2481858-53;2025;2025-11-11;414;411;3;0.9927536231884058;0.007246376811594203;1;False;nearly_unanimous (majority >= 97%)
2481874-29;2025;2025-04-22;366;67;299;0.1830601092896175;0.8169398907103825;1;True;
2481875-32;2025;2025-04-22;351;69;282;0.19658119658119658;0.8034188034188035;1;True;
2481875-38;2025;2025-04-22;344;276;68;0.8023255813953488;0.19767441860465115;1;True;
2482078-49;2025;2025-11-05;421;124;297;0.29453681710213775;0.7054631828978623;1;True;
2482078-54;2025;2025-11-05;430;310;120;0.7209302325581395;0.27906976744186046;2;True;
2482078-57;2025;2025-11-05;428;317;111;0.7406542056074766;0.25934579439252337;2;True;
2482705-26;2025;2025-07-15;20;0;20;0.0;1.0;0;False;nearly_unanimous (majority >= 97%)
2483447-18;2025;2025-09-25;274;70;204;0.25547445255474455;0.7445255474452555;1;True;
2483447-25;2025;2025-09-25;368;304;64;0.8260869565217391;0.17391304347826086;1;True;
2483495-34;2025;2025-04-28;327;98;229;0.2996941896024465;0.7003058103975535;1;True;
2483495-38;2025;2025-04-28;385;116;269;0.3012987012987013;0.6987012987012987;5;True;
2483495-47;2025;2025-04-28;396;274;122;0.6919191919191919;0.30808080808080807;5;True;
2483495-52;2025;2025-04-28;389;278;111;0.7146529562982005;0.2853470437017995;5;True;
2483495-56;2025;2025-04-28;379;266;113;0.7018469656992085;0.29815303430079154;1;True;
2483495-59;2025;2025-04-28;368;251;117;0.6820652173913043;0.3179347826086957;1;True;
2483495-62;2025;2025-04-28;379;256;123;0.6754617414248021;0.3245382585751979;2;True;
2483495-64;2025;2025-04-28;325;225;100;0.6923076923076923;0.3076923076923077;1;True;
2483604-29;2025;2025-07-15;22;1;21;0.045454545454545456;0.9545454545454546;0;True;
2483805-30;2025;2025-07-15;20;0;20;0.0;1.0;0;False;nearly_unanimous (majority >= 97%)
2483863-74;2025;2025-11-05;399;382;17;0.9573934837092731;0.042606516290726815;1;True;
2484059-7;2025;2025-02-18;406;266;140;0.6551724137931034;0.3448275862068966;2;True;
2485066-28;2025;2025-03-18;418;46;372;0.11004784688995216;0.8899521531100478;1;True;
2485066-33;2025;2025-03-18;461;347;114;0.7527114967462039;0.2472885032537961;1;True;
2485082-29;2025;2025-07-15;21;0;21;0.0;1.0;0;False;nearly_unanimous (majority >= 97%)
2485082-40;2025;2025-07-15;20;0;20;0.0;1.0;0;False;nearly_unanimous (majority >= 97%)
2485082-41;2025;2025-07-15;23;21;2;0.9130434782608695;0.08695652173913043;0;True;
2485100-27;2025;2025-07-15;20;1;19;0.05;0.95;0;True;
2485103-25;2025;2025-09-30;19;1;18;0.05263157894736842;0.9473684210526315;1;False;low_participation (<20 valid votes)
2485227-8;2025;2025-02-25;376;347;29;0.9228723404255319;0.07712765957446809;4;True;
2485316-30;2025;2025-09-30;21;1;20;0.047619047619047616;0.9523809523809523;0;True;
2485316-42;2025;2025-10-07;20;1;19;0.05;0.95;0;True;
2485383-7;2026;2026-03-03;434;317;117;0.7304147465437788;0.2695852534562212;1;True;
2485763-25;2025;2025-09-30;20;0;20;0.0;1.0;0;False;nearly_unanimous (majority >= 97%)
2485934-22;2025;2025-07-15;21;0;21;0.0;1.0;0;False;nearly_unanimous (majority >= 97%)
2486199-32;2025;2025-03-18;414;413;1;0.9975845410628019;0.0024154589371980675;0;False;nearly_unanimous (majority >= 97%)
2486199-35;2025;2025-03-18;413;386;27;0.9346246973365617;0.06537530266343826;0;True;
2486461-64;2025;2025-10-29;358;88;270;0.24581005586592178;0.7541899441340782;1;True;
2486828-41;2025;2025-08-27;27;26;1;0.9629629629629629;0.037037037037037035;2;True;
2487358-40;2025;2025-06-25;368;125;243;0.33967391304347827;0.6603260869565217;1;True;
2487358-45;2025;2025-06-25;384;123;261;0.3203125;0.6796875;1;True;
2487358-48;2025;2025-06-25;389;272;117;0.699228791773779;0.30077120822622105;2;True;
2487399-57;2026;2026-03-24;415;295;120;0.7108433734939759;0.2891566265060241;1;True;
2487436-101;2025;2025-07-16;30;25;5;0.8333333333333334;0.16666666666666666;0;True;
2487436-169;2025;2025-10-01;493;493;0;1.0;0.0;1;False;nearly_unanimous (majority >= 97%)
2489217-10;2025;2025-07-16;418;376;42;0.8995215311004785;0.10047846889952153;1;True;
2490985-54;2025;2025-09-10;426;310;116;0.7276995305164319;0.27230046948356806;1;True;
2492064-22;2025;2025-11-18;39;15;24;0.38461538461538464;0.6153846153846154;0;True;
2492307-32;2025;2025-04-02;368;85;283;0.23097826086956522;0.7690217391304348;5;True;
2492307-38;2025;2025-04-02;392;300;92;0.7653061224489796;0.23469387755102042;4;True;
2494086-7;2025;2025-04-02;371;361;10;0.9730458221024259;0.026954177897574125;6;False;nearly_unanimous (majority >= 97%)
2494408-21;2025;2025-05-21;335;93;242;0.27761194029850744;0.7223880597014926;1;True;
2494408-30;2025;2025-05-21;431;388;43;0.9002320185614849;0.09976798143851508;1;True;
2494408-43;2025;2025-05-21;424;290;134;0.6839622641509434;0.3160377358490566;1;True;
2494565-15;2025;2025-04-30;36;1;35;0.027777777777777776;0.9722222222222222;0;False;nearly_unanimous (majority >= 97%)
2494565-25;2025;2025-05-07;55;17;38;0.3090909090909091;0.6909090909090909;0;True;
2494565-36;2025;2025-05-07;61;18;43;0.29508196721311475;0.7049180327868853;0;True;
2494565-41;2025;2025-05-07;62;44;18;0.7096774193548387;0.2903225806451613;0;True;
2494565-52;2025;2025-05-07;458;315;143;0.6877729257641921;0.31222707423580787;5;True;
2494613-2;2025;2025-04-09;28;22;6;0.7857142857142857;0.21428571428571427;0;True;
2494644-8;2025;2025-04-08;367;262;105;0.7138964577656676;0.28610354223433243;2;True;
2494645-8;2025;2025-04-08;372;259;113;0.696236559139785;0.30376344086021506;4;True;
2494647-7;2025;2025-04-08;401;291;110;0.7256857855361596;0.2743142144638404;1;True;
2494658-8;2025;2025-04-08;392;279;113;0.7117346938775511;0.288265306122449;1;True;
2495726-22;2025;2025-06-11;12;0;12;0.0;1.0;0;False;low_participation (<20 valid votes)
2496418-29;2025;2025-08-13;28;28;0;1.0;0.0;0;False;nearly_unanimous (majority >= 97%)
2496418-30;2025;2025-08-13;22;4;18;0.18181818181818182;0.8181818181818182;0;True;
2496418-31;2025;2025-08-13;32;6;26;0.1875;0.8125;0;True;
2497816-35;2025;2025-06-11;381;141;240;0.3700787401574803;0.6299212598425197;1;True;
2497816-41;2025;2025-06-11;315;110;205;0.3492063492063492;0.6507936507936508;1;True;
2497816-44;2025;2025-06-11;392;256;136;0.6530612244897959;0.3469387755102041;3;True;
2497816-47;2025;2025-06-11;360;214;146;0.5944444444444444;0.40555555555555556;1;True;
2497816-50;2025;2025-06-11;356;226;130;0.6348314606741573;0.3651685393258427;0;True;
2497990-25;2025;2025-06-02;331;101;230;0.30513595166163143;0.6948640483383686;1;True;
2497990-28;2025;2025-06-02;295;89;206;0.3016949152542373;0.6983050847457627;1;True;
2497993-21;2025;2025-05-26;433;132;301;0.30484988452655887;0.6951501154734411;1;True;
2497993-25;2025;2025-05-26;309;98;211;0.31715210355987056;0.6828478964401294;1;True;
2497993-30;2025;2025-05-26;412;128;284;0.3106796116504854;0.6893203883495146;1;True;
2497993-33;2025;2025-05-26;425;289;136;0.68;0.32;1;True;
2498090-44;2025;2025-08-07;424;30;394;0.07075471698113207;0.9292452830188679;3;True;
2498090-47;2025;2025-08-07;415;16;399;0.03855421686746988;0.9614457831325302;2;True;
2498149-10;2025;2025-05-07;12;11;1;0.9166666666666666;0.08333333333333333;0;False;low_participation (<20 valid votes)
2498149-9;2025;2025-05-07;10;2;8;0.2;0.8;0;False;low_participation (<20 valid votes)
2498967-8;2025;2025-04-23;383;267;116;0.6971279373368147;0.3028720626631854;2;True;
2499054-21;2025;2025-04-24;47;15;32;0.3191489361702128;0.6808510638297872;0;True;
2499054-41;2025;2025-04-29;66;44;22;0.6666666666666666;0.3333333333333333;0;True;
2499468-2;2025;2025-04-23;33;30;3;0.9090909090909091;0.09090909090909091;1;True;
2499748-9;2025;2025-05-07;10;9;1;0.9;0.1;0;False;low_participation (<20 valid votes)
2500080-320;2026;2026-03-04;502;487;15;0.9701195219123506;0.029880478087649404;1;False;nearly_unanimous (majority >= 97%)
2500080-330;2026;2026-03-04;475;461;14;0.9705263157894737;0.029473684210526315;0;False;nearly_unanimous (majority >= 97%)
2500080-49;2025;2025-07-09;60;22;38;0.36666666666666664;0.6333333333333333;0;True;
2500080-55;2025;2025-07-15;66;43;23;0.6515151515151515;0.3484848484848485;0;True;
2500260-26;2025;2025-08-12;446;61;385;0.1367713004484305;0.8632286995515696;2;True;
2500260-31;2025;2025-08-12;400;48;352;0.12;0.88;1;True;
2500260-34;2025;2025-08-12;428;424;4;0.9906542056074766;0.009345794392523364;3;False;nearly_unanimous (majority >= 97%)
2500330-36;2025;2025-07-16;442;174;268;0.3936651583710407;0.6063348416289592;2;True;
2500330-43;2025;2025-07-16;433;264;169;0.6096997690531177;0.3903002309468822;6;True;
2501358-37;2025;2025-10-14;422;13;409;0.030805687203791468;0.9691943127962085;1;True;
2501358-48;2025;2025-10-14;445;246;199;0.5528089887640449;0.44719101123595506;1;True;
2502719-8;2025;2025-08-12;430;426;4;0.9906976744186047;0.009302325581395349;1;False;nearly_unanimous (majority >= 97%)
2503292-9;2025;2025-05-06;467;268;199;0.5738758029978587;0.4261241970021413;1;True;
2503426-44;2025;2025-10-28;413;104;309;0.25181598062953997;0.7481840193704601;1;True;
2503832-40;2025;2025-08-19;403;23;380;0.05707196029776675;0.9429280397022333;1;True;
2503833-43;2026;2026-03-17;362;44;318;0.12154696132596685;0.8784530386740331;1;True;
2503998-70;2026;2026-04-07;366;60;306;0.16393442622950818;0.8360655737704918;1;True;
2503998-75;2026;2026-04-07;383;381;2;0.9947780678851175;0.005221932114882507;1;False;nearly_unanimous (majority >= 97%)
2507258-33;2025;2025-07-01;290;69;221;0.23793103448275862;0.7620689655172413;1;True;
2512384-8;2025;2025-05-26;401;294;107;0.7331670822942643;0.26683291770573564;1;True;
2515228-8;2025;2025-05-26;430;297;133;0.6906976744186046;0.30930232558139537;1;True;
2515229-8;2025;2025-05-26;430;286;144;0.6651162790697674;0.33488372093023255;3;True;
2515300-26;2025;2025-09-17;444;118;326;0.26576576576576577;0.7342342342342343;1;True;
2515300-30;2025;2025-09-17;435;326;109;0.7494252873563219;0.25057471264367814;1;True;
2515300-36;2025;2025-09-17;450;436;14;0.9688888888888889;0.03111111111111111;1;True;
2515300-38;2025;2025-09-17;459;423;36;0.9215686274509803;0.0784313725490196;1;True;
2515300-64;2025;2025-09-17;438;321;117;0.7328767123287672;0.2671232876712329;1;True;
2515300-71;2025;2025-09-17;447;322;125;0.7203579418344519;0.2796420581655481;2;True;
2515300-73;2025;2025-09-17;445;352;93;0.7910112359550562;0.20898876404494382;1;True;
2515648-29;2025;2025-06-25;453;104;349;0.22958057395143489;0.7704194260485652;1;True;
2515648-36;2025;2025-06-25;453;99;354;0.2185430463576159;0.7814569536423841;1;True;
2515648-41;2025;2025-06-25;455;353;102;0.7758241758241758;0.22417582417582418;2;True;
2515648-44;2025;2025-06-25;481;383;98;0.7962577962577962;0.20374220374220375;1;True;
2517547-27;2025;2025-06-17;30;24;6;0.8;0.2;0;True;
2517547-55;2025;2025-10-14;390;375;15;0.9615384615384616;0.038461538461538464;2;True;
2519886-21;2025;2025-09-24;366;89;277;0.24316939890710382;0.7568306010928961;2;True;
2519886-26;2025;2025-09-24;409;84;325;0.20537897310513448;0.7946210268948656;2;True;
2519886-34;2025;2025-09-24;409;403;6;0.9853300733496333;0.014669926650366748;1;False;nearly_unanimous (majority >= 97%)
2519886-53;2025;2025-09-24;407;132;275;0.32432432432432434;0.6756756756756757;2;True;
2520670-40;2025;2025-12-16;433;114;319;0.2632794457274827;0.7367205542725174;11;True;
2520670-46;2025;2025-12-16;343;276;67;0.8046647230320699;0.19533527696793002;22;True;
2520670-52;2025;2025-12-16;395;310;85;0.7848101265822784;0.21518987341772153;38;True;
2520670-66;2025;2025-12-16;402;286;116;0.7114427860696517;0.2885572139303483;2;True;
2524984-25;2025;2025-11-26;397;127;270;0.3198992443324937;0.6801007556675063;1;True;
2524984-33;2025;2025-11-26;427;350;77;0.819672131147541;0.18032786885245902;3;True;
2524984-37;2025;2025-11-26;401;313;88;0.7805486284289277;0.2194513715710723;3;True;
2525122-49;2025;2025-12-10;36;23;13;0.6388888888888888;0.3611111111111111;0;True;
2525122-53;2025;2025-12-10;59;27;32;0.4576271186440678;0.5423728813559322;2;True;
2525122-59;2025;2025-12-10;34;32;2;0.9411764705882353;0.058823529411764705;0;True;
2525122-73;2025;2025-12-10;387;151;236;0.39018087855297157;0.6098191214470284;4;True;
2525122-81;2025;2025-12-10;397;227;170;0.5717884130982368;0.4282115869017632;11;True;
2525180-26;2025;2025-10-08;444;251;193;0.5653153153153153;0.4346846846846847;1;True;
2525870-8;2025;2025-06-16;443;346;97;0.781038374717833;0.21896162528216703;1;True;
2526776-31;2025;2025-11-05;401;134;267;0.3341645885286783;0.6658354114713217;1;True;
2530336-32;2025;2025-08-19;359;131;228;0.3649025069637883;0.6350974930362117;1;True;
2530336-35;2025;2025-08-19;336;116;220;0.34523809523809523;0.6547619047619048;1;True;
2530336-40;2025;2025-08-19;358;125;233;0.34916201117318435;0.6508379888268156;1;True;
2530336-43;2025;2025-08-19;376;210;166;0.5585106382978723;0.44148936170212766;1;True;
2530336-46;2025;2025-08-19;373;230;143;0.6166219839142091;0.38337801608579086;2;True;
2530336-50;2025;2025-08-19;371;228;143;0.6145552560646901;0.38544474393531;2;True;
2530336-53;2025;2025-08-19;392;246;146;0.6275510204081632;0.37244897959183676;2;True;
2530336-58;2025;2025-08-19;369;217;152;0.5880758807588076;0.41192411924119243;1;True;
2533204-41;2025;2025-11-05;298;265;33;0.889261744966443;0.11073825503355705;3;True;
2533420-8;2025;2025-07-15;378;323;55;0.8544973544973545;0.1455026455026455;2;True;
2535328-24;2025;2025-10-30;355;157;198;0.4422535211267606;0.5577464788732395;3;True;
2535328-36;2025;2025-10-30;381;148;233;0.3884514435695538;0.6115485564304461;2;True;
2535455-16;2025;2025-08-19;394;117;277;0.2969543147208122;0.7030456852791879;1;True;
2536814-8;2025;2025-08-12;431;431;0;1.0;0.0;1;False;nearly_unanimous (majority >= 97%)
2536848-6;2025;2025-07-15;389;319;70;0.8200514138817481;0.17994858611825193;1;True;
2536992-8;2025;2025-08-12;397;384;13;0.9672544080604534;0.0327455919395466;1;True;
2538979-10;2025;2025-10-28;413;284;129;0.6876513317191283;0.31234866828087166;1;True;
2541109-27;2025;2025-09-24;436;156;280;0.3577981651376147;0.6422018348623854;1;True;
2541109-34;2025;2025-09-24;406;147;259;0.3620689655172414;0.6379310344827587;1;True;
2541109-38;2025;2025-09-24;441;296;145;0.671201814058957;0.3287981859410431;2;True;
2541109-40;2025;2025-09-24;333;45;288;0.13513513513513514;0.8648648648648649;2;True;
2541109-45;2025;2025-09-24;429;281;148;0.655011655011655;0.34498834498834496;0;True;
2541109-48;2025;2025-09-24;426;293;133;0.687793427230047;0.31220657276995306;0;True;
2541109-77;2025;2025-12-15;398;108;290;0.271356783919598;0.7286432160804021;1;True;
2541109-88;2025;2025-12-15;429;320;109;0.745920745920746;0.2540792540792541;1;True;
2541991-38;2025;2025-12-02;423;300;123;0.7092198581560284;0.2907801418439716;1;True;
2543003-8;2025;2025-08-12;446;323;123;0.7242152466367713;0.2757847533632287;1;True;
2543044-2;2025;2025-08-13;28;7;21;0.25;0.75;0;True;
2543171-41;2026;2026-03-02;403;102;301;0.2531017369727047;0.7468982630272953;1;True;
2543171-49;2026;2026-03-02;448;340;108;0.7589285714285714;0.24107142857142858;1;True;
2545773-8;2025;2025-09-10;413;288;125;0.6973365617433414;0.3026634382566586;1;True;
2549432-7;2025;2025-08-19;380;266;114;0.7;0.3;2;True;
2552333-8;2025;2025-08-27;360;349;11;0.9694444444444444;0.030555555555555555;1;True;
255291-105;2025;2025-02-26;388;57;331;0.14690721649484537;0.8530927835051546;1;True;
2553457-17;2025;2025-11-05;432;313;119;0.7245370370370371;0.27546296296296297;1;True;
2554285-43;2025;2025-12-15;419;127;292;0.3031026252983294;0.6968973747016707;2;True;
2554285-48;2025;2025-12-15;444;325;119;0.7319819819819819;0.268018018018018;4;True;
2554285-51;2025;2025-12-15;413;293;120;0.7094430992736077;0.29055690072639223;5;True;
2555110-45;2025;2025-11-26;385;278;107;0.7220779220779221;0.2779220779220779;1;True;
2556109-8;2025;2025-09-10;399;300;99;0.7518796992481203;0.24812030075187969;1;True;
2556169-8;2025;2025-09-03;27;14;13;0.5185185185185185;0.48148148148148145;0;True;
2557414-24;2026;2026-02-02;384;22;362;0.057291666666666664;0.9427083333333334;1;True;
2557414-32;2026;2026-02-02;444;415;29;0.9346846846846847;0.06531531531531531;3;True;
2557414-41;2026;2026-02-02;435;401;34;0.9218390804597701;0.07816091954022988;1;True;
2557801-10;2025;2025-10-29;415;382;33;0.9204819277108434;0.07951807228915662;2;True;
2558261-8;2025;2025-09-09;444;350;94;0.7882882882882883;0.21171171171171171;1;True;
2558444-7;2025;2025-09-09;413;329;84;0.7966101694915254;0.2033898305084746;1;True;
2558628-8;2025;2025-09-09;425;310;115;0.7294117647058823;0.27058823529411763;1;True;
2558692-10;2025;2025-09-18;407;369;38;0.9066339066339066;0.09336609336609336;1;True;
2559194-42;2025;2025-12-09;438;436;2;0.9954337899543378;0.0045662100456621;1;False;nearly_unanimous (majority >= 97%)
2559194-44;2025;2025-12-09;390;8;382;0.020512820512820513;0.9794871794871794;1;False;nearly_unanimous (majority >= 97%)
2560611-10;2025;2025-10-30;386;336;50;0.8704663212435233;0.12953367875647667;1;True;
2561475-6;2025;2025-09-16;449;332;117;0.7394209354120267;0.26057906458797325;1;True;
2562149-7;2025;2025-09-17;474;311;163;0.6561181434599156;0.3438818565400844;8;True;
2562173-21;2026;2026-02-09;422;126;296;0.2985781990521327;0.7014218009478673;0;True;
2562173-30;2026;2026-02-09;398;271;127;0.6809045226130653;0.31909547738693467;0;True;
2562289-8;2026;2026-04-07;290;272;18;0.9379310344827586;0.06206896551724138;1;True;
2563330-59;2026;2026-03-17;355;97;258;0.27323943661971833;0.7267605633802817;21;True;
2564132-13;2025;2025-11-12;422;72;350;0.17061611374407584;0.8293838862559242;5;True;
2564274-29;2025;2025-11-04;412;125;287;0.30339805825242716;0.6966019417475728;1;True;
2564274-37;2025;2025-11-04;418;299;119;0.715311004784689;0.284688995215311;5;True;
2564763-24;2025;2025-10-15;435;268;167;0.6160919540229886;0.3839080459770115;5;True;
2565804-8;2026;2026-05-19;411;284;127;0.6909975669099757;0.30900243309002434;2;True;
2566427-8;2025;2025-10-27;398;271;127;0.6809045226130653;0.31909547738693467;4;True;
2566565-10;2025;2025-10-28;430;300;130;0.6976744186046512;0.3023255813953488;1;True;
2570007-63;2025;2025-10-28;438;361;77;0.8242009132420092;0.17579908675799086;2;True;
2570007-66;2025;2025-10-28;455;445;10;0.978021978021978;0.02197802197802198;1;False;nearly_unanimous (majority >= 97%)
2570007-69;2025;2025-10-28;443;426;17;0.9616252821670429;0.03837471783295711;1;True;
2570219-7;2025;2025-11-12;358;303;55;0.8463687150837989;0.15363128491620112;1;True;
2570800-6;2025;2025-10-15;25;2;23;0.08;0.92;0;True;
2571484-12;2025;2025-10-22;439;95;344;0.2164009111617312;0.7835990888382688;3;True;
2571484-9;2025;2025-10-22;420;50;370;0.11904761904761904;0.8809523809523809;1;True;
257161-442;2025;2025-07-16;393;124;269;0.3155216284987277;0.6844783715012722;1;True;
257161-446;2025;2025-07-16;392;119;273;0.30357142857142855;0.6964285714285714;1;True;
257161-450;2025;2025-07-16;365;256;109;0.7013698630136986;0.29863013698630136;1;True;
257161-454;2025;2025-07-16;383;267;116;0.6971279373368147;0.3028720626631854;1;True;
257161-462;2025;2025-07-16;359;242;117;0.6740947075208914;0.32590529247910865;1;True;
257161-465;2025;2025-07-16;336;232;104;0.6904761904761905;0.30952380952380953;1;True;
257161-467;2025;2025-07-16;335;234;101;0.6985074626865672;0.30149253731343284;1;True;
257161-476;2025;2025-07-16;298;221;77;0.7416107382550335;0.25838926174496646;8;True;
257161-479;2025;2025-07-16;311;229;82;0.7363344051446945;0.26366559485530544;11;True;
257161-483;2025;2025-07-16;318;231;87;0.7264150943396226;0.27358490566037735;2;True;
2572994-8;2026;2026-03-02;353;315;38;0.8923512747875354;0.10764872521246459;1;True;
2573921-8;2025;2025-10-22;428;398;30;0.9299065420560748;0.07009345794392523;4;True;
2574143-8;2025;2025-10-27;422;318;104;0.7535545023696683;0.24644549763033174;3;True;
2575077-10;2025;2025-10-29;400;300;100;0.75;0.25;1;True;
2576234-34;2025;2025-11-03;383;360;23;0.9399477806788512;0.06005221932114883;3;True;
2576234-41;2025;2025-11-03;417;387;30;0.9280575539568345;0.07194244604316546;2;True;
2578879-27;2026;2026-03-03;429;157;272;0.36596736596736595;0.634032634032634;4;True;
2578879-31;2026;2026-03-03;385;148;237;0.38441558441558443;0.6155844155844156;2;True;
2578879-38;2026;2026-03-03;412;248;164;0.6019417475728155;0.39805825242718446;3;True;
2578968-7;2026;2026-04-15;384;355;29;0.9244791666666666;0.07552083333333333;1;True;
2579791-17;2026;2026-03-18;462;276;186;0.5974025974025974;0.4025974025974026;1;True;
2579832-105;2025;2025-11-18;389;349;40;0.897172236503856;0.10282776349614396;2;True;
2579832-41;2025;2025-11-18;426;110;316;0.25821596244131456;0.7417840375586855;1;True;
2579832-49;2025;2025-11-18;449;114;335;0.25389755011135856;0.7461024498886414;1;True;
2579832-54;2025;2025-11-18;446;335;111;0.7511210762331838;0.24887892376681614;1;True;
2579832-61;2025;2025-11-18;462;156;306;0.33766233766233766;0.6623376623376623;1;True;
2579832-62;2025;2025-11-18;480;370;110;0.7708333333333334;0.22916666666666666;4;True;
2579832-95;2025;2025-11-18;440;142;298;0.32272727272727275;0.6772727272727272;2;True;
2579832-96;2025;2025-11-18;407;298;109;0.7321867321867321;0.2678132678132678;2;True;
2579832-99;2025;2025-11-18;405;107;298;0.2641975308641975;0.7358024691358025;3;True;
2579995-8;2025;2025-11-03;421;275;146;0.6532066508313539;0.34679334916864607;1;True;
2579996-8;2025;2025-11-03;413;295;118;0.7142857142857143;0.2857142857142857;1;True;
2579999-8;2025;2025-11-03;414;236;178;0.5700483091787439;0.42995169082125606;1;True;
2580122-8;2025;2025-11-03;412;386;26;0.9368932038834952;0.06310679611650485;4;True;
2581700-31;2026;2026-04-07;367;268;99;0.7302452316076294;0.26975476839237056;1;True;
2581785-8;2026;2026-03-17;421;343;78;0.8147268408551069;0.18527315914489312;1;True;
2583550-7;2025;2025-11-12;409;323;86;0.7897310513447433;0.21026894865525672;1;True;
2583574-8;2025;2025-11-12;414;300;114;0.7246376811594203;0.2753623188405797;1;True;
2586587-30;2026;2026-05-21;321;94;227;0.29283489096573206;0.7071651090342679;0;True;
2589628-8;2026;2026-03-05;397;286;111;0.7204030226700252;0.2795969773299748;1;True;
259094-121;2023;2023-12-15;357;46;311;0.12885154061624648;0.8711484593837535;76;True;
259094-125;2023;2023-12-15;362;44;318;0.12154696132596685;0.8784530386740331;80;True;
259094-129;2023;2023-12-15;382;340;42;0.8900523560209425;0.1099476439790576;75;True;
259094-134;2023;2023-12-15;337;309;28;0.9169139465875371;0.0830860534124629;70;True;
259094-136;2023;2023-12-15;492;371;121;0.7540650406504065;0.2459349593495935;7;True;
259094-140;2023;2023-12-15;487;326;161;0.6694045174537988;0.33059548254620125;2;True;
259094-143;2023;2023-12-15;474;445;29;0.9388185654008439;0.06118143459915612;2;True;
259094-146;2023;2023-12-15;432;62;370;0.14351851851851852;0.8564814814814815;0;True;
259094-149;2023;2023-12-15;493;352;141;0.7139959432048681;0.28600405679513186;1;True;
259094-151;2023;2023-12-15;447;437;10;0.9776286353467561;0.02237136465324385;0;False;nearly_unanimous (majority >= 97%)
259094-166;2023;2023-12-15;466;324;142;0.6952789699570815;0.30472103004291845;4;True;
259094-172;2023;2023-12-15;477;285;192;0.5974842767295597;0.4025157232704403;2;True;
259094-176;2023;2023-12-15;494;341;153;0.6902834008097166;0.3097165991902834;4;True;
259094-179;2023;2023-12-15;491;299;192;0.6089613034623218;0.3910386965376782;2;True;
259094-181;2023;2023-12-15;342;309;33;0.9035087719298246;0.09649122807017543;43;True;
259094-187;2023;2023-12-15;372;49;323;0.13172043010752688;0.8682795698924731;70;True;
259094-190;2023;2023-12-15;483;365;118;0.7556935817805382;0.2443064182194617;2;True;
259094-193;2023;2023-12-15;487;333;154;0.6837782340862423;0.3162217659137577;0;True;
259094-199;2023;2023-12-15;491;293;198;0.5967413441955194;0.40325865580448067;1;True;
2591974-26;2026;2026-02-10;389;147;242;0.37789203084832906;0.622107969151671;1;True;
2593781-8;2026;2026-03-10;437;380;57;0.8695652173913043;0.13043478260869565;1;True;
2595686-22;2025;2025-12-10;423;242;181;0.5721040189125296;0.42789598108747046;2;True;
2595686-29;2025;2025-12-10;446;226;220;0.5067264573991032;0.49327354260089684;4;True;
2595686-31;2025;2025-12-10;459;318;141;0.6928104575163399;0.30718954248366015;4;True;
2595984-22;2026;2026-03-25;394;137;257;0.3477157360406091;0.6522842639593909;1;True;
2595984-26;2026;2026-03-25;388;126;262;0.3247422680412371;0.6752577319587629;0;True;
2595984-31;2026;2026-03-25;381;124;257;0.32545931758530183;0.6745406824146981;1;True;
2595984-34;2026;2026-03-25;398;258;140;0.6482412060301508;0.35175879396984927;1;True;
2596339-8;2026;2026-02-09;417;304;113;0.7290167865707434;0.2709832134292566;1;True;
2596663-47;2026;2026-03-11;365;213;152;0.5835616438356165;0.41643835616438357;4;True;
2600122-8;2026;2026-02-09;420;307;113;0.7309523809523809;0.26904761904761904;4;True;
2600277-9;2026;2026-02-10;396;277;119;0.6994949494949495;0.3005050505050505;2;True;
2600278-9;2026;2026-02-10;376;273;103;0.726063829787234;0.27393617021276595;2;True;
2600708-7;2026;2026-04-15;327;305;22;0.9327217125382263;0.0672782874617737;1;True;
2600838-46;2026;2026-02-24;337;105;232;0.3115727002967359;0.6884272997032641;1;True;
2601040-23;2026;2026-02-10;388;87;301;0.22422680412371135;0.7757731958762887;1;True;
2601040-31;2026;2026-02-10;378;317;61;0.8386243386243386;0.16137566137566137;3;True;
2601223-8;2026;2026-02-09;356;337;19;0.9466292134831461;0.05337078651685393;1;True;
2601522-8;2026;2026-02-09;430;298;132;0.6930232558139535;0.30697674418604654;1;True;
2601794-5;2026;2026-02-09;395;151;244;0.3822784810126582;0.6177215189873417;3;True;
2601990-42;2026;2026-05-13;424;421;3;0.9929245283018868;0.007075471698113208;1;False;nearly_unanimous (majority >= 97%)
2603342-42;2026;2026-02-25;443;307;136;0.6930022573363431;0.30699774266365687;2;True;
2604314-28;2026;2026-03-11;397;60;337;0.15113350125944586;0.8488664987405542;2;True;
2604383-7;2026;2026-02-25;428;308;120;0.719626168224299;0.2803738317757009;1;True;
2605090-8;2026;2026-03-10;437;290;147;0.6636155606407322;0.33638443935926776;0;True;
2605243-12;2026;2026-05-19;440;317;123;0.7204545454545455;0.27954545454545454;1;True;
2606970-8;2026;2026-03-17;418;399;19;0.9545454545454546;0.045454545454545456;1;True;
2607727-7;2026;2026-03-16;410;279;131;0.6804878048780488;0.3195121951219512;2;True;
2607960-9;2026;2026-03-11;402;316;86;0.7860696517412935;0.21393034825870647;2;True;
2608575-64;2026;2026-04-15;381;342;39;0.8976377952755905;0.10236220472440945;1;True;
2610645-5;2026;2026-03-18;406;152;254;0.37438423645320196;0.625615763546798;1;True;
2611717-33;2026;2026-03-25;424;391;33;0.9221698113207547;0.07783018867924528;2;True;
2611717-38;2026;2026-03-25;370;284;86;0.7675675675675676;0.23243243243243245;4;True;
2613731-29;2026;2026-05-20;427;115;312;0.2693208430913349;0.7306791569086651;0;True;
2613731-47;2026;2026-05-20;396;196;200;0.494949494949495;0.5050505050505051;2;True;
2613731-65;2026;2026-05-20;363;181;182;0.4986225895316804;0.5013774104683195;2;True;
2617164-10;2026;2026-04-29;399;154;245;0.38596491228070173;0.6140350877192983;4;True;
2618104-8;2026;2026-04-28;434;330;104;0.7603686635944701;0.23963133640552994;1;True;
2625979-8;2026;2026-05-20;393;268;125;0.6819338422391857;0.31806615776081426;3;True;
2626432-8;2026;2026-05-26;425;357;68;0.84;0.16;0;True;
2629954-8;2026;2026-06-03;444;309;135;0.6959459459459459;0.30405405405405406;9;True;
264726-127;2025;2025-06-11;310;105;205;0.3387096774193548;0.6612903225806451;1;True;
264726-131;2025;2025-06-11;355;132;223;0.37183098591549296;0.6281690140845071;1;True;
264726-136;2025;2025-06-11;377;235;142;0.623342175066313;0.376657824933687;1;True;
264726-142;2025;2025-06-11;284;102;182;0.3591549295774648;0.6408450704225352;1;True;
264726-144;2025;2025-06-11;426;273;153;0.6408450704225352;0.3591549295774648;2;True;
264726-148;2025;2025-06-11;409;256;153;0.6259168704156479;0.3740831295843521;3;True;
264726-157;2025;2025-06-11;403;249;154;0.6178660049627791;0.38213399503722084;3;True;
299788-65;2024;2024-12-03;13;5;8;0.38461538461538464;0.6153846153846154;0;False;low_participation (<20 valid votes)
344428-84;2023;2023-04-19;43;13;30;0.3023255813953488;0.6976744186046512;0;True;
345311-248;2023;2023-05-30;380;123;257;0.3236842105263158;0.6763157894736842;1;True;
345311-257;2023;2023-05-30;448;311;137;0.6941964285714286;0.30580357142857145;2;True;
345311-270;2023;2023-05-30;438;283;155;0.6461187214611872;0.3538812785388128;2;True;
345311-276;2023;2023-05-30;436;288;148;0.6605504587155964;0.3394495412844037;3;True;
345311-279;2023;2023-05-30;432;290;142;0.6712962962962963;0.3287037037037037;2;True;
346155-112;2023;2023-10-10;17;12;5;0.7058823529411765;0.29411764705882354;0;False;low_participation (<20 valid votes)
346155-136;2024;2024-08-13;11;2;9;0.18181818181818182;0.8181818181818182;0;False;low_participation (<20 valid votes)
347421-181;2024;2024-12-18;442;147;295;0.332579185520362;0.667420814479638;1;True;
347421-188;2024;2024-12-18;456;320;136;0.7017543859649122;0.2982456140350877;3;True;
347421-192;2024;2024-12-18;466;294;172;0.630901287553648;0.36909871244635195;1;True;
347421-198;2024;2024-12-19;451;149;302;0.3303769401330377;0.6696230598669624;2;True;
347421-200;2024;2024-12-19;498;344;154;0.6907630522088354;0.3092369477911647;2;True;
347421-202;2024;2024-12-19;364;4;360;0.01098901098901099;0.989010989010989;1;False;nearly_unanimous (majority >= 97%)
347421-205;2024;2024-12-19;492;349;143;0.709349593495935;0.29065040650406504;1;True;
347421-221;2024;2024-12-19;494;348;146;0.7044534412955465;0.29554655870445345;0;True;
347421-224;2024;2024-12-19;487;358;129;0.7351129363449692;0.2648870636550308;1;True;
366046-100;2023;2023-11-21;34;34;0;1.0;0.0;0;False;nearly_unanimous (majority >= 97%)
366046-102;2023;2023-11-21;42;16;26;0.38095238095238093;0.6190476190476191;0;True;
366046-90;2023;2023-11-21;45;16;29;0.35555555555555557;0.6444444444444445;0;True;
366046-95;2023;2023-11-21;40;7;33;0.175;0.825;0;True;
374450-132;2025;2025-10-28;430;409;21;0.9511627906976744;0.04883720930232558;1;True;
408349-216;2025;2025-11-04;427;377;50;0.882903981264637;0.117096018735363;4;True;
480184-129;2024;2024-11-27;344;266;78;0.7732558139534884;0.22674418604651161;5;True;
496201-66;2024;2024-05-22;14;11;3;0.7857142857142857;0.21428571428571427;0;False;low_participation (<20 valid votes)
499716-142;2023;2023-05-03;48;23;25;0.4791666666666667;0.5208333333333334;0;True;
499716-172;2023;2023-08-01;44;17;27;0.38636363636363635;0.6136363636363636;0;True;
499716-177;2023;2023-08-01;46;20;26;0.43478260869565216;0.5652173913043478;0;True;
499716-179;2023;2023-08-01;45;21;24;0.4666666666666667;0.5333333333333333;0;True;
503670-99;2023;2023-10-31;364;96;268;0.26373626373626374;0.7362637362637363;2;True;
505535-143;2025;2025-10-15;34;9;25;0.2647058823529412;0.7352941176470589;0;True;
505535-160;2025;2025-12-09;36;13;23;0.3611111111111111;0.6388888888888888;0;True;
505535-165;2025;2025-12-09;34;11;23;0.3235294117647059;0.6764705882352942;0;True;
527212-147;2023;2023-11-29;34;4;30;0.11764705882352941;0.8823529411764706;0;True;
533105-109;2026;2026-02-24;36;12;24;0.3333333333333333;0.6666666666666666;0;True;
534947-76;2023;2023-06-06;10;10;0;1.0;0.0;0;False;low_participation (<20 valid votes)
536122-92;2025;2025-11-06;18;4;14;0.2222222222222222;0.7777777777777778;0;False;low_participation (<20 valid votes)
537377-101;2024;2024-06-19;14;5;9;0.35714285714285715;0.6428571428571429;0;False;low_participation (<20 valid votes)
537377-104;2024;2024-06-19;15;11;4;0.7333333333333333;0.26666666666666666;0;False;low_participation (<20 valid votes)
537377-88;2024;2024-05-22;13;3;10;0.23076923076923078;0.7692307692307693;0;False;low_participation (<20 valid votes)
537377-97;2024;2024-06-19;16;6;10;0.375;0.625;0;False;low_participation (<20 valid votes)
541855-97;2024;2024-08-28;385;370;15;0.961038961038961;0.03896103896103896;3;True;
543252-45;2024;2024-11-13;47;13;34;0.2765957446808511;0.723404255319149;0;True;
543252-60;2024;2024-11-27;50;35;15;0.7;0.3;0;True;
545304-112;2025;2025-10-29;416;137;279;0.3293269230769231;0.6706730769230769;1;True;
545304-120;2025;2025-10-29;390;126;264;0.3230769230769231;0.676923076923077;1;True;
545304-128;2025;2025-10-29;425;148;277;0.34823529411764703;0.6517647058823529;2;True;
545304-132;2025;2025-10-29;396;162;234;0.4090909090909091;0.5909090909090909;1;True;
545304-134;2025;2025-10-29;408;275;133;0.6740196078431373;0.32598039215686275;2;True;
545304-154;2025;2025-10-29;411;173;238;0.4209245742092457;0.5790754257907542;1;True;
559138-191;2023;2023-09-26;43;19;24;0.4418604651162791;0.5581395348837209;0;True;
559138-201;2023;2023-10-24;44;18;26;0.4090909090909091;0.5909090909090909;0;True;
559138-206;2023;2023-10-24;42;16;26;0.38095238095238093;0.6190476190476191;0;True;
559138-221;2023;2023-11-22;34;1;33;0.029411764705882353;0.9705882352941176;0;False;nearly_unanimous (majority >= 97%)
559138-224;2023;2023-11-22;56;31;25;0.5535714285714286;0.44642857142857145;0;True;
559138-225;2023;2023-11-22;34;33;1;0.9705882352941176;0.029411764705882353;0;False;nearly_unanimous (majority >= 97%)
559138-237;2024;2024-11-27;381;113;268;0.29658792650918636;0.7034120734908137;1;True;
559138-241;2024;2024-11-27;390;116;274;0.29743589743589743;0.7025641025641025;1;True;
565397-185;2024;2024-10-16;353;149;204;0.42209631728045327;0.5779036827195467;1;True;
575585-69;2023;2023-11-21;385;53;332;0.13766233766233765;0.8623376623376623;1;True;
575585-92;2023;2023-11-21;377;286;91;0.7586206896551724;0.2413793103448276;1;True;
575585-99;2023;2023-11-21;416;312;104;0.75;0.25;1;True;
584569-77;2023;2023-11-28;34;1;33;0.029411764705882353;0.9705882352941176;1;False;nearly_unanimous (majority >= 97%)
587340-61;2023;2023-09-12;10;0;10;0.0;1.0;0;False;low_participation (<20 valid votes)
589982-103;2026;2026-03-02;395;100;295;0.25316455696202533;0.7468354430379747;0;True;
589982-124;2026;2026-03-02;401;194;207;0.4837905236907731;0.516209476309227;5;True;
589982-126;2026;2026-03-02;377;258;119;0.6843501326259946;0.3156498673740053;7;True;
589982-129;2026;2026-03-02;356;235;121;0.6601123595505618;0.3398876404494382;8;True;
593858-48;2023;2023-09-20;1;0;1;0.0;1.0;0;False;low_participation (<20 valid votes)
601668-75;2025;2025-04-02;40;4;36;0.1;0.9;0;True;
602720-66;2023;2023-04-18;41;14;27;0.34146341463414637;0.6585365853658537;0;True;
604557-191;2025;2025-05-27;444;378;66;0.8513513513513513;0.14864864864864866;2;True;
604557-205;2025;2025-05-27;419;351;68;0.837708830548926;0.162291169451074;2;True;
622019-63;2025;2025-06-11;349;119;230;0.34097421203438394;0.6590257879656161;1;True;
622019-68;2025;2025-06-11;342;128;214;0.3742690058479532;0.6257309941520468;0;True;
622019-72;2025;2025-06-11;321;214;107;0.6666666666666666;0.3333333333333333;0;True;
622019-73;2025;2025-06-11;332;204;128;0.6144578313253012;0.3855421686746988;1;True;
622019-76;2025;2025-06-11;342;225;117;0.6578947368421053;0.34210526315789475;1;True;
622019-81;2025;2025-06-11;303;197;106;0.6501650165016502;0.34983498349834985;2;True;
622019-83;2025;2025-06-11;312;204;108;0.6538461538461539;0.34615384615384615;1;True;
622673-73;2023;2023-06-06;10;10;0;1.0;0.0;0;False;low_participation (<20 valid votes)
945492-147;2024;2024-12-11;35;8;27;0.22857142857142856;0.7714285714285715;0;True;
945492-151;2024;2024-12-11;59;45;14;0.7627118644067796;0.23728813559322035;0;True;
946517-131;2023;2023-08-22;46;4;42;0.08695652173913043;0.9130434782608695;0;True;
