id_evento;uri_evento;data_hora_inicio;data_hora_fim;descricao_tipo;descricao;local_camara
82150;https://dadosabertos.camara.leg.br/api/v2/eventos/82150;2026-05-26 14:00:00;;Audiência Pública;REQ nº 33/2026 - Dep. Tarcísio Motta Convidados: Marluce Medeiros - Representante do SPDRJ - Confirmada Frederico Barbosa - Representante do IPEA Dr. Cristiano Meira - Representante da CNTEEC Sonia Santana - Representante do SINDCINE Miguel Ribeiro - Representante da LABFAZ / ANTE Paula Montagner - Subsecretária de Estatísticas e Estudos do Trabalho - MTE Adriano Esturilho - Representante do SATED/PR - Confirmado Rafael Dubeaux - Assessor Especial da Subsecretaria de Assuntos Tributários e Gestão - Ministério da Fazenda;A Definir
82107;https://dadosabertos.camara.leg.br/api/v2/eventos/82107;2026-05-26 10:00:00;;Audiência Pública;"(REQ 173/2026 CSPCCO, do deputado Capitão Alden) Representante do Ministério da Justiça e Segurança Pública; Representante do Conselho Nacional de Secretários de Segurança Pública (CONSESP); Representante do Conselho Nacional de Comandantes-Gerais das Polícias Militares e Corpos de Bombeiros Militares (CNCG); Representante do Conselho Nacional dos Chefes de Polícia Civil (CONCPC); Representantes de entidades nacionais de classe das forças de segurança pública;";Anexo II, Plenário 06
82123;https://dadosabertos.camara.leg.br/api/v2/eventos/82123;2026-05-20 16:00:00;;Audiência Pública;1) (a Confirmar) representante Agência Nacional do Petróleo, Gás Natural e Biocombustíveis - ANP 2) SÉRGIO ARAÚJO Presidente Associação Brasileira dos Importadores de Combustíveis - ABICOM 3) Representante da Associação Brasileira dos Terminais Portuários - ABTP (NÃO COMPARECERÁ) 4) Representante Instituto do Combustível Legal (NÃO COMPARECERÁ) 5) (a Confirmar) representante Instituto Livre Mercado - ILM 6) (a Confirmar) representante Ministério da Agricultura, Pecuária e Abastecimento - MAPA (REQ 56/2026 CAPADR, do deputado General Girão);A Definir
82195;https://dadosabertos.camara.leg.br/api/v2/eventos/82195;2026-05-20 14:00:00;;Reunião Deliberativa;Discussão e Votação do Parecer do Relator, Dep. Leo Prates.;Anexo II, Plenário 02
82113;https://dadosabertos.camara.leg.br/api/v2/eventos/82113;2026-05-20 13:30:00;;Reunião Deliberativa;(PAUTA SUJEITA À ALTERAÇÃO);Anexo II, Plenário 10
82180;https://dadosabertos.camara.leg.br/api/v2/eventos/82180;2026-05-19 18:15:57;2026-05-19 19:27:36;Seminário;"Requerimento n. 55/2026 Autor: Dep. Reimont Convidados: - Anita Leandro – diretora do documentário; - Alice de Andrade - diretora e produtora do documentário; - Hamilton Lopes dos Santos , autor das imagens registradas durante a Conferência Internacional pela Anistia, realizada em Roma, em 1979; e - Pessoas da sociedade civil interessadas no tema.";Anexo II, Plenário 13
81974;https://dadosabertos.camara.leg.br/api/v2/eventos/81974;2026-05-19 17:19:22;2026-05-19 20:12:19;Audiência Pública;"REQ. 111/2026 CSAUDE, de autoria dos Deputados Rafael Simões; Dr. Luiz Ovando; Pedro Westphalen; Dr. Zacharias Calil; Silvia Cristina e Dr. Ismael Alexandrino. Aditado pelo REQ. 126/2026, de autoria do Deputado Rafael Simões. Convidados(as) confirmados(as): - Senador Dr. Hiran (Participação presencial) Senado Federal - Alexandre Hueb (Participação presencial) Chefe do Serviço de Cirurgia Cardiovascular do Complexo Hospital Samuel Libânio de Pouso Alegre/MG - Franz Campos (Participação virtual) Chefe do Setor de Urologia do Instituto Nacional de Câncer - INCA - Pascoal Marracini (Participação presencial) Presidente da Associação Brasileira de Instituições Filantrópicas de Combate ao Câncer - ABIFICC - Stênio Zequi (Participação presencial) Líder do Centro de Referência em Tumores Urológicos do A. C. Camargo Cancer Center - Lumena Furtado (Participação virtual) Diretora de Atenção à Saúde do Hospitais Universitários Federais do Brasil - HU BRASIL - Rodrigo Pinheiro (Participação presencial) Diretor científico da Sociedade Mundial de Cirurgia Oncológica - WSSO - Marlene Oliveira (Participação presencial) Presidente do Instituto Lado a Lado pela Vida - Luciana Holtz (Participação presencial) Presidente do Instituto Oncoguia - Miyuki Goto (Participação virtual) Consultora Técnica da Associação Médica Brasileira - AMB Membro da Comissão Nacional de Incorporação de Tecnologias no SUS - CONITEC - Carlos Amilcar Salgado (Participação presencial) Secretário Adjunto de Atenção Especializada à Saúde do Ministério da Saúde - MS";Anexo II, Plenário 05
81931;https://dadosabertos.camara.leg.br/api/v2/eventos/81931;2026-05-19 16:37:56;2026-05-19 17:53:16;Audiência Pública;Audiência pública decorrente da aprovação do REQ Nº 15/2026 CPASF, de autoria do Deputado BRUNO GANEM (PODE-SP) Convidados 1) BRUNO DE FREITAS GOMES ( CONFIRMADO - virtual) Superintendente Superintendência de Secutirização e Agronegócio da Comissão de Valores Mobiliários 2) GABRIEL MURICCA GALÍPOLO ( não participará) Presidente Banco Central do Brasil 3) JOÃO CARLOS FIGUEIREDO (CONFIRMADO presencial) Presidente Associação Brasileira de Instituições de Previdência Estaduais e Municipais 4)ALLEX ALBERT RODRIGUES (CONFIRMADO - presencial) Diretor do Departamento dos Regimes Próprios de Previdência Social Ministério da Previdência Social 5) SAMY DANA (não participará) Professor Escola de Administração - Fundação Getúlio Vargas 6) Representante da Associação Brasileira das Entidades dos Mercados Financeiro e de Capitais (ANBIMA) - Não participará;Anexo II, Plenário 07
82064;https://dadosabertos.camara.leg.br/api/v2/eventos/82064;2026-05-19 16:27:30;2026-05-19 18:14:28;Seminário;"Requerimento n. 55/2026 Autor: Dep. Reimont Convidados: - Anita Leandro – diretora do documentário; - Alice de Andrade - diretora e produtora do documentário; - Hamilton Lopes dos Santos , autor das imagens registradas durante a Conferência Internacional pela Anistia, realizada em Roma, em 1979; e - Pessoas da sociedade civil interessadas no tema.";Anexo II, Plenário 13
82172;https://dadosabertos.camara.leg.br/api/v2/eventos/82172;2026-05-19 16:27:28;2026-05-19 16:41:39;Reunião Deliberativa;Deliberação de Requerimentos (estão sujeitos a pauta os Requerimentos apresentados até 24 horas antes do início da Reunião):;Anexo II, Plenário 16
82061;https://dadosabertos.camara.leg.br/api/v2/eventos/82061;2026-05-19 16:25:59;2026-05-19 17:52:14;Audiência Pública;(REQ 22/2026 CTRAB, do deputado Bohn Gass) CONVIDADOS: CARLOS MANUEL BAIGORRI Presidente da Anatel - Agência Nacional de Telecomunicações, PEDRO MELLO LOMBARDI Superintendente Adjunto Substituto de Regulação dos Serviços de Transmissão e Distribuição de Energia Elétrica - Aneel RICARDO PATAH Presidente da UGT - União Geral dos Trabalhadores JOSÉ ROBERTO SILVA Presidente da Contcop - Confederação Nacional dos Trabalhadores em Comunicações e Publicidade ROGERIO SOARES Secretário Geral da Fenattel - Federação Nacional dos Trabalhadores em Empresas de Telecomunicações VIVIEN MELLO SURUAGY Presidente da Feninfra - Federação de Call Center e Infraestrutura de Telecomunicações DIOGO DELLA TORRES Coordenador de Infraestrutura da Conexis - Sindicato Nacional das Empresas de Telefonia BASÍLIO PEREZ Vice-Presidente da Abrint - Associação Brasileira de Provedores de Internet e Telecomunicações;Anexo II, Plenário 12
81980;https://dadosabertos.camara.leg.br/api/v2/eventos/81980;2026-05-19 16:09:45;2026-05-19 17:41:20;Audiência Pública;REQ 13/2026 - Dep. Sâmia Bomfim e Dep. Heloísa Helena 1) EDUARDO LUIZ FERREIRA (Confirmado) Representante Associação dos Empregados da Eletrobras (AEEL) 2) FERNANDA LAGROTTA (Confirmada) Coordenadora Movimento Reaproveita Brasil | MRB 3) GENY HELENA FERNANDES MARQUES (Confirmada) Procuradora Ministério Público do Trabalho no Distrito Federal e Tocantins | MPT-DF/TO 4) JONES MANOEL DA SILVA (Confirmado) Historiador, Escritor e Comunicador Popular 5) PEDRO ALVES VIEGAS (Confirmado) Representante Movimento pela Frente Socialista Revolucionária 6) SERGIO PETECÃO (a Confirmar) Senador da República Senado Federal;Anexo II, Plenário 08
82163;https://dadosabertos.camara.leg.br/api/v2/eventos/82163;2026-05-19 15:44:46;2026-05-19 16:49:05;Reunião Deliberativa;Discussão e votação de propostas legislativas;Anexo II, Plenário 01
82182;https://dadosabertos.camara.leg.br/api/v2/eventos/82182;2026-05-19 15:43:56;2026-05-19 16:13:42;Reunião Técnica;Reunião técnica com movimentos e lideranças;Anexo II, Plenário 12
82000;https://dadosabertos.camara.leg.br/api/v2/eventos/82000;2026-05-19 15:34:33;2026-05-19 18:11:24;Audiência Pública;"Confirmados: 1. Miguel Crisóstomo Brito Leite, Coordenador Geral de Desenvolvimento Tecnológico e Transformação Mineral da Secretaria Nacional de Geologia, Mineração e Transformação Mineral do Ministério de Minas e Energia; 2. Tólio Edeo Ribeiro, Coordenador-Geral das Indústrias de Metalurgia e de Base Florestal do Ministério do Desenvolvimento, Indústria, Comércio e Serviços; 3. Osório Coelho Guimarães Neto, Diretor do Departamento de Programas de Inovação do Ministério da Ciência, Tecnologia e Inovação; 4. Rinaldo Mancin, Diretor de Sustentabilidade e Assuntos Associativos do Instituto Brasileiro de Mineração 5. Vilmar Simões, Diretor-Presidente do Serviço Geológico do Brasil - SGB; 6. João Paulo Pieroni, Superintendente da Área de Desenvolvimento Produtivo e Inovação do BNDES; 7. Amenônia Maria Ferreira Pinto, Diretora do Centro de Desenvolvimento da Tecnologia Nuclear, representando a Comissão Nacional de Energia Nuclear - CNEN; 8. Sérgio Almeida Cunha Filgueiras, Diretor Substituto do Centro de Desenvolvimento da Tecnologia Nuclear - CDTN; e, 9. Daniel Tygel, representante do Movimento Terra Viva Água Rara. (REQ 17/2026 CFT, do deputado Rogério Correia)";Anexo II, Plenário 04
82085;https://dadosabertos.camara.leg.br/api/v2/eventos/82085;2026-05-19 15:28:36;2026-05-19 16:07:26;Reunião Deliberativa;Eleição para o cargo de 2º Vice e discussão e votação de propostas legislativas;Anexo II, Plenário 05
82009;https://dadosabertos.camara.leg.br/api/v2/eventos/82009;2026-05-19 15:24:41;2026-05-19 17:48:18;Audiência Pública;"Audiência Pública Tema: Ilegalidades nos mercados de petróleo, gás natural, derivados e biocombustíveis, incluindo adulteração, comercialização irregular, contrabando e fraudes Convidados: DEIVSON MATOS TIMBO, Coordenador Geral do Ministério de Minas e Energia - MME (REQ 4/26) - (confirmado); JULIO CESAR CANDIA NISHIDA, Superintendente de Fiscalização do Abastecimento da Agência Nacional do Petróleo, Gás Natural e Biocombustíveis - ANP (REQ 4/26) - (confirmado); CARLO FACCIO, Diretor Executivo do Instituto Combustível Legal - ICL (REQ 4/26) - (confirmado); JAMES THORP NETO, Presidente da Federação Nacional do Comércio de Combustíveis e Lubrificantes - Fecombustíveis e Representante da Confederação Nacional do Comercio de Bens, Serviço e Turismo - CNC (REQ 4/26) - (confirmado); ENRICO ANDRIOLO, Gerente Jurídico e Regulatório do Instituto Brasileiro de Petróleo, Gás e Biocombustíveis - IBP (REQ 4/26) - (confirmado); LÍLIAN SANTOS MARQUES SEVERINO, Economista-Chefe do Departamento de Estudos Econômicos do Conselho Administrativo de Defesa Econômica - CADE (REQ 4/26) - (confirmada); EVARISTO PINHEIRO, Diretor Presidente da Associação Brasileira dos Refinadores Privado - Refina Brasil (REQ 4/26) - (confirmado); ROGÉRIO CARLOS VIEIRA MACIEL, Chefe da Seção de Fiscalização Aduaneira da Receita Federal do Brasil (REQ 4/26) - (confirmado); MÁRCIA CECÍLIA MENG, Auditora-Fiscal da Receita Federal do Brasil, Superintendente da 8ª Região Fiscal (REQ 4/26) - (confirmada); EMANUEL FERNANDES E SOUZA, Delegado da Polícia Federal - PF (REQ 4/26) - (confirmado); SAMUEL CARVALHO, Diretor de Regulamentação do Sindicato Nacional das Empresas Distribuidoras de Combustíveis e de Lubrificantes - SINDICOM (REQ 4/26) - (confirmado); SÉRGIO ARAUJO, Presidente Executivo da Associação Brasileira dos Importadores de Combustíveis - ABICOM (REQ 4/26) - (confirmado); e CLÁUDIO SOUZA DE ARAÚJO, Diretor Jurídico da Associação das Distribuidoras de Combustíveis - BRASILCOM (REQ 26/26) - (confirmado). (Requerimento nº 4/2026, do Dep. Julio Lopes) (Requerimento nº 26/2026, do Dep. Julio Lopes)";Anexo II, Plenário 10
82147;https://dadosabertos.camara.leg.br/api/v2/eventos/82147;2026-05-19 15:17:24;2026-05-19 15:48:59;Reunião Deliberativa;Discussão e votação de propostas legislativas;Anexo II, Plenário 13
82007;https://dadosabertos.camara.leg.br/api/v2/eventos/82007;2026-05-19 15:21:06;2026-05-19 16:59:21;Reunião Deliberativa;"PAUTA SUJEITA A ALTERAÇÕES A) APRECIAÇÃO DE PARECER 1 - Representação nº 26/25, em desfavor do Deputado Marcos Pollon - Defesa do representado, discussão e votação do Parecer Final do Relator, Deputado Ricardo Maia, pela suspensão por 90 dias do exercício do mandato do representado. (Vista concedida em 28/4/26 ao Deputado Cabo Gilberto Silva) B) INSTAURAÇÃO DE PROCESSOS E SORTEIOS DE NOMES PARA COMPOREM LISTA TRÍPLICE PARA ESCOLHA DE RELATOR: 1. Representação nº 15/25, do Partido Liberal - PL, em desfavor do Deputado André Janones - REDE/MG; 2. Representação nº 3/26, do NOVO, em desfavor dos Deputados Célia Xakriabá - PSOL/SP, Erika Hilton - PSOL/SP, Fernanda Melchionna - PSOL/RS, Chico Alencar - PSOL/RJ, Glauber Braga - PSOL/RJ, Pastor Henrique Vieira - PSOL/RJ, Ivan Valente - PSOL/SP, Professora Luciene Cavalcante - PSOL/SP, Luiza Erundina - PSOL/SP, Lindbergh Farias - PT/RJ, Sâmia Bomfim - PSOL/SP, Talíria Petrone - PSOL/RJ e Tarcísio Motta - PSOL/RJ. 3. Representação nº 10/26, do Partido dos Trabalhadores - PT, em desfavor do Deputado Alfredo Gaspar - PL/AL. C) NOVO SORTEIO DE NOMES PARA ESCOLHA DE RELATOR: 1. Representação nº 1/26, do Partido Liberal - PL, em desfavor do Deputado Lindbergh Farias - PT/RJ, em substituição ao Deputado Da Vitória - PP/ES; 2. Representação nº 4/26, do NOVO, em desfavor do Deputado Rogério Correia - PT/MG, em substituição ao Deputado Ricardo Ayres - REPUBLICANOS/TO; 3. Representação nº 7/26, do NOVO, em desfavor da Deputada Erika Hilton - PSOL/SP, em substituição ao Deputado Ricardo Ayres - REPUBLICANOS/TO; 4. Representação nº 9/26, do NOVO, em desfavor do Deputado Lindbergh Farias - PT/RJ, em substituição ao Deputado Da Vitória - PP/ES.";Anexo II, Plenário 11
82081;https://dadosabertos.camara.leg.br/api/v2/eventos/82081;2026-05-19 14:40:15;2026-05-19 17:16:57;Audiência Pública e Deliberação;"A - Audiência Pública Tema: Limites e possibilidades para a redução da jornada de trabalho - perspectiva da classe trabalhadora Convidados: SÉRGIO NOBRE, Presidente da CUT (confirmado); SÉRGIO LEITE, Diretor da Força Sindical (confirmado); NORTON JUBELLI, Diretor da UGT (confirmado); ANTONIO NETO, Presidente da CSB (confirmado); MÁRCIO AYER CORREIA ANDRADE, Diretor da CTB (confirmado); SÔNIA ZERINO, Presidenta da NCST (confirmada) WILSON PEREIRA, Diretor da Contratuh e do FST (confirmado); CLEMENTE GANZ LÚCIO, Coordenador do Fórum das Centrais Sindicais (confirmado); ALEXANDRE CASO, Diretor da Intersindical Central da Classe Trabalhadora (confirmado); e NEURIBERG DIAS DO RÊGO, Representante do Departamento Intersindical de Assessoria Parlamentar - DIAP (confirmado). (Requerimento nº 3/2026, do Deputado Rubens Pereira Júnior) (Requerimento nº 11/2026, da Deputada Daiana Santos) (Requerimento nº 21/2026, do Deputado Fernando Mineiro) (Requerimentos nº 67 e 69/2026, do Deputado Dorinaldo Malafaia) (Requerimento nº 72/2026, da Deputada Jack Rocha) (Requerimentos nº 83 e 84/2026, do Deputado Max Lemos) B - Deliberação de Requerimentos:";Anexo II, Plenário 02
82158;https://dadosabertos.camara.leg.br/api/v2/eventos/82158;2026-05-19 14:31:00;2026-05-19 16:00:30;Audiência Pública e Deliberação;"A - Audiência Pública Tema: Judicialização por direitos e mediação de conflitos Convidados: RENATA TIBYRIÇÁ, coordenadora da Comissão dos Direitos das Pessoas com Deficiência da ANADEP (confirmada) (por videoconferência); (Requerimentos nºs 01, 04/2025 e 09/26 do Dep. Marangoni) B - Deliberação de Requerimentos (estão sujeitos a pauta os requerimentos apresentados até 24h antes do horário da reunião):";Anexo II, Plenário 09
82174;https://dadosabertos.camara.leg.br/api/v2/eventos/82174;2026-05-19 14:24:48;2026-05-19 14:46:17;Reunião de Eleição;Eleição do Presidente e dos 1º e 3º Vice-Presidentes.;Anexo II, Plenário 08
82129;https://dadosabertos.camara.leg.br/api/v2/eventos/82129;2026-05-19 14:23:00;2026-05-19 18:27:00;Seminário;"Programação do Seminário 14h – 14h30 | Mesa de Abertura Apresentação do seminário pelas comissões proponentes e pelas instituições organizadoras, com o objetivo de apresentar diagnósticos e nortear os debates. 1) Maiara Folly - Plataforma CIPÓ 2) Pedro Rossi - Global Fund for a New Economy (GFNE) 3) Marco Antonio Rocha - Transforma Unicamp 14h30 – 16h | Painel: Desenvolvimento, Trabalho e Macroeconomia 4) Marco Antonio Rocha - Transforma Unicamp 5) Pedro Rossi - Global Fund for a New Economy (GFNE) 6) Sergio Gabrielli - Universidade Federal da Bahia (UFBA 7) Lucas Sidrach - Movimento Vida Além do Trabalho (VAT) 16h – 16h30 | Intervalo 16h30 – 18h - Painel: ""Transformação ecológica, inovação verde e cooperação internacional"" 8) Giancarlo Gama - Conselho de Desenvolvimento Econômico Social (Conselhão) 9) Maiara Folly - Plataforma CIPÓ 10) Keiti da Rocha Gomes - Instituto de Pesquisa Econômica Aplicada (Ipea) 11) Mayra Juruá - Comissão Econômica para a América Latina e o Caribe (CEPAL) 12) Teresa Melo - Ministério da Fazenda 13) Adriana Pinheiro - Observatório do Clima 14) Alessandra Cardoso - Instituto de Estudos Socioeconômicos (INESC)";Auditório Freitas Nobre
82015;https://dadosabertos.camara.leg.br/api/v2/eventos/82015;2026-05-19 14:19:12;2026-05-19 15:03:23;Audiência Pública e Deliberação;"A - Audiência Pública Tema: Proteção aos Produtores Rurais Convidados: CLAUDIA BEATRIZ VERSIANI, Diretora Engenheira Agrônoma do Conselho Regional de Engenharia e Agronomia de Minas Gerais - CREA-MG (REQ 5/26) - (confirmada); e ROBSON LOPES, Diretor de Financiamento, Proteção e Apoio à Inclusão Produtiva Familiar Substituto (SAF), Representante do Ministério do Desenvolvimento Agrário e Agricultura Familiar (REQ 2/26) - (confirmado) (Requerimento n° 2/26, da Dep. Ana Pimentel) (Requerimento n° 5/26, do Dep. Igor Timo) B - Deliberação de Requerimentos (estão sujeitos a pauta os requerimentos apresentados até 24h antes do horário da reunião)";Anexo II, Plenário 15
82090;https://dadosabertos.camara.leg.br/api/v2/eventos/82090;2026-05-19 14:14:13;2026-05-19 15:10:22;Reunião Deliberativa;Discussão e votação de propostas legislativas;Anexo II, Plenário 12
82091;https://dadosabertos.camara.leg.br/api/v2/eventos/82091;2026-05-19 14:09:00;2026-05-19 16:24:19;Reunião Deliberativa;Discussão e votação de propostas legislativas;Anexo II, Plenário 06
81950;https://dadosabertos.camara.leg.br/api/v2/eventos/81950;2026-05-19 14:08:05;2026-05-19 15:14:49;Audiência Pública;REQ 11/26, do Deputado NILTO TATTO (PT/SP) Convidados: LUIS FERNANDO GUEDES PINTO - (Presença confirmada) Diretor de Conhecimento da Fundação SOS Mata Atlântica JEAN PAUL METZGER - (Presença confirmada) Coordenador do programa Biota Fapesp RAYANDRA ARAÚJO - (Presença confirmada) Especialista em políticas climáticas pelo Instituto Talanoa JULIO PEDRASSOLI - (Presença confirmada remotamente) Coordenador de Áreas Urbanizadas do Mapbiomas;Anexo II, Plenário 14
82155;https://dadosabertos.camara.leg.br/api/v2/eventos/82155;2026-05-19 13:56:00;2026-05-19 21:26:00;Sessão Deliberativa;Sessão Deliberativa Extraordinária Presencial (AM nº 123/2020);Plenário da Câmara dos Deputados
82126;https://dadosabertos.camara.leg.br/api/v2/eventos/82126;2026-05-19 13:30:27;2026-05-19 15:11:11;Audiência Pública;"Convidados: . ÁLVARO FRIDERICHS FAGUNDES, Diretor do Departamento de Perícia Médica Federal do Ministério da Previdência Social - MPS; (Confirmado) . ADENILSON IDALINO DE SOUSA, Diretor dos Direitos da Pessoa com Deficiência da Secretaria Nacional dos Direitos da Pessoa com Deficiência - SNDPD/MDHC; (Confirmado) . CLEONICE BOHN DE LIMA, Conselheira Nacional dos Direitos da Pessoa com Deficiência - CONADE/MDHC e Presidente da Federação Brasileira das Associações de Síndrome de Down - FBASD; (Confirmada) . CAMILA COSTA SILVA, Advogada especialista em Direito Previdenciário e Saúde Pública; (Confirmada) . Conselho Nacional de Justiça - CNJ; (Não confirmado) . Ministério da Gestão e da Inovação em Serviços Públicos - MGI. (Não participará) Em atendimento ao Requerimento nº 22/2026-CPD, de autoria do Deputado Rodrigo Rollemberg, subscrito pelo Deputado Márcio Jerry.";Anexo II, Plenário 13
81495;https://dadosabertos.camara.leg.br/api/v2/eventos/81495;2026-05-19 11:21:00;2026-05-19 12:30:00;Sessão Não Deliberativa Solene;Homenagem ao Dia da Família;Plenário da Câmara dos Deputados
81887;https://dadosabertos.camara.leg.br/api/v2/eventos/81887;2026-05-19 11:15:52;2026-05-19 12:44:23;Audiência Pública;"1) PATRÍCIA COSTA DIAS (Confirmada) - Diretora de Ações Educacionais - Substituta do Fundo Nacional de Desenvolvimento da Educação (FNDE) e representante do Ministério da Educação; 2) JANAÍNA BARCELOS (Confirmada) - Presidente do Instituto Holofotes; 3) BIANCA CHALÓ CARLOS (Confirmada) - Pedagoga e Representante da Fundação Dorina Nowill para Cegos. (REQ 20/2026 CE, da deputada Maria Rosas)";Anexo II, Plenário 10
82190;https://dadosabertos.camara.leg.br/api/v2/eventos/82190;2026-05-19 11:00:00;;Teste do Painel Eletrônico;Teste CDE;Anexo II, Plenário 05
82079;https://dadosabertos.camara.leg.br/api/v2/eventos/82079;2026-05-19 10:38:03;2026-05-19 12:30:52;Audiência Pública e Deliberação;"A - Audiência Pública Tema: Impactos sobre a saúde e exemplos de negociações espontâneas (casos concretos) Convidados: GLÁUCIO ARAÚJO DE OLIVEIRA, Procurador-Geral do Ministério Público do Trabalho (confirmado); VITOR FILGUEIRAS, Coordenador de Projetos da Fundação Jorge Duprat Figueiredo, de Segurança e Medicina do Trabalho - Fundacentro (confirmado); THESSA LAÍS PIRES E GUIMARÃES, Vice-Presidente do Conselho Federal de Psicologia - CFP (confirmada); EDUARDO BONFIM DA SILVA, Coordenador Técnico do Departamento Intersindical de Estudos e Pesquisas de Saúde e dos Ambientes de Trabalho - DIESAT (confirmado); DENISE RODRIGUES PINHEIRO, Vice-Presidente da Região Distrito Federal da Associação Brasileira de Advogados Trabalhistas - ABRAT (confirmada); ISABELA RAPOSEIRAS, CEO do Coffeelab e especialista em cafés de qualidade (confirmada); e CAROLINA LIMA GONÇALVES, Coordenadora de Justiça Social e Econômica da Oxfam Brasil (confirmada). (Requerimento nº 1/2026, da Deputada Erika Hilton) (Requerimento nº 15/2026, do Deputado Carlos Zarattini) (Requerimento nº 17/2026, do Deputado Fernando Mineiro) (Requerimentos nº 66 e 71/2026, do Deputado Dorinaldo Malafaia) B - Deliberação de Requerimentos:";Anexo II, Plenário 02
81781;https://dadosabertos.camara.leg.br/api/v2/eventos/81781;2026-05-19 10:25:25;2026-05-19 11:58:14;Audiência Pública;"(REQ 43/2026 CVT, do deputado Paulo Alexandre Barbosa) . ANDERSON SANTOS BELLAS, Coordenador-Geral de Concessões e Serviços Rodoviários da Secretaria Nacional do Transporte Rodoviário do Ministério dos Transportes, representando o Ministério dos Transportes; (Confirmado) . NILTON CÉSAR DE SOUZA, Gerente de Estudos e Projetos de Rodovias da Agência Nacional de Transportes Terrestres (ANTT); (Confirmado) . SAMUEL MOREIRA, Prefeito do Municipio de Registro; (Confirmado) . MARIO POVIA, Diretor Presidente do Instituto Brasileiro de Infraestrutura; (Confirmado) . JOSÉ ACÁCIO, Diretor Superintendente da Concessionária Régis Bittencourt - Arteris. (Confirmado)";Anexo II, Plenário 11
82063;https://dadosabertos.camara.leg.br/api/v2/eventos/82063;2026-05-19 10:00:00;;Audiência Pública;"Requerimento n. 44/2026 Autor: Deputaod Padre João Convidados: - Leleco Pimentel, Deputado Estadual por Minas Gerais; - Thales Almeida Pereira Fernandes, Secretario de Estado de Agricultura, Pecuaria e Abastecimento de Minas Gerais; - Fabio Baccheretti Vitor, Secretario de Estado de Saude de Minas Gerais; - Lyssandro Norton Siqueira, Secretario de Estado de MeioAmbiente e Desenvolvimento Sustentavel de Minas Gerais; - Marcelo Guilherme de Aro Ferreira, Secretario de Estado de Governo de Minas Gerais; - Patricia Dias Tavares, Secretaria-Executiva da Comissao Nacional de Agroecologia e Producao Organica; - Representante do Comite Gestor Interministerial do Pronara; - Representante da Campanha Permanente Contra os Agrotoxicos e Pela Vida.";A Definir
81982;https://dadosabertos.camara.leg.br/api/v2/eventos/81982;2026-05-19 09:43:42;2026-05-19 11:45:35;Audiência Pública;"REQ. 27/2026 CASP - Dep. Erika Kokay 1) BARBARA CRISTINA DA SILVA OLIVEIRA (Confirmada) Presidente Diretório Central Acadêmico ""Ponta de Lança"" (DCA - UnDF) 2) CAMILO SANTANA (a Confirmar) Senador Senado Federal 3) DANNYELLA FERNANDA CARVALHO (Confirmada) Estudante Centro Acadêmico de Psicologia da UnDF 4) FERNANDA MARSARO DOS SANTOS (Confirmada) Reitora Reitoria da Universidade do DF 5) MARCO AURÉLIO SOARES SALGADO (Confirmado) Coordenador Companhia Imobiliária de Brasília - Terracap 6) SUELLEN GONÇALVES DOS SANTOS (Confirmada) Professora";Anexo II, Plenário 08
81551;https://dadosabertos.camara.leg.br/api/v2/eventos/81551;2026-05-19 09:28:00;2026-05-19 11:01:00;Sessão Não Deliberativa Solene;Homenagem ao Dia Nacional de Combate ao Abuso e à Exploração Sexual de Crianças e Adolescentes;Plenário da Câmara dos Deputados
81343;https://dadosabertos.camara.leg.br/api/v2/eventos/81343;2026-05-19 09:00:00;2026-05-19 12:25:57;Seminário;"CÂMARA DOS DEPUTADOS CENTRO DE ESTUDOS E DEBATES ESTRATÉGICOS BANCADA NEGRA DA CÂMARA DOS DEPUTADOS COORDENAÇÃO EDIÇÕES CÂMARA DOS DEPUTADOS 57ª Legislatura - 4ª Sessão Legislativa Ordinária SEMINÁRIO MILTON SANTOS - 100 ANOS DE PENSAMENTO GEOGRÁFICO CRÍTICO E CIDADÃO Local: Auditório Nereu Ramos Data: 19/05/26 Horário: 9h00 às 14h00 Participe presencial ou online!!! Zoom: https://us02web.zoom.us/j/83958993120 ID Webinar: 839 5899 3120 Transmissão ao vivo pelo youtube: http://cd.leg.br/youtube P A U T A No ano em que se celebra o centenário de nascimento de Milton Santos (1926-2001), este seminário propõe um diálogo entre memória e futuro, entre a trajetória de um dos maiores pensadores do século XX e a permanente atualidade de suas formulações. Milton Santos revolucionou a Geografia brasileira ao colocar o espaço no centro do pensamento social, evidenciando que o território não é apenas palco das relações sociais, mas produto e agente dessas relações. Articulando rigor acadêmico e intervenção pública, sua obra atravessou fronteiras disciplinares, dialogou com movimentos sociais e inspirou uma Geografia cidadã, comprometida com a democracia, a justiça social e a soberania dos povos. Este encontro na Câmara dos Deputados, sede do poder legislativo brasileiro, reafirma o compromisso de Milton Santos com a dimensão pública do conhecimento e com o papel político do intelectual. Em duas mesas de debate, buscaremos não apenas honrar sua memória, mas principalmente interrogar: o que o pensamento miltoniano nos ensina sobre os desafios do presente? Como suas categorias analíticas nos ajudam a compreender o meio técnico-científico-informacional contemporâneo, a aceleração contemporânea, as desigualdades socioespaciais e a busca por uma outra globalização? Ao reunir pesquisadoras e pesquisadores que conheceram Milton Santos pessoalmente e aqueles que seguem desenvolvendo e atualizando seu pensamento, este seminário pretende contribuir para que seu legado continue vivo, inspirando novas gerações na construção de um pensamento social brasileiro crítico, criativo e comprometido com a transformação social. Revisitar Milton Santos é também recolocar o território no centro do debate político nacional. Suas formulações sobre o uso desigual do território, a cidadania incompleta, o papel do Estado e a possibilidade de uma outra globalização seguem oferecendo ferramentas fundamentais para pensar políticas públicas, planejamento, direitos e participação social no Brasil. Realizado por iniciativa do mandato do deputado federal Orlando Silva, representando a Bancada Negra, e em parceria com o Centro de Estudos e Debates Estratégicos (CEDES), o evento inscreve o legado de Milton Santos no espaço institucional da política democrática, reafirmando-o como um intelectual público cuja obra permanece viva, insurgente e necessária. PROGRAMAÇÃO DO SEMINÁRIO 9h - 10h - ABERTURA - Deputado Orlando Silva, 1º Vice-Coordenador da Bancada Negra da Câmara dos Deputados (confirmado) - Deputado Márcio Jerry, Presidente do Centro de Estudos e Debates Estratégicos da Câmara dos Deputados (confirmado) - Ministro Paulo Henrique Pereira, Ministério do Empreendedorismo, da Microempresa e da Empresa de Pequeno Porte (confirmado) - Nina dos Santos, Secretária Adjunta de Políticas Digitais na Secretaria de Comunicação da Presidência da República e neta de Milton Santos (confirmado) - Charlles da França, Presidente da Diretoria Executiva Nacional da Associação dos Geógrafos Brasileiros (online-zoom) (confirmado) 10h - 12h - MESA "" Milton Santos: pensar o Brasil, compreender o mundo e construir um outro mundo possível "" - Coordenação e mediação: Deputado Daniel Almeida - Maria Mónica Arroy, Professora de Geografia da Universidade de São Paulo (USP) (confirmado) - Maurício Costa de Carvalho, Professor do Instituto Federal de São Paulo (IFSP) (confirmado) - Antonio Carlos Malachias (Billy Malachias), Pesquisador do Laboratório de Geografia Política da Universidade de São Paulo (Geopo/USP) (confirmado) - Aldo Paviani, Professor Emérito da Universidade de Brasília (UnB) (confirmado) - Jaime Tadeu Oliva, Professor do Instituto de Estudos Brasileiros da Universidade de São Paulo (IEB-USP) (online-zoom) (confirmado) 12h - 13h - Encerramento do Seminário e LANÇAMENTO DA PUBLICAÇÃO ""Milton Santos no território da Democracia: contribuições ao parlamento brasileiro"" - Deputada Benedita da Silva, Coordenadora da Bancada Negra da Câmara dos Deputados - Deputado Inácio Arruda, Câmara dos Deputados 13h - 14h - Coquetel";Auditório Nereu Ramos
82077;https://dadosabertos.camara.leg.br/api/v2/eventos/82077;2026-05-18 16:40:13;2026-05-18 18:39:44;Audiência Pública e Deliberação;"A - Audiência Pública Tema: Limites e possibilidades para a redução da jornada de trabalho - perspectiva dos empregadores Convidados: ALEXANDRE HERCULANO COELHO DE SOUZA FURLAN, Diretor da Confederação Nacional da Indústria - CNI (confirmado); LUCIANA DINIZ RODRIGUES, Advogada da Diretoria Jurídica e Sindical da Confederação Nacional do Comércio de Bens, Serviços e Turismo - CNC (confirmada); CRISTIANE DE OLIVEIRA COELHO GALVÃO, Presidente Executiva da Fin - Confederação Nacional das Instituições Financeiras (confirmada); VANDER FRANCISCO COSTA, Presidente da Confederação Nacional do Transporte - CNT (confirmado); RODRIGO HUGUENEY DO AMARAL MELLO, Coordenador Trabalhista da Confederação da Agricultura e Pecuária do Brasil - CNA (confirmado); GENILDO LINS DE ALBUQUERQUE NETO, Diretor Executivo da Confederação Nacional de Saúde, Hospitais, Estabelecimentos e Serviços - CNSaúde (confirmado); PAULO CAVALCANTI, Vice-Presidente da Confederação das Associações Comerciais e Empresariais do Brasil - CACB (confirmado); ELIZABETH REGINA NUNES GUEDES, Presidente da Confederação Nacional dos Estabelecimentos de Ensino - CONFENEN (confirmada); KARINA ZUANAZZI NEGRELI, Assessora Jurídica da Federação do Comércio de Bens, Serviços e Turismo do Estado de São Paulo - FecomercioSP (confirmado); CARLOS ALBERTO AZEVEDO, Coordenador de Relações Trabalhistas e Sindicais do Secovi-SP (confirmado); BRUNO DA SILVA VASCONCELOS, Coordenador de Relações Trabalhistas e Sindicais do Sistema OCB (confirmado); MÁRIO POVIA, Diretor Presidente do Instituto Brasileiro de Infraestrutura - IBI (confirmado); MARCELO OSÓRIO, Diretor de Relações Institucionais da Associação Brasileira de Proteína Animal (ABPA) - (confirmado); LEONARDO MIGUEL SEVERINI, Presidente da União Nacional de Entidades do Comércio e Serviços - UNECS (confirmado); JOSÉ CÉSAR DA COSTA, Presidente da Confederação Nacional de Dirigentes Lojistas - CNDL (confirmado); e MARIA RITA CATONIO BARBOSA, Gerente Jurídica Trabalhista da Federação das Indústrias do Estado do Rio de Janeiro - FIRJAN (confirmada). (Requerimento nº 10/2026, do Deputado Rodrigo da Zaeli) (Requerimento nº 11/2026, da Deputada Daiana Santos) (Requerimento nº 21/2026, do Deputado Fernando Mineiro) (Requerimentos nº 26, 27, 31, 32 e 42/2026, da Deputada Federal Júlia Zanatta) (Requerimento nº 70/2026, do Deputado Dorinaldo Malafaia) (Requerimento nº 73/2026, do Deputado Zé Adriano) (Requerimento nº 79/2026, do Deputado Julio Lopes) (Requerimentos nº 80 e 91/2026, do Deputado José Rocha) (Requerimento nº 82/2026, do Deputado Pedro Westphalen) (Requerimentos nº 85 e 95/2026, da Deputada Federal Adriana Ventura) (Requerimentos nº 89 e 90/2026, da Deputada Daniela Reinehr) (Requerimento nº 92/2026, do Deputado Lucas Redecker) (Requerimento nº 93/2026, do Deputado Geraldo Resende) B - Deliberação de Requerimentos:";Anexo II, Plenário 02
81860;https://dadosabertos.camara.leg.br/api/v2/eventos/81860;2026-05-18 14:00:00;2026-05-18 18:00:00;Seminário;(REQ 18/2026 CMADS, do deputado Zé Vitor) Convidados: GILBERTO CARLOS DE FREITAS (Presença confirmada) Gerente Regional da Emater representando Secretaria de Agricultura, Pecuária e Abastecimento de Minas Gerais - SEAPA LYSANDRO NORTON SIQUEIRA Secretario de Meio Ambiente e Desenvolvimento Sustentável de Minas Gerais - SEMAD MARCELO DA FONSECA (Presença confirmada) Diretor-Geral do Instituto Mineiro de Gestão das Águas - IGAM LUCAS VIEIRA LOPES Presidente da Associação Mineira de Municípios - AMN HEMERSON BOVI (Presença confirmada) Vice-Presidente da Federação da Agricultura e Pecuária do Estado de Minas Gerais - FAEMG REPRESENTANTE Associação de Irrigantes de Minas Gerais Não comparecerão: GIUSEPPE SERRA SECA VIEIRA Secretário Nacional de Segurança Hídrica do Ministério da Integração e Desenvolvimento Regional - SNSH MARÍLIA CARVALHO DE MELO Companhia de Saneamento de Minas Gerais - COPASA;
82159;https://dadosabertos.camara.leg.br/api/v2/eventos/82159;2026-05-18 11:00:00;2026-05-18 12:00:00;Visita Técnica;Entrega do Relatório da Comissão Externa à Secretária da Mulher do Estado do Rio Grande do Sul Horário: 11:00 hs Endereço: Av. Dolores Alcaraz Caldas, nº 90 - 12º andar - Praia de Belas Porto Alegre/RS Presenças das Deputadas Fernanda Melchionna e Maria do Rosário.;
82097;https://dadosabertos.camara.leg.br/api/v2/eventos/82097;2026-05-18 10:00:00;2026-05-18 13:00:00;Visita Técnica;"Visita técnica à cidade de Bacabal, no Estado do Maranhão, com realização de atividades na Câmara Municipal de Bacabal. Coordenador: Deputado Fernando Rodolfo. Programação: Recebimento de denúncias; Entrevista com a Sra. Clarice Cardoso, mãe dos irmãos Ágatha Isabelly (6 anos) e Allan Michael (4 anos), desaparecidos desde 4 de janeiro de 2026, na zona rural de Bacabal/MA; Entrevista com representante da Polícia Militar do Estado do Maranhão, responsável pela condução das buscas, bem como com representante da Polícia Civil do Estado do Maranhão; Oitiva com a Sra Maria Augusta de Andrade Ribeiro - Secretária de Segurança Pública do Estado do Maranhão, ou pessoa por ela designada; Oitiva com o Sr. Augusto Barros Neto - Delegado-Geral da Polícia Civil do Estado do Maranhão, ou pessoa por ele designada; Oitiva com o Sr. Coronel QOCBM Célio Roberto Araújo - Comandante Geral do Corpo de Bombeiros Militar do Estado do Maranhão, ou pessoa por ele designada; e Oitiva com o Sr. Coronel QOPM Emerson Bezerra da Silva - Comandante Geral da Polícia Militar do Maranhão, ou pessoa por ele designada; (Requerimento 1/2026, de autoria do Dep. Fernando Rodolfo)";
81751;https://dadosabertos.camara.leg.br/api/v2/eventos/81751;2026-05-18 09:23:00;2026-05-18 10:20:00;Sessão Não Deliberativa Solene;Homenagem ao 80º Aniversário da Independência do Reino Hachemita da Jordânia;Plenário da Câmara dos Deputados
82029;https://dadosabertos.camara.leg.br/api/v2/eventos/82029;2026-05-17 09:00:00;2026-05-17 17:00:00;Evento Técnico;Encontro da CAPADR na EXPOINGÁ 2026;
82054;https://dadosabertos.camara.leg.br/api/v2/eventos/82054;2026-05-16 10:45:00;2026-05-16 13:20:00;Seminário;"Câmara pelo Brasil: Seminário Estadual sobre o fim da escala 6x1 Debate Público sobre a Proposta de Emenda à Constituição Nº 221/2019 DEPUTADO FEDERAL RUBENS PEREIRA JÚNIOR, Membro da Comissão Especial sobre o Fim da Escala 6x1 Vida Digna ao Trabalhador; FELIPE CAMARÃO, Vice-Governador do Estado do Maranhão; VEREADOR COLETIVO NÓS JHONATAN SOARES, representando a Câmara Municipal de São Luís; DESEMBARGADOR JOSÉ EVANDRO DE SOUSA, Presidente do Tribunal Regional do Trabalho da 16ª Região; DEPUTADO FEDERAL LÉO PRATES, Relator da Proposta de Emenda à Constituição, PEC 221/2019; DEPUTADA ESTADUAL IRACEMA VALE, Presidente da Assembleia Legislativa do Estado do Maranhão; NIVALDO ARAÚJO SILVA, Superintendente da Superintendência Regional do Trabalho e Emprego no Maranhão; PEDRO CHAGAS, Secretário de Estado do Trabalho e da Economia Solidária; MANOEL LAGES, Presidente da Central Única dos Trabalhadores do Maranhão – CUT/MA; MAURÍCIO FEIJÓ, Presidente da Federação do Comércio de Bens, Serviços e Turismo do Maranhão – FECOMÉRCIO/MA; e EDILSON BALDEZ, Presidente da Federação das Indústrias do Estado do Maranhão – FIEMA. (Requerimento nº 6/2026, do Deputado Leo Prates) (Requerimento nº 33/2026, do Deputado Duarte Jr.) (Requerimento nº 50/2026, do Deputado Rubens Pereira Júnior)";
82028;https://dadosabertos.camara.leg.br/api/v2/eventos/82028;2026-05-16 09:00:00;2026-05-16 17:00:00;Evento Técnico;Encontro da CAPADR na EXPOINGÁ 2026;
81597;https://dadosabertos.camara.leg.br/api/v2/eventos/81597;2026-05-15 14:38:00;2026-05-15 15:58:00;Sessão Não Deliberativa Solene;Homenagem aos 48 anos da Associação Brasileira das Entidades Fechadas de Previdência Complementar – ABRAPP;Plenário da Câmara dos Deputados
81494;https://dadosabertos.camara.leg.br/api/v2/eventos/81494;2026-05-15 10:30:00;2026-05-15 12:03:00;Sessão Não Deliberativa Solene;Homenagem às lideranças da Tradição Iorubá para a preservação da cultura afro-brasileira, da liberdade religiosa e da difusão dos saberes ancestrais do Brasil;Plenário da Câmara dos Deputados
82053;https://dadosabertos.camara.leg.br/api/v2/eventos/82053;2026-05-15 10:30:00;2026-05-15 13:00:00;Seminário;"Seminário Estadual - Rio Grande do Sul Debate Público sobre a Proposta de Emenda à Constituição Nº 221/2019 Deputado Federal Alencar Santana, Presidente da Comissão Especial sobre o Fim da Escala 6X1; Deputado Federal Leo Prates, Relator da matéria na Comissão Especial sobre o Fim da Escala 6X1; Deputada Federal Daiana Santos, 1ª Vice-Presidente da Comissão Especial sobre o Fim da Escala 6x1; Deputada Federal Fernanda Melchionna, Membra da Comissão Especial sobre o Fim da Escala 6 x 1; Deputada Federal Maria do Rosário, Membra da Comissão Especial sobre o Fim da Escala 6 x 1; Deputado Federal Paulo Pimenta, Líder do Governo na Câmara dos Deputados; Senador Paulo Paim; Deputada Denise Pessôa, Deputada Federal pelo RS; Deputado Bohn Gass; Deputado Federal pelo RS; Rodrigo Callais, Presidente da CTB-RS, Ivan Sérgio Camargo dos Santos, Procurador do Trabalho e Secretário Adjunto de Assuntos Legislativos do MPT; Ricardo Franzoi, Supervisor Técnico do DIEESE, no Estado do Rio Grande do Sul; Luis Henrique Chagas, Presidente do Sindicato dos Trabalhadores em Empresas de Transportes Metroviários e Conexas do Estado do Rio Grande do Sul (Sindimetrô/RS); Marília Iglesias, Diretora-Geral do Sindicato dos Municipários de Porto Alegre (Simpa); Claudio Corrêa, Diretor Estadual da Força Sindical-RS; Silvana Piroli - Secretária Geral da CUT-RS; Nórton Jubeli, Presidente UGT-RS; João Pires, Dirigente Estadual da Nova Central - RS; Paulo Olympio, Presidente da Pública-RS; Sérgio Arnoud, Presidente da CSB-RS; Neiva Lazzarotto, Coordenadora Geral Estadual da Intersindical-RS; Érico Corrêa , Presidente do Sindicaixa-RS, Fórum por Democracia e Liberdade; Guiomar Vidor, Presidente da Federação dos Empregados no Comércio de Bens e Serviços do Rio Grande do Sul - FECOSUL. Demais participantes a confirmar Local: Auditório da Superintendência Regional de Administração - Chocolatão, Avenida Loureiro da Silva, nº 445 – Cidade Baixa. (Requerimento n° 6/2026, do Deputado Leo Prates) (Requerimento nº 12/2026, da Deputada Daiana Santos e outros) (Requerimento nº 61/2026, da Deputada Fernanda Melchionna)";
81879;https://dadosabertos.camara.leg.br/api/v2/eventos/81879;2026-05-15 10:16:00;2026-05-15 13:05:00;Mesa Redonda;"(Em atendimento ao REQ 18/2026 CME, da deputada Helena Lima) 09h horário local; (10h horário de Brasília) Convidados: 1. Frederico de Araújo Teles, Diretor do Departamento de Políticas Setoriais da Secretaria Nacional de Energia Elétrica, do Mnistério de Minas e Energia (MME); (CONFIRMADO) 2. Leandro Caixeta Moreira, Superintendente de Gestão Tarifária e Regulação Econômica, da Agência Nacional de Energia Elétrica (ANEEL); (CONFIRMADO) 3. Bernardo de Souza Passos, Gerente do Departamento de Regulação, Mercado e Gestão de Energia da Roraima Energia; (CONFIRMADO) 4. Cristiano Bessa Teixeira da Cunha, Presidente da Associação Brasileira de Engenheiros Eletricistas (ABEE); (CONFIRMADO) 5. Ederson Rodrigues do Nascimento, Representante do Conselho do CREA-RR; 6. Marcos Vinícius G. Farinha, Superintendente-Adjunto da Empresa de Pesquisa Energética (EPE); (CONFIRMADO) 7. Gustavo Henrique Novaes Rodrigues, Assessor Executivo de Diretoria de TI, Relacionamenos com Agentes e Assuntos Regulatorios do Operador Nacional do Sistema Elétrico (ONS); (CONFIRMADO) 8. Defensor Público Dr. Wagner Silva dos Santos da Defensoria Pública do Estado de Roraima; (CONFIRMADO)";
82138;https://dadosabertos.camara.leg.br/api/v2/eventos/82138;2026-05-15 09:27:00;2026-05-15 09:30:00;Sessão Deliberativa;Sessão Deliberativa Extraordinária Semipresencial (AM nº 123/2020);Plenário da Câmara dos Deputados
82027;https://dadosabertos.camara.leg.br/api/v2/eventos/82027;2026-05-15 09:00:00;2026-05-15 17:00:00;Evento Técnico;Encontro da CAPADR na EXPOINGÁ 2026;
81943;https://dadosabertos.camara.leg.br/api/v2/eventos/81943;2026-05-14 16:42:00;2026-05-14 18:16:00;Sessão Não Deliberativa Solene;Homenagem aos 30 anos do Movimento dos Pequenos Agricultores – MPA e em memória de Frei Sérgio Görgen;Plenário da Câmara dos Deputados
81949;https://dadosabertos.camara.leg.br/api/v2/eventos/81949;2026-05-14 15:08:00;2026-05-14 16:25:00;Sessão Não Deliberativa Solene;Destinada a comemorar os 217 anos da PMDF;Plenário do Senado Federal
81657;https://dadosabertos.camara.leg.br/api/v2/eventos/81657;2026-05-14 14:17:00;2026-05-14 15:47:00;Sessão Não Deliberativa Solene;Homenagem aos 135 anos da presença Batista no Estado do Rio de Janeiro;Plenário da Câmara dos Deputados
81948;https://dadosabertos.camara.leg.br/api/v2/eventos/81948;2026-05-14 10:41:42;2026-05-14 13:16:52;Audiência Pública;(REQ 24/2026 CMADS, do deputado Célio Studart) Convidados: EDUARDO SANTURTUN (Presença confirmada) Diretor das Américas - The Donkey Sanctuary PATRÍCIA TATEMOTO (Presença confirmada) Coordenadora de Campanha das Américas - The Donkey Sanctuary JOSÉ ROBERTO LIMA (Presença confirmada - remota) Médico Veterinário PhD em Saúde Global e Ambiental VÂNIA PLAZA NUNES (Presença confirmada - remota) Diretora Técnica do Fórum Nacional de Proteção e Defesa Animal (FNDA) Não comparecerão: VANESSA NEGRINI (Presença confirmada) Diretora do Departamento de Proteção, Defesa e Direitos Animais do Ministério do Meio Ambiente e Mudança do Clima - MMA ADRIANE REIS (Presença confirmada) Coordenadora-Geral de Sustentablidade e Regulação do Ministério de Agricultura e Pecuária - MAPA;Anexo II, Plenário 04
81971;https://dadosabertos.camara.leg.br/api/v2/eventos/81971;2026-05-14 10:11:55;2026-05-14 12:50:31;Audiência Pública;REQ. 41/2026 CSAUDE, do Deputado Jorge Solla Convidados(as) confirmados(as): - Silvia Santos (participação presencial) Diretora do Instituto de Tecnologia em Fármacos/Farmanguinhos/Fiocruz - Helaine Capucho (participação presencial) Diretora de Acesso ao Mercado/ Associação da Indústria Farmacêutica de Pesquisa (Interfarma) - Frederico Moesch (participação presencial) Secretário-Executivo Substituto da Câmara de Regulação do Mercado de Medicamentos (CMED) da Agência Nacional de Vigilância Sanitária (ANVISA) - Susana Van Der Ploeg (participação virtual) Coordenadora do Grupo de Trabalho sobre Propriedade Intelectual (GTPI)/ Associação Brasileira Interdisciplinar de AIDS (ABIA) - Marina Paullelli (participação virtual) Coordenadora do Programa de Saúde/Instituto de Defesa de Consumidores (IDEC) - Luiz Henrique Costa (participação virtual) Coordenador-Geral de Assistência Farmacêutica e Medicamentos Estratégicos (CGAFME/DAF)/Ministério da Saúde Convidados(as) que não poderão participar: - Pedro Villardi Internacional de Serviços Públicos (ISP) - Representante Conselho Nacional de Saúde (CNS);Anexo II, Plenário 07
82052;https://dadosabertos.camara.leg.br/api/v2/eventos/82052;2026-05-14 10:30:00;2026-05-14 13:35:00;Seminário;"Câmara pelo Brasil: Seminário Estadual sobre o fim da escala 6x1 Debate Público sobre a Proposta de Emenda à Constituição Nº 221/2019 Mesa de abertura: Deputado Federal Alencar Santana, Presidente da Comissão Especial sobre o Fim da Escala 6X1; Deputado Leo Prates, Relator da matéria na Comissão Especial sobre o Fim da Escala 6X1; Ministro de Estado do Trabalho, Luiz Marinho; Oscar Vilhena Vieira, Professor fundador e atualmente Diretor da Escola de Direito de São Paulo da Fundação Getulio Vargas (FGV Direito SP); e Miguel Torres, Presidente da Força Sindical. Convidados: Deputado Carlos Zarattini, Membro da Comissão Especial sobre o Fim da Escala 6X1; Deputado Alfredinho, Membro da Comissão Especial sobre o Fim da Escala 6X1; Deputado Reginaldo Lopes, autor da PEC 221/19; Deputado Federal Paulinho da Força; Deputada Federal Marina Silva; Roberto Rangel Marcondes, Procurador Regional do Trabalho em São Paulo e Membro da Comissão de Acompanhamento Legislativo do MPT; Wilson Correa de Araújo Neto, Especialista em Políticas e Indústria, representando a CNI - Confederação Nacional da Indústria; Maurício Stainoff , Presidente da Federação das Câmaras de Dirigentes Lojistas do Estado de São Paulo - FCDLESP; Joaquim Saraiva, Líder Executivo da Associação Brasileira de Bares e Restaurantes em São Paulo (Abrasel-SP); Matheus Rigonatti, Coordenador Estadual do VAT, Movimento Vida Além do Trabalho, em SP; Representantes das Centrais Sindicais: CUT; UGT; Força Sindical; CTB; Nova Central; CSB; Conlutas; Intersindical; Pública; Carlos Alberto Azevedo, Coordenador de relações trabalhistas e sindicais do Secovi-SP; Isabela Raposeiras, CEO do Coffeelab e especialista em cafés de qualidade; José Gonzaga da Cruz, Vice-presidente do Sindicato dos Comerciários de São Paulo – S.E.C.S.P; Luciano Pereira Leite, Presidente do Sindicato dos Empregados no Comércio de Osasco e Região – SECOR; Jorge Aparecido de Melo, representando o Sindicato de Cargas Próprias de São Paulo e a Fenatracap - Federação das Entidades Representantes de Trabalhadores em Cargas Próprias do Brasil; Francisco Demontier Leite, Secretário-geral do Sindicato dos Rodoviários nas Empresas de Ônibus Rodoviários Internacionais, Interestaduais, Intermunicipais e Setor Diferenciado de São Paulo, Itapecerica da Serra, São Lourenço da Serra, Embu Guaçu, Ferraz de Vasconcelos e Itaquaquecetuba; Luiz de Souza Arraes, Presidente da Federação dos Empregados em Postos de Serviço e Combustível e Derivados de Petróleo (Fepospetro); Carlos Vicente de Oliveira, Presidente do Sindicato dos Trabalhadores nas Indústrias de Panificação, Açúcar, Sucos Concentrados, Carnes e Derivados (STILASP); Gilberto Rodrigues Dourado, Presidente do Sindicato dos Trabalhadores em Telecomunicações do Estado de São Paulo (SINTETEL); André Santos Filho, Presidente do Sindicato dos Trabalhadores em Empresas de Prestação de Serviços de Asseio e Conservação e Limpeza Urbana de São Paulo (SIEMACO-SP); Representante do Sindicato dos Empregados no Comércio de Franco da Rocha e Região-SECFR; Representante do Sindicato dos Empregados em Estabelecimentos de Serviços de Saúde de Campinas e Região – SINSAÚDE; Demais participantes a confirmar (Requerimento nº 4/2026, do Dep. Alfredinho) (Requerimento nº 6/2026, do Dep. Leo Prates) Local: Palácio do Trabalhador, R. Galvão Bueno, 782 - Liberdade, São Paulo - SP";
82132;https://dadosabertos.camara.leg.br/api/v2/eventos/82132;2026-05-14 09:42:00;2026-05-14 10:54:00;Sessão Deliberativa;Sessão Deliberativa Extraordinária Semipresencial (AM nº 123/2020);Plenário da Câmara dos Deputados
82026;https://dadosabertos.camara.leg.br/api/v2/eventos/82026;2026-05-14 09:00:00;2026-05-14 17:00:00;Evento Técnico;Encontro da CAPADR na EXPOINGÁ 2026;
81914;https://dadosabertos.camara.leg.br/api/v2/eventos/81914;2026-05-13 16:30:00;;Audiência Pública;(Requerimento nº 32/2026/CTRAB, do Deputado Cap. Alden) CONVIDADOS REPRESENTANTE Representante do Ministério do Trabalho e Emprego REPRESENTANTE Representante do Ministério Público do Trabalho REPRESENTANTE Representante da Confederação Nacional da Indústria REPRESENTANTE Representante da Confederação Nacional do Transporte REPRESENTANTE Representante da Confederação Nacional do Comércio de Bens, Serviços e Turismo REPRESENTANTE Representante da Confederação da Agricultura e Pecuária do Brasil PAULO ROBERTO DA CRUZ AZEVEDO Presidente do Sindicato das Empresas de Segurança Privada do Estado da Bahia - SIDESP-BA RODRIGO SARAIVA MARINHO Diretor Executivo do Instituto Livre Mercado EDMILSON PEREIRA DE ASSIS Presidente da Federação Nacional das Empresas Prestadoras de Serviços de Limpeza e Conservação - Febrac ALIPIO JOSE CASTELO BRANCO JUNIOR Vice-Presidente de Assuntos Internacionais da Federação Nacional das Empresas de Segurança e Transporte de Valores - Fenavist;A Definir
82098;https://dadosabertos.camara.leg.br/api/v2/eventos/82098;2026-05-13 19:28:17;2026-05-13 19:51:30;Reunião de Eleição;Eleição do Presidente.;Anexo II, Plenário 12
82004;https://dadosabertos.camara.leg.br/api/v2/eventos/82004;2026-05-13 17:06:58;2026-05-13 18:22:19;Audiência Pública;Expositores: Adrianna Reis - Psicóloga especialista em neurodivergência Arthur Ataíde - Membro da Associação Nacional para Inclusão das Pessoas Autistas Carol Mota - Doutora em Psicologia Cognitiva Ergon Cugler - Membro Conselho de Desenvolvimento Econômico Social Sustentável (CDESS) Pedro Lucas Costa - Representante da Federação Brasileira das Associações de Síndrome de Down Guilherme de Almeida - Presidente do Autistas Brasil;Anexo II, Plenário 03
81983;https://dadosabertos.camara.leg.br/api/v2/eventos/81983;2026-05-13 16:12:56;2026-05-13 18:45:08;Audiência Pública;"Requerimento n. 33/2026 Autor: Dep. Padre João Convidados: - SENHOR DAY CARVALHO COELHO, COORDENADOR-GERAL DE ERRADICAÇÃO DO TRABALHO ESCRAVO DO MINISTÉRIO DOS DIREITOS HUMANOS E DA CIDADANIA - SENHORA SHAKTI PRATES BORELA, COORDENADORA-GERAL DE FISCALIZAÇÃO PARA ERRADICAÇÃO DO TRABALHO ANÁLOGO AO DE ESCRAVIZADO E TRÁFICO DE PESSOAS DO MINISTÉRIO DO TRABALHO E EMPREGO - SENHOR LUCAS REIS DA SILVA, DIRETOR DO SINDICATO NACIONAL DOS AUDITORES FISCAIS DO TRABALHO - SINAIT - REPRESENTANTE DA CONECTAS DIREITOS HUMANOS; - SENHORA NATÁLIA SUZUKI, GERENTE DE EDUCAÇÃO E POLÍTICAS PÚBLICAS DA REPÓRTER BRASIL; - DEPUTADO ESTADUAL LELECO PIMENTEL (PT/MG)";Anexo II, Plenário 09
81964;https://dadosabertos.camara.leg.br/api/v2/eventos/81964;2026-05-13 16:04:00;2026-05-13 17:41:00;Audiência Pública;Req. 16 e 17/2026 - CDE Iniciativa: Deputado Zé Adriano Convidados: 1. RAVVI AUGUSTO DE ABREU COUTINHO MADRUGA (confirmado) Coordenador-Geral de Promoção da Concorrência Ministério da Fazenda 2. FABIOLA PASINI RIBEIRO DE OLIVEIRA (confirmada) Gerente de Consultoria da Diretoria Jurídica Confederação Nacional da Indústria - CNI 3. MARCUS VINÍCIUS BESERRA DE LIMA (confirmado) Advogado especialista da Diretoria Jurídica e Sindical CONFEDERAÇÃO NACIONAL DO COMÉRCIO DE BENS, SERVIÇOS E TURISMO - CNC 4. ANTÔNIO ALVES CABRAL FILHO (confirmado) Representante Associação Brasileira de Atacadistas e Distribuidores - ABAD 5. PATRICIA OLIVALVES FIORE (confirmada) Assessora Jurídica Associação Brasileira de Atacadistas e Distribuidores - ABAD;Anexo II, Plenário 05
81601;https://dadosabertos.camara.leg.br/api/v2/eventos/81601;2026-05-13 16:00:00;;Audiência Pública;"1) GUSTAVO CAETANO OLIVEIRA DE FARIA ALMEIDA (Confirmado) - Coordenador-Geral do Exame Nacional do Ensino Médio do Instituto Nacional de Estudos e Pesquisas Educacionais Anísio Teixeira (INEP); 2) HILDA APARECIDA LINHARES DA SILVA (Confirmada) - Gerente de Projetos do Instituto Nacional de Estudos e Pesquisas Educacionais Anísio Teixeira (INEP); 3) (a Confirmar) Representante do Ministério da Educação (MEC); 4) ANDERFÁBIO OLIVEIRA SANTOS (Confirmado) - Diretor de Educação da Secretaria de Educação do Paraná e Representante do Conselho Nacional de Secretários de Educação (CONSED); 5) PAULO HENRIQUE VIANA ARAÚJO (Confirmado) - Vice-Presidente Regional do Distrito Federal da União Brasileira dos Estudantes Secundaristas (UBES); 6) LETÍCIA HOLANDA (Confirmada) - Diretora de Relações Institucionais da União Nacional dos Estudantes (UNE). (REQ 8/2026 CE, do deputado Túlio Gadêlha)";A Definir
81959;https://dadosabertos.camara.leg.br/api/v2/eventos/81959;2026-05-13 15:53:08;2026-05-13 16:26:46;Reunião Deliberativa;"A - Apresentação do Plano de Trabalho do Relator, Dep. Jorge Goetten; B - Deliberação de Requerimentos (estão sujeitos a pauta os requerimentos apresentados até 24h antes do horário da reunião).";Anexo II, Plenário 06
82042;https://dadosabertos.camara.leg.br/api/v2/eventos/82042;2026-05-13 15:12:07;2026-05-13 18:22:34;Audiência Pública;"(REQ 23/2026 e 25/2026 CCJC, do deputado Coronel Assis; REQ 24/2026 CCJC, do deputado Patrus Ananias). 1) ANA POTYARA | Representante Coalizão pela Socioeducação (Confirmada); 2) DANIELLE CAVALLI TUOTO | Promotora de Justiça do Estado do Paraná - CIJE/CNMP (Confirmada); 3) DEILA MARTINS | Presidente do Conselho Nacional dos Direitos da Criança e do Adolescente (Confirmada); 4) DÉLIO LINS E SILVA JÚNIOR | Tesoureiro do Conselho Federal da Ordem dos Advogados do Brasil (Confirmado); 5) FABRÍCIO MENDES | Professor do Instituto Brasileiro de Ensino, Desenvolvimento e Pesquisa - IDP (Confirmado); 6) JANE DE BRITO VILHENA DE MORAES | Enfermeira (Confirmada); 7) LÍVIA DE SOUZA VIDAL | Coordenadora - Geral do Ministério dos Direitos Humanos e da Cidadania (Confirmada); e 8) LUCAS VILHENA DE MORAES | Coronel Médico (Confirmado); e 9) RAFAEL SOUZA CARDOSO | Presidente do Fórum Nacional de Justiça Juvenil (Confirmado).";Anexo II, Plenário 01
82013;https://dadosabertos.camara.leg.br/api/v2/eventos/82013;2026-05-13 14:45:00;2026-05-13 16:29:29;Audiência Pública e Deliberação;"A - Audiência Pública Tema: Transplante de medula óssea Convidados: PATRÍCIA FREIRE, Coordenadora-geral do Sistema Nacional de Transplantes (SNT) do Ministério da Saúde; JORGE VAZ PINTO NETO, Vice-Presidente da Associação Brasileira de Hematologia, Hemoterapia e Terapia Celular (ABHH)); ANGELO MAIOLINO, Representante da ABHH; ADRIANA SEBER, Sociedade Brasileira de Oncologia Pediátrica (SOBOPE); WAGNER FERNANDES, Associação da Medula Óssea (Ameo); LUANA LIMA, Associação Brasileira de Câncer do Sangue (ABRALE);e PATRÍCIA REGINA CAVALCANTI BARBOSA HORN, Representante do REgistro Nacional de Doadores Voluntários de Medula Óssea do INCA (REDOME)). (Requerimento 53, 2023, do Dep. Weliton Prado) B - Deliberação de requerimentos";Anexo II, Plenário 16
82018;https://dadosabertos.camara.leg.br/api/v2/eventos/82018;2026-05-13 14:44:27;2026-05-13 15:18:59;Reunião Deliberativa;A- Acordo de Procedimentos;Anexo II, Plenário 14
81889;https://dadosabertos.camara.leg.br/api/v2/eventos/81889;2026-05-13 15:19:17;2026-05-13 16:17:31;Audiência Pública;"Audiência Pública para debater a criação de políticas públicas que visem à valorização do futebol amador nas cidades através das Ligas Municipais, em atenção ao Requerimento nº 22/2026, de autoria do deputado Airton Faleiro. Convidados confirmados: - Sra. Mariana Ferreira Cassiano de Abreu, coordenadora-geral de formalização de parcerias, da Secretaria Nacional de Esporte Amador, Educação, Lazer e Inclusão Social (SNEAELIS) do Ministério do Esporte; - Sr. Lúcio Flávio Vale, presidente da Liga Nacional de Futebol Amador (LINFA); - Sr. José Luiz Ferrarezi , representante das Associações Estaduais de Ligas Municipais; - Sr. Bastimeu da Silva Almeida Gonzales, representante das Ligas Municipais; - Sr. Sandiclei Berrera do Monte, representante dos Clubes Amadores filiados às Ligas Municipais; - Sr. Weslei Nunes, representante das Associações Estaduais; das Ligas Municipais e dos Clubes Amadores ligados às Ligas Municipais. Ausência justificada: - Representante da Confederação Brasileira de Futebol (CBF);";Anexo II, Plenário 04
81967;https://dadosabertos.camara.leg.br/api/v2/eventos/81967;2026-05-13 14:47:13;2026-05-13 17:22:02;Audiência Pública e Deliberação;"A - Audiência Pública Tema: Aspectos sociais e a importância do Diálogo Social para a redução da jornada de trabalho no Brasil Convidados: GUILHERME BOULOS, Ministro da Secretaria-Geral da Presidência da República (confirmado) - (REQs 1, 5, 16 e 19/26); BOB EVERSON CARVALHO MACHADO, Presidente do Sindicato Nacional dos Auditores-Fiscais do Trabalho - SINAIT (confirmado) - (REQs 14 e 20/26); ADRIANA MARCOLINO, Diretora técnica do Departamento Intersindical de Estatística e Estudos Socioeconômicos - DIEESE (confirmada) - (REQs 14, 20, 60 e 68/26); e RICK AZEVEDO, Fundador do VAT - Movimento Vida Além do Trabalho (confirmado) - (REQs 1, 14, 20 e 60/26). (Requerimento nº 1/2026, das Deputadas Erika Hilton e Fernanda Melchionna) (Requerimento nº 5/2026, da Deputada Erika Hilton) (Requerimento nº 16/2026, do Deputado Carlos Zarattini) (Requerimentos nº 14 e 19/2026, do Deputado Fernando Mineiro) (Requerimento nº 20/2026, dos Deputados Welter, Daiana Santos, Reginaldo Lopes, Carlos Zarattini e Lindbergh Farias) (Requerimento nº 60/2026, da Deputada Fernanda Melchionna) (Requerimento nº 68/2026, do Deputado Dorinaldo Malafaia) B - Deliberação de Requerimentos:";Anexo II, Plenário 02
81924;https://dadosabertos.camara.leg.br/api/v2/eventos/81924;2026-05-13 14:46:55;2026-05-13 14:48:00;Reunião Deliberativa;Discussão e votação de propostas legislativas;Anexo II, Plenário 03
81992;https://dadosabertos.camara.leg.br/api/v2/eventos/81992;2026-05-13 14:29:19;2026-05-13 14:45:34;Reunião Deliberativa;Deliberação das Indicações às programações da LOA 2026 oriundas das emendas da Comissão RP-8;Anexo II, Plenário 07
82068;https://dadosabertos.camara.leg.br/api/v2/eventos/82068;2026-05-13 14:11:37;2026-05-13 16:29:36;Audiência Pública;"Audiência Pública Tema: Ódio e aversão contra mulheres no cotidiano: vozes, vivências e impactos na vida das mulheres Convidadas: RACHEL RIPANI, Cofundadora do Movimento Levante Mulheres Vivas (confirmada); MARIANA LUZ, Diretora de Saúde do Movimento Me Too Brasil (confirmada); DOLORES ARONOVICH AGUERO, Professora da Universidade Federal do Ceará (confirmada); CAMILA MONTEIRO FLORES, Advogada do Instituto Isabel (confirmada); INGRA OHANA (confirmada); RODOLFO CANONICO, Diretor de relações institucionais e governamentais de Family Talks (confirmado); MAFOANE SANTOS, Especialista em enfrentamento às violências contra mulheres (confirmada); PATRÍCIA OLIVEIRA CARVALHO, representante da Organização Criola (confirmada).";Anexo II, Plenário 13
82040;https://dadosabertos.camara.leg.br/api/v2/eventos/82040;2026-05-13 14:11:21;2026-05-13 15:36:57;Audiência Pública e Deliberação;"A - Audiência Pública Tema: Inclusão de Neurodivergentes com Necessidades de Suporte Reduzido Convidados: ADRIANA LOHANNE, Presidente do Instituto Neurodiversos (confirmada) (por videoconferência); ADRIANNA REIS, Psicóloga especialista em neurodivergência; SAMANTHA REIS, Advogada e autista (confirmada); GREICE BULLERJAHN, Influenciadora digital e coordenadora do ""AMA - Amor mais Ação""(confirmada) (por videoconferência); JANAINE CAVALCANTI, Influenciadora digital e PhD. Biociências (confirmada) (por videoconferência); CAROLINA NOBRE, Influenciadora digital, formanda em medicina e autista (confirmada) (por videoconferência); LARISSA ARGENTA, Coletivo Caixa Autista (confirmada) (Requerimento nº 33/2025, do Dep. João Daniel) B - Deliberação de Requerimentos (estão sujeitos a pauta os requerimentos apresentados até 24h antes do horário da reunião):";Anexo II, Plenário 08
81987;https://dadosabertos.camara.leg.br/api/v2/eventos/81987;2026-05-13 14:00:00;;Audiência Pública;(REQ 6/2026 CCOM, da deputada Maria Rosas) 1) REPRESENTANTE (a Confirmar) Representante Tribunal Superior Eleitoral 2) REPRESENTANTE (a Confirmar) Representante Agência Nacional de Proteção de Dados 3) REPRESENTANTE (a Confirmar) Representante Ministério das Comunicações 4) REPRESENTANTE (a Confirmar) Representante Conselho Digital 5) REPRESENTANTE (a Confirmar) Representante Meta 6) REPRESENTANTE (a Confirmar) Representante TikTok 7) REPRESENTANTE (a Confirmar) Representante Kwai 8) REPRESENTANTE (a Confirmar) Representante Amazon 9) REPRESENTANTE (a Confirmar) Representante Discord;Anexo II, Plenário 11
81988;https://dadosabertos.camara.leg.br/api/v2/eventos/81988;2026-05-13 14:00:00;;Audiência Pública;(REQ 2/2026 CCOM, da deputada Maria Rosas) 1) CARLOS MANUEL BAIGORRI (a Confirmar) Presidente ANATEL 2) CRISTIANO FLORES (a Confirmar) Presidente Associação Brasileira de Emissoras de Rádio e Televisão (ABERT) 3) FREDERICO DE SIQUEIRA FILHO (a Confirmar) Ministro Ministério das Comunicações 4) MÁRCIO SILVA NOVAES (a Confirmar) Presidente Associação Brasileira de Rádio e Televisão (ABRATEL) 5) RAYMUNDO BARROS (a Confirmar) Presidente Fórum do Sistema Brasileiro de TV Digital Terrestre (SBTVD);Anexo II, Plenário 11
81701;https://dadosabertos.camara.leg.br/api/v2/eventos/81701;2026-05-13 14:00:00;;Audiência Pública;"(REQ 7/2026 CTUR, da deputada Daniela Reinehr) Convidados (a confirmar): 1) Representante do Ministério do Turismo; 2) Sr. RAFAEL GUTTIERRES JÚNIOR, Presidente da Associação Brasileira das Ilhas Turísticas - ABITUR, representando também a Ilha do Mel (confirmado); 3) Sr. EVERTON LUIZ DA COSTA SOUZA Diretor Presidente do Instituto Água e Terra do Paraná; 4) Sr. PAULO VICTOR SILVA DE LIMA, Prefeito do Município de Soure/PA; 5) Sr. VIRGÍLIO OLIVEIRA, Administrador-Geral do Arquipélago de Fernando de Noronha (confirmado); 6) Sr. JULIANO RICHTER PIRES, Secretário de Turismo, Desenvolvimento Econômico e Inovação de Florianópolis/SC.";Anexo II, Plenário 05
82096;https://dadosabertos.camara.leg.br/api/v2/eventos/82096;2026-05-13 14:11:00;2026-05-13 20:27:00;Sessão Deliberativa;Sessão Deliberativa Extraordinária Presencial (AM nº 123/2020);Plenário da Câmara dos Deputados
81911;https://dadosabertos.camara.leg.br/api/v2/eventos/81911;2026-05-13 14:03:45;2026-05-13 14:05:38;Reunião Deliberativa;Discussão e votação de propostas legislativas.;Anexo II, Plenário 10
81853;https://dadosabertos.camara.leg.br/api/v2/eventos/81853;2026-05-13 13:08:03;2026-05-13 14:41:08;Audiência Pública e Deliberação;TRIBUNA DAS MULHERES TEMA: Maternidades: Políticas de visibilidade e Responsabilidade Coletiva Expositoras MARIA APARECIDA DE CARVALHO Mãe de Clárian, portadora de síndrome de Dravet e paciente de cannabis terapêutica. ROSILENE SILVA DA COSTA Representante do Movimento Autônomo de Mães - MAMA no Distrito Federal ÂNGELA KALI Artesã, mãe solo vivendo a escala 6X1 MÔNICA DE FREITAS MONTEIRO Coordenação regional da ONG Mães pela Diversidade Requerimento nº 3/2026, de autoria das Deputadas Erika Hilton, Laura Carneiro, Delegada Adriana Accorsi e Socorro Neri. DISCUSSÃO E VOTAÇÃO DE PROJETOS DE LEI;Anexo II, Plenário 14
81984;https://dadosabertos.camara.leg.br/api/v2/eventos/81984;2026-05-13 13:29:00;;Reunião Deliberativa;A - Votação de indicações de beneficiários para emendas da comissão à LOA.;Anexo II, Plenário 10
82075;https://dadosabertos.camara.leg.br/api/v2/eventos/82075;2026-05-13 13:46:45;2026-05-13 14:43:55;Reunião Deliberativa;Discussão e votação de propostas legislativas;Anexo II, Plenário 12
82035;https://dadosabertos.camara.leg.br/api/v2/eventos/82035;2026-05-13 13:05:31;2026-05-13 13:10:41;Reunião Deliberativa;A - 3ª Deliberação das indicações às programações da LOA 2026 oriundas de emendas;Anexo II, Plenário 04
81091;https://dadosabertos.camara.leg.br/api/v2/eventos/81091;2026-05-13 11:21:00;2026-05-13 12:19:00;Sessão Não Deliberativa Solene;Homenagem à Data Nacional da Criação do Estado de Israel.;Plenário da Câmara dos Deputados
81970;https://dadosabertos.camara.leg.br/api/v2/eventos/81970;2026-05-13 10:52:07;2026-05-13 11:49:01;Reunião Deliberativa;Discussão e votação de propostas legislativas;Anexo II, Plenário 16
82014;https://dadosabertos.camara.leg.br/api/v2/eventos/82014;2026-05-13 10:52:01;2026-05-13 13:15:52;Reunião Deliberativa;Discussão e votação de propostas legislativas;Anexo II, Plenário 01
82034;https://dadosabertos.camara.leg.br/api/v2/eventos/82034;2026-05-13 10:46:34;2026-05-13 10:48:45;Reunião Deliberativa;Deliberação das indicações às programações da LOA 2026 oriundas de emendas;Anexo II, Plenário 16
82066;https://dadosabertos.camara.leg.br/api/v2/eventos/82066;2026-05-13 10:38:29;2026-05-13 10:52:25;Reunião Deliberativa;A - Votações de Indicações de beneficiários para emendas da comissão à LOA;Anexo II, Plenário 15
81973;https://dadosabertos.camara.leg.br/api/v2/eventos/81973;2026-05-13 10:35:35;2026-05-13 11:24:32;Reunião Deliberativa;Discussão e Votação de Propostas Legislativas.;Anexo II, Plenário 14
82017;https://dadosabertos.camara.leg.br/api/v2/eventos/82017;2026-05-13 10:30:53;2026-05-13 12:18:06;Audiência Pública e Deliberação;"A - Audiência Pública Tema: Impactos sobre a Vida das Mulheres e dos Pequenos Negócios Convidados: CAROLINE DIAS DOS REIS, Secretária-Executiva do Ministério dos Direitos Humanos e da Cidadania (REQ 77/26) - (confirmada) SANDRA KENNEDY VIANA, Secretária Nacional de Articulação Institucional, Ações Temáticas e Participação Política do Ministério das Mulheres (REQs 46, 47, 49 e 67/2026) - (confirmada); ANDRÉ SPÍNOLA, Gerente da Unidade de Estratégia e Transformação do Sebrae Nacional (REQs 10, 27, 31 e 32/26) - (confirmado); SÔNIA MARIA ZERINO DA SILVA, Secretária de Trabalho da Mulher, do Idoso e da Juventude da Confederação Nacional dos Trabalhadores na Indústria (CNTI), representando Conselho Nacional dos Direitos da Mulher (CNDM) - (REQs 46, 47 e 49/26) - (confirmada); e CLEIDE SILVA PEREIRA PINTO, Coordenadora-Geral da FENATRAD - Federação Nacional dos Trabalhadores Domésticos (REQs 46, 47 e 49/26) - (confirmada). (Requerimento nº 10/2026, do Dep. Rodrigo da Zaeli) (Requerimento nº 27, 31 e 32/2026, da Dep. Júlia Zanatta) (Requerimento nº 46/2026, da Dep. Daiana Santos) (Requerimento nº 47/2026, da Dep. Maria do Rosário) (Requerimentos nº 49/2026, da Dep. Camila Jara) (Requerimentos nº 67/2026, do Dep. Dorinaldo Malafaia) (Requerimento nº 77/2026, do Dep. Saullo Vianna) B - Deliberação de Requerimentos:";Anexo II, Plenário 12
81968;https://dadosabertos.camara.leg.br/api/v2/eventos/81968;2026-05-13 10:26:50;2026-05-13 10:28:40;Reunião Deliberativa;Deliberação das indicações às programações da LOA 2026 oriundas de emendas;Anexo II, Plenário 06
81958;https://dadosabertos.camara.leg.br/api/v2/eventos/81958;2026-05-13 10:26:10;2026-05-13 10:59:01;Reunião Deliberativa;Discussão e votação de propostas legislativas;Anexo II, Plenário 04
81952;https://dadosabertos.camara.leg.br/api/v2/eventos/81952;2026-05-13 10:18:06;2026-05-13 10:26:51;Reunião Deliberativa;Discussão e votação de propostas legislativas;Anexo II, Plenário 05
81989;https://dadosabertos.camara.leg.br/api/v2/eventos/81989;2026-05-13 10:17:08;2026-05-13 10:56:03;Reunião Deliberativa;Discussão e votação de propostas legislativas;Anexo II, Plenário 11
81955;https://dadosabertos.camara.leg.br/api/v2/eventos/81955;2026-05-13 10:03:16;2026-05-13 11:19:06;Reunião Deliberativa;Discussão e votação de propostas legislativas;Anexo II, Plenário 10
82073;https://dadosabertos.camara.leg.br/api/v2/eventos/82073;2026-05-13 10:00:00;;Reunião Deliberativa;Discussão e votação de propostas legislativas;A Definir
82055;https://dadosabertos.camara.leg.br/api/v2/eventos/82055;2026-05-13 10:00:00;2026-05-13 10:40:33;Reunião Deliberativa;Discussão e votação de propostas legislativas.;Anexo II, Plenário 08
82060;https://dadosabertos.camara.leg.br/api/v2/eventos/82060;2026-05-13 09:55:19;2026-05-13 10:35:35;Reunião Deliberativa;- Deliberação das indicações às programações da LOA 2026 oriundas de emendas.;Anexo II, Plenário 07
81874;https://dadosabertos.camara.leg.br/api/v2/eventos/81874;2026-05-13 09:53:00;2026-05-13 10:07:00;Reunião Deliberativa;Discussão e votação de propostas legislativas;Anexo II, Plenário 09
82059;https://dadosabertos.camara.leg.br/api/v2/eventos/82059;2026-05-13 09:45:00;2026-05-13 11:38:00;Reunião Deliberativa;Relação entre a Política Nacional de CT&I e a Política Industrial: como a ciência é fundamental para a NIB (Nova Indústria Brasil). Dra. Mônica Felts R. Soares Diretora Científica do Conselho Nacional de Desenvolvimento Científico e Tecnológico (CNPq) Eleição de vice-presidentes;Anexo II, Plenário 13
81998;https://dadosabertos.camara.leg.br/api/v2/eventos/81998;2026-05-13 09:30:00;2026-05-13 10:01:00;Mesa Redonda;Discussão da pauta e assuntos internos;
82057;https://dadosabertos.camara.leg.br/api/v2/eventos/82057;2026-05-13 10:23:07;2026-05-13 13:06:04;Reunião Deliberativa;Discussão e votação de propostas legislativas;Anexo II, Plenário 03
81929;https://dadosabertos.camara.leg.br/api/v2/eventos/81929;2026-05-13 09:49:00;2026-05-13 12:51:00;Outro Evento;(REQ 11/2026 CDE, do deputado Jadyel Alencar) Programação do evento: 9h00 - 9h40 - Abertura Deputado Jadyel Alencar - Presidente da Comissão de Desenvolvimento Econômico João Brant, secretário de Políticas Digitais na Secretaria de Comunicação Social Renata Mielli, coordenadora do CGI.br 9h40 - 10h50 - Princípios e diretrizes para a regulação econômica e concorrencial de redes sociais 1)Camila Leite (USP) 2)Carla Rodrigues (Data Privacy) 3)Sergio Alves (Alai) 4)Paulo Henrique de Oiveira (Cade) 5)Dep. Aliel Machado, Relator do PL 4675/2025. Moderação: Rafael Evangelista, Conselheiro do CGI.br 10h50 - 12h - Princípios e diretrizes para regulação de redes sociais: abordagem baseada em direitos 1)Bia Barbosa (conselheira do CGI.br) 2)Marcelo Almeida (ABES) 3)Laura Schertel (IDP) 4)Victor Durigan (Diretor de Promoção de Direitos Digitais, MJSP) 5)Dep. Any Ortiz, relatora do PL 2768/2022 sobre mercados digitais. Moderação: Henrique Faulhaber, Conselheiro do CGI.br;Anexo II, Plenário 02
81493;https://dadosabertos.camara.leg.br/api/v2/eventos/81493;2026-05-13 09:32:00;2026-05-13 10:56:00;Sessão Não Deliberativa Solene;Homenagem ao Dia Internacional da Enfermagem;Plenário da Câmara dos Deputados
82025;https://dadosabertos.camara.leg.br/api/v2/eventos/82025;2026-05-13 09:00:00;2026-05-13 19:12:00;Evento Técnico;Encontro da CAPADR na EXPOINGÁ 2026;
82048;https://dadosabertos.camara.leg.br/api/v2/eventos/82048;2026-05-12 19:00:00;2026-05-12 21:00:00;Seminário;Implementação da Lei 15.326/2026, Lei Somos Todas Professoras;
82065;https://dadosabertos.camara.leg.br/api/v2/eventos/82065;2026-05-12 19:24:52;2026-05-12 19:36:29;Reunião Deliberativa;Apresentação do plano de trabalho e deliberação de requerimentos;Anexo II, Plenário 03
81921;https://dadosabertos.camara.leg.br/api/v2/eventos/81921;2026-05-12 17:56:02;2026-05-12 20:18:00;Audiência Pública;"Requerimento n. 46/2026 Autores: Deputados Tadeu Veneri e Reimont Convidados: - SENHOR DAY CARVALHO COELHO, COORDENADOR-GERAL DE ERRADICAÇÃO DO TRABALHO ESCRAVO DO MINISTÉRIO DOS DIREITOS HUMANOS E DA CIDADANIA - SENHOR EDUARDO REINER, AUDITOR FISCAL DO TRABALHO E REPRESENTANTE DA ANAFITRA - ASSOCIAÇÃO NACIONAL DOS AUDITORES-FISCAIS DO TRABALHO - SENHOR LUCIANO ARAGÃO SANTOS, PROCURADOR DO TRABALHO E COORDENADOR NACIONAL DE ERRADICAÇÃO DO TRABALHO ESCRAVO E TRÁFICO DE PESSOAS DO MINISTÉRIO PÚBLICO DO TRABALHO - SENHOR VALTER SOUZA PUGLIESI, JUIZ DO TRABALHO E PRESIDENTE DA ANAMATRA (ASSOCIAÇÃO NACIONAL DOS MAGISTRADOS DA JUSTIÇA DO TRABALHO) - SENHOR MARCELO CRISANTO SOUTO MAIOR, VICE-PRESIDENTE DA ANPT - ASSOCIAÇÃO NACIONAL DOS PROCURADORES DO TRABALHO; - SENHORA LAÍSSA POLLYANA DO CARMO, COORDENADORA DE PROJETOS DA CONTAR - CONFEDERAÇÃO NACIONAL DOS TRABALHADORES ASSALARIADOS RURAIS - SENHOR THARLEN NASCIMENTO, INTEGRANTE DO MOVIMENTO AMPLIA AFT - FREI XAVIER PLASSAT, COMISSÃO PASTORAL DA TERRA – CPT (Virtual) - SENHORA NATÁLIA SUZUKI, GERENTE DE EDUCAÇÃO E POLÍTICAS PÚBLICAS DA REPÓRTER BRASIL (Virtual) - SENHORA LÍVIA MIRAGLIA, COORDENADORA DA CLÍNICA DE TRABALHO ESCRAVO E DE TRÁFICO DE PESSOAS DA UFMG";Anexo II, Plenário 09
81899;https://dadosabertos.camara.leg.br/api/v2/eventos/81899;2026-05-12 17:20:25;2026-05-12 19:37:26;Audiência Pública e Deliberação;"A - Audiência Pública Tema: Aspectos econômicos sobre a redução da jornada de trabalho Convidados: DARIO DURIGAN, Ministro de Estado da Fazenda (REQs 16, 19 e 29/26) - (confirmado); FELIPE VELLA PATEO, Técnico de Planejamento e Pesquisa da Diretoria de Estudos e Políticas Sociais do Instituto de Pesquisa Econômica Aplicada - IPEA (REQs 1, 3, 13, 18, 25 e 28/26) - (confirmado); JOSÉ DARI KREIN, Professor do Instituto de Economia da Unicamp, Diretor do CESIT (Centro de Estudos Sindicais e Economia do Trabalho) e da coordenação da REMIR (Rede de Estudos e Monitoramento da Reforma Trabalhista) - (REQs 3, 9 e 13/26) - (confirmado); e FÁBIO PINA, Economista da Federação do Comércio de Bens, Serviços e Turismo de São Paulo - Fecomercio-SP - (REQs 85 e 92/26) - (confirmado). (Requerimento nº 1/2026, das Dep. Erika Hilton e Fernanda Melchionna) (Requerimento nº 3/2026, do Dep. Rubens Pereira Júnior) (Requerimento nº 9/2026, do Dep. Túlio Gadêlha) (Requerimento nº 16/2026, do Dep. Carlos Zarattini) (Requerimentos nº 13 e 19/2026, do Dep. Fernando Mineiro) (Requerimentos nº 28 e 29/2026, da Dep. Júlia Zanatta) (Requerimento nº 85/2026, da Dep. Adriana Ventura) (Requerimento nº 92/2026, do Dep. Lucas Redecker) B - Deliberação de Requerimentos";Anexo II, Plenário 02
81624;https://dadosabertos.camara.leg.br/api/v2/eventos/81624;2026-05-12 16:23:42;2026-05-12 18:59:41;Audiência Pública;"(REQ 39/2026 CVT, das deputadas Rosana Valle e Greyce Elias; REQ 1/2026 CME, da deputada Greyce Elias) Convidados: . SEBASTIÃO CAMARGOS DUTRA FILHO - Conselheiro da Liga Independente do Transporte; (Confirmado) . ROBSON LUÍS DA SILVA JÚNIOR - Transportador Autônomo e Conselheiro da Liga Independente do Transporte; (Confirmado) . GERALDO EUGÊNIO DE ASSIS - Vice-Presidente da Federação Nacional das Associações de Caminhoneiros e Transportadores - FENACAT; (Confirmado) . HENRIQUE MULATI DE FARIA - Presidente da Federação Liga Independente do Transporte; (Confirmado) . CARLOS ROBERTO ALVES DE QUEIROZ - Diretor de Supervisão Prudencial e de Resseguros - SUSEP. (Confirmado) . LUIS FERNANDO AUGUSTO - Advogado e Diretor Jurídico da FAN - Força Associativa Nacional; . FRANCIELI PERUZZO - Representante das Associações Regionais de Caminhoneiros; . ALESSANDRO SERAFIN OCTAVIANI LUIS - Superintendente da SUSEP;";Anexo II, Plenário 11
81832;https://dadosabertos.camara.leg.br/api/v2/eventos/81832;2026-05-12 16:19:23;2026-05-12 18:10:24;Audiência Pública;REQ 10/2026 CASP da Dep. Alice Portugal 1) CRISTINA DEL PAPA (Confirmada) Coordenadora-Geral Federação dos Sindicatos dos Trabalhadores das Universidades Públicas Brasileiras -FASUBRA Sindical 2) ÍCARO DUARTE PESTANAS (Confirmado Remotamente) Coordenador do Forgepe Associação Nacional dos Dirigentes das Instituições Federais de Ensino Superior - ANDIFES 3) LEONARDO BARCHINI (Não participará) Ministro Ministério da Educação 4) RAFAEL BASTOS TEIXEIRA (Confirmado Remotamente) Vice-presidente Conselho Nacional das Instituições da Rede Federal de Educação Profissional, Científica e Tecnológica -Conif 5) ROBSON BARBOSA (Confirmado) Especialista em Direito do Servidor Público;Anexo II, Plenário 08
81883;https://dadosabertos.camara.leg.br/api/v2/eventos/81883;2026-05-12 16:14:15;2026-05-12 17:31:23;Audiência Pública;Audiência Pública conjunta das Comissões de Previdência, Assistência Social, Infância, Adolescência e Família e de Saúde, decorrente da aprovação dos REQ Nº 10/2026 CPASF, de autoria das Deputadas Amanda Gentil (PP-MA) e Laura Carneiro (PSD-RJ) e REQ Nº 47/2026 CSAUDE, de autoria do Deputado Dr. Zacharias Calil (MDB-GO). Convidados 1) ALEXSANDRO DO NASCIMENTO SANTOS (Confirmado) Subsecretário da Política Nacional Integrada da Primeira Infância Ministério da Educação 2) IKARO FLÁVIO DE FREITAS COSME (Confirmado) Coordenador Geral de Programas Intersetoriais do Departamento de Proteção Básica Ministério do Desenvolvimento e Assistência Social, Família e Combate à Fome 3) KARINA CORREA WENGERKIEVICZ (Confirmada) Diretora do Departamento de Gestão do Cuidado Integral Ministério da Saúde 4) REPRESENTANTE (a Confirmar) UNICEF 5) VERÔNICA TEIXEIRA GLÓRIA (Confirmada) Analista de Políticas Públicas Fundação Maria Cecília Souto Vidigal 6) VITAL DIDONET (Confirmado) Consultor Rede Nacional da Primeira Infância;Anexo II, Plenário 07
81928;https://dadosabertos.camara.leg.br/api/v2/eventos/81928;2026-05-12 16:00:00;;Audiência Pública;Req. 16 e 17/2026 - CDE Iniciativa: Deputado Zé Adriano Convidados: 1. MINISTÉRIO DA FAZENDA 2. CONFEDERAÇÃO NACIONAL DA INDÚSTRIA - CNI 3. CONFEDERAÇÃO NACIONAL DO COMÉRCIO DE BENS, SERVIÇOS E TURISMO - CNC 4. ASSOCIAÇÃO BRASILEIRA DE DISTRIBUIÇÃO - ABAD;A Definir
81990;https://dadosabertos.camara.leg.br/api/v2/eventos/81990;2026-05-12 15:38:51;2026-05-12 16:50:40;Reunião Deliberativa;Discussão e votação de propostas legislativas;Anexo II, Plenário 01
82076;https://dadosabertos.camara.leg.br/api/v2/eventos/82076;2026-05-12 15:20:16;2026-05-12 15:56:11;Reunião de Instalação e Eleição;Instalação e Eleição para presidência;Anexo II, Plenário 12
81954;https://dadosabertos.camara.leg.br/api/v2/eventos/81954;2026-05-12 15:00:00;;Reunião Deliberativa;Eleição do 2º vice-presidente e discussão e votação de propostas legislativas;Anexo II, Plenário 05
81996;https://dadosabertos.camara.leg.br/api/v2/eventos/81996;2026-05-12 15:07:03;2026-05-12 15:26:19;Reunião Deliberativa;Discussão e votação de propostas legislativas;Anexo II, Plenário 01
81979;https://dadosabertos.camara.leg.br/api/v2/eventos/81979;2026-05-12 14:52:39;2026-05-12 15:10:47;Reunião Deliberativa;Discussão e votação de propostas legislativas;Anexo II, Plenário 12
81824;https://dadosabertos.camara.leg.br/api/v2/eventos/81824;2026-05-12 14:39:17;2026-05-12 16:49:24;Audiência Pública;"Convidados: 1. Juscelino Brito, Presidente da Câmara de Dirigentes Lojistas (CDL) de Feira de Santana (confirmado) 2. Glicio Riccardo Pires Oliveira, consultor empresarial da CDL (confirmado) 3. Antoine Youssef Tawil, presidente da Federação das Câmaras de Dirigentes Lojistas do Estado da Bahia (FCDL-BA) (confirmado) 4. Luis Henrique Mercês dos Santos, Vice Presidente da CDL de Feira de Santana (confirmado) 5. Suély Mühl, representante da Abicalçados (Associação Brasileira da Indústria de Calçados) (confirmada) 6. Ricardo Chaves Alves, presidente da ABERC (Associação Baiana de Representantes Comerciais) (confirmado) 7. Gleiser Sathler de Souza Penna, representante do setor de Óticas (confirmado) (REQ 18/2026 CDE, do deputado Zé Neto; REQ 12/2026 CFT, do deputado Zé Neto)";Anexo II, Plenário 04
81956;https://dadosabertos.camara.leg.br/api/v2/eventos/81956;2026-05-12 14:21:49;2026-05-12 15:49:44;Reunião Deliberativa;Discussão e votação de propostas legislativas;Anexo II, Plenário 06
82074;https://dadosabertos.camara.leg.br/api/v2/eventos/82074;2026-05-12 14:05:21;2026-05-12 14:07:52;Reunião Deliberativa;Deliberação das indicações às programações da LOA 2026 oriundas de emendas;Anexo II, Plenário 05
81919;https://dadosabertos.camara.leg.br/api/v2/eventos/81919;2026-05-12 14:04:59;2026-05-12 15:56:21;Audiência Pública;"REQUERIMENTO: REQ 13/2026-CDC, do Deputado Jorge Braz CONVIDADOS: Daniela Henriques Saraiva (Confirmada Presencial) Coordenadora de Fiscalização do Ministério do Turismo - MTur Osny da Silva Filho (Confirmado Online) Diretor do Departamento de Proteção e Defesa do Consumidor - DPDC, da Secretaria Nacional do Consumidor - Senacon; Henrique Severien (Confirmada Presencial) Representante da Associação Brasileira da Indústria de Hotéis - ABIH Nacional; e Ricardo Rielo (Confirmado Online) Assessor Jurídico da Federação Brasileira de Hospedagem e Alimentação - FBHA, representando a Confederação Nacional do Comércio de Bens, Serviços e Turismo - CNC.";Anexo II, Plenário 10
82087;https://dadosabertos.camara.leg.br/api/v2/eventos/82087;2026-05-12 14:00:00;;Reunião de Instalação e Eleição;Teste eleição sub CPOVOS;Anexo II, Plenário 12
82006;https://dadosabertos.camara.leg.br/api/v2/eventos/82006;2026-05-12 14:00:00;;Audiência Pública e Deliberação;"A - Audiência Pública Tema: Crimes e violências contra pessoas com Transtorno do Espectro Autista - TEA Convidados: CAIO CASTAGINE MARINHO, Presidente da Associação dos Juízes Federais do Brasil (AJUFE) (a confirmar); TARCÍSIO JOSÉ SOUSA BONFIM, Presidente da Associação Nacional dos Membros do Ministério Público (CONAMP) (a confirmar); MINISTRO LUIZ EDSON FACHIN; Presidente do Conselho Nacional de Justiça (CNJ) (a confirma); ANDREI AUGUSTO PASSOS RODRIGUES, Diretor-Geral da PF (a confirmar); ANDRÉ SANTOS PEREIRA, Presidente da Associação dos Delegados de Polícia do Estado de São Paulo (ADPESP) (a confirmar); WELLINGTON CÉSAR LIMA E SILVA, Ministro da Justiça e Segurança Pública (MJSP) (a confirmar) (Requerimento nº 21/2025, do Dep. Orlando Silva) B - Deliberação de Requerimentos (estão sujeitos a pauta os requerimentos apresentados até 24h antes do horário da reunião):";Anexo II, Plenário 09
82080;https://dadosabertos.camara.leg.br/api/v2/eventos/82080;2026-05-12 14:10:00;2026-05-12 20:03:00;Sessão Deliberativa;Sessão Deliberativa Extraordinária Presencial (AM nº 123/2020);Plenário da Câmara dos Deputados
81953;https://dadosabertos.camara.leg.br/api/v2/eventos/81953;2026-05-12 13:22:58;2026-05-12 13:49:57;Reunião Deliberativa;Discussão e votação de propostas legislativas;Anexo II, Plenário 13
81492;https://dadosabertos.camara.leg.br/api/v2/eventos/81492;2026-05-12 11:27:00;2026-05-12 12:42:00;Sessão Não Deliberativa Solene;Homenagem aos 341 anos de existência da Irmandade de Nossa Senhora do Rosário dos Homens Pretos;Plenário da Câmara dos Deputados
81946;https://dadosabertos.camara.leg.br/api/v2/eventos/81946;2026-05-12 10:22:31;2026-05-12 12:32:09;Audiência Pública;"REQ nº 12/2026 CSAUDE, do Deputado Bruno Farias (Republicanos-MG) REQ nº 65/2026 CSAUDE, do Deputado Jorge Solla (PT-BA) e da Deputada Heloísa Helena (REDE-RJ) Convidados(as) confirmados(as): - Davi Ionei Soares Apóstolo (participação presencial) Presidente do Conselho Estadual de Enfermagem da Bahia - COREN/BA - Jacinta de Fátima Sena da Silva (participação presencial) Presidente da Associação Brasileira de Enfermagem-ABEn - Marisa de Miranda Rodrigues (participação presencial) Chefe da Divisão de Fiscalização do Exercício Profissional do Conselho Federal de Enfermagem (Cofen) - Alexandre Giraux (participação presencial) Diretor-Chefe da Unidade de Auditoria Especializada em Saúde - AudSaúde, do Tribunal de Contas da União (TCU); - Evellin Bezerra da Silva (participação presencial) Diretora do Departamento de Gestão e Regulação do Trabalho na Saúde (Degerts/Sgtes/MS) do Ministério da Saúde Não confirmaram participação: - Representante do Conselho Nacional de Secretários de Saúde (CONASS); - Representante do Conselho Nacional dos Secretários Municipais de Saúde (CONASEMS); - Representante da Confederação Nacional de Saúde (CNSaúde). Não participará: - Representante do Ministério do Planejamento, Orçamento e Gestão.";Anexo II, Plenário 07
81981;https://dadosabertos.camara.leg.br/api/v2/eventos/81981;2026-05-12 10:15:00;2026-05-12 12:17:02;Audiência Pública;"Requerimento n. 43/2026 Autor: Dep. Padre João Convidados: - Representante do Ministério da Saude; - Representante do Ministério da Fazenda; - Exmo. Sr. Leleco Pimentel, Deputado Estadual pela Assembleia Legislativa de Minas Gerais; - Sra. Monica Andreis, Diretora-Presidente da ACT Promocao da Saude; - Sr. Andre Sklo, Pesquisador do Instituto Nacional do Cancer (INCA); - Representante da Economics for Health; - Representante da Comissao Nacional para Implementacao da Convencao-Quadro sobre Controle do uso do Tabaco e de seus Protocolos (CONICQ).";Anexo II, Plenário 09
81945;https://dadosabertos.camara.leg.br/api/v2/eventos/81945;2026-05-12 10:09:00;2026-05-12 12:14:20;Audiência Pública;"Requerimento nº 151/2026 de autoria do Deputado Federal Delegado Paulo Bilynskyj (PL/SP) Requer a realização de audiência pública para debater o tema do ""Combate à Lavagem de Dinheiro por meio de Fintechs"". CONVIDADOS: ALVARO LIMA FREITAS JUNIOR (Confirmado) Chefe da Divisão de Supervisão do Departamento de Supervisão de Conduta do Banco Central do Brasil - BCB PAULO FRANCISCO SOARES PEREIRA (Confirmado) Delegado-Chefe da Delegacia de Repressão ao Crime Organizado - DRACO/PCDF KELLY GALLEGO MASSARO (Confirmada) Presidente Executiva da Associação Brasileira de Câmbio - Abracam DIEGO PEREZ (Confirmado) Presidente da Associação Brasileira de Fintechs - Abfintechs SÉRGIO LUIZ MESSIAS DE LIMA (Confirmado) Auditor-Fiscal da Receita Federal do Brasil - Coordenador-Geral de Pesquisa e Investigação do Ministério da Fazenda ANDREA COSTA CHAVES (Confirmada) Auditora-Fiscal da Receita Federal do Brasil - Subsecretária de Fiscalização do Ministério da Fazenda Representante do Ministério da Justiça e Segurança Pública";Anexo II, Plenário 06
81875;https://dadosabertos.camara.leg.br/api/v2/eventos/81875;2026-05-12 10:00:00;;Seminário;"""Os efeitos da utilização de herbicidas hormonais sobre a saúde das pessoas, a biodiversidade e sobre as demais culturas existentes no entorno das áreas onde os herbicidas são aplicados"" REQ 20/26, do Dep. Nilto Tatto (PT/RN) e Dep. Alexandre Lindenmeyer (PT/RS) Convidados: 10h -11h Mesa de Abertura: A perspectiva da academia/sociedade civil JOÃO DE DEUS MEDEIROS - (Presença Confirmada Remota) Presidente do Conselho Regional de Biologia da 9ª Região NORTON SAMPAIO Professor da Universidade Federal do Pampa HÉLIO LUIZ MARCHIORO Diretor do Instituto de Gestão, Planejamento e Desenvolvimento da Vitivinicultura do Estado do Rio Grande do Sul (Consevitis-RS) MÁRIO MANTOVANI - (Não Comparecerá) Diretor Nacional de Relações Institucionais da Associação Nacional de Municípios e Meio Ambiente ALTHEN TEIXEIRA FILHO - (Presença Confirmada Remota) Professor do Instituto de Biologia do Departamento de Morfologia da Universidade Federal de Pelotas 11h25 -12h30 Mesa 2: A perspectiva governamental JOÃO CAPOBIANCO Ministro do Meio Ambiente e Desenvolvimento Sustentável e Mudança do Clima - MMA FERNANDA MACHIAVELI Ministra do Desenvolvimento Agrário e Agricultura Familiar - MDA ANDRÉ DE PAULA Ministro da Agricultura, Pecuária e Abastecimento - MAPA JAIR SCHMITT Presidente do Instituto Brasileiro do Meio Ambiente e dos Recursos Naturais Renováveis - IBAMA";
81491;https://dadosabertos.camara.leg.br/api/v2/eventos/81491;2026-05-12 09:40:00;2026-05-12 10:39:00;Sessão Não Deliberativa Solene;Homenagem aos Bois do Festival Folclórico de Parintins, Município do Estado do Amazonas;Plenário da Câmara dos Deputados
82024;https://dadosabertos.camara.leg.br/api/v2/eventos/82024;2026-05-12 09:00:00;2026-05-12 18:13:00;Evento Técnico;Encontro da CAPADR na EXPOINGÁ 2026;
82039;https://dadosabertos.camara.leg.br/api/v2/eventos/82039;2026-05-11 18:07:00;2026-05-11 19:14:00;Sessão Deliberativa;Sessão Deliberativa Extraordinária Semipresencial (AM nº 123/2020);Plenário da Câmara dos Deputados
82047;https://dadosabertos.camara.leg.br/api/v2/eventos/82047;2026-05-11 18:00:00;2026-05-11 20:00:00;Seminário;Implementação da Lei 15.326/2026, Lei Somos Todas Professoras;
81733;https://dadosabertos.camara.leg.br/api/v2/eventos/81733;2026-05-11 15:15:00;2026-05-11 16:46:00;Sessão Não Deliberativa Solene;Homenagem aos 40 anos da Associação Brasileira de Assistência às Famílias de Crianças Portadoras de Câncer e Hemopatias - ABRACE;Plenário da Câmara dos Deputados
81933;https://dadosabertos.camara.leg.br/api/v2/eventos/81933;2026-05-11 14:00:00;2026-05-11 18:07:00;Seminário;SEMINÁRIO ESTADUAL DE PERNAMBUCO Tema: Avaliação dos impactos viários e de segurança pública decorrentes da Medida Provisória 1327/25 e da Resolução CONTRAN 1020/25 no Estado de Pernambuco Data: 11 de maio de 2026 Hora: 14h Local: Auditório Roberto Régnier - SENAC- Sistema Fecomércio /PE ABERTURA CORONEL MEIRA - DEPUTADO FEDERAL E PRESIDENTE DA COMISSÃO ESPECIAL E COORDENADOR DO SEMINÁRIO CONVIDADOS: *Sujeito a alterações CARLOS NEVES, Presidente Tribunal de Contas de Pernambuco -TCE-PE ALESSANDRO CARVALHO, Secretário de Defesa Social de Pernambuco - SDS BERNARDO PEIXOTO DOS SANTOS OLIVEIRA SOBRINHO, Presidente FECOMÉRCIO-PE VLADIMIR LACERDA MELQUIADES, Diretor Presidente - DETRAN-PE TENENTE CORONEL REGINALDO PEREIRA DE OLIVEIRA FILHO, Comandante do BPTRAN/PE PETRUS ANDRADE LIMA, Diretor Geral do Hospital Restauração YGOR VALENÇA, Presidente da Federação Nacional das Autoescolas - FENEAUTO WALYSSON BARROS, Assessor em Relações Institucionais da Confederação Nacional do Comércio de Bens, Serviços e Turismo - CNC DÁRCIO BRACARENSE, Vereador de Vitória-ES HILTON PIMENTEL, Médico Perito de Trânsito da Associação Brasileira de Medicina do Tráfego - ABRAMET JEAN RAFAEL SANCHES, Coordenador Jurídico da Câmara Pernambucana - CPCFC MATHEUS MARTINS, Presidente da Associação dos CFCs do Estado de São Paulo -ACESP ALISSON, Representante do SINDCFC - CE FERNANDO COELHO, Presidente da União Pernambucana dos Psicólogos do Trânsito JULIANA DE BARROS GUIMARÃES, Diretora Científica Nacional da Associação Brasileira de Psicologia de Tráfego- ABRAPSIT ENCERRAMENTO Requerimento 28/26 (Dep .Aureo Ribeiro e Coronel Meira);
81582;https://dadosabertos.camara.leg.br/api/v2/eventos/81582;2026-05-11 10:35:00;2026-05-11 11:39:00;Sessão Não Deliberativa Solene;Homenagem aos 217 anos da Polícia Militar do Distrito Federal - PMDF;Plenário da Câmara dos Deputados
81693;https://dadosabertos.camara.leg.br/api/v2/eventos/81693;2026-05-11 10:10:00;2026-05-11 11:46:00;Sessão Não Deliberativa Solene;Homenagem aos 80 anos de instituição do CFC;Plenário do Senado Federal
82023;https://dadosabertos.camara.leg.br/api/v2/eventos/82023;2026-05-11 09:00:00;2026-05-11 19:00:00;Evento Técnico;Encontro da CAPADR na EXPOINGÁ 2026;
82022;https://dadosabertos.camara.leg.br/api/v2/eventos/82022;2026-05-10 09:00:00;2026-05-10 19:00:00;Evento Técnico;Encontro da CAPADR na EXPOINGÁ 2026;
82046;https://dadosabertos.camara.leg.br/api/v2/eventos/82046;2026-05-09 14:00:00;2026-05-09 16:00:00;Seminário;Implementação da Lei 15.326/2026, Lei Somos Todas Professoras;
82021;https://dadosabertos.camara.leg.br/api/v2/eventos/82021;2026-05-09 09:00:00;2026-05-09 19:00:00;Evento Técnico;Encontro da CAPADR na EXPOINGÁ 2026;
81766;https://dadosabertos.camara.leg.br/api/v2/eventos/81766;2026-05-08 14:00:00;2026-05-08 17:46:00;Seminário;Requerimento nº 2/2026, do Deputado Coronel Chrisóstomo (PL-RO) 1. ANGEL VASQUEZ JUSTINIANO - presença confirmada Consul da Bolívia em Guajará-Mirim-RO, representando a Embaixada da Bolívia no Brasil 2. ANDRÉ DOS SANTOS - presença confirmada Superintendente Regional no Estado de Rondônia do Departamento Nacional de Infraestrutura de Transporte (SR-RO/DNIT) 3. RAIMUNDO BARROSO - presença confirmada Vereador da Assembleia Legislativa do Estado de Rondônia (ALE/RO) 4. FABIO OLIVEIRA (NETINHO) - presença confirmada Prefeito Municipal de Guajará-Mirim/RO 5. MARCÉLIO BRASILEIRO Prefeito Municipal de Nova Mamoré/RO 6. ELIEL SILVINO Presidente das Câmara Municipal de Guajará-Mirim/RO 7. ADALTO FERREIRA Presidente das Câmara Municipal de Nova Mamoré/RO 8. GISELLY AMARAL - presença confirmada Gerente da Unidade do Serviço Social do Comércio (SESC) de Nova Mamoré, representando a Federação do Comércio de Bens, Serviços e Turismo de Rondônia (Fecomércio/RO) 9. CÍCERO FILHO - presença confirmada Presidente em exercício da Federação das Associações Comerciais e Empresariais de Rondônia (FACER) 10. CLEYDER RAZZINI Gerente de contrato do Consórcio Mamoré-RO Não comparecerão: - Ministério dos Transportes - Marcelo Thomé Presidente da Federação das Indústrias do Estado de Rondônia (FIERO);
82033;https://dadosabertos.camara.leg.br/api/v2/eventos/82033;2026-05-08 09:53:33;2026-05-19 10:54:46;Teste do Painel Eletrônico;Teste de Eleição;Anexo II, Ala A, Sala 145A, Superior (CSAUDE)
82001;https://dadosabertos.camara.leg.br/api/v2/eventos/82001;2026-05-08 09:00:00;2026-05-08 09:01:00;Sessão Deliberativa;Sessão Deliberativa Extraordinária Semipresencial (AM nº 123/2020);Plenário da Câmara dos Deputados
82020;https://dadosabertos.camara.leg.br/api/v2/eventos/82020;2026-05-08 09:00:00;2026-05-08 19:00:00;Evento Técnico;Encontro da CAPADR na EXPOINGÁ 2026.;
81762;https://dadosabertos.camara.leg.br/api/v2/eventos/81762;2026-05-07 14:10:00;2026-05-07 16:44:00;Seminário;"SEMINÁRIO ESTADUAL DO RIO DE JANEIRO Tema: Alterações no Código de Trânsito Brasileiro Data: 07 de maio de 2026 Hora: 14h Local: Assembleia Legislativa do Estado do Rio de Janeiro ABERTURA CORONEL MEIRA - DEPUTADO FEDERAL E PRESIDENTE DA COMISSÃO ESPECIAL AUREO RIBEIRO - RELATOR DA COMISSÃO ESPEICAL E COORDENADOR DO SEMINÁRIO CONVIDADOS: *Sujeito a alterações RODRIGO DIAS COELHO, Presidente do Departamento de Trânsito do Estado do Rio de Janeiro DETRAN-RJ; VITOR ALMADA DA COSTA, Superintendente da Polícia Rodoviária Federal do Rio de Janeiro - PRF Representante do Conselho Nacional de Trânsito - CONTRAN; JOÃO OLIVEIRA SOUSA, Presidente da Comissão de Direito do Trânsito da Ordem dos Advogados do Brasil Rio de Janeiro - OAB/RJ CEL. LEONARDO RIBEIRO DE OLIVEIRA, Comandante do Comando de Policiamento de Trânsito - CPTran da Polícia Militar do Estado do Rio de Janeiro; JORGE DIAS, Presidente do Conselho da Federação das Empresas de Transportes de Passageiros do Estado do Rio de Janeiro (FETRANSPOR); Especialista em Mobilidade Urbana da (Instituto Alberto Luiz Coimbra de Pós-Graduação e Pesquisa de Engenharia COPPE/UFRJ; YGOR VALENÇA, Presidente da Federação Nacional das Autoescolas - FENEAUTO EGAS CAPARELLI MONIZ DE ARAGÃO DÁQUERA, Representante do Rio de Janeiro da Associação Brasileira de Medicina do Tráfego -ABRAMET LENI DE CADTRO BORGES, Diretora Executiva da Uniao de Clinicas de Transito do Estado do Rio de Janeiro - UCTRERJ JOÃO PAULO PEREZ DOS ANJOS, Advogado especialista em direto de Trânsito e tributário - departamento Jurídico da associação do bem comum do Brasil e UCTRERJ ADRIANE BEATRIZ SILVA, Federação Nacional dos Servidores de Detrans - FETRAN CAROLINA MARINO DA SILVA, Presidente do Instituto Nacional Mulheres Pelo Trânsito FERNANDO DINIZ, Presidente da ONG Trânsito Amigo PAULO CÉSAR GOMES DE CASTRO, Representantes dos Instrutores Autônomos da Associação Nacional dos Instrutores de Trânsito (ANIT), ENCERRAMENTO Requerimento 28/26 (Dep .Aureo Ribeiro)";
81925;https://dadosabertos.camara.leg.br/api/v2/eventos/81925;2026-05-07 11:30:00;2026-05-07 18:00:00;Visita Técnica;Visita técnica de membros da CFFC ao Estaleiro Enseada, localizado em Maragogipe (BA), na região do Recôncavo, para verificar a retomada das atividades, após período de paralisação e o pacto de recuperação judicial acordado em outubro de 2019. (Em atendimento ao Requerimento nº 20, de 2026, de iniciativa do Dep. Jorge Solla | PT-BA);
81898;https://dadosabertos.camara.leg.br/api/v2/eventos/81898;2026-05-07 11:52:00;2026-05-07 14:00:00;Seminário;"Seminário Estadual - Paraíba Câmara pelo Brasil - Debate Público sobre a Proposta de Emenda à Constituição Nº 221/2019 Deputado Federal Hugo Motta, Presidente da Câmara dos Deputados; Deputado Estadual Adriano Galdito, Presidente da Assembleia Legislativa da Paraíba; Deputado Federal Alencar Santana, Presidente da Comissão Especial sobre o Fim da Escala 6x1 Vida Digna ao Trabalhador; Deputado Federal Leo Prates, Relator da Comissão Especial sobre o Fim da Escala 6x1 Vida Digna ao Trabalhador; Luiz Marinho, Ministro do Trabalho e Emprego; Deputada Federal Daiana Santos, 1ª Vice-Presidente da Comissão Especial sobre o Fim da Escala 6x1 Vida Digna ao Trabalhador; Deputado Federal Reginaldo Lopes, Autor da PEC 221/19 e Membro da Comissão Especial sobre o Fim da Escala 6x1 Vida Digna ao Trabalhador; Desembargadora Herminegilda Leite Machado, Presidente do Tribunal Regional do Trabalho - 13ª Região; Andressa Alves Lucena Ribeiro Coutinho, Procuradora do Trabalho na Paraíba e Membra da Comissão de Acompanhamento Legislativo do MPT; Sebastião José Dos Santos - Tião, Presidente da Cut - PB; Marconi Medeiros, Presidente da Fecomércio-PB; Cassiano Pascoal Pereira, Presidente da Fiep-PB. (Requerimento nº 6/2026, do Dep. Leo Prates)";
81997;https://dadosabertos.camara.leg.br/api/v2/eventos/81997;2026-05-07 10:23:00;2026-05-07 11:27:00;Sessão Deliberativa;Sessão Deliberativa Extraordinária Semipresencial (AM nº 123/2020);Plenário da Câmara dos Deputados
81888;https://dadosabertos.camara.leg.br/api/v2/eventos/81888;2026-05-07 10:20:49;2026-05-07 12:01:37;Audiência Pública;1) ALEXANDRE LEAL DOS SANTOS (Confirmado) Presidente Federação dos Trabalhadores Rurais Agricultores Familiares do Estado do Paraná - FETAEP 2) LUIS CORTI (Confirmado) Deputado estadual Assembleia Legislativa do Paraná 3) MARENILSON BATISTA DA SILVA (Confirmado) Diretor do Departamento de Assistência Técnica e Extensão Rural Ministério do Desenvolvimento Agrário e Agricultura Familiar - MDA 4) NEREVALDO OLIBONI (Confirmado remotamente) Representante Federação dos Trabalhadores na Agricultura Familiar do Paraná - FETRAF 5) REPRESENTANTE (a Confirmar) União Nacional das Cooperativas da Agricultura Familiar e Economia Solidária - UNICAFES 6) RODOLFO JORDÃO (Confirmado) Coordenador do Ramo Agropecuário do sistema OCB (representando) Sindicato e Organização das Cooperativas do Estado do Paraná - OCEPAR 7) RONEI VOLPI (Confirmado) Consultor Federação da Agricultura do Estado do Paraná - FAEP 8) VÂNIA MARQUES PINTO (Confirmada) Presidente Confederação Nacional dos Trabalhadores Rurais Agricultores e Agricultoras Familiares - CONTAG (REQ 37/2026 CAPADR, do deputado Welter);Anexo II, Plenário 06
81819;https://dadosabertos.camara.leg.br/api/v2/eventos/81819;2026-05-07 10:00:00;;Audiência Pública;"REQ. 59/2026 CSAUDE dos(s) Deputados(as) Silvia Cristina e Geraldo Resende Convidados(as) confirmados(as): - Sr. Farid Samaan Médico nefrologista; Convidados(as) a confirmar: - Representante do Ministério da Saúde - Representante TCU - Tribunal de Contas da União - Sr. José Moura Neto Presidente da Sociedade Brasileira de Nefrologia - SBN - Representante da FENAPAR - Federação Nacional das Associações de Pacientes Renais e Transplantados do Brasil - FENAPAR; - Sr. Lúcio Requião Médico nefrologista;";Anexo II, Plenário 07
81522;https://dadosabertos.camara.leg.br/api/v2/eventos/81522;2026-05-07 10:00:00;;Reunião;Apresentação do relatório final;Anexo II, Plenário 10
82019;https://dadosabertos.camara.leg.br/api/v2/eventos/82019;2026-05-07 09:00:00;2026-05-07 19:00:00;Evento Técnico;Encontro da CAPADR na EXPOINGÁ 2026.;
81923;https://dadosabertos.camara.leg.br/api/v2/eventos/81923;2026-05-07 09:00:00;2026-05-07 11:24:00;Visita Técnica;Visita Técnica aos prédios que compõem o complexo arquitetônico da Faculdade de Medicina da Universidade Federal da Bahia (UFBA), localizado no Centro Histórico de Salvador, a fim de verificar o estado de conservação dos edifícios e seus acervos, a aplicação de verbas direcionadas à sua manutenção e a necessidade urgente de implementá-las. (Em atendimento ao Requerimento nº 15, de 2026, de iniciativa do Dep. Jorge Solla | PT-BA);
81771;https://dadosabertos.camara.leg.br/api/v2/eventos/81771;2026-05-07 09:00:00;;Seminário;Participantes convidadas: SIMONE SANTIAGO Secretária de Estado da Mulher do Acre (Confrimada) MARIA CLENILDA MOURA XAVIER Representante da Superintendência Regional do Trabalho e Emprego no Acre - SRTE/AC MARIELLE RISSANNE GUERRA VIANA Procuradora do Trabalho no Acre JULLIANA MARQUES Defensora Pública Geral do Estado do Acre NEUDA MUNIZ GOMES Secretária-Executiva do Conselho Estadual dos Direitos da Mulher - CEDIM/AC (Confirmada) FRANCELINA BARREIROS AMARAL GURGEL Vice-Presidente da Diretoria Executiva da Federação do Comércio de Bens, Serviços e Turismo do Estado do Acre - Fecomércio/AC REGINA RODRIGUES Vice-Presidente do Fórum de Mulheres do Alto Acre (Confirmada) ALMERINDA CUNHA Coordenadora da Associação de Mulheres Negras do Acre (Confirmada) Requerimento nº 17/2026, da deputada Socorro Neri;
81833;https://dadosabertos.camara.leg.br/api/v2/eventos/81833;2026-05-07 09:00:00;;Audiência Pública;(REQ 15/2026 CDE, do deputado Felipe Carreras) 1) MÁRCIO FERNANDO ELIAS ROSA (a Confirmar) Ministro Ministério do Desenvolvimento, Indústria, Comércio e Serviços (MDIC) 2) RICARDO ALVAREZ ALBAN (a Confirmar) Presidente Confederação Nacional da Indústria 3) FELIPE ESTEVES PINTO MORGADO (Confirmado) Superintendente de Gestão e Desempenho Serviço Nacional de Aprendizagem Industrial (SENAI) 4) BRUNO VELOSO (a Confirmar) Presidente Federação das Indústrias do Estado de Pernambuco (FIEPE) 5) SIVALDO ALBINO (a Confirmar) Prefeito Prefeitura de Garanhuns;Anexo II, Plenário 05
81687;https://dadosabertos.camara.leg.br/api/v2/eventos/81687;2026-05-06 16:06:24;2026-05-06 17:35:44;Audiência Pública;(REQ 5/2026 CDE, da deputada Adriana Ventura) 1) CARLOS COSTA (Confirmado - vídeoconferência) Economista 2) FÁBIO AUGUSTO PINA (Confirmado) Gestor de Assessoria Econômica Fecomércio - SP 3) LUIZ RAMOS (Confirmado - vídeoconferência) Presidente Sindicato Nacional de Comissárias de Despachos, Agentes Transitários e Intermediários de Carga, Logística e Fretes em Comércio Internacional - SINDICOMIS NACIONAL 4) ROBERTO ORDINE (Confirmado) Vice-Presidente da Associação Comercial de São Paulo - ACSP e Vice-Presidente da Confederação das Associações Comerciais e Empresariais do Brasil - CACB 5) RENATO CORONA (Confirmado - vídeoconferência) Superintendente do Departamento de Competitividade e Tecnologia Centro das Indústrias do Estado de São Paulo - CIESP Federação das Indústrias do Estado de São Paulo - FIESP;Anexo II, Plenário 05
81725;https://dadosabertos.camara.leg.br/api/v2/eventos/81725;2026-05-06 16:00:00;;Audiência Pública;(REQ 5/2026 CDE, da deputada Adriana Ventura) Convidados: 1) (a Confirmar) Centro das Indústrias do Estado de São Paulo - CIESP 2) (a Confirmar) Distrito de Inovação de São Paulo 3) (a Confirmar) Federação das Indústrias do Estado de São Paulo - FIESP 4) (a Confirmar) Federação do Comércio de Bens, Serviços e Turismo do Estado de São Paulo - FECOMERCIO-SP 5) (a Confirmar) Instituto Brasileiro de Planejamento e Tributação - IBPT 6) MARCOS DE BARROS LISBOA (a Confirmar) Economista;A Definir
81694;https://dadosabertos.camara.leg.br/api/v2/eventos/81694;2026-05-06 16:00:00;;Audiência Pública;"TEMA: ""Eficiência econômica e fiscal, impacto social das subvenções e incentivos ao setor de combustíveis no rol das Medidas Provisórias nº 1340, 1343 e 1349 de 2026 e decretos presidenciais correlatos"" Em antendimento ao Requerimento 30/2026 de autoria dos Deputados Junio Amaral, Rodrigo da Zaeli e Lafayette de Andrada. Participantes: 1. Representante do Ministério de Minas e Energia (MME); 2. Representante do Ministério da Fazenda; 3. Daniel Maia Vieira, Diretor da Agência Nacional do Petróleo, Gás Natural e Biocombustíveis (ANP) (CONFIRMADO); 4. Sérgio Araujo, Presidente Executivo da Associação Brasileira dos Importadores de Combustíveis - ABICOM; 5. Representante do Instituto Brasileiro de Petróleo e Gás (IBP); 6. Representante do Instituto Livre Mercado (ILM); 7. Sergio Bandeira de Mello, Presidente do Sindicato Nacional das Empresas Distribuidoras de Gás Liquefeito de Petróleo (SindiGas) (CONFIRMADO); 8. Especialista em distribuição de combustíveis; 9. André Pereira Tokarski, pesquisador do Instituto de Estudos Estratégicos de Petróleo, Gás Natural e Biocombustíveis (INEEP) (CONFIRMADO); 10. Deyvid Bacelar, Especialista em Petróleo, Gás e Energia da Federação Única dos Petroleiros (FUP) (CONFIRMADO); 11. Carlos Germano da Silva Ferreira Junior, Diretor Jurídico de Compliance e Assuntos Regulatórios da Associação das Distirbuidoras de Combustíveis (BRASILCOM) (CONFIRMADO).";Anexo II, Plenário 14
81916;https://dadosabertos.camara.leg.br/api/v2/eventos/81916;2026-05-06 15:30:00;;Reunião Deliberativa;"A - Apresentação do Plano de Trabalho do Relator, Dep. Jorge Goetten; B - Deliberação de Requerimentos (estão sujeitos a pauta os requerimentos apresentados até 24h antes do horário da reunião).";Anexo II, Plenário 13
81957;https://dadosabertos.camara.leg.br/api/v2/eventos/81957;2026-05-06 15:25:00;2026-05-06 16:03:00;Visita Oficial;Visita de delegação do Royal College of Defence Studies de Londres/ Reino Unido, composta por oficiais militares de alta patente e líderes civis de diversas partes do mundo Objetivos da visita: - colher percepções sobre política externa e perspetivas geopolíticas, com o objetivo de aprofundar a compreensão das dinâmicas estratégicas globais, da governança, da segurança e das relações internacionais. - Ampliar a compreensão sobre o papel do Brasil no cenário internacional e sobre os principais vetores do desenvolvimento e da segurança do País.;Anexo II, Plenário 03
81863;https://dadosabertos.camara.leg.br/api/v2/eventos/81863;2026-05-06 15:38:15;2026-05-06 16:30:56;Audiência Pública;"(REQ 21/2026 CCJC, do deputado Rodrigo de Castro) 1) HENRIQUE LIAN | Presidente da Associação Brasileira de Consumidores - PROTESTE (Confirmado); 2) KIM KATAGUIRI | Deputado Federal (Confirmado);";Anexo II, Plenário 01
81939;https://dadosabertos.camara.leg.br/api/v2/eventos/81939;2026-05-06 14:36:49;2026-05-06 14:39:34;Reunião Deliberativa;Deliberação das indicações às programações da LOA 2026 oriundas de emendas;Anexo II, Plenário 05
81105;https://dadosabertos.camara.leg.br/api/v2/eventos/81105;2026-05-06 14:38:12;2026-05-06 17:56:37;Seminário;Requerimento nº 10/2025, de autoria do Deputado Luiz Gastão Das 14h às 14h30 - Solenidade de Abertura Convidados para compor a mesa: Deputado Hugo Motta - Presidente da Câmara dos Deputados Deputado Luiz Gastão - Membro da Comissão de Trabalho e propositor do seminário Deputado Alencar Santana - Presidente da Subcomissão Especial que trata do fim da escala 6x1 (PEC 221/19 e PEC 08/2025) Rafaele Rodrigues Mascarenhas Menezes - Coordenadora - Geral de Relações do Trabalho do Ministério do Trabalho e Emprego - MTE Vander Francisco Costa - Presidente da Confederação Nacional do Transporte - CNT Eduardo Ferreira Rebuzzi - Presidente da Associação Nacional do Transporte de Cargas e Logística - NTC & Logística Valdir de Souza Pestana - Presidente da Confederação Nacional dos Trabalhadores em Transportes Terrestres - CNTT Das 14h30 às 16h30 - 1º Painel Tema: A Inteligência Artificial nos julgamentos e as Provas Digitais Presidente da Mesa: Deputado Luiz Gastão - Autor do requerimento Palestrante 1: Ana Paula Silva Campos Miskulin - Juíza do Trabalho do TRT/15ª Região Palestrante 2: Otavio Torres Calvet - Juiz do Trabalho do TRT/1ª Região Palestrante 3: Sérgio Schwartsman - Assessor Jurídico da Federação Nacional da Distribuição de Veículos Automotores - FENABRAVE, e da Federação Nacional dos Concessionários e Distribuidores de Veículos - FENACODIV Das 16h00 às 18h30 - 2º Painel Tema: Redução da Jornada de Trabalho Presidente da Mesa: Deputado Max Lemos - Presidente da Comissão de Trabalho Palestrante 1: Deputado Leo Prates - Relator da PEC 221/2019 e da PEC 08/2025 Palestrante 2: Lucas Reis da Silva - Diretor do Sindicato Nacional dos Auditores Fiscais do Trabalho - SINAIT Palestrante 3: Alberto Nemer Neto - Advogado Palestrante 4: Paulo Douglas Almeida Moraes - Procurador do Trabalho - MPT Palestrante 5: Narciso Figueirôa Junior - Assessor Jurídico da NTC & Logística 18h30 - Encerramento;Auditório Nereu Ramos
81869;https://dadosabertos.camara.leg.br/api/v2/eventos/81869;2026-05-06 14:36:03;2026-05-06 15:47:33;Reunião Deliberativa;Deliberação das Indicações às programações da LOA 2026 oriundas das emendas da Comissão RP-8;Anexo II, Plenário 07
81961;https://dadosabertos.camara.leg.br/api/v2/eventos/81961;2026-05-06 14:34:00;2026-05-06 16:32:00;Visita Oficial;Delegação: - Marian Schuegraf - Embaixadora da União Europeia no Brasil - Hélder Sousa Silva (Partido Popular Europeu, Portugal), presidente da delegação do Parlamento Europeu para as Relações com o Brasil - Jacek Protas (Partido Popular Europeu, Polônia) - Evelyn Regner (Socialistas & Democratas, Áustria) - Nicolás González Casares (Socialistas e Democratas, Espanha) - Elio Di Rupo (Socialistas e Democratas, Bélgica) - Valérie Deloge (Patriotas pela Europa, França) - Michele Picaro (Conservadores e Reformistas Europeus, Itália) - Urmas Paet (Renovar, Estónia) - Gabriel Mato (Partido Popular Europeu, Espanha);Sala de Reuniões do Colégio de Líderes
81897;https://dadosabertos.camara.leg.br/api/v2/eventos/81897;2026-05-06 14:33:23;2026-05-06 17:48:52;Audiência Pública e Deliberação;"A - Audiência Pública Tema: Diagnósticos sobre o uso do tempo para o trabalho Convidados: LUIZ MARINHO, Ministro de Estado do Trabalho e Emprego (REQs 16, 19 e 30/26) - (confirmado); VINÍCIUS CARVALHO PINHEIRO, Diretor do Escritório da Organização Internacional do Trabalho (OIT) para o Brasil (REQs 15 e 17/26) - (confirmado); TERESA CRISTINA D'ALMEIDA BASTEIRO, Vice-Procuradora Geral do Ministério Público do Trabalho (REQs 15 e 17/26) - (confirmada); HUGO CAVALCANTI MELO FILHO, Professor, Juiz do Trabalho e ex-Presidente da Associação Nacional dos Magistrados da Justiça do Trabalho (ANAMATRA) (REQ 9/26) - (confirmado). (Requerimento nº 9/2026, do Dep. Túlio Gadêlha) (Requerimento nº 15 e 16/2026, do Dep. Carlos Zarattini) (Requerimento nº 17 e 19/2026, do Dep. Fernando Mineiro) (Requerimento nº 30/2026, da Dep. Júlia Zanatta) B - Deliberação de Requerimentos:";Anexo II, Plenário 02
81893;https://dadosabertos.camara.leg.br/api/v2/eventos/81893;2026-05-06 14:28:58;2026-05-06 17:47:41;Reunião de Comparecimento de Ministro(a);CONVIDADA (confirmada) Sra. Márcia Lopes, Ministra de Estado da Mulheres Requerimento: Requerimento nº 4/2026, de autoria das deputadas Erika Hilton, Laura Carneiro e Socorro Neri.;Anexo II, Plenário 14
81880;https://dadosabertos.camara.leg.br/api/v2/eventos/81880;2026-05-06 14:27:32;2026-05-06 15:19:11;Reunião Deliberativa;Discussão e votação de propostas legislativas;Anexo II, Plenário 11
81906;https://dadosabertos.camara.leg.br/api/v2/eventos/81906;2026-05-06 14:12:58;2026-05-06 14:52:51;Reunião Deliberativa;Discurssão e votação de propostas legislativas;Anexo II, Plenário 09
81761;https://dadosabertos.camara.leg.br/api/v2/eventos/81761;2026-05-06 14:07:19;2026-05-06 17:08:13;Audiência Pública e Deliberação;A - Audiência Pública Tema: A regulamentação e as condições de circulação de veículos de mobilidade elétrica leve, autopropelidos, bicicletas elétricas e ciclomotores, e suas implicações para a segurança viária DANIEL MARIZ TAVARES, Coordenador-Geral de Segurança Viária da Secretaria Nacional de Trânsito - Senatran (Confirmado) FELIPE ALVES, Diretor da Zona 30 Consultoria em Mobilidade Humana (Confirmado) LORENA FREITAS, Representante do Instituto de Políticas de Transporte e Desenvolvimento Brasil - ITDP (Confirmada) YGOR VALENÇA, Presidente da FENEAUTO (Confirmado) RAPHAEL PAZOS, Fundador da Comissão de Segurança no Ciclismo do Rio de Janeiro (CSC-RJ) (Confirmado) MARLON MARCÍLIO, Diretor da Associação Brasileira de Veículos Elétricos - ABVE (Confirmado) LETICIA SABINO, Diretora Presidente do Instituto Caminhabilidade (Confirmada) ELIAZER DO REGO BARROS, Representante do Movimento Autopropelidos Unidos do Rio de Janeiro ARIADNE SAMIOS, Coordenadora de Mobilidade Ativa na WRI Brasi. (Confirmada) WALLACE LANDIM, Presidente da Associação de Veículos Automotores - ABRAVA (Confirmado) VIVIAN GARELLI, Diretora Presidenta da União de Ciclistas do Brasil (UCB) (Confirmada) Representante do Fórum Nacional de Secretários e Dirigentes de Trânsito e Mobilidade Urbana (a confirmar) (Requerimento 25/26, do Dep. Aureo Ribeiro);Anexo II, Plenário 08
81285;https://dadosabertos.camara.leg.br/api/v2/eventos/81285;2026-05-06 14:00:00;;Audiência Pública;(REQ 7/2026 CCOM, do deputado Gilson Daniel) 1) CIRO NOGUEIRA (a Confirmar) Ouvidor Senado Federal 2) GISELLI BALLESTRASSI (a Confirmar) Ouvidora-Geral Ouvidoria do Estado do Espírito Santo 3) LUCIANA BERTACHINI (a Confirmar) Representante Associação Brasileira de Ouvidores (ABO) 4) MARÍLIA POLETTI (a Confirmar) Presidente Sindicato dos Jornalistas Profissionais do Estado do Espírito Santo 5) TANIA MARIA BARBOSA (a Confirmar) Representante Superintendência Estadual de Comunicação Social do Espírito Santo;Anexo II, Plenário 11
81757;https://dadosabertos.camara.leg.br/api/v2/eventos/81757;2026-05-06 14:00:00;;Audiência Pública;"(REQ 8/2026 CTUR, da deputada Daniela Reinehr) Convidados (a confirmar): 1) Representante do Ministério do Turismo; 2) Representante da Confederação Nacional do Comércio de Bens, Serviços e Turismo - CNC; 3) Sr. Otavio Leite, ex-Deputado Federal e Relator do Projeto de Lei do Fungetur (confirmado).";Anexo II, Plenário 05
81962;https://dadosabertos.camara.leg.br/api/v2/eventos/81962;2026-05-06 14:28:00;2026-05-06 22:09:00;Sessão Deliberativa;Sessão Deliberativa Extraordinária Presencial (AM nº 123/2020);Plenário da Câmara dos Deputados
81864;https://dadosabertos.camara.leg.br/api/v2/eventos/81864;2026-05-06 14:00:42;2026-05-06 14:05:00;Reunião Deliberativa;Discussão e votação de propostas legislativas;Anexo II, Plenário 10
81965;https://dadosabertos.camara.leg.br/api/v2/eventos/81965;2026-05-06 13:45:00;2026-05-06 14:20:00;Debate;Debate no Videocast ME CONTA + Tema: Fim da Escala 6x1 Deputado Federal ALENCAR SANTANA, Presidente da Comissão Especial sobre o Fim da Escala 6x1 Vida Digna ao Trabalhador Apresentação: Ginny Morais e Clarice Dias;
81881;https://dadosabertos.camara.leg.br/api/v2/eventos/81881;2026-05-06 13:29:00;;Reunião Deliberativa;A - Deliberação das indicações às programações da LOA 2026 orindas de emendas.;Anexo II, Plenário 10
81922;https://dadosabertos.camara.leg.br/api/v2/eventos/81922;2026-05-06 13:19:15;2026-05-06 14:11:06;Reunião Técnica;Participantes Convidadas: THAÍSA MAGALHÃES Secretária da Mulher Trabalhadora da CUT-DF MARIA DAS GRAÇAS DOS SANTOS Secretária de Política para as Mulheres da Federação Nacional das Trabalhadoras Domésticas - Fenatrad GENY HELENA BARROSO MARQUES Procuradora do Trabalho EDIANE MARIA Deputada Estadual e Coordenação do Movimento dos Trabalhadores Sem Teto Requerimento nº 3/2026, de autoria das Deputadas Erika Hilton, Laura Carneiro, Delegada Adriana Accorsi e Socorro Neri.;Anexo II, Plenário 14
81841;https://dadosabertos.camara.leg.br/api/v2/eventos/81841;2026-05-06 13:05:16;2026-05-06 13:08:14;Reunião Deliberativa;A - 2ª Deliberação das indicações às programações da LOA 2026 oriundas de emendas;Anexo II, Plenário 06
81926;https://dadosabertos.camara.leg.br/api/v2/eventos/81926;2026-05-06 13:00:00;2026-05-06 13:09:17;Reunião Deliberativa;Discussão e votação de propostas legislativas;Anexo II, Plenário 12
81878;https://dadosabertos.camara.leg.br/api/v2/eventos/81878;2026-05-06 11:22:24;2026-05-06 11:37:56;Reunião Deliberativa;- Deliberação das indicações às programações da LOA 2026 oriundas de emendas;Anexo II, Plenário 07
81848;https://dadosabertos.camara.leg.br/api/v2/eventos/81848;2026-05-06 11:03:43;2026-05-06 11:37:43;Reunião Deliberativa;Discussão e votação de propostas legislativas;Anexo II, Plenário 14
81868;https://dadosabertos.camara.leg.br/api/v2/eventos/81868;2026-05-06 10:52:53;2026-05-06 13:15:06;Reunião Deliberativa;Discussão e votação de propostas legislativas;Anexo II, Plenário 01
81838;https://dadosabertos.camara.leg.br/api/v2/eventos/81838;2026-05-06 10:51:12;2026-05-06 11:15:49;Reunião Deliberativa;Discussão e votação de propostas legislativas.;Anexo II, Plenário 08
81845;https://dadosabertos.camara.leg.br/api/v2/eventos/81845;2026-05-06 10:38:32;2026-05-06 11:07:32;Reunião Deliberativa;Discussão e votação de proposições;Anexo II, Plenário 06
81587;https://dadosabertos.camara.leg.br/api/v2/eventos/81587;2026-05-06 10:34:00;2026-05-06 12:41:00;Sessão Não Deliberativa Solene;Homenagem aos 200 anos da Câmara dos Deputados;Plenário da Câmara dos Deputados
81850;https://dadosabertos.camara.leg.br/api/v2/eventos/81850;2026-05-06 10:28:46;2026-05-06 11:49:18;Reunião Deliberativa;Discussão e votação de propostas legislativas;Anexo II, Plenário 12
81847;https://dadosabertos.camara.leg.br/api/v2/eventos/81847;2026-05-06 10:27:15;2026-05-06 10:30:27;Reunião Deliberativa;A - Deliberação das indicações às programações da LOA 2026 oriundas de emendas:;Anexo II, Plenário 16
81862;https://dadosabertos.camara.leg.br/api/v2/eventos/81862;2026-05-06 10:12:40;2026-05-06 11:52:21;Reunião Deliberativa;Discussão e votação de propostas legislativas;Anexo II, Plenário 10
81904;https://dadosabertos.camara.leg.br/api/v2/eventos/81904;2026-05-06 10:12:38;2026-05-06 10:22:52;Reunião Deliberativa;Deliberação das indicações às programações da LOA 2026 oriundas de emendas;Anexo II, Plenário 15
81567;https://dadosabertos.camara.leg.br/api/v2/eventos/81567;2026-05-06 10:10:58;2026-05-06 10:18:57;Reunião Deliberativa;Discussão e votação de propostas legislativas.;Anexo II, Plenário 09
81857;https://dadosabertos.camara.leg.br/api/v2/eventos/81857;2026-05-06 10:09:14;2026-05-06 11:01:49;Reunião Deliberativa;Discussão e votação de propostas legislativas;Anexo II, Plenário 04
81843;https://dadosabertos.camara.leg.br/api/v2/eventos/81843;2026-05-06 10:00:00;;Reunião Deliberativa;Discussão e votação de propostas legislativas;Anexo II, Plenário 05
81936;https://dadosabertos.camara.leg.br/api/v2/eventos/81936;2026-05-06 09:59:39;2026-05-06 10:34:13;Reunião de Eleição;Eleição de Vice-Presidentes;Anexo II, Plenário 06
81896;https://dadosabertos.camara.leg.br/api/v2/eventos/81896;2026-05-06 09:55:00;2026-05-06 11:15:00;Visita Oficial;Objetivo da Visita : fortalecer os laços entre a União Europeia e o Brasil, com destaque para as relações comerciais e o multilateralismo Delegação: - Hélder Sousa Silva (Partido Popular Europeu, Portugal), presidente da delegação do Parlamento Europeu para as Relações com o Brasil - Reinhold Lopatka (Partido Popular Europeu, Áustria) - Jacek Protas (Partido Popular Europeu, Polônia) - Evelyn Regner (Socialistas & Democratas, Áustria) - Nicolás González Casares (Socialistas e Democratas, Espanha) - Elio Di Rupo (Socialistas e Democratas, Bélgica) - Valérie Deloge (Patriotas pela Europa, França) - Michele Picaro (Conservadores e Reformistas Europeus, Itália) - Urmas Paet (Renovar, Estónia) - Gabriel Mato (Partido Popular Europeu, Espanha);
81861;https://dadosabertos.camara.leg.br/api/v2/eventos/81861;2026-05-06 09:30:00;2026-05-06 10:03:00;Mesa Redonda;Discussão da pauta e assunto internos;
81909;https://dadosabertos.camara.leg.br/api/v2/eventos/81909;2026-05-06 09:30:00;;Reunião Deliberativa;Discussão e votação de propostas legislativas;Anexo II, Plenário 13
81895;https://dadosabertos.camara.leg.br/api/v2/eventos/81895;2026-05-06 11:31:42;2026-05-06 13:06:30;Reunião Deliberativa;Discussão e votação de propostas legislativas;Anexo II, Plenário 03
81442;https://dadosabertos.camara.leg.br/api/v2/eventos/81442;2026-05-06 09:23:50;2026-05-06 12:29:05;Seminário;"(REQ 1/2026 CVT do deputado Gilberto Abramo). XXV Seminário Brasileiro do Transporte Rodoviário de Cargas Mesa de Abertura . Deputado CLÁUDIO CAJADO - Presidente da Comissão de Viação e Transportes (Confirmado) . ANDERSON LESSA - Diretor de Programa do Ministério dos Transportes (Confirmado) . JOSÉ AIRES AMARAL FILHO - Superintendente de Serviços de Transporte Rodoviário e Multimodal de Cargas da Agência Nacional de Transportes Terrestres - ( ANTT ); (Confirmado) . EDUARDO F. REBUZZI - Presidente da Associação Nacional do Transporte de Cargas & Logística - NTC&Logística (Confirmado) . VANDER COSTA - Presidente do Sistema Transporte (Confirmado) 1º PAINEL - 10h às 11h SEGURO NO TRANSPORTE RODOVIÁRIO DE CARGAS: A APLICAÇÃO DA 14.599/2023 NA PRÁTICA - INSEGURANÇA JURÍDICA, CONFLITOS INTERPRETATIVOS E SEUS REFLEXOS PARA OS TRANSPORTADORES. Presidente da Mesa: . Deputado CLÁUDIO CAJADO - Presidente da Comissão de Viação e Transportes (Confirmado) Coordenador: . EDUARDO F. REBUZZI - Presidente da NTC&Logística (Confirmado); Palestrantes Convidados: . JOSÉ AIRES AMARAL FILHO - Superintendente de Serviços de Transporte Rodoviário e Multimodal de Cargas da Agência Nacional de Transportes Terrestres - ANTT (Confirmado) . MARCOS SIQUEIRA- Presidente da Comissão de Transportes da Federação Nacional de Seguros Gerais - FenSeg; (Confirmado) . MARCOS AURÉLIO RIBEIRO - Diretor Jurídico da NTC&Logística; (Confirmado) 2º PAINEL - 11h às 12h LEI DO PISO MÍNIMO DE FRETE 13.703/2018: ENTRE A REGULAÇÃO E A REALIDADE DO TRC - ANÁLISE DAS DISTORÇÕES INTERPRETATIVAS, ENTRAVES JURÍDICOS E SEUS REFLEXOS NO MERCADO. Presidente da Mesa . Deputado CLÁUDIO CAJADO - Presidente da Comissão de Viação e Transportes (Confirmado) Coordenador: . EDUARDO F. REBUZZI - Presidente da NTC&Logística (Confirmado) Palestrantes Convidados: . JOSÉ AIRES AMARAL FILHO - Superintendente de Serviços de Transporte Rodoviário e Multimodal de Cargas da Agência Nacional de Transportes Terrestres - ANTT (Confirmado) . LUÍS HENRIQUE TEIXEIRA BALDEZ - Presidente da Associação Nacional dos Usuários do Transporte de Cargas - ANUT (Confirmado) . PAULA BOGOSSIAN - Analista de Políticas e Indústria da Confederação Nacional da Indústria - CNI (Confirmada) . RODRIGO DE OLIVEIRA KAUFMANN - Consultor Jurídico da Confederação Nacional da Agricultura e Pecuária do Brasil - CNA (Confirmado) 12h - ENCERRAMENTO";Auditório Nereu Ramos
81927;https://dadosabertos.camara.leg.br/api/v2/eventos/81927;2026-05-06 08:30:00;2026-05-06 09:58:00;Mesa Redonda;Reunião de articulação política, discussão da pauta e assuntos de interesse da Comissão;
81684;https://dadosabertos.camara.leg.br/api/v2/eventos/81684;2026-05-06 08:30:00;;Outro Evento;"(REQ 11/2026 CDE, do deputado Jadyel Alencar) Programação do evento: Abertura 1) Deputado Jadyel Alencar, Presidente da Comissão de Desenvolvimento Econômico -CDE; 2) Senador Alessandro Vieira; 3) Sr. Demi Getschko, Presidente do Núcleo de Informação e Coordenação do Ponto BR - NIC.br; 4) Sra.Renata Mielli, Coordenadora do Comitê Gestor da Internet no Brasil - CGI.br. Painel I: Princípios e diretrizes para a regulação econômica e concorrencial de redes sociais Moderador: Henrique Faulhaber, Conselheiro CGI.br Painelistas: 1) Camila Leite, Pesquisadora da Universidade de São Paulo (USP); 2) Carla Rodrigues, Coordenadora da Data Privacy; 3) Sérgio Alves, Gerente de Políticas Públicas da Associação Latino-Americana de Internet - ALAI; 4) Ana Maria Melo, Secretária-Adjunta de Reformas Econômicas do Ministério da Fazenda - MF 5) Deputado Aliel Machado, Relator do PL nº. 4.675/2025. Painel II: Princípios e diretrizes para regulação de redes sociais: abordagem baseada em direitos Moderador: Rafael Evangelista, Conselheiro CGI.br. Painelistas: 1) Bia Barbosa, Coordenadora de Incidência da América Latina do Reporter Sem-Fronteiras; 2) Rodolfo Salema , Diretor de Assuntos Legais e Regulatórios da Abert; 3) Laura Schertel, Diretora de Pós-Gradução e Pesquisa do Instituto Brasileiro de Ensino, Desenvolvimento e Pesquisa - IDP; 4) Victor Fernandes, Secretário Nacional de Direitos Digitais, do Ministério da Justiça e Segurança Pública - MJSP; 5) Deputada Any Ortiz, Relatora do PL nº. 2.768/2020 sobre Mercados Digitais.";Anexo II, Plenário 02
81855;https://dadosabertos.camara.leg.br/api/v2/eventos/81855;2026-05-06 08:00:00;2026-05-06 10:28:00;Mesa Redonda;Discussão da pauta e outros assuntos atinentes à Comissão;
82114;https://dadosabertos.camara.leg.br/api/v2/eventos/82114;2026-05-05 17:00:00;2026-05-05 21:00:00;Outro Evento;1° Congresso de Segurança Pública e Direitos Humanos;
81705;https://dadosabertos.camara.leg.br/api/v2/eventos/81705;2026-05-05 16:37:27;2026-05-05 18:05:02;Audiência Pública;(REQ 5/2026 CASP, da Deputada Sâmia Bomfim) 1) ANDRÉ GUARAGNA MARCONDES (Confirmado) Secretário Geral Sindicado Nacional dos Auditores Fiscais Federais Agropecuários - ANFFA Sindical 2) CLAUDIO PIRES FERREIRA (Confirmado) Presidente Fórum Nacional das Entidades Civis em Defesa do Consumidor - FNECDC 3) CLEBER OLIVEIRA SOARES (Não comparecerá) Secretário-Executivo Ministério de Agricultura e Pecuária - MAPA 4) FABIO ALEXANDRE ROSA RODRIGUES (Não comparecerá) Secretário-Executivo Adjunto Ministério da Agricultura e Pecuária - MAPA 5) LUIZ ALBERTO DOS SANTOS (Confirmado) Consultor Legislativo Diálogo Institucional Assessoria e Análises de Políticas Públicas 6) MARINA LEMES (Confirmada) Gerente de Projetos Animal Equality;Anexo II, Plenário 08
81873;https://dadosabertos.camara.leg.br/api/v2/eventos/81873;2026-05-05 15:47:16;2026-05-05 17:44:48;Audiência Pública e Deliberação;"A - Audiência Pública Tema: Riscos sanitários relacionados ao consumo de produtos submetidos à vigilância sanitária objetos de falsificação, fraude, pirataria e contrabando. Convidados: JORDANA SALDANHA, Diretora-Executiva da Associação Brasileira das Indústrias de Produtos de Higiene, Limpeza e Saneantes de Uso Doméstico e de Uso Profissional - ABIPLA (confirmada); NELSON MUSSOLINI, Presidente-Executivo do Sindicato da Indústria de Produtos Farmacêuticos - SINDUSFARMA (confirmado); JULIO CÉSAR CASTELO BRANCO REIS MOREIRA, Presidente do Instituto Nacional da Propriedade Industrial - INPI (confirmado); EDSON VISMONA, Presidente Executivo do Fórum Nacional Contra a Pirataria e a Ilegalidade - FNCP (confirmado); RENATO PORTO, Presidente Executivo da Associação da Indústria Farmacêutica de Pesquisa - INTERFARMA (confirmado); REGINALDO BRAGA ARCURI, Presidente-Executivo do Grupo FarmaBrasil (confirmado); e EDMILSON ALVES, Diretor Executivo da Associação Brasileira da Indústria do Fumo - ABIFUMO (confirmado). (Requerimento nº 2/2026, do Dep. Julio Lopes) (Requerimento nº 17/2026, do Dep. Julio Lopes) (Requerimento nº 19/2026, do Dep. Julio Lopes) B - Deliberação de Requerimentos (estão sujeitos a pauta os requerimentos apresentados até 24h antes do horário da reunião):";Anexo II, Plenário 07
81702;https://dadosabertos.camara.leg.br/api/v2/eventos/81702;2026-05-05 15:44:00;2026-05-05 16:44:00;Sessão Não Deliberativa Solene;Promulgação da Emenda Constitucional nº 139, de 2026;Plenário do Senado Federal
81894;https://dadosabertos.camara.leg.br/api/v2/eventos/81894;2026-05-05 15:20:21;2026-05-05 16:06:34;Reunião;"A - Instalação dos trabalhos do GT; e B - Apresentação do Plano de Trabalho da Coordenadora, Dep. Tabata Amaral.";Anexo II, Plenário 03
81803;https://dadosabertos.camara.leg.br/api/v2/eventos/81803;2026-05-05 15:19:36;2026-05-05 15:38:58;Reunião Deliberativa;Discussão e votação de propostas legislativas;Anexo II, Plenário 05
81867;https://dadosabertos.camara.leg.br/api/v2/eventos/81867;2026-05-05 15:22:49;2026-05-05 17:04:15;Reunião Deliberativa;Discussão e votação de propostas legislativas;Anexo II, Plenário 01
81915;https://dadosabertos.camara.leg.br/api/v2/eventos/81915;2026-05-05 14:56:11;2026-05-05 15:10:55;Reunião Deliberativa;Discussão e votação de propostas legislativas;Anexo II, Plenário 08
81836;https://dadosabertos.camara.leg.br/api/v2/eventos/81836;2026-05-05 14:52:33;2026-05-05 16:35:04;Reunião Deliberativa;Discussão e votação de propostas legislativas;Anexo II, Plenário 06
81414;https://dadosabertos.camara.leg.br/api/v2/eventos/81414;2026-05-05 14:32:24;2026-05-05 16:59:39;Audiência Pública;"REQ 7/2026 CDC Dep. Paulo Pimenta; e REQ 11/2026 CDC, Dep. Carlos Sampaio CONVIDADOS Mauro Cruzeiro - CONFIRMADO PRESENCIAL Coordenador-Geral de Consultoria Técnica e Sanções Administrativas da Secretário Nacional do Consumidor do Ministério da Justiça - Senacon; Cristiane Collet Battiston - CONFIRMADO PRESENCIAL Diretora da Agência Nacional de Águas e Saneamento Básico - ANA; Cesar Faccioli - CONFIRMADO PRESENCIAL Diretor de Relações Institucionais da CORSAN - Aegea Saneamento e Participacoes S.A.; Lucas Salomón da Silva Fuhr - CONFIRMADO REMOTO Conselheiro-Presidente Substituto da Agencia Estadual de Regulacao dos Servicos Publicos Delegados do Rio Grande do Sul - Agergs; Matheus Junges - CONFIRMADO PRESENCIAL Presidente da Associacao Gaucha dos Consumidores de Agua, Esgoto e Energia; Ivone Ferraz Teixeira - CONFIRMADA PRESENCIAL Presidente do Sindicato dos Hotéis, Restaurantes, Bares e Similares do Litoral Norte e Região de Osório/RS - SHRBS-LN, representando a Confederação Nacional do Comércio de Bens, Serviços e Turismo - CNC Felipe Cascaes Sabin Bresciani - CONFIRMADO PRESENCIAL Diretor Jurídico e Legislativo da Associação Brasileira das Empresas de Saneamento ABCON SINDCON";Anexo II, Plenário 10
81891;https://dadosabertos.camara.leg.br/api/v2/eventos/81891;2026-05-05 14:31:23;2026-05-05 17:05:35;Reunião Deliberativa;"A - Apresentação do Plano de Trabalho do Relator, Dep. Leo Prates; B - Deliberação de Requerimentos:";Anexo II, Plenário 02
81871;https://dadosabertos.camara.leg.br/api/v2/eventos/81871;2026-05-05 14:21:39;2026-05-05 15:44:43;Audiência Pública e Deliberação;"A - Audiência Pública Tema: Direitos e Garantias - Infância, Infanto-juvenil e Adultos. Convidados: RENATA TIBYRIÇÁ, coordenadora da Comissão dos Direitos das Pessoas com Deficiência da ANADEP (Vídeoconferência); EDUARDO VALADARES DE BRITO, Defensor Público Federal, Representante da Defensoria Pública da União - DPU Requerimentos nºs 24 e 25, de autoria do Deputado Orlando Silva B - Deliberação de Requerimentos:";Anexo II, Plenário 09
81666;https://dadosabertos.camara.leg.br/api/v2/eventos/81666;2026-05-05 14:16:01;2026-05-05 16:32:21;Audiência Pública;"Convidados: 1) Walter da Silva Jorge João, Presidente do Conselho Federal de Farmácia - CFF (confirmado) 2) Fábio Basílio, Presidente da Federação Nacional dos Farmacêuticos - Fenafar (confirmado) 3) Laura Schertel, consultora da Associação Brasileira de Redes de Farmácias e Drogarias - Abrafarma (confirmada) 4) Marcelo Fernandes de Queiroz, Coordenador da Câmara Brasileira de Produtos Farmacêuticos da Confederação Nacional do Comércio - CNC (confirmado) 5) Midya Souza, Analista técnica em saúde da Confederação Nacional dos Municípios - CNM (confirmada) 6) Rafael Oliveira Espinhel, Presidente da Associação Brasileira do Comércio Farmacêutico - ABCFarma (confirmado) 7) Associação Nacional de Farmacêuticos Magistrais - Anfarmag 8) Livia Angeli Silva, Coordenadora-Geral de Políticas Remuneratórias e Planejamento da Força de Trabalho na Saúde do Ministério da Saúde (confirmada) (REQ 6/2026 CFT, do deputado Hildo Rocha; REQ 7/2026 CFT, da deputada Laura Carneiro)";Anexo II, Plenário 04
81662;https://dadosabertos.camara.leg.br/api/v2/eventos/81662;2026-05-05 14:09:34;2026-05-05 16:46:03;Audiência Pública e Deliberação;"REQ nº 6/2026, de autoria da Deputada Dilvanda Faro. Convidados: ANDRÉ LUIZ PORRECA FERREIRA CUNHA - presença confirmada Procuradoria da República no Estado do Amazonas - Ministério Público Federal - MPF EDUARDO SIDNEY SERRA FILHO - presença confirmada GT ""Trabalho Decente na Mineração"" e Fórum Paraense de Combate aos Impactos da Contaminação Mercurial na Bacia do Tapajós - Ministério Público do Trabalho - MPT PAULO CESAR BASTA - presença confirmada Fundação Oswaldo Cruz - Fiocruz KLEBER KARIPUNA - presença confirmada Articulação dos Povos Indígenas do Brasil - APIB MAIAL PAIAKAN KAIAPÓ - presença confirmada Aliança em Defesa dos Territórios DÉCIO YOKOTA - presença confirmada Instituto de Pesquisa e Formação Indígena - IEPÉ RODRIGO AGRA BALBUENO - presença confirmada WWF Brasil ESTÊVÃO BENFICA SENRA - presença confirmada Instituto Socioambiental - ISA MARCEL GOMES - presença confirmada Repórter Brasil GABRIELA DE PAULA - presença confirmada Universidade Federal do Pará";Anexo II, Plenário 12
81917;https://dadosabertos.camara.leg.br/api/v2/eventos/81917;2026-05-05 14:00:00;;Reunião Técnica;- Reunião interna com membros do Grupo de Trabalho;Anexo II, Ala B, Sala 173B, Superior (COTEM)
81901;https://dadosabertos.camara.leg.br/api/v2/eventos/81901;2026-05-05 14:08:00;2026-05-05 20:05:00;Sessão Deliberativa;Sessão Deliberativa Extraordinária Presencial (AM nº 123/2020);Plenário da Câmara dos Deputados
81802;https://dadosabertos.camara.leg.br/api/v2/eventos/81802;2026-05-05 13:09:13;2026-05-05 13:23:00;Reunião Deliberativa;Discussão e votação de propostas legislativas;Anexo II, Plenário 13
81842;https://dadosabertos.camara.leg.br/api/v2/eventos/81842;2026-05-05 21:24:24;2026-05-05 22:29:57;Reunião Deliberativa;PAUTA SUJEITA A ALTERAÇÕES 1- Representação nº 24/25 e apensadas (Representações nº 25/25 e 27/25), em desfavor dos Deputados Marcos Pollon, Marcel van Hattem e Zé Trovão, respectivamente - Defesa dos representados, discussão e votação do Parecer Final do Relator, Deputado Moses Rodrigues. 2- Representação nº 26/25, em desfavor do Deputado Marcos Pollon - Defesa do representado, discussão e votação do Parecer Final do Relator, Deputado Ricardo Maia.;Anexo II, Plenário 11
81912;https://dadosabertos.camara.leg.br/api/v2/eventos/81912;2026-05-05 13:14:42;2026-05-05 14:32:50;Audiência Pública;"Requerimento nº 144/2026 de autoria do Deputado Federal Coronel Meira (PL/PE) Requer a realização de audiência pública, no âmbito da Subcomissão de Fiscalização e Direitos dos Presos do 8 de Janeiro – SUB8J, com a finalidade de ouvir novos depoimentos relacionados às violações de direitos humanos praticadas contra os presos do 8 de janeiro. CONVIDADOS: SEBASTIÃO COELHO Desembargador Aposentado e Advogado de Presos Políticos do 08 de janeiro; LUIZA CUNHA (confirmada) Familiar de Preso Político do 08 de janeiro; EVANDRO BRASILEIRO (confirmado) Familiar de Preso Político do 08 de janeiro; ROBERTO POZZATTI (confirmado) Advogado de Presos Políticos do 08 de janeiro; MARIANE NAIME (confirmada) Familiar de Preso Político do 08 de janeiro; HÉLIO JUNIOR (confirmado) Advogado de Presos Políticos do 08 de janeiro;";Anexo II, Plenário 06
81799;https://dadosabertos.camara.leg.br/api/v2/eventos/81799;2026-05-05 10:46:31;2026-05-05 12:30:55;Audiência Pública;"Requerimento n. 36/2026 Autora: Dep. Erika Kokay Convidados: Mayara Santos - Coordenadora-Geral de Prevenção da Secretária Nacional de Políticas sobre Drogas e Gestão de Ativos do Ministério da Justiça; Letícia de Oliveira Cardoso - Diretora do Departamento de Análise Epidemiológica e Vigilância de Doenças Não Transmissíveis do Ministério da Saúde; Laura Cury - Coordenadora do Projeto do Álcool da ACT Promoção da Saúde; Luciana Sardinha - Gerente de DCNT da Vital Strategies; Vera Luiza da Costa e Silva - Secretária-Executiva da Comissão Nacional para Implementação da Convenção-Quadro sobre Controle do Uso do Tabaco (Conicq); Socorro Gross Cristian Morales - Representante da OPAS no Brasil; Grazi Santoro - Presidente da Associação Alcoolismo Feminino.";Anexo II, Plenário 12
81763;https://dadosabertos.camara.leg.br/api/v2/eventos/81763;2026-05-05 10:42:59;2026-05-05 12:29:27;Audiência Pública;Req. 14/2026 - Dep. Reginaldo Veras 1) ADRIANA MARIA DA CONCEIÇÃO (Confirmada) Auxiliar de Enfermagem do HFA e Representante Sindicato dos Servidores Públicos Federais no Df - SINDSEP-DF 2) ESTHER DWECK (a Confirmar) Ministra Ministério de Gestão e Inovação 3) EVANDRO FRANCISCO FAULIN (Confirmado) Especialista Hospital das Força Armadas - HFA 4) FÁBIO FELIPE SILVA (Confirmado) Chefe da Divisão de Recursos Humanos Hospital das Força Armadas - HFA 5) FERNANDA VILELA DE MELO (Confirmada) Empregada Pública Hospital das Força Armadas 6) HUGO JOSÉ BASTOS PINHEIRO (Confirmado) Técnico em Atividades Hospitalares Hospital das Força Armadas - HFA 7) ILDO LOURENÇO (Confirmado) Empregado Público Hospital das Força Armadas - HFA;Anexo II, Plenário 02
81683;https://dadosabertos.camara.leg.br/api/v2/eventos/81683;2026-05-05 10:25:10;2026-05-05 12:41:11;Audiência Pública;"REQ. 14/2026 CSAUDE, do Deputado Giovani Cherini (PL/RS) Convidados confirmados: - Jordana Tres dos Santos (participação presencial) Bióloga, especialista em Acupuntura e Fitoterapia, Mestre em Qualidade Ambiental; - Nadia Regina Gindri Mileto (participação virtual) Psicóloga, especialista em Saúde Pública, Humanização do Sus, Saúde Mental, Promotora das Práticas Integrativas e Educação Popular em Saúde; - Marta Helena Chielle Roani (participação virtual) Graduada e pós graduada em Naturopatia Clínica e Científica pela Escola Superior de Ciências Tradicionais e Ambientais (ESCAM) e pela Faculdade Montenegro Ibicaraí/BA; - Marcelo Mascarenhas (participação virtual) Farmacêutico Bioquímico Integrativo. PhD em Psiquiatria, Doutor em Ciências Cardiovasculares e Cardiologia (UFRGS) e Mestre Bioquímica (UFRGS); - Ricardo Monezi (participação virtual) Pós-doutorado e doutorado pela Universidade Federal de São Paulo. Coordenador das Práticas Integrativas e Complementares em Oncologia do A.C.Camargo Cancer Center - São Paulo; - Taitiane Teixeira (participação virtual) Fisioterapeuta, com pós-graduação em acupuntura pela Associação Brasileira de Acupuntura e especialista em diversas terapias integrativas e complementares. Responsável técnica pela execução das Práticas Integrativas e Complementares no município de Vale Verde (RS) pelo SUS; - Talita Pavarini Borges de Souza (participação virtual) Coordenadora da Câmara Técnica dePráticas Integrativas e Complementares em Saúde - CTPICS, do Conselho Federal de Enfermagem; - Angela Fernandes Leal da Silva (participação presencial) Diretora do Departamento de Promoção da Saúde do Ministério da Saúde.";Anexo II, Plenário 07
81823;https://dadosabertos.camara.leg.br/api/v2/eventos/81823;2026-05-05 10:22:14;2026-05-05 12:35:39;Seminário;"Convidados: . VALDO RIBEIRO RESENDE DA NOBREGA, do Ministério da Cultura; e PATRÍCIA LUZIA FERREIRA REZENDE, do Ministério da Educação; ambos Conselheiros Titulares do Conselho Nacional dos Direitos da Pessoa com Deficiência - CONADE; (Confirmados) . HELOISA SALLES, professora da Universidade de Brasília - UnB, especialista em Linguística; (Confirmada) . RODRIGO ROSSO MARQUES, Chefe do Departamento de Libras da Universidade Federal de Santa Catarina - UFSC; (Confirmado) . SIMONE ROCHA, representante de Movimentos CODA - ""Children of Deaf Adults""; docente da Universidade de Uberaba - UNIUBE; e tradutora intérprete do par linguístico libras/português; (Confirmada) . LENILDO LIMA DE SOUZA, presidente da Federação Brasileira das Associações dos Profissionais Tradutores e Intérpretes e Guia-Intérpretes de Língua de Sinais - FEBRAPILS; (Confirmado) . ANTONIO CAMPOS DE ABREU, presidente da Federação Nacional de Educação e Integração dos Surdos - FENEIS; (Confirmado) . SHIRLEY VILHALVA, indígena Surda, escritora, professora e pesquisadora da Universidade Federal de Mato Grosso do Sul - UFMS; (Confirmada) . GLÁUCIO CASTRO JÚNIOR, professor Surdo e coordenador do Núcleo de Ensino de Libras (UnBLibras) da Universidade de Brasília - UnB; (Confirmado) . ISRAEL FERREIRA SOUSA, professor Surdo e mestrando em Linguística pela Universidade de Brasília - UnB; (Confirmado) . ADENILSON IDALINO DE SOUSA, Diretor do Departamento de Políticas para a Pessoa com Deficiência do Ministério dos Direitos Humanos e da Cidadania - MDHC. (Não participará) Em atendimento ao Requerimento nº 20/2026-CPD, de autoria do Deputado Rodrigo Rollemberg.";Anexo II, Plenário 13
81276;https://dadosabertos.camara.leg.br/api/v2/eventos/81276;2026-05-05 10:18:00;2026-05-05 11:25:00;Sessão Não Deliberativa Solene;Comemoração dos 70 anos da indústria automotiva no Brasil;Plenário do Senado Federal
81827;https://dadosabertos.camara.leg.br/api/v2/eventos/81827;2026-05-05 10:17:22;2026-05-05 13:06:18;Audiência Pública;"Requerimento nº 90/2026 de autoria do Deputado Federal Rodrigo da Zaeli - PL/MT Requer a realização de Audiência Pública para discutir temas envolvendo os Colecionadores, Atiradores Desportivos e Caçadores (CACs). CONVIDADOS: MARCOS POLLON (confirmado) Deputado Federal (PL/MT) e Representante do Pro Armas Brasil. Cel PTTC PAULO TEIXEIRA JUNIOR (confirmado) Representando a Diretoria de Fiscalização de Produtos Controlados do Exército Brasileiro - DFPC Cel SANT'ANNA (confirmado) Coronel da PMDF e proprietário de Clube de Tiro WELLINGTON CLAY PORCINO SILVA, Delegado de Polícia Federal (confirmado) Coordenador-Geral de Controle de Armas de Fogo - CGARM/DPA/PF JOSÉ LUIZ DE SANCTS (confirmado) Presidente da Associação Nacional de Atiradores Esportivos, Caçadores e Colecionadores - ANACAC; Dr. BERETTA (confirmado) Advogado Especialista na Legislação Armamentista e de Porte Federal de Armas de Fogo; MARCELO DANFENBACK (confirmado) Presidente da Liga Nacional de Atiradores Desportivos - LINADE; MARDQUEU SILVIO FRANÇA FILHO (confirmado) Samurai Caçador e Advogado RODRIGO CORREIA MOREIRA (confirmado) Instrutor de Armamentos de Tiro Representante do Ministério da Justiça e Segurança Pública;";Anexo II, Plenário 06
81907;https://dadosabertos.camara.leg.br/api/v2/eventos/81907;2026-05-05 10:15:00;2026-05-05 12:07:00;Audiência Pública;Convidados: 1) MARCUS PESTANA | Diretor | Instituto Fiscal Independente do Senado Federal (IFI) 2) RAUL SANTOS | Consultoria Legislativa (Conle) da Câmara dos Deputados 3) EUGÊNIO GREGGIANIN | Consultoria de Orçamento e Fiscalização Financeira da Câmara dos Deputados (Conof) 4) GIORDANO RONCONI | Consultoria de Orçamento e Fiscalização Financeira da Câmara dos Deputados (Conof) (Em atendimento ao Requerimento nº 59, de 2026, de iniciativa do Dep. Jorge Solla | PT-BA | relator do PAFC 2026);Anexo II, Plenário 09
81730;https://dadosabertos.camara.leg.br/api/v2/eventos/81730;2026-05-05 09:53:58;2026-05-05 11:05:14;Audiência Pública;Requerimento nº 5/2026, do Deputado Gilson Daniel (PODE-ES) Convidados: CORONEL ALEXANDRE CERQUEIRA (presença confirmada - remota) Comandante-Geral do Corpo de Bombeiros Militar do Espírito Santo (CBMES/ES), representando o Conselho Nacional de Comandantes-Gerais (LIGABOM) TENENTE-CORONEL BM MARCELINO (presença confirmada - remota) Coordenador Estadual Adjunto de Defesa Civil de Minas Gerais (Cedec/MG) TC FABIANO LEANDRO DOS SANTOS (presença confirmada - remota) Corpo de Bombeiros Militar de Santa Catarina (CBM/SC) EDSON LUIZ VISMONA (presença confirmada - remota) Presidente do Conselho Deliberativo da Associação Brasileira de Ouvidores (ABO) Não comparecerão: Giselli Ballestrassi Ouvidora-Geral do Estado do Espírito Santo (Representando as ouvidorias estaduais da região) e Sebastião Carlos Ranna Conselheiro Ouvidor do Tribunal de Contas do Espírito Santo (TCE/ES);Anexo II, Plenário 15
81489;https://dadosabertos.camara.leg.br/api/v2/eventos/81489;2026-05-05 09:25:00;2026-05-05 11:16:00;Sessão Não Deliberativa Solene;Homenagem ao Dia Internacional do Trabalho;Plenário da Câmara dos Deputados
81900;https://dadosabertos.camara.leg.br/api/v2/eventos/81900;2026-05-04 18:38:00;2026-05-04 19:22:00;Sessão Deliberativa;Sessão Deliberativa Extraordinária Semipresencial (AM nº 123/2020);Plenário da Câmara dos Deputados
81920;https://dadosabertos.camara.leg.br/api/v2/eventos/81920;2026-05-04 18:33:36;2026-05-05 08:44:55;Outro Evento;Apresentação do Parecer - PL 2.780/2024 - Minerais Críticos e Estratégicos;Anexo II, Plenário 14
81749;https://dadosabertos.camara.leg.br/api/v2/eventos/81749;2026-05-04 08:30:00;2026-05-04 11:53:00;Seminário;Seminário Estadual da Comissão Especial sobre FPM e Fundos Consitucionais Sul/Sudeste PEC 231/19 Tema: Efeitos da PEC 231/19 para os efeitos produtivos do Rio Grande do Sul Local: Salão de Convenções da FIERGS Endereço: Av. Assis Brasil, 8787 - Porto Alegre/RS Coordenação: DEPUTADO FEDERAL Pompeo de Mattos, 1º Vice-Presidente da Comissão Especial sobre o FPM e Fudos Constitucionais Sul/Sudeste PEC 231/19 Convidados: DEPUTADO FEDERAL AFONSO HAMM, 2º Vice-Presidente da Comissão Especial sobre o FPM e os Fundos Constitucionais (PEC 231/19) DEPUTADO ESTADUAL SÉRGIO PERES ALÓS, Presidente da Assembleia Legislativa do Rio Grande do Sul GOVERNADOR EDUARDO LEITE VICE-GOVERNADOR GABRIEL SOUZA SECRETÁRIA PRICILLA MARIA SANTANA, Secretaria da Fazenda SECRETÁRIO LEANDRO EVALDT, Secretaria de Desenvolvimento SECRETÁRIO RANOLFO VIEIRA JÚNIOR, Secretaria da Casa Civil CLÁUDIO BIER, Federação das Indústrias do Estado do Rio Grande do Sul (FIERGS) DOMINGO VELHO LOPES, Federação da Agricultura do Estado do Rio Grande do Sul (FARSUL) CARLOS JOEL DA SILVA, Presidente da Federação dos Trabalhadores na Agricultura no Rio Grande do Sul (FETAG-RS) LUIZ CARLOS BOHN, FECOMÉRCIO RODRIGO SOUSA COSTA, FEDERASUL CARLOS KLEIN, CDL Porto Alegre SUZANA VELLINHO ENGLERT, Associação Comercial de Porto Alegre (ACPA) IVONEI PIONER, Federação Varejista do RS FRANCISCO JOSÉ SOARES HORBE, METROPLAN LUCAS BALDISSEROTTO, CIEE-RS LINDONOR PERUZZO JUNIOR, Associação Gaúcha de Supermercados (AGAS) ARLEI ROMEIRO, Associação dos Empresários do 4º Distrito de Porto Alegre LEONARDO VOGEL DORNELES, Associação Brasileira de Bares e Restaurantes (ABRASEL-RS) FAUSTON GUSTAVO SARAIVA, ACI - NH/CB/EV/DI/IV ADRIANA PERIM OLIVEIRA, FAMURS JOSÉ LUIS PINHO LEITE GORDON, BNDES FERNANDO POSTAL, Banrisul TIAGO CORDEIRO DE OLIVEIRA, Caixa Econômica Federal ROBSON DIEGO FERREIRA, Badesul EDUARDO UHLEIN, Presidente do Tribunal de Justiça do Estado IRADIR PIETROSKI, Presidente do Tribunal de Contas do Estado ALEXANDRE SIKINOWSKI SALTZ, Ministério Público MARCELO TURELA DE ALMEIDA, Defensoria Pública LEONARDO LAMACHIA, OAB SEBASTIÃO MELO, Prefeito de Porto Alegre e representante da Associação Nacional dos Prefeitos (ANP;
81795;https://dadosabertos.camara.leg.br/api/v2/eventos/81795;2026-05-03 09:00:00;2026-05-03 19:00:00;Evento Técnico;Encontro da CAPADR na EXPOZEBU 2026;
81794;https://dadosabertos.camara.leg.br/api/v2/eventos/81794;2026-05-02 09:00:00;2026-05-02 19:00:00;Evento Técnico;Encontro da CAPADR na EXPOZEBU 2026;
81793;https://dadosabertos.camara.leg.br/api/v2/eventos/81793;2026-05-01 09:00:00;2026-05-01 19:00:00;Evento Técnico;Encontro na EXPOZEBU 2026;
81748;https://dadosabertos.camara.leg.br/api/v2/eventos/81748;2026-04-30 19:00:00;2026-04-30 21:00:00;Seminário;Implementação da Lei 15.326/2026, Lei Somos Todas Professoras;
81834;https://dadosabertos.camara.leg.br/api/v2/eventos/81834;2026-04-30 10:30:00;2026-04-30 12:15:00;Visita Técnica;Visita da Comissão do Esporte da Câmara dos Deputados à sede da Confederação Brasileira de Futebol (CBF) , atendendo ao Requerimento nº 19/2026, de autoria do Deputado Saulo Pedroso. Local: Avenida Luís Carlos Prestes, 130 - Barra da Tijuca, Rio de Janeiro - RJ;
81685;https://dadosabertos.camara.leg.br/api/v2/eventos/81685;2026-04-30 10:51:03;2026-04-30 12:38:27;Audiência Pública;REQ 25, 33 e 34/2026 CMADS, do deputado Delegado Matheus Laiola Convidados: LISANDREA SALVARIEGO COLABUONO - (Presença Confirmada) Chefe do Núcleo de Operações e Articulações Digitais (Noad) da Polícia Civil de São Paulo SHEYLLI CALEFFI - (Presença Confirmada) Escritora e Educadora especializada em violência online ANA PAULA DE VASCONCELOS - (Presença Confirmada) Diretora jurídica do Fórum Nacional de Proteção e Defesa Animal CARLOS AFFONSO SOUZA - (Presença Confirmada) Diretor do Instituto de Tecnologia e Sociedade do Rio de Janeiro - ITS Rio ROSANGELA GEBERA - (Presença Confirmada) Diretora de Relações Institucionais e Internacionais do Instituto Ampara Animal GUIDO ARTURO PALOMBA - (Não Comparecerá) Psiquiatra e Membro da Academia de Medicina de São Paulo;Anexo II, Plenário 02
81620;https://dadosabertos.camara.leg.br/api/v2/eventos/81620;2026-04-30 10:35:00;2026-04-30 15:37:00;Sessão Deliberativa;Deliberação do Veto nº 3/26 (Dosimetria de Penas);Plenário da Câmara dos Deputados
81792;https://dadosabertos.camara.leg.br/api/v2/eventos/81792;2026-04-30 09:00:00;2026-04-30 19:00:00;Evento Técnico;Encontro da CAPADR na EXPOZEBU 2026;
81715;https://dadosabertos.camara.leg.br/api/v2/eventos/81715;2026-04-30 09:00:00;2026-04-30 13:05:00;Seminário;SEMINÁRIO ESTADUAL DA BAHIA Tema: Alteração no Código de Trânsito Data: 30 de abril de 2026 Hora: 9h Local: Mundo Plaza ABERTURA ZÉ NETO - DEPUTADO FEDERAL E COORDENADOR DO SEMINÁRIO CONVIDADOS: *Sujeito a alterações BACELAR, Deputado Federal LÍDICE DA MATA, Deputada Federal ELISÂNGELA ARAÚJO, Suplente de Deputada Federal LUCAS ALBIANI, Chefe de Gabinete do Diretor-Geral DETRAN /BA VAGNER GOMES, Superintendente da Polícia Rodoviária Federal da BA - PRF WELLINGTON OLIVEIRA, Presidente do SINDAUTO-BA AUGUSTO NOGUEIRA SEROES, Presidente da Associação Bahiana das Clínicas De Trânsito - ABCETRAN MAURI CRUZ, Advogado e Membro do Instituto de Direitos Humanos, Econômico e Sociais IDHE BIANCA DA CRUZ OLIVEIRA, Psicóloga do Tráfego e Representante da ABRAPSIT/BA MAURÍCIO DANTAS, Especialista em trânsito ENCERRAMENTO Requerimento 22/26 (Dep .Zé Neto);
81681;https://dadosabertos.camara.leg.br/api/v2/eventos/81681;2026-04-29 16:00:00;;Audiência Pública;(Requerimento nº 20/2026/CTRAB, do Deputado Cap. Alden) CONVIDADOS REPRESENTANTE Representante do Ministério da Justiça e Segurança Pública FABRÍCIO SCHOMMER KERBER Diretor de Polícia Administrativa da Polícia Federal JODSON GOMES EDINGTON JUNIOR Presidente da Confederação Brasileira de Tiro Esportivo FABIANO MARTINS COELHO Presidente da Federação Baiana de Tiro Esportivo MARIO VIGGIANI NETO Presidente da Associação Brasileira dos Instrutores de Armamento e Tiro - GIOVANE RODRIGUES DA SILVA Instrutor de Armamento e Tiro ALIPIO JOSE CASTELO BRANCO JUNIOR Vice-Presidente de Assuntos Internacionais da Fenavist;A Definir
81801;https://dadosabertos.camara.leg.br/api/v2/eventos/81801;2026-04-29 15:39:41;2026-04-29 15:54:35;Reunião Deliberativa;Discussão e votação de propostas legislativas;Anexo II, Plenário 13
81600;https://dadosabertos.camara.leg.br/api/v2/eventos/81600;2026-04-29 15:32:00;2026-04-29 16:03:00;Audiência Pública;Coordenação: Dep. Jandira Feghali. Convidadas Cristina Castro - Diretora da ANTAQ (CONFIRMADA) Lilian Schaefer - Diretora de Relações Institucionais da Chouest no Brasil (CONFIRMADA) Lorena Pintor Silva - Diretora de Gênero e Juventude da CONTTMAF (CONFIRMADA) Erika Moraes - Representante brasileira da Rede de Mulheres das Autoridades Marítimas da América Latina Cecília de Fátima Rodrigues - Secretaria de Economia do Mar da CTB-RJ e coordenadora do SINDMAR Mulheres (CONFIRMADA) Flávia Bauler - procuradora do MPT;Anexo II, Plenário 10
81717;https://dadosabertos.camara.leg.br/api/v2/eventos/81717;2026-04-29 15:38:12;2026-04-29 17:00:52;Audiência Pública;(REQ 4/2026 CCOM, do deputado Capitão Alberto Neto) 1) BRENO VALE (Confirmado) Diretor Abrint 2) HERMANO TERCIUS (Confirmado) Secretário de Telecomunicações Ministério das Comunicações 3) LUIZ HENRIQUE BARBOSA DA SILVA (Confirmado) Presidente-Executivo TELCOMP 4) MARCOS FERRARI (Confirmado) Presidente-Executivo Conexis Brasil Digital 5) NILO PASQUALI (Confirmado) Conselheiro Substituto ANATEL 6) PAULO HENRIQUE BENELLI DE AZEVEDO (Confirmado) Coordenador-Geral de Repressão a Crimes Cibernéticos Ministério da Justiça e Segurança Pública;Anexo II, Plenário 11
81798;https://dadosabertos.camara.leg.br/api/v2/eventos/81798;2026-04-29 14:24:06;2026-04-29 15:00:08;Reunião Deliberativa;Discussão e votação de requerimentos;Anexo II, Plenário 09
81562;https://dadosabertos.camara.leg.br/api/v2/eventos/81562;2026-04-29 16:14:18;2026-04-29 16:17:06;Reunião Deliberativa;Deliberação de Requerimentos (estão sujeitos a pauta os requerimentos apresentados até 24h antes do horário da reunião):;Anexo II, Plenário 15
81779;https://dadosabertos.camara.leg.br/api/v2/eventos/81779;2026-04-29 14:30:00;;Reunião Deliberativa;A- Acordo de Procedimentos;Anexo II, Plenário 14
81776;https://dadosabertos.camara.leg.br/api/v2/eventos/81776;2026-04-29 15:18:43;2026-04-29 15:27:42;Reunião Deliberativa;Discussão e votação de propostas legislativas;Anexo II, Plenário 03
81732;https://dadosabertos.camara.leg.br/api/v2/eventos/81732;2026-04-29 15:10:32;2026-04-29 15:17:13;Reunião Deliberativa;Discussão e votação de propostas legislativas;Anexo II, Plenário 11
81817;https://dadosabertos.camara.leg.br/api/v2/eventos/81817;2026-04-29 15:07:24;2026-04-29 15:26:04;Reunião Deliberativa;Apresentação do Plano de Trabalho da SubLOR;Anexo II, Plenário 16
81828;https://dadosabertos.camara.leg.br/api/v2/eventos/81828;2026-04-29 15:03:46;2026-04-29 16:12:19;Reunião de Instalação e Eleição;"A - Instalação da Comissão; e B - Eleição do Presidente e dos Vice-Presidentes";Anexo II, Plenário 04
81826;https://dadosabertos.camara.leg.br/api/v2/eventos/81826;2026-04-29 14:49:57;2026-04-29 15:32:17;Reunião;"PAUTA SUJEITA A ALTERAÇÕES - Instauração de processos e sorteios de nomes para comporem a lista tríplice para escolha de relator: 1. Representação nº 1/26, do Partido Liberal - PL, em desfavor do Deputado Lindbergh Farias - PT/RJ; 2. Representação nº 2/26, do Partido Socialismo e Liberdade - PSOL, em desfavor do Deputado Paulo Bilynskyj - PL/SP; 3. Representação nº 3/26, do Partido NOVO, em desfavor dos Deputados Célia Xakriabá - PSOL/SP, Erika Hilton - PSOL/SP, Fernanda Melchionna - PSOL/RS, Chico Alencar - PSOL/RJ, Glauber Braga - PSOL/RJ, Pastor Henrique Vieira - PSOL/RJ, Ivan Valente - PSOL/SP, Professora Luciene Cavalcante - PSOL/SP, Luiza Erundina - PSOL/SP, Lindbergh Farias - PT/RJ, Sâmia Bomfim - PSOL/SP, Talíria Petrone - PSOL/RJ, e Tarcísio Motta (PSOL/ RJ); 4. Representação nº 4/26, do Partido NOVO, em desfavor do Deputado Rogério Correia - PT/MG; 5. Representação nº 5/26, do Partido Liberal - PL, em desfavor do Deputado Rogério Correia - PT/MG; 6. Representação nº 6/26, do Partido Liberal - PL, em desfavor do Deputado Rogério Correia - PT/MG; 7. Representação nº 7/26, do Partido NOVO, em desfavor da Deputada Érika Hilton - PSOL/SP; 8. Representação nº 8/26, do Partido MISSÃO, em desfavor da Deputada Érika Hilton - PSOL/SP; 9. Representação nº 9/26, do Partido NOVO, em desfavor do Deputado Lindbergh Farias - PT/RJ.";Anexo II, Plenário 01
81829;https://dadosabertos.camara.leg.br/api/v2/eventos/81829;2026-04-29 14:41:54;2026-04-29 17:15:59;Reunião de Instalação e Eleição;"A - Instalação da Comissão; e B - Eleição do Presidente e dos Vice-Presidentes";Anexo II, Plenário 02
81714;https://dadosabertos.camara.leg.br/api/v2/eventos/81714;2026-04-29 14:37:52;2026-04-29 17:53:20;Audiência Pública e Deliberação;"A - Audiêrncia Pública Tema: Regras e fiscalização dos limites de velocidade por radares móveis, bem como os sistemas de cobrança de pedágio de livre passagem, Free flow DAVI COSTA MELO, Coordenador de Operações do DNIT (REQ 9/26) - (Confirmado) FABIO VARGAS, Gerente de Projetos da SENATRAN (REQ 9/26) - ( Confirmado) MARCO AURÉLIO BARCELOS, Diretor Presidente da Associação Brasileira de Concessionárias de Rodovias - ABCR (REQ 9/26) - ( Confirmado) MELISSA PUERTAS representante do Fórum Nacional de Secretários e Dirigentes de Trânsito e Mobilidade Urbana(REQ 9/26) - ( Confirmada) RICARDO MACHADO, Diretor-Geral da Associação dos Ciclistas Urbanos de São Paulo - Ciclocidade (REQ 15/26) - ( Confirmado) ERIVELTON GUEDES, Instituto de Pesquisa Econômica Aplicada - IPEA; (REQ 15/26) - (Confirmado) GABRIELA TELÓ, Fundação Thiago de Moraes Gonzaga; (REQ 15/26) - (Confirmada) JEAN RAFAEL SANCHES, Representante Jurídico da FENEAUTO (REQ 9/26) - ( Confirmado) ANA CARBONI, Conselheira da União de Ciclistas do Brasil - UCB (REQ 15/26) - (Confirmada) PAULA SANTOS, Gerente de Mobilidade Urbana do WRI Brasil (REQ 15/26) - (Confirmada) DANTE ROSADO, Gerente Sênior do Programa de Segurança Viária - Brasil Vital Strategies (REQ 15/26) - ( Confirmado) JOÃO PAULO PEREZ DOS ANJOS, Advogado Especialista em Trânsito e tributário representando a Associação do Bem comum do Brasil (REQ 27/26) - ( Confirmado) EDUARDO MOITA, Especialista em Psicologia do Tráfego (REQ 27/26) - (Confirmado) (Requerimentos nº 9/2026, Dep. Aureo Ribeiro) (Requerimento nº 15/2026, Dep. Erika Kokay) (Requerimento nº 27/2026, Dep. Fausto Pinato) B - Deliberação de Requerimentos";Anexo II, Plenário 08
81686;https://dadosabertos.camara.leg.br/api/v2/eventos/81686;2026-04-29 14:21:05;2026-04-29 15:37:07;Reunião Deliberativa;Deliberação das Indicações das Emendas Orçamentárias de Comissão (RP-8) para 2026;Anexo II, Plenário 07
81716;https://dadosabertos.camara.leg.br/api/v2/eventos/81716;2026-04-29 14:15:04;2026-04-29 14:23:04;Reunião Deliberativa;Discussão e votação de propostas legislativas;Anexo II, Plenário 09
81852;https://dadosabertos.camara.leg.br/api/v2/eventos/81852;2026-04-29 14:00:00;2026-04-29 14:49:00;Teste do Painel Eletrônico;Teste de eleição;Anexo II, Plenário 04
81831;https://dadosabertos.camara.leg.br/api/v2/eventos/81831;2026-04-29 13:58:00;2026-04-29 22:03:00;Sessão Deliberativa;Sessão Deliberativa Extraordinária Presencial (AM nº 123/2020);Plenário da Câmara dos Deputados
81758;https://dadosabertos.camara.leg.br/api/v2/eventos/81758;2026-04-29 13:45:00;;Reunião Deliberativa;Discussão e votação de propostas legislativas;Anexo II, Plenário 05
81768;https://dadosabertos.camara.leg.br/api/v2/eventos/81768;2026-04-29 14:07:00;2026-04-29 14:12:51;Reunião Deliberativa;Deliberação das indicações às programações da LOA 2026 oriundas de emendas;Anexo II, Plenário 05
81674;https://dadosabertos.camara.leg.br/api/v2/eventos/81674;2026-04-29 14:04:05;2026-04-29 14:52:48;Reunião Deliberativa;Discussão e votação de propostas legislativas;Anexo II, Plenário 10
81677;https://dadosabertos.camara.leg.br/api/v2/eventos/81677;2026-04-29 13:30:00;;Reunião Deliberativa;Discussão e votação de propostas legislativas;Anexo II, Plenário 14
81813;https://dadosabertos.camara.leg.br/api/v2/eventos/81813;2026-04-29 13:29:39;2026-04-29 13:31:31;Reunião Deliberativa;A - Deliberação das indicações às programações da LOA 2026 orindas de emendas.;Anexo II, Plenário 10
81739;https://dadosabertos.camara.leg.br/api/v2/eventos/81739;2026-04-29 14:31:00;2026-04-29 15:17:00;Reunião Deliberativa;Discussão e votação de propostas legislativas;
81773;https://dadosabertos.camara.leg.br/api/v2/eventos/81773;2026-04-29 13:00:00;2026-04-29 14:13:04;Reunião Deliberativa;Discussão e votação de propostas legislativas;Anexo II, Plenário 12
81840;https://dadosabertos.camara.leg.br/api/v2/eventos/81840;2026-04-29 11:45:59;2026-04-29 11:49:34;Teste do Painel Eletrônico;TESTE DO PAINEL ELETRÔNICO;Anexo II, Plenário 02
81550;https://dadosabertos.camara.leg.br/api/v2/eventos/81550;2026-04-29 11:28:00;2026-04-29 12:48:00;Sessão Não Deliberativa Solene;Homenagem aos 300 anos da Cidade de Fortaleza;Plenário da Câmara dos Deputados
81661;https://dadosabertos.camara.leg.br/api/v2/eventos/81661;2026-04-29 10:32:01;2026-04-29 12:27:34;Reunião Deliberativa;Discussão e votação de proposições;Anexo II, Plenário 06
81755;https://dadosabertos.camara.leg.br/api/v2/eventos/81755;2026-04-29 11:23:54;2026-04-29 11:47:39;Reunião Deliberativa;A - Deliberação das indicações às programações da LOA 2026 oriundas de emendas:;Anexo II, Plenário 16
81737;https://dadosabertos.camara.leg.br/api/v2/eventos/81737;2026-04-29 11:12:31;2026-04-29 12:05:46;Reunião Deliberativa;Discussão e votação de propostas legislativas;Anexo II, Plenário 01
81769;https://dadosabertos.camara.leg.br/api/v2/eventos/81769;2026-04-29 10:52:20;2026-04-29 11:47:12;Reunião Deliberativa;Discussão e votação de propostas legislativas;Anexo II, Plenário 13
81741;https://dadosabertos.camara.leg.br/api/v2/eventos/81741;2026-04-29 10:49:30;2026-04-29 12:14:39;Reunião Deliberativa;Discussão e votação de propostas legislativas;Anexo II, Plenário 11
81740;https://dadosabertos.camara.leg.br/api/v2/eventos/81740;2026-04-29 10:44:44;2026-04-29 11:30:37;Reunião Deliberativa;Discussão e votação de propostas legislativas;Anexo II, Plenário 14
81742;https://dadosabertos.camara.leg.br/api/v2/eventos/81742;2026-04-29 10:40:57;2026-04-29 12:32:45;Reunião Deliberativa;Discussão e votação de propostas legislativas;Anexo II, Plenário 04
81663;https://dadosabertos.camara.leg.br/api/v2/eventos/81663;2026-04-29 10:32:04;2026-04-29 11:15:22;Reunião Deliberativa;Discussão e votação de propostas legislativas;Anexo II, Plenário 05
81754;https://dadosabertos.camara.leg.br/api/v2/eventos/81754;2026-04-29 10:28:09;2026-04-29 10:50:30;Reunião Deliberativa;Deliberação das indicações às programações da LOA 2026 oriundas de emendas;Anexo II, Plenário 15
81159;https://dadosabertos.camara.leg.br/api/v2/eventos/81159;2026-04-29 10:28:06;2026-04-29 10:50:29;Reunião Deliberativa;Discussão e votação de propostas legislativas;Anexo II, Plenário 09
81731;https://dadosabertos.camara.leg.br/api/v2/eventos/81731;2026-04-29 10:26:00;2026-04-29 11:40:00;Sessão Não Deliberativa Solene;Homenagem aos 30 anos da Rede UOL;Plenário do Senado Federal
81700;https://dadosabertos.camara.leg.br/api/v2/eventos/81700;2026-04-29 10:23:26;2026-04-29 11:14:07;Reunião Deliberativa;Discussão e votação de propostas legislativas;Anexo II, Plenário 12
81680;https://dadosabertos.camara.leg.br/api/v2/eventos/81680;2026-04-29 10:20:39;2026-04-29 11:55:07;Reunião Deliberativa;Discussão e votação de propostas legislativas;Anexo II, Plenário 10
81756;https://dadosabertos.camara.leg.br/api/v2/eventos/81756;2026-04-29 10:05:34;2026-04-29 11:09:19;Reunião Deliberativa;Discussão e votação de propostas legislativas;Anexo II, Plenário 02
81767;https://dadosabertos.camara.leg.br/api/v2/eventos/81767;2026-04-29 10:00:00;;Outro Evento;Participam da posse o Presidente nacional da Abracam Nacional, Dr Rogério Rodrigues, e a Presidente nacional da Abracam Mulher, a vereadora Titi Brasi, de Angra dos Reis - RJ Tomarão posse as v Vereadoras presidentes regionais da Abracam Mulher: 1 Carla Daitx, de Torres - RS 2 Jucileia Alves, de Ministro Andreazza - RO 3 Amanda Leal Nunes, de Inhuma - PI 4 Bárbara Laranjeira, de Palmas de Monte Alto - BA 5 Ane Rose, de Prata - MG 6 Adriana Guimaraes, de Aracruz - ES 7 Karol, de Cabo de Santo Agostinho - PE 8 Rose Pedrina, de São Gabriel do Oeste - MS;Auditório Freitas Nobre
81676;https://dadosabertos.camara.leg.br/api/v2/eventos/81676;2026-04-29 10:00:00;;Reunião Deliberativa;Discussão e votação de propostas legislativas;Anexo II, Plenário 08
81670;https://dadosabertos.camara.leg.br/api/v2/eventos/81670;2026-04-29 10:37:48;2026-04-29 12:34:22;Reunião Deliberativa;- Deliberação das indicações às programações da LOA 2026 oriundas de emendas - Acordo de Procedimentos para a Comissão de Saúde em 2026;Anexo II, Plenário 07
81830;https://dadosabertos.camara.leg.br/api/v2/eventos/81830;2026-04-29 09:30:00;2026-04-29 11:00:00;Visita Oficial;Visita oficial de membros da Comissão de Negócios Estrangeiros e Comunidades Portuguesas da Assembleia da República de Portugal Delegação: - Deputado José Cesário (Partido Social Democrata) - Presidente da Comissão de Negócios Estrangeiros e Comunidades Portuguesas da Assembleia da República de Portugal - Deputada Ana Catarina de Moura Louro (Partido Socialista) - Deputada Elza Pais (Partido Socialista) - Deputado Manuel Magno Alves (Partido Chega) - Deputado Rui Rocha (Partido Iniciativa Liberal) - Deputada Regina Maria Pinto da Fonseca Ramos Bastos (Partido Social Democrata);
81782;https://dadosabertos.camara.leg.br/api/v2/eventos/81782;2026-04-29 09:30:00;2026-04-29 13:00:00;Visita Técnica;Visita da Comissão do Esporte da Câmara dos Deputados ao Centro de Treinamento Time Brasil do Comitê Olímpico do Brasil, atendendo ao Requerimento nº 18/2026, de autoria do Deputado Saulo Pedroso. Local: Centro de Treinamento Time Brasil (Parque Aquático Maria Lenk) Av. Embaixador Abelardo Bueno, 3.401, Portão 4, Barra da Tijuca, Rio de Janeiro/RJ;
81679;https://dadosabertos.camara.leg.br/api/v2/eventos/81679;2026-04-29 09:30:00;2026-04-29 10:00:00;Mesa Redonda;Discussão da pauta e assuntos internos;
81709;https://dadosabertos.camara.leg.br/api/v2/eventos/81709;2026-04-29 11:12:20;2026-04-29 13:59:15;Reunião Deliberativa;Discussão e votação de propostas legislativas;Anexo II, Plenário 03
81340;https://dadosabertos.camara.leg.br/api/v2/eventos/81340;2026-04-29 09:42:00;2026-04-29 11:11:00;Sessão Não Deliberativa Solene;Homenagem ao Dia Mundial do Livro;Plenário da Câmara dos Deputados
81667;https://dadosabertos.camara.leg.br/api/v2/eventos/81667;2026-04-29 09:33:57;2026-04-29 11:19:44;Audiência Pública;"(REQ 3/2026 CDU, da deputada Renata Abreu) Convidados confirmados: DANIELA BUOSI ROHLFS (participação presencial) Ministério das Cidades EDUARDO DALBOSCO (participação presencial) Ministério do Desenvolvimento e Assistência Social, Família e Combate à Fome; ALEX SANDRO SILVA NAZARÉ (participação presencial) Ministério do Empreendedorismo, da Microempresa e da Empresa de Pequeno Porte; EDU LYRA (participação virtual) Fundador e CEO - Gerando Falcões LUCAS CEPEDA (participação presencial) Diretor de Relações Governamentais - Gerando Falcões";Anexo II, Plenário 16
81784;https://dadosabertos.camara.leg.br/api/v2/eventos/81784;2026-04-29 09:00:00;2026-04-29 10:30:00;Mesa Redonda;Reunião de articulação política, discussão da pauta e assuntos de interesse da Comissão;
81791;https://dadosabertos.camara.leg.br/api/v2/eventos/81791;2026-04-29 09:00:00;2026-04-29 19:00:00;Evento Técnico;Encontro da CAPADR na EXPOZEBU 2026;
81822;https://dadosabertos.camara.leg.br/api/v2/eventos/81822;2026-04-29 08:00:00;2026-04-29 10:26:00;Mesa Redonda;Discussão da pauta e outros assuntos atinentes à Comissão;
81712;https://dadosabertos.camara.leg.br/api/v2/eventos/81712;2026-04-28 17:00:00;;Audiência Pública;"REQ 78/2026 CSAUDE, do deputado Giovani Cherini - Representante da Agencia Nacional de Vigilância Sanitária (ANVISA); - Representante do Ministério da Saúde; - Representante da Associação Brasileira das Redes de Farmácias e Drogarias - Abrafarma; - Representante da Associação Brasileira do Comércio Farmacêutico - Abcfarma; - Representante do Sindicato da Industria de Produtos Farmacêuticos - Sindusfarma; - Representante da Associação da Industria Farmacêutica de Pesquisa - Interfarma; - Representante do Instituto Brasileiro de Defesa do Consumidor - Idec; e - Representante da Secretaria Nacional do Consumidor - Senacon.";Anexo II, Plenário 07
81342;https://dadosabertos.camara.leg.br/api/v2/eventos/81342;2026-04-28 17:00:00;;Reunião Técnica;"CÂMARA DOS DEPUTADOS CENTRO DE ESTUDOS E DEBATES ESTRATÉGICOS 57ª Legislatura - 4ª Sessão Legislativa Ordinária Audiência Pública 28 de abril de 2026 GRUPO DE ESTUDO ""O PLANO NACIONAL DE JUVENTUDE: PARÂMETROS E TEMÁTICAS PARA SUA EFETIVAÇÃO"" TEMA: CULTURA, COMUNICAÇÃO E ESPORTE: CAMINHOS PARA A PARTICIPAÇÃO E O PERTENCIMENTO DA JUVENTUDE NO BRASIL Local: Plenário 4 Data: 28/04/26 Horário: 17h00 Pauta: https://www.camara.leg.br/evento-legislativo/81342 Transmissão ao vivo: cd.leg.br/youtube Reunião no Zoom: ID Webinar 832 8360 0028 https://us02web.zoom.us/j/83283600028 P A U T A DA REUNIÃO A audiência pública sobre ""Cultura, Comunicação e Esporte: caminhos para a participação e o pertencimento da juventude no Brasil"" representa um marco importante no debate sobre políticas públicas voltadas às novas gerações. Inserida no âmbito do Plano Nacional da Juventude, a iniciativa busca diagnosticar desafios, identificar boas práticas e propor diretrizes para a construção de um Brasil mais justo, criativo e saudável. No eixo Cultura, a discussão centra-se na cultura como linguagem de identidade, pertencimento e afirmação política. Destaca-se a produção cultural de jovens negros, periféricos e indígenas, enfrentando desafios relacionados ao financiamento, difusão e reconhecimento institucional. A cultura digital e a economia criativa ganham relevância, abordando questões de direitos autorais, remuneração justa e democratização do acesso aos meios de produção cultural. O eixo Comunicação e Liberdade de Expressão examina a comunicação como condição essencial para o exercício da cidadania no ambiente digital. O debate abrange os impactos das plataformas digitais na sociabilidade juvenil, desafios regulatórios, combate à desinformação e ao discurso de ódio, além da concentração de poder informacional, propriedade de dados e efeitos dos algoritmos sobre a pluralidade do debate público. No eixo Esporte e Lazer, reconhece-se o acesso ao esporte e ao tempo livre como direitos sociais fundamentais, com impacto direto na saúde mental, integração social e construção de pertencimento. Investiga-se as desigualdades estruturais no acesso a essas práticas e analisa-se novas formas de sociabilidade, como e-sports e atividades culturais comunitárias, enquanto espaços de inclusão e potencial inserção produtiva. Essa audiência pública consolida-se como espaço estratégico para o aprimoramento das políticas públicas destinadas à juventude brasileira. 1 Abertura dos trabalhos Deputada Dandara (relatora do estudo) 2 Apresentação dos palestrantes: - Ana Paula Jones, Diretora-presidente da Associação Raízes da Tradição (confirmada) - Sheila Suzane, Coordenadora de Educação do Instituto Dara (confirmada) - Yago Feitosa, Gerente de Territórios e Cidadania Cultural da Secretaria Municipal de Cultura do Rio de Janeiro (confirmado) - Tiago Ferreira, Produtor de eventos do Contra Regras Produção e Comunicação (confirmado) - Felipe Pitaro Ramos, Gerente e Professor da Fundação Gol de Letra Rio de Janeiro (confirmado) 3 Debate entre deputados, palestrantes, consultores e convidados - Ricardo Miranda de Sousa, Secretário Executivo e Diretor da Consultoria Legislativa - Consultores legislativos: Diana Porto Lima, Cintia Mariane da Silva, Marina Meira de Oliveira, Fabiele Maidel Fritz, Emerson Ferreira Rocha, Davi Alberto da Silva, Gabriel Augusto Alves, Renne Mendes de Souza, Luciana da Silva Teixeira, Eduardo dos Santos Bento e Bonifácio Andrada 4 Perguntas dos convidados aos palestrantes 5 Encerramento dos trabalhos";Anexo II, Plenário 04
81673;https://dadosabertos.camara.leg.br/api/v2/eventos/81673;2026-04-28 17:17:57;2026-04-28 18:58:16;Audiência Pública;REQ 9/2026 CASP da Dep. Alice Portugal 1) DAVIDSON DE MAGALHÃES SANTOS (Confirmado) Diretor Rede Nacional de Ensino e Pesquisa - RNP 2) EDUARDO MONTEIRO PASTORE (Confirmada) Coordenador-Geral da Diretoria de Modelos Organizacionais da Secretaria de Gestão e Inovação Ministério da Gestão e da Inovação em Serviços Públicos 3) MARCELO DE OLIVEIRA LOPES (Confirmado) Presidente Associação Brasileira das Organizações Sociais de Cultura - ABRAOSC 4) PIETRO SIDOTI (Confirmado) Diretor Jurídico Instituto Brasileiro das Organizações Sociais da Saúde 5) REGINALDO FREITAS JÚNIOR (Confirmado) Diretor-Geral Instituto Santos Dumont (ISD) - Representante das Organizações Sociais Federais de CT&I. 6) SÉRGIO CRUZ (Confirmado) Secretário Executivo Adjunto Ministério da Ciência, Tecnologia e Inovação;Anexo II, Plenário 08
81774;https://dadosabertos.camara.leg.br/api/v2/eventos/81774;2026-04-28 16:00:00;;Reunião Deliberativa;Apresentação do Plano de Trabalho da SubSPBC;Anexo II, Plenário 06
81690;https://dadosabertos.camara.leg.br/api/v2/eventos/81690;2026-04-28 16:09:42;2026-04-28 18:45:07;Reunião Deliberativa;Discussão e votação de propostas legislativas;Anexo II, Plenário 01
81728;https://dadosabertos.camara.leg.br/api/v2/eventos/81728;2026-04-28 15:47:24;2026-04-28 18:15:49;Audiência Pública;"Em atendimento ao Requerimento nº 27/2026 - CREDN, de autoria dos Deputados General Pazuello (PL/RJ) e General Girão (PL/RN). Convidados: - Camilo Graziani Caetano Paes de Almeida - Delegado da Polícia Federal, representando o Ministério da Justiça e Segurança Pública, e a Polícia Federal (*); - Christian Vianna de Azevedo - Subsecretário de Integração da Segurança Pública de Minas Gerais (*); - Lucas Gualtieri - Procurador da República (*); - Eduardo Paes Fernandes - Promotor de Justiça do MPRJ (*); e - Rodolfo Queiroz Laterza - Presidente da ADEPOL do Brasil (*). (*) participação confirmada";Anexo II, Plenário 03
81508;https://dadosabertos.camara.leg.br/api/v2/eventos/81508;2026-04-28 15:35:23;2026-04-28 17:34:56;Audiência Pública;"(REQ 26/2026 CVT, dos deputados Hugo Leal e Rosana Valle; REQ 37/2026 CVT, do deputado Zé Trovão; REQ 45/2026 CVT, da deputada Rosana Valle; REQ 47/2026 CVT, do deputado Capitão Alden; REQ 48/2026 CVT, do deputado Zé Trovão) Convidados: . YGOR DI PAULA, Secretário Especial de Licitações e Concessões da Agência Nacional deTransportes Aquaviários (ANTAQ); (Confirmado) . SÉRGIO AQUINO, Presidente da Federação Nacional das Operações Portuárias (FENOP); (Confirmado) . JESUALDO SILVA, Diretor-Presidente da Associação Brasileira dos Terminais Portuários (ABTP); (Confirmado) . MURILLO BARBOSA, Presidente Associação de Terminais Portuários Privados (ATP); (Confirmado) . RAMON GOULART CUNHA, Especialista em Políticas e Indústria da Confederação Nacional da Indústria (CNI); (Confirmado) . ANDRÉ DE SEIXAS, Diretor-Presidente da Associação Brasileira dos Usuários dos Portos de Transporte e da Logística; (Confirmado) . EDUARDO HERON DOS SANTOS, Diretor Técnico do Conselho de Exportadores de Café do Brasil; (Confirmado) . CLAUDIO LOUREIRO SOUZA, Diretor Executivo do Centro Nacional de Navegação Transatlântica (CentroNave); (Confirmado) . MARIO POVIA, Diretor-Presidente do Instituto Brasileiro de Infraestrutura (IBI); (Confirmado) . RODRIGO SARAIVA MARINHO, Diretor-Executivo do Instituto de Livre Mercado Responsável. (Confirmado) . JOSÉ CARLOS RAPOSO BARBOSA, Presidente da Federação Nacional dos Despachantes Aduaneiros - FEADUANEIROS, representando a Confederação Nacional do Comércio de Bens, Serviços e Turismo (CNC); (Confirmado) . JOÃO MARTINS DA SILVA JUNIOR, Presidente da Confederação da Agricultura e Pecuária do Brasil (CNA); . ANDERSON POMINI, Presidente da Autoridade Portuária de Santos (APS); . CARLOS MAGNO LOPES DA SILVA FILHO, Coordenador-Geral de Modelagem da Secretaria Nacional de Portos, representando o Ministério de Portos e Aeroportos; (não poderá comparecer) . ARTHUR JORGE DE JESUS PIMENTEL, Presidente do Conselho de Administração da Associação de Comércio Exterior do Brasil (AEB); (não poderá comparecer)";Anexo II, Plenário 10
81734;https://dadosabertos.camara.leg.br/api/v2/eventos/81734;2026-04-28 15:24:58;2026-04-28 18:04:38;Reunião Técnica;"Reunião Técnica sobre Pirataria no Setor Esportivo. Convidados: RENATO SMIRNE JARDIM, Diretor Executivo da Associação pela Indústria e Comércio Esportivo - ÁPICE (confirmado); ALAN TOWERSEY, Auditor-Fiscal da Receita Federal do Brasil e Chefe da Divisão de Vigilância e Repressão ao Contrabando e Descaminho (confirmado); DENISE NOGUEIRA GREGORY, Especialista de Desenvolvimento Industrial da Confederação Nacional da Indústria - CNI (confirmada); BERNARDO SICSÚ, CEO da Dominium Consultoria (confirmado); DISRAELLI GALVÃO, Vice-Presidente de Políticas Públicas Instituto Unidos Brasil - IUB (confirmada); JORGE GONÇALVES FILHO, Presidente do Instituto para Desenvolvimento do Varejo - IDV (confirmado); EDMUNDO LIMA, Diretor-Executivo da Associação Brasileira do Varejo Têxtil - ABVTEX (confirmado); GUSTAVO BARBOSA, Diretor de Relações Institucionais da Confederação Brasileira de Futebol - CBF (confirmado); THIAGO DE CASTRO BARBOSA, Representante da Polícia Rodoviária Federal - PRF (confirmado); JOHNATAN FARAJ, Diretor-Geral do PROCON-DF (confirmado); MIGUEL CAMPO DE CARVALHO, Coordenador Geral de Propriedade Intelectual do Departamento de Política de Propriedade Intelectual e Infraestrutura da Qualidade do Ministério do Desenvolvimento, Indústria, Comércio e Serviços - MDIC (confirmado); WELLINGTON SOUZA DE OLIVEIRA, Representante da Nike e Presidente do Grupo de Proteção à Marca - BPG (confirmado); LAILLA MALAQUIAS, Gerente de Relações Governamentais da Associação Brasileira de Mobilidade e Tecnologia - AMOBITEC (confirmada); IGOR LUNA, Consultor da Câmara Brasileira da Economia Digital - Camara-e.net (confirmado); BÁRBARA CASTRO, Especialista em Propriedade Intelectual do Mercado Livre (confirmada); REJANE STECCA IUNES, Gerente Jurídica da Adidas (confirmada); CAROLINA SCHEFER, Head of Legal Affairs LATAM da PUMA; e PILAR CANO, Counsel Brand Protection da PUMA (confirmadas); e JOÃO GOMES, Diretor do Instituto Federação Comércio de Bens, Serviços e Turismo do Estado RJ de Pesquisas e análises - IFEC/RJ.";Anexo II, Plenário 15
81708;https://dadosabertos.camara.leg.br/api/v2/eventos/81708;2026-04-28 15:14:53;2026-04-28 17:00:42;Audiência Pública;"Em atendimento ao REQ 22/2026 CME, do deputado Danilo Forte. Participantes: 1. Marisete Dadald, Presidente da Associação Brasileira das Empresas Geradoras de Energia Elétrica -ABRAGE (CONFIRMADA); 2. Daniela Souza, Coordenadora de Relações Institucionais da Associação Brasileira de Geradoras Termelétricas - ABRAGET (CONFIRMADA); 3. Fernando Luiz Zancan, Presidente da Associação Brasileira do Carbono Sustentável - ABCS (CONFIRMADO); 4. Heber Galarce, Presidente do Instituto Nacional de Energia Limpa - INEL (CONFIRMADO); 5. Juliano Bueno, Diretor do Instituto Arayara (CONFIRMADO); 6. Fabio Monteiro Lima, Diretor-Executivo da Associação Brasileira de Soluções de Armazenamento de Energia - ABSAE (CONFIRMADO).";Anexo II, Plenário 14
81655;https://dadosabertos.camara.leg.br/api/v2/eventos/81655;2026-04-28 14:33:36;2026-04-28 15:00:15;Reunião Deliberativa;Discussão e votação de propostas legislativas;Anexo II, Plenário 13
80842;https://dadosabertos.camara.leg.br/api/v2/eventos/80842;2026-04-28 15:33:31;2026-04-28 15:48:52;Reunião Deliberativa;Discussão e votação de propostas legislativas;Anexo II, Plenário 05
81652;https://dadosabertos.camara.leg.br/api/v2/eventos/81652;2026-04-28 15:25:03;2026-04-28 18:09:04;Reunião Deliberativa;PAUTA SUJEITA A ALTERAÇÕES 1- Representação nº 24/25 e apensadas (Representações nº 25/25 e 27/25), em desfavor dos Deputados Marcos Pollon, Marcel van Hattem e Zé Trovão, respectivamente - Leitura, discussão e votação do Parecer Final do Relator, Deputado Moses Rodrigues. 2- Representação nº 26/25, em desfavor do Deputado Marcos Pollon - Leitura, discussão e votação do Parecer Final do Relator, Deputado Ricardo Maia.;Anexo II, Plenário 11
81689;https://dadosabertos.camara.leg.br/api/v2/eventos/81689;2026-04-28 15:23:17;2026-04-28 15:31:27;Reunião Deliberativa;Discussão e votação de propostas legislativas;Anexo II, Plenário 01
81574;https://dadosabertos.camara.leg.br/api/v2/eventos/81574;2026-04-28 14:46:35;2026-04-28 17:04:44;Audiência Pública;"Convidados: 1) Rafael Gomes Lima, Auditor-Chefe Adjunto da AudFiscal do Tribunal de Contas da União - TCU (Confirmado) 2) Rodrigo Barbosa de Castilho, Coordenador Nacional da Coordenadoria Nacional de Combate às Fraudes nas Relações de Trabalho do Ministério Público do Trabalho - MPT (Confirmado) 3) Rodrigo Toneto, Subsecretário de Politica Fiscal do Ministério da Fazenda (Confirmado) 4) Paula Montagner, Subsecretária de Estatísticas e Estudos do Trabalho do Ministério do Trabalho e Emprego (Confirmado) 5) Conselho Nacional de Justiça - CNJ 6) Valeir Ertle, Secretário Nacional de Assuntos Jurídicos da Central Única dos Trabalhadores - CUT (Confirmado) 7) Clemente Ganz Lúcio, Coordenador do Fórum das Centrais Sindicais (Confirmado) 8) Marco Aurélio Marsiglia Treviso, Vice-Presidente da Associação Nacional das Magistradas e dos Magistrados da Justiça do Trabalho - Anamatra (Confirmado) 9) Adriana Augusta de Moura Souza, Presidente da Associação Nacional dos Procuradores e das Procuradoras do Trabalho - ANPT (Confirmado) 10) José Reginaldo Inácio, Presidente da Confederação Nacional dos Trabalhadores na Indústria - CNTI, representando o Fórum Sindical dos Trabalhadores - FST (Confirmado) 11) Tania Cristina Teixeira, Presidente do Conselho Federal de Economia - Cofecon (Confirmado) (REQ 3/2026 CFT, do deputado Rogério Correia; REQ 11/2026 CTRAB, do deputado Bohn Gass, subscrito pelo deputado Rogério Correia)";Anexo II, Plenário 04
81772;https://dadosabertos.camara.leg.br/api/v2/eventos/81772;2026-04-28 16:08:27;2026-04-28 17:07:38;Reunião Deliberativa;Discussão e votação de propostas legislativas;Anexo II, Plenário 08
81653;https://dadosabertos.camara.leg.br/api/v2/eventos/81653;2026-04-28 14:59:26;2026-04-28 15:20:43;Reunião Deliberativa;Discussão e votação de propostas legislativas;Anexo II, Plenário 12
81735;https://dadosabertos.camara.leg.br/api/v2/eventos/81735;2026-04-28 14:58:00;2026-04-28 16:03:31;Audiência Pública;"TEMA: Inclusão no mercado de trabalho - jovens e adultos. Convidados: CARLOS BRAGUINI, Superintendente do Serviço Nacional de Aprendizagem Industrial - SENAI (por videoconferência); (CONFIRMADO) FLÁVIO GONZALEZ, Coordenador de Inclusão Profissional do Instituto Jô Clemente (por videoconferência); (CONFIRMADO) JAMES THEODORO DA SILVA, Coordenador-Geral da Secretaria de Inclusão Socioeconômica do Ministério do Desenvolvimento e Assistência Social, Família e Combate à Fome; (CONFIRMADO) (Requerimento nº 27/2025, do Dep. Orlando Silva)";Anexo II, Plenário 09
81654;https://dadosabertos.camara.leg.br/api/v2/eventos/81654;2026-04-28 14:51:25;2026-04-28 17:18:07;Reunião Deliberativa;Discussão e votação de propostas legislativas;Anexo II, Plenário 06
81607;https://dadosabertos.camara.leg.br/api/v2/eventos/81607;2026-04-28 14:13:17;2026-04-28 16:29:22;Audiência Pública;"REQ 1/26, do Deputado CARLOS GOMES (Republicanos/RS) Convidados: ADALBERTO MALUF - (Presença Confirmada) Secretário Nacional de Meio Ambiente Urbano, Recursos Hídricos e Qualidade Ambiental - SQA/MMA ANDRÉ GALVÃO - (Presença Confirmada Remota) Superintendente da Associação Brasileira de Resíduos e Meio Ambiente - ABREMA ANDERSON NASSIF - (Presença Confirmada Remota) Gerente de Logística Reversa da Associação Nacional de Catadores e Catadoras de Materiais Recicláveis - ANCAT ANTÔNIO CARLOS BERWANGER - (Presença Confirmada Remota) Superintendente de Desenvolvimento de Mercado da Comissão de Valores Mobiliários (CVM); CÁTILO BRZESKI CÂNDIDO - (Presença Confirmada) Presidente da Associação Brasileira de Fabricantes de Latas de Alumínio - ABRALATAS RICARDO ALVAREZ ALBAN - (Não Comparecerá) Presidente da Confederação Nacional da Indústria - CNI";Anexo II, Plenário 02
81785;https://dadosabertos.camara.leg.br/api/v2/eventos/81785;2026-04-28 14:05:00;2026-04-28 23:24:00;Sessão Deliberativa;Sessão Deliberativa Extraordinária Presencial (AM nº 123/2020);Plenário da Câmara dos Deputados
81675;https://dadosabertos.camara.leg.br/api/v2/eventos/81675;2026-04-28 15:00:38;2026-04-28 16:27:47;Audiência Pública;"Convidados: . RAUL DE PAIVA, Coordenador-Geral de Diversidade e Interseccionalidade da Secretaria Nacional dos Direitos da Pessoa com Deficiência - MDHC; (presença confirmada) . CAROLINA SEIXAS BACELLAR, representante do Centro Palmares de Estudos e Assessoria por Direitos do Conselho Nacional dos Direitos da Pessoa com Deficiência - CONADE; (presença confirmada) . LAILAH VILELA, Médica, Auditora Fiscal do Trabalho e especialista em Avaliação Biopsicossocial das Deficiências; (presença confirmada) . MARCOS CASAGRANDE, representante dos candidatos com deficiência (PcD) eliminados; (presença confirmada) . Banca organizadora IDECAN; (não participará) . Ministério da Gestão e da Inovação em Serviços Públicos - MGI. (não participará) (Requerimento nº 17/2026-CPD, de autoria do deputado Rodrigo Rollemberg)";Anexo II, Plenário 13
81764;https://dadosabertos.camara.leg.br/api/v2/eventos/81764;2026-04-28 12:51:53;2026-04-28 12:57:10;Reunião Deliberativa;A - 1ª Deliberação das indicações às programações da LOA 2026 oriundas de emendas;Anexo II, Plenário 04
81431;https://dadosabertos.camara.leg.br/api/v2/eventos/81431;2026-04-28 11:27:00;2026-04-28 12:46:00;Sessão Não Deliberativa Solene;Homenagem aos 50 (cinquenta) anos da ABRACICLO – Associação Brasileira dos Fabricantes de Motocicletas, Ciclomotores, Motonetas, Bicicletas e Similares;Plenário da Câmara dos Deputados
81706;https://dadosabertos.camara.leg.br/api/v2/eventos/81706;2026-04-28 10:36:30;2026-04-28 12:49:30;Audiência Pública;"Em atendimento ao REQ 22/2026 CME, do deputado Danilo Forte. Participantes: 1. André Groberio Lopes Perim, Diretor do Departamento de Planejamento e Outorgas de Geração de Energia Elétrica do Ministério de Minas e Energia (CONFIRMADO); 2. Caio Leocadio, Superintendente Adjunto da Empresa de Pesquisa Energética (CONFIRMADO); 3. Marcelo Freire, Auditor-chefe da Audielétrica do Tribunal de Contas da União - TCU (CONFIRMADO); 4. Luiz Augusto Santos Lima, Subprocurador-Geral da República (CONFIRMADO); 5. Sumara Duarte Ticom, Assessora Executiva da Diretoria de Planejamento do Operador Nacional do Sistema Elétrico - ONS (CONFIRMADA); 6. Jean Paul Prates, ex-presidente da PETROBRÁS (CONFIRMADO); e 7. Paulo Pedrosa, Presidente-Executivo da Associação Brasileira de Grandes Consumidores Industriais de Energia e Consumidores Livres - ABRACE (CONFIRMADO).";Anexo II, Plenário 12
81752;https://dadosabertos.camara.leg.br/api/v2/eventos/81752;2026-04-28 10:17:54;2026-04-28 12:21:49;Audiência Pública;"Convidados confirmados: 1) RAFAEL BRUXELLAS | Diretor | Departamento Nacional de Auditoria do SUS do Ministério da Saúde (DENASUS/MS); 2) VINICIUS GUIMARÃES | Auditor-Chefe Adjunto | Unidade de Auditoria Especializada em Saúde do Tribunal de Contas da União (TCU); 3) DIEGO AIRES DE SOUZA | Diretor de Auditoria do SUS | Secretaria da Saúde do Estado da Bahia (SESAB); 4) WILHAMS RAMOS DE SOUZA | Presidente | Sindicato dos Servidores do Sistema Nacional de Auditoria do SUS (Unasus Sindical). CONFIRMADO (Em atendimento aos Requerimentos nº 51 e nº 71, de iniciativa do Deputado Jorge Solla | PT-BA)";Anexo II, Plenário 09
81711;https://dadosabertos.camara.leg.br/api/v2/eventos/81711;2026-04-28 10:17:00;2026-04-28 12:21:00;Audiência Pública;"REQ Nº 61/2026 CSAUDE, do Deputado Gilson Daniel Convidados confirmados: - Geiza Pinheiro (participação presencial) Presidente do Sindicato de Saúde do Espírito Santo (SINDSAUDE); - Ilda Angélica Correia (participação presencial) Representante da Confederação Nacional dos Agentes Comunitários de Saúde (CONACS); - Luís Cláudio Souza (participação virtual) Presidente da Federação Nacional dos Agentes Comunitários de Saúde e Agentes de Combate às Endemias (FENASCE); - Fábio David Reis (participação virtual) Representante da Coordenação-Geral de Vigilância em Saúde Ambiental (CGVAM) do Ministério da Saúde; - Patrícia Ferrás Araújo da Silva (participação virtual) Coordenadora-Geral de Gestão e Valorização do Trabalho na Saúde do Ministério da Saúde; - Ana Cláudia Cardozo Chaves (participação virtual) Coordenadora-Geral de Saúde da Família e Comunidade do Ministério da Saúde. Não participou: - Hisham Mohamad Representante do Conselho Nacional de Secretarias Municipais de Saúde (CONASEMS); - Welington Pereira da Silva (participação virtual) Presidente do Sindicato dos Agentes Comunitários de Saúde e Agentes de Combate às Endemias do Espírito Santo (SINDACSE);";Anexo II, Plenário 07
81535;https://dadosabertos.camara.leg.br/api/v2/eventos/81535;2026-04-28 10:12:39;2026-04-28 11:38:30;Audiência Pública;"Requerimento n. 13/2026 Autor: Dep. Luiz Couto Convidados: - Inspetor Fernando Cotta, Presidente da PRF Amiga dos Autistas; - Dr. Edilson Barbosa, Diretor-Presidente do MOAB - Movimento Orgulho Autista Brasil; - Dr. Lucelmo Lacerda, PhD em Autismo; - Dra. Ellen Siqueira, Neurologista, especialista em Autismo; - Dra. Adriana Zink, PHD em Odontologia para Autistas; - Oswaldo Freire, Escritor; - Padre Vagner Apolinario, representante da Igreja Inclusiva e Acessivel.";Anexo II, Plenário 13
81621;https://dadosabertos.camara.leg.br/api/v2/eventos/81621;2026-04-28 10:00:00;;Audiência Pública;"(REQ 11/2026 CVT, do deputado Cezinha de Madureira) Convidados: . DANIEL RAMOS LONGO, Secretário Nacional de Aviação Civil (SAC), representando o Ministério de Portos e Aeroportos; (Confirmado) . TIAGO CHAGAS FAIERSTEIN, Diretor-Presidente da Agência Nacional de Aviação Civil; (Confirmado) . FILIPE REIS, Diretor de Comunicação e Relações Institucionais, e MICHAEL CABRAL, Gerente de Gabinete, representantes da empresa Aena (Aeroporto de Congonhas); (Confirmados) . FLAVIO J. V. PIRES, Diretor Geral, e RAUL MARINHO, Diretor Técnico, da Associação Brasileira de Aviação Geral (ABAG); (Confirmados) . RAUL SOUZA, Diretor de Segurança e Operação de Voo da Associação Brasileira das Empresas Aéreas (ABEAR). (Confirmado)";Anexo II, Plenário 11
81790;https://dadosabertos.camara.leg.br/api/v2/eventos/81790;2026-04-28 09:00:00;2026-04-28 19:00:00;Evento Técnico;Encontro da CAPADR na EXPOZEBU 2026.;
81049;https://dadosabertos.camara.leg.br/api/v2/eventos/81049;2026-04-28 09:00:00;2026-04-29 10:09:00;Seminário;SEMINÁRIO 30 ANOS DE COTAS ELEITORAIS DE GÊNERO NO BRASIL Mesa de Abertura Iza Arruda: Coordenadora-Geral do ONMP Érika Hilton: Presidenta 2026 da CMulher Sandra Kennedy: Secretária Nacional de Articulação Institucional, AçõesTemáticas e Participação Política do Ministério das Mulheres Gallianne Palayret: Representante da ONU Mulheres Brasil Edilene Lobo: Advogada e ex-Ministra do TSE Clara Araújo: Coordenadora do NUDERG/UERJ Mesa 1: As cotas nos partidos políticos e nas eleições legislativas: o quanto avançamos? Horário: 10h00 - 12h00 Clara Araújo (Instituto de Ciências Sociais/UERJ/NUDERG): As cotas nas margens: efeitos na competitividade eleitoral entre 2002 e 2024. Ligia Fabris (LAIGN/Yale MacMillan Center e Universidade Humboldt de Berlim): Democracia interna para quem? Uma análise crítica dos dispositivos estatutários para a participação das mulheres nos partidos políticos brasileiros. Michelle Ferreti (Instituto Alziras): Democracia inacabada: O que revelam secretarias de mulheres dos partidos e parlamentares sobre recrutamento e seleção de candidaturas femininas. Mesa 2: Caminhos e Interseções das Cotas no Brasil Horário: 14h00 - 16h00 Danusa Marques (Instituto de Ciência Política/UnB): Entre ações afirmativas e resistências partidárias: disputas na representação política brasileira Adriano Codato (UFPR/INCT): Mulheres na Câmara: diversidade ocupacional e padrões de recrutamento no Brasil (1998-2022). Teresa Sacchet (PPGCP/UFRGS): Desafios do financiamento eleitoral na promoção da inclusão e efetivação das cotas. Luís Felipe Miguel (IPOL/UnB): As cotas na encruzilhada. Marcilene Garcia (Ministério da Igualdade Racial): Cotas eleitorais e a autodeclaração racial: desafios na garantia de direitos para a população negra Mesa 3: Experiências Internacionais e Diálogos com o Brasil Horário: 16h30 - 18h30 Marianna Caminoti (Universidad Nacional de San Martín, Argentina): Paridad electoral en América Latina: trayectorias divergentes, estándares comunes y desafíos compartidos. Malu Gatto (University College London, Reino Unido): Resistência às cotas de gênero na América Latina: entre conquistas e obstáculos persistentes. Miguel de Brito (International IDEA, Moçambique): Quotas de Género e Representação das Mulheres: O Que Funciona? Evidência de Moçambique e Lições Comparadas. Verónica Slaviero (Universidad de Granada, Espanha): Luz e sombras nos 30 anos de vigência da Lei de Cotas: o que nos ensina a experiência do Peru. Gisela Zaremberg (FLACSO/México - Presidenta da LASA): Derechos políticos de las mujeres en México: alcances y desafíos. (Participação por videoconferência) Nota: Programação sujeita a alterações conforme o status de confirmação dos convidados.;Auditório Freitas Nobre
81747;https://dadosabertos.camara.leg.br/api/v2/eventos/81747;2026-04-27 19:00:00;2026-04-27 21:00:00;Seminário;Implementação da Lei 15.326/2026, Lei Somos Todas Professoras;
81586;https://dadosabertos.camara.leg.br/api/v2/eventos/81586;2026-04-27 15:22:00;2026-04-27 16:39:00;Sessão Não Deliberativa Solene;Homenagem ao Dia Nacional da Luta Antimanicomial;Plenário da Câmara dos Deputados
81777;https://dadosabertos.camara.leg.br/api/v2/eventos/81777;2026-04-27 14:00:00;;Teste do Painel Eletrônico;Teste de Sistemas Sala 173-B;Anexo II, Ala B, Sala 173B, Superior (COTEM)
81713;https://dadosabertos.camara.leg.br/api/v2/eventos/81713;2026-04-27 13:00:00;2026-04-27 16:17:00;Seminário;SEMINÁRIO ESTADUAL DE SANTA CATARINA Tema: Segurança no Trânsito Data: 27 de abril de 2026 Hora: 13h Local: Auditório Antonieta de Barros da Assembleia Legislativa de Santa Catarina ABERTURA CORONEL MEIRA - DEPUTADO FEDERAL E PRESIDENTE DA COMISSÃO ESPECIAL JORGE GOETTEN - DEPUTADO FEDERAL E COORDENADOR DO SEMINÁRIO ALEX BRASIL - DEPUTADO ESTADUAL E COORDENADOR DO SEMINÁRIO CONVIDADOS: *Sujeito a alterações CRISTIANO MEDEIROS, Presidente do DETRAN/SC YOMARA JULITA RIBEIRO, Presidente da Associação de Trânsito do Estado de Santa Catarina - ATRAESC CORONEL EMERSON FERNANDES, Comandante Geral da Polícia Militar/SC MARCELO SAMPAIO NOGUEIRA, Comandante Geral da Polícia Civil/SC RENATA YUNG, Representante da Associação Brasileira de Psicologia do Tráfego - ABRAPSIT ANTONIO MEIRA JUNIOR, Presidente da Associação Brasileira de Medicina do Tráfego - ABRAMET FERNANDO DE MELLO VIANA, Presidente Associação dos Médicos e Psicólogos Peritos Examinadores de Trânsito do Estado de Santa Catarina - AMPSC JOELMA FERNANDES BEZERRA, Examinadora de Trânsito RICARDO GASPAR DA SILVA, Advogado MARIA FERNANDA BRINHOSA, Presidente do Sindicato das autoescolas de SC e Diretora da Federação Nacional das Autoescolas - FENEAUTO MATHEUS MARTINS, presidente da Associação dos Cfcs do estado de São Paulo - ACESP ADRIANE BEATRIZ SILVA, Representante da Federação Nacional dos Servidores de Detrans - FETRAN ROBERTO MORAES CRUZ, especialista em avaliação psicológica representando o Conselho Regional de Psicologia de Santa Catarina - CRP ENCERRAMENTO Requerimento 10/26 (Dep .Jorge Goetten);
81789;https://dadosabertos.camara.leg.br/api/v2/eventos/81789;2026-04-27 09:00:00;2026-04-27 19:00:00;Evento Técnico;Encontro da CAPADR na EXPOZEBU 2026.;
81797;https://dadosabertos.camara.leg.br/api/v2/eventos/81797;2026-04-26 09:00:00;2026-04-26 19:00:00;Evento Técnico;Encontro da CAPADR na EXPOZEBU 2026.;
81746;https://dadosabertos.camara.leg.br/api/v2/eventos/81746;2026-04-25 14:00:00;2026-04-25 16:00:00;Seminário;Implementação da Lei 15.326/2026, Lei Somos Todas Professoras;
81745;https://dadosabertos.camara.leg.br/api/v2/eventos/81745;2026-04-25 10:00:00;2026-04-25 12:00:00;Seminário;Implementação da Lei 15.326/2026, Lei Somos Todas Professoras;
81796;https://dadosabertos.camara.leg.br/api/v2/eventos/81796;2026-04-25 09:00:00;2026-04-25 19:00:00;Evento Técnico;Encontro da CAPADR na EXPOZEBU 2026.;
81744;https://dadosabertos.camara.leg.br/api/v2/eventos/81744;2026-04-24 19:00:00;2026-04-24 21:00:00;Seminário;Implementação da Lei 15.326/2026, Lei Somos Todas Professoras;
81743;https://dadosabertos.camara.leg.br/api/v2/eventos/81743;2026-04-24 17:00:00;2026-04-24 19:00:00;Seminário;"1) (a Confirmar) Representante do Ministério da Educação; 2) (a Confirmar) Representante da Comissão Permanente de Educação (COPEDUC) 3) (a Confirmar) Representante do Fundo Nacional de Desenvolvimento da Educação (FNDE); REPRESENTANTE DA 4) (a Confirmar) Representante da Confederação dos Trabalhadores no Serviço Público Municipal (CONFETAM); 5) (a Confirmar) Representante do Movimento Somos Todas Professoras; 6) (a Confirmar) Representante do Sindicato de Especialistas de Educação do Magistério Oficial do Estado de São Paulo (UDEMO); 7) (a Confirmar) Representante da Confederação dos Servidores Públicos do Brasil (CBSP); 8) CARLOS GIANNAZI (a Confirmar) Professor e Deputado Estadual de São Paulo. (REQ 12/2026 CE, da deputada Professora Luciene Cavalcante)";
81596;https://dadosabertos.camara.leg.br/api/v2/eventos/81596;2026-04-24 14:40:00;2026-04-24 16:13:00;Sessão Não Deliberativa Solene;Homenagem ao niversário da Lei nº 10.436, de 24 de abril de 2002, que dispõe sobre a Língua Brasileira de Sinais – Libras;Plenário da Câmara dos Deputados
81631;https://dadosabertos.camara.leg.br/api/v2/eventos/81631;2026-04-24 14:21:00;2026-04-24 19:25:00;Seminário;Requerimento n. 13/2026-CPOVOS, de autoria da Deputada Juliana Cardoso Convidados: FELIPE ANTÔNIO COLAÇO BERNARDO - presença confirmada Prefeito de Peruíbe (SP) LENNON FERREIRA COREZOMAÉ - presença confirmada Diretor do Departamento de Promoção da Política Indigenista do Ministério dos Povos Indígenas ELVIO APARECIDO MOTTA - presença confirmada Superintendente Federal do Desenvolvimento Agrário em São Paulo do Ministério do Desenvolvimento Agrário e Agricultura Familiar SUANA MEDEIROS SILVA - presença confirmada Coordenadora-Geral de Territórios e Integração de Políticas Públicas do Ministério da Pesca e Aquicultura MARIA LUIZA GRABNER - presença confirmada Procuradora Federal e coordenadora da 6ª Câmara do Ministério Público Federal ANDREW TOSHIO - presença confirmada Defensor Público do Estado de São Paulo TATIANA CARDOSO - presença confirmada Representante do Fórum de Povos e Comunidades Tradicionais do Vale do Ribeira FERNANDA BARRA DO UMA - presença confirmada Fórum Nacional das mulheres da pesca CACIQUE TENON - presença confirmada Articulação dos Povos Indígenas da Região Sudeste - ARPINSUDESTE BRÍGIDA FERREIRA - presença confirmada Povos de Terreiros Representante do Instituto Caiçara da Mata Atlântica Representante da Comissão Guarani Yvyrupa;
81704;https://dadosabertos.camara.leg.br/api/v2/eventos/81704;2026-04-23 14:34:30;2026-04-23 17:00:35;Audiência Pública;"Requerimento n. 38/2026 Autora: Dep. Erika Kokay Convidados: - NATAN MONSORES DE SÁ - COORDENADOR-GERAL DE DOENÇAS RARAS - MINISTÉRIO DA SAÚDE; - FLAVIANE RABELO SIQUEIRA - MÉDICA, REPRESENTANTE DA ASSOCIAÇÃO BRASILEIRA DE ALERGIA E IMUNOLOGIA (ASBAI); - DANIELA BIANCHI - REPRESENTANTE DE ASSOCIAÇÕES DE PACIENTES COM IMUNODEFICIÊNCIAS PRIMÁRIAS; - GUILHERME ESCREVA - REPRESENTANTE ASSOCIAÇÃO MARIA VITÓRIA DE DOENÇAS RARAS (AMAVI RARAS) E FEDERAÇÃO BRASILEIRA DAS ASSOCIAÇÕES DE DOENÇAS RARAS (FEBRARARAS); - FRANCIANE DE PAULA DA SILVA - MÉDICA, ESPECIALISTA EM ALERGIA E IMUNOLOGIA; - TAINÁ BIANCHI - PACIENTE; - CRISTIANE MONTEIRO - REPRESENTANTE DA VIVENDO COM EII (ERROS INATOS DA IMUNIDADE); - NATASHA FERRARONI - DOUTORA EM IMUNODEFICIÊNCIA PRIMÁRIA PELA USP; - LEONARDO MENDONÇA - ESPECIALISTA DA ÁREA MÉDICA E CIENTÍFICA COM ATUAÇÃO NO DIAGNÓSTICO E TRATAMENTO DE IMUNODEFICIÊNCIAS PRIMÁRIAS; - ANTÔNIO CONDINO NETO - PROFESSOR SÊNIOR DE IMUNOLOGIA ICB/USP - COORDENADOR DO CENTRO JEFFREY MODELL DE IMUNODEFICIÊNCIAS DE SÃO PAULO, E REPRESENTANTE DA ASBAI; - DAIANE DE OLIVEIRA LOPES ANDRADE - COORDENADORA DE ESTRATÉGIA DA EDUCAÇÃO BÁSICA DO MINISTÉRIO DA EDUCAÇÃO; - ANATALINA LOURENÇO DA SILVA - CHEFE DA ASSESSORIA DE PARTICIPAÇÃO SOCIAL E DIVERSIDADE DO MINISTÉRIO DO TRABALHO E EMPREGO.";Anexo II, Plenário 09
81549;https://dadosabertos.camara.leg.br/api/v2/eventos/81549;2026-04-23 14:14:00;2026-04-23 15:03:00;Sessão Não Deliberativa Solene;Homenagem ao Dia da Libertação Italiana (Festa della Liberazione);Plenário da Câmara dos Deputados
81738;https://dadosabertos.camara.leg.br/api/v2/eventos/81738;2026-04-23 10:53:00;2026-04-23 12:39:00;Sessão Deliberativa;Sessão Deliberativa Extraordinária Semipresencial (AM nº 123/2020);Plenário da Câmara dos Deputados
81688;https://dadosabertos.camara.leg.br/api/v2/eventos/81688;2026-04-22 15:07:40;2026-04-22 17:08:50;Reunião Deliberativa;Discussão e votação de propostas legislativas;Anexo II, Plenário 01
81726;https://dadosabertos.camara.leg.br/api/v2/eventos/81726;2026-04-22 17:16:00;2026-04-22 22:53:00;Sessão Deliberativa;Sessão Deliberativa Extraordinária Semipresencial (AM nº 123/2020);Plenário da Câmara dos Deputados
81707;https://dadosabertos.camara.leg.br/api/v2/eventos/81707;2026-04-22 10:00:00;;Reunião Deliberativa;Discussão e votação de propostas legislativas;Anexo II, Plenário 11
81506;https://dadosabertos.camara.leg.br/api/v2/eventos/81506;2026-04-17 18:30:00;2026-04-22 21:00:00;Evento Técnico;Coordenação: Deputado Alfredinho CONVIDADOS: Roberta Martins - Secretária de Articulação Federativa e Comitês de Cultura (MinC) Fábio Riani Costa Perinotto - Coordenador-Geral da Secretaria de Articulação Federativa e Comitês de Cultura (MinC) - Confirmado. Marília Frois - Coordenadora Metodológica do Comitê de Cultura do Estado de São Paulo;
81611;https://dadosabertos.camara.leg.br/api/v2/eventos/81611;2026-04-17 14:20:00;2026-04-17 17:11:00;Seminário;"SEMINÁRIO ESTADUAL DO ESPÍRITO SANTO Tema: A formação de condutores e o papel das autoescolas no Brasil Data: 17 de abril de 2026, sexta-feira Horário: 14h Local: Auditório da Fecomércio Endereço: R. Misael Pedreira da Silva, 138 – 3º andar – Santa Lucia, Vitória - ES ABERTURA CORONEL MEIRA - DEPUTADO FEDERAL E PRESIDENTE DA COMISSÃO ESPECIAL GILSON DANIEL - DEPUTADO FEDERAL E COORDENADOR DO SEMINÁRIO CONVIDADOS: *Sujeito a alterações GIVALDO VIEIRA, Diretor-Geral do Detran-ES; YGOR VALENÇA, Presidente da Federação Nacional das Autoescolas - FENEAUTO; GABRIEL COUZI, Sindicato dos Centros de Formação de Condutores do Espírito Santo - SINDCFC-ES; VINÍCIUS BRAGATTO, Representante da Associação dos Centros de Formação de Condutores do Espírito Santo; ROSIANA BINDA, Presidente da Associação Capixaba de Medicina e Psicologia de Trânsito - Acamptran ; OSZILENE DE FREITAS GAZONI FERREIRA, Representante Instituto Mulheres pelo Trânsito FÁBIO MARÇAL; Especialista em educação para o trânsito e segurança viária ENCERRAMENTO Requerimento 16/26 (Dep. Gilson Daniel)";
81699;https://dadosabertos.camara.leg.br/api/v2/eventos/81699;2026-04-17 10:50:00;2026-04-17 10:52:00;Sessão Deliberativa;Sessão Deliberativa Extraordinária Semipresencial (AM nº 123/2020);Plenário da Câmara dos Deputados
81384;https://dadosabertos.camara.leg.br/api/v2/eventos/81384;2026-04-17 09:28:00;2026-04-17 10:31:00;Sessão Não Deliberativa Solene;Homenagem ao Aniversário de Brasília;Plenário da Câmara dos Deputados
81641;https://dadosabertos.camara.leg.br/api/v2/eventos/81641;2026-04-16 14:31:00;2026-04-16 16:20:00;Sessão Não Deliberativa Solene;Homenagem ao Dia Nacional de Luta pela Reforma Agrária;Plenário da Câmara dos Deputados
81692;https://dadosabertos.camara.leg.br/api/v2/eventos/81692;2026-04-16 10:37:00;2026-04-16 12:31:00;Sessão Deliberativa;Sessão Deliberativa Extraordinária Semipresencial (AM nº 123/2020);Plenário da Câmara dos Deputados
81487;https://dadosabertos.camara.leg.br/api/v2/eventos/81487;2026-04-16 10:21:13;2026-04-16 12:37:30;Audiência Pública;"REQ. 58/2026 CSAUDE da Deputada Carla Dickson Convidado(as) s confirmados(as): - Roberto Murad Vessani Presidente da Sociedade Brasileira de Glaucoma - SBG (participação presencial); - Maria Auxiliadora Monteiro Frazão Presidente do Conselho Brasileiro de Oftalmologia - CBO (participação presencial); - Lúcia Xavier (participação presencial); Representante da Associação de Diabetes juvenil (ADJ); - Oswaldo Ferreira Moura Brasil Presidente da Sociedade Brasileira de Oftalmologia -SOB (participação virtual); - Angela Sousa Presidente da Retina Brasil (participação virtual); - Gabriela Alves de Oliveira Hidalgo Coordenadora de Projetos da Secretaria de Atenção Especializada à Saúde - SAES - do Ministério da Saúde (participação virtual).";Anexo II, Plenário 07
81395;https://dadosabertos.camara.leg.br/api/v2/eventos/81395;2026-04-16 10:12:00;2026-04-16 11:55:57;Audiência Pública;Requerimentos nº 01/2026 e 05/2026, do Deputado Kiko Celeguim Requerimento nº 04/2026, do Deputado Carlos Sampaio CONVIDADOS: - Luiz Renato Fraga Rios - CONFIRMADO REMOTO Diretor de Proteção da Receita da Companhia de Saneamento Básico do Estado de São Paulo (SABESP) - Márcio André Oliveira Brito - CONFIRMADO PRESENCIAL Presidente do Instituto Nacional de Metrologia, Qualidade e Tecnologia (Inmetro) - Felipe Cascaes Sabin Bresciani - CONFIRMADO PRESENCIAL Diretor Jurídico e Legislativo da Associação e Sindicato Nacional das Concessionárias Privadas de Serviços Públicos de Água e Esgoto (Abcon/Sindcon);Anexo II, Plenário 08
81635;https://dadosabertos.camara.leg.br/api/v2/eventos/81635;2026-04-16 10:03:27;2026-04-16 11:28:15;Audiência Pública;1) CARLOS GOULART (Confirmado virtualmente) Secretário de Defesa Agropecuária Ministério da Agricultura e Pecuária - MAPA 2) DIEGO DO AMARAL (Confirmado virtualmente) Presidente União Nacional dos Fiscais Agropecuários - UNAFA 3) RAFAEL RIBEIRO DE LIMA FILHO (Confirmado) Assessor Técnico Confederação da Agricultura e Pecuária do Brasil - CNA 4) REPRESENTANTE (a Confirmar) Sociedade Brasileira de Defesa Agropecuária - SBDA 5) REPRESENTANTE (a Confirmar) Ministério do Planejamento e Orçamento - MPOG 6) RICARDO AURÉLIO PINTO NASCIMENTO (Confirmado) Vice-Presidente Associação Nacional dos Fiscais Federais Agropecuários - ANFFA Sindical (REQ 29/2026 CAPADR, do deputado Márcio Honaiser);Anexo II, Plenário 06
81593;https://dadosabertos.camara.leg.br/api/v2/eventos/81593;2026-04-16 09:33:12;2026-04-16 12:26:07;Audiência Pública e Deliberação;"A- Audiência Pública Tema: Regulamentação da Política Nacional de Direitos das Populações Atingidas por Barragens e a Situação do Auxílio Emergencial na Bacia do Paraopeba. Convidados: KELLI CRISTINE DE OLIVEIRA MAFORT, Secretária Nacional de Diálogos Sociais e Articulação de Políticas Públicas da Secretaria-Geral da Presidência da República (confirmada); JULEVÂNIA ALVES OLEGÁRIO, Diretora do Departamento de Desenvolvimento Sustentável na Mineração da Secretaria Nacional de Geologia, Mineração e Transformação Mineral do Ministério de Minas e Energia (confirmada); GUILHERME CAMPONÊZ, Membro da Coordenação Nacional do Movimento dos Atingidos por Barragens (MAB) (confirmado); GIORGI AUGUSTUS NOGUEIRA PEIXE SALES, Defensor Público Federal da Defensoria Pública da União (DPU) (confirmado); STEFANI PINHO, Representante do Comitê Jurídico do Instituto Brasileiro de Mineração (IBRAM) (confirmada); GABRIEL PARREIRAS, Prefeito de Brumadinho (confirmado); ANDRESA APARECIDA ROCHA RODRIGUES, Prefeita de Mário Campos (confirmada); Requerimentos nº 15/2024 e nº 22/2024, do Deputado Rogério Correia. B- Deliberação de Requerimentos:";Anexo II, Plenário 04
81533;https://dadosabertos.camara.leg.br/api/v2/eventos/81533;2026-04-15 17:18:51;2026-04-15 19:48:56;Audiência Pública;"Requerimento n. 40/2026 Autores: Dep. Padre João PT-MG, Dep. João Daniel PT-SE, Dep. Valmir Assunção PT-BA e Dep. Marcon PT-RS Convidados: - Fernanda Machiaveli Morão de Oliveira, Ministra de Estado do Ministério do Desenvolvimento Agrário e Agricultura Familiar (MDA); Confirmada - MAÍRA CORACI DINIZ, Diretora de Obtenção de Terras, representante do Instituto Nacional de Colonizacao e Reforma Agraria (Incra); Confirmada - Representante da Comissao Pastoral da Terra (CPT); - Representante do Movimento dos Trabalhadores Rurais Sem Terra (MST); - MATHEUS DE ANDRADE BUENO, Procurador da República Coordenador Adjunto da Comissão Reforma Agrária e Conflitos Fundiários; Confirmado - Deputado Estadual Leleco Pimentel (PT/MG); Confirmado";Anexo II, Plenário 09
81630;https://dadosabertos.camara.leg.br/api/v2/eventos/81630;2026-04-15 16:00:00;;Audiência Pública;1) ANA LÍGIA ARANHA LENAT (Confirmada) Coordenadora de produção agrícola Confederação da Agricultura e Pecuária do Brasil - CNA 2) ANTONIO LUIZ NETO NETO (Confirmado) Gerente de treinamento e educação Associação Nacional dos Distribuidores de Insumos Agrícolas e Veterinários - ANDAV 3) CÉZAR BATALHA (Confirmado) Diretor de fiscalização do agronegócio Tribunal de Contas da União - TCU 4) CLECIVALDO RIBEIRO (Confirmado) Diretor de desenvolvimento das cadeias produtivas Ministério da Agricultura e Pecuária - MAPA 5) FABIO YOSHIO KAGI (Confirmado) Gerente de relações institucionais e assuntos regulatórios Sindicato Nacional da Indústria de Produtos para Defesa Vegetal - SINDIVEG 6) LEONARDO MINARÉ BRAÚNA (Confirmado) Consultor técnico Associação Brasileira dos Produtores de Soja - APROSOJA Brasil 7) REPRESENTANTE (a Confirmar) Confederação Nacional dos Trabalhadores Rurais Agricultores e Agricultoras Familiares - CONTAG 8) REPRESENTANTE (a Confirmar) Conselho Administrativo de Defesa Econômica - CADE (REQ 1/2026 CAPADR, da deputada Coronel Fernanda);A Definir
81612;https://dadosabertos.camara.leg.br/api/v2/eventos/81612;2026-04-15 15:25:59;2026-04-15 17:20:27;Palestra;Palestra para os alunos do Curso Superior de Defesa: a importância do processo legislativo no cenário da Defesa Nacional. Palestrante: Deputado Luiz Philippe de Orleans e Bragança, Presidente da Comissão de Relações Exteriores e de Defesa Nacional da Câmara dos Deputados (CREDN) e vice-Presidente da Comissão Mista de Controle das Atividades de Inteligência do Congresso Nacional (CCAI);Auditório Nereu Ramos
81486;https://dadosabertos.camara.leg.br/api/v2/eventos/81486;2026-04-15 15:14:28;2026-04-15 17:52:11;Audiência Pública;Requerimento nº 109/2026 de autoria do Deputado Federal Capitão Alden (PL/BA) Requer a realização de audiência pública para debater o Projeto de Lei nº 4.480, de 2025, que altera a Lei nº 14.312, de 2022, do Programa Habite Seguro. CONVIDADOS: APARECIDO CORREIA DE ALMEIDA (confirmado) Cel PM RR - Presidente da Associação dos Veteranos do Estado de Goiás - AVEGO LEOZÍLIO FERREIRA FRANCA (Confirmado) Diretor de Assuntos Parlamentares da Secretaria Nacional de Assuntos Legislativos do do Ministério da Justiça e Segurança Pública MAJOR IGOR CARVALHO ROCHA (confirmado) Presidente da Associação dos Oficiais Militares Estaduais da Bahia - FORÇA INVICTA ALAÍCE GOMES DOS SANTOS (confirmada) Presidente da Associação de Praças da Polícia e Bombeiro Militar da Bahia - APPM-BA EUSTÁCIO LOPES OLIVEIRA FILHO (confirmado) Presidente do Sindicato dos Policiais Civis da Bahia - Sindpoc ERIC LOPES (confirmado) Diretor Parlamentar do Sindicato dos Policiais Civis da Bahia - Sindpoc REJANE SOLDANI SOBREIRO (confirmada) Diretora da Federação Nacional de Sindicatos de Guardas Municipais - FENAGUARDAS DIEGO MANTOVANELI (confirmado) Presidente da Associação Nacional da Polícia Penal Federal MARCOS VINÍCIUS GOMES AVELINO (confirmado) Vice-Presidente da Federação Nacional dos Policiais Federais - FENAPEF FIDELIS ANTONIO FANTIN JUNIIOR (confirmado) Consultor de Orçamento e Fiscalização Financeira da Câmara dos Deputados THALES MANÇANO PEDREIRA (confirmado) Diretor do Sindicato dos Guardas Civis do Estado da Bahia - SINDGUARDAS/BA REIVON PIMENTEL (a confirmar) Presidente do Sindicato dos Policiais Penais e Servidores Penitenciários do Estado da Bahia TÁCIO MELO (a confirmar) Presidente da Federação Nacional dos Policiais Rodoviários Federais - FENAPRF;Anexo II, Plenário 06
81627;https://dadosabertos.camara.leg.br/api/v2/eventos/81627;2026-04-15 14:01:14;2026-04-15 14:12:00;Reunião Deliberativa;Discussão e votação de requerimentos;Anexo II, Plenário 14
81536;https://dadosabertos.camara.leg.br/api/v2/eventos/81536;2026-04-15 14:48:00;2026-04-15 16:07:13;Reunião de Comparecimento de Ministro(a);(REQ 5/2026 CCOM, da deputada Maria Rosas) 1) FREDERICO DE SIQUEIRA FILHO (Presença confirmada) Ministro Ministério das Comunicações;Anexo II, Plenário 11
81638;https://dadosabertos.camara.leg.br/api/v2/eventos/81638;2026-04-15 14:24:00;2026-04-15 14:30:00;Reunião Deliberativa;Discussão e votação de propostas legislativas;Anexo II, Plenário 03
81573;https://dadosabertos.camara.leg.br/api/v2/eventos/81573;2026-04-15 14:23:01;2026-04-15 15:55:38;Reunião Deliberativa;Discussão e votação de propostas legislativas;Anexo II, Plenário 07
81610;https://dadosabertos.camara.leg.br/api/v2/eventos/81610;2026-04-15 14:19:35;2026-04-15 17:52:45;Audiência Pública e Deliberação;"A - Audiência Pública Tema: Redução da idade mínima para obtenção da primeira habilitação Convidados: DÁRCIO BRACARENSE, Vereador da Câmara Municipal de Vitória/ES (REQ 23/26) - (Confirmado) ANA FLÁVIA VIEIRA DE MATTOS, Conselheira Federal e especialista em Psicologia do Trânsito do Conselho Federal de Psicologia - CFP (REQ 7/26) - (Confirmada) VICTOR RATTES, Representante do Movimento Brasil Livre - MBL (REQ 7/26) - (Confirmado) CHRISTIAN RIGER, Coordenador de Desenvolvimento Profissional do SEST/SENAT (REQ 7/26) - (Confirmado) ADRIANE BEATRIZ SILVA, Representante da Federação Nacional dos Servidores de Detrans -FETRAN; (REQ 23/26) - (Confirmada) FERNANDO CAPEZ, Advogado e Jurista; (REQ 23/26) - (a confirmar) MATHEUS MARTINS, Presidente da ACESP; (REQ 23/26) - (Confirmado) YOMARA RIBEIRO, Representante da ATRAESC e do Instituto das Mulheres; (REQ 23/26) - (Confirmada) WAGNER FREITAS, Representante da FENAINST, (REQ 23/26) - (Confirmado) ALBERTO FRANCISCO SABBAG, Representante da Associação do Bem Comum; (REQ 23/26) - (Confirmado) YGOR VALENÇA, Presidente da FENEAUTO (REQ 23/26) - (Confirmado) ARY JORGE ALMEIDA SOARES, advogado especialista da Diretoria Jurídica e Sindical da Confederação Nacional do Comércio de Bens, Serviços e Turismo - CNC (REQ 23/26) - (Confirmado) (Requerimentos nº 7/2026, Dep. Aureo Ribeiro) (Requerimento nº 23/2026, Dep. Coronel Meira) B - Deliberação de Requerimentos";Anexo II, Plenário 02
81580;https://dadosabertos.camara.leg.br/api/v2/eventos/81580;2026-04-15 14:13:12;2026-04-15 16:27:11;Reunião Deliberativa;Discussão e Votação de propostas legislativas;Anexo II, Plenário 09
81448;https://dadosabertos.camara.leg.br/api/v2/eventos/81448;2026-04-15 14:09:00;2026-04-15 15:34:00;Audiência Pública;"Audiência Pública com o Comitê Brasileiro de Clubes Paralímpicos (CBCP) para debater as políticas públicas voltadas ao desenvolvimento do paradesporto e à aplicação de recursos no ciclo paralímpico, em atenção ao Requerimento nº 15/2026, de autoria do deputado Saulo Pedroso. Convidado confirmado: Sr. João Batista Carvalho e Silva, presidente do Comitê Brasileiro de Clubes Paralímpicos (CBCP);";Anexo II, Plenário 04
81658;https://dadosabertos.camara.leg.br/api/v2/eventos/81658;2026-04-15 14:02:00;2026-04-15 21:55:00;Sessão Deliberativa;Sessão Deliberativa Extraordinária Semipresencial (AM nº 123/2020);Plenário da Câmara dos Deputados
81569;https://dadosabertos.camara.leg.br/api/v2/eventos/81569;2026-04-15 13:59:42;2026-04-15 14:17:25;Reunião Deliberativa;Discussão e votação de propostas legislativas;Anexo II, Plenário 10
81615;https://dadosabertos.camara.leg.br/api/v2/eventos/81615;2026-04-15 13:51:12;2026-04-15 14:15:09;Reunião Deliberativa;Discussão e votação de propostas legislativas;Anexo II, Plenário 05
81602;https://dadosabertos.camara.leg.br/api/v2/eventos/81602;2026-04-15 13:39:18;2026-04-15 14:00:52;Reunião Deliberativa;Discussão e votação de propostas legislativas;Anexo II, Plenário 14
81648;https://dadosabertos.camara.leg.br/api/v2/eventos/81648;2026-04-15 13:42:11;2026-04-15 14:02:58;Reunião Deliberativa;Discussão e votação de propostas legislativas;Anexo II, Plenário 12
81616;https://dadosabertos.camara.leg.br/api/v2/eventos/81616;2026-04-15 13:00:00;;Reunião Deliberativa;Discussão e votação de propostas legislativas;Anexo II, Plenário 04
81090;https://dadosabertos.camara.leg.br/api/v2/eventos/81090;2026-04-15 11:15:00;2026-04-15 13:09:00;Sessão Não Deliberativa Solene;Homenagem ao Dia Nacional da lembrança do holocausto;Plenário da Câmara dos Deputados
81623;https://dadosabertos.camara.leg.br/api/v2/eventos/81623;2026-04-15 11:00:00;;Reunião Deliberativa;Discussão e votação de propostas legislativas;Anexo II, Plenário 01
81546;https://dadosabertos.camara.leg.br/api/v2/eventos/81546;2026-04-15 10:43:20;2026-04-15 12:08:00;Audiência Pública;Convidados: 1) CONSELHEIRO CEZAR MIOLA | Vice-Presidente de Relações Institucionais da Associação dos Membros dos Tribunais de Contas do Brasil (Atricon) 2) JEFFERSON CURTINOVI | Auditor Federal de Controle Externo do Tribunal de Contas da União (TCU). (Em atendimento ao Requerimento nº 54, de 2026, de iniciativa do Dep. Alexandre Lindenmeyer | PT/RS e do Dep. Dimas Gadelha | PT/RJ);Anexo II, Plenário 09
81568;https://dadosabertos.camara.leg.br/api/v2/eventos/81568;2026-04-15 11:23:51;2026-04-15 12:57:38;Reunião Deliberativa;Discussão e votação de propostas legislativas;Anexo II, Plenário 08
81579;https://dadosabertos.camara.leg.br/api/v2/eventos/81579;2026-04-15 10:50:00;2026-04-15 12:25:00;Reunião Deliberativa;Discussão e Votação de Propostas Legislativas;Anexo II, Plenário 12
81557;https://dadosabertos.camara.leg.br/api/v2/eventos/81557;2026-04-15 10:49:18;2026-04-15 11:42:17;Reunião Deliberativa;Discussão e votação de propostas legislativas;Anexo II, Plenário 05
81552;https://dadosabertos.camara.leg.br/api/v2/eventos/81552;2026-04-15 10:47:11;2026-04-15 11:14:48;Reunião Deliberativa;Discussão e votação de propostas legislativas;Anexo II, Plenário 15
81565;https://dadosabertos.camara.leg.br/api/v2/eventos/81565;2026-04-15 10:43:20;2026-04-15 10:56:15;Reunião Deliberativa;Discussão e votação de propostas legislativas;Anexo II, Plenário 16
81576;https://dadosabertos.camara.leg.br/api/v2/eventos/81576;2026-04-15 10:41:39;2026-04-15 11:23:31;Reunião Deliberativa;Discussão e votação de propostas legislativas.;Anexo II, Plenário 14
81529;https://dadosabertos.camara.leg.br/api/v2/eventos/81529;2026-04-15 10:34:31;2026-04-15 13:30:58;Reunião Deliberativa;Discussão e votação de propostas legislativas;Anexo II, Plenário 01
81617;https://dadosabertos.camara.leg.br/api/v2/eventos/81617;2026-04-15 10:24:28;2026-04-15 11:30:22;Reunião Deliberativa;Discussão e votação de propostas legislativas;Anexo II, Plenário 11
81603;https://dadosabertos.camara.leg.br/api/v2/eventos/81603;2026-04-15 10:17:24;2026-04-15 10:43:43;Reunião Deliberativa;Discussão e votação de propostas legislativas;Anexo II, Plenário 04
81555;https://dadosabertos.camara.leg.br/api/v2/eventos/81555;2026-04-15 10:11:58;2026-04-15 12:14:44;Reunião Deliberativa;Discussão e votação de propostas legislativas;Anexo II, Plenário 10
81558;https://dadosabertos.camara.leg.br/api/v2/eventos/81558;2026-04-15 10:10:36;2026-04-15 11:43:11;Reunião Deliberativa;Discussão e votação de propostas legislativas;Anexo II, Plenário 02
81560;https://dadosabertos.camara.leg.br/api/v2/eventos/81560;2026-04-15 10:00:00;;Reunião Deliberativa;Discussão e votação de proposições;Anexo II, Plenário 06
81590;https://dadosabertos.camara.leg.br/api/v2/eventos/81590;2026-04-15 10:07:27;2026-04-15 12:31:44;Reunião Deliberativa;- Acordo de Procedimentos da Comissão de Saúde para o ano de 2026.;Anexo II, Plenário 07
81626;https://dadosabertos.camara.leg.br/api/v2/eventos/81626;2026-04-15 09:56:46;2026-04-15 10:58:16;Reunião Deliberativa;Apresentação institucional sobre os programas de desenvolvimento das aeronaves KC-390 e F-39 Gripen Brigadeiro do Ar JORGE MARQUES DE CAMPOS JUNIOR Diretor do Instituto de Aeronáutica e Espaço, da Força Aérea Brasileira (FAB);Anexo II, Plenário 13
81642;https://dadosabertos.camara.leg.br/api/v2/eventos/81642;2026-04-15 09:30:00;2026-04-15 10:30:00;Mesa Redonda;Discussão da pauta e assuntos internos da CDE;
81554;https://dadosabertos.camara.leg.br/api/v2/eventos/81554;2026-04-15 09:30:00;2026-04-15 10:08:00;Mesa Redonda;Discussão da pauta e assuntos internos;
81575;https://dadosabertos.camara.leg.br/api/v2/eventos/81575;2026-04-15 09:30:00;2026-04-15 10:16:00;Reunião Técnica;Convidado: MINISTRO VITAL DO RÊGO | Presidente do Tribunal de Contas da União (TCU) (Em atendimento ao Requerimento nº 38, de 2026, de iniciativa do Dep. Alexandre Lindenmeyer | PT-RS);
81609;https://dadosabertos.camara.leg.br/api/v2/eventos/81609;2026-04-15 10:28:29;2026-04-15 12:45:49;Reunião Deliberativa;Discussão e votação de propostas legislativas;Anexo II, Plenário 03
81388;https://dadosabertos.camara.leg.br/api/v2/eventos/81388;2026-04-15 09:27:00;2026-04-15 10:51:00;Sessão Não Deliberativa Solene;Homenagem ao mês de conscientização da obesidade;Plenário da Câmara dos Deputados
81637;https://dadosabertos.camara.leg.br/api/v2/eventos/81637;2026-04-15 09:00:00;2026-04-15 11:39:00;Mesa Redonda;Reunião de articulação política, discussão da pauta e assuntos de interesse da Comissão;
81651;https://dadosabertos.camara.leg.br/api/v2/eventos/81651;2026-04-15 08:00:00;2026-04-15 12:02:00;Mesa Redonda;Discussão da pauta e outros assuntos atinentes à Comissão;
81527;https://dadosabertos.camara.leg.br/api/v2/eventos/81527;2026-04-14 17:11:32;2026-04-14 18:57:57;Audiência Pública;"Requerimento n. 23/2026 Autora: Dep. Duda Salabert Convidados: - DRAURIO BARREIRA, Representante do Ministério da Saúde - Departamento de HIV, Aids, Tuberculose, Hepatites Virais e Infecções Sexualmente Transmissíveis; - Representante da Comissao Nacional de Incorporacao de Tecnologias no SUS (CONITEC); - Representante da empresa farmaceutica Gilead Sciences; - GUSTAVO PASSOS, Oficial de Igualdade e Direito - Representante do Programa Conjunto das Nações Unidas sobre HIV/AIDS (UNAIDS); - SUSANA VAN DER PLOEG, Representante do Grupo de Trabalho sobre Propriedade Intelectual, da Associação Brasileira Interdisciplinar de Aids; - SÍLVIA PEREIRA DA SILVA SANTOS, Diretora de Farmanguinhos, representante da FIOCRUZ.";Anexo II, Plenário 09
81341;https://dadosabertos.camara.leg.br/api/v2/eventos/81341;2026-04-14 17:04:33;2026-04-14 19:16:14;Reunião Técnica;CÂMARA DOS DEPUTADOS CENTRO DE ESTUDOS E DEBATES ESTRATÉGICOS 57ª Legislatura - 4ª Sessão Legislativa Ordinária Audiência Pública de 14 DE ABRIL DE 2026 Grupo de Estudos IMPACTOS ECONÔMICOS, TRIBUTÁRIOS, PREVIDENCIÁRIOS E TRABALHISTAS DOS PROCESSOS DE PEJOTIZAÇÃO TEMA: IMPACTOS SOCIAIS E TRABALHISTAS DA PEJOTIZAÇÃO Local: Plenário 4 Data: 14/04/26 Horário: 17h00 Transmissão ao vivo pelo youtube: http://cd.leg.br/youtube Link do zoom: https://us02web.zoom.us/j/81508354978 P A U T A DA REUNIÃO A audiência pública sobre os impactos sociais e trabalhistas da pejotização tem como objetivo debater efeitos econômicos, jurídicos e sociais da contratação via pessoa jurídica (PJ) nas relações de trabalho, avaliando impactos sobre direitos trabalhistas, produtividade, arrecadação e desenvolvimento econômico. É fundamental compreender em que medida a contratação por pessoa jurídica representa legítima reorganização produtiva e em que situações pode configurar precarização das condições de trabalho ou supressão de direitos historicamente consolidados. Também se faz necessário examinar os reflexos desse modelo sobre a arrecadação previdenciária, a formalização do mercado de trabalho, a competitividade empresarial e a própria capacidade do Estado de garantir proteção social adequada aos trabalhadores. A complexidade do tema exige análise equilibrada, baseada em evidências, que considere tanto a necessidade de modernização das relações laborais quanto a preservação de direitos fundamentais e da dignidade do trabalho. Esta audiência busca construir um espaço de diálogo institucional capaz de identificar convergências, divergências e caminhos possíveis para o aperfeiçoamento regulatório. O objetivo não é apenas diagnosticar desafios, mas contribuir para a formulação de soluções que tragam maior segurança jurídica, equilíbrio econômico e justiça social. 1 Abertura dos trabalhos Deputado Márcio Jerry, Presidente do CEDES e relator do estudo 2 Apresentação dos palestrantes: - Rodrigo Hideki Hori Takahashi, Vice-Presidente Agente Operador do FGTS da Caixa Econômica Federal (CEF) (confirmado presencial) - Mauro Augusto Leão Braga,Juiz do TRT da 11ª Região/AM e membro da Comissão Legislativa da Associação Nacional dos Magistrados da Justiça do Trabalho (ANAMATRA) (confirmado) - Geny Helena Marques, Procuradora e Diretora de Comunicação da Associação Nacional dos Procuradores e Procuradoras do Trabalho (ANPT) (confirmado) - Renato Soares Ferreira, Chefe da Assessoria Especial do Ministro da Microempresa e da Empresa de Pequeno Porte (MEMP) (confirmado presencial) - Leonardo José Decuzzi, Auditor-Fiscal do Trabalho e Diretor do Sindicato nacional dos auditores f iscais do trabalho (SINAIT) (confirmado) - Wilson Correa de Araújo Neto, Especialista em políticas e indústria da Confederação Nacional da Indústria (CNI) (confirmado) 3 Debate entre o deputado relator, palestrantes, consultores e convidados - Ricardo Miranda de Sousa, Diretor da Consultoria e Secretário Executivo do CEDES - Consultores Legislativos: Thiago Freire Laporte (coordenador), Charles da Costa Bruxel, Gleodes Victor Duarte Cruz, José Maurício de Araujo, Helder Ferreira Filho e André Marinho de Sousa 4 Encerramento dos trabalhos;Anexo II, Plenário 11
81476;https://dadosabertos.camara.leg.br/api/v2/eventos/81476;2026-04-14 16:20:54;2026-04-14 18:37:20;Audiência Pública;(REQ 6/2026 CASP, da deputada Sâmia Bomfim) 1) CLAUDIA MÁRCIA DE CARVALHO SOARES (Confirmada - Virtual) Presidente Associação Brasileira de Magistrados do Trabalho – ABMT 2) EURIDICE FERREIRA DE ALMEIDA (Confirmada - Virtual) Conselheira e Coordenadora Conselho Nacional de Saúde 3) LUIS HENRIQUE DA COSTA LEÃO (Confirmado) Coordenador-Geral de Vigilância em Saúde do Trabalhador Ministério da Saúde 4) MARIA MAENO (Confirmada) Pesquisadora Ministério do Trabalho e Emprego e do Instituto Walter Leser da Fundação Escola de Sociologia e Política de São Paulo 5) MARIANA CONTI (Confirmada - Virtual) Vereadora Câmara Municipal de Campinas 6) MAURO SALLES (Confirmado) Secretário Confederação Nacional de Trabalhadores do Ramo Financeiro 7) PEDRO TOURINHO (Não paricipará) Presidente Fundacentro - Ministério do Trabalho e Emprego 8) RAIMUNDO LIMA RIBEIRO JUNIOR (Confirmado - Virtual) Coordenador da CODEMAT Ministério Público do Trabalho;Anexo II, Plenário 08
81622;https://dadosabertos.camara.leg.br/api/v2/eventos/81622;2026-04-14 16:00:00;2026-04-14 21:23:00;Sessão Deliberativa;Sessão Deliberativa Extraordinária Presencial (AM nº 123/2020);Plenário da Câmara dos Deputados
81608;https://dadosabertos.camara.leg.br/api/v2/eventos/81608;2026-04-14 16:31:00;2026-04-14 17:24:00;Reunião de Instalação e Eleição;Instalação e Eleição para o cargo de Presidente e Vice-Presidentes;Anexo II, Plenário 05
81370;https://dadosabertos.camara.leg.br/api/v2/eventos/81370;2026-04-14 15:30:00;;Audiência Pública;"(REQ 8/2026 CVT, do deputado Márcio Honaiser) REUNIÃO CANCELADA Convidados: . SILVIO COSTA FILHO, Ministro de Portos e Aeroportos; . TIAGO CHAGAS FAIERSTEIN, Diretor-Presidente da Agência Nacional de Aviação Civil - ANAC; . JULIANO NOMAN, Presidente da Associação Brasileira de Empresas Aéreas - ABEAR; . Cmte. GUSTAVO ORTEGAL, Diretor de Segurança de Voo do Sindicato Nacional dos Aeronautas - SNA; (Confirmado) . Representante da concessionária do Aeroporto de São Luís;";A Definir
81530;https://dadosabertos.camara.leg.br/api/v2/eventos/81530;2026-04-14 16:17:44;2026-04-14 17:42:23;Reunião Deliberativa;Discussão e votação de propostas legislativas;Anexo II, Plenário 01
81355;https://dadosabertos.camara.leg.br/api/v2/eventos/81355;2026-04-14 15:29:01;2026-04-14 17:44:08;Audiência Pública;"Audiência Pública Tema: Impactos Econômicos e Mecanismos de Combate à Pirataria, Falsificação e Contrabando no Comércio Varejista, no Comércio Exterior e no Direito do Consumidor Convidados: FABRIZIO PANZINI, Diretor de Políticas Públicas da Câmara Americana de Comércio para o Brasil - AMCHAM (REQ 3/2026) - (confirmado); RENATO SMIRNE JARDIM, Diretor Executivo da Associação pela Indústria e Comércio Esportivo - ÁPICE (REQ 3/2026) - (confirmado); MARCELO CHILVARQUER, Gerente de Relações Governamentais do Mercado Livre (REQ 3/2026) - (confirmado); CRISTIANE FOJA, Presidente Executiva da Associação Brasileira de Bebidas - ABRABE (REQ 16/2026) - (confirmada); JORDANA SALDANHA, Diretora Executiva da Associação Brasileira das Indústrias de Produtos de Higiene, Limpeza e Saneantes de Uso Doméstico e de Uso Profissional - ABIPLA (REQ 19/2026) - (confirmada); e ALLAN GRABARZ, Conselheiro-Diretor da Associação Brasileira do Varejo Têxtil - ABVTEX (REQ 3/2026) - (confirmado). (Requerimento nº 3/2026, do Dep. Julio Lopes) (Requerimento nº 16/2026, do Dep. Julio Lopes) (Requerimento nº 19/2026, do Dep. Julio Lopes)";Anexo II, Plenário 03
81537;https://dadosabertos.camara.leg.br/api/v2/eventos/81537;2026-04-14 15:07:00;2026-04-14 15:28:00;Reunião Deliberativa;Discussão e votação de propostas legislativas;Anexo II, Plenário 13
81589;https://dadosabertos.camara.leg.br/api/v2/eventos/81589;2026-04-14 15:27:50;2026-04-14 15:37:37;Reunião Deliberativa;Discussão e votação de propostas legislativas;Anexo II, Plenário 01
81080;https://dadosabertos.camara.leg.br/api/v2/eventos/81080;2026-04-14 14:30:00;;Reunião Deliberativa;Discussão e votação de proposição;Anexo II, Plenário 07
81543;https://dadosabertos.camara.leg.br/api/v2/eventos/81543;2026-04-14 14:43:42;2026-04-14 15:32:08;Reunião Deliberativa;Discussão e votação de propostas legislativas;Anexo II, Plenário 06
81541;https://dadosabertos.camara.leg.br/api/v2/eventos/81541;2026-04-14 14:30:51;2026-04-14 14:45:36;Reunião Deliberativa;Discussão e votação de propostas legislativas;Anexo II, Plenário 12
81516;https://dadosabertos.camara.leg.br/api/v2/eventos/81516;2026-04-14 14:30:00;2026-04-14 15:42:00;Outro Evento;Convidados: Luiz Marinho Ministro do Trabalho e Emprego - MTE Francisco Macena da Silva Secretário-Executivo do Ministério do Trabalho - MTE Regis Dudena Secretário de Reformas Econômicas do Ministério da Fazenda Clarice Calixto Procuradora-Geral da União - AGU Max Lemos Presidente da Comissão de Trabalho Adauto Duarte Diretor-Executivo da Federação Brasileira de Bancos - Febraban Antônio Neto Presidente da Central dos Sindicatos Brasileiros - CSB Miguel Torres Presidente da Força Sindical Kelly Poliany de Souza Alves Coordenadora-Geral de Alimentação e Nutrição do Ministério da Saúde - CGAN-MS Adilson Gonçalves de Araújo Presidente da Central dos Trabalhadores e Trabalhadoras do Brasil - CTB Gabriel Santos Presidente da Confederação Nacional dos Trabalhadores Assalariados Rurais - Contar Paulo Solmucci Presidente-Executivo da Associação Brasileira de Bares e Restaurantes - ABRASEL João Carlos Galassi Presidente da Associação Brasileira de Supermercados - ABRAS Alaor Aguirri Presidente-Executivo da Associação Brasileira das Empresas de Benefícios ao Trabalhador - ABBT Eduardo Braz del Giglio Conselheiro da Câmara Brasileira de Benefícios ao Trabalhador - CBBT Gabriel Cohen Conselheiro da Associação Brasileira das Instituições de Pagamento - ABIPAG;Auditório Nereu Ramos
81563;https://dadosabertos.camara.leg.br/api/v2/eventos/81563;2026-04-14 14:14:51;2026-04-14 16:08:11;Audiência Pública e Deliberação;"Tema: Inclusão Social e Escolar - Infância e Adolescência. Convidados: ALEX REINECKE, Diretor de Relações Institucionais da Secretaria Nacional dos Direitos da Pessoa com Deficiência do Ministério dos Direitos Humanos e da Cidadania (por videoconferência); (CONFIRMADO) FRANCISCO ALEXANDRE DOURADO MAPURUNGA, Diretor de Políticas de Educação Especial na Perspectiva Inclusiva do Ministério da Educação (por videoconferência); (CONFIRMADO) Prof. LUIZ FERNANDO ZUIN, Coordenador Nacional de Educação e Ação Pedagógica da Federação Nacional das Associações de Pais e Amigos dos Excepcionais - FENAPAES; (CONFIRMADO) FERNANDO COTTA, Presidente de Honra do Movimento Orgulho Autista Brasil - MOAB; (CONFIRMADO) MARCOS MION, Comunicador e Ativista da causa do Transtorno do Espectro Autista; (A CONFIRMAR) Representante do Conselho Nacional de Educação; (A CONFIRMAR) (Requerimentos nºs. 28 e 30/2025, do Dep. Orlando Silva)";Anexo II, Plenário 09
81478;https://dadosabertos.camara.leg.br/api/v2/eventos/81478;2026-04-14 14:14:38;2026-04-14 16:52:07;Audiência Pública;Convidados: 1) Bruno Valle de Moura, Superintendente de Defesa da Concorrência da Agência Nacional do Petróleo, Gás Natural e Biocombustíveis - ANP (Confirmado) 2) Diogo Gonçalves Bezerra, Gerente de Previsão de Preços, Mercado e Vendas da Petrobras (Confirmado) 3) Osny da Silva Filho, Diretor do Departamento de Proteção e Defesa do Consumidor da Secretaria Nacional do Consumidor - Senacon (Confirmado) 4) James Thorp Neto, Presidente da Federação Nacional do Comércio de Combustíveis e de Lubrificantes - Fecombustiveis (Confirmado) 5) Federação Única dos Petroleiros - FUP 6) Instituto Brasileiro de Defesa do Consumidor - Idec 7) Cloviomar Cararine Pereira, Economista e Técnico na subseção da Federação Única dos Petroleiros - FUP do Departamento Intersindical de Estatística e Estudos Socioeconômicos - Dieese (Confirmado) 8) Ticiana Alvares, Diretora Técnica do Instituto de Estudos Estratégicos de Petróleo, Gás Natural e Biocombustíveis - Ineep (Confirmado) (REQ 2/2026 CFT, do deputado Merlong Solano);Anexo II, Plenário 04
81539;https://dadosabertos.camara.leg.br/api/v2/eventos/81539;2026-04-14 14:00:00;;Reunião Deliberativa;PAUTA SUJEITA A ALTERAÇÕES 1 - Representação nº 24/25 e apensadas (Representações nº 25/25 e 27/25), em desfavor dos Deputados Marcos Pollon, Marcel van Hattem e Zé Trovão, respectivamente - Leitura, discussão e votação do Parecer Final do Relator, Deputado Moses Rodrigues. 2 - Representação nº 26/25, em desfavor do Deputado Marcos Pollon - Leitura, discussão e votação do Parecer Final do Relator, Deputado Ricardo Maia.;Anexo II, Plenário 11
81364;https://dadosabertos.camara.leg.br/api/v2/eventos/81364;2026-04-14 13:18:00;2026-04-14 14:59:00;Audiência Pública;"Convidados: . ANDERSON BELLAS, Coordenador-Geral de Concessões e Serviços Rodoviários do Ministério dos Transportes; (Confirmado) . LETÍCIA DANTAS, Chefe do escritório de fiscalização de Brasília; ROSSIELE FORMIGA, Coordenadora de Passe Livre; ANDERSON POUBEL, Gerente de estudos e Regulação do Transporte de Passageiro; e GRAZIELE DOS SANTOS, Especialista em Regulação; todos representantes da Agência Nacional de Transportes Terrestres - ANTT; (Confirmados) . ADRIANA BARBATO, Defensora Pública Federal e membro do Grupo de Trabalho Atendimento à Pessoa Idosa e à Pessoa com Deficiência - GTPID; (Confirmada) . ROBERTO PAULO TINÉ, Presidente do Conselho Nacional dos Direitos da Pessoa com Deficiência - CONADE e Conselheiro Titular da Associação de Pais, Amigos e Pessoas com Deficiência, de Funcionários do Banco do Brasil e da Comunidade - APABB; (Confirmado) . VALDAIR SILVA, Representante do PSB Inclusão Nacional e do Movimento Passe Livre Nacional; (Confirmado) . ROBERTO LEITE, pessoa cega, advogado e representante da Rede Brasileira de Inclusão da Pessoa com Deficiência - Rede In. (Confirmado) (REQs 12/2026-CPD e 14/2026-CPD, ambos de autoria do Deputado Rodrigo Rollemberg)";Anexo II, Plenário 13
81249;https://dadosabertos.camara.leg.br/api/v2/eventos/81249;2026-04-14 11:26:00;2026-04-14 12:07:00;Sessão Não Deliberativa Solene;Homenagem aos 80 anos de fundação da Rádio Santa Cruz AM 550, de Santa Cruz do Sul (RS);Plenário da Câmara dos Deputados
81548;https://dadosabertos.camara.leg.br/api/v2/eventos/81548;2026-04-14 10:32:47;2026-04-14 12:36:05;Evento Técnico;Coordenação: Dep. Erika Kokay Convidados: - Luciana Requião - Coordenadora do Grupo de Estudos em Cultura, Trabalho e Educação da Universidade Federal Fluminense (GeCULTE/UFF) (CONFIRMADA) - Desiree Ramos Tozi - Diretora de Articulação e Governança da Secretaria dos Comitês de Cultura do Ministério da Cultura (SCC/MinC) - Deryk Santana - Diretor da Diretoria de Políticas Para Trabalhadores da Cultura e da Economia Criativa do Ministério da Cultura (SEC/DTRAC/MinC) - Rozeane Ferreira - Coletivo Pernambucano dos Profissionais de Eventos (COLPEPE-PE) (CONFIRMADA) - Adriano Esturilho - Presidente do Sindicato dos Artistas e Técnicos do Estado do Paraná (SATED-PR) (CONFIRMADO) - Jorge Bichara - Representante da Confederação Nacional dos Trabalhadores em Estabelecimentos de Educação e Cultura (CNTEEC) (CONFIRMADO) - Frederico Augusto Barbosa da Silva - Técnico de Planejamento e Pesquisa da Diretoria de Estudos e Políticas Sociais do Instituto de Pesquisa Econômica Aplicada (Ipea) - Ângela Couto - Vice-Presidente do Sindicato dos Artistas e Técnicos em Espetáculos de Diversões do Estado de São Paulo (SATED-SP) - Carila Matzenbacher - Diretora do Centro de Artes Técnicas da Funarte;Anexo II, Plenário 10
81430;https://dadosabertos.camara.leg.br/api/v2/eventos/81430;2026-04-14 10:27:09;2026-04-14 12:09:05;Audiência Pública;REQ 13/26, do Deputado Delegado Matheus Laiola (UNIÃO-PR) Convidados: VANESSA NEGRINI - ( Presença Confirmada ) Diretora do Departamento de Proteção, Defesa e Direitos Animais do Ministério do Meio Ambiente e Mudança do Clima (MMA) CLÁUDIA LINS ( Presença Confirmada ) Gerente da área Técnica de Sustentabilidade e Resiliência da Confederação Nacional de Municípios (CNM) CADU PINOTTI - ( Presença Confirmada ) Diretor Executivo da Federação Brasileira da Causa Animal (FEBRACA) ANTONIANA OTTONI - (Presença Confirmada) Secretária Executiva do Grupo de Trabalho (GT) - Animal da Frente Parlamentar Ambientalista EDUARDO BRASILEIRO - (Não Comparecerá) Diretor de Parcerias Com a Sociedade Civil - Secretaria Nacional de Diálogos Sociais e Articulação de Políticas Públicas;Anexo II, Plenário 02
81449;https://dadosabertos.camara.leg.br/api/v2/eventos/81449;2026-04-14 10:14:47;2026-04-14 12:52:12;Audiência Pública;"Em antendimento ao Requerimento 4/2026 de autoria do Deputado Sidney Leite. Participantes: 1. Andre Luiz Dias de Oliveira, Diretor do Departamento de Universalização e Políticas Sociais de Energia Elétrica da Secretaria Nacional Energia Elétrica do Ministério de Minas e Energia (MME) (CONFIRMADO); 2. Marcos de Abreu Soares, Superintendente de Conformidade e Estratégia em Regulação da Companhia Energética de Minas Gerias (CEMIG) e Representante do Governo do Estado de Minas Gerais; (CONFIRMADO) 3. Carlos Alberto Calixto Mattar, Superintendente de Regulação dos Serviços de Transmissão e Distribuição de Energia Elétrica da Agência Nacional de Energia Elétrica - ANEEL; (CONFIRMADO) 4. Reinaldo da Cruz Garcia , Diretor de Estudos de Energia Elétrica - DEE da Empresa de Pesquisa Energética - EPE; (CONFIRMADO) 5. Mara Nubia Figueiredo, Representante da Superintendência Regional do Instituto Nacional de Colonização e Reforma Agrária (INCRA) no Estado do Amazonas; (CONFIRMADA); 6. Maria Rocivalda Ribeiro de França, Representante da Superintendência Regional do Instituto Nacional de Colonização e Reforma Agrária (INCRA) no Estado do Amazonas; (CONFIRMADA); 7. Markus Vlasits, Presidente da Associação Brasileira de Soluções de Armazenamento de Energia - (ABSAE); (CONFIRMADO) 8. Paulo Diógenes do Instituto Puxirum, representante da Rede Energia e Comunidades (CONFIRMADO).";Anexo II, Plenário 14
81250;https://dadosabertos.camara.leg.br/api/v2/eventos/81250;2026-04-14 10:11:00;2026-04-14 11:16:00;Sessão Não Deliberativa Solene;Homenagem aos 70 anos de trajetória da Cooperativa de eletrificação Certel;Plenário da Câmara dos Deputados
81326;https://dadosabertos.camara.leg.br/api/v2/eventos/81326;2026-04-14 10:10:05;2026-04-14 13:08:53;Audiência Pública;"(REQ 9/2026 CVT, do deputado Bebeto) Convidados: . ANDERSON SANTOS BELLAS, Coordenador-Geral de Concessões e Serviços Rodoviários da Secretaria Nacional de Transporte Rodoviário do Ministério dos Transportes; (Confirmado) . MATHEUS HERRERO RODERO, Gerente de Fiscalização de Infraestrutura e Operação Rodoviária da Agência Nacional de Transportes Terrestres - ANTT; (Confirmado) . BRAULIO FERNANDO LUCENA BORBA JUNIOR, Coordenador-Geral de Manutenção e Restauração Rodoviária do DNIT (Confirmado); . RODRIGO CARVALHAL, Superintendente Executivo no Rio de Janeiro da Polícia Rodoviária Federal - PRF; (Confirmado) . MARINA LEIKO HIGA, Coordenadora de Prevenção e Atendimento de Sinistros substituta da Polícia Rodoviária Federal (confirmada). . JÚLIO CANELINHA, Prefeito de Paraíba do Sul; (Confirmado) . JONAS DICO, Prefeito de Três Rios; (Confirmado) . BRENO JUNQUEIRA - Prefeituro de Sapucaia; (Confirmado) . KATIA MIKI, Prefeita de Barra do Piraí; (Confirmada) . ROSI SILVA, Prefeita de Vassouras (RJ); (Confirmada) . Prefeitura de Volta Redonda; . LUCIANA FERNANDES PORTAL LIMA GADELHA, Procuradora da República, representando o Ministério Público Federal; (Confirmada) . MÁRCIO FORTES DE ALMEIDA, Diretor de Relações Institucionais da Federação das Indústrias do Estado do Rio de Janeiro - Firjan; (Confirmado) DELMO PINHO, Assessor da Presidência da Fecomércio-RJ. (Confirmado) .PERICLES GOMES AGUIAR, Presidente da ADR Sul Fluminense. (Confirmado)";Anexo II, Plenário 11
81465;https://dadosabertos.camara.leg.br/api/v2/eventos/81465;2026-04-14 10:05:49;2026-04-14 11:28:09;Audiência Pública;REQ. 37/2026 CSAUDE, do Deputado Pedro Westphalen Convidados confirmados: - Felipe Contrera Novaes (participação presencial) Representante da Associação Brasileira da Indústria de Alta Tecnologia de Produtos para Saúde (ABIMED). - Genildo Lins (participação presencial) Diretor Executivo da Confederação Nacional de Saúde (CNSAÚDE). - Davi Uemoto (participação presencial) Diretor da Aliança Brasileira da Indústria Inovadora em Saúde (Abiis). - Márcio Bósio (participação presencial) Diretor Institucional da Associação Brasileira da Indústria de Dispositivos Médicos (ABIMO). - Graccho Alvim Neto (participação presencial) Vice-Presidente da Federação Brasileira de Hospitais (FBH). - Renato Nunes (participação virtual) Consultor Jurídico da Associação Nacional de Hospitais Privados (ANAHP). Convidados a confirmar: - Representante da Confederação das Santas Casas de Misericórdia, Hospitais e Entidades Filantrópicas (CMB). Não participará: - Representante do Ministério do Desenvolvimento, Indústria, Comércio e Serviços. - Representante do Ministério da Saúde. - Robinson Sakiyama Barreirinhas Representante da Secretaria Especial da Receita Federal do Brasil.;Anexo II, Plenário 07
81578;https://dadosabertos.camara.leg.br/api/v2/eventos/81578;2026-04-13 17:20:00;2026-04-13 19:45:00;Mesa Redonda;Em atendimento ao REQ Nº 09/2026, da Deputada Daniela Reinehr (PL/SC) Convidados: ARNO PANDOLFO Presidente da Federação das Cooperativas Agropecuárias de Santa Catarina (Fecoagro) IVALBERTO TOZZO (presença confirmada) Segundo Vice-presidente da Federação das Empresas de Transportes de Cargas de Santa Catarina (Fetrancesc) VILSON PICCOLI (presença confirmada) Vice-Presidente Regional da Federação das Associações Empresariais de Santa Catarina (Facisc) GILBERTO SELEME Presidente da Federação das Indústrias do Estado de Santa Catarina (Fiesc) JUCEMAR RIBEIRO DE MELLO Presidente da Associação das Câmaras do Oeste de Santa Catarina (Acamosc);
81639;https://dadosabertos.camara.leg.br/api/v2/eventos/81639;2026-04-13 14:30:00;2026-04-13 15:28:00;Reunião Técnica;Procedimentos para execução de emendas individuais;Anexo II, Plenário 02
81643;https://dadosabertos.camara.leg.br/api/v2/eventos/81643;2026-04-13 14:21:20;2026-04-13 14:52:05;Reunião de Instalação e Eleição;Eleição do presidente;Anexo II, Plenário 05
81544;https://dadosabertos.camara.leg.br/api/v2/eventos/81544;2026-04-13 14:25:21;2026-04-13 19:10:55;Reunião Deliberativa;Apreciação das indicações de autoridades para preenchimento de cargo de Ministro do Tribunal de Contas da União - TCU.;Anexo II, Plenário 01
81458;https://dadosabertos.camara.leg.br/api/v2/eventos/81458;2026-04-13 14:19:00;2026-04-13 15:09:00;Sessão Não Deliberativa Solene;Homenagem ao 60º Ano do Curso de Pedagogia e da Faculdade de Educação da Universidade de Brasília;Plenário da Câmara dos Deputados
81640;https://dadosabertos.camara.leg.br/api/v2/eventos/81640;2026-04-13 14:07:10;2026-04-13 14:16:51;Teste do Painel Eletrônico;Teste de eleição;Anexo II, Plenário 05
81510;https://dadosabertos.camara.leg.br/api/v2/eventos/81510;2026-04-13 14:00:00;;Visita Técnica;Visita técnica da Comissão ao Comandante-Geral da Brigada Militar do Estado do Rio Grande do Sul para entrega do Relatório da Comissão Externa Endereço: Rua das Andradas, 522, Centro Histórico - Porto Alegre/RS Participantes: Comandante-Geral Coronel LUIGI GUSTAVO SOARES PEREIRA Deputada Maria do Rosário Deputada Daiana Santos Deputado Afonso Hamm;
81547;https://dadosabertos.camara.leg.br/api/v2/eventos/81547;2026-04-13 14:18:13;2026-04-13 18:41:11;Evento Técnico;Coordenação: Dep. Erika Kokay Convidados: MANHÃ - 10H ÀS 12H: - Guilherme Boulos - Ministro da Secretaria Geral da Presidência da República - Márcio Tavares - Secretário Executivo do Ministério da Cultura - Cláudia Leitão - Secretária de Economia Criativa do Ministério da Cultura (CONFIRMADA) - Gilberto Carvalho - Secretário Nacional de Economia Solidária Ministério do Trabalho e Emprego - Juana Nunes - Diretora do Departamento de Popularização da Ciência, da Secretaria de Ciência e Tecnologia para o Desenvolvimento Social do Ministério da Ciência, Tecnologia e Inovação - Frederico Augusto Barbosa da Silva - Técnico de Planejamento e Pesquisa da Diretoria de Estudos e Políticas Sociais do Instituto de Pesquisa Econômica Aplicada (Ipea) (CONFIRMADO) - Alê Capone - Diretora Geral da Articulação Nacional das Trabalhadoras e dos Trabalhadores em Eventos (ANTE) (CONFIRMADA) - Adriano Esturilho - Presidente do Sindicato dos Artistas e Técnicos em Espetáculos de Diversões do Estado do Paraná (SATED-PR) (CONFIRMADO) - Adriano Petermann - Vice-Presidente do Sindicato dos Artistas e Técnicos em Espetáculos de Diversões do Estado do Paraná (SATED-PR) (CONFIRMADO) - Ângela Couto - Vice-Presidente do Sindicato dos Artistas e Técnicos em Espetáculos de Diversões do Estado de São Paulo (SATED-SP) (CONFIRMADA) - Rozeane Ferreira - Coletivo Pernambucano dos Profissionais de Eventos (COLPEPE-PE) (CONFIRMADA) - Pedro Ferreira - Coletivo Pernambucano dos Profissionais de Eventos (COLPEPE-PE) (CONFIRMADO) - Marluce Medeiros Paes - Presidente do Sindicato dos Profissionais da Dança do Rio de Janeiro (SPD-RJ) (CONFIRMADA) - Sônia Santana - Presidente do Sindicato dos Trabalhadores na Indústria Cinematográfica e do Audiovisual dos Estados de São Paulo, Rio Grande do Sul, Mato Grosso, Mato Grosso do Sul, Goiás, Tocantins e Distrito Federal (SINDCINE) - Jorge Bichara - Presidente do Federação dos Trabalhadores em Empresas de Difusão Cultural e Artística no Estado do Rio de Janeiro (FTEDCARJ) e Representante da Confederação Nacional dos Trabalhadores em Estabelecimentos de Educação e Cultura (CNTEEC) (CONFIRMADO) - Daniel Neves - Presidente da Associação Nacional da Indústria da Música (ANAFIMA) - Luciana Requião - Coordenadora do Grupo de Estudos em Cultura, Trabalho e Educação da Universidade Federal Fluminense (GeCULTE/UFF) (CONFIRMADA) - Klebson Alberto - Representante do Fórum Nacional das Áreas Técnicas de Arte e Cultura TARDE - 14H ÀS 16H (MESA 1): - Frederico Augusto Barbosa da Silva - Técnico de Planejamento e Pesquisa da Diretoria de Estudos e Políticas Sociais do Instituto de Pesquisa Econômica Aplicada (Ipea) (CONFIRMADO) - Amarílis Felizes (Portugal) - Doutoranda em Economia Política , com pesquisa sobre políticas para as artes - Luis Alberto Sanabria Acevedo (Colômbia) - Coordenador de Governança e Políticas Culturais do Ministério das Culturas, as Artes e os Saberes - Tomás Ejea (México) - Professor e Pesquisador da Universidad Autónoma Metropolitana TARDE - 16H ÀS 18:30 (MESA 2): - Frederico Augusto Barbosa da Silva - Técnico de Planejamento e Pesquisa da Diretoria de Estudos e Políticas Sociais do Instituto de Pesquisa Econômica Aplicada (Ipea) (CONFIRMADO) - Felipe Vella Pateo - Técnico de planejamento e pesquisa do Instituto de Pesquisa Econômica Aplicada (Ipea), com exposição sobre cooperativas de trabalhadores da cultura - André Gambier Campos - Técnico de planejamento e pesquisa do Instituto de Pesquisa Econômica Aplicada (Ipea), com análise sobre os trabalhadores nos bastidores da área cultural - Carolina Galeae Robles (Chile) - Professora do Departamento de Dança da Universidad de Chile, com exposição sobre cooperativas no âmbito cultural no Chile;Anexo II, Plenário 10
81591;https://dadosabertos.camara.leg.br/api/v2/eventos/81591;2026-04-13 09:55:00;2026-04-13 11:53:00;Seminário;Seminário Estadual da Comissão Especial sobre FPM e Fundos Consitucionais Sul/Sudeste PEC 231/19 Tema: Impactos do FPM e do Fundo Constitucional Sul no setor produtivo do Paraná Local: Plenário da Assembleia Legislativa do Paraná Endereço: Praça Nossa Senhora de Salete, s/n - Centro Cívico, Curitiba - PR Coordenação: DEPUTADO FEDERAL Toninho Wandscheer Convidados presentes: - DEPUTADO ESTADUAL ALEXANDRE CURI, Presidente da Assembleia Legislativa do Paraná -DEPUTADO FEDERAL COBALCHINI, Presidente Comissão Especial sobre a PEC 231/19 -DEPUTADO ARNALDO JARDIM, Relator da PEC 231/19 -DEPUTADO ESTADUAL ALISSON WANDSCHEER, Membro da Comissão de Assuntos Metropolitanos da Assembleia Legislativa do Paraná - FLÁVIO GOTARDO -COELHO DE SOUZA FURLAN, Presidente Federação das Associações Comerciais e Empresariais do Estado do Paraná -JOSÉ ROBERTO RICKEN, Presidente Sindicato e Organização das Cooperativas do Estado do Paraná -NORBERTO ANACLETO ORTIGARA, Secretaria de Estado da Fazenda -MARCEL HENRIQUE MICHELETTO, Presidente da Associação dos Municípios do Paraná - RANOLFO VIEIRA JUNIOR, Presidente do Banco Regional de Desenvolvimento do Extremo Sul -MARCOS DOMAKOSKI, Presidente do Movimento Pro-Paraná -ÁGIDE MENEGUETTE, Presidente do Sistema FAEP e Coordenador das Entidades Representativas dos Setores Produtivos do Paraná G7 -JOÃO ARTHUR MOHR, Superintendente da Federação das Indústrias do Estado do Paraná - JEFREY KLEINE ALBER, Gerente do Departamento Técnico, Econômico e Legal da Federação da Agricultura do Estado do Paraná - FAEP - RENÊ DE OLIVEIRA GARCIA JUNIOR, Diretor Vice-Presidente, Diretor de Operações e Diretor Administrativo do Banco Regional de Desenvolvimento do Extremo Suk - BRDE - HELENA ARRIOLA SPERANDIO, Gerente de Relações Institucionais e Governamentais da Federação das Associações Comerciais e Empresariais do Estado do Paraná - FACIAO;
81438;https://dadosabertos.camara.leg.br/api/v2/eventos/81438;2026-04-13 09:00:00;2026-04-13 18:00:00;Seminário;CONVIDADOS: 1) Alexandre Padilha - Ministro da Saúde 2) Wellington Dias - Ministro do Desenvolvimento Social e Combate à Fome 3) Fabricio de Oliveira Galvão - Diretor Geral do DNIT 4) Fernanda Mara de Oliveira Pacobahyba - Presidenta do FNDE;
81632;https://dadosabertos.camara.leg.br/api/v2/eventos/81632;2026-04-10 16:48:12;2026-04-10 16:51:23;Teste do Painel Eletrônico;Teste Painel Eletrônico App 5.4.4;Anexo II, Plenário 04
81614;https://dadosabertos.camara.leg.br/api/v2/eventos/81614;2026-04-10 09:08:40;2026-04-10 13:01:04;Teste do Painel Eletrônico;Teste de painel e cronometro;Anexo II, Plenário 03
81613;https://dadosabertos.camara.leg.br/api/v2/eventos/81613;2026-04-14 08:49:00;2026-04-14 09:02:10;Teste do Painel Eletrônico;Teste de painel e cronômetros;Auditório do Interlegis no Senado Federal
81531;https://dadosabertos.camara.leg.br/api/v2/eventos/81531;2026-04-09 16:00:00;2026-04-09 18:30:00;Visita Técnica;Visita Técnica ao Assentamento Oziel Alves na Zona Rural de Governador Valadares - MG;
81474;https://dadosabertos.camara.leg.br/api/v2/eventos/81474;2026-04-09 15:22:00;2026-04-09 16:45:00;Audiência Pública;(REQ 1/2026 CASP, da Deputada Erika Kokay) 1) EDMUNDO WALLACE MONTEIRO LUCAS (Confirmado) Representante Entidades representativas dos(as) servidores (as) do INMET 2) JOSÉ ANTONIO ARAVEQUIA (Confirmado) Coordenador-Geral Instituto Nacional de Pesquisas Espaciais | INPE 3) JULIAN BAEZ BENITEZ (Confirmado) Representante Organização Meteorológica Mundial 4) LENO QUEIROZ (Confirmado) Coordenador-Geral Centro Nacional de Gerenciamento de Riscos e Desastres | CENAD-MIDR 5) LINCOLN MUNIZ ALVES (Confirmado) Coordenador-Geral Ministério do Meio Ambiente e Mudanças do Clima - MMA 6) LUIZ ANDRÉ RODRIGUES DOS SANTOS (Confirmado) Coordenador-Geral Instituto Nacional de Meteorologia - INMET | MAPA 7) OSVALDO LUIZ LEAL DE MORAES (Confirmado) Diretor Departamento para o Clima e Sustentabilidade da Secretaria de Políticas e Programas Estratégicos 8) PEDRO LEITE DA SILVA DIAS (Confirmado) Especialista na Área de Metereologia | Climatologia;Anexo II, Plenário 08
81381;https://dadosabertos.camara.leg.br/api/v2/eventos/81381;2026-04-09 10:20:29;2026-04-09 12:56:51;Audiência Pública;"Requerimento nº 79/2026 de autoria do Deputado Federal Coronel Meira - PL/PE Requer a realização de audiência pública destinada a tratar sobre ""Segurança Pública e Valorização dos Veteranos no Brasil"" CONVIDADOS: CORONEL PM RR APARECIDO CORREIA DE ALMEIDA (confirmado) Presidente da Associação dos Veteranos do Estado de Goiás - AVEGO VITOR FRITZEN (Confirmado) Coordenador do Movimento Ordem e Progresso - MOP MAJOR VITOR HUGO (Confirmado) Vereador da Câmara Municipal de Goiânia-GO LUIZ GONZAGA BARROS CARNEIRO (Confirmado) Presidente da Associação dos Oficiais da Policia Militar e do Bombeiro Militar - AOFMIL/GO TENENTE CORONEL KÁSSIO MICHEL PIRES DE SENA (Confirmado) Representando a Polícia Militar da Bahia - PMGO BRUNA KARLLA DOURADO TOMAZETTI (Confirmada) Neurocientista e Psicóloga CORONEL AILTON SOUSA BASTOS (Confirmado) Representante do Corpo de Bombeiros Militar do Estado de Santa Catarina - CBMSC MARCELO FALCÃO (Confirmado) Presidente da Associação dos Militares da Reserva, Reformados, Ativa e Pensionistas do Estado do Tocantins - ASMIR MATEUS BONFIM (Confirmado) Presidente da Associação do Agronegócio do Extremo Sul da Bahia - Agronex/BA RUBENS DE GOMES PRATES (Confirmado) Veterano do Exército Brasileiro e Vereador da Câmara Municipal de Dourados - MS RUBILAR CORREA (Confirmado) Subtenente da Reserva do Exército Brasileiro no Paraná CORONEL FABIO ANDRADE RIBEIRO (confirmado) Diretor de Inativos e Pensionistas do Corpo de Bombeiros Militar do Distrito Federal - CBMDF CORONEL WELLINGTON DE URZÊDA MOTA (confirmado) Vereador da Câmara Municipal de Goiânia-GO";Anexo II, Plenário 06
81588;https://dadosabertos.camara.leg.br/api/v2/eventos/81588;2026-04-09 10:15:00;2026-04-09 11:39:00;Sessão Deliberativa;Sessão Deliberativa Extraordinária Semipresencial (AM nº 123/2020);Plenário da Câmara dos Deputados
81243;https://dadosabertos.camara.leg.br/api/v2/eventos/81243;2026-04-09 10:00:00;;Audiência Pública;"(REQ 11/2026 CVT, do Deputado Cezinha de Madureira) Convidados: . SILVIO COSTA FILHO, Ministro de Portos e Aeroportos; . TIAGO CHAGAS FAIERSTEIN, Diretor-Presidente da Agência Nacional de Aviação Civil; . KLEBER ALMADA MEIRA, Diretor Executivo do Aeroporto de Congonhas; . FLAVIO J. V. PIRES Diretor Geral da Associação Brasileira de Aviação Geral; . JULIANO NOMAN, Presidente da Associação Brasileira das Empresas Aéreas (ABEAR).";A Definir
81467;https://dadosabertos.camara.leg.br/api/v2/eventos/81467;2026-04-09 10:20:00;2026-04-09 15:56:00;Visita Técnica;Avaliação in loco das condições geológicas, urbanísticas e sociais em áreas classificadas como de alto risco nos bairros Jorge Teixeira, Mauazinho e Cidade Nova em Manaus/AM. Em atendimento ao Requerimento nº 1/2026, do Deputado Amom Mandel (Cidadania/AM);
81434;https://dadosabertos.camara.leg.br/api/v2/eventos/81434;2026-04-09 09:16:06;2026-04-09 13:15:11;Mesa Redonda;Jornada de Direitos Humanos 2025 Convidados institucionais e da sociedade civil organizada;Anexo II, Plenário 09
81469;https://dadosabertos.camara.leg.br/api/v2/eventos/81469;2026-04-08 17:16:50;2026-04-08 20:16:13;Audiência Pública;"Requerimento n. 20/2026 Autor: Dep. Reimont Convidados: 1.Dr. Nicolau Dino - Procurador Federal dos Direitos do Cidadão - Brasília, DF; 2.Dra. Sandra Lia Simon, Subprocuradora-Geral do Trabalho/Coordenadora GT Justiça de Transição/MPT - Brasília/DF; 3. Padre Ricardo Rezende Figueira - Padre e Professor da Universidade Federal do Rio de Janeiro. Coordenador do Grupo de Pesquisa sobre Trabalho Escravo Contemporâneo do Núcleo de Estudos de Políticas Públicas e Direitos Humanos da UFRJ; 4.Rita de Cássia Vidal Vasquez - Representante da Associação de Colonos Atingidos pela Repressão Privada e Estatal no confito da Gleba CIDAPAR - Belém, PA; 5.Dra. Christiane Nogueira - Procuradora do Trabalho no Estado do Ceará; 6.Sr. Gilney Amorim Viana - Professor, médico, escritor, ex-Deputado Federal e Estadual por Mato Grosso; 7.Cleudo Alves de Souza Tenharin - Liderança do povo Tenharim do Amazonas; 8.Elda Diarroi (Kwtija Jiahui) - Liderança do povo Jiahui do Amazonas; 9.Hélio Géssem Monteiro Lopes - Liderança do povo Tukano do Amazonas; 10.Kokoixumti Tembé jathiati parkateje (Wendel Tembé) - Liderança do povo Tembé do Pará; 11. SÁLVIO PENNA, ex-metalúrgico, preso político e anistiado.";Anexo II, Plenário 09
80806;https://dadosabertos.camara.leg.br/api/v2/eventos/80806;2026-04-08 16:45:00;2026-04-08 18:15:00;Outro Evento;"CEDES REALIZA LANÇAMENTO DO LIVRO ""INTELIGÊNCIA ARTIFICIAL, AUTOMAÇÃO DO TRABALHO, EMPREGABILIDADE E PREVIDÊNCIA SOCIAL"" No próximo dia 8 de abril, às 16h30, no Salão Nobre, será lançada a publicação ""Inteligência Artificial, Automação do Trabalho, Empregabilidade e Previdência Social"", do Centro de Estudos e Debates Estratégicos da Câmara dos Deputados (Cedes). O estudo Inteligência Artificial relatado pelo deputado Hélio Lopes (PL/RJ), é um convite à reflexão e ao debate sobre os desafios e as oportunidades que a era da IA nos apresenta. Exploraremos como a automação, a economia digitalizada e o trabalho por meio de aplicativos (gig economy) estão moldando o mercado de trabalho e afetando a empregabilidade dos trabalhadores, discutindo as habilidades do futuro e as estratégias e como as políticas públicas podem oferecer respostas a este momento desafiador. O leitor encontrará reflexões embasadas em dados, tendências e projeções e estudo de casos que ajudam a visualizar os caminhos possíveis para uma transição justa e equilibrada rumo ao futuro do trabalho. O estudo buscou lançar luz sobre soluções para mitigar os riscos e potencializar os benefícios dessas mudanças tecnológicas. Afinal, o progresso tecnológico deve ser um aliado na construção de sociedades inclusivas, onde inovação e dignidade caminhem lado a lado. O estudo Inteligência Artificial será o décimo oitavo livro da série Estudos Estratégicos publicado pelo Cedes, em parceria com a Consultoria Legislativa (CONLE) e o Centro de Documentação e Informação da Câmara (Cedi). Este livro poderá ser baixado gratuitamente pelo link https://cd.leg.br/cedes ou poderão ser adquiridos no site livraria.camara.leg.br Do EVENTO 8 de abril de 2026, quarta-feira, às 16h30 Salão Nobre da Câmara dos Deputados, Brasília-DF Transmissão ao vivo: cd.leg.br/youtube Download das publicações bit.ly/cedescd Assinaturas Centro de Estudo e Debates Estratégicos Centro de Documentação e Informação Consultoria Legislativa Câmara dos Deputados Dispositivo de honra: - Deputado Hugo Motta, Presidente da Câmara dos Deputados - Deputado Carlos Veras, Primeiro Secretário da Câmara dos Deputados - Deputado Márcio Jerry, Presidente do Centro de Estudos e Debates Estratégicos - Deputado Hélio Lopes, Relator do estudo - Ricardo Miranda de Sousa, Diretor da Consultoria Legislativa e Secretário Executivo do Cedes - Angelo Azevedo Queiroz, Consultor Legislativo e Coordenador do estudo O que é o Cedes? O Centro de Estudos e Debates Estratégicos é um órgão técnico-consultivo da Câmara dos Deputados dedicado a análise, discussão e prospecção de temas de caráter inovador ou com potencial de transformar as realidades econômica, política e social do nosso país. O Colegiado é composto por 23 parlamentares, os quais têm a atribuição de propor uma agenda de atividades e conduzir estudos estratégicos para o Brasil, desenvolvidos com o apoio da Consultoria Legislativa. Como resultado do trabalho, são produzidos e publicados documentos de alta densidade crítica e especialização técnica ou científica, que trazem apensados Projetos de Lei e/ou indicações para o Poder Executivo. Desde sua instalação em 2003 (à época como Conselho de Altos Estudos), o CEDES tem contribuído para o aperfeiçoamento da atuação político-parlamentar, fortalecendo o papel do Poder Legislativo na interlocução de problemas de relevância social perante a população brasileira.";
81500;https://dadosabertos.camara.leg.br/api/v2/eventos/81500;2026-04-08 16:26:35;2026-04-08 19:04:14;Audiência Pública;PARTICIPANTES 1 - MARCELO DELLA NINA - EMBAIXADOR - CHEFE DA COORDENAÇÃO GERAL PARA COMBATE A ILICITOS TRANSNACIONAIS DO MINISTÉRIO DAS RELAÇÕES EXTERIORES - MRE 2 - MARCELO M VIEGAS - DIRETOR DO DEPARTAMENTO DE ORGANISMOS INTERNACIONAIS DO MINISTÉRIO DAS RELAÇÕES EXTERIORES - MRE 3 - SR. GUSTAVO ZORTÉA DA SILVA - DEFENSORIA PÚBLICA DA UNIÃO - DPU 4 - SR. NASSER JUDEH - FEDERAÇÃO PALESTINA DO BRASIL (FEPAL) 5 - SR. SAYID MARCOS TENORIO - VICE-PRESIDENTE DO INSTITUTO BRASIL-PALESTINA (IBRASPAL) 6 - SRA. MAIRA PINHEIRO - GLOBAL LEGAL ACTION NETWORK 7 - SR. PAULO ILLES - ATIVISTA EM DIREITOS HUMANOS, POLÍTICAS MIGRATÓRIAS E REFÚGIO 8 - BRUNO HENRIQUE DE MOURA - ADVOGADO ESPECIALISTA EM DIREITO INTERNACIONAL;Anexo II, Plenário 03
81443;https://dadosabertos.camara.leg.br/api/v2/eventos/81443;2026-04-08 16:15:07;2026-04-08 19:10:31;Audiência Pública;"Convidados: 1) IRENEU ORTH, presidente da Associação dos Produtores de Soja do Rio Grande do Sul - Aprosoja-RS; (confirmado) 2) SIDNEY PEREIRA DE SOUZA JUNIOR, advogado da Associação dos Produtores de Soja e Milho de Mato Grosso - Aprosoja-MT; (confirmado) 3) EUGÊNIO EDEVINO ZANETTI, presidente da Federação dos Trabalhadores na Agricultura no Rio Grande do Sul - FETAG-RS; (confirmado) 4) TIAGO DOS SANTOS PEREIRA, assessor técnico da Confederação da Agricultura e Pecuária do Brasil - CNA; (confirmado) 5) ALEXANDRE NEPOMUCENO, chefe geral da Embrapa Soja, representando o Ministério da Agricultura e Pecuária - MAPA; (confirmado) 6) Serviço Nacional de Proteção de Cultivares - SNPC; 7) FABIANO OLIVEIRA, diretor do negócio de soja da Bayer Brasil; (confirmado) 8) GRAZIELE DE CAMARGO, coordenadora do Movimento SOS Agro - RS. (confirmada) (REQ 9/2026 CAPADR, do deputado Heitor Schuch; REQ 24/2026 CAPADR, do deputado Heitor Schuch)";Anexo II, Plenário 06
81447;https://dadosabertos.camara.leg.br/api/v2/eventos/81447;2026-04-08 16:12:14;2026-04-08 18:08:59;Audiência Pública;ALAN HASSEM SALVATIERRA Presidente do Conselho Nacional da Segurança Privada - CONASEP NOELY DE FÁTIMA LUIZ DE MORAIS Coletivo da Segurança Privada CACITO AUGUSTO DE FREITAS ESTEVES Advogado da Diretoria Jurídica e Sindical da Confederação Nacional do Comércio - CNC MARCO ANTONIO LOPES Vice-Presidente de Assuntos de Segurança em Eventos da Federação Nacional das Empresas de Segurança e Transporte de Valores - FENAVIST DENISE VARGAS TENÓRIO Coordenadora-Geral de Controle de Serviços e Produtos da Polícia Federal JOÃO SOARES Presidente da Confederação Nacional dos Trabalhadores em Segurança Privada - CONTRASP LUIZ FELIPE BRANDÃO DE MELLO Secretário de Inspeção do Trabalho do Ministério do Trabalho e Emprego;Anexo II, Plenário 12
81267;https://dadosabertos.camara.leg.br/api/v2/eventos/81267;2026-04-08 15:37:35;2026-04-08 17:20:43;Audiência Pública;REQ. 60/2025 - Dep. Jandira Feghali Convidados: Márcia Rollemberg - Secretária de Cidadania e Diversidade Cultural do Ministério da Cultura (Confirmada) Alexandre Santini - Presidente da Fundação Casa de Rui Barbosa (Confirmado) Dayse Hansa - Ponto de Cultura Mapati (Confirmada) Chico Simões - Comissão Nacional de Pontos de Cultura (Confirmado);Anexo II, Plenário 10
81526;https://dadosabertos.camara.leg.br/api/v2/eventos/81526;2026-04-08 14:41:06;2026-04-08 15:01:51;Reunião Deliberativa;Discussão e votação de Requerimentos;Anexo II, Plenário 09
81485;https://dadosabertos.camara.leg.br/api/v2/eventos/81485;2026-04-08 14:30:00;;Reunião Deliberativa;Deliberação de Requerimentos (estão sujeitos a pauta os requerimentos apresentados até 24h antes do horário da reunião):;Anexo II, Plenário 15
81369;https://dadosabertos.camara.leg.br/api/v2/eventos/81369;2026-04-08 15:12:54;2026-04-08 15:40:33;Reunião Deliberativa;Discussão e votação de propostas legislativas;Anexo II, Plenário 11
81472;https://dadosabertos.camara.leg.br/api/v2/eventos/81472;2026-04-08 14:59:07;2026-04-08 17:47:31;Seminário;Sem território não há clima: a resposta somos nós REQ nº 7/2026, de autoria da Deputada Juliana Cardoso, subscrito pela Deputada Célia Xakriabá. REQ nº 12/2026, de autoria da Deputada Célia Xakriabá, subscrito pela Deputada Juliana Cardoso. Mesa 1 - Abertura, Território é Clima: Direitos Indígenas como Estratégia Climática JULIANA CARDOSO Deputada Federal CÉLIA XAKRIABÁ Deputada Federal SÔNIA GUAJAJARA Deputada Federal CEIÇA PITAGUARY - presença confirmada Secretária Nacional de Gestão Ambiental e Territorial Indígena do Ministério dos Povos Indígenas - MPI FRANCISCO ITAMAR GONÇALVES MELGUEIRO - presença confirmada Coordenador-Geral de Políticas Ambientais da Fundação Nacional dos Povos Indígenas - FUNAI ALESSANDRA MUNDURUKU - presença confirmada Articulação dos Povos Indígenas do Brasil - APIB GILSON NASCIMENTO - presença confirmada Articulação dos Povos Indígenas da Região Sul - ARPINSUL CACIQUE AWA TENONDEGUA - presença confirmada Articulação dos Povos Indígenas da Região Sudeste - ARPINSUDESTE CHICÃO TERENA - presença confirmada Conselho Terena ANASTÁCIO PERALTA KAIOWÁ - presença confirmada Liderança Aty Guasu MARILDA LYRIO DE OLIVEIRA - presença confirmada Comissão Guarani Yvyrupa - CGY Mesa 2 - Nosso futuro não está à venda: a resposta somos nós CÉLIA XAKRIABÁ Deputada Federal CHICO ALENCAR Deputado Federal CLAUDIA REGINA SALA DE PINHO - presença confirmada Diretora de Gestão Socioambiental e Povos e Comunidades Tradicionais do Ministério do Meio Ambiente e Mudança do Clima - MMA ALESSANDRA MUNDURUKU - presença confirmada Coordenação das Organizacões Indígenas da Amazônia Brasileira - COIAB URUMÃ PATAXÓ - presença confirmada Articulação dos Povos Indígenas do Nordeste, Minas Gerais e Espírito Santo - APOINME RAIARA PIRES - presença confirmada Grupo de Trabalho de Mineração da Frente Parlamentar Mista Ambientalista ALICE DANDARA - presença confirmada Instituto Socioambiental - ISA MARCELA ULHOA - presença confirmada Escritório das Nações Unidas sobre Drogas e Crime - UNODC JOCIELE LUIS KAYGANG - presença confirmada Articulação Nacional das Mulheres Indígenas Guerreiras da Ancestralidadee - ANMIGA Representante da Coordenação Nacional de Articulação das Comunidades Negras Rurais Quilombolas - CONAQ;Auditório Nereu Ramos
81419;https://dadosabertos.camara.leg.br/api/v2/eventos/81419;2026-04-08 14:34:15;2026-04-08 15:57:47;Audiência Pública;"(REQ 3/2026 CTUR, do deputado Bibo Nunes, subscrito pela deputada Daniela Reinehr) Convidados: 1) Sr. ALDO LUIZ VALENTIM, Diretor do Departamento de Qualidade, Sustentabilidade e Ações Climáticas no Turismo, do Ministério do Turismo (confirmado); 2) Sra. RAFAELE RODRIGUES MASCARENHAS MENEZES, Coordenadora Geral de Relações do Trabalho do Ministério do Trabalho e Emprego (confirmada); 3) Sra. JEANE SALES ALVES, Auditora Fiscal do Trabalho, da Secretaria de Inspeção do Trabalho do Ministério do Trabalho e Emprego (confirmada); 4) Sr. ROBERTO LUIS LOPES NOGUEIRA, Advogado Especialista da Diretoria Jurídica e Sindical da Confederação Nacional do Comércio de Bens, Serviços e Turismo - CNC (confirmado); 5) Sr. SÉRGIO GASPAR, Presidente da Associação Brasileira da Indústria de Hotéis - ABIH Nacional (confirmado); 6) Sr. PAULO SOLMUCCI JUNIOR, Presidente Executivo da Associação Brasileira de Bares e Restaurantes - ABRASEL (confirmado); 7) Sr. ORLANDO DE SOUZA, Presidente Executivo do Fórum de Operadores Hoteleiros do Brasil - FOHB (confirmado); 8) Sr. ANTÔNIO DIAS, Vice-Presidente de Relações Institucionais da Associação Brasileira de Resorts - Resorts Brasil (confirmado); 9) Sr. PABLO MORBIS, Presidente do Conselho do Sistema Integrado de Parques e Atrações Turísticas - SINDEPAT (confirmado).";Anexo II, Plenário 05
81460;https://dadosabertos.camara.leg.br/api/v2/eventos/81460;2026-04-08 14:31:55;2026-04-08 20:43:16;Audiência Pública e Deliberação;"A - Audiência Pública Tema: Regras para realização de exames médicos e psicológicos e a exigência do exame toxicológico para candidatos à habilitação nas categorias A e B Convidados: ADRUALDO DE LIMA CATÃO - Secretário Nacional de Trânsito (REQ 8 e 15/26) - (a confirmar) NAÍZA NAYLA BANDEIRA DE SÁ, Coordenadora-Geral de Vigilância e Prevenção de Violências e Acidentes e Promoção da Cultura de Paz do Ministério da Saúde; (REQ 15/26) - (Confirmada) VICTOR PAVARINO, Organização Pan-Americana da Saúde - OPAS (REQ 15/26) - (a confirmar) ALYSSON COIMBRA - Coordenador da Mobilização Nacional de Médicos e Psicólogos do Tráfego; (REQ 1/26) - (Confirmado) RODOLFO RIZZOTTO, Coordenador do Portal Estradas; (REQ 1 e 17/206) - (Confirmado) JULIANA DE BARROS GUIMARÃES, Diretora Científica da Associação Brasileira de Psicologia do Tráfego ABRAPSIT (REQ 1 e 8/26) - (Confirmada) GUILHERME FERNANDES PACHECO, Advogado especialista em trânsito (REQ 1 e 17/26) - (Confirmado) JONATHAN BROCO MATTAR, Presidente da associação do bem comum do Brasil; (REQ 1 e 17/26) - (Confirmado) OMAR PASQUALOTTO COSTA, Especialista em Psicologia de tráfego (REQ 1/26) - (Confirmado) ROBERTO DOUGLAS MOREIRA, Presidente da Associação dos Médicos do DETRAN do Brasil -AMDESP (REQ 5 e 8/26) - (Confirmado) DANIELA MONTEIRO DE BARROS, Consultora da Associação dos Psicólogos do Trânsito do Brasil - AMPETRA (REQ 5/26) - (Confirmada) MAURI JOSÉ VIEIRA CRUZ, Representando o Instituto Zero Acidente Instituto Zero Acidente ( Req 5 e 8) - (Confirmado) FLAVIO EMIR ADURA, Diretor Científico da Associação Brasileira de Medicina do Tráfego - ABRAMET (REQ 8/26) - (Confirmado) ANA FLÁVIA VIEIRA DE MATOS, Conselheira Federal do Conselho Federal de Psicologia - CFP (REQ 8 e 11/26) - (Confirmada) PAULO GUIMARÃES, CEO do Observatório Nacional de Segurança Viária- ONSV (REQ 8/26) - (Confirmado) MÁRCIO LIBERBAUM, Instituto de Tecnologias para o Trânsito Seguro ITTS; (REQ 17/26) - (Confirmado) MATHEUS MARTINS, Presidente da Associação das Autoescolas do Estado de São Paulo (REQ 17/26) - (Confirmado) JOSIMAR AMARAL, Especialista em trânsito. (REQ 17/26) - (Confirmado) ANTONIO MEIRA JÚNIOR, Conselheiro do Conselho Federal de Medicina - CFM (REQ 18/26) - (Confirmado) ADALGISA APARECIDA LOPES GUIMARÃES PEREIRA, Presidente da Associação de Clínicas do Tráfego de Minas Gerais - ACTRANSMG (REQ 8/26) - (Confirmada) YGOR VALENÇA, Presidente da Federação Nacional das Autoescolas - FENEAUTO; (REQ 8/26) - (Confirmado) FELIPE DE MIRANDA OLIVEIRA, Coordenador Legislativo da Diretoria de Relações Institucionais da Confederação Nacional do Comércio - CNC (REQ 8/26) - (Confirmado) CRISTIANE CARNEIRO, Diretora do Sindicato dos Psicólogos do Estado de São Paulo -SinPsi (REQ 8/26) - (Confirmada) SHIRLEY MARIA GONÇALVES DE LUCENA, Representante do Instituto Nacional Mulheres Pelo Trânsito (REQ 8/26) - (Confirmada) (Requerimentos nº 1, 11 e 17/2026, Dep. Fausto Pinato) (Requerimento nº 5 e 8/2026, Dep. Aureo Ribeiro) (Requerimento nº 15/2026, Dep. Erika Kokay) (Requerimento nº 18/2026, Dep. Eduardo Velloso) B - Deliberação de Requerimentos (estão sujeitas a pauta os requerimentos apresentados até às 24h antes do horário da reunião)";Anexo II, Plenário 02
81437;https://dadosabertos.camara.leg.br/api/v2/eventos/81437;2026-04-08 14:25:50;2026-04-08 15:38:13;Reunião Deliberativa;Discussão e votação de propostas legislativas;Anexo II, Plenário 07
81525;https://dadosabertos.camara.leg.br/api/v2/eventos/81525;2026-04-08 14:06:39;2026-04-08 14:39:17;Reunião Deliberativa;Discussão e votação de propostas legislativas - Projetos;Anexo II, Plenário 09
81524;https://dadosabertos.camara.leg.br/api/v2/eventos/81524;2026-04-08 14:00:00;2026-04-08 15:36:23;Reunião Deliberativa;Discussão e votação de propostas legislativas;Anexo II, Plenário 03
81275;https://dadosabertos.camara.leg.br/api/v2/eventos/81275;2026-04-08 14:00:00;;Audiência Pública;"Audiência Pública para discussão dos problemas na formação das ligas (FFU e LIBRA) no futebol brasileiro, em atenção ao Requerimento nº 8/2026, de autoria do deputado Beto Pereira. Convidados confirmados: Sr. Hugo Vitor Vecchiato, assessor e representante do Conselho Administrativo de Defesa Econômica (CADE); Aguardando confirmação: -Representante da Confederação Brasileira de Futebol (CBF); - Sr. Gabriel Lima, CEO da Futebol Forte União (FFU); - Sr. Adalberto Dellape Baptista, presidente do Botafogo Futebol S.A, representante dos Clubes da Série B do Campeonato Brasileiro; - Sr. Silvio Matos, CEO da Liga do Futebol Brasileiro (LIBRA); - Sr. Matheus Souto Maior, presidente do Sport Club do Recife; - Sr. Odorico Roman, presidente do Grêmio Foot-Ball Porto Alegrense;";Anexo II, Plenário 04
81545;https://dadosabertos.camara.leg.br/api/v2/eventos/81545;2026-04-08 14:09:00;2026-04-08 21:11:00;Sessão Deliberativa;Sessão Deliberativa Extraordinária Presencial (AM nº 123/2020);Plenário da Câmara dos Deputados
81385;https://dadosabertos.camara.leg.br/api/v2/eventos/81385;2026-04-08 14:26:29;2026-04-08 16:17:29;Reunião Deliberativa;Discussão e votação de propostas legislativas;Anexo II, Plenário 14
81379;https://dadosabertos.camara.leg.br/api/v2/eventos/81379;2026-04-08 14:12:20;2026-04-08 14:24:05;Reunião Deliberativa;Discussão e votação de propostas legislativas;Anexo II, Plenário 05
81423;https://dadosabertos.camara.leg.br/api/v2/eventos/81423;2026-04-08 14:12:11;2026-04-08 14:48:31;Reunião Deliberativa;Discussão e votação de propostas legislativas;Anexo II, Plenário 10
81509;https://dadosabertos.camara.leg.br/api/v2/eventos/81509;2026-04-08 14:04:57;2026-04-08 14:39:52;Reunião Deliberativa;Discussão e votação de propostas legislativas;Anexo II, Plenário 12
81456;https://dadosabertos.camara.leg.br/api/v2/eventos/81456;2026-04-08 13:00:17;2026-04-08 13:43:57;Reunião Deliberativa;Discussão e votação de propostas legislativas;Anexo II, Plenário 04
81520;https://dadosabertos.camara.leg.br/api/v2/eventos/81520;2026-04-08 12:34:07;2026-04-08 12:48:16;Reunião de Instalação e Eleição;Reunião de Instalação e Eleição de Presidente e Vice;Anexo II, Plenário 06
81532;https://dadosabertos.camara.leg.br/api/v2/eventos/81532;2026-04-08 12:15:00;2026-04-08 13:40:00;Reunião Técnica;Convidadas: Coordenadoras de Bancadas;
81484;https://dadosabertos.camara.leg.br/api/v2/eventos/81484;2026-04-08 11:44:11;2026-04-08 11:58:28;Reunião Deliberativa;Apresentação e aprovação do Plano de Trabalho do Relator;Anexo II, Plenário 12
81512;https://dadosabertos.camara.leg.br/api/v2/eventos/81512;2026-04-08 12:15:13;2026-04-08 12:42:39;Reunião de Instalação e Eleição;Instalação e eleição da SubLOR;Anexo II, Plenário 09
81511;https://dadosabertos.camara.leg.br/api/v2/eventos/81511;2026-04-08 11:31:58;2026-04-08 12:03:49;Reunião de Instalação e Eleição;Instalação e eleição da SubSPBC;Anexo II, Plenário 09
81354;https://dadosabertos.camara.leg.br/api/v2/eventos/81354;2026-04-08 11:27:09;2026-04-08 13:14:35;Reunião Deliberativa;Eleição Vice-Presidentes e Discussão/votação de propostas legislativas;Anexo II, Plenário 08
81422;https://dadosabertos.camara.leg.br/api/v2/eventos/81422;2026-04-08 11:04:09;2026-04-08 11:59:30;Reunião Deliberativa;A - Ratificação de indicação para execução de emenda à LOA 2024, em cumprimento ao Art. 3º da Resolução nº 1, de 2025-CN;Anexo II, Plenário 16
81399;https://dadosabertos.camara.leg.br/api/v2/eventos/81399;2026-04-08 10:56:12;2026-04-08 13:33:05;Reunião Deliberativa;Discussão e votação de propostas legislativas;Anexo II, Plenário 01
81513;https://dadosabertos.camara.leg.br/api/v2/eventos/81513;2026-04-08 10:55:32;2026-04-08 11:59:13;Reunião Deliberativa;Discussão e votação de propostas legislativas;Anexo II, Plenário 13
81410;https://dadosabertos.camara.leg.br/api/v2/eventos/81410;2026-04-08 10:49:07;2026-04-08 11:52:12;Reunião Deliberativa;Discussão e votação de propostas legislativas;Anexo II, Plenário 05
81347;https://dadosabertos.camara.leg.br/api/v2/eventos/81347;2026-04-08 10:48:13;2026-04-08 11:18:47;Reunião Deliberativa;Discussão e votação de propostas legislativas;Anexo II, Plenário 15
81468;https://dadosabertos.camara.leg.br/api/v2/eventos/81468;2026-04-08 10:39:23;2026-04-08 11:32:00;Reunião Deliberativa;Discussão e votação de propostas legislativas;Anexo II, Plenário 12
81453;https://dadosabertos.camara.leg.br/api/v2/eventos/81453;2026-04-08 10:35:10;2026-04-08 12:27:37;Reunião Deliberativa;Discussão e votação de propostas legislativas;Anexo II, Plenário 06
81498;https://dadosabertos.camara.leg.br/api/v2/eventos/81498;2026-04-08 10:32:19;2026-04-08 12:04:36;Reunião Deliberativa;Discussão e votação de propostas legislativas;Anexo II, Plenário 11
81366;https://dadosabertos.camara.leg.br/api/v2/eventos/81366;2026-04-08 10:30:54;2026-04-08 11:47:21;Reunião Deliberativa;Discussão e votação de propostas legislativas;Anexo II, Plenário 10
81421;https://dadosabertos.camara.leg.br/api/v2/eventos/81421;2026-04-08 10:23:00;2026-04-08 12:09:00;Sessão Não Deliberativa Solene;Comemoração do Dia Mundial da Saúde e Lançamento do Vade Mecum da Saúde 2026.;Plenário do Senado Federal
81499;https://dadosabertos.camara.leg.br/api/v2/eventos/81499;2026-04-08 10:19:40;2026-04-08 10:25:27;Reunião Deliberativa;Discussão e votação de propostas legislativas.;Anexo II, Plenário 09
81451;https://dadosabertos.camara.leg.br/api/v2/eventos/81451;2026-04-08 10:10:52;2026-04-08 10:59:34;Reunião Deliberativa;Discussão e votação de propostas legislativas;Anexo II, Plenário 02
81386;https://dadosabertos.camara.leg.br/api/v2/eventos/81386;2026-04-08 10:05:22;2026-04-08 12:16:23;Reunião Deliberativa;Discussão e votação de propostas legislativas;Anexo II, Plenário 04
81433;https://dadosabertos.camara.leg.br/api/v2/eventos/81433;2026-04-08 10:00:00;2026-04-08 11:30:00;Reunião Técnica;Requerimentos nº 74 e 94/2026, de autoria do Deputado Federal Sargento Portugal - PODEMOS/RJ Reunião Técnica com o Comando do Corpo de Bombeiros Militar do Estado do Rio de Janeiro - CBMERJ CONVIDADOS: - CEL BM LUÍS EMÍDIO BRANDÃO COSTA PEREIRA, Diretor Geral de Veteranos e Pensionistas do Corpo de Bombeiros Militar do Estado do Rio de Janeiro - CBMERJ - MAJOR BM RENAN MARQUES, Assessor da Diretoria Geral de Veteranos e Pensionistas do Corpo de Bombeiros Militar do Estado do Rio de Janeiro - CBMERJ - CEL BM WASHINGTON SEBASTIÃO DE SOUZA JERÔNIMO, Diretor de Pessoal do Corpo de Bombeiros Militar do Estado do Rio de Janeiro - CBMERJ - MAJ BM VINICIUS FREIRE PENNA, Assessor do Diretor-Geral de Pessoal do Corpo de Bombeiros Militar do Estado do Rio de Janeiro - CBMERJ;Anexo II, Ala B, Sala 174B, Superior (COATA/DECOM)
81427;https://dadosabertos.camara.leg.br/api/v2/eventos/81427;2026-04-08 10:00:00;2026-04-08 11:30:26;Reunião Deliberativa;Discussão e votação de propostas legislativas;Anexo II, Plenário 14
81426;https://dadosabertos.camara.leg.br/api/v2/eventos/81426;2026-04-08 10:34:28;2026-04-08 12:23:42;Reunião Deliberativa;Discussão e votação de propostas legislativas;Anexo II, Plenário 07
81455;https://dadosabertos.camara.leg.br/api/v2/eventos/81455;2026-04-08 09:37:04;2026-04-08 10:41:21;Audiência Pública;PALESTRANTE: MARCO ANTONIO CHAMON Presidente da Agência Espacial Brasileira (AEB) (Presença confirmada) (Requerimento nº 13, de 2026, do Deputado André Figueiredo);Anexo II, Plenário 13
81517;https://dadosabertos.camara.leg.br/api/v2/eventos/81517;2026-04-08 09:30:00;2026-04-08 10:40:00;Mesa Redonda;Discussão da pauta e assuntos internos da CDE;
81470;https://dadosabertos.camara.leg.br/api/v2/eventos/81470;2026-04-08 09:30:00;2026-04-08 10:15:00;Mesa Redonda;Discussão da pauta e assuntos internos;
81483;https://dadosabertos.camara.leg.br/api/v2/eventos/81483;2026-04-08 10:45:13;2026-04-08 12:41:15;Reunião Deliberativa;Discussão e votação de propostas legislativas;Anexo II, Plenário 03
81270;https://dadosabertos.camara.leg.br/api/v2/eventos/81270;2026-04-08 09:38:00;2026-04-08 13:55:00;Comissão Geral;Comissão Geral para debater o feminicídio;Plenário da Câmara dos Deputados
81514;https://dadosabertos.camara.leg.br/api/v2/eventos/81514;2026-04-08 08:00:00;2026-04-08 10:43:00;Mesa Redonda;Discussão da pauta e outros assuntos atinentes à Comissão de Trabalho.;
81440;https://dadosabertos.camara.leg.br/api/v2/eventos/81440;2026-04-07 17:06:43;2026-04-07 18:27:45;Audiência Pública;"REQ. 74/2026 CSAUDE das Deputadas: Jandira Feghali - PCdoB/RJ; Ana Pimentel - PT/MG e Alice Portugal - PCdoB/BA Convidados confirmados: - Eliane Aparecida da Cruz (presencial) Chefe de Gabinete do Ministério da Saúde; - Fernanda Lou Sans Magano (presencial) Presidente do Conselho Nacional de Saúde - CNS e Representante do Ministério da Saúde - MS; - Cristian Morales (presencial) Representante no Brasil da Organização Pan-Americana da Saúde OPAS/OMS; - Arimatheus Silva (virtual) Assessor técnico do Conselho Nacional de Secretários de Saúde - CONASS; - Rodrigo Lacerda (presencial) Assessor técnico do Conselho Nacional de Secretarias Municipais de Saúde - CONASEMS";Auditório Nereu Ramos
81439;https://dadosabertos.camara.leg.br/api/v2/eventos/81439;2026-04-07 17:04:42;2026-04-07 17:54:03;Audiência Pública;(Requerimentos Nº13/2026/CTRAB, do Deputado Leo Prates) CONVIDADOS OCTÁVIO COSTA Presidente da Associação Brasileira de Imprensa - ABI MARLUCE EVANGELISTA CARVALHO ZACARIOTTI Presidente da Associação Brasileira de Ensino de Jornalismo - ABEJ SAMIRA CEARÁ Presidente da Federação Nacional dos Jornalistas - FENAJ RAFIZA VARÃO Presidente da Associação Brasileira de Pesquisadores em Jornalismo - SBPJor PEDRO RAFAEL FERREIRA Coordenador geral do sindicato dos jornalistas do DF MOACY NEVES Vice-Presidente da FENAJ e membro do Sindicato dos Jornalistas da Bahia - Sindjorba;Anexo II, Plenário 12
81459;https://dadosabertos.camara.leg.br/api/v2/eventos/81459;2026-04-07 16:58:42;2026-04-07 18:49:49;Audiência Pública;REQ 4/2026 CASP, da Deputada Sâmia Bomfim 1) ANA PAULA MENDONÇA (Confirmada) Diretora Federação Nacional dos Nutricionistas 2) JOZELMA RODRIGUES DOS SANTOS (Confirmada) Diretora Conselho Regional de Nutrição de SP 3) LIVIA ANGELI SILVA (Confirmada) Coordenadora-Geral de Políticas Remuneratórias e Planejamento da Força de Trabalho na Saúde. Ministério da Saúde 4) MANUELA DOLINSKY (Confirmada) Presidente Conselho Federal de Nutrição 5) MARIA DA CONSOLAÇÃO MACHADO FUREGATTI (Confirmada) Presidente Sindi-Nutri | SP 6) MIQUEIAS FREITAS MAIA (Confirmado) Auditor Fiscal do Trabalho Ministério do Trabalho e Emprego 7) REPRESENTANTE (Não comperecerá) Ministério da Educação;Anexo II, Plenário 08
81200;https://dadosabertos.camara.leg.br/api/v2/eventos/81200;2026-04-07 16:24:37;2026-04-07 19:33:50;Audiência Pública;"Em atendimento ao Requerimento nº 139/2025, de autoria do Dep. General Pazuello. Participantes: 1. Francisco Rondinelli Junior, Presidente da Comissão Nacional de Energia Nuclear (CNEN) e Representante do Ministério da Ciência, Tecnologia e Inovações (MCTI); (CONFIRMADO) 2. Carlos Alexandre Príncipe Pires, Coordenador de Projeto da Secretaria Nacional de Mudança do Clima - SMC do Ministério de Meio Ambiente e Mudança do Clima (MMA); (CONFIRMADO) 3. AE Petrônio Auguso Siqueira de Aguiar, Secretário Naval de Segurança Nuclear e Qualidade da Marinha do Brasil; (CONFIRMADO) 4. AE Alexandre Rabello de Faria, Diretor-Geral de Desenvolvimento Nuclear e Tecnológico da Marinha; (CONFIRMADO) 5. Marcelo Gomes, Coordenador de Segurança e Supervisão Independente da Eletronuclear; (CONFIRMADO) 6. Miguel Mattar Neto, Tecnologista Sênior e Orientador no Programa de Tecnologia Nuclear do Instituto de Pesquisas Energéticas e Nucleares (IPEN); (CONFIRMADO) 7.Reinaldo Gonzaga, Diretor do Combustível Nuclear das Indústrias Nucleares do Brasil (INB); (CONFIRMADO) 8. Caio Monteiro Leocadio, Superintendente Adjunto de Geração de Energia da Empresa de Pesquisa Energética (EPE); (CONFIRMADO) 9. Marco Aurélio Vieira, Presidente do Instituto de Petróleo, Gás e Energia (IPEGEN); (CONFIRMADO) 10.Carlos Henrique Silva Seixas, Presidente da Associação Brasileira de Energia Nuclear (ABEN);(CONFIRMADO) 11. Celso Cunha, Presidente da Associação Brasileira para o Desenvolvimento de Atividades Nucleares (ABDAN); (CONFIRMADO) 12. Ailton Fernando Dias, Diretor de Instalações Nucleares e Salvaguardas (DINS); da Autoridade Nacional de Segurança Nuclear (ANSN). (CONFIRMADO)";Anexo II, Plenário 14
81471;https://dadosabertos.camara.leg.br/api/v2/eventos/81471;2026-04-07 16:14:00;2026-04-07 17:53:43;Audiência Pública;Audiência Pública para debater os desafios da aplicação da Lei nº 13.819, de 26 de Abril de 2019, como política pública de prevenção à automutilação e ao suicídio. REQ Nº 9/2026 CPASF, de autoria da Deputada Rogéria Santos (Republicanos-BA) 1) ALEXANDER AUGUSTO RODRIGUES (Confirmado) Consultor UNESCO Ministério da Educação 2) CRISTIANE NOGUEIRA (Confirmada) Colaboradora Conselho Federal de Psicologia 3) ERASTO FORTES MENDONÇA (Confirmado) Coordenador-Geral de Políticas Educacionais em Direitos Humanos Ministério da Educação 4) VINÍCIUS BATISTA VIEIRA (Confirmado) Coordenador-Geral de Redes e Serviços de Saúde Mental, Álcool, outras Drogas Ministério da Saúde;Anexo II, Plenário 05
81538;https://dadosabertos.camara.leg.br/api/v2/eventos/81538;2026-04-07 16:02:27;2026-04-08 08:59:10;Teste do Painel Eletrônico;TEste de Habilitação para TCU - voto secreto;Anexo II, Plenário 06
81373;https://dadosabertos.camara.leg.br/api/v2/eventos/81373;2026-04-07 15:50:21;2026-04-07 16:01:49;Audiência Pública;"(REQ 18/2026 CVT, do deputado Luiz Carlos Busato; REQ 31/2026 CVT, do deputado Alexandre Lindenmeyer; REQ 32/2026 CVT, do deputado Zé Neto) Convidados: . BRUNO POTIGUARA, Diretor, e EMERSON ALMEIDA, Coordenador Geral, do Departamento de Gestão Ambiental, Territorial e Promoção ao Bem Viver Indígena do Ministério dos Povos Indígenas; (Confirmados) . DANIEL RODRIGUES ALDIGUERI, Diretor de Navegação e Fomento do Ministério de Portos e Aeroportos; (Confirmado) . EDUARDO QUEIROZ, Superintendente de Estudos Hidroviários (ANTAQ); (Confirmado) . CÉLIO REIS, Coordenador-Geral de Obras Aquaviárias do Departamento Nacional de Infraestrutura de Transportes (DNIT); (Confirmado) .FERNANDO CESAR RAMOS PARENTE, Diretor-Presidente da Sociedade de Portos e Hidrovias do Estado de Rondônia - SOPH (Confirmado); . FERNANDO DE ALMEIDA MARTINS, Procurador Regional da República, representando a Procuradoria-Geral da República; (Confirmado) . MÁRIO POVIA, Diretor-Presidente do Instituto Brasileiro de Infraestrutura (IBI); (Confirmado) . ALESSANDRA MUNDURUKU, Representante da Articulação dos Povos Indígenas do Brasil (APIB); (Confirmada) . LUKAS TUPINAMBÁ, Coordenador do Conselho Indígena Tapajós e Arapiuns (CITA); (Confirmado) . ANA PAULA GADOTTI FRANCO, Assessora de Relações Governamentais da Associação Brasileira para o Desenvolvimento da Navegação Interior (ABANI); (Confirmada) . MURILLO BARBOSA, Diretor-Presidente da Associação de Terminais Portuários Privados (ATP); (Confirmado) . JESUALDO CONCEIÇÃO DA SILVA, Diretor-Presidente da Associação Brasileira dos Terminais Portuários (ABTP). (Confirmado) . Governo do Amazonas; . Governo do Pará; . Governo do Tocantins; .Instituto Brasileiro do Meio Ambiente e dos Recursos Naturais Renováveis (IBAMA); (não poderá comparecer)";Anexo II, Plenário 02
81481;https://dadosabertos.camara.leg.br/api/v2/eventos/81481;2026-04-07 15:20:00;2026-04-07 17:20:00;Outro Evento;"Visita ao Observatório Nacional da Indústria para debater o ""Brasil Legal"" Convidados: MARCOS BORGES, Gerente Executivo da Unidade de Assuntos Legislativos da Confederação Nacional da Indústria - CNI (confirmado); FABÍOLA MELO, Assessora de Relações Institucionais da Confederação Nacional do Comércio - CNC (confirmada); ANDRE AVRICHIR, Secretário-Executivo do Conselho Nacional de Combate à Pirataria (confirmado); EDSON VISMONA, Presidente Executivo do Fórum Nacional Contra a Pirataria e a Ilegalidade - FNCP (confirmado); ALAN TOWERSEY, Auditor-Fiscal da Receita Federal do Brasil (confirmado); FERNANDO ANTONIO DAMASCENO LIMA, Auditor Fiscal da SEFAZ-CE e Representante do Comitê Nacional de Secretários de Fazenda, Finanças, Receita ou Tributação dos Estados e do Distrito Federal - COMSEFAZ (confirmado); MARIA EDUARDA CALLAI NEGRI, Diretora de Relações Institucionais da Associação Brasileira dos Agentes de Propriedade Industrial - ABAPI (confirmada).";
81477;https://dadosabertos.camara.leg.br/api/v2/eventos/81477;2026-04-07 15:34:34;2026-04-07 15:48:23;Reunião Deliberativa;- Acordo de procedimentos 2026;Anexo II, Plenário 12
81475;https://dadosabertos.camara.leg.br/api/v2/eventos/81475;2026-04-07 15:11:26;2026-04-07 17:30:47;Audiência Pública;(REQ 6/2026 CCJC, do deputado Paulo Azi) 1) FREDERICO TOLEDO MELO (Confirmado) Gerente Executivo de Relações Trabalhistas e Sindicais Confederação Nacional do Transporte - CNT 2) ROBERTO LUÍS LOPES NOGUEIRA (Confirmado) Advogado especialista da Diretoria Jurídica e Sindical Confederação Nacional do Comercio de Bens, Serviços e Turismo - CNC 3) RODRIGO HUGUENEY DO AMARAL MELLO (Confirmado) Coordenador Trabalhista Confederação da Agricultura e Pecuária do Brasil - CNA 4) SYLVIA LORENA TEIXEIRA DE SOUSA (Confirmado) Superintendente de Relações do Trabalho Confederação Nacional da Indústria - CNI;Anexo II, Plenário 01
81428;https://dadosabertos.camara.leg.br/api/v2/eventos/81428;2026-04-07 15:00:01;2026-04-07 16:58:51;Reunião Deliberativa;Discussão e votação de propostas legislativas;Anexo II, Plenário 06
81454;https://dadosabertos.camara.leg.br/api/v2/eventos/81454;2026-04-07 14:32:39;2026-04-07 16:12:44;Audiência Pública e Deliberação;"Tema: ""Tratamentos medicamentosos e protocolos clínicos"". Convidados: ARTHUR DE ALMEIDA MEDEIROS, Coordenador-Geral de Saúde da Pessoa com Deficiência do Ministério da Saúde (por videoconferência); (CONFIRMADO) CECÍLIA MENEZES FARINASSO, Tecnologista no Departamento de Gestão e Incorporação de Tecnologias em Saúde da Secretaria de Ciência, Tecnologia e Inovação do Ministério da Saúde; (CONFIRMADA) CÁSSIO IDE ALVES, Diretor Médico da Associação Brasileira de Planos de Saúde (por videoconferência); (CONFIRMADO) HELLEN HARUMI MIYAMOTO, Superintendente de Avaliação de Tecnologias em Saúde e Cobertura Assistencial da Federação Nacional de Saúde Suplementar (por videoconferência); (CONFIRMADA) PAULO EMIDIO LOBÃO CUNHA, Coordenador do Departamento Científico - Transtornos do Neurodesenvolvimento da Sociedade Brasileira de Neurologia Infantil. (CONFIRMADO) (Requerimento nº 10/2026, do Dep. Amom Mandel)";Anexo II, Plenário 09
81450;https://dadosabertos.camara.leg.br/api/v2/eventos/81450;2026-04-07 14:18:27;2026-04-07 14:37:08;Reunião Deliberativa;Deliberação de Requerimentos (estão sujeitos a pauta os requerimentos apresentados até 24h antes do horário da reunião):;Anexo II, Plenário 07
81387;https://dadosabertos.camara.leg.br/api/v2/eventos/81387;2026-04-07 14:11:38;2026-04-07 17:54:59;Audiência Pública;"REQUERIMENTOS: REQ nº 6/2026 - CDC, dos Deputados Paulão e Pedro Uczai; e REQ nº 52/2026 - CFFC, dos Deputados Dimas Gadelha, Pedro Uczai, Jilmar Tatto, Jorge Solla e Padre João. CONVIDADOS: Artur Watt (PRESENÇA CONFIRMADA) Diretor-Geral da Agência Nacional do Petroleo, Gás Natural e Biocombustíveis (ANP); Daniel Sales Correa (PRESENÇA ON LINE CONFIRMADA) Gerente Executivo de Comercialização do Mercado Interno Petrobras; Deyvid Bacelar (PRESENÇA CONFIRMADA) Especialista em Petróleo e Gás; Cloviomar Cararine Pereira (PRESENÇA CONFIRMADA) Economista e Técnico do Departamento Intersindical de Estatística e Estudos Socioeconômicos (Dieese); Iderley Colombini Neto (PRESENÇA ON LINE CONFIRMADA) Pesquisador do Instituto de Economia da Universidade Federal do Rio de Janeiro (UFRJ); Marco Rocha (PRESENÇA ON LINE CONFIRMADA) Professor do Instituto de Economia da Universidade Estadual de Campinas (Unicamp); e Ricardo Morishita (PRESENÇA CONFIRMADA) Secretário Nacional do Consumidor (Senacon).";Anexo II, Plenário 10
81406;https://dadosabertos.camara.leg.br/api/v2/eventos/81406;2026-04-07 14:00:00;2026-04-07 15:07:29;Reunião Deliberativa;PAUTA SUJEITA A ALTERAÇÕES 1- Representação nº 24/25 e apensadas (Representações nº 25/25 e 27/25), em desfavor dos Deputados Marcos Pollon, Marcel van Hattem e Zé Trovão, respectivamente - Leitura, discussão e votação do Parecer Final do Relator, Deputado Moses Rodrigues. 2- Representação nº 26/25, em desfavor do Deputado Marcos Pollon - Leitura, discussão e votação do Parecer Final do Relator, Deputado Ricardo Maia.;Anexo II, Plenário 11
81507;https://dadosabertos.camara.leg.br/api/v2/eventos/81507;2026-04-07 14:00:00;;Reunião Deliberativa;Discussão e votação de propostas legislativas;Anexo II, Plenário 08
81519;https://dadosabertos.camara.leg.br/api/v2/eventos/81519;2026-04-07 14:00:00;2026-04-07 20:30:00;Sessão Deliberativa;Sessão Deliberativa Extraordinária Presencial (AM nº 123/2020);Plenário da Câmara dos Deputados
81336;https://dadosabertos.camara.leg.br/api/v2/eventos/81336;2026-04-07 14:06:36;2026-04-07 14:37:32;Reunião Deliberativa;Discussão e votação de propostas legislativas;Anexo II, Plenário 13
81272;https://dadosabertos.camara.leg.br/api/v2/eventos/81272;2026-04-07 13:00:00;;Audiência Pública;"Convidados: . ARTHUR MEDEIROS, Coordenador-Geral da Pessoa com Deficiência do Departamento de Atenção Especializada e Temática da Secretaria de Atenção Especializada à Saúde do Ministério da Saúde - SAES/DAET/MS; . TÂNIA MARA COELHO, Presidente do Conselho Nacional dos Secretários de Saúde - CONASS; . GILBERTO JULHO KOEHLER, Gerente de Relações Institucionais e Governamentais da Coloplast Brasil; (Confirmado) . ANTÔNIO MANOEL PEREIRA, Presidente da BSB QUAD Rugby - Rugby em Cadeira de Rodas; (Confirmado) . HISHAM HAMIDA, Presidente do Conselho Nacional das Secretarias Municipais de Saúde - CONASEMS; (Não participará) . DAIANE NOGUEIRA LIMA, Conselheira do Conselho Nacional de Justiça - CNJ. (Não participará) (REQ 7/2026-CPD, de autoria do Deputado Duarte Jr.)";Anexo II, Plenário 13
81248;https://dadosabertos.camara.leg.br/api/v2/eventos/81248;2026-04-07 11:31:00;2026-04-07 12:55:00;Sessão Não Deliberativa Solene;Homenagem ao Dia Mundial da Saúde;Plenário da Câmara dos Deputados
81327;https://dadosabertos.camara.leg.br/api/v2/eventos/81327;2026-04-07 10:17:52;2026-04-07 12:13:07;Audiência Pública;REQ 19/2026 do Deputado Jorge Solla (PT/BA) Convidados confirmados: - Igor Ferreira Bueno (participação presencial) Diretor do Departamento do Complexo Econômico-Industrial da Saúde (DECIS) do Ministério da Saúde. - João Miguel Estephanio (participação presencial) Fundação Oswaldo Cruz (Fiocruz) - Ceuci de Lima Xavier Nunes (participação virtual) Diretora Presidente da Fundação Baiana de Pesquisa Científica e DesenvolvimentoTecnológico, Fornecimento e Distribuição de Medicamentos (BAHIAFARMA). Convidados a confirmar: - Representante do Conselho Nacional de Secretários de Saúde (CONASS);Anexo II, Plenário 07
81271;https://dadosabertos.camara.leg.br/api/v2/eventos/81271;2026-04-07 10:02:52;2026-04-07 12:26:19;Audiência Pública;"(REQ 3/2026 CVT, do deputado Luiz Carlos Busato) Convidados: . LEONARDO RIBEIRO, Secretário Nacional de Transporte Ferroviário, representando o Ministério dos Transportes; (Confirmado) . FERNANDO BARBELLI FEITOSA, Superintendente de Transporte Ferroviário da Agência Nacional de Transportes Terrestres (ANTT); (Confirmado) . FERNANDO DE ALMEIDA MARTINS, Procurador Regional da República, representando a Procuradoria-Geral da República; (Confirmado) . Governo do Estado do Rio Grande do Sul; . TICIANO AUGUSTO CALLAI BRAGATTO, Representante da Concessionária Rumo Malha Sul; (Confirmado) . SERGIO LUIZ KLEIN - Coordenador do GT Logistica; LUIZ AFONSO SENNA - Conselheiro do GT Logística e GILMAR CAREGNATTO - Executivo do Coinfra, Federação das Indústrias do Rio Grande do Sul (Fiergs); (Confirmados) . ANTONIO CARLOS CARVALHO BACCHIERI DUARTE, Vice-Presidente de Infraestrutura da Federação de Entidades Empresariais do Rio Grande do Sul (Federasul); (Confirmado) . JOÃO EDACIR CALEGARI MORAIS, Presidente do Sindicato dos Ferroviários do Rio Grande do Sul (Sindifergs); (Confirmado) . LUIS BALDEZ, Presidente da Associação Nacional dos Usuários do Transporte de Carga (Anut); (Confirmado) . ANDRÉ SCHEID, Sócio-Administrador da Scheid Empreendimentos Ltda; (Confirmado) . YURI PONTUAL, Diretor Jurídico e Regulatório da Associação Nacional dos Transportadores Ferroviários (ANTF). (Confirmado)";Anexo II, Plenário 11
81382;https://dadosabertos.camara.leg.br/api/v2/eventos/81382;2026-04-07 10:00:00;;Audiência Pública;(REQ 10/2026 CSPCCO, do deputado Coronel Assis) 1) AIRTON ARAÚJO FEITOSA (Confirmado) Subcomandante Grupo Especial de Operações em Fronteira - Gefron no Mato Grosso 2) CORONEL ASSIS MARTINS DOS SANTOS (a Confirmar) Coordenador-Geral Grupo Especial de Operações em Fronteira - Gefron Acre 3) ELIZEU NASCIMENTO (a Confirmar) Deputado Estadual Assembleia Legislativa do Estado de Mato Grosso 4) EYDER BRASIL (a Confirmar) Deputado Estadual Assembleia Legislativa do Estado de Rondônia 5) TENENTE-CORONEL JEFFERSON WESLEY ADORNO DE OLIVEIRA (Confirmado) Ex-comandante Batalhão de Fronteira (BPFRON) em Rondônia 6) TENENTE-CORONEL WILMAR FERNANDES (a Confirmar) Diretor de Operações de Fronteira no Mato Grosso do Sul;Anexo II, Plenário 06
81339;https://dadosabertos.camara.leg.br/api/v2/eventos/81339;2026-04-07 09:46:00;2026-04-07 11:23:00;Sessão Não Deliberativa Solene;Homenagem à 22ª Edição do Acampamento Terra Livre;Plenário da Câmara dos Deputados
81505;https://dadosabertos.camara.leg.br/api/v2/eventos/81505;2026-04-06 11:00:00;2026-04-06 12:00:00;Visita Técnica;Visita Técnica para entrega do Relatório da Comissão Externa ao Ministério Público do Estado do Rio Grande do Sul Local: Ministério Público do Estado do Rio Grande do Sul Av. Aureliano de Figueira Pinto, 80, Torre Sul, 14º andar Porto Alegre/RS Participantes: Procurador-Geral da Justiça ALEXANDRE SIKINOWSKI SALTZ Deputada Fernanda Melchionna Deputada Maria do Rosário;
81501;https://dadosabertos.camara.leg.br/api/v2/eventos/81501;2026-04-02 17:07:51;2026-04-02 17:07:53;Painel;Testes de sistemas;Anexo II, Plenário 01
81152;https://dadosabertos.camara.leg.br/api/v2/eventos/81152;2026-03-31 16:00:00;;Audiência Pública;"(REQ 3/2026 CVT, do deputado Luiz Carlos Busato) Convidados: . Ministério dos Transportes; . Agência Nacional de Transportes Terrestres (ANTT); . Ministério Público Federal; . Governo do Estado do Rio Grande do Sul; . Concessionária Rumo Malha Sul; . Federação das Indústrias do Rio Grande do Sul (Fiergs); . Federação de Entidades Empresariais do Rio Grande do Sul (Federasul); . Presidente do Sindicato dos Ferroviários do Rio Grande do Sul (Sindifergs); . Associação Nacional dos Usuários do Transporte de Carga (Anut); . Sheid Empreendimentos – Dr. André Sheid; . Associação Nacional dos Transportadores Ferroviários (ANTF).";A Definir
81247;https://dadosabertos.camara.leg.br/api/v2/eventos/81247;2026-03-31 11:19:00;2026-03-31 12:44:00;Sessão Não Deliberativa Solene;Homengem ao Dia Mundial de Conscientização do Autismo;Plenário da Câmara dos Deputados
81140;https://dadosabertos.camara.leg.br/api/v2/eventos/81140;2026-03-31 10:00:00;;Audiência Pública;(REQ 12/2026 CSPCCO, do deputado Coronel Assis) 1) ANTÔNIO GLAUTTER DE AZEVEDO MORAIS (Confirmado) Diretor de Inteligência Penal Secretaria Nacional de Políticas Penais do Ministério da Justiça e Segurança Pública - SENAPPEN/MJ 2) DANIELLE AMORIM SILVA (a Confirmar) Secretária de Justiça e Reintegração Social Secretaria de Estado de Justiça e Reintegração Social de Santa Catarina - SEJURI 3) HELTON EDI XAVIER DA SILVA (a Confirmar) Secretário de Estado da Justiça do Rio Grande do Norte e Vice-Presidente do Conselho Nacional dos Secretários de Estado da Justiça, Cidadania, Direitos Humanos e Administração Penitenciária do Nordeste 4) MARCUS CASTELO BRANCO ALVES SEMERARO RITO (a Confirmar) Secretário de Justiça Secretaria de Estado da Justiça de Rondônia - SEJUS/RO 5) RAFAEL RODRIGO PACHECO SALAROLI (Confirmado) Secretário de Estado da Justiça do Espírito Santo e Presidente do Conselho Nacional de Secretários de Estado de Justiça, Cidadania, Direitos Humanos e Administração Penitenciária - CONSEJ 6) REPRESENTANTE (a Confirmar) Procurador-Geral Procuradoria-Geral da República 7) REPRESENTANTE (a Confirmar) Representante Conselho Nacional de Justiça. 8) VALTER FURTADO FILHO (a Confirmar) Secretário de Justiça Secretária de Estado de Justiça de Mato Grosso - SEJUS/MT;Anexo II, Plenário 06
81289;https://dadosabertos.camara.leg.br/api/v2/eventos/81289;2026-03-27 16:30:00;2026-03-27 17:30:00;Visita Técnica;Visita técnica da Comissão Externa para a entrega do Relatório elaborado pela Comissão, com sugestões para o enfrentamento à violência letal contra as mulheres no Estado do Rio Grande do Sul. Endereço: Av. Borges de Medeiros, n.º 1.565 - 12º andar Praia de Belas - Porto Alegre/RS Comitiva confirmada: Deputada Fernanda Melchionna, Coordenadora Deputada Maria do Rosário, Relatora;
81417;https://dadosabertos.camara.leg.br/api/v2/eventos/81417;2026-03-26 19:00:00;2026-03-26 20:00:00;Seminário;Debater a implementação da Lei Complementar nº 226/2026 - Lei do Descongela Já;
81441;https://dadosabertos.camara.leg.br/api/v2/eventos/81441;2026-03-26 10:28:00;2026-03-26 12:02:00;Sessão Deliberativa;Sessão Deliberativa Extraordinária Semipresencial (AM nº 123/2020);Plenário da Câmara dos Deputados
81110;https://dadosabertos.camara.leg.br/api/v2/eventos/81110;2026-03-26 10:07:37;2026-03-26 12:04:47;Reunião Técnica;"CÂMARA DOS DEPUTADOS CENTRO DE ESTUDOS E DEBATES ESTRATÉGICOS 57ª Legislatura - 4ª Sessão Legislativa Ordinária Audiência Pública de 26 DE MARÇO DE 2026 ESTUDO ""FAVELAS E COMUNIDADES URBANAS: CONECTIVIDADE E INCLUSÃO DIGITAL PARA O DESENVOLVIMENTO SOCIOECONÔMICO DO TRABALHADOR 5.0"" TEMA: TRABALHO DIGITAL E AS ESPECIFICIDADES DA FAVELA Local: Plenário 4 Data: 26/03/26 Horário: 10h00 Link do Zoom: https://us02web.zoom.us/j/86987593914 - ID do Webinar: 869 8759 3914 P A U T A DA REUNIÃO A audiência visa a promover o debate sobre a inserção trabalhadores que residem em favelas no mercado digital, com destaque para oportunidades, condicionantes, desafios e gargalos inerentes à condição periférica dos assentamentos urbanos precários em que vivem. A ação de inserção de trabalhadores das favelas no mercado digital representa uma oportunidade estratégica de inclusão produtiva e mobilidade socioeconômica, sobretudo em um contexto de expansão do trabalho remoto, da economia de plataformas e da digitalização de serviços. O ambiente digital reduz barreiras geográficas e permite que competências técnicas e criativas - como programação, design, marketing digital, atendimento remoto e produção de conteúdo - sejam monetizadas independentemente da localização física. Além disso, iniciativas de capacitação tecnológica, hubs comunitários de inovação e programas de empreendedorismo digital vêm ampliando o acesso a ferramentas e redes profissionais, favorecendo a geração de renda e a formalização de atividades. Nesse cenário, o capital humano existente nas periferias urbanas, marcado por alta adaptabilidade e criatividade, constitui um vetor relevante para a economia digital, desde que haja condições estruturais mínimas para sua plena integração. Este debate irá contar com a presença de dirigentes de entidades de promoção de empreendedorismo, de associações representativas de plataformas digitais, bem como daquelas que representam trabalhadores agenciados por essas plataformas (entregadores, motoristas etc.). 1 Abertura dos trabalhos - Deputado Hélio Lopes, relator do estudo 2 Apresentação dos palestrantes: - Denis Moura, Diretor executivo e de comunicação da Federação Brasileira de Motoristas de Aplicativos - FEMBRAPP (confirmado presencial) - André Porto, Diretor-executivo da Associação Brasileira de Mobilidade e Tecnologia (Amobitec) e representante da Empresa 99Food e Grupo iFood (confirmado presencial) - Rebeca Mota, Gerente de Políticas Públicas do Conselho Digital do Brasil (confirmada) - Lucas Cepeda, Diretor de Relações Governamentais do Instituto Gerando Falcões (confirmado online) - Amanda Trentin, Especialista em Relações Governamentais do Instituto Gerando Falcões (online) - Rodrigo Pereira Brandão, Coordenador Jurídico e de políticas públicas da Educafro Brasil (confirmado online) - Luana Souza Silva, Vice-coordenadora Geral da Educafro Brasil (confirmado online) - Alan Brum Pinheiro, Diretor do Raízes em movimento (confirmado) 3 Debate entre o deputado relator, palestrantes, consultores e convidados - Ricardo Miranda de Sousa, Diretor da Consultoria e Secretário Executivo do CEDES, Câmara dos Deputados Consultores Legislativos: Augusto dos Santos Pereira (coordenador), Danilo Jesus da Silva, Herman Guilhermo Souza, Leonid Garnitskiy, Vinícius de Carvalho Amaral 4 Encerramento dos trabalhos";Anexo II, Plenário 04
81132;https://dadosabertos.camara.leg.br/api/v2/eventos/81132;2026-03-26 09:00:00;;Audiência Pública;REQ 13/2026 CSAUDE do Deputado Giovani Cherini (PL/RS) Convidados confirmados: Luiz Ayrton Santos Junior (participação presencial) Presidente da Federação Brasileira de Instituições Filantrópicas de Apoio à Saúde da Mama (FEMAMA) Andrea Cristina Pavei Soares (participação virtual) Conselheira Nacional de Saúde do Conselho Nacional de Saúde (CNS) Convidados a confirmar: Representante da Política Nacional de Prevenção e Controle do Câncer do Ministério da Saúde Representante do Instituto Nacional de Câncer (INCA) Representante do Conselho Nacional de Secretários de Saúde (CONASS) Representante da Agência Nacional de Saúde Suplementar (ANS) Não poderá participar: Representante do Conselho Nacional de Secretarias Municipais de Saúde (CONASEMS);Anexo II, Plenário 07
81416;https://dadosabertos.camara.leg.br/api/v2/eventos/81416;2026-03-25 19:00:00;2026-03-26 20:00:00;Seminário;Debater a implementação da Lei Complementar nº 226/2026 - Lei do Descongela Já;
81313;https://dadosabertos.camara.leg.br/api/v2/eventos/81313;2026-03-25 16:00:00;2026-03-25 17:00:00;Visita Técnica;Audiência com o Presidente do Tribunal de Contas do Estado do Rio Grande do Sul, para entrega do Relatório da Comissão Externa. Local: R. 7 de Setembro, 388, Centro Histórico Tribunal de Contas do Estado do Rio Grande do Sul Porto Alegre/RS Participação confirmada: Deputada Fernanda Melchionna, Coordenadora Deputada Maria do Rosário, Relatora;
81345;https://dadosabertos.camara.leg.br/api/v2/eventos/81345;2026-03-25 14:36:52;2026-03-25 15:03:03;Reunião Deliberativa;A - Acordo de procedimentos da CDHMIR;Anexo II, Plenário 09
81374;https://dadosabertos.camara.leg.br/api/v2/eventos/81374;2026-03-25 15:05:05;2026-03-25 15:18:29;Reunião Deliberativa;Discussão e votação de propostas legislativas;Anexo II, Plenário 03
81375;https://dadosabertos.camara.leg.br/api/v2/eventos/81375;2026-03-25 14:30:40;2026-03-25 15:39:52;Reunião Deliberativa;Discussão e votação de propostas legislativas;Anexo II, Plenário 07
81398;https://dadosabertos.camara.leg.br/api/v2/eventos/81398;2026-03-25 14:29:18;2026-03-25 19:43:49;Audiência Pública e Deliberação;"A - Audiência Pública Tema: Processo de Formação de Condutores Convidados: MARIA ALICE NASCIMENTO SOUZA, Diretora do Departamento de Segurança no Trânsito da Secretaria Nacional de Trânsito - SENATRAN; (REQ 6 e 13/26) - (Confirmada) FERNANDO OLIVEIRA, Diretor-Geral da Polícia Rodoviária Federal - PRF; (REQ 4 e 6/26) - (a confirmar) YOMARA RIBEIRO, Presidente da Associação de Trânsito do Estado de Santa Catarina - ATRAESC (REQ 13/26) - ( Confirmada) PAULO CÉSAR MARQUES DA SILVA, Professor Adjunto do Departamento de Engenharia Civil e Ambiental da Universidade de Brasília (UnB); (REQ 4/26) - (confirmado) YGOR VALENÇA, Presidente da Federação Nacional das Autoescolas - FENEAUTO; (REQ 6 e13/26) - (Confirmada) OGENY MAIA, Presidente do Fórum Nacional de Secretários e Dirigentes de Trânsito e Mobilidade Urbana; (REQ 6/26) - ( a confirmar) FRANCISCO GARONCE, Vice-Presidente do Instituto Nacional de Projetos para Trânsito e Segurança INPROTRAN; (REQ 4/26) - (Confirmado) ROBERTA DINIZ, Gerente Executiva de Desenvolvimento Profissional do SEST/SENAT, Confederação Nacional dos Transportes - CNT (REQ 4 e 6/26) - (Confirmada) MATHEUS MARTINS, Presidente da Associação dos CFCs do Estado de São Paulo -Acesp; (REQ 13/26) - (Confirmado) WAGNER FREITAS Advogado da Federação Nacional dos instrutores laborais; (REQ 13/26) - (Confirmado) PAULO GUIMARÃES, CEO do Observatório Nacional de Segurança Viária - ONSV (REQ 6/26) - ( Confirmado) CARLOS ANDRÉ ALMEIDA MACHADO, Presidente do Instituto Brasileiro de Segurança no Trânsito - IST; (REQ 6/26) - (a confirmar) RICARDO HÉGELE , 1º Vice-Presidente da Associação Brasileira de Medicina do Tráfego (ABRAMET); (REQ 6/26) - (Confirmado) RENAN JÚNIOR, Diretor de Comunicação da da Associação Brasileira de Psicologia do Tráfego - ABRAPSIT ; (REQ 6/26) - (Confirmado) VILNEI PINHEIRO SESSIM, Instituto Zero Acidente , Vice-presidente do Cetran - RS; (REQ 13/26) - (Confirmado) ALESSANDRO DIAS, Presidente do Sindicato dos Centros de Formação de Condutores de Minas Gerais - SINDCFC/MG representando a CNC (REQ 2/26) - (Confirmado) OLGA CATARINA ZANONI, Assessora Jurídica da Abrauto (REQ 12/26) - (Confirmada) GIVALDO VIEIRA DA SILVA, Presidente da Associação Nacional dos Dirigentes dos Detrans - AND; (REQ 6/26) - (a confirmar) (Requerimento nº 2/2026, do Dep. Coronel Meira) (Requerimento nº 4/2026, da Dep. Erika Kokay) (Requerimento nº 6/2026, do Dep. Aureo Ribeiro) (Requerimento nº 12 e 13/2026, do Dep. Fausto Pinato) B - Deliberação de Requerimentos (estão sujeitos a pauta os requerimentos apresentados até 24h antes do horário da reunião)";Anexo II, Plenário 02
81413;https://dadosabertos.camara.leg.br/api/v2/eventos/81413;2026-03-25 14:17:35;2026-03-25 14:34:23;Reunião de Eleição;Eleição de vice-presidentes;Anexo II, Plenário 09
81383;https://dadosabertos.camara.leg.br/api/v2/eventos/81383;2026-03-25 14:04:36;2026-03-25 15:19:43;Audiência Pública;"Audiência Pública para debater o PL nº 936/2024, que altera a Lei nº 14.597, de 14 de junho de 2023, que institui a Lei Geral do Esporte, a fim de garantir às entidades formadoras o direito de preferência no primeiro contrato com jovens atletas, em atenção ao Requerimento nº 14/2026, de autoria do deputado Luiz Lima. Convidados confirmados: Sr. Vicente Arruda Câmara Rodrigues, assessor da Secretaria Nacional de Futebol e Defesa dos Direitos do Torcedor (SNFDT) do Ministério do Esporte; Sra. Margareth Raquel, coordenadora-geral de futebol feminino da Secretaria Nacional de Futebol e Defesa dos Direitos do Torcedor (SNFDT) ) do Ministério do Esporte; Sra. Rosinha da Adefal, relações institucionais do Comitê Brasileiro de Clubes Paralímpicos (CBCP); Sra. Beatriz Futuro, representando a Comissão de Atletas do Comitê Olímpico do Brasil (CACOB) (videoconferência); Sr. Leomon Moreno, representando a Comissão Nacional de Atletas do Ministério do Esporte (videoconferência). Aguardando confirmação: -Representante do Comitê Paralímpico Brasileiro (CPB);";Anexo II, Plenário 04
81424;https://dadosabertos.camara.leg.br/api/v2/eventos/81424;2026-03-25 14:14:00;2026-03-25 20:24:00;Sessão Deliberativa;Sessão Deliberativa Extraordinária Semipresencial (AM nº 123/2020);Plenário da Câmara dos Deputados
81361;https://dadosabertos.camara.leg.br/api/v2/eventos/81361;2026-03-25 13:30:00;;Reunião Deliberativa;Discussão e votação de propostas legislativas;Anexo II, Plenário 10
81194;https://dadosabertos.camara.leg.br/api/v2/eventos/81194;2026-03-25 10:57:00;2026-03-25 11:56:00;Sessão Não Deliberativa Solene;Homenagem aos 37 anos do SindEducação/ES - Sindicato dos Educadores Técnico-Administrativos em Estabelecimentos de Ensino Particular do Estado do Espírito Santo;Plenário da Câmara dos Deputados
81391;https://dadosabertos.camara.leg.br/api/v2/eventos/81391;2026-03-25 10:37:10;2026-03-25 11:06:03;Reunião Deliberativa;Discussão e votação de propostas legislativas;Anexo II, Plenário 01
81353;https://dadosabertos.camara.leg.br/api/v2/eventos/81353;2026-03-25 10:36:47;2026-03-25 10:59:00;Reunião Deliberativa;Discussão e votação de propostas legislativas;Anexo II, Plenário 14
81393;https://dadosabertos.camara.leg.br/api/v2/eventos/81393;2026-03-25 10:34:33;2026-03-25 11:02:12;Reunião Deliberativa;Discussão e votação de propostas legislativas;Anexo II, Plenário 04
81380;https://dadosabertos.camara.leg.br/api/v2/eventos/81380;2026-03-25 10:26:04;2026-03-25 10:52:46;Reunião Deliberativa;Discussão e votação de propostas legislativas;Anexo II, Plenário 11
81235;https://dadosabertos.camara.leg.br/api/v2/eventos/81235;2026-03-25 10:19:00;2026-03-25 11:53:00;Sessão Não Deliberativa Solene;Homenagem aos 80 anos do Serviço Social do Comércio (Sesc) e do Serviço Nacional de Aprendizagem Comercial (Senac);Plenário do Senado Federal
81404;https://dadosabertos.camara.leg.br/api/v2/eventos/81404;2026-03-25 10:14:43;2026-03-25 10:22:31;Reunião Deliberativa;Discussão e votação de propostas legislativas;Anexo II, Plenário 09
81367;https://dadosabertos.camara.leg.br/api/v2/eventos/81367;2026-03-25 10:10:53;2026-03-25 11:34:20;Reunião Deliberativa;Discussão e votação de propostas legislativas;Anexo II, Plenário 12
81268;https://dadosabertos.camara.leg.br/api/v2/eventos/81268;2026-03-25 10:00:00;;Reunião Deliberativa;Discussão e votação de propostas legislativas;Anexo II, Plenário 16
81351;https://dadosabertos.camara.leg.br/api/v2/eventos/81351;2026-03-25 10:00:00;;Reunião Deliberativa;Discussão e votação de propostas legislativas;Anexo II, Plenário 05
81349;https://dadosabertos.camara.leg.br/api/v2/eventos/81349;2026-03-25 09:45:22;2026-03-25 10:04:36;Reunião Deliberativa;Discussão e votação de propostas legislativas;Anexo II, Plenário 07
81397;https://dadosabertos.camara.leg.br/api/v2/eventos/81397;2026-03-25 10:13:44;2026-03-25 12:49:52;Reunião Deliberativa;Discussão e votação de propostas legislativas;Anexo II, Plenário 03
80915;https://dadosabertos.camara.leg.br/api/v2/eventos/80915;2026-03-25 09:34:00;2026-03-25 10:09:00;Sessão Não Deliberativa Solene;Homenagem aos 10 anos da Associação Nacional dos Advogados Públicos Federais - ANAFE;Plenário da Câmara dos Deputados
81155;https://dadosabertos.camara.leg.br/api/v2/eventos/81155;2026-03-25 09:00:00;;Audiência Pública;(REQ 2/2026 CDE, do deputado Jadyel Alencar) Convidados: 1) DANIELA SCHETTINO (confirmada - videoconferência0 Diretora do Departamento de Rádiofusão Pública, Comunitária e Estatal Ministério das Comunicações - MCOM 2) MINISTÉRIO DO EMPREENDEDORISMO, DA MICROEMPRESA E DA EMPRESA DE PEQUENO PORTE (a confirmar) 3) SECRETARIA GERAL DA PRESIDÊNCIA DA REPÚBLICA (a confirmar) 4) OTOMAZ FEERRARI (confirmado) Presidente da Federação Brasileira das Rádios Comunitárias - FEBRASCOM 5) CLÁUDIO TAJRA (a confirmar) Presidente da Associação Comercial Piauiense - ACP 6) EVANDRO COSME (a confirmar) Presidente da Câmara dos Dirigentes Lojistas de Teresina - CDL;Anexo II, Plenário 05
81407;https://dadosabertos.camara.leg.br/api/v2/eventos/81407;2026-03-25 08:00:00;2026-03-25 10:11:00;Mesa Redonda;Discussão da pauta e outros assuntos atinentes à Comissão;
81415;https://dadosabertos.camara.leg.br/api/v2/eventos/81415;2026-03-24 19:00:00;2026-03-25 20:00:00;Seminário;Debater a implementação da Lei Complementar nº 226/2026 - Lei do Descongela Já;
81257;https://dadosabertos.camara.leg.br/api/v2/eventos/81257;2026-03-24 17:22:56;2026-03-24 19:23:39;Reunião Técnica;"CÂMARA DOS DEPUTADOS CENTRO DE ESTUDOS E DEBATES ESTRATÉGICOS 57ª Legislatura - 4ª Sessão Legislativa Ordinária Audiência Pública 24 de março de 2026 GRUPO DE ESTUDO ""O PLANO NACIONAL DE JUVENTUDE: PARÂMETROS E TEMÁTICAS PARA SUA EFETIVAÇÃO"" TEMA: JUVENTUDE, SAÚDE MENTAL, DIVERSIDADE E COMUNIDADES TRADICIONAIS Local: Plenário 4 Data: 24/03/26 Horário: 17h00 Link Zoom - ID Webinar 827 2465 9022 - https://us02web.zoom.us/j/82724659022 P A U T A DA REUNIÃO A audiência tem por objetivo abrir um espaço fundamental de diálogo e construção coletiva de políticas públicas que atendam às necessidades dos jovens brasileiros em sua pluralidade. Este é o momento de darmos voz às juventudes indígenas, quilombolas, ribeirinhas, periféricas, LGBTQIA+ e de todas as comunidades que historicamente enfrentam desafios específicos no acesso à saúde mental e ao pleno exercício de seus direitos. A participação ativa de jovens, lideranças comunitárias, profissionais de saúde, gestores públicos e organizações da sociedade civil é essencial para que possamos compreender as realidades diversas e propor soluções efetivas e inclusivas. A saúde mental da juventude brasileira merece atenção urgente e políticas que respeitem as especificidades culturais, territoriais e identitárias de cada comunidade. Os dados alarmantes sobre ansiedade, depressão e suicídio entre jovens exigem uma resposta coordenada que considere os determinantes sociais da saúde e as interseccionalidades que marcam as experiências juvenis. Sua presença nesta audiência pública fortalece a democracia participativa e contribui para a formulação de estratégias de cuidado que sejam verdadeiramente representativas e transformadoras. Compareça, participe e ajude a construir um futuro mais saudável e inclusivo para todas as juventudes! 1 Abertura dos trabalhos - Deputada Dandara (relatora do estudo) 2 Apresentação dos palestrantes: - Maria Páscoa Sarmento, Professora da Universidade Federal do Pará (confirmada - presencial) - Maria Helena Zamora, Professora Associada do Departamento de Psicologia Clínica da Pontifícia Universidade Católica do Rio de Janeiro - PUC-Rio (confirmada - online) - Maria da Graça Silveira Gomes da Costa, Professora de Psicologia da Universidade Federal do sul da Bahia - UFSB (confirmada - online) - Cayo Alcântara, Professor e Diretor Executivo de ""A Vida no Cerrado"" (AVINC) (confirmado - online) - Leonardo Fernandes Martins, Professor Pontifícia Universidade Católica do Rio de Janeiro - PUC- Rio (confirmado online) - Itallo Ruan Leite Martins, Coordenador do Laboratório de Comunicação do Engajamundo (confirmado presencial) 3 Debate entre deputados, palestrantes, consultores e convidados - Ricardo Miranda de Sousa, Secretário Executivo e Diretor da Consultoria Legislativa - Consultores legislativos: Diana Porto Lima, Cintia Mariane da Silva, Marina Meira de Oliveira, Fabiele Maidel Fritz, Davi Alberto da Silva, Gabriel Augusto Alves, Renne Mendes de Souza, Luciana da Silva Teixeira e Eduardo dos Santos Bento 4 Perguntas dos convidados aos palestrantes 5 Encerramento dos trabalhos";Anexo II, Plenário 04
81173;https://dadosabertos.camara.leg.br/api/v2/eventos/81173;2026-03-24 16:01:08;2026-03-24 18:46:35;Audiência Pública;"Em atendimento ao Requerimento nº 140/2025, de autoria do Deputado Paulo Guedes. Participantes: 1. André Krauss Queiroz, Coordenador-Geral da Coordenação-Geral de Mercado e Preço de Energia Elétrica da Secretária Nacional de Energia Elétrica do Ministério de Minas e Energia (MME); (CONFIRMADO) 2. Leonardo Ferreira de Oliveira, Secretário Adjunto da Secretaria de Competitividade e Política Regulatória do Ministério de Desenvolvimento, Industria e Comercio (MDIC); (CONFIRMADO) 3. Victor Iocca, Diretor de Energia da Associação Brasileira de Grandes Consumidores Industriais de Energia e de Consumidores Livres (ABRACE); (CONFIRMADO) 4. Rui Guilherme Altieri Silva, Presidente da Associação Brasileira dos Produtores Independentes de Energia Elétrica (APINE); (CONFIRMADO) 5. Isabella Sene, Especialista Técnico-Regulatório da Associação Brasileira de Energia Solar Fotovoltaica (ABSOLAR); (CONFIRMADA) 6. Massami Uyeda Jr, Advogado especializado em energias renováveis; (CONFIRMADO); 7. Júlio César Rezende Ferraz , Assessor do Diretor-Geral da Agência Nacional de Energia Elétrica (ANEEL); (CONFIRMADO) 8. Bernard Fernandes Kusel, Especialista de Análise da Operação da Operador Nacional do Sistema Elétrico (ONS); (CONFIRMADO) � 9. Francisco Silva, Diretor Regulatório da Associação Brasileira de Energia Eólica (ABEEólica) (CONFIRMADO); � �10. Paulo Sehn, Diretor de Energia da Associação Brasileira dos Investidores em Autoprodução de Energia (ABIAPE); (CONFIRMADO) 11. Fernanda Delgado, Presidente-Executiva da Associação Brasileira da Indústria do Hidrogênio Verde (ABIHV); (CONFIRMADA) 12. Heber Galarce, Presidente do Instituto Nacional da Energia Limpa (INEL); (CONFIRMADO) 13. Eduardo Müller Monteiro, Diretor Executivo do Instituto Acende Brasil; (CONFIRMADO) 14. Camilla de Andrade Gonçalves Fernandes, Diretora da Associação Brasileira das Empresas Geradoras de Energia Elétrica (ABRAGE). (CONFIRMADA)";Anexo II, Plenário 14
81195;https://dadosabertos.camara.leg.br/api/v2/eventos/81195;2026-03-24 15:36:54;2026-03-24 18:27:57;Audiência Pública;"(REQ 16/2026 CVT, do deputado Hugo Leal) . BASÍLIO MILITANI NETO, Diretor de Regulação, Fiscalização e Gestão da Secretaria Nacional de Trânsito (SENATRAN), representando o Ministério dos Transportes; (Confirmado) . ALEXANDRE ALVES SOUTO, Gerente de Gestão de Investimentos Rodoviários; RICARDO TIMOTEO ANTUNES, Gerente de Regulacão Rodoviária da Agência Nacional de Transportes Terrestres; e KARLA KELMA BASTOS SANTA ROSA DO CARMO, Gerente de Processamento e Cobrança de Auto de Infração(ANTT); (Confirmados) . EDUARDO SANCHES, Diretor Executivo da Associação Nacional dos Detrans (AND); (Confirmado) . FREDERICO PIEROTTI ARANTES, Presidente do CETRAN/SP, representando o Fórum Nacional dos Conselhos de Trânsito (FOCOTRAN); (Confirmado) . MARCO AURÉLIO BARCELOS, Presidente da Associação Brasileira de Concessionárias de Rodovias (ABCR - Melhores Rodovias do Brasil); (Confirmado) . RAPHAEL LOPES CENDON, Presidente da Associação de Moradores do Itimirim-Itaguaí/RJ e Líder do movimento contra as multas e isenção do pedágio para moradores; (Confirmado) . PAULO MIGUEL JUNIOR, Vice-Presidente da Associação Brasileira das Locadoras de Automóveis (ABLA); (Confirmado) . RICARDO KAORU, Presidente da Associação Brasileira das Empresas de Pagamento Automático para Mobilidade - ABEPAM; (Confirmado) . Deputado WELITON PRADO (Solidariedade/MG), autor do Projeto de Lei nº 945/2025; . Deputado POMPEO DE MATTOS (PDT/RS), autor dos Projetos de Lei nº 752/2025 e 1241/2025; . Deputado TONINHO WANDSCHEER, autor do Projeto de Lei nº 1654/2025; . Deputada TABATA AMARAL (PSB/SP), autora do Projeto de Lei nº 1849/2025; . Deputado PASTOR GIL (PL/MA), autor do Projeto de Lei nº 687/2025; . Deputado FAUSTO PINATO (PP/SP), autor do Projeto de Lei nº 111/2026; e . Deputada DUDA SALABERT (PDT/MG), autora do Projeto de Lei nº 533/2026. . LAURA ÁVILA - Secretária da Secretaria de Fiscalização de Infraestrutura Rodoviária e de Aviação Civil (SeinfraRodoviaAviação) do Tribunal de Contas da União (TCU); (não poderá comparecer)";Anexo II, Plenário 11
81389;https://dadosabertos.camara.leg.br/api/v2/eventos/81389;2026-03-24 15:14:13;2026-03-24 16:53:38;Audiência Pública;"Audiência Pública Tema: Impactos da Pirataria no Mercado de Apostas Online e Medidas Regulatórias e de Proteção ao Consumidor. Convidados: LEANDRO DOS REIS LUCCHESI, Coordenador-Geral de Regulação da Secretaria de Prêmios e Apostas do Ministério da Fazenda - SPA (confirmado); WITOLDO HENDRICH JÚNIOR, Presidente da Associação Brasileira de Jogos e Loterias - ABRAJOGO (confirmado); ANA BARBARA TEIXEIRA, Membro do Conselho Consultivo da Associação Internacional de Gaming - AIGAMING (confirmada); GIANLUCA RANGEARO FIORENTINI, Gerente de Fiscalização da Agência Nacional de Telecomunicações - ANATEL (confirmado); MARIANA TUMBIOLO, Consultora da Zela Consulting - ZELA (confirmado); LETÍCIA FERRAZ, Diretora-Executiva do Laboratório de Direitos Humanos e Novas Tecnologias - LAB SUL (confirmada); e FÁBIO CAIRES, Head de Relações Institucionais e Governamentais do Instituto Brasileiro de Jogo Responsável - IBJR (confirmado). (Requerimento nº. 20/2026, do Dep. Júlio Lopes)";Anexo II, Plenário 07
81396;https://dadosabertos.camara.leg.br/api/v2/eventos/81396;2026-03-24 15:35:42;2026-03-24 15:51:32;Reunião Deliberativa;Discussão e Votação do Relatório do Coordenador, Dep. Felipe Carreras.;Anexo II, Plenário 10
81390;https://dadosabertos.camara.leg.br/api/v2/eventos/81390;2026-03-24 14:59:25;2026-03-24 17:03:29;Audiência Pública;"(REQ 6/2026 CCJC, do Deputado Paulo Azi) 1) MÁRCIO AYER CORREIA DE ANDRADE | Presidente do Sindicato dos Comerciários do Rio de Janeiro - representante da Central dos Trabalhadores e Trabalhadoras do Brasil - CTB; (Confirmado) 2) ANTÔNIO FERNANDES DOS SANTOS NETO | Presidente da Central dos Sindicatos Brasileiros - CSB; (Confirmado) 3) FRANCISCO CANINDÉ PEGADO DO NASCIMENTO | Secretário-Geral da União Geral dos Trabalhadores - UGT; (Confirmado) 4) VALEIR ERTLE | Secretário Nacional de Assuntos Jurídicos da Central Única dos Trabalhadores - CUT. (Confirmado)";Anexo II, Plenário 01
81346;https://dadosabertos.camara.leg.br/api/v2/eventos/81346;2026-03-24 14:28:47;2026-03-24 16:52:44;Reunião Deliberativa;Discussão e votação de propostas legislativas;Anexo II, Plenário 06
81372;https://dadosabertos.camara.leg.br/api/v2/eventos/81372;2026-03-24 14:26:21;2026-03-24 16:04:25;Audiência Pública e Deliberação;"Tema: Capacitação e formação de profissionais. Convidados: SONIA ISOYAMA VENANCIO, Coordenadora-Geral de Atenção à Saúde das Crianças, Adolescentes e Jovens do Ministério da Saúde (por videoconferência); (CONFIRMADA) ERIKA RODRIGUES DE ALMEIDA, Coordenadora-Geral de Ações Estratégicas de Educação na Saúde do Ministério da Saúde (por videoconferência); (CONFIRMADA) ARTHUR DE ALMEIDA MEDEIROS, Coordenador-Geral de Saúde da Pessoa com Deficiência do Ministério da Saúde (por videoconferência); (CONFIRMADO) MARCO ANTONIO MELO FRANCO, Coordenador-Geral de Política Pedagógica da Educação Especial do Ministério da Educação (por videoconferência); (CONFIRMADO) BÁRBARA VILCHES, Prefeita de Presidente Venceslau/SP; (CONFIRMADA) Representante do Ministério do Trabalho e Emprego; (A CONFIRMAR) FERNANDO NUNES, Diretor Administrativo do FUNDEC; (CONFIRMADO) Representante do Conselho Nacional de Secretários de Educação - CONSED; (A CONFIRMAR) ANA PAULA LEFÈVRE - Conselheira Federal de Fonoaudiologia. (CONFIRMADA) (Requerimento nº 4/2025, do Dep. Marangoni) (Requerimento nº 8/2025, do Dep. Amom Mandel)";Anexo II, Plenário 09
81337;https://dadosabertos.camara.leg.br/api/v2/eventos/81337;2026-03-24 14:07:40;2026-03-24 15:29:18;Audiência Pública e Deliberação;REQ nº 9/2026, de autoria da Deputada Juliana Cardoso (PT/SP). Convidados: FLÁVIA BELLAGUARDA DE CASTRO CHUERY - presença confirmada Ministério do Meio Ambiente e Mudança do Clima FILIPE ARRUDA - presença confirmada Instituto de Pesquisa Ambiental da Amazônia - IPAM ISABELA RAHAL - presença confirmada Climate Emergency Fund TASSO AZEVEDO - presença confirmada Coordenador-Geral do MapBiomas ADRIANA PEREIRA - presença confirmada Observatório do Clima BEATRIZ MOREIRA - presença confirmada Cúpula dos Povos e Movimento dos Atingidos por Barragens;Anexo II, Plenário 12
81411;https://dadosabertos.camara.leg.br/api/v2/eventos/81411;2026-03-24 14:13:00;2026-03-24 19:28:00;Sessão Deliberativa;Sessão Deliberativa Extraordinária Semipresencial (AM nº 123/2020);Plenário da Câmara dos Deputados
80993;https://dadosabertos.camara.leg.br/api/v2/eventos/80993;2026-03-24 11:38:00;2026-03-24 13:58:00;Sessão Não Deliberativa Solene;Homenagem aos 60 anos do Partido Movimento Democrático Brasileiro - MDB;Plenário da Câmara dos Deputados
81204;https://dadosabertos.camara.leg.br/api/v2/eventos/81204;2026-03-24 10:21:30;2026-03-24 13:25:02;Audiência Pública;REQ 46/2026 CSAUDE do Deputado Allan Garcês (PP/MA), aditado pelo REQ 56/2026 CSAUDE da Deputada Enfermeira Rejane (PCdoB-RJ), pelo REQ 66/2026 CSAUDE do Deputado Dr. Luiz Ovando (PP-MS), pelo REQ 67/2026 da Deputada Ana Paula Lima (PT-SC), pelo REQ 71/2026 CSAUDE do Deputado Giovani Cherini (PL-RS) e pelo REQ 73/2026 da Deputada Enfermeira Ana Paula (PODE-CE). Convidados confirmados: Marcelo Prado (participação presencial) Representante do Conselho Federal de Medicina (CFM) Edgar Garcez Junior (participação presencial) Presidente do Conselho Federal de Biomedicina (CFBM) Joaquim Xavier da Silva (participação presencial) Representante do Conselho Federal de Biologia (CFBio) Roselaine Roratto Muner (participação presencial) Representante do Conselho Federal de Enfermagem (Cofen) Walter Jorge João (participação virtual) Presidente do Conselho Federal de Farmácia (CFF) Renerson Gomes dos Santos (participação presencial) Presidente da Comissão de Regulamentação das Cirurgias do Conselho Federal de Odontologia (CFO) Juliano Tibola (participação presencial) Conselheiro Federal do Conselho Federal de Fisioterapia e Terapia Ocupacional Viviane Franzoi da Silva (participação presencial) Representante da Sociedade Brasileira de Prevenção e Tratamento de Feridas (SOBENFeE) Jean Luis Degrande de Souza (participação presencial) Presidente da Sociedade Brasileira de Acupuntura Marcelo Moura Costa Sampaio (participação presencial) Representante da Sociedade Brasileira de Cirurgia Plástica (SBCP) Eduardo Costa Teixeira (participação presencial) Presidente da Associação Brasileira de Médicos com Expertise de Pós-graduação (Abramepo) Teresa Cristina de Souza Silva (participação presencial) Representante da Associação Brasileira de Enfermagem em Dermatologia (SOBENDE) Alexander da Silveira Assunção (participação presencial) Presidente do Conselho Nacional de Autorregulamentação da Acupuntura (CNAA) Paulo Antonio Alfano Martin (participação presencial) Representante do Colégio Brasileiro de Cirurgia Plástica (CBCP) Convidado a confirmar: Representante do Conselho Federal de Fisioterapia e Terapia Ocupacional (COFFITO);Anexo II, Plenário 02
81237;https://dadosabertos.camara.leg.br/api/v2/eventos/81237;2026-03-24 09:18:00;2026-03-24 11:04:00;Sessão Não Deliberativa Solene;Lançamento da Agenda Legislativa da Indústria 2026 - CNI - 31ª edição;Plenário da Câmara dos Deputados
81408;https://dadosabertos.camara.leg.br/api/v2/eventos/81408;2026-03-24 08:30:00;2026-03-24 12:47:32;Seminário;"Seminário ""Elas querem um Brasil mais Inclusivo e Diverso"" 9h - 10h | Mesa de abertura - Deputada Jack Rocha, Coordenadora dos Direitos da Mulher - Deputada Coronel Fernanda, Procuradora da Mulher na Câmara - Senadora Augusta Brito, Procuradora da Mulher no Senado - Senadora Dorinha Seabra, Líder da Bancada Feminina no Senado - Dra. Luiza Trajano, Presidente do Grupo Mulheres do Brasil - Dra. Julia de Baère, Presidente da Elas Pedem Vista 10h - 11h | Painel 1 - Feminismo negro nas políticas públicas: impactos e perspectivas Objetivo: analisar como o feminismo negro influencia na agenda democrática brasileira, na representação política de mulheres negras e no fortalecimento de políticas públicas. Moderadora: Manuelitta Hermes - Dione Assis, líder do feminismo negro - Ellen Caroline Piedade, pesquisadora em gênero e raça - Bruna Rodrigues, autoridade com atuação em igualdade racial 11h - 12h | Painel 2 - Mulheres negras no poder: desafios, avanços e horizontes Objetivo: síntese política e humana do processo para alcançar o espaço político, a presença no poder. Moderadora: Dora Gomes - Ministra Edilene Lobo, pesquisadora e professora - Jandaraci Araújo, liderança institucional - Tamara Vizioli, neurocientista comportamental 12h - 12h15 | Palestra da Ministra Cármen Lúcia Sugestão de tema: Como ampliar a presença e a permanência de mulheres nos espaços de poder? Muito além das cotas. 12h15 - 12h30 | Encerramento Oradora: Lorena Narcizo Entrega da carta ""Propostas para a Equidade: um apelo ao Congresso Nacional"" Composição da mesa: - Ministra Vera Lúcia - Deputada Soraya Santos - Deputada Talíria Petrone - Deputada Gisela Simona - Deputada Tábata Amaral - Dra. Janete Vaz, Presidente do Grupo Mulheres do Brasil, Núcleo Brasília - Dra. Bianca Gonçalves, Diretora da Elas Pedem Vista";Anexo II, Plenário 01
81412;https://dadosabertos.camara.leg.br/api/v2/eventos/81412;2026-03-24 08:26:40;2026-03-24 08:33:52;Teste do Painel Eletrônico;TESTE DITEC;Anexo II, Plenário 02
81357;https://dadosabertos.camara.leg.br/api/v2/eventos/81357;2026-03-23 19:00:00;2026-03-23 20:00:00;Seminário;(REQ 4/2026 CASP, da deputada Sâmia Bomfim) 1) CALEBE NUNES SILVA (Confirmado) Secretário Executivo Comissão de Administração e Serviço Público 2) REPRESENTANTE (a Confirmar) Ministro Ministério da Saúde;
81352;https://dadosabertos.camara.leg.br/api/v2/eventos/81352;2026-03-23 15:09:00;2026-03-23 16:16:00;Sessão Não Deliberativa Solene;Homenagem ao Dia Mundial da Água;Plenário da Câmara dos Deputados
81131;https://dadosabertos.camara.leg.br/api/v2/eventos/81131;2026-03-23 11:18:00;2026-03-23 12:27:00;Sessão Não Deliberativa Solene;Homenagem aos 75 anos do Conselho Nacional de Desenvolvimento Científico e Tecnológico - CNPq;Plenário da Câmara dos Deputados
81252;https://dadosabertos.camara.leg.br/api/v2/eventos/81252;2026-03-23 09:00:00;2026-03-23 17:59:00;Seminário;Tema: A constitucionalização da primeira infância no âmbito da PEC 34/2024, fortalecendo a governança interfederativa, a proteção integral e a priorização orçamentária como políticas permanentes de Estado. 09h - Abertura Solene Deputado Osmar Terra e Deputada Adriana Lara Programação 09h30 - Mesa 1 A Primeira Infância na Constituição: Compromissos Institucionais e Governança em Rede Eixo: Papel das instituições na implementação de direitos e articulação interfederativa. Convidados: ALEXSANDRO DO NASCIMENTO SANTOS (Confirmado - Remoto) Subsecretário Subsecretaria da Política Nacional Integrada da Primeira Infância (SNPPI) CINARA VIANNA DUTRA BRAGA - Rep. o Procurador-Geral de Justiça, Dr. Alexandre Saltz (Confirmada) Promotora de Justiça Promotoria da Infância e Juventude de Porto Alegre RS ADRIANA LARA (Confirmada) Deputada Estadual Assembleia Legislativa do Estado do Rio Grande do Sul 10h45 - Mesa 2 Gestão Pública e Implementação de Políticas para 0–6 anos Eixo: Execução concreta, intersetorialidade e planejamento estadual. Convidados: MARÍLIA PINTO BIANCHINI (Confirmada) Coordenadora-Adjunta Programa Primeira Infância - PIM VERÔNICA TEIXEIRA GLÓRIA (Confirmada) Gerente de Políticas Públicas Fundação Maria Cecília Souto Vidigal ANDREA GOYA TOCCHETTO OSOWSKI (Confirmada) Médica Legista Instituto-Geral de Perícias do Rio Grande do Sul ALESSANDRA SCHNEIDER (Confirmada - Remoto) Especialista em Políticas Públicas em Primeira Infância 12h - Intervalo para almoço 14h - Mesa 3 Sistema de Garantias de Direitos: Acesso, Proteção e Rede Eixo: Justiça, proteção integral e acesso efetivo aos direitos. Convidados: CHARLES MACIEL BITTENCOURT (Confirmado) Juiz de Direito e Coordenador Coordenadoria da Infância e Juventude do Estado do Rio Grande do Sul PAULA SIMÕES DUTRA DE OLIVEIRA (Confirmada) Defensora Pública Núcleo de Defesa da Criança e do Adolescente (NUDECA) CINARA VIANNA DUTRA BRAGA (Confirmada) Promotora de Justiça Promotoria da Infância e Juventude de Porto Alegre RS MARCELO NADLER (Confirmado) Perito / Coordenador Instituto-Geral de Perícias do RS / Núcleo de Combate à Pedofilia e ao Abuso Infantojuvenil - IGP RS MICHELLE MARQUES GONÇALVES (Confirmada) Secretária-Executiva Associação Estadual de Conselheiros e Ex-Conselheiros Tutelares do Rio Grande Sul - ACONTURS 15h30 - Mesa 4 Financiamento, Controle Social e Prioridade Orçamentária Eixo: Sustentabilidade financeira e participação social. Convidados: MIGUEL MEDINA (Confirmado) Presidente Conselho Estadual dos Direitos da Criança e do Adolescente - CEDICA JULIANA DE OLIVEIRA FOFONKA (Confirmada) Auditora de Controle Externo Tribunal de Contas do Estado do Rio Grande do Sul LUCAS GIACOMEL (Confirmado) Auditor de Controle Externo Tribunal de Contas do Estado do Rio Grande do Sul (REQUERIMENTO Nº 27/2025, DO DEP. OSMAR TERRA);
81365;https://dadosabertos.camara.leg.br/api/v2/eventos/81365;2026-03-20 14:00:00;2026-03-20 17:00:00;Mesa Redonda;"Em atendimento ao Requerimento nº 8/2026, de autoria da Deputada Federal Fátima Pelaes. Participantes: 1. Josiel Alcolumbre - Presidente do Conselho Deliberativo Estadual do Sebrae Amapá e Senador Suplente; 2. Teles Júnior - Vice-Governador do Estado do Amapá ; 3. Antonio Batista - Diretor de Atração de Investimento da Agência de Desenvolvimento Econômico (Agência Amapá); 4. Isana Alencar - Gerente da Unidade de Petróleo, Gás e Energia do Sebrae Amapá; 5. Alexandre Coutinho da Silveira - Presidente da Associação dos Advogados Tributaristas do Estado do Pará (AATP); Professor e Vice-Coordenador do Programa de Pós-Graduação em Direito e Desenvolvimento na Amazônia (UFPA); e 6. Wandenberg Monte Negro de Vasconcelos Pitaluga Filho - Diretor-Presidente da Agência de Desenvolvimento Econômico (Agência Amapá).";
81117;https://dadosabertos.camara.leg.br/api/v2/eventos/81117;2026-03-20 14:32:00;2026-03-20 15:43:00;Sessão Não Deliberativa Solene;Homenagem ao Dia Internacional da Síndrome de Down;Plenário da Câmara dos Deputados
81251;https://dadosabertos.camara.leg.br/api/v2/eventos/81251;2026-03-19 14:00:00;2026-03-19 18:40:00;Mesa Redonda;"Em atendimento ao Requerimento nº 2/2026, de autoria do Deputado Joaquim Passarinho. Participantes: 1. Fábio Monteiro Lima - Diretor-Executivo da Associação Brasileira de Soluções de Armanezamento de Energia (ABSAE); 2. Flávio Torres - Gerente do Instituto Brasileiro de Petróleo, Gás e Biocombustíveis (IBP); 3. Paulo Roberto - Diretor Presidente da Norte Energia; 4. Leonardo Zilio - Diretor de Relações Institucionais e Sustentabilidade do Grupo Oleoplan.";
81333;https://dadosabertos.camara.leg.br/api/v2/eventos/81333;2026-03-19 14:00:00;;Reunião Deliberativa;PAUTA SUJEITA A ALTERAÇÕES PAUTA REMANESCENTE DAS REUNIÕES CONVOCADAS PARA OS DIA 17/3/26 E 18/3/26.;A Definir
81378;https://dadosabertos.camara.leg.br/api/v2/eventos/81378;2026-03-19 10:18:00;2026-03-19 13:28:00;Sessão Deliberativa;Sessão Deliberativa Extraordinária Semipresencial (AM nº 123/2020);Plenário da Câmara dos Deputados
81122;https://dadosabertos.camara.leg.br/api/v2/eventos/81122;2026-03-19 10:17:32;2026-03-19 12:00:02;Audiência Pública;REQ 7/2026 CSAUDE do Deputado Dr. Frederico (PRD/MG) Convidados confirmados: Diogo Leite Sampaio (participação presencial) Representante do Conselho Federal de Medicina (CFM) Denilson Magalhães (participação virtual) Consultor de Saúde da Confederação Nacional de Municípios (CNM) Rodrigo Alves Torres Oliveira (participação virtual) Diretor do Departamento de Estratégias para a Expansão e Qualificação da Atenção Especializada do Ministério da Saúde Não poderão participar: Representante do Conselho Nacional de Secretarias Municipais de Saúde (CONASEMS) Representante da Confederação das Santas Casas de Misericórdia e Hospitais Filantrópicos (CMB) Representante do Conselho Nacional de Secretários de Saúde (CONASS);Anexo II, Plenário 07
81368;https://dadosabertos.camara.leg.br/api/v2/eventos/81368;2026-03-19 10:15:10;2026-03-19 11:02:47;Reunião de Instalação e Eleição;Instalação da Comissão e Eleição da Presidência e Vice-presidência;Anexo II, Plenário 04
81229;https://dadosabertos.camara.leg.br/api/v2/eventos/81229;2026-03-19 10:00:00;;Audiência Pública;"(REQ 11/2026 CVT, do Deputado Cezinha de Madureira) Convidados: . SILVIO COSTA FILHO, Ministro de Portos e Aeroportos; . TIAGO CHAGAS FAIERSTEIN, Diretor-Presidente da Agência Nacional de Aviação Civil; . KLEBER ALMADA MEIRA, Diretor Executivo do Aeroporto de Congonhas; . FLAVIO J. V. PIRES Diretor Geral da Associação Brasileira de Aviação Geral; . JULIANO NOMAN, Presidente da Associação Brasileira das Empresas Aéreas (ABEAR).";A Definir
81322;https://dadosabertos.camara.leg.br/api/v2/eventos/81322;2026-03-19 10:00:00;2026-03-19 10:55:00;Reunião Técnica;Protocolo de atendimento às vítimas de racismo;
81298;https://dadosabertos.camara.leg.br/api/v2/eventos/81298;2026-03-18 17:17:00;2026-03-18 18:51:51;Audiência Pública;"REQ. 63/2026 CSAUDE da Deputada Carla Dickson (UNIÃO-RN), Deputado Diego Garcia (REPUBLICANOS/PR) e Deputado Giovani Cherini (PL/RS). Convidados confirmados: - Eliane Munhoz Zamperli (participação presencial) Representante de pacientes do Hospital das Clínicas da Universidade de São Paulo (USP) - Edna Silva (participação presencial) Idealizadora do equipamento público ""Colo pra Mãe"" de Campina Grande/PB - Maíra Botelho (participação presencial) Integrante da equipe fundadora do Sistema Único de Saúde (SUS) - Patricia Delai Pesquisadora, médica dermatologista e especialista em Fibrodisplasia Ossificante Progressiva (FOP)";Anexo II, Plenário 07
81150;https://dadosabertos.camara.leg.br/api/v2/eventos/81150;2026-03-18 17:07:00;2026-03-18 18:08:00;Audiência Pública;"Audiência Pública com a participação do Comitê Olímpico do Brasil para apresentar o balanço do primeiro ano de gestão e seu planejamento estratégico para o ciclo 2025-2028, em atenção ao Requerimento nº 7/2026, de autoria do Deputado Sérgio Santos Rodrigues. Convidados confirmados: Sr. Marco Antônio La Porta Júnior, presidente do Comitê Olímpico do Brasil (COB); Sr. Emanuel Rêgo, diretor-Geral do COB e Campeão Olímpico ; Sr. Jorge Bichara, consultor de Esportes do COB.";Anexo II, Plenário 04
81266;https://dadosabertos.camara.leg.br/api/v2/eventos/81266;2026-03-18 16:11:27;2026-03-18 17:39:12;Audiência Pública;"Req. 10/2026 Autores: Dep. Alice Portugal e Dep. Luiz Couto Convidados: 1.Josué Augusto do Amaral Rocha, Secretário-Executivo dA Secretaria-Geral da Presidência; CONFIRMADO 2. Deputado Federal Reginaldo Lopes; 3. JEANE SALES ALVES, Auditora-Fiscal, Representante do Ministério do Trabalho e Emprego; CONFIRMADA 4. ÉLIDA LAURIS, Secretária Nacional de Promoção e Defesa dos Direitos Humanos Representante do Ministério dos Direitos Humanos e da Cidadania; CONFIRMADA 5. Raymundo Lima Ribeiro Junior - Coordenador Nacional de Defesa do Meio Ambiente do Trabalho e da Saúde do Trabalhador e da Trabalhadora e Procurador do Trabalho; CONFIRMADO 6. Representante da Organização Internacional do Trabalho - OIT no Brasil; 7. Ricardo Antunes - sociólogo do trabalho; 8. GRAÇA DRUCK - pesquisadora da área de trabalho e precarização; CONFIRMADA 9. VITOR FILGUEIRAS - pesquisador das relações de trabalho; CONFIRMADO 10. Sergio Nobre, Presidente da CUT - Central Única dos Trabalhadores; 11. ADILSON ARAÚJO Representante da Central dos Trabalhadores e Trabalhadoras do Brasil - CTB 12. Representante do Movimento Vida Além do Trabalho - VAT; 13. Representante de sindicatos de comerciários, trabalhadores de supermercados, telemarketing e serviços terceirizados Sindicato dos Comerciários - SINDICOM-DF; 14. Representante de movimentos populares e frentes de defesa do trabalho digno. 15. MÁRCIO AYER, Presidente do Sindicato dos Comerciários do Rio de Janeiro; CONFIRMADO";Anexo II, Plenário 09
81332;https://dadosabertos.camara.leg.br/api/v2/eventos/81332;2026-03-18 15:30:00;;Reunião Deliberativa;PAUTA SUJEITA A ALTERAÇÕES PAUTA REMANESCENTE DA REUNIÃO CONVOCADA PARA O DIA 17/3/26.;A Definir
81329;https://dadosabertos.camara.leg.br/api/v2/eventos/81329;2026-03-18 15:00:00;;Reunião Deliberativa;Discussão e votação de propostas legislativas;Anexo II, Plenário 09
81256;https://dadosabertos.camara.leg.br/api/v2/eventos/81256;2026-03-18 15:01:37;2026-03-18 17:02:16;Seminário;"Seminário Tema: Doença renal crônica como fator transversal de risco e desfecho associado às doenças oncológicas, cardiovasculares e cerebrovasculares, com foco na organização a linha de cuidado, financiamento, qualificação dos registros e integração das políticas públicas Convidados: CARMEN CRISTINA MOURA DOS SANTOS, Coordenadora-Geral de Atenção Especializada do Ministério da Saúde (confirmada); EDUARDO VALADARES DE BRITO, Defensor Público da União, Defensoria Pública da União - DPU (confirmado); ISADORA CARTAXO DE SOUSA CALVO, Diretora de Políticas Associativas da Sociedade Brasileira de Nefrologia - SBN (confirmado); JOÃO EDUARDO NUNES SALLES, Presidente da Sociedade Brasileira de Diabetes - SBD (a confirmar); JULIO BRAGA, Representante do Departamento de Arterosclerose da Sociedade Brasileira de Cardiologia - SBC (confirmado); FERNANDA PINHEIRO MARTIN TAPIOCA, Nefrologista do Hospital Público de Referência Ana Nery (Salvador) (confirmada); VANESSA PIROLO, Presidente do Vozes do Advocacy (confirmada); AMANDA EUNICE DA LUZ BASTOS, Presidente da Federação Nacional dos Pacientes Renais e Transplantados - FENAPAR (a confirmar). (Requerimento nº 5/2026 CECANCER, do Dep. Weliton Prado) (Requerimento nº 14/2026 CIDOSO, do Dep. Weliton Prado)";Anexo II, Plenário 06
81296;https://dadosabertos.camara.leg.br/api/v2/eventos/81296;2026-03-18 15:13:22;2026-03-18 15:55:23;Reunião Deliberativa;Discussão e votação de propostas legislativas;Anexo II, Plenário 11
81187;https://dadosabertos.camara.leg.br/api/v2/eventos/81187;2026-03-18 14:54:46;2026-03-18 16:35:49;Reunião de Comparecimento de Ministro(a);Reunião de comparecimento de ministro para debater as políticas públicas esportivas, em atenção ao Requerimento nº 1/2026, de autoria do deputado Saulo Pedroso. Convidado confirmado: Sr. André Fufuca, ministro do Esporte.;Anexo II, Plenário 04
81288;https://dadosabertos.camara.leg.br/api/v2/eventos/81288;2026-03-18 14:36:52;2026-03-18 16:20:45;Reunião Deliberativa;Discussão e votação de propostas legislativas;Anexo II, Plenário 07
81312;https://dadosabertos.camara.leg.br/api/v2/eventos/81312;2026-03-18 14:14:00;2026-03-18 18:51:29;Audiência Pública e Deliberação;"A - Audiência Pública Tema: Segurança Viária e a necessidade de atualização do Código de Trânsito Brasileiro Convidados: ADRUALDO DE LIMA CATÃO, Secretário Nacional de Trânsito do Ministério dos Transportes (REQ 2/26) - (confirmado); JEFERSON ALMEIDA MORAES, Coordenador- Geral de Segurança Viária da Polícia Rodoviária Federal - PRF - (confirmado); CAROLINA MARINO, Presidente do Instituto Mulheres no Trânsito (REQ 2/26)- (confrmada); LAÉRCIO PINHEL DA SILVA, Presidente da Federação Nacional dos Instrutores de Trânsito e dos Trabalhadores em Centros de Formação de Condutores - Fenainst - (confirmado); MATHEUS MARTINS, Presidente da Associação dos CFCs do Estado de São Paulo - ACESP (REQ 2/26) - (confirmado); RICARDO HÉGELE, 1º Vice-Presidente da Associação Brasileira de Medicina do Tráfego - Abramet (REQ 2/26)- (confirmado); JEAN RAFAEL SANCHES, Representante da Federação das Autoescolas do Brasil (REQ 2/26) - (confirmado); ALISSON MAIA DE FREITAS, Vice-Presidente do Sindicato dos Centros de Formação de Condutores do Ceará (REQ 2/26) - (Confirmado); MATEUS ROCHA, Analista de Relações Governamentais do Instituto LIVRES (confirmado). PATRÍCIA SANDRI, Presidente da Associação Brasileira de Psicologia de Tráfego - APRAPSIT - (REQ 1 e 2/26)-(confirmado); CHRISTIAN RIGER, Coordenador de Desenvolvimento Profissional SETS/SENAT, Confederação Nacional dos Transportes - CNT (confirmado) ARI JORGE SOARES, Advogado Especialista da Divisão Jurídica Sindical da Confederação Nacional do Comércio - CNC (REQ 2/26)-(confirmado) GIVALDO VIEIRA DA SILVA, Presidente da Associação Nacional dos DETRANS - AND (REQ 2/26) - (a confirmar); (Requerimento nº 1/2026, Dep. Fausto Pinato) (Requerimento nº 2/2026, Dep. Coronel Meira) B - Deliberação de Requerimentos";Anexo II, Plenário 02
81305;https://dadosabertos.camara.leg.br/api/v2/eventos/81305;2026-03-18 14:00:00;;Audiência Pública;(REQ 6/2026 CCJC, do deputado Paulo Azi) 1) DÉBORA FREIRE | Subsecretária de Política Fiscal do Ministério da Fazenda (Confirmada);Anexo II, Plenário 01
81222;https://dadosabertos.camara.leg.br/api/v2/eventos/81222;2026-03-18 14:00:00;;Reunião de Eleição;Eleição para os cargos de 1º e 2º Vice-Presidentes;Anexo II, Plenário 09
81325;https://dadosabertos.camara.leg.br/api/v2/eventos/81325;2026-03-18 14:00:00;2026-03-18 14:20:30;Reunião Deliberativa;Discussão e votação de propostas legislativas;Anexo II, Plenário 03
81344;https://dadosabertos.camara.leg.br/api/v2/eventos/81344;2026-03-18 14:19:00;2026-03-18 22:39:00;Sessão Deliberativa;Sessão Deliberativa Extraordinária Presencial (AM nº 123/2020);Plenário da Câmara dos Deputados
80841;https://dadosabertos.camara.leg.br/api/v2/eventos/80841;2026-03-18 14:34:00;2026-03-18 17:10:00;Reunião Deliberativa;Discussão e Votação de Propostas legislativas;Anexo II, Plenário 14
81295;https://dadosabertos.camara.leg.br/api/v2/eventos/81295;2026-03-18 14:16:17;2026-03-18 14:54:02;Reunião Deliberativa;Discussão e votação de propostas legislativas;Anexo II, Plenário 10
81228;https://dadosabertos.camara.leg.br/api/v2/eventos/81228;2026-03-18 13:42:19;2026-03-18 13:45:35;Reunião Deliberativa;Discussão e votação de propostas legislativas;Anexo II, Plenário 05
81316;https://dadosabertos.camara.leg.br/api/v2/eventos/81316;2026-03-18 14:00:38;2026-03-18 14:15:47;Reunião Deliberativa;Discussão e votação de propostas legislativas;Anexo II, Plenário 12
81311;https://dadosabertos.camara.leg.br/api/v2/eventos/81311;2026-03-18 13:36:00;2026-03-18 14:07:00;Reunião Deliberativa;Discussão e votação de propostas legislativas;Anexo II, Plenário 04
81278;https://dadosabertos.camara.leg.br/api/v2/eventos/81278;2026-03-18 12:17:00;2026-03-18 12:32:00;Reunião Deliberativa;Discussão e votação de propostas legislativas;Anexo II, Plenário 12
81262;https://dadosabertos.camara.leg.br/api/v2/eventos/81262;2026-03-18 11:24:00;2026-03-18 12:27:00;Sessão Não Deliberativa Solene;Homenagem ao Dia Mundial do Rim.;Plenário da Câmara dos Deputados
81331;https://dadosabertos.camara.leg.br/api/v2/eventos/81331;2026-03-18 11:08:00;2026-03-18 12:23:00;Reunião de Instalação e Eleição;Candidatos indicados: Para Presidente: Deputado Benes Leocádio (UNIÃO - RN) Para 1º Vice-Presidente: Deputado Daniel Barbosa (PP - AL) Para 2º Vice-Presidente: Deputado Diego Garcia (Republicanos - PR) Para 3º Vice-Presidente: Deputado Maurício Carvalho (União - RO).;Anexo II, Plenário 10
81309;https://dadosabertos.camara.leg.br/api/v2/eventos/81309;2026-03-18 11:06:49;2026-03-18 14:20:55;Reunião de Comparecimento de Ministro(a);Tema: Convocação, nos termos do art. 50, caput da Constituição Federal e artigo 219, inciso I e § 2º do Regimento Interno da Câmara dos Deputados, para prestar esclarecimentos sobre os temas abaixo indicados e outros relacionados à política externa brasileira: - postura adotada pelo governo brasileiro e pelo Itamaraty diante da ação militar realizada pela República Islâmica do Irã contra outras nações do Oriente Médio. Em atendimento ao Requerimento nº 08/2026-CREDN, de autoria do Deputado Rodrigo Valadares (União/SE) - documento divulgado pelo Congresso dos Estados Unidos que menciona a existência de supostas bases militares da República Popular da China em território brasileiro destinadas a lançamentos espaciais. Em atendimento ao Requerimento nº 10/2026-CREDN, de autoria do Deputado Gustavo Gayer (PL/GO) - manifestações atribuídas à encarregada de negócios da Embaixada do Brasil em Burkina Faso, envolvendo comunicação diplomática relacionada ao regime iraniano e referências ao Estado de Israel, conforme matérias jornalísticas amplamente divulgadas. Em atendimento ao Requerimento nº 19/2026-CREDN, de autoria do Deputado Helio Lopes (PL/RJ) Convocado: Embaixador Mauro Luiz Iecker Vieira, Ministro de Estado das Relações Exteriores (*) (*) presença confirmada;Anexo II, Plenário 03
81279;https://dadosabertos.camara.leg.br/api/v2/eventos/81279;2026-03-18 11:20:55;2026-03-18 12:29:35;Reunião Deliberativa;Discussão e votação de propostas legislativas;Anexo II, Plenário 08
81281;https://dadosabertos.camara.leg.br/api/v2/eventos/81281;2026-03-18 11:08:43;2026-03-18 11:56:18;Reunião Deliberativa;Discussão e votação de propostas legislativas;Anexo II, Plenário 05
81308;https://dadosabertos.camara.leg.br/api/v2/eventos/81308;2026-03-18 11:01:49;2026-03-18 13:11:47;Reunião Deliberativa;Discussão e votação de propostas legislativas;Anexo II, Plenário 01
81303;https://dadosabertos.camara.leg.br/api/v2/eventos/81303;2026-03-18 10:54:28;2026-03-18 13:27:45;Reunião de Comparecimento de Ministro(a);"Expositor: - JADER FILHO, Ministro das Cidades Acompanham o Ministro: ANTONIO VLADIMIR LIMA, Secretário-Executivo; AUGUSTO RABELO, Secretário Nacional de Habitação; DENIS ANDIA, Secretário Nacional de Mobilidade Urbana; FLÁVIO PASSOS, Secretário Nacional Substituto de Saneamento Ambiental; RODOLFO BAESSO, Diretor da Secretaria Nacional de Periferias CRISTIANA SCORZA, Diretora da Secretaria Nacional de Desenvolvimento Urbano e Metropolitano (Requerimento nº 2, do Deputado Keniston Braga)";Anexo II, Plenário 04
81207;https://dadosabertos.camara.leg.br/api/v2/eventos/81207;2026-03-18 10:44:52;2026-03-18 11:55:00;Reunião Deliberativa;Discussão e votaçao de proposições legislativas;Anexo II, Plenário 14
81306;https://dadosabertos.camara.leg.br/api/v2/eventos/81306;2026-03-18 10:39:30;2026-03-18 11:14:24;Reunião Deliberativa;Discussão e votação de propostas legislativas;Anexo II, Plenário 13
81094;https://dadosabertos.camara.leg.br/api/v2/eventos/81094;2026-03-18 10:36:00;2026-03-18 10:58:24;Reunião Deliberativa;Discussão e votação de propostas legislativas;Anexo II, Plenário 15
81318;https://dadosabertos.camara.leg.br/api/v2/eventos/81318;2026-03-18 10:32:41;2026-03-18 11:02:15;Reunião Deliberativa;Discussão e votação de propostas legislativas;Anexo II, Plenário 09
81202;https://dadosabertos.camara.leg.br/api/v2/eventos/81202;2026-03-18 10:26:30;2026-03-18 10:47:58;Reunião Deliberativa;Discussão e votação de proposições;Anexo II, Plenário 06
81310;https://dadosabertos.camara.leg.br/api/v2/eventos/81310;2026-03-18 10:21:16;2026-03-18 11:19:31;Reunião Deliberativa;Discussão e votação de propostas legislativas;Anexo II, Plenário 11
81231;https://dadosabertos.camara.leg.br/api/v2/eventos/81231;2026-03-18 10:13:43;2026-03-18 11:55:39;Reunião Deliberativa;Discussão e votação de propostas legislativas;Anexo II, Plenário 02
81103;https://dadosabertos.camara.leg.br/api/v2/eventos/81103;2026-03-18 10:03:39;2026-03-18 12:15:19;Reunião de Comparecimento de Ministro(a);Apresentação dos planos e metas do Ministério para o ano de 2026;Anexo II, Plenário 12
81280;https://dadosabertos.camara.leg.br/api/v2/eventos/81280;2026-03-18 10:35:02;2026-03-18 12:12:05;Reunião Deliberativa;Eleição do 2º Vice-Presidente Indicado: Dep. Pedro Westphalen (PP/RS);Anexo II, Plenário 07
81324;https://dadosabertos.camara.leg.br/api/v2/eventos/81324;2026-03-18 09:30:00;2026-03-18 11:01:00;Mesa Redonda;Discussão da pauta e assuntos internos da CDE;
81284;https://dadosabertos.camara.leg.br/api/v2/eventos/81284;2026-03-18 09:30:00;;Reunião de Comparecimento de Ministro(a);"TEMA: ""Apresentar o planejamento das ações do Ministério para o ano de 2026 e expor as realizações e resultados alcançados pela pasta em 2025"". (Presença confirmada) (Requerimento nº 1/2026, do deputado Átila Lira)";Anexo II, Plenário 13
81003;https://dadosabertos.camara.leg.br/api/v2/eventos/81003;2026-03-18 09:36:00;2026-03-18 11:12:00;Sessão Não Deliberativa Solene;Homenagem ao Campanha da Fraternidade 2026, com o tema 'Fraternidade e Moradia' e o lema 'Ele veio morar entre nós' (Jo 1,14);Plenário da Câmara dos Deputados
81304;https://dadosabertos.camara.leg.br/api/v2/eventos/81304;2026-03-18 09:30:00;2026-03-18 10:32:00;Visita Oficial;Visita Oficial de delegação do Parlamento Europeu Eurodeputados visitantes: António Tânger Corrêa (Portugal) - PATRIOTS for Europe Elisabeth Dieringer (Áustria) - PATRIOTS for Europe Sebastian Kruis ( Países Baixos) - PATRIOTS for Europe Tiago Moreira de Sá (Portugal) - PATRIOTS for Europe;
81314;https://dadosabertos.camara.leg.br/api/v2/eventos/81314;2026-03-18 09:00:00;2026-03-18 10:00:00;Reunião Técnica;Recepção dos Vice-Presidentes eleitos;Anexo II, Ala A, Sala 145A, Superior (CSAUDE)
81264;https://dadosabertos.camara.leg.br/api/v2/eventos/81264;2026-03-18 08:30:00;2026-03-18 10:30:00;Outro Evento;Café da manhã parlamentar com a Confederação Nacional dos Transportes;
81107;https://dadosabertos.camara.leg.br/api/v2/eventos/81107;2026-03-18 08:00:00;2026-03-18 12:25:00;Mesa Redonda;Recepção ao Senhor Ministro e discussão de temas atinentes à Comissão;
81299;https://dadosabertos.camara.leg.br/api/v2/eventos/81299;2026-03-18 08:00:00;2026-03-18 18:24:00;Seminário;VI Encontro Nacional de Procuradoras da Mulher;Auditório Nereu Ramos
81265;https://dadosabertos.camara.leg.br/api/v2/eventos/81265;2026-03-17 18:12:06;2026-03-17 20:45:04;Audiência Pública;"Requerimento n. 11/2026 Autor: Deputado Padre João Convidados: - BENEDITO ROBERTO BARBOSA - DITO, CENTRAL DE MOVIMENTOS POPULARES; - FREI MARCELO TOYANSK GUIMARÃES, COORDENAÇÃO DA PASTORAL DA MORADIA E FAVELA NACIONAL; - ALESSANDRA MIRANDA DE SOUZA, ASSESSORA DA COMISSÃO SOCIOTRANSFORMADORA DA CNBB; - MARIA JOSÉ COSTA ALMEIDA - ZEZÉ DO MTST (MOVIMENTO DOS TRABALHADORES SEM-TETO) - LELECO PIMENTEL, DEPUTADO ESTADUAL POR MINAS GERAIS; - DOM MANOEL FERREIRA, BISPO DA DIOCESE DE REGISTRO E REFERENCIAL PARA A PASTORAL DA MORADIA E FAVELA NACIONAL. - EVANIZA RODRIGUES, UNIÃO NACIONAL POR MORADIA POPULAR; - VALDEMIR ALVES DOS SANTOS, MOVIMENTO UNIFICADO DAS VÍTIMAS DA BRASKEM";Anexo II, Plenário 09
81120;https://dadosabertos.camara.leg.br/api/v2/eventos/81120;2026-03-17 17:15:05;2026-03-17 19:04:36;Audiência Pública;REQ. 1/2026 CSAUDE, aditado pelo REQ. 55/2026 CSAUDE da Deputada Adriana Ventura (NOVO-SP). Convidados confirmados: - Bruno Coimbra (participação presencial) Diretor de Relações Institucionais e Governamentais da Associação Brasileira de Mantenedores de Ensino Superior (ABMES) - Elizabeth Guedes (participação presencial) Presidente da Confederação Nacional dos Estabelecimentos de Ensino (CONFENEN) - Maria Dulce Garcez Leme Cardenuto (participação virtual) Representante da Irmandade da Santa Casa de Misericórdia de São Paulo - Paulo Pêgo Fernandes (participação virtual) Vice-Diretor da Faculdade de Medicina da Universidade de São Paulo (FMUSP) - César Eduardo Fernandes (participação virtual) Associação Médica Brasileira (AMB) - Juliano Griebeler (participação virtual) Presidente da Associação Nacional das universidades Particulares (ANUP) - José Luiz Gomes Amaral (participação virtual) Secretário-Executivo da Secretaria de Estado de Saúde de São Paulo (SES-SP);Anexo II, Plenário 07
81261;https://dadosabertos.camara.leg.br/api/v2/eventos/81261;2026-03-17 16:21:29;2026-03-17 18:42:19;Audiência Pública;(REQ 8/2026 CDE, do deputado Jadyel Alencar) Convidados: 1) OTTO LUIZ BURLIER (Confirmado) Secretário Nacional de Hidrovias e Navegação Substituto Ministério de Portos e Aeroportos - MPOR 2) GABRIELA COSTA (Confirmada) Diretora Executiva Associação de Terminais Portuários Privados - ATP 3) SIMONIE MAYARA (Confirmada) Representante Instituto Livre Mercado 4) DIOGO HELAL (Confirmado - videoconferência) Coordenador Núcleo de Inovação Social em Políticas Públicas - NISP 5) SILVIA WAIÃPI (Confirmada) Representante indígena e ex-Deputada Federal 6) ALDO REBELO (Confirmado - videoconferência) Ex-Ministro da Defesa 7) ADRIANO PARANAÍBA (Confirmado - videoconferência) Doutor e Especialista em Logística;Anexo II, Plenário 05
81221;https://dadosabertos.camara.leg.br/api/v2/eventos/81221;2026-03-17 16:04:35;2026-03-17 17:39:45;Audiência Pública;"(REQ 13/2026 CVT, do deputado Claudio Cajado) Convidados: . VIVIANE ESSE, Secretária Nacional de Transporte Rodoviário, representando o Ministério dos Transportes; (Confirmada) . MARCELO FONSECA, Superintendente de Concessão da Infraestrutura da Agência Nacional de Transportes Terrestres (ANTT); (Confirmado) . JOELSON AZEVEDO- Coordenador de Captação de Recursos da União dos Municípios da Bahia - UPB; (Confirmado) . LAURA AVILA BERLINCK, Auditora-Chefe de Rodovias e Aviação do Tribunal de Contas da União (TCU); (Confirmada) . TIAGO GOMES DIAS, Prefeito de Santo Estêvão/BA; (Confirmado) . CARLINHOS, Vice-Prefeito de Santo Estêvão/BA; (Confirmado) . Vereadores do município de Amélia Rodrigues/BA; (Confirmados) . SHEILA LEMOS, Prefeita de Vitória da Conquista/BA; (Confirmada) . LUCIANO PAIVA, Diretor Presidente, e EDUARDO CARVALHO, Diretor de Relações Institucionais da Federação Baiana das Associações e Cooperativas - FEBAC; (Confirmados) . SAULO PONTES, Secretário de Infraestrutura do Estado da Bahia (Seinfra/BA); (Não participará) . Deputada IVANA BASTOS, Presidente da Assembleia Legislativa da Bahia (ALBA); (Não participará)";Anexo II, Plenário 10
81087;https://dadosabertos.camara.leg.br/api/v2/eventos/81087;2026-03-17 16:04:26;2026-03-17 17:23:45;Audiência Pública;Expositores: BRENO VELOSO (confirmado por videoconferência) Coordenador-Geral de Assuntos Estratégicos - DPH/SNH - Ministério das Cidades MARCELO AZEVEDO (confirmado) Gerente Nacional de Habitação Pessoa Jurídica - Caixa Econômica Federal BRUNO SINDONA (confirmado) Especialista - Frente Parlamentar de Habitação e Desenvolvimento Sustentável CLAUSENS DUARTE (confirmado por videoconferência) Vice-Presidente de Habitação de Interesse Social - Câmara Brasileira da Indústria da Construção - CBIC DANIELA FERRARI (confirmada por videoconferência) Sindicato das Empresas de Compra, Venda e Administração dos Imóveis - SECOVI/SP (REQ 01/2026 CDU, do deputado Hildo Rocha);Anexo II, Plenário 16
81292;https://dadosabertos.camara.leg.br/api/v2/eventos/81292;2026-03-17 16:06:05;2026-03-17 18:38:51;Reunião Deliberativa;Discussão e votação de propostas legislativas;Anexo II, Plenário 01
81269;https://dadosabertos.camara.leg.br/api/v2/eventos/81269;2026-03-17 16:01:00;2026-03-17 17:31:00;Sessão Não Deliberativa Solene;Promulgação do Decreto Legislativo nº 14, de 2026;Plenário do Senado Federal
81273;https://dadosabertos.camara.leg.br/api/v2/eventos/81273;2026-03-17 15:36:52;2026-03-17 16:40:57;Audiência Pública e Deliberação;"A - Audiência Pública Tema: Impactos Econômicos da Pirataria e Falsificação sobre a Propriedade Intelectual e Industrial e Mecanismos de Combate à Fraude e às Ilegalidades relacionadas às Marcas e Patentes Convidados: RODRIGO AFFONSO DE OURO PRETO SANTOS, Vice-Presidente da Associação Brasileira da Propriedade Intelectual (ABPI) - (confirmado); GABRIEL DI BLASI JÚNIOR, Presidente da Associação Brasileira dos Agentes da Propriedade Industrial (ABAPI) - (confirmado); JULIO CÉSAR CASTELO BRANCO REIS MOREIRA, Presidente do Instituto Nacional da Propriedade Industrial (INPI) - (confirmado); e LUIZ CLAUDIO GARÉ, Consultor Jurídico e de Relações Institucionais do Grupo de Proteção à Marca (BPG) - (confirmado). (Requerimento nº 10/2026, do Dep. Julio Lopes) B - Deliberação de Requerimentos (estão sujeitos a pauta os requerimentos apresentados até 24h antes do horário da reunião):";Anexo II, Plenário 03
81183;https://dadosabertos.camara.leg.br/api/v2/eventos/81183;2026-03-17 15:06:43;2026-03-17 16:04:49;Reunião Deliberativa;ELEIÇÃO PARA O CARGO DE 2º VICE-PRESIDENTE DA COMISSÃO Candidato: Dep. Dr. Francisco (PT-PI);Anexo II, Plenário 13
81167;https://dadosabertos.camara.leg.br/api/v2/eventos/81167;2026-03-17 15:00:00;;Audiência Pública;Audiência pública conjunta decorrente dos Requerimentos Nº 1/2026 CPASF, Nº 3/2026 CPASF e Nº 3/2026 CTRAB, todos de autoria da Deputada Flávia Morais (PDT/GO). Convidados 1) BIANCA ORRICO (a Confirmar) Conselheira Conselho Nacional dos Direitos da Criança e do Adolescente 2) FERNANDA BRITO PEREIRA (a Confirmar) Coordenadora Coordenadoria Nacional de Combate ao Trabalho Infantil e de Promoção e Defesa dos Direitos de Crianças e Adolescentes 3) GABRIELA LENZ LACERDA (a Confirmar) Gestora Nacional - Programa de Combate ao Trabalho Infantil Tribunal Superior do Trabalho 4) JOANA DUHÁ GUERREIRO (a Confirmar) Juíza do Trabalho ASSOCIAÇÃO BRASILEIRA DE MAGISTRADOS DO TRABALHO 5) KATERINA VOLCOV (a Confirmar) Secretária-Executiva Fórum Nacional de Prevenção e Erradicação do Trabalho Infantil 6) RENATA TOMAZ (Confirmada) Professora adjunta e coordenadora de graduação Escola de Comunicação, Mídia e Informação da Fundação Getulio Vargas (FGV Rio) 7) RICARDO LINS E HORTA (a Confirmar) Assessor Especial Ministério da Justiça e Segurança Pública 8) ROBERTO PADILHA GUIMARÃES (a Confirmar) Coordenador Comissão Nacional de Erradicação do Trabalho Infantil 9) TIAGO RANIEIRI DE OLIVEIRA (a Confirmar) Diretor de Assuntos Legislativos Associação Nacional dosProcuradores e das Procuradoras do Trabalho;A Definir
81123;https://dadosabertos.camara.leg.br/api/v2/eventos/81123;2026-03-17 16:25:32;2026-03-17 16:34:21;Reunião Deliberativa;PAUTA SUJEITA A ALTERAÇÕES 1- Representação nº 24/25 e apensadas (Representações nº 25/25 e 27/25), em desfavor dos Deputados Marcos Pollon, Marcel van Hattem e Zé Trovão, respectivamente - Leitura, discussão e votação do Parecer Final do Relator, Deputado Moses Rodrigues. 2- Representação nº 26/25, em desfavor do Deputado Marcos Pollon - Leitura, discussão e votação do Parecer Final do Relator, Deputado Ricardo Maia.;Anexo II, Plenário 11
81225;https://dadosabertos.camara.leg.br/api/v2/eventos/81225;2026-03-17 15:08:31;2026-03-17 15:30:09;Reunião Deliberativa;Discussão e votação de propostas legislativas;Anexo II, Plenário 01
81227;https://dadosabertos.camara.leg.br/api/v2/eventos/81227;2026-03-17 15:57:32;2026-03-17 16:25:43;Reunião Deliberativa;Eleição do Terceiro Vice-Presidente e Discussão e votação de propostas legislativas.;Anexo II, Plenário 08
81188;https://dadosabertos.camara.leg.br/api/v2/eventos/81188;2026-03-17 14:35:39;2026-03-17 15:18:00;Reunião Deliberativa;Discussão e votação de propostas legislativas;Anexo II, Plenário 12
81244;https://dadosabertos.camara.leg.br/api/v2/eventos/81244;2026-03-17 14:25:33;2026-03-17 15:25:46;Audiência Pública;"Audiência Pública Tema: Impactos das PECs 231/19, 27/23 e 25/22 no Setor Produtivo do Sul e Sudeste Convidados: CLOVIS SQUIO - Diretor do Tesouro Estadual de Santa Catarina (req. 04/2025)(confirmado); JOÃO GABRIEL PIO, Gerente de Economia e Finanças Empresariais da Federação das Indústrias do Estado de Minas Gerais - FIEMG (Req 1/2025)(confirmado); PAULO DELGADO, Assessor da Federação do Comércio de Bens, Serviços e Turismo do Estado de São Paulo - FECOMÉRCIO-SP (Req 1/2025)(confirmado); MICHELLE FERNANDES AGUIAR E CARLA SANTANA DE OLIVEIRA , Representantes da Federação da Agricultura e Pecuária do Estado de São Paulo - FAESP (Req 2/2025)(confirmadas). (Requerimento 1/25, do Deputado Arnaldo Jardim) (Requerimento 2/25, doDeputado Arnaldo Jardim) (Requerimento 4/25, do Deputado Arnaldo Jardim)";Anexo II, Plenário 07
81282;https://dadosabertos.camara.leg.br/api/v2/eventos/81282;2026-03-17 14:16:05;2026-03-17 17:28:00;Reunião Deliberativa;Discussão e votação de propostas legislativas;Anexo II, Plenário 06
81274;https://dadosabertos.camara.leg.br/api/v2/eventos/81274;2026-03-17 14:08:05;2026-03-17 15:40:11;Audiência Pública;"A - Audiência Pública Tema: Equipes multidisciplinares e terapias integradas Convidados: KEISE BASTOS GOMES DA NÓBREGA, Conselheira Suplente do Conselho Federal de Fisioterapia e Terapia Ocupacional (COFFITO); ( CONFIRMADA) KEZIA QUEIROZ - Vice-Presidente da Associação Brasileira de Autismo (ABRA) (por videoconferência); (CONFIRMADA) ARTHUR LOBATO BARRETO MELLO, Diretor do Departamento de Atenção Especializada e Temática (DAET) do Ministério da Saúde (por videoconferência); (CONFIRMADO) RAQUEL ELY, Presidente do Instituto UniTEA (por videoconferência); (CONFIRMADA) DENISE MARTINS DE ARAÚJO, Vice-Presidente do Conselho Federal de Educação Física (por videoconferência). (CONFIRMADA) (Requerimento nº 4/2025, do Dep. Marangoni)";Anexo II, Plenário 09
81323;https://dadosabertos.camara.leg.br/api/v2/eventos/81323;2026-03-17 13:56:00;2026-03-17 23:58:00;Sessão Deliberativa;Sessão Deliberativa Extraordinária Presencial (AM nº 123/2020);Plenário da Câmara dos Deputados
81330;https://dadosabertos.camara.leg.br/api/v2/eventos/81330;2026-03-17 13:35:00;;Reunião Deliberativa;Discussão e votação de propostas legislativas;Anexo II, Plenário 01
81238;https://dadosabertos.camara.leg.br/api/v2/eventos/81238;2026-03-17 13:14:35;2026-03-17 14:58:31;Audiência Pública;"Convidados: . THAISSA LEITE, Procuradora do Trabalho - MPT; (presença confirmada) . CLEUNICE BOHN, Presidente da Federação Brasileira das Associações de Síndrome de Down e GUSTAVO FAÇANHA, Advocacy e autodefensor da Federação; (presenças confirmadas) .VINÍCIUS DE CASTRO, Autodefensor do grupo local pela Associação DFdown, Suplente Diretor Regional pela Federação Brasileira das Associações de Síndrome de Down influenciador digital; (presença confirmada) . JANAINA PARENTE, Presidente do Instituto Ápice Down e BERNARDORO RODRIGUES, autodefensor do Instituto; (presenças confirmadas) . PHELLIP PONCE, Presidente da Comissão da Pessoa com Deficiência da Seccional do Guará da Ordem dos Advogado do Brasil; (presença confirmada) . TÂMARA SOARES, Coordenadora Nacional da Autodefensoria da Rede APAE Brasil. (presença confirmada) Em atendimento ao Requerimento nº 6/2026-CPD, de autoria do Deputado Rodrigo Rollemberg, subscrito pelos Deputados Soldado Noelio e Duarte Jr..";Anexo II, Plenário 13
81258;https://dadosabertos.camara.leg.br/api/v2/eventos/81258;2026-03-17 11:14:00;2026-03-17 12:47:00;Sessão Não Deliberativa Solene;Homenagem às mulheres nas Forças Armadas.;Plenário da Câmara dos Deputados
81203;https://dadosabertos.camara.leg.br/api/v2/eventos/81203;2026-03-17 10:19:22;2026-03-17 12:22:03;Audiência Pública;REQ 26/2026 CSAUDE do Deputado Dr. Luiz Ovando (PP/MS), aditado pelo REQ 62/2026 CSAUDE do Deputado Dr. Luiz Ovando (PP/MS) Convidados confirmados: Viviane Peterle (participação presencial) Presidente da Sociedade Brasileira de Clínica Médica de Brasília (SCMBra) Pedro Barros (participação virtual) Diretor da Sociedade Brasileira de Clínica Médica (SBCM) Aline Camille Yehia (participação presencial) Vice-Presidente da Comissão Estadual de Residência Médica de Minas Gerais José Eduardo Lutaif Dolci (participação virtual) Diretor científico da Associação Médica Brasileira (AMB) Eduardo Freire Vasconcellos (participação presencial) Presidente da Academia de Medicina de Brasília Fernando Otto (participação virtual) Presidente da Sociedade de Clínica Médica de Santa Catarina Carlos Magno Pretti Dalapicola (participação presencial) Representante do Conselho Federal de Medicina;Anexo II, Plenário 07
81082;https://dadosabertos.camara.leg.br/api/v2/eventos/81082;2026-03-17 10:10:20;2026-03-17 12:38:39;Audiência Pública;Requerimento nº 18/2026 de autoria do Deputado Federal Capitão Alden - PL/BA Requer a realização de audiência pública destinada a debater o Projeto de Lei nº 4.631, de 2025, que altera a Lei nº 10.826, de 22 de dezembro de 2003 (Estatuto do Desarmamento), para assegurar o porte de arma de fogo aos Auditores Fiscais Federais Agropecuários e aos Técnicos em Fiscalização Federal Agropecuária. CONVIDADOS: MARCOS EIELSON PINHEIRO DE SÁ (Confirmado) Coordenador Geral de Operações Especializadas do Ministério da Agricultura e Pecuária - MAPA HELENO DOS SANTOS (Confirmado) Delegado e Diretor da Divisão de Repressão aos Crimes Rurais e de Abigeato da Polícia Civil do Estado do Rio Grande do Sul - DICRAB/PCRS ELOÍSA FOSSATI (Confirmada) Agente de Inspeção do Serviço de Inspeção de Produtos de Origem Animal do Ministério da Agricultura e Pecuária - AISIPOA/MA e Representante da Associação Nacional dos Técnicos em Fiscalização Federal Agropecuária - ANTEFFA HENRIQUE PEDRO DIAS (Confirmado) Diretor de Política Profissional do Sindicato Nacional dos Auditores Fiscais Federais Agropecuários - ANFFA Sindical CRISTIANO BARROS (Confirmado) Professor do Laboratório de Estudos Estratégicos em Doenças e Ilícitos Transnacionais da Universidade de Brasília - UNB RONIMAR VARGAS JOBIM (confirmado) Coordenador Geral de Fronteiras e Amazônia do Ministério da Justiça e Segurança Pública - MJSP MARCO ANTÔNIO PALHANO (Confirmado) Chefe do Grupo de Enfrentamento aos Crimes Contra o Fisco e a Saúde Pública da Polícia Rodoviária Federal - GEFIS/PRF MARCELO SILVEIRA DA COSTA (Confirmado) CEO da Sig Sauer do Brasil e da Performa Defesa Tecnologia e Participações Societárias;Anexo II, Plenário 06
81113;https://dadosabertos.camara.leg.br/api/v2/eventos/81113;2026-03-17 09:20:00;2026-03-17 10:32:00;Sessão Não Deliberativa Solene;Homenagem aos 69 anos da Comissão Executiva do Plano da Lavoura Cacaueira – CEPLAC;Plenário da Câmara dos Deputados
81321;https://dadosabertos.camara.leg.br/api/v2/eventos/81321;2026-03-16 18:01:00;2026-03-16 20:29:00;Sessão Deliberativa;Sessão Deliberativa Extraordinária Semipresencial (AM nº 123/2020);Plenário da Câmara dos Deputados
81254;https://dadosabertos.camara.leg.br/api/v2/eventos/81254;2026-03-12 15:00:00;;Visita Técnica;Audiência da Comissão Externa com o Presidente do TCE-RS para entrega do Relatório da Comissão.;
81212;https://dadosabertos.camara.leg.br/api/v2/eventos/81212;2026-03-12 09:00:00;;Audiência Pública;(REQ 1/2026 CDE, do deputado Luiz Gastão) Convidados: 1) FREDERICO COSTA (Confirmado) Representante Associação Internacional dos Credores da Posco 2) BRUNO BARINO (Declinou) Gerente BlackRock Brasil Gestora de Investimentos Ltda 3) (a Confirmar) Ministério das Relações Exteriores - MRE;Anexo II, Plenário 05
81197;https://dadosabertos.camara.leg.br/api/v2/eventos/81197;2026-03-11 17:47:00;2026-03-11 18:39:00;Audiência Pública;"Audiência Pública para apresentação, pela Universidade Estadual de Campinas - Unicamp, do Centro de Pesquisa e Inovação do Esporte Brasileiro (CEPIesporte), em atenção ao Requerimento nº 152/2025, de autoria do deputado Douglas Viegas. Convidados confirmados: Sr. Fernando Coelho, vice-reitor da Universidade Estadual de Campinas (Unicamp) (videoconferência); Sr. Osvaldir Pereira Taranto, chefe de gabinete da reitoria da Unicamp, representando o magnífico reitor da Universidade Estadual de Campinas (Unicamp), Sr. Paulo Cesar Montagner (videoconferência); Sra. Sra. Milena Pavan Serafim, diretora da Faculdade de Ciências Aplicadas (FCA) da Unicamp; Sr. João Gustavo Claudino, coordenador adjunto do Centro de Pesquisa e Inovação do Esporte (CEPiEsporte) da FCA/Unicamp e responsavel técnico pelo projeto; Sra. Gabriella Andreeta Figueiredo, Grupo de Pesquisa em Paradesporto Diversidade e Movimento da FCA/Unicamp e responsavel técnica pelo projeto; Sr. William Alexandre de Oliveira, relações governamentais e institucionais da Unicamp. Sr. Rangel Arthur, diretor executivo associado da Inova Unicamp (videoconferência)";Anexo II, Plenário 04
81184;https://dadosabertos.camara.leg.br/api/v2/eventos/81184;2026-03-11 15:00:00;;Audiência Pública;Audiência pública;Anexo II, Plenário 08
81217;https://dadosabertos.camara.leg.br/api/v2/eventos/81217;2026-03-11 15:02:32;2026-03-11 16:15:12;Reunião Deliberativa;"A - Apresentação do Plano de Trabalho do Relator, Dep. Aureo Ribeiro; B - Deliberação de Requerimentos";Anexo II, Plenário 13
81260;https://dadosabertos.camara.leg.br/api/v2/eventos/81260;2026-03-11 14:49:26;2026-03-11 14:50:23;Reunião Deliberativa;Discussão e votação de propostas legislativas;Anexo II, Plenário 03
81208;https://dadosabertos.camara.leg.br/api/v2/eventos/81208;2026-03-11 14:30:02;2026-03-11 14:39:58;Reunião Deliberativa;Discussão e votação de propostas legislativas;Anexo II, Plenário 11
81118;https://dadosabertos.camara.leg.br/api/v2/eventos/81118;2026-03-11 14:28:57;2026-03-11 15:04:27;Reunião Deliberativa;Discussão e votação de propostas legislativas;Anexo II, Plenário 07
81263;https://dadosabertos.camara.leg.br/api/v2/eventos/81263;2026-03-11 14:04:11;2026-03-11 15:47:46;Reunião de Instalação e Eleição;Reunião de Instalação e Eleição de Presidente e Vice-Presidentes;Anexo II, Plenário 14
81277;https://dadosabertos.camara.leg.br/api/v2/eventos/81277;2026-03-11 14:41:00;2026-03-11 22:07:00;Sessão Deliberativa;Sessão Deliberativa Extraordinária Semipresencial (AM nº 123/2020);Plenário da Câmara dos Deputados
81205;https://dadosabertos.camara.leg.br/api/v2/eventos/81205;2026-03-11 13:36:54;2026-03-11 14:06:13;Reunião Deliberativa;Discussão e votação de propostas legislativas;Anexo II, Plenário 10
81259;https://dadosabertos.camara.leg.br/api/v2/eventos/81259;2026-03-11 13:37:33;2026-03-11 13:48:17;Reunião Deliberativa;Discussão e votação de propostas legislativas;Anexo II, Plenário 12
81008;https://dadosabertos.camara.leg.br/api/v2/eventos/81008;2026-03-11 11:31:00;2026-03-11 13:20:00;Sessão Não Deliberativa Solene;Homenagem à vereadora Marielle Franco e Anderson Gomes, in memoriam;Plenário da Câmara dos Deputados
81193;https://dadosabertos.camara.leg.br/api/v2/eventos/81193;2026-03-11 11:00:00;;Reunião de Instalação e Eleição;Reunião de Instalação e Eleição do Presidente da Comissão.;Anexo II, Plenário 10
81220;https://dadosabertos.camara.leg.br/api/v2/eventos/81220;2026-03-11 10:36:17;2026-03-11 13:02:53;Reunião Deliberativa;Discussão e votação de propostas legislativas;Anexo II, Plenário 01
81239;https://dadosabertos.camara.leg.br/api/v2/eventos/81239;2026-03-11 10:27:48;2026-03-11 10:31:04;Reunião Deliberativa;Discussão e votação de propostas legislativas.;Anexo II, Plenário 09
81211;https://dadosabertos.camara.leg.br/api/v2/eventos/81211;2026-03-11 10:26:06;2026-03-11 10:48:00;Reunião Deliberativa;Discussão e votação de propostas legislativas;Anexo II, Plenário 12
81234;https://dadosabertos.camara.leg.br/api/v2/eventos/81234;2026-03-11 10:09:33;2026-03-11 11:27:41;Reunião Deliberativa;Discussão e votação de propostas legislativas;Anexo II, Plenário 11
81071;https://dadosabertos.camara.leg.br/api/v2/eventos/81071;2026-03-11 10:01:12;2026-03-11 12:59:43;Reunião de Comparecimento de Ministro(a);Reunião com a presença do Senhor Ministro Alexandre Silveira (CONFIRMADO), para exposição a respeito de assuntos inerentes à pasta do Ministério de Minas e Energia, nos termos do art. 50, § 1º, da Constituição Federal, e do art. 219, inciso II, do Regimento Interno da Câmara dos Deputados.;Anexo II, Plenário 14
81233;https://dadosabertos.camara.leg.br/api/v2/eventos/81233;2026-03-11 10:00:00;;Audiência Pública;"Audiência Pública Tema: Regulamentação da Política Nacional de Direitos das Populações Atingidas por Barragens Convidados: ROBSON SEBASTIAN FORMICA, Coordenador NacionaL do Movimento dos Atingidos por Barragens - MAB (confirmado); GUILHERME BOULOS, Ministro da Secretaria-Geral da Presidência da República (a confirmar); ALEXANDRE SILVEIRA, Ministro de Minas e Energia (a confirmar); JOSÉ ADÉRCIO LEITE SAMPAIO, Procurador Regional da República - Representante da Procuradoria Federal dos Direitos do Cidadão (confirmado); LARA LOURENÇO DA SILVA OLIVEIRA, Representante do Conselho Nacional dos Direitos Humanos (confirmada); DOM JAIME CARDEAL SPENGLER, Conferência Nacional dos Bispos do Brasil - CNBB (a confirmar). (Requerimento nº 17/2024, do Deputado Rogério Correia)";Anexo II, Plenário 04
81230;https://dadosabertos.camara.leg.br/api/v2/eventos/81230;2026-03-11 10:00:00;;Reunião Deliberativa;Discussão e votação de propostas legislativas.;Anexo II, Plenário 08
81201;https://dadosabertos.camara.leg.br/api/v2/eventos/81201;2026-03-11 10:00:00;;Reunião Deliberativa;Discussão e votação de propostas legislativas;Anexo II, Plenário 16
81199;https://dadosabertos.camara.leg.br/api/v2/eventos/81199;2026-03-11 10:00:00;;Reunião Deliberativa;Discussão e votação de propostas legislativas;Anexo II, Plenário 05
81198;https://dadosabertos.camara.leg.br/api/v2/eventos/81198;2026-03-11 09:59:24;2026-03-11 11:13:53;Reunião Deliberativa;- Eleição da 1ª Vice-Presidente e do 3º Vice-Presidente Indicados: Dep. Rosângela Reis (PL/MG) - 1ª Vice-Presidente Dep. Rafael Simões (União/MG) - 3º Vice-Presidente;Anexo II, Plenário 07
81241;https://dadosabertos.camara.leg.br/api/v2/eventos/81241;2026-03-11 10:13:52;2026-03-11 11:40:58;Reunião Deliberativa;Discussão e votação de propostas legislativas;Anexo II, Plenário 03
81134;https://dadosabertos.camara.leg.br/api/v2/eventos/81134;2026-03-11 10:09:29;2026-03-11 11:27:24;Audiência Pública;(REQ 3/2026 CDE, do deputado Jadyel Alencar) Convidados: 1)JOÃO PAULO BORGES (confirmado) Coordenador-Geral de Regulação do Sistema Financeiro Subsecretaria de Reformas Microeconômicas e Regulação Financeira Ministério da Fazenda - MF 2)FELIPE DERZI (confirmado - videoconferência) Chefe Adjunto do Departamento de Regulação do Sistema Financeiro Banco Central do Brasil - BACEN 3) CALIL GEDEON (confirmado) Vice-Presidente Institucional Associação Brasileira de Recebíveis - ABRIR 4) GUILHERME MENEZES (confirmado) Gerente Executivo Associação das Providoras de Infraestrutura do Mercado Financeiro - APIIMF 5) HUMBERTO COSTA (confirmado) Diretor de Produtos e Balcão B3 6) FERNANDO FONTES (confirmado) CEO Central de Recebíveis S.A - CERC;Anexo II, Plenário 05
81042;https://dadosabertos.camara.leg.br/api/v2/eventos/81042;2026-03-11 09:14:00;2026-03-11 10:27:00;Sessão Não Deliberativa Solene;Homenagem ao lançamento da Agenda Legislativa do Agro CNA 2026;Plenário da Câmara dos Deputados
81255;https://dadosabertos.camara.leg.br/api/v2/eventos/81255;2026-03-11 08:00:00;2026-03-11 10:26:00;Mesa Redonda;Discussão da pauta e outros assuntos atinentes à Comissão;
81010;https://dadosabertos.camara.leg.br/api/v2/eventos/81010;2026-03-10 17:21:53;2026-03-10 19:12:08;Reunião Técnica;CÂMARA DOS DEPUTADOS CENTRO DE ESTUDOS E DEBATES ESTRATÉGICOS 57ª Legislatura - 4ª Sessão Legislativa Ordinária Audiência Pública de 10 DE MARÇO DE 2026 Grupo de Estudos IMPACTOS ECONÔMICOS, TRIBUTÁRIOS, PREVIDENCIÁRIOS E TRABALHISTAS DOS PROCESSOS DE PEJOTIZAÇÃO TEMA: IMPACTOS SOCIAIS E TRABALHISTAS DA PEJOTIZAÇÃO Local: Plenário 4 Data: 10/03/26 Horário: 17h00 P A U T A DA REUNIÃO A audiência pública sobre os impactos sociais e trabalhistas da pejotização tem como objetivo debater efeitos econômicos, jurídicos e sociais da contratação via pessoa jurídica (PJ) nas relações de trabalho, avaliando impactos sobre direitos trabalhistas, produtividade, arrecadação e desenvolvimento econômico. É fundamental compreender em que medida a contratação por pessoa jurídica representa legítima reorganização produtiva e em que situações pode configurar precarização das condições de trabalho ou supressão de direitos historicamente consolidados. Também se faz necessário examinar os reflexos desse modelo sobre a arrecadação previdenciária, a formalização do mercado de trabalho, a competitividade empresarial e a própria capacidade do Estado de garantir proteção social adequada aos trabalhadores. A complexidade do tema exige análise equilibrada, baseada em evidências, que considere tanto a necessidade de modernização das relações laborais quanto a preservação de direitos fundamentais e da dignidade do trabalho. Esta audiência busca construir um espaço de diálogo institucional capaz de identificar convergências, divergências e caminhos possíveis para o aperfeiçoamento regulatório. O objetivo não é apenas diagnosticar desafios, mas contribuir para a formulação de soluções que tragam maior segurança jurídica, equilíbrio econômico e justiça social. 1 Abertura dos trabalhos Deputado Márcio Jerry, Presidente do CEDES e relator do estudo 2 Apresentação dos palestrantes: - Maria Rita Serrano, Presidenta do Departamento Intersindical de Assessoria Parlamentar (DIAP) (confirmada) - Magnus Henrique Farkatt, Diretor da Associação Brasileira da Advocacia Trabalhista (ABRAT) (confirmado) - Adriana Marcolino, Diretora Técnica do Departamento Intersindical de Estatística e Estudos Socioeconômicos (DIEESE) (confirmada) - José Eymard Loguercio, Assessor Jurídico da Central Única dos Trabalhadores (CUT - Nacional) (confirmado) - Valéria Morato Gonçalves, Vice-Presidente da Central dos Trabalhadores e Trabalhadoras do Brasil (CTB) (confirmada) 3 Debate entre o deputado relator, palestrantes, consultores e convidados - Aurélio Palos, Diretor da Consultoria e Secretário Executivo do CEDES, Câmara dos Deputados Consultores Legislativos: Thiago Freire Laporte (coordenador), Charles da Costa Bruxel, Gleodes Victor Duarte Cruz, José Maurício de Araujo, Helder Ferreira Filho e André Marinho de Sousa 4 Encerramento dos trabalhos;Anexo II, Plenário 04
81098;https://dadosabertos.camara.leg.br/api/v2/eventos/81098;2026-03-10 17:16:03;2026-03-10 19:23:23;Audiência Pública;"REQ. 1/2026 CSAUDE da Deputada Adriana Ventura (NOVO - SP). Convidados confirmados: - Alcindo Cerci Neto (presencial) Conselheiro do Conselho Federal de Medicina pelo estado do Paraná - Francisca Valda da Silva (presencial) Integrante da Mesa Diretora do Conselho Nacional de Saúde (CNS); - Ulysses Tavares Teixeira (presencial) Diretor de Avaliação da Educação Superior do Instituto Nacional de Estudos e Pesquisas Educacionais Anísio Teixeira (Inep); - Felipe Proenço de Oliveira (presencial) Secretário de Gestão do Trabalho e da Educação na Saúde do Ministério da Saúde (MS); - Pedro Carvalho Leitão (presencial) Diretor de Supervisão da Educação Superior do Ministério da Educação (MEC); - Daniel Beltrammi (presencial) Vice-Presidente Ebserh do Ministério da Educação (MEC). Não poderá participar: - Comissão Nacional de Residência Médica (CNRM).";Anexo II, Plenário 07
81175;https://dadosabertos.camara.leg.br/api/v2/eventos/81175;2026-03-10 15:10:28;2026-03-10 16:15:07;Reunião Deliberativa;"A - Apresentação do Plano de Trabalho do Coordenador, Dep. Julio Lopes; B - Deliberação de Requerimentos (estão sujeitos a pauta os requerimentos apresentados até 24h antes dos horário da reunião):";Anexo II, Plenário 15
81190;https://dadosabertos.camara.leg.br/api/v2/eventos/81190;2026-03-10 14:31:25;2026-03-10 16:02:18;Reunião Deliberativa;Discussão e Votação de propostas legislativas;Anexo II, Plenário 06
81210;https://dadosabertos.camara.leg.br/api/v2/eventos/81210;2026-03-10 14:21:34;2026-03-10 15:38:30;Audiência Pública e Deliberação;"A - Audiência Pública Tema: Terapias disponíveis - ABA (Análise do Comportamento Aplicada) Convidados: CLÁUDIO SARILHO, Psicólogo e especialista em análise do comportamento aplicado ao TEA - (CONFIRMADO, POR VIDEOCONFERÊNCIA); VINICIUS BARBOSA, Diretor de Inovação Médica da Autistas Brasil e médico do Hospital Sírio-Libanês. - (CONFIRMADO, POR VIDEOCONFERÊNCIA) ROSA IRLENE, Conselheira do Conselho Federal de Fisioterapia e Terapia Ocupacional (Requerimento nº 4/2025, do Dep. Marangoni) B - Deliberação de Requerimentos";Anexo II, Plenário 09
81224;https://dadosabertos.camara.leg.br/api/v2/eventos/81224;2026-03-10 14:17:41;2026-03-10 17:50:33;Reunião de Comparecimento de Ministro(a);(REQ 6/2026 CCJC, do deputado Paulo Azi) 1) LUIZ MARINHO (Confirmado) Ministro do Trabalho e Emprego;Anexo II, Plenário 01
81163;https://dadosabertos.camara.leg.br/api/v2/eventos/81163;2026-03-10 14:00:00;;Reunião Deliberativa;"""Pauta sujeita a alterações.""";Anexo II, Plenário 08
81242;https://dadosabertos.camara.leg.br/api/v2/eventos/81242;2026-03-10 14:29:00;2026-03-10 21:25:00;Sessão Deliberativa;Sessão Deliberativa Extraordinária Semipresencial (AM nº 123/2020);Plenário da Câmara dos Deputados
81086;https://dadosabertos.camara.leg.br/api/v2/eventos/81086;2026-03-10 11:21:00;2026-03-10 12:09:00;Sessão Não Deliberativa Solene;Homenagem aos 50 anos da Fundação Centro de Estudos de Comércio Exterior - FUNCEX;Plenário da Câmara dos Deputados
81218;https://dadosabertos.camara.leg.br/api/v2/eventos/81218;2026-03-10 11:00:00;;Audiência Pública;"Audiência Pública para discussão dos problemas na formação das ligas (FFU e LIBRA) no futebol brasileiro, em atenção ao Requerimento nº 8/2026, de autoria do deputado Beto Pereira. Convidados confirmados: - Sr. Gabriel Lima, CEO da Futebol Forte União (FFU); - Sr. Adalberto Dellape Baptista, presidente do Botafogo Futebol S.A, representante dos Clubes da Série B do Campeonato Brasileiro (videoconferência); Aguardando confirmação: - Sr. Silvio Matos, CEO da Liga do Futebol Brasileiro (LIBRA); - Sr. Matheus Souto Maior, presidente do Sport Club do Recife; - Sr. Odorico Roman, presidente do Grêmio Foot-Ball Porto Alegrense; - Representante da Confederação Brasileira de Futebol (CBF); - Representante do Conselho Administrativo de Defesa Econômica (CADE).";Anexo II, Plenário 04
81139;https://dadosabertos.camara.leg.br/api/v2/eventos/81139;2026-03-10 10:00:00;;Audiência Pública;(REQ 10/2026 Coronel Assis - UNIÃO/MT) 1) AIRTON ARAÚJO FEITOSA (a Confirmar) Tenente-Coronel Subcomandante do Grupo Especial de Operações em Fronteira no Mato Grosso - MT 2) CORONEL ASSIS MARTINS DOS SANTOS (a Confirmar) Coordenador-Geral Grupo Especial de Operações em Fronteira - Gefron Acre 3) ELIZEU NASCIMENTO (a Confirmar) Deputado Estadual Assembleia Legislativa do Mato Grosso - MT 4) EYDER BRASIL (a Confirmar) Deputado Estadual Assembleia Legislativa de Rondônia - RO 5) JEFFERSON WESLEY ADORNO DE OLIVEIRA (a Confirmar) Tenente-Coronel Ex-comandante do Batalhão de Fronteira (BPFRON) em Rondônia 6) WILMAR FERNANDES (Confirmado) Tenente-Coronel Diretor de Operações de Fronteira no Mato Grosso do Sul;Anexo II, Plenário 06
81085;https://dadosabertos.camara.leg.br/api/v2/eventos/81085;2026-03-10 09:46:00;2026-03-10 10:47:00;Sessão Não Deliberativa Solene;Homenagem ao Dia Nacional dos Animais;Plenário da Câmara dos Deputados
81137;https://dadosabertos.camara.leg.br/api/v2/eventos/81137;2026-03-06 19:00:00;2026-03-06 20:00:00;Seminário;Seminário sobre a implementação da LC nº 226/2026 (Lei do Descongela);
81143;https://dadosabertos.camara.leg.br/api/v2/eventos/81143;2026-03-06 10:20:00;2026-03-06 13:17:00;Mesa Redonda;"(REQ 15/2026 CVT, do deputado Hugo Leal) Programação: 9h30: Coffee Break 10h30: Início da Mesa Redonda 12h: Encerramento Convidados: . Ministério de Portos e Aeroportos (MPor); . Agência Nacional de Aviação Civil (ANAC); . Secretaria Especial do Programa de Parcerias de Investimentos (SPPI/Casa Civil); . Tribunal de Contas da União (TCU); . Associação Comercial e Empresarial da Ilha do Governador (ACEIG); . Prefeitura da Aeronáutica do Galeão; . Associação Atlética Portuguesa; . Jequiá Iate Clube; . Governador Iate Clube; . Associação de Moradores e Amigos de Tubiacanga; . 17º Batalhão de Polícia Militar; . 19º Batalhão dos Bombeiros; . Subprefeitura das Ilhas; . Associação Brasileira de Bares e Restaurantes (Abrasel); e . RAFAEL LANUNCI POUBEL, Especialista em Estudos de Competitividade da Federação das Indústrias do Estado do Rio de Janeiro (FIRJAN). (Confirmado)";
81130;https://dadosabertos.camara.leg.br/api/v2/eventos/81130;2026-03-05 15:21:18;2026-03-05 17:13:54;Audiência Pública;(Requerimentos Nº4/2026/CTRAB, da Deputada Erika Kokay) CONVIDADOS BOB EVERSON CARVALHO MACHADO Presidente do Sindicato Nacional dos Auditores Fiscais do Trabalho - SINAIT ALEXANDRE SAMPAIO FERRAZ Economista do Departamento Intersindical de Estatística e Estudos Socioeconômicos - DIEESE NATASHA MACEDO Comissão de Aprovados - AFT FÁBIO NELSON VIEIRA Representante do Ministério do Trabalho e Emprego - MTE REPRESENTANTE Representante do Ministério da Gestão e Inovação - MGI REPRESENTANTE Representante do Ministério Público do Trabalho - MPT REPRESENTANTE Representante do Tribunal Superior do Trabalho - TST;Anexo II, Plenário 12
81226;https://dadosabertos.camara.leg.br/api/v2/eventos/81226;2026-03-05 13:03:00;2026-03-05 14:01:00;Sessão Deliberativa;Sessão Deliberativa Extraordinária Semipresencial (AM nº 123/2020);Plenário da Câmara dos Deputados
81174;https://dadosabertos.camara.leg.br/api/v2/eventos/81174;2026-03-05 10:38:31;2026-03-05 10:54:25;Reunião Deliberativa;Deliberação de requerimentos (estão sujeitos a pauta os requerimentos apresentado até 24h antes do horáiro da reunião);Anexo II, Plenário 07
81017;https://dadosabertos.camara.leg.br/api/v2/eventos/81017;2026-03-05 10:20:48;2026-03-05 12:43:58;Reunião Técnica;"CÂMARA DOS DEPUTADOS CENTRO DE ESTUDOS E DEBATES ESTRATÉGICOS 57ª Legislatura - 4ª Sessão Legislativa Ordinária Audiência Pública de 5 DE MARÇO DE 2026 ESTUDO ""FAVELAS E COMUNIDADES URBANAS: CONECTIVIDADE E INCLUSÃO DIGITAL PARA O DESENVOLVIMENTO SOCIOECONÔMICO DO TRABALHADOR 5.0"" TEMA: ECONOMIA, EMPREENDEDORISMO E INCLUSÃO FINANCEIRA NAS FAVELAS Local: Plenário 4 Data: 5/03/26 Horário: 10h00 P A U T A DA REUNIÃO A dinâmica econômica das favelas e comunidades urbanas brasileiras revela um ecossistema empreendedor vibrante, marcado pela criatividade, resiliência e capacidade de adaptação dos seus moradores. Pequenos negócios informais, microempreendedores individuais e iniciativas comunitárias constituem a base da geração de renda local, movimentando cadeias produtivas próprias e criando oportunidades em contextos de restrição de crédito e formalização. Nesse cenário, o empreendedorismo surge não apenas como alternativa de sobrevivência, mas como estratégia de mobilidade socioeconômica e fortalecimento da economia territorial, evidenciando o potencial produtivo dessas regiões quando conectadas a políticas públicas e instrumentos de desenvolvimento adequados. Neste contexto, a audiência pública busca promover o diálogo entre diversos atores sociais, abordando desafios relacionados à assimetria de informação, à limitação de garantias para obtenção de crédito e à baixa integração com sistemas formais de financiamento, o que reforça a necessidade de políticas públicas e privadas voltadas à democratização do acesso ao capital e à qualificação financeira nas periferias urbanas. A articulação entre economia local, empreendedorismo periférico e inclusão financeira digital constitui vetor estratégico para a promoção do desenvolvimento socioeconômico sustentável, reduzindo desigualdades e fortalecendo a autonomia econômica das comunidades urbanas. 1 Abertura dos trabalhos Deputado Hélio Lopes, relator do estudo 2 Apresentação dos palestrantes: - Camila Carvalho Costa, Chefe de Departamento de Operações de Canais Digitais do Banco Nacional de Desenvolvimento Econômico e Social - BNDES (confirmada) - Sérgio Gusman, Presidente da Agência de Fomento do Estado do Rio de Janeiro - AgeRio (confirmado) - Lauro Gonzalez, Professor da Fundação Getúlio Vargas e coordenador do Centro de Estudos em Microfinanças e Inclusão Financeira da FGV (confirmado) - Eduardo Henrique Diniz, Professor da Fundação Getúlio Vargas (FGV/EAESP) e pesquisador do Centro de Estudos em Microfinanças e Inclusão Financeira da FGV (confirmado) - Marcus Vinícius Athayde, Presidente da Central Única das Favelas Global - CUFA (confirmado) 3 Debate entre o deputado relator, palestrantes, consultores e convidados - Aurélio Palos, Diretor da Consultoria e Secretário Executivo do CEDES, Câmara dos Deputados Consultores Legislativos: Augusto dos Santos Pereira (coordenador), Danilo Jesus da Silva, Herman Guilhermo Souza, Leonid Garnitskiy, Vinícius de Carvalho Amaral 4 Encerramento dos trabalhos";Anexo II, Plenário 04
81185;https://dadosabertos.camara.leg.br/api/v2/eventos/81185;2026-03-05 09:00:00;;Reunião Deliberativa;Discussão e votação da PEC 18/2025;Anexo II, Plenário 02
81129;https://dadosabertos.camara.leg.br/api/v2/eventos/81129;2026-03-04 16:22:36;2026-03-04 17:06:50;Reunião Deliberativa;Deliberação de Requerimentos (estão sujeitos a pauta os requerimentos apresentados até 24h antes do horário da reunião):;Anexo II, Plenário 08
81138;https://dadosabertos.camara.leg.br/api/v2/eventos/81138;2026-03-04 15:29:54;2026-03-04 15:55:25;Reunião Deliberativa;Discussão e votação de requerimentos;Anexo II, Plenário 09
81169;https://dadosabertos.camara.leg.br/api/v2/eventos/81169;2026-03-04 15:32:26;2026-03-04 16:10:52;Reunião Deliberativa;"A - Apresentação do Plano de Trabalho da Coordenadora, Dep. Ana Pimentel; e B - Deliberação de Requerimentos (estão sujeitos a pauta os requerimentos apresentados até 24h antes do horário da reunião).";Anexo II, Plenário 15
81109;https://dadosabertos.camara.leg.br/api/v2/eventos/81109;2026-03-04 15:11:27;2026-03-04 15:30:39;Reunião Deliberativa;Discussão e votação de propostas legislativas;Anexo II, Plenário 12
81121;https://dadosabertos.camara.leg.br/api/v2/eventos/81121;2026-03-04 14:52:25;2026-03-04 15:22:07;Reunião Deliberativa;Discussão e votação de propostas legislativas;Anexo II, Plenário 11
81156;https://dadosabertos.camara.leg.br/api/v2/eventos/81156;2026-03-04 14:36:48;2026-03-04 15:54:10;Reunião de Instalação e Eleição;"A - Instalação da Comissão; e B - Eleição do Presidente e dos Vice-Presidentes";Anexo II, Plenário 13
81180;https://dadosabertos.camara.leg.br/api/v2/eventos/81180;2026-03-04 14:27:27;2026-03-04 15:25:30;Reunião Deliberativa;Discussão e votação de propostas legislativas;Anexo II, Plenário 09
81196;https://dadosabertos.camara.leg.br/api/v2/eventos/81196;2026-03-04 15:20:00;2026-03-04 22:31:00;Sessão Deliberativa;Sessão Deliberativa Extraordinária Presencial (AM nº 123/2020);Plenário da Câmara dos Deputados
81101;https://dadosabertos.camara.leg.br/api/v2/eventos/81101;2026-03-04 14:23:06;2026-03-04 15:42:05;Reunião Deliberativa;ELEIÇÃO DOS VICE-PRESIDENTES DA COMISSÃO DE CULTURA.;Anexo II, Plenário 10
81116;https://dadosabertos.camara.leg.br/api/v2/eventos/81116;2026-03-04 13:51:07;2026-03-04 15:30:51;Reunião Deliberativa;A - Eleição de Vice-Presidentes da Comissão B - Apreciação das súmulas nºs 1, 2 e 3 da Comissão de Turismo;Anexo II, Plenário 05
81149;https://dadosabertos.camara.leg.br/api/v2/eventos/81149;2026-03-04 13:09:36;2026-03-04 13:23:30;Reunião Deliberativa;A - Deliberação do Acordo de Procedimentos da Comissão do Esporte para 2026;Anexo II, Plenário 04
80932;https://dadosabertos.camara.leg.br/api/v2/eventos/80932;2026-03-04 11:57:00;2026-03-04 14:00:00;Sessão Não Deliberativa Solene;Homenagem ao Dia Mundial das Doenças Raras;Plenário da Câmara dos Deputados
81145;https://dadosabertos.camara.leg.br/api/v2/eventos/81145;2026-03-04 11:05:34;2026-03-04 11:54:03;Reunião Deliberativa;Discussão e votação de propostas legislativas;Anexo II, Plenário 11
81160;https://dadosabertos.camara.leg.br/api/v2/eventos/81160;2026-03-04 11:38:39;2026-03-04 13:24:14;Reunião Deliberativa;- Acordo de Procedimentos da CREDN para 2026;Anexo II, Plenário 03
81089;https://dadosabertos.camara.leg.br/api/v2/eventos/81089;2026-03-04 11:05:55;2026-03-04 11:44:26;Reunião Deliberativa;A - Acordo de Procedimentos para 2026;Anexo II, Plenário 16
81018;https://dadosabertos.camara.leg.br/api/v2/eventos/81018;2026-03-04 10:45:11;2026-03-04 13:11:49;Reunião Deliberativa;Discussão e votação de propostas legislativas;Anexo II, Plenário 08
81192;https://dadosabertos.camara.leg.br/api/v2/eventos/81192;2026-03-04 10:43:58;2026-03-04 12:03:22;Reunião de Instalação e Eleição;Instalação e Eleição de Presidente;Anexo II, Plenário 10
81053;https://dadosabertos.camara.leg.br/api/v2/eventos/81053;2026-03-04 10:36:47;2026-03-04 12:29:36;Reunião Deliberativa;Discussão e votação de propostas legislativas;Anexo II, Plenário 06
81158;https://dadosabertos.camara.leg.br/api/v2/eventos/81158;2026-03-04 10:36:30;2026-03-04 12:17:57;Reunião Deliberativa;Discussão e votação de propostas legislativas;Anexo II, Plenário 01
81092;https://dadosabertos.camara.leg.br/api/v2/eventos/81092;2026-03-04 10:36:20;2026-03-04 11:28:00;Reunião Deliberativa;Discussão e votação de propostas legislativas;Anexo II, Plenário 14
81095;https://dadosabertos.camara.leg.br/api/v2/eventos/81095;2026-03-04 10:30:40;2026-03-04 10:52:50;Reunião Deliberativa;Discussão e votação de propostas legislativas;Anexo II, Plenário 05
81093;https://dadosabertos.camara.leg.br/api/v2/eventos/81093;2026-03-04 10:24:42;2026-03-04 11:31:23;Reunião Deliberativa;Discussão e votação de propostas legislativas;Anexo II, Plenário 07
81146;https://dadosabertos.camara.leg.br/api/v2/eventos/81146;2026-03-04 10:23:05;2026-03-04 10:56:17;Reunião de Eleição;Para 1º Vice-Presidente: Deputado GERALDO MENDES (UNIÃO/PR) Para 2ª Vice-Presidente: Deputada ROSANA VALLE (PL/SP);Anexo II, Plenário 11
81111;https://dadosabertos.camara.leg.br/api/v2/eventos/81111;2026-03-04 10:18:00;2026-03-04 10:56:00;Reunião Deliberativa;Discussão e votação de propostas legislativas;Anexo II, Plenário 12
81088;https://dadosabertos.camara.leg.br/api/v2/eventos/81088;2026-03-04 10:12:32;2026-03-04 10:36:21;Reunião Deliberativa;A - Plano Anual de Fiscalização e Controle (PAFC 2026) PRO 1/2026 - Propõe o Plano Anual de Fiscalização e Controle – PAFC 2026, nos termos do art. 61-A do Regimento Interno e da Resolução nº 25, de 2017.;Anexo II, Plenário 09
81119;https://dadosabertos.camara.leg.br/api/v2/eventos/81119;2026-03-04 10:00:00;;Evento Técnico;Encontro com a Ministra da Saúde da Dinamarca, Sra. Sophie Lohde;
80828;https://dadosabertos.camara.leg.br/api/v2/eventos/80828;2026-03-04 10:00:00;2026-03-04 11:07:42;Reunião Deliberativa;Discussão e votação da PEC 18/2025;Anexo II, Plenário 02
81166;https://dadosabertos.camara.leg.br/api/v2/eventos/81166;2026-03-04 10:15:00;2026-03-04 10:24:00;Mesa Redonda;Discussão da pauta e assuntos internos da CDE;
81161;https://dadosabertos.camara.leg.br/api/v2/eventos/81161;2026-03-04 10:39:19;2026-03-04 11:35:16;Reunião de Eleição;Eleição para os cargos de 1º, 2º e 3º vice-Presidentes da CREDN;Anexo II, Plenário 03
81063;https://dadosabertos.camara.leg.br/api/v2/eventos/81063;2026-03-04 10:17:00;2026-03-04 15:03:00;Sessão Não Deliberativa Solene;Homenagem ao Dia Internacional da Mulher;Plenário da Câmara dos Deputados
81170;https://dadosabertos.camara.leg.br/api/v2/eventos/81170;2026-03-04 08:00:00;2026-03-04 10:17:00;Mesa Redonda;Discussão da pauta e outros assuntos atinentes à Comissão.;
81191;https://dadosabertos.camara.leg.br/api/v2/eventos/81191;2026-03-03 18:00:00;2026-03-03 18:32:00;Teste do Painel Eletrônico;deliberação de parecer;Anexo II, Plenário 02
81125;https://dadosabertos.camara.leg.br/api/v2/eventos/81125;2026-03-03 16:18:12;2026-03-03 17:26:23;Audiência Pública;"(REQ 17/2026 CVT, do deputado Claudio Cajado) Convidados: . TIAGO CHAGAS FAIERSTEIN, Diretor-Presidente da Agência Nacional de Aviação Civil - ANAC; (Confirmado) . RODRIGO BORGES CORREIA, Chefe do Serviço de Segurança Aeroportuária da Polícia Federal; (Confirmado) . RAUL DE SOUZA, Diretor de Segurança e Operações de Voo da Associação Brasileira das Empresas Aéreas - ABEAR; (Confirmado) . FÁBIO ROGÉRIO CARVALHO, Presidente da Aeroportos do Brasil - ABR; (Confirmado) . LEONARDO SOUZA, Diretor de Assuntos Previdenciários do Sindicato Nacional dos Aeronautas - SNA. (Confirmado) . GIOVANO PALMA, Superintendente de Infraestrutura Aeroportuária da ANAC, especialista em regulação. (Confirmado)";Anexo II, Plenário 11
81172;https://dadosabertos.camara.leg.br/api/v2/eventos/81172;2026-03-03 15:25:56;2026-03-03 16:31:26;Visita Oficial;Visita da delegação parlamentar da Comissão de Habitação e Assentamentos Humanos da Assembleia Nacional da África do Sul. Participantes: Sr. Albert Mammoga Seabi Presidente da Comissão de Habitação e Assentamentos Humanos Sr. Sello Leon Dithebe Membro da Comissão de Habitação e Assentamentos Humanos Sra. Betty Motebele Kegakilwe Membro da Comissão de Habitação e Assentamentos Humanos Sr. Luyolo Mphithi Membro da Comissão de Habitação e Assentamentos Humanos Sr. Thulani Innocent Gamede Membro da Comissão de Habitação e Assentamentos Humanos Sra. Mbali Dlamini Membro da Comissão de Habitação e Assentamentos Humanos Sra. Sakiena Frenchman Membro da Comissão de Habitação e Assentamentos Humanos;Anexo II, Plenário 16
81168;https://dadosabertos.camara.leg.br/api/v2/eventos/81168;2026-03-03 15:37:52;2026-03-03 16:57:38;Reunião Deliberativa;Discussão e votação de propostas legislativas;Anexo II, Plenário 03
81083;https://dadosabertos.camara.leg.br/api/v2/eventos/81083;2026-03-03 15:33:45;2026-03-03 16:43:28;Reunião Deliberativa;Discussão e votação de propostas legislativas;Anexo II, Plenário 01
81151;https://dadosabertos.camara.leg.br/api/v2/eventos/81151;2026-03-03 15:47:22;2026-03-03 16:01:07;Reunião Deliberativa;Eleição do Terceiro Vice-Presidente e Discussão e votação de propostas legislativas;Anexo II, Plenário 08
81079;https://dadosabertos.camara.leg.br/api/v2/eventos/81079;2026-03-03 15:35:54;2026-03-03 15:55:13;Reunião Deliberativa;Discussão e votação de propostas legislativas;Anexo II, Plenário 12
81108;https://dadosabertos.camara.leg.br/api/v2/eventos/81108;2026-03-03 15:26:29;2026-03-03 16:26:41;Reunião Deliberativa;Deliberação de Requerimentos (estão sujeitos a pauta os requerimentos apresentados até 24h antes do horário da reunião):;Anexo II, Plenário 07
81144;https://dadosabertos.camara.leg.br/api/v2/eventos/81144;2026-03-03 14:29:53;2026-03-03 14:38:10;Reunião Deliberativa;Discussão e votação de propostas legislativas;Anexo II, Plenário 11
81157;https://dadosabertos.camara.leg.br/api/v2/eventos/81157;2026-03-03 14:27:57;2026-03-03 16:44:47;Reunião Deliberativa;Discussão e votação de propostas legislativas;Anexo II, Plenário 06
81081;https://dadosabertos.camara.leg.br/api/v2/eventos/81081;2026-03-03 14:16:06;2026-03-03 16:42:41;Audiência Pública e Deliberação;"A - Audiência Pública Tema: Formas de suporte federativo - União, Estados e Municípios Convidados: ARTHUR DE ALMEIDA MEDEIROS, COORDENADOR-GERAL DE SAÚDE DA PESSOA COM DEFICIÊNCIA (CONFIRMADO, POR VIDEOCONFERÊNCIA) DÁRIO SAADI, PREFEITO DE CAMPINAS E PRESIDENTE DA COMISSÃO DE SAÚDE DA FRENTE NACIONAL DE PREFEITOS (CONFIRMADO, POR VIDEOCONFERÊNCIA); DIMAS RAMALHO, CONSELHEIRO DO TRIBUNAL DE CONTAS DO ESTADO DE SÃO PAULO (CONFIRMADO, POR VIDEOCONFERÊNCIA) MARCELO DE SOUZA BRUNIERA, COORDENADOR DA ÁREA TÉCNICA DE SAÚDE MENTAL DO MUNICÍPIO DE CAMPINAS (CONFIRMADO, POR VÍDEOCONFERÊNCIA); PAULO ZIULKOLKI, PRESIDENTE DA CONFEDERAÇÃO NACIONAL DE MUNICÍPIO (CONFIRMADO, POR VIDEOCONFERÊNCIA) REPRESENTANTE DO CONSELHO NACIONAL DE SECRETÁRIOS DE SAÚDE; (À CONFIRMAR) REPRESENTANTE DO MINISTÉRIO DA FAZENDA (À CONFIRMAR) (Requerimento nº 4/2025, do Dep. Marangoni) B. Deliberação de Requerimentos.";Anexo II, Plenário 09
81165;https://dadosabertos.camara.leg.br/api/v2/eventos/81165;2026-03-03 14:00:00;;Audiência Pública;"Tema: Impactos das PECs 231/19, 27/23 e 25/22 no Setor Produtivo do Sudeste - Governadores Convidados: RENATO CASAGRANDE, Governador do Estado do Espírito Santo (a confirmar); ROMEU ZEMA, Governador do Estado de Minas Gerais (a confirmar); CLÁUDIO CASTRO, Governador do Estado do Rio de Janeiro (a confirmar); TARCÍSIO DE FREITAS, Governador do Estado de São Paulo (a confirmar). Req. 4/2025 - Dep. Arnaldo Jardim";A Definir
81178;https://dadosabertos.camara.leg.br/api/v2/eventos/81178;2026-03-03 13:59:00;2026-03-03 21:52:00;Sessão Deliberativa;Sessão Deliberativa Extraordinária Presencial (AM nº 123/2020);Plenário da Câmara dos Deputados
81127;https://dadosabertos.camara.leg.br/api/v2/eventos/81127;2026-03-03 13:46:50;2026-03-03 14:15:02;Reunião Deliberativa;Discussão e votação de propostas legislativas;Anexo II, Plenário 13
80931;https://dadosabertos.camara.leg.br/api/v2/eventos/80931;2026-03-03 09:27:00;2026-03-03 11:30:00;Sessão Não Deliberativa Solene;Homenagem ao bicentenário de relações diplomáticas entre o Brasil e a Santa Sé;Plenário da Câmara dos Deputados
81154;https://dadosabertos.camara.leg.br/api/v2/eventos/81154;2026-03-02 18:18:00;2026-03-03 00:35:00;Sessão Deliberativa;Sessão Deliberativa Extraordinária Semipresencial (AM nº 123/2020);Plenário da Câmara dos Deputados
81043;https://dadosabertos.camara.leg.br/api/v2/eventos/81043;2026-03-02 10:27:06;2026-03-02 12:47:16;Audiência Pública;Requerimentos Nº1/2026/CTRAB, da Deputada Erika Kokay CONVIDADOS VALTER SOUZA PUGLIESI Presidente da Associação Nacional dos Magistrados da Justiça do Trabalho - ANAMATRA REPRESENTANTE Institucional do Banco do Brasil CAROLINA MERCANTE Representante do Ministério Público do Trabalho - MPT RODRIGO BRITTO Presidente da Federação das Trabalhadoras e dos Trabalhadores em Empresas de Crédito do Centro Norte - Fetec-CUT/CN EDUARDO ARAÚJO Presidente do Sindicato dos Bancários de Brasília - SEEB Brasília. ANA MAGNÓLIA BEZERRA MENDES Professora Titular da Universidade de Brasília, atualmente Pesquisadora Colaboradora no Departamento de Psicologia Social e do Trabalho MARCEL BARROS Vice-Presidente da Associação Nacional dos Funcionários do Banco do Brasil -ANABB;Anexo II, Plenário 12
81135;https://dadosabertos.camara.leg.br/api/v2/eventos/81135;2026-02-27 19:00:00;2026-02-27 20:00:00;Seminário;Seminário sobre a implementação da LC nº 226/2026 (Lei do Descongela);
81136;https://dadosabertos.camara.leg.br/api/v2/eventos/81136;2026-02-27 17:00:00;2026-02-27 18:00:00;Seminário;Seminário sobre a implementação da LC nº 226/2026 (Lei do Descongela);
81115;https://dadosabertos.camara.leg.br/api/v2/eventos/81115;2026-02-26 10:54:00;2026-02-26 13:46:00;Sessão Deliberativa;Sessão Deliberativa Extraordinária Semipresencial (AM nº 123/2020);Plenário da Câmara dos Deputados
81048;https://dadosabertos.camara.leg.br/api/v2/eventos/81048;2026-02-25 17:31:10;2026-02-25 18:35:08;Reunião de Eleição;Eleição para cargo de Coordenadora do Eixo III do ONMP;Anexo II, Plenário 14
81047;https://dadosabertos.camara.leg.br/api/v2/eventos/81047;2026-02-25 16:37:00;2026-02-25 16:57:00;Reunião Técnica;Reunião técnica com os membros da Comissão;
81076;https://dadosabertos.camara.leg.br/api/v2/eventos/81076;2026-02-25 14:45:33;2026-02-25 15:46:55;Reunião Deliberativa;Discussão e votação Requerimentos;Anexo II, Plenário 09
81040;https://dadosabertos.camara.leg.br/api/v2/eventos/81040;2026-02-25 15:58:36;2026-02-25 16:00:32;Reunião Deliberativa;Discussão e votação de propostas legislativas;Anexo II, Plenário 11
81051;https://dadosabertos.camara.leg.br/api/v2/eventos/81051;2026-02-25 15:50:59;2026-02-25 16:50:20;Reunião;PAUTA SUJEITA A ALTERAÇÕES - REPRESENTAÇÃO Nº 26/25, EM DESFAVOR DO DEPUTADO MARCOS POLLON: - Oitiva do Deputado Coronel Meira, testemunha de defesa. - Oitiva do Deputado Marcos Pollon.;Anexo II, Plenário 13
81037;https://dadosabertos.camara.leg.br/api/v2/eventos/81037;2026-02-25 14:24:09;2026-02-25 16:33:02;Reunião Deliberativa;Discussão e votação de propostas legislativas;Anexo II, Plenário 07
81004;https://dadosabertos.camara.leg.br/api/v2/eventos/81004;2026-02-25 14:23:11;2026-02-25 14:43:10;Reunião Deliberativa;Discussão e votação de propostas legislativas;Anexo II, Plenário 09
81025;https://dadosabertos.camara.leg.br/api/v2/eventos/81025;2026-02-25 14:06:16;2026-02-25 19:01:41;Seminário;"Tema: ""Mapa do Caminho - Biocombustíveis: a Rota mais Curta"" Realização: Comissão sobre Transição Energética e Produção de Hidrogênio Verde da Câmara dos Deputados (CEENERGIA) em parceria com a Coalisão pelos Biocombustíveis. Apoio: Frente Parlamentar Mista da Economia Verde, Frente Parlamentar do Etanol, Frente Parlamentar Mista do Biodiesel - FPBio, Frente Parlamentar da Agropecuária - FPA e Frente Parlamentar do Biogás e do Biometano. 14h - Abertura Embaixador ANDRÉ CORRÊA DO LAGO; Deputado ARNALDO JARDIM; Deputado ALCEU MOREIRA; Deputado PEDRO LUPION; e Deputado ZÉ VITOR. 14h45 - Painel 1: ""Inovação tecnológica na Produção de Biocombustíveis"" Moderador: Dep. Zé Vitor GONÇALO PEREIRA, Professor do Instituto de Biologia/UNICAMP (confirmado); ALEXANDRE ALONSO, Chefe-Geral da Embrapa Agroenergia (confirmado); e TIAGO GIULIANI, Gerente de Sustentabilidade, Descarbonização e Novas Tecnologias da ABBI - Associação Brasileira de Bioinovação (confirmado). 15h30 - Painel 2: ""Food x Fuel - Uma Polêmica Superada"" Moderador: Dep. Alceu Moreira GLAUCIA SOUZA, Professora Titular da Universidade de São Paulo e Líder da Força Tarefa de Biocombustíveis para a Descarbonização do Transporte da Agência Internacional de Energia (Task 39) (confirmada); e PIETRO MENDES, Diretor da Agência Nacional do Petróleo, Gás Natural e Biocombustíveis (ANP) (confirmado). 16h15 - Painel 3: ""Como financiar a ampliação dos biocombustíveis na Matriz de Transporte Brasileira (CGOB's / CBIO's / Fundo Clima)"" Moderador: Dep. Pedro Lupion LUCIANO RODRIGUES, Diretor de Inteligência Estratégica, Regulação e Competitividade da UNICA - União da Indústria de Cana-de-açúcar (confirmado); ARTUR YABE MILANEZ, Gerente do Departamento do Complexo Agroalimentar e de Biocombustíveis do BNDES (confirmado); e NEWTON HAMATSU, Superintendente da Área de Transição Energética e Infraestrutura da FINEP - Financiadora de Estudos e Projetos (confirmado). 17h - Painel 4: ""As metas dos Biocombustíveis no Mapa do Caminho"" Moderador: Dep. Arnaldo Jardim DONIZETE TOKARSKI, Diretor Superintendente da UBRABIO - União Brasileira do Biodiesel e Bioquerosene (confirmado); ANDRÉ NASSAR, Diretor-Executivo da ABIOVE - Associação Brasileira das Indústrias de Óleos Vegetais (confirmado); TIAGO SANTOVITO, Diretor-Executivo da ABIOGÁS - Associação Brasileira do Biogás (confirmado); PEDRO MARANHÃO, Diretor-Presidente da ABREMA - Associação Brasileira de Resíduos e Meio Ambiente (confirmado); GUILHERME NOLASCO, Presidente da UNEM - União Nacional do Etanol de Milho (confirmado); MÁRIO CAMPOS, Presidente da BIONERGIA BRASIL (confirmado); LUIS VIGA, Presidente do Conselho de Administração da ABIHV - Associação Brasileira da Indústria do Hidrogênio Verde (confirmado); ROBERTO ARDENGHY, Presidente do IBP - Instituto Brasileiro de Petróleo, Gás e Biocombustíveis (confirmado); e CAMILO ADAS - Representante da APROBIO - Associação dos Produtores de Biocombustíveis do Brasil (confirmado).";Anexo II, Plenário 08
81084;https://dadosabertos.camara.leg.br/api/v2/eventos/81084;2026-02-25 14:00:00;2026-02-25 20:38:00;Sessão Deliberativa;Sessão Deliberativa Extraordinária Presencial (AM nº 123/2020);Plenário da Câmara dos Deputados
81013;https://dadosabertos.camara.leg.br/api/v2/eventos/81013;2026-02-25 14:01:59;2026-02-25 14:55:39;Reunião Deliberativa;Discussão e votação de propostas legislativas.;Anexo II, Plenário 10
81064;https://dadosabertos.camara.leg.br/api/v2/eventos/81064;2026-02-25 13:51:57;2026-02-25 14:20:38;Reunião Deliberativa;A - Acordo de procedimentos da Comissão de Turismo para o ano de 2026;Anexo II, Plenário 05
80765;https://dadosabertos.camara.leg.br/api/v2/eventos/80765;2026-02-25 14:52:42;2026-02-25 15:31:17;Reunião Deliberativa;Discussão e votação de propostas legislativas;Anexo II, Plenário 12
81005;https://dadosabertos.camara.leg.br/api/v2/eventos/81005;2026-02-25 13:10:33;2026-02-25 13:52:35;Reunião Deliberativa;Discussão e votação de propostas legislativas;Anexo II, Plenário 04
81059;https://dadosabertos.camara.leg.br/api/v2/eventos/81059;2026-02-25 11:25:29;2026-02-25 12:17:37;Reunião Deliberativa;Discussão e votação de propostas legislativas;Anexo II, Plenário 11
81026;https://dadosabertos.camara.leg.br/api/v2/eventos/81026;2026-02-25 11:17:09;2026-02-25 12:19:34;Reunião Deliberativa;Discussão e votação de propostas legislativas;Anexo II, Plenário 05
81068;https://dadosabertos.camara.leg.br/api/v2/eventos/81068;2026-02-25 11:04:30;2026-02-25 12:21:33;Reunião Deliberativa;Discussão e votação de propostas legislativas;Anexo II, Plenário 13
81019;https://dadosabertos.camara.leg.br/api/v2/eventos/81019;2026-02-25 10:55:26;2026-02-25 12:51:25;Reunião Deliberativa;A - Eleição dos Vice-Presidentes B - Discussão e celebração do Acordo de Procedimentos;Anexo II, Plenário 12
81057;https://dadosabertos.camara.leg.br/api/v2/eventos/81057;2026-02-25 10:52:33;2026-02-25 11:15:59;Reunião Deliberativa;Discussão e votação de propostas legislativas;Anexo II, Plenário 01
81034;https://dadosabertos.camara.leg.br/api/v2/eventos/81034;2026-02-25 10:45:04;2026-02-25 10:45:43;Reunião Deliberativa;Discussão e votação de propostas legislativas;Anexo II, Plenário 16
81035;https://dadosabertos.camara.leg.br/api/v2/eventos/81035;2026-02-25 10:42:29;2026-02-25 11:43:00;Reunião Deliberativa;Discussão e votação de propostas legislativas.;Anexo II, Plenário 14
81077;https://dadosabertos.camara.leg.br/api/v2/eventos/81077;2026-02-25 10:36:00;2026-02-25 11:23:00;Reunião de Eleição;Eleição para Vice-Presidentes da CVT . Para o cargo de 1º Vice-Presidente: . Geraldo Mendes (UNIÃO/PR) . Para o cargo de 2º Vice-Presidente: . Rosana Valle (PL/SP);Anexo II, Plenário 11
81030;https://dadosabertos.camara.leg.br/api/v2/eventos/81030;2026-02-25 10:25:54;2026-02-25 10:47:55;Reunião Deliberativa;Discussão e votação de propostas Legislativas;Anexo II, Plenário 15
81066;https://dadosabertos.camara.leg.br/api/v2/eventos/81066;2026-02-25 10:00:00;;Reunião Deliberativa;Discussão e votação de propostas legislativas;Anexo II, Plenário 09
80956;https://dadosabertos.camara.leg.br/api/v2/eventos/80956;2026-02-25 10:41:15;2026-02-25 12:49:13;Reunião Deliberativa;Discussão e votação de propostas legislativas;Anexo II, Plenário 07
81061;https://dadosabertos.camara.leg.br/api/v2/eventos/81061;2026-02-25 09:30:00;2026-02-25 11:07:00;Mesa Redonda;Discussão da pauta e assuntos internos da CDE;
81062;https://dadosabertos.camara.leg.br/api/v2/eventos/81062;2026-02-25 10:34:25;2026-02-25 11:52:00;Reunião Deliberativa;- Acordo de Procedimentos da CREDN para 2026;Anexo II, Plenário 03
81027;https://dadosabertos.camara.leg.br/api/v2/eventos/81027;2026-02-25 09:08:00;2026-02-25 10:26:00;Sessão Não Deliberativa Solene;Homenagem ao Associação e Sindicato dos Diplomatas Brasileiros – ADB Sindical;Plenário da Câmara dos Deputados
81060;https://dadosabertos.camara.leg.br/api/v2/eventos/81060;2026-02-25 08:00:00;2026-02-25 10:46:00;Mesa Redonda;Discussão da pauta e outros assuntos atinentes à Comissão.;
81046;https://dadosabertos.camara.leg.br/api/v2/eventos/81046;2026-02-24 16:30:00;2026-02-24 17:39:00;Reunião Técnica;Reunião técnica com entidades vinculadas à temática da Comissão;Anexo II, Plenário 12
81045;https://dadosabertos.camara.leg.br/api/v2/eventos/81045;2026-02-24 15:24:15;2026-02-24 17:43:55;Reunião Deliberativa;Discussão e votação de propostas legislativas;Anexo II, Plenário 01
74889;https://dadosabertos.camara.leg.br/api/v2/eventos/74889;2026-02-24 14:43:23;2026-02-24 16:38:53;Audiência Pública e Deliberação;"A - Audiência pública Tema: Debate sobre a implementação da Política Nacional de Prevenção e Controle do Câncer após a regulamentação do Ministério da Saúde Convidados: NATALI MINÓIA, Coordenadora da Coordenação-Geral de Estratégias Inovadoras e Colaborativas de Atenção ao Câncer do Ministério da Saúde (confirmada); CLARISSA BALDOTTO, Presidente da Sociedade Brasileira de Oncologia Clínica - SBOC (confirmada); VIVIANE REZENDE DE OLIVEIRA, Vice-Presidente da Sociedade Brasileira de Cirurgia Oncológica - SBCO (confirmada); JORGE VAZ PINTO NETO, Vice-Presidente da Associação Brasileira de Hematologia, Hemoterapia e Terapia Celular - ABHH (confirmado); Representante do Conselho Nacional de Secretários de Saúde - CONASS (a confirmar); Representante do Conselho Nacional de Secretarias Municipais de Saúde - CONASEMS (a confirmar). (REQ 10/2024 CECANCER, do deputado Weliton Prado) B - Deliberação de requerimentos (estão sujeitos a pauta os requerimentos apresentados até 24h antes do horário da reunião).";Anexo II, Plenário 10
81038;https://dadosabertos.camara.leg.br/api/v2/eventos/81038;2026-02-24 14:30:00;;Reunião Deliberativa;Discussão e votação do parecer do Relator, Deputado Augusto Coutinho;Anexo II, Plenário 07
81021;https://dadosabertos.camara.leg.br/api/v2/eventos/81021;2026-02-24 15:17:21;2026-02-24 16:01:23;Reunião Deliberativa;"""Pauta sujeita a alterações.""";Anexo II, Plenário 08
80843;https://dadosabertos.camara.leg.br/api/v2/eventos/80843;2026-02-24 14:51:51;2026-02-24 17:55:59;Reunião Deliberativa;Eleição dos Vice-Presidentes e Discussão e votação de propostas legislativas;Anexo II, Plenário 06
81054;https://dadosabertos.camara.leg.br/api/v2/eventos/81054;2026-02-24 14:42:00;2026-02-24 15:48:54;Reunião Deliberativa;Discussão e Votação do Relatório da Relatora, Dep. Maria do Rosário;Anexo II, Plenário 11
81055;https://dadosabertos.camara.leg.br/api/v2/eventos/81055;2026-02-24 14:38:12;2026-02-24 16:03:57;Audiência Pública e Deliberação;"1. Audiência Pública Tema: Diagnóstico tardio e intervenções. Convidados: ALEXANDRE MORAIS DA ROSA, Desembargador do Tribunal de Justiça de Santa Catarina; (A CONFIRMAR) ARTHUR DE ALMEIDA MEDEIROS, Coordenador-Geral de Saúde da Pessoa com Deficiência (CONFIRMADO, POR VIDEOCONFERÊNCIA); CARLOS ALBERTO VON POSER, Presidente da Associaçao de Amigos do Autista; (A CONFIRMAR) FABIANA KHAUAM MARANGONI, Pediatra; (A CONFIRMAR) GUILHERME DE ALMEIDA, PRESIDENTE DA ASSOCIAÇÃO NACIONAL PARA INCLUSÃO DE PESSOAS AUTISTAS (CONFIRMADO,POR VIDEOCONFERÊNCIA). MAYRA GAIATO, Neurocientista do Instituto Singular; (A CONFIRMAR) VIVIANI PEREIRA AMANAJÁS GUIMARÃES, Vice-Presidente do Movimento Orgulho Autista Brasil - MOAB; (CONFIRMADA, PRESENCIALMENTE) (Requerimento nº 4/2025, do Dep. Marangoni) (Requerimento nº 21/2025, do Dep. Orlando Silva) (Requerimento nº 23/2025, do Dep. Orlando Silva) (Requerimento nº 27/2025, do Dep. Orlando Silva)";Anexo II, Plenário 09
81036;https://dadosabertos.camara.leg.br/api/v2/eventos/81036;2026-02-24 14:37:21;2026-02-24 17:22:09;Seminário;Debate público com representantes da sociedade civil, entidades públicas e privadas, movimentos sociais e pessoas com deficiência voltado à construção do Plano de Trabalho da Comissão para o ano de 2026. O encontro tem como objetivo ouvir as demandas, propostas e as prioridades da sociedade, de modo a orientar as ações da Comissão ao longo do ano, fortalecendo a participação social e o diálogo entre o Parlamento e os atores que atuam na defesa e promoção dos direitos das pessoas com deficiência. Durante o debate, haverá espaço para manifestação e fala dos participantes que desejarem se inscrever.;Anexo II, Plenário 13
81075;https://dadosabertos.camara.leg.br/api/v2/eventos/81075;2026-02-24 14:10:00;2026-02-25 00:43:00;Sessão Deliberativa;Sessão Deliberativa Extraordinária Presencial (AM nº 123/2020);Plenário da Câmara dos Deputados
81058;https://dadosabertos.camara.leg.br/api/v2/eventos/81058;2026-02-24 14:24:32;2026-02-24 14:51:42;Reunião Deliberativa;Discussão e votação de propostas legislativas;Anexo II, Plenário 12
81032;https://dadosabertos.camara.leg.br/api/v2/eventos/81032;2026-02-24 13:07:20;2026-02-24 14:23:06;Audiência Pública;"Convidadas: . ZARA FIGUEIREDO, Secretária de Educação Continuada, Alfabetização de Jovens e Adultos, Diversidade e Inclusão do Ministério da Educação - SECADI/MEC; (Confirmada) . FERNANDA PACOBAHYBA, Presidente do Fundo Nacional de Desenvolvimento da Educação do Ministério da Educação - FNDE/MEC; (Confirmada) . LETICIA PALMA, Representante da Associação Brasileira da Indústria, Comércio e Serviços de Tecnologia Assistiva - ABRIDEF. (Confirmada) (REQ 3/2026-CPD, de autoria do deputado Rodrigo Rollemberg, subscrito pelo deputado Geraldo Resende)";Anexo II, Plenário 13
81074;https://dadosabertos.camara.leg.br/api/v2/eventos/81074;2026-02-24 09:30:00;2026-02-24 11:00:00;Reunião Técnica;Logo em seguida, ocorrerá coletiva de imprensa também na CPOVOS.;
81073;https://dadosabertos.camara.leg.br/api/v2/eventos/81073;2026-02-24 09:14:11;2026-02-24 10:34:47;Visita Oficial;Conferência Internacional de Jovens Nikkeis da América Latina;Anexo II, Plenário 06
81050;https://dadosabertos.camara.leg.br/api/v2/eventos/81050;2026-02-24 09:00:00;2026-02-24 12:00:00;Reunião Técnica;"Reunião institucional com membros da Comissão de Segurança Pública e Combate ao Crime Organizado, sobre temas centrais da segurança pública nacional. O encontro tem por finalidade promover o diálogo direto entre os membros desta Comissão e autoridades do Poder Executivo, com foco no alinhamento institucional e na construção de encaminhamentos objetivos voltados ao enfrentamento da criminalidade e ao fortalecimento das políticas públicas de segurança. Até o momento, encontram-se confirmadas as presenças das seguintes autoridades: Ministro da Justiça e Segurança Pública, Wellington César Lima e Silva; Secretário Nacional de Segurança Pública, Francisco Lucas Costa Veloso; e Secretário Nacional de Políticas Penais, André de Albuquerque Garcia. O evento será realizado: Data: 24 de fevereiro Hora: 9h Local: Sala da Comissão de Segurança Pública, localizada no Anexo II, Sala 166, Piso Superior, Ala C, da Câmara dos Deputados.";
81056;https://dadosabertos.camara.leg.br/api/v2/eventos/81056;2026-02-24 09:00:00;;Audiência Pública;REQ nº 2/2026, de autoria dos Deputados Célia Xakriabá e Airton Faleiro. Convidados: Casa Civil da Presidência da República Secretaria-Geral da Presidência da República Ministério dos Povos Indígenas Ministério de Portos e Aeroportos THAÍS MEDEIROS DA COSTA - presença confirmada Procuradora da República TACIUS FERNANDES - presença confirmada Fundação Nacional dos Povos Indígenas - FUNAI CÉLIO REIS - presença confirmada Coordenador-Geral de Obras Aquaviárias do Departamento Nacional de Infraestrutura de Transportes - DNIT RICARDO TERENA - presença confirmada Coordenador Jurídico da Articulação dos Povos Indígenas do Brasil - APIB Coordenação das Organizações Indígenas da Amazônia Brasileira - COIAB Conselho Indígena Tapajós e Arapiuns - CITA ERIK JENNINGS - presença confirmada Neurocirurgião, especialista em saúde indígena;Anexo II, Plenário 12
80982;https://dadosabertos.camara.leg.br/api/v2/eventos/80982;2026-02-11 14:37:36;2026-02-11 14:47:46;Reunião Deliberativa;Discussão e votação de propostas legislativas;Anexo II, Plenário 07
80772;https://dadosabertos.camara.leg.br/api/v2/eventos/80772;2026-02-11 14:29:59;2026-02-11 14:42:47;Reunião Deliberativa;Discussão e votação de propostas legislativas;Anexo II, Plenário 11
80960;https://dadosabertos.camara.leg.br/api/v2/eventos/80960;2026-02-11 14:00:00;;Reunião;PAUTA SUJEITA A ALTERAÇÕES - Pauta remanescente da reunião realizada em 10/2/26.;Anexo II, Plenário 13
81024;https://dadosabertos.camara.leg.br/api/v2/eventos/81024;2026-02-11 14:07:00;2026-02-11 17:47:00;Sessão Deliberativa;Sessão Deliberativa Extraordinária Semipresencial (AM nº 123/2020);Plenário da Câmara dos Deputados
80912;https://dadosabertos.camara.leg.br/api/v2/eventos/80912;2026-02-11 11:19:00;2026-02-11 13:11:00;Sessão Não Deliberativa Solene;Homenagem 21 anos de fundação da Associação Brasileira de Rochas Naturais (Centrorochas) e aos 52 anos do Sindicato da Indústria de Rochas Ornamentais, Cal e Calcários do Espírito Santo (Sindirochas);Plenário da Câmara dos Deputados
80973;https://dadosabertos.camara.leg.br/api/v2/eventos/80973;2026-02-11 11:01:59;2026-02-11 12:01:01;Reunião Deliberativa;Discussão e votação de propostas legislativas;Anexo II, Plenário 14
80995;https://dadosabertos.camara.leg.br/api/v2/eventos/80995;2026-02-11 10:32:26;2026-02-11 10:43:01;Reunião Deliberativa;Discussão e votação de propostas legislativas;Anexo II, Plenário 12
80997;https://dadosabertos.camara.leg.br/api/v2/eventos/80997;2026-02-11 10:21:58;2026-02-11 10:42:38;Reunião Deliberativa;Discussão e votação de propostas legislativas;Anexo II, Plenário 16
80853;https://dadosabertos.camara.leg.br/api/v2/eventos/80853;2026-02-11 10:00:00;;Reunião Deliberativa;A - Deliberação do acordo de procedimentos da CDE - 2026;Anexo II, Plenário 05
81014;https://dadosabertos.camara.leg.br/api/v2/eventos/81014;2026-02-11 10:00:00;;Reunião Deliberativa;Discussão e votação de propostas legislativas;Anexo II, Plenário 15
80996;https://dadosabertos.camara.leg.br/api/v2/eventos/80996;2026-02-11 10:00:00;;Reunião;PAUTA SUJEITA A ALTERAÇÕES A) REPRESENTAÇÃO Nº 26/25, EM DESFAVOR DO DEPUTADO MARCOS POLLON: - Oitiva do Deputado Coronel Meira, testemunha de defesa. - Oitiva do Deputado Marcos Pollon.;Anexo II, Plenário 13
80991;https://dadosabertos.camara.leg.br/api/v2/eventos/80991;2026-02-11 10:18:33;2026-02-11 11:00:25;Reunião de Eleição;Reunião para eleição dos vice-presidentes da Comissão.;Anexo II, Plenário 14
81012;https://dadosabertos.camara.leg.br/api/v2/eventos/81012;2026-02-11 09:30:00;;Mesa Redonda;Discussão da pauta e assuntos internos da CDE;
80978;https://dadosabertos.camara.leg.br/api/v2/eventos/80978;2026-02-11 09:31:44;2026-02-11 09:57:13;Reunião de Instalação e Eleição;Instalação da Comissão e Eleição do Presidente e vice-Presidentes;Anexo II, Plenário 09
81016;https://dadosabertos.camara.leg.br/api/v2/eventos/81016;2026-02-11 09:00:00;2026-02-11 10:17:00;Mesa Redonda;Discussão da pauta e outros assuntos atinentes à Comissão;
81020;https://dadosabertos.camara.leg.br/api/v2/eventos/81020;2026-02-10 17:47:00;2026-02-10 18:28:47;Reunião de Instalação e Eleição;Instalação e eleição de presidente;Anexo II, Plenário 14
81011;https://dadosabertos.camara.leg.br/api/v2/eventos/81011;2026-02-10 18:27:00;2026-02-10 22:44:00;Sessão Deliberativa;Sessão Deliberativa Extraordinária Presencial (AM nº 123/2020);Plenário da Câmara dos Deputados
80990;https://dadosabertos.camara.leg.br/api/v2/eventos/80990;2026-02-10 16:07:49;2026-02-10 18:25:05;Reunião Deliberativa;- Acordo de Procedimentos 2026;Anexo II, Plenário 03
80998;https://dadosabertos.camara.leg.br/api/v2/eventos/80998;2026-02-10 14:42:25;2026-02-10 14:49:09;Reunião Deliberativa;Votação do texto do Acordo de Procedimentos para 2026;Anexo II, Plenário 13
80994;https://dadosabertos.camara.leg.br/api/v2/eventos/80994;2026-02-10 14:42:16;2026-02-10 16:33:25;Reunião Deliberativa;Discussão e votação de propostas legislativas;Anexo II, Plenário 06
80820;https://dadosabertos.camara.leg.br/api/v2/eventos/80820;2026-02-10 14:00:00;;Reunião Deliberativa;Discussão e votação do Acordo de Procedimentos de 2026.;Anexo II, Plenário 08
80992;https://dadosabertos.camara.leg.br/api/v2/eventos/80992;2026-02-10 14:38:43;2026-02-10 17:01:00;Reunião Deliberativa;Discussão e votação de propostas legislativas;Anexo II, Plenário 12
81007;https://dadosabertos.camara.leg.br/api/v2/eventos/81007;2026-02-10 12:06:58;2026-02-10 13:23:59;Reunião de Instalação e Eleição;Instalação e Eleição do Presidente e dos Vice-Presidentes da CCJC.;Anexo II, Plenário 01
80911;https://dadosabertos.camara.leg.br/api/v2/eventos/80911;2026-02-10 11:31:00;2026-02-10 13:04:00;Sessão Não Deliberativa Solene;Homenagem aos 46 anos de fundação do Partido dos Trabalhadores - PT;Plenário da Câmara dos Deputados
80958;https://dadosabertos.camara.leg.br/api/v2/eventos/80958;2026-02-10 13:17:05;2026-02-10 17:09:28;Reunião;PAUTA SUJEITA A ALTERAÇÕES A) Oitivas das seguintes testemunhas a serem ouvidas pelo Deputado Marcos Pollon (Rep. 24/25), em respeito ao acordo firmado na reunião realizada em 16/12/25: 1. Deputado Zucco 2. Deputado Delegado Paulo Bilynskyj 3. Deputado Alberto Fraga B) Oitivas dos representados: 1. Deputado Marcos Pollon 2. Deputado Marcel van Hattem 3. Deputado Zé Trovão;Anexo II, Plenário 11
80976;https://dadosabertos.camara.leg.br/api/v2/eventos/80976;2026-02-10 10:32:00;2026-02-24 11:37:00;Reunião Deliberativa;Apreciação da MSC 93/2026;
81000;https://dadosabertos.camara.leg.br/api/v2/eventos/81000;2026-02-10 09:00:00;2026-02-10 12:30:00;Outro Evento;Reunião com os membros da CSAUDE para debater as atividades de 2026;
80934;https://dadosabertos.camara.leg.br/api/v2/eventos/80934;2026-02-10 09:00:00;2026-02-10 12:00:00;Outro Evento;Ato de apresentação do Relatório Final sobre os feminicídios no Rio Grande do Sul Relatora: Dep. Maria do Rosário - PT/RS Coordenadora: Dep. Fernanda Melchionna - PSOL/RS;
81002;https://dadosabertos.camara.leg.br/api/v2/eventos/81002;2026-02-09 18:44:00;2026-02-09 22:50:00;Sessão Deliberativa;Sessão Deliberativa Extraordinária Semipresencial (AM nº 123/2020);Plenário da Câmara dos Deputados
80869;https://dadosabertos.camara.leg.br/api/v2/eventos/80869;2026-02-05 14:00:00;2026-02-05 16:23:00;Reunião Técnica;Procedimentos e prazos para operacionalização de emendas;Anexo II, Plenário 02
80870;https://dadosabertos.camara.leg.br/api/v2/eventos/80870;2026-02-05 10:00:00;2026-02-05 11:24:00;Reunião Técnica;Procedimentos e prazos para operacionalização de emendas;Anexo II, Plenário 02
80985;https://dadosabertos.camara.leg.br/api/v2/eventos/80985;2026-02-04 17:26:46;2026-02-04 18:32:10;Reunião de Instalação e Eleição;Instalação da comissão e eleição de presidente e vice-presidentes;Anexo II, Plenário 12
80989;https://dadosabertos.camara.leg.br/api/v2/eventos/80989;2026-02-04 17:25:44;2026-02-04 18:03:33;Reunião de Instalação e Eleição;Reunião de Instalação e Eleição;Anexo II, Plenário 03
80984;https://dadosabertos.camara.leg.br/api/v2/eventos/80984;2026-02-04 17:05:59;2026-02-04 17:42:23;Reunião de Instalação e Eleição;Reunião de Instalação e Eleição;Anexo II, Plenário 13
80856;https://dadosabertos.camara.leg.br/api/v2/eventos/80856;2026-02-04 16:43:25;2026-02-04 17:15:31;Reunião de Instalação e Eleição;Instalação da Comissão e Eleição do Presidente;Anexo II, Plenário 10
80987;https://dadosabertos.camara.leg.br/api/v2/eventos/80987;2026-02-04 16:39:58;2026-02-04 17:14:29;Reunião de Instalação e Eleição;Eleição de Presidente;Anexo II, Plenário 08
80983;https://dadosabertos.camara.leg.br/api/v2/eventos/80983;2026-02-04 16:28:46;2026-02-04 16:56:46;Reunião de Instalação e Eleição;Reunião de Instalação e Eleição;Anexo II, Plenário 09
80882;https://dadosabertos.camara.leg.br/api/v2/eventos/80882;2026-02-04 14:52:30;2026-02-04 15:09:55;Reunião Deliberativa;PAUTA SUJEITA A ALTERAÇÕES - Representação nº 9/25, em desfavor do Deputado Lindbergh Farias - PT/RJ - Continuação da discussão e votação do Parecer Preliminar do Relator, Deputado Fernando Rodolfo, com Complementação de Voto pelo arquivamento da representação. (Defesa prévia apresentada em 24/9/25) (vista concedida em 8/10/25);Anexo II, Plenário 11
80854;https://dadosabertos.camara.leg.br/api/v2/eventos/80854;2026-02-04 14:31:14;2026-02-04 15:05:54;Reunião de Instalação e Eleição;Instalação da Comissão e Eleição da Presidência;Anexo II, Plenário 16
80977;https://dadosabertos.camara.leg.br/api/v2/eventos/80977;2026-02-04 14:01:59;2026-02-04 14:25:21;Reunião de Instalação e Eleição;Instalação da Comissão de Previdência, Assistência Social, Infância, Adolescência e Família e eleição do Presidente da Comissão.;Anexo II, Plenário 07
80980;https://dadosabertos.camara.leg.br/api/v2/eventos/80980;2026-02-04 13:43:25;2026-02-04 13:47:56;Teste do Painel Eletrônico;TESTE DITEC;
80975;https://dadosabertos.camara.leg.br/api/v2/eventos/80975;2026-02-04 11:10:12;2026-02-04 11:41:01;Reunião de Instalação e Eleição;Instalação e eleição do presidente;Anexo II, Plenário 11
80962;https://dadosabertos.camara.leg.br/api/v2/eventos/80962;2026-02-04 10:35:30;2026-02-04 11:30:04;Reunião de Instalação e Eleição;Para Presidente: Dep. Rodrigo Rollemberg (PSB-DF);Anexo II, Plenário 13
80944;https://dadosabertos.camara.leg.br/api/v2/eventos/80944;2026-02-04 10:30:37;2026-02-04 11:21:30;Reunião de Instalação e Eleição;Instalação e Eleição do Presidente da CTUR;Anexo II, Plenário 05
80964;https://dadosabertos.camara.leg.br/api/v2/eventos/80964;2026-02-04 10:28:28;2026-02-04 10:53:21;Reunião de Instalação e Eleição;Instalação da Comissão e eleição do Presidente;Anexo II, Plenário 15
80967;https://dadosabertos.camara.leg.br/api/v2/eventos/80967;2026-02-04 10:26:13;2026-02-04 11:02:39;Reunião de Instalação e Eleição;Reunião de instalação e eleição;Anexo II, Plenário 03
80966;https://dadosabertos.camara.leg.br/api/v2/eventos/80966;2026-02-04 10:23:32;2026-02-04 11:57:54;Reunião de Instalação e Eleição;Reunião de instalação e eleição;Anexo II, Plenário 06
80965;https://dadosabertos.camara.leg.br/api/v2/eventos/80965;2026-02-04 10:15:30;2026-02-04 11:16:33;Reunião de Instalação e Eleição;Reunião de instalação e eleição - CSAUDE;Anexo II, Plenário 07
80972;https://dadosabertos.camara.leg.br/api/v2/eventos/80972;2026-02-04 10:13:01;2026-02-04 11:10:05;Reunião de Instalação e Eleição;Reunião de Instalação e Eleição;Anexo II, Plenário 04
80946;https://dadosabertos.camara.leg.br/api/v2/eventos/80946;2026-02-03 17:40:28;2026-02-03 18:11:44;Reunião de Instalação e Eleição;Instalação da Comissão e eleição para o cargo de Presidente;Anexo II, Plenário 03
80933;https://dadosabertos.camara.leg.br/api/v2/eventos/80933;2026-02-03 17:13:07;2026-02-03 20:05:46;Reunião de Instalação e Eleição;Instalação dos trabalhos e Eleição do Presidente;Anexo II, Plenário 13
80942;https://dadosabertos.camara.leg.br/api/v2/eventos/80942;2026-02-03 16:55:59;2026-02-03 18:04:15;Reunião de Instalação e Eleição;Instalação da Comissão e Eleição do Presidente;Anexo II, Plenário 14
80950;https://dadosabertos.camara.leg.br/api/v2/eventos/80950;2026-02-03 16:42:43;2026-02-03 18:39:22;Reunião de Instalação e Eleição;Para Presidente: Deputado CLAUDIO CAJADO - Progressistas/BA;Anexo II, Plenário 10
80943;https://dadosabertos.camara.leg.br/api/v2/eventos/80943;2026-02-03 16:37:59;2026-02-03 17:47:48;Reunião de Instalação e Eleição;Instalação dos trabalhos e eleição do Presidente e Vice-Presidentes;Anexo II, Plenário 12
80947;https://dadosabertos.camara.leg.br/api/v2/eventos/80947;2026-02-03 16:28:56;2026-02-03 17:40:13;Reunião de Instalação e Eleição;Reunião de Instalação e Eleição de Presidente e Vice-Presidentes;Anexo II, Plenário 06
80959;https://dadosabertos.camara.leg.br/api/v2/eventos/80959;2026-02-03 16:04:00;2026-02-03 16:16:06;Teste do Painel Eletrônico;Simulação CDC 2;Anexo II, Plenário 08
80957;https://dadosabertos.camara.leg.br/api/v2/eventos/80957;2026-02-03 15:34:00;2026-02-03 15:51:19;Teste do Painel Eletrônico;Simulação cdc;Anexo II, Plenário 08
80955;https://dadosabertos.camara.leg.br/api/v2/eventos/80955;2026-02-04 08:16:12;2026-02-04 08:16:15;Teste do Painel Eletrônico;teste eleição;Anexo II, Plenário 15
80953;https://dadosabertos.camara.leg.br/api/v2/eventos/80953;2026-02-03 14:28:53;2026-02-03 14:40:29;Teste do Painel Eletrônico;Teste Painel Eletrônico CCTI 3;Anexo II, Plenário 13
80903;https://dadosabertos.camara.leg.br/api/v2/eventos/80903;2026-02-03 15:00:59;2026-02-03 15:01:01;Teste do Painel Eletrônico;CME - Teste Eleição;Anexo II, Plenário 14
80954;https://dadosabertos.camara.leg.br/api/v2/eventos/80954;2026-02-03 14:44:00;2026-02-03 15:24:00;Teste do Painel Eletrônico;Teste eleição CDC;Anexo II, Plenário 08
80951;https://dadosabertos.camara.leg.br/api/v2/eventos/80951;2026-02-03 14:10:26;2026-02-03 14:26:28;Teste do Painel Eletrônico;Teste painel eletrônico CCTI;Anexo II, Plenário 13
80952;https://dadosabertos.camara.leg.br/api/v2/eventos/80952;2026-02-03 14:00:00;;Teste do Painel Eletrônico;TESTE COSEV;Anexo II, Plenário 10
80949;https://dadosabertos.camara.leg.br/api/v2/eventos/80949;2026-02-03 13:08:27;2026-02-03 13:54:57;Teste do Painel Eletrônico;Teste do painel eletrônico - CPASF;Anexo II, Plenário 07
80928;https://dadosabertos.camara.leg.br/api/v2/eventos/80928;2026-02-03 13:24:00;2026-02-03 19:38:00;Sessão Deliberativa;Sessão Deliberativa Extraordinária Semipresencial (AM nº 123/2020);Plenário da Câmara dos Deputados
80941;https://dadosabertos.camara.leg.br/api/v2/eventos/80941;2026-02-03 11:56:27;2026-02-03 11:56:32;Teste do Painel Eletrônico;TESTE CVT;Anexo II, Plenário 03
80936;https://dadosabertos.camara.leg.br/api/v2/eventos/80936;2026-02-03 12:14:03;2026-02-03 12:55:39;Teste do Painel Eletrônico;CPASF - Teste do Painel para Eleição 2026;Anexo II, Plenário 07
80938;https://dadosabertos.camara.leg.br/api/v2/eventos/80938;2026-02-03 11:24:08;2026-02-03 11:47:48;Teste do Painel Eletrônico;CVT - Teste de eleição;Anexo II, Plenário 03
80937;https://dadosabertos.camara.leg.br/api/v2/eventos/80937;2026-02-03 11:18:05;2026-02-03 11:30:57;Teste do Painel Eletrônico;Teste do painel eletrônico - CDE;Anexo II, Plenário 05
80898;https://dadosabertos.camara.leg.br/api/v2/eventos/80898;2026-02-03 11:11:17;2026-02-03 11:43:59;Teste do Painel Eletrônico;CAPADR - Teste Eleição;Anexo II, Plenário 06
80929;https://dadosabertos.camara.leg.br/api/v2/eventos/80929;2026-02-03 11:00:00;2026-02-03 11:25:00;Teste do Painel Eletrônico;CE - Teste Eleição;Anexo II, Plenário 10
80880;https://dadosabertos.camara.leg.br/api/v2/eventos/80880;2026-02-03 14:49:11;2026-02-03 15:07:00;Reunião;PAUTA SUJEITA A ALTERAÇÕES A) Oitivas das seguintes testemunhas a serem ouvidas pelo Deputado Marcos Pollon (Rep. 24/25), em respeito ao acordo firmado na reunião realizada em 16/12/25: 1. Deputado Zucco 2. Deputado Delegado Paulo Bilynskyj 3. Deputado Maurício Marcon 4. Deputado Sargento Gonçalves 5. Deputado Alberto Fraga 6. Sra. Carolina Barreto Siebra B) Oitivas dos representados: 1. Deputado Marcos Pollon 2. Deputado Marcel van Hattem 3. Deputado Zé Trovão (CONFIRMADO);Anexo II, Plenário 11
80940;https://dadosabertos.camara.leg.br/api/v2/eventos/80940;2026-02-03 11:42:00;2026-02-03 12:11:12;Teste do Painel Eletrônico;Instalação e eleição - CSAUDE;Anexo II, Plenário 09
80913;https://dadosabertos.camara.leg.br/api/v2/eventos/80913;2026-02-03 10:43:23;2026-02-03 11:28:27;Teste do Painel Eletrônico;CASP - Teste de Eleição;Anexo II, Plenário 08
80935;https://dadosabertos.camara.leg.br/api/v2/eventos/80935;2026-02-03 10:39:00;2026-02-03 11:29:32;Teste do Painel Eletrônico;Teste de eleição - CSAUDE;Anexo II, Plenário 07
80901;https://dadosabertos.camara.leg.br/api/v2/eventos/80901;2026-02-03 10:31:06;2026-02-03 11:07:18;Teste do Painel Eletrônico;CCULT - Teste Instalação-Eleição;Anexo II, Plenário 10
80872;https://dadosabertos.camara.leg.br/api/v2/eventos/80872;2026-02-02 18:26:00;2026-02-02 21:11:00;Sessão Deliberativa;Sessão Deliberativa Extraordinária Semipresencial (AM nº 123/2020);Plenário da Câmara dos Deputados
80926;https://dadosabertos.camara.leg.br/api/v2/eventos/80926;2026-02-02 17:44:13;2026-02-02 18:09:34;Teste do Painel Eletrônico;CINDRE Teste do painel 2;Anexo II, Plenário 15
80924;https://dadosabertos.camara.leg.br/api/v2/eventos/80924;2026-02-02 17:00:00;;Teste do Painel Eletrônico;CREDN - Teste do Painel Eletrônico;Anexo II, Plenário 03
80917;https://dadosabertos.camara.leg.br/api/v2/eventos/80917;2026-02-02 18:00:08;2026-02-02 18:00:12;Teste do Painel Eletrônico;CIDOSO - Teste do Painel Eletrônico;Anexo II, Plenário 12
80879;https://dadosabertos.camara.leg.br/api/v2/eventos/80879;2026-02-02 17:03:38;2026-02-03 11:01:35;Teste do Painel Eletrônico;Teste do painel eltrônico para eleição;Anexo II, Plenário 16
80923;https://dadosabertos.camara.leg.br/api/v2/eventos/80923;2026-02-02 16:30:00;2026-02-02 16:54:16;Teste do Painel Eletrônico;CREDN - Teste do Painel Eletrônico;Anexo II, Plenário 03
80916;https://dadosabertos.camara.leg.br/api/v2/eventos/80916;2026-02-02 16:30:00;;Teste do Painel Eletrônico;Teste de Painel Eletrônico;Anexo II, Plenário 16
80921;https://dadosabertos.camara.leg.br/api/v2/eventos/80921;2026-02-02 16:32:00;2026-02-02 16:51:14;Teste do Painel Eletrônico;CMULHER - Eleição;Anexo II, Plenário 14
80896;https://dadosabertos.camara.leg.br/api/v2/eventos/80896;2026-02-02 17:07:02;2026-02-02 17:34:32;Teste do Painel Eletrônico;Cindre - Teste do Painel Eletrônico;Anexo II, Plenário 15
80919;https://dadosabertos.camara.leg.br/api/v2/eventos/80919;2026-02-02 16:56:00;2026-02-02 17:20:04;Teste do Painel Eletrônico;CPOVOS - Reunião de Instalação e eleição - 02/02;Anexo II, Plenário 12
80909;https://dadosabertos.camara.leg.br/api/v2/eventos/80909;2026-02-02 16:36:06;2026-02-02 16:48:44;Teste do Painel Eletrônico;TESTE DE PAINEL - CDHMIR;Anexo II, Plenário 09
80897;https://dadosabertos.camara.leg.br/api/v2/eventos/80897;2026-02-02 16:12:24;2026-02-02 16:25:48;Teste do Painel Eletrônico;CMULHER;Anexo II, Plenário 14
80887;https://dadosabertos.camara.leg.br/api/v2/eventos/80887;2026-02-02 16:09:09;2026-02-03 14:53:00;Teste do Painel Eletrônico;Teste do Painel Eletrônico - CFT;Anexo II, Plenário 04
80875;https://dadosabertos.camara.leg.br/api/v2/eventos/80875;2026-02-02 17:22:09;2026-02-03 10:21:04;Teste do Painel Eletrônico;CPASF - teste do painel eletrônico;Anexo II, Plenário 07
80878;https://dadosabertos.camara.leg.br/api/v2/eventos/80878;2026-02-02 16:27:20;2026-02-02 16:27:24;Teste do Painel Eletrônico;CREDN - Teste do Painel Eletrônico;Anexo II, Plenário 03
80899;https://dadosabertos.camara.leg.br/api/v2/eventos/80899;2026-02-02 16:01:44;2026-02-03 10:48:13;Teste do Painel Eletrônico;CPD - Teste do Painel Eletrônico;Anexo II, Plenário 13
80866;https://dadosabertos.camara.leg.br/api/v2/eventos/80866;2026-02-02 15:55:00;2026-02-02 17:05:00;Sessão Não Deliberativa Solene;Inauguração da 4ª Sessão Legislativa Ordinária - 57ª Legislatura;Plenário da Câmara dos Deputados
80889;https://dadosabertos.camara.leg.br/api/v2/eventos/80889;2026-02-02 14:58:36;2026-02-02 15:18:19;Teste do Painel Eletrônico;CICS - Teste eleições;Anexo II, Plenário 05
80906;https://dadosabertos.camara.leg.br/api/v2/eventos/80906;2026-02-02 16:02:28;2026-02-02 16:20:12;Teste do Painel Eletrônico;Teste do Painel da CFFC.;Anexo II, Plenário 09
80914;https://dadosabertos.camara.leg.br/api/v2/eventos/80914;2026-02-02 15:22:21;2026-02-02 16:01:36;Teste do Painel Eletrônico;Teste do Painel da CESPO;Anexo II, Plenário 04
80907;https://dadosabertos.camara.leg.br/api/v2/eventos/80907;2026-02-02 14:32:28;2026-02-02 14:57:59;Teste do Painel Eletrônico;Teste do Painel Eletrônico - CSPCCO;Anexo II, Plenário 06
80908;https://dadosabertos.camara.leg.br/api/v2/eventos/80908;2026-02-02 14:01:52;2026-02-02 14:17:38;Teste do Painel Eletrônico;CCOM - TESTE DO PAINEL ELETRONICO;Anexo II, Plenário 11
80902;https://dadosabertos.camara.leg.br/api/v2/eventos/80902;2026-02-02 13:36:20;2026-02-02 13:46:56;Teste do Painel Eletrônico;CCTI - Teste instalação e eleição;Anexo II, Plenário 13
80888;https://dadosabertos.camara.leg.br/api/v2/eventos/80888;2026-02-02 13:11:23;2026-02-02 13:35:48;Teste do Painel Eletrônico;CTUR - Teste do Painel Eletrônico;Anexo II, Plenário 05
80894;https://dadosabertos.camara.leg.br/api/v2/eventos/80894;2026-02-02 12:09:59;2026-02-04 08:59:30;Teste do Painel Eletrônico;CDE - Teste de Paunel Eletrônico;Anexo II, Plenário 05
80890;https://dadosabertos.camara.leg.br/api/v2/eventos/80890;2026-02-02 11:44:10;2026-02-02 12:01:07;Teste do Painel Eletrônico;Teste do Painel Eletrônico - CTRAB;Anexo II, Plenário 12
80892;https://dadosabertos.camara.leg.br/api/v2/eventos/80892;2026-02-02 11:15:51;2026-02-02 11:43:44;Teste do Painel Eletrônico;CMADS - Teste do Painel Eletrônico;Anexo II, Plenário 02
80904;https://dadosabertos.camara.leg.br/api/v2/eventos/80904;2026-02-02 11:14:20;2026-02-02 11:14:33;Teste do Painel Eletrônico;CCJC Teste de Eleição;Anexo II, Plenário 01
80900;https://dadosabertos.camara.leg.br/api/v2/eventos/80900;2026-02-02 10:18:27;2026-02-02 10:37:48;Teste do Painel Eletrônico;Teste eleição CCJC;Anexo II, Plenário 01
80873;https://dadosabertos.camara.leg.br/api/v2/eventos/80873;2026-01-30 15:00:00;2026-01-31 13:44:00;Seminário;A importância da implementação do Orçamento Sensivel a Gênero e Raça como ferramenta de equidade;Auditório Freitas Nobre
80876;https://dadosabertos.camara.leg.br/api/v2/eventos/80876;2026-01-29 13:30:00;;Teste do Painel Eletrônico;Teste de Painel Eletrônico;Anexo II, Plenário 12
