id_evento;id_deputado;nome_deputado;sigla_partido;sigla_uf
74889;74374;;;
74889;74585;;;
74889;74856;;;
74889;123756;;;
74889;153423;;;
74889;160518;;;
74889;178929;;;
74889;204412;;;
74889;204518;;;
74889;204540;;;
74889;213762;;;
74889;220544;;;
74889;220552;;;
74889;220654;;;
80765;74041;;;
80765;74374;;;
80765;74398;;;
80765;74585;;;
80765;160512;;;
80765;160518;;;
80765;160598;;;
80765;178985;;;
80765;178993;;;
80765;204422;;;
80765;204459;;;
80765;204570;;;
80765;218086;;;
80765;220536;;;
80765;220554;;;
80765;220571;;;
80765;220604;;;
80765;220606;;;
80765;220663;;;
80765;220699;;;
80765;221329;;;
80772;133439;;;
80772;138286;;;
80772;160591;;;
80772;160632;;;
80772;175765;;;
80772;178866;;;
80772;178943;;;
80772;180214;;;
80772;204356;;;
80772;204372;;;
80772;204374;;;
80772;204388;;;
80772;204394;;;
80772;204422;;;
80772;204504;;;
80772;204511;;;
80772;204540;;;
80772;220529;;;
80772;220544;;;
80772;220550;;;
80772;220551;;;
80772;220568;;;
80772;220651;;;
80772;220653;;;
80772;220654;;;
80772;220662;;;
80772;220685;;;
80772;230767;;;
80806;81055;;;
80806;204444;;;
80820;133439;;;
80820;160517;;;
80820;160575;;;
80820;178993;;;
80820;204553;;;
80820;220533;;;
80820;220658;;;
80820;226179;;;
80828;74856;;;
80828;98057;;;
80828;141450;;;
80828;141555;;;
80828;160512;;;
80828;160642;;;
80828;178876;;;
80828;178966;;;
80828;204374;;;
80828;204387;;;
80828;204416;;;
80828;204479;;;
80828;204494;;;
80828;204501;;;
80828;204520;;;
80828;220529;;;
80828;220561;;;
80828;220576;;;
80828;220583;;;
80828;220590;;;
80828;220613;;;
80828;220621;;;
80828;220630;;;
80828;220642;;;
80828;220658;;;
80828;220666;;;
80828;220667;;;
80828;220672;;;
80828;222565;;;
80828;226179;;;
80841;73701;;;
80841;74171;;;
80841;74856;;;
80841;104552;;;
80841;160575;;;
80841;160598;;;
80841;160642;;;
80841;178908;;;
80841;178929;;;
80841;198197;;;
80841;204364;;;
80841;204374;;;
80841;204407;;;
80841;204462;;;
80841;204494;;;
80841;204525;;;
80841;204534;;;
80841;204535;;;
80841;206018;;;
80841;213762;;;
80841;218086;;;
80841;220527;;;
80841;220549;;;
80841;220559;;;
80841;220565;;;
80841;220595;;;
80841;220598;;;
80841;220642;;;
80841;220645;;;
80841;220646;;;
80841;220651;;;
80841;220663;;;
80841;220665;;;
80841;220695;;;
80841;220704;;;
80841;220707;;;
80841;221338;;;
80841;226179;;;
80841;229585;;;
80841;231911;;;
80842;74161;;;
80842;74253;;;
80842;123756;;;
80842;160161;;;
80842;204390;;;
80842;214694;;;
80842;220549;;;
80842;220571;;;
80842;220578;;;
80842;220641;;;
80842;220683;;;
80842;230767;;;
80842;235776;;;
80843;73579;;;
80843;73692;;;
80843;74585;;;
80843;141450;;;
80843;178881;;;
80843;191923;;;
80843;204387;;;
80843;204416;;;
80843;204473;;;
80843;204479;;;
80843;204501;;;
80843;204520;;;
80843;204536;;;
80843;204572;;;
80843;220526;;;
80843;220530;;;
80843;220538;;;
80843;220546;;;
80843;220547;;;
80843;220552;;;
80843;220568;;;
80843;220574;;;
80843;220576;;;
80843;220583;;;
80843;220585;;;
80843;220590;;;
80843;220594;;;
80843;220613;;;
80843;220615;;;
80843;220618;;;
80843;220621;;;
80843;220623;;;
80843;220625;;;
80843;220642;;;
80843;220652;;;
80843;220654;;;
80843;220657;;;
80843;220663;;;
80843;220666;;;
80843;220667;;;
80843;220673;;;
80843;220690;;;
80843;220694;;;
80843;222565;;;
80843;226708;;;
80843;227433;;;
80843;230767;;;
80854;74784;;;
80854;92699;;;
80854;121948;;;
80854;141456;;;
80854;178884;;;
80854;178934;;;
80854;178989;;;
80854;179000;;;
80854;204364;;;
80854;204444;;;
80854;204453;;;
80854;209189;;;
80854;220553;;;
80854;220563;;;
80854;220573;;;
80854;220597;;;
80854;220608;;;
80854;220675;;;
80854;220677;;;
80854;226837;;;
80854;230957;;;
80856;73701;;;
80856;74057;;;
80856;74075;;;
80856;74084;;;
80856;74848;;;
80856;138286;;;
80856;160512;;;
80856;160575;;;
80856;160976;;;
80856;178866;;;
80856;178929;;;
80856;178993;;;
80856;204364;;;
80856;204374;;;
80856;204535;;;
80856;220527;;;
80856;220539;;;
80856;220553;;;
80856;220598;;;
80856;220606;;;
80856;220615;;;
80856;220640;;;
80856;220704;;;
80856;231911;;;
80856;234388;;;
80872;62881;;;
80872;66828;;;
80872;69871;;;
80872;72442;;;
80872;73433;;;
80872;73441;;;
80872;73486;;;
80872;73531;;;
80872;73579;;;
80872;73604;;;
80872;73692;;;
80872;73701;;;
80872;73768;;;
80872;73778;;;
80872;73788;;;
80872;73801;;;
80872;73808;;;
80872;74041;;;
80872;74043;;;
80872;74044;;;
80872;74057;;;
80872;74060;;;
80872;74065;;;
80872;74075;;;
80872;74079;;;
80872;74084;;;
80872;74090;;;
80872;74095;;;
80872;74156;;;
80872;74158;;;
80872;74159;;;
80872;74160;;;
80872;74161;;;
80872;74171;;;
80872;74253;;;
80872;74262;;;
80872;74270;;;
80872;74273;;;
80872;74283;;;
80872;74299;;;
80872;74317;;;
80872;74356;;;
80872;74371;;;
80872;74374;;;
80872;74376;;;
80872;74383;;;
80872;74398;;;
80872;74400;;;
80872;74428;;;
80872;74454;;;
80872;74467;;;
80872;74478;;;
80872;74537;;;
80872;74550;;;
80872;74554;;;
80872;74574;;;
80872;74585;;;
80872;74646;;;
80872;74784;;;
80872;74848;;;
80872;74856;;;
80872;74858;;;
80872;77003;;;
80872;80815;;;
80872;81055;;;
80872;88256;;;
80872;91228;;;
80872;92102;;;
80872;92699;;;
80872;92776;;;
80872;98057;;;
80872;98148;;;
80872;98615;;;
80872;104552;;;
80872;107970;;;
80872;109429;;;
80872;121948;;;
80872;122158;;;
80872;122974;;;
80872;123086;;;
80872;123756;;;
80872;129618;;;
80872;133439;;;
80872;133810;;;
80872;136811;;;
80872;137070;;;
80872;138286;;;
80872;139285;;;
80872;141391;;;
80872;141398;;;
80872;141408;;;
80872;141411;;;
80872;141421;;;
80872;141431;;;
80872;141450;;;
80872;141456;;;
80872;141459;;;
80872;141464;;;
80872;141470;;;
80872;141485;;;
80872;141487;;;
80872;141516;;;
80872;141518;;;
80872;141531;;;
80872;141533;;;
80872;141555;;;
80872;143084;;;
80872;143632;;;
80872;143942;;;
80872;153423;;;
80872;156190;;;
80872;157130;;;
80872;160510;;;
80872;160512;;;
80872;160517;;;
80872;160518;;;
80872;160527;;;
80872;160535;;;
80872;160538;;;
80872;160548;;;
80872;160552;;;
80872;160553;;;
80872;160556;;;
80872;160558;;;
80872;160559;;;
80872;160561;;;
80872;160569;;;
80872;160575;;;
80872;160588;;;
80872;160591;;;
80872;160592;;;
80872;160598;;;
80872;160599;;;
80872;160600;;;
80872;160601;;;
80872;160604;;;
80872;160610;;;
80872;160629;;;
80872;160632;;;
80872;160635;;;
80872;160640;;;
80872;160641;;;
80872;160642;;;
80872;160665;;;
80872;160666;;;
80872;160673;;;
80872;160674;;;
80872;160758;;;
80872;160976;;;
80872;161440;;;
80872;161550;;;
80872;162067;;;
80872;162332;;;
80872;163321;;;
80872;165470;;;
80872;166402;;;
80872;171617;;;
80872;171623;;;
80872;171786;;;
80872;175765;;;
80872;178829;;;
80872;178831;;;
80872;178835;;;
80872;178843;;;
80872;178854;;;
80872;178857;;;
80872;178858;;;
80872;178860;;;
80872;178866;;;
80872;178871;;;
80872;178873;;;
80872;178876;;;
80872;178881;;;
80872;178884;;;
80872;178886;;;
80872;178887;;;
80872;178895;;;
80872;178896;;;
80872;178910;;;
80872;178927;;;
80872;178929;;;
80872;178931;;;
80872;178933;;;
80872;178934;;;
80872;178937;;;
80872;178943;;;
80872;178947;;;
80872;178954;;;
80872;178963;;;
80872;178964;;;
80872;178966;;;
80872;178970;;;
80872;178972;;;
80872;178975;;;
80872;178983;;;
80872;178985;;;
80872;178986;;;
80872;178987;;;
80872;178989;;;
80872;178992;;;
80872;178993;;;
80872;178997;;;
80872;179000;;;
80872;179001;;;
80872;180214;;;
80872;188097;;;
80872;191923;;;
80872;198197;;;
80872;198783;;;
80872;204351;;;
80872;204355;;;
80872;204356;;;
80872;204358;;;
80872;204360;;;
80872;204362;;;
80872;204364;;;
80872;204365;;;
80872;204367;;;
80872;204368;;;
80872;204372;;;
80872;204374;;;
80872;204378;;;
80872;204379;;;
80872;204387;;;
80872;204388;;;
80872;204390;;;
80872;204391;;;
80872;204394;;;
80872;204395;;;
80872;204396;;;
80872;204398;;;
80872;204404;;;
80872;204406;;;
80872;204407;;;
80872;204408;;;
80872;204409;;;
80872;204410;;;
80872;204411;;;
80872;204412;;;
80872;204416;;;
80872;204419;;;
80872;204423;;;
80872;204426;;;
80872;204427;;;
80872;204431;;;
80872;204436;;;
80872;204441;;;
80872;204444;;;
80872;204445;;;
80872;204448;;;
80872;204453;;;
80872;204455;;;
80872;204456;;;
80872;204457;;;
80872;204459;;;
80872;204460;;;
80872;204462;;;
80872;204464;;;
80872;204472;;;
80872;204473;;;
80872;204474;;;
80872;204479;;;
80872;204480;;;
80872;204481;;;
80872;204482;;;
80872;204485;;;
80872;204486;;;
80872;204488;;;
80872;204489;;;
80872;204491;;;
80872;204492;;;
80872;204494;;;
80872;204495;;;
80872;204496;;;
80872;204497;;;
80872;204498;;;
80872;204501;;;
80872;204504;;;
80872;204506;;;
80872;204508;;;
80872;204511;;;
80872;204512;;;
80872;204515;;;
80872;204517;;;
80872;204518;;;
80872;204520;;;
80872;204524;;;
80872;204525;;;
80872;204526;;;
80872;204528;;;
80872;204531;;;
80872;204534;;;
80872;204535;;;
80872;204536;;;
80872;204539;;;
80872;204540;;;
80872;204549;;;
80872;204550;;;
80872;204553;;;
80872;204557;;;
80872;204559;;;
80872;204560;;;
80872;204563;;;
80872;204566;;;
80872;204567;;;
80872;204570;;;
80872;204571;;;
80872;204572;;;
80872;204574;;;
80872;205476;;;
80872;205865;;;
80872;209189;;;
80872;209787;;;
80872;210989;;;
80872;213762;;;
80872;214694;;;
80872;215043;;;
80872;218086;;;
80872;220526;;;
80872;220527;;;
80872;220529;;;
80872;220530;;;
80872;220532;;;
80872;220533;;;
80872;220534;;;
80872;220536;;;
80872;220537;;;
80872;220538;;;
80872;220539;;;
80872;220540;;;
80872;220542;;;
80872;220543;;;
80872;220544;;;
80872;220545;;;
80872;220546;;;
80872;220547;;;
80872;220548;;;
80872;220549;;;
80872;220550;;;
80872;220551;;;
80872;220552;;;
80872;220553;;;
80872;220554;;;
80872;220555;;;
80872;220556;;;
80872;220557;;;
80872;220558;;;
80872;220559;;;
80872;220560;;;
80872;220561;;;
80872;220563;;;
80872;220564;;;
80872;220565;;;
80872;220566;;;
80872;220567;;;
80872;220568;;;
80872;220569;;;
80872;220570;;;
80872;220571;;;
80872;220572;;;
80872;220573;;;
80872;220574;;;
80872;220576;;;
80872;220578;;;
80872;220581;;;
80872;220582;;;
80872;220583;;;
80872;220584;;;
80872;220585;;;
80872;220586;;;
80872;220588;;;
80872;220590;;;
80872;220591;;;
80872;220592;;;
80872;220594;;;
80872;220595;;;
80872;220597;;;
80872;220598;;;
80872;220599;;;
80872;220602;;;
80872;220603;;;
80872;220604;;;
80872;220605;;;
80872;220606;;;
80872;220607;;;
80872;220608;;;
80872;220609;;;
80872;220610;;;
80872;220611;;;
80872;220612;;;
80872;220613;;;
80872;220615;;;
80872;220616;;;
80872;220617;;;
80872;220618;;;
80872;220620;;;
80872;220621;;;
80872;220623;;;
80872;220624;;;
80872;220625;;;
80872;220626;;;
80872;220628;;;
80872;220629;;;
80872;220631;;;
80872;220632;;;
80872;220633;;;
80872;220635;;;
80872;220638;;;
80872;220640;;;
80872;220641;;;
80872;220642;;;
80872;220644;;;
80872;220645;;;
80872;220646;;;
80872;220647;;;
80872;220649;;;
80872;220650;;;
80872;220651;;;
80872;220652;;;
80872;220653;;;
80872;220654;;;
80872;220655;;;
80872;220657;;;
80872;220658;;;
80872;220659;;;
80872;220661;;;
80872;220662;;;
80872;220663;;;
80872;220664;;;
80872;220665;;;
80872;220666;;;
80872;220667;;;
80872;220668;;;
80872;220669;;;
80872;220670;;;
80872;220671;;;
80872;220672;;;
80872;220673;;;
80872;220674;;;
80872;220675;;;
80872;220676;;;
80872;220677;;;
80872;220681;;;
80872;220682;;;
80872;220683;;;
80872;220684;;;
80872;220685;;;
80872;220686;;;
80872;220687;;;
80872;220688;;;
80872;220689;;;
80872;220690;;;
80872;220691;;;
80872;220692;;;
80872;220693;;;
80872;220694;;;
80872;220695;;;
80872;220696;;;
80872;220697;;;
80872;220699;;;
80872;220700;;;
80872;220702;;;
80872;220703;;;
80872;220704;;;
80872;220706;;;
80872;220707;;;
80872;220708;;;
80872;220712;;;
80872;220714;;;
80872;220715;;;
80872;221148;;;
80872;221328;;;
80872;221329;;;
80872;221338;;;
80872;222429;;;
80872;223128;;;
80872;224117;;;
80872;224333;;;
80872;225730;;;
80872;226179;;;
80872;226708;;;
80872;226837;;;
80872;227433;;;
80872;227991;;;
80872;229432;;;
80872;229585;;;
80872;230765;;;
80872;230767;;;
80872;230768;;;
80872;230957;;;
80872;231911;;;
80872;233594;;;
80872;234310;;;
80872;234388;;;
80872;234406;;;
80872;234673;;;
80872;234788;;;
80872;234840;;;
80875;73701;;;
80875;156190;;;
80875;178992;;;
80875;204378;;;
80875;220565;;;
80875;220595;;;
80875;220632;;;
80878;73701;;;
80878;74374;;;
80878;156190;;;
80878;204378;;;
80878;204462;;;
80878;220595;;;
80878;220632;;;
80879;73701;;;
80879;204462;;;
80879;220632;;;
80880;74171;;;
80880;74550;;;
80880;156190;;;
80880;178947;;;
80880;178997;;;
80880;204365;;;
80880;204512;;;
80880;204528;;;
80880;220538;;;
80880;220543;;;
80880;220547;;;
80880;220559;;;
80880;220568;;;
80880;220574;;;
80880;220581;;;
80880;220583;;;
80880;220606;;;
80880;220621;;;
80880;220654;;;
80880;220673;;;
80880;220694;;;
80880;220699;;;
80880;220712;;;
80880;230767;;;
80880;234388;;;
80882;74171;;;
80882;74398;;;
80882;160758;;;
80882;204365;;;
80882;204368;;;
80882;204408;;;
80882;204412;;;
80882;204427;;;
80882;204512;;;
80882;220538;;;
80882;220543;;;
80882;220568;;;
80882;220574;;;
80882;220578;;;
80882;220581;;;
80882;220583;;;
80882;220602;;;
80882;220606;;;
80882;220621;;;
80882;220654;;;
80882;220694;;;
80882;220699;;;
80882;224333;;;
80882;230767;;;
80887;73701;;;
80887;74060;;;
80887;74374;;;
80887;178992;;;
80887;204378;;;
80887;204462;;;
80887;220632;;;
80888;73701;;;
80888;74060;;;
80888;204367;;;
80888;204462;;;
80888;220571;;;
80888;220595;;;
80888;220632;;;
80889;73701;;;
80889;74060;;;
80889;74374;;;
80889;156190;;;
80889;178992;;;
80889;204365;;;
80889;204367;;;
80889;204378;;;
80889;204462;;;
80889;220632;;;
80890;73701;;;
80890;156190;;;
80890;204378;;;
80890;204462;;;
80890;220571;;;
80892;73701;;;
80892;74374;;;
80892;156190;;;
80892;178992;;;
80892;204365;;;
80892;204462;;;
80892;220595;;;
80892;220632;;;
80894;73701;;;
80894;74060;;;
80894;204367;;;
80894;204378;;;
80894;220632;;;
80896;156190;;;
80896;178992;;;
80896;220595;;;
80896;220673;;;
80897;73701;;;
80897;204462;;;
80897;220595;;;
80898;73701;;;
80898;74060;;;
80898;74262;;;
80898;74374;;;
80898;156190;;;
80898;178992;;;
80898;204365;;;
80898;204367;;;
80898;204378;;;
80898;204462;;;
80898;220565;;;
80898;220571;;;
80898;220595;;;
80898;220632;;;
80898;220673;;;
80899;73701;;;
80899;74060;;;
80899;204365;;;
80899;204378;;;
80899;204462;;;
80899;220571;;;
80899;220595;;;
80899;220632;;;
80900;73701;;;
80900;74060;;;
80900;178992;;;
80900;204367;;;
80900;204378;;;
80900;204462;;;
80900;220565;;;
80900;220571;;;
80900;220595;;;
80900;220632;;;
80901;204365;;;
80901;204462;;;
80901;220565;;;
80901;220632;;;
80902;73701;;;
80902;74060;;;
80902;204378;;;
80902;220595;;;
80902;220632;;;
80903;73701;;;
80903;74060;;;
80903;74374;;;
80903;204378;;;
80903;204462;;;
80903;220565;;;
80903;220571;;;
80903;220595;;;
80903;220632;;;
80904;73701;;;
80904;74060;;;
80904;74374;;;
80904;204367;;;
80904;204462;;;
80904;220565;;;
80904;220571;;;
80904;220595;;;
80904;220632;;;
80906;73701;;;
80906;156190;;;
80906;204462;;;
80906;220632;;;
80908;73701;;;
80908;204378;;;
80908;204462;;;
80908;220632;;;
80909;73701;;;
80909;74060;;;
80909;178992;;;
80909;204378;;;
80913;73701;;;
80913;74060;;;
80913;74374;;;
80913;156190;;;
80913;178992;;;
80913;204365;;;
80913;204367;;;
80913;204378;;;
80913;204462;;;
80913;220565;;;
80913;220571;;;
80913;220595;;;
80913;220632;;;
80913;220673;;;
80914;73701;;;
80914;74060;;;
80914;74374;;;
80914;204365;;;
80914;204378;;;
80914;204462;;;
80914;220571;;;
80914;220595;;;
80914;220632;;;
80917;73701;;;
80917;204378;;;
80917;204462;;;
80917;220632;;;
80919;73701;;;
80919;204378;;;
80919;204462;;;
80919;220595;;;
80919;220632;;;
80923;73701;;;
80923;74374;;;
80923;156190;;;
80923;204378;;;
80923;204462;;;
80923;220595;;;
80923;220632;;;
80924;73701;;;
80924;74374;;;
80924;156190;;;
80924;204378;;;
80924;204462;;;
80924;220595;;;
80924;220632;;;
80926;74374;;;
80926;204378;;;
80926;204462;;;
80926;220632;;;
80928;62881;;;
80928;66828;;;
80928;69871;;;
80928;72442;;;
80928;73441;;;
80928;73486;;;
80928;73531;;;
80928;73579;;;
80928;73604;;;
80928;73692;;;
80928;73701;;;
80928;73768;;;
80928;73778;;;
80928;73788;;;
80928;73801;;;
80928;73808;;;
80928;74041;;;
80928;74043;;;
80928;74044;;;
80928;74057;;;
80928;74060;;;
80928;74065;;;
80928;74075;;;
80928;74079;;;
80928;74084;;;
80928;74090;;;
80928;74095;;;
80928;74156;;;
80928;74158;;;
80928;74159;;;
80928;74160;;;
80928;74161;;;
80928;74171;;;
80928;74253;;;
80928;74262;;;
80928;74270;;;
80928;74273;;;
80928;74283;;;
80928;74299;;;
80928;74317;;;
80928;74356;;;
80928;74371;;;
80928;74374;;;
80928;74376;;;
80928;74383;;;
80928;74398;;;
80928;74400;;;
80928;74428;;;
80928;74454;;;
80928;74467;;;
80928;74478;;;
80928;74537;;;
80928;74550;;;
80928;74554;;;
80928;74574;;;
80928;74585;;;
80928;74646;;;
80928;74784;;;
80928;74848;;;
80928;74856;;;
80928;74858;;;
80928;77003;;;
80928;80815;;;
80928;81055;;;
80928;88256;;;
80928;91228;;;
80928;92102;;;
80928;92699;;;
80928;92776;;;
80928;98057;;;
80928;98148;;;
80928;98615;;;
80928;104552;;;
80928;107970;;;
80928;109429;;;
80928;121948;;;
80928;122158;;;
80928;122974;;;
80928;123086;;;
80928;123756;;;
80928;129618;;;
80928;133439;;;
80928;133810;;;
80928;136811;;;
80928;137070;;;
80928;138286;;;
80928;139285;;;
80928;141391;;;
80928;141398;;;
80928;141408;;;
80928;141411;;;
80928;141421;;;
80928;141431;;;
80928;141450;;;
80928;141456;;;
80928;141458;;;
80928;141459;;;
80928;141464;;;
80928;141470;;;
80928;141485;;;
80928;141487;;;
80928;141516;;;
80928;141531;;;
80928;141533;;;
80928;141555;;;
80928;143084;;;
80928;143632;;;
80928;143942;;;
80928;153423;;;
80928;156190;;;
80928;157130;;;
80928;160512;;;
80928;160517;;;
80928;160518;;;
80928;160527;;;
80928;160535;;;
80928;160538;;;
80928;160548;;;
80928;160552;;;
80928;160553;;;
80928;160556;;;
80928;160558;;;
80928;160559;;;
80928;160561;;;
80928;160569;;;
80928;160575;;;
80928;160588;;;
80928;160591;;;
80928;160598;;;
80928;160599;;;
80928;160600;;;
80928;160601;;;
80928;160604;;;
80928;160610;;;
80928;160629;;;
80928;160632;;;
80928;160635;;;
80928;160640;;;
80928;160641;;;
80928;160642;;;
80928;160665;;;
80928;160666;;;
80928;160673;;;
80928;160674;;;
80928;160758;;;
80928;160976;;;
80928;161440;;;
80928;161550;;;
80928;162067;;;
80928;162332;;;
80928;163321;;;
80928;165470;;;
80928;166402;;;
80928;171617;;;
80928;171623;;;
80928;171786;;;
80928;175765;;;
80928;178829;;;
80928;178831;;;
80928;178835;;;
80928;178843;;;
80928;178854;;;
80928;178857;;;
80928;178858;;;
80928;178860;;;
80928;178866;;;
80928;178871;;;
80928;178873;;;
80928;178876;;;
80928;178881;;;
80928;178884;;;
80928;178886;;;
80928;178887;;;
80928;178895;;;
80928;178896;;;
80928;178908;;;
80928;178910;;;
80928;178927;;;
80928;178929;;;
80928;178931;;;
80928;178934;;;
80928;178937;;;
80928;178943;;;
80928;178947;;;
80928;178954;;;
80928;178963;;;
80928;178964;;;
80928;178966;;;
80928;178970;;;
80928;178972;;;
80928;178975;;;
80928;178983;;;
80928;178985;;;
80928;178986;;;
80928;178987;;;
80928;178989;;;
80928;178992;;;
80928;178993;;;
80928;178997;;;
80928;179000;;;
80928;179001;;;
80928;180214;;;
80928;188097;;;
80928;191923;;;
80928;198783;;;
80928;204351;;;
80928;204355;;;
80928;204356;;;
80928;204358;;;
80928;204360;;;
80928;204361;;;
80928;204362;;;
80928;204364;;;
80928;204365;;;
80928;204367;;;
80928;204368;;;
80928;204372;;;
80928;204374;;;
80928;204378;;;
80928;204379;;;
80928;204387;;;
80928;204388;;;
80928;204390;;;
80928;204391;;;
80928;204394;;;
80928;204395;;;
80928;204396;;;
80928;204398;;;
80928;204404;;;
80928;204406;;;
80928;204407;;;
80928;204408;;;
80928;204409;;;
80928;204410;;;
80928;204411;;;
80928;204412;;;
80928;204416;;;
80928;204419;;;
80928;204423;;;
80928;204426;;;
80928;204427;;;
80928;204431;;;
80928;204436;;;
80928;204441;;;
80928;204444;;;
80928;204445;;;
80928;204448;;;
80928;204450;;;
80928;204453;;;
80928;204455;;;
80928;204456;;;
80928;204457;;;
80928;204459;;;
80928;204460;;;
80928;204462;;;
80928;204472;;;
80928;204473;;;
80928;204474;;;
80928;204479;;;
80928;204480;;;
80928;204481;;;
80928;204482;;;
80928;204485;;;
80928;204486;;;
80928;204488;;;
80928;204489;;;
80928;204491;;;
80928;204492;;;
80928;204494;;;
80928;204495;;;
80928;204496;;;
80928;204497;;;
80928;204498;;;
80928;204501;;;
80928;204504;;;
80928;204506;;;
80928;204508;;;
80928;204511;;;
80928;204512;;;
80928;204515;;;
80928;204517;;;
80928;204518;;;
80928;204520;;;
80928;204524;;;
80928;204525;;;
80928;204526;;;
80928;204528;;;
80928;204531;;;
80928;204534;;;
80928;204535;;;
80928;204536;;;
80928;204539;;;
80928;204540;;;
80928;204549;;;
80928;204550;;;
80928;204553;;;
80928;204557;;;
80928;204559;;;
80928;204560;;;
80928;204563;;;
80928;204566;;;
80928;204567;;;
80928;204570;;;
80928;204571;;;
80928;204572;;;
80928;204574;;;
80928;205476;;;
80928;205865;;;
80928;209189;;;
80928;209787;;;
80928;210989;;;
80928;213762;;;
80928;214694;;;
80928;215043;;;
80928;218086;;;
80928;220526;;;
80928;220527;;;
80928;220529;;;
80928;220530;;;
80928;220532;;;
80928;220533;;;
80928;220534;;;
80928;220536;;;
80928;220537;;;
80928;220538;;;
80928;220539;;;
80928;220540;;;
80928;220542;;;
80928;220543;;;
80928;220544;;;
80928;220545;;;
80928;220546;;;
80928;220547;;;
80928;220548;;;
80928;220549;;;
80928;220550;;;
80928;220551;;;
80928;220552;;;
80928;220553;;;
80928;220554;;;
80928;220555;;;
80928;220556;;;
80928;220557;;;
80928;220558;;;
80928;220559;;;
80928;220560;;;
80928;220561;;;
80928;220563;;;
80928;220565;;;
80928;220566;;;
80928;220567;;;
80928;220568;;;
80928;220569;;;
80928;220570;;;
80928;220571;;;
80928;220572;;;
80928;220573;;;
80928;220574;;;
80928;220576;;;
80928;220578;;;
80928;220581;;;
80928;220582;;;
80928;220583;;;
80928;220584;;;
80928;220585;;;
80928;220586;;;
80928;220588;;;
80928;220590;;;
80928;220591;;;
80928;220592;;;
80928;220594;;;
80928;220595;;;
80928;220597;;;
80928;220598;;;
80928;220599;;;
80928;220602;;;
80928;220603;;;
80928;220604;;;
80928;220605;;;
80928;220606;;;
80928;220607;;;
80928;220608;;;
80928;220609;;;
80928;220610;;;
80928;220611;;;
80928;220612;;;
80928;220613;;;
80928;220615;;;
80928;220616;;;
80928;220617;;;
80928;220618;;;
80928;220620;;;
80928;220621;;;
80928;220623;;;
80928;220624;;;
80928;220625;;;
80928;220626;;;
80928;220628;;;
80928;220629;;;
80928;220631;;;
80928;220632;;;
80928;220633;;;
80928;220635;;;
80928;220638;;;
80928;220640;;;
80928;220641;;;
80928;220642;;;
80928;220644;;;
80928;220645;;;
80928;220646;;;
80928;220647;;;
80928;220648;;;
80928;220649;;;
80928;220650;;;
80928;220651;;;
80928;220652;;;
80928;220653;;;
80928;220654;;;
80928;220655;;;
80928;220657;;;
80928;220658;;;
80928;220659;;;
80928;220661;;;
80928;220662;;;
80928;220663;;;
80928;220664;;;
80928;220665;;;
80928;220666;;;
80928;220667;;;
80928;220668;;;
80928;220669;;;
80928;220670;;;
80928;220671;;;
80928;220672;;;
80928;220673;;;
80928;220674;;;
80928;220675;;;
80928;220676;;;
80928;220677;;;
80928;220681;;;
80928;220682;;;
80928;220683;;;
80928;220684;;;
80928;220685;;;
80928;220686;;;
80928;220687;;;
80928;220688;;;
80928;220689;;;
80928;220690;;;
80928;220691;;;
80928;220692;;;
80928;220693;;;
80928;220694;;;
80928;220696;;;
80928;220697;;;
80928;220699;;;
80928;220700;;;
80928;220702;;;
80928;220703;;;
80928;220704;;;
80928;220706;;;
80928;220707;;;
80928;220708;;;
80928;220712;;;
80928;220714;;;
80928;220715;;;
80928;221148;;;
80928;221328;;;
80928;221329;;;
80928;221338;;;
80928;222429;;;
80928;223128;;;
80928;224117;;;
80928;224333;;;
80928;225730;;;
80928;226179;;;
80928;226708;;;
80928;226837;;;
80928;227433;;;
80928;227991;;;
80928;229585;;;
80928;230765;;;
80928;230767;;;
80928;230768;;;
80928;230957;;;
80928;231911;;;
80928;233594;;;
80928;234310;;;
80928;234388;;;
80928;234406;;;
80928;234673;;;
80928;234788;;;
80928;234840;;;
80929;73701;;;
80929;74060;;;
80929;74374;;;
80929;178992;;;
80929;204365;;;
80929;204462;;;
80929;220565;;;
80929;220632;;;
80933;73604;;;
80933;73788;;;
80933;74084;;;
80933;74095;;;
80933;74273;;;
80933;74848;;;
80933;123086;;;
80933;133439;;;
80933;141391;;;
80933;141533;;;
80933;160604;;;
80933;178992;;;
80933;204356;;;
80933;204367;;;
80933;204372;;;
80933;204396;;;
80933;204410;;;
80933;204412;;;
80933;204450;;;
80933;204457;;;
80933;204511;;;
80933;220555;;;
80933;220606;;;
80933;220612;;;
80933;220662;;;
80933;220684;;;
80933;221329;;;
80933;221338;;;
80933;226837;;;
80933;234310;;;
80934;74398;;;
80934;204407;;;
80934;220553;;;
80934;220555;;;
80936;73701;;;
80936;204462;;;
80936;220595;;;
80936;220632;;;
80937;73701;;;
80937;74060;;;
80937;204367;;;
80937;204462;;;
80937;220571;;;
80937;220595;;;
80937;220632;;;
80938;73701;;;
80938;204462;;;
80938;220595;;;
80938;220632;;;
80940;73701;;;
80940;74374;;;
80940;178992;;;
80940;204378;;;
80940;204462;;;
80940;220571;;;
80940;220595;;;
80940;220632;;;
80941;73701;;;
80941;204378;;;
80941;204462;;;
80941;220632;;;
80942;62881;;;
80942;74065;;;
80942;74159;;;
80942;74253;;;
80942;74299;;;
80942;109429;;;
80942;141391;;;
80942;141450;;;
80942;141458;;;
80942;141531;;;
80942;160556;;;
80942;160559;;;
80942;178871;;;
80942;178910;;;
80942;198197;;;
80942;204358;;;
80942;204362;;;
80942;204378;;;
80942;204396;;;
80942;204457;;;
80942;204495;;;
80942;204497;;;
80942;204557;;;
80942;220554;;;
80942;220581;;;
80942;220604;;;
80942;220605;;;
80942;220607;;;
80942;220611;;;
80942;220612;;;
80942;220658;;;
80942;221329;;;
80942;230767;;;
80943;74283;;;
80943;80815;;;
80943;133439;;;
80943;141518;;;
80943;160518;;;
80943;160538;;;
80943;160575;;;
80943;160598;;;
80943;175765;;;
80943;178966;;;
80943;204416;;;
80943;204495;;;
80943;204515;;;
80943;220540;;;
80943;220554;;;
80943;220555;;;
80943;220606;;;
80943;220607;;;
80943;220658;;;
80943;220662;;;
80943;220690;;;
80944;74084;;;
80944;74467;;;
80944;107970;;;
80944;133439;;;
80944;138286;;;
80944;178992;;;
80944;178993;;;
80944;179000;;;
80944;204364;;;
80944;204388;;;
80944;204396;;;
80944;204408;;;
80944;204431;;;
80944;204512;;;
80944;213762;;;
80944;214694;;;
80944;220534;;;
80944;220554;;;
80944;220557;;;
80944;220585;;;
80944;220595;;;
80944;220624;;;
80944;220663;;;
80944;220685;;;
80944;220693;;;
80944;234406;;;
80944;234673;;;
80946;73441;;;
80946;73604;;;
80946;73768;;;
80946;73778;;;
80946;74090;;;
80946;74273;;;
80946;74537;;;
80946;74554;;;
80946;74646;;;
80946;156190;;;
80946;160548;;;
80946;160600;;;
80946;171786;;;
80946;178871;;;
80946;191923;;;
80946;204387;;;
80946;204404;;;
80946;204411;;;
80946;204444;;;
80946;204473;;;
80946;204501;;;
80946;204526;;;
80946;213762;;;
80946;220538;;;
80946;220557;;;
80946;220566;;;
80946;220583;;;
80946;220599;;;
80946;220611;;;
80946;220633;;;
80946;220655;;;
80946;220706;;;
80946;221338;;;
80947;73692;;;
80947;73768;;;
80947;74262;;;
80947;123756;;;
80947;178871;;;
80947;178881;;;
80947;204378;;;
80947;204387;;;
80947;204416;;;
80947;204473;;;
80947;204536;;;
80947;213762;;;
80947;220526;;;
80947;220530;;;
80947;220547;;;
80947;220552;;;
80947;220570;;;
80947;220574;;;
80947;220583;;;
80947;220590;;;
80947;220594;;;
80947;220611;;;
80947;220613;;;
80947;220615;;;
80947;220618;;;
80947;220621;;;
80947;220625;;;
80947;220652;;;
80947;220654;;;
80947;220666;;;
80947;220673;;;
80947;220690;;;
80947;220694;;;
80947;225730;;;
80947;226708;;;
80947;230767;;;
80949;73701;;;
80949;204462;;;
80949;220595;;;
80949;220632;;;
80950;74253;;;
80950;74299;;;
80950;74537;;;
80950;141450;;;
80950;141485;;;
80950;141487;;;
80950;160548;;;
80950;160552;;;
80950;191923;;;
80950;204396;;;
80950;204456;;;
80950;204457;;;
80950;204501;;;
80950;204504;;;
80950;204525;;;
80950;204559;;;
80950;220529;;;
80950;220554;;;
80950;220604;;;
80950;220608;;;
80950;220612;;;
80950;220647;;;
80950;220650;;;
80950;220687;;;
80950;220708;;;
80953;73701;;;
80953;74374;;;
80953;156190;;;
80953;178992;;;
80953;204365;;;
80953;204378;;;
80953;204462;;;
80953;220632;;;
80954;73701;;;
80954;74060;;;
80954;74374;;;
80954;156190;;;
80954;178992;;;
80954;204365;;;
80954;204367;;;
80954;204378;;;
80954;204462;;;
80954;220565;;;
80954;220571;;;
80954;220595;;;
80954;220632;;;
80954;220673;;;
80955;73701;;;
80955;204462;;;
80955;220565;;;
80955;220595;;;
80955;220673;;;
80956;73692;;;
80956;73788;;;
80956;74065;;;
80956;74374;;;
80956;80815;;;
80956;136811;;;
80956;141421;;;
80956;160512;;;
80956;160517;;;
80956;160598;;;
80956;160758;;;
80956;161550;;;
80956;175765;;;
80956;178857;;;
80956;178876;;;
80956;178929;;;
80956;178966;;;
80956;178985;;;
80956;191923;;;
80956;204351;;;
80956;204360;;;
80956;204364;;;
80956;204406;;;
80956;204412;;;
80956;204423;;;
80956;204485;;;
80956;204489;;;
80956;204512;;;
80956;204517;;;
80956;204518;;;
80956;204528;;;
80956;204540;;;
80956;210989;;;
80956;213762;;;
80956;218086;;;
80956;220529;;;
80956;220545;;;
80956;220556;;;
80956;220559;;;
80956;220570;;;
80956;220573;;;
80956;220584;;;
80956;220589;;;
80956;220613;;;
80956;220617;;;
80956;220620;;;
80956;220626;;;
80956;220640;;;
80956;220644;;;
80956;220661;;;
80956;220669;;;
80956;220670;;;
80956;220673;;;
80956;220688;;;
80956;220694;;;
80956;220695;;;
80956;220715;;;
80956;221329;;;
80956;225730;;;
80956;226708;;;
80956;227310;;;
80956;227991;;;
80956;230765;;;
80956;234788;;;
80957;73701;;;
80957;74060;;;
80957;74374;;;
80957;156190;;;
80957;178992;;;
80957;204365;;;
80957;204367;;;
80957;204378;;;
80957;204462;;;
80957;220565;;;
80957;220571;;;
80957;220595;;;
80957;220632;;;
80957;220673;;;
80958;66385;;;
80958;73579;;;
80958;74171;;;
80958;74550;;;
80958;156190;;;
80958;160758;;;
80958;178997;;;
80958;204368;;;
80958;204374;;;
80958;204378;;;
80958;204406;;;
80958;204408;;;
80958;204455;;;
80958;204512;;;
80958;220534;;;
80958;220536;;;
80958;220538;;;
80958;220547;;;
80958;220552;;;
80958;220558;;;
80958;220568;;;
80958;220574;;;
80958;220578;;;
80958;220581;;;
80958;220583;;;
80958;220606;;;
80958;220621;;;
80958;220654;;;
80958;220673;;;
80958;220694;;;
80958;220699;;;
80958;220712;;;
80958;230767;;;
80958;234388;;;
80959;73701;;;
80959;74374;;;
80959;156190;;;
80959;204378;;;
80959;204462;;;
80959;220595;;;
80959;220632;;;
80962;74371;;;
80962;74374;;;
80962;81055;;;
80962;138286;;;
80962;141533;;;
80962;160512;;;
80962;160518;;;
80962;160575;;;
80962;160598;;;
80962;178985;;;
80962;178993;;;
80962;204351;;;
80962;204360;;;
80962;204364;;;
80962;204409;;;
80962;204540;;;
80962;220534;;;
80962;220536;;;
80962;220584;;;
80962;220591;;;
80962;220597;;;
80962;220646;;;
80962;220650;;;
80962;220663;;;
80962;220665;;;
80962;220672;;;
80962;220674;;;
80962;220686;;;
80962;220687;;;
80962;220688;;;
80962;220708;;;
80962;220715;;;
80964;74090;;;
80964;74253;;;
80964;104552;;;
80964;109429;;;
80964;138286;;;
80964;141459;;;
80964;160512;;;
80964;160556;;;
80964;160610;;;
80964;178970;;;
80964;178993;;;
80964;178997;;;
80964;204360;;;
80964;204364;;;
80964;204489;;;
80964;204492;;;
80964;204512;;;
80964;220529;;;
80964;220534;;;
80964;220571;;;
80964;220592;;;
80964;220617;;;
80964;220631;;;
80964;220663;;;
80964;220672;;;
80964;220697;;;
80964;220712;;;
80964;220715;;;
80965;73692;;;
80965;74057;;;
80965;74065;;;
80965;74262;;;
80965;74374;;;
80965;74848;;;
80965;80815;;;
80965;88256;;;
80965;136811;;;
80965;141421;;;
80965;160512;;;
80965;160517;;;
80965;160518;;;
80965;160556;;;
80965;160591;;;
80965;160598;;;
80965;160673;;;
80965;161550;;;
80965;178857;;;
80965;178876;;;
80965;178895;;;
80965;178931;;;
80965;178966;;;
80965;178993;;;
80965;191923;;;
80965;204351;;;
80965;204360;;;
80965;204364;;;
80965;204396;;;
80965;204406;;;
80965;204408;;;
80965;204412;;;
80965;204489;;;
80965;204512;;;
80965;204517;;;
80965;204518;;;
80965;204528;;;
80965;204539;;;
80965;204540;;;
80965;204553;;;
80965;210989;;;
80965;213762;;;
80965;218086;;;
80965;220529;;;
80965;220534;;;
80965;220544;;;
80965;220545;;;
80965;220556;;;
80965;220559;;;
80965;220570;;;
80965;220573;;;
80965;220584;;;
80965;220591;;;
80965;220603;;;
80965;220604;;;
80965;220613;;;
80965;220617;;;
80965;220626;;;
80965;220632;;;
80965;220640;;;
80965;220644;;;
80965;220654;;;
80965;220663;;;
80965;220670;;;
80965;220672;;;
80965;220673;;;
80965;220674;;;
80965;220688;;;
80965;220689;;;
80965;220715;;;
80965;221329;;;
80965;223128;;;
80965;226708;;;
80965;227991;;;
80965;234673;;;
80965;234788;;;
80966;73579;;;
80966;73768;;;
80966;74550;;;
80966;74574;;;
80966;107970;;;
80966;121948;;;
80966;136811;;;
80966;137070;;;
80966;138286;;;
80966;141431;;;
80966;141450;;;
80966;141459;;;
80966;160512;;;
80966;160556;;;
80966;160559;;;
80966;160610;;;
80966;160673;;;
80966;160758;;;
80966;161440;;;
80966;161550;;;
80966;162332;;;
80966;178871;;;
80966;178931;;;
80966;178954;;;
80966;178964;;;
80966;178970;;;
80966;178993;;;
80966;204351;;;
80966;204364;;;
80966;204378;;;
80966;204395;;;
80966;204396;;;
80966;204406;;;
80966;204449;;;
80966;204472;;;
80966;204473;;;
80966;204474;;;
80966;204567;;;
80966;205865;;;
80966;215043;;;
80966;220529;;;
80966;220530;;;
80966;220538;;;
80966;220542;;;
80966;220546;;;
80966;220552;;;
80966;220557;;;
80966;220571;;;
80966;220572;;;
80966;220581;;;
80966;220584;;;
80966;220588;;;
80966;220592;;;
80966;220595;;;
80966;220608;;;
80966;220617;;;
80966;220626;;;
80966;220631;;;
80966;220666;;;
80966;220671;;;
80966;220672;;;
80966;220682;;;
80966;220684;;;
80966;220685;;;
80966;220687;;;
80966;220693;;;
80966;220706;;;
80966;220708;;;
80966;221328;;;
80966;223128;;;
80966;224117;;;
80966;224333;;;
80966;227991;;;
80966;229585;;;
80966;230767;;;
80967;98057;;;
80967;123756;;;
80967;141391;;;
80967;178873;;;
80967;178992;;;
80967;178993;;;
80967;204364;;;
80967;204374;;;
80967;204449;;;
80967;220529;;;
80967;220534;;;
80967;220549;;;
80967;220550;;;
80967;220658;;;
80967;220663;;;
80967;220697;;;
80967;220706;;;
80967;230767;;;
80967;230768;;;
80972;74856;;;
80972;77003;;;
80972;92102;;;
80972;133439;;;
80972;136811;;;
80972;138286;;;
80972;141450;;;
80972;160591;;;
80972;160598;;;
80972;178993;;;
80972;204351;;;
80972;204372;;;
80972;204410;;;
80972;204455;;;
80972;220534;;;
80972;220539;;;
80972;220583;;;
80972;220604;;;
80972;220605;;;
80972;220628;;;
80972;220649;;;
80972;220663;;;
80972;220670;;;
80972;220693;;;
80972;226837;;;
80972;227433;;;
80973;62881;;;
80973;74065;;;
80973;74253;;;
80973;74270;;;
80973;74299;;;
80973;98057;;;
80973;109429;;;
80973;121948;;;
80973;141391;;;
80973;141398;;;
80973;141431;;;
80973;141450;;;
80973;141458;;;
80973;141487;;;
80973;160512;;;
80973;160556;;;
80973;160559;;;
80973;160665;;;
80973;178857;;;
80973;178871;;;
80973;178910;;;
80973;178985;;;
80973;198197;;;
80973;204358;;;
80973;204362;;;
80973;204364;;;
80973;204378;;;
80973;204457;;;
80973;204492;;;
80973;204497;;;
80973;204557;;;
80973;204571;;;
80973;220581;;;
80973;220604;;;
80973;220605;;;
80973;220607;;;
80973;220611;;;
80973;220612;;;
80973;220658;;;
80973;220673;;;
80973;220677;;;
80973;220688;;;
80973;220691;;;
80973;220708;;;
80973;221329;;;
80973;230767;;;
80973;233594;;;
80973;235088;;;
80975;74574;;;
80975;133439;;;
80975;138286;;;
80975;141408;;;
80975;141431;;;
80975;160591;;;
80975;178943;;;
80975;178993;;;
80975;180214;;;
80975;191923;;;
80975;204356;;;
80975;204364;;;
80975;204372;;;
80975;204374;;;
80975;204388;;;
80975;204394;;;
80975;204422;;;
80975;204444;;;
80975;204504;;;
80975;204511;;;
80975;204540;;;
80975;220529;;;
80975;220534;;;
80975;220544;;;
80975;220550;;;
80975;220551;;;
80975;220554;;;
80975;220568;;;
80975;220603;;;
80975;220604;;;
80975;220651;;;
80975;220653;;;
80975;220654;;;
80975;220662;;;
80975;220663;;;
80975;220672;;;
80975;220697;;;
80975;223128;;;
80976;73433;;;
80976;73441;;;
80976;73778;;;
80976;73801;;;
80976;74159;;;
80976;107970;;;
80976;160512;;;
80976;160538;;;
80976;160552;;;
80976;160592;;;
80976;160604;;;
80976;160639;;;
80976;160642;;;
80976;171617;;;
80976;178835;;;
80976;178964;;;
80976;198197;;;
80976;204406;;;
80976;204511;;;
80976;220612;;;
80976;220613;;;
80976;220685;;;
80977;73701;;;
80977;74856;;;
80977;160561;;;
80977;160598;;;
80977;160635;;;
80977;160642;;;
80977;180214;;;
80977;204459;;;
80977;204462;;;
80977;204553;;;
80977;220530;;;
80977;220545;;;
80977;220591;;;
80977;220608;;;
80977;220621;;;
80977;220631;;;
80977;220635;;;
80977;220665;;;
80977;220676;;;
80977;220689;;;
80977;220707;;;
80977;223128;;;
80978;69871;;;
80978;74400;;;
80978;98057;;;
80978;128760;;;
80978;141456;;;
80978;160510;;;
80978;160512;;;
80978;178857;;;
80978;178871;;;
80978;178881;;;
80978;178884;;;
80978;204408;;;
80978;204409;;;
80978;204460;;;
80978;204520;;;
80978;220554;;;
80978;220578;;;
80978;220602;;;
80978;220604;;;
80978;220658;;;
80978;220667;;;
80978;220694;;;
80978;224333;;;
80978;230765;;;
80982;74856;;;
80982;138286;;;
80982;160518;;;
80982;160561;;;
80982;160598;;;
80982;180214;;;
80982;204459;;;
80982;204462;;;
80982;204553;;;
80982;215043;;;
80982;220556;;;
80982;220631;;;
80982;220635;;;
80982;220665;;;
80982;220676;;;
80982;220707;;;
80982;226708;;;
80982;227310;;;
80982;231911;;;
80982;235088;;;
80983;73531;;;
80983;74041;;;
80983;74057;;;
80983;74075;;;
80983;74784;;;
80983;138286;;;
80983;160575;;;
80983;178966;;;
80983;180214;;;
80983;204351;;;
80983;204444;;;
80983;204453;;;
80983;204464;;;
80983;220530;;;
80983;220555;;;
80983;220598;;;
80983;220606;;;
80983;220615;;;
80983;220640;;;
80983;220645;;;
80983;220665;;;
80983;234388;;;
80984;74057;;;
80984;91228;;;
80984;133439;;;
80984;138286;;;
80984;141459;;;
80984;160575;;;
80984;178993;;;
80984;204364;;;
80984;204535;;;
80984;204553;;;
80984;210989;;;
80984;220527;;;
80984;220533;;;
80984;220553;;;
80984;220554;;;
80984;220606;;;
80984;220625;;;
80984;220658;;;
80984;220659;;;
80984;220690;;;
80984;221338;;;
80984;226179;;;
80985;74075;;;
80985;74171;;;
80985;104552;;;
80985;138286;;;
80985;160575;;;
80985;178993;;;
80985;204492;;;
80985;204494;;;
80985;204495;;;
80985;220527;;;
80985;220539;;;
80985;220553;;;
80985;220554;;;
80985;220573;;;
80985;220592;;;
80985;220629;;;
80985;220640;;;
80985;220671;;;
80987;73441;;;
80987;74060;;;
80987;88256;;;
80987;138286;;;
80987;141555;;;
80987;143084;;;
80987;160512;;;
80987;160518;;;
80987;160575;;;
80987;171617;;;
80987;178943;;;
80987;178986;;;
80987;178993;;;
80987;204365;;;
80987;204494;;;
80987;204511;;;
80987;205476;;;
80987;220527;;;
80987;220559;;;
80987;220613;;;
80987;220645;;;
80987;220653;;;
80987;220712;;;
80987;226179;;;
80987;234840;;;
80989;74156;;;
80989;74784;;;
80989;138286;;;
80989;160161;;;
80989;160575;;;
80989;160604;;;
80989;178970;;;
80989;178993;;;
80989;204364;;;
80989;204494;;;
80989;204518;;;
80989;204535;;;
80989;204566;;;
80989;209189;;;
80989;220527;;;
80989;220534;;;
80989;220632;;;
80989;220642;;;
80990;66828;;;
80990;73441;;;
80990;73768;;;
80990;74273;;;
80990;74537;;;
80990;74554;;;
80990;141398;;;
80990;156190;;;
80990;160548;;;
80990;160600;;;
80990;160601;;;
80990;160640;;;
80990;160642;;;
80990;162332;;;
80990;178871;;;
80990;178993;;;
80990;204387;;;
80990;204404;;;
80990;204473;;;
80990;204526;;;
80990;205865;;;
80990;213762;;;
80990;220538;;;
80990;220557;;;
80990;220564;;;
80990;220566;;;
80990;220568;;;
80990;220576;;;
80990;220583;;;
80990;220590;;;
80990;220599;;;
80990;220611;;;
80990;220633;;;
80990;220642;;;
80990;220700;;;
80990;220706;;;
80991;62881;;;
80991;74065;;;
80991;74253;;;
80991;74270;;;
80991;74299;;;
80991;98057;;;
80991;109429;;;
80991;121948;;;
80991;141391;;;
80991;141398;;;
80991;141431;;;
80991;141450;;;
80991;141487;;;
80991;160512;;;
80991;160556;;;
80991;160559;;;
80991;160665;;;
80991;178857;;;
80991;178871;;;
80991;178910;;;
80991;178985;;;
80991;198197;;;
80991;204358;;;
80991;204362;;;
80991;204364;;;
80991;204378;;;
80991;204457;;;
80991;204492;;;
80991;204497;;;
80991;204557;;;
80991;204571;;;
80991;220581;;;
80991;220604;;;
80991;220605;;;
80991;220607;;;
80991;220611;;;
80991;220612;;;
80991;220658;;;
80991;220677;;;
80991;220688;;;
80991;220691;;;
80991;220708;;;
80991;221329;;;
80991;230767;;;
80991;233594;;;
80992;74171;;;
80992;157130;;;
80992;160575;;;
80992;178986;;;
80992;204492;;;
80992;204495;;;
80992;206018;;;
80992;220527;;;
80992;220539;;;
80992;220573;;;
80992;220598;;;
80992;220629;;;
80992;220640;;;
80992;220646;;;
80992;221148;;;
80992;226179;;;
80994;73579;;;
80994;73692;;;
80994;74262;;;
80994;77003;;;
80994;123756;;;
80994;157130;;;
80994;160599;;;
80994;178871;;;
80994;178881;;;
80994;178993;;;
80994;204378;;;
80994;204387;;;
80994;204416;;;
80994;204473;;;
80994;204531;;;
80994;204536;;;
80994;220530;;;
80994;220538;;;
80994;220546;;;
80994;220552;;;
80994;220568;;;
80994;220574;;;
80994;220583;;;
80994;220594;;;
80994;220607;;;
80994;220611;;;
80994;220613;;;
80994;220615;;;
80994;220618;;;
80994;220621;;;
80994;220625;;;
80994;220642;;;
80994;220652;;;
80994;220654;;;
80994;220663;;;
80994;220666;;;
80994;220667;;;
80994;220673;;;
80994;220690;;;
80994;220694;;;
80994;226708;;;
80994;230767;;;
80995;74156;;;
80995;133439;;;
80995;160518;;;
80995;160538;;;
80995;160575;;;
80995;160598;;;
80995;160641;;;
80995;178966;;;
80995;204364;;;
80995;204485;;;
80995;204495;;;
80995;220607;;;
80995;220645;;;
80995;220658;;;
80995;220662;;;
80995;220690;;;
80997;74784;;;
80997;121948;;;
80997;141456;;;
80997;178884;;;
80997;179000;;;
80997;204364;;;
80997;204453;;;
80997;204464;;;
80997;209189;;;
80997;220553;;;
80997;220563;;;
80997;220675;;;
80997;220677;;;
80997;226837;;;
80997;230957;;;
80998;74374;;;
80998;141533;;;
80998;160512;;;
80998;160575;;;
80998;178946;;;
80998;204360;;;
80998;204540;;;
80998;220536;;;
80998;220610;;;
80998;220646;;;
80998;220650;;;
80998;220674;;;
80998;220676;;;
80998;220686;;;
81002;62881;;;
81002;66385;;;
81002;66828;;;
81002;69871;;;
81002;72442;;;
81002;73433;;;
81002;73441;;;
81002;73486;;;
81002;73531;;;
81002;73579;;;
81002;73604;;;
81002;73692;;;
81002;73701;;;
81002;73768;;;
81002;73778;;;
81002;73788;;;
81002;73801;;;
81002;73808;;;
81002;74041;;;
81002;74043;;;
81002;74044;;;
81002;74057;;;
81002;74060;;;
81002;74065;;;
81002;74075;;;
81002;74079;;;
81002;74084;;;
81002;74095;;;
81002;74156;;;
81002;74158;;;
81002;74159;;;
81002;74160;;;
81002;74161;;;
81002;74171;;;
81002;74253;;;
81002;74262;;;
81002;74270;;;
81002;74273;;;
81002;74283;;;
81002;74299;;;
81002;74317;;;
81002;74356;;;
81002;74371;;;
81002;74374;;;
81002;74376;;;
81002;74383;;;
81002;74398;;;
81002;74400;;;
81002;74428;;;
81002;74454;;;
81002;74467;;;
81002;74478;;;
81002;74537;;;
81002;74550;;;
81002;74554;;;
81002;74574;;;
81002;74585;;;
81002;74646;;;
81002;74784;;;
81002;74848;;;
81002;74856;;;
81002;74858;;;
81002;77003;;;
81002;80815;;;
81002;81055;;;
81002;88256;;;
81002;91228;;;
81002;92102;;;
81002;92699;;;
81002;92776;;;
81002;98057;;;
81002;98148;;;
81002;98615;;;
81002;104552;;;
81002;107970;;;
81002;109429;;;
81002;121948;;;
81002;122158;;;
81002;122974;;;
81002;123086;;;
81002;123756;;;
81002;128760;;;
81002;129618;;;
81002;133439;;;
81002;133810;;;
81002;136811;;;
81002;137070;;;
81002;138286;;;
81002;139285;;;
81002;141391;;;
81002;141398;;;
81002;141408;;;
81002;141411;;;
81002;141421;;;
81002;141431;;;
81002;141450;;;
81002;141456;;;
81002;141458;;;
81002;141459;;;
81002;141464;;;
81002;141470;;;
81002;141485;;;
81002;141487;;;
81002;141516;;;
81002;141518;;;
81002;141531;;;
81002;141533;;;
81002;141555;;;
81002;143084;;;
81002;143632;;;
81002;143942;;;
81002;150418;;;
81002;153423;;;
81002;156190;;;
81002;157130;;;
81002;160161;;;
81002;160510;;;
81002;160512;;;
81002;160517;;;
81002;160518;;;
81002;160527;;;
81002;160535;;;
81002;160538;;;
81002;160541;;;
81002;160548;;;
81002;160552;;;
81002;160553;;;
81002;160556;;;
81002;160558;;;
81002;160559;;;
81002;160561;;;
81002;160569;;;
81002;160575;;;
81002;160588;;;
81002;160591;;;
81002;160592;;;
81002;160598;;;
81002;160599;;;
81002;160600;;;
81002;160601;;;
81002;160604;;;
81002;160610;;;
81002;160629;;;
81002;160632;;;
81002;160635;;;
81002;160640;;;
81002;160641;;;
81002;160642;;;
81002;160665;;;
81002;160666;;;
81002;160673;;;
81002;160674;;;
81002;160758;;;
81002;160976;;;
81002;161440;;;
81002;161550;;;
81002;162067;;;
81002;162332;;;
81002;165470;;;
81002;166402;;;
81002;171617;;;
81002;171623;;;
81002;171786;;;
81002;175765;;;
81002;178829;;;
81002;178831;;;
81002;178835;;;
81002;178843;;;
81002;178854;;;
81002;178857;;;
81002;178858;;;
81002;178860;;;
81002;178866;;;
81002;178871;;;
81002;178873;;;
81002;178876;;;
81002;178881;;;
81002;178884;;;
81002;178886;;;
81002;178887;;;
81002;178895;;;
81002;178896;;;
81002;178908;;;
81002;178910;;;
81002;178927;;;
81002;178929;;;
81002;178931;;;
81002;178933;;;
81002;178934;;;
81002;178937;;;
81002;178943;;;
81002;178947;;;
81002;178954;;;
81002;178962;;;
81002;178963;;;
81002;178964;;;
81002;178966;;;
81002;178970;;;
81002;178972;;;
81002;178975;;;
81002;178983;;;
81002;178985;;;
81002;178986;;;
81002;178987;;;
81002;178989;;;
81002;178992;;;
81002;178993;;;
81002;178997;;;
81002;179000;;;
81002;179001;;;
81002;180214;;;
81002;188097;;;
81002;191923;;;
81002;198197;;;
81002;198783;;;
81002;204351;;;
81002;204355;;;
81002;204356;;;
81002;204358;;;
81002;204360;;;
81002;204361;;;
81002;204362;;;
81002;204364;;;
81002;204365;;;
81002;204367;;;
81002;204368;;;
81002;204372;;;
81002;204374;;;
81002;204378;;;
81002;204379;;;
81002;204387;;;
81002;204388;;;
81002;204390;;;
81002;204391;;;
81002;204394;;;
81002;204395;;;
81002;204398;;;
81002;204404;;;
81002;204407;;;
81002;204408;;;
81002;204409;;;
81002;204410;;;
81002;204411;;;
81002;204412;;;
81002;204416;;;
81002;204419;;;
81002;204422;;;
81002;204423;;;
81002;204426;;;
81002;204427;;;
81002;204431;;;
81002;204436;;;
81002;204441;;;
81002;204444;;;
81002;204445;;;
81002;204453;;;
81002;204455;;;
81002;204456;;;
81002;204457;;;
81002;204459;;;
81002;204460;;;
81002;204462;;;
81002;204464;;;
81002;204472;;;
81002;204473;;;
81002;204474;;;
81002;204479;;;
81002;204480;;;
81002;204481;;;
81002;204482;;;
81002;204485;;;
81002;204486;;;
81002;204488;;;
81002;204489;;;
81002;204492;;;
81002;204494;;;
81002;204495;;;
81002;204496;;;
81002;204497;;;
81002;204498;;;
81002;204501;;;
81002;204504;;;
81002;204506;;;
81002;204508;;;
81002;204511;;;
81002;204512;;;
81002;204515;;;
81002;204517;;;
81002;204518;;;
81002;204520;;;
81002;204524;;;
81002;204525;;;
81002;204526;;;
81002;204528;;;
81002;204531;;;
81002;204534;;;
81002;204535;;;
81002;204536;;;
81002;204539;;;
81002;204540;;;
81002;204549;;;
81002;204550;;;
81002;204553;;;
81002;204557;;;
81002;204559;;;
81002;204567;;;
81002;204570;;;
81002;204571;;;
81002;204572;;;
81002;204574;;;
81002;205476;;;
81002;205865;;;
81002;206018;;;
81002;209189;;;
81002;209787;;;
81002;210989;;;
81002;213762;;;
81002;214694;;;
81002;215043;;;
81002;218086;;;
81002;220526;;;
81002;220527;;;
81002;220529;;;
81002;220530;;;
81002;220532;;;
81002;220533;;;
81002;220534;;;
81002;220536;;;
81002;220537;;;
81002;220538;;;
81002;220539;;;
81002;220540;;;
81002;220542;;;
81002;220543;;;
81002;220544;;;
81002;220545;;;
81002;220546;;;
81002;220547;;;
81002;220548;;;
81002;220549;;;
81002;220550;;;
81002;220551;;;
81002;220552;;;
81002;220553;;;
81002;220554;;;
81002;220555;;;
81002;220556;;;
81002;220557;;;
81002;220558;;;
81002;220559;;;
81002;220560;;;
81002;220561;;;
81002;220563;;;
81002;220564;;;
81002;220565;;;
81002;220566;;;
81002;220567;;;
81002;220568;;;
81002;220569;;;
81002;220570;;;
81002;220571;;;
81002;220572;;;
81002;220573;;;
81002;220574;;;
81002;220576;;;
81002;220578;;;
81002;220581;;;
81002;220582;;;
81002;220583;;;
81002;220584;;;
81002;220585;;;
81002;220586;;;
81002;220588;;;
81002;220590;;;
81002;220591;;;
81002;220592;;;
81002;220594;;;
81002;220595;;;
81002;220597;;;
81002;220598;;;
81002;220599;;;
81002;220602;;;
81002;220603;;;
81002;220604;;;
81002;220605;;;
81002;220606;;;
81002;220607;;;
81002;220608;;;
81002;220609;;;
81002;220610;;;
81002;220611;;;
81002;220612;;;
81002;220613;;;
81002;220615;;;
81002;220616;;;
81002;220617;;;
81002;220618;;;
81002;220620;;;
81002;220621;;;
81002;220623;;;
81002;220624;;;
81002;220625;;;
81002;220626;;;
81002;220628;;;
81002;220629;;;
81002;220631;;;
81002;220632;;;
81002;220633;;;
81002;220635;;;
81002;220638;;;
81002;220640;;;
81002;220641;;;
81002;220642;;;
81002;220645;;;
81002;220646;;;
81002;220647;;;
81002;220648;;;
81002;220649;;;
81002;220650;;;
81002;220651;;;
81002;220652;;;
81002;220653;;;
81002;220654;;;
81002;220655;;;
81002;220657;;;
81002;220658;;;
81002;220659;;;
81002;220661;;;
81002;220662;;;
81002;220663;;;
81002;220664;;;
81002;220665;;;
81002;220666;;;
81002;220667;;;
81002;220668;;;
81002;220669;;;
81002;220670;;;
81002;220671;;;
81002;220672;;;
81002;220673;;;
81002;220674;;;
81002;220675;;;
81002;220676;;;
81002;220677;;;
81002;220681;;;
81002;220682;;;
81002;220683;;;
81002;220684;;;
81002;220685;;;
81002;220686;;;
81002;220687;;;
81002;220688;;;
81002;220690;;;
81002;220691;;;
81002;220692;;;
81002;220693;;;
81002;220694;;;
81002;220695;;;
81002;220696;;;
81002;220697;;;
81002;220699;;;
81002;220700;;;
81002;220701;;;
81002;220702;;;
81002;220703;;;
81002;220704;;;
81002;220706;;;
81002;220707;;;
81002;220708;;;
81002;220712;;;
81002;220714;;;
81002;220715;;;
81002;221148;;;
81002;221328;;;
81002;221329;;;
81002;221338;;;
81002;222429;;;
81002;223128;;;
81002;224117;;;
81002;224333;;;
81002;225730;;;
81002;226179;;;
81002;226708;;;
81002;226837;;;
81002;227310;;;
81002;227433;;;
81002;227991;;;
81002;229585;;;
81002;230765;;;
81002;230767;;;
81002;230768;;;
81002;230957;;;
81002;231911;;;
81002;233594;;;
81002;234310;;;
81002;234388;;;
81002;234673;;;
81002;234788;;;
81002;234840;;;
81002;235088;;;
81004;74041;;;
81004;74057;;;
81004;74784;;;
81004;160575;;;
81004;160601;;;
81004;160642;;;
81004;178966;;;
81004;178987;;;
81004;178993;;;
81004;180214;;;
81004;204351;;;
81004;204412;;;
81004;204462;;;
81004;206018;;;
81004;220530;;;
81004;220598;;;
81004;220606;;;
81004;220615;;;
81004;220623;;;
81004;220665;;;
81004;220682;;;
81005;74856;;;
81005;77003;;;
81005;92102;;;
81005;136811;;;
81005;141450;;;
81005;160552;;;
81005;178993;;;
81005;204351;;;
81005;204358;;;
81005;204372;;;
81005;204378;;;
81005;204410;;;
81005;204455;;;
81005;220605;;;
81005;220616;;;
81005;220670;;;
81005;220693;;;
81005;226837;;;
81005;227433;;;
81007;62881;;;
81007;66385;;;
81007;69871;;;
81007;74041;;;
81007;74160;;;
81007;74161;;;
81007;74428;;;
81007;74554;;;
81007;74856;;;
81007;91228;;;
81007;92102;;;
81007;141408;;;
81007;141470;;;
81007;141485;;;
81007;141531;;;
81007;143632;;;
81007;157130;;;
81007;160552;;;
81007;160575;;;
81007;160600;;;
81007;160601;;;
81007;178873;;;
81007;178881;;;
81007;178884;;;
81007;178886;;;
81007;178887;;;
81007;178963;;;
81007;178972;;;
81007;178986;;;
81007;178987;;;
81007;204374;;;
81007;204394;;;
81007;204404;;;
81007;204460;;;
81007;204462;;;
81007;204501;;;
81007;204504;;;
81007;204512;;;
81007;204535;;;
81007;204557;;;
81007;204572;;;
81007;205476;;;
81007;209787;;;
81007;220527;;;
81007;220539;;;
81007;220543;;;
81007;220546;;;
81007;220547;;;
81007;220550;;;
81007;220555;;;
81007;220558;;;
81007;220574;;;
81007;220576;;;
81007;220583;;;
81007;220585;;;
81007;220588;;;
81007;220594;;;
81007;220599;;;
81007;220609;;;
81007;220626;;;
81007;220648;;;
81007;220654;;;
81007;220658;;;
81007;225730;;;
81007;226179;;;
81007;235088;;;
81010;81055;;;
81010;220641;;;
81011;62881;;;
81011;66385;;;
81011;66828;;;
81011;69871;;;
81011;72442;;;
81011;73433;;;
81011;73441;;;
81011;73486;;;
81011;73531;;;
81011;73579;;;
81011;73604;;;
81011;73692;;;
81011;73701;;;
81011;73768;;;
81011;73778;;;
81011;73788;;;
81011;73801;;;
81011;74041;;;
81011;74044;;;
81011;74057;;;
81011;74060;;;
81011;74065;;;
81011;74075;;;
81011;74079;;;
81011;74084;;;
81011;74095;;;
81011;74156;;;
81011;74158;;;
81011;74159;;;
81011;74160;;;
81011;74161;;;
81011;74171;;;
81011;74253;;;
81011;74262;;;
81011;74270;;;
81011;74283;;;
81011;74299;;;
81011;74317;;;
81011;74371;;;
81011;74374;;;
81011;74376;;;
81011;74398;;;
81011;74400;;;
81011;74428;;;
81011;74454;;;
81011;74467;;;
81011;74478;;;
81011;74537;;;
81011;74550;;;
81011;74554;;;
81011;74574;;;
81011;74585;;;
81011;74646;;;
81011;74784;;;
81011;74848;;;
81011;74856;;;
81011;74858;;;
81011;77003;;;
81011;81055;;;
81011;88256;;;
81011;91228;;;
81011;92102;;;
81011;92699;;;
81011;92776;;;
81011;98057;;;
81011;98148;;;
81011;98615;;;
81011;104552;;;
81011;107970;;;
81011;109429;;;
81011;121948;;;
81011;122158;;;
81011;122974;;;
81011;123086;;;
81011;123756;;;
81011;128760;;;
81011;129618;;;
81011;133439;;;
81011;133810;;;
81011;136811;;;
81011;137070;;;
81011;138286;;;
81011;139285;;;
81011;141391;;;
81011;141398;;;
81011;141408;;;
81011;141411;;;
81011;141421;;;
81011;141431;;;
81011;141450;;;
81011;141456;;;
81011;141458;;;
81011;141459;;;
81011;141464;;;
81011;141470;;;
81011;141485;;;
81011;141487;;;
81011;141518;;;
81011;141531;;;
81011;141533;;;
81011;141555;;;
81011;143632;;;
81011;143942;;;
81011;156190;;;
81011;157130;;;
81011;160161;;;
81011;160510;;;
81011;160512;;;
81011;160517;;;
81011;160518;;;
81011;160527;;;
81011;160535;;;
81011;160538;;;
81011;160541;;;
81011;160548;;;
81011;160553;;;
81011;160556;;;
81011;160558;;;
81011;160559;;;
81011;160561;;;
81011;160575;;;
81011;160588;;;
81011;160591;;;
81011;160592;;;
81011;160598;;;
81011;160599;;;
81011;160600;;;
81011;160601;;;
81011;160604;;;
81011;160610;;;
81011;160629;;;
81011;160632;;;
81011;160635;;;
81011;160640;;;
81011;160641;;;
81011;160642;;;
81011;160665;;;
81011;160666;;;
81011;160673;;;
81011;160674;;;
81011;160758;;;
81011;160976;;;
81011;161440;;;
81011;161550;;;
81011;162332;;;
81011;171617;;;
81011;171623;;;
81011;171786;;;
81011;175765;;;
81011;178829;;;
81011;178831;;;
81011;178835;;;
81011;178843;;;
81011;178854;;;
81011;178857;;;
81011;178860;;;
81011;178866;;;
81011;178871;;;
81011;178873;;;
81011;178876;;;
81011;178881;;;
81011;178884;;;
81011;178886;;;
81011;178887;;;
81011;178895;;;
81011;178896;;;
81011;178910;;;
81011;178927;;;
81011;178929;;;
81011;178931;;;
81011;178933;;;
81011;178937;;;
81011;178946;;;
81011;178947;;;
81011;178954;;;
81011;178962;;;
81011;178963;;;
81011;178964;;;
81011;178966;;;
81011;178970;;;
81011;178972;;;
81011;178975;;;
81011;178983;;;
81011;178985;;;
81011;178986;;;
81011;178987;;;
81011;178989;;;
81011;178992;;;
81011;178993;;;
81011;178997;;;
81011;179000;;;
81011;179001;;;
81011;180214;;;
81011;188097;;;
81011;191923;;;
81011;198197;;;
81011;198783;;;
81011;204351;;;
81011;204355;;;
81011;204356;;;
81011;204358;;;
81011;204360;;;
81011;204361;;;
81011;204362;;;
81011;204364;;;
81011;204365;;;
81011;204368;;;
81011;204372;;;
81011;204374;;;
81011;204378;;;
81011;204379;;;
81011;204387;;;
81011;204388;;;
81011;204390;;;
81011;204391;;;
81011;204394;;;
81011;204395;;;
81011;204398;;;
81011;204404;;;
81011;204406;;;
81011;204407;;;
81011;204408;;;
81011;204409;;;
81011;204410;;;
81011;204411;;;
81011;204412;;;
81011;204416;;;
81011;204419;;;
81011;204422;;;
81011;204423;;;
81011;204426;;;
81011;204427;;;
81011;204431;;;
81011;204436;;;
81011;204441;;;
81011;204445;;;
81011;204453;;;
81011;204455;;;
81011;204456;;;
81011;204457;;;
81011;204459;;;
81011;204460;;;
81011;204462;;;
81011;204464;;;
81011;204472;;;
81011;204473;;;
81011;204479;;;
81011;204481;;;
81011;204482;;;
81011;204485;;;
81011;204486;;;
81011;204488;;;
81011;204491;;;
81011;204492;;;
81011;204494;;;
81011;204495;;;
81011;204497;;;
81011;204498;;;
81011;204501;;;
81011;204504;;;
81011;204506;;;
81011;204508;;;
81011;204512;;;
81011;204515;;;
81011;204518;;;
81011;204520;;;
81011;204525;;;
81011;204526;;;
81011;204528;;;
81011;204531;;;
81011;204534;;;
81011;204536;;;
81011;204540;;;
81011;204553;;;
81011;204557;;;
81011;204559;;;
81011;204570;;;
81011;204571;;;
81011;204572;;;
81011;204574;;;
81011;205476;;;
81011;205865;;;
81011;206018;;;
81011;209787;;;
81011;210989;;;
81011;213762;;;
81011;214694;;;
81011;218086;;;
81011;220526;;;
81011;220527;;;
81011;220528;;;
81011;220529;;;
81011;220530;;;
81011;220532;;;
81011;220533;;;
81011;220534;;;
81011;220536;;;
81011;220538;;;
81011;220539;;;
81011;220543;;;
81011;220544;;;
81011;220545;;;
81011;220546;;;
81011;220547;;;
81011;220548;;;
81011;220549;;;
81011;220550;;;
81011;220551;;;
81011;220552;;;
81011;220553;;;
81011;220555;;;
81011;220556;;;
81011;220557;;;
81011;220558;;;
81011;220559;;;
81011;220560;;;
81011;220561;;;
81011;220563;;;
81011;220564;;;
81011;220565;;;
81011;220566;;;
81011;220568;;;
81011;220569;;;
81011;220570;;;
81011;220571;;;
81011;220572;;;
81011;220574;;;
81011;220576;;;
81011;220578;;;
81011;220582;;;
81011;220583;;;
81011;220584;;;
81011;220585;;;
81011;220588;;;
81011;220589;;;
81011;220590;;;
81011;220591;;;
81011;220592;;;
81011;220594;;;
81011;220595;;;
81011;220597;;;
81011;220598;;;
81011;220599;;;
81011;220602;;;
81011;220603;;;
81011;220604;;;
81011;220605;;;
81011;220606;;;
81011;220607;;;
81011;220608;;;
81011;220609;;;
81011;220610;;;
81011;220611;;;
81011;220612;;;
81011;220613;;;
81011;220615;;;
81011;220617;;;
81011;220618;;;
81011;220621;;;
81011;220623;;;
81011;220624;;;
81011;220625;;;
81011;220626;;;
81011;220628;;;
81011;220629;;;
81011;220632;;;
81011;220633;;;
81011;220635;;;
81011;220638;;;
81011;220640;;;
81011;220641;;;
81011;220642;;;
81011;220645;;;
81011;220646;;;
81011;220647;;;
81011;220649;;;
81011;220650;;;
81011;220651;;;
81011;220652;;;
81011;220653;;;
81011;220654;;;
81011;220658;;;
81011;220661;;;
81011;220662;;;
81011;220663;;;
81011;220664;;;
81011;220665;;;
81011;220666;;;
81011;220667;;;
81011;220668;;;
81011;220669;;;
81011;220670;;;
81011;220672;;;
81011;220673;;;
81011;220674;;;
81011;220675;;;
81011;220677;;;
81011;220682;;;
81011;220685;;;
81011;220686;;;
81011;220687;;;
81011;220688;;;
81011;220690;;;
81011;220694;;;
81011;220695;;;
81011;220696;;;
81011;220699;;;
81011;220700;;;
81011;220701;;;
81011;220702;;;
81011;220703;;;
81011;220704;;;
81011;220706;;;
81011;220707;;;
81011;220708;;;
81011;220712;;;
81011;220714;;;
81011;220715;;;
81011;221148;;;
81011;221328;;;
81011;221329;;;
81011;221338;;;
81011;222429;;;
81011;223128;;;
81011;224333;;;
81011;225730;;;
81011;226179;;;
81011;226708;;;
81011;226837;;;
81011;227310;;;
81011;227433;;;
81011;227991;;;
81011;229585;;;
81011;230765;;;
81011;230767;;;
81011;230768;;;
81011;230957;;;
81011;231911;;;
81011;233594;;;
81011;234310;;;
81011;234388;;;
81011;234673;;;
81011;234788;;;
81011;235088;;;
81013;73701;;;
81013;74084;;;
81013;74848;;;
81013;141464;;;
81013;157130;;;
81013;160575;;;
81013;160976;;;
81013;178929;;;
81013;178993;;;
81013;204535;;;
81013;206018;;;
81013;220539;;;
81013;220553;;;
81013;220598;;;
81013;220615;;;
81013;220623;;;
81013;220699;;;
81013;220704;;;
81013;221148;;;
81013;231911;;;
81014;73808;;;
81014;104552;;;
81014;141459;;;
81014;160561;;;
81014;178997;;;
81014;204489;;;
81014;204512;;;
81014;220529;;;
81014;220564;;;
81014;220571;;;
81017;220534;;;
81017;220641;;;
81018;72442;;;
81018;73441;;;
81018;74060;;;
81018;88256;;;
81018;141555;;;
81018;150418;;;
81018;160512;;;
81018;160518;;;
81018;162067;;;
81018;178986;;;
81018;178993;;;
81018;204365;;;
81018;204422;;;
81018;204472;;;
81018;204511;;;
81018;205476;;;
81018;220543;;;
81018;220567;;;
81018;220613;;;
81018;220641;;;
81018;220653;;;
81018;220663;;;
81018;226179;;;
81018;234253;;;
81019;74060;;;
81019;74156;;;
81019;74283;;;
81019;80815;;;
81019;133439;;;
81019;157130;;;
81019;160538;;;
81019;160575;;;
81019;160598;;;
81019;160641;;;
81019;175765;;;
81019;178871;;;
81019;178946;;;
81019;178966;;;
81019;204416;;;
81019;204485;;;
81019;204495;;;
81019;204515;;;
81019;220554;;;
81019;220555;;;
81019;220604;;;
81019;220606;;;
81019;220607;;;
81019;220658;;;
81019;220662;;;
81019;220690;;;
81019;220695;;;
81019;221148;;;
81020;74041;;;
81020;74374;;;
81020;74398;;;
81020;74585;;;
81020;138286;;;
81020;160512;;;
81020;160518;;;
81020;160598;;;
81020;160632;;;
81020;178985;;;
81020;204422;;;
81020;204570;;;
81020;218086;;;
81020;220536;;;
81020;220604;;;
81020;220606;;;
81020;220663;;;
81020;220699;;;
81020;221329;;;
81021;74057;;;
81021;91228;;;
81021;133439;;;
81021;160575;;;
81021;204407;;;
81021;204535;;;
81021;204553;;;
81021;210989;;;
81021;220533;;;
81021;220553;;;
81021;220606;;;
81021;220658;;;
81021;220690;;;
81021;221338;;;
81021;222565;;;
81021;226179;;;
81024;62881;;;
81024;66385;;;
81024;66828;;;
81024;69871;;;
81024;72442;;;
81024;73433;;;
81024;73441;;;
81024;73486;;;
81024;73531;;;
81024;73579;;;
81024;73604;;;
81024;73692;;;
81024;73701;;;
81024;73768;;;
81024;73778;;;
81024;73788;;;
81024;73801;;;
81024;73808;;;
81024;74041;;;
81024;74043;;;
81024;74044;;;
81024;74057;;;
81024;74060;;;
81024;74065;;;
81024;74075;;;
81024;74079;;;
81024;74084;;;
81024;74095;;;
81024;74156;;;
81024;74158;;;
81024;74159;;;
81024;74160;;;
81024;74161;;;
81024;74171;;;
81024;74262;;;
81024;74270;;;
81024;74273;;;
81024;74283;;;
81024;74299;;;
81024;74371;;;
81024;74374;;;
81024;74376;;;
81024;74400;;;
81024;74428;;;
81024;74454;;;
81024;74478;;;
81024;74537;;;
81024;74550;;;
81024;74554;;;
81024;74574;;;
81024;74585;;;
81024;74646;;;
81024;74784;;;
81024;74848;;;
81024;74856;;;
81024;74858;;;
81024;77003;;;
81024;80815;;;
81024;81055;;;
81024;88256;;;
81024;91228;;;
81024;92102;;;
81024;92699;;;
81024;98057;;;
81024;98148;;;
81024;98615;;;
81024;104552;;;
81024;107970;;;
81024;109429;;;
81024;121948;;;
81024;122158;;;
81024;122974;;;
81024;123086;;;
81024;123756;;;
81024;129618;;;
81024;133439;;;
81024;133810;;;
81024;136811;;;
81024;137070;;;
81024;138286;;;
81024;141391;;;
81024;141398;;;
81024;141408;;;
81024;141411;;;
81024;141431;;;
81024;141450;;;
81024;141456;;;
81024;141459;;;
81024;141485;;;
81024;141487;;;
81024;141531;;;
81024;141533;;;
81024;141555;;;
81024;143084;;;
81024;143632;;;
81024;143942;;;
81024;150418;;;
81024;153423;;;
81024;156190;;;
81024;160161;;;
81024;160512;;;
81024;160517;;;
81024;160518;;;
81024;160527;;;
81024;160535;;;
81024;160538;;;
81024;160548;;;
81024;160553;;;
81024;160556;;;
81024;160558;;;
81024;160559;;;
81024;160561;;;
81024;160569;;;
81024;160575;;;
81024;160588;;;
81024;160591;;;
81024;160592;;;
81024;160598;;;
81024;160599;;;
81024;160600;;;
81024;160601;;;
81024;160610;;;
81024;160629;;;
81024;160635;;;
81024;160640;;;
81024;160641;;;
81024;160642;;;
81024;160665;;;
81024;160666;;;
81024;160673;;;
81024;160674;;;
81024;160758;;;
81024;160976;;;
81024;161440;;;
81024;161550;;;
81024;162067;;;
81024;162332;;;
81024;165470;;;
81024;166402;;;
81024;171617;;;
81024;171623;;;
81024;175765;;;
81024;178829;;;
81024;178831;;;
81024;178835;;;
81024;178843;;;
81024;178857;;;
81024;178858;;;
81024;178860;;;
81024;178871;;;
81024;178873;;;
81024;178876;;;
81024;178881;;;
81024;178884;;;
81024;178886;;;
81024;178887;;;
81024;178895;;;
81024;178896;;;
81024;178910;;;
81024;178927;;;
81024;178929;;;
81024;178931;;;
81024;178933;;;
81024;178934;;;
81024;178937;;;
81024;178943;;;
81024;178947;;;
81024;178954;;;
81024;178962;;;
81024;178963;;;
81024;178964;;;
81024;178966;;;
81024;178970;;;
81024;178983;;;
81024;178985;;;
81024;178986;;;
81024;178987;;;
81024;178989;;;
81024;178992;;;
81024;178993;;;
81024;178997;;;
81024;179000;;;
81024;179001;;;
81024;180214;;;
81024;188097;;;
81024;191923;;;
81024;204351;;;
81024;204355;;;
81024;204356;;;
81024;204358;;;
81024;204360;;;
81024;204364;;;
81024;204365;;;
81024;204368;;;
81024;204372;;;
81024;204374;;;
81024;204378;;;
81024;204387;;;
81024;204388;;;
81024;204390;;;
81024;204391;;;
81024;204394;;;
81024;204395;;;
81024;204398;;;
81024;204404;;;
81024;204408;;;
81024;204409;;;
81024;204410;;;
81024;204412;;;
81024;204416;;;
81024;204419;;;
81024;204422;;;
81024;204423;;;
81024;204426;;;
81024;204427;;;
81024;204431;;;
81024;204441;;;
81024;204444;;;
81024;204445;;;
81024;204453;;;
81024;204455;;;
81024;204456;;;
81024;204457;;;
81024;204459;;;
81024;204460;;;
81024;204462;;;
81024;204464;;;
81024;204472;;;
81024;204473;;;
81024;204474;;;
81024;204479;;;
81024;204480;;;
81024;204482;;;
81024;204485;;;
81024;204486;;;
81024;204488;;;
81024;204489;;;
81024;204492;;;
81024;204495;;;
81024;204496;;;
81024;204497;;;
81024;204498;;;
81024;204501;;;
81024;204504;;;
81024;204506;;;
81024;204508;;;
81024;204511;;;
81024;204512;;;
81024;204518;;;
81024;204520;;;
81024;204524;;;
81024;204525;;;
81024;204526;;;
81024;204528;;;
81024;204531;;;
81024;204534;;;
81024;204535;;;
81024;204536;;;
81024;204539;;;
81024;204540;;;
81024;204549;;;
81024;204553;;;
81024;204557;;;
81024;204559;;;
81024;204567;;;
81024;204570;;;
81024;204571;;;
81024;204574;;;
81024;205476;;;
81024;205865;;;
81024;206018;;;
81024;209787;;;
81024;210989;;;
81024;213762;;;
81024;214694;;;
81024;218086;;;
81024;220526;;;
81024;220527;;;
81024;220528;;;
81024;220529;;;
81024;220530;;;
81024;220532;;;
81024;220533;;;
81024;220534;;;
81024;220536;;;
81024;220537;;;
81024;220538;;;
81024;220539;;;
81024;220540;;;
81024;220542;;;
81024;220543;;;
81024;220544;;;
81024;220545;;;
81024;220546;;;
81024;220547;;;
81024;220548;;;
81024;220549;;;
81024;220550;;;
81024;220551;;;
81024;220552;;;
81024;220553;;;
81024;220554;;;
81024;220555;;;
81024;220556;;;
81024;220558;;;
81024;220559;;;
81024;220561;;;
81024;220563;;;
81024;220564;;;
81024;220565;;;
81024;220566;;;
81024;220567;;;
81024;220568;;;
81024;220569;;;
81024;220570;;;
81024;220571;;;
81024;220572;;;
81024;220574;;;
81024;220576;;;
81024;220578;;;
81024;220581;;;
81024;220582;;;
81024;220583;;;
81024;220584;;;
81024;220585;;;
81024;220586;;;
81024;220588;;;
81024;220589;;;
81024;220590;;;
81024;220591;;;
81024;220592;;;
81024;220594;;;
81024;220595;;;
81024;220597;;;
81024;220598;;;
81024;220599;;;
81024;220602;;;
81024;220603;;;
81024;220604;;;
81024;220605;;;
81024;220606;;;
81024;220607;;;
81024;220608;;;
81024;220609;;;
81024;220610;;;
81024;220611;;;
81024;220612;;;
81024;220613;;;
81024;220615;;;
81024;220617;;;
81024;220618;;;
81024;220621;;;
81024;220623;;;
81024;220624;;;
81024;220625;;;
81024;220626;;;
81024;220628;;;
81024;220631;;;
81024;220632;;;
81024;220635;;;
81024;220638;;;
81024;220640;;;
81024;220641;;;
81024;220642;;;
81024;220645;;;
81024;220646;;;
81024;220648;;;
81024;220650;;;
81024;220651;;;
81024;220652;;;
81024;220653;;;
81024;220654;;;
81024;220657;;;
81024;220658;;;
81024;220659;;;
81024;220661;;;
81024;220662;;;
81024;220663;;;
81024;220664;;;
81024;220665;;;
81024;220666;;;
81024;220667;;;
81024;220668;;;
81024;220669;;;
81024;220670;;;
81024;220672;;;
81024;220673;;;
81024;220674;;;
81024;220675;;;
81024;220676;;;
81024;220677;;;
81024;220682;;;
81024;220684;;;
81024;220685;;;
81024;220686;;;
81024;220687;;;
81024;220688;;;
81024;220690;;;
81024;220691;;;
81024;220692;;;
81024;220694;;;
81024;220696;;;
81024;220697;;;
81024;220699;;;
81024;220701;;;
81024;220702;;;
81024;220703;;;
81024;220704;;;
81024;220706;;;
81024;220708;;;
81024;220712;;;
81024;220714;;;
81024;220715;;;
81024;221148;;;
81024;221328;;;
81024;221329;;;
81024;221338;;;
81024;222429;;;
81024;222565;;;
81024;223128;;;
81024;224117;;;
81024;225730;;;
81024;226179;;;
81024;226708;;;
81024;226837;;;
81024;227310;;;
81024;227433;;;
81024;227991;;;
81024;229585;;;
81024;230765;;;
81024;230767;;;
81024;230768;;;
81024;230957;;;
81024;231911;;;
81024;233594;;;
81024;234310;;;
81024;234388;;;
81024;234673;;;
81024;234840;;;
81024;235088;;;
81025;74084;;;
81025;74299;;;
81025;141391;;;
81025;141533;;;
81025;160598;;;
81025;178993;;;
81025;220534;;;
81025;220572;;;
81025;220697;;;
81026;74253;;;
81026;74376;;;
81026;74858;;;
81026;98057;;;
81026;123756;;;
81026;160665;;;
81026;178873;;;
81026;178992;;;
81026;204364;;;
81026;204528;;;
81026;204559;;;
81026;220529;;;
81026;220549;;;
81026;220658;;;
81026;220697;;;
81026;230767;;;
81030;104552;;;
81030;109429;;;
81030;141459;;;
81030;160512;;;
81030;160535;;;
81030;178997;;;
81030;204360;;;
81030;204378;;;
81030;204489;;;
81030;204492;;;
81030;220529;;;
81030;220571;;;
81030;220592;;;
81030;220617;;;
81030;220697;;;
81030;220715;;;
81032;74374;;;
81032;74585;;;
81032;141533;;;
81032;160518;;;
81032;160575;;;
81032;160598;;;
81032;178985;;;
81032;204360;;;
81032;204364;;;
81032;204540;;;
81032;220554;;;
81032;220584;;;
81032;220597;;;
81032;220650;;;
81032;220674;;;
81032;220676;;;
81032;220686;;;
81032;220688;;;
81032;222565;;;
81034;204364;;;
81034;204453;;;
81034;220553;;;
81034;220677;;;
81034;220715;;;
81034;230957;;;
81035;62881;;;
81035;74065;;;
81035;74253;;;
81035;74299;;;
81035;74376;;;
81035;74574;;;
81035;98057;;;
81035;141391;;;
81035;141450;;;
81035;141531;;;
81035;150418;;;
81035;160512;;;
81035;160559;;;
81035;160588;;;
81035;160665;;;
81035;160758;;;
81035;178871;;;
81035;178910;;;
81035;178985;;;
81035;198197;;;
81035;204358;;;
81035;204378;;;
81035;204457;;;
81035;204492;;;
81035;204495;;;
81035;204497;;;
81035;204557;;;
81035;220537;;;
81035;220539;;;
81035;220581;;;
81035;220607;;;
81035;220611;;;
81035;220612;;;
81035;220658;;;
81035;220677;;;
81035;220708;;;
81035;221329;;;
81035;224117;;;
81035;230767;;;
81036;74374;;;
81036;74585;;;
81036;141533;;;
81036;160518;;;
81036;160575;;;
81036;160598;;;
81036;178985;;;
81036;204360;;;
81036;204364;;;
81036;204540;;;
81036;220554;;;
81036;220584;;;
81036;220597;;;
81036;220641;;;
81036;220650;;;
81036;220674;;;
81036;220676;;;
81036;220686;;;
81036;220688;;;
81036;220708;;;
81036;222565;;;
81036;234388;;;
81036;235088;;;
81037;73701;;;
81037;74856;;;
81037;160561;;;
81037;160598;;;
81037;160642;;;
81037;178993;;;
81037;180214;;;
81037;204360;;;
81037;204364;;;
81037;204412;;;
81037;204459;;;
81037;204462;;;
81037;214694;;;
81037;220530;;;
81037;220545;;;
81037;220556;;;
81037;220608;;;
81037;220621;;;
81037;220635;;;
81037;220654;;;
81037;220665;;;
81037;220676;;;
81037;220695;;;
81037;220699;;;
81037;220707;;;
81037;226708;;;
81037;227310;;;
81037;231911;;;
81038;141431;;;
81038;150418;;;
81038;160518;;;
81038;160629;;;
81038;160665;;;
81038;162067;;;
81038;178910;;;
81038;178987;;;
81038;204407;;;
81038;204464;;;
81038;220574;;;
81038;220667;;;
81038;222565;;;
81040;133439;;;
81040;141408;;;
81040;175765;;;
81040;178943;;;
81040;178987;;;
81040;178993;;;
81040;180214;;;
81040;191923;;;
81040;204356;;;
81040;204394;;;
81040;204504;;;
81040;204511;;;
81040;204540;;;
81040;220529;;;
81040;220544;;;
81040;220554;;;
81040;220568;;;
81040;220603;;;
81040;220604;;;
81040;220651;;;
81040;220653;;;
81040;220654;;;
81040;220662;;;
81040;220685;;;
81040;220697;;;
81040;230767;;;
81043;160575;;;
81043;160641;;;
81043;220607;;;
81045;62881;;;
81045;66385;;;
81045;66828;;;
81045;69871;;;
81045;72442;;;
81045;73768;;;
81045;73801;;;
81045;74041;;;
81045;74160;;;
81045;74161;;;
81045;74398;;;
81045;74428;;;
81045;74554;;;
81045;74856;;;
81045;91228;;;
81045;92102;;;
81045;98057;;;
81045;139285;;;
81045;141470;;;
81045;141485;;;
81045;141531;;;
81045;143632;;;
81045;153423;;;
81045;157130;;;
81045;160575;;;
81045;160600;;;
81045;160601;;;
81045;160666;;;
81045;162067;;;
81045;178835;;;
81045;178860;;;
81045;178873;;;
81045;178881;;;
81045;178887;;;
81045;178929;;;
81045;178946;;;
81045;178963;;;
81045;178972;;;
81045;178986;;;
81045;178987;;;
81045;191923;;;
81045;204364;;;
81045;204372;;;
81045;204374;;;
81045;204394;;;
81045;204398;;;
81045;204404;;;
81045;204460;;;
81045;204462;;;
81045;204472;;;
81045;204474;;;
81045;204485;;;
81045;204498;;;
81045;204501;;;
81045;204504;;;
81045;204512;;;
81045;204535;;;
81045;204557;;;
81045;204572;;;
81045;209787;;;
81045;220529;;;
81045;220539;;;
81045;220543;;;
81045;220546;;;
81045;220547;;;
81045;220550;;;
81045;220555;;;
81045;220558;;;
81045;220559;;;
81045;220574;;;
81045;220576;;;
81045;220583;;;
81045;220585;;;
81045;220588;;;
81045;220594;;;
81045;220595;;;
81045;220599;;;
81045;220618;;;
81045;220626;;;
81045;220645;;;
81045;220648;;;
81045;220654;;;
81045;220658;;;
81045;220684;;;
81045;221328;;;
81045;221338;;;
81045;222565;;;
81045;226179;;;
81045;235088;;;
81046;220598;;;
81048;73701;;;
81048;74057;;;
81048;74065;;;
81048;74398;;;
81048;74784;;;
81048;74848;;;
81048;74856;;;
81048;107970;;;
81048;123756;;;
81048;160598;;;
81048;178946;;;
81048;178966;;;
81048;198197;;;
81048;204374;;;
81048;204407;;;
81048;204459;;;
81048;204462;;;
81048;204464;;;
81048;204525;;;
81048;204528;;;
81048;204535;;;
81048;206018;;;
81048;213762;;;
81048;218086;;;
81048;220527;;;
81048;220549;;;
81048;220551;;;
81048;220553;;;
81048;220555;;;
81048;220556;;;
81048;220557;;;
81048;220559;;;
81048;220569;;;
81048;220591;;;
81048;220595;;;
81048;220603;;;
81048;220620;;;
81048;220629;;;
81048;220632;;;
81048;220644;;;
81048;220645;;;
81048;220651;;;
81048;220665;;;
81048;220668;;;
81048;220670;;;
81048;220674;;;
81048;220676;;;
81048;220693;;;
81048;220695;;;
81048;220696;;;
81048;220707;;;
81048;221338;;;
81048;226179;;;
81048;229585;;;
81048;230765;;;
81048;231911;;;
81048;234788;;;
81050;73579;;;
81050;123756;;;
81050;191923;;;
81050;204473;;;
81050;220590;;;
81050;220613;;;
81050;220618;;;
81050;220625;;;
81050;220654;;;
81050;220666;;;
81050;220673;;;
81050;220690;;;
81050;234788;;;
81051;66385;;;
81051;74171;;;
81051;74398;;;
81051;160758;;;
81051;178993;;;
81051;204368;;;
81051;204512;;;
81051;220538;;;
81051;220543;;;
81051;220547;;;
81051;220568;;;
81051;220574;;;
81051;220581;;;
81051;220606;;;
81051;220623;;;
81051;220654;;;
81051;220666;;;
81051;220694;;;
81051;220699;;;
81051;220712;;;
81051;230767;;;
81053;73768;;;
81053;74317;;;
81053;74550;;;
81053;107970;;;
81053;136811;;;
81053;141450;;;
81053;143632;;;
81053;160512;;;
81053;160535;;;
81053;160556;;;
81053;160559;;;
81053;160610;;;
81053;160632;;;
81053;160758;;;
81053;161440;;;
81053;161550;;;
81053;162332;;;
81053;178871;;;
81053;178931;;;
81053;178954;;;
81053;178964;;;
81053;178970;;;
81053;178993;;;
81053;204351;;;
81053;204364;;;
81053;204378;;;
81053;204395;;;
81053;204406;;;
81053;204472;;;
81053;204473;;;
81053;204559;;;
81053;204567;;;
81053;220529;;;
81053;220530;;;
81053;220538;;;
81053;220542;;;
81053;220546;;;
81053;220552;;;
81053;220557;;;
81053;220571;;;
81053;220572;;;
81053;220581;;;
81053;220595;;;
81053;220608;;;
81053;220610;;;
81053;220617;;;
81053;220626;;;
81053;220630;;;
81053;220631;;;
81053;220663;;;
81053;220666;;;
81053;220672;;;
81053;220684;;;
81053;220685;;;
81053;220687;;;
81053;220702;;;
81053;220706;;;
81053;220708;;;
81053;221328;;;
81053;224117;;;
81053;224333;;;
81053;227991;;;
81053;229585;;;
81053;230767;;;
81054;74398;;;
81054;160552;;;
81054;204407;;;
81054;220549;;;
81054;220551;;;
81054;220553;;;
81054;220555;;;
81055;74374;;;
81055;74856;;;
81055;160518;;;
81055;178929;;;
81055;178987;;;
81055;204540;;;
81055;210989;;;
81055;213762;;;
81055;220553;;;
81055;220571;;;
81055;220641;;;
81055;220707;;;
81055;226179;;;
81057;62881;;;
81057;66385;;;
81057;66828;;;
81057;69871;;;
81057;73768;;;
81057;74041;;;
81057;74160;;;
81057;74428;;;
81057;74554;;;
81057;74574;;;
81057;91228;;;
81057;92102;;;
81057;98057;;;
81057;123756;;;
81057;139285;;;
81057;141531;;;
81057;143632;;;
81057;157130;;;
81057;160600;;;
81057;160601;;;
81057;160642;;;
81057;160758;;;
81057;162067;;;
81057;178860;;;
81057;178871;;;
81057;178873;;;
81057;178884;;;
81057;178946;;;
81057;178972;;;
81057;204364;;;
81057;204394;;;
81057;204395;;;
81057;204404;;;
81057;204460;;;
81057;204462;;;
81057;204472;;;
81057;204485;;;
81057;204498;;;
81057;204501;;;
81057;204504;;;
81057;204512;;;
81057;204534;;;
81057;204557;;;
81057;204572;;;
81057;205476;;;
81057;209787;;;
81057;220529;;;
81057;220539;;;
81057;220543;;;
81057;220546;;;
81057;220555;;;
81057;220556;;;
81057;220558;;;
81057;220588;;;
81057;220599;;;
81057;220626;;;
81057;220654;;;
81057;220658;;;
81057;220684;;;
81057;221338;;;
81057;225730;;;
81057;226179;;;
81057;235088;;;
81058;74171;;;
81058;104552;;;
81058;160575;;;
81058;204495;;;
81058;206018;;;
81058;220592;;;
81058;220598;;;
81058;220629;;;
81058;220640;;;
81058;220671;;;
81058;221148;;;
81058;226179;;;
81059;74253;;;
81059;74299;;;
81059;74371;;;
81059;74537;;;
81059;136811;;;
81059;141450;;;
81059;141485;;;
81059;141487;;;
81059;160548;;;
81059;160552;;;
81059;160588;;;
81059;162067;;;
81059;178985;;;
81059;204456;;;
81059;204457;;;
81059;204491;;;
81059;204492;;;
81059;204501;;;
81059;204504;;;
81059;204525;;;
81059;220529;;;
81059;220537;;;
81059;220543;;;
81059;220553;;;
81059;220558;;;
81059;220566;;;
81059;220612;;;
81059;220647;;;
81059;220650;;;
81059;220654;;;
81059;220702;;;
81059;220708;;;
81061;220549;;;
81061;220697;;;
81062;66828;;;
81062;73433;;;
81062;73604;;;
81062;73768;;;
81062;74273;;;
81062;74537;;;
81062;74554;;;
81062;74646;;;
81062;150418;;;
81062;156190;;;
81062;160548;;;
81062;160600;;;
81062;160601;;;
81062;160640;;;
81062;160642;;;
81062;165470;;;
81062;178871;;;
81062;178876;;;
81062;204364;;;
81062;204387;;;
81062;204404;;;
81062;204411;;;
81062;204473;;;
81062;204526;;;
81062;204535;;;
81062;213762;;;
81062;220537;;;
81062;220538;;;
81062;220566;;;
81062;220568;;;
81062;220599;;;
81062;220611;;;
81062;220633;;;
81062;220642;;;
81062;220655;;;
81062;220706;;;
81062;221338;;;
81064;69871;;;
81064;74084;;;
81064;107970;;;
81064;141464;;;
81064;178993;;;
81064;204351;;;
81064;204512;;;
81064;213762;;;
81064;214694;;;
81064;220557;;;
81064;220585;;;
81064;220685;;;
81064;220693;;;
81064;234673;;;
81066;98057;;;
81066;160548;;;
81066;178857;;;
81066;178871;;;
81066;204528;;;
81066;220554;;;
81066;220578;;;
81066;220599;;;
81066;220638;;;
81066;220658;;;
81066;220694;;;
81066;227991;;;
81068;66828;;;
81068;73604;;;
81068;73788;;;
81068;74084;;;
81068;74273;;;
81068;123086;;;
81068;133439;;;
81068;141391;;;
81068;141533;;;
81068;150418;;;
81068;160640;;;
81068;178992;;;
81068;204356;;;
81068;204372;;;
81068;204412;;;
81068;204511;;;
81068;204540;;;
81068;220555;;;
81068;220567;;;
81068;220606;;;
81068;220612;;;
81068;220662;;;
81068;220715;;;
81068;221329;;;
81068;221338;;;
81068;234310;;;
81071;62881;;;
81071;74065;;;
81071;74253;;;
81071;74299;;;
81071;98057;;;
81071;121948;;;
81071;141450;;;
81071;141458;;;
81071;141487;;;
81071;141531;;;
81071;150418;;;
81071;160512;;;
81071;160556;;;
81071;160559;;;
81071;160588;;;
81071;178910;;;
81071;178985;;;
81071;198197;;;
81071;204362;;;
81071;204378;;;
81071;204457;;;
81071;204495;;;
81071;204520;;;
81071;204557;;;
81071;220534;;;
81071;220537;;;
81071;220581;;;
81071;220605;;;
81071;220607;;;
81071;220611;;;
81071;220612;;;
81071;220658;;;
81071;220663;;;
81071;220673;;;
81071;220677;;;
81071;220688;;;
81071;220691;;;
81071;220708;;;
81071;221329;;;
81071;234253;;;
81073;74585;;;
81073;161550;;;
81073;162332;;;
81073;204364;;;
81073;220546;;;
81073;220571;;;
81073;230767;;;
81075;62881;;;
81075;66385;;;
81075;66828;;;
81075;69871;;;
81075;72442;;;
81075;73433;;;
81075;73441;;;
81075;73486;;;
81075;73531;;;
81075;73579;;;
81075;73604;;;
81075;73692;;;
81075;73701;;;
81075;73768;;;
81075;73778;;;
81075;73788;;;
81075;73801;;;
81075;73808;;;
81075;74041;;;
81075;74044;;;
81075;74057;;;
81075;74060;;;
81075;74065;;;
81075;74079;;;
81075;74084;;;
81075;74090;;;
81075;74095;;;
81075;74156;;;
81075;74158;;;
81075;74159;;;
81075;74160;;;
81075;74161;;;
81075;74171;;;
81075;74253;;;
81075;74262;;;
81075;74270;;;
81075;74273;;;
81075;74283;;;
81075;74299;;;
81075;74317;;;
81075;74356;;;
81075;74371;;;
81075;74374;;;
81075;74376;;;
81075;74383;;;
81075;74398;;;
81075;74400;;;
81075;74428;;;
81075;74454;;;
81075;74467;;;
81075;74478;;;
81075;74537;;;
81075;74550;;;
81075;74554;;;
81075;74574;;;
81075;74585;;;
81075;74646;;;
81075;74784;;;
81075;74848;;;
81075;74856;;;
81075;74858;;;
81075;77003;;;
81075;80815;;;
81075;81055;;;
81075;88256;;;
81075;91228;;;
81075;92102;;;
81075;92699;;;
81075;98057;;;
81075;98148;;;
81075;98615;;;
81075;104552;;;
81075;107970;;;
81075;109429;;;
81075;121948;;;
81075;122158;;;
81075;122974;;;
81075;123086;;;
81075;123756;;;
81075;128760;;;
81075;129618;;;
81075;133439;;;
81075;133810;;;
81075;136811;;;
81075;137070;;;
81075;138286;;;
81075;139285;;;
81075;141391;;;
81075;141398;;;
81075;141408;;;
81075;141411;;;
81075;141421;;;
81075;141431;;;
81075;141450;;;
81075;141456;;;
81075;141458;;;
81075;141459;;;
81075;141464;;;
81075;141470;;;
81075;141485;;;
81075;141487;;;
81075;141516;;;
81075;141518;;;
81075;141531;;;
81075;141533;;;
81075;143084;;;
81075;143632;;;
81075;143942;;;
81075;150418;;;
81075;153423;;;
81075;156190;;;
81075;157130;;;
81075;160510;;;
81075;160512;;;
81075;160517;;;
81075;160518;;;
81075;160527;;;
81075;160535;;;
81075;160538;;;
81075;160548;;;
81075;160552;;;
81075;160553;;;
81075;160556;;;
81075;160558;;;
81075;160559;;;
81075;160561;;;
81075;160569;;;
81075;160575;;;
81075;160588;;;
81075;160591;;;
81075;160592;;;
81075;160599;;;
81075;160600;;;
81075;160601;;;
81075;160604;;;
81075;160610;;;
81075;160629;;;
81075;160632;;;
81075;160640;;;
81075;160641;;;
81075;160642;;;
81075;160665;;;
81075;160666;;;
81075;160673;;;
81075;160674;;;
81075;160758;;;
81075;160976;;;
81075;161440;;;
81075;161550;;;
81075;162067;;;
81075;162332;;;
81075;165470;;;
81075;166402;;;
81075;171617;;;
81075;171623;;;
81075;171786;;;
81075;175765;;;
81075;178829;;;
81075;178831;;;
81075;178835;;;
81075;178843;;;
81075;178854;;;
81075;178858;;;
81075;178860;;;
81075;178866;;;
81075;178873;;;
81075;178876;;;
81075;178881;;;
81075;178884;;;
81075;178886;;;
81075;178887;;;
81075;178895;;;
81075;178896;;;
81075;178908;;;
81075;178910;;;
81075;178927;;;
81075;178929;;;
81075;178931;;;
81075;178933;;;
81075;178934;;;
81075;178937;;;
81075;178943;;;
81075;178946;;;
81075;178947;;;
81075;178954;;;
81075;178962;;;
81075;178963;;;
81075;178964;;;
81075;178966;;;
81075;178970;;;
81075;178972;;;
81075;178975;;;
81075;178983;;;
81075;178985;;;
81075;178986;;;
81075;178987;;;
81075;178992;;;
81075;178993;;;
81075;178997;;;
81075;179000;;;
81075;179001;;;
81075;180214;;;
81075;188097;;;
81075;191923;;;
81075;198197;;;
81075;198783;;;
81075;204351;;;
81075;204355;;;
81075;204356;;;
81075;204358;;;
81075;204360;;;
81075;204361;;;
81075;204362;;;
81075;204364;;;
81075;204365;;;
81075;204367;;;
81075;204368;;;
81075;204372;;;
81075;204374;;;
81075;204378;;;
81075;204379;;;
81075;204387;;;
81075;204388;;;
81075;204390;;;
81075;204391;;;
81075;204394;;;
81075;204395;;;
81075;204396;;;
81075;204398;;;
81075;204404;;;
81075;204406;;;
81075;204407;;;
81075;204408;;;
81075;204409;;;
81075;204410;;;
81075;204411;;;
81075;204412;;;
81075;204416;;;
81075;204419;;;
81075;204422;;;
81075;204423;;;
81075;204426;;;
81075;204427;;;
81075;204431;;;
81075;204441;;;
81075;204444;;;
81075;204445;;;
81075;204448;;;
81075;204450;;;
81075;204453;;;
81075;204455;;;
81075;204456;;;
81075;204457;;;
81075;204459;;;
81075;204460;;;
81075;204462;;;
81075;204464;;;
81075;204472;;;
81075;204473;;;
81075;204474;;;
81075;204479;;;
81075;204480;;;
81075;204481;;;
81075;204482;;;
81075;204485;;;
81075;204486;;;
81075;204488;;;
81075;204489;;;
81075;204491;;;
81075;204492;;;
81075;204494;;;
81075;204495;;;
81075;204496;;;
81075;204497;;;
81075;204498;;;
81075;204501;;;
81075;204504;;;
81075;204506;;;
81075;204508;;;
81075;204511;;;
81075;204512;;;
81075;204515;;;
81075;204517;;;
81075;204518;;;
81075;204520;;;
81075;204524;;;
81075;204525;;;
81075;204526;;;
81075;204528;;;
81075;204531;;;
81075;204534;;;
81075;204535;;;
81075;204536;;;
81075;204540;;;
81075;204549;;;
81075;204550;;;
81075;204553;;;
81075;204557;;;
81075;204567;;;
81075;204571;;;
81075;204572;;;
81075;205476;;;
81075;205550;;;
81075;205865;;;
81075;206018;;;
81075;209189;;;
81075;209787;;;
81075;210989;;;
81075;213762;;;
81075;214694;;;
81075;218086;;;
81075;220526;;;
81075;220527;;;
81075;220528;;;
81075;220529;;;
81075;220530;;;
81075;220532;;;
81075;220533;;;
81075;220534;;;
81075;220536;;;
81075;220537;;;
81075;220538;;;
81075;220539;;;
81075;220540;;;
81075;220542;;;
81075;220543;;;
81075;220544;;;
81075;220545;;;
81075;220546;;;
81075;220547;;;
81075;220548;;;
81075;220549;;;
81075;220550;;;
81075;220551;;;
81075;220552;;;
81075;220553;;;
81075;220554;;;
81075;220555;;;
81075;220556;;;
81075;220557;;;
81075;220558;;;
81075;220559;;;
81075;220560;;;
81075;220561;;;
81075;220563;;;
81075;220564;;;
81075;220566;;;
81075;220567;;;
81075;220568;;;
81075;220569;;;
81075;220571;;;
81075;220572;;;
81075;220574;;;
81075;220576;;;
81075;220578;;;
81075;220581;;;
81075;220582;;;
81075;220583;;;
81075;220584;;;
81075;220585;;;
81075;220586;;;
81075;220588;;;
81075;220589;;;
81075;220590;;;
81075;220591;;;
81075;220592;;;
81075;220594;;;
81075;220595;;;
81075;220597;;;
81075;220598;;;
81075;220599;;;
81075;220602;;;
81075;220603;;;
81075;220604;;;
81075;220605;;;
81075;220606;;;
81075;220607;;;
81075;220608;;;
81075;220609;;;
81075;220610;;;
81075;220611;;;
81075;220612;;;
81075;220615;;;
81075;220616;;;
81075;220617;;;
81075;220618;;;
81075;220620;;;
81075;220621;;;
81075;220623;;;
81075;220624;;;
81075;220626;;;
81075;220628;;;
81075;220629;;;
81075;220631;;;
81075;220633;;;
81075;220635;;;
81075;220638;;;
81075;220640;;;
81075;220641;;;
81075;220642;;;
81075;220644;;;
81075;220645;;;
81075;220646;;;
81075;220647;;;
81075;220648;;;
81075;220649;;;
81075;220650;;;
81075;220651;;;
81075;220652;;;
81075;220653;;;
81075;220654;;;
81075;220655;;;
81075;220657;;;
81075;220658;;;
81075;220661;;;
81075;220662;;;
81075;220665;;;
81075;220666;;;
81075;220667;;;
81075;220669;;;
81075;220670;;;
81075;220671;;;
81075;220672;;;
81075;220673;;;
81075;220674;;;
81075;220675;;;
81075;220676;;;
81075;220677;;;
81075;220681;;;
81075;220682;;;
81075;220683;;;
81075;220684;;;
81075;220685;;;
81075;220686;;;
81075;220687;;;
81075;220688;;;
81075;220690;;;
81075;220691;;;
81075;220692;;;
81075;220693;;;
81075;220694;;;
81075;220695;;;
81075;220696;;;
81075;220699;;;
81075;220700;;;
81075;220701;;;
81075;220702;;;
81075;220703;;;
81075;220704;;;
81075;220706;;;
81075;220707;;;
81075;220708;;;
81075;220712;;;
81075;220714;;;
81075;220715;;;
81075;221148;;;
81075;221328;;;
81075;221329;;;
81075;221338;;;
81075;222429;;;
81075;222565;;;
81075;223128;;;
81075;224117;;;
81075;224333;;;
81075;226179;;;
81075;226708;;;
81075;226837;;;
81075;227310;;;
81075;227433;;;
81075;227991;;;
81075;229585;;;
81075;230765;;;
81075;230767;;;
81075;230768;;;
81075;230957;;;
81075;231911;;;
81075;234310;;;
81075;234388;;;
81075;234673;;;
81075;234788;;;
81075;234840;;;
81075;235088;;;
81076;74041;;;
81076;74057;;;
81076;74784;;;
81076;160575;;;
81076;160601;;;
81076;160642;;;
81076;178966;;;
81076;178987;;;
81076;178993;;;
81076;180214;;;
81076;204351;;;
81076;204364;;;
81076;204412;;;
81076;204462;;;
81076;206018;;;
81076;220530;;;
81076;220598;;;
81076;220606;;;
81076;220615;;;
81076;220623;;;
81076;220645;;;
81076;220654;;;
81076;220665;;;
81076;220682;;;
81077;74299;;;
81077;74371;;;
81077;74537;;;
81077;136811;;;
81077;141450;;;
81077;141485;;;
81077;141487;;;
81077;160548;;;
81077;160552;;;
81077;160588;;;
81077;162067;;;
81077;178985;;;
81077;204457;;;
81077;204491;;;
81077;204492;;;
81077;204501;;;
81077;204504;;;
81077;204525;;;
81077;220529;;;
81077;220537;;;
81077;220543;;;
81077;220553;;;
81077;220566;;;
81077;220612;;;
81077;220647;;;
81077;220650;;;
81077;220654;;;
81077;220708;;;
81079;104552;;;
81079;178986;;;
81079;204492;;;
81079;204495;;;
81079;206018;;;
81079;220591;;;
81079;220598;;;
81079;220629;;;
81079;220640;;;
81079;221148;;;
81081;74374;;;
81081;74856;;;
81081;80815;;;
81081;160517;;;
81081;178929;;;
81081;178987;;;
81081;178989;;;
81081;204445;;;
81081;204508;;;
81081;204540;;;
81081;210989;;;
81081;213762;;;
81081;220536;;;
81081;220547;;;
81081;220553;;;
81081;220571;;;
81081;220641;;;
81081;220648;;;
81081;220687;;;
81081;226179;;;
81082;73579;;;
81082;74262;;;
81082;123756;;;
81082;160599;;;
81082;178871;;;
81082;178993;;;
81082;204387;;;
81082;204473;;;
81082;204520;;;
81082;204536;;;
81082;220530;;;
81082;220546;;;
81082;220547;;;
81082;220552;;;
81082;220594;;;
81082;220613;;;
81082;220621;;;
81082;220625;;;
81082;220652;;;
81082;220654;;;
81082;220657;;;
81082;220663;;;
81082;220666;;;
81082;220673;;;
81082;220690;;;
81082;222565;;;
81082;230767;;;
81083;62881;;;
81083;66385;;;
81083;69871;;;
81083;72442;;;
81083;73486;;;
81083;73768;;;
81083;74041;;;
81083;74160;;;
81083;74454;;;
81083;74554;;;
81083;74856;;;
81083;91228;;;
81083;92102;;;
81083;98057;;;
81083;139285;;;
81083;141470;;;
81083;141485;;;
81083;141531;;;
81083;143632;;;
81083;153423;;;
81083;157130;;;
81083;160512;;;
81083;160575;;;
81083;160600;;;
81083;160601;;;
81083;178835;;;
81083;178860;;;
81083;178873;;;
81083;178887;;;
81083;178929;;;
81083;178934;;;
81083;178946;;;
81083;178963;;;
81083;178986;;;
81083;178987;;;
81083;191923;;;
81083;204364;;;
81083;204394;;;
81083;204404;;;
81083;204460;;;
81083;204462;;;
81083;204464;;;
81083;204485;;;
81083;204512;;;
81083;204535;;;
81083;204557;;;
81083;205476;;;
81083;209787;;;
81083;220528;;;
81083;220529;;;
81083;220543;;;
81083;220546;;;
81083;220550;;;
81083;220555;;;
81083;220559;;;
81083;220574;;;
81083;220583;;;
81083;220588;;;
81083;220599;;;
81083;220618;;;
81083;220648;;;
81083;220649;;;
81083;220654;;;
81083;220658;;;
81083;220668;;;
81083;220684;;;
81083;221328;;;
81083;226179;;;
81083;235088;;;
81084;62881;;;
81084;66385;;;
81084;66828;;;
81084;69871;;;
81084;72442;;;
81084;73433;;;
81084;73441;;;
81084;73486;;;
81084;73531;;;
81084;73579;;;
81084;73604;;;
81084;73692;;;
81084;73701;;;
81084;73768;;;
81084;73778;;;
81084;73788;;;
81084;73801;;;
81084;73808;;;
81084;74041;;;
81084;74043;;;
81084;74044;;;
81084;74057;;;
81084;74060;;;
81084;74065;;;
81084;74079;;;
81084;74084;;;
81084;74090;;;
81084;74095;;;
81084;74156;;;
81084;74158;;;
81084;74159;;;
81084;74160;;;
81084;74161;;;
81084;74171;;;
81084;74253;;;
81084;74262;;;
81084;74270;;;
81084;74273;;;
81084;74283;;;
81084;74299;;;
81084;74317;;;
81084;74356;;;
81084;74371;;;
81084;74374;;;
81084;74376;;;
81084;74383;;;
81084;74398;;;
81084;74400;;;
81084;74428;;;
81084;74467;;;
81084;74478;;;
81084;74537;;;
81084;74550;;;
81084;74554;;;
81084;74574;;;
81084;74585;;;
81084;74646;;;
81084;74784;;;
81084;74848;;;
81084;74856;;;
81084;74858;;;
81084;77003;;;
81084;80815;;;
81084;81055;;;
81084;88256;;;
81084;91228;;;
81084;92102;;;
81084;92699;;;
81084;98057;;;
81084;98148;;;
81084;98615;;;
81084;104552;;;
81084;107970;;;
81084;109429;;;
81084;121948;;;
81084;122158;;;
81084;122974;;;
81084;123086;;;
81084;123756;;;
81084;128760;;;
81084;129618;;;
81084;133439;;;
81084;133810;;;
81084;136811;;;
81084;137070;;;
81084;138286;;;
81084;139285;;;
81084;141391;;;
81084;141398;;;
81084;141408;;;
81084;141411;;;
81084;141421;;;
81084;141431;;;
81084;141450;;;
81084;141456;;;
81084;141458;;;
81084;141459;;;
81084;141464;;;
81084;141470;;;
81084;141485;;;
81084;141487;;;
81084;141516;;;
81084;141518;;;
81084;141531;;;
81084;141533;;;
81084;141555;;;
81084;143084;;;
81084;143632;;;
81084;143942;;;
81084;150418;;;
81084;153423;;;
81084;156190;;;
81084;157130;;;
81084;160510;;;
81084;160512;;;
81084;160517;;;
81084;160518;;;
81084;160527;;;
81084;160535;;;
81084;160538;;;
81084;160548;;;
81084;160552;;;
81084;160553;;;
81084;160556;;;
81084;160558;;;
81084;160559;;;
81084;160561;;;
81084;160569;;;
81084;160575;;;
81084;160588;;;
81084;160591;;;
81084;160592;;;
81084;160598;;;
81084;160599;;;
81084;160600;;;
81084;160601;;;
81084;160604;;;
81084;160610;;;
81084;160629;;;
81084;160632;;;
81084;160640;;;
81084;160641;;;
81084;160642;;;
81084;160665;;;
81084;160666;;;
81084;160673;;;
81084;160674;;;
81084;160758;;;
81084;160976;;;
81084;161440;;;
81084;161550;;;
81084;162067;;;
81084;162332;;;
81084;165470;;;
81084;166402;;;
81084;171617;;;
81084;171623;;;
81084;171786;;;
81084;175765;;;
81084;178829;;;
81084;178831;;;
81084;178835;;;
81084;178843;;;
81084;178854;;;
81084;178857;;;
81084;178858;;;
81084;178860;;;
81084;178866;;;
81084;178871;;;
81084;178873;;;
81084;178876;;;
81084;178881;;;
81084;178884;;;
81084;178886;;;
81084;178887;;;
81084;178895;;;
81084;178896;;;
81084;178908;;;
81084;178910;;;
81084;178927;;;
81084;178929;;;
81084;178931;;;
81084;178933;;;
81084;178934;;;
81084;178937;;;
81084;178943;;;
81084;178946;;;
81084;178947;;;
81084;178954;;;
81084;178962;;;
81084;178963;;;
81084;178964;;;
81084;178966;;;
81084;178970;;;
81084;178972;;;
81084;178975;;;
81084;178983;;;
81084;178985;;;
81084;178986;;;
81084;178987;;;
81084;178989;;;
81084;178992;;;
81084;178993;;;
81084;178997;;;
81084;179000;;;
81084;179001;;;
81084;180214;;;
81084;188097;;;
81084;191923;;;
81084;198197;;;
81084;198783;;;
81084;204351;;;
81084;204355;;;
81084;204356;;;
81084;204358;;;
81084;204360;;;
81084;204361;;;
81084;204362;;;
81084;204364;;;
81084;204365;;;
81084;204367;;;
81084;204368;;;
81084;204372;;;
81084;204374;;;
81084;204378;;;
81084;204379;;;
81084;204387;;;
81084;204388;;;
81084;204390;;;
81084;204391;;;
81084;204394;;;
81084;204395;;;
81084;204396;;;
81084;204398;;;
81084;204404;;;
81084;204406;;;
81084;204407;;;
81084;204408;;;
81084;204409;;;
81084;204410;;;
81084;204411;;;
81084;204412;;;
81084;204416;;;
81084;204419;;;
81084;204422;;;
81084;204423;;;
81084;204426;;;
81084;204427;;;
81084;204431;;;
81084;204441;;;
81084;204444;;;
81084;204445;;;
81084;204448;;;
81084;204453;;;
81084;204455;;;
81084;204456;;;
81084;204457;;;
81084;204459;;;
81084;204460;;;
81084;204462;;;
81084;204464;;;
81084;204472;;;
81084;204473;;;
81084;204474;;;
81084;204479;;;
81084;204480;;;
81084;204481;;;
81084;204482;;;
81084;204485;;;
81084;204486;;;
81084;204488;;;
81084;204489;;;
81084;204491;;;
81084;204492;;;
81084;204494;;;
81084;204495;;;
81084;204496;;;
81084;204497;;;
81084;204498;;;
81084;204501;;;
81084;204504;;;
81084;204506;;;
81084;204508;;;
81084;204511;;;
81084;204512;;;
81084;204515;;;
81084;204517;;;
81084;204518;;;
81084;204520;;;
81084;204524;;;
81084;204525;;;
81084;204526;;;
81084;204528;;;
81084;204531;;;
81084;204534;;;
81084;204535;;;
81084;204536;;;
81084;204539;;;
81084;204540;;;
81084;204549;;;
81084;204550;;;
81084;204553;;;
81084;204557;;;
81084;204559;;;
81084;204560;;;
81084;204567;;;
81084;204570;;;
81084;204571;;;
81084;204572;;;
81084;204574;;;
81084;205476;;;
81084;205550;;;
81084;205865;;;
81084;206018;;;
81084;209189;;;
81084;209787;;;
81084;210989;;;
81084;213762;;;
81084;214694;;;
81084;215043;;;
81084;218086;;;
81084;220526;;;
81084;220527;;;
81084;220528;;;
81084;220529;;;
81084;220530;;;
81084;220532;;;
81084;220533;;;
81084;220534;;;
81084;220536;;;
81084;220537;;;
81084;220538;;;
81084;220539;;;
81084;220540;;;
81084;220542;;;
81084;220543;;;
81084;220544;;;
81084;220545;;;
81084;220546;;;
81084;220547;;;
81084;220548;;;
81084;220549;;;
81084;220550;;;
81084;220551;;;
81084;220552;;;
81084;220553;;;
81084;220554;;;
81084;220555;;;
81084;220556;;;
81084;220557;;;
81084;220558;;;
81084;220559;;;
81084;220560;;;
81084;220561;;;
81084;220563;;;
81084;220565;;;
81084;220566;;;
81084;220567;;;
81084;220568;;;
81084;220569;;;
81084;220570;;;
81084;220571;;;
81084;220572;;;
81084;220573;;;
81084;220574;;;
81084;220576;;;
81084;220578;;;
81084;220581;;;
81084;220582;;;
81084;220583;;;
81084;220584;;;
81084;220585;;;
81084;220586;;;
81084;220588;;;
81084;220589;;;
81084;220590;;;
81084;220591;;;
81084;220592;;;
81084;220594;;;
81084;220595;;;
81084;220597;;;
81084;220598;;;
81084;220599;;;
81084;220602;;;
81084;220603;;;
81084;220604;;;
81084;220605;;;
81084;220606;;;
81084;220607;;;
81084;220608;;;
81084;220609;;;
81084;220610;;;
81084;220611;;;
81084;220612;;;
81084;220615;;;
81084;220616;;;
81084;220617;;;
81084;220618;;;
81084;220620;;;
81084;220621;;;
81084;220623;;;
81084;220624;;;
81084;220625;;;
81084;220626;;;
81084;220628;;;
81084;220629;;;
81084;220631;;;
81084;220632;;;
81084;220633;;;
81084;220635;;;
81084;220638;;;
81084;220640;;;
81084;220641;;;
81084;220642;;;
81084;220644;;;
81084;220645;;;
81084;220646;;;
81084;220647;;;
81084;220648;;;
81084;220649;;;
81084;220650;;;
81084;220651;;;
81084;220652;;;
81084;220653;;;
81084;220654;;;
81084;220655;;;
81084;220657;;;
81084;220658;;;
81084;220661;;;
81084;220662;;;
81084;220663;;;
81084;220665;;;
81084;220666;;;
81084;220667;;;
81084;220668;;;
81084;220669;;;
81084;220670;;;
81084;220671;;;
81084;220672;;;
81084;220673;;;
81084;220674;;;
81084;220675;;;
81084;220676;;;
81084;220677;;;
81084;220681;;;
81084;220682;;;
81084;220683;;;
81084;220684;;;
81084;220685;;;
81084;220686;;;
81084;220687;;;
81084;220688;;;
81084;220690;;;
81084;220691;;;
81084;220692;;;
81084;220693;;;
81084;220694;;;
81084;220695;;;
81084;220696;;;
81084;220697;;;
81084;220699;;;
81084;220700;;;
81084;220701;;;
81084;220702;;;
81084;220703;;;
81084;220704;;;
81084;220706;;;
81084;220707;;;
81084;220708;;;
81084;220712;;;
81084;220714;;;
81084;220715;;;
81084;221148;;;
81084;221328;;;
81084;221329;;;
81084;221338;;;
81084;222429;;;
81084;222565;;;
81084;223128;;;
81084;224117;;;
81084;224333;;;
81084;226179;;;
81084;226708;;;
81084;226837;;;
81084;227310;;;
81084;227433;;;
81084;227991;;;
81084;229585;;;
81084;230765;;;
81084;230767;;;
81084;230768;;;
81084;230957;;;
81084;231911;;;
81084;233594;;;
81084;234310;;;
81084;234388;;;
81084;234673;;;
81084;234788;;;
81084;234840;;;
81084;235088;;;
81087;178884;;;
81087;204364;;;
81087;209189;;;
81087;220663;;;
81087;220675;;;
81087;220677;;;
81087;226837;;;
81088;98057;;;
81088;128760;;;
81088;141456;;;
81088;160512;;;
81088;160556;;;
81088;178857;;;
81088;178871;;;
81088;178881;;;
81088;178884;;;
81088;178993;;;
81088;204374;;;
81088;204520;;;
81088;204528;;;
81088;209787;;;
81088;220554;;;
81088;220578;;;
81088;220604;;;
81088;220638;;;
81088;220658;;;
81088;220694;;;
81088;220702;;;
81088;227991;;;
81089;74784;;;
81089;141456;;;
81089;178884;;;
81089;178934;;;
81089;178989;;;
81089;178993;;;
81089;204364;;;
81089;204453;;;
81089;209189;;;
81089;220529;;;
81089;220563;;;
81089;220677;;;
81089;226837;;;
81089;230957;;;
81092;62881;;;
81092;74065;;;
81092;74253;;;
81092;74299;;;
81092;74574;;;
81092;98057;;;
81092;141391;;;
81092;141450;;;
81092;141458;;;
81092;150418;;;
81092;160512;;;
81092;160556;;;
81092;160559;;;
81092;160665;;;
81092;160758;;;
81092;178910;;;
81092;178993;;;
81092;198197;;;
81092;204358;;;
81092;204362;;;
81092;204378;;;
81092;204457;;;
81092;204492;;;
81092;204497;;;
81092;204520;;;
81092;204557;;;
81092;220537;;;
81092;220563;;;
81092;220581;;;
81092;220605;;;
81092;220607;;;
81092;220611;;;
81092;220612;;;
81092;220658;;;
81092;220702;;;
81092;224117;;;
81092;230767;;;
81093;73692;;;
81093;74065;;;
81093;74374;;;
81093;74848;;;
81093;80815;;;
81093;143632;;;
81093;160512;;;
81093;160517;;;
81093;160556;;;
81093;160598;;;
81093;160635;;;
81093;161550;;;
81093;175765;;;
81093;178857;;;
81093;178876;;;
81093;178929;;;
81093;178966;;;
81093;178993;;;
81093;191923;;;
81093;204351;;;
81093;204360;;;
81093;204406;;;
81093;204485;;;
81093;204486;;;
81093;204489;;;
81093;204512;;;
81093;204524;;;
81093;204528;;;
81093;210989;;;
81093;213762;;;
81093;220529;;;
81093;220544;;;
81093;220556;;;
81093;220559;;;
81093;220560;;;
81093;220563;;;
81093;220570;;;
81093;220572;;;
81093;220602;;;
81093;220613;;;
81093;220617;;;
81093;220620;;;
81093;220626;;;
81093;220640;;;
81093;220644;;;
81093;220670;;;
81093;220673;;;
81093;220694;;;
81093;220695;;;
81093;226708;;;
81093;227310;;;
81093;227991;;;
81093;230765;;;
81094;74090;;;
81094;104552;;;
81094;138286;;;
81094;141459;;;
81094;160512;;;
81094;160535;;;
81094;160561;;;
81094;160610;;;
81094;178970;;;
81094;178997;;;
81094;204360;;;
81094;204378;;;
81094;204492;;;
81094;220529;;;
81094;220571;;;
81094;220592;;;
81094;220667;;;
81095;74253;;;
81095;74376;;;
81095;98057;;;
81095;123756;;;
81095;160665;;;
81095;178873;;;
81095;178993;;;
81095;204374;;;
81095;204528;;;
81095;204559;;;
81095;220529;;;
81095;220549;;;
81095;220626;;;
81095;220658;;;
81095;220663;;;
81095;220697;;;
81095;230767;;;
81095;230768;;;
81098;73692;;;
81098;74065;;;
81098;74374;;;
81098;160517;;;
81098;178857;;;
81098;204351;;;
81098;204412;;;
81098;204528;;;
81098;210989;;;
81098;220529;;;
81098;220544;;;
81098;220556;;;
81098;220559;;;
81098;220570;;;
81098;220573;;;
81098;220613;;;
81098;220620;;;
81098;220626;;;
81098;220644;;;
81098;220670;;;
81101;73701;;;
81101;74057;;;
81101;74084;;;
81101;157130;;;
81101;160575;;;
81101;160976;;;
81101;178866;;;
81101;178929;;;
81101;204374;;;
81101;204535;;;
81101;206018;;;
81101;220553;;;
81101;220574;;;
81101;220598;;;
81101;220615;;;
81101;220623;;;
81101;220663;;;
81101;220704;;;
81101;221148;;;
81101;231911;;;
81103;74060;;;
81103;74156;;;
81103;74283;;;
81103;80815;;;
81103;133439;;;
81103;141555;;;
81103;157130;;;
81103;160518;;;
81103;160538;;;
81103;160598;;;
81103;160641;;;
81103;175765;;;
81103;178871;;;
81103;178946;;;
81103;178966;;;
81103;204485;;;
81103;204515;;;
81103;220537;;;
81103;220555;;;
81103;220604;;;
81103;220606;;;
81103;220607;;;
81103;220658;;;
81103;220662;;;
81103;220695;;;
81103;221148;;;
81103;230768;;;
81105;80815;;;
81105;157130;;;
81105;160598;;;
81105;160641;;;
81105;204425;;;
81105;220534;;;
81105;220554;;;
81105;220658;;;
81105;220663;;;
81108;73486;;;
81108;73692;;;
81108;74317;;;
81108;98148;;;
81108;109429;;;
81108;136811;;;
81108;141391;;;
81108;156190;;;
81108;178934;;;
81108;178963;;;
81108;204395;;;
81108;204406;;;
81108;209189;;;
81108;220529;;;
81108;220549;;;
81108;220552;;;
81108;220605;;;
81108;220638;;;
81108;220648;;;
81109;74041;;;
81109;74371;;;
81109;74374;;;
81109;160512;;;
81109;160518;;;
81109;160598;;;
81109;178985;;;
81109;204422;;;
81109;204570;;;
81109;220533;;;
81109;220554;;;
81109;220571;;;
81109;220604;;;
81109;220606;;;
81109;220663;;;
81109;221329;;;
81110;74585;;;
81110;160666;;;
81110;204444;;;
81110;220641;;;
81111;74060;;;
81111;74156;;;
81111;133439;;;
81111;141555;;;
81111;160518;;;
81111;160538;;;
81111;160598;;;
81111;160641;;;
81111;175765;;;
81111;178964;;;
81111;178966;;;
81111;204485;;;
81111;204515;;;
81111;220607;;;
81111;220658;;;
81111;220690;;;
81111;220695;;;
81111;221148;;;
81111;230768;;;
81115;62881;;;
81115;66385;;;
81115;66828;;;
81115;69871;;;
81115;72442;;;
81115;73433;;;
81115;73441;;;
81115;73486;;;
81115;73531;;;
81115;73579;;;
81115;73604;;;
81115;73692;;;
81115;73701;;;
81115;73768;;;
81115;73778;;;
81115;73788;;;
81115;73801;;;
81115;73808;;;
81115;74041;;;
81115;74043;;;
81115;74044;;;
81115;74057;;;
81115;74060;;;
81115;74065;;;
81115;74079;;;
81115;74084;;;
81115;74090;;;
81115;74095;;;
81115;74156;;;
81115;74159;;;
81115;74160;;;
81115;74161;;;
81115;74171;;;
81115;74253;;;
81115;74262;;;
81115;74270;;;
81115;74273;;;
81115;74283;;;
81115;74299;;;
81115;74317;;;
81115;74356;;;
81115;74371;;;
81115;74374;;;
81115;74376;;;
81115;74398;;;
81115;74400;;;
81115;74428;;;
81115;74454;;;
81115;74467;;;
81115;74478;;;
81115;74537;;;
81115;74550;;;
81115;74554;;;
81115;74574;;;
81115;74585;;;
81115;74646;;;
81115;74784;;;
81115;74848;;;
81115;74856;;;
81115;74858;;;
81115;77003;;;
81115;80815;;;
81115;81055;;;
81115;88256;;;
81115;91228;;;
81115;92102;;;
81115;92699;;;
81115;92776;;;
81115;98057;;;
81115;98148;;;
81115;98615;;;
81115;104552;;;
81115;107970;;;
81115;109429;;;
81115;121948;;;
81115;122158;;;
81115;122974;;;
81115;123086;;;
81115;123756;;;
81115;128760;;;
81115;133439;;;
81115;133810;;;
81115;136811;;;
81115;137070;;;
81115;138286;;;
81115;139285;;;
81115;141391;;;
81115;141398;;;
81115;141408;;;
81115;141411;;;
81115;141421;;;
81115;141431;;;
81115;141456;;;
81115;141458;;;
81115;141459;;;
81115;141464;;;
81115;141470;;;
81115;141485;;;
81115;141487;;;
81115;141516;;;
81115;141518;;;
81115;141531;;;
81115;141533;;;
81115;141555;;;
81115;143084;;;
81115;143632;;;
81115;143942;;;
81115;150418;;;
81115;153423;;;
81115;156190;;;
81115;157130;;;
81115;160512;;;
81115;160517;;;
81115;160518;;;
81115;160527;;;
81115;160535;;;
81115;160538;;;
81115;160548;;;
81115;160552;;;
81115;160553;;;
81115;160556;;;
81115;160559;;;
81115;160561;;;
81115;160569;;;
81115;160575;;;
81115;160588;;;
81115;160591;;;
81115;160592;;;
81115;160598;;;
81115;160599;;;
81115;160600;;;
81115;160601;;;
81115;160604;;;
81115;160610;;;
81115;160629;;;
81115;160632;;;
81115;160640;;;
81115;160641;;;
81115;160642;;;
81115;160665;;;
81115;160666;;;
81115;160673;;;
81115;160674;;;
81115;160758;;;
81115;160976;;;
81115;161440;;;
81115;161550;;;
81115;162067;;;
81115;162332;;;
81115;165470;;;
81115;166402;;;
81115;171617;;;
81115;171623;;;
81115;175765;;;
81115;178829;;;
81115;178831;;;
81115;178835;;;
81115;178843;;;
81115;178854;;;
81115;178858;;;
81115;178860;;;
81115;178866;;;
81115;178871;;;
81115;178873;;;
81115;178876;;;
81115;178881;;;
81115;178884;;;
81115;178886;;;
81115;178887;;;
81115;178895;;;
81115;178896;;;
81115;178908;;;
81115;178910;;;
81115;178927;;;
81115;178929;;;
81115;178931;;;
81115;178933;;;
81115;178934;;;
81115;178943;;;
81115;178946;;;
81115;178947;;;
81115;178954;;;
81115;178962;;;
81115;178963;;;
81115;178964;;;
81115;178966;;;
81115;178970;;;
81115;178972;;;
81115;178975;;;
81115;178983;;;
81115;178985;;;
81115;178986;;;
81115;178987;;;
81115;178992;;;
81115;178993;;;
81115;178997;;;
81115;179000;;;
81115;179001;;;
81115;180214;;;
81115;188097;;;
81115;191923;;;
81115;198197;;;
81115;198783;;;
81115;204351;;;
81115;204355;;;
81115;204356;;;
81115;204358;;;
81115;204360;;;
81115;204361;;;
81115;204362;;;
81115;204364;;;
81115;204365;;;
81115;204367;;;
81115;204368;;;
81115;204372;;;
81115;204374;;;
81115;204378;;;
81115;204379;;;
81115;204387;;;
81115;204388;;;
81115;204391;;;
81115;204394;;;
81115;204395;;;
81115;204396;;;
81115;204398;;;
81115;204404;;;
81115;204406;;;
81115;204407;;;
81115;204408;;;
81115;204409;;;
81115;204410;;;
81115;204411;;;
81115;204412;;;
81115;204416;;;
81115;204419;;;
81115;204422;;;
81115;204423;;;
81115;204426;;;
81115;204427;;;
81115;204431;;;
81115;204436;;;
81115;204441;;;
81115;204444;;;
81115;204445;;;
81115;204448;;;
81115;204455;;;
81115;204456;;;
81115;204457;;;
81115;204459;;;
81115;204460;;;
81115;204462;;;
81115;204464;;;
81115;204472;;;
81115;204473;;;
81115;204474;;;
81115;204479;;;
81115;204480;;;
81115;204481;;;
81115;204482;;;
81115;204485;;;
81115;204486;;;
81115;204488;;;
81115;204489;;;
81115;204492;;;
81115;204494;;;
81115;204495;;;
81115;204496;;;
81115;204497;;;
81115;204498;;;
81115;204501;;;
81115;204504;;;
81115;204506;;;
81115;204508;;;
81115;204511;;;
81115;204512;;;
81115;204515;;;
81115;204517;;;
81115;204518;;;
81115;204520;;;
81115;204524;;;
81115;204525;;;
81115;204526;;;
81115;204528;;;
81115;204531;;;
81115;204534;;;
81115;204535;;;
81115;204536;;;
81115;204539;;;
81115;204540;;;
81115;204549;;;
81115;204550;;;
81115;204557;;;
81115;204559;;;
81115;204560;;;
81115;204567;;;
81115;204570;;;
81115;204571;;;
81115;204574;;;
81115;205476;;;
81115;205550;;;
81115;205865;;;
81115;206018;;;
81115;209189;;;
81115;209787;;;
81115;210989;;;
81115;213762;;;
81115;214694;;;
81115;215043;;;
81115;218086;;;
81115;220526;;;
81115;220527;;;
81115;220528;;;
81115;220529;;;
81115;220530;;;
81115;220532;;;
81115;220533;;;
81115;220534;;;
81115;220536;;;
81115;220537;;;
81115;220539;;;
81115;220540;;;
81115;220542;;;
81115;220543;;;
81115;220544;;;
81115;220545;;;
81115;220546;;;
81115;220547;;;
81115;220548;;;
81115;220549;;;
81115;220550;;;
81115;220551;;;
81115;220552;;;
81115;220553;;;
81115;220555;;;
81115;220556;;;
81115;220557;;;
81115;220558;;;
81115;220559;;;
81115;220560;;;
81115;220563;;;
81115;220566;;;
81115;220568;;;
81115;220569;;;
81115;220570;;;
81115;220571;;;
81115;220572;;;
81115;220573;;;
81115;220574;;;
81115;220576;;;
81115;220578;;;
81115;220581;;;
81115;220582;;;
81115;220583;;;
81115;220584;;;
81115;220585;;;
81115;220586;;;
81115;220588;;;
81115;220589;;;
81115;220590;;;
81115;220591;;;
81115;220592;;;
81115;220594;;;
81115;220595;;;
81115;220597;;;
81115;220598;;;
81115;220599;;;
81115;220602;;;
81115;220603;;;
81115;220604;;;
81115;220605;;;
81115;220606;;;
81115;220607;;;
81115;220608;;;
81115;220609;;;
81115;220610;;;
81115;220611;;;
81115;220612;;;
81115;220613;;;
81115;220615;;;
81115;220616;;;
81115;220617;;;
81115;220618;;;
81115;220620;;;
81115;220621;;;
81115;220623;;;
81115;220624;;;
81115;220625;;;
81115;220626;;;
81115;220628;;;
81115;220629;;;
81115;220631;;;
81115;220633;;;
81115;220635;;;
81115;220638;;;
81115;220640;;;
81115;220642;;;
81115;220645;;;
81115;220646;;;
81115;220647;;;
81115;220648;;;
81115;220649;;;
81115;220650;;;
81115;220651;;;
81115;220652;;;
81115;220653;;;
81115;220654;;;
81115;220657;;;
81115;220658;;;
81115;220661;;;
81115;220662;;;
81115;220663;;;
81115;220665;;;
81115;220666;;;
81115;220667;;;
81115;220668;;;
81115;220669;;;
81115;220670;;;
81115;220671;;;
81115;220672;;;
81115;220673;;;
81115;220674;;;
81115;220675;;;
81115;220676;;;
81115;220677;;;
81115;220681;;;
81115;220682;;;
81115;220683;;;
81115;220684;;;
81115;220685;;;
81115;220686;;;
81115;220687;;;
81115;220688;;;
81115;220690;;;
81115;220691;;;
81115;220692;;;
81115;220693;;;
81115;220694;;;
81115;220695;;;
81115;220696;;;
81115;220697;;;
81115;220699;;;
81115;220700;;;
81115;220701;;;
81115;220702;;;
81115;220703;;;
81115;220704;;;
81115;220706;;;
81115;220708;;;
81115;220712;;;
81115;220714;;;
81115;220715;;;
81115;221148;;;
81115;221328;;;
81115;221329;;;
81115;221338;;;
81115;222429;;;
81115;222565;;;
81115;223128;;;
81115;224117;;;
81115;224333;;;
81115;226179;;;
81115;226708;;;
81115;226837;;;
81115;227310;;;
81115;227433;;;
81115;227991;;;
81115;229585;;;
81115;230768;;;
81115;230957;;;
81115;231911;;;
81115;233594;;;
81115;234310;;;
81115;234388;;;
81115;234673;;;
81115;234788;;;
81115;234840;;;
81115;235088;;;
81116;66385;;;
81116;69871;;;
81116;72442;;;
81116;73486;;;
81116;74084;;;
81116;107970;;;
81116;133439;;;
81116;179000;;;
81116;204351;;;
81116;204388;;;
81116;204396;;;
81116;204408;;;
81116;204409;;;
81116;204431;;;
81116;204492;;;
81116;204512;;;
81116;213762;;;
81116;214694;;;
81116;220554;;;
81116;220557;;;
81116;220624;;;
81116;220651;;;
81116;220663;;;
81116;220693;;;
81116;234673;;;
81118;73701;;;
81118;74856;;;
81118;160598;;;
81118;160635;;;
81118;160642;;;
81118;180214;;;
81118;204459;;;
81118;204462;;;
81118;204553;;;
81118;214694;;;
81118;220534;;;
81118;220545;;;
81118;220556;;;
81118;220608;;;
81118;220621;;;
81118;220635;;;
81118;220676;;;
81118;220695;;;
81118;220707;;;
81118;227310;;;
81118;231911;;;
81120;73692;;;
81120;74065;;;
81120;74374;;;
81120;80815;;;
81120;160591;;;
81120;175765;;;
81120;178857;;;
81120;178929;;;
81120;204412;;;
81120;204528;;;
81120;210989;;;
81120;220529;;;
81120;220544;;;
81120;220556;;;
81120;220559;;;
81120;220570;;;
81120;220573;;;
81120;220613;;;
81120;220626;;;
81120;220640;;;
81120;220663;;;
81121;74574;;;
81121;133439;;;
81121;141408;;;
81121;141456;;;
81121;160161;;;
81121;175765;;;
81121;178987;;;
81121;180214;;;
81121;204356;;;
81121;204372;;;
81121;204374;;;
81121;204388;;;
81121;204394;;;
81121;204422;;;
81121;204504;;;
81121;204511;;;
81121;204540;;;
81121;204572;;;
81121;220529;;;
81121;220544;;;
81121;220551;;;
81121;220554;;;
81121;220568;;;
81121;220603;;;
81121;220604;;;
81121;220651;;;
81121;220653;;;
81121;220654;;;
81121;220662;;;
81121;220697;;;
81121;230767;;;
81122;74065;;;
81122;74374;;;
81122;80815;;;
81122;160591;;;
81122;160598;;;
81122;175765;;;
81122;178857;;;
81122;178876;;;
81122;204396;;;
81122;204412;;;
81122;204518;;;
81122;204528;;;
81122;204539;;;
81122;210989;;;
81122;220529;;;
81122;220544;;;
81122;220556;;;
81122;220559;;;
81122;220570;;;
81122;220572;;;
81122;220613;;;
81122;220640;;;
81122;220644;;;
81122;220670;;;
81122;221329;;;
81123;66385;;;
81123;74171;;;
81123;74398;;;
81123;74550;;;
81123;178993;;;
81123;178997;;;
81123;204365;;;
81123;204368;;;
81123;204455;;;
81123;220530;;;
81123;220538;;;
81123;220543;;;
81123;220547;;;
81123;220568;;;
81123;220574;;;
81123;220578;;;
81123;220583;;;
81123;220602;;;
81123;220606;;;
81123;220621;;;
81123;220654;;;
81123;220694;;;
81123;220699;;;
81123;220712;;;
81123;224333;;;
81123;230767;;;
81125;74299;;;
81125;74537;;;
81125;141450;;;
81125;141485;;;
81125;160548;;;
81125;160588;;;
81125;162067;;;
81125;191923;;;
81125;204355;;;
81125;204525;;;
81125;220529;;;
81125;220537;;;
81125;220543;;;
81125;220550;;;
81125;220553;;;
81125;220608;;;
81125;220612;;;
81125;220648;;;
81125;220650;;;
81125;220664;;;
81125;220672;;;
81125;220687;;;
81125;220702;;;
81125;220708;;;
81127;74374;;;
81127;141533;;;
81127;160598;;;
81127;178985;;;
81127;204360;;;
81127;204540;;;
81127;220536;;;
81127;220610;;;
81127;220646;;;
81127;220650;;;
81127;220674;;;
81127;220676;;;
81127;220686;;;
81127;220687;;;
81127;220688;;;
81127;222565;;;
81129;74156;;;
81129;74161;;;
81129;80815;;;
81129;133810;;;
81129;141485;;;
81129;160518;;;
81129;178871;;;
81129;191923;;;
81129;204388;;;
81129;204406;;;
81129;204494;;;
81129;204534;;;
81129;220529;;;
81129;220551;;;
81129;220553;;;
81129;220557;;;
81129;220578;;;
81129;220591;;;
81129;220598;;;
81129;220606;;;
81129;220620;;;
81129;220630;;;
81129;220667;;;
81129;220668;;;
81129;221338;;;
81130;160575;;;
81130;160641;;;
81130;178966;;;
81130;220607;;;
81134;98057;;;
81134;123756;;;
81134;160665;;;
81134;178986;;;
81134;204374;;;
81134;204528;;;
81134;204559;;;
81134;220529;;;
81134;220534;;;
81134;220550;;;
81134;220658;;;
81134;220663;;;
81134;220673;;;
81134;220697;;;
81134;230767;;;
81134;235088;;;
81138;74041;;;
81138;74057;;;
81138;74784;;;
81138;98615;;;
81138;160575;;;
81138;160642;;;
81138;178908;;;
81138;178987;;;
81138;180214;;;
81138;204351;;;
81138;204419;;;
81138;204453;;;
81138;204462;;;
81138;204464;;;
81138;206018;;;
81138;220530;;;
81138;220555;;;
81138;220594;;;
81138;220598;;;
81138;220599;;;
81138;220606;;;
81138;220615;;;
81138;220623;;;
81138;220654;;;
81138;220665;;;
81138;220667;;;
81138;220682;;;
81144;74299;;;
81144;74537;;;
81144;141450;;;
81144;141485;;;
81144;160548;;;
81144;160588;;;
81144;162067;;;
81144;191923;;;
81144;204355;;;
81144;204525;;;
81144;220529;;;
81144;220543;;;
81144;220553;;;
81144;220612;;;
81144;220648;;;
81144;220650;;;
81144;220664;;;
81144;220687;;;
81145;74253;;;
81145;74299;;;
81145;74371;;;
81145;74537;;;
81145;141450;;;
81145;141485;;;
81145;141487;;;
81145;160548;;;
81145;162067;;;
81145;191923;;;
81145;204355;;;
81145;204456;;;
81145;204457;;;
81145;204492;;;
81145;204525;;;
81145;204559;;;
81145;220529;;;
81145;220537;;;
81145;220543;;;
81145;220608;;;
81145;220612;;;
81145;220648;;;
81145;220650;;;
81145;220672;;;
81145;220687;;;
81145;220702;;;
81146;74253;;;
81146;74299;;;
81146;74371;;;
81146;74537;;;
81146;141450;;;
81146;141485;;;
81146;141487;;;
81146;160548;;;
81146;162067;;;
81146;191923;;;
81146;204355;;;
81146;204456;;;
81146;204457;;;
81146;204492;;;
81146;204525;;;
81146;204559;;;
81146;220529;;;
81146;220537;;;
81146;220543;;;
81146;220608;;;
81146;220612;;;
81146;220648;;;
81146;220650;;;
81146;220702;;;
81149;74090;;;
81149;74856;;;
81149;77003;;;
81149;92102;;;
81149;171623;;;
81149;204351;;;
81149;204358;;;
81149;204372;;;
81149;204410;;;
81149;204422;;;
81149;204455;;;
81149;220537;;;
81149;220605;;;
81149;220663;;;
81149;220693;;;
81149;226837;;;
81149;227433;;;
81150;74856;;;
81150;77003;;;
81150;133439;;;
81150;136811;;;
81150;141450;;;
81150;160545;;;
81150;160552;;;
81150;160598;;;
81150;171623;;;
81150;204351;;;
81150;204372;;;
81150;204408;;;
81150;204409;;;
81150;204410;;;
81150;204422;;;
81150;204455;;;
81150;204479;;;
81150;204494;;;
81150;204495;;;
81150;220527;;;
81150;220534;;;
81150;220537;;;
81150;220583;;;
81150;220605;;;
81150;220621;;;
81150;220663;;;
81150;220693;;;
81150;226837;;;
81151;133439;;;
81151;160517;;;
81151;160575;;;
81151;204535;;;
81151;204553;;;
81151;210989;;;
81151;220533;;;
81151;220553;;;
81151;220606;;;
81151;220658;;;
81151;220690;;;
81151;221338;;;
81151;222565;;;
81151;226179;;;
81154;62881;;;
81154;66385;;;
81154;66828;;;
81154;69871;;;
81154;72442;;;
81154;73433;;;
81154;73441;;;
81154;73486;;;
81154;73531;;;
81154;73579;;;
81154;73604;;;
81154;73692;;;
81154;73701;;;
81154;73768;;;
81154;73778;;;
81154;73788;;;
81154;73801;;;
81154;73808;;;
81154;74041;;;
81154;74043;;;
81154;74044;;;
81154;74057;;;
81154;74060;;;
81154;74065;;;
81154;74075;;;
81154;74079;;;
81154;74084;;;
81154;74090;;;
81154;74095;;;
81154;74156;;;
81154;74158;;;
81154;74159;;;
81154;74160;;;
81154;74161;;;
81154;74171;;;
81154;74253;;;
81154;74262;;;
81154;74270;;;
81154;74273;;;
81154;74283;;;
81154;74299;;;
81154;74317;;;
81154;74356;;;
81154;74371;;;
81154;74374;;;
81154;74376;;;
81154;74383;;;
81154;74398;;;
81154;74400;;;
81154;74428;;;
81154;74454;;;
81154;74467;;;
81154;74478;;;
81154;74537;;;
81154;74550;;;
81154;74554;;;
81154;74574;;;
81154;74585;;;
81154;74646;;;
81154;74784;;;
81154;74848;;;
81154;74856;;;
81154;74858;;;
81154;80815;;;
81154;81055;;;
81154;88256;;;
81154;91228;;;
81154;92102;;;
81154;92699;;;
81154;92776;;;
81154;98057;;;
81154;98148;;;
81154;98615;;;
81154;104552;;;
81154;107970;;;
81154;109429;;;
81154;121948;;;
81154;122158;;;
81154;122974;;;
81154;123086;;;
81154;123756;;;
81154;128760;;;
81154;129618;;;
81154;133439;;;
81154;133810;;;
81154;136811;;;
81154;137070;;;
81154;138286;;;
81154;139285;;;
81154;141391;;;
81154;141398;;;
81154;141408;;;
81154;141411;;;
81154;141421;;;
81154;141431;;;
81154;141450;;;
81154;141456;;;
81154;141458;;;
81154;141459;;;
81154;141464;;;
81154;141470;;;
81154;141485;;;
81154;141487;;;
81154;141516;;;
81154;141518;;;
81154;141531;;;
81154;141533;;;
81154;141555;;;
81154;143084;;;
81154;143632;;;
81154;143942;;;
81154;150418;;;
81154;153423;;;
81154;156190;;;
81154;157130;;;
81154;160161;;;
81154;160510;;;
81154;160512;;;
81154;160517;;;
81154;160518;;;
81154;160527;;;
81154;160535;;;
81154;160538;;;
81154;160541;;;
81154;160548;;;
81154;160552;;;
81154;160553;;;
81154;160556;;;
81154;160558;;;
81154;160559;;;
81154;160561;;;
81154;160569;;;
81154;160575;;;
81154;160588;;;
81154;160591;;;
81154;160592;;;
81154;160598;;;
81154;160599;;;
81154;160600;;;
81154;160601;;;
81154;160604;;;
81154;160610;;;
81154;160629;;;
81154;160632;;;
81154;160635;;;
81154;160640;;;
81154;160641;;;
81154;160642;;;
81154;160665;;;
81154;160666;;;
81154;160673;;;
81154;160674;;;
81154;160758;;;
81154;160976;;;
81154;161440;;;
81154;161550;;;
81154;162067;;;
81154;162332;;;
81154;165470;;;
81154;166402;;;
81154;171617;;;
81154;171623;;;
81154;171786;;;
81154;175765;;;
81154;178829;;;
81154;178831;;;
81154;178835;;;
81154;178843;;;
81154;178854;;;
81154;178857;;;
81154;178858;;;
81154;178860;;;
81154;178866;;;
81154;178871;;;
81154;178873;;;
81154;178876;;;
81154;178881;;;
81154;178884;;;
81154;178887;;;
81154;178895;;;
81154;178896;;;
81154;178908;;;
81154;178910;;;
81154;178927;;;
81154;178929;;;
81154;178931;;;
81154;178933;;;
81154;178934;;;
81154;178946;;;
81154;178947;;;
81154;178954;;;
81154;178962;;;
81154;178963;;;
81154;178964;;;
81154;178966;;;
81154;178970;;;
81154;178972;;;
81154;178975;;;
81154;178983;;;
81154;178985;;;
81154;178986;;;
81154;178987;;;
81154;178989;;;
81154;178992;;;
81154;178993;;;
81154;178997;;;
81154;179000;;;
81154;179001;;;
81154;180214;;;
81154;188097;;;
81154;191923;;;
81154;198197;;;
81154;198783;;;
81154;204351;;;
81154;204355;;;
81154;204356;;;
81154;204358;;;
81154;204360;;;
81154;204361;;;
81154;204362;;;
81154;204364;;;
81154;204365;;;
81154;204367;;;
81154;204368;;;
81154;204372;;;
81154;204374;;;
81154;204378;;;
81154;204379;;;
81154;204387;;;
81154;204388;;;
81154;204390;;;
81154;204391;;;
81154;204394;;;
81154;204395;;;
81154;204396;;;
81154;204398;;;
81154;204404;;;
81154;204406;;;
81154;204407;;;
81154;204408;;;
81154;204409;;;
81154;204410;;;
81154;204411;;;
81154;204412;;;
81154;204416;;;
81154;204419;;;
81154;204422;;;
81154;204423;;;
81154;204426;;;
81154;204427;;;
81154;204431;;;
81154;204441;;;
81154;204444;;;
81154;204445;;;
81154;204448;;;
81154;204453;;;
81154;204455;;;
81154;204456;;;
81154;204457;;;
81154;204459;;;
81154;204460;;;
81154;204462;;;
81154;204464;;;
81154;204472;;;
81154;204473;;;
81154;204474;;;
81154;204479;;;
81154;204480;;;
81154;204481;;;
81154;204482;;;
81154;204485;;;
81154;204486;;;
81154;204488;;;
81154;204489;;;
81154;204491;;;
81154;204492;;;
81154;204494;;;
81154;204495;;;
81154;204496;;;
81154;204497;;;
81154;204498;;;
81154;204501;;;
81154;204504;;;
81154;204506;;;
81154;204508;;;
81154;204511;;;
81154;204512;;;
81154;204515;;;
81154;204517;;;
81154;204518;;;
81154;204520;;;
81154;204524;;;
81154;204525;;;
81154;204526;;;
81154;204528;;;
81154;204531;;;
81154;204534;;;
81154;204535;;;
81154;204536;;;
81154;204539;;;
81154;204540;;;
81154;204549;;;
81154;204550;;;
81154;204553;;;
81154;204557;;;
81154;204559;;;
81154;204560;;;
81154;204567;;;
81154;204570;;;
81154;204571;;;
81154;204572;;;
81154;204574;;;
81154;205476;;;
81154;205550;;;
81154;205865;;;
81154;206018;;;
81154;209189;;;
81154;209787;;;
81154;213762;;;
81154;214694;;;
81154;215043;;;
81154;218086;;;
81154;220526;;;
81154;220527;;;
81154;220528;;;
81154;220529;;;
81154;220530;;;
81154;220532;;;
81154;220533;;;
81154;220534;;;
81154;220536;;;
81154;220537;;;
81154;220538;;;
81154;220539;;;
81154;220540;;;
81154;220542;;;
81154;220543;;;
81154;220544;;;
81154;220545;;;
81154;220546;;;
81154;220547;;;
81154;220548;;;
81154;220549;;;
81154;220550;;;
81154;220551;;;
81154;220552;;;
81154;220553;;;
81154;220554;;;
81154;220555;;;
81154;220556;;;
81154;220558;;;
81154;220559;;;
81154;220560;;;
81154;220561;;;
81154;220563;;;
81154;220565;;;
81154;220566;;;
81154;220567;;;
81154;220568;;;
81154;220569;;;
81154;220570;;;
81154;220571;;;
81154;220572;;;
81154;220573;;;
81154;220574;;;
81154;220576;;;
81154;220578;;;
81154;220581;;;
81154;220582;;;
81154;220583;;;
81154;220584;;;
81154;220585;;;
81154;220586;;;
81154;220588;;;
81154;220589;;;
81154;220590;;;
81154;220591;;;
81154;220592;;;
81154;220594;;;
81154;220595;;;
81154;220597;;;
81154;220598;;;
81154;220599;;;
81154;220602;;;
81154;220603;;;
81154;220604;;;
81154;220605;;;
81154;220606;;;
81154;220607;;;
81154;220608;;;
81154;220609;;;
81154;220610;;;
81154;220611;;;
81154;220612;;;
81154;220613;;;
81154;220615;;;
81154;220617;;;
81154;220618;;;
81154;220620;;;
81154;220621;;;
81154;220623;;;
81154;220624;;;
81154;220625;;;
81154;220626;;;
81154;220628;;;
81154;220629;;;
81154;220630;;;
81154;220631;;;
81154;220632;;;
81154;220633;;;
81154;220635;;;
81154;220638;;;
81154;220640;;;
81154;220641;;;
81154;220642;;;
81154;220644;;;
81154;220645;;;
81154;220646;;;
81154;220647;;;
81154;220648;;;
81154;220649;;;
81154;220650;;;
81154;220651;;;
81154;220652;;;
81154;220653;;;
81154;220654;;;
81154;220655;;;
81154;220657;;;
81154;220658;;;
81154;220661;;;
81154;220662;;;
81154;220663;;;
81154;220664;;;
81154;220665;;;
81154;220666;;;
81154;220667;;;
81154;220668;;;
81154;220669;;;
81154;220670;;;
81154;220671;;;
81154;220672;;;
81154;220673;;;
81154;220674;;;
81154;220675;;;
81154;220676;;;
81154;220677;;;
81154;220681;;;
81154;220682;;;
81154;220683;;;
81154;220684;;;
81154;220685;;;
81154;220686;;;
81154;220687;;;
81154;220688;;;
81154;220690;;;
81154;220691;;;
81154;220692;;;
81154;220693;;;
81154;220694;;;
81154;220695;;;
81154;220696;;;
81154;220697;;;
81154;220699;;;
81154;220700;;;
81154;220701;;;
81154;220702;;;
81154;220703;;;
81154;220704;;;
81154;220706;;;
81154;220707;;;
81154;220708;;;
81154;220712;;;
81154;220714;;;
81154;220715;;;
81154;221148;;;
81154;221328;;;
81154;221329;;;
81154;221338;;;
81154;222429;;;
81154;222565;;;
81154;223128;;;
81154;224117;;;
81154;224333;;;
81154;226179;;;
81154;226708;;;
81154;226837;;;
81154;227310;;;
81154;227433;;;
81154;227991;;;
81154;229585;;;
81154;230765;;;
81154;230767;;;
81154;230768;;;
81154;230957;;;
81154;231911;;;
81154;233594;;;
81154;234310;;;
81154;234673;;;
81154;234788;;;
81154;234840;;;
81154;235088;;;
81156;66828;;;
81156;74262;;;
81156;74299;;;
81156;74856;;;
81156;141411;;;
81156;141456;;;
81156;141485;;;
81156;160512;;;
81156;160548;;;
81156;178934;;;
81156;204462;;;
81156;204494;;;
81156;204525;;;
81156;204559;;;
81156;214694;;;
81156;220529;;;
81156;220594;;;
81156;220666;;;
81156;220673;;;
81157;73579;;;
81157;73692;;;
81157;74585;;;
81157;123756;;;
81157;160599;;;
81157;178871;;;
81157;178993;;;
81157;191923;;;
81157;204378;;;
81157;204387;;;
81157;204416;;;
81157;204473;;;
81157;204520;;;
81157;204531;;;
81157;204536;;;
81157;220526;;;
81157;220530;;;
81157;220538;;;
81157;220546;;;
81157;220547;;;
81157;220552;;;
81157;220568;;;
81157;220574;;;
81157;220583;;;
81157;220590;;;
81157;220613;;;
81157;220615;;;
81157;220618;;;
81157;220621;;;
81157;220642;;;
81157;220649;;;
81157;220652;;;
81157;220654;;;
81157;220663;;;
81157;220666;;;
81157;220667;;;
81157;220673;;;
81157;220690;;;
81157;220694;;;
81157;222565;;;
81157;230767;;;
81158;62881;;;
81158;66385;;;
81158;66828;;;
81158;69871;;;
81158;72442;;;
81158;73768;;;
81158;73801;;;
81158;74041;;;
81158;74160;;;
81158;74398;;;
81158;74554;;;
81158;74574;;;
81158;74856;;;
81158;91228;;;
81158;92102;;;
81158;98057;;;
81158;139285;;;
81158;141470;;;
81158;141485;;;
81158;141531;;;
81158;143632;;;
81158;157130;;;
81158;160512;;;
81158;160575;;;
81158;160600;;;
81158;160601;;;
81158;160642;;;
81158;160758;;;
81158;162067;;;
81158;178835;;;
81158;178860;;;
81158;178873;;;
81158;178884;;;
81158;178908;;;
81158;178929;;;
81158;178934;;;
81158;178946;;;
81158;178986;;;
81158;178987;;;
81158;191923;;;
81158;204364;;;
81158;204367;;;
81158;204374;;;
81158;204394;;;
81158;204395;;;
81158;204404;;;
81158;204460;;;
81158;204462;;;
81158;204472;;;
81158;204485;;;
81158;204494;;;
81158;204501;;;
81158;204512;;;
81158;204534;;;
81158;204535;;;
81158;204557;;;
81158;205476;;;
81158;209787;;;
81158;220529;;;
81158;220543;;;
81158;220546;;;
81158;220547;;;
81158;220555;;;
81158;220559;;;
81158;220574;;;
81158;220576;;;
81158;220583;;;
81158;220588;;;
81158;220599;;;
81158;220626;;;
81158;220648;;;
81158;220654;;;
81158;220658;;;
81158;220668;;;
81158;220673;;;
81158;220684;;;
81158;220690;;;
81158;226179;;;
81158;235088;;;
81159;81055;;;
81159;98057;;;
81159;128760;;;
81159;160512;;;
81159;160556;;;
81159;178857;;;
81159;178871;;;
81159;178884;;;
81159;204520;;;
81159;204528;;;
81159;209787;;;
81159;220554;;;
81159;220578;;;
81159;220614;;;
81159;220629;;;
81159;220638;;;
81159;220658;;;
81159;220667;;;
81160;66828;;;
81160;73433;;;
81160;73441;;;
81160;73692;;;
81160;73768;;;
81160;73778;;;
81160;74090;;;
81160;74273;;;
81160;74537;;;
81160;74554;;;
81160;92776;;;
81160;141555;;;
81160;150418;;;
81160;156190;;;
81160;160548;;;
81160;160600;;;
81160;160601;;;
81160;160640;;;
81160;160642;;;
81160;162332;;;
81160;178871;;;
81160;178876;;;
81160;191923;;;
81160;204387;;;
81160;204404;;;
81160;204411;;;
81160;204473;;;
81160;204501;;;
81160;204526;;;
81160;204535;;;
81160;205865;;;
81160;213762;;;
81160;220537;;;
81160;220538;;;
81160;220557;;;
81160;220566;;;
81160;220568;;;
81160;220576;;;
81160;220583;;;
81160;220590;;;
81160;220599;;;
81160;220611;;;
81160;220642;;;
81160;220655;;;
81160;220663;;;
81160;220706;;;
81160;221328;;;
81161;66828;;;
81161;73433;;;
81161;73441;;;
81161;73768;;;
81161;73778;;;
81161;74273;;;
81161;74537;;;
81161;74554;;;
81161;92776;;;
81161;141555;;;
81161;150418;;;
81161;156190;;;
81161;160548;;;
81161;160600;;;
81161;160601;;;
81161;160640;;;
81161;160642;;;
81161;162332;;;
81161;178871;;;
81161;178876;;;
81161;191923;;;
81161;204387;;;
81161;204404;;;
81161;204411;;;
81161;204473;;;
81161;204501;;;
81161;204526;;;
81161;204535;;;
81161;213762;;;
81161;220537;;;
81161;220538;;;
81161;220557;;;
81161;220566;;;
81161;220568;;;
81161;220576;;;
81161;220583;;;
81161;220590;;;
81161;220599;;;
81161;220611;;;
81161;220642;;;
81161;220655;;;
81161;220706;;;
81161;221328;;;
81166;74376;;;
81166;220697;;;
81166;230768;;;
81168;73768;;;
81168;74273;;;
81168;74537;;;
81168;74554;;;
81168;74646;;;
81168;150418;;;
81168;156190;;;
81168;160600;;;
81168;160601;;;
81168;160640;;;
81168;165470;;;
81168;178871;;;
81168;178876;;;
81168;204387;;;
81168;204404;;;
81168;204473;;;
81168;204526;;;
81168;204535;;;
81168;205865;;;
81168;213762;;;
81168;220538;;;
81168;220557;;;
81168;220566;;;
81168;220568;;;
81168;220583;;;
81168;220590;;;
81168;220599;;;
81168;220611;;;
81168;220613;;;
81168;220633;;;
81168;220642;;;
81168;220655;;;
81168;220663;;;
81168;220706;;;
81169;74156;;;
81169;74161;;;
81169;107970;;;
81169;160632;;;
81169;204494;;;
81169;204508;;;
81169;206018;;;
81169;220632;;;
81169;220694;;;
81172;178934;;;
81172;204364;;;
81172;220553;;;
81172;220677;;;
81172;220708;;;
81173;62881;;;
81173;74065;;;
81173;74253;;;
81173;160512;;;
81173;160559;;;
81173;178910;;;
81173;198197;;;
81173;204492;;;
81173;204494;;;
81173;204520;;;
81173;204557;;;
81173;220605;;;
81173;220607;;;
81173;220612;;;
81173;220658;;;
81173;220663;;;
81173;220673;;;
81174;74273;;;
81174;74374;;;
81174;74856;;;
81174;153423;;;
81174;160518;;;
81174;160598;;;
81174;178871;;;
81174;178895;;;
81174;178929;;;
81174;178989;;;
81174;204388;;;
81174;204486;;;
81174;204518;;;
81174;204540;;;
81174;220534;;;
81174;220544;;;
81174;220545;;;
81174;220563;;;
81174;220620;;;
81174;220626;;;
81174;220672;;;
81175;73778;;;
81175;74253;;;
81175;74537;;;
81175;98057;;;
81175;178992;;;
81175;220534;;;
81175;220549;;;
81175;220658;;;
81178;62881;;;
81178;66385;;;
81178;66828;;;
81178;69871;;;
81178;72442;;;
81178;73433;;;
81178;73441;;;
81178;73486;;;
81178;73531;;;
81178;73579;;;
81178;73604;;;
81178;73692;;;
81178;73701;;;
81178;73768;;;
81178;73778;;;
81178;73788;;;
81178;73801;;;
81178;73808;;;
81178;74041;;;
81178;74043;;;
81178;74044;;;
81178;74057;;;
81178;74060;;;
81178;74065;;;
81178;74075;;;
81178;74079;;;
81178;74084;;;
81178;74095;;;
81178;74156;;;
81178;74158;;;
81178;74159;;;
81178;74160;;;
81178;74161;;;
81178;74171;;;
81178;74253;;;
81178;74262;;;
81178;74273;;;
81178;74283;;;
81178;74299;;;
81178;74317;;;
81178;74356;;;
81178;74371;;;
81178;74374;;;
81178;74376;;;
81178;74383;;;
81178;74398;;;
81178;74400;;;
81178;74428;;;
81178;74454;;;
81178;74467;;;
81178;74478;;;
81178;74537;;;
81178;74550;;;
81178;74554;;;
81178;74574;;;
81178;74585;;;
81178;74784;;;
81178;74848;;;
81178;74856;;;
81178;74858;;;
81178;80815;;;
81178;81055;;;
81178;88256;;;
81178;91228;;;
81178;92102;;;
81178;92699;;;
81178;92776;;;
81178;98057;;;
81178;98148;;;
81178;98615;;;
81178;104552;;;
81178;107970;;;
81178;109429;;;
81178;121948;;;
81178;122158;;;
81178;122974;;;
81178;123086;;;
81178;123756;;;
81178;128760;;;
81178;129618;;;
81178;133439;;;
81178;133810;;;
81178;136811;;;
81178;137070;;;
81178;138286;;;
81178;139285;;;
81178;141391;;;
81178;141398;;;
81178;141408;;;
81178;141411;;;
81178;141421;;;
81178;141431;;;
81178;141450;;;
81178;141456;;;
81178;141458;;;
81178;141459;;;
81178;141464;;;
81178;141470;;;
81178;141485;;;
81178;141487;;;
81178;141516;;;
81178;141518;;;
81178;141531;;;
81178;141533;;;
81178;141555;;;
81178;143084;;;
81178;143632;;;
81178;143942;;;
81178;150418;;;
81178;153423;;;
81178;156190;;;
81178;157130;;;
81178;160161;;;
81178;160510;;;
81178;160512;;;
81178;160517;;;
81178;160518;;;
81178;160527;;;
81178;160535;;;
81178;160538;;;
81178;160548;;;
81178;160552;;;
81178;160553;;;
81178;160556;;;
81178;160558;;;
81178;160559;;;
81178;160561;;;
81178;160569;;;
81178;160575;;;
81178;160588;;;
81178;160591;;;
81178;160592;;;
81178;160598;;;
81178;160599;;;
81178;160600;;;
81178;160601;;;
81178;160604;;;
81178;160610;;;
81178;160629;;;
81178;160632;;;
81178;160635;;;
81178;160640;;;
81178;160641;;;
81178;160642;;;
81178;160665;;;
81178;160666;;;
81178;160673;;;
81178;160674;;;
81178;160758;;;
81178;160976;;;
81178;161440;;;
81178;161550;;;
81178;162067;;;
81178;162332;;;
81178;165470;;;
81178;166402;;;
81178;171617;;;
81178;171623;;;
81178;171786;;;
81178;175765;;;
81178;178829;;;
81178;178831;;;
81178;178835;;;
81178;178843;;;
81178;178854;;;
81178;178857;;;
81178;178858;;;
81178;178860;;;
81178;178866;;;
81178;178871;;;
81178;178873;;;
81178;178876;;;
81178;178881;;;
81178;178884;;;
81178;178887;;;
81178;178895;;;
81178;178896;;;
81178;178908;;;
81178;178910;;;
81178;178927;;;
81178;178929;;;
81178;178931;;;
81178;178933;;;
81178;178934;;;
81178;178937;;;
81178;178946;;;
81178;178947;;;
81178;178954;;;
81178;178962;;;
81178;178963;;;
81178;178964;;;
81178;178966;;;
81178;178970;;;
81178;178972;;;
81178;178975;;;
81178;178983;;;
81178;178985;;;
81178;178986;;;
81178;178987;;;
81178;178992;;;
81178;178993;;;
81178;178997;;;
81178;179000;;;
81178;179001;;;
81178;180214;;;
81178;188097;;;
81178;191923;;;
81178;198197;;;
81178;198783;;;
81178;204351;;;
81178;204355;;;
81178;204356;;;
81178;204358;;;
81178;204360;;;
81178;204361;;;
81178;204362;;;
81178;204364;;;
81178;204365;;;
81178;204367;;;
81178;204368;;;
81178;204372;;;
81178;204374;;;
81178;204378;;;
81178;204379;;;
81178;204387;;;
81178;204388;;;
81178;204390;;;
81178;204391;;;
81178;204394;;;
81178;204395;;;
81178;204396;;;
81178;204398;;;
81178;204404;;;
81178;204406;;;
81178;204407;;;
81178;204408;;;
81178;204409;;;
81178;204410;;;
81178;204411;;;
81178;204412;;;
81178;204416;;;
81178;204419;;;
81178;204422;;;
81178;204423;;;
81178;204426;;;
81178;204427;;;
81178;204431;;;
81178;204436;;;
81178;204441;;;
81178;204444;;;
81178;204445;;;
81178;204453;;;
81178;204455;;;
81178;204456;;;
81178;204457;;;
81178;204459;;;
81178;204460;;;
81178;204462;;;
81178;204464;;;
81178;204472;;;
81178;204473;;;
81178;204474;;;
81178;204479;;;
81178;204480;;;
81178;204481;;;
81178;204482;;;
81178;204485;;;
81178;204486;;;
81178;204488;;;
81178;204489;;;
81178;204491;;;
81178;204492;;;
81178;204494;;;
81178;204495;;;
81178;204496;;;
81178;204497;;;
81178;204498;;;
81178;204501;;;
81178;204504;;;
81178;204506;;;
81178;204508;;;
81178;204511;;;
81178;204512;;;
81178;204515;;;
81178;204517;;;
81178;204518;;;
81178;204520;;;
81178;204524;;;
81178;204525;;;
81178;204526;;;
81178;204528;;;
81178;204531;;;
81178;204534;;;
81178;204535;;;
81178;204536;;;
81178;204540;;;
81178;204549;;;
81178;204553;;;
81178;204557;;;
81178;204559;;;
81178;204560;;;
81178;204567;;;
81178;204570;;;
81178;204571;;;
81178;204574;;;
81178;205476;;;
81178;205550;;;
81178;205865;;;
81178;206018;;;
81178;209189;;;
81178;209787;;;
81178;210989;;;
81178;213762;;;
81178;214694;;;
81178;215043;;;
81178;218086;;;
81178;220526;;;
81178;220527;;;
81178;220528;;;
81178;220529;;;
81178;220530;;;
81178;220532;;;
81178;220533;;;
81178;220534;;;
81178;220536;;;
81178;220537;;;
81178;220538;;;
81178;220539;;;
81178;220542;;;
81178;220543;;;
81178;220544;;;
81178;220545;;;
81178;220546;;;
81178;220547;;;
81178;220548;;;
81178;220549;;;
81178;220550;;;
81178;220552;;;
81178;220553;;;
81178;220554;;;
81178;220555;;;
81178;220556;;;
81178;220557;;;
81178;220559;;;
81178;220560;;;
81178;220561;;;
81178;220563;;;
81178;220565;;;
81178;220566;;;
81178;220567;;;
81178;220568;;;
81178;220569;;;
81178;220570;;;
81178;220571;;;
81178;220572;;;
81178;220573;;;
81178;220574;;;
81178;220576;;;
81178;220578;;;
81178;220581;;;
81178;220582;;;
81178;220583;;;
81178;220584;;;
81178;220585;;;
81178;220586;;;
81178;220588;;;
81178;220589;;;
81178;220590;;;
81178;220591;;;
81178;220592;;;
81178;220594;;;
81178;220595;;;
81178;220597;;;
81178;220598;;;
81178;220599;;;
81178;220602;;;
81178;220603;;;
81178;220604;;;
81178;220605;;;
81178;220606;;;
81178;220607;;;
81178;220608;;;
81178;220609;;;
81178;220610;;;
81178;220611;;;
81178;220612;;;
81178;220613;;;
81178;220615;;;
81178;220616;;;
81178;220617;;;
81178;220618;;;
81178;220620;;;
81178;220621;;;
81178;220623;;;
81178;220624;;;
81178;220626;;;
81178;220628;;;
81178;220629;;;
81178;220630;;;
81178;220631;;;
81178;220632;;;
81178;220633;;;
81178;220635;;;
81178;220638;;;
81178;220640;;;
81178;220641;;;
81178;220642;;;
81178;220644;;;
81178;220645;;;
81178;220646;;;
81178;220647;;;
81178;220648;;;
81178;220649;;;
81178;220650;;;
81178;220651;;;
81178;220652;;;
81178;220653;;;
81178;220654;;;
81178;220655;;;
81178;220657;;;
81178;220658;;;
81178;220661;;;
81178;220662;;;
81178;220663;;;
81178;220664;;;
81178;220665;;;
81178;220666;;;
81178;220667;;;
81178;220668;;;
81178;220669;;;
81178;220670;;;
81178;220671;;;
81178;220672;;;
81178;220673;;;
81178;220674;;;
81178;220675;;;
81178;220676;;;
81178;220677;;;
81178;220681;;;
81178;220682;;;
81178;220684;;;
81178;220685;;;
81178;220686;;;
81178;220687;;;
81178;220688;;;
81178;220690;;;
81178;220691;;;
81178;220692;;;
81178;220694;;;
81178;220695;;;
81178;220696;;;
81178;220697;;;
81178;220699;;;
81178;220700;;;
81178;220701;;;
81178;220702;;;
81178;220703;;;
81178;220704;;;
81178;220706;;;
81178;220707;;;
81178;220708;;;
81178;220712;;;
81178;220714;;;
81178;220715;;;
81178;221148;;;
81178;221328;;;
81178;221329;;;
81178;221338;;;
81178;222429;;;
81178;222565;;;
81178;223128;;;
81178;224117;;;
81178;224333;;;
81178;225730;;;
81178;226179;;;
81178;226708;;;
81178;226837;;;
81178;227310;;;
81178;227433;;;
81178;227991;;;
81178;229585;;;
81178;230765;;;
81178;230767;;;
81178;230768;;;
81178;230957;;;
81178;231911;;;
81178;233594;;;
81178;234310;;;
81178;234673;;;
81178;234788;;;
81178;234840;;;
81178;235088;;;
81180;74041;;;
81180;74057;;;
81180;74784;;;
81180;98615;;;
81180;160575;;;
81180;160642;;;
81180;178908;;;
81180;178987;;;
81180;180214;;;
81180;204351;;;
81180;204419;;;
81180;204453;;;
81180;204462;;;
81180;204464;;;
81180;206018;;;
81180;220530;;;
81180;220555;;;
81180;220594;;;
81180;220598;;;
81180;220606;;;
81180;220615;;;
81180;220623;;;
81180;220654;;;
81180;220665;;;
81180;220667;;;
81180;220682;;;
81183;74374;;;
81183;74585;;;
81183;141533;;;
81183;160512;;;
81183;160518;;;
81183;160575;;;
81183;160598;;;
81183;178946;;;
81183;178993;;;
81183;204360;;;
81183;204409;;;
81183;204494;;;
81183;204540;;;
81183;220530;;;
81183;220536;;;
81183;220547;;;
81183;220584;;;
81183;220607;;;
81183;220610;;;
81183;220641;;;
81183;220650;;;
81183;220658;;;
81183;220674;;;
81183;220676;;;
81183;220686;;;
81183;220687;;;
81183;220688;;;
81183;220708;;;
81183;222565;;;
81187;74856;;;
81187;133439;;;
81187;136811;;;
81187;141450;;;
81187;160545;;;
81187;160552;;;
81187;160598;;;
81187;171623;;;
81187;204351;;;
81187;204372;;;
81187;204408;;;
81187;204409;;;
81187;204410;;;
81187;204422;;;
81187;204455;;;
81187;204479;;;
81187;204494;;;
81187;204495;;;
81187;220527;;;
81187;220534;;;
81187;220537;;;
81187;220583;;;
81187;220605;;;
81187;220621;;;
81187;220663;;;
81187;220693;;;
81187;226837;;;
81188;74171;;;
81188;74585;;;
81188;104552;;;
81188;178993;;;
81188;204492;;;
81188;204495;;;
81188;206018;;;
81188;220539;;;
81188;220573;;;
81188;220591;;;
81188;220592;;;
81188;220598;;;
81188;220629;;;
81188;220640;;;
81188;220671;;;
81188;221148;;;
81190;73579;;;
81190;74262;;;
81190;74585;;;
81190;77003;;;
81190;123756;;;
81190;160599;;;
81190;160601;;;
81190;160666;;;
81190;178829;;;
81190;178871;;;
81190;178881;;;
81190;204367;;;
81190;204387;;;
81190;204416;;;
81190;204520;;;
81190;204531;;;
81190;204536;;;
81190;204572;;;
81190;220526;;;
81190;220530;;;
81190;220534;;;
81190;220538;;;
81190;220546;;;
81190;220547;;;
81190;220552;;;
81190;220568;;;
81190;220574;;;
81190;220576;;;
81190;220583;;;
81190;220590;;;
81190;220594;;;
81190;220610;;;
81190;220611;;;
81190;220613;;;
81190;220618;;;
81190;220621;;;
81190;220625;;;
81190;220652;;;
81190;220654;;;
81190;220657;;;
81190;220658;;;
81190;220663;;;
81190;220666;;;
81190;220667;;;
81190;220673;;;
81190;220690;;;
81190;220694;;;
81190;220701;;;
81190;222565;;;
81190;226708;;;
81190;234788;;;
81190;235088;;;
81192;73531;;;
81192;74075;;;
81192;74171;;;
81192;74299;;;
81192;92776;;;
81192;98148;;;
81192;104552;;;
81192;160559;;;
81192;178876;;;
81192;178884;;;
81192;178962;;;
81192;178966;;;
81192;178986;;;
81192;178993;;;
81192;204362;;;
81192;204378;;;
81192;204379;;;
81192;204445;;;
81192;204494;;;
81192;204517;;;
81192;204534;;;
81192;204535;;;
81192;206018;;;
81192;220529;;;
81192;220572;;;
81192;220582;;;
81192;220605;;;
81192;220623;;;
81192;220642;;;
81192;220651;;;
81192;220684;;;
81192;220701;;;
81195;74299;;;
81195;141450;;;
81195;141485;;;
81195;198197;;;
81195;204494;;;
81195;204525;;;
81195;220543;;;
81195;220612;;;
81195;220650;;;
81195;220663;;;
81196;62881;;;
81196;66385;;;
81196;66828;;;
81196;69871;;;
81196;72442;;;
81196;73433;;;
81196;73441;;;
81196;73486;;;
81196;73531;;;
81196;73579;;;
81196;73604;;;
81196;73692;;;
81196;73701;;;
81196;73768;;;
81196;73778;;;
81196;73788;;;
81196;73801;;;
81196;73808;;;
81196;74041;;;
81196;74044;;;
81196;74057;;;
81196;74060;;;
81196;74065;;;
81196;74075;;;
81196;74079;;;
81196;74084;;;
81196;74090;;;
81196;74156;;;
81196;74158;;;
81196;74159;;;
81196;74160;;;
81196;74161;;;
81196;74171;;;
81196;74253;;;
81196;74262;;;
81196;74273;;;
81196;74283;;;
81196;74299;;;
81196;74317;;;
81196;74356;;;
81196;74371;;;
81196;74374;;;
81196;74376;;;
81196;74383;;;
81196;74398;;;
81196;74400;;;
81196;74428;;;
81196;74454;;;
81196;74467;;;
81196;74478;;;
81196;74537;;;
81196;74550;;;
81196;74554;;;
81196;74574;;;
81196;74585;;;
81196;74646;;;
81196;74784;;;
81196;74848;;;
81196;74856;;;
81196;74858;;;
81196;77003;;;
81196;80815;;;
81196;81055;;;
81196;88256;;;
81196;91228;;;
81196;92102;;;
81196;92699;;;
81196;92776;;;
81196;98057;;;
81196;98148;;;
81196;98615;;;
81196;104552;;;
81196;107970;;;
81196;109429;;;
81196;121948;;;
81196;122158;;;
81196;122974;;;
81196;123086;;;
81196;123756;;;
81196;128760;;;
81196;129618;;;
81196;133439;;;
81196;133810;;;
81196;136811;;;
81196;137070;;;
81196;138286;;;
81196;139285;;;
81196;141391;;;
81196;141398;;;
81196;141408;;;
81196;141411;;;
81196;141421;;;
81196;141431;;;
81196;141450;;;
81196;141456;;;
81196;141458;;;
81196;141459;;;
81196;141464;;;
81196;141470;;;
81196;141485;;;
81196;141487;;;
81196;141516;;;
81196;141518;;;
81196;141531;;;
81196;141533;;;
81196;141555;;;
81196;143084;;;
81196;143632;;;
81196;143942;;;
81196;150418;;;
81196;153423;;;
81196;156190;;;
81196;157130;;;
81196;160161;;;
81196;160510;;;
81196;160512;;;
81196;160517;;;
81196;160518;;;
81196;160527;;;
81196;160535;;;
81196;160538;;;
81196;160541;;;
81196;160548;;;
81196;160552;;;
81196;160553;;;
81196;160556;;;
81196;160558;;;
81196;160559;;;
81196;160561;;;
81196;160569;;;
81196;160575;;;
81196;160588;;;
81196;160591;;;
81196;160592;;;
81196;160598;;;
81196;160599;;;
81196;160600;;;
81196;160601;;;
81196;160604;;;
81196;160610;;;
81196;160629;;;
81196;160632;;;
81196;160635;;;
81196;160640;;;
81196;160641;;;
81196;160642;;;
81196;160665;;;
81196;160666;;;
81196;160673;;;
81196;160674;;;
81196;160758;;;
81196;160976;;;
81196;161440;;;
81196;161550;;;
81196;162067;;;
81196;162332;;;
81196;165470;;;
81196;166402;;;
81196;171617;;;
81196;171623;;;
81196;171786;;;
81196;175765;;;
81196;178829;;;
81196;178831;;;
81196;178835;;;
81196;178843;;;
81196;178854;;;
81196;178857;;;
81196;178858;;;
81196;178860;;;
81196;178866;;;
81196;178871;;;
81196;178873;;;
81196;178876;;;
81196;178881;;;
81196;178884;;;
81196;178886;;;
81196;178887;;;
81196;178895;;;
81196;178896;;;
81196;178908;;;
81196;178910;;;
81196;178927;;;
81196;178929;;;
81196;178931;;;
81196;178933;;;
81196;178934;;;
81196;178937;;;
81196;178943;;;
81196;178946;;;
81196;178947;;;
81196;178954;;;
81196;178962;;;
81196;178963;;;
81196;178964;;;
81196;178966;;;
81196;178970;;;
81196;178972;;;
81196;178975;;;
81196;178983;;;
81196;178985;;;
81196;178986;;;
81196;178987;;;
81196;178989;;;
81196;178992;;;
81196;178993;;;
81196;178997;;;
81196;179000;;;
81196;179001;;;
81196;180214;;;
81196;188097;;;
81196;191923;;;
81196;198197;;;
81196;198783;;;
81196;204351;;;
81196;204355;;;
81196;204356;;;
81196;204358;;;
81196;204360;;;
81196;204361;;;
81196;204362;;;
81196;204364;;;
81196;204365;;;
81196;204367;;;
81196;204368;;;
81196;204372;;;
81196;204374;;;
81196;204378;;;
81196;204379;;;
81196;204387;;;
81196;204388;;;
81196;204390;;;
81196;204391;;;
81196;204394;;;
81196;204395;;;
81196;204396;;;
81196;204398;;;
81196;204404;;;
81196;204406;;;
81196;204407;;;
81196;204408;;;
81196;204409;;;
81196;204410;;;
81196;204411;;;
81196;204412;;;
81196;204416;;;
81196;204419;;;
81196;204422;;;
81196;204423;;;
81196;204426;;;
81196;204427;;;
81196;204431;;;
81196;204436;;;
81196;204441;;;
81196;204444;;;
81196;204445;;;
81196;204449;;;
81196;204450;;;
81196;204453;;;
81196;204455;;;
81196;204456;;;
81196;204457;;;
81196;204459;;;
81196;204460;;;
81196;204462;;;
81196;204464;;;
81196;204472;;;
81196;204473;;;
81196;204474;;;
81196;204479;;;
81196;204480;;;
81196;204481;;;
81196;204482;;;
81196;204485;;;
81196;204486;;;
81196;204488;;;
81196;204489;;;
81196;204491;;;
81196;204492;;;
81196;204494;;;
81196;204495;;;
81196;204496;;;
81196;204497;;;
81196;204498;;;
81196;204501;;;
81196;204504;;;
81196;204506;;;
81196;204508;;;
81196;204511;;;
81196;204512;;;
81196;204515;;;
81196;204518;;;
81196;204520;;;
81196;204524;;;
81196;204525;;;
81196;204526;;;
81196;204528;;;
81196;204531;;;
81196;204534;;;
81196;204535;;;
81196;204536;;;
81196;204540;;;
81196;204549;;;
81196;204550;;;
81196;204553;;;
81196;204557;;;
81196;204559;;;
81196;204560;;;
81196;204567;;;
81196;204570;;;
81196;204571;;;
81196;204572;;;
81196;204574;;;
81196;205476;;;
81196;205550;;;
81196;205865;;;
81196;206018;;;
81196;209189;;;
81196;209787;;;
81196;210989;;;
81196;213762;;;
81196;214694;;;
81196;215043;;;
81196;218086;;;
81196;220526;;;
81196;220527;;;
81196;220528;;;
81196;220529;;;
81196;220530;;;
81196;220532;;;
81196;220533;;;
81196;220534;;;
81196;220536;;;
81196;220537;;;
81196;220538;;;
81196;220539;;;
81196;220540;;;
81196;220542;;;
81196;220543;;;
81196;220544;;;
81196;220545;;;
81196;220546;;;
81196;220547;;;
81196;220548;;;
81196;220549;;;
81196;220550;;;
81196;220551;;;
81196;220552;;;
81196;220553;;;
81196;220554;;;
81196;220555;;;
81196;220556;;;
81196;220557;;;
81196;220558;;;
81196;220559;;;
81196;220560;;;
81196;220561;;;
81196;220563;;;
81196;220565;;;
81196;220566;;;
81196;220567;;;
81196;220568;;;
81196;220569;;;
81196;220570;;;
81196;220571;;;
81196;220572;;;
81196;220573;;;
81196;220574;;;
81196;220576;;;
81196;220578;;;
81196;220581;;;
81196;220582;;;
81196;220583;;;
81196;220584;;;
81196;220585;;;
81196;220586;;;
81196;220588;;;
81196;220589;;;
81196;220590;;;
81196;220591;;;
81196;220592;;;
81196;220594;;;
81196;220595;;;
81196;220597;;;
81196;220598;;;
81196;220599;;;
81196;220602;;;
81196;220603;;;
81196;220604;;;
81196;220605;;;
81196;220606;;;
81196;220607;;;
81196;220608;;;
81196;220609;;;
81196;220610;;;
81196;220611;;;
81196;220612;;;
81196;220613;;;
81196;220615;;;
81196;220617;;;
81196;220618;;;
81196;220620;;;
81196;220621;;;
81196;220623;;;
81196;220624;;;
81196;220625;;;
81196;220626;;;
81196;220628;;;
81196;220629;;;
81196;220630;;;
81196;220631;;;
81196;220632;;;
81196;220633;;;
81196;220635;;;
81196;220638;;;
81196;220640;;;
81196;220641;;;
81196;220642;;;
81196;220644;;;
81196;220645;;;
81196;220646;;;
81196;220647;;;
81196;220648;;;
81196;220649;;;
81196;220650;;;
81196;220651;;;
81196;220652;;;
81196;220653;;;
81196;220654;;;
81196;220655;;;
81196;220657;;;
81196;220658;;;
81196;220661;;;
81196;220662;;;
81196;220663;;;
81196;220664;;;
81196;220665;;;
81196;220666;;;
81196;220667;;;
81196;220668;;;
81196;220669;;;
81196;220670;;;
81196;220671;;;
81196;220672;;;
81196;220673;;;
81196;220674;;;
81196;220675;;;
81196;220676;;;
81196;220677;;;
81196;220681;;;
81196;220682;;;
81196;220683;;;
81196;220684;;;
81196;220685;;;
81196;220686;;;
81196;220687;;;
81196;220688;;;
81196;220690;;;
81196;220691;;;
81196;220692;;;
81196;220693;;;
81196;220694;;;
81196;220695;;;
81196;220696;;;
81196;220697;;;
81196;220699;;;
81196;220700;;;
81196;220701;;;
81196;220702;;;
81196;220703;;;
81196;220704;;;
81196;220706;;;
81196;220707;;;
81196;220708;;;
81196;220712;;;
81196;220713;;;
81196;220714;;;
81196;220715;;;
81196;221148;;;
81196;221328;;;
81196;221329;;;
81196;221338;;;
81196;222429;;;
81196;222565;;;
81196;223128;;;
81196;224117;;;
81196;224333;;;
81196;225730;;;
81196;226179;;;
81196;226708;;;
81196;226837;;;
81196;227310;;;
81196;227433;;;
81196;227991;;;
81196;229585;;;
81196;230765;;;
81196;230767;;;
81196;230768;;;
81196;230957;;;
81196;231911;;;
81196;233594;;;
81196;234253;;;
81196;234310;;;
81196;234673;;;
81196;234788;;;
81196;235088;;;
81197;74856;;;
81197;133439;;;
81197;204372;;;
81197;204410;;;
81197;204455;;;
81197;204494;;;
81197;220605;;;
81197;220628;;;
81197;220693;;;
81197;226837;;;
81197;227433;;;
81198;73692;;;
81198;74065;;;
81198;74374;;;
81198;74848;;;
81198;80815;;;
81198;88256;;;
81198;136811;;;
81198;143632;;;
81198;160512;;;
81198;160517;;;
81198;160556;;;
81198;160591;;;
81198;160598;;;
81198;160635;;;
81198;160673;;;
81198;175765;;;
81198;178857;;;
81198;178876;;;
81198;178931;;;
81198;178966;;;
81198;178985;;;
81198;191923;;;
81198;204351;;;
81198;204360;;;
81198;204390;;;
81198;204396;;;
81198;204406;;;
81198;204408;;;
81198;204412;;;
81198;204423;;;
81198;204512;;;
81198;204517;;;
81198;204518;;;
81198;204528;;;
81198;204539;;;
81198;210989;;;
81198;213762;;;
81198;218086;;;
81198;220529;;;
81198;220534;;;
81198;220544;;;
81198;220556;;;
81198;220559;;;
81198;220570;;;
81198;220573;;;
81198;220589;;;
81198;220591;;;
81198;220602;;;
81198;220604;;;
81198;220613;;;
81198;220617;;;
81198;220620;;;
81198;220626;;;
81198;220632;;;
81198;220640;;;
81198;220644;;;
81198;220663;;;
81198;220670;;;
81198;220673;;;
81198;220688;;;
81198;220715;;;
81198;221329;;;
81198;227310;;;
81198;227991;;;
81198;234673;;;
81198;234788;;;
81198;235088;;;
81200;178910;;;
81200;204520;;;
81200;220581;;;
81200;220605;;;
81200;220607;;;
81200;220612;;;
81200;220658;;;
81200;220663;;;
81202;73768;;;
81202;74550;;;
81202;141411;;;
81202;141450;;;
81202;141459;;;
81202;160512;;;
81202;160535;;;
81202;160559;;;
81202;160610;;;
81202;160632;;;
81202;161440;;;
81202;162332;;;
81202;178871;;;
81202;204364;;;
81202;204404;;;
81202;204406;;;
81202;204474;;;
81202;204524;;;
81202;204567;;;
81202;215043;;;
81202;220529;;;
81202;220530;;;
81202;220538;;;
81202;220546;;;
81202;220571;;;
81202;220581;;;
81202;220588;;;
81202;220592;;;
81202;220608;;;
81202;220610;;;
81202;220626;;;
81202;220671;;;
81202;220684;;;
81202;220685;;;
81202;220687;;;
81202;220693;;;
81202;220708;;;
81202;221328;;;
81202;224333;;;
81202;227991;;;
81202;229585;;;
81202;230767;;;
81203;73692;;;
81203;74065;;;
81203;74374;;;
81203;80815;;;
81203;88256;;;
81203;160512;;;
81203;160518;;;
81203;160673;;;
81203;175765;;;
81203;178857;;;
81203;178876;;;
81203;204351;;;
81203;204412;;;
81203;204512;;;
81203;204528;;;
81203;204539;;;
81203;210989;;;
81203;213762;;;
81203;220529;;;
81203;220556;;;
81203;220559;;;
81203;220570;;;
81203;220573;;;
81203;220613;;;
81203;220626;;;
81203;220640;;;
81203;220644;;;
81203;220663;;;
81204;74065;;;
81204;74374;;;
81204;80815;;;
81204;160591;;;
81204;175765;;;
81204;178857;;;
81204;178876;;;
81204;204412;;;
81204;204504;;;
81204;204518;;;
81204;204528;;;
81204;204539;;;
81204;210989;;;
81204;213762;;;
81204;220529;;;
81204;220544;;;
81204;220556;;;
81204;220559;;;
81204;220570;;;
81204;220613;;;
81204;220626;;;
81204;220640;;;
81204;220644;;;
81204;220663;;;
81204;220670;;;
81204;220688;;;
81204;221329;;;
81204;225730;;;
81204;226708;;;
81204;227310;;;
81204;230765;;;
81204;235088;;;
81205;73701;;;
81205;74084;;;
81205;74848;;;
81205;139285;;;
81205;157130;;;
81205;160575;;;
81205;160976;;;
81205;178829;;;
81205;178866;;;
81205;178929;;;
81205;204374;;;
81205;204535;;;
81205;206018;;;
81205;220539;;;
81205;220553;;;
81205;220574;;;
81205;220585;;;
81205;220598;;;
81205;220615;;;
81205;220623;;;
81205;220663;;;
81205;220704;;;
81205;221148;;;
81205;231911;;;
81207;62881;;;
81207;74065;;;
81207;74253;;;
81207;74299;;;
81207;74371;;;
81207;74574;;;
81207;98057;;;
81207;121948;;;
81207;141391;;;
81207;141450;;;
81207;141458;;;
81207;160512;;;
81207;160559;;;
81207;160588;;;
81207;178871;;;
81207;178910;;;
81207;178985;;;
81207;198197;;;
81207;204358;;;
81207;204378;;;
81207;204492;;;
81207;204497;;;
81207;204557;;;
81207;220581;;;
81207;220604;;;
81207;220605;;;
81207;220611;;;
81207;220612;;;
81207;220658;;;
81207;220702;;;
81207;220708;;;
81207;221329;;;
81207;230767;;;
81207;234253;;;
81208;133439;;;
81208;160161;;;
81208;160591;;;
81208;175765;;;
81208;178943;;;
81208;180214;;;
81208;204356;;;
81208;204372;;;
81208;204374;;;
81208;204388;;;
81208;204394;;;
81208;204422;;;
81208;204504;;;
81208;204511;;;
81208;204540;;;
81208;204572;;;
81208;220529;;;
81208;220544;;;
81208;220550;;;
81208;220551;;;
81208;220602;;;
81208;220603;;;
81208;220604;;;
81208;220651;;;
81208;220653;;;
81208;220654;;;
81208;220662;;;
81208;220685;;;
81208;220697;;;
81210;74374;;;
81210;74585;;;
81210;74856;;;
81210;160517;;;
81210;160666;;;
81210;178929;;;
81210;178987;;;
81210;204360;;;
81210;204372;;;
81210;204508;;;
81210;204540;;;
81210;210989;;;
81210;213762;;;
81210;220529;;;
81210;220534;;;
81210;220547;;;
81210;220553;;;
81210;220571;;;
81210;220602;;;
81210;220616;;;
81210;220625;;;
81210;220641;;;
81210;220648;;;
81210;220663;;;
81210;220672;;;
81210;220707;;;
81210;220715;;;
81210;226179;;;
81210;235088;;;
81211;74156;;;
81211;133439;;;
81211;141555;;;
81211;157130;;;
81211;160518;;;
81211;160538;;;
81211;160598;;;
81211;160641;;;
81211;178829;;;
81211;178946;;;
81211;178966;;;
81211;204416;;;
81211;204485;;;
81211;204495;;;
81211;220554;;;
81211;220555;;;
81211;220607;;;
81211;220658;;;
81211;220662;;;
81211;220663;;;
81211;220673;;;
81211;220690;;;
81211;221148;;;
81211;235088;;;
81217;66828;;;
81217;73486;;;
81217;74262;;;
81217;74299;;;
81217;74398;;;
81217;74856;;;
81217;141411;;;
81217;141485;;;
81217;160512;;;
81217;160575;;;
81217;178934;;;
81217;204462;;;
81217;204494;;;
81217;204525;;;
81217;214694;;;
81217;220529;;;
81217;220534;;;
81217;220589;;;
81217;220612;;;
81217;220662;;;
81217;220666;;;
81217;235088;;;
81220;62881;;;
81220;66385;;;
81220;66828;;;
81220;69871;;;
81220;72442;;;
81220;73486;;;
81220;73768;;;
81220;74041;;;
81220;74160;;;
81220;74398;;;
81220;74428;;;
81220;74454;;;
81220;74554;;;
81220;74856;;;
81220;91228;;;
81220;92102;;;
81220;98057;;;
81220;139285;;;
81220;141450;;;
81220;141470;;;
81220;141485;;;
81220;141531;;;
81220;143632;;;
81220;153423;;;
81220;157130;;;
81220;160512;;;
81220;160518;;;
81220;160600;;;
81220;160601;;;
81220;160642;;;
81220;160666;;;
81220;160758;;;
81220;162067;;;
81220;178829;;;
81220;178835;;;
81220;178860;;;
81220;178873;;;
81220;178884;;;
81220;178887;;;
81220;178908;;;
81220;178929;;;
81220;178934;;;
81220;178946;;;
81220;178986;;;
81220;178987;;;
81220;191923;;;
81220;204369;;;
81220;204372;;;
81220;204374;;;
81220;204394;;;
81220;204404;;;
81220;204460;;;
81220;204462;;;
81220;204498;;;
81220;204504;;;
81220;204512;;;
81220;204534;;;
81220;204535;;;
81220;204557;;;
81220;204572;;;
81220;209787;;;
81220;220528;;;
81220;220529;;;
81220;220534;;;
81220;220539;;;
81220;220543;;;
81220;220546;;;
81220;220547;;;
81220;220550;;;
81220;220553;;;
81220;220555;;;
81220;220556;;;
81220;220558;;;
81220;220559;;;
81220;220574;;;
81220;220576;;;
81220;220583;;;
81220;220588;;;
81220;220595;;;
81220;220599;;;
81220;220626;;;
81220;220648;;;
81220;220649;;;
81220;220654;;;
81220;220658;;;
81220;220663;;;
81220;220668;;;
81220;220673;;;
81220;220684;;;
81220;220690;;;
81220;220691;;;
81220;221338;;;
81220;226179;;;
81220;235088;;;
81221;74537;;;
81221;204491;;;
81221;204492;;;
81221;204525;;;
81221;204540;;;
81221;220529;;;
81221;220543;;;
81221;220554;;;
81221;220612;;;
81221;220650;;;
81221;220663;;;
81221;220708;;;
81224;62881;;;
81224;66385;;;
81224;66828;;;
81224;69871;;;
81224;72442;;;
81224;73486;;;
81224;73768;;;
81224;74041;;;
81224;74161;;;
81224;74398;;;
81224;74428;;;
81224;74537;;;
81224;74554;;;
81224;74856;;;
81224;74858;;;
81224;91228;;;
81224;92102;;;
81224;139285;;;
81224;153423;;;
81224;157130;;;
81224;160600;;;
81224;160601;;;
81224;160666;;;
81224;178860;;;
81224;178881;;;
81224;178884;;;
81224;178887;;;
81224;178929;;;
81224;178946;;;
81224;178986;;;
81224;178987;;;
81224;204367;;;
81224;204372;;;
81224;204394;;;
81224;204404;;;
81224;204455;;;
81224;204460;;;
81224;204462;;;
81224;204464;;;
81224;204485;;;
81224;204498;;;
81224;204504;;;
81224;204512;;;
81224;204534;;;
81224;204535;;;
81224;204557;;;
81224;204572;;;
81224;209787;;;
81224;220529;;;
81224;220534;;;
81224;220543;;;
81224;220546;;;
81224;220547;;;
81224;220550;;;
81224;220555;;;
81224;220558;;;
81224;220559;;;
81224;220573;;;
81224;220574;;;
81224;220576;;;
81224;220583;;;
81224;220588;;;
81224;220594;;;
81224;220618;;;
81224;220654;;;
81224;220658;;;
81224;220663;;;
81224;220668;;;
81224;220684;;;
81224;220690;;;
81224;221338;;;
81224;226179;;;
81224;235088;;;
81225;66385;;;
81225;66828;;;
81225;69871;;;
81225;72442;;;
81225;73768;;;
81225;73801;;;
81225;74041;;;
81225;74160;;;
81225;74398;;;
81225;74428;;;
81225;74554;;;
81225;74574;;;
81225;74856;;;
81225;92102;;;
81225;98057;;;
81225;139285;;;
81225;141470;;;
81225;157130;;;
81225;160512;;;
81225;160600;;;
81225;160601;;;
81225;160642;;;
81225;178873;;;
81225;178887;;;
81225;178908;;;
81225;178929;;;
81225;178986;;;
81225;178987;;;
81225;178993;;;
81225;191923;;;
81225;204374;;;
81225;204394;;;
81225;204404;;;
81225;204460;;;
81225;204462;;;
81225;204464;;;
81225;204474;;;
81225;204485;;;
81225;204501;;;
81225;204534;;;
81225;204535;;;
81225;204557;;;
81225;204572;;;
81225;220528;;;
81225;220529;;;
81225;220539;;;
81225;220543;;;
81225;220546;;;
81225;220547;;;
81225;220555;;;
81225;220559;;;
81225;220573;;;
81225;220574;;;
81225;220576;;;
81225;220583;;;
81225;220588;;;
81225;220594;;;
81225;220595;;;
81225;220618;;;
81225;220648;;;
81225;220654;;;
81225;220658;;;
81225;220668;;;
81225;220684;;;
81225;221338;;;
81225;225730;;;
81225;226179;;;
81225;235088;;;
81226;62881;;;
81226;66385;;;
81226;66828;;;
81226;69871;;;
81226;72442;;;
81226;73433;;;
81226;73441;;;
81226;73486;;;
81226;73531;;;
81226;73579;;;
81226;73604;;;
81226;73692;;;
81226;73701;;;
81226;73768;;;
81226;73778;;;
81226;73788;;;
81226;73801;;;
81226;73808;;;
81226;74041;;;
81226;74043;;;
81226;74044;;;
81226;74057;;;
81226;74060;;;
81226;74065;;;
81226;74075;;;
81226;74079;;;
81226;74084;;;
81226;74090;;;
81226;74156;;;
81226;74158;;;
81226;74159;;;
81226;74160;;;
81226;74161;;;
81226;74171;;;
81226;74253;;;
81226;74262;;;
81226;74273;;;
81226;74283;;;
81226;74299;;;
81226;74317;;;
81226;74356;;;
81226;74371;;;
81226;74374;;;
81226;74376;;;
81226;74398;;;
81226;74400;;;
81226;74428;;;
81226;74454;;;
81226;74467;;;
81226;74478;;;
81226;74537;;;
81226;74550;;;
81226;74554;;;
81226;74574;;;
81226;74585;;;
81226;74646;;;
81226;74784;;;
81226;74848;;;
81226;74856;;;
81226;74858;;;
81226;80815;;;
81226;81055;;;
81226;88256;;;
81226;91228;;;
81226;92102;;;
81226;92699;;;
81226;92776;;;
81226;98057;;;
81226;98148;;;
81226;98615;;;
81226;104552;;;
81226;107970;;;
81226;109429;;;
81226;121948;;;
81226;122158;;;
81226;122974;;;
81226;123086;;;
81226;123756;;;
81226;128760;;;
81226;129618;;;
81226;133439;;;
81226;133810;;;
81226;136811;;;
81226;137070;;;
81226;138286;;;
81226;139285;;;
81226;141391;;;
81226;141398;;;
81226;141408;;;
81226;141421;;;
81226;141431;;;
81226;141450;;;
81226;141456;;;
81226;141458;;;
81226;141459;;;
81226;141464;;;
81226;141470;;;
81226;141485;;;
81226;141487;;;
81226;141516;;;
81226;141518;;;
81226;141531;;;
81226;141533;;;
81226;141555;;;
81226;143084;;;
81226;143632;;;
81226;143942;;;
81226;150418;;;
81226;153423;;;
81226;156190;;;
81226;157130;;;
81226;160161;;;
81226;160510;;;
81226;160512;;;
81226;160517;;;
81226;160518;;;
81226;160535;;;
81226;160538;;;
81226;160548;;;
81226;160552;;;
81226;160553;;;
81226;160556;;;
81226;160558;;;
81226;160559;;;
81226;160561;;;
81226;160569;;;
81226;160575;;;
81226;160588;;;
81226;160591;;;
81226;160592;;;
81226;160598;;;
81226;160599;;;
81226;160600;;;
81226;160601;;;
81226;160604;;;
81226;160610;;;
81226;160629;;;
81226;160632;;;
81226;160635;;;
81226;160640;;;
81226;160641;;;
81226;160642;;;
81226;160665;;;
81226;160666;;;
81226;160673;;;
81226;160674;;;
81226;160758;;;
81226;160976;;;
81226;161440;;;
81226;161550;;;
81226;162067;;;
81226;162332;;;
81226;165470;;;
81226;166402;;;
81226;171617;;;
81226;171623;;;
81226;171786;;;
81226;175765;;;
81226;178829;;;
81226;178831;;;
81226;178835;;;
81226;178843;;;
81226;178854;;;
81226;178857;;;
81226;178858;;;
81226;178860;;;
81226;178866;;;
81226;178871;;;
81226;178873;;;
81226;178876;;;
81226;178881;;;
81226;178884;;;
81226;178887;;;
81226;178895;;;
81226;178896;;;
81226;178908;;;
81226;178910;;;
81226;178927;;;
81226;178929;;;
81226;178931;;;
81226;178933;;;
81226;178934;;;
81226;178943;;;
81226;178946;;;
81226;178947;;;
81226;178954;;;
81226;178962;;;
81226;178963;;;
81226;178964;;;
81226;178966;;;
81226;178970;;;
81226;178972;;;
81226;178975;;;
81226;178983;;;
81226;178985;;;
81226;178986;;;
81226;178987;;;
81226;178989;;;
81226;178992;;;
81226;178993;;;
81226;178997;;;
81226;179000;;;
81226;179001;;;
81226;180214;;;
81226;188097;;;
81226;191923;;;
81226;198197;;;
81226;198783;;;
81226;204351;;;
81226;204355;;;
81226;204356;;;
81226;204358;;;
81226;204360;;;
81226;204361;;;
81226;204362;;;
81226;204364;;;
81226;204365;;;
81226;204367;;;
81226;204368;;;
81226;204372;;;
81226;204374;;;
81226;204378;;;
81226;204379;;;
81226;204387;;;
81226;204388;;;
81226;204390;;;
81226;204394;;;
81226;204395;;;
81226;204396;;;
81226;204398;;;
81226;204404;;;
81226;204406;;;
81226;204407;;;
81226;204408;;;
81226;204409;;;
81226;204410;;;
81226;204411;;;
81226;204416;;;
81226;204419;;;
81226;204422;;;
81226;204423;;;
81226;204426;;;
81226;204427;;;
81226;204431;;;
81226;204436;;;
81226;204441;;;
81226;204444;;;
81226;204445;;;
81226;204453;;;
81226;204455;;;
81226;204456;;;
81226;204457;;;
81226;204459;;;
81226;204460;;;
81226;204462;;;
81226;204464;;;
81226;204472;;;
81226;204473;;;
81226;204474;;;
81226;204479;;;
81226;204480;;;
81226;204481;;;
81226;204482;;;
81226;204485;;;
81226;204486;;;
81226;204488;;;
81226;204489;;;
81226;204491;;;
81226;204492;;;
81226;204494;;;
81226;204495;;;
81226;204496;;;
81226;204497;;;
81226;204498;;;
81226;204501;;;
81226;204504;;;
81226;204506;;;
81226;204508;;;
81226;204512;;;
81226;204515;;;
81226;204517;;;
81226;204518;;;
81226;204520;;;
81226;204524;;;
81226;204525;;;
81226;204526;;;
81226;204528;;;
81226;204531;;;
81226;204534;;;
81226;204535;;;
81226;204536;;;
81226;204539;;;
81226;204540;;;
81226;204549;;;
81226;204550;;;
81226;204553;;;
81226;204557;;;
81226;204559;;;
81226;204560;;;
81226;204567;;;
81226;204570;;;
81226;204571;;;
81226;204574;;;
81226;205476;;;
81226;205550;;;
81226;205865;;;
81226;206018;;;
81226;209189;;;
81226;209787;;;
81226;210989;;;
81226;213762;;;
81226;214694;;;
81226;215043;;;
81226;218086;;;
81226;220526;;;
81226;220527;;;
81226;220528;;;
81226;220529;;;
81226;220530;;;
81226;220532;;;
81226;220533;;;
81226;220534;;;
81226;220536;;;
81226;220537;;;
81226;220538;;;
81226;220539;;;
81226;220540;;;
81226;220542;;;
81226;220543;;;
81226;220544;;;
81226;220545;;;
81226;220546;;;
81226;220547;;;
81226;220548;;;
81226;220549;;;
81226;220550;;;
81226;220551;;;
81226;220552;;;
81226;220553;;;
81226;220554;;;
81226;220555;;;
81226;220556;;;
81226;220557;;;
81226;220558;;;
81226;220559;;;
81226;220560;;;
81226;220561;;;
81226;220563;;;
81226;220565;;;
81226;220566;;;
81226;220567;;;
81226;220568;;;
81226;220569;;;
81226;220570;;;
81226;220571;;;
81226;220572;;;
81226;220573;;;
81226;220574;;;
81226;220576;;;
81226;220578;;;
81226;220581;;;
81226;220582;;;
81226;220583;;;
81226;220584;;;
81226;220585;;;
81226;220586;;;
81226;220588;;;
81226;220589;;;
81226;220590;;;
81226;220591;;;
81226;220592;;;
81226;220594;;;
81226;220595;;;
81226;220597;;;
81226;220598;;;
81226;220599;;;
81226;220602;;;
81226;220603;;;
81226;220604;;;
81226;220605;;;
81226;220606;;;
81226;220607;;;
81226;220608;;;
81226;220609;;;
81226;220610;;;
81226;220611;;;
81226;220612;;;
81226;220613;;;
81226;220615;;;
81226;220616;;;
81226;220617;;;
81226;220618;;;
81226;220620;;;
81226;220621;;;
81226;220623;;;
81226;220624;;;
81226;220625;;;
81226;220626;;;
81226;220628;;;
81226;220629;;;
81226;220630;;;
81226;220631;;;
81226;220632;;;
81226;220633;;;
81226;220635;;;
81226;220638;;;
81226;220640;;;
81226;220641;;;
81226;220642;;;
81226;220644;;;
81226;220645;;;
81226;220646;;;
81226;220647;;;
81226;220648;;;
81226;220649;;;
81226;220650;;;
81226;220651;;;
81226;220652;;;
81226;220653;;;
81226;220654;;;
81226;220655;;;
81226;220657;;;
81226;220658;;;
81226;220661;;;
81226;220662;;;
81226;220663;;;
81226;220664;;;
81226;220665;;;
81226;220666;;;
81226;220667;;;
81226;220668;;;
81226;220669;;;
81226;220670;;;
81226;220671;;;
81226;220672;;;
81226;220673;;;
81226;220674;;;
81226;220675;;;
81226;220676;;;
81226;220677;;;
81226;220681;;;
81226;220682;;;
81226;220683;;;
81226;220684;;;
81226;220685;;;
81226;220686;;;
81226;220687;;;
81226;220688;;;
81226;220690;;;
81226;220691;;;
81226;220692;;;
81226;220693;;;
81226;220694;;;
81226;220695;;;
81226;220696;;;
81226;220697;;;
81226;220699;;;
81226;220700;;;
81226;220701;;;
81226;220702;;;
81226;220703;;;
81226;220704;;;
81226;220706;;;
81226;220707;;;
81226;220708;;;
81226;220712;;;
81226;220713;;;
81226;220714;;;
81226;220715;;;
81226;221148;;;
81226;221328;;;
81226;221329;;;
81226;221338;;;
81226;222429;;;
81226;222565;;;
81226;223128;;;
81226;224117;;;
81226;224333;;;
81226;225730;;;
81226;226179;;;
81226;226708;;;
81226;226837;;;
81226;227310;;;
81226;227433;;;
81226;227991;;;
81226;229585;;;
81226;230765;;;
81226;230767;;;
81226;230768;;;
81226;230957;;;
81226;231911;;;
81226;234253;;;
81226;234310;;;
81226;234673;;;
81226;234788;;;
81226;235088;;;
81227;74057;;;
81227;91228;;;
81227;133439;;;
81227;178993;;;
81227;204407;;;
81227;204494;;;
81227;204535;;;
81227;204553;;;
81227;210989;;;
81227;220533;;;
81227;220606;;;
81227;220625;;;
81227;220658;;;
81227;220690;;;
81227;221338;;;
81227;222565;;;
81227;226179;;;
81228;66385;;;
81228;69871;;;
81228;72442;;;
81228;73486;;;
81228;74084;;;
81228;204408;;;
81228;204409;;;
81228;214694;;;
81228;220557;;;
81228;220624;;;
81228;220663;;;
81228;220685;;;
81228;220693;;;
81228;221329;;;
81231;73531;;;
81231;74171;;;
81231;74299;;;
81231;92776;;;
81231;98148;;;
81231;104552;;;
81231;123756;;;
81231;160161;;;
81231;160632;;;
81231;161440;;;
81231;178962;;;
81231;178966;;;
81231;178986;;;
81231;204378;;;
81231;204379;;;
81231;204445;;;
81231;204517;;;
81231;204534;;;
81231;204535;;;
81231;206018;;;
81231;220529;;;
81231;220605;;;
81231;220623;;;
81231;220635;;;
81231;220642;;;
81231;220671;;;
81231;220684;;;
81231;220701;;;
81234;74299;;;
81234;74537;;;
81234;136811;;;
81234;141450;;;
81234;141485;;;
81234;141487;;;
81234;160588;;;
81234;162067;;;
81234;178985;;;
81234;191923;;;
81234;204456;;;
81234;204457;;;
81234;204491;;;
81234;204504;;;
81234;204525;;;
81234;204559;;;
81234;220529;;;
81234;220534;;;
81234;220537;;;
81234;220543;;;
81234;220558;;;
81234;220566;;;
81234;220604;;;
81234;220608;;;
81234;220612;;;
81234;220650;;;
81234;220663;;;
81234;220664;;;
81234;220672;;;
81234;220673;;;
81234;220703;;;
81234;220708;;;
81238;74374;;;
81238;74585;;;
81238;141533;;;
81238;160512;;;
81238;160518;;;
81238;160575;;;
81238;160598;;;
81238;178946;;;
81238;178993;;;
81238;204360;;;
81238;204409;;;
81238;204540;;;
81238;220547;;;
81238;220584;;;
81238;220607;;;
81238;220641;;;
81238;220650;;;
81238;220674;;;
81238;220676;;;
81238;220686;;;
81238;220688;;;
81238;222565;;;
81239;98057;;;
81239;128760;;;
81239;141456;;;
81239;160556;;;
81239;178857;;;
81239;204520;;;
81239;204528;;;
81239;209787;;;
81239;220554;;;
81239;220602;;;
81239;220604;;;
81239;220638;;;
81239;220653;;;
81239;220658;;;
81239;220663;;;
81239;220667;;;
81239;220673;;;
81239;220694;;;
81239;224333;;;
81239;227991;;;
81241;66828;;;
81241;73433;;;
81241;73441;;;
81241;73768;;;
81241;74090;;;
81241;74273;;;
81241;74537;;;
81241;74554;;;
81241;74646;;;
81241;92776;;;
81241;141555;;;
81241;150418;;;
81241;156190;;;
81241;160600;;;
81241;160601;;;
81241;160640;;;
81241;160642;;;
81241;165470;;;
81241;178871;;;
81241;178876;;;
81241;191923;;;
81241;204387;;;
81241;204404;;;
81241;204411;;;
81241;204473;;;
81241;204526;;;
81241;204535;;;
81241;205865;;;
81241;213762;;;
81241;220534;;;
81241;220537;;;
81241;220538;;;
81241;220566;;;
81241;220568;;;
81241;220576;;;
81241;220583;;;
81241;220590;;;
81241;220599;;;
81241;220611;;;
81241;220642;;;
81241;220655;;;
81241;220663;;;
81241;220664;;;
81241;220673;;;
81241;220706;;;
81241;221338;;;
81242;62881;;;
81242;66385;;;
81242;66828;;;
81242;69871;;;
81242;72442;;;
81242;73433;;;
81242;73441;;;
81242;73486;;;
81242;73531;;;
81242;73579;;;
81242;73604;;;
81242;73692;;;
81242;73701;;;
81242;73768;;;
81242;73778;;;
81242;73788;;;
81242;73801;;;
81242;73808;;;
81242;74041;;;
81242;74043;;;
81242;74044;;;
81242;74057;;;
81242;74060;;;
81242;74065;;;
81242;74075;;;
81242;74079;;;
81242;74084;;;
81242;74090;;;
81242;74156;;;
81242;74158;;;
81242;74159;;;
81242;74160;;;
81242;74161;;;
81242;74171;;;
81242;74253;;;
81242;74262;;;
81242;74273;;;
81242;74283;;;
81242;74299;;;
81242;74317;;;
81242;74356;;;
81242;74371;;;
81242;74374;;;
81242;74376;;;
81242;74383;;;
81242;74398;;;
81242;74400;;;
81242;74428;;;
81242;74454;;;
81242;74467;;;
81242;74478;;;
81242;74537;;;
81242;74550;;;
81242;74554;;;
81242;74574;;;
81242;74585;;;
81242;74646;;;
81242;74784;;;
81242;74848;;;
81242;74856;;;
81242;74858;;;
81242;77003;;;
81242;80815;;;
81242;81055;;;
81242;88256;;;
81242;91228;;;
81242;92102;;;
81242;92699;;;
81242;92776;;;
81242;98057;;;
81242;98148;;;
81242;98615;;;
81242;104552;;;
81242;107970;;;
81242;109429;;;
81242;121948;;;
81242;122158;;;
81242;122974;;;
81242;123086;;;
81242;123756;;;
81242;128760;;;
81242;129618;;;
81242;133439;;;
81242;133810;;;
81242;136811;;;
81242;137070;;;
81242;138286;;;
81242;139285;;;
81242;141391;;;
81242;141398;;;
81242;141408;;;
81242;141411;;;
81242;141421;;;
81242;141431;;;
81242;141450;;;
81242;141456;;;
81242;141458;;;
81242;141459;;;
81242;141464;;;
81242;141470;;;
81242;141485;;;
81242;141487;;;
81242;141516;;;
81242;141518;;;
81242;141531;;;
81242;141533;;;
81242;141555;;;
81242;143084;;;
81242;143632;;;
81242;143942;;;
81242;150418;;;
81242;153423;;;
81242;156190;;;
81242;157130;;;
81242;160161;;;
81242;160510;;;
81242;160512;;;
81242;160517;;;
81242;160518;;;
81242;160527;;;
81242;160535;;;
81242;160538;;;
81242;160548;;;
81242;160552;;;
81242;160553;;;
81242;160556;;;
81242;160558;;;
81242;160559;;;
81242;160561;;;
81242;160569;;;
81242;160575;;;
81242;160588;;;
81242;160591;;;
81242;160592;;;
81242;160598;;;
81242;160599;;;
81242;160600;;;
81242;160601;;;
81242;160604;;;
81242;160610;;;
81242;160629;;;
81242;160632;;;
81242;160635;;;
81242;160640;;;
81242;160641;;;
81242;160642;;;
81242;160665;;;
81242;160666;;;
81242;160673;;;
81242;160674;;;
81242;160758;;;
81242;160976;;;
81242;161440;;;
81242;161550;;;
81242;162067;;;
81242;162332;;;
81242;165470;;;
81242;166402;;;
81242;171617;;;
81242;171623;;;
81242;171786;;;
81242;175765;;;
81242;178829;;;
81242;178831;;;
81242;178835;;;
81242;178843;;;
81242;178854;;;
81242;178857;;;
81242;178858;;;
81242;178860;;;
81242;178866;;;
81242;178871;;;
81242;178873;;;
81242;178876;;;
81242;178881;;;
81242;178884;;;
81242;178886;;;
81242;178887;;;
81242;178895;;;
81242;178896;;;
81242;178908;;;
81242;178910;;;
81242;178927;;;
81242;178929;;;
81242;178931;;;
81242;178933;;;
81242;178934;;;
81242;178937;;;
81242;178943;;;
81242;178946;;;
81242;178954;;;
81242;178962;;;
81242;178963;;;
81242;178964;;;
81242;178966;;;
81242;178970;;;
81242;178972;;;
81242;178975;;;
81242;178983;;;
81242;178985;;;
81242;178986;;;
81242;178987;;;
81242;178989;;;
81242;178992;;;
81242;178993;;;
81242;178997;;;
81242;179000;;;
81242;179001;;;
81242;180214;;;
81242;188097;;;
81242;191923;;;
81242;198197;;;
81242;198783;;;
81242;204351;;;
81242;204355;;;
81242;204356;;;
81242;204358;;;
81242;204360;;;
81242;204361;;;
81242;204362;;;
81242;204364;;;
81242;204365;;;
81242;204367;;;
81242;204368;;;
81242;204369;;;
81242;204372;;;
81242;204374;;;
81242;204378;;;
81242;204379;;;
81242;204387;;;
81242;204388;;;
81242;204390;;;
81242;204391;;;
81242;204394;;;
81242;204395;;;
81242;204396;;;
81242;204398;;;
81242;204404;;;
81242;204406;;;
81242;204407;;;
81242;204408;;;
81242;204409;;;
81242;204410;;;
81242;204411;;;
81242;204412;;;
81242;204416;;;
81242;204419;;;
81242;204422;;;
81242;204423;;;
81242;204426;;;
81242;204427;;;
81242;204431;;;
81242;204441;;;
81242;204444;;;
81242;204445;;;
81242;204453;;;
81242;204455;;;
81242;204456;;;
81242;204457;;;
81242;204459;;;
81242;204460;;;
81242;204462;;;
81242;204464;;;
81242;204472;;;
81242;204473;;;
81242;204479;;;
81242;204480;;;
81242;204481;;;
81242;204482;;;
81242;204485;;;
81242;204486;;;
81242;204488;;;
81242;204489;;;
81242;204491;;;
81242;204492;;;
81242;204494;;;
81242;204495;;;
81242;204496;;;
81242;204497;;;
81242;204498;;;
81242;204501;;;
81242;204504;;;
81242;204506;;;
81242;204508;;;
81242;204511;;;
81242;204512;;;
81242;204515;;;
81242;204517;;;
81242;204518;;;
81242;204520;;;
81242;204524;;;
81242;204525;;;
81242;204526;;;
81242;204528;;;
81242;204531;;;
81242;204534;;;
81242;204535;;;
81242;204536;;;
81242;204539;;;
81242;204540;;;
81242;204549;;;
81242;204550;;;
81242;204553;;;
81242;204557;;;
81242;204559;;;
81242;204560;;;
81242;204567;;;
81242;204570;;;
81242;204571;;;
81242;204572;;;
81242;204574;;;
81242;205476;;;
81242;205550;;;
81242;205865;;;
81242;206018;;;
81242;209189;;;
81242;209787;;;
81242;210989;;;
81242;213762;;;
81242;214694;;;
81242;215043;;;
81242;218086;;;
81242;220526;;;
81242;220527;;;
81242;220528;;;
81242;220529;;;
81242;220530;;;
81242;220532;;;
81242;220533;;;
81242;220534;;;
81242;220536;;;
81242;220537;;;
81242;220538;;;
81242;220539;;;
81242;220540;;;
81242;220542;;;
81242;220543;;;
81242;220544;;;
81242;220545;;;
81242;220546;;;
81242;220547;;;
81242;220548;;;
81242;220549;;;
81242;220550;;;
81242;220551;;;
81242;220552;;;
81242;220553;;;
81242;220554;;;
81242;220555;;;
81242;220556;;;
81242;220557;;;
81242;220558;;;
81242;220559;;;
81242;220560;;;
81242;220561;;;
81242;220563;;;
81242;220565;;;
81242;220566;;;
81242;220567;;;
81242;220568;;;
81242;220569;;;
81242;220570;;;
81242;220571;;;
81242;220572;;;
81242;220573;;;
81242;220574;;;
81242;220576;;;
81242;220578;;;
81242;220581;;;
81242;220582;;;
81242;220583;;;
81242;220584;;;
81242;220585;;;
81242;220586;;;
81242;220588;;;
81242;220589;;;
81242;220590;;;
81242;220591;;;
81242;220592;;;
81242;220594;;;
81242;220595;;;
81242;220597;;;
81242;220598;;;
81242;220599;;;
81242;220602;;;
81242;220603;;;
81242;220604;;;
81242;220605;;;
81242;220606;;;
81242;220607;;;
81242;220608;;;
81242;220609;;;
81242;220610;;;
81242;220611;;;
81242;220612;;;
81242;220613;;;
81242;220615;;;
81242;220616;;;
81242;220617;;;
81242;220618;;;
81242;220620;;;
81242;220621;;;
81242;220623;;;
81242;220624;;;
81242;220625;;;
81242;220626;;;
81242;220628;;;
81242;220629;;;
81242;220630;;;
81242;220631;;;
81242;220632;;;
81242;220633;;;
81242;220635;;;
81242;220638;;;
81242;220640;;;
81242;220641;;;
81242;220642;;;
81242;220644;;;
81242;220645;;;
81242;220646;;;
81242;220647;;;
81242;220648;;;
81242;220649;;;
81242;220650;;;
81242;220651;;;
81242;220652;;;
81242;220653;;;
81242;220654;;;
81242;220655;;;
81242;220657;;;
81242;220658;;;
81242;220661;;;
81242;220662;;;
81242;220663;;;
81242;220664;;;
81242;220665;;;
81242;220666;;;
81242;220667;;;
81242;220668;;;
81242;220669;;;
81242;220670;;;
81242;220671;;;
81242;220672;;;
81242;220673;;;
81242;220674;;;
81242;220675;;;
81242;220676;;;
81242;220677;;;
81242;220681;;;
81242;220682;;;
81242;220683;;;
81242;220684;;;
81242;220685;;;
81242;220686;;;
81242;220687;;;
81242;220688;;;
81242;220690;;;
81242;220691;;;
81242;220692;;;
81242;220693;;;
81242;220694;;;
81242;220695;;;
81242;220696;;;
81242;220697;;;
81242;220699;;;
81242;220700;;;
81242;220701;;;
81242;220702;;;
81242;220703;;;
81242;220704;;;
81242;220706;;;
81242;220707;;;
81242;220708;;;
81242;220712;;;
81242;220713;;;
81242;220714;;;
81242;220715;;;
81242;221148;;;
81242;221328;;;
81242;221329;;;
81242;221338;;;
81242;222429;;;
81242;222565;;;
81242;223128;;;
81242;224117;;;
81242;224333;;;
81242;225730;;;
81242;226179;;;
81242;226708;;;
81242;226837;;;
81242;227310;;;
81242;227433;;;
81242;227991;;;
81242;229585;;;
81242;230765;;;
81242;230768;;;
81242;230957;;;
81242;231911;;;
81242;233594;;;
81242;234253;;;
81242;234310;;;
81242;234673;;;
81242;234788;;;
81242;235088;;;
81244;98148;;;
81244;109429;;;
81244;133810;;;
81244;141391;;;
81244;156190;;;
81244;160512;;;
81244;178884;;;
81244;178993;;;
81244;204404;;;
81244;220549;;;
81244;220552;;;
81244;220638;;;
81244;220648;;;
81256;74273;;;
81256;74856;;;
81256;160518;;;
81256;204412;;;
81256;213762;;;
81256;220527;;;
81256;220534;;;
81256;220544;;;
81256;220545;;;
81257;220641;;;
81257;220663;;;
81259;73692;;;
81259;74041;;;
81259;74374;;;
81259;74585;;;
81259;160512;;;
81259;160518;;;
81259;178908;;;
81259;178985;;;
81259;204422;;;
81259;204459;;;
81259;204570;;;
81259;220533;;;
81259;220554;;;
81259;220571;;;
81259;220604;;;
81259;220606;;;
81259;220663;;;
81259;220699;;;
81259;221329;;;
81260;74585;;;
81260;74784;;;
81260;77003;;;
81260;141411;;;
81260;160161;;;
81260;160575;;;
81260;160604;;;
81260;204407;;;
81260;204464;;;
81260;204518;;;
81260;204535;;;
81260;220534;;;
81260;220553;;;
81260;220632;;;
81260;220663;;;
81260;220701;;;
81261;123756;;;
81261;178992;;;
81261;204559;;;
81261;206018;;;
81261;220529;;;
81261;220658;;;
81261;220663;;;
81261;220697;;;
81261;230767;;;
81263;73701;;;
81263;74856;;;
81263;77003;;;
81263;104552;;;
81263;107970;;;
81263;129618;;;
81263;160575;;;
81263;160598;;;
81263;160642;;;
81263;178908;;;
81263;178929;;;
81263;180214;;;
81263;198197;;;
81263;204364;;;
81263;204407;;;
81263;204441;;;
81263;204455;;;
81263;204462;;;
81263;204525;;;
81263;204534;;;
81263;204535;;;
81263;206018;;;
81263;213762;;;
81263;218086;;;
81263;220527;;;
81263;220534;;;
81263;220549;;;
81263;220559;;;
81263;220565;;;
81263;220569;;;
81263;220598;;;
81263;220640;;;
81263;220645;;;
81263;220651;;;
81263;220665;;;
81263;220671;;;
81263;220674;;;
81263;220693;;;
81263;220695;;;
81263;220704;;;
81263;220707;;;
81263;221338;;;
81263;226179;;;
81263;231911;;;
81265;74041;;;
81265;123756;;;
81265;160575;;;
81265;160601;;;
81265;178966;;;
81265;220530;;;
81265;220606;;;
81265;220682;;;
81265;231911;;;
81266;74041;;;
81266;74585;;;
81266;160575;;;
81266;178966;;;
81266;204419;;;
81266;220530;;;
81266;220598;;;
81266;220606;;;
81267;73701;;;
81267;74057;;;
81267;74084;;;
81267;74848;;;
81267;160512;;;
81267;160575;;;
81267;160976;;;
81267;178866;;;
81267;178929;;;
81267;204374;;;
81267;204535;;;
81267;206018;;;
81267;220553;;;
81267;220574;;;
81267;220598;;;
81267;220615;;;
81267;220623;;;
81267;220699;;;
81267;220704;;;
81267;221148;;;
81271;141485;;;
81271;191923;;;
81271;204355;;;
81271;204404;;;
81271;204491;;;
81271;204504;;;
81271;204525;;;
81271;220543;;;
81271;220612;;;
81271;220650;;;
81271;220663;;;
81273;74253;;;
81273;74537;;;
81273;98057;;;
81273;178992;;;
81273;178993;;;
81273;220549;;;
81273;220658;;;
81274;74374;;;
81274;74856;;;
81274;160518;;;
81274;178929;;;
81274;178987;;;
81274;178993;;;
81274;204540;;;
81274;210989;;;
81274;213762;;;
81274;220571;;;
81274;220641;;;
81274;220648;;;
81274;220672;;;
81274;220687;;;
81274;226179;;;
81277;62881;;;
81277;66385;;;
81277;66828;;;
81277;69871;;;
81277;72442;;;
81277;73433;;;
81277;73441;;;
81277;73486;;;
81277;73531;;;
81277;73579;;;
81277;73604;;;
81277;73692;;;
81277;73701;;;
81277;73768;;;
81277;73778;;;
81277;73788;;;
81277;73801;;;
81277;73808;;;
81277;74041;;;
81277;74043;;;
81277;74044;;;
81277;74057;;;
81277;74060;;;
81277;74065;;;
81277;74075;;;
81277;74079;;;
81277;74084;;;
81277;74090;;;
81277;74156;;;
81277;74158;;;
81277;74159;;;
81277;74160;;;
81277;74161;;;
81277;74171;;;
81277;74253;;;
81277;74262;;;
81277;74273;;;
81277;74283;;;
81277;74299;;;
81277;74317;;;
81277;74356;;;
81277;74371;;;
81277;74374;;;
81277;74376;;;
81277;74383;;;
81277;74398;;;
81277;74400;;;
81277;74428;;;
81277;74454;;;
81277;74467;;;
81277;74478;;;
81277;74537;;;
81277;74550;;;
81277;74554;;;
81277;74574;;;
81277;74585;;;
81277;74646;;;
81277;74784;;;
81277;74848;;;
81277;74856;;;
81277;74858;;;
81277;77003;;;
81277;80815;;;
81277;81055;;;
81277;88256;;;
81277;91228;;;
81277;92102;;;
81277;92699;;;
81277;92776;;;
81277;98057;;;
81277;98148;;;
81277;98615;;;
81277;104552;;;
81277;107970;;;
81277;109429;;;
81277;121948;;;
81277;122158;;;
81277;122974;;;
81277;123086;;;
81277;123756;;;
81277;128760;;;
81277;129618;;;
81277;133439;;;
81277;133810;;;
81277;136811;;;
81277;137070;;;
81277;138286;;;
81277;139285;;;
81277;141398;;;
81277;141408;;;
81277;141411;;;
81277;141421;;;
81277;141431;;;
81277;141450;;;
81277;141456;;;
81277;141458;;;
81277;141459;;;
81277;141464;;;
81277;141470;;;
81277;141485;;;
81277;141487;;;
81277;141516;;;
81277;141518;;;
81277;141531;;;
81277;141533;;;
81277;141555;;;
81277;143084;;;
81277;143632;;;
81277;143942;;;
81277;150418;;;
81277;153423;;;
81277;156190;;;
81277;157130;;;
81277;160161;;;
81277;160510;;;
81277;160512;;;
81277;160517;;;
81277;160518;;;
81277;160527;;;
81277;160535;;;
81277;160538;;;
81277;160548;;;
81277;160552;;;
81277;160553;;;
81277;160556;;;
81277;160558;;;
81277;160559;;;
81277;160561;;;
81277;160569;;;
81277;160575;;;
81277;160588;;;
81277;160591;;;
81277;160592;;;
81277;160598;;;
81277;160599;;;
81277;160600;;;
81277;160601;;;
81277;160604;;;
81277;160610;;;
81277;160629;;;
81277;160632;;;
81277;160635;;;
81277;160640;;;
81277;160641;;;
81277;160642;;;
81277;160665;;;
81277;160666;;;
81277;160673;;;
81277;160674;;;
81277;160758;;;
81277;160976;;;
81277;161440;;;
81277;161550;;;
81277;162067;;;
81277;162332;;;
81277;165470;;;
81277;166402;;;
81277;171617;;;
81277;171623;;;
81277;171786;;;
81277;175765;;;
81277;178829;;;
81277;178831;;;
81277;178835;;;
81277;178843;;;
81277;178854;;;
81277;178857;;;
81277;178858;;;
81277;178860;;;
81277;178866;;;
81277;178871;;;
81277;178873;;;
81277;178876;;;
81277;178881;;;
81277;178884;;;
81277;178886;;;
81277;178887;;;
81277;178895;;;
81277;178896;;;
81277;178908;;;
81277;178910;;;
81277;178927;;;
81277;178929;;;
81277;178931;;;
81277;178933;;;
81277;178934;;;
81277;178937;;;
81277;178943;;;
81277;178946;;;
81277;178947;;;
81277;178954;;;
81277;178962;;;
81277;178963;;;
81277;178964;;;
81277;178966;;;
81277;178970;;;
81277;178972;;;
81277;178975;;;
81277;178983;;;
81277;178985;;;
81277;178986;;;
81277;178987;;;
81277;178989;;;
81277;178992;;;
81277;178993;;;
81277;178997;;;
81277;179000;;;
81277;179001;;;
81277;180214;;;
81277;188097;;;
81277;191923;;;
81277;198197;;;
81277;198783;;;
81277;204351;;;
81277;204355;;;
81277;204356;;;
81277;204358;;;
81277;204360;;;
81277;204361;;;
81277;204362;;;
81277;204364;;;
81277;204365;;;
81277;204367;;;
81277;204368;;;
81277;204369;;;
81277;204372;;;
81277;204374;;;
81277;204378;;;
81277;204379;;;
81277;204387;;;
81277;204388;;;
81277;204390;;;
81277;204391;;;
81277;204394;;;
81277;204395;;;
81277;204396;;;
81277;204398;;;
81277;204404;;;
81277;204406;;;
81277;204407;;;
81277;204408;;;
81277;204409;;;
81277;204410;;;
81277;204411;;;
81277;204412;;;
81277;204416;;;
81277;204419;;;
81277;204422;;;
81277;204423;;;
81277;204426;;;
81277;204427;;;
81277;204431;;;
81277;204441;;;
81277;204444;;;
81277;204445;;;
81277;204453;;;
81277;204455;;;
81277;204456;;;
81277;204457;;;
81277;204459;;;
81277;204460;;;
81277;204462;;;
81277;204464;;;
81277;204472;;;
81277;204473;;;
81277;204479;;;
81277;204480;;;
81277;204481;;;
81277;204482;;;
81277;204485;;;
81277;204486;;;
81277;204488;;;
81277;204489;;;
81277;204491;;;
81277;204492;;;
81277;204494;;;
81277;204495;;;
81277;204496;;;
81277;204497;;;
81277;204498;;;
81277;204501;;;
81277;204504;;;
81277;204506;;;
81277;204508;;;
81277;204511;;;
81277;204512;;;
81277;204515;;;
81277;204517;;;
81277;204518;;;
81277;204520;;;
81277;204524;;;
81277;204525;;;
81277;204526;;;
81277;204528;;;
81277;204531;;;
81277;204534;;;
81277;204535;;;
81277;204536;;;
81277;204539;;;
81277;204540;;;
81277;204549;;;
81277;204550;;;
81277;204553;;;
81277;204557;;;
81277;204559;;;
81277;204560;;;
81277;204567;;;
81277;204570;;;
81277;204571;;;
81277;204572;;;
81277;204574;;;
81277;205476;;;
81277;205550;;;
81277;205865;;;
81277;206018;;;
81277;209189;;;
81277;209787;;;
81277;210989;;;
81277;213762;;;
81277;214694;;;
81277;215043;;;
81277;218086;;;
81277;220526;;;
81277;220527;;;
81277;220528;;;
81277;220529;;;
81277;220530;;;
81277;220532;;;
81277;220533;;;
81277;220534;;;
81277;220536;;;
81277;220537;;;
81277;220538;;;
81277;220539;;;
81277;220540;;;
81277;220542;;;
81277;220543;;;
81277;220544;;;
81277;220545;;;
81277;220546;;;
81277;220547;;;
81277;220548;;;
81277;220549;;;
81277;220550;;;
81277;220551;;;
81277;220552;;;
81277;220553;;;
81277;220554;;;
81277;220555;;;
81277;220556;;;
81277;220557;;;
81277;220558;;;
81277;220559;;;
81277;220560;;;
81277;220563;;;
81277;220565;;;
81277;220566;;;
81277;220567;;;
81277;220568;;;
81277;220569;;;
81277;220570;;;
81277;220571;;;
81277;220572;;;
81277;220573;;;
81277;220574;;;
81277;220576;;;
81277;220578;;;
81277;220581;;;
81277;220582;;;
81277;220583;;;
81277;220584;;;
81277;220585;;;
81277;220586;;;
81277;220588;;;
81277;220589;;;
81277;220590;;;
81277;220591;;;
81277;220592;;;
81277;220594;;;
81277;220595;;;
81277;220597;;;
81277;220598;;;
81277;220599;;;
81277;220602;;;
81277;220603;;;
81277;220604;;;
81277;220605;;;
81277;220606;;;
81277;220607;;;
81277;220608;;;
81277;220609;;;
81277;220610;;;
81277;220611;;;
81277;220612;;;
81277;220613;;;
81277;220615;;;
81277;220616;;;
81277;220617;;;
81277;220618;;;
81277;220620;;;
81277;220621;;;
81277;220623;;;
81277;220624;;;
81277;220625;;;
81277;220626;;;
81277;220628;;;
81277;220629;;;
81277;220630;;;
81277;220631;;;
81277;220632;;;
81277;220633;;;
81277;220635;;;
81277;220638;;;
81277;220640;;;
81277;220641;;;
81277;220642;;;
81277;220644;;;
81277;220645;;;
81277;220646;;;
81277;220647;;;
81277;220648;;;
81277;220649;;;
81277;220650;;;
81277;220651;;;
81277;220652;;;
81277;220653;;;
81277;220654;;;
81277;220655;;;
81277;220657;;;
81277;220658;;;
81277;220661;;;
81277;220662;;;
81277;220663;;;
81277;220664;;;
81277;220665;;;
81277;220666;;;
81277;220667;;;
81277;220668;;;
81277;220669;;;
81277;220670;;;
81277;220671;;;
81277;220672;;;
81277;220673;;;
81277;220674;;;
81277;220675;;;
81277;220676;;;
81277;220677;;;
81277;220681;;;
81277;220682;;;
81277;220683;;;
81277;220684;;;
81277;220685;;;
81277;220686;;;
81277;220687;;;
81277;220688;;;
81277;220690;;;
81277;220691;;;
81277;220692;;;
81277;220693;;;
81277;220694;;;
81277;220695;;;
81277;220696;;;
81277;220697;;;
81277;220699;;;
81277;220700;;;
81277;220701;;;
81277;220702;;;
81277;220703;;;
81277;220704;;;
81277;220706;;;
81277;220708;;;
81277;220712;;;
81277;220713;;;
81277;220714;;;
81277;220715;;;
81277;221148;;;
81277;221328;;;
81277;221329;;;
81277;221338;;;
81277;222429;;;
81277;222565;;;
81277;223128;;;
81277;224117;;;
81277;224333;;;
81277;225730;;;
81277;226179;;;
81277;226708;;;
81277;226837;;;
81277;227310;;;
81277;227433;;;
81277;227991;;;
81277;229585;;;
81277;230765;;;
81277;230767;;;
81277;230768;;;
81277;230957;;;
81277;231911;;;
81277;233594;;;
81277;234253;;;
81277;234310;;;
81277;234673;;;
81277;234788;;;
81277;235088;;;
81278;74060;;;
81278;74156;;;
81278;74283;;;
81278;80815;;;
81278;133439;;;
81278;141555;;;
81278;157130;;;
81278;160518;;;
81278;160538;;;
81278;160598;;;
81278;160641;;;
81278;175765;;;
81278;178871;;;
81278;178946;;;
81278;178966;;;
81278;204485;;;
81278;204515;;;
81278;220537;;;
81278;220555;;;
81278;220604;;;
81278;220606;;;
81278;220607;;;
81278;220658;;;
81278;220662;;;
81278;220695;;;
81278;221148;;;
81278;230768;;;
81279;72442;;;
81279;73441;;;
81279;74060;;;
81279;88256;;;
81279;123756;;;
81279;141555;;;
81279;160512;;;
81279;160518;;;
81279;162067;;;
81279;178943;;;
81279;178986;;;
81279;204365;;;
81279;204422;;;
81279;204511;;;
81279;205476;;;
81279;205550;;;
81279;220543;;;
81279;220567;;;
81279;220613;;;
81279;220641;;;
81279;220653;;;
81279;220686;;;
81279;220712;;;
81279;226179;;;
81279;234253;;;
81280;73692;;;
81280;74057;;;
81280;74065;;;
81280;74374;;;
81280;74585;;;
81280;74848;;;
81280;80815;;;
81280;141394;;;
81280;160512;;;
81280;160518;;;
81280;160598;;;
81280;160673;;;
81280;175765;;;
81280;178857;;;
81280;178876;;;
81280;178929;;;
81280;178966;;;
81280;178985;;;
81280;191923;;;
81280;204351;;;
81280;204360;;;
81280;204390;;;
81280;204406;;;
81280;204408;;;
81280;204412;;;
81280;204512;;;
81280;204517;;;
81280;204524;;;
81280;204528;;;
81280;210989;;;
81280;213762;;;
81280;218086;;;
81280;220529;;;
81280;220545;;;
81280;220556;;;
81280;220559;;;
81280;220560;;;
81280;220570;;;
81280;220572;;;
81280;220573;;;
81280;220591;;;
81280;220602;;;
81280;220604;;;
81280;220613;;;
81280;220617;;;
81280;220620;;;
81280;220626;;;
81280;220632;;;
81280;220640;;;
81280;220644;;;
81280;220686;;;
81280;220688;;;
81280;220695;;;
81280;221329;;;
81280;227310;;;
81280;227991;;;
81280;230765;;;
81280;234788;;;
81281;74253;;;
81281;98057;;;
81281;123756;;;
81281;141391;;;
81281;178992;;;
81281;204528;;;
81281;220529;;;
81281;220549;;;
81281;220550;;;
81281;220658;;;
81281;220663;;;
81281;220697;;;
81281;230767;;;
81282;73579;;;
81282;73692;;;
81282;74262;;;
81282;74585;;;
81282;77003;;;
81282;123756;;;
81282;160599;;;
81282;178871;;;
81282;178993;;;
81282;191923;;;
81282;204387;;;
81282;204416;;;
81282;204473;;;
81282;204479;;;
81282;204494;;;
81282;204520;;;
81282;204536;;;
81282;204572;;;
81282;220530;;;
81282;220546;;;
81282;220547;;;
81282;220552;;;
81282;220568;;;
81282;220574;;;
81282;220583;;;
81282;220594;;;
81282;220613;;;
81282;220615;;;
81282;220618;;;
81282;220621;;;
81282;220625;;;
81282;220642;;;
81282;220652;;;
81282;220654;;;
81282;220657;;;
81282;220663;;;
81282;220666;;;
81282;220667;;;
81282;220673;;;
81282;220690;;;
81282;220694;;;
81282;222565;;;
81282;230767;;;
81288;73701;;;
81288;74856;;;
81288;160635;;;
81288;160642;;;
81288;180214;;;
81288;204462;;;
81288;204494;;;
81288;204553;;;
81288;214694;;;
81288;215043;;;
81288;220545;;;
81288;220559;;;
81288;220591;;;
81288;220635;;;
81288;220695;;;
81288;220707;;;
81288;227310;;;
81288;231911;;;
81289;74398;;;
81289;204407;;;
81292;62881;;;
81292;66385;;;
81292;66828;;;
81292;69871;;;
81292;72442;;;
81292;73768;;;
81292;73801;;;
81292;74041;;;
81292;74160;;;
81292;74398;;;
81292;74428;;;
81292;74554;;;
81292;74574;;;
81292;74856;;;
81292;91228;;;
81292;92102;;;
81292;139285;;;
81292;141485;;;
81292;141531;;;
81292;157130;;;
81292;160512;;;
81292;160575;;;
81292;160600;;;
81292;160666;;;
81292;178829;;;
81292;178860;;;
81292;178873;;;
81292;178884;;;
81292;178887;;;
81292;178908;;;
81292;178929;;;
81292;178972;;;
81292;204364;;;
81292;204367;;;
81292;204374;;;
81292;204379;;;
81292;204394;;;
81292;204404;;;
81292;204460;;;
81292;204464;;;
81292;204472;;;
81292;204485;;;
81292;204504;;;
81292;204512;;;
81292;204534;;;
81292;204535;;;
81292;204557;;;
81292;204572;;;
81292;209787;;;
81292;220529;;;
81292;220543;;;
81292;220546;;;
81292;220547;;;
81292;220555;;;
81292;220556;;;
81292;220558;;;
81292;220559;;;
81292;220573;;;
81292;220574;;;
81292;220576;;;
81292;220583;;;
81292;220588;;;
81292;220595;;;
81292;220599;;;
81292;220626;;;
81292;220648;;;
81292;220654;;;
81292;220658;;;
81292;220668;;;
81292;220673;;;
81292;221338;;;
81292;226179;;;
81292;235088;;;
81295;73701;;;
81295;74084;;;
81295;74848;;;
81295;160575;;;
81295;160976;;;
81295;178929;;;
81295;204374;;;
81295;204535;;;
81295;206018;;;
81295;220527;;;
81295;220553;;;
81295;220574;;;
81295;220598;;;
81295;220621;;;
81295;220663;;;
81295;220704;;;
81295;221148;;;
81295;231911;;;
81296;133439;;;
81296;160161;;;
81296;160632;;;
81296;175765;;;
81296;178943;;;
81296;180214;;;
81296;204356;;;
81296;204372;;;
81296;204374;;;
81296;204388;;;
81296;204394;;;
81296;204504;;;
81296;204511;;;
81296;204540;;;
81296;204572;;;
81296;220527;;;
81296;220529;;;
81296;220550;;;
81296;220551;;;
81296;220568;;;
81296;220603;;;
81296;220651;;;
81296;220653;;;
81296;220654;;;
81296;220662;;;
81296;220685;;;
81296;220697;;;
81296;230767;;;
81298;73692;;;
81298;74065;;;
81298;74374;;;
81298;80815;;;
81298;160518;;;
81298;160591;;;
81298;160673;;;
81298;175765;;;
81298;178857;;;
81298;178876;;;
81298;204481;;;
81298;204525;;;
81298;204528;;;
81298;213762;;;
81298;220529;;;
81298;220556;;;
81298;220559;;;
81298;220570;;;
81298;220613;;;
81298;220640;;;
81298;220644;;;
81303;92699;;;
81303;121948;;;
81303;123756;;;
81303;141456;;;
81303;171623;;;
81303;178876;;;
81303;178884;;;
81303;178934;;;
81303;204364;;;
81303;204379;;;
81303;204464;;;
81303;204494;;;
81303;209189;;;
81303;220537;;;
81303;220542;;;
81303;220553;;;
81303;220563;;;
81303;220566;;;
81303;220663;;;
81303;220675;;;
81303;220677;;;
81303;226837;;;
81306;73604;;;
81306;74084;;;
81306;74273;;;
81306;74848;;;
81306;123086;;;
81306;133439;;;
81306;141391;;;
81306;141533;;;
81306;160640;;;
81306;160673;;;
81306;178964;;;
81306;178992;;;
81306;204356;;;
81306;204372;;;
81306;204388;;;
81306;204410;;;
81306;204412;;;
81306;204511;;;
81306;214694;;;
81306;220555;;;
81306;220578;;;
81306;220612;;;
81306;220662;;;
81306;221148;;;
81306;221329;;;
81306;227991;;;
81306;230767;;;
81306;234310;;;
81307;81055;;;
81308;62881;;;
81308;66385;;;
81308;66828;;;
81308;69871;;;
81308;72442;;;
81308;73486;;;
81308;73768;;;
81308;74041;;;
81308;74057;;;
81308;74090;;;
81308;74160;;;
81308;74161;;;
81308;74398;;;
81308;74454;;;
81308;74550;;;
81308;74554;;;
81308;74574;;;
81308;74856;;;
81308;91228;;;
81308;92102;;;
81308;98057;;;
81308;123756;;;
81308;139285;;;
81308;141470;;;
81308;141485;;;
81308;141531;;;
81308;157130;;;
81308;160512;;;
81308;160600;;;
81308;160601;;;
81308;160666;;;
81308;160758;;;
81308;162067;;;
81308;178860;;;
81308;178873;;;
81308;178881;;;
81308;178884;;;
81308;178908;;;
81308;178929;;;
81308;178934;;;
81308;178946;;;
81308;178972;;;
81308;178986;;;
81308;178987;;;
81308;191923;;;
81308;204364;;;
81308;204369;;;
81308;204372;;;
81308;204379;;;
81308;204394;;;
81308;204404;;;
81308;204460;;;
81308;204462;;;
81308;204464;;;
81308;204472;;;
81308;204474;;;
81308;204479;;;
81308;204485;;;
81308;204504;;;
81308;204512;;;
81308;204534;;;
81308;204535;;;
81308;204557;;;
81308;204572;;;
81308;205476;;;
81308;209787;;;
81308;220529;;;
81308;220543;;;
81308;220546;;;
81308;220550;;;
81308;220555;;;
81308;220558;;;
81308;220559;;;
81308;220573;;;
81308;220574;;;
81308;220583;;;
81308;220588;;;
81308;220594;;;
81308;220599;;;
81308;220626;;;
81308;220648;;;
81308;220649;;;
81308;220654;;;
81308;220658;;;
81308;220668;;;
81308;220684;;;
81308;221338;;;
81308;226179;;;
81308;235088;;;
81309;66828;;;
81309;73433;;;
81309;73441;;;
81309;73768;;;
81309;73778;;;
81309;74090;;;
81309;74273;;;
81309;74537;;;
81309;74554;;;
81309;74858;;;
81309;92776;;;
81309;141398;;;
81309;141555;;;
81309;156190;;;
81309;160548;;;
81309;160600;;;
81309;160601;;;
81309;160604;;;
81309;160640;;;
81309;165470;;;
81309;178871;;;
81309;178876;;;
81309;178975;;;
81309;191923;;;
81309;204378;;;
81309;204387;;;
81309;204404;;;
81309;204407;;;
81309;204473;;;
81309;204494;;;
81309;204501;;;
81309;204526;;;
81309;204535;;;
81309;213762;;;
81309;220537;;;
81309;220557;;;
81309;220566;;;
81309;220568;;;
81309;220574;;;
81309;220583;;;
81309;220599;;;
81309;220611;;;
81309;220633;;;
81309;220642;;;
81309;220655;;;
81309;220663;;;
81309;220690;;;
81309;220712;;;
81309;221338;;;
81309;234253;;;
81310;74253;;;
81310;74299;;;
81310;74537;;;
81310;141450;;;
81310;141485;;;
81310;141487;;;
81310;160512;;;
81310;160548;;;
81310;160588;;;
81310;162067;;;
81310;178871;;;
81310;178985;;;
81310;191923;;;
81310;204355;;;
81310;204492;;;
81310;204504;;;
81310;204525;;;
81310;220529;;;
81310;220537;;;
81310;220543;;;
81310;220558;;;
81310;220604;;;
81310;220612;;;
81310;220648;;;
81310;220687;;;
81310;220702;;;
81311;74856;;;
81311;141450;;;
81311;160545;;;
81311;160552;;;
81311;160598;;;
81311;204372;;;
81311;204408;;;
81311;204409;;;
81311;204410;;;
81311;204422;;;
81311;204455;;;
81311;204479;;;
81311;204494;;;
81311;204495;;;
81311;220527;;;
81311;220583;;;
81311;220605;;;
81311;220621;;;
81311;220663;;;
81311;220693;;;
81311;226837;;;
81312;66828;;;
81312;73486;;;
81312;73579;;;
81312;74262;;;
81312;74299;;;
81312;74856;;;
81312;74858;;;
81312;121948;;;
81312;141411;;;
81312;141485;;;
81312;160512;;;
81312;160518;;;
81312;160575;;;
81312;178896;;;
81312;178934;;;
81312;178966;;;
81312;204364;;;
81312;204372;;;
81312;204462;;;
81312;204494;;;
81312;204525;;;
81312;214694;;;
81312;220529;;;
81312;220574;;;
81312;220589;;;
81312;220612;;;
81312;220666;;;
81312;220686;;;
81312;221329;;;
81313;74398;;;
81313;204407;;;
81314;210989;;;
81316;74041;;;
81316;74374;;;
81316;74585;;;
81316;160512;;;
81316;160518;;;
81316;160598;;;
81316;160604;;;
81316;178985;;;
81316;204422;;;
81316;204494;;;
81316;204570;;;
81316;220527;;;
81316;220554;;;
81316;220571;;;
81316;220604;;;
81316;220606;;;
81316;220663;;;
81316;220699;;;
81316;221329;;;
81318;69871;;;
81318;98057;;;
81318;141456;;;
81318;160512;;;
81318;160604;;;
81318;178857;;;
81318;178871;;;
81318;178884;;;
81318;204408;;;
81318;204520;;;
81318;204528;;;
81318;209787;;;
81318;220578;;;
81318;220602;;;
81318;220638;;;
81318;220658;;;
81318;220667;;;
81318;220694;;;
81318;224333;;;
81318;227991;;;
81321;62881;;;
81321;66385;;;
81321;66828;;;
81321;69871;;;
81321;72442;;;
81321;73433;;;
81321;73441;;;
81321;73486;;;
81321;73531;;;
81321;73579;;;
81321;73604;;;
81321;73692;;;
81321;73701;;;
81321;73768;;;
81321;73778;;;
81321;73788;;;
81321;73801;;;
81321;73808;;;
81321;74041;;;
81321;74043;;;
81321;74044;;;
81321;74057;;;
81321;74060;;;
81321;74065;;;
81321;74075;;;
81321;74079;;;
81321;74084;;;
81321;74090;;;
81321;74156;;;
81321;74158;;;
81321;74159;;;
81321;74160;;;
81321;74161;;;
81321;74171;;;
81321;74253;;;
81321;74262;;;
81321;74273;;;
81321;74283;;;
81321;74299;;;
81321;74317;;;
81321;74356;;;
81321;74371;;;
81321;74374;;;
81321;74376;;;
81321;74383;;;
81321;74398;;;
81321;74400;;;
81321;74428;;;
81321;74454;;;
81321;74467;;;
81321;74478;;;
81321;74537;;;
81321;74550;;;
81321;74554;;;
81321;74574;;;
81321;74585;;;
81321;74646;;;
81321;74784;;;
81321;74848;;;
81321;74856;;;
81321;74858;;;
81321;77003;;;
81321;80815;;;
81321;81055;;;
81321;88256;;;
81321;91228;;;
81321;92102;;;
81321;92699;;;
81321;92776;;;
81321;98057;;;
81321;98148;;;
81321;98615;;;
81321;104552;;;
81321;107970;;;
81321;109429;;;
81321;121948;;;
81321;122158;;;
81321;122974;;;
81321;123086;;;
81321;123756;;;
81321;128760;;;
81321;129618;;;
81321;133439;;;
81321;133810;;;
81321;136811;;;
81321;137070;;;
81321;138286;;;
81321;139285;;;
81321;141391;;;
81321;141398;;;
81321;141408;;;
81321;141411;;;
81321;141421;;;
81321;141431;;;
81321;141450;;;
81321;141456;;;
81321;141458;;;
81321;141459;;;
81321;141464;;;
81321;141470;;;
81321;141485;;;
81321;141487;;;
81321;141516;;;
81321;141531;;;
81321;141533;;;
81321;141555;;;
81321;143084;;;
81321;143632;;;
81321;143942;;;
81321;150418;;;
81321;153423;;;
81321;156190;;;
81321;157130;;;
81321;160161;;;
81321;160510;;;
81321;160512;;;
81321;160517;;;
81321;160518;;;
81321;160527;;;
81321;160535;;;
81321;160538;;;
81321;160548;;;
81321;160552;;;
81321;160553;;;
81321;160556;;;
81321;160558;;;
81321;160559;;;
81321;160561;;;
81321;160569;;;
81321;160575;;;
81321;160588;;;
81321;160591;;;
81321;160592;;;
81321;160598;;;
81321;160599;;;
81321;160600;;;
81321;160601;;;
81321;160604;;;
81321;160610;;;
81321;160629;;;
81321;160632;;;
81321;160635;;;
81321;160640;;;
81321;160641;;;
81321;160642;;;
81321;160665;;;
81321;160666;;;
81321;160673;;;
81321;160674;;;
81321;160758;;;
81321;160976;;;
81321;161440;;;
81321;161550;;;
81321;162067;;;
81321;162332;;;
81321;165470;;;
81321;166402;;;
81321;171617;;;
81321;171623;;;
81321;171786;;;
81321;175765;;;
81321;178829;;;
81321;178831;;;
81321;178835;;;
81321;178843;;;
81321;178854;;;
81321;178857;;;
81321;178858;;;
81321;178860;;;
81321;178866;;;
81321;178871;;;
81321;178873;;;
81321;178876;;;
81321;178881;;;
81321;178884;;;
81321;178886;;;
81321;178887;;;
81321;178895;;;
81321;178896;;;
81321;178908;;;
81321;178910;;;
81321;178927;;;
81321;178929;;;
81321;178931;;;
81321;178933;;;
81321;178934;;;
81321;178937;;;
81321;178943;;;
81321;178946;;;
81321;178947;;;
81321;178954;;;
81321;178962;;;
81321;178963;;;
81321;178964;;;
81321;178966;;;
81321;178970;;;
81321;178972;;;
81321;178975;;;
81321;178983;;;
81321;178985;;;
81321;178986;;;
81321;178987;;;
81321;178989;;;
81321;178992;;;
81321;178993;;;
81321;178997;;;
81321;179000;;;
81321;179001;;;
81321;180214;;;
81321;188097;;;
81321;191923;;;
81321;198197;;;
81321;198783;;;
81321;204351;;;
81321;204355;;;
81321;204356;;;
81321;204358;;;
81321;204360;;;
81321;204361;;;
81321;204362;;;
81321;204364;;;
81321;204365;;;
81321;204367;;;
81321;204368;;;
81321;204372;;;
81321;204374;;;
81321;204378;;;
81321;204379;;;
81321;204387;;;
81321;204388;;;
81321;204390;;;
81321;204394;;;
81321;204395;;;
81321;204396;;;
81321;204398;;;
81321;204404;;;
81321;204406;;;
81321;204407;;;
81321;204408;;;
81321;204409;;;
81321;204410;;;
81321;204411;;;
81321;204412;;;
81321;204416;;;
81321;204419;;;
81321;204422;;;
81321;204423;;;
81321;204426;;;
81321;204427;;;
81321;204431;;;
81321;204436;;;
81321;204441;;;
81321;204444;;;
81321;204445;;;
81321;204453;;;
81321;204455;;;
81321;204456;;;
81321;204457;;;
81321;204459;;;
81321;204460;;;
81321;204462;;;
81321;204464;;;
81321;204472;;;
81321;204473;;;
81321;204474;;;
81321;204479;;;
81321;204480;;;
81321;204481;;;
81321;204482;;;
81321;204485;;;
81321;204486;;;
81321;204488;;;
81321;204489;;;
81321;204491;;;
81321;204492;;;
81321;204494;;;
81321;204495;;;
81321;204496;;;
81321;204497;;;
81321;204498;;;
81321;204501;;;
81321;204504;;;
81321;204506;;;
81321;204508;;;
81321;204511;;;
81321;204512;;;
81321;204515;;;
81321;204517;;;
81321;204518;;;
81321;204520;;;
81321;204524;;;
81321;204525;;;
81321;204526;;;
81321;204528;;;
81321;204531;;;
81321;204534;;;
81321;204535;;;
81321;204536;;;
81321;204539;;;
81321;204540;;;
81321;204549;;;
81321;204550;;;
81321;204553;;;
81321;204557;;;
81321;204559;;;
81321;204560;;;
81321;204567;;;
81321;204570;;;
81321;204571;;;
81321;204572;;;
81321;204574;;;
81321;205476;;;
81321;205550;;;
81321;205865;;;
81321;206018;;;
81321;209189;;;
81321;209787;;;
81321;210989;;;
81321;213762;;;
81321;214694;;;
81321;215043;;;
81321;218086;;;
81321;220526;;;
81321;220527;;;
81321;220528;;;
81321;220529;;;
81321;220530;;;
81321;220532;;;
81321;220533;;;
81321;220534;;;
81321;220536;;;
81321;220537;;;
81321;220538;;;
81321;220539;;;
81321;220540;;;
81321;220542;;;
81321;220543;;;
81321;220544;;;
81321;220545;;;
81321;220546;;;
81321;220547;;;
81321;220548;;;
81321;220549;;;
81321;220550;;;
81321;220551;;;
81321;220552;;;
81321;220553;;;
81321;220554;;;
81321;220555;;;
81321;220556;;;
81321;220557;;;
81321;220558;;;
81321;220559;;;
81321;220560;;;
81321;220561;;;
81321;220563;;;
81321;220565;;;
81321;220566;;;
81321;220567;;;
81321;220568;;;
81321;220569;;;
81321;220570;;;
81321;220571;;;
81321;220572;;;
81321;220573;;;
81321;220574;;;
81321;220576;;;
81321;220578;;;
81321;220581;;;
81321;220582;;;
81321;220583;;;
81321;220584;;;
81321;220585;;;
81321;220586;;;
81321;220588;;;
81321;220589;;;
81321;220590;;;
81321;220591;;;
81321;220592;;;
81321;220594;;;
81321;220595;;;
81321;220597;;;
81321;220598;;;
81321;220599;;;
81321;220602;;;
81321;220603;;;
81321;220604;;;
81321;220605;;;
81321;220606;;;
81321;220607;;;
81321;220608;;;
81321;220609;;;
81321;220610;;;
81321;220611;;;
81321;220612;;;
81321;220613;;;
81321;220615;;;
81321;220616;;;
81321;220617;;;
81321;220618;;;
81321;220620;;;
81321;220621;;;
81321;220623;;;
81321;220624;;;
81321;220625;;;
81321;220626;;;
81321;220628;;;
81321;220629;;;
81321;220630;;;
81321;220631;;;
81321;220632;;;
81321;220633;;;
81321;220635;;;
81321;220638;;;
81321;220640;;;
81321;220641;;;
81321;220642;;;
81321;220644;;;
81321;220645;;;
81321;220646;;;
81321;220647;;;
81321;220648;;;
81321;220649;;;
81321;220650;;;
81321;220651;;;
81321;220652;;;
81321;220653;;;
81321;220654;;;
81321;220655;;;
81321;220657;;;
81321;220658;;;
81321;220661;;;
81321;220662;;;
81321;220663;;;
81321;220664;;;
81321;220665;;;
81321;220666;;;
81321;220667;;;
81321;220668;;;
81321;220669;;;
81321;220670;;;
81321;220671;;;
81321;220672;;;
81321;220673;;;
81321;220674;;;
81321;220675;;;
81321;220676;;;
81321;220677;;;
81321;220681;;;
81321;220682;;;
81321;220683;;;
81321;220684;;;
81321;220685;;;
81321;220686;;;
81321;220687;;;
81321;220688;;;
81321;220690;;;
81321;220691;;;
81321;220692;;;
81321;220693;;;
81321;220694;;;
81321;220695;;;
81321;220696;;;
81321;220697;;;
81321;220699;;;
81321;220700;;;
81321;220701;;;
81321;220703;;;
81321;220704;;;
81321;220706;;;
81321;220707;;;
81321;220708;;;
81321;220712;;;
81321;220713;;;
81321;220714;;;
81321;220715;;;
81321;221148;;;
81321;221328;;;
81321;221329;;;
81321;221338;;;
81321;222429;;;
81321;222565;;;
81321;223128;;;
81321;224117;;;
81321;224333;;;
81321;225730;;;
81321;226179;;;
81321;226708;;;
81321;226837;;;
81321;227310;;;
81321;227991;;;
81321;229585;;;
81321;230765;;;
81321;230767;;;
81321;230768;;;
81321;230957;;;
81321;231911;;;
81321;233594;;;
81321;234253;;;
81321;234310;;;
81321;234673;;;
81321;234788;;;
81321;235088;;;
81323;62881;;;
81323;66385;;;
81323;66828;;;
81323;69871;;;
81323;72442;;;
81323;73433;;;
81323;73441;;;
81323;73486;;;
81323;73531;;;
81323;73579;;;
81323;73604;;;
81323;73692;;;
81323;73701;;;
81323;73768;;;
81323;73778;;;
81323;73788;;;
81323;73801;;;
81323;73808;;;
81323;74041;;;
81323;74044;;;
81323;74057;;;
81323;74060;;;
81323;74065;;;
81323;74079;;;
81323;74084;;;
81323;74090;;;
81323;74156;;;
81323;74158;;;
81323;74159;;;
81323;74160;;;
81323;74161;;;
81323;74171;;;
81323;74253;;;
81323;74262;;;
81323;74273;;;
81323;74283;;;
81323;74299;;;
81323;74317;;;
81323;74356;;;
81323;74371;;;
81323;74374;;;
81323;74376;;;
81323;74383;;;
81323;74398;;;
81323;74400;;;
81323;74428;;;
81323;74454;;;
81323;74467;;;
81323;74478;;;
81323;74537;;;
81323;74550;;;
81323;74554;;;
81323;74574;;;
81323;74585;;;
81323;74646;;;
81323;74784;;;
81323;74848;;;
81323;74856;;;
81323;74858;;;
81323;77003;;;
81323;80815;;;
81323;81055;;;
81323;88256;;;
81323;91228;;;
81323;92102;;;
81323;92699;;;
81323;92776;;;
81323;98057;;;
81323;98148;;;
81323;98615;;;
81323;104552;;;
81323;107970;;;
81323;109429;;;
81323;121948;;;
81323;122158;;;
81323;122974;;;
81323;123086;;;
81323;123756;;;
81323;128760;;;
81323;133439;;;
81323;133810;;;
81323;136811;;;
81323;137070;;;
81323;138286;;;
81323;139285;;;
81323;141391;;;
81323;141398;;;
81323;141408;;;
81323;141411;;;
81323;141421;;;
81323;141431;;;
81323;141450;;;
81323;141456;;;
81323;141458;;;
81323;141459;;;
81323;141464;;;
81323;141470;;;
81323;141485;;;
81323;141487;;;
81323;141516;;;
81323;141518;;;
81323;141531;;;
81323;141533;;;
81323;141555;;;
81323;143084;;;
81323;143632;;;
81323;143942;;;
81323;150418;;;
81323;156190;;;
81323;157130;;;
81323;160161;;;
81323;160510;;;
81323;160512;;;
81323;160517;;;
81323;160518;;;
81323;160527;;;
81323;160535;;;
81323;160538;;;
81323;160545;;;
81323;160548;;;
81323;160552;;;
81323;160553;;;
81323;160556;;;
81323;160558;;;
81323;160559;;;
81323;160561;;;
81323;160569;;;
81323;160575;;;
81323;160588;;;
81323;160591;;;
81323;160592;;;
81323;160598;;;
81323;160599;;;
81323;160600;;;
81323;160601;;;
81323;160604;;;
81323;160610;;;
81323;160629;;;
81323;160635;;;
81323;160640;;;
81323;160641;;;
81323;160642;;;
81323;160665;;;
81323;160666;;;
81323;160673;;;
81323;160674;;;
81323;160758;;;
81323;160976;;;
81323;161440;;;
81323;161550;;;
81323;162067;;;
81323;162332;;;
81323;165470;;;
81323;171617;;;
81323;171623;;;
81323;171786;;;
81323;175765;;;
81323;178829;;;
81323;178831;;;
81323;178835;;;
81323;178843;;;
81323;178854;;;
81323;178857;;;
81323;178858;;;
81323;178860;;;
81323;178866;;;
81323;178871;;;
81323;178873;;;
81323;178876;;;
81323;178881;;;
81323;178884;;;
81323;178886;;;
81323;178887;;;
81323;178895;;;
81323;178896;;;
81323;178908;;;
81323;178910;;;
81323;178927;;;
81323;178929;;;
81323;178933;;;
81323;178934;;;
81323;178937;;;
81323;178946;;;
81323;178947;;;
81323;178954;;;
81323;178962;;;
81323;178963;;;
81323;178964;;;
81323;178966;;;
81323;178970;;;
81323;178972;;;
81323;178975;;;
81323;178983;;;
81323;178985;;;
81323;178986;;;
81323;178987;;;
81323;178989;;;
81323;178992;;;
81323;178993;;;
81323;178997;;;
81323;179000;;;
81323;179001;;;
81323;180214;;;
81323;188097;;;
81323;191923;;;
81323;198197;;;
81323;198783;;;
81323;204351;;;
81323;204355;;;
81323;204356;;;
81323;204358;;;
81323;204360;;;
81323;204362;;;
81323;204364;;;
81323;204365;;;
81323;204367;;;
81323;204368;;;
81323;204369;;;
81323;204372;;;
81323;204374;;;
81323;204378;;;
81323;204379;;;
81323;204387;;;
81323;204388;;;
81323;204390;;;
81323;204391;;;
81323;204394;;;
81323;204396;;;
81323;204398;;;
81323;204404;;;
81323;204406;;;
81323;204407;;;
81323;204408;;;
81323;204409;;;
81323;204410;;;
81323;204411;;;
81323;204412;;;
81323;204416;;;
81323;204422;;;
81323;204423;;;
81323;204426;;;
81323;204427;;;
81323;204431;;;
81323;204436;;;
81323;204444;;;
81323;204445;;;
81323;204453;;;
81323;204455;;;
81323;204456;;;
81323;204457;;;
81323;204459;;;
81323;204460;;;
81323;204462;;;
81323;204464;;;
81323;204472;;;
81323;204473;;;
81323;204474;;;
81323;204479;;;
81323;204480;;;
81323;204481;;;
81323;204482;;;
81323;204485;;;
81323;204486;;;
81323;204488;;;
81323;204489;;;
81323;204492;;;
81323;204494;;;
81323;204495;;;
81323;204496;;;
81323;204497;;;
81323;204501;;;
81323;204504;;;
81323;204506;;;
81323;204508;;;
81323;204511;;;
81323;204512;;;
81323;204515;;;
81323;204517;;;
81323;204518;;;
81323;204524;;;
81323;204525;;;
81323;204526;;;
81323;204528;;;
81323;204534;;;
81323;204535;;;
81323;204536;;;
81323;204540;;;
81323;204549;;;
81323;204553;;;
81323;204557;;;
81323;204559;;;
81323;204560;;;
81323;204567;;;
81323;204571;;;
81323;204572;;;
81323;204574;;;
81323;205476;;;
81323;205550;;;
81323;205865;;;
81323;206018;;;
81323;209189;;;
81323;209787;;;
81323;210989;;;
81323;213762;;;
81323;214694;;;
81323;215043;;;
81323;218086;;;
81323;220527;;;
81323;220528;;;
81323;220529;;;
81323;220530;;;
81323;220532;;;
81323;220533;;;
81323;220534;;;
81323;220536;;;
81323;220537;;;
81323;220538;;;
81323;220539;;;
81323;220542;;;
81323;220543;;;
81323;220544;;;
81323;220545;;;
81323;220546;;;
81323;220547;;;
81323;220548;;;
81323;220549;;;
81323;220550;;;
81323;220552;;;
81323;220553;;;
81323;220554;;;
81323;220555;;;
81323;220556;;;
81323;220557;;;
81323;220558;;;
81323;220559;;;
81323;220560;;;
81323;220561;;;
81323;220563;;;
81323;220565;;;
81323;220566;;;
81323;220568;;;
81323;220569;;;
81323;220570;;;
81323;220571;;;
81323;220572;;;
81323;220573;;;
81323;220574;;;
81323;220576;;;
81323;220578;;;
81323;220581;;;
81323;220582;;;
81323;220583;;;
81323;220584;;;
81323;220586;;;
81323;220588;;;
81323;220589;;;
81323;220590;;;
81323;220591;;;
81323;220592;;;
81323;220594;;;
81323;220595;;;
81323;220598;;;
81323;220599;;;
81323;220602;;;
81323;220603;;;
81323;220604;;;
81323;220605;;;
81323;220606;;;
81323;220607;;;
81323;220608;;;
81323;220609;;;
81323;220610;;;
81323;220611;;;
81323;220612;;;
81323;220613;;;
81323;220615;;;
81323;220617;;;
81323;220618;;;
81323;220620;;;
81323;220621;;;
81323;220623;;;
81323;220624;;;
81323;220625;;;
81323;220626;;;
81323;220628;;;
81323;220629;;;
81323;220630;;;
81323;220631;;;
81323;220632;;;
81323;220633;;;
81323;220635;;;
81323;220638;;;
81323;220640;;;
81323;220641;;;
81323;220642;;;
81323;220644;;;
81323;220645;;;
81323;220646;;;
81323;220647;;;
81323;220648;;;
81323;220649;;;
81323;220650;;;
81323;220651;;;
81323;220652;;;
81323;220653;;;
81323;220654;;;
81323;220655;;;
81323;220657;;;
81323;220658;;;
81323;220661;;;
81323;220662;;;
81323;220663;;;
81323;220664;;;
81323;220665;;;
81323;220666;;;
81323;220667;;;
81323;220668;;;
81323;220669;;;
81323;220670;;;
81323;220671;;;
81323;220672;;;
81323;220673;;;
81323;220674;;;
81323;220675;;;
81323;220676;;;
81323;220677;;;
81323;220681;;;
81323;220682;;;
81323;220683;;;
81323;220684;;;
81323;220685;;;
81323;220686;;;
81323;220687;;;
81323;220688;;;
81323;220690;;;
81323;220691;;;
81323;220692;;;
81323;220693;;;
81323;220694;;;
81323;220695;;;
81323;220696;;;
81323;220697;;;
81323;220700;;;
81323;220701;;;
81323;220702;;;
81323;220703;;;
81323;220704;;;
81323;220706;;;
81323;220707;;;
81323;220708;;;
81323;220712;;;
81323;220713;;;
81323;220715;;;
81323;221148;;;
81323;221328;;;
81323;221338;;;
81323;222429;;;
81323;222565;;;
81323;223128;;;
81323;224117;;;
81323;224333;;;
81323;225730;;;
81323;226179;;;
81323;226837;;;
81323;227310;;;
81323;227991;;;
81323;229585;;;
81323;230765;;;
81323;230767;;;
81323;230768;;;
81323;230957;;;
81323;231911;;;
81323;233594;;;
81323;234253;;;
81323;234310;;;
81323;234673;;;
81323;234788;;;
81323;235088;;;
81324;220697;;;
81325;74784;;;
81325;160569;;;
81325;160575;;;
81325;160604;;;
81325;178970;;;
81325;204494;;;
81325;204535;;;
81325;220527;;;
81325;220642;;;
81326;141450;;;
81326;204355;;;
81326;204387;;;
81326;204491;;;
81326;204504;;;
81326;204525;;;
81326;220543;;;
81326;220574;;;
81326;220612;;;
81326;220621;;;
81326;220672;;;
81327;73692;;;
81327;74374;;;
81327;80815;;;
81327;160591;;;
81327;178857;;;
81327;178876;;;
81327;178966;;;
81327;191923;;;
81327;204412;;;
81327;204528;;;
81327;204539;;;
81327;210989;;;
81327;213762;;;
81327;220529;;;
81327;220544;;;
81327;220556;;;
81327;220559;;;
81327;220570;;;
81327;220572;;;
81327;220613;;;
81327;220626;;;
81327;220640;;;
81327;220663;;;
81327;220688;;;
81331;73531;;;
81331;74044;;;
81331;74090;;;
81331;74161;;;
81331;74299;;;
81331;74467;;;
81331;74585;;;
81331;98615;;;
81331;104552;;;
81331;109429;;;
81331;123086;;;
81331;123756;;;
81331;141411;;;
81331;160592;;;
81331;160601;;;
81331;160604;;;
81331;160758;;;
81331;178929;;;
81331;178946;;;
81331;178997;;;
81331;204360;;;
81331;204372;;;
81331;204390;;;
81331;204407;;;
81331;204441;;;
81331;204445;;;
81331;204455;;;
81331;204528;;;
81331;204534;;;
81331;204535;;;
81331;204540;;;
81331;204557;;;
81331;204570;;;
81331;209787;;;
81331;220533;;;
81331;220540;;;
81331;220551;;;
81331;220560;;;
81331;220598;;;
81331;220609;;;
81331;220621;;;
81331;220686;;;
81331;220704;;;
81331;221338;;;
81336;74374;;;
81336;160512;;;
81336;160598;;;
81336;178871;;;
81336;204360;;;
81336;204362;;;
81336;204540;;;
81336;220584;;;
81336;220607;;;
81336;220646;;;
81336;220650;;;
81336;220674;;;
81336;220676;;;
81336;220686;;;
81336;220687;;;
81336;220688;;;
81336;220715;;;
81337;104552;;;
81337;204492;;;
81337;206018;;;
81337;220539;;;
81337;220554;;;
81337;220573;;;
81337;220591;;;
81337;220592;;;
81337;220598;;;
81337;220640;;;
81337;220663;;;
81337;220671;;;
81337;221148;;;
81341;81055;;;
81341;220614;;;
81343;73701;;;
81343;74060;;;
81343;74156;;;
81343;74161;;;
81343;74295;;;
81343;81055;;;
81343;178987;;;
81343;220641;;;
81343;220646;;;
81343;220663;;;
81344;62881;;;
81344;66385;;;
81344;66828;;;
81344;69871;;;
81344;72442;;;
81344;73433;;;
81344;73441;;;
81344;73486;;;
81344;73531;;;
81344;73579;;;
81344;73604;;;
81344;73692;;;
81344;73701;;;
81344;73768;;;
81344;73778;;;
81344;73788;;;
81344;73801;;;
81344;73808;;;
81344;74041;;;
81344;74043;;;
81344;74044;;;
81344;74057;;;
81344;74060;;;
81344;74065;;;
81344;74079;;;
81344;74084;;;
81344;74090;;;
81344;74156;;;
81344;74158;;;
81344;74159;;;
81344;74160;;;
81344;74161;;;
81344;74171;;;
81344;74253;;;
81344;74262;;;
81344;74273;;;
81344;74283;;;
81344;74299;;;
81344;74317;;;
81344;74356;;;
81344;74371;;;
81344;74374;;;
81344;74376;;;
81344;74383;;;
81344;74398;;;
81344;74400;;;
81344;74428;;;
81344;74454;;;
81344;74467;;;
81344;74478;;;
81344;74537;;;
81344;74550;;;
81344;74554;;;
81344;74574;;;
81344;74585;;;
81344;74646;;;
81344;74784;;;
81344;74848;;;
81344;74856;;;
81344;74858;;;
81344;77003;;;
81344;80815;;;
81344;81055;;;
81344;88256;;;
81344;91228;;;
81344;92102;;;
81344;92699;;;
81344;92776;;;
81344;98057;;;
81344;98148;;;
81344;98615;;;
81344;104552;;;
81344;109429;;;
81344;121948;;;
81344;122158;;;
81344;122974;;;
81344;123086;;;
81344;123756;;;
81344;128760;;;
81344;133439;;;
81344;133810;;;
81344;136811;;;
81344;137070;;;
81344;138286;;;
81344;139285;;;
81344;141391;;;
81344;141398;;;
81344;141408;;;
81344;141411;;;
81344;141421;;;
81344;141431;;;
81344;141450;;;
81344;141456;;;
81344;141458;;;
81344;141459;;;
81344;141464;;;
81344;141470;;;
81344;141485;;;
81344;141487;;;
81344;141516;;;
81344;141518;;;
81344;141531;;;
81344;141533;;;
81344;141555;;;
81344;143084;;;
81344;143632;;;
81344;143942;;;
81344;150418;;;
81344;153423;;;
81344;156190;;;
81344;157130;;;
81344;160161;;;
81344;160510;;;
81344;160512;;;
81344;160517;;;
81344;160518;;;
81344;160527;;;
81344;160535;;;
81344;160538;;;
81344;160545;;;
81344;160548;;;
81344;160552;;;
81344;160553;;;
81344;160556;;;
81344;160558;;;
81344;160559;;;
81344;160561;;;
81344;160569;;;
81344;160575;;;
81344;160588;;;
81344;160591;;;
81344;160592;;;
81344;160598;;;
81344;160599;;;
81344;160600;;;
81344;160601;;;
81344;160604;;;
81344;160610;;;
81344;160629;;;
81344;160635;;;
81344;160640;;;
81344;160641;;;
81344;160642;;;
81344;160665;;;
81344;160666;;;
81344;160673;;;
81344;160674;;;
81344;160758;;;
81344;160976;;;
81344;161440;;;
81344;161550;;;
81344;162067;;;
81344;162332;;;
81344;165470;;;
81344;166402;;;
81344;171617;;;
81344;171623;;;
81344;171786;;;
81344;175765;;;
81344;178829;;;
81344;178831;;;
81344;178835;;;
81344;178843;;;
81344;178854;;;
81344;178857;;;
81344;178858;;;
81344;178860;;;
81344;178866;;;
81344;178871;;;
81344;178873;;;
81344;178876;;;
81344;178881;;;
81344;178884;;;
81344;178886;;;
81344;178887;;;
81344;178895;;;
81344;178896;;;
81344;178908;;;
81344;178910;;;
81344;178927;;;
81344;178929;;;
81344;178931;;;
81344;178933;;;
81344;178934;;;
81344;178937;;;
81344;178943;;;
81344;178946;;;
81344;178947;;;
81344;178954;;;
81344;178962;;;
81344;178963;;;
81344;178964;;;
81344;178966;;;
81344;178970;;;
81344;178972;;;
81344;178975;;;
81344;178983;;;
81344;178985;;;
81344;178986;;;
81344;178987;;;
81344;178989;;;
81344;178992;;;
81344;178993;;;
81344;178997;;;
81344;179000;;;
81344;179001;;;
81344;180214;;;
81344;188097;;;
81344;191923;;;
81344;198197;;;
81344;198783;;;
81344;204351;;;
81344;204355;;;
81344;204356;;;
81344;204358;;;
81344;204360;;;
81344;204361;;;
81344;204362;;;
81344;204364;;;
81344;204365;;;
81344;204367;;;
81344;204368;;;
81344;204369;;;
81344;204372;;;
81344;204374;;;
81344;204378;;;
81344;204379;;;
81344;204387;;;
81344;204388;;;
81344;204390;;;
81344;204394;;;
81344;204395;;;
81344;204396;;;
81344;204398;;;
81344;204404;;;
81344;204406;;;
81344;204407;;;
81344;204408;;;
81344;204409;;;
81344;204410;;;
81344;204411;;;
81344;204412;;;
81344;204416;;;
81344;204419;;;
81344;204422;;;
81344;204423;;;
81344;204426;;;
81344;204427;;;
81344;204431;;;
81344;204436;;;
81344;204441;;;
81344;204444;;;
81344;204445;;;
81344;204453;;;
81344;204455;;;
81344;204456;;;
81344;204457;;;
81344;204459;;;
81344;204460;;;
81344;204462;;;
81344;204464;;;
81344;204472;;;
81344;204473;;;
81344;204474;;;
81344;204479;;;
81344;204480;;;
81344;204481;;;
81344;204482;;;
81344;204485;;;
81344;204486;;;
81344;204488;;;
81344;204489;;;
81344;204491;;;
81344;204492;;;
81344;204494;;;
81344;204495;;;
81344;204496;;;
81344;204497;;;
81344;204498;;;
81344;204501;;;
81344;204504;;;
81344;204506;;;
81344;204508;;;
81344;204511;;;
81344;204512;;;
81344;204515;;;
81344;204517;;;
81344;204518;;;
81344;204520;;;
81344;204524;;;
81344;204525;;;
81344;204526;;;
81344;204528;;;
81344;204534;;;
81344;204535;;;
81344;204536;;;
81344;204539;;;
81344;204540;;;
81344;204549;;;
81344;204553;;;
81344;204557;;;
81344;204559;;;
81344;204560;;;
81344;204567;;;
81344;204570;;;
81344;204571;;;
81344;204572;;;
81344;204574;;;
81344;205476;;;
81344;205550;;;
81344;205865;;;
81344;206018;;;
81344;209189;;;
81344;209787;;;
81344;213762;;;
81344;214694;;;
81344;215043;;;
81344;218086;;;
81344;220527;;;
81344;220528;;;
81344;220529;;;
81344;220530;;;
81344;220532;;;
81344;220533;;;
81344;220534;;;
81344;220536;;;
81344;220537;;;
81344;220538;;;
81344;220539;;;
81344;220540;;;
81344;220542;;;
81344;220543;;;
81344;220544;;;
81344;220545;;;
81344;220546;;;
81344;220548;;;
81344;220549;;;
81344;220550;;;
81344;220552;;;
81344;220553;;;
81344;220554;;;
81344;220555;;;
81344;220556;;;
81344;220557;;;
81344;220558;;;
81344;220559;;;
81344;220560;;;
81344;220561;;;
81344;220563;;;
81344;220565;;;
81344;220566;;;
81344;220567;;;
81344;220568;;;
81344;220569;;;
81344;220570;;;
81344;220571;;;
81344;220572;;;
81344;220573;;;
81344;220574;;;
81344;220576;;;
81344;220578;;;
81344;220581;;;
81344;220582;;;
81344;220583;;;
81344;220584;;;
81344;220586;;;
81344;220588;;;
81344;220589;;;
81344;220590;;;
81344;220591;;;
81344;220592;;;
81344;220594;;;
81344;220595;;;
81344;220597;;;
81344;220598;;;
81344;220599;;;
81344;220602;;;
81344;220603;;;
81344;220604;;;
81344;220605;;;
81344;220606;;;
81344;220607;;;
81344;220608;;;
81344;220609;;;
81344;220610;;;
81344;220611;;;
81344;220612;;;
81344;220613;;;
81344;220615;;;
81344;220617;;;
81344;220618;;;
81344;220620;;;
81344;220621;;;
81344;220623;;;
81344;220624;;;
81344;220625;;;
81344;220626;;;
81344;220628;;;
81344;220629;;;
81344;220630;;;
81344;220631;;;
81344;220632;;;
81344;220633;;;
81344;220635;;;
81344;220638;;;
81344;220640;;;
81344;220641;;;
81344;220642;;;
81344;220644;;;
81344;220645;;;
81344;220646;;;
81344;220647;;;
81344;220648;;;
81344;220649;;;
81344;220650;;;
81344;220651;;;
81344;220652;;;
81344;220653;;;
81344;220654;;;
81344;220655;;;
81344;220657;;;
81344;220658;;;
81344;220661;;;
81344;220662;;;
81344;220663;;;
81344;220664;;;
81344;220665;;;
81344;220666;;;
81344;220667;;;
81344;220668;;;
81344;220669;;;
81344;220670;;;
81344;220671;;;
81344;220672;;;
81344;220673;;;
81344;220674;;;
81344;220675;;;
81344;220676;;;
81344;220677;;;
81344;220681;;;
81344;220682;;;
81344;220683;;;
81344;220684;;;
81344;220685;;;
81344;220686;;;
81344;220687;;;
81344;220688;;;
81344;220690;;;
81344;220691;;;
81344;220692;;;
81344;220693;;;
81344;220694;;;
81344;220695;;;
81344;220696;;;
81344;220697;;;
81344;220700;;;
81344;220701;;;
81344;220702;;;
81344;220703;;;
81344;220704;;;
81344;220706;;;
81344;220707;;;
81344;220708;;;
81344;220712;;;
81344;220713;;;
81344;220714;;;
81344;220715;;;
81344;221148;;;
81344;221328;;;
81344;221338;;;
81344;222429;;;
81344;222565;;;
81344;223128;;;
81344;224117;;;
81344;224333;;;
81344;225730;;;
81344;226179;;;
81344;226837;;;
81344;227310;;;
81344;227991;;;
81344;229585;;;
81344;230765;;;
81344;230767;;;
81344;230768;;;
81344;230957;;;
81344;231911;;;
81344;233594;;;
81344;234253;;;
81344;234310;;;
81344;234673;;;
81344;234788;;;
81344;235088;;;
81345;74041;;;
81345;74057;;;
81345;74784;;;
81345;160556;;;
81345;160575;;;
81345;160601;;;
81345;160666;;;
81345;178966;;;
81345;178987;;;
81345;180214;;;
81345;204364;;;
81345;204419;;;
81345;204441;;;
81345;204453;;;
81345;204462;;;
81345;204464;;;
81345;204494;;;
81345;206018;;;
81345;220530;;;
81345;220555;;;
81345;220598;;;
81345;220606;;;
81345;220615;;;
81345;220623;;;
81345;220645;;;
81345;220654;;;
81345;220665;;;
81345;220667;;;
81345;220673;;;
81346;73579;;;
81346;73692;;;
81346;74262;;;
81346;123756;;;
81346;160545;;;
81346;160599;;;
81346;178871;;;
81346;178881;;;
81346;204378;;;
81346;204387;;;
81346;204416;;;
81346;204473;;;
81346;204479;;;
81346;204520;;;
81346;204531;;;
81346;204536;;;
81346;204572;;;
81346;220526;;;
81346;220530;;;
81346;220538;;;
81346;220546;;;
81346;220547;;;
81346;220552;;;
81346;220568;;;
81346;220574;;;
81346;220583;;;
81346;220590;;;
81346;220611;;;
81346;220613;;;
81346;220618;;;
81346;220621;;;
81346;220625;;;
81346;220642;;;
81346;220652;;;
81346;220654;;;
81346;220657;;;
81346;220663;;;
81346;220666;;;
81346;220667;;;
81346;220673;;;
81346;220690;;;
81346;220694;;;
81346;222565;;;
81346;226708;;;
81346;230767;;;
81347;104552;;;
81347;109429;;;
81347;128760;;;
81347;160512;;;
81347;160556;;;
81347;160561;;;
81347;178993;;;
81347;178997;;;
81347;204360;;;
81347;204378;;;
81347;204489;;;
81347;204512;;;
81347;220529;;;
81347;220557;;;
81347;220571;;;
81347;220592;;;
81347;220631;;;
81347;220667;;;
81347;220715;;;
81349;73692;;;
81349;74065;;;
81349;74374;;;
81349;74848;;;
81349;80815;;;
81349;143632;;;
81349;160518;;;
81349;160556;;;
81349;160591;;;
81349;160598;;;
81349;160673;;;
81349;175765;;;
81349;178857;;;
81349;178876;;;
81349;178929;;;
81349;178966;;;
81349;178993;;;
81349;204408;;;
81349;204489;;;
81349;204518;;;
81349;204528;;;
81349;204539;;;
81349;204540;;;
81349;210989;;;
81349;213762;;;
81349;218086;;;
81349;220529;;;
81349;220544;;;
81349;220545;;;
81349;220556;;;
81349;220559;;;
81349;220570;;;
81349;220572;;;
81349;220613;;;
81349;220626;;;
81349;220644;;;
81349;220670;;;
81349;220688;;;
81349;220695;;;
81349;221329;;;
81349;227310;;;
81349;234788;;;
81353;62881;;;
81353;74065;;;
81353;74574;;;
81353;121948;;;
81353;141391;;;
81353;141431;;;
81353;141450;;;
81353;141531;;;
81353;160512;;;
81353;160556;;;
81353;160559;;;
81353;160588;;;
81353;178871;;;
81353;178910;;;
81353;178985;;;
81353;178993;;;
81353;204457;;;
81353;204492;;;
81353;204497;;;
81353;204520;;;
81353;204557;;;
81353;220581;;;
81353;220605;;;
81353;220607;;;
81353;220611;;;
81353;220612;;;
81353;220658;;;
81353;220663;;;
81353;220688;;;
81353;220691;;;
81353;220692;;;
81353;220708;;;
81353;221329;;;
81353;230767;;;
81354;72442;;;
81354;73441;;;
81354;74060;;;
81354;88256;;;
81354;141555;;;
81354;150418;;;
81354;160512;;;
81354;162067;;;
81354;171617;;;
81354;178986;;;
81354;178993;;;
81354;204365;;;
81354;204494;;;
81354;205476;;;
81354;205550;;;
81354;220543;;;
81354;220653;;;
81354;220686;;;
81354;220712;;;
81355;74253;;;
81355;220549;;;
81355;220658;;;
81355;220663;;;
81364;74374;;;
81364;141533;;;
81364;160512;;;
81364;160575;;;
81364;160598;;;
81364;204540;;;
81364;220547;;;
81364;220584;;;
81364;220607;;;
81364;220623;;;
81364;220646;;;
81364;220650;;;
81364;220663;;;
81364;220674;;;
81364;220686;;;
81364;220687;;;
81364;220688;;;
81366;74044;;;
81366;74057;;;
81366;74090;;;
81366;74467;;;
81366;74554;;;
81366;98615;;;
81366;104552;;;
81366;109429;;;
81366;123086;;;
81366;123756;;;
81366;141411;;;
81366;157130;;;
81366;160569;;;
81366;160592;;;
81366;160601;;;
81366;160604;;;
81366;178929;;;
81366;178946;;;
81366;178993;;;
81366;178997;;;
81366;191923;;;
81366;204360;;;
81366;204390;;;
81366;204407;;;
81366;204441;;;
81366;204445;;;
81366;204455;;;
81366;204528;;;
81366;204534;;;
81366;204535;;;
81366;204540;;;
81366;204557;;;
81366;204570;;;
81366;209787;;;
81366;220533;;;
81366;220540;;;
81366;220551;;;
81366;220560;;;
81366;220598;;;
81366;220609;;;
81366;220621;;;
81366;220622;;;
81366;220623;;;
81366;220629;;;
81366;220682;;;
81366;220686;;;
81366;221338;;;
81366;233592;;;
81367;74060;;;
81367;74156;;;
81367;133439;;;
81367;141555;;;
81367;157130;;;
81367;160518;;;
81367;160538;;;
81367;160598;;;
81367;160641;;;
81367;162067;;;
81367;178829;;;
81367;178946;;;
81367;178966;;;
81367;178993;;;
81367;204416;;;
81367;220554;;;
81367;220607;;;
81367;220658;;;
81367;220662;;;
81367;220663;;;
81367;220690;;;
81367;220695;;;
81367;221148;;;
81367;230768;;;
81368;66828;;;
81368;73778;;;
81368;74090;;;
81368;74317;;;
81368;74856;;;
81368;92699;;;
81368;104552;;;
81368;122158;;;
81368;141408;;;
81368;141456;;;
81368;141464;;;
81368;160527;;;
81368;160575;;;
81368;178858;;;
81368;178884;;;
81368;188097;;;
81368;198783;;;
81368;204355;;;
81368;204396;;;
81368;204480;;;
81368;204486;;;
81368;204492;;;
81368;204501;;;
81368;204536;;;
81368;204557;;;
81368;204559;;;
81368;205865;;;
81368;220529;;;
81368;220548;;;
81368;220572;;;
81368;220578;;;
81368;220584;;;
81368;220599;;;
81368;220653;;;
81368;220672;;;
81368;220690;;;
81368;220691;;;
81368;220700;;;
81368;220712;;;
81368;220714;;;
81368;221329;;;
81368;222565;;;
81369;74574;;;
81369;133439;;;
81369;141408;;;
81369;141456;;;
81369;150418;;;
81369;160161;;;
81369;160666;;;
81369;175765;;;
81369;180214;;;
81369;204356;;;
81369;204372;;;
81369;204374;;;
81369;204394;;;
81369;204504;;;
81369;204511;;;
81369;204540;;;
81369;204572;;;
81369;220529;;;
81369;220544;;;
81369;220550;;;
81369;220551;;;
81369;220554;;;
81369;220568;;;
81369;220602;;;
81369;220604;;;
81369;220651;;;
81369;220653;;;
81369;220654;;;
81369;220662;;;
81369;230767;;;
81372;74374;;;
81372;74856;;;
81372;80815;;;
81372;160518;;;
81372;178929;;;
81372;178989;;;
81372;198197;;;
81372;204406;;;
81372;204508;;;
81372;210989;;;
81372;213762;;;
81372;220547;;;
81372;220571;;;
81372;220625;;;
81372;220648;;;
81372;220673;;;
81372;220687;;;
81372;226179;;;
81373;204525;;;
81373;220543;;;
81373;220574;;;
81373;220612;;;
81373;220621;;;
81373;220690;;;
81374;74156;;;
81374;74585;;;
81374;74784;;;
81374;160161;;;
81374;160556;;;
81374;160575;;;
81374;160604;;;
81374;160666;;;
81374;178970;;;
81374;204407;;;
81374;204464;;;
81374;204494;;;
81374;204518;;;
81374;204535;;;
81374;209189;;;
81374;220642;;;
81374;220701;;;
81375;73701;;;
81375;74856;;;
81375;160561;;;
81375;180214;;;
81375;204459;;;
81375;204462;;;
81375;204553;;;
81375;220545;;;
81375;220556;;;
81375;220591;;;
81375;220608;;;
81375;220622;;;
81375;220631;;;
81375;220635;;;
81375;220665;;;
81375;220676;;;
81375;220695;;;
81375;220707;;;
81375;227310;;;
81375;231911;;;
81378;62881;;;
81378;66385;;;
81378;66828;;;
81378;69871;;;
81378;72442;;;
81378;73433;;;
81378;73441;;;
81378;73486;;;
81378;73531;;;
81378;73579;;;
81378;73604;;;
81378;73701;;;
81378;73768;;;
81378;73778;;;
81378;73788;;;
81378;73801;;;
81378;73808;;;
81378;74041;;;
81378;74043;;;
81378;74044;;;
81378;74057;;;
81378;74060;;;
81378;74065;;;
81378;74079;;;
81378;74084;;;
81378;74090;;;
81378;74156;;;
81378;74159;;;
81378;74160;;;
81378;74161;;;
81378;74171;;;
81378;74253;;;
81378;74262;;;
81378;74273;;;
81378;74299;;;
81378;74317;;;
81378;74356;;;
81378;74371;;;
81378;74374;;;
81378;74376;;;
81378;74398;;;
81378;74400;;;
81378;74428;;;
81378;74454;;;
81378;74467;;;
81378;74478;;;
81378;74537;;;
81378;74550;;;
81378;74574;;;
81378;74585;;;
81378;74646;;;
81378;74784;;;
81378;74848;;;
81378;74856;;;
81378;74858;;;
81378;80815;;;
81378;81055;;;
81378;88256;;;
81378;91228;;;
81378;92102;;;
81378;92699;;;
81378;92776;;;
81378;98057;;;
81378;98148;;;
81378;98615;;;
81378;104552;;;
81378;107970;;;
81378;109429;;;
81378;121948;;;
81378;122158;;;
81378;122974;;;
81378;123086;;;
81378;123756;;;
81378;128760;;;
81378;133439;;;
81378;133810;;;
81378;136811;;;
81378;137070;;;
81378;138286;;;
81378;139285;;;
81378;141391;;;
81378;141398;;;
81378;141408;;;
81378;141411;;;
81378;141421;;;
81378;141431;;;
81378;141456;;;
81378;141458;;;
81378;141459;;;
81378;141464;;;
81378;141470;;;
81378;141485;;;
81378;141516;;;
81378;141518;;;
81378;141531;;;
81378;141533;;;
81378;141555;;;
81378;143084;;;
81378;143632;;;
81378;150418;;;
81378;153423;;;
81378;156190;;;
81378;157130;;;
81378;160161;;;
81378;160517;;;
81378;160518;;;
81378;160527;;;
81378;160535;;;
81378;160538;;;
81378;160545;;;
81378;160548;;;
81378;160552;;;
81378;160553;;;
81378;160556;;;
81378;160558;;;
81378;160559;;;
81378;160561;;;
81378;160569;;;
81378;160575;;;
81378;160588;;;
81378;160591;;;
81378;160592;;;
81378;160598;;;
81378;160599;;;
81378;160600;;;
81378;160601;;;
81378;160604;;;
81378;160610;;;
81378;160629;;;
81378;160632;;;
81378;160635;;;
81378;160640;;;
81378;160641;;;
81378;160642;;;
81378;160665;;;
81378;160666;;;
81378;160673;;;
81378;160674;;;
81378;160758;;;
81378;160976;;;
81378;161440;;;
81378;161550;;;
81378;162067;;;
81378;162332;;;
81378;165470;;;
81378;166402;;;
81378;171617;;;
81378;171623;;;
81378;171786;;;
81378;175765;;;
81378;178829;;;
81378;178831;;;
81378;178835;;;
81378;178843;;;
81378;178857;;;
81378;178858;;;
81378;178866;;;
81378;178871;;;
81378;178873;;;
81378;178876;;;
81378;178881;;;
81378;178884;;;
81378;178886;;;
81378;178887;;;
81378;178895;;;
81378;178896;;;
81378;178908;;;
81378;178910;;;
81378;178927;;;
81378;178929;;;
81378;178931;;;
81378;178933;;;
81378;178934;;;
81378;178943;;;
81378;178946;;;
81378;178947;;;
81378;178954;;;
81378;178962;;;
81378;178963;;;
81378;178964;;;
81378;178966;;;
81378;178970;;;
81378;178972;;;
81378;178975;;;
81378;178983;;;
81378;178985;;;
81378;178986;;;
81378;178987;;;
81378;178989;;;
81378;178992;;;
81378;178993;;;
81378;178997;;;
81378;179000;;;
81378;179001;;;
81378;180214;;;
81378;188097;;;
81378;191923;;;
81378;198197;;;
81378;198783;;;
81378;204351;;;
81378;204355;;;
81378;204356;;;
81378;204358;;;
81378;204360;;;
81378;204361;;;
81378;204362;;;
81378;204364;;;
81378;204365;;;
81378;204368;;;
81378;204369;;;
81378;204372;;;
81378;204374;;;
81378;204378;;;
81378;204379;;;
81378;204387;;;
81378;204388;;;
81378;204390;;;
81378;204391;;;
81378;204394;;;
81378;204396;;;
81378;204398;;;
81378;204404;;;
81378;204406;;;
81378;204407;;;
81378;204408;;;
81378;204409;;;
81378;204410;;;
81378;204411;;;
81378;204412;;;
81378;204416;;;
81378;204419;;;
81378;204422;;;
81378;204423;;;
81378;204426;;;
81378;204427;;;
81378;204431;;;
81378;204441;;;
81378;204444;;;
81378;204445;;;
81378;204453;;;
81378;204455;;;
81378;204456;;;
81378;204457;;;
81378;204459;;;
81378;204460;;;
81378;204462;;;
81378;204464;;;
81378;204472;;;
81378;204473;;;
81378;204474;;;
81378;204479;;;
81378;204480;;;
81378;204481;;;
81378;204482;;;
81378;204485;;;
81378;204486;;;
81378;204488;;;
81378;204489;;;
81378;204491;;;
81378;204492;;;
81378;204495;;;
81378;204496;;;
81378;204497;;;
81378;204498;;;
81378;204501;;;
81378;204504;;;
81378;204508;;;
81378;204511;;;
81378;204512;;;
81378;204515;;;
81378;204517;;;
81378;204518;;;
81378;204520;;;
81378;204524;;;
81378;204525;;;
81378;204526;;;
81378;204528;;;
81378;204534;;;
81378;204535;;;
81378;204536;;;
81378;204539;;;
81378;204540;;;
81378;204549;;;
81378;204550;;;
81378;204553;;;
81378;204557;;;
81378;204559;;;
81378;204560;;;
81378;204567;;;
81378;204570;;;
81378;204571;;;
81378;204572;;;
81378;204574;;;
81378;205476;;;
81378;205550;;;
81378;205865;;;
81378;206018;;;
81378;209189;;;
81378;209787;;;
81378;213762;;;
81378;214694;;;
81378;215043;;;
81378;218086;;;
81378;220527;;;
81378;220528;;;
81378;220529;;;
81378;220530;;;
81378;220532;;;
81378;220533;;;
81378;220534;;;
81378;220536;;;
81378;220537;;;
81378;220538;;;
81378;220539;;;
81378;220540;;;
81378;220542;;;
81378;220543;;;
81378;220544;;;
81378;220545;;;
81378;220546;;;
81378;220547;;;
81378;220548;;;
81378;220549;;;
81378;220550;;;
81378;220552;;;
81378;220553;;;
81378;220554;;;
81378;220555;;;
81378;220556;;;
81378;220557;;;
81378;220558;;;
81378;220559;;;
81378;220560;;;
81378;220563;;;
81378;220565;;;
81378;220566;;;
81378;220567;;;
81378;220568;;;
81378;220569;;;
81378;220570;;;
81378;220571;;;
81378;220572;;;
81378;220573;;;
81378;220574;;;
81378;220576;;;
81378;220578;;;
81378;220581;;;
81378;220582;;;
81378;220583;;;
81378;220584;;;
81378;220585;;;
81378;220586;;;
81378;220588;;;
81378;220589;;;
81378;220590;;;
81378;220591;;;
81378;220592;;;
81378;220594;;;
81378;220595;;;
81378;220597;;;
81378;220598;;;
81378;220599;;;
81378;220602;;;
81378;220603;;;
81378;220605;;;
81378;220606;;;
81378;220607;;;
81378;220608;;;
81378;220609;;;
81378;220610;;;
81378;220611;;;
81378;220612;;;
81378;220613;;;
81378;220616;;;
81378;220617;;;
81378;220618;;;
81378;220620;;;
81378;220621;;;
81378;220622;;;
81378;220623;;;
81378;220624;;;
81378;220625;;;
81378;220626;;;
81378;220628;;;
81378;220629;;;
81378;220630;;;
81378;220631;;;
81378;220632;;;
81378;220635;;;
81378;220638;;;
81378;220640;;;
81378;220641;;;
81378;220642;;;
81378;220644;;;
81378;220645;;;
81378;220646;;;
81378;220647;;;
81378;220648;;;
81378;220649;;;
81378;220650;;;
81378;220651;;;
81378;220652;;;
81378;220653;;;
81378;220654;;;
81378;220655;;;
81378;220657;;;
81378;220658;;;
81378;220661;;;
81378;220662;;;
81378;220663;;;
81378;220664;;;
81378;220665;;;
81378;220667;;;
81378;220668;;;
81378;220669;;;
81378;220670;;;
81378;220671;;;
81378;220672;;;
81378;220673;;;
81378;220674;;;
81378;220675;;;
81378;220676;;;
81378;220677;;;
81378;220681;;;
81378;220682;;;
81378;220683;;;
81378;220684;;;
81378;220686;;;
81378;220687;;;
81378;220688;;;
81378;220690;;;
81378;220691;;;
81378;220692;;;
81378;220693;;;
81378;220694;;;
81378;220695;;;
81378;220696;;;
81378;220697;;;
81378;220699;;;
81378;220700;;;
81378;220701;;;
81378;220703;;;
81378;220704;;;
81378;220706;;;
81378;220708;;;
81378;220713;;;
81378;220714;;;
81378;220715;;;
81378;221148;;;
81378;221328;;;
81378;221338;;;
81378;222429;;;
81378;222565;;;
81378;223128;;;
81378;224117;;;
81378;224333;;;
81378;225730;;;
81378;226179;;;
81378;226837;;;
81378;227310;;;
81378;227991;;;
81378;229585;;;
81378;230765;;;
81378;230767;;;
81378;230768;;;
81378;230957;;;
81378;231911;;;
81378;233594;;;
81378;234253;;;
81378;234310;;;
81378;234673;;;
81378;234788;;;
81378;235088;;;
81379;66385;;;
81379;72442;;;
81379;74084;;;
81379;74467;;;
81379;107970;;;
81379;141464;;;
81379;204351;;;
81379;204388;;;
81379;204396;;;
81379;213762;;;
81379;214694;;;
81379;220554;;;
81379;220557;;;
81379;220614;;;
81379;220624;;;
81379;220656;;;
81379;220693;;;
81379;220713;;;
81380;74299;;;
81380;74371;;;
81380;74537;;;
81380;141391;;;
81380;141450;;;
81380;141487;;;
81380;160588;;;
81380;178829;;;
81380;178985;;;
81380;178993;;;
81380;191923;;;
81380;198197;;;
81380;204457;;;
81380;204492;;;
81380;204504;;;
81380;204525;;;
81380;220529;;;
81380;220543;;;
81380;220554;;;
81380;220558;;;
81380;220612;;;
81380;220647;;;
81380;220648;;;
81380;220650;;;
81380;220663;;;
81380;220664;;;
81380;220672;;;
81380;220708;;;
81381;123756;;;
81381;178993;;;
81381;204387;;;
81381;204494;;;
81381;220530;;;
81381;220546;;;
81381;220574;;;
81381;220621;;;
81381;220625;;;
81381;220649;;;
81381;220652;;;
81381;220657;;;
81381;220663;;;
81381;220666;;;
81381;220673;;;
81381;220690;;;
81381;220694;;;
81383;74856;;;
81383;92102;;;
81383;133439;;;
81383;160545;;;
81383;160666;;;
81383;171623;;;
81383;204410;;;
81383;204422;;;
81383;204455;;;
81383;220583;;;
81383;220605;;;
81383;220622;;;
81383;220628;;;
81383;220673;;;
81383;226837;;;
81385;73701;;;
81385;74856;;;
81385;104552;;;
81385;107970;;;
81385;160575;;;
81385;160598;;;
81385;160642;;;
81385;178908;;;
81385;178929;;;
81385;180214;;;
81385;198197;;;
81385;204364;;;
81385;204407;;;
81385;204441;;;
81385;204462;;;
81385;204525;;;
81385;204534;;;
81385;204535;;;
81385;206018;;;
81385;213762;;;
81385;220549;;;
81385;220551;;;
81385;220559;;;
81385;220565;;;
81385;220622;;;
81385;220640;;;
81385;220642;;;
81385;220644;;;
81385;220645;;;
81385;220646;;;
81385;220651;;;
81385;220665;;;
81385;220671;;;
81385;220674;;;
81385;220695;;;
81385;220704;;;
81385;221338;;;
81385;230765;;;
81386;73778;;;
81386;74090;;;
81386;74317;;;
81386;74574;;;
81386;74856;;;
81386;92699;;;
81386;104552;;;
81386;141408;;;
81386;141456;;;
81386;141464;;;
81386;160161;;;
81386;178858;;;
81386;178884;;;
81386;178993;;;
81386;188097;;;
81386;198783;;;
81386;204355;;;
81386;204396;;;
81386;204416;;;
81386;204480;;;
81386;204486;;;
81386;204492;;;
81386;204501;;;
81386;204517;;;
81386;204536;;;
81386;204540;;;
81386;204557;;;
81386;220529;;;
81386;220556;;;
81386;220578;;;
81386;220584;;;
81386;220640;;;
81386;220648;;;
81386;220653;;;
81386;220672;;;
81386;220690;;;
81386;220700;;;
81386;220712;;;
81386;220714;;;
81386;230767;;;
81387;72442;;;
81387;88256;;;
81387;98057;;;
81387;160518;;;
81387;160538;;;
81387;171617;;;
81387;178857;;;
81387;178871;;;
81387;204520;;;
81387;220554;;;
81387;220578;;;
81387;220602;;;
81387;220629;;;
81387;220638;;;
81387;220641;;;
81387;220653;;;
81387;220663;;;
81389;74253;;;
81389;220549;;;
81389;220658;;;
81389;220673;;;
81390;62881;;;
81390;66385;;;
81390;72442;;;
81390;73486;;;
81390;73768;;;
81390;73801;;;
81390;74041;;;
81390;74160;;;
81390;74161;;;
81390;74856;;;
81390;91228;;;
81390;92102;;;
81390;139285;;;
81390;141470;;;
81390;141485;;;
81390;143632;;;
81390;153423;;;
81390;160575;;;
81390;160600;;;
81390;160666;;;
81390;160758;;;
81390;178871;;;
81390;178881;;;
81390;178887;;;
81390;178929;;;
81390;204364;;;
81390;204367;;;
81390;204372;;;
81390;204374;;;
81390;204394;;;
81390;204404;;;
81390;204460;;;
81390;204462;;;
81390;204479;;;
81390;204485;;;
81390;204498;;;
81390;204504;;;
81390;204512;;;
81390;204535;;;
81390;204557;;;
81390;204559;;;
81390;204572;;;
81390;209787;;;
81390;220543;;;
81390;220546;;;
81390;220547;;;
81390;220555;;;
81390;220583;;;
81390;220588;;;
81390;220618;;;
81390;220648;;;
81390;220654;;;
81390;220658;;;
81390;220668;;;
81390;220673;;;
81390;221338;;;
81390;226179;;;
81390;235088;;;
81391;62881;;;
81391;66385;;;
81391;66828;;;
81391;72442;;;
81391;73486;;;
81391;74057;;;
81391;74160;;;
81391;74398;;;
81391;74428;;;
81391;74574;;;
81391;74856;;;
81391;91228;;;
81391;92102;;;
81391;139285;;;
81391;141531;;;
81391;143632;;;
81391;153423;;;
81391;157130;;;
81391;160575;;;
81391;160600;;;
81391;160601;;;
81391;178829;;;
81391;178835;;;
81391;178873;;;
81391;178884;;;
81391;178929;;;
81391;178946;;;
81391;178963;;;
81391;178972;;;
81391;178986;;;
81391;178987;;;
81391;178993;;;
81391;191923;;;
81391;204367;;;
81391;204369;;;
81391;204374;;;
81391;204390;;;
81391;204394;;;
81391;204404;;;
81391;204460;;;
81391;204462;;;
81391;204472;;;
81391;204474;;;
81391;204479;;;
81391;204498;;;
81391;204504;;;
81391;204512;;;
81391;204534;;;
81391;204535;;;
81391;204557;;;
81391;204572;;;
81391;209787;;;
81391;220529;;;
81391;220543;;;
81391;220546;;;
81391;220550;;;
81391;220555;;;
81391;220558;;;
81391;220559;;;
81391;220576;;;
81391;220583;;;
81391;220588;;;
81391;220626;;;
81391;220648;;;
81391;220653;;;
81391;220654;;;
81391;220658;;;
81391;220663;;;
81391;220668;;;
81391;220690;;;
81391;220691;;;
81391;221338;;;
81391;226179;;;
81391;235088;;;
81393;73778;;;
81393;74428;;;
81393;74856;;;
81393;92699;;;
81393;104552;;;
81393;122158;;;
81393;141456;;;
81393;141464;;;
81393;160161;;;
81393;160556;;;
81393;160575;;;
81393;178829;;;
81393;178858;;;
81393;178884;;;
81393;178983;;;
81393;178993;;;
81393;188097;;;
81393;198783;;;
81393;204396;;;
81393;204480;;;
81393;204486;;;
81393;204492;;;
81393;204497;;;
81393;204536;;;
81393;204540;;;
81393;204557;;;
81393;204559;;;
81393;205865;;;
81393;220529;;;
81393;220548;;;
81393;220572;;;
81393;220578;;;
81393;220584;;;
81393;220607;;;
81393;220632;;;
81393;220648;;;
81393;220653;;;
81393;220663;;;
81393;220672;;;
81393;220690;;;
81393;220691;;;
81393;220714;;;
81393;221329;;;
81393;221338;;;
81393;222565;;;
81393;230767;;;
81395;88256;;;
81395;162067;;;
81395;178993;;;
81395;204365;;;
81395;204494;;;
81396;72442;;;
81396;122158;;;
81396;178989;;;
81396;204365;;;
81396;204372;;;
81396;204572;;;
81396;220585;;;
81396;220632;;;
81396;220673;;;
81396;221329;;;
81397;66828;;;
81397;73441;;;
81397;73692;;;
81397;73768;;;
81397;73778;;;
81397;74273;;;
81397;74537;;;
81397;74554;;;
81397;74574;;;
81397;74585;;;
81397;74646;;;
81397;141555;;;
81397;150418;;;
81397;156190;;;
81397;160548;;;
81397;160600;;;
81397;160601;;;
81397;160640;;;
81397;160642;;;
81397;160666;;;
81397;162332;;;
81397;165470;;;
81397;178829;;;
81397;178871;;;
81397;178876;;;
81397;178908;;;
81397;178975;;;
81397;178993;;;
81397;191923;;;
81397;204387;;;
81397;204404;;;
81397;204411;;;
81397;204456;;;
81397;204473;;;
81397;204494;;;
81397;204526;;;
81397;204535;;;
81397;204539;;;
81397;205865;;;
81397;213762;;;
81397;220537;;;
81397;220538;;;
81397;220554;;;
81397;220557;;;
81397;220566;;;
81397;220568;;;
81397;220574;;;
81397;220576;;;
81397;220583;;;
81397;220599;;;
81397;220611;;;
81397;220633;;;
81397;220642;;;
81397;220655;;;
81397;220663;;;
81397;220664;;;
81397;220706;;;
81398;66828;;;
81398;69871;;;
81398;74262;;;
81398;74299;;;
81398;74585;;;
81398;74856;;;
81398;121948;;;
81398;141485;;;
81398;160512;;;
81398;160518;;;
81398;160548;;;
81398;160575;;;
81398;204462;;;
81398;204494;;;
81398;204525;;;
81398;214694;;;
81398;220529;;;
81398;220589;;;
81398;220594;;;
81398;220666;;;
81398;220673;;;
81398;221329;;;
81399;62881;;;
81399;66385;;;
81399;69871;;;
81399;72442;;;
81399;73486;;;
81399;73768;;;
81399;73801;;;
81399;74041;;;
81399;74057;;;
81399;74160;;;
81399;74398;;;
81399;74550;;;
81399;74554;;;
81399;74574;;;
81399;74856;;;
81399;91228;;;
81399;92102;;;
81399;98057;;;
81399;139285;;;
81399;141408;;;
81399;141470;;;
81399;141485;;;
81399;141531;;;
81399;157130;;;
81399;160512;;;
81399;160575;;;
81399;160600;;;
81399;160601;;;
81399;160666;;;
81399;160758;;;
81399;162067;;;
81399;178835;;;
81399;178860;;;
81399;178873;;;
81399;178884;;;
81399;178887;;;
81399;178908;;;
81399;178929;;;
81399;178934;;;
81399;178946;;;
81399;178986;;;
81399;178987;;;
81399;178993;;;
81399;191923;;;
81399;204360;;;
81399;204364;;;
81399;204369;;;
81399;204374;;;
81399;204394;;;
81399;204395;;;
81399;204404;;;
81399;204460;;;
81399;204462;;;
81399;204464;;;
81399;204472;;;
81399;204474;;;
81399;204479;;;
81399;204494;;;
81399;204501;;;
81399;204504;;;
81399;204512;;;
81399;204534;;;
81399;204535;;;
81399;204557;;;
81399;204572;;;
81399;205476;;;
81399;209787;;;
81399;220528;;;
81399;220529;;;
81399;220539;;;
81399;220543;;;
81399;220546;;;
81399;220547;;;
81399;220550;;;
81399;220555;;;
81399;220556;;;
81399;220558;;;
81399;220559;;;
81399;220583;;;
81399;220585;;;
81399;220588;;;
81399;220595;;;
81399;220599;;;
81399;220614;;;
81399;220654;;;
81399;220658;;;
81399;220668;;;
81399;221328;;;
81399;221338;;;
81399;235088;;;
81404;74428;;;
81404;128760;;;
81404;160556;;;
81404;178829;;;
81404;178857;;;
81404;178871;;;
81404;178884;;;
81404;178993;;;
81404;204408;;;
81404;204416;;;
81404;204520;;;
81404;204528;;;
81404;209787;;;
81404;220554;;;
81404;220578;;;
81404;220584;;;
81404;220602;;;
81404;220604;;;
81404;220638;;;
81404;220658;;;
81404;220663;;;
81404;220694;;;
81404;224333;;;
81406;66385;;;
81406;74171;;;
81406;204512;;;
81406;220543;;;
81406;220574;;;
81406;220578;;;
81406;220581;;;
81406;220602;;;
81406;220694;;;
81406;224333;;;
81408;104552;;;
81408;220591;;;
81408;220663;;;
81410;72442;;;
81410;74253;;;
81410;98057;;;
81410;123756;;;
81410;160665;;;
81410;178873;;;
81410;178992;;;
81410;204374;;;
81410;204494;;;
81410;204517;;;
81410;204528;;;
81410;204559;;;
81410;220529;;;
81410;220549;;;
81410;220550;;;
81410;220552;;;
81410;220658;;;
81410;220697;;;
81410;230767;;;
81410;230768;;;
81411;62881;;;
81411;66385;;;
81411;66828;;;
81411;69871;;;
81411;72442;;;
81411;73433;;;
81411;73441;;;
81411;73486;;;
81411;73531;;;
81411;73579;;;
81411;73604;;;
81411;73692;;;
81411;73701;;;
81411;73768;;;
81411;73778;;;
81411;73788;;;
81411;73801;;;
81411;73808;;;
81411;74041;;;
81411;74043;;;
81411;74044;;;
81411;74057;;;
81411;74060;;;
81411;74065;;;
81411;74079;;;
81411;74084;;;
81411;74156;;;
81411;74158;;;
81411;74159;;;
81411;74160;;;
81411;74161;;;
81411;74253;;;
81411;74262;;;
81411;74273;;;
81411;74283;;;
81411;74299;;;
81411;74317;;;
81411;74356;;;
81411;74371;;;
81411;74374;;;
81411;74376;;;
81411;74398;;;
81411;74400;;;
81411;74428;;;
81411;74467;;;
81411;74478;;;
81411;74537;;;
81411;74550;;;
81411;74554;;;
81411;74574;;;
81411;74585;;;
81411;74646;;;
81411;74784;;;
81411;74848;;;
81411;74856;;;
81411;74858;;;
81411;80815;;;
81411;81055;;;
81411;88256;;;
81411;91228;;;
81411;92102;;;
81411;92699;;;
81411;92776;;;
81411;98057;;;
81411;98148;;;
81411;98615;;;
81411;104552;;;
81411;109429;;;
81411;121948;;;
81411;122158;;;
81411;122974;;;
81411;123086;;;
81411;123756;;;
81411;128760;;;
81411;129618;;;
81411;133439;;;
81411;133810;;;
81411;136811;;;
81411;137070;;;
81411;138286;;;
81411;139285;;;
81411;141391;;;
81411;141398;;;
81411;141408;;;
81411;141411;;;
81411;141421;;;
81411;141431;;;
81411;141450;;;
81411;141456;;;
81411;141458;;;
81411;141459;;;
81411;141464;;;
81411;141470;;;
81411;141485;;;
81411;141487;;;
81411;141516;;;
81411;141518;;;
81411;141531;;;
81411;141533;;;
81411;141555;;;
81411;143084;;;
81411;143632;;;
81411;143942;;;
81411;150418;;;
81411;153423;;;
81411;156190;;;
81411;157130;;;
81411;160510;;;
81411;160512;;;
81411;160517;;;
81411;160518;;;
81411;160535;;;
81411;160538;;;
81411;160545;;;
81411;160548;;;
81411;160552;;;
81411;160553;;;
81411;160556;;;
81411;160558;;;
81411;160559;;;
81411;160561;;;
81411;160569;;;
81411;160575;;;
81411;160588;;;
81411;160591;;;
81411;160592;;;
81411;160598;;;
81411;160599;;;
81411;160600;;;
81411;160601;;;
81411;160604;;;
81411;160610;;;
81411;160629;;;
81411;160632;;;
81411;160635;;;
81411;160640;;;
81411;160641;;;
81411;160642;;;
81411;160665;;;
81411;160666;;;
81411;160673;;;
81411;160674;;;
81411;160758;;;
81411;160976;;;
81411;161440;;;
81411;161550;;;
81411;162067;;;
81411;162332;;;
81411;165470;;;
81411;166402;;;
81411;171617;;;
81411;171623;;;
81411;171786;;;
81411;175765;;;
81411;178829;;;
81411;178831;;;
81411;178835;;;
81411;178843;;;
81411;178854;;;
81411;178857;;;
81411;178858;;;
81411;178860;;;
81411;178866;;;
81411;178871;;;
81411;178873;;;
81411;178876;;;
81411;178881;;;
81411;178884;;;
81411;178886;;;
81411;178887;;;
81411;178895;;;
81411;178896;;;
81411;178908;;;
81411;178910;;;
81411;178927;;;
81411;178929;;;
81411;178931;;;
81411;178933;;;
81411;178934;;;
81411;178937;;;
81411;178943;;;
81411;178946;;;
81411;178947;;;
81411;178954;;;
81411;178962;;;
81411;178963;;;
81411;178966;;;
81411;178970;;;
81411;178972;;;
81411;178975;;;
81411;178983;;;
81411;178985;;;
81411;178986;;;
81411;178987;;;
81411;178989;;;
81411;178992;;;
81411;178993;;;
81411;178997;;;
81411;179000;;;
81411;179001;;;
81411;180214;;;
81411;188097;;;
81411;191923;;;
81411;198197;;;
81411;198783;;;
81411;204351;;;
81411;204355;;;
81411;204356;;;
81411;204358;;;
81411;204360;;;
81411;204361;;;
81411;204362;;;
81411;204364;;;
81411;204365;;;
81411;204367;;;
81411;204368;;;
81411;204369;;;
81411;204372;;;
81411;204374;;;
81411;204378;;;
81411;204379;;;
81411;204387;;;
81411;204388;;;
81411;204390;;;
81411;204391;;;
81411;204394;;;
81411;204395;;;
81411;204396;;;
81411;204398;;;
81411;204404;;;
81411;204406;;;
81411;204407;;;
81411;204408;;;
81411;204409;;;
81411;204410;;;
81411;204411;;;
81411;204412;;;
81411;204416;;;
81411;204419;;;
81411;204422;;;
81411;204423;;;
81411;204426;;;
81411;204427;;;
81411;204431;;;
81411;204436;;;
81411;204441;;;
81411;204444;;;
81411;204445;;;
81411;204453;;;
81411;204455;;;
81411;204456;;;
81411;204457;;;
81411;204459;;;
81411;204460;;;
81411;204462;;;
81411;204464;;;
81411;204472;;;
81411;204473;;;
81411;204474;;;
81411;204479;;;
81411;204480;;;
81411;204481;;;
81411;204482;;;
81411;204485;;;
81411;204486;;;
81411;204488;;;
81411;204489;;;
81411;204491;;;
81411;204492;;;
81411;204494;;;
81411;204495;;;
81411;204496;;;
81411;204497;;;
81411;204498;;;
81411;204501;;;
81411;204504;;;
81411;204506;;;
81411;204508;;;
81411;204511;;;
81411;204512;;;
81411;204515;;;
81411;204517;;;
81411;204518;;;
81411;204520;;;
81411;204524;;;
81411;204525;;;
81411;204526;;;
81411;204528;;;
81411;204531;;;
81411;204534;;;
81411;204535;;;
81411;204536;;;
81411;204539;;;
81411;204540;;;
81411;204549;;;
81411;204550;;;
81411;204553;;;
81411;204557;;;
81411;204559;;;
81411;204560;;;
81411;204567;;;
81411;204570;;;
81411;204571;;;
81411;204572;;;
81411;204574;;;
81411;205476;;;
81411;205550;;;
81411;205865;;;
81411;206018;;;
81411;209189;;;
81411;209787;;;
81411;210989;;;
81411;213762;;;
81411;214694;;;
81411;215043;;;
81411;218086;;;
81411;220526;;;
81411;220527;;;
81411;220528;;;
81411;220529;;;
81411;220530;;;
81411;220532;;;
81411;220533;;;
81411;220534;;;
81411;220536;;;
81411;220537;;;
81411;220538;;;
81411;220539;;;
81411;220540;;;
81411;220542;;;
81411;220543;;;
81411;220544;;;
81411;220545;;;
81411;220546;;;
81411;220547;;;
81411;220548;;;
81411;220549;;;
81411;220550;;;
81411;220551;;;
81411;220552;;;
81411;220553;;;
81411;220554;;;
81411;220555;;;
81411;220556;;;
81411;220557;;;
81411;220558;;;
81411;220559;;;
81411;220560;;;
81411;220563;;;
81411;220565;;;
81411;220566;;;
81411;220567;;;
81411;220568;;;
81411;220569;;;
81411;220570;;;
81411;220571;;;
81411;220572;;;
81411;220573;;;
81411;220574;;;
81411;220576;;;
81411;220578;;;
81411;220581;;;
81411;220582;;;
81411;220583;;;
81411;220584;;;
81411;220585;;;
81411;220586;;;
81411;220588;;;
81411;220589;;;
81411;220590;;;
81411;220591;;;
81411;220592;;;
81411;220594;;;
81411;220595;;;
81411;220597;;;
81411;220598;;;
81411;220599;;;
81411;220602;;;
81411;220603;;;
81411;220604;;;
81411;220605;;;
81411;220606;;;
81411;220607;;;
81411;220608;;;
81411;220609;;;
81411;220610;;;
81411;220611;;;
81411;220612;;;
81411;220613;;;
81411;220615;;;
81411;220616;;;
81411;220617;;;
81411;220618;;;
81411;220620;;;
81411;220621;;;
81411;220622;;;
81411;220623;;;
81411;220624;;;
81411;220625;;;
81411;220626;;;
81411;220628;;;
81411;220629;;;
81411;220630;;;
81411;220631;;;
81411;220632;;;
81411;220633;;;
81411;220635;;;
81411;220638;;;
81411;220640;;;
81411;220641;;;
81411;220642;;;
81411;220644;;;
81411;220645;;;
81411;220646;;;
81411;220647;;;
81411;220648;;;
81411;220649;;;
81411;220650;;;
81411;220651;;;
81411;220652;;;
81411;220653;;;
81411;220654;;;
81411;220655;;;
81411;220657;;;
81411;220658;;;
81411;220661;;;
81411;220662;;;
81411;220663;;;
81411;220664;;;
81411;220665;;;
81411;220666;;;
81411;220667;;;
81411;220668;;;
81411;220669;;;
81411;220670;;;
81411;220671;;;
81411;220672;;;
81411;220673;;;
81411;220674;;;
81411;220675;;;
81411;220676;;;
81411;220677;;;
81411;220681;;;
81411;220682;;;
81411;220683;;;
81411;220684;;;
81411;220685;;;
81411;220686;;;
81411;220687;;;
81411;220688;;;
81411;220690;;;
81411;220691;;;
81411;220692;;;
81411;220693;;;
81411;220694;;;
81411;220695;;;
81411;220696;;;
81411;220697;;;
81411;220699;;;
81411;220700;;;
81411;220701;;;
81411;220702;;;
81411;220703;;;
81411;220704;;;
81411;220706;;;
81411;220707;;;
81411;220708;;;
81411;220713;;;
81411;220714;;;
81411;220715;;;
81411;221148;;;
81411;221328;;;
81411;221329;;;
81411;221338;;;
81411;222429;;;
81411;222565;;;
81411;223128;;;
81411;224117;;;
81411;224333;;;
81411;225730;;;
81411;226179;;;
81411;226708;;;
81411;226837;;;
81411;227310;;;
81411;227991;;;
81411;229585;;;
81411;230765;;;
81411;230767;;;
81411;230768;;;
81411;230957;;;
81411;231911;;;
81411;233594;;;
81411;234253;;;
81411;234310;;;
81411;234673;;;
81411;234788;;;
81411;235088;;;
81413;74041;;;
81413;74057;;;
81413;74784;;;
81413;160556;;;
81413;160575;;;
81413;160601;;;
81413;160666;;;
81413;178966;;;
81413;178987;;;
81413;180214;;;
81413;204419;;;
81413;204453;;;
81413;204462;;;
81413;204464;;;
81413;204494;;;
81413;206018;;;
81413;220530;;;
81413;220555;;;
81413;220598;;;
81413;220606;;;
81413;220615;;;
81413;220623;;;
81413;220645;;;
81413;220654;;;
81413;220665;;;
81413;220673;;;
81414;72442;;;
81414;74400;;;
81414;88256;;;
81414;141555;;;
81414;160512;;;
81414;160518;;;
81414;220534;;;
81414;220641;;;
81414;220653;;;
81414;220663;;;
81419;66385;;;
81419;72442;;;
81419;74084;;;
81419;74467;;;
81419;107970;;;
81419;133439;;;
81419;160666;;;
81419;171623;;;
81419;204351;;;
81419;204388;;;
81419;204396;;;
81419;204408;;;
81419;213762;;;
81419;214694;;;
81419;220554;;;
81419;220557;;;
81419;220614;;;
81419;220624;;;
81419;220656;;;
81419;220693;;;
81419;220713;;;
81419;221329;;;
81422;74784;;;
81422;92699;;;
81422;141456;;;
81422;178884;;;
81422;178934;;;
81422;178993;;;
81422;204364;;;
81422;204453;;;
81422;204464;;;
81422;204494;;;
81422;204517;;;
81422;209189;;;
81422;220533;;;
81422;220553;;;
81422;220677;;;
81422;230957;;;
81423;73701;;;
81423;74057;;;
81423;74084;;;
81423;74848;;;
81423;160512;;;
81423;160575;;;
81423;160976;;;
81423;178866;;;
81423;204374;;;
81423;204535;;;
81423;206018;;;
81423;220553;;;
81423;220574;;;
81423;220598;;;
81423;220615;;;
81423;220623;;;
81423;220699;;;
81423;220704;;;
81423;221148;;;
81424;62881;;;
81424;66385;;;
81424;66828;;;
81424;69871;;;
81424;72442;;;
81424;73433;;;
81424;73441;;;
81424;73486;;;
81424;73531;;;
81424;73579;;;
81424;73604;;;
81424;73692;;;
81424;73701;;;
81424;73768;;;
81424;73778;;;
81424;73788;;;
81424;73801;;;
81424;73808;;;
81424;74041;;;
81424;74043;;;
81424;74044;;;
81424;74057;;;
81424;74060;;;
81424;74065;;;
81424;74079;;;
81424;74084;;;
81424;74090;;;
81424;74156;;;
81424;74158;;;
81424;74159;;;
81424;74160;;;
81424;74161;;;
81424;74171;;;
81424;74253;;;
81424;74262;;;
81424;74273;;;
81424;74283;;;
81424;74299;;;
81424;74317;;;
81424;74356;;;
81424;74371;;;
81424;74374;;;
81424;74376;;;
81424;74383;;;
81424;74398;;;
81424;74400;;;
81424;74428;;;
81424;74467;;;
81424;74478;;;
81424;74537;;;
81424;74550;;;
81424;74554;;;
81424;74574;;;
81424;74585;;;
81424;74646;;;
81424;74784;;;
81424;74848;;;
81424;74856;;;
81424;74858;;;
81424;80815;;;
81424;81055;;;
81424;88256;;;
81424;91228;;;
81424;92102;;;
81424;92699;;;
81424;92776;;;
81424;98057;;;
81424;98148;;;
81424;98615;;;
81424;104552;;;
81424;109429;;;
81424;121948;;;
81424;122158;;;
81424;122974;;;
81424;123086;;;
81424;123756;;;
81424;128760;;;
81424;129618;;;
81424;133439;;;
81424;133810;;;
81424;136811;;;
81424;137070;;;
81424;138286;;;
81424;139285;;;
81424;141391;;;
81424;141398;;;
81424;141408;;;
81424;141411;;;
81424;141421;;;
81424;141431;;;
81424;141450;;;
81424;141456;;;
81424;141458;;;
81424;141459;;;
81424;141464;;;
81424;141470;;;
81424;141485;;;
81424;141487;;;
81424;141516;;;
81424;141518;;;
81424;141531;;;
81424;141533;;;
81424;141555;;;
81424;143084;;;
81424;143632;;;
81424;143942;;;
81424;150418;;;
81424;153423;;;
81424;156190;;;
81424;157130;;;
81424;160161;;;
81424;160510;;;
81424;160512;;;
81424;160517;;;
81424;160518;;;
81424;160527;;;
81424;160535;;;
81424;160538;;;
81424;160545;;;
81424;160548;;;
81424;160552;;;
81424;160553;;;
81424;160556;;;
81424;160558;;;
81424;160559;;;
81424;160561;;;
81424;160569;;;
81424;160575;;;
81424;160588;;;
81424;160591;;;
81424;160592;;;
81424;160598;;;
81424;160599;;;
81424;160600;;;
81424;160601;;;
81424;160604;;;
81424;160610;;;
81424;160629;;;
81424;160632;;;
81424;160635;;;
81424;160640;;;
81424;160641;;;
81424;160642;;;
81424;160665;;;
81424;160666;;;
81424;160673;;;
81424;160674;;;
81424;160758;;;
81424;160976;;;
81424;161440;;;
81424;161550;;;
81424;162067;;;
81424;162332;;;
81424;165470;;;
81424;166402;;;
81424;171617;;;
81424;171623;;;
81424;171786;;;
81424;175765;;;
81424;178829;;;
81424;178831;;;
81424;178835;;;
81424;178843;;;
81424;178854;;;
81424;178857;;;
81424;178858;;;
81424;178860;;;
81424;178866;;;
81424;178871;;;
81424;178873;;;
81424;178876;;;
81424;178881;;;
81424;178884;;;
81424;178886;;;
81424;178887;;;
81424;178895;;;
81424;178896;;;
81424;178908;;;
81424;178910;;;
81424;178927;;;
81424;178929;;;
81424;178931;;;
81424;178933;;;
81424;178934;;;
81424;178937;;;
81424;178943;;;
81424;178945;;;
81424;178946;;;
81424;178947;;;
81424;178954;;;
81424;178962;;;
81424;178963;;;
81424;178966;;;
81424;178970;;;
81424;178972;;;
81424;178975;;;
81424;178983;;;
81424;178985;;;
81424;178986;;;
81424;178987;;;
81424;178989;;;
81424;178992;;;
81424;178993;;;
81424;178997;;;
81424;179000;;;
81424;179001;;;
81424;180214;;;
81424;188097;;;
81424;191923;;;
81424;198197;;;
81424;198783;;;
81424;204351;;;
81424;204355;;;
81424;204356;;;
81424;204358;;;
81424;204360;;;
81424;204361;;;
81424;204362;;;
81424;204364;;;
81424;204365;;;
81424;204367;;;
81424;204368;;;
81424;204369;;;
81424;204372;;;
81424;204374;;;
81424;204378;;;
81424;204379;;;
81424;204387;;;
81424;204388;;;
81424;204390;;;
81424;204391;;;
81424;204394;;;
81424;204395;;;
81424;204396;;;
81424;204398;;;
81424;204404;;;
81424;204406;;;
81424;204407;;;
81424;204408;;;
81424;204409;;;
81424;204410;;;
81424;204411;;;
81424;204416;;;
81424;204419;;;
81424;204422;;;
81424;204423;;;
81424;204426;;;
81424;204427;;;
81424;204431;;;
81424;204441;;;
81424;204444;;;
81424;204445;;;
81424;204453;;;
81424;204455;;;
81424;204456;;;
81424;204457;;;
81424;204459;;;
81424;204460;;;
81424;204462;;;
81424;204464;;;
81424;204472;;;
81424;204473;;;
81424;204474;;;
81424;204479;;;
81424;204480;;;
81424;204481;;;
81424;204485;;;
81424;204486;;;
81424;204488;;;
81424;204489;;;
81424;204491;;;
81424;204492;;;
81424;204494;;;
81424;204495;;;
81424;204496;;;
81424;204497;;;
81424;204498;;;
81424;204501;;;
81424;204504;;;
81424;204506;;;
81424;204508;;;
81424;204511;;;
81424;204512;;;
81424;204515;;;
81424;204517;;;
81424;204518;;;
81424;204520;;;
81424;204524;;;
81424;204525;;;
81424;204526;;;
81424;204528;;;
81424;204531;;;
81424;204534;;;
81424;204535;;;
81424;204536;;;
81424;204539;;;
81424;204540;;;
81424;204549;;;
81424;204550;;;
81424;204553;;;
81424;204557;;;
81424;204559;;;
81424;204560;;;
81424;204567;;;
81424;204570;;;
81424;204571;;;
81424;204572;;;
81424;204574;;;
81424;205476;;;
81424;205550;;;
81424;205865;;;
81424;206018;;;
81424;209189;;;
81424;209787;;;
81424;213762;;;
81424;214694;;;
81424;215043;;;
81424;218086;;;
81424;220526;;;
81424;220527;;;
81424;220528;;;
81424;220529;;;
81424;220530;;;
81424;220532;;;
81424;220533;;;
81424;220534;;;
81424;220536;;;
81424;220537;;;
81424;220538;;;
81424;220539;;;
81424;220540;;;
81424;220542;;;
81424;220543;;;
81424;220544;;;
81424;220545;;;
81424;220546;;;
81424;220547;;;
81424;220548;;;
81424;220549;;;
81424;220550;;;
81424;220552;;;
81424;220553;;;
81424;220554;;;
81424;220555;;;
81424;220556;;;
81424;220557;;;
81424;220558;;;
81424;220559;;;
81424;220560;;;
81424;220563;;;
81424;220565;;;
81424;220566;;;
81424;220567;;;
81424;220568;;;
81424;220569;;;
81424;220570;;;
81424;220571;;;
81424;220573;;;
81424;220574;;;
81424;220576;;;
81424;220578;;;
81424;220581;;;
81424;220582;;;
81424;220583;;;
81424;220584;;;
81424;220585;;;
81424;220586;;;
81424;220588;;;
81424;220589;;;
81424;220590;;;
81424;220591;;;
81424;220592;;;
81424;220594;;;
81424;220595;;;
81424;220597;;;
81424;220598;;;
81424;220599;;;
81424;220602;;;
81424;220603;;;
81424;220604;;;
81424;220605;;;
81424;220606;;;
81424;220607;;;
81424;220608;;;
81424;220609;;;
81424;220610;;;
81424;220611;;;
81424;220612;;;
81424;220613;;;
81424;220615;;;
81424;220616;;;
81424;220617;;;
81424;220618;;;
81424;220620;;;
81424;220621;;;
81424;220622;;;
81424;220623;;;
81424;220624;;;
81424;220625;;;
81424;220626;;;
81424;220628;;;
81424;220629;;;
81424;220630;;;
81424;220631;;;
81424;220632;;;
81424;220633;;;
81424;220635;;;
81424;220638;;;
81424;220640;;;
81424;220641;;;
81424;220642;;;
81424;220644;;;
81424;220645;;;
81424;220646;;;
81424;220647;;;
81424;220648;;;
81424;220649;;;
81424;220650;;;
81424;220651;;;
81424;220652;;;
81424;220653;;;
81424;220654;;;
81424;220655;;;
81424;220657;;;
81424;220658;;;
81424;220661;;;
81424;220662;;;
81424;220663;;;
81424;220664;;;
81424;220665;;;
81424;220666;;;
81424;220667;;;
81424;220668;;;
81424;220669;;;
81424;220670;;;
81424;220671;;;
81424;220672;;;
81424;220673;;;
81424;220674;;;
81424;220675;;;
81424;220676;;;
81424;220677;;;
81424;220681;;;
81424;220682;;;
81424;220683;;;
81424;220684;;;
81424;220685;;;
81424;220686;;;
81424;220687;;;
81424;220688;;;
81424;220690;;;
81424;220691;;;
81424;220692;;;
81424;220693;;;
81424;220694;;;
81424;220695;;;
81424;220696;;;
81424;220697;;;
81424;220699;;;
81424;220700;;;
81424;220701;;;
81424;220702;;;
81424;220703;;;
81424;220704;;;
81424;220706;;;
81424;220707;;;
81424;220708;;;
81424;220712;;;
81424;220713;;;
81424;220714;;;
81424;220715;;;
81424;221148;;;
81424;221328;;;
81424;221329;;;
81424;221338;;;
81424;222565;;;
81424;223128;;;
81424;224117;;;
81424;224333;;;
81424;225730;;;
81424;226179;;;
81424;226708;;;
81424;226837;;;
81424;227310;;;
81424;227991;;;
81424;229585;;;
81424;230765;;;
81424;230767;;;
81424;230768;;;
81424;230957;;;
81424;231911;;;
81424;233594;;;
81424;234253;;;
81424;234310;;;
81424;234673;;;
81424;234788;;;
81424;235088;;;
81424;235620;;;
81426;73692;;;
81426;73788;;;
81426;74057;;;
81426;74374;;;
81426;74848;;;
81426;80815;;;
81426;136811;;;
81426;160512;;;
81426;160556;;;
81426;160598;;;
81426;160673;;;
81426;175765;;;
81426;178857;;;
81426;178876;;;
81426;178929;;;
81426;178931;;;
81426;178966;;;
81426;178993;;;
81426;191923;;;
81426;204351;;;
81426;204360;;;
81426;204391;;;
81426;204406;;;
81426;204412;;;
81426;204485;;;
81426;204489;;;
81426;204512;;;
81426;204517;;;
81426;204518;;;
81426;204524;;;
81426;204528;;;
81426;204540;;;
81426;210989;;;
81426;213762;;;
81426;220529;;;
81426;220544;;;
81426;220545;;;
81426;220556;;;
81426;220559;;;
81426;220560;;;
81426;220570;;;
81426;220572;;;
81426;220584;;;
81426;220591;;;
81426;220602;;;
81426;220613;;;
81426;220614;;;
81426;220620;;;
81426;220640;;;
81426;220644;;;
81426;220656;;;
81426;220661;;;
81426;220688;;;
81426;220694;;;
81426;220695;;;
81426;220715;;;
81426;227310;;;
81426;227991;;;
81426;230765;;;
81426;234788;;;
81426;235712;;;
81427;74253;;;
81427;74574;;;
81427;98057;;;
81427;141408;;;
81427;141450;;;
81427;141531;;;
81427;150418;;;
81427;160556;;;
81427;160559;;;
81427;160588;;;
81427;160758;;;
81427;178871;;;
81427;178910;;;
81427;178993;;;
81427;198197;;;
81427;204358;;;
81427;204378;;;
81427;204494;;;
81427;204497;;;
81427;204517;;;
81427;204520;;;
81427;204557;;;
81427;220581;;;
81427;220607;;;
81427;220611;;;
81427;220612;;;
81427;220708;;;
81427;230767;;;
81428;73579;;;
81428;123756;;;
81428;160599;;;
81428;178871;;;
81428;178881;;;
81428;191923;;;
81428;204387;;;
81428;204416;;;
81428;204473;;;
81428;204479;;;
81428;204536;;;
81428;220546;;;
81428;220547;;;
81428;220552;;;
81428;220568;;;
81428;220574;;;
81428;220583;;;
81428;220611;;;
81428;220613;;;
81428;220615;;;
81428;220618;;;
81428;220621;;;
81428;220623;;;
81428;220625;;;
81428;220642;;;
81428;220649;;;
81428;220652;;;
81428;220654;;;
81428;220657;;;
81428;220663;;;
81428;220666;;;
81428;220667;;;
81428;220673;;;
81428;220690;;;
81428;220694;;;
81428;230767;;;
81430;104552;;;
81430;204378;;;
81430;204488;;;
81430;204534;;;
81430;204535;;;
81430;220605;;;
81430;220623;;;
81430;220635;;;
81430;220637;;;
81430;220642;;;
81430;220646;;;
81430;220698;;;
81430;220701;;;
81434;160601;;;
81434;178993;;;
81434;235088;;;
81437;73701;;;
81437;74856;;;
81437;160598;;;
81437;160642;;;
81437;175765;;;
81437;178832;;;
81437;180214;;;
81437;204360;;;
81437;204459;;;
81437;204462;;;
81437;204553;;;
81437;214694;;;
81437;215043;;;
81437;220545;;;
81437;220556;;;
81437;220591;;;
81437;220622;;;
81437;220635;;;
81437;220665;;;
81437;220676;;;
81437;220695;;;
81437;220699;;;
81437;227310;;;
81438;160604;;;
81439;74060;;;
81439;80815;;;
81439;160575;;;
81439;160641;;;
81439;220606;;;
81439;220607;;;
81439;220663;;;
81440;73692;;;
81440;74374;;;
81440;74848;;;
81440;80815;;;
81440;160591;;;
81440;178857;;;
81440;178876;;;
81440;204412;;;
81440;204528;;;
81440;220529;;;
81440;220544;;;
81440;220556;;;
81440;220559;;;
81440;220570;;;
81440;220613;;;
81440;220626;;;
81440;220632;;;
81440;220640;;;
81440;220688;;;
81441;66385;;;
81441;66828;;;
81441;69871;;;
81441;72442;;;
81441;73433;;;
81441;73441;;;
81441;73486;;;
81441;73531;;;
81441;73579;;;
81441;73604;;;
81441;73692;;;
81441;73701;;;
81441;73768;;;
81441;73778;;;
81441;73788;;;
81441;73801;;;
81441;73808;;;
81441;74041;;;
81441;74043;;;
81441;74044;;;
81441;74057;;;
81441;74060;;;
81441;74065;;;
81441;74084;;;
81441;74090;;;
81441;74156;;;
81441;74158;;;
81441;74159;;;
81441;74160;;;
81441;74161;;;
81441;74171;;;
81441;74253;;;
81441;74262;;;
81441;74273;;;
81441;74283;;;
81441;74299;;;
81441;74317;;;
81441;74356;;;
81441;74371;;;
81441;74374;;;
81441;74376;;;
81441;74398;;;
81441;74400;;;
81441;74428;;;
81441;74467;;;
81441;74478;;;
81441;74537;;;
81441;74550;;;
81441;74554;;;
81441;74574;;;
81441;74585;;;
81441;74646;;;
81441;74784;;;
81441;74848;;;
81441;74856;;;
81441;74858;;;
81441;80815;;;
81441;81055;;;
81441;88256;;;
81441;91228;;;
81441;92102;;;
81441;92699;;;
81441;92776;;;
81441;98057;;;
81441;98148;;;
81441;98615;;;
81441;104552;;;
81441;109429;;;
81441;121948;;;
81441;122158;;;
81441;122974;;;
81441;123086;;;
81441;123756;;;
81441;128760;;;
81441;129618;;;
81441;133439;;;
81441;136811;;;
81441;138286;;;
81441;139285;;;
81441;141391;;;
81441;141398;;;
81441;141408;;;
81441;141411;;;
81441;141421;;;
81441;141431;;;
81441;141450;;;
81441;141456;;;
81441;141458;;;
81441;141459;;;
81441;141464;;;
81441;141470;;;
81441;141485;;;
81441;141487;;;
81441;141516;;;
81441;141531;;;
81441;141533;;;
81441;141555;;;
81441;143084;;;
81441;143632;;;
81441;143942;;;
81441;150418;;;
81441;153423;;;
81441;156190;;;
81441;157130;;;
81441;160161;;;
81441;160512;;;
81441;160517;;;
81441;160518;;;
81441;160527;;;
81441;160535;;;
81441;160538;;;
81441;160545;;;
81441;160548;;;
81441;160552;;;
81441;160553;;;
81441;160556;;;
81441;160558;;;
81441;160559;;;
81441;160561;;;
81441;160569;;;
81441;160575;;;
81441;160591;;;
81441;160592;;;
81441;160598;;;
81441;160599;;;
81441;160600;;;
81441;160601;;;
81441;160604;;;
81441;160610;;;
81441;160629;;;
81441;160632;;;
81441;160635;;;
81441;160640;;;
81441;160641;;;
81441;160665;;;
81441;160666;;;
81441;160673;;;
81441;160674;;;
81441;160758;;;
81441;160976;;;
81441;161440;;;
81441;161550;;;
81441;162067;;;
81441;165470;;;
81441;166402;;;
81441;171617;;;
81441;171623;;;
81441;171786;;;
81441;175765;;;
81441;178829;;;
81441;178831;;;
81441;178835;;;
81441;178843;;;
81441;178854;;;
81441;178857;;;
81441;178858;;;
81441;178860;;;
81441;178866;;;
81441;178871;;;
81441;178873;;;
81441;178876;;;
81441;178881;;;
81441;178884;;;
81441;178886;;;
81441;178887;;;
81441;178895;;;
81441;178896;;;
81441;178908;;;
81441;178910;;;
81441;178929;;;
81441;178931;;;
81441;178933;;;
81441;178934;;;
81441;178937;;;
81441;178943;;;
81441;178945;;;
81441;178946;;;
81441;178954;;;
81441;178962;;;
81441;178963;;;
81441;178966;;;
81441;178970;;;
81441;178972;;;
81441;178975;;;
81441;178983;;;
81441;178985;;;
81441;178986;;;
81441;178987;;;
81441;178989;;;
81441;178992;;;
81441;178993;;;
81441;178997;;;
81441;179000;;;
81441;179001;;;
81441;180214;;;
81441;188097;;;
81441;191923;;;
81441;198197;;;
81441;198783;;;
81441;204351;;;
81441;204355;;;
81441;204356;;;
81441;204358;;;
81441;204360;;;
81441;204362;;;
81441;204364;;;
81441;204365;;;
81441;204367;;;
81441;204368;;;
81441;204369;;;
81441;204372;;;
81441;204374;;;
81441;204378;;;
81441;204379;;;
81441;204387;;;
81441;204388;;;
81441;204390;;;
81441;204394;;;
81441;204395;;;
81441;204398;;;
81441;204404;;;
81441;204406;;;
81441;204407;;;
81441;204408;;;
81441;204409;;;
81441;204410;;;
81441;204416;;;
81441;204419;;;
81441;204422;;;
81441;204423;;;
81441;204426;;;
81441;204427;;;
81441;204431;;;
81441;204436;;;
81441;204444;;;
81441;204445;;;
81441;204453;;;
81441;204456;;;
81441;204457;;;
81441;204459;;;
81441;204460;;;
81441;204462;;;
81441;204464;;;
81441;204472;;;
81441;204473;;;
81441;204474;;;
81441;204479;;;
81441;204480;;;
81441;204481;;;
81441;204485;;;
81441;204486;;;
81441;204488;;;
81441;204489;;;
81441;204491;;;
81441;204492;;;
81441;204495;;;
81441;204496;;;
81441;204497;;;
81441;204498;;;
81441;204501;;;
81441;204504;;;
81441;204506;;;
81441;204508;;;
81441;204512;;;
81441;204515;;;
81441;204517;;;
81441;204518;;;
81441;204520;;;
81441;204524;;;
81441;204525;;;
81441;204526;;;
81441;204528;;;
81441;204531;;;
81441;204534;;;
81441;204535;;;
81441;204536;;;
81441;204539;;;
81441;204540;;;
81441;204549;;;
81441;204550;;;
81441;204553;;;
81441;204557;;;
81441;204559;;;
81441;204567;;;
81441;204570;;;
81441;204571;;;
81441;204572;;;
81441;204574;;;
81441;205476;;;
81441;205550;;;
81441;205865;;;
81441;206018;;;
81441;209189;;;
81441;209787;;;
81441;213762;;;
81441;214694;;;
81441;215043;;;
81441;218086;;;
81441;220526;;;
81441;220527;;;
81441;220528;;;
81441;220529;;;
81441;220530;;;
81441;220532;;;
81441;220533;;;
81441;220534;;;
81441;220536;;;
81441;220537;;;
81441;220538;;;
81441;220539;;;
81441;220540;;;
81441;220542;;;
81441;220543;;;
81441;220544;;;
81441;220545;;;
81441;220546;;;
81441;220547;;;
81441;220548;;;
81441;220549;;;
81441;220550;;;
81441;220552;;;
81441;220553;;;
81441;220554;;;
81441;220555;;;
81441;220556;;;
81441;220557;;;
81441;220558;;;
81441;220559;;;
81441;220560;;;
81441;220563;;;
81441;220565;;;
81441;220566;;;
81441;220567;;;
81441;220568;;;
81441;220569;;;
81441;220570;;;
81441;220571;;;
81441;220572;;;
81441;220573;;;
81441;220574;;;
81441;220576;;;
81441;220578;;;
81441;220581;;;
81441;220582;;;
81441;220583;;;
81441;220584;;;
81441;220585;;;
81441;220586;;;
81441;220588;;;
81441;220589;;;
81441;220590;;;
81441;220591;;;
81441;220592;;;
81441;220594;;;
81441;220595;;;
81441;220597;;;
81441;220598;;;
81441;220599;;;
81441;220602;;;
81441;220603;;;
81441;220604;;;
81441;220605;;;
81441;220606;;;
81441;220607;;;
81441;220608;;;
81441;220609;;;
81441;220610;;;
81441;220611;;;
81441;220612;;;
81441;220613;;;
81441;220615;;;
81441;220617;;;
81441;220618;;;
81441;220620;;;
81441;220621;;;
81441;220622;;;
81441;220623;;;
81441;220624;;;
81441;220625;;;
81441;220626;;;
81441;220628;;;
81441;220629;;;
81441;220630;;;
81441;220631;;;
81441;220632;;;
81441;220633;;;
81441;220635;;;
81441;220638;;;
81441;220640;;;
81441;220641;;;
81441;220642;;;
81441;220644;;;
81441;220645;;;
81441;220646;;;
81441;220647;;;
81441;220648;;;
81441;220649;;;
81441;220650;;;
81441;220651;;;
81441;220652;;;
81441;220653;;;
81441;220654;;;
81441;220655;;;
81441;220657;;;
81441;220658;;;
81441;220661;;;
81441;220662;;;
81441;220663;;;
81441;220664;;;
81441;220665;;;
81441;220666;;;
81441;220667;;;
81441;220669;;;
81441;220670;;;
81441;220671;;;
81441;220672;;;
81441;220673;;;
81441;220674;;;
81441;220675;;;
81441;220677;;;
81441;220681;;;
81441;220682;;;
81441;220683;;;
81441;220684;;;
81441;220685;;;
81441;220686;;;
81441;220687;;;
81441;220688;;;
81441;220690;;;
81441;220691;;;
81441;220692;;;
81441;220693;;;
81441;220694;;;
81441;220695;;;
81441;220696;;;
81441;220697;;;
81441;220699;;;
81441;220701;;;
81441;220702;;;
81441;220703;;;
81441;220704;;;
81441;220706;;;
81441;220707;;;
81441;220708;;;
81441;220713;;;
81441;220714;;;
81441;220715;;;
81441;221148;;;
81441;221329;;;
81441;221338;;;
81441;222565;;;
81441;223128;;;
81441;224117;;;
81441;224333;;;
81441;226179;;;
81441;226708;;;
81441;226837;;;
81441;227310;;;
81441;227991;;;
81441;229585;;;
81441;230765;;;
81441;230767;;;
81441;230768;;;
81441;230957;;;
81441;231911;;;
81441;233594;;;
81441;234253;;;
81441;234310;;;
81441;234673;;;
81441;234788;;;
81441;235088;;;
81441;235620;;;
81442;74371;;;
81442;74537;;;
81442;141487;;;
81442;153423;;;
81442;162067;;;
81442;178943;;;
81442;178993;;;
81442;198197;;;
81442;204355;;;
81442;204504;;;
81442;220534;;;
81442;220543;;;
81442;220558;;;
81442;220604;;;
81442;220612;;;
81442;220647;;;
81442;220650;;;
81442;220672;;;
81442;220687;;;
81442;220708;;;
81443;107970;;;
81443;136811;;;
81443;178871;;;
81443;220538;;;
81443;220546;;;
81443;220571;;;
81443;220572;;;
81443;220663;;;
81443;220685;;;
81443;224333;;;
81443;230767;;;
81447;160641;;;
81447;178966;;;
81447;220606;;;
81447;220607;;;
81447;220663;;;
81447;220690;;;
81448;74856;;;
81448;92102;;;
81448;160545;;;
81448;204351;;;
81448;204372;;;
81448;204455;;;
81448;220539;;;
81448;220583;;;
81448;220604;;;
81448;220605;;;
81448;220622;;;
81448;220628;;;
81448;220661;;;
81448;220663;;;
81448;220693;;;
81448;226837;;;
81449;160588;;;
81449;178910;;;
81449;204378;;;
81449;204492;;;
81449;204497;;;
81449;204520;;;
81449;204557;;;
81449;220605;;;
81449;220607;;;
81449;220612;;;
81449;220658;;;
81450;73486;;;
81450;98148;;;
81450;133810;;;
81450;156190;;;
81450;160548;;;
81450;178871;;;
81450;178934;;;
81450;204406;;;
81450;220529;;;
81450;220551;;;
81450;220552;;;
81450;220605;;;
81450;220638;;;
81451;74171;;;
81451;98148;;;
81451;104552;;;
81451;160161;;;
81451;160632;;;
81451;178962;;;
81451;178966;;;
81451;178986;;;
81451;178993;;;
81451;204378;;;
81451;204445;;;
81451;204517;;;
81451;204534;;;
81451;204535;;;
81451;206018;;;
81451;220529;;;
81451;220543;;;
81451;220623;;;
81451;220635;;;
81451;220637;;;
81451;220642;;;
81451;220646;;;
81451;220701;;;
81451;220715;;;
81453;72442;;;
81453;73579;;;
81453;73768;;;
81453;74317;;;
81453;74550;;;
81453;107970;;;
81453;136811;;;
81453;141411;;;
81453;141488;;;
81453;150418;;;
81453;160512;;;
81453;160556;;;
81453;160632;;;
81453;160758;;;
81453;161440;;;
81453;162332;;;
81453;178871;;;
81453;178931;;;
81453;178954;;;
81453;178964;;;
81453;178970;;;
81453;178993;;;
81453;204351;;;
81453;204364;;;
81453;204378;;;
81453;204395;;;
81453;204404;;;
81453;204406;;;
81453;204472;;;
81453;204474;;;
81453;204517;;;
81453;204524;;;
81453;204557;;;
81453;204567;;;
81453;215043;;;
81453;220529;;;
81453;220538;;;
81453;220542;;;
81453;220546;;;
81453;220552;;;
81453;220571;;;
81453;220572;;;
81453;220581;;;
81453;220584;;;
81453;220588;;;
81453;220592;;;
81453;220595;;;
81453;220631;;;
81453;220672;;;
81453;220684;;;
81453;220685;;;
81453;220687;;;
81453;220693;;;
81453;220708;;;
81453;221328;;;
81453;224333;;;
81453;227991;;;
81453;230767;;;
81454;74374;;;
81454;74856;;;
81454;80815;;;
81454;160758;;;
81454;178871;;;
81454;178989;;;
81454;204406;;;
81454;204508;;;
81454;204540;;;
81454;220553;;;
81454;220571;;;
81454;220625;;;
81454;220648;;;
81454;220687;;;
81454;220715;;;
81455;73604;;;
81455;73788;;;
81455;74084;;;
81455;74273;;;
81455;74848;;;
81455;123086;;;
81455;133439;;;
81455;150418;;;
81455;160640;;;
81455;160673;;;
81455;178964;;;
81455;178993;;;
81455;204356;;;
81455;204372;;;
81455;204388;;;
81455;204412;;;
81455;204511;;;
81455;214694;;;
81455;220529;;;
81455;220543;;;
81455;220555;;;
81455;220578;;;
81455;220606;;;
81455;220612;;;
81455;220662;;;
81455;220715;;;
81455;227991;;;
81455;230767;;;
81456;74856;;;
81456;160545;;;
81456;160552;;;
81456;160598;;;
81456;171623;;;
81456;204351;;;
81456;204358;;;
81456;204372;;;
81456;204455;;;
81456;220539;;;
81456;220583;;;
81456;220605;;;
81456;220622;;;
81456;220649;;;
81456;220661;;;
81456;220693;;;
81456;226837;;;
81459;91228;;;
81459;160575;;;
81459;204535;;;
81459;204553;;;
81459;210989;;;
81459;220533;;;
81459;220553;;;
81459;220625;;;
81459;220658;;;
81459;220663;;;
81459;220690;;;
81459;221338;;;
81460;73486;;;
81460;74374;;;
81460;74856;;;
81460;121948;;;
81460;141485;;;
81460;160512;;;
81460;178934;;;
81460;178947;;;
81460;178966;;;
81460;204462;;;
81460;204525;;;
81460;214694;;;
81460;220529;;;
81460;220560;;;
81460;220666;;;
81460;220690;;;
81465;73692;;;
81465;74374;;;
81465;80815;;;
81465;160556;;;
81465;175765;;;
81465;178857;;;
81465;178876;;;
81465;204391;;;
81465;204406;;;
81465;204412;;;
81465;204528;;;
81465;220529;;;
81465;220544;;;
81465;220556;;;
81465;220559;;;
81465;220570;;;
81465;220613;;;
81465;220626;;;
81465;220640;;;
81465;220673;;;
81467;220715;;;
81468;74060;;;
81468;80815;;;
81468;133439;;;
81468;141411;;;
81468;160538;;;
81468;160575;;;
81468;160598;;;
81468;160641;;;
81468;175765;;;
81468;178946;;;
81468;178966;;;
81468;178993;;;
81468;204416;;;
81468;204485;;;
81468;204515;;;
81468;220543;;;
81468;220546;;;
81468;220554;;;
81468;220555;;;
81468;220606;;;
81468;220607;;;
81468;220658;;;
81468;220662;;;
81468;220686;;;
81468;220695;;;
81468;221148;;;
81468;230768;;;
81469;73604;;;
81469;74041;;;
81469;160575;;;
81469;178966;;;
81469;220606;;;
81470;74467;;;
81470;109429;;;
81470;204390;;;
81470;204445;;;
81470;220598;;;
81471;74856;;;
81471;204462;;;
81471;220635;;;
81471;220663;;;
81471;220676;;;
81471;220695;;;
81471;220707;;;
81472;74171;;;
81472;178986;;;
81472;206018;;;
81472;220598;;;
81472;220640;;;
81472;220643;;;
81474;160575;;;
81474;204535;;;
81474;210989;;;
81474;220625;;;
81474;220658;;;
81475;66385;;;
81475;73486;;;
81475;73768;;;
81475;74041;;;
81475;74160;;;
81475;74398;;;
81475;74428;;;
81475;74574;;;
81475;74856;;;
81475;91228;;;
81475;92102;;;
81475;98057;;;
81475;139285;;;
81475;141485;;;
81475;153423;;;
81475;160575;;;
81475;160600;;;
81475;160666;;;
81475;160758;;;
81475;178835;;;
81475;178860;;;
81475;178873;;;
81475;178881;;;
81475;178887;;;
81475;178934;;;
81475;178993;;;
81475;191923;;;
81475;204364;;;
81475;204372;;;
81475;204404;;;
81475;204460;;;
81475;204462;;;
81475;204472;;;
81475;204474;;;
81475;204479;;;
81475;204501;;;
81475;204512;;;
81475;204534;;;
81475;204535;;;
81475;204557;;;
81475;204572;;;
81475;209787;;;
81475;220529;;;
81475;220543;;;
81475;220546;;;
81475;220547;;;
81475;220585;;;
81475;220588;;;
81475;220599;;;
81475;220649;;;
81475;220654;;;
81475;220658;;;
81475;220663;;;
81475;221328;;;
81475;221338;;;
81475;235088;;;
81476;74057;;;
81476;74585;;;
81476;91228;;;
81476;204494;;;
81476;204535;;;
81476;210989;;;
81476;220658;;;
81477;74171;;;
81477;104552;;;
81477;204378;;;
81477;204495;;;
81477;206018;;;
81477;220573;;;
81477;220591;;;
81477;220629;;;
81477;220640;;;
81477;220643;;;
81477;221148;;;
81478;73588;;;
81478;74856;;;
81478;104552;;;
81478;123756;;;
81478;141456;;;
81478;141464;;;
81478;160512;;;
81478;178857;;;
81478;188097;;;
81478;198783;;;
81478;204355;;;
81478;204396;;;
81478;204559;;;
81478;220529;;;
81478;220572;;;
81478;220578;;;
81478;220584;;;
81478;220607;;;
81478;220640;;;
81478;220648;;;
81478;220653;;;
81478;220663;;;
81478;220690;;;
81478;233592;;;
81483;73433;;;
81483;73441;;;
81483;73768;;;
81483;74090;;;
81483;74273;;;
81483;74537;;;
81483;74554;;;
81483;74574;;;
81483;150418;;;
81483;156190;;;
81483;160548;;;
81483;160600;;;
81483;160601;;;
81483;160640;;;
81483;165470;;;
81483;175765;;;
81483;178871;;;
81483;178876;;;
81483;178993;;;
81483;191923;;;
81483;204387;;;
81483;204404;;;
81483;204464;;;
81483;204473;;;
81483;204494;;;
81483;204501;;;
81483;204526;;;
81483;204535;;;
81483;204557;;;
81483;213762;;;
81483;220538;;;
81483;220566;;;
81483;220568;;;
81483;220574;;;
81483;220599;;;
81483;220642;;;
81483;220712;;;
81483;221338;;;
81484;74060;;;
81484;74156;;;
81484;80815;;;
81484;133439;;;
81484;141411;;;
81484;160538;;;
81484;160575;;;
81484;160598;;;
81484;160641;;;
81484;175765;;;
81484;178946;;;
81484;178966;;;
81484;178993;;;
81484;204416;;;
81484;204485;;;
81484;204515;;;
81484;220543;;;
81484;220546;;;
81484;220554;;;
81484;220555;;;
81484;220606;;;
81484;220607;;;
81484;220658;;;
81484;220662;;;
81484;220686;;;
81484;220695;;;
81484;221148;;;
81484;230768;;;
81486;73579;;;
81486;74585;;;
81486;123756;;;
81486;178829;;;
81486;178881;;;
81486;178993;;;
81486;204355;;;
81486;204387;;;
81486;204494;;;
81486;204520;;;
81486;204572;;;
81486;220530;;;
81486;220546;;;
81486;220547;;;
81486;220574;;;
81486;220583;;;
81486;220613;;;
81486;220621;;;
81486;220623;;;
81486;220642;;;
81486;220652;;;
81486;220657;;;
81486;220663;;;
81486;220666;;;
81486;220673;;;
81486;220690;;;
81486;220694;;;
81487;74374;;;
81487;74585;;;
81487;80815;;;
81487;88256;;;
81487;160591;;;
81487;160598;;;
81487;175765;;;
81487;178857;;;
81487;178876;;;
81487;178993;;;
81487;204359;;;
81487;204412;;;
81487;204494;;;
81487;204512;;;
81487;204528;;;
81487;204539;;;
81487;213762;;;
81487;220529;;;
81487;220544;;;
81487;220556;;;
81487;220559;;;
81487;220570;;;
81487;220613;;;
81487;220620;;;
81487;220626;;;
81498;74253;;;
81498;74537;;;
81498;136811;;;
81498;141450;;;
81498;141485;;;
81498;141487;;;
81498;160548;;;
81498;160552;;;
81498;160588;;;
81498;160758;;;
81498;162067;;;
81498;178993;;;
81498;191923;;;
81498;198197;;;
81498;204355;;;
81498;204387;;;
81498;204479;;;
81498;204494;;;
81498;204504;;;
81498;204525;;;
81498;220529;;;
81498;220543;;;
81498;220553;;;
81498;220554;;;
81498;220558;;;
81498;220574;;;
81498;220612;;;
81498;220621;;;
81498;220650;;;
81498;220672;;;
81498;220687;;;
81498;220690;;;
81498;220702;;;
81499;141456;;;
81499;160556;;;
81499;178857;;;
81499;178884;;;
81499;178993;;;
81499;204409;;;
81499;204520;;;
81499;204528;;;
81499;209787;;;
81499;220554;;;
81499;220578;;;
81499;220638;;;
81499;220658;;;
81499;220667;;;
81499;220682;;;
81499;220694;;;
81499;227991;;;
81500;74784;;;
81500;160161;;;
81500;160569;;;
81500;160575;;;
81500;160604;;;
81500;178970;;;
81500;204407;;;
81500;204518;;;
81500;204535;;;
81500;209189;;;
81500;220583;;;
81500;220642;;;
81500;220663;;;
81501;73701;;;
81501;178929;;;
81501;178993;;;
81501;220673;;;
81505;204407;;;
81506;221148;;;
81507;91228;;;
81507;160575;;;
81507;204553;;;
81507;220533;;;
81507;220553;;;
81507;220625;;;
81507;220658;;;
81507;220690;;;
81507;221338;;;
81508;141450;;;
81508;141485;;;
81508;204387;;;
81508;204504;;;
81508;204525;;;
81508;220543;;;
81508;220574;;;
81508;220612;;;
81509;73692;;;
81509;74041;;;
81509;74374;;;
81509;74398;;;
81509;160512;;;
81509;160518;;;
81509;160598;;;
81509;178985;;;
81509;204570;;;
81509;220554;;;
81509;220571;;;
81509;220604;;;
81509;220606;;;
81509;220622;;;
81509;220663;;;
81509;220676;;;
81509;220699;;;
81511;178871;;;
81511;204387;;;
81511;204479;;;
81511;220546;;;
81511;220649;;;
81511;220690;;;
81511;220694;;;
81512;178871;;;
81512;204387;;;
81512;204479;;;
81512;220546;;;
81512;220547;;;
81512;220618;;;
81512;220649;;;
81512;220690;;;
81512;220694;;;
81513;73604;;;
81513;73788;;;
81513;74084;;;
81513;74273;;;
81513;74848;;;
81513;123086;;;
81513;133439;;;
81513;150418;;;
81513;160604;;;
81513;160640;;;
81513;160673;;;
81513;171623;;;
81513;178964;;;
81513;178992;;;
81513;178993;;;
81513;204356;;;
81513;204372;;;
81513;204388;;;
81513;204410;;;
81513;204412;;;
81513;204511;;;
81513;214694;;;
81513;220529;;;
81513;220543;;;
81513;220555;;;
81513;220578;;;
81513;220606;;;
81513;220612;;;
81513;220662;;;
81513;220715;;;
81513;227991;;;
81513;230767;;;
81516;204494;;;
81516;220607;;;
81516;220658;;;
81516;220663;;;
81517;160758;;;
81517;204559;;;
81517;220697;;;
81519;62881;;;
81519;66385;;;
81519;69871;;;
81519;72442;;;
81519;73433;;;
81519;73441;;;
81519;73486;;;
81519;73579;;;
81519;73604;;;
81519;73692;;;
81519;73701;;;
81519;73768;;;
81519;73778;;;
81519;73788;;;
81519;73801;;;
81519;73808;;;
81519;74041;;;
81519;74044;;;
81519;74060;;;
81519;74079;;;
81519;74084;;;
81519;74090;;;
81519;74156;;;
81519;74158;;;
81519;74159;;;
81519;74160;;;
81519;74161;;;
81519;74171;;;
81519;74253;;;
81519;74262;;;
81519;74273;;;
81519;74317;;;
81519;74371;;;
81519;74374;;;
81519;74383;;;
81519;74398;;;
81519;74400;;;
81519;74428;;;
81519;74467;;;
81519;74478;;;
81519;74537;;;
81519;74550;;;
81519;74554;;;
81519;74574;;;
81519;74585;;;
81519;74646;;;
81519;74784;;;
81519;74848;;;
81519;74856;;;
81519;74858;;;
81519;80815;;;
81519;81055;;;
81519;88256;;;
81519;91228;;;
81519;92102;;;
81519;92699;;;
81519;92776;;;
81519;98057;;;
81519;98148;;;
81519;98615;;;
81519;104552;;;
81519;107283;;;
81519;107970;;;
81519;109429;;;
81519;121948;;;
81519;122158;;;
81519;122974;;;
81519;123086;;;
81519;123756;;;
81519;128760;;;
81519;129618;;;
81519;133439;;;
81519;133810;;;
81519;136811;;;
81519;137070;;;
81519;139285;;;
81519;141391;;;
81519;141398;;;
81519;141408;;;
81519;141421;;;
81519;141450;;;
81519;141456;;;
81519;141458;;;
81519;141459;;;
81519;141464;;;
81519;141470;;;
81519;141485;;;
81519;141487;;;
81519;141488;;;
81519;141516;;;
81519;141518;;;
81519;141531;;;
81519;141533;;;
81519;143084;;;
81519;143632;;;
81519;150418;;;
81519;154178;;;
81519;156190;;;
81519;157130;;;
81519;160161;;;
81519;160508;;;
81519;160512;;;
81519;160517;;;
81519;160518;;;
81519;160527;;;
81519;160535;;;
81519;160538;;;
81519;160545;;;
81519;160548;;;
81519;160552;;;
81519;160553;;;
81519;160556;;;
81519;160558;;;
81519;160559;;;
81519;160561;;;
81519;160569;;;
81519;160575;;;
81519;160588;;;
81519;160591;;;
81519;160592;;;
81519;160598;;;
81519;160599;;;
81519;160600;;;
81519;160604;;;
81519;160610;;;
81519;160629;;;
81519;160632;;;
81519;160635;;;
81519;160640;;;
81519;160641;;;
81519;160642;;;
81519;160665;;;
81519;160666;;;
81519;160673;;;
81519;160674;;;
81519;160758;;;
81519;160976;;;
81519;161440;;;
81519;161550;;;
81519;162067;;;
81519;162332;;;
81519;165470;;;
81519;171617;;;
81519;171623;;;
81519;171786;;;
81519;175765;;;
81519;178829;;;
81519;178831;;;
81519;178835;;;
81519;178854;;;
81519;178857;;;
81519;178858;;;
81519;178860;;;
81519;178866;;;
81519;178871;;;
81519;178873;;;
81519;178876;;;
81519;178881;;;
81519;178882;;;
81519;178884;;;
81519;178886;;;
81519;178887;;;
81519;178895;;;
81519;178896;;;
81519;178905;;;
81519;178908;;;
81519;178910;;;
81519;178927;;;
81519;178929;;;
81519;178931;;;
81519;178933;;;
81519;178934;;;
81519;178937;;;
81519;178945;;;
81519;178946;;;
81519;178947;;;
81519;178954;;;
81519;178962;;;
81519;178964;;;
81519;178966;;;
81519;178970;;;
81519;178972;;;
81519;178975;;;
81519;178985;;;
81519;178986;;;
81519;178987;;;
81519;178989;;;
81519;178992;;;
81519;178993;;;
81519;178997;;;
81519;179000;;;
81519;180214;;;
81519;188097;;;
81519;191923;;;
81519;198197;;;
81519;198783;;;
81519;204351;;;
81519;204353;;;
81519;204355;;;
81519;204356;;;
81519;204358;;;
81519;204360;;;
81519;204361;;;
81519;204362;;;
81519;204364;;;
81519;204365;;;
81519;204367;;;
81519;204368;;;
81519;204372;;;
81519;204374;;;
81519;204378;;;
81519;204379;;;
81519;204387;;;
81519;204388;;;
81519;204390;;;
81519;204391;;;
81519;204394;;;
81519;204395;;;
81519;204396;;;
81519;204398;;;
81519;204404;;;
81519;204406;;;
81519;204407;;;
81519;204408;;;
81519;204409;;;
81519;204410;;;
81519;204412;;;
81519;204416;;;
81519;204423;;;
81519;204426;;;
81519;204427;;;
81519;204431;;;
81519;204441;;;
81519;204444;;;
81519;204445;;;
81519;204450;;;
81519;204455;;;
81519;204456;;;
81519;204457;;;
81519;204459;;;
81519;204460;;;
81519;204462;;;
81519;204464;;;
81519;204472;;;
81519;204473;;;
81519;204474;;;
81519;204479;;;
81519;204480;;;
81519;204481;;;
81519;204485;;;
81519;204486;;;
81519;204488;;;
81519;204489;;;
81519;204491;;;
81519;204492;;;
81519;204494;;;
81519;204495;;;
81519;204496;;;
81519;204497;;;
81519;204501;;;
81519;204504;;;
81519;204506;;;
81519;204508;;;
81519;204511;;;
81519;204512;;;
81519;204515;;;
81519;204517;;;
81519;204518;;;
81519;204520;;;
81519;204524;;;
81519;204525;;;
81519;204526;;;
81519;204528;;;
81519;204531;;;
81519;204533;;;
81519;204534;;;
81519;204535;;;
81519;204536;;;
81519;204540;;;
81519;204541;;;
81519;204549;;;
81519;204550;;;
81519;204553;;;
81519;204557;;;
81519;204559;;;
81519;204560;;;
81519;204567;;;
81519;204570;;;
81519;204572;;;
81519;204574;;;
81519;205476;;;
81519;205550;;;
81519;206018;;;
81519;209189;;;
81519;209787;;;
81519;210989;;;
81519;213762;;;
81519;214694;;;
81519;215043;;;
81519;220527;;;
81519;220528;;;
81519;220529;;;
81519;220530;;;
81519;220532;;;
81519;220533;;;
81519;220534;;;
81519;220536;;;
81519;220538;;;
81519;220539;;;
81519;220543;;;
81519;220544;;;
81519;220546;;;
81519;220547;;;
81519;220548;;;
81519;220549;;;
81519;220550;;;
81519;220551;;;
81519;220552;;;
81519;220553;;;
81519;220554;;;
81519;220556;;;
81519;220557;;;
81519;220558;;;
81519;220559;;;
81519;220560;;;
81519;220561;;;
81519;220563;;;
81519;220565;;;
81519;220566;;;
81519;220567;;;
81519;220568;;;
81519;220569;;;
81519;220570;;;
81519;220571;;;
81519;220572;;;
81519;220574;;;
81519;220576;;;
81519;220578;;;
81519;220581;;;
81519;220583;;;
81519;220584;;;
81519;220585;;;
81519;220588;;;
81519;220589;;;
81519;220590;;;
81519;220591;;;
81519;220592;;;
81519;220594;;;
81519;220598;;;
81519;220599;;;
81519;220602;;;
81519;220603;;;
81519;220604;;;
81519;220605;;;
81519;220606;;;
81519;220607;;;
81519;220608;;;
81519;220609;;;
81519;220610;;;
81519;220611;;;
81519;220612;;;
81519;220614;;;
81519;220615;;;
81519;220616;;;
81519;220617;;;
81519;220618;;;
81519;220620;;;
81519;220621;;;
81519;220622;;;
81519;220623;;;
81519;220624;;;
81519;220625;;;
81519;220629;;;
81519;220630;;;
81519;220631;;;
81519;220632;;;
81519;220633;;;
81519;220635;;;
81519;220637;;;
81519;220638;;;
81519;220640;;;
81519;220641;;;
81519;220642;;;
81519;220643;;;
81519;220644;;;
81519;220645;;;
81519;220646;;;
81519;220647;;;
81519;220648;;;
81519;220649;;;
81519;220650;;;
81519;220651;;;
81519;220652;;;
81519;220653;;;
81519;220654;;;
81519;220655;;;
81519;220656;;;
81519;220657;;;
81519;220658;;;
81519;220661;;;
81519;220662;;;
81519;220663;;;
81519;220664;;;
81519;220665;;;
81519;220666;;;
81519;220667;;;
81519;220668;;;
81519;220670;;;
81519;220671;;;
81519;220673;;;
81519;220674;;;
81519;220675;;;
81519;220676;;;
81519;220677;;;
81519;220681;;;
81519;220682;;;
81519;220683;;;
81519;220684;;;
81519;220685;;;
81519;220686;;;
81519;220687;;;
81519;220688;;;
81519;220690;;;
81519;220691;;;
81519;220693;;;
81519;220694;;;
81519;220695;;;
81519;220696;;;
81519;220698;;;
81519;220699;;;
81519;220700;;;
81519;220701;;;
81519;220702;;;
81519;220703;;;
81519;220704;;;
81519;220706;;;
81519;220707;;;
81519;220708;;;
81519;220713;;;
81519;220714;;;
81519;220715;;;
81519;221148;;;
81519;221328;;;
81519;221329;;;
81519;221338;;;
81519;224117;;;
81519;224333;;;
81519;226837;;;
81519;227310;;;
81519;227991;;;
81519;230765;;;
81519;230767;;;
81519;230768;;;
81519;230957;;;
81519;233592;;;
81519;233594;;;
81519;234673;;;
81519;234788;;;
81519;235088;;;
81519;235620;;;
81519;235712;;;
81519;235776;;;
81520;72442;;;
81520;73579;;;
81520;73768;;;
81520;74317;;;
81520;74550;;;
81520;107970;;;
81520;136811;;;
81520;141411;;;
81520;141488;;;
81520;150418;;;
81520;160512;;;
81520;160556;;;
81520;160559;;;
81520;160632;;;
81520;160758;;;
81520;161440;;;
81520;162332;;;
81520;178871;;;
81520;178931;;;
81520;178954;;;
81520;178964;;;
81520;178970;;;
81520;178993;;;
81520;204351;;;
81520;204364;;;
81520;204378;;;
81520;204395;;;
81520;204404;;;
81520;204406;;;
81520;204472;;;
81520;204474;;;
81520;204517;;;
81520;204524;;;
81520;204557;;;
81520;204567;;;
81520;215043;;;
81520;220529;;;
81520;220538;;;
81520;220542;;;
81520;220546;;;
81520;220552;;;
81520;220571;;;
81520;220572;;;
81520;220581;;;
81520;220584;;;
81520;220588;;;
81520;220592;;;
81520;220595;;;
81520;220631;;;
81520;220672;;;
81520;220684;;;
81520;220685;;;
81520;220687;;;
81520;220693;;;
81520;220708;;;
81520;221328;;;
81520;224333;;;
81520;227991;;;
81520;230767;;;
81524;74784;;;
81524;160569;;;
81524;160575;;;
81524;160604;;;
81524;204407;;;
81524;204518;;;
81524;204535;;;
81524;209189;;;
81524;220583;;;
81524;220642;;;
81525;74041;;;
81525;74057;;;
81525;74784;;;
81525;160556;;;
81525;160575;;;
81525;178966;;;
81525;204462;;;
81525;204464;;;
81525;206018;;;
81525;220598;;;
81525;220606;;;
81525;220615;;;
81525;220623;;;
81525;220645;;;
81525;220654;;;
81525;220665;;;
81525;220667;;;
81525;220682;;;
81526;74041;;;
81526;74057;;;
81526;74784;;;
81526;160556;;;
81526;160575;;;
81526;160601;;;
81526;160642;;;
81526;178966;;;
81526;204462;;;
81526;204464;;;
81526;206018;;;
81526;220555;;;
81526;220598;;;
81526;220606;;;
81526;220615;;;
81526;220623;;;
81526;220645;;;
81526;220654;;;
81526;220665;;;
81526;220667;;;
81526;220682;;;
81527;74057;;;
81527;204419;;;
81527;220530;;;
81527;220606;;;
81527;220623;;;
81529;62881;;;
81529;66385;;;
81529;66828;;;
81529;69871;;;
81529;72442;;;
81529;73486;;;
81529;73768;;;
81529;73801;;;
81529;74041;;;
81529;74057;;;
81529;74075;;;
81529;74156;;;
81529;74160;;;
81529;74161;;;
81529;74171;;;
81529;74398;;;
81529;74428;;;
81529;74454;;;
81529;74554;;;
81529;74856;;;
81529;91228;;;
81529;92102;;;
81529;139285;;;
81529;141408;;;
81529;141450;;;
81529;141485;;;
81529;141516;;;
81529;141531;;;
81529;153423;;;
81529;157130;;;
81529;160512;;;
81529;160575;;;
81529;160600;;;
81529;160601;;;
81529;160666;;;
81529;160758;;;
81529;162067;;;
81529;178829;;;
81529;178835;;;
81529;178860;;;
81529;178873;;;
81529;178881;;;
81529;178884;;;
81529;178887;;;
81529;178929;;;
81529;178934;;;
81529;178986;;;
81529;178987;;;
81529;178993;;;
81529;191923;;;
81529;204367;;;
81529;204374;;;
81529;204394;;;
81529;204404;;;
81529;204460;;;
81529;204462;;;
81529;204464;;;
81529;204472;;;
81529;204481;;;
81529;204494;;;
81529;204498;;;
81529;204501;;;
81529;204504;;;
81529;204534;;;
81529;204535;;;
81529;204557;;;
81529;204572;;;
81529;205476;;;
81529;209787;;;
81529;220528;;;
81529;220529;;;
81529;220534;;;
81529;220539;;;
81529;220543;;;
81529;220546;;;
81529;220547;;;
81529;220550;;;
81529;220555;;;
81529;220556;;;
81529;220558;;;
81529;220559;;;
81529;220576;;;
81529;220583;;;
81529;220585;;;
81529;220586;;;
81529;220588;;;
81529;220599;;;
81529;220602;;;
81529;220609;;;
81529;220623;;;
81529;220626;;;
81529;220645;;;
81529;220654;;;
81529;220658;;;
81529;220663;;;
81529;220668;;;
81529;220684;;;
81529;220691;;;
81529;221328;;;
81529;221338;;;
81529;224333;;;
81529;235088;;;
81529;235869;;;
81530;62881;;;
81530;66385;;;
81530;69871;;;
81530;72442;;;
81530;73768;;;
81530;74041;;;
81530;74057;;;
81530;74160;;;
81530;74161;;;
81530;74554;;;
81530;74574;;;
81530;74856;;;
81530;91228;;;
81530;92102;;;
81530;139285;;;
81530;141485;;;
81530;141531;;;
81530;153423;;;
81530;157130;;;
81530;160512;;;
81530;160575;;;
81530;160600;;;
81530;160666;;;
81530;160758;;;
81530;178873;;;
81530;178881;;;
81530;178884;;;
81530;178929;;;
81530;178934;;;
81530;178946;;;
81530;178972;;;
81530;178987;;;
81530;191923;;;
81530;204374;;;
81530;204394;;;
81530;204404;;;
81530;204460;;;
81530;204462;;;
81530;204472;;;
81530;204512;;;
81530;204534;;;
81530;204535;;;
81530;204557;;;
81530;209787;;;
81530;220529;;;
81530;220543;;;
81530;220546;;;
81530;220547;;;
81530;220555;;;
81530;220590;;;
81530;220599;;;
81530;220609;;;
81530;220618;;;
81530;220626;;;
81530;220648;;;
81530;220658;;;
81530;220663;;;
81530;220668;;;
81530;220684;;;
81530;221328;;;
81530;230767;;;
81530;235088;;;
81532;73701;;;
81532;104552;;;
81532;204407;;;
81532;204441;;;
81532;204462;;;
81532;220565;;;
81532;220645;;;
81532;221338;;;
81532;230765;;;
81533;74041;;;
81533;74057;;;
81533;74784;;;
81533;160556;;;
81533;160575;;;
81533;160601;;;
81533;160642;;;
81533;178908;;;
81533;178966;;;
81533;178970;;;
81533;180214;;;
81533;204351;;;
81533;204419;;;
81533;204441;;;
81533;204444;;;
81533;204462;;;
81533;204464;;;
81533;206018;;;
81533;220526;;;
81533;220530;;;
81533;220555;;;
81533;220598;;;
81533;220606;;;
81533;220615;;;
81533;220623;;;
81533;220645;;;
81533;220654;;;
81533;220663;;;
81533;220665;;;
81533;220667;;;
81533;220682;;;
81535;74041;;;
81535;141456;;;
81535;204419;;;
81535;220530;;;
81535;220606;;;
81535;233592;;;
81536;133439;;;
81536;141408;;;
81536;141456;;;
81536;160161;;;
81536;160591;;;
81536;160632;;;
81536;175765;;;
81536;178886;;;
81536;180214;;;
81536;191923;;;
81536;204356;;;
81536;204372;;;
81536;204374;;;
81536;204394;;;
81536;204504;;;
81536;204511;;;
81536;204525;;;
81536;204540;;;
81536;220529;;;
81536;220544;;;
81536;220572;;;
81536;220604;;;
81536;220653;;;
81536;220662;;;
81536;220663;;;
81536;220685;;;
81537;74374;;;
81537;141533;;;
81537;160512;;;
81537;160518;;;
81537;160575;;;
81537;160598;;;
81537;204540;;;
81537;220547;;;
81537;220584;;;
81537;220607;;;
81537;220623;;;
81537;220646;;;
81537;220650;;;
81537;220663;;;
81537;220674;;;
81537;220686;;;
81537;220687;;;
81537;220688;;;
81538;204365;;;
81538;220673;;;
81541;104552;;;
81541;204378;;;
81541;204492;;;
81541;204495;;;
81541;206018;;;
81541;220554;;;
81541;220573;;;
81541;220629;;;
81541;220640;;;
81541;220643;;;
81541;221148;;;
81543;73579;;;
81543;73692;;;
81543;160599;;;
81543;178829;;;
81543;178871;;;
81543;204387;;;
81543;204416;;;
81543;204479;;;
81543;204520;;;
81543;204536;;;
81543;204572;;;
81543;220530;;;
81543;220538;;;
81543;220546;;;
81543;220547;;;
81543;220552;;;
81543;220568;;;
81543;220574;;;
81543;220590;;;
81543;220594;;;
81543;220613;;;
81543;220615;;;
81543;220618;;;
81543;220621;;;
81543;220623;;;
81543;220642;;;
81543;220649;;;
81543;220652;;;
81543;220663;;;
81543;220666;;;
81543;220667;;;
81543;220673;;;
81543;220690;;;
81543;220694;;;
81543;230767;;;
81544;66828;;;
81544;73433;;;
81544;73778;;;
81544;74090;;;
81544;74156;;;
81544;74159;;;
81544;74317;;;
81544;74856;;;
81544;92699;;;
81544;104552;;;
81544;122158;;;
81544;141408;;;
81544;141456;;;
81544;141464;;;
81544;141555;;;
81544;143084;;;
81544;156190;;;
81544;160556;;;
81544;160575;;;
81544;178858;;;
81544;178884;;;
81544;178887;;;
81544;178946;;;
81544;178947;;;
81544;188097;;;
81544;198783;;;
81544;204353;;;
81544;204355;;;
81544;204396;;;
81544;204480;;;
81544;204486;;;
81544;204491;;;
81544;204492;;;
81544;204501;;;
81544;204517;;;
81544;204536;;;
81544;204557;;;
81544;204559;;;
81544;220529;;;
81544;220548;;;
81544;220572;;;
81544;220578;;;
81544;220584;;;
81544;220595;;;
81544;220603;;;
81544;220604;;;
81544;220607;;;
81544;220632;;;
81544;220640;;;
81544;220648;;;
81544;220653;;;
81544;220672;;;
81544;220690;;;
81544;220691;;;
81544;220700;;;
81544;220712;;;
81544;220714;;;
81544;230767;;;
81545;62881;;;
81545;66385;;;
81545;69871;;;
81545;72442;;;
81545;73433;;;
81545;73441;;;
81545;73486;;;
81545;73579;;;
81545;73604;;;
81545;73692;;;
81545;73701;;;
81545;73768;;;
81545;73778;;;
81545;73788;;;
81545;73801;;;
81545;73808;;;
81545;74041;;;
81545;74044;;;
81545;74057;;;
81545;74060;;;
81545;74079;;;
81545;74084;;;
81545;74090;;;
81545;74156;;;
81545;74158;;;
81545;74159;;;
81545;74160;;;
81545;74161;;;
81545;74171;;;
81545;74253;;;
81545;74262;;;
81545;74273;;;
81545;74317;;;
81545;74356;;;
81545;74371;;;
81545;74374;;;
81545;74383;;;
81545;74398;;;
81545;74400;;;
81545;74428;;;
81545;74467;;;
81545;74478;;;
81545;74537;;;
81545;74550;;;
81545;74554;;;
81545;74574;;;
81545;74585;;;
81545;74646;;;
81545;74784;;;
81545;74848;;;
81545;74856;;;
81545;74858;;;
81545;80815;;;
81545;81055;;;
81545;88256;;;
81545;91228;;;
81545;92102;;;
81545;92699;;;
81545;92776;;;
81545;98057;;;
81545;98148;;;
81545;98615;;;
81545;104552;;;
81545;107283;;;
81545;107970;;;
81545;109429;;;
81545;121948;;;
81545;122158;;;
81545;122974;;;
81545;123086;;;
81545;123756;;;
81545;128760;;;
81545;133439;;;
81545;133810;;;
81545;136811;;;
81545;137070;;;
81545;139285;;;
81545;141398;;;
81545;141408;;;
81545;141411;;;
81545;141421;;;
81545;141431;;;
81545;141450;;;
81545;141456;;;
81545;141458;;;
81545;141459;;;
81545;141464;;;
81545;141470;;;
81545;141485;;;
81545;141487;;;
81545;141488;;;
81545;141516;;;
81545;141518;;;
81545;141531;;;
81545;141533;;;
81545;141555;;;
81545;143084;;;
81545;143632;;;
81545;150418;;;
81545;153423;;;
81545;154178;;;
81545;156190;;;
81545;157130;;;
81545;160161;;;
81545;160508;;;
81545;160512;;;
81545;160517;;;
81545;160518;;;
81545;160527;;;
81545;160535;;;
81545;160538;;;
81545;160545;;;
81545;160548;;;
81545;160552;;;
81545;160553;;;
81545;160556;;;
81545;160558;;;
81545;160559;;;
81545;160561;;;
81545;160569;;;
81545;160575;;;
81545;160588;;;
81545;160591;;;
81545;160592;;;
81545;160598;;;
81545;160599;;;
81545;160600;;;
81545;160601;;;
81545;160604;;;
81545;160610;;;
81545;160621;;;
81545;160629;;;
81545;160632;;;
81545;160635;;;
81545;160640;;;
81545;160641;;;
81545;160642;;;
81545;160665;;;
81545;160666;;;
81545;160673;;;
81545;160674;;;
81545;160758;;;
81545;160976;;;
81545;161440;;;
81545;161550;;;
81545;162067;;;
81545;162332;;;
81545;165470;;;
81545;166402;;;
81545;171617;;;
81545;171623;;;
81545;171786;;;
81545;175765;;;
81545;178829;;;
81545;178831;;;
81545;178832;;;
81545;178835;;;
81545;178843;;;
81545;178854;;;
81545;178857;;;
81545;178858;;;
81545;178860;;;
81545;178866;;;
81545;178871;;;
81545;178873;;;
81545;178876;;;
81545;178881;;;
81545;178882;;;
81545;178884;;;
81545;178886;;;
81545;178887;;;
81545;178895;;;
81545;178896;;;
81545;178905;;;
81545;178908;;;
81545;178910;;;
81545;178927;;;
81545;178929;;;
81545;178931;;;
81545;178933;;;
81545;178934;;;
81545;178937;;;
81545;178943;;;
81545;178945;;;
81545;178946;;;
81545;178947;;;
81545;178954;;;
81545;178962;;;
81545;178964;;;
81545;178966;;;
81545;178970;;;
81545;178972;;;
81545;178975;;;
81545;178983;;;
81545;178985;;;
81545;178986;;;
81545;178987;;;
81545;178989;;;
81545;178992;;;
81545;178993;;;
81545;178997;;;
81545;179000;;;
81545;179001;;;
81545;180214;;;
81545;188097;;;
81545;191923;;;
81545;198197;;;
81545;198783;;;
81545;204351;;;
81545;204353;;;
81545;204355;;;
81545;204356;;;
81545;204358;;;
81545;204360;;;
81545;204361;;;
81545;204362;;;
81545;204364;;;
81545;204365;;;
81545;204367;;;
81545;204368;;;
81545;204372;;;
81545;204374;;;
81545;204378;;;
81545;204379;;;
81545;204387;;;
81545;204388;;;
81545;204390;;;
81545;204391;;;
81545;204394;;;
81545;204395;;;
81545;204396;;;
81545;204398;;;
81545;204404;;;
81545;204406;;;
81545;204407;;;
81545;204408;;;
81545;204409;;;
81545;204410;;;
81545;204411;;;
81545;204412;;;
81545;204416;;;
81545;204423;;;
81545;204426;;;
81545;204427;;;
81545;204441;;;
81545;204444;;;
81545;204445;;;
81545;204450;;;
81545;204453;;;
81545;204455;;;
81545;204456;;;
81545;204457;;;
81545;204459;;;
81545;204460;;;
81545;204462;;;
81545;204464;;;
81545;204472;;;
81545;204473;;;
81545;204474;;;
81545;204479;;;
81545;204480;;;
81545;204481;;;
81545;204485;;;
81545;204486;;;
81545;204488;;;
81545;204489;;;
81545;204491;;;
81545;204492;;;
81545;204494;;;
81545;204495;;;
81545;204496;;;
81545;204497;;;
81545;204498;;;
81545;204501;;;
81545;204504;;;
81545;204506;;;
81545;204508;;;
81545;204511;;;
81545;204512;;;
81545;204515;;;
81545;204517;;;
81545;204518;;;
81545;204520;;;
81545;204524;;;
81545;204525;;;
81545;204526;;;
81545;204528;;;
81545;204533;;;
81545;204534;;;
81545;204535;;;
81545;204536;;;
81545;204539;;;
81545;204540;;;
81545;204541;;;
81545;204549;;;
81545;204550;;;
81545;204553;;;
81545;204557;;;
81545;204558;;;
81545;204559;;;
81545;204560;;;
81545;204567;;;
81545;204570;;;
81545;204572;;;
81545;204574;;;
81545;205476;;;
81545;205550;;;
81545;206018;;;
81545;209189;;;
81545;209787;;;
81545;210989;;;
81545;213762;;;
81545;214694;;;
81545;215043;;;
81545;220527;;;
81545;220528;;;
81545;220529;;;
81545;220530;;;
81545;220532;;;
81545;220533;;;
81545;220534;;;
81545;220536;;;
81545;220537;;;
81545;220538;;;
81545;220539;;;
81545;220542;;;
81545;220543;;;
81545;220544;;;
81545;220545;;;
81545;220546;;;
81545;220547;;;
81545;220548;;;
81545;220549;;;
81545;220550;;;
81545;220551;;;
81545;220552;;;
81545;220553;;;
81545;220554;;;
81545;220555;;;
81545;220556;;;
81545;220557;;;
81545;220558;;;
81545;220559;;;
81545;220560;;;
81545;220561;;;
81545;220563;;;
81545;220565;;;
81545;220566;;;
81545;220567;;;
81545;220568;;;
81545;220569;;;
81545;220570;;;
81545;220571;;;
81545;220572;;;
81545;220574;;;
81545;220576;;;
81545;220578;;;
81545;220581;;;
81545;220582;;;
81545;220583;;;
81545;220584;;;
81545;220585;;;
81545;220586;;;
81545;220588;;;
81545;220589;;;
81545;220590;;;
81545;220591;;;
81545;220592;;;
81545;220594;;;
81545;220595;;;
81545;220597;;;
81545;220598;;;
81545;220599;;;
81545;220602;;;
81545;220603;;;
81545;220604;;;
81545;220605;;;
81545;220606;;;
81545;220607;;;
81545;220608;;;
81545;220609;;;
81545;220610;;;
81545;220611;;;
81545;220612;;;
81545;220614;;;
81545;220615;;;
81545;220616;;;
81545;220617;;;
81545;220618;;;
81545;220620;;;
81545;220621;;;
81545;220622;;;
81545;220623;;;
81545;220624;;;
81545;220625;;;
81545;220628;;;
81545;220629;;;
81545;220630;;;
81545;220631;;;
81545;220632;;;
81545;220633;;;
81545;220635;;;
81545;220637;;;
81545;220638;;;
81545;220640;;;
81545;220641;;;
81545;220642;;;
81545;220643;;;
81545;220644;;;
81545;220645;;;
81545;220646;;;
81545;220647;;;
81545;220648;;;
81545;220649;;;
81545;220650;;;
81545;220651;;;
81545;220652;;;
81545;220653;;;
81545;220654;;;
81545;220655;;;
81545;220656;;;
81545;220657;;;
81545;220658;;;
81545;220661;;;
81545;220662;;;
81545;220663;;;
81545;220664;;;
81545;220665;;;
81545;220666;;;
81545;220667;;;
81545;220668;;;
81545;220670;;;
81545;220671;;;
81545;220672;;;
81545;220673;;;
81545;220674;;;
81545;220675;;;
81545;220676;;;
81545;220677;;;
81545;220681;;;
81545;220682;;;
81545;220683;;;
81545;220684;;;
81545;220685;;;
81545;220686;;;
81545;220687;;;
81545;220688;;;
81545;220690;;;
81545;220691;;;
81545;220692;;;
81545;220693;;;
81545;220694;;;
81545;220695;;;
81545;220696;;;
81545;220697;;;
81545;220698;;;
81545;220699;;;
81545;220700;;;
81545;220701;;;
81545;220702;;;
81545;220703;;;
81545;220704;;;
81545;220706;;;
81545;220707;;;
81545;220708;;;
81545;220712;;;
81545;220713;;;
81545;220714;;;
81545;220715;;;
81545;221148;;;
81545;221328;;;
81545;221329;;;
81545;221338;;;
81545;224117;;;
81545;224333;;;
81545;226837;;;
81545;227310;;;
81545;227991;;;
81545;230765;;;
81545;230767;;;
81545;230768;;;
81545;230957;;;
81545;233592;;;
81545;233594;;;
81545;234673;;;
81545;234788;;;
81545;235088;;;
81545;235620;;;
81545;235712;;;
81545;235776;;;
81545;235800;;;
81546;74156;;;
81546;128760;;;
81546;141408;;;
81546;141456;;;
81546;160512;;;
81546;160556;;;
81546;178857;;;
81546;178871;;;
81546;178881;;;
81546;178884;;;
81546;188097;;;
81546;204374;;;
81546;204408;;;
81546;204520;;;
81546;204528;;;
81546;209787;;;
81546;220534;;;
81546;220554;;;
81546;220578;;;
81546;220599;;;
81546;220602;;;
81546;220604;;;
81546;220638;;;
81546;220658;;;
81546;220663;;;
81546;220667;;;
81546;220694;;;
81546;220712;;;
81546;227991;;;
81546;230767;;;
81547;160575;;;
81548;74084;;;
81548;160575;;;
81548;220574;;;
81548;220598;;;
81552;73808;;;
81552;74090;;;
81552;104552;;;
81552;109429;;;
81552;128760;;;
81552;141459;;;
81552;160512;;;
81552;160535;;;
81552;160556;;;
81552;178970;;;
81552;178993;;;
81552;178997;;;
81552;204353;;;
81552;204489;;;
81552;204492;;;
81552;220529;;;
81552;220557;;;
81552;220571;;;
81552;220592;;;
81552;220617;;;
81552;220631;;;
81552;220663;;;
81552;220667;;;
81552;220712;;;
81552;220715;;;
81554;109429;;;
81554;141411;;;
81554;178929;;;
81554;191923;;;
81554;204390;;;
81554;204445;;;
81554;204540;;;
81554;220598;;;
81555;74044;;;
81555;74057;;;
81555;74090;;;
81555;74156;;;
81555;74398;;;
81555;74428;;;
81555;74467;;;
81555;74554;;;
81555;98615;;;
81555;104552;;;
81555;109429;;;
81555;123086;;;
81555;123756;;;
81555;139285;;;
81555;141411;;;
81555;157130;;;
81555;160569;;;
81555;160592;;;
81555;160601;;;
81555;160604;;;
81555;160641;;;
81555;178929;;;
81555;178993;;;
81555;178997;;;
81555;191923;;;
81555;204353;;;
81555;204390;;;
81555;204407;;;
81555;204441;;;
81555;204445;;;
81555;204455;;;
81555;204462;;;
81555;204480;;;
81555;204481;;;
81555;204528;;;
81555;204534;;;
81555;204535;;;
81555;204540;;;
81555;204557;;;
81555;204570;;;
81555;204572;;;
81555;209787;;;
81555;220533;;;
81555;220534;;;
81555;220540;;;
81555;220551;;;
81555;220560;;;
81555;220563;;;
81555;220582;;;
81555;220586;;;
81555;220598;;;
81555;220609;;;
81555;220621;;;
81555;220622;;;
81555;220623;;;
81555;220629;;;
81555;220663;;;
81555;220670;;;
81555;220686;;;
81555;221338;;;
81557;74057;;;
81557;74253;;;
81557;98057;;;
81557;123756;;;
81557;141391;;;
81557;160665;;;
81557;178873;;;
81557;178992;;;
81557;178993;;;
81557;198783;;;
81557;204374;;;
81557;204528;;;
81557;204559;;;
81557;220529;;;
81557;220534;;;
81557;220549;;;
81557;220550;;;
81557;220552;;;
81557;220658;;;
81557;220663;;;
81557;220697;;;
81557;230767;;;
81557;230768;;;
81558;74075;;;
81558;74156;;;
81558;74171;;;
81558;92776;;;
81558;98148;;;
81558;104552;;;
81558;160632;;;
81558;161440;;;
81558;178962;;;
81558;178966;;;
81558;178986;;;
81558;178993;;;
81558;204378;;;
81558;204445;;;
81558;204488;;;
81558;204494;;;
81558;204534;;;
81558;204535;;;
81558;206018;;;
81558;220529;;;
81558;220548;;;
81558;220582;;;
81558;220605;;;
81558;220623;;;
81558;220635;;;
81558;220637;;;
81558;220642;;;
81558;220646;;;
81558;220663;;;
81558;220671;;;
81558;220684;;;
81558;220701;;;
81558;220715;;;
81560;73768;;;
81560;73808;;;
81560;74317;;;
81560;121948;;;
81560;141450;;;
81560;157130;;;
81560;160535;;;
81560;160556;;;
81560;160632;;;
81560;160758;;;
81560;161550;;;
81560;178871;;;
81560;178931;;;
81560;178954;;;
81560;178964;;;
81560;178993;;;
81560;204395;;;
81560;204404;;;
81560;204406;;;
81560;204473;;;
81560;220529;;;
81560;220546;;;
81560;220552;;;
81560;220571;;;
81560;220592;;;
81560;220617;;;
81560;220620;;;
81560;220626;;;
81560;220672;;;
81560;220687;;;
81560;227991;;;
81560;230767;;;
81562;204494;;;
81562;204508;;;
81562;204517;;;
81562;206018;;;
81562;220623;;;
81562;220625;;;
81562;220632;;;
81563;74374;;;
81563;74856;;;
81563;178871;;;
81563;178987;;;
81563;204494;;;
81563;204508;;;
81563;204511;;;
81563;204540;;;
81563;220547;;;
81563;220553;;;
81563;220571;;;
81563;220625;;;
81563;220687;;;
81565;66385;;;
81565;74784;;;
81565;92699;;;
81565;121948;;;
81565;141456;;;
81565;178884;;;
81565;178934;;;
81565;178993;;;
81565;204453;;;
81565;209189;;;
81565;220533;;;
81565;220534;;;
81565;220553;;;
81565;220563;;;
81565;220566;;;
81565;220607;;;
81565;220663;;;
81565;220675;;;
81565;220677;;;
81565;226837;;;
81567;81055;;;
81567;98057;;;
81567;128760;;;
81567;141456;;;
81567;160512;;;
81567;178884;;;
81567;178993;;;
81567;204520;;;
81567;204528;;;
81567;209787;;;
81567;220554;;;
81567;220578;;;
81567;220604;;;
81567;220614;;;
81567;220638;;;
81567;220658;;;
81568;72442;;;
81568;73441;;;
81568;74060;;;
81568;74262;;;
81568;88256;;;
81568;141555;;;
81568;150418;;;
81568;160512;;;
81568;160518;;;
81568;162067;;;
81568;171617;;;
81568;178986;;;
81568;178993;;;
81568;204365;;;
81568;205476;;;
81568;205550;;;
81568;220534;;;
81568;220553;;;
81568;220613;;;
81568;220641;;;
81568;220645;;;
81568;220653;;;
81568;220663;;;
81568;220686;;;
81568;220712;;;
81569;73701;;;
81569;74057;;;
81569;74084;;;
81569;74848;;;
81569;139285;;;
81569;160575;;;
81569;178829;;;
81569;178866;;;
81569;178929;;;
81569;178993;;;
81569;204374;;;
81569;204535;;;
81569;206018;;;
81569;220539;;;
81569;220553;;;
81569;220598;;;
81569;220615;;;
81569;220623;;;
81569;220640;;;
81569;220699;;;
81569;221148;;;
81573;73701;;;
81573;74856;;;
81573;160561;;;
81573;160598;;;
81573;160642;;;
81573;178832;;;
81573;180214;;;
81573;204462;;;
81573;204553;;;
81573;214694;;;
81573;220545;;;
81573;220556;;;
81573;220608;;;
81573;220622;;;
81573;220635;;;
81573;220663;;;
81573;220665;;;
81573;220676;;;
81573;220695;;;
81573;227310;;;
81574;66828;;;
81574;73588;;;
81574;74856;;;
81574;80815;;;
81574;104552;;;
81574;123756;;;
81574;141456;;;
81574;141464;;;
81574;160538;;;
81574;178884;;;
81574;178946;;;
81574;178993;;;
81574;198783;;;
81574;204355;;;
81574;204396;;;
81574;204559;;;
81574;220529;;;
81574;220574;;;
81574;220578;;;
81574;220584;;;
81574;220603;;;
81574;220607;;;
81574;220653;;;
81574;220658;;;
81574;221329;;;
81574;221338;;;
81574;230767;;;
81575;128760;;;
81575;204528;;;
81575;220554;;;
81576;62881;;;
81576;74253;;;
81576;74371;;;
81576;121948;;;
81576;141391;;;
81576;141408;;;
81576;141431;;;
81576;141450;;;
81576;141487;;;
81576;141531;;;
81576;150418;;;
81576;160512;;;
81576;160556;;;
81576;160559;;;
81576;160665;;;
81576;178858;;;
81576;178871;;;
81576;178910;;;
81576;178985;;;
81576;178993;;;
81576;204353;;;
81576;204358;;;
81576;204362;;;
81576;204378;;;
81576;204492;;;
81576;204495;;;
81576;204497;;;
81576;204520;;;
81576;204557;;;
81576;220534;;;
81576;220537;;;
81576;220581;;;
81576;220604;;;
81576;220605;;;
81576;220607;;;
81576;220611;;;
81576;220612;;;
81576;220658;;;
81576;220663;;;
81576;220677;;;
81576;220708;;;
81576;233594;;;
81576;235869;;;
81578;220557;;;
81579;74060;;;
81579;74156;;;
81579;80815;;;
81579;133439;;;
81579;141555;;;
81579;160518;;;
81579;160538;;;
81579;160575;;;
81579;160598;;;
81579;160641;;;
81579;178966;;;
81579;178993;;;
81579;204353;;;
81579;204416;;;
81579;204485;;;
81579;204491;;;
81579;204495;;;
81579;204515;;;
81579;220534;;;
81579;220540;;;
81579;220543;;;
81579;220554;;;
81579;220555;;;
81579;220604;;;
81579;220606;;;
81579;220607;;;
81579;220614;;;
81579;220658;;;
81579;220662;;;
81579;220663;;;
81579;220695;;;
81579;221148;;;
81579;221338;;;
81579;235088;;;
81580;74041;;;
81580;74057;;;
81580;74784;;;
81580;160556;;;
81580;160575;;;
81580;160601;;;
81580;160642;;;
81580;178908;;;
81580;178966;;;
81580;180214;;;
81580;204351;;;
81580;204419;;;
81580;204441;;;
81580;204444;;;
81580;204462;;;
81580;204464;;;
81580;206018;;;
81580;220526;;;
81580;220530;;;
81580;220555;;;
81580;220598;;;
81580;220606;;;
81580;220615;;;
81580;220623;;;
81580;220645;;;
81580;220654;;;
81580;220663;;;
81580;220665;;;
81580;220667;;;
81580;220682;;;
81588;62881;;;
81588;66385;;;
81588;69871;;;
81588;72442;;;
81588;73433;;;
81588;73441;;;
81588;73579;;;
81588;73604;;;
81588;73692;;;
81588;73701;;;
81588;73768;;;
81588;73778;;;
81588;73788;;;
81588;73801;;;
81588;73808;;;
81588;74041;;;
81588;74044;;;
81588;74057;;;
81588;74060;;;
81588;74075;;;
81588;74079;;;
81588;74084;;;
81588;74090;;;
81588;74156;;;
81588;74159;;;
81588;74160;;;
81588;74161;;;
81588;74171;;;
81588;74253;;;
81588;74262;;;
81588;74273;;;
81588;74317;;;
81588;74356;;;
81588;74371;;;
81588;74374;;;
81588;74376;;;
81588;74398;;;
81588;74400;;;
81588;74428;;;
81588;74467;;;
81588;74478;;;
81588;74537;;;
81588;74554;;;
81588;74574;;;
81588;74585;;;
81588;74646;;;
81588;74784;;;
81588;74848;;;
81588;74856;;;
81588;74858;;;
81588;80815;;;
81588;81055;;;
81588;88256;;;
81588;91228;;;
81588;92102;;;
81588;92699;;;
81588;92776;;;
81588;98057;;;
81588;98148;;;
81588;98615;;;
81588;104552;;;
81588;107283;;;
81588;107970;;;
81588;109429;;;
81588;121948;;;
81588;122158;;;
81588;122974;;;
81588;123086;;;
81588;123756;;;
81588;128760;;;
81588;133439;;;
81588;133810;;;
81588;136811;;;
81588;137070;;;
81588;139285;;;
81588;141398;;;
81588;141408;;;
81588;141411;;;
81588;141421;;;
81588;141431;;;
81588;141450;;;
81588;141456;;;
81588;141458;;;
81588;141459;;;
81588;141464;;;
81588;141470;;;
81588;141485;;;
81588;141487;;;
81588;141488;;;
81588;141516;;;
81588;141531;;;
81588;141533;;;
81588;141555;;;
81588;143084;;;
81588;143632;;;
81588;150418;;;
81588;153423;;;
81588;154178;;;
81588;156190;;;
81588;157130;;;
81588;160161;;;
81588;160508;;;
81588;160512;;;
81588;160517;;;
81588;160518;;;
81588;160527;;;
81588;160535;;;
81588;160538;;;
81588;160545;;;
81588;160548;;;
81588;160552;;;
81588;160553;;;
81588;160556;;;
81588;160558;;;
81588;160559;;;
81588;160561;;;
81588;160569;;;
81588;160575;;;
81588;160588;;;
81588;160591;;;
81588;160592;;;
81588;160598;;;
81588;160599;;;
81588;160600;;;
81588;160601;;;
81588;160604;;;
81588;160610;;;
81588;160621;;;
81588;160629;;;
81588;160632;;;
81588;160635;;;
81588;160640;;;
81588;160641;;;
81588;160642;;;
81588;160665;;;
81588;160666;;;
81588;160673;;;
81588;160674;;;
81588;160758;;;
81588;160976;;;
81588;161440;;;
81588;161550;;;
81588;162067;;;
81588;165470;;;
81588;166402;;;
81588;171617;;;
81588;171623;;;
81588;171786;;;
81588;175765;;;
81588;178829;;;
81588;178831;;;
81588;178832;;;
81588;178835;;;
81588;178843;;;
81588;178854;;;
81588;178857;;;
81588;178858;;;
81588;178860;;;
81588;178866;;;
81588;178871;;;
81588;178873;;;
81588;178876;;;
81588;178881;;;
81588;178882;;;
81588;178884;;;
81588;178886;;;
81588;178887;;;
81588;178895;;;
81588;178896;;;
81588;178905;;;
81588;178908;;;
81588;178910;;;
81588;178927;;;
81588;178929;;;
81588;178931;;;
81588;178933;;;
81588;178934;;;
81588;178943;;;
81588;178945;;;
81588;178946;;;
81588;178947;;;
81588;178954;;;
81588;178962;;;
81588;178964;;;
81588;178966;;;
81588;178970;;;
81588;178972;;;
81588;178983;;;
81588;178985;;;
81588;178986;;;
81588;178987;;;
81588;178989;;;
81588;178992;;;
81588;178993;;;
81588;178997;;;
81588;179000;;;
81588;179001;;;
81588;180214;;;
81588;188097;;;
81588;191923;;;
81588;198197;;;
81588;198783;;;
81588;204351;;;
81588;204353;;;
81588;204355;;;
81588;204356;;;
81588;204358;;;
81588;204360;;;
81588;204362;;;
81588;204364;;;
81588;204365;;;
81588;204367;;;
81588;204368;;;
81588;204372;;;
81588;204374;;;
81588;204378;;;
81588;204379;;;
81588;204387;;;
81588;204388;;;
81588;204390;;;
81588;204391;;;
81588;204394;;;
81588;204396;;;
81588;204398;;;
81588;204404;;;
81588;204406;;;
81588;204407;;;
81588;204408;;;
81588;204409;;;
81588;204410;;;
81588;204411;;;
81588;204412;;;
81588;204416;;;
81588;204419;;;
81588;204423;;;
81588;204426;;;
81588;204427;;;
81588;204431;;;
81588;204441;;;
81588;204444;;;
81588;204445;;;
81588;204453;;;
81588;204455;;;
81588;204456;;;
81588;204457;;;
81588;204459;;;
81588;204460;;;
81588;204462;;;
81588;204464;;;
81588;204472;;;
81588;204473;;;
81588;204474;;;
81588;204479;;;
81588;204480;;;
81588;204481;;;
81588;204485;;;
81588;204486;;;
81588;204488;;;
81588;204489;;;
81588;204491;;;
81588;204492;;;
81588;204494;;;
81588;204495;;;
81588;204496;;;
81588;204497;;;
81588;204498;;;
81588;204501;;;
81588;204504;;;
81588;204506;;;
81588;204508;;;
81588;204511;;;
81588;204512;;;
81588;204515;;;
81588;204517;;;
81588;204518;;;
81588;204520;;;
81588;204524;;;
81588;204525;;;
81588;204526;;;
81588;204528;;;
81588;204533;;;
81588;204534;;;
81588;204535;;;
81588;204536;;;
81588;204539;;;
81588;204540;;;
81588;204541;;;
81588;204549;;;
81588;204550;;;
81588;204557;;;
81588;204558;;;
81588;204559;;;
81588;204567;;;
81588;204570;;;
81588;204574;;;
81588;205476;;;
81588;205550;;;
81588;206018;;;
81588;209189;;;
81588;209787;;;
81588;210989;;;
81588;213762;;;
81588;214694;;;
81588;215043;;;
81588;220526;;;
81588;220527;;;
81588;220528;;;
81588;220529;;;
81588;220530;;;
81588;220532;;;
81588;220533;;;
81588;220534;;;
81588;220536;;;
81588;220537;;;
81588;220538;;;
81588;220539;;;
81588;220540;;;
81588;220542;;;
81588;220543;;;
81588;220544;;;
81588;220545;;;
81588;220546;;;
81588;220547;;;
81588;220548;;;
81588;220549;;;
81588;220550;;;
81588;220552;;;
81588;220553;;;
81588;220554;;;
81588;220555;;;
81588;220556;;;
81588;220557;;;
81588;220558;;;
81588;220559;;;
81588;220560;;;
81588;220561;;;
81588;220563;;;
81588;220565;;;
81588;220566;;;
81588;220567;;;
81588;220568;;;
81588;220569;;;
81588;220570;;;
81588;220571;;;
81588;220572;;;
81588;220574;;;
81588;220576;;;
81588;220578;;;
81588;220581;;;
81588;220582;;;
81588;220583;;;
81588;220584;;;
81588;220585;;;
81588;220586;;;
81588;220588;;;
81588;220589;;;
81588;220590;;;
81588;220591;;;
81588;220592;;;
81588;220594;;;
81588;220595;;;
81588;220597;;;
81588;220598;;;
81588;220599;;;
81588;220602;;;
81588;220603;;;
81588;220605;;;
81588;220606;;;
81588;220607;;;
81588;220608;;;
81588;220609;;;
81588;220610;;;
81588;220611;;;
81588;220612;;;
81588;220614;;;
81588;220615;;;
81588;220616;;;
81588;220617;;;
81588;220618;;;
81588;220620;;;
81588;220621;;;
81588;220622;;;
81588;220623;;;
81588;220624;;;
81588;220625;;;
81588;220628;;;
81588;220629;;;
81588;220630;;;
81588;220631;;;
81588;220632;;;
81588;220633;;;
81588;220635;;;
81588;220637;;;
81588;220638;;;
81588;220640;;;
81588;220641;;;
81588;220642;;;
81588;220643;;;
81588;220644;;;
81588;220645;;;
81588;220646;;;
81588;220647;;;
81588;220648;;;
81588;220649;;;
81588;220650;;;
81588;220651;;;
81588;220652;;;
81588;220653;;;
81588;220654;;;
81588;220655;;;
81588;220656;;;
81588;220657;;;
81588;220658;;;
81588;220661;;;
81588;220662;;;
81588;220663;;;
81588;220664;;;
81588;220665;;;
81588;220666;;;
81588;220667;;;
81588;220668;;;
81588;220670;;;
81588;220671;;;
81588;220672;;;
81588;220673;;;
81588;220674;;;
81588;220675;;;
81588;220676;;;
81588;220677;;;
81588;220681;;;
81588;220682;;;
81588;220683;;;
81588;220684;;;
81588;220685;;;
81588;220686;;;
81588;220687;;;
81588;220688;;;
81588;220690;;;
81588;220691;;;
81588;220692;;;
81588;220693;;;
81588;220694;;;
81588;220695;;;
81588;220696;;;
81588;220697;;;
81588;220698;;;
81588;220699;;;
81588;220700;;;
81588;220701;;;
81588;220702;;;
81588;220703;;;
81588;220704;;;
81588;220706;;;
81588;220707;;;
81588;220708;;;
81588;220712;;;
81588;220713;;;
81588;220714;;;
81588;220715;;;
81588;221148;;;
81588;221328;;;
81588;221329;;;
81588;221338;;;
81588;224117;;;
81588;224333;;;
81588;226837;;;
81588;227310;;;
81588;227991;;;
81588;230765;;;
81588;230767;;;
81588;230768;;;
81588;230957;;;
81588;233592;;;
81588;233594;;;
81588;234673;;;
81588;234788;;;
81588;235088;;;
81588;235620;;;
81588;235712;;;
81588;235776;;;
81588;235800;;;
81589;66385;;;
81589;69871;;;
81589;74041;;;
81589;74075;;;
81589;74398;;;
81589;74554;;;
81589;74574;;;
81589;74856;;;
81589;91228;;;
81589;92102;;;
81589;123756;;;
81589;139285;;;
81589;141488;;;
81589;160575;;;
81589;160600;;;
81589;160601;;;
81589;160666;;;
81589;178829;;;
81589;178860;;;
81589;178873;;;
81589;178884;;;
81589;178934;;;
81589;178946;;;
81589;178972;;;
81589;178987;;;
81589;204374;;;
81589;204394;;;
81589;204404;;;
81589;204460;;;
81589;204462;;;
81589;204479;;;
81589;204494;;;
81589;204498;;;
81589;204504;;;
81589;204512;;;
81589;204534;;;
81589;204535;;;
81589;204557;;;
81589;205476;;;
81589;209787;;;
81589;220528;;;
81589;220529;;;
81589;220539;;;
81589;220543;;;
81589;220546;;;
81589;220550;;;
81589;220556;;;
81589;220590;;;
81589;220595;;;
81589;220618;;;
81589;220658;;;
81589;220691;;;
81589;235088;;;
81590;73788;;;
81590;74374;;;
81590;74848;;;
81590;80815;;;
81590;88256;;;
81590;136811;;;
81590;141421;;;
81590;160512;;;
81590;160517;;;
81590;160518;;;
81590;160556;;;
81590;160591;;;
81590;160598;;;
81590;160635;;;
81590;160673;;;
81590;161550;;;
81590;175765;;;
81590;178857;;;
81590;178876;;;
81590;178929;;;
81590;178931;;;
81590;178966;;;
81590;178985;;;
81590;178993;;;
81590;191923;;;
81590;204351;;;
81590;204353;;;
81590;204390;;;
81590;204396;;;
81590;204406;;;
81590;204408;;;
81590;204412;;;
81590;204489;;;
81590;204518;;;
81590;204524;;;
81590;204528;;;
81590;204539;;;
81590;204540;;;
81590;213762;;;
81590;220529;;;
81590;220534;;;
81590;220544;;;
81590;220545;;;
81590;220556;;;
81590;220559;;;
81590;220560;;;
81590;220570;;;
81590;220572;;;
81590;220584;;;
81590;220591;;;
81590;220602;;;
81590;220604;;;
81590;220613;;;
81590;220614;;;
81590;220617;;;
81590;220620;;;
81590;220626;;;
81590;220632;;;
81590;220640;;;
81590;220644;;;
81590;220656;;;
81590;220661;;;
81590;220663;;;
81590;220670;;;
81590;220673;;;
81590;220688;;;
81590;220694;;;
81590;220695;;;
81590;220715;;;
81590;227310;;;
81590;227991;;;
81590;230765;;;
81590;234788;;;
81590;235712;;;
81591;73788;;;
81591;178934;;;
81593;74156;;;
81593;74160;;;
81593;160556;;;
81593;160632;;;
81593;160758;;;
81593;178873;;;
81593;178993;;;
81593;204480;;;
81593;204508;;;
81593;206018;;;
81593;220529;;;
81593;220620;;;
81593;220630;;;
81593;220637;;;
81600;73701;;;
81600;74084;;;
81600;74848;;;
81600;139285;;;
81600;157130;;;
81600;160575;;;
81600;160976;;;
81600;206018;;;
81600;220553;;;
81600;220574;;;
81600;220598;;;
81600;220640;;;
81600;220654;;;
81600;220704;;;
81600;221148;;;
81602;73701;;;
81602;74856;;;
81602;104552;;;
81602;160575;;;
81602;160598;;;
81602;178929;;;
81602;204407;;;
81602;204441;;;
81602;204462;;;
81602;204525;;;
81602;204534;;;
81602;204535;;;
81602;206018;;;
81602;213762;;;
81602;220565;;;
81602;220569;;;
81602;220622;;;
81602;220640;;;
81602;220644;;;
81602;220645;;;
81602;220665;;;
81602;220671;;;
81602;220695;;;
81602;221338;;;
81602;230765;;;
81603;73778;;;
81603;74090;;;
81603;74156;;;
81603;74317;;;
81603;74856;;;
81603;92699;;;
81603;104552;;;
81603;141408;;;
81603;141456;;;
81603;141464;;;
81603;160575;;;
81603;178884;;;
81603;178993;;;
81603;188097;;;
81603;198783;;;
81603;204355;;;
81603;204396;;;
81603;204416;;;
81603;204480;;;
81603;204486;;;
81603;204491;;;
81603;204492;;;
81603;204497;;;
81603;204536;;;
81603;204540;;;
81603;204557;;;
81603;204559;;;
81603;220529;;;
81603;220534;;;
81603;220548;;;
81603;220578;;;
81603;220584;;;
81603;220603;;;
81603;220607;;;
81603;220648;;;
81603;220653;;;
81603;220672;;;
81603;220690;;;
81603;220700;;;
81603;220714;;;
81603;221338;;;
81603;230767;;;
81607;74075;;;
81607;104552;;;
81607;178962;;;
81607;204535;;;
81607;220529;;;
81607;220546;;;
81607;220605;;;
81607;220635;;;
81607;220637;;;
81607;220715;;;
81608;74253;;;
81608;123756;;;
81608;133810;;;
81608;137070;;;
81608;160161;;;
81608;160665;;;
81608;178927;;;
81608;178964;;;
81608;204528;;;
81608;214694;;;
81608;220549;;;
81608;220554;;;
81608;220571;;;
81608;220578;;;
81608;220658;;;
81608;220662;;;
81608;220663;;;
81608;220683;;;
81608;220699;;;
81608;220701;;;
81608;230767;;;
81609;73433;;;
81609;73441;;;
81609;73604;;;
81609;73768;;;
81609;73778;;;
81609;74090;;;
81609;74156;;;
81609;74273;;;
81609;74537;;;
81609;74554;;;
81609;74646;;;
81609;92776;;;
81609;141555;;;
81609;150418;;;
81609;156190;;;
81609;160548;;;
81609;160600;;;
81609;160601;;;
81609;165470;;;
81609;178871;;;
81609;178876;;;
81609;178993;;;
81609;191923;;;
81609;204387;;;
81609;204404;;;
81609;204444;;;
81609;204473;;;
81609;204501;;;
81609;204520;;;
81609;204526;;;
81609;204535;;;
81609;204539;;;
81609;205550;;;
81609;213762;;;
81609;220534;;;
81609;220537;;;
81609;220538;;;
81609;220557;;;
81609;220566;;;
81609;220568;;;
81609;220574;;;
81609;220583;;;
81609;220611;;;
81609;220614;;;
81609;220642;;;
81609;220663;;;
81609;220664;;;
81609;220698;;;
81609;221328;;;
81609;221338;;;
81609;235869;;;
81610;66828;;;
81610;69871;;;
81610;73486;;;
81610;74856;;;
81610;141411;;;
81610;141456;;;
81610;141485;;;
81610;160512;;;
81610;160518;;;
81610;178966;;;
81610;204462;;;
81610;204472;;;
81610;204525;;;
81610;214694;;;
81610;220529;;;
81610;220612;;;
81610;220666;;;
81611;220529;;;
81611;220666;;;
81612;160601;;;
81612;178876;;;
81612;204526;;;
81612;213762;;;
81613;178993;;;
81613;220673;;;
81615;66385;;;
81615;69871;;;
81615;72442;;;
81615;74084;;;
81615;107970;;;
81615;128760;;;
81615;133439;;;
81615;141464;;;
81615;178829;;;
81615;178993;;;
81615;179000;;;
81615;204351;;;
81615;204388;;;
81615;204408;;;
81615;213762;;;
81615;214694;;;
81615;220554;;;
81615;220557;;;
81615;220624;;;
81615;220685;;;
81615;220693;;;
81615;220713;;;
81615;221329;;;
81617;74253;;;
81617;74371;;;
81617;136811;;;
81617;141450;;;
81617;141485;;;
81617;160548;;;
81617;178985;;;
81617;178993;;;
81617;191923;;;
81617;198197;;;
81617;204355;;;
81617;204387;;;
81617;204456;;;
81617;204491;;;
81617;204504;;;
81617;204525;;;
81617;204549;;;
81617;220529;;;
81617;220534;;;
81617;220537;;;
81617;220543;;;
81617;220553;;;
81617;220558;;;
81617;220566;;;
81617;220574;;;
81617;220604;;;
81617;220612;;;
81617;220621;;;
81617;220650;;;
81617;220663;;;
81617;220664;;;
81617;220672;;;
81617;220687;;;
81617;220690;;;
81617;220708;;;
81617;233594;;;
81622;62881;;;
81622;66385;;;
81622;66828;;;
81622;69871;;;
81622;72442;;;
81622;73433;;;
81622;73441;;;
81622;73486;;;
81622;73579;;;
81622;73604;;;
81622;73692;;;
81622;73701;;;
81622;73768;;;
81622;73778;;;
81622;73788;;;
81622;73801;;;
81622;73808;;;
81622;74041;;;
81622;74043;;;
81622;74044;;;
81622;74057;;;
81622;74060;;;
81622;74075;;;
81622;74079;;;
81622;74084;;;
81622;74090;;;
81622;74156;;;
81622;74158;;;
81622;74159;;;
81622;74160;;;
81622;74161;;;
81622;74171;;;
81622;74253;;;
81622;74262;;;
81622;74270;;;
81622;74273;;;
81622;74295;;;
81622;74317;;;
81622;74371;;;
81622;74374;;;
81622;74376;;;
81622;74383;;;
81622;74398;;;
81622;74400;;;
81622;74428;;;
81622;74454;;;
81622;74467;;;
81622;74478;;;
81622;74554;;;
81622;74574;;;
81622;74585;;;
81622;74646;;;
81622;74848;;;
81622;74856;;;
81622;74858;;;
81622;80815;;;
81622;81055;;;
81622;88256;;;
81622;91228;;;
81622;92102;;;
81622;92699;;;
81622;98057;;;
81622;98148;;;
81622;98615;;;
81622;104552;;;
81622;107283;;;
81622;107970;;;
81622;109429;;;
81622;121948;;;
81622;122158;;;
81622;122974;;;
81622;123086;;;
81622;123756;;;
81622;128760;;;
81622;129618;;;
81622;133439;;;
81622;133810;;;
81622;136811;;;
81622;137070;;;
81622;139285;;;
81622;141391;;;
81622;141398;;;
81622;141408;;;
81622;141411;;;
81622;141421;;;
81622;141431;;;
81622;141450;;;
81622;141456;;;
81622;141458;;;
81622;141459;;;
81622;141464;;;
81622;141485;;;
81622;141488;;;
81622;141516;;;
81622;141518;;;
81622;141531;;;
81622;141533;;;
81622;141555;;;
81622;143084;;;
81622;143632;;;
81622;150418;;;
81622;153423;;;
81622;154178;;;
81622;156190;;;
81622;160161;;;
81622;160508;;;
81622;160512;;;
81622;160517;;;
81622;160518;;;
81622;160527;;;
81622;160535;;;
81622;160538;;;
81622;160541;;;
81622;160545;;;
81622;160548;;;
81622;160552;;;
81622;160553;;;
81622;160556;;;
81622;160558;;;
81622;160559;;;
81622;160561;;;
81622;160569;;;
81622;160575;;;
81622;160588;;;
81622;160592;;;
81622;160598;;;
81622;160599;;;
81622;160600;;;
81622;160601;;;
81622;160604;;;
81622;160610;;;
81622;160621;;;
81622;160629;;;
81622;160632;;;
81622;160635;;;
81622;160640;;;
81622;160641;;;
81622;160642;;;
81622;160665;;;
81622;160666;;;
81622;160673;;;
81622;160674;;;
81622;160758;;;
81622;160976;;;
81622;161440;;;
81622;161550;;;
81622;162067;;;
81622;162332;;;
81622;165470;;;
81622;166402;;;
81622;171617;;;
81622;171623;;;
81622;171786;;;
81622;175765;;;
81622;178829;;;
81622;178831;;;
81622;178832;;;
81622;178835;;;
81622;178843;;;
81622;178854;;;
81622;178857;;;
81622;178858;;;
81622;178860;;;
81622;178866;;;
81622;178871;;;
81622;178873;;;
81622;178876;;;
81622;178881;;;
81622;178882;;;
81622;178884;;;
81622;178886;;;
81622;178887;;;
81622;178896;;;
81622;178905;;;
81622;178908;;;
81622;178910;;;
81622;178927;;;
81622;178929;;;
81622;178931;;;
81622;178933;;;
81622;178934;;;
81622;178937;;;
81622;178943;;;
81622;178945;;;
81622;178946;;;
81622;178947;;;
81622;178962;;;
81622;178964;;;
81622;178966;;;
81622;178970;;;
81622;178972;;;
81622;178983;;;
81622;178985;;;
81622;178986;;;
81622;178987;;;
81622;178989;;;
81622;178992;;;
81622;178993;;;
81622;178997;;;
81622;179000;;;
81622;180214;;;
81622;188097;;;
81622;191923;;;
81622;198197;;;
81622;198783;;;
81622;204351;;;
81622;204353;;;
81622;204355;;;
81622;204356;;;
81622;204358;;;
81622;204360;;;
81622;204365;;;
81622;204367;;;
81622;204372;;;
81622;204374;;;
81622;204378;;;
81622;204379;;;
81622;204387;;;
81622;204388;;;
81622;204390;;;
81622;204391;;;
81622;204394;;;
81622;204395;;;
81622;204396;;;
81622;204398;;;
81622;204404;;;
81622;204406;;;
81622;204407;;;
81622;204408;;;
81622;204409;;;
81622;204410;;;
81622;204412;;;
81622;204416;;;
81622;204419;;;
81622;204423;;;
81622;204425;;;
81622;204426;;;
81622;204427;;;
81622;204431;;;
81622;204441;;;
81622;204444;;;
81622;204445;;;
81622;204449;;;
81622;204450;;;
81622;204455;;;
81622;204456;;;
81622;204457;;;
81622;204459;;;
81622;204460;;;
81622;204462;;;
81622;204464;;;
81622;204472;;;
81622;204473;;;
81622;204480;;;
81622;204481;;;
81622;204485;;;
81622;204486;;;
81622;204488;;;
81622;204489;;;
81622;204491;;;
81622;204492;;;
81622;204495;;;
81622;204496;;;
81622;204497;;;
81622;204498;;;
81622;204501;;;
81622;204504;;;
81622;204506;;;
81622;204508;;;
81622;204511;;;
81622;204515;;;
81622;204517;;;
81622;204518;;;
81622;204520;;;
81622;204524;;;
81622;204525;;;
81622;204526;;;
81622;204528;;;
81622;204531;;;
81622;204533;;;
81622;204534;;;
81622;204535;;;
81622;204536;;;
81622;204540;;;
81622;204549;;;
81622;204550;;;
81622;204553;;;
81622;204557;;;
81622;204558;;;
81622;204560;;;
81622;204570;;;
81622;204572;;;
81622;204574;;;
81622;205476;;;
81622;205550;;;
81622;206018;;;
81622;209189;;;
81622;210989;;;
81622;214694;;;
81622;215043;;;
81622;220526;;;
81622;220528;;;
81622;220529;;;
81622;220530;;;
81622;220532;;;
81622;220533;;;
81622;220534;;;
81622;220536;;;
81622;220537;;;
81622;220538;;;
81622;220539;;;
81622;220540;;;
81622;220543;;;
81622;220544;;;
81622;220545;;;
81622;220546;;;
81622;220547;;;
81622;220548;;;
81622;220549;;;
81622;220550;;;
81622;220552;;;
81622;220553;;;
81622;220554;;;
81622;220555;;;
81622;220556;;;
81622;220557;;;
81622;220558;;;
81622;220559;;;
81622;220560;;;
81622;220561;;;
81622;220563;;;
81622;220566;;;
81622;220567;;;
81622;220569;;;
81622;220570;;;
81622;220571;;;
81622;220572;;;
81622;220574;;;
81622;220576;;;
81622;220578;;;
81622;220581;;;
81622;220582;;;
81622;220583;;;
81622;220584;;;
81622;220585;;;
81622;220586;;;
81622;220590;;;
81622;220591;;;
81622;220592;;;
81622;220594;;;
81622;220595;;;
81622;220597;;;
81622;220598;;;
81622;220599;;;
81622;220602;;;
81622;220603;;;
81622;220604;;;
81622;220605;;;
81622;220606;;;
81622;220607;;;
81622;220608;;;
81622;220609;;;
81622;220610;;;
81622;220612;;;
81622;220613;;;
81622;220614;;;
81622;220615;;;
81622;220616;;;
81622;220617;;;
81622;220618;;;
81622;220620;;;
81622;220621;;;
81622;220622;;;
81622;220623;;;
81622;220624;;;
81622;220626;;;
81622;220628;;;
81622;220629;;;
81622;220631;;;
81622;220632;;;
81622;220635;;;
81622;220637;;;
81622;220638;;;
81622;220640;;;
81622;220641;;;
81622;220643;;;
81622;220644;;;
81622;220645;;;
81622;220646;;;
81622;220647;;;
81622;220649;;;
81622;220652;;;
81622;220653;;;
81622;220656;;;
81622;220657;;;
81622;220658;;;
81622;220661;;;
81622;220662;;;
81622;220663;;;
81622;220664;;;
81622;220665;;;
81622;220666;;;
81622;220667;;;
81622;220668;;;
81622;220669;;;
81622;220670;;;
81622;220671;;;
81622;220672;;;
81622;220673;;;
81622;220674;;;
81622;220675;;;
81622;220676;;;
81622;220677;;;
81622;220681;;;
81622;220682;;;
81622;220683;;;
81622;220684;;;
81622;220685;;;
81622;220686;;;
81622;220687;;;
81622;220688;;;
81622;220691;;;
81622;220693;;;
81622;220694;;;
81622;220695;;;
81622;220696;;;
81622;220697;;;
81622;220698;;;
81622;220699;;;
81622;220700;;;
81622;220701;;;
81622;220702;;;
81622;220703;;;
81622;220704;;;
81622;220706;;;
81622;220707;;;
81622;220708;;;
81622;220712;;;
81622;220713;;;
81622;220714;;;
81622;221148;;;
81622;221328;;;
81622;221329;;;
81622;221338;;;
81622;224117;;;
81622;224333;;;
81622;226837;;;
81622;227310;;;
81622;227991;;;
81622;230765;;;
81622;230767;;;
81622;230957;;;
81622;233592;;;
81622;233594;;;
81622;234673;;;
81622;234788;;;
81622;235088;;;
81622;235620;;;
81622;235712;;;
81622;235776;;;
81622;235800;;;
81622;235869;;;
81624;74371;;;
81624;141450;;;
81624;141485;;;
81624;160552;;;
81624;178943;;;
81624;198197;;;
81624;204491;;;
81624;204525;;;
81624;220529;;;
81624;220543;;;
81624;220612;;;
81624;220638;;;
81624;220650;;;
81624;220664;;;
81624;220698;;;
81624;235088;;;
81626;73604;;;
81626;73788;;;
81626;74084;;;
81626;74273;;;
81626;74848;;;
81626;123086;;;
81626;133439;;;
81626;136811;;;
81626;141391;;;
81626;141533;;;
81626;150418;;;
81626;160604;;;
81626;160666;;;
81626;160673;;;
81626;171623;;;
81626;178964;;;
81626;178992;;;
81626;178993;;;
81626;204356;;;
81626;204367;;;
81626;204372;;;
81626;204388;;;
81626;204410;;;
81626;204412;;;
81626;204511;;;
81626;214694;;;
81626;220529;;;
81626;220534;;;
81626;220554;;;
81626;220555;;;
81626;220567;;;
81626;220578;;;
81626;220612;;;
81626;220662;;;
81626;220663;;;
81626;220666;;;
81626;220715;;;
81626;221338;;;
81626;227991;;;
81626;230767;;;
81627;73701;;;
81627;74856;;;
81627;104552;;;
81627;160575;;;
81627;160598;;;
81627;178929;;;
81627;204407;;;
81627;204441;;;
81627;204462;;;
81627;204525;;;
81627;204534;;;
81627;204535;;;
81627;206018;;;
81627;213762;;;
81627;220565;;;
81627;220569;;;
81627;220622;;;
81627;220640;;;
81627;220644;;;
81627;220645;;;
81627;220665;;;
81627;220671;;;
81627;220695;;;
81627;221338;;;
81627;230765;;;
81631;220640;;;
81632;178993;;;
81632;220673;;;
81635;74156;;;
81635;74585;;;
81635;107970;;;
81635;160632;;;
81635;160758;;;
81635;178871;;;
81635;178954;;;
81635;178993;;;
81635;204473;;;
81635;220529;;;
81635;220530;;;
81635;220538;;;
81635;220546;;;
81635;220571;;;
81635;220581;;;
81635;220620;;;
81635;220685;;;
81635;220687;;;
81635;220693;;;
81637;73579;;;
81637;73768;;;
81637;74574;;;
81637;107970;;;
81637;136811;;;
81637;141450;;;
81637;160535;;;
81637;160538;;;
81637;160553;;;
81637;160610;;;
81637;160758;;;
81637;161440;;;
81637;161550;;;
81637;162332;;;
81637;178871;;;
81637;178964;;;
81637;178970;;;
81637;204395;;;
81637;204449;;;
81637;204473;;;
81637;215043;;;
81637;220571;;;
81637;220626;;;
81637;220656;;;
81638;74156;;;
81638;74585;;;
81638;74784;;;
81638;160161;;;
81638;160569;;;
81638;160575;;;
81638;160604;;;
81638;178970;;;
81638;178993;;;
81638;204407;;;
81638;204464;;;
81638;204494;;;
81638;204518;;;
81638;204535;;;
81638;220632;;;
81638;220642;;;
81638;220663;;;
81638;220701;;;
81640;73701;;;
81640;74060;;;
81640;156190;;;
81640;204365;;;
81640;204378;;;
81640;220632;;;
81643;73701;;;
81643;204378;;;
81643;220571;;;
81643;220595;;;
81643;220632;;;
81648;73692;;;
81648;74041;;;
81648;74371;;;
81648;74374;;;
81648;74398;;;
81648;74585;;;
81648;160512;;;
81648;160518;;;
81648;160598;;;
81648;178829;;;
81648;178985;;;
81648;204459;;;
81648;204570;;;
81648;220536;;;
81648;220554;;;
81648;220571;;;
81648;220604;;;
81648;220606;;;
81648;220622;;;
81648;220663;;;
81648;220699;;;
81652;66385;;;
81652;74171;;;
81652;74398;;;
81652;156190;;;
81652;178997;;;
81652;204365;;;
81652;204368;;;
81652;204408;;;
81652;204455;;;
81652;204512;;;
81652;204549;;;
81652;220538;;;
81652;220543;;;
81652;220547;;;
81652;220558;;;
81652;220568;;;
81652;220574;;;
81652;220578;;;
81652;220581;;;
81652;220583;;;
81652;220602;;;
81652;220606;;;
81652;220621;;;
81652;220622;;;
81652;220654;;;
81652;220694;;;
81652;220699;;;
81652;220712;;;
81652;224333;;;
81652;230767;;;
81653;74171;;;
81653;104552;;;
81653;204378;;;
81653;204492;;;
81653;206018;;;
81653;220591;;;
81653;220592;;;
81653;220629;;;
81653;220640;;;
81653;220643;;;
81653;221148;;;
81653;235869;;;
81654;73486;;;
81654;73579;;;
81654;73692;;;
81654;123756;;;
81654;160599;;;
81654;160642;;;
81654;178881;;;
81654;191923;;;
81654;204387;;;
81654;204416;;;
81654;204520;;;
81654;204536;;;
81654;204572;;;
81654;220530;;;
81654;220538;;;
81654;220546;;;
81654;220547;;;
81654;220552;;;
81654;220568;;;
81654;220574;;;
81654;220594;;;
81654;220611;;;
81654;220613;;;
81654;220615;;;
81654;220618;;;
81654;220621;;;
81654;220625;;;
81654;220630;;;
81654;220652;;;
81654;220654;;;
81654;220657;;;
81654;220663;;;
81654;220666;;;
81654;220667;;;
81654;220673;;;
81654;220694;;;
81654;230767;;;
81655;73486;;;
81655;74374;;;
81655;141533;;;
81655;160575;;;
81655;204360;;;
81655;220547;;;
81655;220557;;;
81655;220584;;;
81655;220597;;;
81655;220607;;;
81655;220640;;;
81655;220650;;;
81655;220665;;;
81655;220687;;;
81655;220688;;;
81658;62881;;;
81658;66385;;;
81658;66828;;;
81658;69871;;;
81658;72442;;;
81658;73433;;;
81658;73441;;;
81658;73486;;;
81658;73579;;;
81658;73604;;;
81658;73692;;;
81658;73701;;;
81658;73768;;;
81658;73778;;;
81658;73788;;;
81658;73801;;;
81658;73808;;;
81658;74041;;;
81658;74043;;;
81658;74044;;;
81658;74057;;;
81658;74060;;;
81658;74075;;;
81658;74079;;;
81658;74084;;;
81658;74090;;;
81658;74156;;;
81658;74158;;;
81658;74159;;;
81658;74160;;;
81658;74161;;;
81658;74171;;;
81658;74253;;;
81658;74262;;;
81658;74270;;;
81658;74273;;;
81658;74295;;;
81658;74317;;;
81658;74371;;;
81658;74374;;;
81658;74376;;;
81658;74383;;;
81658;74398;;;
81658;74400;;;
81658;74428;;;
81658;74454;;;
81658;74467;;;
81658;74478;;;
81658;74537;;;
81658;74574;;;
81658;74585;;;
81658;74646;;;
81658;74784;;;
81658;74848;;;
81658;74856;;;
81658;74858;;;
81658;80815;;;
81658;81055;;;
81658;88256;;;
81658;91228;;;
81658;92102;;;
81658;92699;;;
81658;98057;;;
81658;98148;;;
81658;98615;;;
81658;104552;;;
81658;107283;;;
81658;107970;;;
81658;109429;;;
81658;121948;;;
81658;122158;;;
81658;122974;;;
81658;123086;;;
81658;123756;;;
81658;128760;;;
81658;129618;;;
81658;133439;;;
81658;133810;;;
81658;136811;;;
81658;137070;;;
81658;139285;;;
81658;141391;;;
81658;141398;;;
81658;141408;;;
81658;141411;;;
81658;141421;;;
81658;141431;;;
81658;141450;;;
81658;141456;;;
81658;141458;;;
81658;141459;;;
81658;141464;;;
81658;141485;;;
81658;141488;;;
81658;141516;;;
81658;141518;;;
81658;141531;;;
81658;141533;;;
81658;141555;;;
81658;143084;;;
81658;143632;;;
81658;150418;;;
81658;153423;;;
81658;154178;;;
81658;156190;;;
81658;157130;;;
81658;160161;;;
81658;160508;;;
81658;160512;;;
81658;160517;;;
81658;160518;;;
81658;160527;;;
81658;160535;;;
81658;160538;;;
81658;160545;;;
81658;160548;;;
81658;160552;;;
81658;160553;;;
81658;160556;;;
81658;160559;;;
81658;160561;;;
81658;160569;;;
81658;160575;;;
81658;160588;;;
81658;160591;;;
81658;160592;;;
81658;160598;;;
81658;160599;;;
81658;160600;;;
81658;160601;;;
81658;160604;;;
81658;160610;;;
81658;160621;;;
81658;160629;;;
81658;160632;;;
81658;160635;;;
81658;160640;;;
81658;160641;;;
81658;160642;;;
81658;160665;;;
81658;160666;;;
81658;160673;;;
81658;160674;;;
81658;160758;;;
81658;160976;;;
81658;161440;;;
81658;161550;;;
81658;162067;;;
81658;162332;;;
81658;165470;;;
81658;166402;;;
81658;171617;;;
81658;171623;;;
81658;171786;;;
81658;175765;;;
81658;178829;;;
81658;178831;;;
81658;178832;;;
81658;178835;;;
81658;178843;;;
81658;178854;;;
81658;178857;;;
81658;178858;;;
81658;178860;;;
81658;178866;;;
81658;178871;;;
81658;178873;;;
81658;178876;;;
81658;178881;;;
81658;178882;;;
81658;178884;;;
81658;178886;;;
81658;178887;;;
81658;178895;;;
81658;178896;;;
81658;178905;;;
81658;178908;;;
81658;178910;;;
81658;178927;;;
81658;178929;;;
81658;178931;;;
81658;178933;;;
81658;178934;;;
81658;178937;;;
81658;178943;;;
81658;178945;;;
81658;178946;;;
81658;178947;;;
81658;178954;;;
81658;178962;;;
81658;178964;;;
81658;178966;;;
81658;178970;;;
81658;178972;;;
81658;178983;;;
81658;178985;;;
81658;178986;;;
81658;178987;;;
81658;178989;;;
81658;178992;;;
81658;178993;;;
81658;178997;;;
81658;179000;;;
81658;179001;;;
81658;180214;;;
81658;188097;;;
81658;191923;;;
81658;198197;;;
81658;198783;;;
81658;204351;;;
81658;204353;;;
81658;204355;;;
81658;204356;;;
81658;204358;;;
81658;204361;;;
81658;204362;;;
81658;204364;;;
81658;204365;;;
81658;204367;;;
81658;204368;;;
81658;204372;;;
81658;204374;;;
81658;204378;;;
81658;204387;;;
81658;204388;;;
81658;204390;;;
81658;204391;;;
81658;204394;;;
81658;204395;;;
81658;204396;;;
81658;204398;;;
81658;204404;;;
81658;204406;;;
81658;204407;;;
81658;204408;;;
81658;204409;;;
81658;204411;;;
81658;204412;;;
81658;204416;;;
81658;204419;;;
81658;204423;;;
81658;204425;;;
81658;204426;;;
81658;204427;;;
81658;204431;;;
81658;204441;;;
81658;204444;;;
81658;204445;;;
81658;204449;;;
81658;204450;;;
81658;204453;;;
81658;204455;;;
81658;204456;;;
81658;204457;;;
81658;204459;;;
81658;204460;;;
81658;204462;;;
81658;204464;;;
81658;204472;;;
81658;204473;;;
81658;204479;;;
81658;204480;;;
81658;204481;;;
81658;204485;;;
81658;204486;;;
81658;204488;;;
81658;204489;;;
81658;204491;;;
81658;204492;;;
81658;204494;;;
81658;204495;;;
81658;204496;;;
81658;204497;;;
81658;204498;;;
81658;204501;;;
81658;204504;;;
81658;204506;;;
81658;204508;;;
81658;204511;;;
81658;204512;;;
81658;204515;;;
81658;204517;;;
81658;204518;;;
81658;204520;;;
81658;204524;;;
81658;204525;;;
81658;204526;;;
81658;204528;;;
81658;204533;;;
81658;204534;;;
81658;204535;;;
81658;204536;;;
81658;204539;;;
81658;204540;;;
81658;204541;;;
81658;204549;;;
81658;204550;;;
81658;204553;;;
81658;204557;;;
81658;204558;;;
81658;204560;;;
81658;204570;;;
81658;204572;;;
81658;204574;;;
81658;205476;;;
81658;205550;;;
81658;206018;;;
81658;209189;;;
81658;209787;;;
81658;210989;;;
81658;213762;;;
81658;214694;;;
81658;215043;;;
81658;220526;;;
81658;220527;;;
81658;220528;;;
81658;220529;;;
81658;220530;;;
81658;220532;;;
81658;220533;;;
81658;220534;;;
81658;220536;;;
81658;220537;;;
81658;220538;;;
81658;220539;;;
81658;220540;;;
81658;220542;;;
81658;220543;;;
81658;220544;;;
81658;220545;;;
81658;220546;;;
81658;220547;;;
81658;220548;;;
81658;220549;;;
81658;220550;;;
81658;220552;;;
81658;220553;;;
81658;220554;;;
81658;220555;;;
81658;220556;;;
81658;220557;;;
81658;220558;;;
81658;220559;;;
81658;220560;;;
81658;220561;;;
81658;220563;;;
81658;220566;;;
81658;220567;;;
81658;220568;;;
81658;220569;;;
81658;220570;;;
81658;220571;;;
81658;220572;;;
81658;220574;;;
81658;220576;;;
81658;220578;;;
81658;220581;;;
81658;220582;;;
81658;220583;;;
81658;220584;;;
81658;220585;;;
81658;220586;;;
81658;220588;;;
81658;220589;;;
81658;220590;;;
81658;220591;;;
81658;220592;;;
81658;220594;;;
81658;220595;;;
81658;220597;;;
81658;220598;;;
81658;220599;;;
81658;220602;;;
81658;220603;;;
81658;220604;;;
81658;220605;;;
81658;220606;;;
81658;220607;;;
81658;220608;;;
81658;220609;;;
81658;220610;;;
81658;220611;;;
81658;220612;;;
81658;220613;;;
81658;220614;;;
81658;220615;;;
81658;220616;;;
81658;220617;;;
81658;220618;;;
81658;220620;;;
81658;220621;;;
81658;220622;;;
81658;220623;;;
81658;220624;;;
81658;220626;;;
81658;220628;;;
81658;220629;;;
81658;220630;;;
81658;220631;;;
81658;220632;;;
81658;220633;;;
81658;220635;;;
81658;220637;;;
81658;220638;;;
81658;220640;;;
81658;220641;;;
81658;220642;;;
81658;220643;;;
81658;220644;;;
81658;220645;;;
81658;220646;;;
81658;220647;;;
81658;220648;;;
81658;220649;;;
81658;220650;;;
81658;220651;;;
81658;220652;;;
81658;220653;;;
81658;220654;;;
81658;220656;;;
81658;220657;;;
81658;220658;;;
81658;220661;;;
81658;220662;;;
81658;220663;;;
81658;220664;;;
81658;220665;;;
81658;220666;;;
81658;220667;;;
81658;220668;;;
81658;220669;;;
81658;220670;;;
81658;220671;;;
81658;220672;;;
81658;220673;;;
81658;220674;;;
81658;220675;;;
81658;220676;;;
81658;220677;;;
81658;220681;;;
81658;220682;;;
81658;220683;;;
81658;220685;;;
81658;220686;;;
81658;220687;;;
81658;220688;;;
81658;220690;;;
81658;220691;;;
81658;220692;;;
81658;220693;;;
81658;220694;;;
81658;220695;;;
81658;220696;;;
81658;220697;;;
81658;220698;;;
81658;220699;;;
81658;220700;;;
81658;220701;;;
81658;220702;;;
81658;220703;;;
81658;220706;;;
81658;220707;;;
81658;220708;;;
81658;220712;;;
81658;220713;;;
81658;220714;;;
81658;220715;;;
81658;221148;;;
81658;221328;;;
81658;221329;;;
81658;221338;;;
81658;224117;;;
81658;224333;;;
81658;226837;;;
81658;227310;;;
81658;227991;;;
81658;230765;;;
81658;230767;;;
81658;230768;;;
81658;230957;;;
81658;233592;;;
81658;233594;;;
81658;234673;;;
81658;234788;;;
81658;235088;;;
81658;235620;;;
81658;235712;;;
81658;235776;;;
81658;235800;;;
81658;235869;;;
81661;73768;;;
81661;74317;;;
81661;74537;;;
81661;121948;;;
81661;123756;;;
81661;133810;;;
81661;136811;;;
81661;141450;;;
81661;160556;;;
81661;160559;;;
81661;160632;;;
81661;160758;;;
81661;161440;;;
81661;161550;;;
81661;162332;;;
81661;178832;;;
81661;178871;;;
81661;178931;;;
81661;178964;;;
81661;178993;;;
81661;204351;;;
81661;204364;;;
81661;204378;;;
81661;204395;;;
81661;204404;;;
81661;204406;;;
81661;204459;;;
81661;204473;;;
81661;204517;;;
81661;220529;;;
81661;220538;;;
81661;220542;;;
81661;220546;;;
81661;220552;;;
81661;220557;;;
81661;220571;;;
81661;220572;;;
81661;220581;;;
81661;220584;;;
81661;220588;;;
81661;220592;;;
81661;220595;;;
81661;220597;;;
81661;220608;;;
81661;220631;;;
81661;220663;;;
81661;220666;;;
81661;220671;;;
81661;220672;;;
81661;220684;;;
81661;220685;;;
81661;220693;;;
81661;220708;;;
81661;224333;;;
81661;227991;;;
81661;230767;;;
81662;74171;;;
81662;104552;;;
81662;178986;;;
81662;204495;;;
81662;206018;;;
81662;220539;;;
81662;220573;;;
81662;220591;;;
81662;220592;;;
81662;220629;;;
81662;220643;;;
81662;220663;;;
81662;220671;;;
81662;221148;;;
81662;224333;;;
81662;235869;;;
81663;62881;;;
81663;72442;;;
81663;74253;;;
81663;98057;;;
81663;123756;;;
81663;178873;;;
81663;178992;;;
81663;178993;;;
81663;204517;;;
81663;204528;;;
81663;204559;;;
81663;220529;;;
81663;220549;;;
81663;220550;;;
81663;220552;;;
81663;220658;;;
81663;220663;;;
81663;220697;;;
81663;230767;;;
81663;230768;;;
81666;66828;;;
81666;73778;;;
81666;74057;;;
81666;74856;;;
81666;104552;;;
81666;141408;;;
81666;141456;;;
81666;141555;;;
81666;160512;;;
81666;178884;;;
81666;198783;;;
81666;204491;;;
81666;204497;;;
81666;204501;;;
81666;204536;;;
81666;220529;;;
81666;220534;;;
81666;220578;;;
81666;220584;;;
81666;220607;;;
81666;220648;;;
81666;220653;;;
81666;220672;;;
81666;220694;;;
81666;221329;;;
81666;221338;;;
81666;230767;;;
81667;74784;;;
81667;92699;;;
81667;121948;;;
81667;141456;;;
81667;178884;;;
81667;178934;;;
81667;178989;;;
81667;204364;;;
81667;204453;;;
81667;209189;;;
81667;220597;;;
81667;220607;;;
81667;220675;;;
81667;220677;;;
81667;230957;;;
81670;74374;;;
81670;74848;;;
81670;80815;;;
81670;160512;;;
81670;160517;;;
81670;160518;;;
81670;160556;;;
81670;160598;;;
81670;160673;;;
81670;161550;;;
81670;175765;;;
81670;178857;;;
81670;178876;;;
81670;178929;;;
81670;178931;;;
81670;178966;;;
81670;178993;;;
81670;191923;;;
81670;204351;;;
81670;204360;;;
81670;204390;;;
81670;204406;;;
81670;204412;;;
81670;204423;;;
81670;204489;;;
81670;204512;;;
81670;204515;;;
81670;204517;;;
81670;204528;;;
81670;204540;;;
81670;213762;;;
81670;220529;;;
81670;220544;;;
81670;220545;;;
81670;220556;;;
81670;220570;;;
81670;220584;;;
81670;220610;;;
81670;220613;;;
81670;220614;;;
81670;220632;;;
81670;220640;;;
81670;220644;;;
81670;220656;;;
81670;220661;;;
81670;220663;;;
81670;220670;;;
81670;220673;;;
81670;220688;;;
81670;220695;;;
81670;220698;;;
81670;227310;;;
81670;227991;;;
81670;234788;;;
81670;235712;;;
81673;73486;;;
81673;74057;;;
81673;91228;;;
81673;133439;;;
81673;160517;;;
81673;160575;;;
81673;204535;;;
81673;204536;;;
81673;204553;;;
81673;210989;;;
81673;220533;;;
81673;220553;;;
81673;220606;;;
81673;220625;;;
81673;220658;;;
81673;220663;;;
81673;221338;;;
81673;233592;;;
81674;73701;;;
81674;74057;;;
81674;74084;;;
81674;74848;;;
81674;139285;;;
81674;157130;;;
81674;160575;;;
81674;160976;;;
81674;178866;;;
81674;178929;;;
81674;204364;;;
81674;204374;;;
81674;204535;;;
81674;206018;;;
81674;220539;;;
81674;220553;;;
81674;220574;;;
81674;220598;;;
81674;220640;;;
81674;220643;;;
81674;220654;;;
81674;220704;;;
81674;221148;;;
81675;73486;;;
81675;74374;;;
81675;141533;;;
81675;160518;;;
81675;160575;;;
81675;160598;;;
81675;204360;;;
81675;220547;;;
81675;220557;;;
81675;220597;;;
81675;220607;;;
81675;220640;;;
81675;220650;;;
81675;220665;;;
81675;220687;;;
81675;220688;;;
81677;73701;;;
81677;74856;;;
81677;104552;;;
81677;160575;;;
81677;160598;;;
81677;166402;;;
81677;206018;;;
81677;213762;;;
81677;220640;;;
81677;220645;;;
81677;220695;;;
81679;109429;;;
81679;178929;;;
81679;204441;;;
81679;204445;;;
81680;74090;;;
81680;74161;;;
81680;74398;;;
81680;74467;;;
81680;74554;;;
81680;98615;;;
81680;104552;;;
81680;109429;;;
81680;123086;;;
81680;123756;;;
81680;157130;;;
81680;160601;;;
81680;160604;;;
81680;178871;;;
81680;178929;;;
81680;178946;;;
81680;178997;;;
81680;191923;;;
81680;204372;;;
81680;204390;;;
81680;204441;;;
81680;204445;;;
81680;204455;;;
81680;204528;;;
81680;204533;;;
81680;204534;;;
81680;204535;;;
81680;204540;;;
81680;204557;;;
81680;204570;;;
81680;204572;;;
81680;209787;;;
81680;220533;;;
81680;220540;;;
81680;220551;;;
81680;220586;;;
81680;220598;;;
81680;220606;;;
81680;220609;;;
81680;220621;;;
81680;220622;;;
81680;220629;;;
81680;220663;;;
81680;220670;;;
81680;220682;;;
81680;220704;;;
81680;221338;;;
81680;233592;;;
81683;74374;;;
81683;80815;;;
81683;88256;;;
81683;160518;;;
81683;160591;;;
81683;160598;;;
81683;175765;;;
81683;178857;;;
81683;178876;;;
81683;204412;;;
81683;204528;;;
81683;204539;;;
81683;204540;;;
81683;213762;;;
81683;220529;;;
81683;220534;;;
81683;220544;;;
81683;220556;;;
81683;220570;;;
81683;220584;;;
81683;220614;;;
81683;220626;;;
81683;220663;;;
81683;220673;;;
81683;220688;;;
81683;220698;;;
81685;104552;;;
81685;204488;;;
81685;204494;;;
81685;204535;;;
81685;220635;;;
81685;220637;;;
81685;220701;;;
81686;73701;;;
81686;74856;;;
81686;160561;;;
81686;160598;;;
81686;178832;;;
81686;178945;;;
81686;180214;;;
81686;204360;;;
81686;204459;;;
81686;204494;;;
81686;214694;;;
81686;220551;;;
81686;220559;;;
81686;220591;;;
81686;220608;;;
81686;220635;;;
81686;220665;;;
81686;220695;;;
81686;227310;;;
81687;123756;;;
81687;204528;;;
81687;204559;;;
81687;220658;;;
81687;220663;;;
81688;66385;;;
81688;66828;;;
81688;69871;;;
81688;73486;;;
81688;73768;;;
81688;73801;;;
81688;74041;;;
81688;74075;;;
81688;74160;;;
81688;74161;;;
81688;74398;;;
81688;74574;;;
81688;74856;;;
81688;91228;;;
81688;92102;;;
81688;139285;;;
81688;141408;;;
81688;141485;;;
81688;143632;;;
81688;153423;;;
81688;157130;;;
81688;160575;;;
81688;160600;;;
81688;160642;;;
81688;160666;;;
81688;178829;;;
81688;178835;;;
81688;178860;;;
81688;178881;;;
81688;178884;;;
81688;178887;;;
81688;178905;;;
81688;178929;;;
81688;178934;;;
81688;178943;;;
81688;178946;;;
81688;178972;;;
81688;178986;;;
81688;178987;;;
81688;191923;;;
81688;204360;;;
81688;204372;;;
81688;204374;;;
81688;204398;;;
81688;204404;;;
81688;204427;;;
81688;204460;;;
81688;204472;;;
81688;204474;;;
81688;204479;;;
81688;204481;;;
81688;204485;;;
81688;204494;;;
81688;204501;;;
81688;204512;;;
81688;204535;;;
81688;204557;;;
81688;204572;;;
81688;209787;;;
81688;220528;;;
81688;220529;;;
81688;220539;;;
81688;220543;;;
81688;220546;;;
81688;220550;;;
81688;220555;;;
81688;220556;;;
81688;220558;;;
81688;220573;;;
81688;220576;;;
81688;220583;;;
81688;220585;;;
81688;220586;;;
81688;220588;;;
81688;220598;;;
81688;220609;;;
81688;220637;;;
81688;220645;;;
81688;220649;;;
81688;220654;;;
81688;220658;;;
81688;220668;;;
81688;220684;;;
81688;221338;;;
81688;235088;;;
81689;62881;;;
81689;66385;;;
81689;66828;;;
81689;69871;;;
81689;72442;;;
81689;73486;;;
81689;73801;;;
81689;74041;;;
81689;74160;;;
81689;74161;;;
81689;74398;;;
81689;74454;;;
81689;74574;;;
81689;74856;;;
81689;91228;;;
81689;92102;;;
81689;98057;;;
81689;139285;;;
81689;141408;;;
81689;141488;;;
81689;157130;;;
81689;160527;;;
81689;160600;;;
81689;160601;;;
81689;160666;;;
81689;178860;;;
81689;178881;;;
81689;178884;;;
81689;178887;;;
81689;178934;;;
81689;178943;;;
81689;178972;;;
81689;178993;;;
81689;204355;;;
81689;204360;;;
81689;204374;;;
81689;204404;;;
81689;204460;;;
81689;204485;;;
81689;204512;;;
81689;204534;;;
81689;204535;;;
81689;204557;;;
81689;204572;;;
81689;220529;;;
81689;220543;;;
81689;220546;;;
81689;220547;;;
81689;220557;;;
81689;220559;;;
81689;220594;;;
81689;220597;;;
81689;220599;;;
81689;220618;;;
81689;220637;;;
81689;220658;;;
81689;221338;;;
81689;235088;;;
81689;235776;;;
81690;66385;;;
81690;66828;;;
81690;69871;;;
81690;72442;;;
81690;73486;;;
81690;73768;;;
81690;73801;;;
81690;74041;;;
81690;74075;;;
81690;74160;;;
81690;74554;;;
81690;74574;;;
81690;91228;;;
81690;92102;;;
81690;98057;;;
81690;139285;;;
81690;141408;;;
81690;141485;;;
81690;141488;;;
81690;141516;;;
81690;157130;;;
81690;160161;;;
81690;160527;;;
81690;160575;;;
81690;160600;;;
81690;160601;;;
81690;160666;;;
81690;160758;;;
81690;178835;;;
81690;178873;;;
81690;178884;;;
81690;178929;;;
81690;178934;;;
81690;178943;;;
81690;178946;;;
81690;178972;;;
81690;178986;;;
81690;178987;;;
81690;191923;;;
81690;204355;;;
81690;204364;;;
81690;204367;;;
81690;204374;;;
81690;204379;;;
81690;204404;;;
81690;204460;;;
81690;204462;;;
81690;204472;;;
81690;204494;;;
81690;204512;;;
81690;204535;;;
81690;204557;;;
81690;204572;;;
81690;220529;;;
81690;220543;;;
81690;220546;;;
81690;220547;;;
81690;220558;;;
81690;220559;;;
81690;220583;;;
81690;220588;;;
81690;220609;;;
81690;220637;;;
81690;220649;;;
81690;220654;;;
81690;220668;;;
81690;220684;;;
81690;221328;;;
81690;221338;;;
81690;235088;;;
81690;235776;;;
81692;62881;;;
81692;66385;;;
81692;66828;;;
81692;69871;;;
81692;72442;;;
81692;73433;;;
81692;73441;;;
81692;73486;;;
81692;73579;;;
81692;73604;;;
81692;73692;;;
81692;73701;;;
81692;73768;;;
81692;73778;;;
81692;73788;;;
81692;73801;;;
81692;73808;;;
81692;74041;;;
81692;74043;;;
81692;74044;;;
81692;74057;;;
81692;74060;;;
81692;74075;;;
81692;74079;;;
81692;74084;;;
81692;74090;;;
81692;74156;;;
81692;74158;;;
81692;74159;;;
81692;74160;;;
81692;74161;;;
81692;74171;;;
81692;74262;;;
81692;74270;;;
81692;74273;;;
81692;74295;;;
81692;74317;;;
81692;74371;;;
81692;74374;;;
81692;74376;;;
81692;74383;;;
81692;74398;;;
81692;74400;;;
81692;74428;;;
81692;74454;;;
81692;74467;;;
81692;74478;;;
81692;74537;;;
81692;74574;;;
81692;74585;;;
81692;74646;;;
81692;74784;;;
81692;74848;;;
81692;74856;;;
81692;74858;;;
81692;80815;;;
81692;81055;;;
81692;88256;;;
81692;91228;;;
81692;92102;;;
81692;92699;;;
81692;98057;;;
81692;98148;;;
81692;98615;;;
81692;104552;;;
81692;107283;;;
81692;107970;;;
81692;109429;;;
81692;121948;;;
81692;122158;;;
81692;122974;;;
81692;123086;;;
81692;123756;;;
81692;129618;;;
81692;133439;;;
81692;133810;;;
81692;136811;;;
81692;137070;;;
81692;139285;;;
81692;141391;;;
81692;141398;;;
81692;141408;;;
81692;141411;;;
81692;141421;;;
81692;141431;;;
81692;141450;;;
81692;141456;;;
81692;141458;;;
81692;141459;;;
81692;141464;;;
81692;141485;;;
81692;141487;;;
81692;141488;;;
81692;141516;;;
81692;141518;;;
81692;141531;;;
81692;141533;;;
81692;143084;;;
81692;143632;;;
81692;150418;;;
81692;153423;;;
81692;154178;;;
81692;156190;;;
81692;157130;;;
81692;160161;;;
81692;160508;;;
81692;160512;;;
81692;160517;;;
81692;160518;;;
81692;160527;;;
81692;160535;;;
81692;160538;;;
81692;160545;;;
81692;160548;;;
81692;160552;;;
81692;160553;;;
81692;160556;;;
81692;160559;;;
81692;160561;;;
81692;160569;;;
81692;160575;;;
81692;160588;;;
81692;160591;;;
81692;160592;;;
81692;160598;;;
81692;160599;;;
81692;160600;;;
81692;160601;;;
81692;160604;;;
81692;160610;;;
81692;160621;;;
81692;160629;;;
81692;160632;;;
81692;160635;;;
81692;160640;;;
81692;160641;;;
81692;160642;;;
81692;160665;;;
81692;160666;;;
81692;160673;;;
81692;160674;;;
81692;160758;;;
81692;160976;;;
81692;161440;;;
81692;161550;;;
81692;162067;;;
81692;162332;;;
81692;165470;;;
81692;166402;;;
81692;171617;;;
81692;171623;;;
81692;171786;;;
81692;175765;;;
81692;178829;;;
81692;178831;;;
81692;178832;;;
81692;178835;;;
81692;178843;;;
81692;178854;;;
81692;178857;;;
81692;178858;;;
81692;178860;;;
81692;178866;;;
81692;178871;;;
81692;178873;;;
81692;178876;;;
81692;178881;;;
81692;178882;;;
81692;178884;;;
81692;178886;;;
81692;178887;;;
81692;178895;;;
81692;178896;;;
81692;178905;;;
81692;178908;;;
81692;178910;;;
81692;178927;;;
81692;178929;;;
81692;178931;;;
81692;178933;;;
81692;178934;;;
81692;178937;;;
81692;178943;;;
81692;178945;;;
81692;178946;;;
81692;178947;;;
81692;178954;;;
81692;178962;;;
81692;178964;;;
81692;178966;;;
81692;178970;;;
81692;178972;;;
81692;178985;;;
81692;178986;;;
81692;178987;;;
81692;178989;;;
81692;178992;;;
81692;178993;;;
81692;178997;;;
81692;179000;;;
81692;179001;;;
81692;180214;;;
81692;188097;;;
81692;191923;;;
81692;198197;;;
81692;198783;;;
81692;204351;;;
81692;204353;;;
81692;204355;;;
81692;204356;;;
81692;204358;;;
81692;204361;;;
81692;204362;;;
81692;204364;;;
81692;204365;;;
81692;204367;;;
81692;204372;;;
81692;204374;;;
81692;204378;;;
81692;204387;;;
81692;204388;;;
81692;204390;;;
81692;204391;;;
81692;204394;;;
81692;204396;;;
81692;204398;;;
81692;204404;;;
81692;204406;;;
81692;204407;;;
81692;204408;;;
81692;204409;;;
81692;204410;;;
81692;204411;;;
81692;204412;;;
81692;204416;;;
81692;204419;;;
81692;204423;;;
81692;204425;;;
81692;204426;;;
81692;204427;;;
81692;204431;;;
81692;204441;;;
81692;204444;;;
81692;204445;;;
81692;204449;;;
81692;204453;;;
81692;204455;;;
81692;204456;;;
81692;204457;;;
81692;204459;;;
81692;204460;;;
81692;204462;;;
81692;204464;;;
81692;204472;;;
81692;204473;;;
81692;204474;;;
81692;204479;;;
81692;204480;;;
81692;204481;;;
81692;204485;;;
81692;204486;;;
81692;204488;;;
81692;204489;;;
81692;204491;;;
81692;204492;;;
81692;204494;;;
81692;204495;;;
81692;204496;;;
81692;204497;;;
81692;204498;;;
81692;204501;;;
81692;204504;;;
81692;204506;;;
81692;204508;;;
81692;204511;;;
81692;204512;;;
81692;204515;;;
81692;204517;;;
81692;204518;;;
81692;204520;;;
81692;204524;;;
81692;204525;;;
81692;204526;;;
81692;204528;;;
81692;204533;;;
81692;204534;;;
81692;204535;;;
81692;204536;;;
81692;204539;;;
81692;204540;;;
81692;204541;;;
81692;204549;;;
81692;204550;;;
81692;204553;;;
81692;204557;;;
81692;204558;;;
81692;204560;;;
81692;204570;;;
81692;204572;;;
81692;204574;;;
81692;205476;;;
81692;205550;;;
81692;206018;;;
81692;209189;;;
81692;209787;;;
81692;210989;;;
81692;213762;;;
81692;214694;;;
81692;215043;;;
81692;220526;;;
81692;220528;;;
81692;220529;;;
81692;220530;;;
81692;220532;;;
81692;220533;;;
81692;220534;;;
81692;220536;;;
81692;220537;;;
81692;220538;;;
81692;220539;;;
81692;220540;;;
81692;220542;;;
81692;220543;;;
81692;220544;;;
81692;220545;;;
81692;220546;;;
81692;220547;;;
81692;220548;;;
81692;220549;;;
81692;220550;;;
81692;220552;;;
81692;220553;;;
81692;220554;;;
81692;220555;;;
81692;220556;;;
81692;220558;;;
81692;220559;;;
81692;220560;;;
81692;220561;;;
81692;220563;;;
81692;220566;;;
81692;220567;;;
81692;220568;;;
81692;220569;;;
81692;220570;;;
81692;220571;;;
81692;220572;;;
81692;220574;;;
81692;220576;;;
81692;220578;;;
81692;220581;;;
81692;220582;;;
81692;220583;;;
81692;220584;;;
81692;220585;;;
81692;220586;;;
81692;220588;;;
81692;220589;;;
81692;220590;;;
81692;220591;;;
81692;220592;;;
81692;220594;;;
81692;220595;;;
81692;220597;;;
81692;220598;;;
81692;220599;;;
81692;220602;;;
81692;220603;;;
81692;220604;;;
81692;220605;;;
81692;220606;;;
81692;220607;;;
81692;220608;;;
81692;220609;;;
81692;220610;;;
81692;220611;;;
81692;220612;;;
81692;220613;;;
81692;220614;;;
81692;220615;;;
81692;220616;;;
81692;220617;;;
81692;220618;;;
81692;220620;;;
81692;220621;;;
81692;220622;;;
81692;220623;;;
81692;220624;;;
81692;220626;;;
81692;220628;;;
81692;220629;;;
81692;220630;;;
81692;220631;;;
81692;220632;;;
81692;220635;;;
81692;220637;;;
81692;220638;;;
81692;220640;;;
81692;220641;;;
81692;220642;;;
81692;220643;;;
81692;220644;;;
81692;220645;;;
81692;220646;;;
81692;220647;;;
81692;220649;;;
81692;220650;;;
81692;220651;;;
81692;220652;;;
81692;220653;;;
81692;220654;;;
81692;220656;;;
81692;220657;;;
81692;220658;;;
81692;220661;;;
81692;220662;;;
81692;220663;;;
81692;220664;;;
81692;220665;;;
81692;220667;;;
81692;220668;;;
81692;220669;;;
81692;220670;;;
81692;220671;;;
81692;220672;;;
81692;220673;;;
81692;220674;;;
81692;220675;;;
81692;220676;;;
81692;220677;;;
81692;220681;;;
81692;220682;;;
81692;220683;;;
81692;220685;;;
81692;220686;;;
81692;220687;;;
81692;220688;;;
81692;220690;;;
81692;220691;;;
81692;220692;;;
81692;220694;;;
81692;220696;;;
81692;220697;;;
81692;220698;;;
81692;220699;;;
81692;220700;;;
81692;220701;;;
81692;220703;;;
81692;220706;;;
81692;220707;;;
81692;220708;;;
81692;220713;;;
81692;220714;;;
81692;220715;;;
81692;221148;;;
81692;221328;;;
81692;221329;;;
81692;221338;;;
81692;224117;;;
81692;224333;;;
81692;226837;;;
81692;227310;;;
81692;227991;;;
81692;230765;;;
81692;230767;;;
81692;230768;;;
81692;230957;;;
81692;233592;;;
81692;233594;;;
81692;234673;;;
81692;234788;;;
81692;235088;;;
81692;235620;;;
81692;235712;;;
81692;235776;;;
81692;235800;;;
81692;235869;;;
81699;62881;;;
81699;66385;;;
81699;66828;;;
81699;69871;;;
81699;72442;;;
81699;73433;;;
81699;73441;;;
81699;73486;;;
81699;73579;;;
81699;73604;;;
81699;73692;;;
81699;73701;;;
81699;73768;;;
81699;73778;;;
81699;73788;;;
81699;73801;;;
81699;73808;;;
81699;74041;;;
81699;74043;;;
81699;74057;;;
81699;74060;;;
81699;74075;;;
81699;74079;;;
81699;74084;;;
81699;74090;;;
81699;74156;;;
81699;74159;;;
81699;74160;;;
81699;74161;;;
81699;74171;;;
81699;74253;;;
81699;74262;;;
81699;74270;;;
81699;74273;;;
81699;74295;;;
81699;74317;;;
81699;74371;;;
81699;74374;;;
81699;74376;;;
81699;74383;;;
81699;74398;;;
81699;74400;;;
81699;74428;;;
81699;74454;;;
81699;74467;;;
81699;74478;;;
81699;74537;;;
81699;74574;;;
81699;74585;;;
81699;74646;;;
81699;74784;;;
81699;74848;;;
81699;74856;;;
81699;74858;;;
81699;80815;;;
81699;81055;;;
81699;88256;;;
81699;91228;;;
81699;92102;;;
81699;92699;;;
81699;98057;;;
81699;98148;;;
81699;98615;;;
81699;104552;;;
81699;107283;;;
81699;107970;;;
81699;109429;;;
81699;121948;;;
81699;122158;;;
81699;122974;;;
81699;123756;;;
81699;129618;;;
81699;133439;;;
81699;133810;;;
81699;136811;;;
81699;137070;;;
81699;139285;;;
81699;141391;;;
81699;141398;;;
81699;141408;;;
81699;141411;;;
81699;141421;;;
81699;141431;;;
81699;141450;;;
81699;141456;;;
81699;141458;;;
81699;141459;;;
81699;141485;;;
81699;141487;;;
81699;141488;;;
81699;141516;;;
81699;141531;;;
81699;141533;;;
81699;143084;;;
81699;143632;;;
81699;150418;;;
81699;153423;;;
81699;154178;;;
81699;156190;;;
81699;157130;;;
81699;160161;;;
81699;160508;;;
81699;160512;;;
81699;160518;;;
81699;160535;;;
81699;160538;;;
81699;160545;;;
81699;160548;;;
81699;160552;;;
81699;160553;;;
81699;160556;;;
81699;160558;;;
81699;160559;;;
81699;160561;;;
81699;160569;;;
81699;160575;;;
81699;160588;;;
81699;160591;;;
81699;160592;;;
81699;160598;;;
81699;160599;;;
81699;160600;;;
81699;160601;;;
81699;160604;;;
81699;160610;;;
81699;160621;;;
81699;160629;;;
81699;160632;;;
81699;160635;;;
81699;160640;;;
81699;160641;;;
81699;160642;;;
81699;160665;;;
81699;160666;;;
81699;160673;;;
81699;160674;;;
81699;160758;;;
81699;160976;;;
81699;161440;;;
81699;161550;;;
81699;162067;;;
81699;162332;;;
81699;165470;;;
81699;166402;;;
81699;171617;;;
81699;171623;;;
81699;171786;;;
81699;175765;;;
81699;178829;;;
81699;178831;;;
81699;178832;;;
81699;178835;;;
81699;178843;;;
81699;178854;;;
81699;178857;;;
81699;178858;;;
81699;178860;;;
81699;178866;;;
81699;178871;;;
81699;178873;;;
81699;178876;;;
81699;178881;;;
81699;178884;;;
81699;178886;;;
81699;178887;;;
81699;178895;;;
81699;178896;;;
81699;178905;;;
81699;178910;;;
81699;178927;;;
81699;178929;;;
81699;178931;;;
81699;178933;;;
81699;178934;;;
81699;178943;;;
81699;178945;;;
81699;178946;;;
81699;178947;;;
81699;178954;;;
81699;178962;;;
81699;178964;;;
81699;178966;;;
81699;178970;;;
81699;178972;;;
81699;178975;;;
81699;178983;;;
81699;178985;;;
81699;178986;;;
81699;178987;;;
81699;178989;;;
81699;178992;;;
81699;178993;;;
81699;178997;;;
81699;179001;;;
81699;180214;;;
81699;188097;;;
81699;191923;;;
81699;198783;;;
81699;204351;;;
81699;204353;;;
81699;204355;;;
81699;204356;;;
81699;204358;;;
81699;204360;;;
81699;204361;;;
81699;204364;;;
81699;204365;;;
81699;204367;;;
81699;204368;;;
81699;204372;;;
81699;204374;;;
81699;204387;;;
81699;204388;;;
81699;204390;;;
81699;204394;;;
81699;204398;;;
81699;204404;;;
81699;204406;;;
81699;204407;;;
81699;204408;;;
81699;204410;;;
81699;204411;;;
81699;204412;;;
81699;204416;;;
81699;204419;;;
81699;204426;;;
81699;204427;;;
81699;204431;;;
81699;204441;;;
81699;204444;;;
81699;204445;;;
81699;204449;;;
81699;204453;;;
81699;204455;;;
81699;204456;;;
81699;204457;;;
81699;204459;;;
81699;204460;;;
81699;204462;;;
81699;204472;;;
81699;204473;;;
81699;204474;;;
81699;204479;;;
81699;204480;;;
81699;204485;;;
81699;204486;;;
81699;204488;;;
81699;204489;;;
81699;204491;;;
81699;204492;;;
81699;204494;;;
81699;204495;;;
81699;204496;;;
81699;204497;;;
81699;204498;;;
81699;204501;;;
81699;204506;;;
81699;204508;;;
81699;204511;;;
81699;204512;;;
81699;204515;;;
81699;204517;;;
81699;204518;;;
81699;204520;;;
81699;204524;;;
81699;204525;;;
81699;204526;;;
81699;204528;;;
81699;204531;;;
81699;204533;;;
81699;204534;;;
81699;204535;;;
81699;204536;;;
81699;204539;;;
81699;204540;;;
81699;204541;;;
81699;204549;;;
81699;204550;;;
81699;204553;;;
81699;204557;;;
81699;204558;;;
81699;204559;;;
81699;204570;;;
81699;204572;;;
81699;204574;;;
81699;205476;;;
81699;205550;;;
81699;206018;;;
81699;209189;;;
81699;209787;;;
81699;210989;;;
81699;213762;;;
81699;214694;;;
81699;220526;;;
81699;220527;;;
81699;220528;;;
81699;220529;;;
81699;220530;;;
81699;220532;;;
81699;220533;;;
81699;220536;;;
81699;220537;;;
81699;220538;;;
81699;220539;;;
81699;220540;;;
81699;220542;;;
81699;220543;;;
81699;220544;;;
81699;220545;;;
81699;220546;;;
81699;220547;;;
81699;220548;;;
81699;220549;;;
81699;220550;;;
81699;220551;;;
81699;220552;;;
81699;220553;;;
81699;220554;;;
81699;220555;;;
81699;220556;;;
81699;220558;;;
81699;220559;;;
81699;220560;;;
81699;220563;;;
81699;220565;;;
81699;220566;;;
81699;220567;;;
81699;220568;;;
81699;220569;;;
81699;220571;;;
81699;220572;;;
81699;220573;;;
81699;220574;;;
81699;220576;;;
81699;220578;;;
81699;220581;;;
81699;220583;;;
81699;220584;;;
81699;220585;;;
81699;220586;;;
81699;220588;;;
81699;220589;;;
81699;220590;;;
81699;220591;;;
81699;220592;;;
81699;220594;;;
81699;220595;;;
81699;220597;;;
81699;220598;;;
81699;220599;;;
81699;220602;;;
81699;220603;;;
81699;220604;;;
81699;220605;;;
81699;220606;;;
81699;220607;;;
81699;220608;;;
81699;220609;;;
81699;220610;;;
81699;220611;;;
81699;220612;;;
81699;220613;;;
81699;220614;;;
81699;220615;;;
81699;220616;;;
81699;220617;;;
81699;220618;;;
81699;220620;;;
81699;220621;;;
81699;220622;;;
81699;220623;;;
81699;220624;;;
81699;220625;;;
81699;220626;;;
81699;220628;;;
81699;220630;;;
81699;220631;;;
81699;220632;;;
81699;220633;;;
81699;220635;;;
81699;220637;;;
81699;220638;;;
81699;220640;;;
81699;220641;;;
81699;220642;;;
81699;220643;;;
81699;220644;;;
81699;220645;;;
81699;220646;;;
81699;220648;;;
81699;220649;;;
81699;220650;;;
81699;220651;;;
81699;220652;;;
81699;220653;;;
81699;220654;;;
81699;220656;;;
81699;220657;;;
81699;220658;;;
81699;220661;;;
81699;220662;;;
81699;220663;;;
81699;220664;;;
81699;220667;;;
81699;220668;;;
81699;220669;;;
81699;220670;;;
81699;220671;;;
81699;220672;;;
81699;220673;;;
81699;220674;;;
81699;220675;;;
81699;220677;;;
81699;220681;;;
81699;220682;;;
81699;220683;;;
81699;220684;;;
81699;220685;;;
81699;220686;;;
81699;220687;;;
81699;220688;;;
81699;220690;;;
81699;220691;;;
81699;220692;;;
81699;220693;;;
81699;220694;;;
81699;220695;;;
81699;220696;;;
81699;220697;;;
81699;220698;;;
81699;220699;;;
81699;220701;;;
81699;220702;;;
81699;220703;;;
81699;220706;;;
81699;220707;;;
81699;220708;;;
81699;220712;;;
81699;220713;;;
81699;220714;;;
81699;220715;;;
81699;221148;;;
81699;221328;;;
81699;221329;;;
81699;221338;;;
81699;224117;;;
81699;224333;;;
81699;226837;;;
81699;230765;;;
81699;230768;;;
81699;230957;;;
81699;233592;;;
81699;233594;;;
81699;234673;;;
81699;234788;;;
81699;235088;;;
81699;235620;;;
81699;235712;;;
81699;235776;;;
81699;235869;;;
81700;74060;;;
81700;74156;;;
81700;80815;;;
81700;133439;;;
81700;157130;;;
81700;160538;;;
81700;160575;;;
81700;160598;;;
81700;160641;;;
81700;175765;;;
81700;178966;;;
81700;204416;;;
81700;204425;;;
81700;204485;;;
81700;204515;;;
81700;220554;;;
81700;220555;;;
81700;220606;;;
81700;220607;;;
81700;220635;;;
81700;220645;;;
81700;220658;;;
81700;220662;;;
81700;220690;;;
81700;220695;;;
81700;221148;;;
81700;230768;;;
81704;160575;;;
81704;160601;;;
81704;204419;;;
81704;204441;;;
81704;220606;;;
81705;74057;;;
81705;91228;;;
81705;133439;;;
81705;141459;;;
81705;204407;;;
81705;204535;;;
81705;204536;;;
81705;204553;;;
81705;220533;;;
81705;220534;;;
81705;220543;;;
81705;220606;;;
81705;220625;;;
81705;220658;;;
81705;220663;;;
81705;220690;;;
81705;221338;;;
81705;233592;;;
81706;62881;;;
81706;98057;;;
81706;160512;;;
81706;178910;;;
81706;204494;;;
81706;204520;;;
81706;220605;;;
81706;220607;;;
81706;220658;;;
81706;221329;;;
81706;235869;;;
81708;62881;;;
81708;74253;;;
81708;98057;;;
81708;178910;;;
81708;204520;;;
81708;220605;;;
81708;220607;;;
81708;220612;;;
81708;220658;;;
81708;221329;;;
81708;235869;;;
81709;73433;;;
81709;73441;;;
81709;73768;;;
81709;73778;;;
81709;74090;;;
81709;74273;;;
81709;74537;;;
81709;74554;;;
81709;141555;;;
81709;150418;;;
81709;156190;;;
81709;160548;;;
81709;160600;;;
81709;160601;;;
81709;160642;;;
81709;162332;;;
81709;165470;;;
81709;178871;;;
81709;178876;;;
81709;178993;;;
81709;191923;;;
81709;204387;;;
81709;204394;;;
81709;204404;;;
81709;204411;;;
81709;204444;;;
81709;204473;;;
81709;204501;;;
81709;204526;;;
81709;204535;;;
81709;213762;;;
81709;220538;;;
81709;220557;;;
81709;220568;;;
81709;220574;;;
81709;220576;;;
81709;220590;;;
81709;220611;;;
81709;220637;;;
81709;220655;;;
81711;73692;;;
81711;74374;;;
81711;160512;;;
81711;160591;;;
81711;178857;;;
81711;178876;;;
81711;178929;;;
81711;204412;;;
81711;204512;;;
81711;204528;;;
81711;204540;;;
81711;210989;;;
81711;220529;;;
81711;220544;;;
81711;220556;;;
81711;220570;;;
81711;220613;;;
81711;220656;;;
81711;220670;;;
81711;220698;;;
81711;221329;;;
81713;214694;;;
81713;220557;;;
81713;220666;;;
81714;66828;;;
81714;74856;;;
81714;141485;;;
81714;160512;;;
81714;160548;;;
81714;178934;;;
81714;204462;;;
81714;204525;;;
81714;204559;;;
81714;214694;;;
81714;220529;;;
81714;220589;;;
81714;220638;;;
81714;220666;;;
81715;204559;;;
81716;74041;;;
81716;74057;;;
81716;160556;;;
81716;180214;;;
81716;204351;;;
81716;204419;;;
81716;204441;;;
81716;206018;;;
81716;220530;;;
81716;220555;;;
81716;220598;;;
81716;220606;;;
81716;220645;;;
81716;220682;;;
81717;133439;;;
81717;141408;;;
81717;160632;;;
81717;178987;;;
81717;180214;;;
81717;191923;;;
81717;204356;;;
81717;204372;;;
81717;204374;;;
81717;204388;;;
81717;204394;;;
81717;204504;;;
81717;204540;;;
81717;220529;;;
81717;220544;;;
81717;220551;;;
81717;220554;;;
81717;220568;;;
81717;220569;;;
81717;220603;;;
81717;220604;;;
81717;220651;;;
81717;220653;;;
81717;220654;;;
81717;220662;;;
81717;230767;;;
81717;235869;;;
81726;62881;;;
81726;66385;;;
81726;66828;;;
81726;69871;;;
81726;72442;;;
81726;73433;;;
81726;73441;;;
81726;73486;;;
81726;73579;;;
81726;73604;;;
81726;73692;;;
81726;73701;;;
81726;73768;;;
81726;73778;;;
81726;73788;;;
81726;73801;;;
81726;73808;;;
81726;74041;;;
81726;74043;;;
81726;74044;;;
81726;74057;;;
81726;74060;;;
81726;74075;;;
81726;74079;;;
81726;74084;;;
81726;74090;;;
81726;74156;;;
81726;74158;;;
81726;74159;;;
81726;74160;;;
81726;74161;;;
81726;74171;;;
81726;74253;;;
81726;74262;;;
81726;74270;;;
81726;74273;;;
81726;74295;;;
81726;74317;;;
81726;74371;;;
81726;74374;;;
81726;74376;;;
81726;74383;;;
81726;74398;;;
81726;74400;;;
81726;74428;;;
81726;74454;;;
81726;74467;;;
81726;74478;;;
81726;74537;;;
81726;74574;;;
81726;74585;;;
81726;74646;;;
81726;74784;;;
81726;74848;;;
81726;74856;;;
81726;74858;;;
81726;80815;;;
81726;81055;;;
81726;88256;;;
81726;91228;;;
81726;92102;;;
81726;92699;;;
81726;92776;;;
81726;98057;;;
81726;98148;;;
81726;98615;;;
81726;104552;;;
81726;107283;;;
81726;107970;;;
81726;109429;;;
81726;121948;;;
81726;122158;;;
81726;122974;;;
81726;123086;;;
81726;123756;;;
81726;128760;;;
81726;129618;;;
81726;133439;;;
81726;133810;;;
81726;136811;;;
81726;137070;;;
81726;139285;;;
81726;141391;;;
81726;141398;;;
81726;141408;;;
81726;141411;;;
81726;141421;;;
81726;141431;;;
81726;141450;;;
81726;141456;;;
81726;141458;;;
81726;141459;;;
81726;141464;;;
81726;141485;;;
81726;141487;;;
81726;141488;;;
81726;141516;;;
81726;141518;;;
81726;141531;;;
81726;141533;;;
81726;141555;;;
81726;143084;;;
81726;143632;;;
81726;150418;;;
81726;153423;;;
81726;154178;;;
81726;156190;;;
81726;157130;;;
81726;160161;;;
81726;160508;;;
81726;160512;;;
81726;160517;;;
81726;160518;;;
81726;160527;;;
81726;160535;;;
81726;160538;;;
81726;160545;;;
81726;160548;;;
81726;160552;;;
81726;160553;;;
81726;160556;;;
81726;160558;;;
81726;160559;;;
81726;160561;;;
81726;160569;;;
81726;160575;;;
81726;160588;;;
81726;160591;;;
81726;160592;;;
81726;160598;;;
81726;160599;;;
81726;160600;;;
81726;160601;;;
81726;160604;;;
81726;160610;;;
81726;160621;;;
81726;160629;;;
81726;160632;;;
81726;160635;;;
81726;160640;;;
81726;160641;;;
81726;160642;;;
81726;160665;;;
81726;160666;;;
81726;160673;;;
81726;160674;;;
81726;160758;;;
81726;160976;;;
81726;161440;;;
81726;161550;;;
81726;162067;;;
81726;162332;;;
81726;165470;;;
81726;166402;;;
81726;171617;;;
81726;171623;;;
81726;171786;;;
81726;175765;;;
81726;178829;;;
81726;178831;;;
81726;178832;;;
81726;178835;;;
81726;178843;;;
81726;178854;;;
81726;178857;;;
81726;178858;;;
81726;178860;;;
81726;178866;;;
81726;178871;;;
81726;178873;;;
81726;178876;;;
81726;178881;;;
81726;178882;;;
81726;178884;;;
81726;178886;;;
81726;178887;;;
81726;178895;;;
81726;178896;;;
81726;178905;;;
81726;178908;;;
81726;178910;;;
81726;178929;;;
81726;178931;;;
81726;178933;;;
81726;178934;;;
81726;178937;;;
81726;178943;;;
81726;178945;;;
81726;178946;;;
81726;178947;;;
81726;178954;;;
81726;178962;;;
81726;178964;;;
81726;178966;;;
81726;178970;;;
81726;178972;;;
81726;178975;;;
81726;178983;;;
81726;178985;;;
81726;178986;;;
81726;178987;;;
81726;178989;;;
81726;178992;;;
81726;178993;;;
81726;178997;;;
81726;179000;;;
81726;179001;;;
81726;180214;;;
81726;188097;;;
81726;191923;;;
81726;198197;;;
81726;198783;;;
81726;204351;;;
81726;204353;;;
81726;204355;;;
81726;204356;;;
81726;204358;;;
81726;204360;;;
81726;204361;;;
81726;204362;;;
81726;204364;;;
81726;204365;;;
81726;204367;;;
81726;204368;;;
81726;204372;;;
81726;204374;;;
81726;204378;;;
81726;204379;;;
81726;204387;;;
81726;204390;;;
81726;204391;;;
81726;204394;;;
81726;204395;;;
81726;204398;;;
81726;204404;;;
81726;204406;;;
81726;204407;;;
81726;204408;;;
81726;204409;;;
81726;204410;;;
81726;204411;;;
81726;204416;;;
81726;204419;;;
81726;204423;;;
81726;204425;;;
81726;204426;;;
81726;204427;;;
81726;204431;;;
81726;204441;;;
81726;204444;;;
81726;204445;;;
81726;204449;;;
81726;204450;;;
81726;204453;;;
81726;204455;;;
81726;204456;;;
81726;204457;;;
81726;204459;;;
81726;204460;;;
81726;204462;;;
81726;204464;;;
81726;204472;;;
81726;204473;;;
81726;204474;;;
81726;204479;;;
81726;204480;;;
81726;204481;;;
81726;204485;;;
81726;204486;;;
81726;204488;;;
81726;204489;;;
81726;204491;;;
81726;204492;;;
81726;204494;;;
81726;204495;;;
81726;204496;;;
81726;204497;;;
81726;204498;;;
81726;204501;;;
81726;204504;;;
81726;204506;;;
81726;204508;;;
81726;204511;;;
81726;204512;;;
81726;204515;;;
81726;204517;;;
81726;204518;;;
81726;204520;;;
81726;204524;;;
81726;204525;;;
81726;204526;;;
81726;204528;;;
81726;204531;;;
81726;204533;;;
81726;204534;;;
81726;204535;;;
81726;204536;;;
81726;204539;;;
81726;204541;;;
81726;204549;;;
81726;204550;;;
81726;204553;;;
81726;204557;;;
81726;204558;;;
81726;204559;;;
81726;204570;;;
81726;204572;;;
81726;204574;;;
81726;205476;;;
81726;205550;;;
81726;206018;;;
81726;209189;;;
81726;209787;;;
81726;210989;;;
81726;213762;;;
81726;214694;;;
81726;215043;;;
81726;220527;;;
81726;220528;;;
81726;220529;;;
81726;220530;;;
81726;220532;;;
81726;220533;;;
81726;220536;;;
81726;220537;;;
81726;220538;;;
81726;220539;;;
81726;220542;;;
81726;220543;;;
81726;220544;;;
81726;220545;;;
81726;220546;;;
81726;220547;;;
81726;220548;;;
81726;220549;;;
81726;220550;;;
81726;220551;;;
81726;220552;;;
81726;220553;;;
81726;220554;;;
81726;220555;;;
81726;220556;;;
81726;220557;;;
81726;220558;;;
81726;220559;;;
81726;220560;;;
81726;220561;;;
81726;220563;;;
81726;220566;;;
81726;220567;;;
81726;220568;;;
81726;220569;;;
81726;220570;;;
81726;220571;;;
81726;220572;;;
81726;220573;;;
81726;220574;;;
81726;220576;;;
81726;220578;;;
81726;220581;;;
81726;220582;;;
81726;220583;;;
81726;220584;;;
81726;220585;;;
81726;220586;;;
81726;220588;;;
81726;220589;;;
81726;220590;;;
81726;220591;;;
81726;220592;;;
81726;220594;;;
81726;220595;;;
81726;220597;;;
81726;220598;;;
81726;220599;;;
81726;220602;;;
81726;220603;;;
81726;220604;;;
81726;220605;;;
81726;220606;;;
81726;220607;;;
81726;220608;;;
81726;220609;;;
81726;220610;;;
81726;220611;;;
81726;220612;;;
81726;220613;;;
81726;220614;;;
81726;220615;;;
81726;220616;;;
81726;220617;;;
81726;220618;;;
81726;220620;;;
81726;220621;;;
81726;220622;;;
81726;220623;;;
81726;220624;;;
81726;220625;;;
81726;220626;;;
81726;220628;;;
81726;220629;;;
81726;220630;;;
81726;220631;;;
81726;220632;;;
81726;220633;;;
81726;220635;;;
81726;220637;;;
81726;220638;;;
81726;220640;;;
81726;220641;;;
81726;220642;;;
81726;220643;;;
81726;220644;;;
81726;220645;;;
81726;220646;;;
81726;220647;;;
81726;220648;;;
81726;220649;;;
81726;220650;;;
81726;220651;;;
81726;220652;;;
81726;220653;;;
81726;220654;;;
81726;220656;;;
81726;220657;;;
81726;220658;;;
81726;220661;;;
81726;220662;;;
81726;220663;;;
81726;220664;;;
81726;220665;;;
81726;220666;;;
81726;220667;;;
81726;220668;;;
81726;220669;;;
81726;220670;;;
81726;220671;;;
81726;220672;;;
81726;220673;;;
81726;220674;;;
81726;220675;;;
81726;220676;;;
81726;220677;;;
81726;220681;;;
81726;220682;;;
81726;220683;;;
81726;220684;;;
81726;220685;;;
81726;220686;;;
81726;220687;;;
81726;220688;;;
81726;220690;;;
81726;220691;;;
81726;220692;;;
81726;220693;;;
81726;220694;;;
81726;220695;;;
81726;220696;;;
81726;220697;;;
81726;220698;;;
81726;220699;;;
81726;220700;;;
81726;220701;;;
81726;220702;;;
81726;220703;;;
81726;220706;;;
81726;220707;;;
81726;220708;;;
81726;220712;;;
81726;220713;;;
81726;220714;;;
81726;220715;;;
81726;221148;;;
81726;221328;;;
81726;221329;;;
81726;221338;;;
81726;224117;;;
81726;224333;;;
81726;226837;;;
81726;227310;;;
81726;227991;;;
81726;230765;;;
81726;230767;;;
81726;230768;;;
81726;230957;;;
81726;233592;;;
81726;233594;;;
81726;234673;;;
81726;234788;;;
81726;235088;;;
81726;235620;;;
81726;235712;;;
81726;235776;;;
81726;235800;;;
81726;235869;;;
81728;66828;;;
81728;73441;;;
81728;73692;;;
81728;73768;;;
81728;74537;;;
81728;123756;;;
81728;156190;;;
81728;160600;;;
81728;160601;;;
81728;178871;;;
81728;178876;;;
81728;204404;;;
81728;204473;;;
81728;204526;;;
81728;213762;;;
81728;220538;;;
81728;220574;;;
81728;220583;;;
81728;220611;;;
81728;220637;;;
81728;220706;;;
81730;104552;;;
81730;141459;;;
81730;178997;;;
81730;220529;;;
81730;220534;;;
81730;220571;;;
81730;220617;;;
81730;220712;;;
81730;220715;;;
81732;133439;;;
81732;160632;;;
81732;178987;;;
81732;180214;;;
81732;191923;;;
81732;204356;;;
81732;204372;;;
81732;204374;;;
81732;204388;;;
81732;204394;;;
81732;204504;;;
81732;204540;;;
81732;220529;;;
81732;220544;;;
81732;220551;;;
81732;220554;;;
81732;220568;;;
81732;220569;;;
81732;220603;;;
81732;220604;;;
81732;220651;;;
81732;220653;;;
81732;220654;;;
81732;220662;;;
81734;74253;;;
81734;74537;;;
81734;220549;;;
81734;220658;;;
81735;73486;;;
81735;74374;;;
81735;74856;;;
81735;80815;;;
81735;160518;;;
81735;178929;;;
81735;204540;;;
81735;210989;;;
81735;213762;;;
81735;220547;;;
81735;220553;;;
81735;220557;;;
81735;220571;;;
81735;220625;;;
81735;220670;;;
81735;220715;;;
81737;62881;;;
81737;66385;;;
81737;72442;;;
81737;73768;;;
81737;74041;;;
81737;74075;;;
81737;74160;;;
81737;74161;;;
81737;74398;;;
81737;74554;;;
81737;74574;;;
81737;74856;;;
81737;91228;;;
81737;98057;;;
81737;123756;;;
81737;139285;;;
81737;141408;;;
81737;141485;;;
81737;141531;;;
81737;153423;;;
81737;157130;;;
81737;160512;;;
81737;160575;;;
81737;160600;;;
81737;160601;;;
81737;160666;;;
81737;160758;;;
81737;162067;;;
81737;178873;;;
81737;178884;;;
81737;178905;;;
81737;178908;;;
81737;178929;;;
81737;178934;;;
81737;178943;;;
81737;178946;;;
81737;178986;;;
81737;178993;;;
81737;191923;;;
81737;204355;;;
81737;204364;;;
81737;204372;;;
81737;204398;;;
81737;204404;;;
81737;204460;;;
81737;204462;;;
81737;204485;;;
81737;204501;;;
81737;204512;;;
81737;204534;;;
81737;204535;;;
81737;204557;;;
81737;204572;;;
81737;209787;;;
81737;220529;;;
81737;220543;;;
81737;220546;;;
81737;220547;;;
81737;220555;;;
81737;220556;;;
81737;220558;;;
81737;220585;;;
81737;220586;;;
81737;220588;;;
81737;220594;;;
81737;220597;;;
81737;220609;;;
81737;220637;;;
81737;220654;;;
81737;220658;;;
81737;220668;;;
81737;220684;;;
81737;220691;;;
81737;221338;;;
81737;235088;;;
81738;62881;;;
81738;66385;;;
81738;66828;;;
81738;69871;;;
81738;72442;;;
81738;73433;;;
81738;73441;;;
81738;73486;;;
81738;73579;;;
81738;73604;;;
81738;73692;;;
81738;73701;;;
81738;73768;;;
81738;73778;;;
81738;73788;;;
81738;73801;;;
81738;73808;;;
81738;74041;;;
81738;74044;;;
81738;74057;;;
81738;74060;;;
81738;74075;;;
81738;74079;;;
81738;74084;;;
81738;74090;;;
81738;74156;;;
81738;74158;;;
81738;74159;;;
81738;74160;;;
81738;74161;;;
81738;74171;;;
81738;74253;;;
81738;74262;;;
81738;74270;;;
81738;74273;;;
81738;74295;;;
81738;74317;;;
81738;74374;;;
81738;74376;;;
81738;74383;;;
81738;74398;;;
81738;74400;;;
81738;74428;;;
81738;74454;;;
81738;74467;;;
81738;74478;;;
81738;74537;;;
81738;74574;;;
81738;74585;;;
81738;74646;;;
81738;74784;;;
81738;74848;;;
81738;74856;;;
81738;74858;;;
81738;80815;;;
81738;81055;;;
81738;88256;;;
81738;91228;;;
81738;92102;;;
81738;92699;;;
81738;98057;;;
81738;98148;;;
81738;98615;;;
81738;104552;;;
81738;107283;;;
81738;107970;;;
81738;109429;;;
81738;121948;;;
81738;122158;;;
81738;122974;;;
81738;123086;;;
81738;123756;;;
81738;129618;;;
81738;133439;;;
81738;133810;;;
81738;136811;;;
81738;139285;;;
81738;141391;;;
81738;141398;;;
81738;141408;;;
81738;141411;;;
81738;141421;;;
81738;141431;;;
81738;141450;;;
81738;141456;;;
81738;141458;;;
81738;141459;;;
81738;141485;;;
81738;141487;;;
81738;141488;;;
81738;141516;;;
81738;141531;;;
81738;141533;;;
81738;141555;;;
81738;143084;;;
81738;143632;;;
81738;150418;;;
81738;153423;;;
81738;154178;;;
81738;156190;;;
81738;157130;;;
81738;160161;;;
81738;160508;;;
81738;160512;;;
81738;160518;;;
81738;160535;;;
81738;160538;;;
81738;160545;;;
81738;160548;;;
81738;160552;;;
81738;160553;;;
81738;160556;;;
81738;160559;;;
81738;160561;;;
81738;160569;;;
81738;160575;;;
81738;160588;;;
81738;160591;;;
81738;160592;;;
81738;160598;;;
81738;160599;;;
81738;160600;;;
81738;160601;;;
81738;160604;;;
81738;160610;;;
81738;160621;;;
81738;160629;;;
81738;160632;;;
81738;160635;;;
81738;160640;;;
81738;160641;;;
81738;160642;;;
81738;160665;;;
81738;160666;;;
81738;160674;;;
81738;160758;;;
81738;160976;;;
81738;161440;;;
81738;161550;;;
81738;162067;;;
81738;162332;;;
81738;165470;;;
81738;166402;;;
81738;171617;;;
81738;171623;;;
81738;171786;;;
81738;175765;;;
81738;178829;;;
81738;178831;;;
81738;178832;;;
81738;178835;;;
81738;178843;;;
81738;178857;;;
81738;178858;;;
81738;178860;;;
81738;178866;;;
81738;178871;;;
81738;178873;;;
81738;178876;;;
81738;178881;;;
81738;178882;;;
81738;178884;;;
81738;178886;;;
81738;178887;;;
81738;178895;;;
81738;178896;;;
81738;178905;;;
81738;178908;;;
81738;178910;;;
81738;178929;;;
81738;178931;;;
81738;178933;;;
81738;178934;;;
81738;178943;;;
81738;178945;;;
81738;178946;;;
81738;178947;;;
81738;178954;;;
81738;178962;;;
81738;178964;;;
81738;178966;;;
81738;178970;;;
81738;178972;;;
81738;178975;;;
81738;178983;;;
81738;178985;;;
81738;178986;;;
81738;178987;;;
81738;178989;;;
81738;178992;;;
81738;178993;;;
81738;178997;;;
81738;179001;;;
81738;180214;;;
81738;188097;;;
81738;191923;;;
81738;198197;;;
81738;198783;;;
81738;204351;;;
81738;204353;;;
81738;204355;;;
81738;204356;;;
81738;204358;;;
81738;204360;;;
81738;204361;;;
81738;204362;;;
81738;204364;;;
81738;204365;;;
81738;204367;;;
81738;204368;;;
81738;204372;;;
81738;204374;;;
81738;204378;;;
81738;204379;;;
81738;204387;;;
81738;204390;;;
81738;204391;;;
81738;204394;;;
81738;204398;;;
81738;204404;;;
81738;204406;;;
81738;204407;;;
81738;204408;;;
81738;204409;;;
81738;204410;;;
81738;204411;;;
81738;204416;;;
81738;204419;;;
81738;204423;;;
81738;204425;;;
81738;204426;;;
81738;204427;;;
81738;204431;;;
81738;204441;;;
81738;204444;;;
81738;204445;;;
81738;204449;;;
81738;204453;;;
81738;204455;;;
81738;204456;;;
81738;204457;;;
81738;204459;;;
81738;204460;;;
81738;204462;;;
81738;204472;;;
81738;204473;;;
81738;204474;;;
81738;204479;;;
81738;204480;;;
81738;204481;;;
81738;204485;;;
81738;204486;;;
81738;204488;;;
81738;204489;;;
81738;204491;;;
81738;204492;;;
81738;204494;;;
81738;204495;;;
81738;204496;;;
81738;204497;;;
81738;204498;;;
81738;204501;;;
81738;204504;;;
81738;204506;;;
81738;204508;;;
81738;204511;;;
81738;204512;;;
81738;204515;;;
81738;204517;;;
81738;204518;;;
81738;204520;;;
81738;204524;;;
81738;204525;;;
81738;204526;;;
81738;204528;;;
81738;204531;;;
81738;204533;;;
81738;204534;;;
81738;204535;;;
81738;204536;;;
81738;204539;;;
81738;204540;;;
81738;204541;;;
81738;204549;;;
81738;204550;;;
81738;204553;;;
81738;204557;;;
81738;204558;;;
81738;204559;;;
81738;204570;;;
81738;204572;;;
81738;204574;;;
81738;205476;;;
81738;205550;;;
81738;206018;;;
81738;209189;;;
81738;209787;;;
81738;210989;;;
81738;213762;;;
81738;214694;;;
81738;220527;;;
81738;220528;;;
81738;220529;;;
81738;220530;;;
81738;220532;;;
81738;220533;;;
81738;220536;;;
81738;220537;;;
81738;220538;;;
81738;220539;;;
81738;220542;;;
81738;220543;;;
81738;220544;;;
81738;220545;;;
81738;220546;;;
81738;220547;;;
81738;220548;;;
81738;220549;;;
81738;220550;;;
81738;220551;;;
81738;220552;;;
81738;220553;;;
81738;220554;;;
81738;220555;;;
81738;220556;;;
81738;220558;;;
81738;220559;;;
81738;220560;;;
81738;220561;;;
81738;220563;;;
81738;220566;;;
81738;220567;;;
81738;220568;;;
81738;220569;;;
81738;220570;;;
81738;220571;;;
81738;220573;;;
81738;220574;;;
81738;220576;;;
81738;220578;;;
81738;220581;;;
81738;220582;;;
81738;220583;;;
81738;220584;;;
81738;220585;;;
81738;220586;;;
81738;220588;;;
81738;220589;;;
81738;220590;;;
81738;220591;;;
81738;220592;;;
81738;220594;;;
81738;220595;;;
81738;220597;;;
81738;220598;;;
81738;220599;;;
81738;220602;;;
81738;220603;;;
81738;220604;;;
81738;220605;;;
81738;220606;;;
81738;220607;;;
81738;220608;;;
81738;220609;;;
81738;220610;;;
81738;220611;;;
81738;220612;;;
81738;220613;;;
81738;220614;;;
81738;220615;;;
81738;220616;;;
81738;220617;;;
81738;220618;;;
81738;220620;;;
81738;220621;;;
81738;220622;;;
81738;220623;;;
81738;220624;;;
81738;220625;;;
81738;220626;;;
81738;220628;;;
81738;220629;;;
81738;220630;;;
81738;220631;;;
81738;220632;;;
81738;220633;;;
81738;220635;;;
81738;220637;;;
81738;220638;;;
81738;220640;;;
81738;220641;;;
81738;220642;;;
81738;220643;;;
81738;220644;;;
81738;220645;;;
81738;220646;;;
81738;220648;;;
81738;220649;;;
81738;220650;;;
81738;220651;;;
81738;220652;;;
81738;220653;;;
81738;220654;;;
81738;220656;;;
81738;220657;;;
81738;220658;;;
81738;220661;;;
81738;220662;;;
81738;220663;;;
81738;220664;;;
81738;220665;;;
81738;220666;;;
81738;220667;;;
81738;220668;;;
81738;220669;;;
81738;220670;;;
81738;220671;;;
81738;220672;;;
81738;220673;;;
81738;220674;;;
81738;220675;;;
81738;220676;;;
81738;220677;;;
81738;220682;;;
81738;220683;;;
81738;220684;;;
81738;220685;;;
81738;220686;;;
81738;220687;;;
81738;220688;;;
81738;220690;;;
81738;220691;;;
81738;220692;;;
81738;220693;;;
81738;220694;;;
81738;220695;;;
81738;220696;;;
81738;220697;;;
81738;220698;;;
81738;220699;;;
81738;220700;;;
81738;220701;;;
81738;220702;;;
81738;220703;;;
81738;220706;;;
81738;220708;;;
81738;220712;;;
81738;220713;;;
81738;220714;;;
81738;220715;;;
81738;221148;;;
81738;221328;;;
81738;221329;;;
81738;221338;;;
81738;224117;;;
81738;224333;;;
81738;226837;;;
81738;227310;;;
81738;227991;;;
81738;230765;;;
81738;230767;;;
81738;230768;;;
81738;230957;;;
81738;233592;;;
81738;233594;;;
81738;234673;;;
81738;234788;;;
81738;235088;;;
81738;235620;;;
81738;235712;;;
81738;235776;;;
81738;235800;;;
81738;235869;;;
81739;4931;;;
81739;73433;;;
81739;73441;;;
81739;73768;;;
81739;73801;;;
81739;74848;;;
81739;160538;;;
81739;160642;;;
81739;172711;;;
81739;178962;;;
81739;178964;;;
81739;204396;;;
81739;204406;;;
81739;204456;;;
81739;204525;;;
81739;220613;;;
81739;220656;;;
81739;220673;;;
81740;62881;;;
81740;74253;;;
81740;98057;;;
81740;121948;;;
81740;141431;;;
81740;141450;;;
81740;141487;;;
81740;150418;;;
81740;160512;;;
81740;160556;;;
81740;160559;;;
81740;160588;;;
81740;160665;;;
81740;178871;;;
81740;178896;;;
81740;178910;;;
81740;198197;;;
81740;204358;;;
81740;204362;;;
81740;204378;;;
81740;204460;;;
81740;204492;;;
81740;204497;;;
81740;204520;;;
81740;204557;;;
81740;220581;;;
81740;220605;;;
81740;220607;;;
81740;220611;;;
81740;220658;;;
81740;220677;;;
81740;220691;;;
81740;220708;;;
81740;230767;;;
81740;235869;;;
81741;74253;;;
81741;74537;;;
81741;136811;;;
81741;141450;;;
81741;141458;;;
81741;141485;;;
81741;141487;;;
81741;154178;;;
81741;160548;;;
81741;160588;;;
81741;162067;;;
81741;191923;;;
81741;204355;;;
81741;204387;;;
81741;204504;;;
81741;204525;;;
81741;204541;;;
81741;220529;;;
81741;220543;;;
81741;220554;;;
81741;220558;;;
81741;220574;;;
81741;220612;;;
81741;220650;;;
81741;220664;;;
81741;220672;;;
81741;220698;;;
81741;220703;;;
81741;233594;;;
81742;73778;;;
81742;74090;;;
81742;74156;;;
81742;74161;;;
81742;74317;;;
81742;74856;;;
81742;92699;;;
81742;104552;;;
81742;122158;;;
81742;141408;;;
81742;141456;;;
81742;141464;;;
81742;141555;;;
81742;160161;;;
81742;160556;;;
81742;160575;;;
81742;178884;;;
81742;178896;;;
81742;178993;;;
81742;188097;;;
81742;198783;;;
81742;204355;;;
81742;204396;;;
81742;204416;;;
81742;204480;;;
81742;204486;;;
81742;204492;;;
81742;204497;;;
81742;204501;;;
81742;204517;;;
81742;204536;;;
81742;204540;;;
81742;204557;;;
81742;204559;;;
81742;220529;;;
81742;220572;;;
81742;220574;;;
81742;220578;;;
81742;220584;;;
81742;220607;;;
81742;220632;;;
81742;220653;;;
81742;220672;;;
81742;220691;;;
81742;220700;;;
81742;220714;;;
81742;221338;;;
81742;230767;;;
81752;98057;;;
81752;128760;;;
81752;141456;;;
81752;160512;;;
81752;178857;;;
81752;178884;;;
81752;204494;;;
81752;204520;;;
81752;204540;;;
81752;220554;;;
81752;220614;;;
81752;220658;;;
81752;220698;;;
81754;73808;;;
81754;104552;;;
81754;109429;;;
81754;128760;;;
81754;160512;;;
81754;160556;;;
81754;160561;;;
81754;178997;;;
81754;204489;;;
81754;204492;;;
81754;204512;;;
81754;220529;;;
81754;220557;;;
81754;220571;;;
81754;220631;;;
81754;220667;;;
81754;220715;;;
81755;74784;;;
81755;92699;;;
81755;121948;;;
81755;141456;;;
81755;178884;;;
81755;178934;;;
81755;178989;;;
81755;204364;;;
81755;204453;;;
81755;209189;;;
81755;220597;;;
81755;220607;;;
81755;220675;;;
81755;220677;;;
81755;230957;;;
81756;74156;;;
81756;74171;;;
81756;98148;;;
81756;104552;;;
81756;160632;;;
81756;161440;;;
81756;178962;;;
81756;178966;;;
81756;178986;;;
81756;178993;;;
81756;204378;;;
81756;204445;;;
81756;204517;;;
81756;204534;;;
81756;204535;;;
81756;206018;;;
81756;220529;;;
81756;220546;;;
81756;220605;;;
81756;220623;;;
81756;220635;;;
81756;220637;;;
81756;220671;;;
81756;220684;;;
81761;66828;;;
81761;69871;;;
81761;73486;;;
81761;74374;;;
81761;74856;;;
81761;133439;;;
81761;141411;;;
81761;141485;;;
81761;160512;;;
81761;178934;;;
81761;204462;;;
81761;204525;;;
81761;214694;;;
81761;220529;;;
81761;220534;;;
81761;220589;;;
81761;220638;;;
81761;220662;;;
81761;220663;;;
81761;220666;;;
81761;220686;;;
81762;74856;;;
81762;160512;;;
81762;220613;;;
81763;133439;;;
81763;141459;;;
81763;204535;;;
81763;220533;;;
81763;220534;;;
81763;220663;;;
81763;221338;;;
81764;74478;;;
81764;74856;;;
81764;141450;;;
81764;160545;;;
81764;178882;;;
81764;204358;;;
81764;204372;;;
81764;204410;;;
81764;204455;;;
81764;220605;;;
81764;220670;;;
81764;226837;;;
81766;204378;;;
81768;69871;;;
81768;72442;;;
81768;74084;;;
81768;74467;;;
81768;133439;;;
81768;166402;;;
81768;204351;;;
81768;204388;;;
81768;204492;;;
81768;204512;;;
81768;204541;;;
81768;214694;;;
81768;220554;;;
81768;220557;;;
81768;220693;;;
81768;221329;;;
81769;73604;;;
81769;74084;;;
81769;74273;;;
81769;74295;;;
81769;74848;;;
81769;123086;;;
81769;133439;;;
81769;150418;;;
81769;160604;;;
81769;171623;;;
81769;178964;;;
81769;178992;;;
81769;204356;;;
81769;204372;;;
81769;204388;;;
81769;204410;;;
81769;204412;;;
81769;220555;;;
81769;220578;;;
81769;220606;;;
81769;220612;;;
81769;220662;;;
81769;220663;;;
81769;220666;;;
81769;221338;;;
81769;227991;;;
81769;230767;;;
81772;73486;;;
81772;74057;;;
81772;91228;;;
81772;133439;;;
81772;160517;;;
81772;160575;;;
81772;204535;;;
81772;204536;;;
81772;204553;;;
81772;210989;;;
81772;220533;;;
81772;220553;;;
81772;220606;;;
81772;220625;;;
81772;220658;;;
81772;221338;;;
81772;233592;;;
81773;74041;;;
81773;160518;;;
81773;160598;;;
81773;178832;;;
81773;178985;;;
81773;220554;;;
81773;220571;;;
81773;220606;;;
81773;220640;;;
81773;221329;;;
81776;74156;;;
81776;74585;;;
81776;74784;;;
81776;160161;;;
81776;160575;;;
81776;160604;;;
81776;178970;;;
81776;204407;;;
81776;204494;;;
81776;204535;;;
81776;209189;;;
81781;74156;;;
81781;141450;;;
81781;141485;;;
81781;154178;;;
81781;204355;;;
81781;204504;;;
81781;204525;;;
81781;220543;;;
81781;220608;;;
81781;220612;;;
81781;220638;;;
81781;220664;;;
81782;160552;;;
81782;204372;;;
81782;220605;;;
81782;226837;;;
81784;141450;;;
81784;161550;;;
81784;162332;;;
81784;178871;;;
81784;178964;;;
81784;204395;;;
81784;220572;;;
81784;224333;;;
81785;62881;;;
81785;66385;;;
81785;66828;;;
81785;69871;;;
81785;72442;;;
81785;73433;;;
81785;73441;;;
81785;73486;;;
81785;73579;;;
81785;73604;;;
81785;73692;;;
81785;73701;;;
81785;73768;;;
81785;73778;;;
81785;73788;;;
81785;73801;;;
81785;73808;;;
81785;74041;;;
81785;74043;;;
81785;74044;;;
81785;74057;;;
81785;74060;;;
81785;74075;;;
81785;74079;;;
81785;74084;;;
81785;74090;;;
81785;74156;;;
81785;74158;;;
81785;74159;;;
81785;74160;;;
81785;74161;;;
81785;74171;;;
81785;74253;;;
81785;74262;;;
81785;74270;;;
81785;74273;;;
81785;74295;;;
81785;74317;;;
81785;74371;;;
81785;74374;;;
81785;74376;;;
81785;74398;;;
81785;74400;;;
81785;74428;;;
81785;74454;;;
81785;74467;;;
81785;74478;;;
81785;74537;;;
81785;74554;;;
81785;74574;;;
81785;74585;;;
81785;74646;;;
81785;74784;;;
81785;74848;;;
81785;74856;;;
81785;74858;;;
81785;80815;;;
81785;81055;;;
81785;88256;;;
81785;91228;;;
81785;92102;;;
81785;92699;;;
81785;92776;;;
81785;98057;;;
81785;98148;;;
81785;98615;;;
81785;104552;;;
81785;107283;;;
81785;109429;;;
81785;121948;;;
81785;122158;;;
81785;122974;;;
81785;123086;;;
81785;123756;;;
81785;128760;;;
81785;129618;;;
81785;133439;;;
81785;133810;;;
81785;136811;;;
81785;139285;;;
81785;141391;;;
81785;141398;;;
81785;141408;;;
81785;141411;;;
81785;141421;;;
81785;141431;;;
81785;141450;;;
81785;141456;;;
81785;141459;;;
81785;141464;;;
81785;141485;;;
81785;141487;;;
81785;141488;;;
81785;141516;;;
81785;141518;;;
81785;141531;;;
81785;141533;;;
81785;141555;;;
81785;143084;;;
81785;143632;;;
81785;150418;;;
81785;153423;;;
81785;154178;;;
81785;156190;;;
81785;157130;;;
81785;160161;;;
81785;160508;;;
81785;160512;;;
81785;160517;;;
81785;160518;;;
81785;160527;;;
81785;160535;;;
81785;160538;;;
81785;160545;;;
81785;160548;;;
81785;160552;;;
81785;160553;;;
81785;160556;;;
81785;160559;;;
81785;160561;;;
81785;160569;;;
81785;160575;;;
81785;160588;;;
81785;160591;;;
81785;160598;;;
81785;160599;;;
81785;160600;;;
81785;160601;;;
81785;160604;;;
81785;160610;;;
81785;160621;;;
81785;160629;;;
81785;160632;;;
81785;160635;;;
81785;160640;;;
81785;160641;;;
81785;160642;;;
81785;160665;;;
81785;160666;;;
81785;160673;;;
81785;160674;;;
81785;160758;;;
81785;160976;;;
81785;161440;;;
81785;161550;;;
81785;162067;;;
81785;162332;;;
81785;165470;;;
81785;166402;;;
81785;171617;;;
81785;171623;;;
81785;171786;;;
81785;175765;;;
81785;178829;;;
81785;178831;;;
81785;178832;;;
81785;178835;;;
81785;178843;;;
81785;178854;;;
81785;178857;;;
81785;178858;;;
81785;178860;;;
81785;178866;;;
81785;178871;;;
81785;178873;;;
81785;178876;;;
81785;178881;;;
81785;178882;;;
81785;178884;;;
81785;178887;;;
81785;178895;;;
81785;178896;;;
81785;178905;;;
81785;178908;;;
81785;178910;;;
81785;178927;;;
81785;178929;;;
81785;178931;;;
81785;178933;;;
81785;178934;;;
81785;178937;;;
81785;178945;;;
81785;178946;;;
81785;178947;;;
81785;178954;;;
81785;178962;;;
81785;178964;;;
81785;178966;;;
81785;178970;;;
81785;178972;;;
81785;178975;;;
81785;178983;;;
81785;178985;;;
81785;178986;;;
81785;178987;;;
81785;178989;;;
81785;178992;;;
81785;178993;;;
81785;178997;;;
81785;179000;;;
81785;179001;;;
81785;180214;;;
81785;188097;;;
81785;191923;;;
81785;198197;;;
81785;198783;;;
81785;204351;;;
81785;204353;;;
81785;204355;;;
81785;204356;;;
81785;204358;;;
81785;204360;;;
81785;204361;;;
81785;204362;;;
81785;204364;;;
81785;204365;;;
81785;204367;;;
81785;204368;;;
81785;204372;;;
81785;204374;;;
81785;204378;;;
81785;204379;;;
81785;204387;;;
81785;204388;;;
81785;204390;;;
81785;204391;;;
81785;204394;;;
81785;204395;;;
81785;204398;;;
81785;204404;;;
81785;204406;;;
81785;204407;;;
81785;204408;;;
81785;204409;;;
81785;204410;;;
81785;204411;;;
81785;204412;;;
81785;204416;;;
81785;204423;;;
81785;204425;;;
81785;204426;;;
81785;204427;;;
81785;204431;;;
81785;204436;;;
81785;204441;;;
81785;204444;;;
81785;204445;;;
81785;204453;;;
81785;204455;;;
81785;204456;;;
81785;204457;;;
81785;204459;;;
81785;204460;;;
81785;204462;;;
81785;204464;;;
81785;204472;;;
81785;204473;;;
81785;204480;;;
81785;204481;;;
81785;204485;;;
81785;204486;;;
81785;204488;;;
81785;204489;;;
81785;204491;;;
81785;204492;;;
81785;204494;;;
81785;204496;;;
81785;204497;;;
81785;204501;;;
81785;204504;;;
81785;204506;;;
81785;204508;;;
81785;204512;;;
81785;204515;;;
81785;204517;;;
81785;204518;;;
81785;204520;;;
81785;204524;;;
81785;204525;;;
81785;204526;;;
81785;204528;;;
81785;204533;;;
81785;204534;;;
81785;204535;;;
81785;204536;;;
81785;204540;;;
81785;204541;;;
81785;204549;;;
81785;204553;;;
81785;204557;;;
81785;204558;;;
81785;204559;;;
81785;204560;;;
81785;204570;;;
81785;204572;;;
81785;204574;;;
81785;205476;;;
81785;205550;;;
81785;206018;;;
81785;209189;;;
81785;210989;;;
81785;213762;;;
81785;214694;;;
81785;215043;;;
81785;220527;;;
81785;220528;;;
81785;220529;;;
81785;220530;;;
81785;220532;;;
81785;220533;;;
81785;220534;;;
81785;220536;;;
81785;220538;;;
81785;220539;;;
81785;220542;;;
81785;220543;;;
81785;220544;;;
81785;220545;;;
81785;220546;;;
81785;220547;;;
81785;220548;;;
81785;220549;;;
81785;220550;;;
81785;220551;;;
81785;220552;;;
81785;220553;;;
81785;220554;;;
81785;220555;;;
81785;220556;;;
81785;220557;;;
81785;220558;;;
81785;220559;;;
81785;220560;;;
81785;220561;;;
81785;220563;;;
81785;220565;;;
81785;220566;;;
81785;220567;;;
81785;220568;;;
81785;220569;;;
81785;220571;;;
81785;220572;;;
81785;220574;;;
81785;220576;;;
81785;220578;;;
81785;220581;;;
81785;220582;;;
81785;220583;;;
81785;220584;;;
81785;220585;;;
81785;220586;;;
81785;220588;;;
81785;220589;;;
81785;220590;;;
81785;220591;;;
81785;220592;;;
81785;220594;;;
81785;220595;;;
81785;220597;;;
81785;220598;;;
81785;220599;;;
81785;220602;;;
81785;220603;;;
81785;220604;;;
81785;220605;;;
81785;220606;;;
81785;220607;;;
81785;220608;;;
81785;220609;;;
81785;220610;;;
81785;220611;;;
81785;220612;;;
81785;220613;;;
81785;220614;;;
81785;220615;;;
81785;220616;;;
81785;220617;;;
81785;220618;;;
81785;220620;;;
81785;220621;;;
81785;220622;;;
81785;220623;;;
81785;220624;;;
81785;220625;;;
81785;220628;;;
81785;220629;;;
81785;220630;;;
81785;220631;;;
81785;220632;;;
81785;220633;;;
81785;220635;;;
81785;220637;;;
81785;220638;;;
81785;220640;;;
81785;220641;;;
81785;220642;;;
81785;220643;;;
81785;220644;;;
81785;220645;;;
81785;220646;;;
81785;220647;;;
81785;220649;;;
81785;220650;;;
81785;220651;;;
81785;220652;;;
81785;220653;;;
81785;220654;;;
81785;220655;;;
81785;220656;;;
81785;220657;;;
81785;220658;;;
81785;220661;;;
81785;220662;;;
81785;220663;;;
81785;220664;;;
81785;220665;;;
81785;220666;;;
81785;220667;;;
81785;220668;;;
81785;220669;;;
81785;220670;;;
81785;220671;;;
81785;220672;;;
81785;220673;;;
81785;220674;;;
81785;220675;;;
81785;220677;;;
81785;220681;;;
81785;220682;;;
81785;220683;;;
81785;220684;;;
81785;220686;;;
81785;220687;;;
81785;220688;;;
81785;220690;;;
81785;220691;;;
81785;220693;;;
81785;220694;;;
81785;220695;;;
81785;220696;;;
81785;220697;;;
81785;220698;;;
81785;220699;;;
81785;220700;;;
81785;220701;;;
81785;220702;;;
81785;220703;;;
81785;220704;;;
81785;220706;;;
81785;220707;;;
81785;220708;;;
81785;220712;;;
81785;220713;;;
81785;220714;;;
81785;220715;;;
81785;221148;;;
81785;221328;;;
81785;221329;;;
81785;221338;;;
81785;224117;;;
81785;224333;;;
81785;226837;;;
81785;227310;;;
81785;227991;;;
81785;230765;;;
81785;230767;;;
81785;230768;;;
81785;230957;;;
81785;233592;;;
81785;233594;;;
81785;234673;;;
81785;234788;;;
81785;235088;;;
81785;235620;;;
81785;235712;;;
81785;235776;;;
81785;235800;;;
81785;235869;;;
81788;74478;;;
81788;74856;;;
81788;133439;;;
81788;160552;;;
81788;160598;;;
81788;171623;;;
81788;178929;;;
81788;204351;;;
81788;204358;;;
81788;204372;;;
81788;204378;;;
81788;204409;;;
81788;204410;;;
81788;204455;;;
81788;204494;;;
81788;220537;;;
81788;220583;;;
81788;220605;;;
81788;220622;;;
81788;220628;;;
81788;220670;;;
81788;220693;;;
81788;226837;;;
81789;220626;;;
81790;220626;;;
81791;220626;;;
81792;220626;;;
81793;220626;;;
81794;220626;;;
81795;220626;;;
81796;220626;;;
81797;220626;;;
81798;74041;;;
81798;74057;;;
81798;160556;;;
81798;160575;;;
81798;160601;;;
81798;178987;;;
81798;180214;;;
81798;204351;;;
81798;204419;;;
81798;204441;;;
81798;204464;;;
81798;206018;;;
81798;220530;;;
81798;220555;;;
81798;220598;;;
81798;220606;;;
81798;220645;;;
81798;220654;;;
81798;220682;;;
81799;160575;;;
81799;160601;;;
81799;204419;;;
81799;206018;;;
81799;220606;;;
81799;220654;;;
81799;220663;;;
81801;74171;;;
81801;104552;;;
81801;204378;;;
81801;204495;;;
81801;206018;;;
81801;220539;;;
81801;220554;;;
81801;220573;;;
81801;220591;;;
81801;220629;;;
81801;220640;;;
81801;220643;;;
81801;221148;;;
81801;235869;;;
81802;74371;;;
81802;74374;;;
81802;81055;;;
81802;141533;;;
81802;160518;;;
81802;160575;;;
81802;160598;;;
81802;204360;;;
81802;204540;;;
81802;206018;;;
81802;220534;;;
81802;220547;;;
81802;220584;;;
81802;220607;;;
81802;220646;;;
81802;220650;;;
81802;220663;;;
81802;220665;;;
81802;220676;;;
81802;220687;;;
81802;220688;;;
81802;220691;;;
81803;160161;;;
81803;160665;;;
81803;178964;;;
81803;204541;;;
81803;214694;;;
81803;220534;;;
81803;220549;;;
81803;220554;;;
81803;220571;;;
81803;220578;;;
81803;220641;;;
81803;220683;;;
81803;230768;;;
81813;73701;;;
81813;74084;;;
81813;74848;;;
81813;139285;;;
81813;160575;;;
81813;160976;;;
81813;206018;;;
81813;220553;;;
81813;220574;;;
81813;220598;;;
81813;220640;;;
81813;220704;;;
81813;221148;;;
81817;204387;;;
81817;220618;;;
81817;220621;;;
81817;220652;;;
81817;220666;;;
81823;74371;;;
81823;74374;;;
81823;81055;;;
81823;141533;;;
81823;160518;;;
81823;160598;;;
81823;204540;;;
81823;206018;;;
81823;220534;;;
81823;220547;;;
81823;220584;;;
81823;220607;;;
81823;220646;;;
81823;220650;;;
81823;220663;;;
81823;220665;;;
81823;220687;;;
81823;220688;;;
81823;220691;;;
81824;66828;;;
81824;72442;;;
81824;73778;;;
81824;74156;;;
81824;74856;;;
81824;104552;;;
81824;160512;;;
81824;160666;;;
81824;178884;;;
81824;198783;;;
81824;204355;;;
81824;204491;;;
81824;204557;;;
81824;204559;;;
81824;220529;;;
81824;220534;;;
81824;220571;;;
81824;220574;;;
81824;220584;;;
81824;220607;;;
81824;220640;;;
81824;220653;;;
81824;220658;;;
81824;220690;;;
81824;220714;;;
81824;221329;;;
81824;230767;;;
81826;66385;;;
81826;74171;;;
81826;74398;;;
81826;178970;;;
81826;204355;;;
81826;204360;;;
81826;204365;;;
81826;204368;;;
81826;204456;;;
81826;204485;;;
81826;204512;;;
81826;220538;;;
81826;220539;;;
81826;220543;;;
81826;220568;;;
81826;220574;;;
81826;220578;;;
81826;220581;;;
81826;220602;;;
81826;220606;;;
81826;220614;;;
81826;220654;;;
81826;220694;;;
81826;224333;;;
81827;123756;;;
81827;178871;;;
81827;204355;;;
81827;204387;;;
81827;204473;;;
81827;204520;;;
81827;204572;;;
81827;220526;;;
81827;220534;;;
81827;220538;;;
81827;220546;;;
81827;220547;;;
81827;220574;;;
81827;220583;;;
81827;220611;;;
81827;220618;;;
81827;220621;;;
81827;220630;;;
81827;220642;;;
81827;220652;;;
81827;220654;;;
81827;220657;;;
81827;220663;;;
81827;220666;;;
81827;220673;;;
81827;220690;;;
81827;220694;;;
81827;230767;;;
81828;66828;;;
81828;73778;;;
81828;74156;;;
81828;74253;;;
81828;143084;;;
81828;156190;;;
81828;160512;;;
81828;160758;;;
81828;178873;;;
81828;178934;;;
81828;178954;;;
81828;178964;;;
81828;204374;;;
81828;204396;;;
81828;204528;;;
81828;204559;;;
81828;214694;;;
81828;220549;;;
81828;220557;;;
81828;220602;;;
81828;220667;;;
81828;220685;;;
81829;72442;;;
81829;73692;;;
81829;74156;;;
81829;74161;;;
81829;74253;;;
81829;74374;;;
81829;74398;;;
81829;74554;;;
81829;74858;;;
81829;80815;;;
81829;104552;;;
81829;139285;;;
81829;141398;;;
81829;141431;;;
81829;141485;;;
81829;157130;;;
81829;160161;;;
81829;160512;;;
81829;178871;;;
81829;178884;;;
81829;178887;;;
81829;178929;;;
81829;198783;;;
81829;204365;;;
81829;204404;;;
81829;204406;;;
81829;204407;;;
81829;204441;;;
81829;204445;;;
81829;204453;;;
81829;204480;;;
81829;204485;;;
81829;204486;;;
81829;204501;;;
81829;204553;;;
81829;220548;;;
81829;220549;;;
81829;220550;;;
81829;220555;;;
81829;220557;;;
81829;220558;;;
81829;220559;;;
81829;220573;;;
81829;220586;;;
81829;220588;;;
81829;220603;;;
81829;220607;;;
81829;220614;;;
81829;220640;;;
81829;220645;;;
81829;220658;;;
81829;220713;;;
81829;221148;;;
81829;224333;;;
81829;230767;;;
81829;235088;;;
81829;235869;;;
81831;62881;;;
81831;66385;;;
81831;66828;;;
81831;69871;;;
81831;72442;;;
81831;73433;;;
81831;73441;;;
81831;73486;;;
81831;73579;;;
81831;73604;;;
81831;73701;;;
81831;73768;;;
81831;73778;;;
81831;73788;;;
81831;73801;;;
81831;73808;;;
81831;74041;;;
81831;74043;;;
81831;74044;;;
81831;74057;;;
81831;74060;;;
81831;74075;;;
81831;74079;;;
81831;74084;;;
81831;74090;;;
81831;74156;;;
81831;74158;;;
81831;74159;;;
81831;74160;;;
81831;74161;;;
81831;74171;;;
81831;74253;;;
81831;74262;;;
81831;74270;;;
81831;74273;;;
81831;74295;;;
81831;74317;;;
81831;74374;;;
81831;74376;;;
81831;74398;;;
81831;74400;;;
81831;74428;;;
81831;74454;;;
81831;74467;;;
81831;74478;;;
81831;74537;;;
81831;74554;;;
81831;74574;;;
81831;74585;;;
81831;74646;;;
81831;74784;;;
81831;74848;;;
81831;74856;;;
81831;74858;;;
81831;80815;;;
81831;81055;;;
81831;88256;;;
81831;91228;;;
81831;92102;;;
81831;92699;;;
81831;92776;;;
81831;98057;;;
81831;98148;;;
81831;98615;;;
81831;104552;;;
81831;107283;;;
81831;109429;;;
81831;121948;;;
81831;122158;;;
81831;122974;;;
81831;123086;;;
81831;123756;;;
81831;128760;;;
81831;133439;;;
81831;133810;;;
81831;136811;;;
81831;137070;;;
81831;139285;;;
81831;141391;;;
81831;141398;;;
81831;141408;;;
81831;141421;;;
81831;141431;;;
81831;141450;;;
81831;141456;;;
81831;141458;;;
81831;141459;;;
81831;141464;;;
81831;141485;;;
81831;141487;;;
81831;141488;;;
81831;141516;;;
81831;141518;;;
81831;141531;;;
81831;141533;;;
81831;141555;;;
81831;143084;;;
81831;143632;;;
81831;150418;;;
81831;153423;;;
81831;154178;;;
81831;156190;;;
81831;157130;;;
81831;160161;;;
81831;160508;;;
81831;160517;;;
81831;160518;;;
81831;160527;;;
81831;160535;;;
81831;160538;;;
81831;160545;;;
81831;160548;;;
81831;160552;;;
81831;160553;;;
81831;160556;;;
81831;160559;;;
81831;160561;;;
81831;160569;;;
81831;160575;;;
81831;160588;;;
81831;160591;;;
81831;160598;;;
81831;160599;;;
81831;160600;;;
81831;160601;;;
81831;160604;;;
81831;160610;;;
81831;160621;;;
81831;160629;;;
81831;160632;;;
81831;160635;;;
81831;160640;;;
81831;160641;;;
81831;160642;;;
81831;160665;;;
81831;160666;;;
81831;160673;;;
81831;160674;;;
81831;160758;;;
81831;160976;;;
81831;161440;;;
81831;161550;;;
81831;162067;;;
81831;162332;;;
81831;165470;;;
81831;166402;;;
81831;171617;;;
81831;171623;;;
81831;171786;;;
81831;175765;;;
81831;178829;;;
81831;178831;;;
81831;178832;;;
81831;178835;;;
81831;178843;;;
81831;178854;;;
81831;178857;;;
81831;178858;;;
81831;178860;;;
81831;178866;;;
81831;178871;;;
81831;178873;;;
81831;178876;;;
81831;178881;;;
81831;178882;;;
81831;178884;;;
81831;178887;;;
81831;178895;;;
81831;178896;;;
81831;178905;;;
81831;178908;;;
81831;178910;;;
81831;178927;;;
81831;178929;;;
81831;178931;;;
81831;178933;;;
81831;178934;;;
81831;178937;;;
81831;178945;;;
81831;178946;;;
81831;178947;;;
81831;178954;;;
81831;178962;;;
81831;178964;;;
81831;178966;;;
81831;178970;;;
81831;178972;;;
81831;178975;;;
81831;178983;;;
81831;178985;;;
81831;178986;;;
81831;178987;;;
81831;178989;;;
81831;178992;;;
81831;178993;;;
81831;178997;;;
81831;179000;;;
81831;179001;;;
81831;180214;;;
81831;188097;;;
81831;191923;;;
81831;198197;;;
81831;198783;;;
81831;204351;;;
81831;204353;;;
81831;204355;;;
81831;204356;;;
81831;204358;;;
81831;204360;;;
81831;204362;;;
81831;204364;;;
81831;204365;;;
81831;204367;;;
81831;204368;;;
81831;204372;;;
81831;204374;;;
81831;204378;;;
81831;204379;;;
81831;204387;;;
81831;204388;;;
81831;204390;;;
81831;204391;;;
81831;204394;;;
81831;204395;;;
81831;204398;;;
81831;204404;;;
81831;204406;;;
81831;204407;;;
81831;204408;;;
81831;204409;;;
81831;204410;;;
81831;204411;;;
81831;204412;;;
81831;204416;;;
81831;204419;;;
81831;204423;;;
81831;204425;;;
81831;204426;;;
81831;204427;;;
81831;204436;;;
81831;204441;;;
81831;204444;;;
81831;204445;;;
81831;204453;;;
81831;204455;;;
81831;204456;;;
81831;204457;;;
81831;204459;;;
81831;204460;;;
81831;204462;;;
81831;204464;;;
81831;204472;;;
81831;204473;;;
81831;204480;;;
81831;204481;;;
81831;204485;;;
81831;204486;;;
81831;204488;;;
81831;204489;;;
81831;204491;;;
81831;204492;;;
81831;204494;;;
81831;204495;;;
81831;204497;;;
81831;204501;;;
81831;204504;;;
81831;204506;;;
81831;204508;;;
81831;204512;;;
81831;204515;;;
81831;204517;;;
81831;204518;;;
81831;204520;;;
81831;204524;;;
81831;204525;;;
81831;204526;;;
81831;204528;;;
81831;204533;;;
81831;204534;;;
81831;204535;;;
81831;204536;;;
81831;204540;;;
81831;204541;;;
81831;204549;;;
81831;204553;;;
81831;204557;;;
81831;204558;;;
81831;204559;;;
81831;204570;;;
81831;204572;;;
81831;204574;;;
81831;205476;;;
81831;205550;;;
81831;206018;;;
81831;209189;;;
81831;209787;;;
81831;213762;;;
81831;214694;;;
81831;215043;;;
81831;220527;;;
81831;220528;;;
81831;220529;;;
81831;220530;;;
81831;220532;;;
81831;220533;;;
81831;220534;;;
81831;220536;;;
81831;220538;;;
81831;220539;;;
81831;220542;;;
81831;220543;;;
81831;220544;;;
81831;220545;;;
81831;220546;;;
81831;220547;;;
81831;220548;;;
81831;220549;;;
81831;220550;;;
81831;220551;;;
81831;220552;;;
81831;220553;;;
81831;220554;;;
81831;220555;;;
81831;220556;;;
81831;220557;;;
81831;220558;;;
81831;220559;;;
81831;220560;;;
81831;220561;;;
81831;220563;;;
81831;220565;;;
81831;220566;;;
81831;220567;;;
81831;220568;;;
81831;220569;;;
81831;220570;;;
81831;220571;;;
81831;220572;;;
81831;220574;;;
81831;220576;;;
81831;220578;;;
81831;220581;;;
81831;220582;;;
81831;220583;;;
81831;220584;;;
81831;220585;;;
81831;220586;;;
81831;220588;;;
81831;220589;;;
81831;220590;;;
81831;220591;;;
81831;220592;;;
81831;220594;;;
81831;220595;;;
81831;220597;;;
81831;220598;;;
81831;220599;;;
81831;220602;;;
81831;220603;;;
81831;220604;;;
81831;220605;;;
81831;220606;;;
81831;220607;;;
81831;220608;;;
81831;220609;;;
81831;220610;;;
81831;220611;;;
81831;220612;;;
81831;220613;;;
81831;220614;;;
81831;220616;;;
81831;220617;;;
81831;220618;;;
81831;220621;;;
81831;220622;;;
81831;220623;;;
81831;220624;;;
81831;220625;;;
81831;220628;;;
81831;220629;;;
81831;220630;;;
81831;220631;;;
81831;220632;;;
81831;220633;;;
81831;220635;;;
81831;220637;;;
81831;220638;;;
81831;220640;;;
81831;220641;;;
81831;220642;;;
81831;220643;;;
81831;220644;;;
81831;220645;;;
81831;220646;;;
81831;220647;;;
81831;220648;;;
81831;220649;;;
81831;220650;;;
81831;220651;;;
81831;220652;;;
81831;220653;;;
81831;220654;;;
81831;220655;;;
81831;220656;;;
81831;220657;;;
81831;220658;;;
81831;220660;;;
81831;220661;;;
81831;220662;;;
81831;220663;;;
81831;220664;;;
81831;220665;;;
81831;220666;;;
81831;220667;;;
81831;220668;;;
81831;220669;;;
81831;220670;;;
81831;220671;;;
81831;220672;;;
81831;220673;;;
81831;220675;;;
81831;220677;;;
81831;220681;;;
81831;220682;;;
81831;220683;;;
81831;220684;;;
81831;220686;;;
81831;220688;;;
81831;220690;;;
81831;220691;;;
81831;220693;;;
81831;220694;;;
81831;220695;;;
81831;220696;;;
81831;220697;;;
81831;220698;;;
81831;220699;;;
81831;220700;;;
81831;220701;;;
81831;220702;;;
81831;220703;;;
81831;220706;;;
81831;220707;;;
81831;220708;;;
81831;220712;;;
81831;220713;;;
81831;220714;;;
81831;221148;;;
81831;221328;;;
81831;221329;;;
81831;221338;;;
81831;224117;;;
81831;224333;;;
81831;226837;;;
81831;227310;;;
81831;227991;;;
81831;230765;;;
81831;230767;;;
81831;230768;;;
81831;230957;;;
81831;233592;;;
81831;233594;;;
81831;234673;;;
81831;234788;;;
81831;235088;;;
81831;235620;;;
81831;235712;;;
81831;235776;;;
81831;235800;;;
81831;235869;;;
81832;74057;;;
81832;133439;;;
81832;160575;;;
81832;204535;;;
81832;210989;;;
81832;220658;;;
81832;221338;;;
81832;235088;;;
81834;160552;;;
81834;220605;;;
81834;226837;;;
81836;73579;;;
81836;73692;;;
81836;123756;;;
81836;160599;;;
81836;178871;;;
81836;178881;;;
81836;191923;;;
81836;204355;;;
81836;204387;;;
81836;204416;;;
81836;204473;;;
81836;204501;;;
81836;204520;;;
81836;204536;;;
81836;204572;;;
81836;220526;;;
81836;220534;;;
81836;220538;;;
81836;220546;;;
81836;220547;;;
81836;220552;;;
81836;220568;;;
81836;220574;;;
81836;220583;;;
81836;220611;;;
81836;220618;;;
81836;220621;;;
81836;220625;;;
81836;220630;;;
81836;220642;;;
81836;220652;;;
81836;220654;;;
81836;220657;;;
81836;220663;;;
81836;220666;;;
81836;220667;;;
81836;220673;;;
81836;220690;;;
81836;220694;;;
81836;230767;;;
81838;72442;;;
81838;73441;;;
81838;74060;;;
81838;88256;;;
81838;141555;;;
81838;160512;;;
81838;162067;;;
81838;178986;;;
81838;178993;;;
81838;198197;;;
81838;204365;;;
81838;205476;;;
81838;205550;;;
81838;220534;;;
81838;220645;;;
81838;220653;;;
81838;220686;;;
81838;220712;;;
81841;74856;;;
81841;133439;;;
81841;160545;;;
81841;160598;;;
81841;178929;;;
81841;204351;;;
81841;204372;;;
81841;204455;;;
81841;204457;;;
81841;220605;;;
81841;220616;;;
81841;220649;;;
81841;226837;;;
81842;66385;;;
81842;74171;;;
81842;74398;;;
81842;156190;;;
81842;160758;;;
81842;178871;;;
81842;178947;;;
81842;178970;;;
81842;178997;;;
81842;204365;;;
81842;204368;;;
81842;204374;;;
81842;204408;;;
81842;204416;;;
81842;204455;;;
81842;204456;;;
81842;204460;;;
81842;204512;;;
81842;204528;;;
81842;204549;;;
81842;220538;;;
81842;220543;;;
81842;220547;;;
81842;220558;;;
81842;220568;;;
81842;220574;;;
81842;220578;;;
81842;220581;;;
81842;220583;;;
81842;220584;;;
81842;220598;;;
81842;220602;;;
81842;220606;;;
81842;220621;;;
81842;220622;;;
81842;220654;;;
81842;220655;;;
81842;220663;;;
81842;220673;;;
81842;220694;;;
81842;220699;;;
81842;220712;;;
81842;224333;;;
81842;227310;;;
81842;230767;;;
81842;235776;;;
81845;73579;;;
81845;73768;;;
81845;74317;;;
81845;74537;;;
81845;107970;;;
81845;121948;;;
81845;136811;;;
81845;141411;;;
81845;141431;;;
81845;141450;;;
81845;141459;;;
81845;153423;;;
81845;160512;;;
81845;160556;;;
81845;160559;;;
81845;160632;;;
81845;160758;;;
81845;161440;;;
81845;162332;;;
81845;178832;;;
81845;178871;;;
81845;178931;;;
81845;178954;;;
81845;178964;;;
81845;178993;;;
81845;204351;;;
81845;204378;;;
81845;204395;;;
81845;204404;;;
81845;204406;;;
81845;204449;;;
81845;204459;;;
81845;204472;;;
81845;204473;;;
81845;204557;;;
81845;220529;;;
81845;220530;;;
81845;220534;;;
81845;220538;;;
81845;220542;;;
81845;220546;;;
81845;220550;;;
81845;220552;;;
81845;220557;;;
81845;220571;;;
81845;220572;;;
81845;220581;;;
81845;220584;;;
81845;220592;;;
81845;220595;;;
81845;220597;;;
81845;220608;;;
81845;220620;;;
81845;220626;;;
81845;220631;;;
81845;220666;;;
81845;220671;;;
81845;220672;;;
81845;220684;;;
81845;220685;;;
81845;220687;;;
81845;220693;;;
81845;221328;;;
81845;224333;;;
81845;227991;;;
81845;230767;;;
81847;74784;;;
81847;92699;;;
81847;121948;;;
81847;141456;;;
81847;178884;;;
81847;178993;;;
81847;204464;;;
81847;209189;;;
81847;220563;;;
81847;220597;;;
81847;220607;;;
81847;220675;;;
81847;220677;;;
81847;226837;;;
81848;62881;;;
81848;74371;;;
81848;121948;;;
81848;141408;;;
81848;141411;;;
81848;141431;;;
81848;141450;;;
81848;141531;;;
81848;143632;;;
81848;160512;;;
81848;160556;;;
81848;160559;;;
81848;178871;;;
81848;178910;;;
81848;178993;;;
81848;198197;;;
81848;204358;;;
81848;204362;;;
81848;204378;;;
81848;204460;;;
81848;204492;;;
81848;204520;;;
81848;204557;;;
81848;220534;;;
81848;220581;;;
81848;220604;;;
81848;220605;;;
81848;220607;;;
81848;220611;;;
81848;220612;;;
81848;220658;;;
81848;220677;;;
81848;220691;;;
81848;221329;;;
81848;235869;;;
81850;74060;;;
81850;74156;;;
81850;80815;;;
81850;133439;;;
81850;141555;;;
81850;157130;;;
81850;160538;;;
81850;160575;;;
81850;160598;;;
81850;160641;;;
81850;175765;;;
81850;178946;;;
81850;178966;;;
81850;178993;;;
81850;204416;;;
81850;204425;;;
81850;204515;;;
81850;204572;;;
81850;220534;;;
81850;220554;;;
81850;220555;;;
81850;220604;;;
81850;220606;;;
81850;220607;;;
81850;220635;;;
81850;220645;;;
81850;220658;;;
81850;220662;;;
81850;220690;;;
81850;221148;;;
81853;73701;;;
81853;74856;;;
81853;104552;;;
81853;107970;;;
81853;160575;;;
81853;160598;;;
81853;178908;;;
81853;178929;;;
81853;180214;;;
81853;204407;;;
81853;204441;;;
81853;204462;;;
81853;204525;;;
81853;204535;;;
81853;206018;;;
81853;213762;;;
81853;220527;;;
81853;220543;;;
81853;220551;;;
81853;220559;;;
81853;220565;;;
81853;220569;;;
81853;220625;;;
81853;220642;;;
81853;220644;;;
81853;220645;;;
81853;220663;;;
81853;220668;;;
81853;220671;;;
81853;220695;;;
81853;221338;;;
81857;66828;;;
81857;73778;;;
81857;74090;;;
81857;74156;;;
81857;74317;;;
81857;74856;;;
81857;92699;;;
81857;104552;;;
81857;141408;;;
81857;141456;;;
81857;141464;;;
81857;141555;;;
81857;160161;;;
81857;160512;;;
81857;160556;;;
81857;178884;;;
81857;178993;;;
81857;188097;;;
81857;198783;;;
81857;204355;;;
81857;204396;;;
81857;204416;;;
81857;204480;;;
81857;204486;;;
81857;204491;;;
81857;204492;;;
81857;204501;;;
81857;204536;;;
81857;204540;;;
81857;204557;;;
81857;204559;;;
81857;220529;;;
81857;220534;;;
81857;220543;;;
81857;220548;;;
81857;220572;;;
81857;220574;;;
81857;220578;;;
81857;220584;;;
81857;220604;;;
81857;220607;;;
81857;220632;;;
81857;220648;;;
81857;220653;;;
81857;220672;;;
81857;220690;;;
81857;220691;;;
81857;220712;;;
81857;220714;;;
81857;221329;;;
81857;221338;;;
81857;230767;;;
81858;74585;;;
81858;198197;;;
81858;204525;;;
81858;220543;;;
81858;220612;;;
81858;220638;;;
81858;220650;;;
81861;98615;;;
81861;178929;;;
81861;204540;;;
81861;233592;;;
81862;74044;;;
81862;74057;;;
81862;74090;;;
81862;74160;;;
81862;74398;;;
81862;74467;;;
81862;98615;;;
81862;104552;;;
81862;109429;;;
81862;123086;;;
81862;123756;;;
81862;139285;;;
81862;141411;;;
81862;153423;;;
81862;157130;;;
81862;160569;;;
81862;160601;;;
81862;160604;;;
81862;178929;;;
81862;178946;;;
81862;178993;;;
81862;178997;;;
81862;191923;;;
81862;204360;;;
81862;204390;;;
81862;204407;;;
81862;204441;;;
81862;204445;;;
81862;204455;;;
81862;204464;;;
81862;204480;;;
81862;204528;;;
81862;204534;;;
81862;204535;;;
81862;204540;;;
81862;204557;;;
81862;204570;;;
81862;204572;;;
81862;209787;;;
81862;220533;;;
81862;220534;;;
81862;220540;;;
81862;220544;;;
81862;220551;;;
81862;220563;;;
81862;220582;;;
81862;220586;;;
81862;220598;;;
81862;220606;;;
81862;220609;;;
81862;220621;;;
81862;220622;;;
81862;220623;;;
81862;220629;;;
81862;220682;;;
81862;221338;;;
81862;233592;;;
81863;66385;;;
81863;66828;;;
81863;72442;;;
81863;73486;;;
81863;74161;;;
81863;74554;;;
81863;74856;;;
81863;91228;;;
81863;139285;;;
81863;141485;;;
81863;141488;;;
81863;141531;;;
81863;153423;;;
81863;157130;;;
81863;160512;;;
81863;160600;;;
81863;160601;;;
81863;178884;;;
81863;178905;;;
81863;178929;;;
81863;178943;;;
81863;178946;;;
81863;204460;;;
81863;204474;;;
81863;204512;;;
81863;204534;;;
81863;220529;;;
81863;220534;;;
81863;220543;;;
81863;220546;;;
81863;220547;;;
81863;220559;;;
81863;220583;;;
81863;220586;;;
81863;220595;;;
81863;220637;;;
81863;220649;;;
81863;220654;;;
81863;220658;;;
81863;220663;;;
81863;235088;;;
81864;73701;;;
81864;74084;;;
81864;139285;;;
81864;178866;;;
81864;178929;;;
81864;204374;;;
81864;204535;;;
81864;206018;;;
81864;220598;;;
81864;220615;;;
81864;220623;;;
81864;220640;;;
81864;220654;;;
81864;220699;;;
81864;221148;;;
81867;62881;;;
81867;66385;;;
81867;66828;;;
81867;69871;;;
81867;72442;;;
81867;73486;;;
81867;73768;;;
81867;74041;;;
81867;74075;;;
81867;74156;;;
81867;74161;;;
81867;74398;;;
81867;74554;;;
81867;74574;;;
81867;74856;;;
81867;91228;;;
81867;92102;;;
81867;98057;;;
81867;139285;;;
81867;141408;;;
81867;141450;;;
81867;141485;;;
81867;141488;;;
81867;141531;;;
81867;143632;;;
81867;153423;;;
81867;157130;;;
81867;160161;;;
81867;160512;;;
81867;160575;;;
81867;160600;;;
81867;160601;;;
81867;160642;;;
81867;160666;;;
81867;160758;;;
81867;178835;;;
81867;178860;;;
81867;178881;;;
81867;178884;;;
81867;178887;;;
81867;178905;;;
81867;178929;;;
81867;178934;;;
81867;178943;;;
81867;178946;;;
81867;178986;;;
81867;191923;;;
81867;204355;;;
81867;204367;;;
81867;204372;;;
81867;204374;;;
81867;204379;;;
81867;204398;;;
81867;204404;;;
81867;204460;;;
81867;204462;;;
81867;204472;;;
81867;204474;;;
81867;204485;;;
81867;204501;;;
81867;204512;;;
81867;204534;;;
81867;204535;;;
81867;204572;;;
81867;220529;;;
81867;220534;;;
81867;220539;;;
81867;220543;;;
81867;220546;;;
81867;220547;;;
81867;220555;;;
81867;220558;;;
81867;220559;;;
81867;220573;;;
81867;220576;;;
81867;220583;;;
81867;220585;;;
81867;220588;;;
81867;220594;;;
81867;220597;;;
81867;220599;;;
81867;220618;;;
81867;220626;;;
81867;220630;;;
81867;220637;;;
81867;220648;;;
81867;220654;;;
81867;220658;;;
81867;220668;;;
81867;220673;;;
81867;221338;;;
81867;235088;;;
81867;235776;;;
81868;62881;;;
81868;66385;;;
81868;66828;;;
81868;69871;;;
81868;72442;;;
81868;73486;;;
81868;73768;;;
81868;73801;;;
81868;74041;;;
81868;74057;;;
81868;74160;;;
81868;74398;;;
81868;74554;;;
81868;74856;;;
81868;91228;;;
81868;92102;;;
81868;139285;;;
81868;141408;;;
81868;141450;;;
81868;141485;;;
81868;141516;;;
81868;141531;;;
81868;143632;;;
81868;153423;;;
81868;157130;;;
81868;160512;;;
81868;160600;;;
81868;160601;;;
81868;160642;;;
81868;160758;;;
81868;178829;;;
81868;178860;;;
81868;178873;;;
81868;178881;;;
81868;178884;;;
81868;178887;;;
81868;178905;;;
81868;178908;;;
81868;178929;;;
81868;178934;;;
81868;178943;;;
81868;178946;;;
81868;178986;;;
81868;178987;;;
81868;191923;;;
81868;204355;;;
81868;204360;;;
81868;204367;;;
81868;204372;;;
81868;204374;;;
81868;204395;;;
81868;204398;;;
81868;204404;;;
81868;204460;;;
81868;204462;;;
81868;204472;;;
81868;204474;;;
81868;204485;;;
81868;204501;;;
81868;204512;;;
81868;204534;;;
81868;204535;;;
81868;204557;;;
81868;204572;;;
81868;209787;;;
81868;220529;;;
81868;220534;;;
81868;220539;;;
81868;220543;;;
81868;220546;;;
81868;220547;;;
81868;220555;;;
81868;220558;;;
81868;220559;;;
81868;220573;;;
81868;220576;;;
81868;220583;;;
81868;220585;;;
81868;220588;;;
81868;220590;;;
81868;220594;;;
81868;220595;;;
81868;220597;;;
81868;220599;;;
81868;220609;;;
81868;220614;;;
81868;220626;;;
81868;220630;;;
81868;220637;;;
81868;220649;;;
81868;220654;;;
81868;220658;;;
81868;220668;;;
81868;220684;;;
81868;220691;;;
81868;221328;;;
81868;221338;;;
81868;235088;;;
81868;235776;;;
81869;73701;;;
81869;74856;;;
81869;160561;;;
81869;178832;;;
81869;178945;;;
81869;180214;;;
81869;204351;;;
81869;204459;;;
81869;204462;;;
81869;220530;;;
81869;220534;;;
81869;220543;;;
81869;220545;;;
81869;220622;;;
81869;220635;;;
81869;220663;;;
81869;220665;;;
81869;220699;;;
81869;227310;;;
81870;73486;;;
81870;74156;;;
81870;74856;;;
81870;123756;;;
81870;191923;;;
81870;204387;;;
81870;204520;;;
81870;214694;;;
81870;220530;;;
81870;220538;;;
81870;220546;;;
81870;220547;;;
81870;220568;;;
81870;220574;;;
81870;220576;;;
81870;220583;;;
81870;220594;;;
81870;220621;;;
81870;220625;;;
81870;220630;;;
81870;220638;;;
81870;220642;;;
81870;220652;;;
81870;220654;;;
81870;220657;;;
81870;220666;;;
81870;220694;;;
81871;74374;;;
81871;74856;;;
81871;160518;;;
81871;160666;;;
81871;178929;;;
81871;178946;;;
81871;204360;;;
81871;204406;;;
81871;204540;;;
81871;213762;;;
81871;220534;;;
81871;220547;;;
81871;220557;;;
81871;220571;;;
81871;220617;;;
81871;220625;;;
81871;220648;;;
81871;220687;;;
81873;73778;;;
81873;74253;;;
81873;74537;;;
81873;178964;;;
81873;178992;;;
81873;220549;;;
81873;220658;;;
81874;66828;;;
81874;74156;;;
81874;81055;;;
81874;128760;;;
81874;141456;;;
81874;178857;;;
81874;178884;;;
81874;178993;;;
81874;204408;;;
81874;204480;;;
81874;204517;;;
81874;204520;;;
81874;204528;;;
81874;209787;;;
81874;220554;;;
81874;220578;;;
81874;220602;;;
81874;220614;;;
81874;220638;;;
81874;220653;;;
81874;220658;;;
81874;220682;;;
81874;221329;;;
81878;74374;;;
81878;74848;;;
81878;80815;;;
81878;143632;;;
81878;160512;;;
81878;160556;;;
81878;160635;;;
81878;175765;;;
81878;178876;;;
81878;178929;;;
81878;178931;;;
81878;191923;;;
81878;204351;;;
81878;204406;;;
81878;204412;;;
81878;204489;;;
81878;204528;;;
81878;204540;;;
81878;213762;;;
81878;220529;;;
81878;220534;;;
81878;220544;;;
81878;220545;;;
81878;220556;;;
81878;220570;;;
81878;220572;;;
81878;220582;;;
81878;220584;;;
81878;220614;;;
81878;220620;;;
81878;220626;;;
81878;220632;;;
81878;220644;;;
81878;220666;;;
81878;220674;;;
81878;220688;;;
81878;220698;;;
81878;227310;;;
81878;227991;;;
81878;230765;;;
81880;133439;;;
81880;141408;;;
81880;141431;;;
81880;141456;;;
81880;150418;;;
81880;160591;;;
81880;178866;;;
81880;180214;;;
81880;191923;;;
81880;204356;;;
81880;204372;;;
81880;204374;;;
81880;204394;;;
81880;204504;;;
81880;204511;;;
81880;204540;;;
81880;204572;;;
81880;220529;;;
81880;220534;;;
81880;220550;;;
81880;220551;;;
81880;220568;;;
81880;220603;;;
81880;220604;;;
81880;220653;;;
81880;220654;;;
81880;220662;;;
81880;220663;;;
81880;220685;;;
81880;230767;;;
81880;234673;;;
81880;235869;;;
81883;73692;;;
81883;74856;;;
81883;204528;;;
81883;220635;;;
81883;220698;;;
81883;220707;;;
81887;74156;;;
81887;74161;;;
81887;104552;;;
81887;123756;;;
81887;160601;;;
81887;178929;;;
81887;204441;;;
81887;204455;;;
81887;204540;;;
81887;220663;;;
81888;107970;;;
81888;141459;;;
81888;178871;;;
81888;198197;;;
81888;220530;;;
81888;220542;;;
81888;220546;;;
81888;220552;;;
81888;220571;;;
81888;220581;;;
81888;220608;;;
81888;220685;;;
81888;224333;;;
81889;74156;;;
81889;74856;;;
81889;133439;;;
81889;136811;;;
81889;160545;;;
81889;160552;;;
81889;160598;;;
81889;178929;;;
81889;204372;;;
81889;204410;;;
81889;204455;;;
81889;204494;;;
81889;204495;;;
81889;220537;;;
81889;220583;;;
81889;220604;;;
81889;220605;;;
81889;220622;;;
81889;220649;;;
81889;220661;;;
81889;220663;;;
81889;220693;;;
81889;226837;;;
81891;73486;;;
81891;73692;;;
81891;74156;;;
81891;74161;;;
81891;74253;;;
81891;74374;;;
81891;74398;;;
81891;74554;;;
81891;74574;;;
81891;74858;;;
81891;80815;;;
81891;104552;;;
81891;123086;;;
81891;139285;;;
81891;141398;;;
81891;141485;;;
81891;157130;;;
81891;160161;;;
81891;160512;;;
81891;160518;;;
81891;160592;;;
81891;178884;;;
81891;178887;;;
81891;178929;;;
81891;178946;;;
81891;198783;;;
81891;204365;;;
81891;204404;;;
81891;204406;;;
81891;204407;;;
81891;204445;;;
81891;204485;;;
81891;204486;;;
81891;204501;;;
81891;204528;;;
81891;204553;;;
81891;220534;;;
81891;220548;;;
81891;220550;;;
81891;220555;;;
81891;220557;;;
81891;220558;;;
81891;220559;;;
81891;220573;;;
81891;220586;;;
81891;220588;;;
81891;220603;;;
81891;220607;;;
81891;220645;;;
81891;220658;;;
81891;220686;;;
81891;220694;;;
81891;220713;;;
81891;221148;;;
81891;224333;;;
81891;230767;;;
81891;233592;;;
81891;235088;;;
81893;73701;;;
81893;74398;;;
81893;74856;;;
81893;104552;;;
81893;160575;;;
81893;160598;;;
81893;178908;;;
81893;178929;;;
81893;178966;;;
81893;180214;;;
81893;204407;;;
81893;204441;;;
81893;204462;;;
81893;204525;;;
81893;204535;;;
81893;206018;;;
81893;213762;;;
81893;220527;;;
81893;220549;;;
81893;220555;;;
81893;220559;;;
81893;220565;;;
81893;220622;;;
81893;220625;;;
81893;220637;;;
81893;220640;;;
81893;220645;;;
81893;220663;;;
81893;220671;;;
81893;221338;;;
81893;230765;;;
81894;74057;;;
81894;160598;;;
81894;178929;;;
81894;204464;;;
81894;204534;;;
81894;220559;;;
81894;220561;;;
81894;220622;;;
81894;220632;;;
81894;220665;;;
81894;220668;;;
81895;66828;;;
81895;73441;;;
81895;73768;;;
81895;73778;;;
81895;74090;;;
81895;74156;;;
81895;74273;;;
81895;74537;;;
81895;74554;;;
81895;74585;;;
81895;141555;;;
81895;156190;;;
81895;160548;;;
81895;160600;;;
81895;160601;;;
81895;160642;;;
81895;165470;;;
81895;178871;;;
81895;178876;;;
81895;178975;;;
81895;178993;;;
81895;191923;;;
81895;204378;;;
81895;204387;;;
81895;204394;;;
81895;204404;;;
81895;204444;;;
81895;204473;;;
81895;204501;;;
81895;204526;;;
81895;204535;;;
81895;205550;;;
81895;213762;;;
81895;220534;;;
81895;220566;;;
81895;220568;;;
81895;220574;;;
81895;220576;;;
81895;220583;;;
81895;220611;;;
81895;220637;;;
81895;220655;;;
81895;220664;;;
81895;220673;;;
81895;220712;;;
81895;221328;;;
81897;73486;;;
81897;74156;;;
81897;74161;;;
81897;74253;;;
81897;74374;;;
81897;74554;;;
81897;80815;;;
81897;104552;;;
81897;139285;;;
81897;141398;;;
81897;141431;;;
81897;141485;;;
81897;157130;;;
81897;160512;;;
81897;160518;;;
81897;160538;;;
81897;160592;;;
81897;160604;;;
81897;178884;;;
81897;178887;;;
81897;178929;;;
81897;204365;;;
81897;204404;;;
81897;204406;;;
81897;204407;;;
81897;204419;;;
81897;204441;;;
81897;204453;;;
81897;204501;;;
81897;220527;;;
81897;220534;;;
81897;220548;;;
81897;220549;;;
81897;220550;;;
81897;220555;;;
81897;220559;;;
81897;220573;;;
81897;220586;;;
81897;220602;;;
81897;220603;;;
81897;220607;;;
81897;220645;;;
81897;220653;;;
81897;220658;;;
81897;220663;;;
81897;220686;;;
81897;220694;;;
81897;220713;;;
81897;221148;;;
81897;224333;;;
81897;235088;;;
81898;74161;;;
81898;80815;;;
81898;204501;;;
81898;220555;;;
81899;72442;;;
81899;73692;;;
81899;74156;;;
81899;74161;;;
81899;74374;;;
81899;74398;;;
81899;74554;;;
81899;80815;;;
81899;104552;;;
81899;128760;;;
81899;139285;;;
81899;141431;;;
81899;141485;;;
81899;157130;;;
81899;162067;;;
81899;178884;;;
81899;178887;;;
81899;178929;;;
81899;198783;;;
81899;204365;;;
81899;204404;;;
81899;204406;;;
81899;204441;;;
81899;204445;;;
81899;204480;;;
81899;204485;;;
81899;204501;;;
81899;204528;;;
81899;204559;;;
81899;220549;;;
81899;220555;;;
81899;220557;;;
81899;220559;;;
81899;220602;;;
81899;220607;;;
81899;220645;;;
81899;220658;;;
81899;221148;;;
81899;230767;;;
81899;235088;;;
81900;62881;;;
81900;66385;;;
81900;66828;;;
81900;69871;;;
81900;72442;;;
81900;73433;;;
81900;73441;;;
81900;73486;;;
81900;73579;;;
81900;73604;;;
81900;73692;;;
81900;73701;;;
81900;73768;;;
81900;73778;;;
81900;73788;;;
81900;73801;;;
81900;73808;;;
81900;74041;;;
81900;74043;;;
81900;74044;;;
81900;74057;;;
81900;74060;;;
81900;74075;;;
81900;74084;;;
81900;74090;;;
81900;74156;;;
81900;74158;;;
81900;74159;;;
81900;74160;;;
81900;74171;;;
81900;74253;;;
81900;74262;;;
81900;74270;;;
81900;74273;;;
81900;74295;;;
81900;74317;;;
81900;74371;;;
81900;74374;;;
81900;74376;;;
81900;74398;;;
81900;74400;;;
81900;74428;;;
81900;74454;;;
81900;74467;;;
81900;74478;;;
81900;74537;;;
81900;74554;;;
81900;74574;;;
81900;74585;;;
81900;74646;;;
81900;74784;;;
81900;74848;;;
81900;74856;;;
81900;74858;;;
81900;80815;;;
81900;81055;;;
81900;88256;;;
81900;91228;;;
81900;92102;;;
81900;92699;;;
81900;92776;;;
81900;98057;;;
81900;98148;;;
81900;98615;;;
81900;104552;;;
81900;107283;;;
81900;107970;;;
81900;109429;;;
81900;121948;;;
81900;122158;;;
81900;122974;;;
81900;123086;;;
81900;123756;;;
81900;128760;;;
81900;133439;;;
81900;133810;;;
81900;136811;;;
81900;137070;;;
81900;139285;;;
81900;141391;;;
81900;141398;;;
81900;141408;;;
81900;141411;;;
81900;141421;;;
81900;141431;;;
81900;141450;;;
81900;141456;;;
81900;141458;;;
81900;141459;;;
81900;141464;;;
81900;141485;;;
81900;141487;;;
81900;141488;;;
81900;141516;;;
81900;141531;;;
81900;141533;;;
81900;141555;;;
81900;143084;;;
81900;143632;;;
81900;150418;;;
81900;153423;;;
81900;154178;;;
81900;156190;;;
81900;157130;;;
81900;160161;;;
81900;160508;;;
81900;160512;;;
81900;160517;;;
81900;160518;;;
81900;160527;;;
81900;160535;;;
81900;160538;;;
81900;160545;;;
81900;160548;;;
81900;160552;;;
81900;160553;;;
81900;160556;;;
81900;160558;;;
81900;160559;;;
81900;160561;;;
81900;160569;;;
81900;160575;;;
81900;160588;;;
81900;160591;;;
81900;160592;;;
81900;160598;;;
81900;160599;;;
81900;160600;;;
81900;160601;;;
81900;160610;;;
81900;160621;;;
81900;160629;;;
81900;160632;;;
81900;160635;;;
81900;160640;;;
81900;160641;;;
81900;160642;;;
81900;160665;;;
81900;160666;;;
81900;160673;;;
81900;160674;;;
81900;160758;;;
81900;160976;;;
81900;161440;;;
81900;161550;;;
81900;162067;;;
81900;162332;;;
81900;165470;;;
81900;166402;;;
81900;171617;;;
81900;171623;;;
81900;171786;;;
81900;175765;;;
81900;178829;;;
81900;178831;;;
81900;178832;;;
81900;178835;;;
81900;178843;;;
81900;178854;;;
81900;178857;;;
81900;178858;;;
81900;178860;;;
81900;178866;;;
81900;178871;;;
81900;178873;;;
81900;178876;;;
81900;178881;;;
81900;178882;;;
81900;178884;;;
81900;178886;;;
81900;178887;;;
81900;178895;;;
81900;178905;;;
81900;178908;;;
81900;178910;;;
81900;178927;;;
81900;178929;;;
81900;178931;;;
81900;178934;;;
81900;178937;;;
81900;178943;;;
81900;178945;;;
81900;178946;;;
81900;178947;;;
81900;178954;;;
81900;178962;;;
81900;178964;;;
81900;178966;;;
81900;178970;;;
81900;178975;;;
81900;178983;;;
81900;178985;;;
81900;178986;;;
81900;178987;;;
81900;178989;;;
81900;178992;;;
81900;178993;;;
81900;178997;;;
81900;179000;;;
81900;179001;;;
81900;180214;;;
81900;188097;;;
81900;191923;;;
81900;198197;;;
81900;198783;;;
81900;204351;;;
81900;204353;;;
81900;204355;;;
81900;204356;;;
81900;204358;;;
81900;204360;;;
81900;204361;;;
81900;204362;;;
81900;204364;;;
81900;204365;;;
81900;204367;;;
81900;204368;;;
81900;204372;;;
81900;204374;;;
81900;204378;;;
81900;204379;;;
81900;204387;;;
81900;204388;;;
81900;204390;;;
81900;204391;;;
81900;204394;;;
81900;204395;;;
81900;204396;;;
81900;204398;;;
81900;204404;;;
81900;204406;;;
81900;204407;;;
81900;204408;;;
81900;204409;;;
81900;204410;;;
81900;204411;;;
81900;204412;;;
81900;204416;;;
81900;204419;;;
81900;204423;;;
81900;204425;;;
81900;204426;;;
81900;204427;;;
81900;204431;;;
81900;204441;;;
81900;204444;;;
81900;204445;;;
81900;204449;;;
81900;204453;;;
81900;204455;;;
81900;204457;;;
81900;204459;;;
81900;204460;;;
81900;204462;;;
81900;204472;;;
81900;204473;;;
81900;204474;;;
81900;204479;;;
81900;204480;;;
81900;204481;;;
81900;204485;;;
81900;204486;;;
81900;204488;;;
81900;204489;;;
81900;204491;;;
81900;204492;;;
81900;204495;;;
81900;204496;;;
81900;204497;;;
81900;204498;;;
81900;204501;;;
81900;204504;;;
81900;204506;;;
81900;204508;;;
81900;204511;;;
81900;204512;;;
81900;204515;;;
81900;204517;;;
81900;204518;;;
81900;204520;;;
81900;204524;;;
81900;204525;;;
81900;204526;;;
81900;204528;;;
81900;204531;;;
81900;204533;;;
81900;204534;;;
81900;204535;;;
81900;204536;;;
81900;204539;;;
81900;204540;;;
81900;204541;;;
81900;204549;;;
81900;204550;;;
81900;204553;;;
81900;204557;;;
81900;204558;;;
81900;204559;;;
81900;204560;;;
81900;204570;;;
81900;204572;;;
81900;204574;;;
81900;205476;;;
81900;205550;;;
81900;206018;;;
81900;209189;;;
81900;209787;;;
81900;210989;;;
81900;213762;;;
81900;214694;;;
81900;215043;;;
81900;220526;;;
81900;220527;;;
81900;220528;;;
81900;220529;;;
81900;220530;;;
81900;220532;;;
81900;220533;;;
81900;220534;;;
81900;220536;;;
81900;220537;;;
81900;220538;;;
81900;220539;;;
81900;220542;;;
81900;220543;;;
81900;220544;;;
81900;220545;;;
81900;220546;;;
81900;220547;;;
81900;220548;;;
81900;220549;;;
81900;220550;;;
81900;220551;;;
81900;220552;;;
81900;220553;;;
81900;220554;;;
81900;220555;;;
81900;220556;;;
81900;220557;;;
81900;220558;;;
81900;220559;;;
81900;220561;;;
81900;220563;;;
81900;220565;;;
81900;220566;;;
81900;220567;;;
81900;220568;;;
81900;220569;;;
81900;220570;;;
81900;220571;;;
81900;220572;;;
81900;220573;;;
81900;220574;;;
81900;220576;;;
81900;220578;;;
81900;220581;;;
81900;220582;;;
81900;220583;;;
81900;220584;;;
81900;220585;;;
81900;220586;;;
81900;220588;;;
81900;220589;;;
81900;220590;;;
81900;220591;;;
81900;220592;;;
81900;220594;;;
81900;220595;;;
81900;220597;;;
81900;220598;;;
81900;220599;;;
81900;220602;;;
81900;220603;;;
81900;220604;;;
81900;220605;;;
81900;220606;;;
81900;220607;;;
81900;220608;;;
81900;220609;;;
81900;220610;;;
81900;220611;;;
81900;220612;;;
81900;220613;;;
81900;220614;;;
81900;220615;;;
81900;220616;;;
81900;220617;;;
81900;220618;;;
81900;220620;;;
81900;220621;;;
81900;220622;;;
81900;220623;;;
81900;220624;;;
81900;220625;;;
81900;220626;;;
81900;220628;;;
81900;220629;;;
81900;220630;;;
81900;220632;;;
81900;220633;;;
81900;220635;;;
81900;220637;;;
81900;220638;;;
81900;220640;;;
81900;220641;;;
81900;220642;;;
81900;220643;;;
81900;220644;;;
81900;220645;;;
81900;220646;;;
81900;220647;;;
81900;220648;;;
81900;220649;;;
81900;220650;;;
81900;220651;;;
81900;220652;;;
81900;220653;;;
81900;220654;;;
81900;220655;;;
81900;220656;;;
81900;220657;;;
81900;220658;;;
81900;220660;;;
81900;220661;;;
81900;220662;;;
81900;220663;;;
81900;220664;;;
81900;220665;;;
81900;220666;;;
81900;220667;;;
81900;220668;;;
81900;220670;;;
81900;220671;;;
81900;220672;;;
81900;220673;;;
81900;220674;;;
81900;220675;;;
81900;220677;;;
81900;220681;;;
81900;220682;;;
81900;220683;;;
81900;220684;;;
81900;220685;;;
81900;220686;;;
81900;220687;;;
81900;220688;;;
81900;220690;;;
81900;220691;;;
81900;220692;;;
81900;220693;;;
81900;220694;;;
81900;220695;;;
81900;220696;;;
81900;220697;;;
81900;220698;;;
81900;220699;;;
81900;220700;;;
81900;220701;;;
81900;220702;;;
81900;220703;;;
81900;220706;;;
81900;220708;;;
81900;220712;;;
81900;220713;;;
81900;220714;;;
81900;220715;;;
81900;221148;;;
81900;221328;;;
81900;221329;;;
81900;221338;;;
81900;224117;;;
81900;224333;;;
81900;226837;;;
81900;227310;;;
81900;227991;;;
81900;230765;;;
81900;230767;;;
81900;230768;;;
81900;230957;;;
81900;233592;;;
81900;233594;;;
81900;234673;;;
81900;235088;;;
81900;235620;;;
81900;235712;;;
81900;235776;;;
81900;235800;;;
81900;235869;;;
81901;62881;;;
81901;66385;;;
81901;66828;;;
81901;69871;;;
81901;72442;;;
81901;73433;;;
81901;73441;;;
81901;73486;;;
81901;73579;;;
81901;73604;;;
81901;73692;;;
81901;73701;;;
81901;73768;;;
81901;73778;;;
81901;73788;;;
81901;73801;;;
81901;73808;;;
81901;74041;;;
81901;74043;;;
81901;74044;;;
81901;74057;;;
81901;74060;;;
81901;74075;;;
81901;74084;;;
81901;74090;;;
81901;74156;;;
81901;74158;;;
81901;74159;;;
81901;74160;;;
81901;74161;;;
81901;74171;;;
81901;74253;;;
81901;74262;;;
81901;74270;;;
81901;74273;;;
81901;74295;;;
81901;74317;;;
81901;74371;;;
81901;74374;;;
81901;74376;;;
81901;74398;;;
81901;74400;;;
81901;74428;;;
81901;74454;;;
81901;74467;;;
81901;74478;;;
81901;74537;;;
81901;74554;;;
81901;74574;;;
81901;74585;;;
81901;74646;;;
81901;74784;;;
81901;74848;;;
81901;74856;;;
81901;74858;;;
81901;80815;;;
81901;81055;;;
81901;88256;;;
81901;91228;;;
81901;92699;;;
81901;92776;;;
81901;98057;;;
81901;98148;;;
81901;98615;;;
81901;104552;;;
81901;107283;;;
81901;107970;;;
81901;109429;;;
81901;121948;;;
81901;122158;;;
81901;122974;;;
81901;123086;;;
81901;123756;;;
81901;128760;;;
81901;133439;;;
81901;133810;;;
81901;136811;;;
81901;137070;;;
81901;139285;;;
81901;141391;;;
81901;141398;;;
81901;141408;;;
81901;141411;;;
81901;141421;;;
81901;141431;;;
81901;141450;;;
81901;141456;;;
81901;141458;;;
81901;141459;;;
81901;141464;;;
81901;141485;;;
81901;141487;;;
81901;141488;;;
81901;141516;;;
81901;141531;;;
81901;141533;;;
81901;141555;;;
81901;143084;;;
81901;143632;;;
81901;150418;;;
81901;153423;;;
81901;154178;;;
81901;156190;;;
81901;157130;;;
81901;160161;;;
81901;160508;;;
81901;160517;;;
81901;160518;;;
81901;160527;;;
81901;160535;;;
81901;160538;;;
81901;160545;;;
81901;160548;;;
81901;160552;;;
81901;160553;;;
81901;160556;;;
81901;160558;;;
81901;160559;;;
81901;160561;;;
81901;160569;;;
81901;160575;;;
81901;160588;;;
81901;160591;;;
81901;160592;;;
81901;160598;;;
81901;160599;;;
81901;160600;;;
81901;160601;;;
81901;160604;;;
81901;160610;;;
81901;160621;;;
81901;160629;;;
81901;160632;;;
81901;160635;;;
81901;160640;;;
81901;160641;;;
81901;160642;;;
81901;160665;;;
81901;160666;;;
81901;160673;;;
81901;160674;;;
81901;160758;;;
81901;160976;;;
81901;161440;;;
81901;161550;;;
81901;162067;;;
81901;162332;;;
81901;165470;;;
81901;166402;;;
81901;171617;;;
81901;171623;;;
81901;171786;;;
81901;175765;;;
81901;178829;;;
81901;178831;;;
81901;178832;;;
81901;178835;;;
81901;178843;;;
81901;178854;;;
81901;178857;;;
81901;178858;;;
81901;178860;;;
81901;178866;;;
81901;178871;;;
81901;178873;;;
81901;178876;;;
81901;178881;;;
81901;178882;;;
81901;178884;;;
81901;178886;;;
81901;178887;;;
81901;178895;;;
81901;178896;;;
81901;178905;;;
81901;178908;;;
81901;178910;;;
81901;178927;;;
81901;178929;;;
81901;178931;;;
81901;178933;;;
81901;178934;;;
81901;178937;;;
81901;178943;;;
81901;178945;;;
81901;178946;;;
81901;178947;;;
81901;178954;;;
81901;178962;;;
81901;178964;;;
81901;178966;;;
81901;178970;;;
81901;178972;;;
81901;178975;;;
81901;178983;;;
81901;178985;;;
81901;178986;;;
81901;178987;;;
81901;178989;;;
81901;178992;;;
81901;178993;;;
81901;178997;;;
81901;179000;;;
81901;179001;;;
81901;180214;;;
81901;188097;;;
81901;191923;;;
81901;198197;;;
81901;198783;;;
81901;204351;;;
81901;204353;;;
81901;204355;;;
81901;204356;;;
81901;204358;;;
81901;204360;;;
81901;204361;;;
81901;204362;;;
81901;204364;;;
81901;204365;;;
81901;204367;;;
81901;204368;;;
81901;204372;;;
81901;204374;;;
81901;204378;;;
81901;204379;;;
81901;204387;;;
81901;204388;;;
81901;204390;;;
81901;204391;;;
81901;204394;;;
81901;204395;;;
81901;204396;;;
81901;204398;;;
81901;204404;;;
81901;204406;;;
81901;204407;;;
81901;204408;;;
81901;204409;;;
81901;204410;;;
81901;204412;;;
81901;204416;;;
81901;204419;;;
81901;204423;;;
81901;204425;;;
81901;204426;;;
81901;204427;;;
81901;204431;;;
81901;204441;;;
81901;204445;;;
81901;204449;;;
81901;204453;;;
81901;204455;;;
81901;204456;;;
81901;204457;;;
81901;204459;;;
81901;204460;;;
81901;204462;;;
81901;204464;;;
81901;204472;;;
81901;204473;;;
81901;204474;;;
81901;204479;;;
81901;204480;;;
81901;204481;;;
81901;204485;;;
81901;204486;;;
81901;204488;;;
81901;204489;;;
81901;204491;;;
81901;204492;;;
81901;204494;;;
81901;204495;;;
81901;204496;;;
81901;204497;;;
81901;204498;;;
81901;204501;;;
81901;204504;;;
81901;204506;;;
81901;204508;;;
81901;204511;;;
81901;204512;;;
81901;204515;;;
81901;204517;;;
81901;204518;;;
81901;204520;;;
81901;204524;;;
81901;204525;;;
81901;204526;;;
81901;204528;;;
81901;204533;;;
81901;204534;;;
81901;204535;;;
81901;204536;;;
81901;204539;;;
81901;204540;;;
81901;204541;;;
81901;204549;;;
81901;204550;;;
81901;204553;;;
81901;204557;;;
81901;204558;;;
81901;204559;;;
81901;204570;;;
81901;204572;;;
81901;204574;;;
81901;205476;;;
81901;205550;;;
81901;206018;;;
81901;209189;;;
81901;210989;;;
81901;213762;;;
81901;214694;;;
81901;215043;;;
81901;220526;;;
81901;220527;;;
81901;220528;;;
81901;220529;;;
81901;220530;;;
81901;220532;;;
81901;220533;;;
81901;220534;;;
81901;220536;;;
81901;220537;;;
81901;220538;;;
81901;220539;;;
81901;220540;;;
81901;220542;;;
81901;220543;;;
81901;220544;;;
81901;220545;;;
81901;220546;;;
81901;220548;;;
81901;220549;;;
81901;220550;;;
81901;220551;;;
81901;220552;;;
81901;220553;;;
81901;220554;;;
81901;220555;;;
81901;220556;;;
81901;220557;;;
81901;220558;;;
81901;220559;;;
81901;220561;;;
81901;220563;;;
81901;220565;;;
81901;220566;;;
81901;220567;;;
81901;220568;;;
81901;220569;;;
81901;220570;;;
81901;220571;;;
81901;220572;;;
81901;220573;;;
81901;220574;;;
81901;220576;;;
81901;220578;;;
81901;220581;;;
81901;220582;;;
81901;220583;;;
81901;220584;;;
81901;220585;;;
81901;220586;;;
81901;220588;;;
81901;220589;;;
81901;220590;;;
81901;220591;;;
81901;220592;;;
81901;220595;;;
81901;220597;;;
81901;220598;;;
81901;220599;;;
81901;220602;;;
81901;220603;;;
81901;220604;;;
81901;220605;;;
81901;220606;;;
81901;220607;;;
81901;220608;;;
81901;220609;;;
81901;220610;;;
81901;220611;;;
81901;220612;;;
81901;220614;;;
81901;220615;;;
81901;220616;;;
81901;220617;;;
81901;220618;;;
81901;220620;;;
81901;220621;;;
81901;220622;;;
81901;220623;;;
81901;220624;;;
81901;220625;;;
81901;220626;;;
81901;220628;;;
81901;220629;;;
81901;220630;;;
81901;220631;;;
81901;220632;;;
81901;220633;;;
81901;220635;;;
81901;220637;;;
81901;220638;;;
81901;220640;;;
81901;220641;;;
81901;220642;;;
81901;220643;;;
81901;220644;;;
81901;220645;;;
81901;220646;;;
81901;220647;;;
81901;220648;;;
81901;220649;;;
81901;220650;;;
81901;220651;;;
81901;220652;;;
81901;220653;;;
81901;220654;;;
81901;220655;;;
81901;220656;;;
81901;220657;;;
81901;220658;;;
81901;220660;;;
81901;220661;;;
81901;220662;;;
81901;220663;;;
81901;220664;;;
81901;220665;;;
81901;220666;;;
81901;220667;;;
81901;220668;;;
81901;220669;;;
81901;220670;;;
81901;220671;;;
81901;220672;;;
81901;220673;;;
81901;220674;;;
81901;220675;;;
81901;220677;;;
81901;220681;;;
81901;220682;;;
81901;220683;;;
81901;220684;;;
81901;220685;;;
81901;220686;;;
81901;220687;;;
81901;220688;;;
81901;220690;;;
81901;220691;;;
81901;220692;;;
81901;220693;;;
81901;220694;;;
81901;220696;;;
81901;220698;;;
81901;220699;;;
81901;220700;;;
81901;220701;;;
81901;220702;;;
81901;220703;;;
81901;220706;;;
81901;220708;;;
81901;220712;;;
81901;220713;;;
81901;220714;;;
81901;220715;;;
81901;221148;;;
81901;221328;;;
81901;221329;;;
81901;221338;;;
81901;224117;;;
81901;224333;;;
81901;225846;;;
81901;226837;;;
81901;227310;;;
81901;227991;;;
81901;230765;;;
81901;230767;;;
81901;230768;;;
81901;230957;;;
81901;233592;;;
81901;233594;;;
81901;234673;;;
81901;235088;;;
81901;235620;;;
81901;235712;;;
81901;235776;;;
81901;235800;;;
81901;235869;;;
81904;74090;;;
81904;109429;;;
81904;128760;;;
81904;141459;;;
81904;160512;;;
81904;178993;;;
81904;178997;;;
81904;204360;;;
81904;204489;;;
81904;204492;;;
81904;204512;;;
81904;220529;;;
81904;220571;;;
81904;220631;;;
81904;220667;;;
81904;220712;;;
81904;220715;;;
81906;74041;;;
81906;74057;;;
81906;74784;;;
81906;160556;;;
81906;160575;;;
81906;160601;;;
81906;178966;;;
81906;180214;;;
81906;204441;;;
81906;204464;;;
81906;206018;;;
81906;220530;;;
81906;220555;;;
81906;220598;;;
81906;220606;;;
81906;220615;;;
81906;220623;;;
81906;220645;;;
81906;220654;;;
81906;220667;;;
81906;220682;;;
81907;81055;;;
81907;141456;;;
81907;178857;;;
81907;178871;;;
81907;204408;;;
81907;204520;;;
81907;204540;;;
81907;220534;;;
81907;220554;;;
81907;220578;;;
81907;220614;;;
81907;220638;;;
81911;73701;;;
81911;74084;;;
81911;157130;;;
81911;160575;;;
81911;178866;;;
81911;178929;;;
81911;204374;;;
81911;204535;;;
81911;220539;;;
81911;220598;;;
81911;220640;;;
81911;220654;;;
81911;220663;;;
81911;221148;;;
81912;73579;;;
81912;123756;;;
81912;178871;;;
81912;204355;;;
81912;204387;;;
81912;204416;;;
81912;204473;;;
81912;204520;;;
81912;204572;;;
81912;220526;;;
81912;220534;;;
81912;220538;;;
81912;220546;;;
81912;220547;;;
81912;220574;;;
81912;220583;;;
81912;220611;;;
81912;220618;;;
81912;220621;;;
81912;220630;;;
81912;220642;;;
81912;220652;;;
81912;220654;;;
81912;220657;;;
81912;220663;;;
81912;220666;;;
81912;220673;;;
81912;220690;;;
81912;220694;;;
81912;230767;;;
81915;74057;;;
81915;91228;;;
81915;133439;;;
81915;141459;;;
81915;204407;;;
81915;204535;;;
81915;204536;;;
81915;204553;;;
81915;220533;;;
81915;220534;;;
81915;220543;;;
81915;220606;;;
81915;220625;;;
81915;220663;;;
81915;220690;;;
81915;221338;;;
81915;233592;;;
81919;72442;;;
81919;74585;;;
81919;88256;;;
81919;160512;;;
81919;204365;;;
81919;204409;;;
81919;204494;;;
81919;205550;;;
81919;220534;;;
81919;220645;;;
81919;220653;;;
81920;141408;;;
81920;204520;;;
81920;220605;;;
81920;221329;;;
81921;160601;;;
81921;220555;;;
81921;220598;;;
81921;220606;;;
81921;220654;;;
81922;73701;;;
81922;74398;;;
81922;74856;;;
81922;104552;;;
81922;160598;;;
81922;178908;;;
81922;178929;;;
81922;178966;;;
81922;204441;;;
81922;204462;;;
81922;204525;;;
81922;204535;;;
81922;206018;;;
81922;213762;;;
81922;220555;;;
81922;220622;;;
81922;220625;;;
81922;220637;;;
81922;220640;;;
81922;220645;;;
81922;220671;;;
81922;221338;;;
81922;230765;;;
81923;178857;;;
81923;220554;;;
81924;74585;;;
81924;74784;;;
81924;160575;;;
81924;178970;;;
81924;204407;;;
81924;204494;;;
81924;204518;;;
81924;204535;;;
81924;209189;;;
81924;220632;;;
81924;220663;;;
81924;220701;;;
81925;178857;;;
81925;220554;;;
81926;74041;;;
81926;74371;;;
81926;74374;;;
81926;74398;;;
81926;74585;;;
81926;160518;;;
81926;160598;;;
81926;178829;;;
81926;178832;;;
81926;204459;;;
81926;205550;;;
81926;220540;;;
81926;220571;;;
81926;220604;;;
81926;220606;;;
81926;220622;;;
81926;220699;;;
81926;221329;;;
81927;162332;;;
81927;220684;;;
81929;72442;;;
81929;74161;;;
81929;74376;;;
81929;98057;;;
81929;123756;;;
81929;162332;;;
81929;178993;;;
81929;204498;;;
81929;204528;;;
81929;204559;;;
81929;220529;;;
81929;220549;;;
81929;220552;;;
81929;220553;;;
81929;220635;;;
81929;220658;;;
81929;220663;;;
81929;220697;;;
81929;220698;;;
81929;230767;;;
81931;74585;;;
81931;74856;;;
81931;178993;;;
81931;214694;;;
81931;220635;;;
81931;220663;;;
81931;220699;;;
81933;220666;;;
81936;73579;;;
81936;73768;;;
81936;74317;;;
81936;74537;;;
81936;107970;;;
81936;121948;;;
81936;136811;;;
81936;141411;;;
81936;141431;;;
81936;141450;;;
81936;141459;;;
81936;153423;;;
81936;160512;;;
81936;160632;;;
81936;160758;;;
81936;161440;;;
81936;162332;;;
81936;178832;;;
81936;178871;;;
81936;178954;;;
81936;178964;;;
81936;178993;;;
81936;204351;;;
81936;204395;;;
81936;204404;;;
81936;204406;;;
81936;204449;;;
81936;204472;;;
81936;204473;;;
81936;204557;;;
81936;220529;;;
81936;220530;;;
81936;220534;;;
81936;220538;;;
81936;220542;;;
81936;220546;;;
81936;220552;;;
81936;220557;;;
81936;220571;;;
81936;220572;;;
81936;220581;;;
81936;220584;;;
81936;220592;;;
81936;220595;;;
81936;220597;;;
81936;220608;;;
81936;220626;;;
81936;220631;;;
81936;220666;;;
81936;220671;;;
81936;220672;;;
81936;220684;;;
81936;220685;;;
81936;220687;;;
81936;220693;;;
81936;221328;;;
81936;224333;;;
81936;227991;;;
81936;230767;;;
81939;66385;;;
81939;69871;;;
81939;72442;;;
81939;74084;;;
81939;74467;;;
81939;107970;;;
81939;133439;;;
81939;204408;;;
81939;204409;;;
81939;213762;;;
81939;214694;;;
81939;220534;;;
81939;220557;;;
81939;220595;;;
81939;220624;;;
81939;220654;;;
81939;221329;;;
81942;107970;;;
81942;133439;;;
81942;213762;;;
81942;220557;;;
81945;73692;;;
81945;73768;;;
81945;123756;;;
81945;141450;;;
81945;160545;;;
81945;178881;;;
81945;204355;;;
81945;204387;;;
81945;204520;;;
81945;204572;;;
81945;220530;;;
81945;220546;;;
81945;220547;;;
81945;220574;;;
81945;220583;;;
81945;220621;;;
81945;220625;;;
81945;220642;;;
81945;220652;;;
81945;220654;;;
81945;220657;;;
81945;220663;;;
81945;220666;;;
81945;220673;;;
81945;220690;;;
81945;230767;;;
81946;74374;;;
81946;88256;;;
81946;160518;;;
81946;160591;;;
81946;175765;;;
81946;178857;;;
81946;178876;;;
81946;204412;;;
81946;204528;;;
81946;204540;;;
81946;210989;;;
81946;213762;;;
81946;220544;;;
81946;220556;;;
81946;220574;;;
81946;220613;;;
81946;220626;;;
81946;220640;;;
81946;220663;;;
81946;220674;;;
81946;220698;;;
81946;221329;;;
81946;234788;;;
81947;72442;;;
81947;123756;;;
81948;74156;;;
81948;178966;;;
81948;204488;;;
81948;220546;;;
81948;220574;;;
81948;220623;;;
81948;220635;;;
81948;220701;;;
81950;104552;;;
81950;178986;;;
81950;204378;;;
81950;204535;;;
81950;220529;;;
81950;220546;;;
81950;220623;;;
81950;220637;;;
81950;220663;;;
81950;220701;;;
81950;220715;;;
81952;74156;;;
81952;74171;;;
81952;98148;;;
81952;104552;;;
81952;160632;;;
81952;161440;;;
81952;178986;;;
81952;204445;;;
81952;204488;;;
81952;204517;;;
81952;204534;;;
81952;204535;;;
81952;206018;;;
81952;220529;;;
81952;220546;;;
81952;220623;;;
81952;220635;;;
81952;220637;;;
81952;220663;;;
81952;220701;;;
81952;235776;;;
81953;74371;;;
81953;74374;;;
81953;81055;;;
81953;141533;;;
81953;160518;;;
81953;178946;;;
81953;204360;;;
81953;204540;;;
81953;220547;;;
81953;220557;;;
81953;220584;;;
81953;220597;;;
81953;220607;;;
81953;220650;;;
81953;220665;;;
81953;220674;;;
81953;220676;;;
81953;220688;;;
81953;220691;;;
81955;74057;;;
81955;74161;;;
81955;74398;;;
81955;74467;;;
81955;74554;;;
81955;98615;;;
81955;104552;;;
81955;109429;;;
81955;123086;;;
81955;123756;;;
81955;139285;;;
81955;141411;;;
81955;160601;;;
81955;178929;;;
81955;178946;;;
81955;178993;;;
81955;178997;;;
81955;191923;;;
81955;204360;;;
81955;204407;;;
81955;204410;;;
81955;204441;;;
81955;204445;;;
81955;204455;;;
81955;204462;;;
81955;204480;;;
81955;204528;;;
81955;204533;;;
81955;204534;;;
81955;204535;;;
81955;204540;;;
81955;204557;;;
81955;204570;;;
81955;204572;;;
81955;209787;;;
81955;220533;;;
81955;220540;;;
81955;220551;;;
81955;220563;;;
81955;220582;;;
81955;220586;;;
81955;220598;;;
81955;220607;;;
81955;220609;;;
81955;220622;;;
81955;220623;;;
81955;220629;;;
81955;220632;;;
81955;220663;;;
81955;220670;;;
81955;220704;;;
81955;221338;;;
81955;233592;;;
81956;73692;;;
81956;74585;;;
81956;123756;;;
81956;160642;;;
81956;178871;;;
81956;191923;;;
81956;204355;;;
81956;204387;;;
81956;204416;;;
81956;204473;;;
81956;204479;;;
81956;204494;;;
81956;204520;;;
81956;204572;;;
81956;220530;;;
81956;220534;;;
81956;220538;;;
81956;220546;;;
81956;220547;;;
81956;220552;;;
81956;220568;;;
81956;220574;;;
81956;220576;;;
81956;220583;;;
81956;220590;;;
81956;220594;;;
81956;220611;;;
81956;220613;;;
81956;220618;;;
81956;220621;;;
81956;220649;;;
81956;220652;;;
81956;220654;;;
81956;220657;;;
81956;220663;;;
81956;220666;;;
81956;220673;;;
81956;220690;;;
81956;220701;;;
81956;230767;;;
81956;234788;;;
81958;66828;;;
81958;73778;;;
81958;74156;;;
81958;74317;;;
81958;74856;;;
81958;92699;;;
81958;104552;;;
81958;141555;;;
81958;160556;;;
81958;178858;;;
81958;178884;;;
81958;178993;;;
81958;188097;;;
81958;198783;;;
81958;204355;;;
81958;204396;;;
81958;204416;;;
81958;204491;;;
81958;204492;;;
81958;204501;;;
81958;204517;;;
81958;204536;;;
81958;204540;;;
81958;204557;;;
81958;204559;;;
81958;220529;;;
81958;220574;;;
81958;220576;;;
81958;220578;;;
81958;220584;;;
81958;220604;;;
81958;220607;;;
81958;220632;;;
81958;220653;;;
81958;220663;;;
81958;220671;;;
81958;220714;;;
81958;221329;;;
81958;230767;;;
81959;73778;;;
81959;74156;;;
81959;156190;;;
81959;160559;;;
81959;160758;;;
81959;178884;;;
81959;178934;;;
81959;178954;;;
81959;178964;;;
81959;204374;;;
81959;204396;;;
81959;204528;;;
81959;204559;;;
81959;214694;;;
81959;220549;;;
81959;220578;;;
81959;220604;;;
81959;220606;;;
81959;220658;;;
81959;220662;;;
81959;220683;;;
81959;220685;;;
81959;221329;;;
81961;73433;;;
81961;160538;;;
81961;160642;;;
81961;178964;;;
81962;62881;;;
81962;66385;;;
81962;66828;;;
81962;69871;;;
81962;72442;;;
81962;73433;;;
81962;73441;;;
81962;73486;;;
81962;73579;;;
81962;73604;;;
81962;73692;;;
81962;73701;;;
81962;73768;;;
81962;73778;;;
81962;73788;;;
81962;73801;;;
81962;73808;;;
81962;74041;;;
81962;74043;;;
81962;74044;;;
81962;74057;;;
81962;74060;;;
81962;74075;;;
81962;74079;;;
81962;74084;;;
81962;74090;;;
81962;74156;;;
81962;74158;;;
81962;74159;;;
81962;74160;;;
81962;74161;;;
81962;74171;;;
81962;74253;;;
81962;74262;;;
81962;74270;;;
81962;74273;;;
81962;74295;;;
81962;74317;;;
81962;74371;;;
81962;74374;;;
81962;74376;;;
81962;74398;;;
81962;74400;;;
81962;74428;;;
81962;74454;;;
81962;74467;;;
81962;74478;;;
81962;74537;;;
81962;74554;;;
81962;74574;;;
81962;74585;;;
81962;74646;;;
81962;74784;;;
81962;74848;;;
81962;74856;;;
81962;74858;;;
81962;80815;;;
81962;81055;;;
81962;88256;;;
81962;91228;;;
81962;92102;;;
81962;92699;;;
81962;92776;;;
81962;98057;;;
81962;98148;;;
81962;98615;;;
81962;104552;;;
81962;107283;;;
81962;107970;;;
81962;109429;;;
81962;121948;;;
81962;122158;;;
81962;122974;;;
81962;123086;;;
81962;123756;;;
81962;128760;;;
81962;133439;;;
81962;133810;;;
81962;136811;;;
81962;137070;;;
81962;139285;;;
81962;141391;;;
81962;141398;;;
81962;141408;;;
81962;141411;;;
81962;141421;;;
81962;141431;;;
81962;141450;;;
81962;141456;;;
81962;141458;;;
81962;141459;;;
81962;141464;;;
81962;141485;;;
81962;141487;;;
81962;141488;;;
81962;141516;;;
81962;141518;;;
81962;141531;;;
81962;141533;;;
81962;141555;;;
81962;143084;;;
81962;143632;;;
81962;150418;;;
81962;153423;;;
81962;154178;;;
81962;156190;;;
81962;157130;;;
81962;160161;;;
81962;160508;;;
81962;160512;;;
81962;160517;;;
81962;160518;;;
81962;160527;;;
81962;160535;;;
81962;160538;;;
81962;160545;;;
81962;160548;;;
81962;160552;;;
81962;160553;;;
81962;160556;;;
81962;160558;;;
81962;160559;;;
81962;160561;;;
81962;160569;;;
81962;160575;;;
81962;160588;;;
81962;160591;;;
81962;160592;;;
81962;160598;;;
81962;160599;;;
81962;160600;;;
81962;160601;;;
81962;160604;;;
81962;160610;;;
81962;160621;;;
81962;160629;;;
81962;160632;;;
81962;160635;;;
81962;160640;;;
81962;160641;;;
81962;160642;;;
81962;160665;;;
81962;160666;;;
81962;160673;;;
81962;160674;;;
81962;160758;;;
81962;160976;;;
81962;161440;;;
81962;161550;;;
81962;162067;;;
81962;162332;;;
81962;165470;;;
81962;166402;;;
81962;171617;;;
81962;171623;;;
81962;171786;;;
81962;175765;;;
81962;178829;;;
81962;178831;;;
81962;178832;;;
81962;178835;;;
81962;178843;;;
81962;178854;;;
81962;178857;;;
81962;178858;;;
81962;178860;;;
81962;178866;;;
81962;178871;;;
81962;178873;;;
81962;178876;;;
81962;178881;;;
81962;178882;;;
81962;178884;;;
81962;178886;;;
81962;178887;;;
81962;178895;;;
81962;178896;;;
81962;178905;;;
81962;178908;;;
81962;178910;;;
81962;178927;;;
81962;178929;;;
81962;178931;;;
81962;178933;;;
81962;178934;;;
81962;178937;;;
81962;178943;;;
81962;178945;;;
81962;178946;;;
81962;178947;;;
81962;178954;;;
81962;178962;;;
81962;178964;;;
81962;178966;;;
81962;178970;;;
81962;178972;;;
81962;178975;;;
81962;178983;;;
81962;178985;;;
81962;178986;;;
81962;178987;;;
81962;178989;;;
81962;178992;;;
81962;178993;;;
81962;178997;;;
81962;179000;;;
81962;179001;;;
81962;180214;;;
81962;188097;;;
81962;191923;;;
81962;198197;;;
81962;198783;;;
81962;204351;;;
81962;204353;;;
81962;204355;;;
81962;204356;;;
81962;204358;;;
81962;204360;;;
81962;204361;;;
81962;204362;;;
81962;204364;;;
81962;204365;;;
81962;204367;;;
81962;204368;;;
81962;204369;;;
81962;204372;;;
81962;204374;;;
81962;204378;;;
81962;204379;;;
81962;204387;;;
81962;204388;;;
81962;204390;;;
81962;204391;;;
81962;204394;;;
81962;204395;;;
81962;204396;;;
81962;204398;;;
81962;204404;;;
81962;204406;;;
81962;204407;;;
81962;204408;;;
81962;204409;;;
81962;204410;;;
81962;204411;;;
81962;204412;;;
81962;204416;;;
81962;204419;;;
81962;204423;;;
81962;204425;;;
81962;204426;;;
81962;204427;;;
81962;204431;;;
81962;204441;;;
81962;204444;;;
81962;204445;;;
81962;204449;;;
81962;204450;;;
81962;204453;;;
81962;204455;;;
81962;204456;;;
81962;204457;;;
81962;204459;;;
81962;204460;;;
81962;204462;;;
81962;204464;;;
81962;204472;;;
81962;204473;;;
81962;204474;;;
81962;204479;;;
81962;204480;;;
81962;204481;;;
81962;204485;;;
81962;204486;;;
81962;204488;;;
81962;204489;;;
81962;204491;;;
81962;204492;;;
81962;204494;;;
81962;204495;;;
81962;204496;;;
81962;204497;;;
81962;204498;;;
81962;204501;;;
81962;204504;;;
81962;204506;;;
81962;204508;;;
81962;204511;;;
81962;204512;;;
81962;204515;;;
81962;204517;;;
81962;204518;;;
81962;204520;;;
81962;204524;;;
81962;204525;;;
81962;204526;;;
81962;204528;;;
81962;204533;;;
81962;204534;;;
81962;204535;;;
81962;204536;;;
81962;204539;;;
81962;204540;;;
81962;204541;;;
81962;204549;;;
81962;204550;;;
81962;204553;;;
81962;204557;;;
81962;204558;;;
81962;204559;;;
81962;204560;;;
81962;204570;;;
81962;204572;;;
81962;204574;;;
81962;205476;;;
81962;205550;;;
81962;206018;;;
81962;209189;;;
81962;209787;;;
81962;213762;;;
81962;214694;;;
81962;215043;;;
81962;220526;;;
81962;220527;;;
81962;220528;;;
81962;220529;;;
81962;220530;;;
81962;220532;;;
81962;220533;;;
81962;220534;;;
81962;220536;;;
81962;220537;;;
81962;220538;;;
81962;220539;;;
81962;220540;;;
81962;220542;;;
81962;220543;;;
81962;220544;;;
81962;220545;;;
81962;220546;;;
81962;220547;;;
81962;220548;;;
81962;220549;;;
81962;220550;;;
81962;220551;;;
81962;220552;;;
81962;220553;;;
81962;220554;;;
81962;220555;;;
81962;220556;;;
81962;220558;;;
81962;220559;;;
81962;220560;;;
81962;220561;;;
81962;220563;;;
81962;220565;;;
81962;220566;;;
81962;220567;;;
81962;220568;;;
81962;220569;;;
81962;220570;;;
81962;220571;;;
81962;220572;;;
81962;220573;;;
81962;220574;;;
81962;220576;;;
81962;220578;;;
81962;220581;;;
81962;220582;;;
81962;220583;;;
81962;220584;;;
81962;220585;;;
81962;220586;;;
81962;220588;;;
81962;220589;;;
81962;220590;;;
81962;220591;;;
81962;220592;;;
81962;220594;;;
81962;220595;;;
81962;220598;;;
81962;220599;;;
81962;220602;;;
81962;220603;;;
81962;220604;;;
81962;220605;;;
81962;220606;;;
81962;220607;;;
81962;220608;;;
81962;220609;;;
81962;220610;;;
81962;220611;;;
81962;220612;;;
81962;220614;;;
81962;220615;;;
81962;220616;;;
81962;220617;;;
81962;220618;;;
81962;220620;;;
81962;220621;;;
81962;220622;;;
81962;220623;;;
81962;220624;;;
81962;220625;;;
81962;220626;;;
81962;220628;;;
81962;220629;;;
81962;220630;;;
81962;220631;;;
81962;220632;;;
81962;220633;;;
81962;220635;;;
81962;220637;;;
81962;220638;;;
81962;220640;;;
81962;220641;;;
81962;220642;;;
81962;220643;;;
81962;220644;;;
81962;220645;;;
81962;220646;;;
81962;220647;;;
81962;220648;;;
81962;220649;;;
81962;220650;;;
81962;220651;;;
81962;220652;;;
81962;220653;;;
81962;220654;;;
81962;220655;;;
81962;220656;;;
81962;220657;;;
81962;220658;;;
81962;220660;;;
81962;220661;;;
81962;220662;;;
81962;220663;;;
81962;220664;;;
81962;220665;;;
81962;220666;;;
81962;220667;;;
81962;220668;;;
81962;220669;;;
81962;220670;;;
81962;220671;;;
81962;220672;;;
81962;220673;;;
81962;220674;;;
81962;220675;;;
81962;220677;;;
81962;220681;;;
81962;220682;;;
81962;220683;;;
81962;220684;;;
81962;220685;;;
81962;220686;;;
81962;220687;;;
81962;220688;;;
81962;220690;;;
81962;220691;;;
81962;220692;;;
81962;220693;;;
81962;220694;;;
81962;220695;;;
81962;220696;;;
81962;220697;;;
81962;220698;;;
81962;220699;;;
81962;220700;;;
81962;220701;;;
81962;220702;;;
81962;220703;;;
81962;220704;;;
81962;220706;;;
81962;220707;;;
81962;220708;;;
81962;220712;;;
81962;220713;;;
81962;220714;;;
81962;220715;;;
81962;221148;;;
81962;221328;;;
81962;221329;;;
81962;221338;;;
81962;224117;;;
81962;224333;;;
81962;225846;;;
81962;226837;;;
81962;227310;;;
81962;227991;;;
81962;230765;;;
81962;230767;;;
81962;230768;;;
81962;230957;;;
81962;233592;;;
81962;233594;;;
81962;234673;;;
81962;235088;;;
81962;235620;;;
81962;235712;;;
81962;235776;;;
81962;235800;;;
81962;235869;;;
81964;98057;;;
81964;123756;;;
81964;204559;;;
81964;220658;;;
81964;220697;;;
81965;204501;;;
81967;73486;;;
81967;74156;;;
81967;74161;;;
81967;74171;;;
81967;74374;;;
81967;74398;;;
81967;74554;;;
81967;80815;;;
81967;104552;;;
81967;141431;;;
81967;157130;;;
81967;160518;;;
81967;178884;;;
81967;198783;;;
81967;204407;;;
81967;204445;;;
81967;204453;;;
81967;204485;;;
81967;204501;;;
81967;204553;;;
81967;220527;;;
81967;220549;;;
81967;220559;;;
81967;220573;;;
81967;220598;;;
81967;220606;;;
81967;220607;;;
81967;220640;;;
81967;220645;;;
81967;220658;;;
81967;220663;;;
81967;220686;;;
81967;220694;;;
81967;220713;;;
81967;221148;;;
81967;230767;;;
81967;235088;;;
81967;235869;;;
81968;73579;;;
81968;74317;;;
81968;107970;;;
81968;121948;;;
81968;137070;;;
81968;141450;;;
81968;141459;;;
81968;160556;;;
81968;160559;;;
81968;160632;;;
81968;161440;;;
81968;178832;;;
81968;178931;;;
81968;178964;;;
81968;178993;;;
81968;204378;;;
81968;204406;;;
81968;204449;;;
81968;204459;;;
81968;204473;;;
81968;220529;;;
81968;220538;;;
81968;220546;;;
81968;220552;;;
81968;220571;;;
81968;220581;;;
81968;220584;;;
81968;220595;;;
81968;220597;;;
81968;220620;;;
81968;220626;;;
81968;220631;;;
81968;220663;;;
81968;220666;;;
81968;220671;;;
81968;220684;;;
81968;220685;;;
81968;221328;;;
81968;230767;;;
81970;74784;;;
81970;92699;;;
81970;121948;;;
81970;178884;;;
81970;178934;;;
81970;178986;;;
81970;178993;;;
81970;204453;;;
81970;204464;;;
81970;209189;;;
81970;220553;;;
81970;220563;;;
81970;220597;;;
81970;220607;;;
81970;220663;;;
81970;220675;;;
81970;220677;;;
81970;220713;;;
81971;74156;;;
81971;74374;;;
81971;80815;;;
81971;160518;;;
81971;160666;;;
81971;175765;;;
81971;178857;;;
81971;204412;;;
81971;204528;;;
81971;210989;;;
81971;213762;;;
81971;220544;;;
81971;220574;;;
81971;220626;;;
81973;74371;;;
81973;74376;;;
81973;121948;;;
81973;141411;;;
81973;141431;;;
81973;141450;;;
81973;150418;;;
81973;160512;;;
81973;160556;;;
81973;160559;;;
81973;178858;;;
81973;178871;;;
81973;178910;;;
81973;198197;;;
81973;204358;;;
81973;204378;;;
81973;204492;;;
81973;204497;;;
81973;204520;;;
81973;204557;;;
81973;220529;;;
81973;220537;;;
81973;220581;;;
81973;220604;;;
81973;220605;;;
81973;220607;;;
81973;220611;;;
81973;220612;;;
81973;220658;;;
81973;220663;;;
81973;220691;;;
81973;220708;;;
81973;221329;;;
81973;230767;;;
81973;235869;;;
81974;74433;;;
81974;88256;;;
81974;160518;;;
81974;160591;;;
81974;178857;;;
81974;204351;;;
81974;204412;;;
81974;204512;;;
81974;204528;;;
81974;204539;;;
81974;220544;;;
81974;220613;;;
81974;221329;;;
81979;74171;;;
81979;104552;;;
81979;178986;;;
81979;204492;;;
81979;204495;;;
81979;206018;;;
81979;220539;;;
81979;220573;;;
81979;220591;;;
81979;220592;;;
81979;220629;;;
81979;220640;;;
81979;220643;;;
81979;221148;;;
81980;74057;;;
81980;91228;;;
81980;133439;;;
81980;141459;;;
81980;178993;;;
81980;204407;;;
81980;204474;;;
81980;204535;;;
81980;204536;;;
81980;204553;;;
81980;220533;;;
81980;220553;;;
81980;220554;;;
81980;220606;;;
81980;220625;;;
81980;220656;;;
81980;220658;;;
81980;220663;;;
81980;220690;;;
81980;220703;;;
81980;221338;;;
81980;233592;;;
81980;235712;;;
81981;160556;;;
81981;160575;;;
81981;160601;;;
81981;220555;;;
81981;220574;;;
81981;220606;;;
81981;220654;;;
81981;220663;;;
81982;74156;;;
81982;133439;;;
81982;141459;;;
81982;160575;;;
81982;220606;;;
81982;220658;;;
81983;74156;;;
81983;160556;;;
81983;160601;;;
81983;220606;;;
81983;220654;;;
81989;74371;;;
81989;74537;;;
81989;141450;;;
81989;141485;;;
81989;141487;;;
81989;160548;;;
81989;160588;;;
81989;162067;;;
81989;178943;;;
81989;198197;;;
81989;204355;;;
81989;204491;;;
81989;204492;;;
81989;204504;;;
81989;204525;;;
81989;204549;;;
81989;204559;;;
81989;220529;;;
81989;220537;;;
81989;220543;;;
81989;220553;;;
81989;220558;;;
81989;220604;;;
81989;220612;;;
81989;220638;;;
81989;220650;;;
81989;220663;;;
81989;220664;;;
81989;220698;;;
81989;220708;;;
81990;66385;;;
81990;66828;;;
81990;69871;;;
81990;73486;;;
81990;73801;;;
81990;74041;;;
81990;74156;;;
81990;74160;;;
81990;74161;;;
81990;74398;;;
81990;74454;;;
81990;74554;;;
81990;74574;;;
81990;74856;;;
81990;74858;;;
81990;91228;;;
81990;92102;;;
81990;139285;;;
81990;141450;;;
81990;141485;;;
81990;141531;;;
81990;153423;;;
81990;157130;;;
81990;160512;;;
81990;160575;;;
81990;160601;;;
81990;160666;;;
81990;162067;;;
81990;178860;;;
81990;178873;;;
81990;178884;;;
81990;178887;;;
81990;178908;;;
81990;178929;;;
81990;178934;;;
81990;178943;;;
81990;178946;;;
81990;178972;;;
81990;178987;;;
81990;191923;;;
81990;204355;;;
81990;204367;;;
81990;204379;;;
81990;204398;;;
81990;204460;;;
81990;204462;;;
81990;204472;;;
81990;204474;;;
81990;204501;;;
81990;204512;;;
81990;204534;;;
81990;204535;;;
81990;204572;;;
81990;209787;;;
81990;220529;;;
81990;220539;;;
81990;220543;;;
81990;220546;;;
81990;220547;;;
81990;220556;;;
81990;220558;;;
81990;220576;;;
81990;220583;;;
81990;220588;;;
81990;220590;;;
81990;220594;;;
81990;220595;;;
81990;220597;;;
81990;220626;;;
81990;220630;;;
81990;220637;;;
81990;220649;;;
81990;220654;;;
81990;220658;;;
81990;221338;;;
81990;235088;;;
81990;235776;;;
81992;73701;;;
81992;74856;;;
81992;160561;;;
81992;160598;;;
81992;178832;;;
81992;180214;;;
81992;204459;;;
81992;204462;;;
81992;204553;;;
81992;214694;;;
81992;220543;;;
81992;220545;;;
81992;220608;;;
81992;220622;;;
81992;220635;;;
81992;220663;;;
81992;220665;;;
81992;220695;;;
81992;220699;;;
81992;227310;;;
81993;74075;;;
81993;74156;;;
81993;74171;;;
81993;98148;;;
81993;104552;;;
81993;160632;;;
81993;161440;;;
81993;178962;;;
81993;178986;;;
81993;204378;;;
81993;204445;;;
81993;204488;;;
81993;204494;;;
81993;204534;;;
81993;204535;;;
81993;206018;;;
81993;220529;;;
81993;220540;;;
81993;220546;;;
81993;220623;;;
81993;220635;;;
81993;220637;;;
81993;220663;;;
81993;220671;;;
81993;220684;;;
81993;220701;;;
81993;234673;;;
81993;235776;;;
81996;66385;;;
81996;66828;;;
81996;69871;;;
81996;72442;;;
81996;73486;;;
81996;73768;;;
81996;73801;;;
81996;74041;;;
81996;74057;;;
81996;74160;;;
81996;74398;;;
81996;74454;;;
81996;74554;;;
81996;74856;;;
81996;91228;;;
81996;92102;;;
81996;139285;;;
81996;141485;;;
81996;141488;;;
81996;143632;;;
81996;153423;;;
81996;157130;;;
81996;160575;;;
81996;160601;;;
81996;160642;;;
81996;160666;;;
81996;162067;;;
81996;178873;;;
81996;178884;;;
81996;178887;;;
81996;178929;;;
81996;178934;;;
81996;178943;;;
81996;178946;;;
81996;178986;;;
81996;178987;;;
81996;191923;;;
81996;204355;;;
81996;204367;;;
81996;204372;;;
81996;204374;;;
81996;204379;;;
81996;204398;;;
81996;204404;;;
81996;204460;;;
81996;204462;;;
81996;204464;;;
81996;204472;;;
81996;204479;;;
81996;204485;;;
81996;204494;;;
81996;204512;;;
81996;204534;;;
81996;204535;;;
81996;204557;;;
81996;204572;;;
81996;209787;;;
81996;220534;;;
81996;220539;;;
81996;220543;;;
81996;220546;;;
81996;220547;;;
81996;220558;;;
81996;220576;;;
81996;220583;;;
81996;220588;;;
81996;220594;;;
81996;220595;;;
81996;220597;;;
81996;220599;;;
81996;220637;;;
81996;220649;;;
81996;220654;;;
81996;220658;;;
81996;220668;;;
81996;235088;;;
81996;235776;;;
81997;62881;;;
81997;66385;;;
81997;66828;;;
81997;69871;;;
81997;72442;;;
81997;73433;;;
81997;73441;;;
81997;73486;;;
81997;73579;;;
81997;73692;;;
81997;73701;;;
81997;73768;;;
81997;73778;;;
81997;73788;;;
81997;73801;;;
81997;73808;;;
81997;74041;;;
81997;74043;;;
81997;74044;;;
81997;74057;;;
81997;74060;;;
81997;74075;;;
81997;74079;;;
81997;74084;;;
81997;74156;;;
81997;74159;;;
81997;74160;;;
81997;74161;;;
81997;74171;;;
81997;74253;;;
81997;74262;;;
81997;74270;;;
81997;74273;;;
81997;74295;;;
81997;74317;;;
81997;74371;;;
81997;74374;;;
81997;74376;;;
81997;74398;;;
81997;74400;;;
81997;74428;;;
81997;74454;;;
81997;74467;;;
81997;74478;;;
81997;74537;;;
81997;74554;;;
81997;74574;;;
81997;74585;;;
81997;74646;;;
81997;74784;;;
81997;74848;;;
81997;74856;;;
81997;74858;;;
81997;80815;;;
81997;81055;;;
81997;88256;;;
81997;91228;;;
81997;92102;;;
81997;92699;;;
81997;92776;;;
81997;98057;;;
81997;98148;;;
81997;98615;;;
81997;104552;;;
81997;107283;;;
81997;107970;;;
81997;109429;;;
81997;121948;;;
81997;122158;;;
81997;122974;;;
81997;123086;;;
81997;123756;;;
81997;133439;;;
81997;133810;;;
81997;136811;;;
81997;137070;;;
81997;139285;;;
81997;141391;;;
81997;141398;;;
81997;141408;;;
81997;141411;;;
81997;141421;;;
81997;141431;;;
81997;141450;;;
81997;141456;;;
81997;141458;;;
81997;141459;;;
81997;141464;;;
81997;141485;;;
81997;141487;;;
81997;141516;;;
81997;141531;;;
81997;141533;;;
81997;141555;;;
81997;143084;;;
81997;143632;;;
81997;150418;;;
81997;153423;;;
81997;154178;;;
81997;156190;;;
81997;157130;;;
81997;160161;;;
81997;160508;;;
81997;160512;;;
81997;160517;;;
81997;160518;;;
81997;160527;;;
81997;160535;;;
81997;160538;;;
81997;160545;;;
81997;160548;;;
81997;160552;;;
81997;160553;;;
81997;160556;;;
81997;160558;;;
81997;160559;;;
81997;160569;;;
81997;160575;;;
81997;160588;;;
81997;160591;;;
81997;160592;;;
81997;160598;;;
81997;160599;;;
81997;160600;;;
81997;160601;;;
81997;160604;;;
81997;160610;;;
81997;160621;;;
81997;160629;;;
81997;160632;;;
81997;160635;;;
81997;160640;;;
81997;160641;;;
81997;160642;;;
81997;160665;;;
81997;160666;;;
81997;160673;;;
81997;160674;;;
81997;160758;;;
81997;160976;;;
81997;161440;;;
81997;161550;;;
81997;162067;;;
81997;162332;;;
81997;165470;;;
81997;166402;;;
81997;171617;;;
81997;171623;;;
81997;171786;;;
81997;175765;;;
81997;178829;;;
81997;178831;;;
81997;178832;;;
81997;178835;;;
81997;178843;;;
81997;178854;;;
81997;178857;;;
81997;178858;;;
81997;178860;;;
81997;178866;;;
81997;178871;;;
81997;178873;;;
81997;178876;;;
81997;178881;;;
81997;178882;;;
81997;178884;;;
81997;178887;;;
81997;178895;;;
81997;178896;;;
81997;178905;;;
81997;178908;;;
81997;178910;;;
81997;178927;;;
81997;178929;;;
81997;178931;;;
81997;178933;;;
81997;178934;;;
81997;178943;;;
81997;178945;;;
81997;178946;;;
81997;178947;;;
81997;178954;;;
81997;178962;;;
81997;178964;;;
81997;178966;;;
81997;178970;;;
81997;178972;;;
81997;178975;;;
81997;178983;;;
81997;178985;;;
81997;178986;;;
81997;178987;;;
81997;178989;;;
81997;178992;;;
81997;178993;;;
81997;178997;;;
81997;179001;;;
81997;180214;;;
81997;188097;;;
81997;191923;;;
81997;198197;;;
81997;198783;;;
81997;204351;;;
81997;204353;;;
81997;204355;;;
81997;204356;;;
81997;204358;;;
81997;204360;;;
81997;204361;;;
81997;204362;;;
81997;204364;;;
81997;204365;;;
81997;204367;;;
81997;204368;;;
81997;204369;;;
81997;204372;;;
81997;204374;;;
81997;204378;;;
81997;204387;;;
81997;204388;;;
81997;204391;;;
81997;204394;;;
81997;204396;;;
81997;204398;;;
81997;204404;;;
81997;204406;;;
81997;204407;;;
81997;204408;;;
81997;204409;;;
81997;204410;;;
81997;204411;;;
81997;204412;;;
81997;204416;;;
81997;204419;;;
81997;204423;;;
81997;204425;;;
81997;204426;;;
81997;204427;;;
81997;204431;;;
81997;204441;;;
81997;204444;;;
81997;204445;;;
81997;204449;;;
81997;204453;;;
81997;204455;;;
81997;204456;;;
81997;204457;;;
81997;204459;;;
81997;204460;;;
81997;204462;;;
81997;204472;;;
81997;204473;;;
81997;204474;;;
81997;204479;;;
81997;204480;;;
81997;204481;;;
81997;204485;;;
81997;204486;;;
81997;204488;;;
81997;204489;;;
81997;204491;;;
81997;204492;;;
81997;204494;;;
81997;204495;;;
81997;204496;;;
81997;204497;;;
81997;204498;;;
81997;204501;;;
81997;204504;;;
81997;204506;;;
81997;204508;;;
81997;204511;;;
81997;204512;;;
81997;204515;;;
81997;204517;;;
81997;204518;;;
81997;204520;;;
81997;204524;;;
81997;204525;;;
81997;204526;;;
81997;204528;;;
81997;204533;;;
81997;204534;;;
81997;204535;;;
81997;204536;;;
81997;204539;;;
81997;204540;;;
81997;204541;;;
81997;204549;;;
81997;204553;;;
81997;204557;;;
81997;204558;;;
81997;204559;;;
81997;204570;;;
81997;204572;;;
81997;204574;;;
81997;205476;;;
81997;205550;;;
81997;206018;;;
81997;209189;;;
81997;213762;;;
81997;214694;;;
81997;215043;;;
81997;220526;;;
81997;220527;;;
81997;220528;;;
81997;220529;;;
81997;220530;;;
81997;220532;;;
81997;220533;;;
81997;220534;;;
81997;220536;;;
81997;220537;;;
81997;220538;;;
81997;220539;;;
81997;220540;;;
81997;220542;;;
81997;220543;;;
81997;220544;;;
81997;220545;;;
81997;220546;;;
81997;220547;;;
81997;220548;;;
81997;220549;;;
81997;220550;;;
81997;220551;;;
81997;220552;;;
81997;220553;;;
81997;220554;;;
81997;220555;;;
81997;220556;;;
81997;220558;;;
81997;220559;;;
81997;220560;;;
81997;220561;;;
81997;220563;;;
81997;220565;;;
81997;220566;;;
81997;220567;;;
81997;220568;;;
81997;220569;;;
81997;220570;;;
81997;220571;;;
81997;220572;;;
81997;220573;;;
81997;220574;;;
81997;220576;;;
81997;220578;;;
81997;220581;;;
81997;220582;;;
81997;220583;;;
81997;220584;;;
81997;220585;;;
81997;220586;;;
81997;220588;;;
81997;220589;;;
81997;220590;;;
81997;220591;;;
81997;220592;;;
81997;220595;;;
81997;220597;;;
81997;220598;;;
81997;220599;;;
81997;220603;;;
81997;220604;;;
81997;220605;;;
81997;220606;;;
81997;220607;;;
81997;220608;;;
81997;220609;;;
81997;220610;;;
81997;220611;;;
81997;220612;;;
81997;220614;;;
81997;220615;;;
81997;220616;;;
81997;220617;;;
81997;220618;;;
81997;220620;;;
81997;220621;;;
81997;220622;;;
81997;220623;;;
81997;220624;;;
81997;220625;;;
81997;220626;;;
81997;220628;;;
81997;220629;;;
81997;220630;;;
81997;220631;;;
81997;220632;;;
81997;220633;;;
81997;220635;;;
81997;220637;;;
81997;220638;;;
81997;220640;;;
81997;220641;;;
81997;220642;;;
81997;220643;;;
81997;220644;;;
81997;220645;;;
81997;220646;;;
81997;220649;;;
81997;220650;;;
81997;220651;;;
81997;220652;;;
81997;220653;;;
81997;220654;;;
81997;220655;;;
81997;220656;;;
81997;220657;;;
81997;220658;;;
81997;220660;;;
81997;220661;;;
81997;220662;;;
81997;220663;;;
81997;220664;;;
81997;220665;;;
81997;220667;;;
81997;220668;;;
81997;220669;;;
81997;220670;;;
81997;220671;;;
81997;220672;;;
81997;220673;;;
81997;220674;;;
81997;220675;;;
81997;220677;;;
81997;220681;;;
81997;220682;;;
81997;220683;;;
81997;220684;;;
81997;220685;;;
81997;220686;;;
81997;220687;;;
81997;220688;;;
81997;220690;;;
81997;220691;;;
81997;220692;;;
81997;220693;;;
81997;220694;;;
81997;220695;;;
81997;220696;;;
81997;220697;;;
81997;220698;;;
81997;220699;;;
81997;220701;;;
81997;220702;;;
81997;220703;;;
81997;220706;;;
81997;220707;;;
81997;220708;;;
81997;220713;;;
81997;220714;;;
81997;220715;;;
81997;221148;;;
81997;221328;;;
81997;221329;;;
81997;224117;;;
81997;224333;;;
81997;225846;;;
81997;226837;;;
81997;227310;;;
81997;227991;;;
81997;230765;;;
81997;230767;;;
81997;230768;;;
81997;230957;;;
81997;233592;;;
81997;233594;;;
81997;234673;;;
81997;235088;;;
81997;235620;;;
81997;235712;;;
81997;235776;;;
81997;235800;;;
81997;235869;;;
81998;98615;;;
81998;109429;;;
81998;220598;;;
81999;74060;;;
81999;74156;;;
81999;80815;;;
81999;133439;;;
81999;141555;;;
81999;160598;;;
81999;160641;;;
81999;175765;;;
81999;178966;;;
81999;204416;;;
81999;204485;;;
81999;220540;;;
81999;220555;;;
81999;220574;;;
81999;220604;;;
81999;220606;;;
81999;220607;;;
81999;220635;;;
81999;220644;;;
81999;220645;;;
81999;220658;;;
81999;220662;;;
81999;220663;;;
81999;220690;;;
81999;220695;;;
81999;221148;;;
81999;230768;;;
81999;234673;;;
82000;66828;;;
82000;74156;;;
82000;74317;;;
82000;74856;;;
82000;104552;;;
82000;160161;;;
82000;160512;;;
82000;178884;;;
82000;178993;;;
82000;198783;;;
82000;204355;;;
82000;204501;;;
82000;204536;;;
82000;220529;;;
82000;220548;;;
82000;220574;;;
82000;220578;;;
82000;220607;;;
82000;220653;;;
82000;220663;;;
82000;220714;;;
82000;221329;;;
82000;221338;;;
82001;62881;;;
82001;66385;;;
82001;66828;;;
82001;69871;;;
82001;72442;;;
82001;73433;;;
82001;73441;;;
82001;73486;;;
82001;73579;;;
82001;73604;;;
82001;73692;;;
82001;73701;;;
82001;73768;;;
82001;73778;;;
82001;73788;;;
82001;73808;;;
82001;74041;;;
82001;74043;;;
82001;74057;;;
82001;74060;;;
82001;74075;;;
82001;74084;;;
82001;74090;;;
82001;74156;;;
82001;74158;;;
82001;74159;;;
82001;74160;;;
82001;74161;;;
82001;74171;;;
82001;74253;;;
82001;74262;;;
82001;74270;;;
82001;74273;;;
82001;74295;;;
82001;74317;;;
82001;74371;;;
82001;74374;;;
82001;74376;;;
82001;74398;;;
82001;74400;;;
82001;74428;;;
82001;74454;;;
82001;74467;;;
82001;74478;;;
82001;74537;;;
82001;74554;;;
82001;74585;;;
82001;74646;;;
82001;74784;;;
82001;74848;;;
82001;74856;;;
82001;74858;;;
82001;80815;;;
82001;81055;;;
82001;88256;;;
82001;91228;;;
82001;92102;;;
82001;92699;;;
82001;92776;;;
82001;98057;;;
82001;98148;;;
82001;98615;;;
82001;104552;;;
82001;107283;;;
82001;107970;;;
82001;109429;;;
82001;121948;;;
82001;122158;;;
82001;122974;;;
82001;123086;;;
82001;123756;;;
82001;133439;;;
82001;133810;;;
82001;136811;;;
82001;137070;;;
82001;139285;;;
82001;141391;;;
82001;141398;;;
82001;141408;;;
82001;141411;;;
82001;141421;;;
82001;141431;;;
82001;141456;;;
82001;141458;;;
82001;141459;;;
82001;141464;;;
82001;141485;;;
82001;141488;;;
82001;141516;;;
82001;141531;;;
82001;141533;;;
82001;141555;;;
82001;143084;;;
82001;150418;;;
82001;153423;;;
82001;154178;;;
82001;156190;;;
82001;157130;;;
82001;160161;;;
82001;160508;;;
82001;160512;;;
82001;160518;;;
82001;160535;;;
82001;160538;;;
82001;160545;;;
82001;160548;;;
82001;160552;;;
82001;160553;;;
82001;160556;;;
82001;160558;;;
82001;160559;;;
82001;160561;;;
82001;160569;;;
82001;160575;;;
82001;160588;;;
82001;160591;;;
82001;160592;;;
82001;160598;;;
82001;160599;;;
82001;160600;;;
82001;160601;;;
82001;160604;;;
82001;160610;;;
82001;160621;;;
82001;160629;;;
82001;160632;;;
82001;160635;;;
82001;160640;;;
82001;160641;;;
82001;160642;;;
82001;160665;;;
82001;160666;;;
82001;160673;;;
82001;160674;;;
82001;160758;;;
82001;160976;;;
82001;161440;;;
82001;161550;;;
82001;162067;;;
82001;165470;;;
82001;166402;;;
82001;171617;;;
82001;171623;;;
82001;171786;;;
82001;175765;;;
82001;178829;;;
82001;178831;;;
82001;178832;;;
82001;178835;;;
82001;178843;;;
82001;178857;;;
82001;178858;;;
82001;178860;;;
82001;178866;;;
82001;178871;;;
82001;178873;;;
82001;178876;;;
82001;178881;;;
82001;178882;;;
82001;178884;;;
82001;178886;;;
82001;178887;;;
82001;178895;;;
82001;178896;;;
82001;178905;;;
82001;178908;;;
82001;178910;;;
82001;178929;;;
82001;178931;;;
82001;178933;;;
82001;178934;;;
82001;178943;;;
82001;178945;;;
82001;178946;;;
82001;178954;;;
82001;178962;;;
82001;178964;;;
82001;178966;;;
82001;178970;;;
82001;178972;;;
82001;178975;;;
82001;178983;;;
82001;178985;;;
82001;178986;;;
82001;178987;;;
82001;178993;;;
82001;178997;;;
82001;179000;;;
82001;179001;;;
82001;188097;;;
82001;191923;;;
82001;198197;;;
82001;198783;;;
82001;204351;;;
82001;204353;;;
82001;204355;;;
82001;204356;;;
82001;204358;;;
82001;204360;;;
82001;204361;;;
82001;204362;;;
82001;204364;;;
82001;204365;;;
82001;204367;;;
82001;204368;;;
82001;204372;;;
82001;204374;;;
82001;204378;;;
82001;204387;;;
82001;204388;;;
82001;204394;;;
82001;204396;;;
82001;204398;;;
82001;204404;;;
82001;204406;;;
82001;204407;;;
82001;204408;;;
82001;204410;;;
82001;204411;;;
82001;204412;;;
82001;204416;;;
82001;204426;;;
82001;204427;;;
82001;204431;;;
82001;204441;;;
82001;204444;;;
82001;204445;;;
82001;204449;;;
82001;204453;;;
82001;204455;;;
82001;204456;;;
82001;204457;;;
82001;204459;;;
82001;204460;;;
82001;204462;;;
82001;204464;;;
82001;204472;;;
82001;204473;;;
82001;204474;;;
82001;204479;;;
82001;204480;;;
82001;204481;;;
82001;204486;;;
82001;204488;;;
82001;204489;;;
82001;204491;;;
82001;204492;;;
82001;204494;;;
82001;204495;;;
82001;204496;;;
82001;204497;;;
82001;204498;;;
82001;204501;;;
82001;204504;;;
82001;204506;;;
82001;204508;;;
82001;204511;;;
82001;204512;;;
82001;204515;;;
82001;204517;;;
82001;204518;;;
82001;204520;;;
82001;204524;;;
82001;204525;;;
82001;204528;;;
82001;204531;;;
82001;204533;;;
82001;204534;;;
82001;204535;;;
82001;204536;;;
82001;204539;;;
82001;204540;;;
82001;204541;;;
82001;204549;;;
82001;204553;;;
82001;204557;;;
82001;204558;;;
82001;204559;;;
82001;204570;;;
82001;204572;;;
82001;204574;;;
82001;205476;;;
82001;205550;;;
82001;206018;;;
82001;209189;;;
82001;209787;;;
82001;210989;;;
82001;213762;;;
82001;214694;;;
82001;215043;;;
82001;220526;;;
82001;220529;;;
82001;220530;;;
82001;220532;;;
82001;220533;;;
82001;220534;;;
82001;220536;;;
82001;220537;;;
82001;220538;;;
82001;220539;;;
82001;220540;;;
82001;220542;;;
82001;220543;;;
82001;220544;;;
82001;220545;;;
82001;220546;;;
82001;220547;;;
82001;220548;;;
82001;220549;;;
82001;220550;;;
82001;220551;;;
82001;220552;;;
82001;220553;;;
82001;220554;;;
82001;220555;;;
82001;220556;;;
82001;220557;;;
82001;220558;;;
82001;220559;;;
82001;220560;;;
82001;220561;;;
82001;220563;;;
82001;220565;;;
82001;220567;;;
82001;220568;;;
82001;220569;;;
82001;220570;;;
82001;220571;;;
82001;220573;;;
82001;220574;;;
82001;220576;;;
82001;220578;;;
82001;220581;;;
82001;220582;;;
82001;220583;;;
82001;220584;;;
82001;220585;;;
82001;220586;;;
82001;220588;;;
82001;220589;;;
82001;220590;;;
82001;220591;;;
82001;220592;;;
82001;220594;;;
82001;220595;;;
82001;220597;;;
82001;220598;;;
82001;220599;;;
82001;220602;;;
82001;220603;;;
82001;220605;;;
82001;220606;;;
82001;220607;;;
82001;220608;;;
82001;220609;;;
82001;220610;;;
82001;220611;;;
82001;220612;;;
82001;220613;;;
82001;220614;;;
82001;220615;;;
82001;220616;;;
82001;220618;;;
82001;220621;;;
82001;220622;;;
82001;220623;;;
82001;220624;;;
82001;220625;;;
82001;220626;;;
82001;220628;;;
82001;220629;;;
82001;220630;;;
82001;220631;;;
82001;220632;;;
82001;220633;;;
82001;220635;;;
82001;220637;;;
82001;220638;;;
82001;220640;;;
82001;220641;;;
82001;220642;;;
82001;220643;;;
82001;220644;;;
82001;220645;;;
82001;220648;;;
82001;220649;;;
82001;220650;;;
82001;220651;;;
82001;220652;;;
82001;220653;;;
82001;220654;;;
82001;220655;;;
82001;220656;;;
82001;220657;;;
82001;220658;;;
82001;220660;;;
82001;220661;;;
82001;220662;;;
82001;220663;;;
82001;220664;;;
82001;220665;;;
82001;220666;;;
82001;220667;;;
82001;220668;;;
82001;220669;;;
82001;220670;;;
82001;220671;;;
82001;220673;;;
82001;220674;;;
82001;220675;;;
82001;220677;;;
82001;220682;;;
82001;220683;;;
82001;220684;;;
82001;220685;;;
82001;220686;;;
82001;220687;;;
82001;220688;;;
82001;220690;;;
82001;220691;;;
82001;220692;;;
82001;220693;;;
82001;220694;;;
82001;220695;;;
82001;220696;;;
82001;220698;;;
82001;220699;;;
82001;220700;;;
82001;220701;;;
82001;220702;;;
82001;220703;;;
82001;220704;;;
82001;220707;;;
82001;220708;;;
82001;220712;;;
82001;220713;;;
82001;220714;;;
82001;220715;;;
82001;221148;;;
82001;221328;;;
82001;221329;;;
82001;221338;;;
82001;224117;;;
82001;224333;;;
82001;225846;;;
82001;226837;;;
82001;227310;;;
82001;227991;;;
82001;230765;;;
82001;230768;;;
82001;230957;;;
82001;233592;;;
82001;233594;;;
82001;234673;;;
82001;235088;;;
82001;235620;;;
82001;235712;;;
82001;235776;;;
82001;235800;;;
82001;235869;;;
82004;109429;;;
82004;178970;;;
82004;204495;;;
82007;66385;;;
82007;74171;;;
82007;74398;;;
82007;160758;;;
82007;178993;;;
82007;178997;;;
82007;204368;;;
82007;204408;;;
82007;204427;;;
82007;204512;;;
82007;204549;;;
82007;220538;;;
82007;220543;;;
82007;220547;;;
82007;220568;;;
82007;220574;;;
82007;220578;;;
82007;220581;;;
82007;220583;;;
82007;220584;;;
82007;220602;;;
82007;220606;;;
82007;220621;;;
82007;220622;;;
82007;220623;;;
82007;220654;;;
82007;220663;;;
82007;220694;;;
82007;220699;;;
82007;224333;;;
82007;230767;;;
82008;160518;;;
82008;178929;;;
82008;204412;;;
82008;204528;;;
82008;204539;;;
82008;213762;;;
82008;220544;;;
82008;220545;;;
82008;221329;;;
82009;74253;;;
82009;178993;;;
82009;220549;;;
82009;220658;;;
82009;220663;;;
82010;107970;;;
82010;220622;;;
82010;220625;;;
82010;220646;;;
82013;74156;;;
82013;74856;;;
82013;160518;;;
82013;160598;;;
82013;213762;;;
82013;220545;;;
82013;220654;;;
82014;66385;;;
82014;66828;;;
82014;69871;;;
82014;72442;;;
82014;73486;;;
82014;73768;;;
82014;74041;;;
82014;74160;;;
82014;74161;;;
82014;74398;;;
82014;74454;;;
82014;74554;;;
82014;74574;;;
82014;74585;;;
82014;74856;;;
82014;91228;;;
82014;92102;;;
82014;98057;;;
82014;139285;;;
82014;141450;;;
82014;141485;;;
82014;141488;;;
82014;141531;;;
82014;153423;;;
82014;157130;;;
82014;160512;;;
82014;160518;;;
82014;160575;;;
82014;160601;;;
82014;160666;;;
82014;160758;;;
82014;162067;;;
82014;178860;;;
82014;178873;;;
82014;178881;;;
82014;178884;;;
82014;178887;;;
82014;178905;;;
82014;178908;;;
82014;178929;;;
82014;178934;;;
82014;178943;;;
82014;178946;;;
82014;178986;;;
82014;178987;;;
82014;191923;;;
82014;204355;;;
82014;204360;;;
82014;204367;;;
82014;204372;;;
82014;204374;;;
82014;204395;;;
82014;204398;;;
82014;204404;;;
82014;204460;;;
82014;204462;;;
82014;204472;;;
82014;204474;;;
82014;204501;;;
82014;204512;;;
82014;204534;;;
82014;204535;;;
82014;204557;;;
82014;204572;;;
82014;209787;;;
82014;220529;;;
82014;220539;;;
82014;220543;;;
82014;220546;;;
82014;220547;;;
82014;220555;;;
82014;220558;;;
82014;220573;;;
82014;220576;;;
82014;220583;;;
82014;220588;;;
82014;220590;;;
82014;220594;;;
82014;220595;;;
82014;220599;;;
82014;220609;;;
82014;220614;;;
82014;220618;;;
82014;220626;;;
82014;220630;;;
82014;220637;;;
82014;220648;;;
82014;220649;;;
82014;220654;;;
82014;220658;;;
82014;220663;;;
82014;220668;;;
82014;220684;;;
82014;221328;;;
82014;221338;;;
82014;235088;;;
82014;235776;;;
82015;74161;;;
82015;107970;;;
82015;204508;;;
82015;206018;;;
82015;220622;;;
82015;220623;;;
82015;220625;;;
82015;220632;;;
82017;74060;;;
82017;74156;;;
82017;74374;;;
82017;74554;;;
82017;104552;;;
82017;123086;;;
82017;128760;;;
82017;139285;;;
82017;141431;;;
82017;141485;;;
82017;157130;;;
82017;160512;;;
82017;160518;;;
82017;160538;;;
82017;178884;;;
82017;178887;;;
82017;178929;;;
82017;178993;;;
82017;198783;;;
82017;204365;;;
82017;204404;;;
82017;204407;;;
82017;204441;;;
82017;204445;;;
82017;204485;;;
82017;204501;;;
82017;204557;;;
82017;220548;;;
82017;220549;;;
82017;220554;;;
82017;220555;;;
82017;220558;;;
82017;220559;;;
82017;220573;;;
82017;220602;;;
82017;220606;;;
82017;220607;;;
82017;220645;;;
82017;220658;;;
82017;220663;;;
82017;220686;;;
82017;221148;;;
82017;230767;;;
82017;235088;;;
82018;73701;;;
82018;74856;;;
82018;104552;;;
82018;107970;;;
82018;160575;;;
82018;160598;;;
82018;178908;;;
82018;178929;;;
82018;180214;;;
82018;204407;;;
82018;204441;;;
82018;204462;;;
82018;204494;;;
82018;204525;;;
82018;204535;;;
82018;206018;;;
82018;213762;;;
82018;220527;;;
82018;220543;;;
82018;220551;;;
82018;220559;;;
82018;220565;;;
82018;220569;;;
82018;220625;;;
82018;220642;;;
82018;220644;;;
82018;220645;;;
82018;220663;;;
82018;220668;;;
82018;220671;;;
82018;220695;;;
82018;221338;;;
82019;162332;;;
82020;73768;;;
82020;162332;;;
82020;220684;;;
82020;224333;;;
82021;73768;;;
82021;162332;;;
82021;220684;;;
82021;224333;;;
82022;73768;;;
82022;162332;;;
82022;220684;;;
82022;224333;;;
82023;73768;;;
82023;162332;;;
82023;220684;;;
82023;220706;;;
82023;224333;;;
82024;73768;;;
82024;162332;;;
82024;220684;;;
82024;224333;;;
82025;73768;;;
82025;162332;;;
82025;220684;;;
82025;224333;;;
82026;73768;;;
82026;162332;;;
82026;220684;;;
82026;224333;;;
82027;162332;;;
82028;162332;;;
82029;162332;;;
82032;66828;;;
82032;73441;;;
82032;73778;;;
82032;74090;;;
82032;74273;;;
82032;74537;;;
82032;74554;;;
82032;123756;;;
82032;141555;;;
82032;150418;;;
82032;156190;;;
82032;160601;;;
82032;160640;;;
82032;162332;;;
82032;165470;;;
82032;178871;;;
82032;178876;;;
82032;191923;;;
82032;204387;;;
82032;204404;;;
82032;204473;;;
82032;204526;;;
82032;204535;;;
82032;204539;;;
82032;213762;;;
82032;220540;;;
82032;220557;;;
82032;220559;;;
82032;220574;;;
82032;220583;;;
82032;220611;;;
82032;220637;;;
82032;220663;;;
82032;220664;;;
82033;73701;;;
82033;220595;;;
82034;74784;;;
82034;92699;;;
82034;121948;;;
82034;178884;;;
82034;178934;;;
82034;178986;;;
82034;178993;;;
82034;204453;;;
82034;209189;;;
82034;220553;;;
82034;220563;;;
82034;220597;;;
82034;220607;;;
82034;220663;;;
82034;220675;;;
82034;220677;;;
82034;220713;;;
82035;74856;;;
82035;136811;;;
82035;160545;;;
82035;178929;;;
82035;204410;;;
82035;204455;;;
82035;204495;;;
82035;220537;;;
82035;220583;;;
82035;220605;;;
82035;220622;;;
82035;220649;;;
82035;220661;;;
82035;220693;;;
82035;226837;;;
82038;74574;;;
82038;133439;;;
82038;141431;;;
82038;160591;;;
82038;180214;;;
82038;191923;;;
82038;204356;;;
82038;204372;;;
82038;204374;;;
82038;204388;;;
82038;204394;;;
82038;204494;;;
82038;204504;;;
82038;204511;;;
82038;204540;;;
82038;220529;;;
82038;220551;;;
82038;220568;;;
82038;220603;;;
82038;220654;;;
82038;220662;;;
82038;220685;;;
82038;220697;;;
82038;235800;;;
82038;235869;;;
82039;66385;;;
82039;66828;;;
82039;69871;;;
82039;72442;;;
82039;73433;;;
82039;73441;;;
82039;73486;;;
82039;73579;;;
82039;73604;;;
82039;73692;;;
82039;73701;;;
82039;73768;;;
82039;73778;;;
82039;73788;;;
82039;73808;;;
82039;74041;;;
82039;74043;;;
82039;74044;;;
82039;74057;;;
82039;74060;;;
82039;74075;;;
82039;74079;;;
82039;74084;;;
82039;74090;;;
82039;74156;;;
82039;74158;;;
82039;74159;;;
82039;74160;;;
82039;74161;;;
82039;74171;;;
82039;74262;;;
82039;74270;;;
82039;74273;;;
82039;74295;;;
82039;74371;;;
82039;74374;;;
82039;74376;;;
82039;74398;;;
82039;74400;;;
82039;74428;;;
82039;74454;;;
82039;74467;;;
82039;74537;;;
82039;74554;;;
82039;74574;;;
82039;74585;;;
82039;74646;;;
82039;74784;;;
82039;74856;;;
82039;74858;;;
82039;80815;;;
82039;81055;;;
82039;88256;;;
82039;91228;;;
82039;92102;;;
82039;92699;;;
82039;98057;;;
82039;98148;;;
82039;98615;;;
82039;104552;;;
82039;107283;;;
82039;107970;;;
82039;109429;;;
82039;121948;;;
82039;122974;;;
82039;123086;;;
82039;123756;;;
82039;128760;;;
82039;133439;;;
82039;133810;;;
82039;136811;;;
82039;139285;;;
82039;141398;;;
82039;141408;;;
82039;141411;;;
82039;141421;;;
82039;141431;;;
82039;141450;;;
82039;141456;;;
82039;141459;;;
82039;141464;;;
82039;141485;;;
82039;141487;;;
82039;141488;;;
82039;141516;;;
82039;141518;;;
82039;141531;;;
82039;141533;;;
82039;141555;;;
82039;143084;;;
82039;143632;;;
82039;150418;;;
82039;153423;;;
82039;154178;;;
82039;156190;;;
82039;157130;;;
82039;160161;;;
82039;160508;;;
82039;160517;;;
82039;160518;;;
82039;160535;;;
82039;160538;;;
82039;160545;;;
82039;160548;;;
82039;160552;;;
82039;160553;;;
82039;160556;;;
82039;160558;;;
82039;160559;;;
82039;160561;;;
82039;160569;;;
82039;160575;;;
82039;160588;;;
82039;160591;;;
82039;160592;;;
82039;160598;;;
82039;160599;;;
82039;160600;;;
82039;160601;;;
82039;160604;;;
82039;160610;;;
82039;160621;;;
82039;160629;;;
82039;160632;;;
82039;160635;;;
82039;160640;;;
82039;160641;;;
82039;160642;;;
82039;160665;;;
82039;160666;;;
82039;160673;;;
82039;160674;;;
82039;160758;;;
82039;160976;;;
82039;161440;;;
82039;161550;;;
82039;162067;;;
82039;162332;;;
82039;165470;;;
82039;166402;;;
82039;171617;;;
82039;171623;;;
82039;171786;;;
82039;175765;;;
82039;178829;;;
82039;178831;;;
82039;178832;;;
82039;178835;;;
82039;178843;;;
82039;178854;;;
82039;178857;;;
82039;178858;;;
82039;178860;;;
82039;178866;;;
82039;178871;;;
82039;178873;;;
82039;178876;;;
82039;178881;;;
82039;178882;;;
82039;178884;;;
82039;178887;;;
82039;178895;;;
82039;178896;;;
82039;178905;;;
82039;178908;;;
82039;178910;;;
82039;178929;;;
82039;178931;;;
82039;178933;;;
82039;178934;;;
82039;178943;;;
82039;178945;;;
82039;178946;;;
82039;178947;;;
82039;178954;;;
82039;178962;;;
82039;178964;;;
82039;178966;;;
82039;178970;;;
82039;178972;;;
82039;178975;;;
82039;178983;;;
82039;178985;;;
82039;178986;;;
82039;178987;;;
82039;178989;;;
82039;178992;;;
82039;178993;;;
82039;178997;;;
82039;179001;;;
82039;180214;;;
82039;188097;;;
82039;191923;;;
82039;198197;;;
82039;198783;;;
82039;204353;;;
82039;204355;;;
82039;204356;;;
82039;204358;;;
82039;204360;;;
82039;204361;;;
82039;204362;;;
82039;204364;;;
82039;204365;;;
82039;204367;;;
82039;204368;;;
82039;204369;;;
82039;204372;;;
82039;204374;;;
82039;204378;;;
82039;204387;;;
82039;204388;;;
82039;204391;;;
82039;204394;;;
82039;204395;;;
82039;204396;;;
82039;204398;;;
82039;204404;;;
82039;204406;;;
82039;204407;;;
82039;204408;;;
82039;204410;;;
82039;204411;;;
82039;204412;;;
82039;204416;;;
82039;204419;;;
82039;204423;;;
82039;204425;;;
82039;204426;;;
82039;204427;;;
82039;204431;;;
82039;204441;;;
82039;204444;;;
82039;204445;;;
82039;204449;;;
82039;204453;;;
82039;204455;;;
82039;204456;;;
82039;204457;;;
82039;204459;;;
82039;204460;;;
82039;204462;;;
82039;204464;;;
82039;204472;;;
82039;204473;;;
82039;204474;;;
82039;204479;;;
82039;204480;;;
82039;204481;;;
82039;204485;;;
82039;204486;;;
82039;204488;;;
82039;204489;;;
82039;204491;;;
82039;204492;;;
82039;204494;;;
82039;204495;;;
82039;204496;;;
82039;204497;;;
82039;204498;;;
82039;204501;;;
82039;204504;;;
82039;204506;;;
82039;204508;;;
82039;204511;;;
82039;204512;;;
82039;204515;;;
82039;204517;;;
82039;204518;;;
82039;204520;;;
82039;204524;;;
82039;204525;;;
82039;204526;;;
82039;204528;;;
82039;204531;;;
82039;204533;;;
82039;204534;;;
82039;204535;;;
82039;204539;;;
82039;204540;;;
82039;204541;;;
82039;204549;;;
82039;204550;;;
82039;204553;;;
82039;204557;;;
82039;204558;;;
82039;204559;;;
82039;204560;;;
82039;204570;;;
82039;204572;;;
82039;204574;;;
82039;205476;;;
82039;205550;;;
82039;206018;;;
82039;209189;;;
82039;209787;;;
82039;210989;;;
82039;213762;;;
82039;214694;;;
82039;215043;;;
82039;220526;;;
82039;220527;;;
82039;220530;;;
82039;220532;;;
82039;220533;;;
82039;220534;;;
82039;220536;;;
82039;220537;;;
82039;220538;;;
82039;220539;;;
82039;220542;;;
82039;220543;;;
82039;220544;;;
82039;220545;;;
82039;220546;;;
82039;220547;;;
82039;220548;;;
82039;220549;;;
82039;220550;;;
82039;220551;;;
82039;220552;;;
82039;220553;;;
82039;220554;;;
82039;220555;;;
82039;220556;;;
82039;220557;;;
82039;220558;;;
82039;220559;;;
82039;220561;;;
82039;220563;;;
82039;220565;;;
82039;220566;;;
82039;220567;;;
82039;220568;;;
82039;220569;;;
82039;220570;;;
82039;220571;;;
82039;220572;;;
82039;220573;;;
82039;220574;;;
82039;220576;;;
82039;220578;;;
82039;220581;;;
82039;220582;;;
82039;220583;;;
82039;220584;;;
82039;220586;;;
82039;220588;;;
82039;220589;;;
82039;220590;;;
82039;220591;;;
82039;220592;;;
82039;220594;;;
82039;220595;;;
82039;220597;;;
82039;220598;;;
82039;220599;;;
82039;220602;;;
82039;220605;;;
82039;220606;;;
82039;220607;;;
82039;220608;;;
82039;220609;;;
82039;220610;;;
82039;220611;;;
82039;220612;;;
82039;220613;;;
82039;220614;;;
82039;220615;;;
82039;220616;;;
82039;220617;;;
82039;220618;;;
82039;220620;;;
82039;220621;;;
82039;220622;;;
82039;220623;;;
82039;220624;;;
82039;220625;;;
82039;220626;;;
82039;220628;;;
82039;220629;;;
82039;220630;;;
82039;220631;;;
82039;220632;;;
82039;220633;;;
82039;220635;;;
82039;220637;;;
82039;220638;;;
82039;220640;;;
82039;220641;;;
82039;220642;;;
82039;220643;;;
82039;220644;;;
82039;220645;;;
82039;220646;;;
82039;220647;;;
82039;220648;;;
82039;220649;;;
82039;220650;;;
82039;220651;;;
82039;220652;;;
82039;220653;;;
82039;220654;;;
82039;220656;;;
82039;220657;;;
82039;220658;;;
82039;220660;;;
82039;220661;;;
82039;220662;;;
82039;220663;;;
82039;220664;;;
82039;220665;;;
82039;220666;;;
82039;220667;;;
82039;220668;;;
82039;220669;;;
82039;220670;;;
82039;220671;;;
82039;220672;;;
82039;220673;;;
82039;220674;;;
82039;220675;;;
82039;220677;;;
82039;220681;;;
82039;220682;;;
82039;220683;;;
82039;220684;;;
82039;220685;;;
82039;220686;;;
82039;220688;;;
82039;220690;;;
82039;220691;;;
82039;220692;;;
82039;220693;;;
82039;220694;;;
82039;220696;;;
82039;220697;;;
82039;220698;;;
82039;220699;;;
82039;220700;;;
82039;220701;;;
82039;220702;;;
82039;220703;;;
82039;220704;;;
82039;220706;;;
82039;220708;;;
82039;220712;;;
82039;220714;;;
82039;220715;;;
82039;221148;;;
82039;221328;;;
82039;221329;;;
82039;221338;;;
82039;224117;;;
82039;224333;;;
82039;225846;;;
82039;226837;;;
82039;227310;;;
82039;227991;;;
82039;230765;;;
82039;230767;;;
82039;230768;;;
82039;230957;;;
82039;233592;;;
82039;233594;;;
82039;234673;;;
82039;234788;;;
82039;235088;;;
82039;235620;;;
82039;235712;;;
82039;235776;;;
82039;235800;;;
82039;235869;;;
82040;73486;;;
82040;74374;;;
82040;74856;;;
82040;80815;;;
82040;136811;;;
82040;160518;;;
82040;178970;;;
82040;204406;;;
82040;204508;;;
82040;213762;;;
82040;220547;;;
82040;220571;;;
82040;220602;;;
82040;220608;;;
82040;220625;;;
82040;220640;;;
82040;220648;;;
82040;220663;;;
82042;73486;;;
82042;73579;;;
82042;74156;;;
82042;74856;;;
82042;91228;;;
82042;92102;;;
82042;98057;;;
82042;141488;;;
82042;141555;;;
82042;153423;;;
82042;157130;;;
82042;160601;;;
82042;160758;;;
82042;178881;;;
82042;178884;;;
82042;178908;;;
82042;204355;;;
82042;204367;;;
82042;204378;;;
82042;204387;;;
82042;204460;;;
82042;204473;;;
82042;204485;;;
82042;204494;;;
82042;204535;;;
82042;204572;;;
82042;209787;;;
82042;220543;;;
82042;220546;;;
82042;220547;;;
82042;220576;;;
82042;220583;;;
82042;220594;;;
82042;220637;;;
82042;220652;;;
82042;220654;;;
82042;220657;;;
82042;220658;;;
82042;227310;;;
82042;235088;;;
82042;235776;;;
82042;235869;;;
82054;80815;;;
82054;178884;;;
82054;178887;;;
82055;72442;;;
82055;73441;;;
82055;74060;;;
82055;88256;;;
82055;141555;;;
82055;150418;;;
82055;171617;;;
82055;204365;;;
82055;205550;;;
82055;220645;;;
82055;220653;;;
82055;220663;;;
82055;220686;;;
82057;66828;;;
82057;73433;;;
82057;73441;;;
82057;73604;;;
82057;73768;;;
82057;73778;;;
82057;74273;;;
82057;74537;;;
82057;74554;;;
82057;74585;;;
82057;74646;;;
82057;141555;;;
82057;150418;;;
82057;156190;;;
82057;160548;;;
82057;160601;;;
82057;160642;;;
82057;162332;;;
82057;165470;;;
82057;178871;;;
82057;178993;;;
82057;191923;;;
82057;204387;;;
82057;204394;;;
82057;204404;;;
82057;204411;;;
82057;204444;;;
82057;204473;;;
82057;204501;;;
82057;204526;;;
82057;204535;;;
82057;204539;;;
82057;204540;;;
82057;213762;;;
82057;220537;;;
82057;220538;;;
82057;220554;;;
82057;220557;;;
82057;220568;;;
82057;220574;;;
82057;220576;;;
82057;220583;;;
82057;220590;;;
82057;220611;;;
82057;220637;;;
82057;220663;;;
82057;220664;;;
82059;66828;;;
82059;73604;;;
82059;73788;;;
82059;74084;;;
82059;74273;;;
82059;74295;;;
82059;74398;;;
82059;74848;;;
82059;123086;;;
82059;133439;;;
82059;136811;;;
82059;141533;;;
82059;150418;;;
82059;160604;;;
82059;160673;;;
82059;171623;;;
82059;178964;;;
82059;178992;;;
82059;178993;;;
82059;204356;;;
82059;204361;;;
82059;204372;;;
82059;204388;;;
82059;204410;;;
82059;204412;;;
82059;204511;;;
82059;204533;;;
82059;214694;;;
82059;220555;;;
82059;220567;;;
82059;220578;;;
82059;220606;;;
82059;220612;;;
82059;220651;;;
82059;220662;;;
82059;220663;;;
82059;220666;;;
82059;220682;;;
82059;220707;;;
82059;221329;;;
82059;221338;;;
82059;227991;;;
82059;230767;;;
82059;235800;;;
82060;73692;;;
82060;74057;;;
82060;74374;;;
82060;74848;;;
82060;80815;;;
82060;88256;;;
82060;160556;;;
82060;160591;;;
82060;160598;;;
82060;160673;;;
82060;175765;;;
82060;178857;;;
82060;178929;;;
82060;178931;;;
82060;178966;;;
82060;178993;;;
82060;204360;;;
82060;204406;;;
82060;204412;;;
82060;204423;;;
82060;204489;;;
82060;204512;;;
82060;204517;;;
82060;204518;;;
82060;204528;;;
82060;204539;;;
82060;204540;;;
82060;204559;;;
82060;210989;;;
82060;213762;;;
82060;220529;;;
82060;220544;;;
82060;220545;;;
82060;220556;;;
82060;220573;;;
82060;220582;;;
82060;220584;;;
82060;220602;;;
82060;220610;;;
82060;220613;;;
82060;220614;;;
82060;220620;;;
82060;220626;;;
82060;220632;;;
82060;220644;;;
82060;220656;;;
82060;220663;;;
82060;220670;;;
82060;220674;;;
82060;220682;;;
82060;221329;;;
82060;227310;;;
82060;227991;;;
82060;234788;;;
82061;104552;;;
82061;141398;;;
82061;160641;;;
82061;178993;;;
82061;220574;;;
82061;220607;;;
82061;220663;;;
82061;221148;;;
82062;66385;;;
82062;69871;;;
82062;73486;;;
82062;74084;;;
82062;74156;;;
82062;74467;;;
82062;107970;;;
82062;128760;;;
82062;133439;;;
82062;141464;;;
82062;171623;;;
82062;198197;;;
82062;204351;;;
82062;204388;;;
82062;204396;;;
82062;204408;;;
82062;204409;;;
82062;204492;;;
82062;204498;;;
82062;204512;;;
82062;204541;;;
82062;213762;;;
82062;214694;;;
82062;220557;;;
82062;220591;;;
82062;220595;;;
82062;220624;;;
82062;220651;;;
82062;220654;;;
82062;220685;;;
82062;220693;;;
82062;220713;;;
82062;221329;;;
82064;160575;;;
82064;160601;;;
82064;220606;;;
82064;220654;;;
82065;66828;;;
82065;74856;;;
82065;204427;;;
82065;204518;;;
82065;213762;;;
82065;220642;;;
82066;104552;;;
82066;109429;;;
82066;128760;;;
82066;141459;;;
82066;153423;;;
82066;160556;;;
82066;160561;;;
82066;178970;;;
82066;178993;;;
82066;178997;;;
82066;204360;;;
82066;204489;;;
82066;204492;;;
82066;204540;;;
82066;220529;;;
82066;220571;;;
82066;220592;;;
82066;220631;;;
82066;220663;;;
82066;220667;;;
82066;220715;;;
82068;74156;;;
82068;74398;;;
82068;160598;;;
82068;204464;;;
82068;204528;;;
82068;204534;;;
82068;204535;;;
82068;220527;;;
82068;220559;;;
82068;220604;;;
82068;220622;;;
82068;220632;;;
82068;220665;;;
82068;220668;;;
82068;220686;;;
82068;221329;;;
82074;66385;;;
82074;69871;;;
82074;74084;;;
82074;74467;;;
82074;107970;;;
82074;141464;;;
82074;171623;;;
82074;204408;;;
82074;204409;;;
82074;204492;;;
82074;214694;;;
82074;220557;;;
82074;220624;;;
82074;220654;;;
82074;220713;;;
82074;221329;;;
82075;73692;;;
82075;74041;;;
82075;74371;;;
82075;74374;;;
82075;74398;;;
82075;160518;;;
82075;160598;;;
82075;178832;;;
82075;178985;;;
82075;204459;;;
82075;204570;;;
82075;205550;;;
82075;220533;;;
82075;220540;;;
82075;220554;;;
82075;220571;;;
82075;220604;;;
82075;220606;;;
82075;220622;;;
82075;220663;;;
82075;220699;;;
82075;221329;;;
82076;74171;;;
82076;104552;;;
82076;178986;;;
82076;204492;;;
82076;204495;;;
82076;206018;;;
82076;220539;;;
82076;220573;;;
82076;220591;;;
82076;220592;;;
82076;220629;;;
82076;220640;;;
82076;220643;;;
82076;221148;;;
82077;74156;;;
82077;74161;;;
82077;74554;;;
82077;80815;;;
82077;104552;;;
82077;123086;;;
82077;139285;;;
82077;141485;;;
82077;157130;;;
82077;160161;;;
82077;178884;;;
82077;198783;;;
82077;204404;;;
82077;204406;;;
82077;204407;;;
82077;204441;;;
82077;204453;;;
82077;204486;;;
82077;204501;;;
82077;204508;;;
82077;204553;;;
82077;204557;;;
82077;220549;;;
82077;220559;;;
82077;220607;;;
82077;220645;;;
82077;220658;;;
82077;221148;;;
82077;235088;;;
82079;74156;;;
82079;74161;;;
82079;74374;;;
82079;74554;;;
82079;80815;;;
82079;104552;;;
82079;139285;;;
82079;141398;;;
82079;141431;;;
82079;141485;;;
82079;141518;;;
82079;160161;;;
82079;160512;;;
82079;160518;;;
82079;178884;;;
82079;178929;;;
82079;198783;;;
82079;204404;;;
82079;204406;;;
82079;204407;;;
82079;204441;;;
82079;204445;;;
82079;204485;;;
82079;204501;;;
82079;204508;;;
82079;204557;;;
82079;220549;;;
82079;220555;;;
82079;220559;;;
82079;220573;;;
82079;220588;;;
82079;220606;;;
82079;220607;;;
82079;220645;;;
82079;220646;;;
82079;220658;;;
82079;220663;;;
82079;220698;;;
82079;220713;;;
82079;221148;;;
82080;62881;;;
82080;66385;;;
82080;66828;;;
82080;69871;;;
82080;72442;;;
82080;73433;;;
82080;73441;;;
82080;73486;;;
82080;73579;;;
82080;73604;;;
82080;73692;;;
82080;73701;;;
82080;73768;;;
82080;73778;;;
82080;73788;;;
82080;73801;;;
82080;73808;;;
82080;74041;;;
82080;74043;;;
82080;74044;;;
82080;74057;;;
82080;74060;;;
82080;74075;;;
82080;74079;;;
82080;74084;;;
82080;74156;;;
82080;74158;;;
82080;74159;;;
82080;74160;;;
82080;74161;;;
82080;74171;;;
82080;74253;;;
82080;74262;;;
82080;74270;;;
82080;74273;;;
82080;74295;;;
82080;74317;;;
82080;74371;;;
82080;74374;;;
82080;74376;;;
82080;74398;;;
82080;74400;;;
82080;74428;;;
82080;74454;;;
82080;74467;;;
82080;74478;;;
82080;74537;;;
82080;74554;;;
82080;74574;;;
82080;74585;;;
82080;74646;;;
82080;74784;;;
82080;74848;;;
82080;74856;;;
82080;74858;;;
82080;80815;;;
82080;81055;;;
82080;88256;;;
82080;91228;;;
82080;92102;;;
82080;92699;;;
82080;92776;;;
82080;98057;;;
82080;98148;;;
82080;98615;;;
82080;104552;;;
82080;107283;;;
82080;107970;;;
82080;109429;;;
82080;121948;;;
82080;122974;;;
82080;123086;;;
82080;123756;;;
82080;128760;;;
82080;133439;;;
82080;133810;;;
82080;136811;;;
82080;137070;;;
82080;139285;;;
82080;141391;;;
82080;141398;;;
82080;141408;;;
82080;141411;;;
82080;141421;;;
82080;141431;;;
82080;141450;;;
82080;141456;;;
82080;141459;;;
82080;141464;;;
82080;141485;;;
82080;141487;;;
82080;141488;;;
82080;141516;;;
82080;141518;;;
82080;141531;;;
82080;141533;;;
82080;141555;;;
82080;143084;;;
82080;143632;;;
82080;150418;;;
82080;153423;;;
82080;154178;;;
82080;156190;;;
82080;157130;;;
82080;160508;;;
82080;160512;;;
82080;160517;;;
82080;160518;;;
82080;160527;;;
82080;160535;;;
82080;160538;;;
82080;160545;;;
82080;160548;;;
82080;160552;;;
82080;160553;;;
82080;160556;;;
82080;160558;;;
82080;160559;;;
82080;160561;;;
82080;160569;;;
82080;160575;;;
82080;160588;;;
82080;160591;;;
82080;160592;;;
82080;160598;;;
82080;160599;;;
82080;160600;;;
82080;160601;;;
82080;160604;;;
82080;160610;;;
82080;160621;;;
82080;160629;;;
82080;160632;;;
82080;160635;;;
82080;160640;;;
82080;160641;;;
82080;160642;;;
82080;160665;;;
82080;160666;;;
82080;160673;;;
82080;160674;;;
82080;160758;;;
82080;160976;;;
82080;161440;;;
82080;161550;;;
82080;162067;;;
82080;162332;;;
82080;165470;;;
82080;166402;;;
82080;171617;;;
82080;171623;;;
82080;171786;;;
82080;175765;;;
82080;178829;;;
82080;178831;;;
82080;178832;;;
82080;178835;;;
82080;178843;;;
82080;178854;;;
82080;178857;;;
82080;178858;;;
82080;178860;;;
82080;178866;;;
82080;178871;;;
82080;178873;;;
82080;178876;;;
82080;178881;;;
82080;178882;;;
82080;178884;;;
82080;178886;;;
82080;178887;;;
82080;178895;;;
82080;178896;;;
82080;178905;;;
82080;178908;;;
82080;178910;;;
82080;178927;;;
82080;178929;;;
82080;178931;;;
82080;178933;;;
82080;178934;;;
82080;178937;;;
82080;178943;;;
82080;178945;;;
82080;178946;;;
82080;178947;;;
82080;178954;;;
82080;178962;;;
82080;178964;;;
82080;178966;;;
82080;178970;;;
82080;178972;;;
82080;178975;;;
82080;178983;;;
82080;178985;;;
82080;178986;;;
82080;178987;;;
82080;178989;;;
82080;178992;;;
82080;178993;;;
82080;178997;;;
82080;179000;;;
82080;179001;;;
82080;180214;;;
82080;188097;;;
82080;191923;;;
82080;198197;;;
82080;198783;;;
82080;204351;;;
82080;204353;;;
82080;204355;;;
82080;204356;;;
82080;204358;;;
82080;204360;;;
82080;204361;;;
82080;204362;;;
82080;204364;;;
82080;204365;;;
82080;204367;;;
82080;204368;;;
82080;204369;;;
82080;204372;;;
82080;204374;;;
82080;204378;;;
82080;204379;;;
82080;204387;;;
82080;204388;;;
82080;204391;;;
82080;204394;;;
82080;204395;;;
82080;204396;;;
82080;204398;;;
82080;204404;;;
82080;204406;;;
82080;204407;;;
82080;204408;;;
82080;204409;;;
82080;204410;;;
82080;204411;;;
82080;204412;;;
82080;204416;;;
82080;204419;;;
82080;204423;;;
82080;204425;;;
82080;204426;;;
82080;204427;;;
82080;204431;;;
82080;204441;;;
82080;204444;;;
82080;204445;;;
82080;204449;;;
82080;204453;;;
82080;204455;;;
82080;204456;;;
82080;204457;;;
82080;204459;;;
82080;204460;;;
82080;204462;;;
82080;204464;;;
82080;204472;;;
82080;204473;;;
82080;204474;;;
82080;204479;;;
82080;204480;;;
82080;204481;;;
82080;204485;;;
82080;204486;;;
82080;204488;;;
82080;204489;;;
82080;204491;;;
82080;204492;;;
82080;204494;;;
82080;204495;;;
82080;204496;;;
82080;204497;;;
82080;204498;;;
82080;204501;;;
82080;204504;;;
82080;204506;;;
82080;204508;;;
82080;204511;;;
82080;204512;;;
82080;204515;;;
82080;204517;;;
82080;204518;;;
82080;204520;;;
82080;204524;;;
82080;204525;;;
82080;204526;;;
82080;204528;;;
82080;204531;;;
82080;204533;;;
82080;204534;;;
82080;204535;;;
82080;204536;;;
82080;204539;;;
82080;204540;;;
82080;204541;;;
82080;204549;;;
82080;204553;;;
82080;204557;;;
82080;204558;;;
82080;204559;;;
82080;204560;;;
82080;204570;;;
82080;204572;;;
82080;204574;;;
82080;205476;;;
82080;205550;;;
82080;206018;;;
82080;209189;;;
82080;209787;;;
82080;210989;;;
82080;213762;;;
82080;214694;;;
82080;215043;;;
82080;220526;;;
82080;220527;;;
82080;220528;;;
82080;220529;;;
82080;220530;;;
82080;220532;;;
82080;220533;;;
82080;220534;;;
82080;220536;;;
82080;220537;;;
82080;220538;;;
82080;220539;;;
82080;220540;;;
82080;220542;;;
82080;220543;;;
82080;220544;;;
82080;220545;;;
82080;220546;;;
82080;220547;;;
82080;220548;;;
82080;220549;;;
82080;220550;;;
82080;220551;;;
82080;220552;;;
82080;220553;;;
82080;220554;;;
82080;220555;;;
82080;220556;;;
82080;220557;;;
82080;220558;;;
82080;220559;;;
82080;220560;;;
82080;220561;;;
82080;220563;;;
82080;220565;;;
82080;220566;;;
82080;220567;;;
82080;220568;;;
82080;220569;;;
82080;220570;;;
82080;220571;;;
82080;220572;;;
82080;220573;;;
82080;220574;;;
82080;220576;;;
82080;220578;;;
82080;220581;;;
82080;220582;;;
82080;220583;;;
82080;220584;;;
82080;220585;;;
82080;220586;;;
82080;220588;;;
82080;220589;;;
82080;220590;;;
82080;220591;;;
82080;220592;;;
82080;220594;;;
82080;220595;;;
82080;220597;;;
82080;220598;;;
82080;220599;;;
82080;220602;;;
82080;220604;;;
82080;220605;;;
82080;220606;;;
82080;220607;;;
82080;220608;;;
82080;220609;;;
82080;220610;;;
82080;220611;;;
82080;220612;;;
82080;220613;;;
82080;220614;;;
82080;220615;;;
82080;220616;;;
82080;220617;;;
82080;220618;;;
82080;220620;;;
82080;220621;;;
82080;220622;;;
82080;220623;;;
82080;220624;;;
82080;220625;;;
82080;220626;;;
82080;220628;;;
82080;220629;;;
82080;220630;;;
82080;220631;;;
82080;220632;;;
82080;220633;;;
82080;220635;;;
82080;220637;;;
82080;220638;;;
82080;220640;;;
82080;220641;;;
82080;220642;;;
82080;220643;;;
82080;220644;;;
82080;220645;;;
82080;220646;;;
82080;220647;;;
82080;220648;;;
82080;220649;;;
82080;220650;;;
82080;220651;;;
82080;220652;;;
82080;220653;;;
82080;220654;;;
82080;220656;;;
82080;220657;;;
82080;220658;;;
82080;220660;;;
82080;220661;;;
82080;220662;;;
82080;220663;;;
82080;220664;;;
82080;220665;;;
82080;220666;;;
82080;220667;;;
82080;220668;;;
82080;220669;;;
82080;220670;;;
82080;220671;;;
82080;220672;;;
82080;220673;;;
82080;220674;;;
82080;220675;;;
82080;220676;;;
82080;220677;;;
82080;220681;;;
82080;220682;;;
82080;220683;;;
82080;220684;;;
82080;220685;;;
82080;220686;;;
82080;220688;;;
82080;220690;;;
82080;220691;;;
82080;220692;;;
82080;220693;;;
82080;220694;;;
82080;220695;;;
82080;220696;;;
82080;220697;;;
82080;220698;;;
82080;220699;;;
82080;220700;;;
82080;220701;;;
82080;220702;;;
82080;220703;;;
82080;220704;;;
82080;220706;;;
82080;220707;;;
82080;220708;;;
82080;220712;;;
82080;220713;;;
82080;220714;;;
82080;220715;;;
82080;221148;;;
82080;221328;;;
82080;221329;;;
82080;221338;;;
82080;224117;;;
82080;224333;;;
82080;225846;;;
82080;226837;;;
82080;227310;;;
82080;227991;;;
82080;230765;;;
82080;230767;;;
82080;230768;;;
82080;230957;;;
82080;233592;;;
82080;233594;;;
82080;234673;;;
82080;234788;;;
82080;235088;;;
82080;235620;;;
82080;235712;;;
82080;235776;;;
82080;235800;;;
82080;235869;;;
82081;73692;;;
82081;74156;;;
82081;74161;;;
82081;74374;;;
82081;74398;;;
82081;74554;;;
82081;74858;;;
82081;80815;;;
82081;104552;;;
82081;128760;;;
82081;139285;;;
82081;141485;;;
82081;141518;;;
82081;157130;;;
82081;160161;;;
82081;160512;;;
82081;178884;;;
82081;178929;;;
82081;178993;;;
82081;198783;;;
82081;204406;;;
82081;204441;;;
82081;204445;;;
82081;204453;;;
82081;204485;;;
82081;204486;;;
82081;204501;;;
82081;204508;;;
82081;204553;;;
82081;220548;;;
82081;220549;;;
82081;220555;;;
82081;220559;;;
82081;220573;;;
82081;220588;;;
82081;220602;;;
82081;220607;;;
82081;220645;;;
82081;220658;;;
82081;220663;;;
82081;220686;;;
82081;220694;;;
82081;220713;;;
82081;221148;;;
82081;224333;;;
82081;235088;;;
82084;66828;;;
82084;73778;;;
82084;74090;;;
82084;74156;;;
82084;74317;;;
82084;74428;;;
82084;74856;;;
82084;104552;;;
82084;122158;;;
82084;123756;;;
82084;141408;;;
82084;141456;;;
82084;141464;;;
82084;141555;;;
82084;160161;;;
82084;160556;;;
82084;178884;;;
82084;188097;;;
82084;198783;;;
82084;204355;;;
82084;204396;;;
82084;204416;;;
82084;204480;;;
82084;204486;;;
82084;204491;;;
82084;204492;;;
82084;204494;;;
82084;204497;;;
82084;204536;;;
82084;204540;;;
82084;204557;;;
82084;204559;;;
82084;220529;;;
82084;220548;;;
82084;220572;;;
82084;220574;;;
82084;220578;;;
82084;220584;;;
82084;220604;;;
82084;220607;;;
82084;220632;;;
82084;220648;;;
82084;220653;;;
82084;220663;;;
82084;220672;;;
82084;220714;;;
82084;221329;;;
82084;221338;;;
82085;74253;;;
82085;160161;;;
82085;160665;;;
82085;178927;;;
82085;178964;;;
82085;178993;;;
82085;204528;;;
82085;204541;;;
82085;214694;;;
82085;220527;;;
82085;220549;;;
82085;220554;;;
82085;220571;;;
82085;220578;;;
82085;220641;;;
82085;220662;;;
82085;220663;;;
82085;220696;;;
82085;235088;;;
82085;235776;;;
82090;74075;;;
82090;74171;;;
82090;104552;;;
82090;204378;;;
82090;204492;;;
82090;204495;;;
82090;206018;;;
82090;220539;;;
82090;220573;;;
82090;220591;;;
82090;220592;;;
82090;220629;;;
82090;220640;;;
82090;220663;;;
82090;221148;;;
82090;235869;;;
82091;73579;;;
82091;73692;;;
82091;74156;;;
82091;74585;;;
82091;123756;;;
82091;160545;;;
82091;178829;;;
82091;178871;;;
82091;178881;;;
82091;178993;;;
82091;191923;;;
82091;204355;;;
82091;204387;;;
82091;204416;;;
82091;204473;;;
82091;204479;;;
82091;204520;;;
82091;204572;;;
82091;220526;;;
82091;220530;;;
82091;220538;;;
82091;220546;;;
82091;220547;;;
82091;220552;;;
82091;220565;;;
82091;220568;;;
82091;220574;;;
82091;220583;;;
82091;220590;;;
82091;220594;;;
82091;220611;;;
82091;220613;;;
82091;220615;;;
82091;220618;;;
82091;220621;;;
82091;220625;;;
82091;220630;;;
82091;220642;;;
82091;220649;;;
82091;220652;;;
82091;220654;;;
82091;220657;;;
82091;220663;;;
82091;220666;;;
82091;220667;;;
82091;220673;;;
82091;220690;;;
82091;220694;;;
82096;66385;;;
82096;66828;;;
82096;69871;;;
82096;72442;;;
82096;73433;;;
82096;73441;;;
82096;73486;;;
82096;73579;;;
82096;73604;;;
82096;73692;;;
82096;73701;;;
82096;73768;;;
82096;73778;;;
82096;73788;;;
82096;73801;;;
82096;73808;;;
82096;74041;;;
82096;74043;;;
82096;74044;;;
82096;74057;;;
82096;74060;;;
82096;74075;;;
82096;74079;;;
82096;74084;;;
82096;74156;;;
82096;74158;;;
82096;74159;;;
82096;74160;;;
82096;74161;;;
82096;74171;;;
82096;74253;;;
82096;74262;;;
82096;74270;;;
82096;74273;;;
82096;74295;;;
82096;74317;;;
82096;74371;;;
82096;74374;;;
82096;74376;;;
82096;74398;;;
82096;74400;;;
82096;74428;;;
82096;74454;;;
82096;74467;;;
82096;74478;;;
82096;74537;;;
82096;74554;;;
82096;74574;;;
82096;74585;;;
82096;74646;;;
82096;74784;;;
82096;74848;;;
82096;74856;;;
82096;74858;;;
82096;80815;;;
82096;81055;;;
82096;88256;;;
82096;91228;;;
82096;92102;;;
82096;92699;;;
82096;92776;;;
82096;98057;;;
82096;98148;;;
82096;98615;;;
82096;104552;;;
82096;107283;;;
82096;107970;;;
82096;109429;;;
82096;121948;;;
82096;122158;;;
82096;122974;;;
82096;123086;;;
82096;123756;;;
82096;128760;;;
82096;133439;;;
82096;133810;;;
82096;136811;;;
82096;137070;;;
82096;139285;;;
82096;141391;;;
82096;141398;;;
82096;141408;;;
82096;141411;;;
82096;141421;;;
82096;141431;;;
82096;141456;;;
82096;141459;;;
82096;141464;;;
82096;141485;;;
82096;141487;;;
82096;141488;;;
82096;141516;;;
82096;141518;;;
82096;141531;;;
82096;141533;;;
82096;141555;;;
82096;143084;;;
82096;143632;;;
82096;150418;;;
82096;153423;;;
82096;154178;;;
82096;156190;;;
82096;157130;;;
82096;160161;;;
82096;160508;;;
82096;160512;;;
82096;160517;;;
82096;160518;;;
82096;160527;;;
82096;160535;;;
82096;160538;;;
82096;160545;;;
82096;160548;;;
82096;160552;;;
82096;160553;;;
82096;160556;;;
82096;160558;;;
82096;160559;;;
82096;160561;;;
82096;160569;;;
82096;160575;;;
82096;160588;;;
82096;160591;;;
82096;160592;;;
82096;160598;;;
82096;160599;;;
82096;160600;;;
82096;160601;;;
82096;160604;;;
82096;160610;;;
82096;160621;;;
82096;160629;;;
82096;160632;;;
82096;160635;;;
82096;160640;;;
82096;160641;;;
82096;160642;;;
82096;160665;;;
82096;160666;;;
82096;160673;;;
82096;160674;;;
82096;160758;;;
82096;160976;;;
82096;161440;;;
82096;161550;;;
82096;162067;;;
82096;162332;;;
82096;165470;;;
82096;166402;;;
82096;171617;;;
82096;171623;;;
82096;171786;;;
82096;175765;;;
82096;178829;;;
82096;178831;;;
82096;178832;;;
82096;178835;;;
82096;178843;;;
82096;178854;;;
82096;178857;;;
82096;178858;;;
82096;178860;;;
82096;178866;;;
82096;178871;;;
82096;178873;;;
82096;178876;;;
82096;178881;;;
82096;178882;;;
82096;178884;;;
82096;178886;;;
82096;178887;;;
82096;178895;;;
82096;178896;;;
82096;178905;;;
82096;178908;;;
82096;178910;;;
82096;178927;;;
82096;178929;;;
82096;178931;;;
82096;178933;;;
82096;178934;;;
82096;178937;;;
82096;178943;;;
82096;178945;;;
82096;178946;;;
82096;178947;;;
82096;178954;;;
82096;178962;;;
82096;178964;;;
82096;178966;;;
82096;178970;;;
82096;178972;;;
82096;178975;;;
82096;178983;;;
82096;178985;;;
82096;178986;;;
82096;178987;;;
82096;178989;;;
82096;178992;;;
82096;178993;;;
82096;178997;;;
82096;179000;;;
82096;179001;;;
82096;180214;;;
82096;188097;;;
82096;191923;;;
82096;198197;;;
82096;198783;;;
82096;204353;;;
82096;204355;;;
82096;204356;;;
82096;204358;;;
82096;204360;;;
82096;204361;;;
82096;204362;;;
82096;204364;;;
82096;204365;;;
82096;204367;;;
82096;204368;;;
82096;204369;;;
82096;204372;;;
82096;204374;;;
82096;204378;;;
82096;204379;;;
82096;204387;;;
82096;204388;;;
82096;204391;;;
82096;204394;;;
82096;204395;;;
82096;204396;;;
82096;204398;;;
82096;204406;;;
82096;204407;;;
82096;204408;;;
82096;204409;;;
82096;204410;;;
82096;204411;;;
82096;204412;;;
82096;204416;;;
82096;204419;;;
82096;204423;;;
82096;204425;;;
82096;204426;;;
82096;204427;;;
82096;204431;;;
82096;204441;;;
82096;204444;;;
82096;204445;;;
82096;204449;;;
82096;204450;;;
82096;204453;;;
82096;204455;;;
82096;204456;;;
82096;204457;;;
82096;204459;;;
82096;204460;;;
82096;204462;;;
82096;204464;;;
82096;204472;;;
82096;204473;;;
82096;204474;;;
82096;204479;;;
82096;204480;;;
82096;204481;;;
82096;204485;;;
82096;204486;;;
82096;204488;;;
82096;204489;;;
82096;204491;;;
82096;204492;;;
82096;204494;;;
82096;204495;;;
82096;204496;;;
82096;204497;;;
82096;204498;;;
82096;204501;;;
82096;204504;;;
82096;204506;;;
82096;204508;;;
82096;204511;;;
82096;204512;;;
82096;204515;;;
82096;204517;;;
82096;204518;;;
82096;204520;;;
82096;204524;;;
82096;204525;;;
82096;204526;;;
82096;204528;;;
82096;204531;;;
82096;204533;;;
82096;204534;;;
82096;204535;;;
82096;204536;;;
82096;204539;;;
82096;204540;;;
82096;204541;;;
82096;204549;;;
82096;204553;;;
82096;204557;;;
82096;204558;;;
82096;204559;;;
82096;204560;;;
82096;204570;;;
82096;204572;;;
82096;204574;;;
82096;205476;;;
82096;205550;;;
82096;206018;;;
82096;209189;;;
82096;209787;;;
82096;210989;;;
82096;213762;;;
82096;214694;;;
82096;215043;;;
82096;220526;;;
82096;220527;;;
82096;220528;;;
82096;220529;;;
82096;220530;;;
82096;220532;;;
82096;220533;;;
82096;220534;;;
82096;220536;;;
82096;220537;;;
82096;220538;;;
82096;220539;;;
82096;220540;;;
82096;220542;;;
82096;220543;;;
82096;220544;;;
82096;220545;;;
82096;220546;;;
82096;220547;;;
82096;220548;;;
82096;220549;;;
82096;220550;;;
82096;220551;;;
82096;220552;;;
82096;220553;;;
82096;220554;;;
82096;220555;;;
82096;220556;;;
82096;220557;;;
82096;220558;;;
82096;220559;;;
82096;220560;;;
82096;220561;;;
82096;220563;;;
82096;220565;;;
82096;220566;;;
82096;220567;;;
82096;220568;;;
82096;220569;;;
82096;220570;;;
82096;220571;;;
82096;220572;;;
82096;220573;;;
82096;220574;;;
82096;220576;;;
82096;220578;;;
82096;220581;;;
82096;220582;;;
82096;220583;;;
82096;220584;;;
82096;220585;;;
82096;220586;;;
82096;220588;;;
82096;220589;;;
82096;220590;;;
82096;220591;;;
82096;220592;;;
82096;220594;;;
82096;220595;;;
82096;220597;;;
82096;220598;;;
82096;220599;;;
82096;220602;;;
82096;220604;;;
82096;220605;;;
82096;220606;;;
82096;220607;;;
82096;220608;;;
82096;220609;;;
82096;220610;;;
82096;220611;;;
82096;220612;;;
82096;220613;;;
82096;220614;;;
82096;220615;;;
82096;220616;;;
82096;220618;;;
82096;220620;;;
82096;220621;;;
82096;220622;;;
82096;220623;;;
82096;220624;;;
82096;220625;;;
82096;220626;;;
82096;220628;;;
82096;220629;;;
82096;220630;;;
82096;220631;;;
82096;220632;;;
82096;220633;;;
82096;220635;;;
82096;220637;;;
82096;220638;;;
82096;220640;;;
82096;220641;;;
82096;220642;;;
82096;220643;;;
82096;220644;;;
82096;220645;;;
82096;220646;;;
82096;220647;;;
82096;220648;;;
82096;220649;;;
82096;220650;;;
82096;220651;;;
82096;220652;;;
82096;220653;;;
82096;220654;;;
82096;220656;;;
82096;220657;;;
82096;220658;;;
82096;220660;;;
82096;220661;;;
82096;220662;;;
82096;220663;;;
82096;220664;;;
82096;220665;;;
82096;220666;;;
82096;220667;;;
82096;220668;;;
82096;220669;;;
82096;220670;;;
82096;220671;;;
82096;220672;;;
82096;220673;;;
82096;220674;;;
82096;220675;;;
82096;220676;;;
82096;220677;;;
82096;220681;;;
82096;220682;;;
82096;220683;;;
82096;220685;;;
82096;220686;;;
82096;220688;;;
82096;220690;;;
82096;220691;;;
82096;220692;;;
82096;220693;;;
82096;220694;;;
82096;220695;;;
82096;220696;;;
82096;220697;;;
82096;220698;;;
82096;220699;;;
82096;220700;;;
82096;220701;;;
82096;220702;;;
82096;220703;;;
82096;220704;;;
82096;220706;;;
82096;220708;;;
82096;220712;;;
82096;220713;;;
82096;220714;;;
82096;220715;;;
82096;221148;;;
82096;221328;;;
82096;221329;;;
82096;221338;;;
82096;224117;;;
82096;224333;;;
82096;225846;;;
82096;226837;;;
82096;227310;;;
82096;227991;;;
82096;230765;;;
82096;230767;;;
82096;230768;;;
82096;230957;;;
82096;233592;;;
82096;233594;;;
82096;234673;;;
82096;234788;;;
82096;235088;;;
82096;235620;;;
82096;235712;;;
82096;235776;;;
82096;235800;;;
82096;235869;;;
82098;74060;;;
82098;74156;;;
82098;80815;;;
82098;133439;;;
82098;160518;;;
82098;160538;;;
82098;160575;;;
82098;160598;;;
82098;160641;;;
82098;178946;;;
82098;178966;;;
82098;204416;;;
82098;204485;;;
82098;204495;;;
82098;204515;;;
82098;220604;;;
82098;220606;;;
82098;220607;;;
82098;220645;;;
82098;220658;;;
82098;220662;;;
82098;220690;;;
82098;221148;;;
82099;73701;;;
82099;74084;;;
82099;204374;;;
82099;204535;;;
82099;206018;;;
82099;220539;;;
82099;220553;;;
82099;220598;;;
82099;220615;;;
82099;220640;;;
82099;220654;;;
82099;220699;;;
82099;220704;;;
82099;221148;;;
82102;73692;;;
82102;73788;;;
82102;74057;;;
82102;74374;;;
82102;74848;;;
82102;80815;;;
82102;88256;;;
82102;123756;;;
82102;160517;;;
82102;160518;;;
82102;160556;;;
82102;160598;;;
82102;160635;;;
82102;160673;;;
82102;161550;;;
82102;175765;;;
82102;178857;;;
82102;178876;;;
82102;178929;;;
82102;178966;;;
82102;178993;;;
82102;191923;;;
82102;204351;;;
82102;204360;;;
82102;204390;;;
82102;204396;;;
82102;204406;;;
82102;204412;;;
82102;204485;;;
82102;204489;;;
82102;204494;;;
82102;204512;;;
82102;204518;;;
82102;204528;;;
82102;204539;;;
82102;204540;;;
82102;204553;;;
82102;210989;;;
82102;213762;;;
82102;220529;;;
82102;220540;;;
82102;220544;;;
82102;220545;;;
82102;220556;;;
82102;220559;;;
82102;220560;;;
82102;220572;;;
82102;220582;;;
82102;220584;;;
82102;220604;;;
82102;220610;;;
82102;220614;;;
82102;220617;;;
82102;220620;;;
82102;220626;;;
82102;220632;;;
82102;220640;;;
82102;220644;;;
82102;220656;;;
82102;220663;;;
82102;220670;;;
82102;220695;;;
82102;220698;;;
82102;221329;;;
82102;227310;;;
82102;227991;;;
82102;234788;;;
82102;235712;;;
82103;74156;;;
82103;74171;;;
82103;98148;;;
82103;104552;;;
82103;161440;;;
82103;178962;;;
82103;178986;;;
82103;204378;;;
82103;204445;;;
82103;204488;;;
82103;204534;;;
82103;204535;;;
82103;206018;;;
82103;220529;;;
82103;220540;;;
82103;220546;;;
82103;220623;;;
82103;220635;;;
82103;220637;;;
82103;220663;;;
82103;220701;;;
82103;234673;;;
82103;235776;;;
82105;74057;;;
82105;74090;;;
82105;74161;;;
82105;74270;;;
82105;74428;;;
82105;74467;;;
82105;74554;;;
82105;98615;;;
82105;104552;;;
82105;109429;;;
82105;123756;;;
82105;139285;;;
82105;141411;;;
82105;160592;;;
82105;160601;;;
82105;160604;;;
82105;178929;;;
82105;178946;;;
82105;178993;;;
82105;191923;;;
82105;204360;;;
82105;204372;;;
82105;204390;;;
82105;204407;;;
82105;204445;;;
82105;204455;;;
82105;204480;;;
82105;204528;;;
82105;204533;;;
82105;204534;;;
82105;204535;;;
82105;204540;;;
82105;204557;;;
82105;204570;;;
82105;204572;;;
82105;209787;;;
82105;220529;;;
82105;220533;;;
82105;220540;;;
82105;220551;;;
82105;220560;;;
82105;220563;;;
82105;220582;;;
82105;220586;;;
82105;220598;;;
82105;220606;;;
82105;220609;;;
82105;220621;;;
82105;220622;;;
82105;220623;;;
82105;220629;;;
82105;220663;;;
82105;220670;;;
82105;221329;;;
82105;221338;;;
82105;233592;;;
82108;74784;;;
82108;121948;;;
82108;141456;;;
82108;178884;;;
82108;178934;;;
82108;204364;;;
82108;209189;;;
82108;220553;;;
82108;220563;;;
82108;220597;;;
82108;220607;;;
82108;220663;;;
82108;220675;;;
82108;220677;;;
82108;221329;;;
82108;226837;;;
82110;74253;;;
82110;74270;;;
82110;121948;;;
82110;141391;;;
82110;141408;;;
82110;141431;;;
82110;141450;;;
82110;141487;;;
82110;160556;;;
82110;160559;;;
82110;160588;;;
82110;178910;;;
82110;178993;;;
82110;198197;;;
82110;204358;;;
82110;204362;;;
82110;204378;;;
82110;204457;;;
82110;204492;;;
82110;204497;;;
82110;204520;;;
82110;204557;;;
82110;220529;;;
82110;220537;;;
82110;220581;;;
82110;220604;;;
82110;220605;;;
82110;220607;;;
82110;220611;;;
82110;220612;;;
82110;220658;;;
82110;220663;;;
82110;220666;;;
82110;220708;;;
82110;221329;;;
82110;233594;;;
82111;178929;;;
82111;204390;;;
82111;204445;;;
82111;220533;;;
82111;233592;;;
82115;72442;;;
82115;73441;;;
82115;74060;;;
82115;123756;;;
82115;141555;;;
82115;160518;;;
82115;178986;;;
82115;205550;;;
82115;220645;;;
82115;220653;;;
82115;220663;;;
82117;73701;;;
82117;74856;;;
82117;160598;;;
82117;178832;;;
82117;180214;;;
82117;204360;;;
82117;204459;;;
82117;204462;;;
82117;204553;;;
82117;214694;;;
82117;215043;;;
82117;220530;;;
82117;220543;;;
82117;220545;;;
82117;220591;;;
82117;220608;;;
82117;220622;;;
82117;220635;;;
82117;220676;;;
82117;220695;;;
82117;220699;;;
82125;66828;;;
82125;73778;;;
82125;74090;;;
82125;74156;;;
82125;74317;;;
82125;74428;;;
82125;74856;;;
82125;104552;;;
82125;123756;;;
82125;141408;;;
82125;141456;;;
82125;141464;;;
82125;141555;;;
82125;160161;;;
82125;160556;;;
82125;178884;;;
82125;188097;;;
82125;198783;;;
82125;204355;;;
82125;204416;;;
82125;204480;;;
82125;204486;;;
82125;204491;;;
82125;204492;;;
82125;204497;;;
82125;204536;;;
82125;204540;;;
82125;204557;;;
82125;204559;;;
82125;220529;;;
82125;220548;;;
82125;220572;;;
82125;220574;;;
82125;220578;;;
82125;220584;;;
82125;220604;;;
82125;220607;;;
82125;220632;;;
82125;220648;;;
82125;220653;;;
82125;220663;;;
82125;220672;;;
82125;220714;;;
82125;221329;;;
82125;221338;;;
82126;74374;;;
82126;81055;;;
82126;141533;;;
82126;160512;;;
82126;160518;;;
82126;160598;;;
82126;178946;;;
82126;204360;;;
82126;204406;;;
82126;204508;;;
82126;204540;;;
82126;220547;;;
82126;220584;;;
82126;220597;;;
82126;220607;;;
82126;220640;;;
82126;220650;;;
82126;220663;;;
82126;220665;;;
82126;220674;;;
82126;220687;;;
82126;220688;;;
82126;220715;;;
82128;73701;;;
82128;74156;;;
82128;74856;;;
82128;104552;;;
82128;107970;;;
82128;160575;;;
82128;160598;;;
82128;178929;;;
82128;178966;;;
82128;198197;;;
82128;204407;;;
82128;204525;;;
82128;204535;;;
82128;206018;;;
82128;213762;;;
82128;220527;;;
82128;220549;;;
82128;220551;;;
82128;220559;;;
82128;220569;;;
82128;220622;;;
82128;220625;;;
82128;220640;;;
82128;220642;;;
82128;220644;;;
82128;220645;;;
82128;220646;;;
82128;220668;;;
82128;220671;;;
82128;220695;;;
82128;221329;;;
82128;221338;;;
82128;230765;;;
82129;74171;;;
82129;160538;;;
82129;220527;;;
82132;66385;;;
82132;66828;;;
82132;69871;;;
82132;72442;;;
82132;73433;;;
82132;73441;;;
82132;73486;;;
82132;73579;;;
82132;73604;;;
82132;73692;;;
82132;73701;;;
82132;73768;;;
82132;73778;;;
82132;73788;;;
82132;73808;;;
82132;74041;;;
82132;74044;;;
82132;74057;;;
82132;74060;;;
82132;74075;;;
82132;74079;;;
82132;74084;;;
82132;74090;;;
82132;74156;;;
82132;74158;;;
82132;74159;;;
82132;74160;;;
82132;74161;;;
82132;74171;;;
82132;74262;;;
82132;74270;;;
82132;74273;;;
82132;74295;;;
82132;74317;;;
82132;74371;;;
82132;74374;;;
82132;74376;;;
82132;74398;;;
82132;74400;;;
82132;74428;;;
82132;74454;;;
82132;74467;;;
82132;74478;;;
82132;74537;;;
82132;74554;;;
82132;74574;;;
82132;74585;;;
82132;74784;;;
82132;74848;;;
82132;74856;;;
82132;74858;;;
82132;80815;;;
82132;81055;;;
82132;88256;;;
82132;91228;;;
82132;92102;;;
82132;92699;;;
82132;98057;;;
82132;98148;;;
82132;98615;;;
82132;104552;;;
82132;107283;;;
82132;107970;;;
82132;109429;;;
82132;121948;;;
82132;122158;;;
82132;122974;;;
82132;123086;;;
82132;123756;;;
82132;128760;;;
82132;133439;;;
82132;133810;;;
82132;136811;;;
82132;137070;;;
82132;139285;;;
82132;141398;;;
82132;141408;;;
82132;141411;;;
82132;141421;;;
82132;141431;;;
82132;141450;;;
82132;141456;;;
82132;141459;;;
82132;141464;;;
82132;141485;;;
82132;141488;;;
82132;141516;;;
82132;141531;;;
82132;141533;;;
82132;141555;;;
82132;143084;;;
82132;150418;;;
82132;153423;;;
82132;154178;;;
82132;156190;;;
82132;157130;;;
82132;160161;;;
82132;160508;;;
82132;160512;;;
82132;160517;;;
82132;160518;;;
82132;160535;;;
82132;160538;;;
82132;160545;;;
82132;160548;;;
82132;160553;;;
82132;160556;;;
82132;160558;;;
82132;160559;;;
82132;160561;;;
82132;160569;;;
82132;160575;;;
82132;160588;;;
82132;160591;;;
82132;160592;;;
82132;160598;;;
82132;160599;;;
82132;160601;;;
82132;160604;;;
82132;160610;;;
82132;160621;;;
82132;160629;;;
82132;160632;;;
82132;160635;;;
82132;160640;;;
82132;160641;;;
82132;160642;;;
82132;160665;;;
82132;160666;;;
82132;160673;;;
82132;160674;;;
82132;160758;;;
82132;160976;;;
82132;161440;;;
82132;161550;;;
82132;162067;;;
82132;162332;;;
82132;165470;;;
82132;166402;;;
82132;171617;;;
82132;171623;;;
82132;171786;;;
82132;175765;;;
82132;178829;;;
82132;178831;;;
82132;178832;;;
82132;178835;;;
82132;178843;;;
82132;178854;;;
82132;178857;;;
82132;178858;;;
82132;178860;;;
82132;178866;;;
82132;178871;;;
82132;178873;;;
82132;178876;;;
82132;178881;;;
82132;178882;;;
82132;178884;;;
82132;178886;;;
82132;178887;;;
82132;178895;;;
82132;178896;;;
82132;178905;;;
82132;178908;;;
82132;178910;;;
82132;178927;;;
82132;178929;;;
82132;178931;;;
82132;178933;;;
82132;178934;;;
82132;178943;;;
82132;178945;;;
82132;178946;;;
82132;178954;;;
82132;178962;;;
82132;178964;;;
82132;178966;;;
82132;178970;;;
82132;178972;;;
82132;178975;;;
82132;178983;;;
82132;178985;;;
82132;178986;;;
82132;178987;;;
82132;178989;;;
82132;178992;;;
82132;178993;;;
82132;178997;;;
82132;179001;;;
82132;180214;;;
82132;188097;;;
82132;191923;;;
82132;198197;;;
82132;198783;;;
82132;204351;;;
82132;204353;;;
82132;204355;;;
82132;204356;;;
82132;204358;;;
82132;204360;;;
82132;204361;;;
82132;204362;;;
82132;204364;;;
82132;204365;;;
82132;204367;;;
82132;204368;;;
82132;204369;;;
82132;204372;;;
82132;204374;;;
82132;204378;;;
82132;204379;;;
82132;204387;;;
82132;204388;;;
82132;204390;;;
82132;204391;;;
82132;204394;;;
82132;204398;;;
82132;204404;;;
82132;204406;;;
82132;204407;;;
82132;204408;;;
82132;204409;;;
82132;204410;;;
82132;204411;;;
82132;204412;;;
82132;204416;;;
82132;204419;;;
82132;204423;;;
82132;204425;;;
82132;204426;;;
82132;204427;;;
82132;204431;;;
82132;204441;;;
82132;204444;;;
82132;204445;;;
82132;204449;;;
82132;204453;;;
82132;204455;;;
82132;204456;;;
82132;204457;;;
82132;204459;;;
82132;204460;;;
82132;204462;;;
82132;204464;;;
82132;204472;;;
82132;204474;;;
82132;204479;;;
82132;204480;;;
82132;204481;;;
82132;204485;;;
82132;204486;;;
82132;204488;;;
82132;204489;;;
82132;204491;;;
82132;204492;;;
82132;204494;;;
82132;204495;;;
82132;204496;;;
82132;204497;;;
82132;204498;;;
82132;204501;;;
82132;204504;;;
82132;204506;;;
82132;204508;;;
82132;204511;;;
82132;204512;;;
82132;204515;;;
82132;204517;;;
82132;204518;;;
82132;204520;;;
82132;204524;;;
82132;204525;;;
82132;204526;;;
82132;204528;;;
82132;204531;;;
82132;204533;;;
82132;204534;;;
82132;204535;;;
82132;204536;;;
82132;204539;;;
82132;204540;;;
82132;204541;;;
82132;204549;;;
82132;204550;;;
82132;204553;;;
82132;204557;;;
82132;204558;;;
82132;204559;;;
82132;204560;;;
82132;204570;;;
82132;204572;;;
82132;204574;;;
82132;205476;;;
82132;205550;;;
82132;206018;;;
82132;209189;;;
82132;209787;;;
82132;210989;;;
82132;213762;;;
82132;214694;;;
82132;215043;;;
82132;220526;;;
82132;220527;;;
82132;220528;;;
82132;220529;;;
82132;220530;;;
82132;220532;;;
82132;220533;;;
82132;220534;;;
82132;220536;;;
82132;220537;;;
82132;220538;;;
82132;220539;;;
82132;220540;;;
82132;220542;;;
82132;220543;;;
82132;220544;;;
82132;220545;;;
82132;220546;;;
82132;220547;;;
82132;220548;;;
82132;220549;;;
82132;220550;;;
82132;220551;;;
82132;220552;;;
82132;220553;;;
82132;220554;;;
82132;220555;;;
82132;220556;;;
82132;220557;;;
82132;220558;;;
82132;220559;;;
82132;220560;;;
82132;220561;;;
82132;220563;;;
82132;220565;;;
82132;220566;;;
82132;220567;;;
82132;220568;;;
82132;220569;;;
82132;220570;;;
82132;220571;;;
82132;220572;;;
82132;220573;;;
82132;220574;;;
82132;220576;;;
82132;220578;;;
82132;220581;;;
82132;220583;;;
82132;220584;;;
82132;220585;;;
82132;220586;;;
82132;220588;;;
82132;220589;;;
82132;220590;;;
82132;220591;;;
82132;220592;;;
82132;220594;;;
82132;220595;;;
82132;220597;;;
82132;220598;;;
82132;220599;;;
82132;220602;;;
82132;220604;;;
82132;220605;;;
82132;220606;;;
82132;220607;;;
82132;220608;;;
82132;220609;;;
82132;220610;;;
82132;220611;;;
82132;220612;;;
82132;220613;;;
82132;220614;;;
82132;220615;;;
82132;220616;;;
82132;220617;;;
82132;220618;;;
82132;220621;;;
82132;220622;;;
82132;220623;;;
82132;220624;;;
82132;220625;;;
82132;220626;;;
82132;220628;;;
82132;220629;;;
82132;220630;;;
82132;220631;;;
82132;220632;;;
82132;220633;;;
82132;220635;;;
82132;220637;;;
82132;220638;;;
82132;220640;;;
82132;220641;;;
82132;220642;;;
82132;220643;;;
82132;220644;;;
82132;220645;;;
82132;220646;;;
82132;220647;;;
82132;220648;;;
82132;220649;;;
82132;220650;;;
82132;220651;;;
82132;220652;;;
82132;220653;;;
82132;220654;;;
82132;220656;;;
82132;220657;;;
82132;220658;;;
82132;220660;;;
82132;220661;;;
82132;220662;;;
82132;220663;;;
82132;220664;;;
82132;220665;;;
82132;220666;;;
82132;220667;;;
82132;220668;;;
82132;220670;;;
82132;220671;;;
82132;220672;;;
82132;220673;;;
82132;220674;;;
82132;220675;;;
82132;220677;;;
82132;220681;;;
82132;220682;;;
82132;220683;;;
82132;220685;;;
82132;220686;;;
82132;220688;;;
82132;220690;;;
82132;220691;;;
82132;220692;;;
82132;220693;;;
82132;220694;;;
82132;220696;;;
82132;220697;;;
82132;220698;;;
82132;220699;;;
82132;220700;;;
82132;220701;;;
82132;220703;;;
82132;220704;;;
82132;220706;;;
82132;220707;;;
82132;220708;;;
82132;220712;;;
82132;220713;;;
82132;220714;;;
82132;220715;;;
82132;221148;;;
82132;221328;;;
82132;221329;;;
82132;221338;;;
82132;224117;;;
82132;224333;;;
82132;225846;;;
82132;226837;;;
82132;227310;;;
82132;227991;;;
82132;230765;;;
82132;230767;;;
82132;230768;;;
82132;230957;;;
82132;233592;;;
82132;233594;;;
82132;234673;;;
82132;234788;;;
82132;235088;;;
82132;235620;;;
82132;235712;;;
82132;235776;;;
82132;235800;;;
82132;235869;;;
82133;73701;;;
82133;74156;;;
82133;74856;;;
82133;104552;;;
82133;107970;;;
82133;160575;;;
82133;160598;;;
82133;178929;;;
82133;178966;;;
82133;198197;;;
82133;204407;;;
82133;204525;;;
82133;204535;;;
82133;206018;;;
82133;213762;;;
82133;220527;;;
82133;220549;;;
82133;220551;;;
82133;220559;;;
82133;220569;;;
82133;220622;;;
82133;220625;;;
82133;220640;;;
82133;220642;;;
82133;220644;;;
82133;220645;;;
82133;220646;;;
82133;220668;;;
82133;220671;;;
82133;220695;;;
82133;221329;;;
82133;221338;;;
82133;230765;;;
82134;73579;;;
82134;73768;;;
82134;74317;;;
82134;107970;;;
82134;121948;;;
82134;123756;;;
82134;141411;;;
82134;141450;;;
82134;141459;;;
82134;160535;;;
82134;160556;;;
82134;160559;;;
82134;160666;;;
82134;160758;;;
82134;161440;;;
82134;161550;;;
82134;162332;;;
82134;178832;;;
82134;178871;;;
82134;178964;;;
82134;178993;;;
82134;204351;;;
82134;204364;;;
82134;204378;;;
82134;204406;;;
82134;204449;;;
82134;204459;;;
82134;204472;;;
82134;204473;;;
82134;204474;;;
82134;204557;;;
82134;215043;;;
82134;220529;;;
82134;220530;;;
82134;220538;;;
82134;220540;;;
82134;220546;;;
82134;220552;;;
82134;220557;;;
82134;220571;;;
82134;220572;;;
82134;220581;;;
82134;220584;;;
82134;220592;;;
82134;220595;;;
82134;220597;;;
82134;220617;;;
82134;220620;;;
82134;220626;;;
82134;220631;;;
82134;220663;;;
82134;220664;;;
82134;220666;;;
82134;220671;;;
82134;220672;;;
82134;220684;;;
82134;220685;;;
82134;220687;;;
82134;220693;;;
82134;220708;;;
82134;227991;;;
82137;72442;;;
82137;74253;;;
82137;74376;;;
82137;74428;;;
82137;98057;;;
82137;123756;;;
82137;178873;;;
82137;178992;;;
82137;178993;;;
82137;204374;;;
82137;204528;;;
82137;204559;;;
82137;220529;;;
82137;220540;;;
82137;220549;;;
82137;220550;;;
82137;220552;;;
82137;220553;;;
82137;220658;;;
82137;220663;;;
82137;220664;;;
82137;220672;;;
82137;220697;;;
82137;226837;;;
82137;230768;;;
82138;66385;;;
82138;69871;;;
82138;72442;;;
82138;73433;;;
82138;73441;;;
82138;73486;;;
82138;73579;;;
82138;73604;;;
82138;73692;;;
82138;73701;;;
82138;73768;;;
82138;73778;;;
82138;73788;;;
82138;73801;;;
82138;73808;;;
82138;74041;;;
82138;74043;;;
82138;74044;;;
82138;74057;;;
82138;74060;;;
82138;74075;;;
82138;74079;;;
82138;74084;;;
82138;74090;;;
82138;74156;;;
82138;74158;;;
82138;74159;;;
82138;74160;;;
82138;74171;;;
82138;74262;;;
82138;74270;;;
82138;74273;;;
82138;74295;;;
82138;74317;;;
82138;74371;;;
82138;74374;;;
82138;74376;;;
82138;74398;;;
82138;74400;;;
82138;74428;;;
82138;74454;;;
82138;74467;;;
82138;74478;;;
82138;74537;;;
82138;74554;;;
82138;74574;;;
82138;74585;;;
82138;74646;;;
82138;74784;;;
82138;74848;;;
82138;74856;;;
82138;74858;;;
82138;80815;;;
82138;81055;;;
82138;88256;;;
82138;91228;;;
82138;92102;;;
82138;92699;;;
82138;92776;;;
82138;98057;;;
82138;98148;;;
82138;98615;;;
82138;104552;;;
82138;107283;;;
82138;107970;;;
82138;109429;;;
82138;121948;;;
82138;122158;;;
82138;123086;;;
82138;123756;;;
82138;128760;;;
82138;133439;;;
82138;133810;;;
82138;136811;;;
82138;137070;;;
82138;139285;;;
82138;141391;;;
82138;141398;;;
82138;141411;;;
82138;141421;;;
82138;141431;;;
82138;141450;;;
82138;141456;;;
82138;141459;;;
82138;141464;;;
82138;141485;;;
82138;141487;;;
82138;141488;;;
82138;141516;;;
82138;141531;;;
82138;141533;;;
82138;141555;;;
82138;143084;;;
82138;143632;;;
82138;150418;;;
82138;153423;;;
82138;154178;;;
82138;156190;;;
82138;157130;;;
82138;160161;;;
82138;160508;;;
82138;160512;;;
82138;160517;;;
82138;160518;;;
82138;160535;;;
82138;160538;;;
82138;160545;;;
82138;160548;;;
82138;160552;;;
82138;160553;;;
82138;160556;;;
82138;160558;;;
82138;160559;;;
82138;160561;;;
82138;160569;;;
82138;160575;;;
82138;160588;;;
82138;160591;;;
82138;160592;;;
82138;160598;;;
82138;160599;;;
82138;160601;;;
82138;160610;;;
82138;160621;;;
82138;160629;;;
82138;160632;;;
82138;160635;;;
82138;160640;;;
82138;160641;;;
82138;160642;;;
82138;160665;;;
82138;160666;;;
82138;160673;;;
82138;160674;;;
82138;160758;;;
82138;160976;;;
82138;161440;;;
82138;161550;;;
82138;162067;;;
82138;162332;;;
82138;165470;;;
82138;166402;;;
82138;171617;;;
82138;171623;;;
82138;175765;;;
82138;178829;;;
82138;178831;;;
82138;178832;;;
82138;178835;;;
82138;178843;;;
82138;178854;;;
82138;178857;;;
82138;178858;;;
82138;178860;;;
82138;178866;;;
82138;178871;;;
82138;178873;;;
82138;178876;;;
82138;178881;;;
82138;178884;;;
82138;178887;;;
82138;178895;;;
82138;178896;;;
82138;178905;;;
82138;178908;;;
82138;178929;;;
82138;178931;;;
82138;178933;;;
82138;178934;;;
82138;178943;;;
82138;178945;;;
82138;178946;;;
82138;178947;;;
82138;178954;;;
82138;178962;;;
82138;178964;;;
82138;178966;;;
82138;178970;;;
82138;178972;;;
82138;178975;;;
82138;178983;;;
82138;178985;;;
82138;178986;;;
82138;178987;;;
82138;178992;;;
82138;178993;;;
82138;178997;;;
82138;179001;;;
82138;180214;;;
82138;188097;;;
82138;191923;;;
82138;198197;;;
82138;198783;;;
82138;204351;;;
82138;204353;;;
82138;204355;;;
82138;204356;;;
82138;204358;;;
82138;204360;;;
82138;204361;;;
82138;204362;;;
82138;204364;;;
82138;204365;;;
82138;204367;;;
82138;204369;;;
82138;204372;;;
82138;204374;;;
82138;204387;;;
82138;204388;;;
82138;204390;;;
82138;204394;;;
82138;204396;;;
82138;204398;;;
82138;204404;;;
82138;204406;;;
82138;204407;;;
82138;204408;;;
82138;204409;;;
82138;204410;;;
82138;204411;;;
82138;204412;;;
82138;204416;;;
82138;204419;;;
82138;204423;;;
82138;204425;;;
82138;204426;;;
82138;204427;;;
82138;204441;;;
82138;204444;;;
82138;204445;;;
82138;204449;;;
82138;204453;;;
82138;204455;;;
82138;204456;;;
82138;204457;;;
82138;204459;;;
82138;204460;;;
82138;204462;;;
82138;204472;;;
82138;204473;;;
82138;204474;;;
82138;204479;;;
82138;204480;;;
82138;204481;;;
82138;204485;;;
82138;204486;;;
82138;204488;;;
82138;204489;;;
82138;204491;;;
82138;204492;;;
82138;204494;;;
82138;204495;;;
82138;204496;;;
82138;204497;;;
82138;204498;;;
82138;204501;;;
82138;204504;;;
82138;204506;;;
82138;204508;;;
82138;204511;;;
82138;204512;;;
82138;204515;;;
82138;204517;;;
82138;204518;;;
82138;204520;;;
82138;204524;;;
82138;204525;;;
82138;204526;;;
82138;204528;;;
82138;204531;;;
82138;204533;;;
82138;204534;;;
82138;204535;;;
82138;204536;;;
82138;204539;;;
82138;204540;;;
82138;204541;;;
82138;204549;;;
82138;204550;;;
82138;204553;;;
82138;204557;;;
82138;204558;;;
82138;204559;;;
82138;204570;;;
82138;204572;;;
82138;204574;;;
82138;205476;;;
82138;205550;;;
82138;206018;;;
82138;209189;;;
82138;209787;;;
82138;210989;;;
82138;213762;;;
82138;214694;;;
82138;215043;;;
82138;220526;;;
82138;220527;;;
82138;220528;;;
82138;220529;;;
82138;220530;;;
82138;220532;;;
82138;220533;;;
82138;220534;;;
82138;220536;;;
82138;220537;;;
82138;220538;;;
82138;220539;;;
82138;220540;;;
82138;220542;;;
82138;220543;;;
82138;220544;;;
82138;220545;;;
82138;220546;;;
82138;220547;;;
82138;220548;;;
82138;220549;;;
82138;220550;;;
82138;220551;;;
82138;220552;;;
82138;220553;;;
82138;220554;;;
82138;220555;;;
82138;220556;;;
82138;220557;;;
82138;220558;;;
82138;220559;;;
82138;220560;;;
82138;220563;;;
82138;220565;;;
82138;220566;;;
82138;220567;;;
82138;220568;;;
82138;220569;;;
82138;220570;;;
82138;220571;;;
82138;220572;;;
82138;220573;;;
82138;220574;;;
82138;220576;;;
82138;220578;;;
82138;220581;;;
82138;220583;;;
82138;220584;;;
82138;220585;;;
82138;220586;;;
82138;220588;;;
82138;220589;;;
82138;220590;;;
82138;220591;;;
82138;220592;;;
82138;220595;;;
82138;220597;;;
82138;220598;;;
82138;220599;;;
82138;220602;;;
82138;220605;;;
82138;220606;;;
82138;220607;;;
82138;220608;;;
82138;220609;;;
82138;220610;;;
82138;220611;;;
82138;220612;;;
82138;220613;;;
82138;220614;;;
82138;220615;;;
82138;220616;;;
82138;220617;;;
82138;220618;;;
82138;220620;;;
82138;220621;;;
82138;220622;;;
82138;220623;;;
82138;220624;;;
82138;220625;;;
82138;220626;;;
82138;220628;;;
82138;220629;;;
82138;220630;;;
82138;220631;;;
82138;220632;;;
82138;220633;;;
82138;220635;;;
82138;220637;;;
82138;220638;;;
82138;220640;;;
82138;220641;;;
82138;220643;;;
82138;220644;;;
82138;220645;;;
82138;220646;;;
82138;220647;;;
82138;220648;;;
82138;220650;;;
82138;220651;;;
82138;220652;;;
82138;220653;;;
82138;220654;;;
82138;220656;;;
82138;220657;;;
82138;220658;;;
82138;220660;;;
82138;220661;;;
82138;220662;;;
82138;220663;;;
82138;220664;;;
82138;220665;;;
82138;220666;;;
82138;220667;;;
82138;220668;;;
82138;220669;;;
82138;220670;;;
82138;220671;;;
82138;220672;;;
82138;220673;;;
82138;220674;;;
82138;220675;;;
82138;220677;;;
82138;220681;;;
82138;220682;;;
82138;220683;;;
82138;220684;;;
82138;220685;;;
82138;220686;;;
82138;220688;;;
82138;220690;;;
82138;220691;;;
82138;220692;;;
82138;220693;;;
82138;220694;;;
82138;220695;;;
82138;220696;;;
82138;220697;;;
82138;220698;;;
82138;220699;;;
82138;220700;;;
82138;220701;;;
82138;220703;;;
82138;220704;;;
82138;220707;;;
82138;220708;;;
82138;220713;;;
82138;220714;;;
82138;220715;;;
82138;221148;;;
82138;221328;;;
82138;221329;;;
82138;221338;;;
82138;224117;;;
82138;224333;;;
82138;225846;;;
82138;226837;;;
82138;227991;;;
82138;230767;;;
82138;230768;;;
82138;230957;;;
82138;233592;;;
82138;233594;;;
82138;234673;;;
82138;234788;;;
82138;235088;;;
82138;235620;;;
82138;235712;;;
82138;235776;;;
82138;235800;;;
82138;235869;;;
82139;72442;;;
82139;74253;;;
82139;74376;;;
82139;74428;;;
82139;98057;;;
82139;123756;;;
82139;178873;;;
82139;178992;;;
82139;178993;;;
82139;204374;;;
82139;204486;;;
82139;204494;;;
82139;204528;;;
82139;204559;;;
82139;220529;;;
82139;220540;;;
82139;220549;;;
82139;220550;;;
82139;220552;;;
82139;220553;;;
82139;220658;;;
82139;220663;;;
82139;220664;;;
82139;220672;;;
82139;220697;;;
82139;226837;;;
82139;230768;;;
82141;198197;;;
82141;204520;;;
82141;220595;;;
82141;220605;;;
82141;220607;;;
82141;220612;;;
82141;221329;;;
82147;74156;;;
82147;74374;;;
82147;81055;;;
82147;141533;;;
82147;160512;;;
82147;160518;;;
82147;160598;;;
82147;178946;;;
82147;178993;;;
82147;204360;;;
82147;204406;;;
82147;204508;;;
82147;204540;;;
82147;220547;;;
82147;220584;;;
82147;220597;;;
82147;220607;;;
82147;220640;;;
82147;220650;;;
82147;220663;;;
82147;220665;;;
82147;220674;;;
82147;220676;;;
82147;220687;;;
82147;220688;;;
82147;220691;;;
82147;220715;;;
82148;74041;;;
82148;74057;;;
82148;74585;;;
82148;160556;;;
82148;160575;;;
82148;160598;;;
82148;160601;;;
82148;160642;;;
82148;178966;;;
82148;178985;;;
82148;178987;;;
82148;180214;;;
82148;204351;;;
82148;204453;;;
82148;204462;;;
82148;204464;;;
82148;204515;;;
82148;206018;;;
82148;220526;;;
82148;220527;;;
82148;220530;;;
82148;220555;;;
82148;220598;;;
82148;220606;;;
82148;220615;;;
82148;220623;;;
82148;220645;;;
82148;220654;;;
82148;220665;;;
82148;220667;;;
82148;220682;;;
82151;74478;;;
82151;74856;;;
82151;133439;;;
82151;160552;;;
82151;160598;;;
82151;171623;;;
82151;204351;;;
82151;204358;;;
82151;204372;;;
82151;204378;;;
82151;204409;;;
82151;204410;;;
82151;204455;;;
82151;220537;;;
82151;220605;;;
82151;220622;;;
82151;220628;;;
82151;220670;;;
82151;220693;;;
82151;226837;;;
82152;74253;;;
82152;74537;;;
82152;141450;;;
82152;141487;;;
82152;160548;;;
82152;160552;;;
82152;160588;;;
82152;162067;;;
82152;178943;;;
82152;191923;;;
82152;198197;;;
82152;204355;;;
82152;204456;;;
82152;204457;;;
82152;204491;;;
82152;204492;;;
82152;204504;;;
82152;204525;;;
82152;204559;;;
82152;220529;;;
82152;220537;;;
82152;220540;;;
82152;220543;;;
82152;220553;;;
82152;220558;;;
82152;220604;;;
82152;220608;;;
82152;220612;;;
82152;220638;;;
82152;220647;;;
82152;220650;;;
82152;220663;;;
82152;220664;;;
82152;220672;;;
82152;220687;;;
82152;220698;;;
82152;220703;;;
82152;220708;;;
82152;233594;;;
82155;62881;;;
82155;66385;;;
82155;66828;;;
82155;69871;;;
82155;72442;;;
82155;73433;;;
82155;73441;;;
82155;73486;;;
82155;73579;;;
82155;73604;;;
82155;73692;;;
82155;73701;;;
82155;73768;;;
82155;73778;;;
82155;73788;;;
82155;73801;;;
82155;73808;;;
82155;74041;;;
82155;74043;;;
82155;74044;;;
82155;74057;;;
82155;74060;;;
82155;74075;;;
82155;74079;;;
82155;74084;;;
82155;74090;;;
82155;74156;;;
82155;74158;;;
82155;74159;;;
82155;74160;;;
82155;74161;;;
82155;74171;;;
82155;74253;;;
82155;74262;;;
82155;74270;;;
82155;74273;;;
82155;74295;;;
82155;74317;;;
82155;74374;;;
82155;74376;;;
82155;74398;;;
82155;74400;;;
82155;74428;;;
82155;74454;;;
82155;74467;;;
82155;74478;;;
82155;74537;;;
82155;74554;;;
82155;74574;;;
82155;74585;;;
82155;74646;;;
82155;74784;;;
82155;74848;;;
82155;74856;;;
82155;74858;;;
82155;80815;;;
82155;81055;;;
82155;88256;;;
82155;91228;;;
82155;92102;;;
82155;92699;;;
82155;92776;;;
82155;98057;;;
82155;98148;;;
82155;98615;;;
82155;104552;;;
82155;107283;;;
82155;107970;;;
82155;109429;;;
82155;121948;;;
82155;122158;;;
82155;122974;;;
82155;123086;;;
82155;123756;;;
82155;128760;;;
82155;133439;;;
82155;133810;;;
82155;136811;;;
82155;137070;;;
82155;139285;;;
82155;141391;;;
82155;141398;;;
82155;141408;;;
82155;141411;;;
82155;141421;;;
82155;141431;;;
82155;141450;;;
82155;141456;;;
82155;141458;;;
82155;141459;;;
82155;141464;;;
82155;141485;;;
82155;141487;;;
82155;141488;;;
82155;141516;;;
82155;141518;;;
82155;141531;;;
82155;141533;;;
82155;141555;;;
82155;143084;;;
82155;143632;;;
82155;150418;;;
82155;153423;;;
82155;154178;;;
82155;156190;;;
82155;157130;;;
82155;160161;;;
82155;160508;;;
82155;160512;;;
82155;160517;;;
82155;160518;;;
82155;160527;;;
82155;160535;;;
82155;160538;;;
82155;160545;;;
82155;160548;;;
82155;160552;;;
82155;160553;;;
82155;160556;;;
82155;160558;;;
82155;160559;;;
82155;160561;;;
82155;160569;;;
82155;160575;;;
82155;160588;;;
82155;160591;;;
82155;160592;;;
82155;160598;;;
82155;160599;;;
82155;160600;;;
82155;160601;;;
82155;160604;;;
82155;160610;;;
82155;160621;;;
82155;160629;;;
82155;160632;;;
82155;160635;;;
82155;160640;;;
82155;160641;;;
82155;160642;;;
82155;160665;;;
82155;160666;;;
82155;160673;;;
82155;160674;;;
82155;160758;;;
82155;160976;;;
82155;161440;;;
82155;161550;;;
82155;162067;;;
82155;162332;;;
82155;165470;;;
82155;166402;;;
82155;171617;;;
82155;171623;;;
82155;171786;;;
82155;175765;;;
82155;178829;;;
82155;178831;;;
82155;178832;;;
82155;178835;;;
82155;178843;;;
82155;178854;;;
82155;178857;;;
82155;178858;;;
82155;178860;;;
82155;178866;;;
82155;178871;;;
82155;178873;;;
82155;178881;;;
82155;178882;;;
82155;178884;;;
82155;178886;;;
82155;178887;;;
82155;178895;;;
82155;178896;;;
82155;178905;;;
82155;178908;;;
82155;178910;;;
82155;178927;;;
82155;178929;;;
82155;178931;;;
82155;178933;;;
82155;178934;;;
82155;178937;;;
82155;178943;;;
82155;178945;;;
82155;178946;;;
82155;178947;;;
82155;178954;;;
82155;178962;;;
82155;178964;;;
82155;178966;;;
82155;178970;;;
82155;178972;;;
82155;178975;;;
82155;178983;;;
82155;178985;;;
82155;178986;;;
82155;178987;;;
82155;178989;;;
82155;178992;;;
82155;178993;;;
82155;178997;;;
82155;179000;;;
82155;179001;;;
82155;180214;;;
82155;188097;;;
82155;191923;;;
82155;198197;;;
82155;198783;;;
82155;204351;;;
82155;204355;;;
82155;204356;;;
82155;204358;;;
82155;204360;;;
82155;204361;;;
82155;204362;;;
82155;204364;;;
82155;204365;;;
82155;204367;;;
82155;204368;;;
82155;204369;;;
82155;204372;;;
82155;204374;;;
82155;204378;;;
82155;204379;;;
82155;204387;;;
82155;204388;;;
82155;204390;;;
82155;204391;;;
82155;204394;;;
82155;204395;;;
82155;204396;;;
82155;204398;;;
82155;204404;;;
82155;204406;;;
82155;204407;;;
82155;204408;;;
82155;204409;;;
82155;204410;;;
82155;204411;;;
82155;204412;;;
82155;204416;;;
82155;204419;;;
82155;204423;;;
82155;204425;;;
82155;204426;;;
82155;204427;;;
82155;204431;;;
82155;204436;;;
82155;204441;;;
82155;204445;;;
82155;204449;;;
82155;204450;;;
82155;204453;;;
82155;204455;;;
82155;204456;;;
82155;204457;;;
82155;204459;;;
82155;204460;;;
82155;204462;;;
82155;204464;;;
82155;204472;;;
82155;204473;;;
82155;204474;;;
82155;204479;;;
82155;204480;;;
82155;204481;;;
82155;204485;;;
82155;204486;;;
82155;204488;;;
82155;204489;;;
82155;204491;;;
82155;204492;;;
82155;204494;;;
82155;204495;;;
82155;204496;;;
82155;204497;;;
82155;204498;;;
82155;204501;;;
82155;204504;;;
82155;204506;;;
82155;204508;;;
82155;204511;;;
82155;204512;;;
82155;204515;;;
82155;204517;;;
82155;204518;;;
82155;204520;;;
82155;204524;;;
82155;204525;;;
82155;204526;;;
82155;204528;;;
82155;204531;;;
82155;204533;;;
82155;204534;;;
82155;204535;;;
82155;204536;;;
82155;204539;;;
82155;204540;;;
82155;204541;;;
82155;204549;;;
82155;204550;;;
82155;204553;;;
82155;204557;;;
82155;204558;;;
82155;204559;;;
82155;204560;;;
82155;204567;;;
82155;204570;;;
82155;204572;;;
82155;204574;;;
82155;205476;;;
82155;205550;;;
82155;206018;;;
82155;209189;;;
82155;209787;;;
82155;210989;;;
82155;213762;;;
82155;214694;;;
82155;215043;;;
82155;220526;;;
82155;220527;;;
82155;220528;;;
82155;220529;;;
82155;220530;;;
82155;220532;;;
82155;220533;;;
82155;220534;;;
82155;220536;;;
82155;220537;;;
82155;220538;;;
82155;220539;;;
82155;220540;;;
82155;220542;;;
82155;220543;;;
82155;220544;;;
82155;220545;;;
82155;220546;;;
82155;220547;;;
82155;220548;;;
82155;220549;;;
82155;220550;;;
82155;220551;;;
82155;220552;;;
82155;220553;;;
82155;220554;;;
82155;220555;;;
82155;220556;;;
82155;220557;;;
82155;220558;;;
82155;220559;;;
82155;220560;;;
82155;220561;;;
82155;220563;;;
82155;220565;;;
82155;220566;;;
82155;220567;;;
82155;220568;;;
82155;220569;;;
82155;220570;;;
82155;220571;;;
82155;220572;;;
82155;220573;;;
82155;220574;;;
82155;220576;;;
82155;220578;;;
82155;220581;;;
82155;220582;;;
82155;220583;;;
82155;220584;;;
82155;220585;;;
82155;220588;;;
82155;220589;;;
82155;220590;;;
82155;220591;;;
82155;220592;;;
82155;220594;;;
82155;220595;;;
82155;220597;;;
82155;220598;;;
82155;220599;;;
82155;220602;;;
82155;220603;;;
82155;220604;;;
82155;220605;;;
82155;220606;;;
82155;220607;;;
82155;220608;;;
82155;220609;;;
82155;220610;;;
82155;220611;;;
82155;220612;;;
82155;220613;;;
82155;220614;;;
82155;220615;;;
82155;220616;;;
82155;220617;;;
82155;220618;;;
82155;220620;;;
82155;220621;;;
82155;220622;;;
82155;220623;;;
82155;220624;;;
82155;220625;;;
82155;220626;;;
82155;220628;;;
82155;220629;;;
82155;220630;;;
82155;220631;;;
82155;220632;;;
82155;220633;;;
82155;220635;;;
82155;220637;;;
82155;220638;;;
82155;220640;;;
82155;220641;;;
82155;220642;;;
82155;220643;;;
82155;220644;;;
82155;220645;;;
82155;220646;;;
82155;220647;;;
82155;220648;;;
82155;220649;;;
82155;220650;;;
82155;220651;;;
82155;220652;;;
82155;220653;;;
82155;220654;;;
82155;220656;;;
82155;220657;;;
82155;220658;;;
82155;220660;;;
82155;220661;;;
82155;220662;;;
82155;220663;;;
82155;220664;;;
82155;220665;;;
82155;220666;;;
82155;220667;;;
82155;220668;;;
82155;220669;;;
82155;220670;;;
82155;220671;;;
82155;220672;;;
82155;220673;;;
82155;220674;;;
82155;220675;;;
82155;220676;;;
82155;220677;;;
82155;220681;;;
82155;220682;;;
82155;220683;;;
82155;220684;;;
82155;220685;;;
82155;220686;;;
82155;220687;;;
82155;220688;;;
82155;220690;;;
82155;220691;;;
82155;220692;;;
82155;220693;;;
82155;220694;;;
82155;220695;;;
82155;220696;;;
82155;220697;;;
82155;220698;;;
82155;220699;;;
82155;220700;;;
82155;220701;;;
82155;220702;;;
82155;220703;;;
82155;220706;;;
82155;220707;;;
82155;220708;;;
82155;220712;;;
82155;220713;;;
82155;220714;;;
82155;220715;;;
82155;221148;;;
82155;221328;;;
82155;221329;;;
82155;221338;;;
82155;224117;;;
82155;224333;;;
82155;225846;;;
82155;226837;;;
82155;227310;;;
82155;227991;;;
82155;230768;;;
82155;230957;;;
82155;233592;;;
82155;233594;;;
82155;234673;;;
82155;234788;;;
82155;235088;;;
82155;235620;;;
82155;235712;;;
82155;235776;;;
82155;235800;;;
82155;235869;;;
82157;66828;;;
82157;74428;;;
82157;81055;;;
82157;128760;;;
82157;141456;;;
82157;160556;;;
82157;178884;;;
82157;204374;;;
82157;204398;;;
82157;204408;;;
82157;204409;;;
82157;204520;;;
82157;204528;;;
82157;209787;;;
82157;220529;;;
82157;220554;;;
82157;220578;;;
82157;220602;;;
82157;220614;;;
82157;220638;;;
82157;220658;;;
82157;220667;;;
82157;220682;;;
82157;220688;;;
82158;74156;;;
82158;74374;;;
82158;74856;;;
82158;80815;;;
82158;160518;;;
82158;178929;;;
82158;178987;;;
82158;178993;;;
82158;204360;;;
82158;204406;;;
82158;204445;;;
82158;204508;;;
82158;204540;;;
82158;213762;;;
82158;220547;;;
82158;220571;;;
82158;220607;;;
82158;220625;;;
82158;220640;;;
82158;220648;;;
82158;220663;;;
82158;220687;;;
82158;220715;;;
82158;221329;;;
82158;235088;;;
82159;74398;;;
82159;204407;;;
82160;204559;;;
82160;220697;;;
82160;230768;;;
82163;62881;;;
82163;66385;;;
82163;66828;;;
82163;69871;;;
82163;73486;;;
82163;73768;;;
82163;74041;;;
82163;74057;;;
82163;74075;;;
82163;74161;;;
82163;74428;;;
82163;74454;;;
82163;74574;;;
82163;74856;;;
82163;91228;;;
82163;92102;;;
82163;98057;;;
82163;139285;;;
82163;141408;;;
82163;141485;;;
82163;141488;;;
82163;141531;;;
82163;143632;;;
82163;153423;;;
82163;157130;;;
82163;160512;;;
82163;160600;;;
82163;160601;;;
82163;160666;;;
82163;160758;;;
82163;178829;;;
82163;178860;;;
82163;178881;;;
82163;178884;;;
82163;178905;;;
82163;178908;;;
82163;178929;;;
82163;178934;;;
82163;178943;;;
82163;178946;;;
82163;178986;;;
82163;178987;;;
82163;191923;;;
82163;204355;;;
82163;204360;;;
82163;204367;;;
82163;204369;;;
82163;204372;;;
82163;204374;;;
82163;204378;;;
82163;204398;;;
82163;204404;;;
82163;204460;;;
82163;204462;;;
82163;204464;;;
82163;204474;;;
82163;204485;;;
82163;204501;;;
82163;204512;;;
82163;204534;;;
82163;204535;;;
82163;204572;;;
82163;209787;;;
82163;220529;;;
82163;220539;;;
82163;220543;;;
82163;220546;;;
82163;220547;;;
82163;220555;;;
82163;220558;;;
82163;220559;;;
82163;220573;;;
82163;220574;;;
82163;220576;;;
82163;220583;;;
82163;220585;;;
82163;220588;;;
82163;220590;;;
82163;220594;;;
82163;220597;;;
82163;220605;;;
82163;220609;;;
82163;220618;;;
82163;220626;;;
82163;220630;;;
82163;220637;;;
82163;220649;;;
82163;220654;;;
82163;220663;;;
82163;220668;;;
82163;220684;;;
82163;221338;;;
82163;235088;;;
82163;235776;;;
82165;178929;;;
82165;204462;;;
82165;204464;;;
82165;204528;;;
82165;204534;;;
82165;204535;;;
82165;220559;;;
82165;220646;;;
82165;220665;;;
82165;220668;;;
82165;220686;;;
82165;221329;;;
82167;141450;;;
82167;161550;;;
82167;162332;;;
82167;178871;;;
82167;178964;;;
82167;204395;;;
82167;220626;;;
82170;74090;;;
82170;104552;;;
82170;109429;;;
82170;128760;;;
82170;141459;;;
82170;160535;;;
82170;160556;;;
82170;160561;;;
82170;160666;;;
82170;178993;;;
82170;178997;;;
82170;204360;;;
82170;204378;;;
82170;204489;;;
82170;204512;;;
82170;220529;;;
82170;220540;;;
82170;220543;;;
82170;220557;;;
82170;220571;;;
82170;220592;;;
82170;220617;;;
82170;220663;;;
82170;220667;;;
82172;66828;;;
82172;73692;;;
82172;74856;;;
82172;178929;;;
82172;178993;;;
82172;204372;;;
82172;204427;;;
82172;204518;;;
82172;213762;;;
82172;220642;;;
82172;220663;;;
82174;74057;;;
82174;91228;;;
82174;133439;;;
82174;141459;;;
82174;204407;;;
82174;204474;;;
82174;204535;;;
82174;204536;;;
82174;204553;;;
82174;220533;;;
82174;220554;;;
82174;220606;;;
82174;220625;;;
82174;220656;;;
82174;220658;;;
82174;220690;;;
82174;220703;;;
82174;221338;;;
82174;233592;;;
82174;235712;;;
82180;74156;;;
82180;88256;;;
82180;220606;;;
82181;74253;;;
82181;74537;;;
82181;141450;;;
82181;141487;;;
82181;160548;;;
82181;160552;;;
82181;160588;;;
82181;162067;;;
82181;178943;;;
82181;191923;;;
82181;198197;;;
82181;204456;;;
82181;204457;;;
82181;204491;;;
82181;204504;;;
82181;204525;;;
82181;204559;;;
82181;220529;;;
82181;220537;;;
82181;220540;;;
82181;220543;;;
82181;220558;;;
82181;220604;;;
82181;220612;;;
82181;220638;;;
82181;220647;;;
82181;220650;;;
82181;220663;;;
82181;220664;;;
82181;220672;;;
82181;220687;;;
82181;220698;;;
82181;220703;;;
82181;220708;;;
82181;233594;;;
82182;74075;;;
82182;74171;;;
82182;104552;;;
82182;178993;;;
82182;204378;;;
82182;204492;;;
82182;204495;;;
82182;206018;;;
82182;220539;;;
82182;220573;;;
82182;220591;;;
82182;220592;;;
82182;220629;;;
82182;220640;;;
82182;220663;;;
82182;221148;;;
82182;235869;;;
82186;66828;;;
82186;73788;;;
82186;74084;;;
82186;74273;;;
82186;74295;;;
82186;74848;;;
82186;123086;;;
82186;133439;;;
82186;141391;;;
82186;141533;;;
82186;160640;;;
82186;160673;;;
82186;171623;;;
82186;178964;;;
82186;178992;;;
82186;178993;;;
82186;204356;;;
82186;204372;;;
82186;204388;;;
82186;204410;;;
82186;204412;;;
82186;204511;;;
82186;204533;;;
82186;214694;;;
82186;220540;;;
82186;220555;;;
82186;220578;;;
82186;220606;;;
82186;220612;;;
82186;220622;;;
82186;220651;;;
82186;220662;;;
82186;220663;;;
82186;220666;;;
82186;220707;;;
82186;221329;;;
82186;221338;;;
82186;227991;;;
82186;235800;;;
82187;73692;;;
82187;74374;;;
82187;160575;;;
82187;160598;;;
82187;213762;;;
82187;220540;;;
82187;220571;;;
82187;220622;;;
82187;220699;;;
82187;221329;;;
82188;74156;;;
82188;74784;;;
82188;160575;;;
82188;204407;;;
82188;204464;;;
82188;204494;;;
82188;204518;;;
82188;204535;;;
82188;209189;;;
82188;220632;;;
82188;220642;;;
82188;220701;;;
82188;227310;;;
82189;66385;;;
82189;69871;;;
82189;73486;;;
82189;74084;;;
82189;74467;;;
82189;107970;;;
82189;128760;;;
82189;133439;;;
82189;141464;;;
82189;171623;;;
82189;198197;;;
82189;204351;;;
82189;204388;;;
82189;204396;;;
82189;204408;;;
82189;204409;;;
82189;204492;;;
82189;204498;;;
82189;204512;;;
82189;204541;;;
82189;213762;;;
82189;220557;;;
82189;220591;;;
82189;220595;;;
82189;220624;;;
82189;220651;;;
82189;220654;;;
82189;220685;;;
82189;220693;;;
82189;221329;;;
82193;74041;;;
82193;74057;;;
82193;160556;;;
82193;160575;;;
82193;160598;;;
82193;160601;;;
82193;160642;;;
82193;178987;;;
82193;180214;;;
82193;204351;;;
82193;204453;;;
82193;204462;;;
82193;204464;;;
82193;204515;;;
82193;206018;;;
82193;220526;;;
82193;220527;;;
82193;220530;;;
82193;220555;;;
82193;220598;;;
82193;220606;;;
82193;220615;;;
82193;220623;;;
82193;220645;;;
82193;220654;;;
82193;220665;;;
82193;220667;;;
82193;220682;;;
82214;62881;;;
82214;66385;;;
82214;66828;;;
82214;69871;;;
82214;72442;;;
82214;73433;;;
82214;73441;;;
82214;73486;;;
82214;73579;;;
82214;73604;;;
82214;73692;;;
82214;73701;;;
82214;73768;;;
82214;73778;;;
82214;73788;;;
82214;73801;;;
82214;73808;;;
82214;74041;;;
82214;74043;;;
82214;74044;;;
82214;74057;;;
82214;74060;;;
82214;74075;;;
82214;74079;;;
82214;74084;;;
82214;74090;;;
82214;74156;;;
82214;74158;;;
82214;74160;;;
82214;74161;;;
82214;74171;;;
82214;74253;;;
82214;74262;;;
82214;74270;;;
82214;74273;;;
82214;74295;;;
82214;74317;;;
82214;74371;;;
82214;74374;;;
82214;74376;;;
82214;74398;;;
82214;74400;;;
82214;74428;;;
82214;74454;;;
82214;74467;;;
82214;74478;;;
82214;74537;;;
82214;74554;;;
82214;74574;;;
82214;74585;;;
82214;74646;;;
82214;74784;;;
82214;74848;;;
82214;74856;;;
82214;74858;;;
82214;80815;;;
82214;81055;;;
82214;88256;;;
82214;91228;;;
82214;92102;;;
82214;92699;;;
82214;92776;;;
82214;98057;;;
82214;98148;;;
82214;98615;;;
82214;104552;;;
82214;107283;;;
82214;107970;;;
82214;109429;;;
82214;121948;;;
82214;122158;;;
82214;122974;;;
82214;123086;;;
82214;123756;;;
82214;128760;;;
82214;133439;;;
82214;133810;;;
82214;136811;;;
82214;137070;;;
82214;139285;;;
82214;141391;;;
82214;141398;;;
82214;141408;;;
82214;141411;;;
82214;141421;;;
82214;141431;;;
82214;141450;;;
82214;141456;;;
82214;141458;;;
82214;141459;;;
82214;141464;;;
82214;141485;;;
82214;141487;;;
82214;141488;;;
82214;141516;;;
82214;141518;;;
82214;141531;;;
82214;141533;;;
82214;141555;;;
82214;143084;;;
82214;143632;;;
82214;150418;;;
82214;153423;;;
82214;154178;;;
82214;156190;;;
82214;157130;;;
82214;160161;;;
82214;160508;;;
82214;160512;;;
82214;160517;;;
82214;160518;;;
82214;160527;;;
82214;160535;;;
82214;160538;;;
82214;160545;;;
82214;160548;;;
82214;160552;;;
82214;160553;;;
82214;160556;;;
82214;160558;;;
82214;160559;;;
82214;160561;;;
82214;160569;;;
82214;160575;;;
82214;160588;;;
82214;160591;;;
82214;160592;;;
82214;160598;;;
82214;160599;;;
82214;160600;;;
82214;160601;;;
82214;160604;;;
82214;160610;;;
82214;160621;;;
82214;160629;;;
82214;160632;;;
82214;160635;;;
82214;160640;;;
82214;160641;;;
82214;160642;;;
82214;160665;;;
82214;160666;;;
82214;160673;;;
82214;160674;;;
82214;160758;;;
82214;160976;;;
82214;161440;;;
82214;161550;;;
82214;162067;;;
82214;162332;;;
82214;165470;;;
82214;166402;;;
82214;171617;;;
82214;171623;;;
82214;171786;;;
82214;175765;;;
82214;178829;;;
82214;178831;;;
82214;178832;;;
82214;178835;;;
82214;178843;;;
82214;178854;;;
82214;178857;;;
82214;178858;;;
82214;178860;;;
82214;178866;;;
82214;178871;;;
82214;178873;;;
82214;178876;;;
82214;178881;;;
82214;178882;;;
82214;178884;;;
82214;178887;;;
82214;178895;;;
82214;178905;;;
82214;178908;;;
82214;178910;;;
82214;178927;;;
82214;178929;;;
82214;178931;;;
82214;178933;;;
82214;178934;;;
82214;178937;;;
82214;178943;;;
82214;178945;;;
82214;178946;;;
82214;178947;;;
82214;178954;;;
82214;178962;;;
82214;178964;;;
82214;178966;;;
82214;178970;;;
82214;178972;;;
82214;178975;;;
82214;178983;;;
82214;178985;;;
82214;178986;;;
82214;178987;;;
82214;178989;;;
82214;178992;;;
82214;178993;;;
82214;178997;;;
82214;179000;;;
82214;179001;;;
82214;180214;;;
82214;188097;;;
82214;191923;;;
82214;198197;;;
82214;198783;;;
82214;204351;;;
82214;204355;;;
82214;204356;;;
82214;204358;;;
82214;204360;;;
82214;204362;;;
82214;204364;;;
82214;204365;;;
82214;204367;;;
82214;204368;;;
82214;204369;;;
82214;204372;;;
82214;204374;;;
82214;204378;;;
82214;204379;;;
82214;204387;;;
82214;204388;;;
82214;204390;;;
82214;204391;;;
82214;204394;;;
82214;204395;;;
82214;204396;;;
82214;204398;;;
82214;204404;;;
82214;204406;;;
82214;204407;;;
82214;204408;;;
82214;204409;;;
82214;204410;;;
82214;204411;;;
82214;204412;;;
82214;204416;;;
82214;204419;;;
82214;204423;;;
82214;204425;;;
82214;204426;;;
82214;204427;;;
82214;204431;;;
82214;204436;;;
82214;204441;;;
82214;204444;;;
82214;204445;;;
82214;204449;;;
82214;204453;;;
82214;204455;;;
82214;204456;;;
82214;204457;;;
82214;204459;;;
82214;204460;;;
82214;204462;;;
82214;204464;;;
82214;204472;;;
82214;204473;;;
82214;204474;;;
82214;204479;;;
82214;204480;;;
82214;204481;;;
82214;204485;;;
82214;204486;;;
82214;204488;;;
82214;204489;;;
82214;204491;;;
82214;204492;;;
82214;204494;;;
82214;204495;;;
82214;204496;;;
82214;204497;;;
82214;204498;;;
82214;204501;;;
82214;204504;;;
82214;204506;;;
82214;204508;;;
82214;204511;;;
82214;204512;;;
82214;204515;;;
82214;204517;;;
82214;204518;;;
82214;204520;;;
82214;204524;;;
82214;204525;;;
82214;204526;;;
82214;204528;;;
82214;204533;;;
82214;204534;;;
82214;204535;;;
82214;204536;;;
82214;204539;;;
82214;204540;;;
82214;204541;;;
82214;204549;;;
82214;204550;;;
82214;204553;;;
82214;204557;;;
82214;204558;;;
82214;204559;;;
82214;204560;;;
82214;204567;;;
82214;204570;;;
82214;204572;;;
82214;204574;;;
82214;205476;;;
82214;205550;;;
82214;206018;;;
82214;209189;;;
82214;209787;;;
82214;210989;;;
82214;213762;;;
82214;214694;;;
82214;215043;;;
82214;220526;;;
82214;220527;;;
82214;220528;;;
82214;220529;;;
82214;220530;;;
82214;220532;;;
82214;220533;;;
82214;220534;;;
82214;220536;;;
82214;220537;;;
82214;220538;;;
82214;220539;;;
82214;220540;;;
82214;220542;;;
82214;220543;;;
82214;220544;;;
82214;220545;;;
82214;220546;;;
82214;220547;;;
82214;220548;;;
82214;220549;;;
82214;220550;;;
82214;220551;;;
82214;220552;;;
82214;220553;;;
82214;220554;;;
82214;220555;;;
82214;220556;;;
82214;220557;;;
82214;220558;;;
82214;220559;;;
82214;220560;;;
82214;220561;;;
82214;220563;;;
82214;220565;;;
82214;220566;;;
82214;220567;;;
82214;220568;;;
82214;220569;;;
82214;220570;;;
82214;220571;;;
82214;220572;;;
82214;220573;;;
82214;220574;;;
82214;220576;;;
82214;220578;;;
82214;220581;;;
82214;220582;;;
82214;220583;;;
82214;220584;;;
82214;220585;;;
82214;220588;;;
82214;220590;;;
82214;220591;;;
82214;220592;;;
82214;220594;;;
82214;220595;;;
82214;220597;;;
82214;220598;;;
82214;220599;;;
82214;220602;;;
82214;220603;;;
82214;220604;;;
82214;220605;;;
82214;220606;;;
82214;220607;;;
82214;220608;;;
82214;220609;;;
82214;220610;;;
82214;220611;;;
82214;220612;;;
82214;220613;;;
82214;220614;;;
82214;220615;;;
82214;220616;;;
82214;220617;;;
82214;220618;;;
82214;220620;;;
82214;220621;;;
82214;220622;;;
82214;220623;;;
82214;220624;;;
82214;220625;;;
82214;220626;;;
82214;220628;;;
82214;220629;;;
82214;220630;;;
82214;220631;;;
82214;220632;;;
82214;220633;;;
82214;220635;;;
82214;220637;;;
82214;220638;;;
82214;220640;;;
82214;220641;;;
82214;220642;;;
82214;220643;;;
82214;220644;;;
82214;220645;;;
82214;220646;;;
82214;220647;;;
82214;220648;;;
82214;220649;;;
82214;220650;;;
82214;220651;;;
82214;220652;;;
82214;220653;;;
82214;220654;;;
82214;220656;;;
82214;220657;;;
82214;220658;;;
82214;220660;;;
82214;220661;;;
82214;220662;;;
82214;220663;;;
82214;220664;;;
82214;220665;;;
82214;220666;;;
82214;220667;;;
82214;220668;;;
82214;220669;;;
82214;220670;;;
82214;220671;;;
82214;220672;;;
82214;220673;;;
82214;220674;;;
82214;220675;;;
82214;220676;;;
82214;220677;;;
82214;220681;;;
82214;220682;;;
82214;220683;;;
82214;220684;;;
82214;220685;;;
82214;220686;;;
82214;220687;;;
82214;220688;;;
82214;220690;;;
82214;220691;;;
82214;220692;;;
82214;220693;;;
82214;220694;;;
82214;220695;;;
82214;220696;;;
82214;220697;;;
82214;220698;;;
82214;220699;;;
82214;220700;;;
82214;220701;;;
82214;220702;;;
82214;220703;;;
82214;220704;;;
82214;220707;;;
82214;220708;;;
82214;220712;;;
82214;220713;;;
82214;220714;;;
82214;220715;;;
82214;221148;;;
82214;221328;;;
82214;221329;;;
82214;221338;;;
82214;224117;;;
82214;224333;;;
82214;225846;;;
82214;226837;;;
82214;227310;;;
82214;227991;;;
82214;230765;;;
82214;230768;;;
82214;230957;;;
82214;233592;;;
82214;233594;;;
82214;234673;;;
82214;234788;;;
82214;235088;;;
82214;235620;;;
82214;235712;;;
82214;235776;;;
82214;235800;;;
82214;235869;;;
82214;236284;;;
