id_votacao;sigla_bancada;orientacao;sigla_orgao;descricao
2447983-57;FDRPT-PCDOB-PV;Sim;PLEN;"Aprovado o Projeto de Lei Complementar nº 262, de 2019. Sim: 442; Não: 2; Total: 444."
2447983-57;FDRPSOL-REDE;Sim;PLEN;"Aprovado o Projeto de Lei Complementar nº 262, de 2019. Sim: 442; Não: 2; Total: 444."
2447983-57;OPOSICAO;Sim;PLEN;"Aprovado o Projeto de Lei Complementar nº 262, de 2019. Sim: 442; Não: 2; Total: 444."
2447983-57;PSB;;PLEN;"Aprovado o Projeto de Lei Complementar nº 262, de 2019. Sim: 442; Não: 2; Total: 444."
2447983-57;PDT;;PLEN;"Aprovado o Projeto de Lei Complementar nº 262, de 2019. Sim: 442; Não: 2; Total: 444."
2447983-57;NOVO;Sim;PLEN;"Aprovado o Projeto de Lei Complementar nº 262, de 2019. Sim: 442; Não: 2; Total: 444."
2447983-57;BLUNIPPPSD...;;PLEN;"Aprovado o Projeto de Lei Complementar nº 262, de 2019. Sim: 442; Não: 2; Total: 444."
2447983-57;MISSAO;;PLEN;"Aprovado o Projeto de Lei Complementar nº 262, de 2019. Sim: 442; Não: 2; Total: 444."
2447983-57;GOVERNO;Sim;PLEN;"Aprovado o Projeto de Lei Complementar nº 262, de 2019. Sim: 442; Não: 2; Total: 444."
2447983-57;MINORIA;Sim;PLEN;"Aprovado o Projeto de Lei Complementar nº 262, de 2019. Sim: 442; Não: 2; Total: 444."
2447983-57;PL;Sim;PLEN;"Aprovado o Projeto de Lei Complementar nº 262, de 2019. Sim: 442; Não: 2; Total: 444."
2447983-57;PRD;;PLEN;"Aprovado o Projeto de Lei Complementar nº 262, de 2019. Sim: 442; Não: 2; Total: 444."
2447983-57;AVANTE;;PLEN;"Aprovado o Projeto de Lei Complementar nº 262, de 2019. Sim: 442; Não: 2; Total: 444."
2447983-57;MAIORIA;Sim;PLEN;"Aprovado o Projeto de Lei Complementar nº 262, de 2019. Sim: 442; Não: 2; Total: 444."
2447983-57;SOLIDARIED;;PLEN;"Aprovado o Projeto de Lei Complementar nº 262, de 2019. Sim: 442; Não: 2; Total: 444."
2422887-23;FDRPSOL-REDE;Sim;PLEN;"Rejeitado o Requerimento. Sim: 126; Não: 274; Abstenção: 2; Total: 402."
2422887-23;MISSAO;Nao;PLEN;"Rejeitado o Requerimento. Sim: 126; Não: 274; Abstenção: 2; Total: 402."
2422887-23;PSB;;PLEN;"Rejeitado o Requerimento. Sim: 126; Não: 274; Abstenção: 2; Total: 402."
2422887-23;PL;Nao;PLEN;"Rejeitado o Requerimento. Sim: 126; Não: 274; Abstenção: 2; Total: 402."
2422887-23;MINORIA;Nao;PLEN;"Rejeitado o Requerimento. Sim: 126; Não: 274; Abstenção: 2; Total: 402."
2422887-23;MAIORIA;Sim;PLEN;"Rejeitado o Requerimento. Sim: 126; Não: 274; Abstenção: 2; Total: 402."
2422887-23;PRD;;PLEN;"Rejeitado o Requerimento. Sim: 126; Não: 274; Abstenção: 2; Total: 402."
2422887-23;NOVO;Nao;PLEN;"Rejeitado o Requerimento. Sim: 126; Não: 274; Abstenção: 2; Total: 402."
2422887-23;SOLIDARIED;;PLEN;"Rejeitado o Requerimento. Sim: 126; Não: 274; Abstenção: 2; Total: 402."
2422887-23;GOVERNO;Sim;PLEN;"Rejeitado o Requerimento. Sim: 126; Não: 274; Abstenção: 2; Total: 402."
2422887-23;AVANTE;;PLEN;"Rejeitado o Requerimento. Sim: 126; Não: 274; Abstenção: 2; Total: 402."
2422887-23;FDRPT-PCDOB-PV;Sim;PLEN;"Rejeitado o Requerimento. Sim: 126; Não: 274; Abstenção: 2; Total: 402."
2422887-23;PDT;;PLEN;"Rejeitado o Requerimento. Sim: 126; Não: 274; Abstenção: 2; Total: 402."
2422887-23;BLUNIPPPSD...;Nao;PLEN;"Rejeitado o Requerimento. Sim: 126; Não: 274; Abstenção: 2; Total: 402."
2422887-23;OPOSICAO;Nao;PLEN;"Rejeitado o Requerimento. Sim: 126; Não: 274; Abstenção: 2; Total: 402."
2565804-8;FDRPT-PCDOB-PV;Sim;PLEN;"Aprovado o Requerimento de Urgência (Art. 155 do RICD). Sim: 284; Não: 127; Abstenção: 1; Total: 412."
2565804-8;PRD;;PLEN;"Aprovado o Requerimento de Urgência (Art. 155 do RICD). Sim: 284; Não: 127; Abstenção: 1; Total: 412."
2565804-8;GOVERNO;;PLEN;"Aprovado o Requerimento de Urgência (Art. 155 do RICD). Sim: 284; Não: 127; Abstenção: 1; Total: 412."
2565804-8;NOVO;Nao;PLEN;"Aprovado o Requerimento de Urgência (Art. 155 do RICD). Sim: 284; Não: 127; Abstenção: 1; Total: 412."
2565804-8;MAIORIA;;PLEN;"Aprovado o Requerimento de Urgência (Art. 155 do RICD). Sim: 284; Não: 127; Abstenção: 1; Total: 412."
2565804-8;PSB;Sim;PLEN;"Aprovado o Requerimento de Urgência (Art. 155 do RICD). Sim: 284; Não: 127; Abstenção: 1; Total: 412."
2565804-8;FDRPSOL-REDE;Nao;PLEN;"Aprovado o Requerimento de Urgência (Art. 155 do RICD). Sim: 284; Não: 127; Abstenção: 1; Total: 412."
2565804-8;MISSAO;Nao;PLEN;"Aprovado o Requerimento de Urgência (Art. 155 do RICD). Sim: 284; Não: 127; Abstenção: 1; Total: 412."
2565804-8;PDT;;PLEN;"Aprovado o Requerimento de Urgência (Art. 155 do RICD). Sim: 284; Não: 127; Abstenção: 1; Total: 412."
2565804-8;PL;Nao;PLEN;"Aprovado o Requerimento de Urgência (Art. 155 do RICD). Sim: 284; Não: 127; Abstenção: 1; Total: 412."
2565804-8;MINORIA;Nao;PLEN;"Aprovado o Requerimento de Urgência (Art. 155 do RICD). Sim: 284; Não: 127; Abstenção: 1; Total: 412."
2565804-8;SOLIDARIED;;PLEN;"Aprovado o Requerimento de Urgência (Art. 155 do RICD). Sim: 284; Não: 127; Abstenção: 1; Total: 412."
2565804-8;AVANTE;;PLEN;"Aprovado o Requerimento de Urgência (Art. 155 do RICD). Sim: 284; Não: 127; Abstenção: 1; Total: 412."
2565804-8;OPOSICAO;Nao;PLEN;"Aprovado o Requerimento de Urgência (Art. 155 do RICD). Sim: 284; Não: 127; Abstenção: 1; Total: 412."
2565804-8;BLUNIPPPSD...;Sim;PLEN;"Aprovado o Requerimento de Urgência (Art. 155 do RICD). Sim: 284; Não: 127; Abstenção: 1; Total: 412."
2605243-12;MISSAO;;PLEN;"Aprovado o Requerimento de Urgência (Art. 155 do RICD). Sim: 317; Não: 123; Total: 440."
2605243-12;GOVERNO;Nao;PLEN;"Aprovado o Requerimento de Urgência (Art. 155 do RICD). Sim: 317; Não: 123; Total: 440."
2605243-12;NOVO;Sim;PLEN;"Aprovado o Requerimento de Urgência (Art. 155 do RICD). Sim: 317; Não: 123; Total: 440."
2605243-12;PSB;Nao;PLEN;"Aprovado o Requerimento de Urgência (Art. 155 do RICD). Sim: 317; Não: 123; Total: 440."
2605243-12;AVANTE;;PLEN;"Aprovado o Requerimento de Urgência (Art. 155 do RICD). Sim: 317; Não: 123; Total: 440."
2605243-12;PL;Sim;PLEN;"Aprovado o Requerimento de Urgência (Art. 155 do RICD). Sim: 317; Não: 123; Total: 440."
2605243-12;OPOSICAO;Sim;PLEN;"Aprovado o Requerimento de Urgência (Art. 155 do RICD). Sim: 317; Não: 123; Total: 440."
2605243-12;MAIORIA;;PLEN;"Aprovado o Requerimento de Urgência (Art. 155 do RICD). Sim: 317; Não: 123; Total: 440."
2605243-12;SOLIDARIED;;PLEN;"Aprovado o Requerimento de Urgência (Art. 155 do RICD). Sim: 317; Não: 123; Total: 440."
2605243-12;FDRPSOL-REDE;Nao;PLEN;"Aprovado o Requerimento de Urgência (Art. 155 do RICD). Sim: 317; Não: 123; Total: 440."
2605243-12;MINORIA;;PLEN;"Aprovado o Requerimento de Urgência (Art. 155 do RICD). Sim: 317; Não: 123; Total: 440."
2605243-12;FDRPT-PCDOB-PV;Nao;PLEN;"Aprovado o Requerimento de Urgência (Art. 155 do RICD). Sim: 317; Não: 123; Total: 440."
2605243-12;BLUNIPPPSD...;Sim;PLEN;"Aprovado o Requerimento de Urgência (Art. 155 do RICD). Sim: 317; Não: 123; Total: 440."
2605243-12;PRD;;PLEN;"Aprovado o Requerimento de Urgência (Art. 155 do RICD). Sim: 317; Não: 123; Total: 440."
2605243-12;PDT;;PLEN;"Aprovado o Requerimento de Urgência (Art. 155 do RICD). Sim: 317; Não: 123; Total: 440."
1228863-64;PP;Nao;CCJC;"Rejeitado o Requerimento de desmembramento da PEC 32/2015. Resultado: 5 votos ""Sim"", 38 votos ""Não"". Quórum de votação: 43 votos."
1228863-64;MINORIA;Nao;CCJC;"Rejeitado o Requerimento de desmembramento da PEC 32/2015. Resultado: 5 votos ""Sim"", 38 votos ""Não"". Quórum de votação: 43 votos."
1228863-64;FDRPSOL-REDE;Sim;CCJC;"Rejeitado o Requerimento de desmembramento da PEC 32/2015. Resultado: 5 votos ""Sim"", 38 votos ""Não"". Quórum de votação: 43 votos."
1228863-64;OPOSICAO;Nao;CCJC;"Rejeitado o Requerimento de desmembramento da PEC 32/2015. Resultado: 5 votos ""Sim"", 38 votos ""Não"". Quórum de votação: 43 votos."
1228863-64;PL;Nao;CCJC;"Rejeitado o Requerimento de desmembramento da PEC 32/2015. Resultado: 5 votos ""Sim"", 38 votos ""Não"". Quórum de votação: 43 votos."
1228863-64;REPUBLICANOS;Nao;CCJC;"Rejeitado o Requerimento de desmembramento da PEC 32/2015. Resultado: 5 votos ""Sim"", 38 votos ""Não"". Quórum de votação: 43 votos."
1228863-61;PSD;Liberado;CCJC;"Rejeitado o Requerimento de Retirada de Pauta. Resultado: 10 votos ""Sim"", 39 votos ""Não"". Quórum de votação: 49 votos."
1228863-61;MINORIA;Nao;CCJC;"Rejeitado o Requerimento de Retirada de Pauta. Resultado: 10 votos ""Sim"", 39 votos ""Não"". Quórum de votação: 49 votos."
1228863-61;FDRPSOL-REDE;Sim;CCJC;"Rejeitado o Requerimento de Retirada de Pauta. Resultado: 10 votos ""Sim"", 39 votos ""Não"". Quórum de votação: 49 votos."
1228863-61;OPOSICAO;Nao;CCJC;"Rejeitado o Requerimento de Retirada de Pauta. Resultado: 10 votos ""Sim"", 39 votos ""Não"". Quórum de votação: 49 votos."
1228863-61;PP;Nao;CCJC;"Rejeitado o Requerimento de Retirada de Pauta. Resultado: 10 votos ""Sim"", 39 votos ""Não"". Quórum de votação: 49 votos."
1228863-61;REPUBLICANOS;Nao;CCJC;"Rejeitado o Requerimento de Retirada de Pauta. Resultado: 10 votos ""Sim"", 39 votos ""Não"". Quórum de votação: 49 votos."
1228863-61;PL;Nao;CCJC;"Rejeitado o Requerimento de Retirada de Pauta. Resultado: 10 votos ""Sim"", 39 votos ""Não"". Quórum de votação: 49 votos."
2601990-42;NOVO;Sim;PLEN;"Aprovado o Substitutivo ao Projeto de Lei Complementar nº 21, de 2026, adotado pelo relator da Comissão de Finanças e Tributação. Sim: 421; Não: 3; Abstenção: 1; Total: 425."
2601990-42;PDT;;PLEN;"Aprovado o Substitutivo ao Projeto de Lei Complementar nº 21, de 2026, adotado pelo relator da Comissão de Finanças e Tributação. Sim: 421; Não: 3; Abstenção: 1; Total: 425."
2601990-42;MAIORIA;;PLEN;"Aprovado o Substitutivo ao Projeto de Lei Complementar nº 21, de 2026, adotado pelo relator da Comissão de Finanças e Tributação. Sim: 421; Não: 3; Abstenção: 1; Total: 425."
2601990-42;PL;Sim;PLEN;"Aprovado o Substitutivo ao Projeto de Lei Complementar nº 21, de 2026, adotado pelo relator da Comissão de Finanças e Tributação. Sim: 421; Não: 3; Abstenção: 1; Total: 425."
2601990-42;BLAVANSOLIDPRD...;;PLEN;"Aprovado o Substitutivo ao Projeto de Lei Complementar nº 21, de 2026, adotado pelo relator da Comissão de Finanças e Tributação. Sim: 421; Não: 3; Abstenção: 1; Total: 425."
2601990-42;GOVERNO;;PLEN;"Aprovado o Substitutivo ao Projeto de Lei Complementar nº 21, de 2026, adotado pelo relator da Comissão de Finanças e Tributação. Sim: 421; Não: 3; Abstenção: 1; Total: 425."
2601990-42;PSB;Sim;PLEN;"Aprovado o Substitutivo ao Projeto de Lei Complementar nº 21, de 2026, adotado pelo relator da Comissão de Finanças e Tributação. Sim: 421; Não: 3; Abstenção: 1; Total: 425."
2601990-42;FDRPT-PCDOB-PV;Sim;PLEN;"Aprovado o Substitutivo ao Projeto de Lei Complementar nº 21, de 2026, adotado pelo relator da Comissão de Finanças e Tributação. Sim: 421; Não: 3; Abstenção: 1; Total: 425."
2601990-42;FDRPSOL-REDE;Sim;PLEN;"Aprovado o Substitutivo ao Projeto de Lei Complementar nº 21, de 2026, adotado pelo relator da Comissão de Finanças e Tributação. Sim: 421; Não: 3; Abstenção: 1; Total: 425."
2601990-42;MISSAO;Nao;PLEN;"Aprovado o Substitutivo ao Projeto de Lei Complementar nº 21, de 2026, adotado pelo relator da Comissão de Finanças e Tributação. Sim: 421; Não: 3; Abstenção: 1; Total: 425."
2601990-42;MINORIA;Sim;PLEN;"Aprovado o Substitutivo ao Projeto de Lei Complementar nº 21, de 2026, adotado pelo relator da Comissão de Finanças e Tributação. Sim: 421; Não: 3; Abstenção: 1; Total: 425."
2601990-42;OPOSICAO;Sim;PLEN;"Aprovado o Substitutivo ao Projeto de Lei Complementar nº 21, de 2026, adotado pelo relator da Comissão de Finanças e Tributação. Sim: 421; Não: 3; Abstenção: 1; Total: 425."
2601990-42;BLUNIPPPSD...;Sim;PLEN;"Aprovado o Substitutivo ao Projeto de Lei Complementar nº 21, de 2026, adotado pelo relator da Comissão de Finanças e Tributação. Sim: 421; Não: 3; Abstenção: 1; Total: 425."
2467936-42;MAIORIA;Sim;CCJC;"Rejeitado o Requerimento de Retirada de Pauta. Resultado: 21 votos ""Sim"", 33 votos ""Não"", 1 Abstenção. Quórum de votação: 55 votos."
2467936-42;GOVERNO;Sim;CCJC;"Rejeitado o Requerimento de Retirada de Pauta. Resultado: 21 votos ""Sim"", 33 votos ""Não"", 1 Abstenção. Quórum de votação: 55 votos."
2467936-42;MINORIA;Nao;CCJC;"Rejeitado o Requerimento de Retirada de Pauta. Resultado: 21 votos ""Sim"", 33 votos ""Não"", 1 Abstenção. Quórum de votação: 55 votos."
2467936-42;FDRPT-PCDOB-PV;Sim;CCJC;"Rejeitado o Requerimento de Retirada de Pauta. Resultado: 21 votos ""Sim"", 33 votos ""Não"", 1 Abstenção. Quórum de votação: 55 votos."
2467936-42;PL;Nao;CCJC;"Rejeitado o Requerimento de Retirada de Pauta. Resultado: 21 votos ""Sim"", 33 votos ""Não"", 1 Abstenção. Quórum de votação: 55 votos."
2467936-42;OPOSICAO;Nao;CCJC;"Rejeitado o Requerimento de Retirada de Pauta. Resultado: 21 votos ""Sim"", 33 votos ""Não"", 1 Abstenção. Quórum de votação: 55 votos."
2467936-42;PP;Nao;CCJC;"Rejeitado o Requerimento de Retirada de Pauta. Resultado: 21 votos ""Sim"", 33 votos ""Não"", 1 Abstenção. Quórum de votação: 55 votos."
2191208-67;MAIORIA;Sim;PLEN;"Aprovada a Subemenda Substitutiva Global ao Projeto de Lei nº 488, de 2019, adotada pelo relator da Comissão de Constituição e Justiça e de Cidadania, ressalvado o destaque. Sim: 436; Não: 3; Total: 439."
2191208-67;MINORIA;Sim;PLEN;"Aprovada a Subemenda Substitutiva Global ao Projeto de Lei nº 488, de 2019, adotada pelo relator da Comissão de Constituição e Justiça e de Cidadania, ressalvado o destaque. Sim: 436; Não: 3; Total: 439."
2191208-67;PDT;;PLEN;"Aprovada a Subemenda Substitutiva Global ao Projeto de Lei nº 488, de 2019, adotada pelo relator da Comissão de Constituição e Justiça e de Cidadania, ressalvado o destaque. Sim: 436; Não: 3; Total: 439."
2191208-67;MISSAO;Sim;PLEN;"Aprovada a Subemenda Substitutiva Global ao Projeto de Lei nº 488, de 2019, adotada pelo relator da Comissão de Constituição e Justiça e de Cidadania, ressalvado o destaque. Sim: 436; Não: 3; Total: 439."
2191208-67;BLAVANSOLIDPRD...;;PLEN;"Aprovada a Subemenda Substitutiva Global ao Projeto de Lei nº 488, de 2019, adotada pelo relator da Comissão de Constituição e Justiça e de Cidadania, ressalvado o destaque. Sim: 436; Não: 3; Total: 439."
2191208-67;NOVO;Sim;PLEN;"Aprovada a Subemenda Substitutiva Global ao Projeto de Lei nº 488, de 2019, adotada pelo relator da Comissão de Constituição e Justiça e de Cidadania, ressalvado o destaque. Sim: 436; Não: 3; Total: 439."
2191208-67;FDRPSOL-REDE;Sim;PLEN;"Aprovada a Subemenda Substitutiva Global ao Projeto de Lei nº 488, de 2019, adotada pelo relator da Comissão de Constituição e Justiça e de Cidadania, ressalvado o destaque. Sim: 436; Não: 3; Total: 439."
2191208-67;PSB;Sim;PLEN;"Aprovada a Subemenda Substitutiva Global ao Projeto de Lei nº 488, de 2019, adotada pelo relator da Comissão de Constituição e Justiça e de Cidadania, ressalvado o destaque. Sim: 436; Não: 3; Total: 439."
2191208-67;FDRPT-PCDOB-PV;Sim;PLEN;"Aprovada a Subemenda Substitutiva Global ao Projeto de Lei nº 488, de 2019, adotada pelo relator da Comissão de Constituição e Justiça e de Cidadania, ressalvado o destaque. Sim: 436; Não: 3; Total: 439."
2191208-67;OPOSICAO;Sim;PLEN;"Aprovada a Subemenda Substitutiva Global ao Projeto de Lei nº 488, de 2019, adotada pelo relator da Comissão de Constituição e Justiça e de Cidadania, ressalvado o destaque. Sim: 436; Não: 3; Total: 439."
2191208-67;BLUNIPPPSD...;Sim;PLEN;"Aprovada a Subemenda Substitutiva Global ao Projeto de Lei nº 488, de 2019, adotada pelo relator da Comissão de Constituição e Justiça e de Cidadania, ressalvado o destaque. Sim: 436; Não: 3; Total: 439."
2191208-67;PL;Sim;PLEN;"Aprovada a Subemenda Substitutiva Global ao Projeto de Lei nº 488, de 2019, adotada pelo relator da Comissão de Constituição e Justiça e de Cidadania, ressalvado o destaque. Sim: 436; Não: 3; Total: 439."
2191208-67;GOVERNO;Sim;PLEN;"Aprovada a Subemenda Substitutiva Global ao Projeto de Lei nº 488, de 2019, adotada pelo relator da Comissão de Constituição e Justiça e de Cidadania, ressalvado o destaque. Sim: 436; Não: 3; Total: 439."
2447259-99;NOVO;Nao;PLEN;"Mantido o texto. Sim: 343; Não: 97; Abstenção: 1; Total: 441."
2447259-99;BLAVANSOLIDPRD...;;PLEN;"Mantido o texto. Sim: 343; Não: 97; Abstenção: 1; Total: 441."
2447259-99;FDRPT-PCDOB-PV;Sim;PLEN;"Mantido o texto. Sim: 343; Não: 97; Abstenção: 1; Total: 441."
2447259-99;PDT;;PLEN;"Mantido o texto. Sim: 343; Não: 97; Abstenção: 1; Total: 441."
2447259-99;BLUNIPPPSD...;Sim;PLEN;"Mantido o texto. Sim: 343; Não: 97; Abstenção: 1; Total: 441."
2447259-99;GOVERNO;Sim;PLEN;"Mantido o texto. Sim: 343; Não: 97; Abstenção: 1; Total: 441."
2447259-99;MISSAO;Nao;PLEN;"Mantido o texto. Sim: 343; Não: 97; Abstenção: 1; Total: 441."
2447259-99;PL;Liberado;PLEN;"Mantido o texto. Sim: 343; Não: 97; Abstenção: 1; Total: 441."
2447259-99;MINORIA;Nao;PLEN;"Mantido o texto. Sim: 343; Não: 97; Abstenção: 1; Total: 441."
2447259-99;OPOSICAO;Nao;PLEN;"Mantido o texto. Sim: 343; Não: 97; Abstenção: 1; Total: 441."
2447259-99;MAIORIA;Sim;PLEN;"Mantido o texto. Sim: 343; Não: 97; Abstenção: 1; Total: 441."
2447259-99;FDRPSOL-REDE;Sim;PLEN;"Mantido o texto. Sim: 343; Não: 97; Abstenção: 1; Total: 441."
2447259-99;PSB;Sim;PLEN;"Mantido o texto. Sim: 343; Não: 97; Abstenção: 1; Total: 441."
2427146-54;FDRPT-PCDOB-PV;Nao;CCJC;"Rejeitado o Requerimento de Retirada de Pauta. Resultado: 20 votos ""Sim"", 26 votos ""Não"". Quórum de votação: 46 votos."
2427146-54;OPOSICAO;Sim;CCJC;"Rejeitado o Requerimento de Retirada de Pauta. Resultado: 20 votos ""Sim"", 26 votos ""Não"". Quórum de votação: 46 votos."
2427146-54;GOVERNO;Nao;CCJC;"Rejeitado o Requerimento de Retirada de Pauta. Resultado: 20 votos ""Sim"", 26 votos ""Não"". Quórum de votação: 46 votos."
2427146-54;MINORIA;Sim;CCJC;"Rejeitado o Requerimento de Retirada de Pauta. Resultado: 20 votos ""Sim"", 26 votos ""Não"". Quórum de votação: 46 votos."
2427146-54;MAIORIA;Nao;CCJC;"Rejeitado o Requerimento de Retirada de Pauta. Resultado: 20 votos ""Sim"", 26 votos ""Não"". Quórum de votação: 46 votos."
2427146-54;PL;Sim;CCJC;"Rejeitado o Requerimento de Retirada de Pauta. Resultado: 20 votos ""Sim"", 26 votos ""Não"". Quórum de votação: 46 votos."
2427146-54;PP;Sim;CCJC;"Rejeitado o Requerimento de Retirada de Pauta. Resultado: 20 votos ""Sim"", 26 votos ""Não"". Quórum de votação: 46 votos."
2467936-31;MINORIA;Nao;CCJC;"Rejeitado o Requerimento de Retirada de Pauta. Resultado: 18 votos ""Sim"", 28 votos ""Não"". Quórum de votação: 46 votos."
2467936-31;FDRPT-PCDOB-PV;Sim;CCJC;"Rejeitado o Requerimento de Retirada de Pauta. Resultado: 18 votos ""Sim"", 28 votos ""Não"". Quórum de votação: 46 votos."
2467936-31;MAIORIA;Sim;CCJC;"Rejeitado o Requerimento de Retirada de Pauta. Resultado: 18 votos ""Sim"", 28 votos ""Não"". Quórum de votação: 46 votos."
2467936-31;PP;Nao;CCJC;"Rejeitado o Requerimento de Retirada de Pauta. Resultado: 18 votos ""Sim"", 28 votos ""Não"". Quórum de votação: 46 votos."
2467936-31;GOVERNO;Sim;CCJC;"Rejeitado o Requerimento de Retirada de Pauta. Resultado: 18 votos ""Sim"", 28 votos ""Não"". Quórum de votação: 46 votos."
2467936-31;PL;Nao;CCJC;"Rejeitado o Requerimento de Retirada de Pauta. Resultado: 18 votos ""Sim"", 28 votos ""Não"". Quórum de votação: 46 votos."
2467936-31;OPOSICAO;Nao;CCJC;"Rejeitado o Requerimento de Retirada de Pauta. Resultado: 18 votos ""Sim"", 28 votos ""Não"". Quórum de votação: 46 votos."
2467936-31;REPUBLICANOS;Nao;CCJC;"Rejeitado o Requerimento de Retirada de Pauta. Resultado: 18 votos ""Sim"", 28 votos ""Não"". Quórum de votação: 46 votos."
2617164-10;MAIORIA;Sim;PLEN;"Rejeitado o Recurso nº 7/2026 (art. 58, § 1º c/c art. 132, § 2º, RICD). Sim: 154; Não: 245; Abstenção: 3; Total: 402."
2617164-10;PDT;;PLEN;"Rejeitado o Recurso nº 7/2026 (art. 58, § 1º c/c art. 132, § 2º, RICD). Sim: 154; Não: 245; Abstenção: 3; Total: 402."
2617164-10;GOVERNO;Sim;PLEN;"Rejeitado o Recurso nº 7/2026 (art. 58, § 1º c/c art. 132, § 2º, RICD). Sim: 154; Não: 245; Abstenção: 3; Total: 402."
2617164-10;MISSAO;Nao;PLEN;"Rejeitado o Recurso nº 7/2026 (art. 58, § 1º c/c art. 132, § 2º, RICD). Sim: 154; Não: 245; Abstenção: 3; Total: 402."
2617164-10;PL;Nao;PLEN;"Rejeitado o Recurso nº 7/2026 (art. 58, § 1º c/c art. 132, § 2º, RICD). Sim: 154; Não: 245; Abstenção: 3; Total: 402."
2617164-10;BLUNIPPPSD...;Nao;PLEN;"Rejeitado o Recurso nº 7/2026 (art. 58, § 1º c/c art. 132, § 2º, RICD). Sim: 154; Não: 245; Abstenção: 3; Total: 402."
2617164-10;BLAVANSOLIDPRD...;;PLEN;"Rejeitado o Recurso nº 7/2026 (art. 58, § 1º c/c art. 132, § 2º, RICD). Sim: 154; Não: 245; Abstenção: 3; Total: 402."
2617164-10;MINORIA;Nao;PLEN;"Rejeitado o Recurso nº 7/2026 (art. 58, § 1º c/c art. 132, § 2º, RICD). Sim: 154; Não: 245; Abstenção: 3; Total: 402."
2617164-10;NOVO;Nao;PLEN;"Rejeitado o Recurso nº 7/2026 (art. 58, § 1º c/c art. 132, § 2º, RICD). Sim: 154; Não: 245; Abstenção: 3; Total: 402."
2617164-10;PSB;;PLEN;"Rejeitado o Recurso nº 7/2026 (art. 58, § 1º c/c art. 132, § 2º, RICD). Sim: 154; Não: 245; Abstenção: 3; Total: 402."
2617164-10;OPOSICAO;Nao;PLEN;"Rejeitado o Recurso nº 7/2026 (art. 58, § 1º c/c art. 132, § 2º, RICD). Sim: 154; Não: 245; Abstenção: 3; Total: 402."
2617164-10;FDRPT-PCDOB-PV;Sim;PLEN;"Rejeitado o Recurso nº 7/2026 (art. 58, § 1º c/c art. 132, § 2º, RICD). Sim: 154; Não: 245; Abstenção: 3; Total: 402."
2617164-10;FDRPSOL-REDE;Sim;PLEN;"Rejeitado o Recurso nº 7/2026 (art. 58, § 1º c/c art. 132, § 2º, RICD). Sim: 154; Não: 245; Abstenção: 3; Total: 402."
2349519-44;PSD;Nao;CVT;"Aprovado o Parecer com o seguinte resultado: 12 votos ""Sim"", 3 votos ""Não"", 1 Abstenção. Quórum de votação: 16 votos, apresentou voto em separado o Deputado Diego Andrade."
2349519-44;PSB;Sim;CVT;"Aprovado o Parecer com o seguinte resultado: 12 votos ""Sim"", 3 votos ""Não"", 1 Abstenção. Quórum de votação: 16 votos, apresentou voto em separado o Deputado Diego Andrade."
2349519-44;REPUBLICANOS;Sim;CVT;"Aprovado o Parecer com o seguinte resultado: 12 votos ""Sim"", 3 votos ""Não"", 1 Abstenção. Quórum de votação: 16 votos, apresentou voto em separado o Deputado Diego Andrade."
2162116-181;PL;Sim;PLEN;"Aprovada a Emenda de Redação nº 4. Sim: 386; Não: 1; Total: 387."
2162116-181;BLUNIPPPSD...;Sim;PLEN;"Aprovada a Emenda de Redação nº 4. Sim: 386; Não: 1; Total: 387."
2162116-181;GOVERNO;Sim;PLEN;"Aprovada a Emenda de Redação nº 4. Sim: 386; Não: 1; Total: 387."
2162116-181;MINORIA;Sim;PLEN;"Aprovada a Emenda de Redação nº 4. Sim: 386; Não: 1; Total: 387."
2162116-181;NOVO;Sim;PLEN;"Aprovada a Emenda de Redação nº 4. Sim: 386; Não: 1; Total: 387."
2162116-181;PSB;Sim;PLEN;"Aprovada a Emenda de Redação nº 4. Sim: 386; Não: 1; Total: 387."
2162116-181;FDRPT-PCDOB-PV;Sim;PLEN;"Aprovada a Emenda de Redação nº 4. Sim: 386; Não: 1; Total: 387."
2162116-181;OPOSICAO;Sim;PLEN;"Aprovada a Emenda de Redação nº 4. Sim: 386; Não: 1; Total: 387."
2162116-181;MAIORIA;Sim;PLEN;"Aprovada a Emenda de Redação nº 4. Sim: 386; Não: 1; Total: 387."
2162116-181;FDRPSOL-REDE;Sim;PLEN;"Aprovada a Emenda de Redação nº 4. Sim: 386; Não: 1; Total: 387."
2162116-181;PDT;;PLEN;"Aprovada a Emenda de Redação nº 4. Sim: 386; Não: 1; Total: 387."
2162116-181;BLAVANSOLIDPRD...;Sim;PLEN;"Aprovada a Emenda de Redação nº 4. Sim: 386; Não: 1; Total: 387."
2162116-181;MISSAO;;PLEN;"Aprovada a Emenda de Redação nº 4. Sim: 386; Não: 1; Total: 387."
2162116-178;MISSAO;Nao;PLEN;"Aprovada, em segundo turno, a Proposta de Emenda à Constituição n° 383, de 2017. Sim: 444; Não: 12; Total: 456."
2162116-178;GOVERNO;Sim;PLEN;"Aprovada, em segundo turno, a Proposta de Emenda à Constituição n° 383, de 2017. Sim: 444; Não: 12; Total: 456."
2162116-178;PSB;Sim;PLEN;"Aprovada, em segundo turno, a Proposta de Emenda à Constituição n° 383, de 2017. Sim: 444; Não: 12; Total: 456."
2162116-178;BLAVANSOLIDPRD...;Sim;PLEN;"Aprovada, em segundo turno, a Proposta de Emenda à Constituição n° 383, de 2017. Sim: 444; Não: 12; Total: 456."
2162116-178;NOVO;Nao;PLEN;"Aprovada, em segundo turno, a Proposta de Emenda à Constituição n° 383, de 2017. Sim: 444; Não: 12; Total: 456."
2162116-178;FDRPT-PCDOB-PV;Sim;PLEN;"Aprovada, em segundo turno, a Proposta de Emenda à Constituição n° 383, de 2017. Sim: 444; Não: 12; Total: 456."
2162116-178;MINORIA;Liberado;PLEN;"Aprovada, em segundo turno, a Proposta de Emenda à Constituição n° 383, de 2017. Sim: 444; Não: 12; Total: 456."
2162116-178;FDRPSOL-REDE;Sim;PLEN;"Aprovada, em segundo turno, a Proposta de Emenda à Constituição n° 383, de 2017. Sim: 444; Não: 12; Total: 456."
2162116-178;MAIORIA;Sim;PLEN;"Aprovada, em segundo turno, a Proposta de Emenda à Constituição n° 383, de 2017. Sim: 444; Não: 12; Total: 456."
2162116-178;PL;Sim;PLEN;"Aprovada, em segundo turno, a Proposta de Emenda à Constituição n° 383, de 2017. Sim: 444; Não: 12; Total: 456."
2162116-178;PDT;Sim;PLEN;"Aprovada, em segundo turno, a Proposta de Emenda à Constituição n° 383, de 2017. Sim: 444; Não: 12; Total: 456."
2162116-178;OPOSICAO;Liberado;PLEN;"Aprovada, em segundo turno, a Proposta de Emenda à Constituição n° 383, de 2017. Sim: 444; Não: 12; Total: 456."
2162116-178;BLUNIPPPSD...;Sim;PLEN;"Aprovada, em segundo turno, a Proposta de Emenda à Constituição n° 383, de 2017. Sim: 444; Não: 12; Total: 456."
2618104-8;BLAVANSOLIDPRD...;;PLEN;"Aprovado o Requerimento de Urgência (Art. 155 do RICD). Sim: 330; Não: 104; Total: 434."
2618104-8;GOVERNO;Nao;PLEN;"Aprovado o Requerimento de Urgência (Art. 155 do RICD). Sim: 330; Não: 104; Total: 434."
2618104-8;OPOSICAO;;PLEN;"Aprovado o Requerimento de Urgência (Art. 155 do RICD). Sim: 330; Não: 104; Total: 434."
2618104-8;MINORIA;Sim;PLEN;"Aprovado o Requerimento de Urgência (Art. 155 do RICD). Sim: 330; Não: 104; Total: 434."
2618104-8;PDT;;PLEN;"Aprovado o Requerimento de Urgência (Art. 155 do RICD). Sim: 330; Não: 104; Total: 434."
2618104-8;MISSAO;Sim;PLEN;"Aprovado o Requerimento de Urgência (Art. 155 do RICD). Sim: 330; Não: 104; Total: 434."
2618104-8;BLUNIPPPSD...;Sim;PLEN;"Aprovado o Requerimento de Urgência (Art. 155 do RICD). Sim: 330; Não: 104; Total: 434."
2618104-8;NOVO;Sim;PLEN;"Aprovado o Requerimento de Urgência (Art. 155 do RICD). Sim: 330; Não: 104; Total: 434."
2618104-8;PL;Sim;PLEN;"Aprovado o Requerimento de Urgência (Art. 155 do RICD). Sim: 330; Não: 104; Total: 434."
2618104-8;FDRPSOL-REDE;Nao;PLEN;"Aprovado o Requerimento de Urgência (Art. 155 do RICD). Sim: 330; Não: 104; Total: 434."
2618104-8;MAIORIA;Nao;PLEN;"Aprovado o Requerimento de Urgência (Art. 155 do RICD). Sim: 330; Não: 104; Total: 434."
2618104-8;FDRPT-PCDOB-PV;Nao;PLEN;"Aprovado o Requerimento de Urgência (Art. 155 do RICD). Sim: 330; Não: 104; Total: 434."
2618104-8;PSB;;PLEN;"Aprovado o Requerimento de Urgência (Art. 155 do RICD). Sim: 330; Não: 104; Total: 434."
2234260-164;FDRPSOL-REDE;;PLEN;"Mantido o texto. Sim: 252; Não: 161; Total: 413."
2234260-164;BLUNIPPPSD...;Sim;PLEN;"Mantido o texto. Sim: 252; Não: 161; Total: 413."
2234260-164;PSB;;PLEN;"Mantido o texto. Sim: 252; Não: 161; Total: 413."
2234260-164;BLAVANSOLIDPRD...;;PLEN;"Mantido o texto. Sim: 252; Não: 161; Total: 413."
2234260-164;MAIORIA;;PLEN;"Mantido o texto. Sim: 252; Não: 161; Total: 413."
2234260-164;NOVO;Nao;PLEN;"Mantido o texto. Sim: 252; Não: 161; Total: 413."
2234260-164;MINORIA;Nao;PLEN;"Mantido o texto. Sim: 252; Não: 161; Total: 413."
2234260-164;OPOSICAO;Nao;PLEN;"Mantido o texto. Sim: 252; Não: 161; Total: 413."
2234260-164;PL;Nao;PLEN;"Mantido o texto. Sim: 252; Não: 161; Total: 413."
2234260-164;MISSAO;Nao;PLEN;"Mantido o texto. Sim: 252; Não: 161; Total: 413."
2234260-164;GOVERNO;Sim;PLEN;"Mantido o texto. Sim: 252; Não: 161; Total: 413."
2234260-164;FDRPT-PCDOB-PV;Sim;PLEN;"Mantido o texto. Sim: 252; Não: 161; Total: 413."
2234260-164;PDT;;PLEN;"Mantido o texto. Sim: 252; Não: 161; Total: 413."
2469569-38;FDRPT-PCDOB-PV;;PLEN;"Aprovado o Substitutivo ao Projeto de Lei nº 4.397, de 2024, adotado pelo relator da Comissão de Constituição e Justiça e de Cidadania. Sim: 300; Não: 36; Abstenção: 1; Total: 337."
2469569-38;GOVERNO;;PLEN;"Aprovado o Substitutivo ao Projeto de Lei nº 4.397, de 2024, adotado pelo relator da Comissão de Constituição e Justiça e de Cidadania. Sim: 300; Não: 36; Abstenção: 1; Total: 337."
2469569-38;PSB;;PLEN;"Aprovado o Substitutivo ao Projeto de Lei nº 4.397, de 2024, adotado pelo relator da Comissão de Constituição e Justiça e de Cidadania. Sim: 300; Não: 36; Abstenção: 1; Total: 337."
2469569-38;OPOSICAO;Liberado;PLEN;"Aprovado o Substitutivo ao Projeto de Lei nº 4.397, de 2024, adotado pelo relator da Comissão de Constituição e Justiça e de Cidadania. Sim: 300; Não: 36; Abstenção: 1; Total: 337."
2469569-38;MISSAO;Nao;PLEN;"Aprovado o Substitutivo ao Projeto de Lei nº 4.397, de 2024, adotado pelo relator da Comissão de Constituição e Justiça e de Cidadania. Sim: 300; Não: 36; Abstenção: 1; Total: 337."
2469569-38;MAIORIA;;PLEN;"Aprovado o Substitutivo ao Projeto de Lei nº 4.397, de 2024, adotado pelo relator da Comissão de Constituição e Justiça e de Cidadania. Sim: 300; Não: 36; Abstenção: 1; Total: 337."
2469569-38;PDT;;PLEN;"Aprovado o Substitutivo ao Projeto de Lei nº 4.397, de 2024, adotado pelo relator da Comissão de Constituição e Justiça e de Cidadania. Sim: 300; Não: 36; Abstenção: 1; Total: 337."
2469569-38;FDRPSOL-REDE;;PLEN;"Aprovado o Substitutivo ao Projeto de Lei nº 4.397, de 2024, adotado pelo relator da Comissão de Constituição e Justiça e de Cidadania. Sim: 300; Não: 36; Abstenção: 1; Total: 337."
2469569-38;BLUNIPPPSD...;Sim;PLEN;"Aprovado o Substitutivo ao Projeto de Lei nº 4.397, de 2024, adotado pelo relator da Comissão de Constituição e Justiça e de Cidadania. Sim: 300; Não: 36; Abstenção: 1; Total: 337."
2469569-38;BLAVANSOLIDPRD...;;PLEN;"Aprovado o Substitutivo ao Projeto de Lei nº 4.397, de 2024, adotado pelo relator da Comissão de Constituição e Justiça e de Cidadania. Sim: 300; Não: 36; Abstenção: 1; Total: 337."
2469569-38;NOVO;Nao;PLEN;"Aprovado o Substitutivo ao Projeto de Lei nº 4.397, de 2024, adotado pelo relator da Comissão de Constituição e Justiça e de Cidadania. Sim: 300; Não: 36; Abstenção: 1; Total: 337."
2469569-38;MINORIA;;PLEN;"Aprovado o Substitutivo ao Projeto de Lei nº 4.397, de 2024, adotado pelo relator da Comissão de Constituição e Justiça e de Cidadania. Sim: 300; Não: 36; Abstenção: 1; Total: 337."
2469569-38;PL;Sim;PLEN;"Aprovado o Substitutivo ao Projeto de Lei nº 4.397, de 2024, adotado pelo relator da Comissão de Constituição e Justiça e de Cidadania. Sim: 300; Não: 36; Abstenção: 1; Total: 337."
2368697-49;MAIORIA;;PLEN;"Rejeitado o Requerimento. Sim: 119; Não: 241; Total: 360."
2368697-49;BLUNIPPPSD...;Nao;PLEN;"Rejeitado o Requerimento. Sim: 119; Não: 241; Total: 360."
2368697-49;BLAVANSOLIDPRD...;;PLEN;"Rejeitado o Requerimento. Sim: 119; Não: 241; Total: 360."
2368697-49;PSB;;PLEN;"Rejeitado o Requerimento. Sim: 119; Não: 241; Total: 360."
2368697-49;MINORIA;Sim;PLEN;"Rejeitado o Requerimento. Sim: 119; Não: 241; Total: 360."
2368697-49;FDRPT-PCDOB-PV;Nao;PLEN;"Rejeitado o Requerimento. Sim: 119; Não: 241; Total: 360."
2368697-49;PDT;;PLEN;"Rejeitado o Requerimento. Sim: 119; Não: 241; Total: 360."
2368697-49;OPOSICAO;Sim;PLEN;"Rejeitado o Requerimento. Sim: 119; Não: 241; Total: 360."
2368697-49;PL;Sim;PLEN;"Rejeitado o Requerimento. Sim: 119; Não: 241; Total: 360."
2368697-49;GOVERNO;Nao;PLEN;"Rejeitado o Requerimento. Sim: 119; Não: 241; Total: 360."
2368697-49;MISSAO;Sim;PLEN;"Rejeitado o Requerimento. Sim: 119; Não: 241; Total: 360."
2368697-49;FDRPSOL-REDE;;PLEN;"Rejeitado o Requerimento. Sim: 119; Não: 241; Total: 360."
2368697-49;NOVO;Sim;PLEN;"Rejeitado o Requerimento. Sim: 119; Não: 241; Total: 360."
2368697-43;OPOSICAO;Sim;PLEN;"Rejeitado o Requerimento. Sim: 120; Não: 270; Total: 390."
2368697-43;PL;Sim;PLEN;"Rejeitado o Requerimento. Sim: 120; Não: 270; Total: 390."
2368697-43;FDRPT-PCDOB-PV;Nao;PLEN;"Rejeitado o Requerimento. Sim: 120; Não: 270; Total: 390."
2368697-43;MAIORIA;Nao;PLEN;"Rejeitado o Requerimento. Sim: 120; Não: 270; Total: 390."
2368697-43;MINORIA;Sim;PLEN;"Rejeitado o Requerimento. Sim: 120; Não: 270; Total: 390."
2368697-43;PDT;;PLEN;"Rejeitado o Requerimento. Sim: 120; Não: 270; Total: 390."
2368697-43;GOVERNO;Nao;PLEN;"Rejeitado o Requerimento. Sim: 120; Não: 270; Total: 390."
2368697-43;BLAVANSOLIDPRD...;Nao;PLEN;"Rejeitado o Requerimento. Sim: 120; Não: 270; Total: 390."
2368697-43;MISSAO;Sim;PLEN;"Rejeitado o Requerimento. Sim: 120; Não: 270; Total: 390."
2368697-43;BLUNIPPPSD...;Nao;PLEN;"Rejeitado o Requerimento. Sim: 120; Não: 270; Total: 390."
2368697-43;NOVO;Sim;PLEN;"Rejeitado o Requerimento. Sim: 120; Não: 270; Total: 390."
2368697-43;FDRPSOL-REDE;Nao;PLEN;"Rejeitado o Requerimento. Sim: 120; Não: 270; Total: 390."
2368697-43;PSB;;PLEN;"Rejeitado o Requerimento. Sim: 120; Não: 270; Total: 390."
2368697-38;GOVERNO;Nao;PLEN;"Rejeitado o Requerimento. Sim: 117; Não: 278; Total: 395."
2368697-38;MINORIA;Sim;PLEN;"Rejeitado o Requerimento. Sim: 117; Não: 278; Total: 395."
2368697-38;NOVO;Sim;PLEN;"Rejeitado o Requerimento. Sim: 117; Não: 278; Total: 395."
2368697-38;PL;Sim;PLEN;"Rejeitado o Requerimento. Sim: 117; Não: 278; Total: 395."
2368697-38;MISSAO;Sim;PLEN;"Rejeitado o Requerimento. Sim: 117; Não: 278; Total: 395."
2368697-38;FDRPSOL-REDE;Nao;PLEN;"Rejeitado o Requerimento. Sim: 117; Não: 278; Total: 395."
2368697-38;PDT;;PLEN;"Rejeitado o Requerimento. Sim: 117; Não: 278; Total: 395."
2368697-38;PSB;;PLEN;"Rejeitado o Requerimento. Sim: 117; Não: 278; Total: 395."
2368697-38;MAIORIA;Nao;PLEN;"Rejeitado o Requerimento. Sim: 117; Não: 278; Total: 395."
2368697-38;FDRPT-PCDOB-PV;Nao;PLEN;"Rejeitado o Requerimento. Sim: 117; Não: 278; Total: 395."
2368697-38;BLUNIPPPSD...;Nao;PLEN;"Rejeitado o Requerimento. Sim: 117; Não: 278; Total: 395."
2368697-38;BLAVANSOLIDPRD...;Nao;PLEN;"Rejeitado o Requerimento. Sim: 117; Não: 278; Total: 395."
2368697-38;OPOSICAO;Sim;PLEN;"Rejeitado o Requerimento. Sim: 117; Não: 278; Total: 395."
2419128-78;MAIORIA;Nao;PLEN;"Rejeitado o Requerimento. Sim: 127; Não: 268; Total: 395."
2419128-78;OPOSICAO;Sim;PLEN;"Rejeitado o Requerimento. Sim: 127; Não: 268; Total: 395."
2419128-78;FDRPSOL-REDE;Nao;PLEN;"Rejeitado o Requerimento. Sim: 127; Não: 268; Total: 395."
2419128-78;NOVO;Sim;PLEN;"Rejeitado o Requerimento. Sim: 127; Não: 268; Total: 395."
2419128-78;BLUNIPPPSD...;Nao;PLEN;"Rejeitado o Requerimento. Sim: 127; Não: 268; Total: 395."
2419128-78;MINORIA;Sim;PLEN;"Rejeitado o Requerimento. Sim: 127; Não: 268; Total: 395."
2419128-78;MISSAO;Sim;PLEN;"Rejeitado o Requerimento. Sim: 127; Não: 268; Total: 395."
2419128-78;PSB;;PLEN;"Rejeitado o Requerimento. Sim: 127; Não: 268; Total: 395."
2419128-78;BLAVANSOLIDPRD...;;PLEN;"Rejeitado o Requerimento. Sim: 127; Não: 268; Total: 395."
2419128-78;GOVERNO;Nao;PLEN;"Rejeitado o Requerimento. Sim: 127; Não: 268; Total: 395."
2419128-78;PL;Sim;PLEN;"Rejeitado o Requerimento. Sim: 127; Não: 268; Total: 395."
2419128-78;PDT;;PLEN;"Rejeitado o Requerimento. Sim: 127; Não: 268; Total: 395."
2419128-78;FDRPT-PCDOB-PV;Nao;PLEN;"Rejeitado o Requerimento. Sim: 127; Não: 268; Total: 395."
2608575-64;NOVO;Liberado;PLEN;"Aprovado o Projeto de Lei Complementar nº 55, de 2026. Sim: 342; Não: 39; Total: 381."
2608575-64;MAIORIA;;PLEN;"Aprovado o Projeto de Lei Complementar nº 55, de 2026. Sim: 342; Não: 39; Total: 381."
2608575-64;BLAVANSOLIDPRD...;Sim;PLEN;"Aprovado o Projeto de Lei Complementar nº 55, de 2026. Sim: 342; Não: 39; Total: 381."
2608575-64;MINORIA;;PLEN;"Aprovado o Projeto de Lei Complementar nº 55, de 2026. Sim: 342; Não: 39; Total: 381."
2608575-64;MISSAO;Nao;PLEN;"Aprovado o Projeto de Lei Complementar nº 55, de 2026. Sim: 342; Não: 39; Total: 381."
2608575-64;PDT;;PLEN;"Aprovado o Projeto de Lei Complementar nº 55, de 2026. Sim: 342; Não: 39; Total: 381."
2608575-64;OPOSICAO;;PLEN;"Aprovado o Projeto de Lei Complementar nº 55, de 2026. Sim: 342; Não: 39; Total: 381."
2608575-64;BLUNIPPPSD...;Sim;PLEN;"Aprovado o Projeto de Lei Complementar nº 55, de 2026. Sim: 342; Não: 39; Total: 381."
2608575-64;GOVERNO;Sim;PLEN;"Aprovado o Projeto de Lei Complementar nº 55, de 2026. Sim: 342; Não: 39; Total: 381."
2608575-64;FDRPT-PCDOB-PV;Sim;PLEN;"Aprovado o Projeto de Lei Complementar nº 55, de 2026. Sim: 342; Não: 39; Total: 381."
2608575-64;PL;;PLEN;"Aprovado o Projeto de Lei Complementar nº 55, de 2026. Sim: 342; Não: 39; Total: 381."
2608575-64;PSB;;PLEN;"Aprovado o Projeto de Lei Complementar nº 55, de 2026. Sim: 342; Não: 39; Total: 381."
2608575-64;FDRPSOL-REDE;Sim;PLEN;"Aprovado o Projeto de Lei Complementar nº 55, de 2026. Sim: 342; Não: 39; Total: 381."
2600708-7;MAIORIA;Sim;PLEN;"Aprovado o Requerimento de Urgência (Art. 155 do RICD). Sim: 305; Não: 22; Total: 327."
2600708-7;OPOSICAO;Liberado;PLEN;"Aprovado o Requerimento de Urgência (Art. 155 do RICD). Sim: 305; Não: 22; Total: 327."
2600708-7;PSB;;PLEN;"Aprovado o Requerimento de Urgência (Art. 155 do RICD). Sim: 305; Não: 22; Total: 327."
2600708-7;NOVO;Nao;PLEN;"Aprovado o Requerimento de Urgência (Art. 155 do RICD). Sim: 305; Não: 22; Total: 327."
2600708-7;BLAVANSOLIDPRD...;Sim;PLEN;"Aprovado o Requerimento de Urgência (Art. 155 do RICD). Sim: 305; Não: 22; Total: 327."
2600708-7;MINORIA;Liberado;PLEN;"Aprovado o Requerimento de Urgência (Art. 155 do RICD). Sim: 305; Não: 22; Total: 327."
2600708-7;PDT;;PLEN;"Aprovado o Requerimento de Urgência (Art. 155 do RICD). Sim: 305; Não: 22; Total: 327."
2600708-7;FDRPT-PCDOB-PV;Sim;PLEN;"Aprovado o Requerimento de Urgência (Art. 155 do RICD). Sim: 305; Não: 22; Total: 327."
2600708-7;MISSAO;Sim;PLEN;"Aprovado o Requerimento de Urgência (Art. 155 do RICD). Sim: 305; Não: 22; Total: 327."
2600708-7;PL;Sim;PLEN;"Aprovado o Requerimento de Urgência (Art. 155 do RICD). Sim: 305; Não: 22; Total: 327."
2600708-7;FDRPSOL-REDE;Sim;PLEN;"Aprovado o Requerimento de Urgência (Art. 155 do RICD). Sim: 305; Não: 22; Total: 327."
2600708-7;GOVERNO;Sim;PLEN;"Aprovado o Requerimento de Urgência (Art. 155 do RICD). Sim: 305; Não: 22; Total: 327."
2600708-7;BLUNIPPPSD...;Sim;PLEN;"Aprovado o Requerimento de Urgência (Art. 155 do RICD). Sim: 305; Não: 22; Total: 327."
2578968-7;BLAVANSOLIDPRD...;Sim;PLEN;"Aprovado o Requerimento de Urgência (Art. 155 do RICD). Sim: 355; Não: 29; Total: 384."
2578968-7;PSB;;PLEN;"Aprovado o Requerimento de Urgência (Art. 155 do RICD). Sim: 355; Não: 29; Total: 384."
2578968-7;PL;Sim;PLEN;"Aprovado o Requerimento de Urgência (Art. 155 do RICD). Sim: 355; Não: 29; Total: 384."
2578968-7;PDT;;PLEN;"Aprovado o Requerimento de Urgência (Art. 155 do RICD). Sim: 355; Não: 29; Total: 384."
2578968-7;NOVO;Nao;PLEN;"Aprovado o Requerimento de Urgência (Art. 155 do RICD). Sim: 355; Não: 29; Total: 384."
2578968-7;MINORIA;Liberado;PLEN;"Aprovado o Requerimento de Urgência (Art. 155 do RICD). Sim: 355; Não: 29; Total: 384."
2578968-7;OPOSICAO;Liberado;PLEN;"Aprovado o Requerimento de Urgência (Art. 155 do RICD). Sim: 355; Não: 29; Total: 384."
2578968-7;MISSAO;Nao;PLEN;"Aprovado o Requerimento de Urgência (Art. 155 do RICD). Sim: 355; Não: 29; Total: 384."
2578968-7;FDRPSOL-REDE;Sim;PLEN;"Aprovado o Requerimento de Urgência (Art. 155 do RICD). Sim: 355; Não: 29; Total: 384."
2578968-7;GOVERNO;Sim;PLEN;"Aprovado o Requerimento de Urgência (Art. 155 do RICD). Sim: 355; Não: 29; Total: 384."
2578968-7;FDRPT-PCDOB-PV;Sim;PLEN;"Aprovado o Requerimento de Urgência (Art. 155 do RICD). Sim: 355; Não: 29; Total: 384."
2578968-7;MAIORIA;Sim;PLEN;"Aprovado o Requerimento de Urgência (Art. 155 do RICD). Sim: 355; Não: 29; Total: 384."
2578968-7;BLUNIPPPSD...;Sim;PLEN;"Aprovado o Requerimento de Urgência (Art. 155 do RICD). Sim: 355; Não: 29; Total: 384."
2162116-169;FDRPT-PCDOB-PV;Sim;PLEN;"Aprovada, em primeiro turno, a Proposta de Emenda à Constituição nº 383, de 2017, na forma da Emenda Aglutinativa nº 2. Sim: 464; Não: 16; Total: 480."
2162116-169;BLAVANSOLIDPRD...;Sim;PLEN;"Aprovada, em primeiro turno, a Proposta de Emenda à Constituição nº 383, de 2017, na forma da Emenda Aglutinativa nº 2. Sim: 464; Não: 16; Total: 480."
2162116-169;PSB;Sim;PLEN;"Aprovada, em primeiro turno, a Proposta de Emenda à Constituição nº 383, de 2017, na forma da Emenda Aglutinativa nº 2. Sim: 464; Não: 16; Total: 480."
2162116-169;MISSAO;Nao;PLEN;"Aprovada, em primeiro turno, a Proposta de Emenda à Constituição nº 383, de 2017, na forma da Emenda Aglutinativa nº 2. Sim: 464; Não: 16; Total: 480."
2162116-169;PDT;Sim;PLEN;"Aprovada, em primeiro turno, a Proposta de Emenda à Constituição nº 383, de 2017, na forma da Emenda Aglutinativa nº 2. Sim: 464; Não: 16; Total: 480."
2162116-169;NOVO;Nao;PLEN;"Aprovada, em primeiro turno, a Proposta de Emenda à Constituição nº 383, de 2017, na forma da Emenda Aglutinativa nº 2. Sim: 464; Não: 16; Total: 480."
2162116-169;BLUNIPPPSD...;Sim;PLEN;"Aprovada, em primeiro turno, a Proposta de Emenda à Constituição nº 383, de 2017, na forma da Emenda Aglutinativa nº 2. Sim: 464; Não: 16; Total: 480."
2162116-169;GOVERNO;Sim;PLEN;"Aprovada, em primeiro turno, a Proposta de Emenda à Constituição nº 383, de 2017, na forma da Emenda Aglutinativa nº 2. Sim: 464; Não: 16; Total: 480."
2162116-169;MAIORIA;Sim;PLEN;"Aprovada, em primeiro turno, a Proposta de Emenda à Constituição nº 383, de 2017, na forma da Emenda Aglutinativa nº 2. Sim: 464; Não: 16; Total: 480."
2162116-169;FDRPSOL-REDE;Sim;PLEN;"Aprovada, em primeiro turno, a Proposta de Emenda à Constituição nº 383, de 2017, na forma da Emenda Aglutinativa nº 2. Sim: 464; Não: 16; Total: 480."
2162116-169;OPOSICAO;Liberado;PLEN;"Aprovada, em primeiro turno, a Proposta de Emenda à Constituição nº 383, de 2017, na forma da Emenda Aglutinativa nº 2. Sim: 464; Não: 16; Total: 480."
2162116-169;MINORIA;Liberado;PLEN;"Aprovada, em primeiro turno, a Proposta de Emenda à Constituição nº 383, de 2017, na forma da Emenda Aglutinativa nº 2. Sim: 464; Não: 16; Total: 480."
2162116-169;PL;Sim;PLEN;"Aprovada, em primeiro turno, a Proposta de Emenda à Constituição nº 383, de 2017, na forma da Emenda Aglutinativa nº 2. Sim: 464; Não: 16; Total: 480."
2162116-161;OPOSICAO;Liberado;PLEN;"Rejeitado o Requerimento. Sim: 36; Não: 409; Total: 445."
2162116-161;FDRPT-PCDOB-PV;Nao;PLEN;"Rejeitado o Requerimento. Sim: 36; Não: 409; Total: 445."
2162116-161;BLUNIPPPSD...;Nao;PLEN;"Rejeitado o Requerimento. Sim: 36; Não: 409; Total: 445."
2162116-161;BLAVANSOLIDPRD...;;PLEN;"Rejeitado o Requerimento. Sim: 36; Não: 409; Total: 445."
2162116-161;PL;Nao;PLEN;"Rejeitado o Requerimento. Sim: 36; Não: 409; Total: 445."
2162116-161;GOVERNO;;PLEN;"Rejeitado o Requerimento. Sim: 36; Não: 409; Total: 445."
2162116-161;FDRPSOL-REDE;Nao;PLEN;"Rejeitado o Requerimento. Sim: 36; Não: 409; Total: 445."
2162116-161;MISSAO;Sim;PLEN;"Rejeitado o Requerimento. Sim: 36; Não: 409; Total: 445."
2162116-161;MINORIA;Liberado;PLEN;"Rejeitado o Requerimento. Sim: 36; Não: 409; Total: 445."
2162116-161;PDT;Nao;PLEN;"Rejeitado o Requerimento. Sim: 36; Não: 409; Total: 445."
2162116-161;MAIORIA;Nao;PLEN;"Rejeitado o Requerimento. Sim: 36; Não: 409; Total: 445."
2162116-161;PSB;Nao;PLEN;"Rejeitado o Requerimento. Sim: 36; Não: 409; Total: 445."
2162116-161;NOVO;Sim;PLEN;"Rejeitado o Requerimento. Sim: 36; Não: 409; Total: 445."
2348972-48;MINORIA;Sim;CCJC;"Aprovado o Parecer com o seguinte resultado: 28 votos ""Sim"", 23 votos ""Não"". Quórum de votação: 51 votos."
2348972-48;PDT;Liberado;CCJC;"Aprovado o Parecer com o seguinte resultado: 28 votos ""Sim"", 23 votos ""Não"". Quórum de votação: 51 votos."
2348972-48;MAIORIA;Nao;CCJC;"Aprovado o Parecer com o seguinte resultado: 28 votos ""Sim"", 23 votos ""Não"". Quórum de votação: 51 votos."
2348972-48;OPOSICAO;Sim;CCJC;"Aprovado o Parecer com o seguinte resultado: 28 votos ""Sim"", 23 votos ""Não"". Quórum de votação: 51 votos."
2348972-48;FDRPT-PCDOB-PV;Nao;CCJC;"Aprovado o Parecer com o seguinte resultado: 28 votos ""Sim"", 23 votos ""Não"". Quórum de votação: 51 votos."
2348972-48;PL;Sim;CCJC;"Aprovado o Parecer com o seguinte resultado: 28 votos ""Sim"", 23 votos ""Não"". Quórum de votação: 51 votos."
2348972-48;GOVERNO;Nao;CCJC;"Aprovado o Parecer com o seguinte resultado: 28 votos ""Sim"", 23 votos ""Não"". Quórum de votação: 51 votos."
2348972-48;FDRPSOL-REDE;Nao;CCJC;"Aprovado o Parecer com o seguinte resultado: 28 votos ""Sim"", 23 votos ""Não"". Quórum de votação: 51 votos."
2348972-43;PDT;Liberado;CCJC;"Rejeitado o Requerimento de Retirada de Pauta. Resultado: 20 votos ""Sim"", 22 votos ""Não"". Quórum de votação: 42 votos."
2348972-43;PL;Sim;CCJC;"Rejeitado o Requerimento de Retirada de Pauta. Resultado: 20 votos ""Sim"", 22 votos ""Não"". Quórum de votação: 42 votos."
2348972-43;MINORIA;Sim;CCJC;"Rejeitado o Requerimento de Retirada de Pauta. Resultado: 20 votos ""Sim"", 22 votos ""Não"". Quórum de votação: 42 votos."
2348972-43;FDRPT-PCDOB-PV;Nao;CCJC;"Rejeitado o Requerimento de Retirada de Pauta. Resultado: 20 votos ""Sim"", 22 votos ""Não"". Quórum de votação: 42 votos."
2348972-43;GOVERNO;Nao;CCJC;"Rejeitado o Requerimento de Retirada de Pauta. Resultado: 20 votos ""Sim"", 22 votos ""Não"". Quórum de votação: 42 votos."
2348972-43;MAIORIA;Nao;CCJC;"Rejeitado o Requerimento de Retirada de Pauta. Resultado: 20 votos ""Sim"", 22 votos ""Não"". Quórum de votação: 42 votos."
2348972-43;OPOSICAO;Sim;CCJC;"Rejeitado o Requerimento de Retirada de Pauta. Resultado: 20 votos ""Sim"", 22 votos ""Não"". Quórum de votação: 42 votos."
2348972-43;FDRPSOL-REDE;Nao;CCJC;"Rejeitado o Requerimento de Retirada de Pauta. Resultado: 20 votos ""Sim"", 22 votos ""Não"". Quórum de votação: 42 votos."
2503998-75;BLUNIPPPSD...;Sim;PLEN;"Aprovado o Substitutivo ao Projeto de Lei Complementar nº 109, de 2025, adotado pelo relator da Comissão de Constituição e Justiça e de Cidadania. Sim: 381; Não: 2; Total: 383."
2503998-75;PL;Sim;PLEN;"Aprovado o Substitutivo ao Projeto de Lei Complementar nº 109, de 2025, adotado pelo relator da Comissão de Constituição e Justiça e de Cidadania. Sim: 381; Não: 2; Total: 383."
2503998-75;MINORIA;Sim;PLEN;"Aprovado o Substitutivo ao Projeto de Lei Complementar nº 109, de 2025, adotado pelo relator da Comissão de Constituição e Justiça e de Cidadania. Sim: 381; Não: 2; Total: 383."
2503998-75;FDRPT-PCDOB-PV;Sim;PLEN;"Aprovado o Substitutivo ao Projeto de Lei Complementar nº 109, de 2025, adotado pelo relator da Comissão de Constituição e Justiça e de Cidadania. Sim: 381; Não: 2; Total: 383."
2503998-75;BLAVANSOLIDPRD...;Sim;PLEN;"Aprovado o Substitutivo ao Projeto de Lei Complementar nº 109, de 2025, adotado pelo relator da Comissão de Constituição e Justiça e de Cidadania. Sim: 381; Não: 2; Total: 383."
2503998-75;PDT;Sim;PLEN;"Aprovado o Substitutivo ao Projeto de Lei Complementar nº 109, de 2025, adotado pelo relator da Comissão de Constituição e Justiça e de Cidadania. Sim: 381; Não: 2; Total: 383."
2503998-75;MAIORIA;Sim;PLEN;"Aprovado o Substitutivo ao Projeto de Lei Complementar nº 109, de 2025, adotado pelo relator da Comissão de Constituição e Justiça e de Cidadania. Sim: 381; Não: 2; Total: 383."
2503998-75;FDRPSOL-REDE;Sim;PLEN;"Aprovado o Substitutivo ao Projeto de Lei Complementar nº 109, de 2025, adotado pelo relator da Comissão de Constituição e Justiça e de Cidadania. Sim: 381; Não: 2; Total: 383."
2503998-75;PSB;;PLEN;"Aprovado o Substitutivo ao Projeto de Lei Complementar nº 109, de 2025, adotado pelo relator da Comissão de Constituição e Justiça e de Cidadania. Sim: 381; Não: 2; Total: 383."
2503998-75;GOVERNO;Sim;PLEN;"Aprovado o Substitutivo ao Projeto de Lei Complementar nº 109, de 2025, adotado pelo relator da Comissão de Constituição e Justiça e de Cidadania. Sim: 381; Não: 2; Total: 383."
2503998-75;OPOSICAO;Sim;PLEN;"Aprovado o Substitutivo ao Projeto de Lei Complementar nº 109, de 2025, adotado pelo relator da Comissão de Constituição e Justiça e de Cidadania. Sim: 381; Não: 2; Total: 383."
2503998-75;NOVO;;PLEN;"Aprovado o Substitutivo ao Projeto de Lei Complementar nº 109, de 2025, adotado pelo relator da Comissão de Constituição e Justiça e de Cidadania. Sim: 381; Não: 2; Total: 383."
2503998-75;MISSAO;Sim;PLEN;"Aprovado o Substitutivo ao Projeto de Lei Complementar nº 109, de 2025, adotado pelo relator da Comissão de Constituição e Justiça e de Cidadania. Sim: 381; Não: 2; Total: 383."
2503998-70;BLAVANSOLIDPRD...;Nao;PLEN;"Rejeitado o Requerimento. Sim: 60; Não: 306; Total: 366."
2503998-70;PDT;;PLEN;"Rejeitado o Requerimento. Sim: 60; Não: 306; Total: 366."
2503998-70;MISSAO;Nao;PLEN;"Rejeitado o Requerimento. Sim: 60; Não: 306; Total: 366."
2503998-70;FDRPSOL-REDE;Nao;PLEN;"Rejeitado o Requerimento. Sim: 60; Não: 306; Total: 366."
2503998-70;OPOSICAO;Liberado;PLEN;"Rejeitado o Requerimento. Sim: 60; Não: 306; Total: 366."
2503998-70;MINORIA;Liberado;PLEN;"Rejeitado o Requerimento. Sim: 60; Não: 306; Total: 366."
2503998-70;GOVERNO;Nao;PLEN;"Rejeitado o Requerimento. Sim: 60; Não: 306; Total: 366."
2503998-70;BLUNIPPPSD...;Nao;PLEN;"Rejeitado o Requerimento. Sim: 60; Não: 306; Total: 366."
2503998-70;FDRPT-PCDOB-PV;Nao;PLEN;"Rejeitado o Requerimento. Sim: 60; Não: 306; Total: 366."
2503998-70;MAIORIA;Nao;PLEN;"Rejeitado o Requerimento. Sim: 60; Não: 306; Total: 366."
2503998-70;PSB;;PLEN;"Rejeitado o Requerimento. Sim: 60; Não: 306; Total: 366."
2503998-70;NOVO;Nao;PLEN;"Rejeitado o Requerimento. Sim: 60; Não: 306; Total: 366."
2503998-70;PL;Nao;PLEN;"Rejeitado o Requerimento. Sim: 60; Não: 306; Total: 366."
2581700-31;NOVO;Nao;PLEN;"Mantido o texto. Sim: 268; Não: 99; Total: 367."
2581700-31;FDRPSOL-REDE;Sim;PLEN;"Mantido o texto. Sim: 268; Não: 99; Total: 367."
2581700-31;MAIORIA;Sim;PLEN;"Mantido o texto. Sim: 268; Não: 99; Total: 367."
2581700-31;BLUNIPPPSD...;Sim;PLEN;"Mantido o texto. Sim: 268; Não: 99; Total: 367."
2581700-31;PDT;;PLEN;"Mantido o texto. Sim: 268; Não: 99; Total: 367."
2581700-31;OPOSICAO;Nao;PLEN;"Mantido o texto. Sim: 268; Não: 99; Total: 367."
2581700-31;FDRPT-PCDOB-PV;Sim;PLEN;"Mantido o texto. Sim: 268; Não: 99; Total: 367."
2581700-31;MINORIA;Nao;PLEN;"Mantido o texto. Sim: 268; Não: 99; Total: 367."
2581700-31;GOVERNO;Sim;PLEN;"Mantido o texto. Sim: 268; Não: 99; Total: 367."
2581700-31;PSB;;PLEN;"Mantido o texto. Sim: 268; Não: 99; Total: 367."
2581700-31;PL;Nao;PLEN;"Mantido o texto. Sim: 268; Não: 99; Total: 367."
2581700-31;MISSAO;Nao;PLEN;"Mantido o texto. Sim: 268; Não: 99; Total: 367."
2581700-31;BLAVANSOLIDPRD...;Liberado;PLEN;"Mantido o texto. Sim: 268; Não: 99; Total: 367."
2562289-8;FDRPSOL-REDE;Sim;PLEN;"Aprovado o Requerimento de Urgência (Art. 155 do RICD). Sim: 272; Não: 18; Total: 290."
2562289-8;OPOSICAO;;PLEN;"Aprovado o Requerimento de Urgência (Art. 155 do RICD). Sim: 272; Não: 18; Total: 290."
2562289-8;MISSAO;Nao;PLEN;"Aprovado o Requerimento de Urgência (Art. 155 do RICD). Sim: 272; Não: 18; Total: 290."
2562289-8;GOVERNO;;PLEN;"Aprovado o Requerimento de Urgência (Art. 155 do RICD). Sim: 272; Não: 18; Total: 290."
2562289-8;MAIORIA;;PLEN;"Aprovado o Requerimento de Urgência (Art. 155 do RICD). Sim: 272; Não: 18; Total: 290."
2562289-8;PDT;;PLEN;"Aprovado o Requerimento de Urgência (Art. 155 do RICD). Sim: 272; Não: 18; Total: 290."
2562289-8;BLAVANSOLIDPRD...;Liberado;PLEN;"Aprovado o Requerimento de Urgência (Art. 155 do RICD). Sim: 272; Não: 18; Total: 290."
2562289-8;FDRPT-PCDOB-PV;Sim;PLEN;"Aprovado o Requerimento de Urgência (Art. 155 do RICD). Sim: 272; Não: 18; Total: 290."
2562289-8;PSB;;PLEN;"Aprovado o Requerimento de Urgência (Art. 155 do RICD). Sim: 272; Não: 18; Total: 290."
2562289-8;PL;Liberado;PLEN;"Aprovado o Requerimento de Urgência (Art. 155 do RICD). Sim: 272; Não: 18; Total: 290."
2562289-8;BLUNIPPPSD...;Liberado;PLEN;"Aprovado o Requerimento de Urgência (Art. 155 do RICD). Sim: 272; Não: 18; Total: 290."
2562289-8;MINORIA;;PLEN;"Aprovado o Requerimento de Urgência (Art. 155 do RICD). Sim: 272; Não: 18; Total: 290."
2562289-8;NOVO;Sim;PLEN;"Aprovado o Requerimento de Urgência (Art. 155 do RICD). Sim: 272; Não: 18; Total: 290."
2611717-38;BLAVANSOLIDPRD...;Sim;PLEN;"Mantido o texto. Sim: 284; Não: 86; Abstenção: 3; Total: 373."
2611717-38;FDRPSOL-REDE;;PLEN;"Mantido o texto. Sim: 284; Não: 86; Abstenção: 3; Total: 373."
2611717-38;BLUNIPPPSD...;Sim;PLEN;"Mantido o texto. Sim: 284; Não: 86; Abstenção: 3; Total: 373."
2611717-38;NOVO;Nao;PLEN;"Mantido o texto. Sim: 284; Não: 86; Abstenção: 3; Total: 373."
2611717-38;PDT;;PLEN;"Mantido o texto. Sim: 284; Não: 86; Abstenção: 3; Total: 373."
2611717-38;MAIORIA;Sim;PLEN;"Mantido o texto. Sim: 284; Não: 86; Abstenção: 3; Total: 373."
2611717-38;PL;Liberado;PLEN;"Mantido o texto. Sim: 284; Não: 86; Abstenção: 3; Total: 373."
2611717-38;PSB;Sim;PLEN;"Mantido o texto. Sim: 284; Não: 86; Abstenção: 3; Total: 373."
2611717-38;MISSAO;Nao;PLEN;"Mantido o texto. Sim: 284; Não: 86; Abstenção: 3; Total: 373."
2611717-38;OPOSICAO;Liberado;PLEN;"Mantido o texto. Sim: 284; Não: 86; Abstenção: 3; Total: 373."
2611717-38;GOVERNO;Sim;PLEN;"Mantido o texto. Sim: 284; Não: 86; Abstenção: 3; Total: 373."
2611717-38;FDRPT-PCDOB-PV;Sim;PLEN;"Mantido o texto. Sim: 284; Não: 86; Abstenção: 3; Total: 373."
2611717-38;MINORIA;Liberado;PLEN;"Mantido o texto. Sim: 284; Não: 86; Abstenção: 3; Total: 373."
2611717-33;PL;Sim;PLEN;"Aprovado o Projeto de Lei Complementar nº 77, de 2026, ressalvado o destaque. Sim: 391; Não: 33; Abstenção: 2; Total: 426."
2611717-33;BLAVANSOLIDPRD...;Sim;PLEN;"Aprovado o Projeto de Lei Complementar nº 77, de 2026, ressalvado o destaque. Sim: 391; Não: 33; Abstenção: 2; Total: 426."
2611717-33;BLUNIPPPSD...;Sim;PLEN;"Aprovado o Projeto de Lei Complementar nº 77, de 2026, ressalvado o destaque. Sim: 391; Não: 33; Abstenção: 2; Total: 426."
2611717-33;MISSAO;Nao;PLEN;"Aprovado o Projeto de Lei Complementar nº 77, de 2026, ressalvado o destaque. Sim: 391; Não: 33; Abstenção: 2; Total: 426."
2611717-33;PSB;Sim;PLEN;"Aprovado o Projeto de Lei Complementar nº 77, de 2026, ressalvado o destaque. Sim: 391; Não: 33; Abstenção: 2; Total: 426."
2611717-33;MINORIA;Sim;PLEN;"Aprovado o Projeto de Lei Complementar nº 77, de 2026, ressalvado o destaque. Sim: 391; Não: 33; Abstenção: 2; Total: 426."
2611717-33;FDRPSOL-REDE;;PLEN;"Aprovado o Projeto de Lei Complementar nº 77, de 2026, ressalvado o destaque. Sim: 391; Não: 33; Abstenção: 2; Total: 426."
2611717-33;FDRPT-PCDOB-PV;Sim;PLEN;"Aprovado o Projeto de Lei Complementar nº 77, de 2026, ressalvado o destaque. Sim: 391; Não: 33; Abstenção: 2; Total: 426."
2611717-33;OPOSICAO;Sim;PLEN;"Aprovado o Projeto de Lei Complementar nº 77, de 2026, ressalvado o destaque. Sim: 391; Não: 33; Abstenção: 2; Total: 426."
2611717-33;MAIORIA;;PLEN;"Aprovado o Projeto de Lei Complementar nº 77, de 2026, ressalvado o destaque. Sim: 391; Não: 33; Abstenção: 2; Total: 426."
2611717-33;PDT;;PLEN;"Aprovado o Projeto de Lei Complementar nº 77, de 2026, ressalvado o destaque. Sim: 391; Não: 33; Abstenção: 2; Total: 426."
2611717-33;NOVO;Nao;PLEN;"Aprovado o Projeto de Lei Complementar nº 77, de 2026, ressalvado o destaque. Sim: 391; Não: 33; Abstenção: 2; Total: 426."
2611717-33;GOVERNO;Sim;PLEN;"Aprovado o Projeto de Lei Complementar nº 77, de 2026, ressalvado o destaque. Sim: 391; Não: 33; Abstenção: 2; Total: 426."
2595984-34;GOVERNO;Sim;PLEN;"Aprovado o Projeto de Lei nº 6.359, de 2025. Sim: 258; Não: 140; Abstenção: 1; Total: 399."
2595984-34;FDRPSOL-REDE;Sim;PLEN;"Aprovado o Projeto de Lei nº 6.359, de 2025. Sim: 258; Não: 140; Abstenção: 1; Total: 399."
2595984-34;MINORIA;Nao;PLEN;"Aprovado o Projeto de Lei nº 6.359, de 2025. Sim: 258; Não: 140; Abstenção: 1; Total: 399."
2595984-34;FDRPT-PCDOB-PV;Sim;PLEN;"Aprovado o Projeto de Lei nº 6.359, de 2025. Sim: 258; Não: 140; Abstenção: 1; Total: 399."
2595984-34;MAIORIA;Sim;PLEN;"Aprovado o Projeto de Lei nº 6.359, de 2025. Sim: 258; Não: 140; Abstenção: 1; Total: 399."
2595984-34;OPOSICAO;Nao;PLEN;"Aprovado o Projeto de Lei nº 6.359, de 2025. Sim: 258; Não: 140; Abstenção: 1; Total: 399."
2595984-34;BLAVANSOLIDPRD...;;PLEN;"Aprovado o Projeto de Lei nº 6.359, de 2025. Sim: 258; Não: 140; Abstenção: 1; Total: 399."
2595984-34;BLUNIPPPSD...;;PLEN;"Aprovado o Projeto de Lei nº 6.359, de 2025. Sim: 258; Não: 140; Abstenção: 1; Total: 399."
2595984-34;PSB;;PLEN;"Aprovado o Projeto de Lei nº 6.359, de 2025. Sim: 258; Não: 140; Abstenção: 1; Total: 399."
2595984-34;MISSAO;Nao;PLEN;"Aprovado o Projeto de Lei nº 6.359, de 2025. Sim: 258; Não: 140; Abstenção: 1; Total: 399."
2595984-34;NOVO;Nao;PLEN;"Aprovado o Projeto de Lei nº 6.359, de 2025. Sim: 258; Não: 140; Abstenção: 1; Total: 399."
2595984-34;PL;Nao;PLEN;"Aprovado o Projeto de Lei nº 6.359, de 2025. Sim: 258; Não: 140; Abstenção: 1; Total: 399."
2595984-34;PDT;;PLEN;"Aprovado o Projeto de Lei nº 6.359, de 2025. Sim: 258; Não: 140; Abstenção: 1; Total: 399."
2595984-31;OPOSICAO;Sim;PLEN;"Rejeitado o Requerimento. Sim: 124; Não: 257; Abstenção: 1; Total: 382."
2595984-31;MINORIA;Sim;PLEN;"Rejeitado o Requerimento. Sim: 124; Não: 257; Abstenção: 1; Total: 382."
2595984-31;FDRPSOL-REDE;Nao;PLEN;"Rejeitado o Requerimento. Sim: 124; Não: 257; Abstenção: 1; Total: 382."
2595984-31;PDT;;PLEN;"Rejeitado o Requerimento. Sim: 124; Não: 257; Abstenção: 1; Total: 382."
2595984-31;BLUNIPPPSD...;;PLEN;"Rejeitado o Requerimento. Sim: 124; Não: 257; Abstenção: 1; Total: 382."
2595984-31;PL;Sim;PLEN;"Rejeitado o Requerimento. Sim: 124; Não: 257; Abstenção: 1; Total: 382."
2595984-31;BLAVANSOLIDPRD...;;PLEN;"Rejeitado o Requerimento. Sim: 124; Não: 257; Abstenção: 1; Total: 382."
2595984-31;MAIORIA;Nao;PLEN;"Rejeitado o Requerimento. Sim: 124; Não: 257; Abstenção: 1; Total: 382."
2595984-31;PSB;;PLEN;"Rejeitado o Requerimento. Sim: 124; Não: 257; Abstenção: 1; Total: 382."
2595984-31;GOVERNO;Nao;PLEN;"Rejeitado o Requerimento. Sim: 124; Não: 257; Abstenção: 1; Total: 382."
2595984-31;MISSAO;Sim;PLEN;"Rejeitado o Requerimento. Sim: 124; Não: 257; Abstenção: 1; Total: 382."
2595984-31;NOVO;Sim;PLEN;"Rejeitado o Requerimento. Sim: 124; Não: 257; Abstenção: 1; Total: 382."
2595984-31;FDRPT-PCDOB-PV;Nao;PLEN;"Rejeitado o Requerimento. Sim: 124; Não: 257; Abstenção: 1; Total: 382."
2595984-26;NOVO;Sim;PLEN;"Rejeitado o Requerimento. Sim: 126; Não: 262; Total: 388."
2595984-26;GOVERNO;;PLEN;"Rejeitado o Requerimento. Sim: 126; Não: 262; Total: 388."
2595984-26;MAIORIA;Nao;PLEN;"Rejeitado o Requerimento. Sim: 126; Não: 262; Total: 388."
2595984-26;MISSAO;Sim;PLEN;"Rejeitado o Requerimento. Sim: 126; Não: 262; Total: 388."
2595984-26;BLAVANSOLIDPRD...;;PLEN;"Rejeitado o Requerimento. Sim: 126; Não: 262; Total: 388."
2595984-26;PL;Sim;PLEN;"Rejeitado o Requerimento. Sim: 126; Não: 262; Total: 388."
2595984-26;BLUNIPPPSD...;;PLEN;"Rejeitado o Requerimento. Sim: 126; Não: 262; Total: 388."
2595984-26;PDT;;PLEN;"Rejeitado o Requerimento. Sim: 126; Não: 262; Total: 388."
2595984-26;MINORIA;Sim;PLEN;"Rejeitado o Requerimento. Sim: 126; Não: 262; Total: 388."
2595984-26;FDRPT-PCDOB-PV;Nao;PLEN;"Rejeitado o Requerimento. Sim: 126; Não: 262; Total: 388."
2595984-26;PSB;;PLEN;"Rejeitado o Requerimento. Sim: 126; Não: 262; Total: 388."
2595984-26;OPOSICAO;Sim;PLEN;"Rejeitado o Requerimento. Sim: 126; Não: 262; Total: 388."
2595984-26;FDRPSOL-REDE;Nao;PLEN;"Rejeitado o Requerimento. Sim: 126; Não: 262; Total: 388."
2595984-22;BLUNIPPPSD...;;PLEN;"Rejeitado o Requerimento. Sim: 137; Não: 257; Total: 394."
2595984-22;PL;Sim;PLEN;"Rejeitado o Requerimento. Sim: 137; Não: 257; Total: 394."
2595984-22;GOVERNO;Nao;PLEN;"Rejeitado o Requerimento. Sim: 137; Não: 257; Total: 394."
2595984-22;MINORIA;Sim;PLEN;"Rejeitado o Requerimento. Sim: 137; Não: 257; Total: 394."
2595984-22;PDT;;PLEN;"Rejeitado o Requerimento. Sim: 137; Não: 257; Total: 394."
2595984-22;PSB;;PLEN;"Rejeitado o Requerimento. Sim: 137; Não: 257; Total: 394."
2595984-22;FDRPT-PCDOB-PV;Nao;PLEN;"Rejeitado o Requerimento. Sim: 137; Não: 257; Total: 394."
2595984-22;MISSAO;Sim;PLEN;"Rejeitado o Requerimento. Sim: 137; Não: 257; Total: 394."
2595984-22;NOVO;Sim;PLEN;"Rejeitado o Requerimento. Sim: 137; Não: 257; Total: 394."
2595984-22;MAIORIA;Nao;PLEN;"Rejeitado o Requerimento. Sim: 137; Não: 257; Total: 394."
2595984-22;BLAVANSOLIDPRD...;;PLEN;"Rejeitado o Requerimento. Sim: 137; Não: 257; Total: 394."
2595984-22;FDRPSOL-REDE;;PLEN;"Rejeitado o Requerimento. Sim: 137; Não: 257; Total: 394."
2595984-22;OPOSICAO;Sim;PLEN;"Rejeitado o Requerimento. Sim: 137; Não: 257; Total: 394."
2487399-57;FDRPT-PCDOB-PV;Sim;PLEN;"Mantido o texto. Sim: 295; Não: 120; Abstenção: 1; Total: 416."
2487399-57;NOVO;Nao;PLEN;"Mantido o texto. Sim: 295; Não: 120; Abstenção: 1; Total: 416."
2487399-57;PDT;;PLEN;"Mantido o texto. Sim: 295; Não: 120; Abstenção: 1; Total: 416."
2487399-57;PL;Nao;PLEN;"Mantido o texto. Sim: 295; Não: 120; Abstenção: 1; Total: 416."
2487399-57;PSB;;PLEN;"Mantido o texto. Sim: 295; Não: 120; Abstenção: 1; Total: 416."
2487399-57;BLAVANSOLIDPRD...;;PLEN;"Mantido o texto. Sim: 295; Não: 120; Abstenção: 1; Total: 416."
2487399-57;BLUNIPPPSD...;Sim;PLEN;"Mantido o texto. Sim: 295; Não: 120; Abstenção: 1; Total: 416."
2487399-57;MAIORIA;Sim;PLEN;"Mantido o texto. Sim: 295; Não: 120; Abstenção: 1; Total: 416."
2487399-57;MINORIA;Nao;PLEN;"Mantido o texto. Sim: 295; Não: 120; Abstenção: 1; Total: 416."
2487399-57;OPOSICAO;Nao;PLEN;"Mantido o texto. Sim: 295; Não: 120; Abstenção: 1; Total: 416."
2487399-57;FDRPSOL-REDE;Sim;PLEN;"Mantido o texto. Sim: 295; Não: 120; Abstenção: 1; Total: 416."
2487399-57;MISSAO;Nao;PLEN;"Mantido o texto. Sim: 295; Não: 120; Abstenção: 1; Total: 416."
2487399-57;GOVERNO;Sim;PLEN;"Mantido o texto. Sim: 295; Não: 120; Abstenção: 1; Total: 416."
2376169-101;FDRPT-PCDOB-PV;Sim;PLEN;"Mantido o texto. Sim: 278; Não: 114; Abstenção: 2; Total: 394."
2376169-101;MISSAO;;PLEN;"Mantido o texto. Sim: 278; Não: 114; Abstenção: 2; Total: 394."
2376169-101;PL;;PLEN;"Mantido o texto. Sim: 278; Não: 114; Abstenção: 2; Total: 394."
2376169-101;FDRPSOL-REDE;Sim;PLEN;"Mantido o texto. Sim: 278; Não: 114; Abstenção: 2; Total: 394."
2376169-101;MINORIA;;PLEN;"Mantido o texto. Sim: 278; Não: 114; Abstenção: 2; Total: 394."
2376169-101;GOVERNO;Sim;PLEN;"Mantido o texto. Sim: 278; Não: 114; Abstenção: 2; Total: 394."
2376169-101;NOVO;Nao;PLEN;"Mantido o texto. Sim: 278; Não: 114; Abstenção: 2; Total: 394."
2376169-101;MAIORIA;Sim;PLEN;"Mantido o texto. Sim: 278; Não: 114; Abstenção: 2; Total: 394."
2376169-101;BLUNIPPPSD...;Sim;PLEN;"Mantido o texto. Sim: 278; Não: 114; Abstenção: 2; Total: 394."
2376169-101;BLAVANSOLIDPRD...;;PLEN;"Mantido o texto. Sim: 278; Não: 114; Abstenção: 2; Total: 394."
2376169-101;OPOSICAO;Liberado;PLEN;"Mantido o texto. Sim: 278; Não: 114; Abstenção: 2; Total: 394."
2376169-101;PDT;;PLEN;"Mantido o texto. Sim: 278; Não: 114; Abstenção: 2; Total: 394."
2376169-101;PSB;Sim;PLEN;"Mantido o texto. Sim: 278; Não: 114; Abstenção: 2; Total: 394."
2462009-79;BLAVANSOLIDPRD...;Sim;PLEN;"Mantido o texto. Sim: 232; Não: 151; Abstenção: 1; Total: 384."
2462009-79;MAIORIA;Sim;PLEN;"Mantido o texto. Sim: 232; Não: 151; Abstenção: 1; Total: 384."
2462009-79;PSB;Sim;PLEN;"Mantido o texto. Sim: 232; Não: 151; Abstenção: 1; Total: 384."
2462009-79;BLUNIPPPSD...;Sim;PLEN;"Mantido o texto. Sim: 232; Não: 151; Abstenção: 1; Total: 384."
2462009-79;PL;Nao;PLEN;"Mantido o texto. Sim: 232; Não: 151; Abstenção: 1; Total: 384."
2462009-79;GOVERNO;Sim;PLEN;"Mantido o texto. Sim: 232; Não: 151; Abstenção: 1; Total: 384."
2462009-79;OPOSICAO;Nao;PLEN;"Mantido o texto. Sim: 232; Não: 151; Abstenção: 1; Total: 384."
2462009-79;FDRPT-PCDOB-PV;Sim;PLEN;"Mantido o texto. Sim: 232; Não: 151; Abstenção: 1; Total: 384."
2462009-79;NOVO;Nao;PLEN;"Mantido o texto. Sim: 232; Não: 151; Abstenção: 1; Total: 384."
2462009-79;FDRPSOL-REDE;Sim;PLEN;"Mantido o texto. Sim: 232; Não: 151; Abstenção: 1; Total: 384."
2462009-79;MINORIA;Nao;PLEN;"Mantido o texto. Sim: 232; Não: 151; Abstenção: 1; Total: 384."
2462009-79;PDT;;PLEN;"Mantido o texto. Sim: 232; Não: 151; Abstenção: 1; Total: 384."
2462009-79;MISSAO;Nao;PLEN;"Mantido o texto. Sim: 232; Não: 151; Abstenção: 1; Total: 384."
2610645-5;OPOSICAO;Sim;PLEN;"Rejeitado o Recurso nº 6/2026 contra parecer terminativo da Comissão de Constituição e Justiça e de Cidadania à Emenda de Plenário de nº 3 oferecida ao Projeto de Lei nº 3.880, de 2024 (Art. 132, § 2º C/C Art. 144, Caput, RICD). Sim: 152; Não: 254; Abstenção: 1; Total: 407."
2610645-5;FDRPSOL-REDE;Nao;PLEN;"Rejeitado o Recurso nº 6/2026 contra parecer terminativo da Comissão de Constituição e Justiça e de Cidadania à Emenda de Plenário de nº 3 oferecida ao Projeto de Lei nº 3.880, de 2024 (Art. 132, § 2º C/C Art. 144, Caput, RICD). Sim: 152; Não: 254; Abstenção: 1; Total: 407."
2610645-5;BLAVANSOLIDPRD...;Nao;PLEN;"Rejeitado o Recurso nº 6/2026 contra parecer terminativo da Comissão de Constituição e Justiça e de Cidadania à Emenda de Plenário de nº 3 oferecida ao Projeto de Lei nº 3.880, de 2024 (Art. 132, § 2º C/C Art. 144, Caput, RICD). Sim: 152; Não: 254; Abstenção: 1; Total: 407."
2610645-5;MISSAO;Sim;PLEN;"Rejeitado o Recurso nº 6/2026 contra parecer terminativo da Comissão de Constituição e Justiça e de Cidadania à Emenda de Plenário de nº 3 oferecida ao Projeto de Lei nº 3.880, de 2024 (Art. 132, § 2º C/C Art. 144, Caput, RICD). Sim: 152; Não: 254; Abstenção: 1; Total: 407."
2610645-5;GOVERNO;Nao;PLEN;"Rejeitado o Recurso nº 6/2026 contra parecer terminativo da Comissão de Constituição e Justiça e de Cidadania à Emenda de Plenário de nº 3 oferecida ao Projeto de Lei nº 3.880, de 2024 (Art. 132, § 2º C/C Art. 144, Caput, RICD). Sim: 152; Não: 254; Abstenção: 1; Total: 407."
2610645-5;BLUNIPPPSD...;Nao;PLEN;"Rejeitado o Recurso nº 6/2026 contra parecer terminativo da Comissão de Constituição e Justiça e de Cidadania à Emenda de Plenário de nº 3 oferecida ao Projeto de Lei nº 3.880, de 2024 (Art. 132, § 2º C/C Art. 144, Caput, RICD). Sim: 152; Não: 254; Abstenção: 1; Total: 407."
2610645-5;MAIORIA;Nao;PLEN;"Rejeitado o Recurso nº 6/2026 contra parecer terminativo da Comissão de Constituição e Justiça e de Cidadania à Emenda de Plenário de nº 3 oferecida ao Projeto de Lei nº 3.880, de 2024 (Art. 132, § 2º C/C Art. 144, Caput, RICD). Sim: 152; Não: 254; Abstenção: 1; Total: 407."
2610645-5;PSB;Nao;PLEN;"Rejeitado o Recurso nº 6/2026 contra parecer terminativo da Comissão de Constituição e Justiça e de Cidadania à Emenda de Plenário de nº 3 oferecida ao Projeto de Lei nº 3.880, de 2024 (Art. 132, § 2º C/C Art. 144, Caput, RICD). Sim: 152; Não: 254; Abstenção: 1; Total: 407."
2610645-5;MINORIA;Sim;PLEN;"Rejeitado o Recurso nº 6/2026 contra parecer terminativo da Comissão de Constituição e Justiça e de Cidadania à Emenda de Plenário de nº 3 oferecida ao Projeto de Lei nº 3.880, de 2024 (Art. 132, § 2º C/C Art. 144, Caput, RICD). Sim: 152; Não: 254; Abstenção: 1; Total: 407."
2610645-5;PL;Sim;PLEN;"Rejeitado o Recurso nº 6/2026 contra parecer terminativo da Comissão de Constituição e Justiça e de Cidadania à Emenda de Plenário de nº 3 oferecida ao Projeto de Lei nº 3.880, de 2024 (Art. 132, § 2º C/C Art. 144, Caput, RICD). Sim: 152; Não: 254; Abstenção: 1; Total: 407."
2610645-5;PDT;;PLEN;"Rejeitado o Recurso nº 6/2026 contra parecer terminativo da Comissão de Constituição e Justiça e de Cidadania à Emenda de Plenário de nº 3 oferecida ao Projeto de Lei nº 3.880, de 2024 (Art. 132, § 2º C/C Art. 144, Caput, RICD). Sim: 152; Não: 254; Abstenção: 1; Total: 407."
2610645-5;FDRPT-PCDOB-PV;Nao;PLEN;"Rejeitado o Recurso nº 6/2026 contra parecer terminativo da Comissão de Constituição e Justiça e de Cidadania à Emenda de Plenário de nº 3 oferecida ao Projeto de Lei nº 3.880, de 2024 (Art. 132, § 2º C/C Art. 144, Caput, RICD). Sim: 152; Não: 254; Abstenção: 1; Total: 407."
2610645-5;NOVO;Sim;PLEN;"Rejeitado o Recurso nº 6/2026 contra parecer terminativo da Comissão de Constituição e Justiça e de Cidadania à Emenda de Plenário de nº 3 oferecida ao Projeto de Lei nº 3.880, de 2024 (Art. 132, § 2º C/C Art. 144, Caput, RICD). Sim: 152; Não: 254; Abstenção: 1; Total: 407."
2462009-60;BLUNIPPPSD...;Nao;PLEN;"Rejeitado o Requerimento. Sim: 125; Não: 297; Total: 422."
2462009-60;FDRPT-PCDOB-PV;Nao;PLEN;"Rejeitado o Requerimento. Sim: 125; Não: 297; Total: 422."
2462009-60;PL;Sim;PLEN;"Rejeitado o Requerimento. Sim: 125; Não: 297; Total: 422."
2462009-60;FDRPSOL-REDE;Nao;PLEN;"Rejeitado o Requerimento. Sim: 125; Não: 297; Total: 422."
2462009-60;MISSAO;Sim;PLEN;"Rejeitado o Requerimento. Sim: 125; Não: 297; Total: 422."
2462009-60;NOVO;Sim;PLEN;"Rejeitado o Requerimento. Sim: 125; Não: 297; Total: 422."
2462009-60;PDT;;PLEN;"Rejeitado o Requerimento. Sim: 125; Não: 297; Total: 422."
2462009-60;OPOSICAO;Sim;PLEN;"Rejeitado o Requerimento. Sim: 125; Não: 297; Total: 422."
2462009-60;MAIORIA;Nao;PLEN;"Rejeitado o Requerimento. Sim: 125; Não: 297; Total: 422."
2462009-60;MINORIA;Sim;PLEN;"Rejeitado o Requerimento. Sim: 125; Não: 297; Total: 422."
2462009-60;BLAVANSOLIDPRD...;Nao;PLEN;"Rejeitado o Requerimento. Sim: 125; Não: 297; Total: 422."
2462009-60;PSB;Nao;PLEN;"Rejeitado o Requerimento. Sim: 125; Não: 297; Total: 422."
2462009-60;GOVERNO;Nao;PLEN;"Rejeitado o Requerimento. Sim: 125; Não: 297; Total: 422."
2462009-57;OPOSICAO;Sim;PLEN;"Rejeitado o Requerimento. Sim: 116; Não: 311; Abstenção: 2; Total: 429."
2462009-57;MINORIA;Sim;PLEN;"Rejeitado o Requerimento. Sim: 116; Não: 311; Abstenção: 2; Total: 429."
2462009-57;PL;Sim;PLEN;"Rejeitado o Requerimento. Sim: 116; Não: 311; Abstenção: 2; Total: 429."
2462009-57;BLAVANSOLIDPRD...;Nao;PLEN;"Rejeitado o Requerimento. Sim: 116; Não: 311; Abstenção: 2; Total: 429."
2462009-57;PDT;;PLEN;"Rejeitado o Requerimento. Sim: 116; Não: 311; Abstenção: 2; Total: 429."
2462009-57;GOVERNO;Nao;PLEN;"Rejeitado o Requerimento. Sim: 116; Não: 311; Abstenção: 2; Total: 429."
2462009-57;NOVO;Sim;PLEN;"Rejeitado o Requerimento. Sim: 116; Não: 311; Abstenção: 2; Total: 429."
2462009-57;BLUNIPPPSD...;Nao;PLEN;"Rejeitado o Requerimento. Sim: 116; Não: 311; Abstenção: 2; Total: 429."
2462009-57;PSB;Nao;PLEN;"Rejeitado o Requerimento. Sim: 116; Não: 311; Abstenção: 2; Total: 429."
2462009-57;MISSAO;Sim;PLEN;"Rejeitado o Requerimento. Sim: 116; Não: 311; Abstenção: 2; Total: 429."
2462009-57;MAIORIA;Nao;PLEN;"Rejeitado o Requerimento. Sim: 116; Não: 311; Abstenção: 2; Total: 429."
2462009-57;FDRPT-PCDOB-PV;Nao;PLEN;"Rejeitado o Requerimento. Sim: 116; Não: 311; Abstenção: 2; Total: 429."
2462009-57;FDRPSOL-REDE;Nao;PLEN;"Rejeitado o Requerimento. Sim: 116; Não: 311; Abstenção: 2; Total: 429."
2579791-17;GOVERNO;Sim;PLEN;"Aprovado o Requerimento de Urgência (Art. 155 do RICD). Sim: 276; Não: 186; Total: 462."
2579791-17;NOVO;Nao;PLEN;"Aprovado o Requerimento de Urgência (Art. 155 do RICD). Sim: 276; Não: 186; Total: 462."
2579791-17;PL;Nao;PLEN;"Aprovado o Requerimento de Urgência (Art. 155 do RICD). Sim: 276; Não: 186; Total: 462."
2579791-17;PDT;Sim;PLEN;"Aprovado o Requerimento de Urgência (Art. 155 do RICD). Sim: 276; Não: 186; Total: 462."
2579791-17;OPOSICAO;Nao;PLEN;"Aprovado o Requerimento de Urgência (Art. 155 do RICD). Sim: 276; Não: 186; Total: 462."
2579791-17;MAIORIA;;PLEN;"Aprovado o Requerimento de Urgência (Art. 155 do RICD). Sim: 276; Não: 186; Total: 462."
2579791-17;FDRPSOL-REDE;Sim;PLEN;"Aprovado o Requerimento de Urgência (Art. 155 do RICD). Sim: 276; Não: 186; Total: 462."
2579791-17;FDRPT-PCDOB-PV;Sim;PLEN;"Aprovado o Requerimento de Urgência (Art. 155 do RICD). Sim: 276; Não: 186; Total: 462."
2579791-17;MISSAO;Nao;PLEN;"Aprovado o Requerimento de Urgência (Art. 155 do RICD). Sim: 276; Não: 186; Total: 462."
2579791-17;BLUNIPPPSD...;Liberado;PLEN;"Aprovado o Requerimento de Urgência (Art. 155 do RICD). Sim: 276; Não: 186; Total: 462."
2579791-17;MINORIA;Nao;PLEN;"Aprovado o Requerimento de Urgência (Art. 155 do RICD). Sim: 276; Não: 186; Total: 462."
2579791-17;PSB;Sim;PLEN;"Aprovado o Requerimento de Urgência (Art. 155 do RICD). Sim: 276; Não: 186; Total: 462."
2579791-17;BLAVANSOLIDPRD...;Liberado;PLEN;"Aprovado o Requerimento de Urgência (Art. 155 do RICD). Sim: 276; Não: 186; Total: 462."
2169643-64;OPOSICAO;Nao;CCJC;"Rejeitado o Requerimento de Retirada de Pauta. Resultado: 16 votos ""Sim"", 24 votos ""Não"". Quórum de votação: 40 votos."
2169643-64;MINORIA;Nao;CCJC;"Rejeitado o Requerimento de Retirada de Pauta. Resultado: 16 votos ""Sim"", 24 votos ""Não"". Quórum de votação: 40 votos."
2169643-64;PDT;Sim;CCJC;"Rejeitado o Requerimento de Retirada de Pauta. Resultado: 16 votos ""Sim"", 24 votos ""Não"". Quórum de votação: 40 votos."
2169643-64;FDRPT-PCDOB-PV;Sim;CCJC;"Rejeitado o Requerimento de Retirada de Pauta. Resultado: 16 votos ""Sim"", 24 votos ""Não"". Quórum de votação: 40 votos."
2169643-64;PRD;Nao;CCJC;"Rejeitado o Requerimento de Retirada de Pauta. Resultado: 16 votos ""Sim"", 24 votos ""Não"". Quórum de votação: 40 votos."
2169643-64;PSD;Sim;CCJC;"Rejeitado o Requerimento de Retirada de Pauta. Resultado: 16 votos ""Sim"", 24 votos ""Não"". Quórum de votação: 40 votos."
2169643-64;FDRPSOL-REDE;Sim;CCJC;"Rejeitado o Requerimento de Retirada de Pauta. Resultado: 16 votos ""Sim"", 24 votos ""Não"". Quórum de votação: 40 votos."
2169643-64;PL;Nao;CCJC;"Rejeitado o Requerimento de Retirada de Pauta. Resultado: 16 votos ""Sim"", 24 votos ""Não"". Quórum de votação: 40 votos."
2169643-64;GOVERNO;Liberado;CCJC;"Rejeitado o Requerimento de Retirada de Pauta. Resultado: 16 votos ""Sim"", 24 votos ""Não"". Quórum de votação: 40 votos."
2397087-45;SOLIDARIEDADE;Nao;CCJC;"Rejeitado o Requerimento de Retirada de Pauta. Resultado: 19 votos ""Sim"", 21 votos ""Não"". Quórum de votação: 40 votos."
2397087-45;MINORIA;Sim;CCJC;"Rejeitado o Requerimento de Retirada de Pauta. Resultado: 19 votos ""Sim"", 21 votos ""Não"". Quórum de votação: 40 votos."
2397087-45;OPOSICAO;Sim;CCJC;"Rejeitado o Requerimento de Retirada de Pauta. Resultado: 19 votos ""Sim"", 21 votos ""Não"". Quórum de votação: 40 votos."
2397087-45;PL;Sim;CCJC;"Rejeitado o Requerimento de Retirada de Pauta. Resultado: 19 votos ""Sim"", 21 votos ""Não"". Quórum de votação: 40 votos."
2397087-45;GOVERNO;Nao;CCJC;"Rejeitado o Requerimento de Retirada de Pauta. Resultado: 19 votos ""Sim"", 21 votos ""Não"". Quórum de votação: 40 votos."
2397087-45;REPUBLICANOS;Sim;CCJC;"Rejeitado o Requerimento de Retirada de Pauta. Resultado: 19 votos ""Sim"", 21 votos ""Não"". Quórum de votação: 40 votos."
2397087-45;PRD;Nao;CCJC;"Rejeitado o Requerimento de Retirada de Pauta. Resultado: 19 votos ""Sim"", 21 votos ""Não"". Quórum de votação: 40 votos."
2397087-45;FDRPSOL-REDE;Nao;CCJC;"Rejeitado o Requerimento de Retirada de Pauta. Resultado: 19 votos ""Sim"", 21 votos ""Não"". Quórum de votação: 40 votos."
2397087-45;FDRPT-PCDOB-PV;Nao;CCJC;"Rejeitado o Requerimento de Retirada de Pauta. Resultado: 19 votos ""Sim"", 21 votos ""Não"". Quórum de votação: 40 votos."
2397087-45;MAIORIA;Nao;CCJC;"Rejeitado o Requerimento de Retirada de Pauta. Resultado: 19 votos ""Sim"", 21 votos ""Não"". Quórum de votação: 40 votos."
2563330-59;OPOSICAO;Sim;PLEN;"Rejeitado o Requerimento. Sim: 97; Não: 258; Abstenção: 3; Total: 358."
2563330-59;BLUNIPPPSD...;Liberado;PLEN;"Rejeitado o Requerimento. Sim: 97; Não: 258; Abstenção: 3; Total: 358."
2563330-59;MINORIA;Sim;PLEN;"Rejeitado o Requerimento. Sim: 97; Não: 258; Abstenção: 3; Total: 358."
2563330-59;BLAVANSOLIDPRD...;;PLEN;"Rejeitado o Requerimento. Sim: 97; Não: 258; Abstenção: 3; Total: 358."
2563330-59;GOVERNO;Nao;PLEN;"Rejeitado o Requerimento. Sim: 97; Não: 258; Abstenção: 3; Total: 358."
2563330-59;PDT;Nao;PLEN;"Rejeitado o Requerimento. Sim: 97; Não: 258; Abstenção: 3; Total: 358."
2563330-59;FDRPSOL-REDE;Nao;PLEN;"Rejeitado o Requerimento. Sim: 97; Não: 258; Abstenção: 3; Total: 358."
2563330-59;FDRPT-PCDOB-PV;Nao;PLEN;"Rejeitado o Requerimento. Sim: 97; Não: 258; Abstenção: 3; Total: 358."
2563330-59;MAIORIA;Nao;PLEN;"Rejeitado o Requerimento. Sim: 97; Não: 258; Abstenção: 3; Total: 358."
2563330-59;MISSAO;Obstrucao;PLEN;"Rejeitado o Requerimento. Sim: 97; Não: 258; Abstenção: 3; Total: 358."
2563330-59;PSB;;PLEN;"Rejeitado o Requerimento. Sim: 97; Não: 258; Abstenção: 3; Total: 358."
2563330-59;NOVO;Sim;PLEN;"Rejeitado o Requerimento. Sim: 97; Não: 258; Abstenção: 3; Total: 358."
2563330-59;PL;Sim;PLEN;"Rejeitado o Requerimento. Sim: 97; Não: 258; Abstenção: 3; Total: 358."
2503833-43;FDRPT-PCDOB-PV;Nao;PLEN;"Rejeitado o Requerimento. Sim: 44; Não: 318; Total: 362."
2503833-43;BLAVANSOLIDPRD...;Nao;PLEN;"Rejeitado o Requerimento. Sim: 44; Não: 318; Total: 362."
2503833-43;PDT;Nao;PLEN;"Rejeitado o Requerimento. Sim: 44; Não: 318; Total: 362."
2503833-43;FDRPSOL-REDE;Nao;PLEN;"Rejeitado o Requerimento. Sim: 44; Não: 318; Total: 362."
2503833-43;MAIORIA;Nao;PLEN;"Rejeitado o Requerimento. Sim: 44; Não: 318; Total: 362."
2503833-43;MISSAO;;PLEN;"Rejeitado o Requerimento. Sim: 44; Não: 318; Total: 362."
2503833-43;GOVERNO;Nao;PLEN;"Rejeitado o Requerimento. Sim: 44; Não: 318; Total: 362."
2503833-43;PSB;Nao;PLEN;"Rejeitado o Requerimento. Sim: 44; Não: 318; Total: 362."
2503833-43;MINORIA;Nao;PLEN;"Rejeitado o Requerimento. Sim: 44; Não: 318; Total: 362."
2503833-43;NOVO;Sim;PLEN;"Rejeitado o Requerimento. Sim: 44; Não: 318; Total: 362."
2503833-43;OPOSICAO;Nao;PLEN;"Rejeitado o Requerimento. Sim: 44; Não: 318; Total: 362."
2503833-43;BLUNIPPPSD...;Nao;PLEN;"Rejeitado o Requerimento. Sim: 44; Não: 318; Total: 362."
2503833-43;PL;Nao;PLEN;"Rejeitado o Requerimento. Sim: 44; Não: 318; Total: 362."
2581785-8;FDRPT-PCDOB-PV;Sim;PLEN;"Aprovado o Requerimento de Urgência (Art. 155 do RICD). Sim: 343; Não: 78; Total: 421."
2581785-8;MINORIA;Nao;PLEN;"Aprovado o Requerimento de Urgência (Art. 155 do RICD). Sim: 343; Não: 78; Total: 421."
2581785-8;BLAVANSOLIDPRD...;Sim;PLEN;"Aprovado o Requerimento de Urgência (Art. 155 do RICD). Sim: 343; Não: 78; Total: 421."
2581785-8;PL;Sim;PLEN;"Aprovado o Requerimento de Urgência (Art. 155 do RICD). Sim: 343; Não: 78; Total: 421."
2581785-8;OPOSICAO;Nao;PLEN;"Aprovado o Requerimento de Urgência (Art. 155 do RICD). Sim: 343; Não: 78; Total: 421."
2581785-8;FDRPSOL-REDE;Sim;PLEN;"Aprovado o Requerimento de Urgência (Art. 155 do RICD). Sim: 343; Não: 78; Total: 421."
2581785-8;PSB;Sim;PLEN;"Aprovado o Requerimento de Urgência (Art. 155 do RICD). Sim: 343; Não: 78; Total: 421."
2581785-8;NOVO;Nao;PLEN;"Aprovado o Requerimento de Urgência (Art. 155 do RICD). Sim: 343; Não: 78; Total: 421."
2581785-8;PDT;Sim;PLEN;"Aprovado o Requerimento de Urgência (Art. 155 do RICD). Sim: 343; Não: 78; Total: 421."
2581785-8;MISSAO;Nao;PLEN;"Aprovado o Requerimento de Urgência (Art. 155 do RICD). Sim: 343; Não: 78; Total: 421."
2581785-8;MAIORIA;Sim;PLEN;"Aprovado o Requerimento de Urgência (Art. 155 do RICD). Sim: 343; Não: 78; Total: 421."
2581785-8;BLUNIPPPSD...;Liberado;PLEN;"Aprovado o Requerimento de Urgência (Art. 155 do RICD). Sim: 343; Não: 78; Total: 421."
2581785-8;GOVERNO;Sim;PLEN;"Aprovado o Requerimento de Urgência (Art. 155 do RICD). Sim: 343; Não: 78; Total: 421."
2606970-8;FDRPT-PCDOB-PV;Sim;PLEN;"Aprovado o Requerimento de Urgência (Art. 155 do RICD). Sim: 399; Não: 19; Total: 418."
2606970-8;FDRPSOL-REDE;Sim;PLEN;"Aprovado o Requerimento de Urgência (Art. 155 do RICD). Sim: 399; Não: 19; Total: 418."
2606970-8;PSB;Sim;PLEN;"Aprovado o Requerimento de Urgência (Art. 155 do RICD). Sim: 399; Não: 19; Total: 418."
2606970-8;MISSAO;Nao;PLEN;"Aprovado o Requerimento de Urgência (Art. 155 do RICD). Sim: 399; Não: 19; Total: 418."
2606970-8;PL;Sim;PLEN;"Aprovado o Requerimento de Urgência (Art. 155 do RICD). Sim: 399; Não: 19; Total: 418."
2606970-8;MINORIA;Sim;PLEN;"Aprovado o Requerimento de Urgência (Art. 155 do RICD). Sim: 399; Não: 19; Total: 418."
2606970-8;NOVO;Nao;PLEN;"Aprovado o Requerimento de Urgência (Art. 155 do RICD). Sim: 399; Não: 19; Total: 418."
2606970-8;GOVERNO;Sim;PLEN;"Aprovado o Requerimento de Urgência (Art. 155 do RICD). Sim: 399; Não: 19; Total: 418."
2606970-8;MAIORIA;Sim;PLEN;"Aprovado o Requerimento de Urgência (Art. 155 do RICD). Sim: 399; Não: 19; Total: 418."
2606970-8;BLUNIPPPSD...;Sim;PLEN;"Aprovado o Requerimento de Urgência (Art. 155 do RICD). Sim: 399; Não: 19; Total: 418."
2606970-8;OPOSICAO;Liberado;PLEN;"Aprovado o Requerimento de Urgência (Art. 155 do RICD). Sim: 399; Não: 19; Total: 418."
2606970-8;PDT;Sim;PLEN;"Aprovado o Requerimento de Urgência (Art. 155 do RICD). Sim: 399; Não: 19; Total: 418."
2606970-8;BLAVANSOLIDPRD...;Sim;PLEN;"Aprovado o Requerimento de Urgência (Art. 155 do RICD). Sim: 399; Não: 19; Total: 418."
2418774-66;MINORIA;Sim;PLEN;"Aprovada a Subemenda Substitutiva Global ao Projeto de Lei Complementar nº 6, de 2024, adotada pelo relator da Comissão de Constituição e Justiça e de Cidadania. Sim: 417; Não: 1; Total: 418."
2418774-66;GOVERNO;Sim;PLEN;"Aprovada a Subemenda Substitutiva Global ao Projeto de Lei Complementar nº 6, de 2024, adotada pelo relator da Comissão de Constituição e Justiça e de Cidadania. Sim: 417; Não: 1; Total: 418."
2418774-66;BLAVANSOLIDPRD...;Sim;PLEN;"Aprovada a Subemenda Substitutiva Global ao Projeto de Lei Complementar nº 6, de 2024, adotada pelo relator da Comissão de Constituição e Justiça e de Cidadania. Sim: 417; Não: 1; Total: 418."
2418774-66;PDT;Sim;PLEN;"Aprovada a Subemenda Substitutiva Global ao Projeto de Lei Complementar nº 6, de 2024, adotada pelo relator da Comissão de Constituição e Justiça e de Cidadania. Sim: 417; Não: 1; Total: 418."
2418774-66;NOVO;Sim;PLEN;"Aprovada a Subemenda Substitutiva Global ao Projeto de Lei Complementar nº 6, de 2024, adotada pelo relator da Comissão de Constituição e Justiça e de Cidadania. Sim: 417; Não: 1; Total: 418."
2418774-66;MAIORIA;;PLEN;"Aprovada a Subemenda Substitutiva Global ao Projeto de Lei Complementar nº 6, de 2024, adotada pelo relator da Comissão de Constituição e Justiça e de Cidadania. Sim: 417; Não: 1; Total: 418."
2418774-66;FDRPSOL-REDE;Sim;PLEN;"Aprovada a Subemenda Substitutiva Global ao Projeto de Lei Complementar nº 6, de 2024, adotada pelo relator da Comissão de Constituição e Justiça e de Cidadania. Sim: 417; Não: 1; Total: 418."
2418774-66;PSB;;PLEN;"Aprovada a Subemenda Substitutiva Global ao Projeto de Lei Complementar nº 6, de 2024, adotada pelo relator da Comissão de Constituição e Justiça e de Cidadania. Sim: 417; Não: 1; Total: 418."
2418774-66;MISSAO;Sim;PLEN;"Aprovada a Subemenda Substitutiva Global ao Projeto de Lei Complementar nº 6, de 2024, adotada pelo relator da Comissão de Constituição e Justiça e de Cidadania. Sim: 417; Não: 1; Total: 418."
2418774-66;BLUNIPPPSD...;Sim;PLEN;"Aprovada a Subemenda Substitutiva Global ao Projeto de Lei Complementar nº 6, de 2024, adotada pelo relator da Comissão de Constituição e Justiça e de Cidadania. Sim: 417; Não: 1; Total: 418."
2418774-66;OPOSICAO;Sim;PLEN;"Aprovada a Subemenda Substitutiva Global ao Projeto de Lei Complementar nº 6, de 2024, adotada pelo relator da Comissão de Constituição e Justiça e de Cidadania. Sim: 417; Não: 1; Total: 418."
2418774-66;FDRPT-PCDOB-PV;Sim;PLEN;"Aprovada a Subemenda Substitutiva Global ao Projeto de Lei Complementar nº 6, de 2024, adotada pelo relator da Comissão de Constituição e Justiça e de Cidadania. Sim: 417; Não: 1; Total: 418."
2418774-66;PL;Sim;PLEN;"Aprovada a Subemenda Substitutiva Global ao Projeto de Lei Complementar nº 6, de 2024, adotada pelo relator da Comissão de Constituição e Justiça e de Cidadania. Sim: 417; Não: 1; Total: 418."
2398003-10;MISSAO;Sim;PLEN;"Aprovado o Requerimento de Urgência (Art. 155 do RICD). Sim: 430; Total: 430."
2398003-10;MINORIA;Sim;PLEN;"Aprovado o Requerimento de Urgência (Art. 155 do RICD). Sim: 430; Total: 430."
2398003-10;BLAVANSOLIDPRD...;Sim;PLEN;"Aprovado o Requerimento de Urgência (Art. 155 do RICD). Sim: 430; Total: 430."
2398003-10;NOVO;Sim;PLEN;"Aprovado o Requerimento de Urgência (Art. 155 do RICD). Sim: 430; Total: 430."
2398003-10;FDRPSOL-REDE;Sim;PLEN;"Aprovado o Requerimento de Urgência (Art. 155 do RICD). Sim: 430; Total: 430."
2398003-10;OPOSICAO;Sim;PLEN;"Aprovado o Requerimento de Urgência (Art. 155 do RICD). Sim: 430; Total: 430."
2398003-10;FDRPT-PCDOB-PV;Sim;PLEN;"Aprovado o Requerimento de Urgência (Art. 155 do RICD). Sim: 430; Total: 430."
2398003-10;GOVERNO;Sim;PLEN;"Aprovado o Requerimento de Urgência (Art. 155 do RICD). Sim: 430; Total: 430."
2398003-10;PSB;Sim;PLEN;"Aprovado o Requerimento de Urgência (Art. 155 do RICD). Sim: 430; Total: 430."
2398003-10;BLUNIPPPSD...;Sim;PLEN;"Aprovado o Requerimento de Urgência (Art. 155 do RICD). Sim: 430; Total: 430."
2398003-10;PL;Sim;PLEN;"Aprovado o Requerimento de Urgência (Art. 155 do RICD). Sim: 430; Total: 430."
2398003-10;PDT;Sim;PLEN;"Aprovado o Requerimento de Urgência (Art. 155 do RICD). Sim: 430; Total: 430."
2398003-10;MAIORIA;Sim;PLEN;"Aprovado o Requerimento de Urgência (Art. 155 do RICD). Sim: 430; Total: 430."
2607727-7;MINORIA;Nao;PLEN;Aprovado o Requerimento de Urgência (Art. 155 do RICD).
2607727-7;MISSAO;;PLEN;Aprovado o Requerimento de Urgência (Art. 155 do RICD).
2607727-7;OPOSICAO;Nao;PLEN;Aprovado o Requerimento de Urgência (Art. 155 do RICD).
2607727-7;PDT;;PLEN;Aprovado o Requerimento de Urgência (Art. 155 do RICD).
2607727-7;GOVERNO;Sim;PLEN;Aprovado o Requerimento de Urgência (Art. 155 do RICD).
2607727-7;PSB;;PLEN;Aprovado o Requerimento de Urgência (Art. 155 do RICD).
2607727-7;MAIORIA;Sim;PLEN;Aprovado o Requerimento de Urgência (Art. 155 do RICD).
2607727-7;BLAVANSOLIDPRD...;Sim;PLEN;Aprovado o Requerimento de Urgência (Art. 155 do RICD).
2607727-7;NOVO;Nao;PLEN;Aprovado o Requerimento de Urgência (Art. 155 do RICD).
2607727-7;BLUNIPPPSD...;Sim;PLEN;Aprovado o Requerimento de Urgência (Art. 155 do RICD).
2607727-7;PL;Nao;PLEN;Aprovado o Requerimento de Urgência (Art. 155 do RICD).
2607727-7;FDRPSOL-REDE;Sim;PLEN;Aprovado o Requerimento de Urgência (Art. 155 do RICD).
2607727-7;FDRPT-PCDOB-PV;Sim;PLEN;Aprovado o Requerimento de Urgência (Art. 155 do RICD).
2596663-47;NOVO;;PLEN;"Mantido o texto. Sim: 213; Não: 152; Abstenção: 3; Total: 368."
2596663-47;BLUNIPPPSD...;;PLEN;"Mantido o texto. Sim: 213; Não: 152; Abstenção: 3; Total: 368."
2596663-47;FDRPT-PCDOB-PV;Nao;PLEN;"Mantido o texto. Sim: 213; Não: 152; Abstenção: 3; Total: 368."
2596663-47;BLAVANSOLIDPRD...;;PLEN;"Mantido o texto. Sim: 213; Não: 152; Abstenção: 3; Total: 368."
2596663-47;OPOSICAO;Sim;PLEN;"Mantido o texto. Sim: 213; Não: 152; Abstenção: 3; Total: 368."
2596663-47;FDRPSOL-REDE;Nao;PLEN;"Mantido o texto. Sim: 213; Não: 152; Abstenção: 3; Total: 368."
2596663-47;PDT;;PLEN;"Mantido o texto. Sim: 213; Não: 152; Abstenção: 3; Total: 368."
2596663-47;PSB;;PLEN;"Mantido o texto. Sim: 213; Não: 152; Abstenção: 3; Total: 368."
2596663-47;MAIORIA;;PLEN;"Mantido o texto. Sim: 213; Não: 152; Abstenção: 3; Total: 368."
2596663-47;PL;Sim;PLEN;"Mantido o texto. Sim: 213; Não: 152; Abstenção: 3; Total: 368."
2596663-47;MINORIA;Sim;PLEN;"Mantido o texto. Sim: 213; Não: 152; Abstenção: 3; Total: 368."
2596663-47;GOVERNO;;PLEN;"Mantido o texto. Sim: 213; Não: 152; Abstenção: 3; Total: 368."
2596663-47;MISSAO;;PLEN;"Mantido o texto. Sim: 213; Não: 152; Abstenção: 3; Total: 368."
2604314-28;PSB;;PLEN;"Rejeitado o Requerimento. Sim: 60; Não: 337; Abstenção: 1; Total: 398."
2604314-28;MISSAO;Nao;PLEN;"Rejeitado o Requerimento. Sim: 60; Não: 337; Abstenção: 1; Total: 398."
2604314-28;BLAVANSOLIDPRD...;;PLEN;"Rejeitado o Requerimento. Sim: 60; Não: 337; Abstenção: 1; Total: 398."
2604314-28;MAIORIA;Liberado;PLEN;"Rejeitado o Requerimento. Sim: 60; Não: 337; Abstenção: 1; Total: 398."
2604314-28;PL;Nao;PLEN;"Rejeitado o Requerimento. Sim: 60; Não: 337; Abstenção: 1; Total: 398."
2604314-28;BLUNIPPPSD...;Nao;PLEN;"Rejeitado o Requerimento. Sim: 60; Não: 337; Abstenção: 1; Total: 398."
2604314-28;GOVERNO;;PLEN;"Rejeitado o Requerimento. Sim: 60; Não: 337; Abstenção: 1; Total: 398."
2604314-28;PDT;;PLEN;"Rejeitado o Requerimento. Sim: 60; Não: 337; Abstenção: 1; Total: 398."
2604314-28;MINORIA;Nao;PLEN;"Rejeitado o Requerimento. Sim: 60; Não: 337; Abstenção: 1; Total: 398."
2604314-28;FDRPSOL-REDE;Nao;PLEN;"Rejeitado o Requerimento. Sim: 60; Não: 337; Abstenção: 1; Total: 398."
2604314-28;NOVO;Nao;PLEN;"Rejeitado o Requerimento. Sim: 60; Não: 337; Abstenção: 1; Total: 398."
2604314-28;OPOSICAO;Nao;PLEN;"Rejeitado o Requerimento. Sim: 60; Não: 337; Abstenção: 1; Total: 398."
2604314-28;FDRPT-PCDOB-PV;Liberado;PLEN;"Rejeitado o Requerimento. Sim: 60; Não: 337; Abstenção: 1; Total: 398."
2607960-9;GOVERNO;Sim;PLEN;"Aprovado o Requerimento de Urgência (Art. 155 do RICD). Sim: 316; Não: 86; Abstenção: 1; Total: 403."
2607960-9;PL;Sim;PLEN;"Aprovado o Requerimento de Urgência (Art. 155 do RICD). Sim: 316; Não: 86; Abstenção: 1; Total: 403."
2607960-9;BLUNIPPPSD...;;PLEN;"Aprovado o Requerimento de Urgência (Art. 155 do RICD). Sim: 316; Não: 86; Abstenção: 1; Total: 403."
2607960-9;MINORIA;Nao;PLEN;"Aprovado o Requerimento de Urgência (Art. 155 do RICD). Sim: 316; Não: 86; Abstenção: 1; Total: 403."
2607960-9;FDRPSOL-REDE;Sim;PLEN;"Aprovado o Requerimento de Urgência (Art. 155 do RICD). Sim: 316; Não: 86; Abstenção: 1; Total: 403."
2607960-9;OPOSICAO;Nao;PLEN;"Aprovado o Requerimento de Urgência (Art. 155 do RICD). Sim: 316; Não: 86; Abstenção: 1; Total: 403."
2607960-9;PSB;;PLEN;"Aprovado o Requerimento de Urgência (Art. 155 do RICD). Sim: 316; Não: 86; Abstenção: 1; Total: 403."
2607960-9;MAIORIA;;PLEN;"Aprovado o Requerimento de Urgência (Art. 155 do RICD). Sim: 316; Não: 86; Abstenção: 1; Total: 403."
2607960-9;NOVO;Nao;PLEN;"Aprovado o Requerimento de Urgência (Art. 155 do RICD). Sim: 316; Não: 86; Abstenção: 1; Total: 403."
2607960-9;MISSAO;Nao;PLEN;"Aprovado o Requerimento de Urgência (Art. 155 do RICD). Sim: 316; Não: 86; Abstenção: 1; Total: 403."
2607960-9;BLAVANSOLIDPRD...;;PLEN;"Aprovado o Requerimento de Urgência (Art. 155 do RICD). Sim: 316; Não: 86; Abstenção: 1; Total: 403."
2607960-9;FDRPT-PCDOB-PV;Sim;PLEN;"Aprovado o Requerimento de Urgência (Art. 155 do RICD). Sim: 316; Não: 86; Abstenção: 1; Total: 403."
2607960-9;PDT;;PLEN;"Aprovado o Requerimento de Urgência (Art. 155 do RICD). Sim: 316; Não: 86; Abstenção: 1; Total: 403."
2277348-72;MAIORIA;Nao;CCJC;"Rejeitado o Requerimento de Retirada de Pauta. Resultado: 20 votos ""Sim"", 22 votos ""Não"", 1 Abstenção. Quórum de votação: 43 votos."
2277348-72;FDRPSOL-REDE;Nao;CCJC;"Rejeitado o Requerimento de Retirada de Pauta. Resultado: 20 votos ""Sim"", 22 votos ""Não"", 1 Abstenção. Quórum de votação: 43 votos."
2277348-72;PL;Sim;CCJC;"Rejeitado o Requerimento de Retirada de Pauta. Resultado: 20 votos ""Sim"", 22 votos ""Não"", 1 Abstenção. Quórum de votação: 43 votos."
2277348-72;OPOSICAO;Sim;CCJC;"Rejeitado o Requerimento de Retirada de Pauta. Resultado: 20 votos ""Sim"", 22 votos ""Não"", 1 Abstenção. Quórum de votação: 43 votos."
2277348-72;FDRPT-PCDOB-PV;Nao;CCJC;"Rejeitado o Requerimento de Retirada de Pauta. Resultado: 20 votos ""Sim"", 22 votos ""Não"", 1 Abstenção. Quórum de votação: 43 votos."
2277348-72;PSD;Nao;CCJC;"Rejeitado o Requerimento de Retirada de Pauta. Resultado: 20 votos ""Sim"", 22 votos ""Não"", 1 Abstenção. Quórum de votação: 43 votos."
2277348-72;MINORIA;Sim;CCJC;"Rejeitado o Requerimento de Retirada de Pauta. Resultado: 20 votos ""Sim"", 22 votos ""Não"", 1 Abstenção. Quórum de votação: 43 votos."
2277348-72;GOVERNO;Nao;CCJC;"Rejeitado o Requerimento de Retirada de Pauta. Resultado: 20 votos ""Sim"", 22 votos ""Não"", 1 Abstenção. Quórum de votação: 43 votos."
2449741-72;NOVO;Nao;PLEN;"Mantido o texto. Sim: 408; Não: 13; Total: 421."
2449741-72;MAIORIA;Sim;PLEN;"Mantido o texto. Sim: 408; Não: 13; Total: 421."
2449741-72;FDRPT-PCDOB-PV;Sim;PLEN;"Mantido o texto. Sim: 408; Não: 13; Total: 421."
2449741-72;PSB;;PLEN;"Mantido o texto. Sim: 408; Não: 13; Total: 421."
2449741-72;BLUNIPPPSD...;Sim;PLEN;"Mantido o texto. Sim: 408; Não: 13; Total: 421."
2449741-72;BLAVANSOLIDPRD...;Sim;PLEN;"Mantido o texto. Sim: 408; Não: 13; Total: 421."
2449741-72;MISSAO;Nao;PLEN;"Mantido o texto. Sim: 408; Não: 13; Total: 421."
2449741-72;FDRPSOL-REDE;Sim;PLEN;"Mantido o texto. Sim: 408; Não: 13; Total: 421."
2449741-72;MINORIA;Sim;PLEN;"Mantido o texto. Sim: 408; Não: 13; Total: 421."
2449741-72;PL;Sim;PLEN;"Mantido o texto. Sim: 408; Não: 13; Total: 421."
2449741-72;OPOSICAO;;PLEN;"Mantido o texto. Sim: 408; Não: 13; Total: 421."
2449741-72;PDT;;PLEN;"Mantido o texto. Sim: 408; Não: 13; Total: 421."
2449741-72;GOVERNO;;PLEN;"Mantido o texto. Sim: 408; Não: 13; Total: 421."
2593781-8;BLUNIPPPSD...;Sim;PLEN;"Aprovado o Requerimento de Urgência (Art. 155 do RICD). Sim: 380; Não: 57; Abstenção: 1; Total: 438."
2593781-8;BLAVANSOLIDPRD...;;PLEN;"Aprovado o Requerimento de Urgência (Art. 155 do RICD). Sim: 380; Não: 57; Abstenção: 1; Total: 438."
2593781-8;PSB;Sim;PLEN;"Aprovado o Requerimento de Urgência (Art. 155 do RICD). Sim: 380; Não: 57; Abstenção: 1; Total: 438."
2593781-8;NOVO;Nao;PLEN;"Aprovado o Requerimento de Urgência (Art. 155 do RICD). Sim: 380; Não: 57; Abstenção: 1; Total: 438."
2593781-8;FDRPSOL-REDE;Sim;PLEN;"Aprovado o Requerimento de Urgência (Art. 155 do RICD). Sim: 380; Não: 57; Abstenção: 1; Total: 438."
2593781-8;GOVERNO;Sim;PLEN;"Aprovado o Requerimento de Urgência (Art. 155 do RICD). Sim: 380; Não: 57; Abstenção: 1; Total: 438."
2593781-8;MAIORIA;Sim;PLEN;"Aprovado o Requerimento de Urgência (Art. 155 do RICD). Sim: 380; Não: 57; Abstenção: 1; Total: 438."
2593781-8;MISSAO;Nao;PLEN;"Aprovado o Requerimento de Urgência (Art. 155 do RICD). Sim: 380; Não: 57; Abstenção: 1; Total: 438."
2593781-8;FDRPT-PCDOB-PV;Sim;PLEN;"Aprovado o Requerimento de Urgência (Art. 155 do RICD). Sim: 380; Não: 57; Abstenção: 1; Total: 438."
2593781-8;OPOSICAO;Nao;PLEN;"Aprovado o Requerimento de Urgência (Art. 155 do RICD). Sim: 380; Não: 57; Abstenção: 1; Total: 438."
2593781-8;PDT;Sim;PLEN;"Aprovado o Requerimento de Urgência (Art. 155 do RICD). Sim: 380; Não: 57; Abstenção: 1; Total: 438."
2593781-8;MINORIA;Nao;PLEN;"Aprovado o Requerimento de Urgência (Art. 155 do RICD). Sim: 380; Não: 57; Abstenção: 1; Total: 438."
2593781-8;PL;Sim;PLEN;"Aprovado o Requerimento de Urgência (Art. 155 do RICD). Sim: 380; Não: 57; Abstenção: 1; Total: 438."
2605090-8;PDT;Sim;PLEN;"Aprovado o Requerimento de Urgência (Art. 155 do RICD). Sim: 290; Não: 147; Total: 437."
2605090-8;FDRPT-PCDOB-PV;Sim;PLEN;"Aprovado o Requerimento de Urgência (Art. 155 do RICD). Sim: 290; Não: 147; Total: 437."
2605090-8;OPOSICAO;Nao;PLEN;"Aprovado o Requerimento de Urgência (Art. 155 do RICD). Sim: 290; Não: 147; Total: 437."
2605090-8;FDRPSOL-REDE;Sim;PLEN;"Aprovado o Requerimento de Urgência (Art. 155 do RICD). Sim: 290; Não: 147; Total: 437."
2605090-8;BLAVANSOLIDPRD...;;PLEN;"Aprovado o Requerimento de Urgência (Art. 155 do RICD). Sim: 290; Não: 147; Total: 437."
2605090-8;PL;Nao;PLEN;"Aprovado o Requerimento de Urgência (Art. 155 do RICD). Sim: 290; Não: 147; Total: 437."
2605090-8;MAIORIA;;PLEN;"Aprovado o Requerimento de Urgência (Art. 155 do RICD). Sim: 290; Não: 147; Total: 437."
2605090-8;MISSAO;Nao;PLEN;"Aprovado o Requerimento de Urgência (Art. 155 do RICD). Sim: 290; Não: 147; Total: 437."
2605090-8;PSB;Sim;PLEN;"Aprovado o Requerimento de Urgência (Art. 155 do RICD). Sim: 290; Não: 147; Total: 437."
2605090-8;GOVERNO;Sim;PLEN;"Aprovado o Requerimento de Urgência (Art. 155 do RICD). Sim: 290; Não: 147; Total: 437."
2605090-8;BLUNIPPPSD...;Sim;PLEN;"Aprovado o Requerimento de Urgência (Art. 155 do RICD). Sim: 290; Não: 147; Total: 437."
2605090-8;NOVO;Nao;PLEN;"Aprovado o Requerimento de Urgência (Art. 155 do RICD). Sim: 290; Não: 147; Total: 437."
2605090-8;MINORIA;Nao;PLEN;"Aprovado o Requerimento de Urgência (Art. 155 do RICD). Sim: 290; Não: 147; Total: 437."
2589628-8;OPOSICAO;Nao;PLEN;"Aprovado o Requerimento de Urgência (Art. 155 do RICD). Sim: 286; Não: 111; Abstenção: 1; Total: 398."
2589628-8;PL;;PLEN;"Aprovado o Requerimento de Urgência (Art. 155 do RICD). Sim: 286; Não: 111; Abstenção: 1; Total: 398."
2589628-8;GOVERNO;;PLEN;"Aprovado o Requerimento de Urgência (Art. 155 do RICD). Sim: 286; Não: 111; Abstenção: 1; Total: 398."
2589628-8;BLAVANSOLIDPRD...;;PLEN;"Aprovado o Requerimento de Urgência (Art. 155 do RICD). Sim: 286; Não: 111; Abstenção: 1; Total: 398."
2589628-8;FDRPT-PCDOB-PV;;PLEN;"Aprovado o Requerimento de Urgência (Art. 155 do RICD). Sim: 286; Não: 111; Abstenção: 1; Total: 398."
2589628-8;MINORIA;Nao;PLEN;"Aprovado o Requerimento de Urgência (Art. 155 do RICD). Sim: 286; Não: 111; Abstenção: 1; Total: 398."
2589628-8;BLUNIPPPSD...;;PLEN;"Aprovado o Requerimento de Urgência (Art. 155 do RICD). Sim: 286; Não: 111; Abstenção: 1; Total: 398."
2589628-8;PSB;;PLEN;"Aprovado o Requerimento de Urgência (Art. 155 do RICD). Sim: 286; Não: 111; Abstenção: 1; Total: 398."
2589628-8;MAIORIA;;PLEN;"Aprovado o Requerimento de Urgência (Art. 155 do RICD). Sim: 286; Não: 111; Abstenção: 1; Total: 398."
2589628-8;PDT;;PLEN;"Aprovado o Requerimento de Urgência (Art. 155 do RICD). Sim: 286; Não: 111; Abstenção: 1; Total: 398."
2589628-8;FDRPSOL-REDE;Sim;PLEN;"Aprovado o Requerimento de Urgência (Art. 155 do RICD). Sim: 286; Não: 111; Abstenção: 1; Total: 398."
2589628-8;NOVO;Nao;PLEN;"Aprovado o Requerimento de Urgência (Art. 155 do RICD). Sim: 286; Não: 111; Abstenção: 1; Total: 398."
2500080-330;FDRPSOL-REDE;Nao;PLEN;"Aprovada, em segundo turno, a Proposta de Emenda à Constituição nº 18, de 2025. Sim: 461; Não: 14; Total: 475."
2500080-330;PL;Sim;PLEN;"Aprovada, em segundo turno, a Proposta de Emenda à Constituição nº 18, de 2025. Sim: 461; Não: 14; Total: 475."
2500080-330;BLUNIPPPSD...;Sim;PLEN;"Aprovada, em segundo turno, a Proposta de Emenda à Constituição nº 18, de 2025. Sim: 461; Não: 14; Total: 475."
2500080-330;GOVERNO;Sim;PLEN;"Aprovada, em segundo turno, a Proposta de Emenda à Constituição nº 18, de 2025. Sim: 461; Não: 14; Total: 475."
2500080-330;OPOSICAO;Sim;PLEN;"Aprovada, em segundo turno, a Proposta de Emenda à Constituição nº 18, de 2025. Sim: 461; Não: 14; Total: 475."
2500080-330;MAIORIA;Sim;PLEN;"Aprovada, em segundo turno, a Proposta de Emenda à Constituição nº 18, de 2025. Sim: 461; Não: 14; Total: 475."
2500080-330;PSB;Sim;PLEN;"Aprovada, em segundo turno, a Proposta de Emenda à Constituição nº 18, de 2025. Sim: 461; Não: 14; Total: 475."
2500080-330;MINORIA;Sim;PLEN;"Aprovada, em segundo turno, a Proposta de Emenda à Constituição nº 18, de 2025. Sim: 461; Não: 14; Total: 475."
2500080-330;BLAVANSOLIDPRD...;Sim;PLEN;"Aprovada, em segundo turno, a Proposta de Emenda à Constituição nº 18, de 2025. Sim: 461; Não: 14; Total: 475."
2500080-330;PDT;Sim;PLEN;"Aprovada, em segundo turno, a Proposta de Emenda à Constituição nº 18, de 2025. Sim: 461; Não: 14; Total: 475."
2500080-330;FDRPT-PCDOB-PV;Sim;PLEN;"Aprovada, em segundo turno, a Proposta de Emenda à Constituição nº 18, de 2025. Sim: 461; Não: 14; Total: 475."
2500080-330;NOVO;Sim;PLEN;"Aprovada, em segundo turno, a Proposta de Emenda à Constituição nº 18, de 2025. Sim: 461; Não: 14; Total: 475."
2500080-320;BLAVANSOLIDPRD...;Sim;PLEN;"Aprovado, em primeiro turno, o Substitutivo à Proposta de Emenda à Constituição nº 18, de 2025, adotado pelo relator da Comissão Especial. Sim: 487; Não: 15; Abstenção: 1; Total: 503."
2500080-320;NOVO;Sim;PLEN;"Aprovado, em primeiro turno, o Substitutivo à Proposta de Emenda à Constituição nº 18, de 2025, adotado pelo relator da Comissão Especial. Sim: 487; Não: 15; Abstenção: 1; Total: 503."
2500080-320;BLUNIPPPSD...;Sim;PLEN;"Aprovado, em primeiro turno, o Substitutivo à Proposta de Emenda à Constituição nº 18, de 2025, adotado pelo relator da Comissão Especial. Sim: 487; Não: 15; Abstenção: 1; Total: 503."
2500080-320;FDRPT-PCDOB-PV;Sim;PLEN;"Aprovado, em primeiro turno, o Substitutivo à Proposta de Emenda à Constituição nº 18, de 2025, adotado pelo relator da Comissão Especial. Sim: 487; Não: 15; Abstenção: 1; Total: 503."
2500080-320;GOVERNO;Sim;PLEN;"Aprovado, em primeiro turno, o Substitutivo à Proposta de Emenda à Constituição nº 18, de 2025, adotado pelo relator da Comissão Especial. Sim: 487; Não: 15; Abstenção: 1; Total: 503."
2500080-320;MINORIA;Sim;PLEN;"Aprovado, em primeiro turno, o Substitutivo à Proposta de Emenda à Constituição nº 18, de 2025, adotado pelo relator da Comissão Especial. Sim: 487; Não: 15; Abstenção: 1; Total: 503."
2500080-320;FDRPSOL-REDE;Nao;PLEN;"Aprovado, em primeiro turno, o Substitutivo à Proposta de Emenda à Constituição nº 18, de 2025, adotado pelo relator da Comissão Especial. Sim: 487; Não: 15; Abstenção: 1; Total: 503."
2500080-320;PL;Sim;PLEN;"Aprovado, em primeiro turno, o Substitutivo à Proposta de Emenda à Constituição nº 18, de 2025, adotado pelo relator da Comissão Especial. Sim: 487; Não: 15; Abstenção: 1; Total: 503."
2500080-320;PDT;Sim;PLEN;"Aprovado, em primeiro turno, o Substitutivo à Proposta de Emenda à Constituição nº 18, de 2025, adotado pelo relator da Comissão Especial. Sim: 487; Não: 15; Abstenção: 1; Total: 503."
2500080-320;OPOSICAO;Sim;PLEN;"Aprovado, em primeiro turno, o Substitutivo à Proposta de Emenda à Constituição nº 18, de 2025, adotado pelo relator da Comissão Especial. Sim: 487; Não: 15; Abstenção: 1; Total: 503."
2500080-320;PSB;Sim;PLEN;"Aprovado, em primeiro turno, o Substitutivo à Proposta de Emenda à Constituição nº 18, de 2025, adotado pelo relator da Comissão Especial. Sim: 487; Não: 15; Abstenção: 1; Total: 503."
2500080-320;MAIORIA;Sim;PLEN;"Aprovado, em primeiro turno, o Substitutivo à Proposta de Emenda à Constituição nº 18, de 2025, adotado pelo relator da Comissão Especial. Sim: 487; Não: 15; Abstenção: 1; Total: 503."
2578879-38;MINORIA;Nao;PLEN;"Aprovado o Projeto de Lei nº 5.490, de 2025. Sim: 248; Não: 164; Abstenção: 2; Total: 414."
2578879-38;BLAVANSOLIDPRD...;;PLEN;"Aprovado o Projeto de Lei nº 5.490, de 2025. Sim: 248; Não: 164; Abstenção: 2; Total: 414."
2578879-38;GOVERNO;Sim;PLEN;"Aprovado o Projeto de Lei nº 5.490, de 2025. Sim: 248; Não: 164; Abstenção: 2; Total: 414."
2578879-38;FDRPT-PCDOB-PV;Sim;PLEN;"Aprovado o Projeto de Lei nº 5.490, de 2025. Sim: 248; Não: 164; Abstenção: 2; Total: 414."
2578879-38;NOVO;Nao;PLEN;"Aprovado o Projeto de Lei nº 5.490, de 2025. Sim: 248; Não: 164; Abstenção: 2; Total: 414."
2578879-38;FDRPSOL-REDE;Sim;PLEN;"Aprovado o Projeto de Lei nº 5.490, de 2025. Sim: 248; Não: 164; Abstenção: 2; Total: 414."
2578879-38;PL;Nao;PLEN;"Aprovado o Projeto de Lei nº 5.490, de 2025. Sim: 248; Não: 164; Abstenção: 2; Total: 414."
2578879-38;MAIORIA;Sim;PLEN;"Aprovado o Projeto de Lei nº 5.490, de 2025. Sim: 248; Não: 164; Abstenção: 2; Total: 414."
2578879-38;PSB;;PLEN;"Aprovado o Projeto de Lei nº 5.490, de 2025. Sim: 248; Não: 164; Abstenção: 2; Total: 414."
2578879-38;OPOSICAO;Nao;PLEN;"Aprovado o Projeto de Lei nº 5.490, de 2025. Sim: 248; Não: 164; Abstenção: 2; Total: 414."
2578879-38;BLUNIPPPSD...;;PLEN;"Aprovado o Projeto de Lei nº 5.490, de 2025. Sim: 248; Não: 164; Abstenção: 2; Total: 414."
2578879-38;PDT;Sim;PLEN;"Aprovado o Projeto de Lei nº 5.490, de 2025. Sim: 248; Não: 164; Abstenção: 2; Total: 414."
2578879-31;BLAVANSOLIDPRD...;;PLEN;"Rejeitado o Requerimento. Sim: 148; Não: 237; Abstenção: 1; Total: 386."
2578879-31;FDRPT-PCDOB-PV;Nao;PLEN;"Rejeitado o Requerimento. Sim: 148; Não: 237; Abstenção: 1; Total: 386."
2578879-31;PSB;;PLEN;"Rejeitado o Requerimento. Sim: 148; Não: 237; Abstenção: 1; Total: 386."
2578879-31;FDRPSOL-REDE;Nao;PLEN;"Rejeitado o Requerimento. Sim: 148; Não: 237; Abstenção: 1; Total: 386."
2578879-31;MAIORIA;Nao;PLEN;"Rejeitado o Requerimento. Sim: 148; Não: 237; Abstenção: 1; Total: 386."
2578879-31;BLUNIPPPSD...;;PLEN;"Rejeitado o Requerimento. Sim: 148; Não: 237; Abstenção: 1; Total: 386."
2578879-31;OPOSICAO;Sim;PLEN;"Rejeitado o Requerimento. Sim: 148; Não: 237; Abstenção: 1; Total: 386."
2578879-31;NOVO;Sim;PLEN;"Rejeitado o Requerimento. Sim: 148; Não: 237; Abstenção: 1; Total: 386."
2578879-31;PL;Sim;PLEN;"Rejeitado o Requerimento. Sim: 148; Não: 237; Abstenção: 1; Total: 386."
2578879-31;GOVERNO;Nao;PLEN;"Rejeitado o Requerimento. Sim: 148; Não: 237; Abstenção: 1; Total: 386."
2578879-31;PDT;Nao;PLEN;"Rejeitado o Requerimento. Sim: 148; Não: 237; Abstenção: 1; Total: 386."
2578879-31;MINORIA;;PLEN;"Rejeitado o Requerimento. Sim: 148; Não: 237; Abstenção: 1; Total: 386."
2578879-27;BLAVANSOLIDPRD...;;PLEN;"Rejeitado o Requerimento. Sim: 157; Não: 272; Abstenção: 3; Total: 432."
2578879-27;PDT;;PLEN;"Rejeitado o Requerimento. Sim: 157; Não: 272; Abstenção: 3; Total: 432."
2578879-27;PSB;Nao;PLEN;"Rejeitado o Requerimento. Sim: 157; Não: 272; Abstenção: 3; Total: 432."
2578879-27;OPOSICAO;Sim;PLEN;"Rejeitado o Requerimento. Sim: 157; Não: 272; Abstenção: 3; Total: 432."
2578879-27;MINORIA;Sim;PLEN;"Rejeitado o Requerimento. Sim: 157; Não: 272; Abstenção: 3; Total: 432."
2578879-27;NOVO;Sim;PLEN;"Rejeitado o Requerimento. Sim: 157; Não: 272; Abstenção: 3; Total: 432."
2578879-27;BLUNIPPPSD...;;PLEN;"Rejeitado o Requerimento. Sim: 157; Não: 272; Abstenção: 3; Total: 432."
2578879-27;PL;Sim;PLEN;"Rejeitado o Requerimento. Sim: 157; Não: 272; Abstenção: 3; Total: 432."
2578879-27;GOVERNO;Nao;PLEN;"Rejeitado o Requerimento. Sim: 157; Não: 272; Abstenção: 3; Total: 432."
2578879-27;FDRPSOL-REDE;Nao;PLEN;"Rejeitado o Requerimento. Sim: 157; Não: 272; Abstenção: 3; Total: 432."
2578879-27;FDRPT-PCDOB-PV;Nao;PLEN;"Rejeitado o Requerimento. Sim: 157; Não: 272; Abstenção: 3; Total: 432."
2578879-27;MAIORIA;;PLEN;"Rejeitado o Requerimento. Sim: 157; Não: 272; Abstenção: 3; Total: 432."
2462004-30;NOVO;Sim;PLEN;"Rejeitado o Requerimento. Sim: 96; Não: 305; Abstenção: 3; Total: 404."
2462004-30;OPOSICAO;Liberado;PLEN;"Rejeitado o Requerimento. Sim: 96; Não: 305; Abstenção: 3; Total: 404."
2462004-30;MAIORIA;Nao;PLEN;"Rejeitado o Requerimento. Sim: 96; Não: 305; Abstenção: 3; Total: 404."
2462004-30;PDT;Nao;PLEN;"Rejeitado o Requerimento. Sim: 96; Não: 305; Abstenção: 3; Total: 404."
2462004-30;BLAVANSOLIDPRD...;Nao;PLEN;"Rejeitado o Requerimento. Sim: 96; Não: 305; Abstenção: 3; Total: 404."
2462004-30;FDRPT-PCDOB-PV;Nao;PLEN;"Rejeitado o Requerimento. Sim: 96; Não: 305; Abstenção: 3; Total: 404."
2462004-30;PSB;Nao;PLEN;"Rejeitado o Requerimento. Sim: 96; Não: 305; Abstenção: 3; Total: 404."
2462004-30;GOVERNO;;PLEN;"Rejeitado o Requerimento. Sim: 96; Não: 305; Abstenção: 3; Total: 404."
2462004-30;MINORIA;Sim;PLEN;"Rejeitado o Requerimento. Sim: 96; Não: 305; Abstenção: 3; Total: 404."
2462004-30;BLUNIPPPSD...;Nao;PLEN;"Rejeitado o Requerimento. Sim: 96; Não: 305; Abstenção: 3; Total: 404."
2462004-30;FDRPSOL-REDE;Nao;PLEN;"Rejeitado o Requerimento. Sim: 96; Não: 305; Abstenção: 3; Total: 404."
2462004-30;PL;Liberado;PLEN;"Rejeitado o Requerimento. Sim: 96; Não: 305; Abstenção: 3; Total: 404."
2485383-7;FDRPT-PCDOB-PV;Nao;PLEN;"Aprovado o Requerimento de Urgência (Art. 155 do RICD). Sim: 317; Não: 117; Total: 434."
2485383-7;BLAVANSOLIDPRD...;Sim;PLEN;"Aprovado o Requerimento de Urgência (Art. 155 do RICD). Sim: 317; Não: 117; Total: 434."
2485383-7;NOVO;Sim;PLEN;"Aprovado o Requerimento de Urgência (Art. 155 do RICD). Sim: 317; Não: 117; Total: 434."
2485383-7;GOVERNO;Nao;PLEN;"Aprovado o Requerimento de Urgência (Art. 155 do RICD). Sim: 317; Não: 117; Total: 434."
2485383-7;PDT;Nao;PLEN;"Aprovado o Requerimento de Urgência (Art. 155 do RICD). Sim: 317; Não: 117; Total: 434."
2485383-7;PL;Sim;PLEN;"Aprovado o Requerimento de Urgência (Art. 155 do RICD). Sim: 317; Não: 117; Total: 434."
2485383-7;FDRPSOL-REDE;Nao;PLEN;"Aprovado o Requerimento de Urgência (Art. 155 do RICD). Sim: 317; Não: 117; Total: 434."
2485383-7;PSB;;PLEN;"Aprovado o Requerimento de Urgência (Art. 155 do RICD). Sim: 317; Não: 117; Total: 434."
2485383-7;OPOSICAO;Sim;PLEN;"Aprovado o Requerimento de Urgência (Art. 155 do RICD). Sim: 317; Não: 117; Total: 434."
2485383-7;MAIORIA;;PLEN;"Aprovado o Requerimento de Urgência (Art. 155 do RICD). Sim: 317; Não: 117; Total: 434."
2485383-7;BLUNIPPPSD...;Sim;PLEN;"Aprovado o Requerimento de Urgência (Art. 155 do RICD). Sim: 317; Não: 117; Total: 434."
2485383-7;MINORIA;Sim;PLEN;"Aprovado o Requerimento de Urgência (Art. 155 do RICD). Sim: 317; Não: 117; Total: 434."
589982-129;BLUNIPPPSD...;Sim;PLEN;"Mantido o texto. Sim: 235; Não: 121; Abstenção: 2; Total: 358."
589982-129;GOVERNO;Sim;PLEN;"Mantido o texto. Sim: 235; Não: 121; Abstenção: 2; Total: 358."
589982-129;PDT;Sim;PLEN;"Mantido o texto. Sim: 235; Não: 121; Abstenção: 2; Total: 358."
589982-129;PSB;Sim;PLEN;"Mantido o texto. Sim: 235; Não: 121; Abstenção: 2; Total: 358."
589982-129;BLAVANSOLIDPRD...;Sim;PLEN;"Mantido o texto. Sim: 235; Não: 121; Abstenção: 2; Total: 358."
589982-129;FDRPT-PCDOB-PV;Sim;PLEN;"Mantido o texto. Sim: 235; Não: 121; Abstenção: 2; Total: 358."
589982-129;NOVO;Obstrucao;PLEN;"Mantido o texto. Sim: 235; Não: 121; Abstenção: 2; Total: 358."
589982-129;MAIORIA;Sim;PLEN;"Mantido o texto. Sim: 235; Não: 121; Abstenção: 2; Total: 358."
589982-129;MINORIA;Nao;PLEN;"Mantido o texto. Sim: 235; Não: 121; Abstenção: 2; Total: 358."
589982-129;FDRPSOL-REDE;Sim;PLEN;"Mantido o texto. Sim: 235; Não: 121; Abstenção: 2; Total: 358."
589982-129;PL;Nao;PLEN;"Mantido o texto. Sim: 235; Não: 121; Abstenção: 2; Total: 358."
589982-129;OPOSICAO;Nao;PLEN;"Mantido o texto. Sim: 235; Não: 121; Abstenção: 2; Total: 358."
589982-126;OPOSICAO;Nao;PLEN;"Mantido o texto. Sim: 258; Não: 119; Abstenção: 1; Total: 378."
589982-126;PL;Nao;PLEN;"Mantido o texto. Sim: 258; Não: 119; Abstenção: 1; Total: 378."
589982-126;MINORIA;Nao;PLEN;"Mantido o texto. Sim: 258; Não: 119; Abstenção: 1; Total: 378."
589982-126;FDRPSOL-REDE;Sim;PLEN;"Mantido o texto. Sim: 258; Não: 119; Abstenção: 1; Total: 378."
589982-126;FDRPT-PCDOB-PV;Sim;PLEN;"Mantido o texto. Sim: 258; Não: 119; Abstenção: 1; Total: 378."
589982-126;BLUNIPPPSD...;Sim;PLEN;"Mantido o texto. Sim: 258; Não: 119; Abstenção: 1; Total: 378."
589982-126;MAIORIA;Sim;PLEN;"Mantido o texto. Sim: 258; Não: 119; Abstenção: 1; Total: 378."
589982-126;NOVO;Obstrucao;PLEN;"Mantido o texto. Sim: 258; Não: 119; Abstenção: 1; Total: 378."
589982-126;BLAVANSOLIDPRD...;Sim;PLEN;"Mantido o texto. Sim: 258; Não: 119; Abstenção: 1; Total: 378."
589982-126;PDT;Sim;PLEN;"Mantido o texto. Sim: 258; Não: 119; Abstenção: 1; Total: 378."
589982-126;PSB;Sim;PLEN;"Mantido o texto. Sim: 258; Não: 119; Abstenção: 1; Total: 378."
589982-126;GOVERNO;Sim;PLEN;"Mantido o texto. Sim: 258; Não: 119; Abstenção: 1; Total: 378."
589982-124;MINORIA;Sim;PLEN;"Rejeitada a Emenda de Plenário ao Substitutivo. Sim: 194; Não: 207; Abstenção: 3; Total: 404."
589982-124;FDRPSOL-REDE;Nao;PLEN;"Rejeitada a Emenda de Plenário ao Substitutivo. Sim: 194; Não: 207; Abstenção: 3; Total: 404."
589982-124;OPOSICAO;Sim;PLEN;"Rejeitada a Emenda de Plenário ao Substitutivo. Sim: 194; Não: 207; Abstenção: 3; Total: 404."
589982-124;PDT;Nao;PLEN;"Rejeitada a Emenda de Plenário ao Substitutivo. Sim: 194; Não: 207; Abstenção: 3; Total: 404."
589982-124;PL;Sim;PLEN;"Rejeitada a Emenda de Plenário ao Substitutivo. Sim: 194; Não: 207; Abstenção: 3; Total: 404."
589982-124;BLUNIPPPSD...;Liberado;PLEN;"Rejeitada a Emenda de Plenário ao Substitutivo. Sim: 194; Não: 207; Abstenção: 3; Total: 404."
589982-124;PSB;Nao;PLEN;"Rejeitada a Emenda de Plenário ao Substitutivo. Sim: 194; Não: 207; Abstenção: 3; Total: 404."
589982-124;BLAVANSOLIDPRD...;;PLEN;"Rejeitada a Emenda de Plenário ao Substitutivo. Sim: 194; Não: 207; Abstenção: 3; Total: 404."
589982-124;GOVERNO;;PLEN;"Rejeitada a Emenda de Plenário ao Substitutivo. Sim: 194; Não: 207; Abstenção: 3; Total: 404."
589982-124;MAIORIA;Nao;PLEN;"Rejeitada a Emenda de Plenário ao Substitutivo. Sim: 194; Não: 207; Abstenção: 3; Total: 404."
589982-124;FDRPT-PCDOB-PV;Nao;PLEN;"Rejeitada a Emenda de Plenário ao Substitutivo. Sim: 194; Não: 207; Abstenção: 3; Total: 404."
589982-124;NOVO;Sim;PLEN;"Rejeitada a Emenda de Plenário ao Substitutivo. Sim: 194; Não: 207; Abstenção: 3; Total: 404."
589982-103;PSB;;PLEN;"Rejeitado o Requerimento. Sim: 100; Não: 295; Total: 395."
589982-103;PDT;Nao;PLEN;"Rejeitado o Requerimento. Sim: 100; Não: 295; Total: 395."
589982-103;MAIORIA;;PLEN;"Rejeitado o Requerimento. Sim: 100; Não: 295; Total: 395."
589982-103;BLAVANSOLIDPRD...;;PLEN;"Rejeitado o Requerimento. Sim: 100; Não: 295; Total: 395."
589982-103;FDRPSOL-REDE;;PLEN;"Rejeitado o Requerimento. Sim: 100; Não: 295; Total: 395."
589982-103;MINORIA;;PLEN;"Rejeitado o Requerimento. Sim: 100; Não: 295; Total: 395."
589982-103;OPOSICAO;;PLEN;"Rejeitado o Requerimento. Sim: 100; Não: 295; Total: 395."
589982-103;FDRPT-PCDOB-PV;Nao;PLEN;"Rejeitado o Requerimento. Sim: 100; Não: 295; Total: 395."
589982-103;NOVO;Sim;PLEN;"Rejeitado o Requerimento. Sim: 100; Não: 295; Total: 395."
589982-103;GOVERNO;;PLEN;"Rejeitado o Requerimento. Sim: 100; Não: 295; Total: 395."
589982-103;PL;;PLEN;"Rejeitado o Requerimento. Sim: 100; Não: 295; Total: 395."
589982-103;BLUNIPPPSD...;Nao;PLEN;"Rejeitado o Requerimento. Sim: 100; Não: 295; Total: 395."
2543171-49;FDRPSOL-REDE;Sim;PLEN;"Aprovado o Projeto de Lei nº 6.139, de 2023, ressalvado o destaque. Sim: 340; Não: 108; Abstenção: 1; Total: 449."
2543171-49;FDRPT-PCDOB-PV;Sim;PLEN;"Aprovado o Projeto de Lei nº 6.139, de 2023, ressalvado o destaque. Sim: 340; Não: 108; Abstenção: 1; Total: 449."
2543171-49;PSB;Sim;PLEN;"Aprovado o Projeto de Lei nº 6.139, de 2023, ressalvado o destaque. Sim: 340; Não: 108; Abstenção: 1; Total: 449."
2543171-49;BLAVANSOLIDPRD...;Sim;PLEN;"Aprovado o Projeto de Lei nº 6.139, de 2023, ressalvado o destaque. Sim: 340; Não: 108; Abstenção: 1; Total: 449."
2543171-49;GOVERNO;Sim;PLEN;"Aprovado o Projeto de Lei nº 6.139, de 2023, ressalvado o destaque. Sim: 340; Não: 108; Abstenção: 1; Total: 449."
2543171-49;PL;Liberado;PLEN;"Aprovado o Projeto de Lei nº 6.139, de 2023, ressalvado o destaque. Sim: 340; Não: 108; Abstenção: 1; Total: 449."
2543171-49;PDT;;PLEN;"Aprovado o Projeto de Lei nº 6.139, de 2023, ressalvado o destaque. Sim: 340; Não: 108; Abstenção: 1; Total: 449."
2543171-49;NOVO;Nao;PLEN;"Aprovado o Projeto de Lei nº 6.139, de 2023, ressalvado o destaque. Sim: 340; Não: 108; Abstenção: 1; Total: 449."
2543171-49;BLUNIPPPSD...;Sim;PLEN;"Aprovado o Projeto de Lei nº 6.139, de 2023, ressalvado o destaque. Sim: 340; Não: 108; Abstenção: 1; Total: 449."
2543171-49;MINORIA;Nao;PLEN;"Aprovado o Projeto de Lei nº 6.139, de 2023, ressalvado o destaque. Sim: 340; Não: 108; Abstenção: 1; Total: 449."
2543171-49;OPOSICAO;Nao;PLEN;"Aprovado o Projeto de Lei nº 6.139, de 2023, ressalvado o destaque. Sim: 340; Não: 108; Abstenção: 1; Total: 449."
2543171-49;MAIORIA;;PLEN;"Aprovado o Projeto de Lei nº 6.139, de 2023, ressalvado o destaque. Sim: 340; Não: 108; Abstenção: 1; Total: 449."
2543171-41;NOVO;Sim;PLEN;"Rejeitado o Requerimento. Sim: 102; Não: 301; Abstenção: 1; Total: 404."
2543171-41;FDRPSOL-REDE;Nao;PLEN;"Rejeitado o Requerimento. Sim: 102; Não: 301; Abstenção: 1; Total: 404."
2543171-41;GOVERNO;Nao;PLEN;"Rejeitado o Requerimento. Sim: 102; Não: 301; Abstenção: 1; Total: 404."
2543171-41;PL;Liberado;PLEN;"Rejeitado o Requerimento. Sim: 102; Não: 301; Abstenção: 1; Total: 404."
2543171-41;OPOSICAO;Sim;PLEN;"Rejeitado o Requerimento. Sim: 102; Não: 301; Abstenção: 1; Total: 404."
2543171-41;PDT;;PLEN;"Rejeitado o Requerimento. Sim: 102; Não: 301; Abstenção: 1; Total: 404."
2543171-41;BLUNIPPPSD...;;PLEN;"Rejeitado o Requerimento. Sim: 102; Não: 301; Abstenção: 1; Total: 404."
2543171-41;MAIORIA;Nao;PLEN;"Rejeitado o Requerimento. Sim: 102; Não: 301; Abstenção: 1; Total: 404."
2543171-41;BLAVANSOLIDPRD...;;PLEN;"Rejeitado o Requerimento. Sim: 102; Não: 301; Abstenção: 1; Total: 404."
2543171-41;FDRPT-PCDOB-PV;Nao;PLEN;"Rejeitado o Requerimento. Sim: 102; Não: 301; Abstenção: 1; Total: 404."
2543171-41;PSB;Nao;PLEN;"Rejeitado o Requerimento. Sim: 102; Não: 301; Abstenção: 1; Total: 404."
2543171-41;MINORIA;Sim;PLEN;"Rejeitado o Requerimento. Sim: 102; Não: 301; Abstenção: 1; Total: 404."
2572994-8;FDRPSOL-REDE;Nao;PLEN;"Aprovado o Requerimento de Urgência (Art. 155 do RICD). Sim: 315; Não: 38; Abstenção: 1; Total: 354."
2572994-8;BLUNIPPPSD...;Sim;PLEN;"Aprovado o Requerimento de Urgência (Art. 155 do RICD). Sim: 315; Não: 38; Abstenção: 1; Total: 354."
2572994-8;PSB;Sim;PLEN;"Aprovado o Requerimento de Urgência (Art. 155 do RICD). Sim: 315; Não: 38; Abstenção: 1; Total: 354."
2572994-8;PDT;;PLEN;"Aprovado o Requerimento de Urgência (Art. 155 do RICD). Sim: 315; Não: 38; Abstenção: 1; Total: 354."
2572994-8;MINORIA;Sim;PLEN;"Aprovado o Requerimento de Urgência (Art. 155 do RICD). Sim: 315; Não: 38; Abstenção: 1; Total: 354."
2572994-8;BLAVANSOLIDPRD...;Sim;PLEN;"Aprovado o Requerimento de Urgência (Art. 155 do RICD). Sim: 315; Não: 38; Abstenção: 1; Total: 354."
2572994-8;FDRPT-PCDOB-PV;Sim;PLEN;"Aprovado o Requerimento de Urgência (Art. 155 do RICD). Sim: 315; Não: 38; Abstenção: 1; Total: 354."
2572994-8;GOVERNO;Sim;PLEN;"Aprovado o Requerimento de Urgência (Art. 155 do RICD). Sim: 315; Não: 38; Abstenção: 1; Total: 354."
2572994-8;PL;Sim;PLEN;"Aprovado o Requerimento de Urgência (Art. 155 do RICD). Sim: 315; Não: 38; Abstenção: 1; Total: 354."
2572994-8;MAIORIA;;PLEN;"Aprovado o Requerimento de Urgência (Art. 155 do RICD). Sim: 315; Não: 38; Abstenção: 1; Total: 354."
2572994-8;NOVO;Sim;PLEN;"Aprovado o Requerimento de Urgência (Art. 155 do RICD). Sim: 315; Não: 38; Abstenção: 1; Total: 354."
2572994-8;OPOSICAO;Sim;PLEN;"Aprovado o Requerimento de Urgência (Art. 155 do RICD). Sim: 315; Não: 38; Abstenção: 1; Total: 354."
2603342-42;BLAVANSOLIDPRD...;Sim;PLEN;"Aprovado o Projeto de Decreto Legislativo nº 50, de 2026, adotado pelo relator da Comissão de Relações Exteriores e de Defesa Nacional. Sim: 307; Não: 136; Abstenção: 1; Total: 444."
2603342-42;GOVERNO;Sim;PLEN;"Aprovado o Projeto de Decreto Legislativo nº 50, de 2026, adotado pelo relator da Comissão de Relações Exteriores e de Defesa Nacional. Sim: 307; Não: 136; Abstenção: 1; Total: 444."
2603342-42;FDRPT-PCDOB-PV;Sim;PLEN;"Aprovado o Projeto de Decreto Legislativo nº 50, de 2026, adotado pelo relator da Comissão de Relações Exteriores e de Defesa Nacional. Sim: 307; Não: 136; Abstenção: 1; Total: 444."
2603342-42;PSB;Sim;PLEN;"Aprovado o Projeto de Decreto Legislativo nº 50, de 2026, adotado pelo relator da Comissão de Relações Exteriores e de Defesa Nacional. Sim: 307; Não: 136; Abstenção: 1; Total: 444."
2603342-42;BLUNIPPPSD...;;PLEN;"Aprovado o Projeto de Decreto Legislativo nº 50, de 2026, adotado pelo relator da Comissão de Relações Exteriores e de Defesa Nacional. Sim: 307; Não: 136; Abstenção: 1; Total: 444."
2603342-42;FDRPSOL-REDE;Sim;PLEN;"Aprovado o Projeto de Decreto Legislativo nº 50, de 2026, adotado pelo relator da Comissão de Relações Exteriores e de Defesa Nacional. Sim: 307; Não: 136; Abstenção: 1; Total: 444."
2603342-42;MAIORIA;Sim;PLEN;"Aprovado o Projeto de Decreto Legislativo nº 50, de 2026, adotado pelo relator da Comissão de Relações Exteriores e de Defesa Nacional. Sim: 307; Não: 136; Abstenção: 1; Total: 444."
2603342-42;PDT;;PLEN;"Aprovado o Projeto de Decreto Legislativo nº 50, de 2026, adotado pelo relator da Comissão de Relações Exteriores e de Defesa Nacional. Sim: 307; Não: 136; Abstenção: 1; Total: 444."
2603342-42;OPOSICAO;Nao;PLEN;"Aprovado o Projeto de Decreto Legislativo nº 50, de 2026, adotado pelo relator da Comissão de Relações Exteriores e de Defesa Nacional. Sim: 307; Não: 136; Abstenção: 1; Total: 444."
2603342-42;NOVO;Nao;PLEN;"Aprovado o Projeto de Decreto Legislativo nº 50, de 2026, adotado pelo relator da Comissão de Relações Exteriores e de Defesa Nacional. Sim: 307; Não: 136; Abstenção: 1; Total: 444."
2603342-42;MINORIA;Nao;PLEN;"Aprovado o Projeto de Decreto Legislativo nº 50, de 2026, adotado pelo relator da Comissão de Relações Exteriores e de Defesa Nacional. Sim: 307; Não: 136; Abstenção: 1; Total: 444."
2603342-42;PL;Nao;PLEN;"Aprovado o Projeto de Decreto Legislativo nº 50, de 2026, adotado pelo relator da Comissão de Relações Exteriores e de Defesa Nacional. Sim: 307; Não: 136; Abstenção: 1; Total: 444."
2604383-7;MINORIA;Nao;PLEN;"Aprovado o Requerimento de Urgência (Art. 155 do RICD). Sim: 308; Não: 120; Total: 428."
2604383-7;PDT;;PLEN;"Aprovado o Requerimento de Urgência (Art. 155 do RICD). Sim: 308; Não: 120; Total: 428."
2604383-7;PSB;Sim;PLEN;"Aprovado o Requerimento de Urgência (Art. 155 do RICD). Sim: 308; Não: 120; Total: 428."
2604383-7;MAIORIA;Sim;PLEN;"Aprovado o Requerimento de Urgência (Art. 155 do RICD). Sim: 308; Não: 120; Total: 428."
2604383-7;PL;Nao;PLEN;"Aprovado o Requerimento de Urgência (Art. 155 do RICD). Sim: 308; Não: 120; Total: 428."
2604383-7;FDRPT-PCDOB-PV;Sim;PLEN;"Aprovado o Requerimento de Urgência (Art. 155 do RICD). Sim: 308; Não: 120; Total: 428."
2604383-7;GOVERNO;Sim;PLEN;"Aprovado o Requerimento de Urgência (Art. 155 do RICD). Sim: 308; Não: 120; Total: 428."
2604383-7;BLUNIPPPSD...;Sim;PLEN;"Aprovado o Requerimento de Urgência (Art. 155 do RICD). Sim: 308; Não: 120; Total: 428."
2604383-7;FDRPSOL-REDE;Sim;PLEN;"Aprovado o Requerimento de Urgência (Art. 155 do RICD). Sim: 308; Não: 120; Total: 428."
2604383-7;BLAVANSOLIDPRD...;Sim;PLEN;"Aprovado o Requerimento de Urgência (Art. 155 do RICD). Sim: 308; Não: 120; Total: 428."
2604383-7;NOVO;Nao;PLEN;"Aprovado o Requerimento de Urgência (Art. 155 do RICD). Sim: 308; Não: 120; Total: 428."
2604383-7;OPOSICAO;Nao;PLEN;"Aprovado o Requerimento de Urgência (Art. 155 do RICD). Sim: 308; Não: 120; Total: 428."
2600838-46;OPOSICAO;Nao;PLEN;"Rejeitada a Emenda de Plenário nº 68. Sim: 105; Não: 232; Total: 337."
2600838-46;PSB;Nao;PLEN;"Rejeitada a Emenda de Plenário nº 68. Sim: 105; Não: 232; Total: 337."
2600838-46;BLUNIPPPSD...;Nao;PLEN;"Rejeitada a Emenda de Plenário nº 68. Sim: 105; Não: 232; Total: 337."
2600838-46;FDRPSOL-REDE;Sim;PLEN;"Rejeitada a Emenda de Plenário nº 68. Sim: 105; Não: 232; Total: 337."
2600838-46;MAIORIA;;PLEN;"Rejeitada a Emenda de Plenário nº 68. Sim: 105; Não: 232; Total: 337."
2600838-46;MINORIA;Nao;PLEN;"Rejeitada a Emenda de Plenário nº 68. Sim: 105; Não: 232; Total: 337."
2600838-46;GOVERNO;;PLEN;"Rejeitada a Emenda de Plenário nº 68. Sim: 105; Não: 232; Total: 337."
2600838-46;NOVO;Nao;PLEN;"Rejeitada a Emenda de Plenário nº 68. Sim: 105; Não: 232; Total: 337."
2600838-46;PDT;Nao;PLEN;"Rejeitada a Emenda de Plenário nº 68. Sim: 105; Não: 232; Total: 337."
2600838-46;PL;Nao;PLEN;"Rejeitada a Emenda de Plenário nº 68. Sim: 105; Não: 232; Total: 337."
2600838-46;BLAVANSOLIDPRD...;Nao;PLEN;"Rejeitada a Emenda de Plenário nº 68. Sim: 105; Não: 232; Total: 337."
2600838-46;FDRPT-PCDOB-PV;Sim;PLEN;"Rejeitada a Emenda de Plenário nº 68. Sim: 105; Não: 232; Total: 337."
533105-109;GOVERNO;Nao;CCJC;"Rejeitado o Requerimento de Retirada de Pauta. Resultado: 12 votos ""Sim"", 24 votos ""Não"". Quórum de votação: 36 votos."
533105-109;OPOSICAO;Sim;CCJC;"Rejeitado o Requerimento de Retirada de Pauta. Resultado: 12 votos ""Sim"", 24 votos ""Não"". Quórum de votação: 36 votos."
533105-109;FDRPT-PCDOB-PV;Nao;CCJC;"Rejeitado o Requerimento de Retirada de Pauta. Resultado: 12 votos ""Sim"", 24 votos ""Não"". Quórum de votação: 36 votos."
533105-109;MAIORIA;Nao;CCJC;"Rejeitado o Requerimento de Retirada de Pauta. Resultado: 12 votos ""Sim"", 24 votos ""Não"". Quórum de votação: 36 votos."
533105-109;PSB;Nao;CCJC;"Rejeitado o Requerimento de Retirada de Pauta. Resultado: 12 votos ""Sim"", 24 votos ""Não"". Quórum de votação: 36 votos."
533105-109;FDRPSDB-CIDADAN;Sim;CCJC;"Rejeitado o Requerimento de Retirada de Pauta. Resultado: 12 votos ""Sim"", 24 votos ""Não"". Quórum de votação: 36 votos."
533105-109;PL;Sim;CCJC;"Rejeitado o Requerimento de Retirada de Pauta. Resultado: 12 votos ""Sim"", 24 votos ""Não"". Quórum de votação: 36 votos."
533105-109;FDRPSOL-REDE;Nao;CCJC;"Rejeitado o Requerimento de Retirada de Pauta. Resultado: 12 votos ""Sim"", 24 votos ""Não"". Quórum de votação: 36 votos."
533105-109;UNIAO;Nao;CCJC;"Rejeitado o Requerimento de Retirada de Pauta. Resultado: 12 votos ""Sim"", 24 votos ""Não"". Quórum de votação: 36 votos."
533105-109;PRD;Nao;CCJC;"Rejeitado o Requerimento de Retirada de Pauta. Resultado: 12 votos ""Sim"", 24 votos ""Não"". Quórum de votação: 36 votos."
533105-109;MINORIA;Sim;CCJC;"Rejeitado o Requerimento de Retirada de Pauta. Resultado: 12 votos ""Sim"", 24 votos ""Não"". Quórum de votação: 36 votos."
2334926-27;PSB;Nao;CCJC;"Rejeitado o Requerimento de Retirada de Pauta. Resultado: 18 votos ""Sim"", 19 votos ""Não"". Quórum de votação: 37 votos."
2334926-27;PL;Sim;CCJC;"Rejeitado o Requerimento de Retirada de Pauta. Resultado: 18 votos ""Sim"", 19 votos ""Não"". Quórum de votação: 37 votos."
2334926-27;UNIAO;Sim;CCJC;"Rejeitado o Requerimento de Retirada de Pauta. Resultado: 18 votos ""Sim"", 19 votos ""Não"". Quórum de votação: 37 votos."
2334926-27;FDRPT-PCDOB-PV;Nao;CCJC;"Rejeitado o Requerimento de Retirada de Pauta. Resultado: 18 votos ""Sim"", 19 votos ""Não"". Quórum de votação: 37 votos."
2334926-27;GOVERNO;Nao;CCJC;"Rejeitado o Requerimento de Retirada de Pauta. Resultado: 18 votos ""Sim"", 19 votos ""Não"". Quórum de votação: 37 votos."
2334926-27;PRD;Nao;CCJC;"Rejeitado o Requerimento de Retirada de Pauta. Resultado: 18 votos ""Sim"", 19 votos ""Não"". Quórum de votação: 37 votos."
2334926-27;FDRPSOL-REDE;Nao;CCJC;"Rejeitado o Requerimento de Retirada de Pauta. Resultado: 18 votos ""Sim"", 19 votos ""Não"". Quórum de votação: 37 votos."
2334926-27;OPOSICAO;Sim;CCJC;"Rejeitado o Requerimento de Retirada de Pauta. Resultado: 18 votos ""Sim"", 19 votos ""Não"". Quórum de votação: 37 votos."
2334926-27;MINORIA;Sim;CCJC;"Rejeitado o Requerimento de Retirada de Pauta. Resultado: 18 votos ""Sim"", 19 votos ""Não"". Quórum de votação: 37 votos."
2334926-27;MAIORIA;Nao;CCJC;"Rejeitado o Requerimento de Retirada de Pauta. Resultado: 18 votos ""Sim"", 19 votos ""Não"". Quórum de votação: 37 votos."
2334926-27;PSD;Nao;CCJC;"Rejeitado o Requerimento de Retirada de Pauta. Resultado: 18 votos ""Sim"", 19 votos ""Não"". Quórum de votação: 37 votos."
2600277-9;MINORIA;Nao;PLEN;"Aprovado o Requerimento de Urgência (Art. 155 do RICD). Sim: 277; Não: 119; Abstenção: 1; Total: 397."
2600277-9;BLAVANSOLIDPRD...;Sim;PLEN;"Aprovado o Requerimento de Urgência (Art. 155 do RICD). Sim: 277; Não: 119; Abstenção: 1; Total: 397."
2600277-9;GOVERNO;Sim;PLEN;"Aprovado o Requerimento de Urgência (Art. 155 do RICD). Sim: 277; Não: 119; Abstenção: 1; Total: 397."
2600277-9;FDRPSOL-REDE;Sim;PLEN;"Aprovado o Requerimento de Urgência (Art. 155 do RICD). Sim: 277; Não: 119; Abstenção: 1; Total: 397."
2600277-9;OPOSICAO;Nao;PLEN;"Aprovado o Requerimento de Urgência (Art. 155 do RICD). Sim: 277; Não: 119; Abstenção: 1; Total: 397."
2600277-9;BLUNIPPPSD...;Sim;PLEN;"Aprovado o Requerimento de Urgência (Art. 155 do RICD). Sim: 277; Não: 119; Abstenção: 1; Total: 397."
2600277-9;PSB;Sim;PLEN;"Aprovado o Requerimento de Urgência (Art. 155 do RICD). Sim: 277; Não: 119; Abstenção: 1; Total: 397."
2600277-9;FDRPT-PCDOB-PV;Sim;PLEN;"Aprovado o Requerimento de Urgência (Art. 155 do RICD). Sim: 277; Não: 119; Abstenção: 1; Total: 397."
2600277-9;PDT;Sim;PLEN;"Aprovado o Requerimento de Urgência (Art. 155 do RICD). Sim: 277; Não: 119; Abstenção: 1; Total: 397."
2600277-9;NOVO;Nao;PLEN;"Aprovado o Requerimento de Urgência (Art. 155 do RICD). Sim: 277; Não: 119; Abstenção: 1; Total: 397."
2600277-9;PL;Nao;PLEN;"Aprovado o Requerimento de Urgência (Art. 155 do RICD). Sim: 277; Não: 119; Abstenção: 1; Total: 397."
2600277-9;MAIORIA;Sim;PLEN;"Aprovado o Requerimento de Urgência (Art. 155 do RICD). Sim: 277; Não: 119; Abstenção: 1; Total: 397."
2601040-31;BLUNIPPPSD...;Sim;PLEN;"Aprovado o Substitutivo ao Projeto de Lei Complementar nº 14, de 2026, adotado pelo relator da Comissão de Indústria, Comércio e Serviços. Sim: 317; Não: 61; Abstenção: 2; Total: 380."
2601040-31;MAIORIA;Sim;PLEN;"Aprovado o Substitutivo ao Projeto de Lei Complementar nº 14, de 2026, adotado pelo relator da Comissão de Indústria, Comércio e Serviços. Sim: 317; Não: 61; Abstenção: 2; Total: 380."
2601040-31;PSB;Sim;PLEN;"Aprovado o Substitutivo ao Projeto de Lei Complementar nº 14, de 2026, adotado pelo relator da Comissão de Indústria, Comércio e Serviços. Sim: 317; Não: 61; Abstenção: 2; Total: 380."
2601040-31;PDT;Sim;PLEN;"Aprovado o Substitutivo ao Projeto de Lei Complementar nº 14, de 2026, adotado pelo relator da Comissão de Indústria, Comércio e Serviços. Sim: 317; Não: 61; Abstenção: 2; Total: 380."
2601040-31;BLAVANSOLIDPRD...;Sim;PLEN;"Aprovado o Substitutivo ao Projeto de Lei Complementar nº 14, de 2026, adotado pelo relator da Comissão de Indústria, Comércio e Serviços. Sim: 317; Não: 61; Abstenção: 2; Total: 380."
2601040-31;FDRPSOL-REDE;Nao;PLEN;"Aprovado o Substitutivo ao Projeto de Lei Complementar nº 14, de 2026, adotado pelo relator da Comissão de Indústria, Comércio e Serviços. Sim: 317; Não: 61; Abstenção: 2; Total: 380."
2601040-31;MINORIA;Liberado;PLEN;"Aprovado o Substitutivo ao Projeto de Lei Complementar nº 14, de 2026, adotado pelo relator da Comissão de Indústria, Comércio e Serviços. Sim: 317; Não: 61; Abstenção: 2; Total: 380."
2601040-31;NOVO;Nao;PLEN;"Aprovado o Substitutivo ao Projeto de Lei Complementar nº 14, de 2026, adotado pelo relator da Comissão de Indústria, Comércio e Serviços. Sim: 317; Não: 61; Abstenção: 2; Total: 380."
2601040-31;PL;Sim;PLEN;"Aprovado o Substitutivo ao Projeto de Lei Complementar nº 14, de 2026, adotado pelo relator da Comissão de Indústria, Comércio e Serviços. Sim: 317; Não: 61; Abstenção: 2; Total: 380."
2601040-31;FDRPT-PCDOB-PV;Sim;PLEN;"Aprovado o Substitutivo ao Projeto de Lei Complementar nº 14, de 2026, adotado pelo relator da Comissão de Indústria, Comércio e Serviços. Sim: 317; Não: 61; Abstenção: 2; Total: 380."
2601040-31;GOVERNO;Sim;PLEN;"Aprovado o Substitutivo ao Projeto de Lei Complementar nº 14, de 2026, adotado pelo relator da Comissão de Indústria, Comércio e Serviços. Sim: 317; Não: 61; Abstenção: 2; Total: 380."
2601040-31;OPOSICAO;Liberado;PLEN;"Aprovado o Substitutivo ao Projeto de Lei Complementar nº 14, de 2026, adotado pelo relator da Comissão de Indústria, Comércio e Serviços. Sim: 317; Não: 61; Abstenção: 2; Total: 380."
2601040-23;PSB;Nao;PLEN;"Rejeitado o Requerimento. Sim: 87; Não: 301; Total: 388."
2601040-23;FDRPSOL-REDE;Sim;PLEN;"Rejeitado o Requerimento. Sim: 87; Não: 301; Total: 388."
2601040-23;BLAVANSOLIDPRD...;Nao;PLEN;"Rejeitado o Requerimento. Sim: 87; Não: 301; Total: 388."
2601040-23;FDRPT-PCDOB-PV;Nao;PLEN;"Rejeitado o Requerimento. Sim: 87; Não: 301; Total: 388."
2601040-23;BLUNIPPPSD...;Nao;PLEN;"Rejeitado o Requerimento. Sim: 87; Não: 301; Total: 388."
2601040-23;MINORIA;Nao;PLEN;"Rejeitado o Requerimento. Sim: 87; Não: 301; Total: 388."
2601040-23;PL;Nao;PLEN;"Rejeitado o Requerimento. Sim: 87; Não: 301; Total: 388."
2601040-23;OPOSICAO;Sim;PLEN;"Rejeitado o Requerimento. Sim: 87; Não: 301; Total: 388."
2601040-23;PDT;Nao;PLEN;"Rejeitado o Requerimento. Sim: 87; Não: 301; Total: 388."
2601040-23;MAIORIA;Nao;PLEN;"Rejeitado o Requerimento. Sim: 87; Não: 301; Total: 388."
2601040-23;GOVERNO;Nao;PLEN;"Rejeitado o Requerimento. Sim: 87; Não: 301; Total: 388."
2601040-23;NOVO;Sim;PLEN;"Rejeitado o Requerimento. Sim: 87; Não: 301; Total: 388."
2591974-26;BLAVANSOLIDPRD...;Nao;PLEN;"Rejeitado o Requerimento. Sim: 147; Não: 242; Abstenção: 1; Total: 390."
2591974-26;MINORIA;Sim;PLEN;"Rejeitado o Requerimento. Sim: 147; Não: 242; Abstenção: 1; Total: 390."
2591974-26;GOVERNO;Nao;PLEN;"Rejeitado o Requerimento. Sim: 147; Não: 242; Abstenção: 1; Total: 390."
2591974-26;PDT;Nao;PLEN;"Rejeitado o Requerimento. Sim: 147; Não: 242; Abstenção: 1; Total: 390."
2591974-26;NOVO;Sim;PLEN;"Rejeitado o Requerimento. Sim: 147; Não: 242; Abstenção: 1; Total: 390."
2591974-26;PL;Sim;PLEN;"Rejeitado o Requerimento. Sim: 147; Não: 242; Abstenção: 1; Total: 390."
2591974-26;PSB;Nao;PLEN;"Rejeitado o Requerimento. Sim: 147; Não: 242; Abstenção: 1; Total: 390."
2591974-26;OPOSICAO;Sim;PLEN;"Rejeitado o Requerimento. Sim: 147; Não: 242; Abstenção: 1; Total: 390."
2591974-26;FDRPSOL-REDE;Nao;PLEN;"Rejeitado o Requerimento. Sim: 147; Não: 242; Abstenção: 1; Total: 390."
2591974-26;BLUNIPPPSD...;Liberado;PLEN;"Rejeitado o Requerimento. Sim: 147; Não: 242; Abstenção: 1; Total: 390."
2591974-26;FDRPT-PCDOB-PV;Nao;PLEN;"Rejeitado o Requerimento. Sim: 147; Não: 242; Abstenção: 1; Total: 390."
2591974-26;MAIORIA;Nao;PLEN;"Rejeitado o Requerimento. Sim: 147; Não: 242; Abstenção: 1; Total: 390."
2600278-9;PL;Nao;PLEN;"Aprovado o Requerimento de Urgência (Art. 155 do RICD). Sim: 273; Não: 103; Abstenção: 1; Total: 377."
2600278-9;OPOSICAO;Nao;PLEN;"Aprovado o Requerimento de Urgência (Art. 155 do RICD). Sim: 273; Não: 103; Abstenção: 1; Total: 377."
2600278-9;NOVO;Nao;PLEN;"Aprovado o Requerimento de Urgência (Art. 155 do RICD). Sim: 273; Não: 103; Abstenção: 1; Total: 377."
2600278-9;FDRPSOL-REDE;Sim;PLEN;"Aprovado o Requerimento de Urgência (Art. 155 do RICD). Sim: 273; Não: 103; Abstenção: 1; Total: 377."
2600278-9;FDRPT-PCDOB-PV;Sim;PLEN;"Aprovado o Requerimento de Urgência (Art. 155 do RICD). Sim: 273; Não: 103; Abstenção: 1; Total: 377."
2600278-9;MAIORIA;Sim;PLEN;"Aprovado o Requerimento de Urgência (Art. 155 do RICD). Sim: 273; Não: 103; Abstenção: 1; Total: 377."
2600278-9;PSB;Sim;PLEN;"Aprovado o Requerimento de Urgência (Art. 155 do RICD). Sim: 273; Não: 103; Abstenção: 1; Total: 377."
2600278-9;PDT;Sim;PLEN;"Aprovado o Requerimento de Urgência (Art. 155 do RICD). Sim: 273; Não: 103; Abstenção: 1; Total: 377."
2600278-9;BLAVANSOLIDPRD...;Sim;PLEN;"Aprovado o Requerimento de Urgência (Art. 155 do RICD). Sim: 273; Não: 103; Abstenção: 1; Total: 377."
2600278-9;GOVERNO;Sim;PLEN;"Aprovado o Requerimento de Urgência (Art. 155 do RICD). Sim: 273; Não: 103; Abstenção: 1; Total: 377."
2600278-9;BLUNIPPPSD...;Liberado;PLEN;"Aprovado o Requerimento de Urgência (Art. 155 do RICD). Sim: 273; Não: 103; Abstenção: 1; Total: 377."
2600278-9;MINORIA;Nao;PLEN;"Aprovado o Requerimento de Urgência (Art. 155 do RICD). Sim: 273; Não: 103; Abstenção: 1; Total: 377."
2601794-5;MINORIA;Sim;PLEN;"Rejeitado o Recurso nº 2, de 2026, contra parecer terminativo da Comissão de Constituição e Justiça e de Cidadania à Emenda de Plenário nº 3 oferecida ao Projeto de Lei nº 1.743, de 2024. Sim: 151; Não: 244; Abstenção: 3; Total: 398."
2601794-5;OPOSICAO;Sim;PLEN;"Rejeitado o Recurso nº 2, de 2026, contra parecer terminativo da Comissão de Constituição e Justiça e de Cidadania à Emenda de Plenário nº 3 oferecida ao Projeto de Lei nº 1.743, de 2024. Sim: 151; Não: 244; Abstenção: 3; Total: 398."
2601794-5;PDT;;PLEN;"Rejeitado o Recurso nº 2, de 2026, contra parecer terminativo da Comissão de Constituição e Justiça e de Cidadania à Emenda de Plenário nº 3 oferecida ao Projeto de Lei nº 1.743, de 2024. Sim: 151; Não: 244; Abstenção: 3; Total: 398."
2601794-5;PL;Sim;PLEN;"Rejeitado o Recurso nº 2, de 2026, contra parecer terminativo da Comissão de Constituição e Justiça e de Cidadania à Emenda de Plenário nº 3 oferecida ao Projeto de Lei nº 1.743, de 2024. Sim: 151; Não: 244; Abstenção: 3; Total: 398."
2601794-5;FDRPSOL-REDE;Nao;PLEN;"Rejeitado o Recurso nº 2, de 2026, contra parecer terminativo da Comissão de Constituição e Justiça e de Cidadania à Emenda de Plenário nº 3 oferecida ao Projeto de Lei nº 1.743, de 2024. Sim: 151; Não: 244; Abstenção: 3; Total: 398."
2601794-5;GOVERNO;;PLEN;"Rejeitado o Recurso nº 2, de 2026, contra parecer terminativo da Comissão de Constituição e Justiça e de Cidadania à Emenda de Plenário nº 3 oferecida ao Projeto de Lei nº 1.743, de 2024. Sim: 151; Não: 244; Abstenção: 3; Total: 398."
2601794-5;BLAVANSOLIDPRD...;Nao;PLEN;"Rejeitado o Recurso nº 2, de 2026, contra parecer terminativo da Comissão de Constituição e Justiça e de Cidadania à Emenda de Plenário nº 3 oferecida ao Projeto de Lei nº 1.743, de 2024. Sim: 151; Não: 244; Abstenção: 3; Total: 398."
2601794-5;NOVO;Sim;PLEN;"Rejeitado o Recurso nº 2, de 2026, contra parecer terminativo da Comissão de Constituição e Justiça e de Cidadania à Emenda de Plenário nº 3 oferecida ao Projeto de Lei nº 1.743, de 2024. Sim: 151; Não: 244; Abstenção: 3; Total: 398."
2601794-5;MAIORIA;;PLEN;"Rejeitado o Recurso nº 2, de 2026, contra parecer terminativo da Comissão de Constituição e Justiça e de Cidadania à Emenda de Plenário nº 3 oferecida ao Projeto de Lei nº 1.743, de 2024. Sim: 151; Não: 244; Abstenção: 3; Total: 398."
2601794-5;FDRPT-PCDOB-PV;Nao;PLEN;"Rejeitado o Recurso nº 2, de 2026, contra parecer terminativo da Comissão de Constituição e Justiça e de Cidadania à Emenda de Plenário nº 3 oferecida ao Projeto de Lei nº 1.743, de 2024. Sim: 151; Não: 244; Abstenção: 3; Total: 398."
2601794-5;PSB;;PLEN;"Rejeitado o Recurso nº 2, de 2026, contra parecer terminativo da Comissão de Constituição e Justiça e de Cidadania à Emenda de Plenário nº 3 oferecida ao Projeto de Lei nº 1.743, de 2024. Sim: 151; Não: 244; Abstenção: 3; Total: 398."
2601794-5;BLUNIPPPSD...;Liberado;PLEN;"Rejeitado o Recurso nº 2, de 2026, contra parecer terminativo da Comissão de Constituição e Justiça e de Cidadania à Emenda de Plenário nº 3 oferecida ao Projeto de Lei nº 1.743, de 2024. Sim: 151; Não: 244; Abstenção: 3; Total: 398."
2562173-30;PSB;;PLEN;"Aprovada a Medida Provisória nº 1.317, de 2025, na forma do Projeto de Lei de Conversão. Sim: 271; Não: 127; Total: 398."
2562173-30;MINORIA;Nao;PLEN;"Aprovada a Medida Provisória nº 1.317, de 2025, na forma do Projeto de Lei de Conversão. Sim: 271; Não: 127; Total: 398."
2562173-30;PDT;;PLEN;"Aprovada a Medida Provisória nº 1.317, de 2025, na forma do Projeto de Lei de Conversão. Sim: 271; Não: 127; Total: 398."
2562173-30;FDRPT-PCDOB-PV;Sim;PLEN;"Aprovada a Medida Provisória nº 1.317, de 2025, na forma do Projeto de Lei de Conversão. Sim: 271; Não: 127; Total: 398."
2562173-30;MAIORIA;Sim;PLEN;"Aprovada a Medida Provisória nº 1.317, de 2025, na forma do Projeto de Lei de Conversão. Sim: 271; Não: 127; Total: 398."
2562173-30;GOVERNO;Sim;PLEN;"Aprovada a Medida Provisória nº 1.317, de 2025, na forma do Projeto de Lei de Conversão. Sim: 271; Não: 127; Total: 398."
2562173-30;FDRPSOL-REDE;Sim;PLEN;"Aprovada a Medida Provisória nº 1.317, de 2025, na forma do Projeto de Lei de Conversão. Sim: 271; Não: 127; Total: 398."
2562173-30;NOVO;Nao;PLEN;"Aprovada a Medida Provisória nº 1.317, de 2025, na forma do Projeto de Lei de Conversão. Sim: 271; Não: 127; Total: 398."
2562173-30;BLAVANSOLIDPRD...;Sim;PLEN;"Aprovada a Medida Provisória nº 1.317, de 2025, na forma do Projeto de Lei de Conversão. Sim: 271; Não: 127; Total: 398."
2562173-30;PL;Nao;PLEN;"Aprovada a Medida Provisória nº 1.317, de 2025, na forma do Projeto de Lei de Conversão. Sim: 271; Não: 127; Total: 398."
2562173-30;BLUNIPPPSD...;Sim;PLEN;"Aprovada a Medida Provisória nº 1.317, de 2025, na forma do Projeto de Lei de Conversão. Sim: 271; Não: 127; Total: 398."
2562173-30;OPOSICAO;Nao;PLEN;"Aprovada a Medida Provisória nº 1.317, de 2025, na forma do Projeto de Lei de Conversão. Sim: 271; Não: 127; Total: 398."
2562173-21;GOVERNO;Nao;PLEN;"Rejeitado o Requerimento. Sim: 126; Não: 296; Total: 422."
2562173-21;PL;Sim;PLEN;"Rejeitado o Requerimento. Sim: 126; Não: 296; Total: 422."
2562173-21;FDRPT-PCDOB-PV;Nao;PLEN;"Rejeitado o Requerimento. Sim: 126; Não: 296; Total: 422."
2562173-21;PSB;;PLEN;"Rejeitado o Requerimento. Sim: 126; Não: 296; Total: 422."
2562173-21;NOVO;Sim;PLEN;"Rejeitado o Requerimento. Sim: 126; Não: 296; Total: 422."
2562173-21;MAIORIA;Nao;PLEN;"Rejeitado o Requerimento. Sim: 126; Não: 296; Total: 422."
2562173-21;FDRPSOL-REDE;Nao;PLEN;"Rejeitado o Requerimento. Sim: 126; Não: 296; Total: 422."
2562173-21;MINORIA;Sim;PLEN;"Rejeitado o Requerimento. Sim: 126; Não: 296; Total: 422."
2562173-21;PDT;;PLEN;"Rejeitado o Requerimento. Sim: 126; Não: 296; Total: 422."
2562173-21;OPOSICAO;Sim;PLEN;"Rejeitado o Requerimento. Sim: 126; Não: 296; Total: 422."
2562173-21;BLAVANSOLIDPRD...;Nao;PLEN;"Rejeitado o Requerimento. Sim: 126; Não: 296; Total: 422."
2562173-21;BLUNIPPPSD...;Nao;PLEN;"Rejeitado o Requerimento. Sim: 126; Não: 296; Total: 422."
2600122-8;BLUNIPPPSD...;Sim;PLEN;"Aprovado o Requerimento de Urgência (Art. 155 do RICD). Sim: 307; Não: 113; Abstenção: 3; Total: 423."
2600122-8;NOVO;Nao;PLEN;"Aprovado o Requerimento de Urgência (Art. 155 do RICD). Sim: 307; Não: 113; Abstenção: 3; Total: 423."
2600122-8;FDRPSOL-REDE;Sim;PLEN;"Aprovado o Requerimento de Urgência (Art. 155 do RICD). Sim: 307; Não: 113; Abstenção: 3; Total: 423."
2600122-8;BLAVANSOLIDPRD...;Sim;PLEN;"Aprovado o Requerimento de Urgência (Art. 155 do RICD). Sim: 307; Não: 113; Abstenção: 3; Total: 423."
2600122-8;OPOSICAO;Nao;PLEN;"Aprovado o Requerimento de Urgência (Art. 155 do RICD). Sim: 307; Não: 113; Abstenção: 3; Total: 423."
2600122-8;GOVERNO;Sim;PLEN;"Aprovado o Requerimento de Urgência (Art. 155 do RICD). Sim: 307; Não: 113; Abstenção: 3; Total: 423."
2600122-8;FDRPT-PCDOB-PV;Sim;PLEN;"Aprovado o Requerimento de Urgência (Art. 155 do RICD). Sim: 307; Não: 113; Abstenção: 3; Total: 423."
2600122-8;PDT;Sim;PLEN;"Aprovado o Requerimento de Urgência (Art. 155 do RICD). Sim: 307; Não: 113; Abstenção: 3; Total: 423."
2600122-8;MINORIA;Nao;PLEN;"Aprovado o Requerimento de Urgência (Art. 155 do RICD). Sim: 307; Não: 113; Abstenção: 3; Total: 423."
2600122-8;PSB;Sim;PLEN;"Aprovado o Requerimento de Urgência (Art. 155 do RICD). Sim: 307; Não: 113; Abstenção: 3; Total: 423."
2600122-8;MAIORIA;;PLEN;"Aprovado o Requerimento de Urgência (Art. 155 do RICD). Sim: 307; Não: 113; Abstenção: 3; Total: 423."
2600122-8;PL;Nao;PLEN;"Aprovado o Requerimento de Urgência (Art. 155 do RICD). Sim: 307; Não: 113; Abstenção: 3; Total: 423."
2601522-8;MINORIA;Nao;PLEN;"Aprovado o Requerimento de Urgência (Art. 155 do RICD). Sim: 298; Não: 132; Total: 430."
2601522-8;BLUNIPPPSD...;Sim;PLEN;"Aprovado o Requerimento de Urgência (Art. 155 do RICD). Sim: 298; Não: 132; Total: 430."
2601522-8;BLAVANSOLIDPRD...;Sim;PLEN;"Aprovado o Requerimento de Urgência (Art. 155 do RICD). Sim: 298; Não: 132; Total: 430."
2601522-8;MAIORIA;Sim;PLEN;"Aprovado o Requerimento de Urgência (Art. 155 do RICD). Sim: 298; Não: 132; Total: 430."
2601522-8;FDRPT-PCDOB-PV;Sim;PLEN;"Aprovado o Requerimento de Urgência (Art. 155 do RICD). Sim: 298; Não: 132; Total: 430."
2601522-8;PL;Nao;PLEN;"Aprovado o Requerimento de Urgência (Art. 155 do RICD). Sim: 298; Não: 132; Total: 430."
2601522-8;PSB;Sim;PLEN;"Aprovado o Requerimento de Urgência (Art. 155 do RICD). Sim: 298; Não: 132; Total: 430."
2601522-8;NOVO;Nao;PLEN;"Aprovado o Requerimento de Urgência (Art. 155 do RICD). Sim: 298; Não: 132; Total: 430."
2601522-8;FDRPSOL-REDE;Nao;PLEN;"Aprovado o Requerimento de Urgência (Art. 155 do RICD). Sim: 298; Não: 132; Total: 430."
2601522-8;OPOSICAO;Nao;PLEN;"Aprovado o Requerimento de Urgência (Art. 155 do RICD). Sim: 298; Não: 132; Total: 430."
2601522-8;GOVERNO;Sim;PLEN;"Aprovado o Requerimento de Urgência (Art. 155 do RICD). Sim: 298; Não: 132; Total: 430."
2601522-8;PDT;Sim;PLEN;"Aprovado o Requerimento de Urgência (Art. 155 do RICD). Sim: 298; Não: 132; Total: 430."
2596339-8;BLAVANSOLIDPRD...;Sim;PLEN;"Aprovado o Requerimento de Urgência (Art. 155 do RICD). Sim: 304; Não: 113; Total: 417."
2596339-8;MINORIA;Nao;PLEN;"Aprovado o Requerimento de Urgência (Art. 155 do RICD). Sim: 304; Não: 113; Total: 417."
2596339-8;PDT;;PLEN;"Aprovado o Requerimento de Urgência (Art. 155 do RICD). Sim: 304; Não: 113; Total: 417."
2596339-8;OPOSICAO;Nao;PLEN;"Aprovado o Requerimento de Urgência (Art. 155 do RICD). Sim: 304; Não: 113; Total: 417."
2596339-8;GOVERNO;;PLEN;"Aprovado o Requerimento de Urgência (Art. 155 do RICD). Sim: 304; Não: 113; Total: 417."
2596339-8;MAIORIA;Sim;PLEN;"Aprovado o Requerimento de Urgência (Art. 155 do RICD). Sim: 304; Não: 113; Total: 417."
2596339-8;PSB;Sim;PLEN;"Aprovado o Requerimento de Urgência (Art. 155 do RICD). Sim: 304; Não: 113; Total: 417."
2596339-8;NOVO;Nao;PLEN;"Aprovado o Requerimento de Urgência (Art. 155 do RICD). Sim: 304; Não: 113; Total: 417."
2596339-8;PL;Nao;PLEN;"Aprovado o Requerimento de Urgência (Art. 155 do RICD). Sim: 304; Não: 113; Total: 417."
2596339-8;BLUNIPPPSD...;Sim;PLEN;"Aprovado o Requerimento de Urgência (Art. 155 do RICD). Sim: 304; Não: 113; Total: 417."
2596339-8;FDRPT-PCDOB-PV;Sim;PLEN;"Aprovado o Requerimento de Urgência (Art. 155 do RICD). Sim: 304; Não: 113; Total: 417."
2596339-8;FDRPSOL-REDE;Sim;PLEN;"Aprovado o Requerimento de Urgência (Art. 155 do RICD). Sim: 304; Não: 113; Total: 417."
2601223-8;GOVERNO;;PLEN;"Aprovado o Requerimento de Urgência (Art. 155 do RICD). Sim: 337; Não: 19; Total: 356."
2601223-8;MINORIA;;PLEN;"Aprovado o Requerimento de Urgência (Art. 155 do RICD). Sim: 337; Não: 19; Total: 356."
2601223-8;OPOSICAO;Liberado;PLEN;"Aprovado o Requerimento de Urgência (Art. 155 do RICD). Sim: 337; Não: 19; Total: 356."
2601223-8;BLUNIPPPSD...;Sim;PLEN;"Aprovado o Requerimento de Urgência (Art. 155 do RICD). Sim: 337; Não: 19; Total: 356."
2601223-8;PDT;Sim;PLEN;"Aprovado o Requerimento de Urgência (Art. 155 do RICD). Sim: 337; Não: 19; Total: 356."
2601223-8;MAIORIA;;PLEN;"Aprovado o Requerimento de Urgência (Art. 155 do RICD). Sim: 337; Não: 19; Total: 356."
2601223-8;PL;;PLEN;"Aprovado o Requerimento de Urgência (Art. 155 do RICD). Sim: 337; Não: 19; Total: 356."
2601223-8;PSB;Sim;PLEN;"Aprovado o Requerimento de Urgência (Art. 155 do RICD). Sim: 337; Não: 19; Total: 356."
2601223-8;FDRPSOL-REDE;Sim;PLEN;"Aprovado o Requerimento de Urgência (Art. 155 do RICD). Sim: 337; Não: 19; Total: 356."
2601223-8;FDRPT-PCDOB-PV;Sim;PLEN;"Aprovado o Requerimento de Urgência (Art. 155 do RICD). Sim: 337; Não: 19; Total: 356."
2601223-8;NOVO;Nao;PLEN;"Aprovado o Requerimento de Urgência (Art. 155 do RICD). Sim: 337; Não: 19; Total: 356."
2601223-8;BLAVANSOLIDPRD...;;PLEN;"Aprovado o Requerimento de Urgência (Art. 155 do RICD). Sim: 337; Não: 19; Total: 356."
2557414-41;MINORIA;;PLEN;"Mantido o texto. Sim: 401; Não: 34; Total: 435."
2557414-41;FDRPSOL-REDE;;PLEN;"Mantido o texto. Sim: 401; Não: 34; Total: 435."
2557414-41;PSB;;PLEN;"Mantido o texto. Sim: 401; Não: 34; Total: 435."
2557414-41;BLUNIPPPSD...;Sim;PLEN;"Mantido o texto. Sim: 401; Não: 34; Total: 435."
2557414-41;MAIORIA;Sim;PLEN;"Mantido o texto. Sim: 401; Não: 34; Total: 435."
2557414-41;BLAVANSOLIDPRD...;;PLEN;"Mantido o texto. Sim: 401; Não: 34; Total: 435."
2557414-41;OPOSICAO;;PLEN;"Mantido o texto. Sim: 401; Não: 34; Total: 435."
2557414-41;PDT;Sim;PLEN;"Mantido o texto. Sim: 401; Não: 34; Total: 435."
2557414-41;GOVERNO;Sim;PLEN;"Mantido o texto. Sim: 401; Não: 34; Total: 435."
2557414-41;FDRPT-PCDOB-PV;Sim;PLEN;"Mantido o texto. Sim: 401; Não: 34; Total: 435."
2557414-41;NOVO;Nao;PLEN;"Mantido o texto. Sim: 401; Não: 34; Total: 435."
2557414-41;PL;Liberado;PLEN;"Mantido o texto. Sim: 401; Não: 34; Total: 435."
2557414-32;GOVERNO;Sim;PLEN;"Aprovada a Medida Provisória nº 1.313 de 2025, na forma do Projeto de Lei de Conversão, ressalvados os destaques. Sim: 415; Não: 29; Abstenção: 2; Total: 446."
2557414-32;FDRPSOL-REDE;Sim;PLEN;"Aprovada a Medida Provisória nº 1.313 de 2025, na forma do Projeto de Lei de Conversão, ressalvados os destaques. Sim: 415; Não: 29; Abstenção: 2; Total: 446."
2557414-32;PSB;Sim;PLEN;"Aprovada a Medida Provisória nº 1.313 de 2025, na forma do Projeto de Lei de Conversão, ressalvados os destaques. Sim: 415; Não: 29; Abstenção: 2; Total: 446."
2557414-32;NOVO;Nao;PLEN;"Aprovada a Medida Provisória nº 1.313 de 2025, na forma do Projeto de Lei de Conversão, ressalvados os destaques. Sim: 415; Não: 29; Abstenção: 2; Total: 446."
2557414-32;MINORIA;Liberado;PLEN;"Aprovada a Medida Provisória nº 1.313 de 2025, na forma do Projeto de Lei de Conversão, ressalvados os destaques. Sim: 415; Não: 29; Abstenção: 2; Total: 446."
2557414-32;PL;Liberado;PLEN;"Aprovada a Medida Provisória nº 1.313 de 2025, na forma do Projeto de Lei de Conversão, ressalvados os destaques. Sim: 415; Não: 29; Abstenção: 2; Total: 446."
2557414-32;FDRPT-PCDOB-PV;Sim;PLEN;"Aprovada a Medida Provisória nº 1.313 de 2025, na forma do Projeto de Lei de Conversão, ressalvados os destaques. Sim: 415; Não: 29; Abstenção: 2; Total: 446."
2557414-32;BLAVANSOLIDPRD...;;PLEN;"Aprovada a Medida Provisória nº 1.313 de 2025, na forma do Projeto de Lei de Conversão, ressalvados os destaques. Sim: 415; Não: 29; Abstenção: 2; Total: 446."
2557414-32;BLUNIPPPSD...;Sim;PLEN;"Aprovada a Medida Provisória nº 1.313 de 2025, na forma do Projeto de Lei de Conversão, ressalvados os destaques. Sim: 415; Não: 29; Abstenção: 2; Total: 446."
2557414-32;MAIORIA;Sim;PLEN;"Aprovada a Medida Provisória nº 1.313 de 2025, na forma do Projeto de Lei de Conversão, ressalvados os destaques. Sim: 415; Não: 29; Abstenção: 2; Total: 446."
2557414-32;OPOSICAO;Liberado;PLEN;"Aprovada a Medida Provisória nº 1.313 de 2025, na forma do Projeto de Lei de Conversão, ressalvados os destaques. Sim: 415; Não: 29; Abstenção: 2; Total: 446."
2557414-32;PDT;Sim;PLEN;"Aprovada a Medida Provisória nº 1.313 de 2025, na forma do Projeto de Lei de Conversão, ressalvados os destaques. Sim: 415; Não: 29; Abstenção: 2; Total: 446."
2557414-24;NOVO;Sim;PLEN;"Rejeitado o Requerimento. Sim: 22; Não: 362; Total: 384."
2557414-24;PDT;Nao;PLEN;"Rejeitado o Requerimento. Sim: 22; Não: 362; Total: 384."
2557414-24;PL;Nao;PLEN;"Rejeitado o Requerimento. Sim: 22; Não: 362; Total: 384."
2557414-24;BLUNIPPPSD...;Nao;PLEN;"Rejeitado o Requerimento. Sim: 22; Não: 362; Total: 384."
2557414-24;PSB;Nao;PLEN;"Rejeitado o Requerimento. Sim: 22; Não: 362; Total: 384."
2557414-24;FDRPSOL-REDE;Nao;PLEN;"Rejeitado o Requerimento. Sim: 22; Não: 362; Total: 384."
2557414-24;GOVERNO;Nao;PLEN;"Rejeitado o Requerimento. Sim: 22; Não: 362; Total: 384."
2557414-24;BLAVANSOLIDPRD...;;PLEN;"Rejeitado o Requerimento. Sim: 22; Não: 362; Total: 384."
2557414-24;MAIORIA;Nao;PLEN;"Rejeitado o Requerimento. Sim: 22; Não: 362; Total: 384."
2557414-24;FDRPT-PCDOB-PV;Nao;PLEN;"Rejeitado o Requerimento. Sim: 22; Não: 362; Total: 384."
2557414-24;OPOSICAO;;PLEN;"Rejeitado o Requerimento. Sim: 22; Não: 362; Total: 384."
2557414-24;MINORIA;Nao;PLEN;"Rejeitado o Requerimento. Sim: 22; Não: 362; Total: 384."
