id_dep;uri_dep;nome;nomecivil;cpf
220593;https://dadosabertos.camara.leg.br/api/v2/deputados/220593;Abilio Brunini;ABILIO JACQUES BRUNINI MOUMER;
204379;https://dadosabertos.camara.leg.br/api/v2/deputados/204379;Acácio Favacho;ACÁCIO DA SILVA FAVACHO NETO;
220714;https://dadosabertos.camara.leg.br/api/v2/deputados/220714;Adail Filho;ADAIL JOSÉ FIGUEIREDO PINHEIRO;
221328;https://dadosabertos.camara.leg.br/api/v2/deputados/221328;Adilson Barroso;ADILSON BARROSO OLIVEIRA;
204560;https://dadosabertos.camara.leg.br/api/v2/deputados/204560;Adolfo Viana;ADOLFO VIANA DE CASTRO NETO;
204528;https://dadosabertos.camara.leg.br/api/v2/deputados/204528;Adriana Ventura;ADRIANA MIGUEL VENTURA;
121948;https://dadosabertos.camara.leg.br/api/v2/deputados/121948;Adriano do Baldy;ADRIANO ANTÔNIO AVELAR;
74646;https://dadosabertos.camara.leg.br/api/v2/deputados/74646;Aécio Neves;AÉCIO NEVES DA CUNHA;
160508;https://dadosabertos.camara.leg.br/api/v2/deputados/160508;Afonso Florence;AFONSO BANDEIRA FLORENCE;
136811;https://dadosabertos.camara.leg.br/api/v2/deputados/136811;Afonso Hamm;JOSÉ ALFONSO EBERT HAMM;
178835;https://dadosabertos.camara.leg.br/api/v2/deputados/178835;Afonso Motta;AFONSO ANTUNES DA MOTTA;
160527;https://dadosabertos.camara.leg.br/api/v2/deputados/160527;Aguinaldo Ribeiro;AGUINALDO VELLOSO BORGES RIBEIRO;
204495;https://dadosabertos.camara.leg.br/api/v2/deputados/204495;Airton Faleiro;AIRTON LUIZ FALEIRO;
204549;https://dadosabertos.camara.leg.br/api/v2/deputados/204549;AJ Albuquerque;ANTONIO JOSE AGUIAR ALBUQUERQUE;
73579;https://dadosabertos.camara.leg.br/api/v2/deputados/73579;Alberto Fraga;JOÃO ALBERTO FRAGA SILVA;
74696;https://dadosabertos.camara.leg.br/api/v2/deputados/74696;Alberto Mourão;ALBERTO PEREIRA MOURÃO;
220538;https://dadosabertos.camara.leg.br/api/v2/deputados/220538;Albuquerque;JOSÉ FRANCISCO LOPES DE ALBUQUERQUE;
160559;https://dadosabertos.camara.leg.br/api/v2/deputados/160559;Alceu Moreira;ALCEU MOREIRA DA SILVA;
204501;https://dadosabertos.camara.leg.br/api/v2/deputados/204501;Alencar Santana;ALENCAR SANTANA BRAGA;
178972;https://dadosabertos.camara.leg.br/api/v2/deputados/178972;Alex Manente;ALEX SPINELLI MANENTE;
204571;https://dadosabertos.camara.leg.br/api/v2/deputados/204571;Alex Santana;ALEX MARCO SANTANA SOUSA;
220542;https://dadosabertos.camara.leg.br/api/v2/deputados/220542;Alexandre Guimarães;JOSÉ ALEXANDRE DOMINGUES GUIMARÃES;
160545;https://dadosabertos.camara.leg.br/api/v2/deputados/160545;Alexandre Leite;ALEXANDRE LEITE DA SILVA;
220554;https://dadosabertos.camara.leg.br/api/v2/deputados/220554;Alexandre Lindenmeyer;ALEXANDRE DUARTE LINDENMEYER;
204503;https://dadosabertos.camara.leg.br/api/v2/deputados/204503;Alexandre Padilha;ALEXANDRE ROCHA SANTOS PADILHA;
221148;https://dadosabertos.camara.leg.br/api/v2/deputados/221148;Alfredinho;ALFREDO ALVES CAVALCANTE;
220576;https://dadosabertos.camara.leg.br/api/v2/deputados/220576;Alfredo Gaspar;ALFREDO GASPAR DE MENDONÇA NETO;
74057;https://dadosabertos.camara.leg.br/api/v2/deputados/74057;Alice Portugal;ALICE MAZZUCO PORTUGAL;
178927;https://dadosabertos.camara.leg.br/api/v2/deputados/178927;Aliel Machado;ALIEL MACHADO BARK;
204353;https://dadosabertos.camara.leg.br/api/v2/deputados/204353;Aline Gurgel;ALINE PARANHOS VARONIL GURGEL;
226708;https://dadosabertos.camara.leg.br/api/v2/deputados/226708;Allan Garcês;ALLAN QUADROS GARCÊS;
178937;https://dadosabertos.camara.leg.br/api/v2/deputados/178937;Altineu Côrtes;ALTINEU CÔRTES FREITAS COUTINHO;
178881;https://dadosabertos.camara.leg.br/api/v2/deputados/178881;Aluisio Mendes;ALUISIO GUIMARAES MENDES FILHO;
220596;https://dadosabertos.camara.leg.br/api/v2/deputados/220596;Amália Barros;AMÁLIA SCUDELER DE BARROS SANTOS;
220707;https://dadosabertos.camara.leg.br/api/v2/deputados/220707;Amanda Gentil;AMANDA KELLY GENTIL GUIMARÃES ROSA;
204356;https://dadosabertos.camara.leg.br/api/v2/deputados/204356;Amaro Neto;AMARO ROCHA NASCIMENTO NETO;
220715;https://dadosabertos.camara.leg.br/api/v2/deputados/220715;Amom Mandel;AMOM MANDEL LINS FILHO;
107970;https://dadosabertos.camara.leg.br/api/v2/deputados/107970;Ana Paula Leão;ANA PAULA PROCOPIO JUNQUEIRA;
220556;https://dadosabertos.camara.leg.br/api/v2/deputados/220556;Ana Paula Lima;ANA PAULA DE SOUZA LIMA;
220632;https://dadosabertos.camara.leg.br/api/v2/deputados/220632;Ana Pimentel;ANA CRISTINA DE LIMA PIMENTEL;
178831;https://dadosabertos.camara.leg.br/api/v2/deputados/178831;André Abdon;ANDRE DOS SANTOS ABDON;
220657;https://dadosabertos.camara.leg.br/api/v2/deputados/220657;André Fernandes;ANDRÉ FERNANDES DE MOURA;
204423;https://dadosabertos.camara.leg.br/api/v2/deputados/204423;André Ferreira;ANDRÉ FERREIRA RODRIGUES;
133439;https://dadosabertos.camara.leg.br/api/v2/deputados/133439;André Figueiredo;ANDRÉ PEIXOTO FIGUEIREDO LIMA;
178882;https://dadosabertos.camara.leg.br/api/v2/deputados/178882;André Fufuca;ANDRE LUIZ CARVALHO RIBEIRO;
204515;https://dadosabertos.camara.leg.br/api/v2/deputados/204515;André Janones;ANDRE LUIS GASPAR JANONES;
220676;https://dadosabertos.camara.leg.br/api/v2/deputados/220676;Andreia Siqueira;ANDREIA BRITO GONÇALVES SIQUEIRA;
123756;https://dadosabertos.camara.leg.br/api/v2/deputados/123756;Antônia Lúcia;ANTÔNIA LUCILÉIA CRUZ RAMOS CÂMARA;
220544;https://dadosabertos.camara.leg.br/api/v2/deputados/220544;Antonio Andrade;ANTONIO POINCARE ANDRADE FILHO;
160553;https://dadosabertos.camara.leg.br/api/v2/deputados/160553;Antonio Brito;ANTONIO LUIZ PARANHOS RIBEIRO LEITE DE BRITO;
220638;https://dadosabertos.camara.leg.br/api/v2/deputados/220638;Antonio Carlos Rodrigues;ANTONIO CARLOS RODRIGUES;
220675;https://dadosabertos.camara.leg.br/api/v2/deputados/220675;Antônio Doido;ANTONIO LEOCÁDIO DOS SANTOS;
220549;https://dadosabertos.camara.leg.br/api/v2/deputados/220549;Any Ortiz;ANY MACHADO ORTIZ;
73433;https://dadosabertos.camara.leg.br/api/v2/deputados/73433;Arlindo Chinaglia;ARLINDO CHIGNALIA JUNIOR;
141391;https://dadosabertos.camara.leg.br/api/v2/deputados/141391;Arnaldo Jardim;ARNALDO CALIL PEREIRA JARDIM;
160541;https://dadosabertos.camara.leg.br/api/v2/deputados/160541;Arthur Lira;ARTHUR CÉSAR PEREIRA DE LIRA;
160600;https://dadosabertos.camara.leg.br/api/v2/deputados/160600;Arthur Oliveira Maia;ARTHUR DE OLIVEIRA MAIA DA SILVA;
74090;https://dadosabertos.camara.leg.br/api/v2/deputados/74090;Átila Lins;ÁTILA SIDNEY LINS DE ALBUQUERQUE;
123086;https://dadosabertos.camara.leg.br/api/v2/deputados/123086;Átila Lira;ÁTILA DE MELO LIRA;
160665;https://dadosabertos.camara.leg.br/api/v2/deputados/160665;Augusto Coutinho;AUGUSTO RODRIGUES COUTINHO DE MELO;
220577;https://dadosabertos.camara.leg.br/api/v2/deputados/220577;Augusto Puppio;JOSÉ AUGUSTO PUPPIO REIS JÚNIOR;
160512;https://dadosabertos.camara.leg.br/api/v2/deputados/160512;Aureo Ribeiro;AUREO LIDIO MOREIRA RIBEIRO;
69871;https://dadosabertos.camara.leg.br/api/v2/deputados/69871;Bacelar;JOAO CARLOS BACELAR BATISTA;
178975;https://dadosabertos.camara.leg.br/api/v2/deputados/178975;Baleia Rossi;LUIZ FELIPE BALEIA TENUTO ROSSI;
220605;https://dadosabertos.camara.leg.br/api/v2/deputados/220605;Bandeira de Mello;EDUARDO CARVALHO BANDEIRA DE MELLO;
220612;https://dadosabertos.camara.leg.br/api/v2/deputados/220612;Bebeto;Carlos Roberto Rodrigues;
73701;https://dadosabertos.camara.leg.br/api/v2/deputados/73701;Benedita da Silva;BENEDITA SOUZA DA SILVA SAMPAIO;
109429;https://dadosabertos.camara.leg.br/api/v2/deputados/109429;Benes Leocádio;LUIZ BENES LEOCADIO DE ARAUJO;
204358;https://dadosabertos.camara.leg.br/api/v2/deputados/204358;Beto Pereira;HUMBERTO REZENDE PEREIRA;
220698;https://dadosabertos.camara.leg.br/api/v2/deputados/220698;Beto Preto;CARLOS ALBERTO GEBRIM PRETO;
220683;https://dadosabertos.camara.leg.br/api/v2/deputados/220683;Beto Richa;CARLOS ALBERTO RICHA;
204374;https://dadosabertos.camara.leg.br/api/v2/deputados/204374;Bia Kicis;BEATRIZ KICIS TORRENTS DE SORDI;
204388;https://dadosabertos.camara.leg.br/api/v2/deputados/204388;Bibo Nunes;ALCIBIO MESQUITA BIBO NUNES;
160538;https://dadosabertos.camara.leg.br/api/v2/deputados/160538;Bohn Gass;ELVINO JOSÉ BOHN GASS;
74052;https://dadosabertos.camara.leg.br/api/v2/deputados/74052;Bosco Costa;JOÃO BOSCO DA COSTA;
210989;https://dadosabertos.camara.leg.br/api/v2/deputados/210989;Bruno Farias;BRUNO SOUZA FARIAS;
220635;https://dadosabertos.camara.leg.br/api/v2/deputados/220635;Bruno Ganem;BRUNO AREVALO GANEM;
220574;https://dadosabertos.camara.leg.br/api/v2/deputados/220574;Cabo Gilberto Silva;GILBERTO GOMES DA SILVA;
143942;https://dadosabertos.camara.leg.br/api/v2/deputados/143942;Caio Vianna;CAIO SANTOS VIANNA;
220548;https://dadosabertos.camara.leg.br/api/v2/deputados/220548;Camila Jara;CAMILA BAZACHI JARA MARZOCHI;
204572;https://dadosabertos.camara.leg.br/api/v2/deputados/204572;Capitão Alberto Neto;ALBERTO BARROS CAVALCANTE NETO;
220690;https://dadosabertos.camara.leg.br/api/v2/deputados/220690;Capitão Alden;ALDEN JOSE LAZARO DA SILVA;
178829;https://dadosabertos.camara.leg.br/api/v2/deputados/178829;Capitão Augusto;JOSE AUGUSTO ROSA;
229069;https://dadosabertos.camara.leg.br/api/v2/deputados/229069;Capitão Samuel;SAMUEL ALVES BARRETO;
229106;https://dadosabertos.camara.leg.br/api/v2/deputados/229106;Carla Ayres;CARLA SIMARA LUCIANA DA SILVA AYRES;
213762;https://dadosabertos.camara.leg.br/api/v2/deputados/213762;Carla Dickson;HILKEA CARLA DE SOUZA MEDEIROS LIMA;
204507;https://dadosabertos.camara.leg.br/api/v2/deputados/204507;Carla Zambelli;CARLA ZAMBELLI SALGADO DE OLIVEIRA;
204361;https://dadosabertos.camara.leg.br/api/v2/deputados/204361;Carlos Chiodini;CARLOS ALBERTO CHIODINI;
178962;https://dadosabertos.camara.leg.br/api/v2/deputados/178962;Carlos Gomes;ANTONIO CARLOS GOMES DA SILVA;
178993;https://dadosabertos.camara.leg.br/api/v2/deputados/178993;Carlos Henrique Gaguim;CARLOS HENRIQUE AMORIM;
204460;https://dadosabertos.camara.leg.br/api/v2/deputados/204460;Carlos Jordy;Carlos Roberto Jordy Coelho de Mattos;
74262;https://dadosabertos.camara.leg.br/api/v2/deputados/74262;Carlos Sampaio;CARLOS HENRIQUE FOCESI SAMPAIO;
204426;https://dadosabertos.camara.leg.br/api/v2/deputados/204426;Carlos Veras;JOSÉ CARLOS VERAS DOS SANTOS;
141398;https://dadosabertos.camara.leg.br/api/v2/deputados/141398;Carlos Zarattini;CARLOS ALBERTO ROLIM ZARATTINI;
164360;https://dadosabertos.camara.leg.br/api/v2/deputados/164360;Carmen Zanotto;CARMEN EMÍLIA BONFÁ ZANOTTO;
220704;https://dadosabertos.camara.leg.br/api/v2/deputados/220704;Carol Dartora;ANA CAROLINA MOURA MELO DARTORA;
204369;https://dadosabertos.camara.leg.br/api/v2/deputados/204369;Caroline de Toni;CAROLINE RODRIGUES DE TONI;
220699;https://dadosabertos.camara.leg.br/api/v2/deputados/220699;Castro Neto;JOSÉ DIAS DE CASTRO NETO;
206018;https://dadosabertos.camara.leg.br/api/v2/deputados/206018;Célia Xakriabá;CÉLIA NUNES CORREA;
178876;https://dadosabertos.camara.leg.br/api/v2/deputados/178876;Célio Silveira;CELIO ANTONIO DA SILVEIRA;
204488;https://dadosabertos.camara.leg.br/api/v2/deputados/204488;Célio Studart;CELIO STUDART BARBOSA;
73441;https://dadosabertos.camara.leg.br/api/v2/deputados/73441;Celso Russomanno;CELSO UBIRAJARA RUSSOMANNO;
204496;https://dadosabertos.camara.leg.br/api/v2/deputados/204496;Celso Sabino;CELSO SABINO DE OLIVEIRA;
204504;https://dadosabertos.camara.leg.br/api/v2/deputados/204504;Cezinha de Madureira;ANTONIO CEZAR CORREIA FREIRE;
205476;https://dadosabertos.camara.leg.br/api/v2/deputados/205476;Charles Fernandes;CHARLES FERNANDES SILVEIRA SANTANA;
74171;https://dadosabertos.camara.leg.br/api/v2/deputados/74171;Chico Alencar;FRANCISCO RODRIGUES DE ALENCAR FILHO;
204476;https://dadosabertos.camara.leg.br/api/v2/deputados/204476;Chiquinho Brazão;JOÃO FRANCISCO INÁCIO BRAZÃO;
204462;https://dadosabertos.camara.leg.br/api/v2/deputados/204462;Chris Tonietto;CHRISTINE NOGUEIRA DOS REIS TONIETTO;
220665;https://dadosabertos.camara.leg.br/api/v2/deputados/220665;Clarissa Tércio;ERICA CLARISSA BORBA CORDEIRO DE MOURA;
74537;https://dadosabertos.camara.leg.br/api/v2/deputados/74537;Claudio Cajado;CLÁUDIO CAJADO SAMPAIO;
141408;https://dadosabertos.camara.leg.br/api/v2/deputados/141408;Cleber Verde;CLEBER VERDE CORDEIRO MENDES;
88256;https://dadosabertos.camara.leg.br/api/v2/deputados/88256;Clodoaldo Magalhães;CLODOALDO MAGALHÃES OLIVEIRA LYRA;
98148;https://dadosabertos.camara.leg.br/api/v2/deputados/98148;Cobalchini;VALDIR VITAL COBALCHINI;
204376;https://dadosabertos.camara.leg.br/api/v2/deputados/204376;Coronel Armando;LUIZ ARMANDO SCHROEDER REIS;
220594;https://dadosabertos.camara.leg.br/api/v2/deputados/220594;Coronel Assis;JONILDO JOSÉ DE ASSIS;
204378;https://dadosabertos.camara.leg.br/api/v2/deputados/204378;Coronel Chrisóstomo;JOÃO CHRISÓSTOMO DE MOURA;
220595;https://dadosabertos.camara.leg.br/api/v2/deputados/220595;Coronel Fernanda;RUBIA FERNANDA DINIZ ROBSON SANTOS DE SIQUEIRA;
220666;https://dadosabertos.camara.leg.br/api/v2/deputados/220666;Coronel Meira;LUIZ DE FRANÇA E SILVA MEIRA;
204514;https://dadosabertos.camara.leg.br/api/v2/deputados/204514;Coronel Tadeu;MARCIO TADEU ANHAIA DE LEMOS;
222142;https://dadosabertos.camara.leg.br/api/v2/deputados/222142;Coronel Telhada;PAULO ADRIANO LOPES LUCINDA TELHADA;
220590;https://dadosabertos.camara.leg.br/api/v2/deputados/220590;Coronel Ulysses;ULYSSES FREITAS PEREIRA DE ARAÚJO;
178963;https://dadosabertos.camara.leg.br/api/v2/deputados/178963;Covatti Filho;LUIS ANTONIO FRANCISCATTO COVATTI;
220608;https://dadosabertos.camara.leg.br/api/v2/deputados/220608;Cristiane Lopes;CRISTIANE LOPES DA LUZ;
234840;https://dadosabertos.camara.leg.br/api/v2/deputados/234840;Cristiano Furlan;CRISTIANO BEVILACQUA FURLAN;
204355;https://dadosabertos.camara.leg.br/api/v2/deputados/204355;Da Vitoria;JOSIAS MARIO DA VITORIA;
141411;https://dadosabertos.camara.leg.br/api/v2/deputados/141411;Dagoberto Nogueira;DAGOBERTO NOGUEIRA FILHO;
220555;https://dadosabertos.camara.leg.br/api/v2/deputados/220555;Daiana Santos;DAIANA SILVA DOS SANTOS;
220692;https://dadosabertos.camara.leg.br/api/v2/deputados/220692;Dal Barreto;ADALBERTO ROSA BARRETO;
74467;https://dadosabertos.camara.leg.br/api/v2/deputados/74467;Damião Feliciano;DAMIÃO FELICIANO DA SILVA;
220629;https://dadosabertos.camara.leg.br/api/v2/deputados/220629;Dandara;DANDARA TONANTZIN SILVA CASTRO;
220603;https://dadosabertos.camara.leg.br/api/v2/deputados/220603;Dani Cunha;DANIELLE DYTZ DA CUNHA;
220571;https://dadosabertos.camara.leg.br/api/v2/deputados/220571;Daniel Agrobom;DANIEL VIEIRA RAMOS;
74060;https://dadosabertos.camara.leg.br/api/v2/deputados/74060;Daniel Almeida;DANIEL GOMES DE ALMEIDA;
220582;https://dadosabertos.camara.leg.br/api/v2/deputados/220582;Daniel Barbosa;DANIEL BARBOSA DE ALMEIDA SILVA;
204367;https://dadosabertos.camara.leg.br/api/v2/deputados/204367;Daniel Freitas;DANIEL COSTA DE FREITAS;
228941;https://dadosabertos.camara.leg.br/api/v2/deputados/228941;Daniel José;DANIEL JOSÉ DA SILVA OLIVEIRA;
204409;https://dadosabertos.camara.leg.br/api/v2/deputados/204409;Daniel Trzeciak;DANIEL TRZECIAK DUARTE;
204459;https://dadosabertos.camara.leg.br/api/v2/deputados/204459;Daniela do Waguinho;DANIELA MOTE DE SOUZA CARNEIRO;
220557;https://dadosabertos.camara.leg.br/api/v2/deputados/220557;Daniela Reinehr;DANIELA CRISTINA REINEHR;
62881;https://dadosabertos.camara.leg.br/api/v2/deputados/62881;Danilo Forte;FRANCISCO DANILO BASTOS FORTE;
160552;https://dadosabertos.camara.leg.br/api/v2/deputados/160552;Danrlei de Deus Hinterholz;DANRLEI DE DEUS HINTERHOLZ;
116379;https://dadosabertos.camara.leg.br/api/v2/deputados/116379;Darci de Matos;DARCI DE MATOS;
204511;https://dadosabertos.camara.leg.br/api/v2/deputados/204511;David Soares;DAVID BEZERRA RIBEIRO SOARES;
220659;https://dadosabertos.camara.leg.br/api/v2/deputados/220659;Dayany Bittencourt;DAYANY BITTENCOURT SANTIL;
220539;https://dadosabertos.camara.leg.br/api/v2/deputados/220539;Defensor Stélio Dener;STÉLIO DENER DE SOUZA CRUZ;
220565;https://dadosabertos.camara.leg.br/api/v2/deputados/220565;Delegada Adriana Accorsi;ADRIANA SAUTHIER ACCORSI;
220625;https://dadosabertos.camara.leg.br/api/v2/deputados/220625;Delegada Ione;IONE MARIA MOREIRA DIAS BARBOSA;
220561;https://dadosabertos.camara.leg.br/api/v2/deputados/220561;Delegada Katarina;KATARINA FEITOZA LIMA SANTANA;
220642;https://dadosabertos.camara.leg.br/api/v2/deputados/220642;Delegado Bruno Lima;BRUNO MARCELLO DE OLIVEIRA LIMA;
220673;https://dadosabertos.camara.leg.br/api/v2/deputados/220673;Delegado Caveira;LENILDO MENDES DOS SANTOS SERTÃO;
220649;https://dadosabertos.camara.leg.br/api/v2/deputados/220649;Delegado da Cunha;CARLOS ALBERTO DA CUNHA;
178908;https://dadosabertos.camara.leg.br/api/v2/deputados/178908;Delegado Éder Mauro;EDER MAURO CARDOSO BARRA;
220583;https://dadosabertos.camara.leg.br/api/v2/deputados/220583;Delegado Fabio Costa;FABIO MICHEY COSTA DA SILVA;
204512;https://dadosabertos.camara.leg.br/api/v2/deputados/204512;Delegado Marcelo Freitas;MARCELO EDUARDO FREITAS;
220701;https://dadosabertos.camara.leg.br/api/v2/deputados/220701;Delegado Matheus Laiola;MATHEUS ARAUJO LAIOLA;
220652;https://dadosabertos.camara.leg.br/api/v2/deputados/220652;Delegado Palumbo;MARIO PALUMBO JUNIOR;
220654;https://dadosabertos.camara.leg.br/api/v2/deputados/220654;Delegado Paulo Bilynskyj;PAULO FRANCISCO MUNIZ BILYNSKYJ;
220619;https://dadosabertos.camara.leg.br/api/v2/deputados/220619;Delegado Ramagem;ALEXANDRE RAMAGEM RODRIGUES;
228272;https://dadosabertos.camara.leg.br/api/v2/deputados/228272;Délio Pinheiro;DELIO PINHEIRO NETO;
220705;https://dadosabertos.camara.leg.br/api/v2/deputados/220705;Deltan Dallagnol;DELTAN MARTINAZZO DALLAGNOL;
220553;https://dadosabertos.camara.leg.br/api/v2/deputados/220553;Denise Pessôa;DENISE DA SILVA PESSÔA;
220689;https://dadosabertos.camara.leg.br/api/v2/deputados/220689;Detinha;MARIA DEUSDETE LIMA CUNHA RODRIGUES;
160588;https://dadosabertos.camara.leg.br/api/v2/deputados/160588;Diego Andrade;DIEGO LEONARDO DE ANDRADE CARVALHO;
220691;https://dadosabertos.camara.leg.br/api/v2/deputados/220691;Diego Coronel;DIEGO HENRIQUE SILVA CERQUEIRA MARTINS;
178929;https://dadosabertos.camara.leg.br/api/v2/deputados/178929;Diego Garcia;DIEGO ALEXSANDER GONCALO PAULA GARCIA;
73768;https://dadosabertos.camara.leg.br/api/v2/deputados/73768;Dilceu Sperafico;DILCEU JOÃO SPERAFICO;
220671;https://dadosabertos.camara.leg.br/api/v2/deputados/220671;Dilvanda Faro;DILVANDA FURTADO FARO;
160599;https://dadosabertos.camara.leg.br/api/v2/deputados/160599;Dimas Fabiano;DIMAS FABIANO TOLEDO JÚNIOR;
220602;https://dadosabertos.camara.leg.br/api/v2/deputados/220602;Dimas Gadelha;DIMAS DE PAIVA GADELHA JUNIOR;
143632;https://dadosabertos.camara.leg.br/api/v2/deputados/143632;Domingos Neto;DOMINGOS GOMES DE AGUIAR NETO;
160758;https://dadosabertos.camara.leg.br/api/v2/deputados/160758;Domingos Sávio;DOMINGOS SÁVIO CAMPOS RESENDE;
220573;https://dadosabertos.camara.leg.br/api/v2/deputados/220573;Dorinaldo Malafaia;DORINALDO BARBOSA MALAFAIA;
227433;https://dadosabertos.camara.leg.br/api/v2/deputados/227433;Douglas Viegas;DOUGLAS DE PAULO VIEGAS;
204450;https://dadosabertos.camara.leg.br/api/v2/deputados/204450;Doutor Luizinho;LUIZ ANTONIO DE SOUZA TEIXEIRA JÚNIOR;
227401;https://dadosabertos.camara.leg.br/api/v2/deputados/227401;Dr Fabio Rueda;FABIO GONÇALVES DE RUEDA;
227991;https://dadosabertos.camara.leg.br/api/v2/deputados/227991;Dr Flávio;FLAVIO CAMPOS FERREIRA;
221339;https://dadosabertos.camara.leg.br/api/v2/deputados/221339;Dr. Benjamim;BENJAMIM DE OLIVEIRA;
220614;https://dadosabertos.camara.leg.br/api/v2/deputados/220614;Dr. Daniel Soranz;DANIEL RICARDO SORANZ PINTO;
220610;https://dadosabertos.camara.leg.br/api/v2/deputados/220610;Dr. Fernando Máximo;FERNANDO RODRIGUES MÁXIMO;
220688;https://dadosabertos.camara.leg.br/api/v2/deputados/220688;Dr. Francisco;FRANCISCO DE ASSIS DE OLIVEIRA COSTA;
204518;https://dadosabertos.camara.leg.br/api/v2/deputados/204518;Dr. Frederico;FREDERICO DE CASTRO ESCALEIRA;
212625;https://dadosabertos.camara.leg.br/api/v2/deputados/212625;Dr. Gonçalo;ANTONIO ELIZABETH GONÇALO DE SOUSA;
220570;https://dadosabertos.camara.leg.br/api/v2/deputados/220570;Dr. Ismael Alexandrino;ISMAEL ALEXANDRINO JUNIOR;
204481;https://dadosabertos.camara.leg.br/api/v2/deputados/204481;Dr. Jaziel;JAZIEL PEREIRA DE SOUSA;
204351;https://dadosabertos.camara.leg.br/api/v2/deputados/204351;Dr. Luiz Ovando;LUIZ ALBERTO OVANDO;
228616;https://dadosabertos.camara.leg.br/api/v2/deputados/228616;Dr. Remy Soares;REMY ALVES SOARES FILHO;
220528;https://dadosabertos.camara.leg.br/api/v2/deputados/220528;Dr. Victor Linhalis;VICTOR GAROZI LINHALIS;
204412;https://dadosabertos.camara.leg.br/api/v2/deputados/204412;Dr. Zacharias Calil;ZACARIAS CALIL HAMU;
220674;https://dadosabertos.camara.leg.br/api/v2/deputados/220674;Dra. Alessandra Haber;ALESSANDRA HABER CARVALHO SANTOS;
230088;https://dadosabertos.camara.leg.br/api/v2/deputados/230088;Dra. Mayra Pinheiro;MAYRA ISABEL CORREIA PINHEIRO;
227800;https://dadosabertos.camara.leg.br/api/v2/deputados/227800;Duarte Gonçalves Jr;DUARTE EUSTÁQUIO GONÇALVES JUNIOR;
220686;https://dadosabertos.camara.leg.br/api/v2/deputados/220686;Duarte Jr.;HILDELIS SILVA DUARTE JUNIOR;
220540;https://dadosabertos.camara.leg.br/api/v2/deputados/220540;Duda Ramos;DUDA BRITO RAMOS;
220623;https://dadosabertos.camara.leg.br/api/v2/deputados/220623;Duda Salabert;DUDA SALABERT ROSA;
204541;https://dadosabertos.camara.leg.br/api/v2/deputados/204541;Eduardo Bismarck;EDUARDO HENRIQUE MAIA BISMARCK;
92346;https://dadosabertos.camara.leg.br/api/v2/deputados/92346;Eduardo Bolsonaro;EDUARDO NANTES BOLSONARO;
141421;https://dadosabertos.camara.leg.br/api/v2/deputados/141421;Eduardo da Fonte;EDUARDO HENRIQUE DA FONTE DE ALBUQUERQUE SILVA;
220589;https://dadosabertos.camara.leg.br/api/v2/deputados/220589;Eduardo Velloso;EDUARDO OVÍDIO BORGES DE VELLOSO VIANNA;
74075;https://dadosabertos.camara.leg.br/api/v2/deputados/74075;Elcione Barbalho;ELCIONE THEREZINHA ZAHLUTH BARBALHO;
204364;https://dadosabertos.camara.leg.br/api/v2/deputados/204364;Eli Borges;ELI DIAS BORGES;
226553;https://dadosabertos.camara.leg.br/api/v2/deputados/226553;Eliane Braz;FRANCISCA ELIANE BRAZ DE CARVALHO;
229585;https://dadosabertos.camara.leg.br/api/v2/deputados/229585;Elisangela Araujo;ELISANGELA DOS SANTOS ARAUJO;
220008;https://dadosabertos.camara.leg.br/api/v2/deputados/220008;Eliza Virgínia;ELIZA VIRGINIA DE SOUZA FERNANDES;
234406;https://dadosabertos.camara.leg.br/api/v2/deputados/234406;Elmano Férrer;ELMANO FÉRRER DE ALMEIDA;
178854;https://dadosabertos.camara.leg.br/api/v2/deputados/178854;Elmar Nascimento;ELMAR JOSE VIEIRA NASCIMENTO;
218086;https://dadosabertos.camara.leg.br/api/v2/deputados/218086;Ely Santos;ELIANE DE SOUSA ALVES;
198783;https://dadosabertos.camara.leg.br/api/v2/deputados/198783;Emanuel Pinheiro Neto;EMANUEL PINHEIRO DA SILVA PRIMO;
161550;https://dadosabertos.camara.leg.br/api/v2/deputados/161550;Emidinho Madeira;EMIDIO ALVES MADEIRA JUNIOR;
225730;https://dadosabertos.camara.leg.br/api/v2/deputados/225730;Enfermeira Ana Paula;ANA PAULA BRANDÃO DA SILVA FARIAS;
230765;https://dadosabertos.camara.leg.br/api/v2/deputados/230765;Enfermeira Rejane;REJANE DE ALMEIDA;
132504;https://dadosabertos.camara.leg.br/api/v2/deputados/132504;Enio Verri;ENIO JOSÉ VERRI;
220663;https://dadosabertos.camara.leg.br/api/v2/deputados/220663;Eriberto Medeiros;JOSÉ ERIBERTO MEDEIROS DE OLIVEIRA;
220645;https://dadosabertos.camara.leg.br/api/v2/deputados/220645;Erika Hilton;ERIKA SANTOS SILVA;
160575;https://dadosabertos.camara.leg.br/api/v2/deputados/160575;Erika Kokay;ÉRIKA JUCÁ KOKAY;
160640;https://dadosabertos.camara.leg.br/api/v2/deputados/160640;Eros Biondini;EROS FERREIRA BIONDINI;
204482;https://dadosabertos.camara.leg.br/api/v2/deputados/204482;Euclydes Pettersen;EUCLYDES MARCOS PETTERSEN NETO;
74454;https://dadosabertos.camara.leg.br/api/v2/deputados/74454;Eunício Oliveira;EUNÍCIO LOPES DE OLIVEIRA;
178871;https://dadosabertos.camara.leg.br/api/v2/deputados/178871;Evair Vieira de Melo;EVAIR VIEIRA DE MELO;
234388;https://dadosabertos.camara.leg.br/api/v2/deputados/234388;Fabiano Cazeca;FABIANO LOPES FERREIRA CAZECA;
178905;https://dadosabertos.camara.leg.br/api/v2/deputados/178905;Fabio Garcia;FABIO PAULINO GARCIA;
68720;https://dadosabertos.camara.leg.br/api/v2/deputados/68720;Fábio Henrique;FABIO HENRIQUE SANTANA DE CARVALHO;
220681;https://dadosabertos.camara.leg.br/api/v2/deputados/220681;Fábio Macedo;FÁBIO HENRIQUE DIAS DE MACEDO;
171623;https://dadosabertos.camara.leg.br/api/v2/deputados/171623;Fabio Reis;FABIO DE ALMEIDA REIS;
204368;https://dadosabertos.camara.leg.br/api/v2/deputados/204368;Fabio Schiochet;FÁBIO LUIZ SCHIOCHET FILHO;
220653;https://dadosabertos.camara.leg.br/api/v2/deputados/220653;Fábio Teruel;Fábio Eduardo de Oliveira Teruel;
74065;https://dadosabertos.camara.leg.br/api/v2/deputados/74065;Fatima Pelaes;FÁTIMA LÚCIA PELAES;
220712;https://dadosabertos.camara.leg.br/api/v2/deputados/220712;Fausto Jr.;FAUSTO VIEIRA DOS SANTOS JUNIOR;
66828;https://dadosabertos.camara.leg.br/api/v2/deputados/66828;Fausto Pinato;FAUSTO RUY PINATO;
220646;https://dadosabertos.camara.leg.br/api/v2/deputados/220646;Felipe Becari;FELIPE BECARI COMENALE;
72442;https://dadosabertos.camara.leg.br/api/v2/deputados/72442;Felipe Carreras;FELIPE AUGUSTO LYRA CARRERAS;
204398;https://dadosabertos.camara.leg.br/api/v2/deputados/204398;Felipe Francischini;LUIS FELIPE BONATTO FRANCISCHINI;
227370;https://dadosabertos.camara.leg.br/api/v2/deputados/227370;Felipe Saliba;FELIPE MAURÍCIO SALIBA DE SOUZA;
160666;https://dadosabertos.camara.leg.br/api/v2/deputados/160666;Félix Mendonça Júnior;FELIX DE ALMEIDA MENDONÇA JÚNIOR;
204407;https://dadosabertos.camara.leg.br/api/v2/deputados/204407;Fernanda Melchionna;FERNANDA MELCHIONNA E SILVA;
220656;https://dadosabertos.camara.leg.br/api/v2/deputados/220656;Fernanda Pessoa;FERNANDA ENEIDA PESSOA CARACAS DE SOUZA;
141431;https://dadosabertos.camara.leg.br/api/v2/deputados/141431;Fernando Coelho Filho;FERNANDO BEZERRA DE SOUZA COELHO FILHO;
204445;https://dadosabertos.camara.leg.br/api/v2/deputados/204445;Fernando Mineiro;FERNANDO WANDERLEY VARGAS DA SILVA;
92699;https://dadosabertos.camara.leg.br/api/v2/deputados/92699;Fernando Monteiro;FERNANDO MONTEIRO DE ALBUQUERQUE;
204427;https://dadosabertos.camara.leg.br/api/v2/deputados/204427;Fernando Rodolfo;FERNANDO RODOLFO TENORIO DE VASCONCELOS;
204411;https://dadosabertos.camara.leg.br/api/v2/deputados/204411;Filipe Barros;FILIPE BARROS BAPTISTA DE TOLEDO RIBEIRO;
220545;https://dadosabertos.camara.leg.br/api/v2/deputados/220545;Filipe Martins;FILIPE MARTINS DOS SANTOS;
160598;https://dadosabertos.camara.leg.br/api/v2/deputados/160598;Flávia Morais;FLÁVIA CARREIRO ALBUQUERQUE MORAIS;
225727;https://dadosabertos.camara.leg.br/api/v2/deputados/225727;Flavinha;ANA FLÁVIA RODRIGUES RAMIRO;
191923;https://dadosabertos.camara.leg.br/api/v2/deputados/191923;Flávio Nogueira;FLÁVIO RODRIGUES NOGUEIRA;
220700;https://dadosabertos.camara.leg.br/api/v2/deputados/220700;Florentino Neto;FLORENTINO ALVES VERAS NETO;
220551;https://dadosabertos.camara.leg.br/api/v2/deputados/220551;Franciane Bayer;FRANCIANE ABADE BAYER MULLER;
204494;https://dadosabertos.camara.leg.br/api/v2/deputados/204494;Fred Costa;FREDERICO BORGES DA COSTA;
220534;https://dadosabertos.camara.leg.br/api/v2/deputados/220534;Fred Linhares;DAVYS FREDERICO TEIXEIRA LINHARES;
224117;https://dadosabertos.camara.leg.br/api/v2/deputados/224117;Gabriel Mota;GABRIEL MOTA E SILVA;
220708;https://dadosabertos.camara.leg.br/api/v2/deputados/220708;Gabriel Nunes;GABRIEL JOSE MOURA NUNES SOARES;
204473;https://dadosabertos.camara.leg.br/api/v2/deputados/204473;General Girão;ELIÉSER GIRÃO MONTEIRO FILHO;
220611;https://dadosabertos.camara.leg.br/api/v2/deputados/220611;General Pazuello;EDUARDO PAZUELLO;
178966;https://dadosabertos.camara.leg.br/api/v2/deputados/178966;Geovania de Sá;Geovânia de Sá;
220702;https://dadosabertos.camara.leg.br/api/v2/deputados/220702;Geraldo Mendes;GERALDO GABRIEL MENDES;
74374;https://dadosabertos.camara.leg.br/api/v2/deputados/74374;Geraldo Resende;GERALDO RESENDE PEREIRA;
220587;https://dadosabertos.camara.leg.br/api/v2/deputados/220587;Gerlen Diniz;GEHLEN DINIZ ANDRADE;
204394;https://dadosabertos.camara.leg.br/api/v2/deputados/204394;Gervásio Maia;GERVÁSIO AGRIPINO MAIA;
74383;https://dadosabertos.camara.leg.br/api/v2/deputados/74383;Giacobo;FERNANDO LÚCIO GIACOBO;
204491;https://dadosabertos.camara.leg.br/api/v2/deputados/204491;Gilberto Abramo;GILBERTO APARECIDO ABRAMO;
74270;https://dadosabertos.camara.leg.br/api/v2/deputados/74270;Gilberto Nascimento;GILBERTO NASCIMENTO SILVA;
220529;https://dadosabertos.camara.leg.br/api/v2/deputados/220529;Gilson Daniel;GILSON DANIEL BATISTA;
204365;https://dadosabertos.camara.leg.br/api/v2/deputados/204365;Gilson Marques;GILSON MARQUES VIEIRA;
220526;https://dadosabertos.camara.leg.br/api/v2/deputados/220526;Gilvan da Federal;GILVAN AGUIAR COSTA;
220531;https://dadosabertos.camara.leg.br/api/v2/deputados/220531;Gilvan Maximo;GILVAM MAXIMO;
160673;https://dadosabertos.camara.leg.br/api/v2/deputados/160673;Giovani Cherini;GIOVANI CHERINI;
226179;https://dadosabertos.camara.leg.br/api/v2/deputados/226179;Gisela Simona;GISELA SIMONA VIANA DE SOUZA;
152605;https://dadosabertos.camara.leg.br/api/v2/deputados/152605;Glauber Braga;GLAUBER DE MEDEIROS BRAGA;
229333;https://dadosabertos.camara.leg.br/api/v2/deputados/229333;Gláucia Santiago;GLÁUCIA MARIA SANTIAGO RODRIGUES;
204419;https://dadosabertos.camara.leg.br/api/v2/deputados/204419;Glaustin da Fokus;GLAUSKSTON BATISTA RIOS;
107283;https://dadosabertos.camara.leg.br/api/v2/deputados/107283;Gleisi Hoffmann;GLEISI HELENA HOFFMANN;
129618;https://dadosabertos.camara.leg.br/api/v2/deputados/129618;Gorete Pereira;MARIA GORETE PEREIRA;
198197;https://dadosabertos.camara.leg.br/api/v2/deputados/198197;Greyce Elias;GREYCE DE QUEIROZ ELIAS;
220639;https://dadosabertos.camara.leg.br/api/v2/deputados/220639;Guilherme Boulos;GUILHERME CASTRO BOULOS;
204531;https://dadosabertos.camara.leg.br/api/v2/deputados/204531;Guilherme Derrite;GUILHERME MURARO DERRITE;
220664;https://dadosabertos.camara.leg.br/api/v2/deputados/220664;Guilherme Uchoa;GUILHERME A. UCHOA CAVALCANTI PESSOA DE MELO JUNIOR;
220568;https://dadosabertos.camara.leg.br/api/v2/deputados/220568;Gustavo Gayer;GUSTAVO GAYER MACHADO DE ARAUJO;
204408;https://dadosabertos.camara.leg.br/api/v2/deputados/204408;Gustinho Ribeiro;LUIZ AUGUSTO CARVALHO RIBEIRO FILHO;
204456;https://dadosabertos.camara.leg.br/api/v2/deputados/204456;Gutemberg Reis;GUTEMBERG REIS DE OLIVEIRA;
178964;https://dadosabertos.camara.leg.br/api/v2/deputados/178964;Heitor Schuch;HEITOR JOSE SCHUCH;
178873;https://dadosabertos.camara.leg.br/api/v2/deputados/178873;Helder Salomão;HELDER IGNACIO SALOMAO;
220537;https://dadosabertos.camara.leg.br/api/v2/deputados/220537;Helena Lima;MARIA HELENA TEIXEIRA LIMA;
178909;https://dadosabertos.camara.leg.br/api/v2/deputados/178909;Hélio Leite;HELIO LEITE DA SILVA;
204444;https://dadosabertos.camara.leg.br/api/v2/deputados/204444;Helio Lopes;HELIO FERNANDO BARBOSA LOPES;
234788;https://dadosabertos.camara.leg.br/api/v2/deputados/234788;Heloísa Helena;HELOÍSA HELENA LIMA DE MORAES CARVALHO;
220672;https://dadosabertos.camara.leg.br/api/v2/deputados/220672;Henderson Pinto;HENDERSON LIRA PINTO;
227324;https://dadosabertos.camara.leg.br/api/v2/deputados/227324;Henrique Júnior;HENRIQUE CESAR FERREIRA DE MELO LIMA JUNIOR;
204539;https://dadosabertos.camara.leg.br/api/v2/deputados/204539;Hercílio Coelho Diniz;HERCÍLIO ARAÚJO DINIZ FILHO;
100689;https://dadosabertos.camara.leg.br/api/v2/deputados/100689;Hildo do Candango;OSMARILDO ALVES DE SOUSA;
178884;https://dadosabertos.camara.leg.br/api/v2/deputados/178884;Hildo Rocha;HILDO AUGUSTO DA ROCHA NETO;
141450;https://dadosabertos.camara.leg.br/api/v2/deputados/141450;Hugo Leal;HUGO LEAL MELO DA SILVA;
160674;https://dadosabertos.camara.leg.br/api/v2/deputados/160674;Hugo Motta;HUGO MOTTA WANDERLEY DA NÓBREGA;
220563;https://dadosabertos.camara.leg.br/api/v2/deputados/220563;Icaro de Valmir;ICARO BARBOSA COSTA;
204533;https://dadosabertos.camara.leg.br/api/v2/deputados/204533;Idilvan Alencar;ANTONIO IDILVAN DE LIMA ALENCAR;
204508;https://dadosabertos.camara.leg.br/api/v2/deputados/204508;Igor Timo;IGOR TARCIANO TIMO;
235620;https://dadosabertos.camara.leg.br/api/v2/deputados/235620;Ilacir Bicalho;ILACIR BICALHO DE BARROS;
74295;https://dadosabertos.camara.leg.br/api/v2/deputados/74295;Inácio Arruda;INÁCIO FRANCISCO DE ASSIS NUNES ARRUDA;
98615;https://dadosabertos.camara.leg.br/api/v2/deputados/98615;Ismael;ISMAEL DOS SANTOS;
204436;https://dadosabertos.camara.leg.br/api/v2/deputados/204436;Isnaldo Bulhões Jr.;ISNALDO BULHOES BARROS JUNIOR;
225846;https://dadosabertos.camara.leg.br/api/v2/deputados/225846;Itamar Paim;ITAMAR PAIM PRUCH;
230764;https://dadosabertos.camara.leg.br/api/v2/deputados/230764;Ivan Junior;MAURO IVAN F. SANTIAGO JR;
73531;https://dadosabertos.camara.leg.br/api/v2/deputados/73531;Ivan Valente;IVAN VALENTE;
220696;https://dadosabertos.camara.leg.br/api/v2/deputados/220696;Ivoneide Caetano;IVONEIDE SOUZA CAETANO;
220670;https://dadosabertos.camara.leg.br/api/v2/deputados/220670;Iza Arruda;IZA PAULA DE DEUS E MELLO ALBUQUERQUE ARRUDA;
220527;https://dadosabertos.camara.leg.br/api/v2/deputados/220527;Jack Rocha;JACKELINE OLIVEIRA ROCHA;
220697;https://dadosabertos.camara.leg.br/api/v2/deputados/220697;Jadyel Alencar;JADYEL SILVA ALENCAR;
74848;https://dadosabertos.camara.leg.br/api/v2/deputados/74848;Jandira Feghali;JANDIRA FEGHALI;
220567;https://dadosabertos.camara.leg.br/api/v2/deputados/220567;Jeferson Rodrigues;JEFERSON RODRIGUES LEMOS;
74273;https://dadosabertos.camara.leg.br/api/v2/deputados/74273;Jefferson Campos;JEFFERSON ALVES DE CAMPOS;
160531;https://dadosabertos.camara.leg.br/api/v2/deputados/160531;Jhonatan de Jesus;JOHNATHAN PEREIRA DE JESUS;
141456;https://dadosabertos.camara.leg.br/api/v2/deputados/141456;Jilmar Tatto;JILMAR AUGUSTINHO TATTO;
235869;https://dadosabertos.camara.leg.br/api/v2/deputados/235869;João Carlos;JOÃO CARLOS DOS SANTOS MELLO;
141458;https://dadosabertos.camara.leg.br/api/v2/deputados/141458;João Carlos Bacelar;JOÃO CARLOS PAOLILO BACELAR FILHO;
230957;https://dadosabertos.camara.leg.br/api/v2/deputados/230957;João Cury;João Cury Neto;
178970;https://dadosabertos.camara.leg.br/api/v2/deputados/178970;João Daniel;JOAO SOMARIVA DANIEL;
74550;https://dadosabertos.camara.leg.br/api/v2/deputados/74550;João Leão;JOÃO FELIPE DE SOUZA LEÃO;
141459;https://dadosabertos.camara.leg.br/api/v2/deputados/141459;João Maia;JOÃO DA SILVA MAIA;
178910;https://dadosabertos.camara.leg.br/api/v2/deputados/178910;Joaquim Passarinho;JOAQUIM PASSARINHO PINTO DE SOUZA PORTO;
160548;https://dadosabertos.camara.leg.br/api/v2/deputados/160548;Jonas Donizette;JONAS DONIZETTE FERREIRA;
217480;https://dadosabertos.camara.leg.br/api/v2/deputados/217480;Jones Moura;JONES BARBOSA DE MOURA;
235800;https://dadosabertos.camara.leg.br/api/v2/deputados/235800;Jorge Araújo;JORGE SILVA DE ARAÚJO;
205550;https://dadosabertos.camara.leg.br/api/v2/deputados/205550;Jorge Braz;JORGE BRAZ DE OLIVEIRA;
214694;https://dadosabertos.camara.leg.br/api/v2/deputados/214694;Jorge Goetten;JORGE GOETTEN DE LIMA;
178857;https://dadosabertos.camara.leg.br/api/v2/deputados/178857;Jorge Solla;JORGE JOSE SANTOS PEREIRA SOLLA;
141464;https://dadosabertos.camara.leg.br/api/v2/deputados/141464;José Airton Félix Cirilo;JOSÉ AIRTON FÉLIX CIRILO DA SILVA;
141470;https://dadosabertos.camara.leg.br/api/v2/deputados/141470;José Guimarães;JOSÉ NOBRE GUIMARÃES;
204472;https://dadosabertos.camara.leg.br/api/v2/deputados/204472;José Medeiros;JOSE ANTONIO DOS SANTOS MEDEIROS;
204391;https://dadosabertos.camara.leg.br/api/v2/deputados/204391;José Nelto;JOSÉ NELTO LAGARES DAS MERCEZ;
74079;https://dadosabertos.camara.leg.br/api/v2/deputados/74079;José Priante;JOSÉ BENITO PRIANTE JÚNIOR;
74554;https://dadosabertos.camara.leg.br/api/v2/deputados/74554;José Rocha;JOSÉ ALVES ROCHA;
209189;https://dadosabertos.camara.leg.br/api/v2/deputados/209189;Joseildo Ramos;JOSEILDO RIBEIRO RAMOS;
220578;https://dadosabertos.camara.leg.br/api/v2/deputados/220578;Josenildo;JOSENILDO SANTOS ABRANTES;
74141;https://dadosabertos.camara.leg.br/api/v2/deputados/74141;Josias Gomes;JOSIAS GOMES DA SILVA;
204563;https://dadosabertos.camara.leg.br/api/v2/deputados/204563;Josimar Maranhãozinho;JOSIMAR CUNHA RODRIGUES;
215043;https://dadosabertos.camara.leg.br/api/v2/deputados/215043;Josivaldo JP;JOSIVALDO DOS SANTOS MELO;
204474;https://dadosabertos.camara.leg.br/api/v2/deputados/204474;Juarez Costa;JUAREZ ALVES DA COSTA;
220559;https://dadosabertos.camara.leg.br/api/v2/deputados/220559;Julia Zanatta;JULIA PEDROSO ZANATTA;
220640;https://dadosabertos.camara.leg.br/api/v2/deputados/220640;Juliana Cardoso;JULIANA CARDOSO;
228837;https://dadosabertos.camara.leg.br/api/v2/deputados/228837;Juliana Kolankiewicz;JULIANA ROSA DE SOUZA KOLANKIEWICZ;
66385;https://dadosabertos.camara.leg.br/api/v2/deputados/66385;Julio Arcoverde;JULIO FERRAZ ARCOVERDE;
74317;https://dadosabertos.camara.leg.br/api/v2/deputados/74317;Júlio Cesar;JÚLIO CÉSAR DE CARVALHO LIMA;
204372;https://dadosabertos.camara.leg.br/api/v2/deputados/204372;Julio Cesar Ribeiro;JULIO CESAR RIBEIRO;
74253;https://dadosabertos.camara.leg.br/api/v2/deputados/74253;Julio Lopes;JULIO LUIZ BAPTISTA LOPES;
228797;https://dadosabertos.camara.leg.br/api/v2/deputados/228797;Júlio Oliveira;JÚLIO DA SILVA OLIVEIRA;
204457;https://dadosabertos.camara.leg.br/api/v2/deputados/204457;Juninho do Pneu;ROGERIO TEIXEIRA JUNIOR;
204520;https://dadosabertos.camara.leg.br/api/v2/deputados/204520;Junio Amaral;GERALDO JUNIO DO AMARAL;
204497;https://dadosabertos.camara.leg.br/api/v2/deputados/204497;Júnior Ferrari;JOÃO FERRARI JÚNIOR;
204574;https://dadosabertos.camara.leg.br/api/v2/deputados/204574;Junior Lourenço;JOSE LOURENÇO BOMFIM JUNIOR;
204550;https://dadosabertos.camara.leg.br/api/v2/deputados/204550;Júnior Mano;ANTÔNIO LUIZ RODRIGUES MANO JÚNIOR;
178886;https://dadosabertos.camara.leg.br/api/v2/deputados/178886;Juscelino Filho;JOSE JUSCELINO DOS SANTOS REZENDE FILHO;
208297;https://dadosabertos.camara.leg.br/api/v2/deputados/208297;Katia Dias;KATIA REGINA OLIVEIRA DIAS;
220677;https://dadosabertos.camara.leg.br/api/v2/deputados/220677;Keniston Braga;KENISTON DE JESUS REGO BRAGA;
162067;https://dadosabertos.camara.leg.br/api/v2/deputados/162067;Kiko Celeguim;FRANCISCO DANIEL CELEGUIM DE MORAIS;
204536;https://dadosabertos.camara.leg.br/api/v2/deputados/204536;Kim Kataguiri;KIM PATROCA KATAGUIRI;
98057;https://dadosabertos.camara.leg.br/api/v2/deputados/98057;Lafayette de Andrada;LAFAYETTE LUIZ DOORGAL DE ANDRADA;
74856;https://dadosabertos.camara.leg.br/api/v2/deputados/74856;Laura Carneiro;MARIA LAURA MONTEZA DE SOUZA CARNEIRO;
141480;https://dadosabertos.camara.leg.br/api/v2/deputados/141480;Lázaro Botelho;LÁZARO BOTELHO MARTINS;
178832;https://dadosabertos.camara.leg.br/api/v2/deputados/178832;Leandre;LEANDRE DAL PONTE;
220600;https://dadosabertos.camara.leg.br/api/v2/deputados/220600;Lebrão;JOSE EURIPEDES CLEMENTE;
220566;https://dadosabertos.camara.leg.br/api/v2/deputados/220566;Lêda Borges;Lêda Borges de Moura;
231911;https://dadosabertos.camara.leg.br/api/v2/deputados/231911;Lenir de Assis;LENIR CANDIDA DE ASSIS;
80815;https://dadosabertos.camara.leg.br/api/v2/deputados/80815;Leo Prates;LEONARDO SILVA PRATES;
122195;https://dadosabertos.camara.leg.br/api/v2/deputados/122195;Leonardo Gadelha;LEONARDO DE MELO GADELHA;
74156;https://dadosabertos.camara.leg.br/api/v2/deputados/74156;Leonardo Monteiro;JOSÉ LEONARDO COSTA MONTEIRO;
74299;https://dadosabertos.camara.leg.br/api/v2/deputados/74299;Leônidas Cristino;JOSÉ LEÔNIDAS DE MENEZES CRISTINO;
92102;https://dadosabertos.camara.leg.br/api/v2/deputados/92102;Leur Lomanto Júnior;LEUR ANTONIO DE BRITTO LOMANTO JUNIOR;
139285;https://dadosabertos.camara.leg.br/api/v2/deputados/139285;Lídice da Mata;LÍDICE DA MATA E SOUZA;
74585;https://dadosabertos.camara.leg.br/api/v2/deputados/74585;Lincoln Portela;LINCOLN DINIZ PORTELA;
74858;https://dadosabertos.camara.leg.br/api/v2/deputados/74858;Lindbergh Farias;LUIZ LINDBERGH FARIAS FILHO;
171139;https://dadosabertos.camara.leg.br/api/v2/deputados/171139;Loreny;LORENY MAYARA CAETANO ROBERTO;
234253;https://dadosabertos.camara.leg.br/api/v2/deputados/234253;Lucas Abrahao;LUCAS ABRAHAO ROSA CEZARIO DE ALMEIDA;
220662;https://dadosabertos.camara.leg.br/api/v2/deputados/220662;Lucas Ramos;LUCAS CAVALCANTI RAMOS;
204404;https://dadosabertos.camara.leg.br/api/v2/deputados/204404;Lucas Redecker;LUCAS BELLO REDECKER;
138286;https://dadosabertos.camara.leg.br/api/v2/deputados/138286;Luciano Alves;LUCIANO ALVES DOS SANTOS;
220581;https://dadosabertos.camara.leg.br/api/v2/deputados/220581;Luciano Amaral;LUCIANO SURUAGY DO AMARAL FILHO;
103758;https://dadosabertos.camara.leg.br/api/v2/deputados/103758;Luciano Azevedo;LUCIANO PALMA DE AZEVEDO;
74478;https://dadosabertos.camara.leg.br/api/v2/deputados/74478;Luciano Bivar;LUCIANO CALDAS BIVAR;
178931;https://dadosabertos.camara.leg.br/api/v2/deputados/178931;Luciano Ducci;LUCIANO DUCCI;
227323;https://dadosabertos.camara.leg.br/api/v2/deputados/227323;Luciano Galego;LUCIANO RODRIGUES SEIDEL;
220616;https://dadosabertos.camara.leg.br/api/v2/deputados/220616;Luciano Vieira;LUCIANO VIEIRA MENDES;
178954;https://dadosabertos.camara.leg.br/api/v2/deputados/178954;Lucio Mosquini;LUCIO ANTONIO MOSQUINI;
229082;https://dadosabertos.camara.leg.br/api/v2/deputados/229082;Lucyana Genésio;KARLA LUCYANA SOARES CANTO COSTA;
222429;https://dadosabertos.camara.leg.br/api/v2/deputados/222429;Luis Carlos Gomes;LUIS CARLOS GOMES DA SILVA;
160510;https://dadosabertos.camara.leg.br/api/v2/deputados/160510;Luis Tibé;LUIS HENRIQUE DE OLIVEIRA RESENDE;
204410;https://dadosabertos.camara.leg.br/api/v2/deputados/204410;Luisa Canziani;LUISA CANZIANI DOS SANTOS SILVEIRA;
204448;https://dadosabertos.camara.leg.br/api/v2/deputados/204448;Luiz Antonio Corrêa;LUIZ ANTONIO C. C. CORRÊA DA SILVA;
141485;https://dadosabertos.camara.leg.br/api/v2/deputados/141485;Luiz Carlos Busato;LUIZ CARLOS GHIORZZI BUSATO;
73778;https://dadosabertos.camara.leg.br/api/v2/deputados/73778;Luiz Carlos Hauly;LUIZ CARLOS JORGE HAULY;
204485;https://dadosabertos.camara.leg.br/api/v2/deputados/204485;Luiz Carlos Motta;LUIZ CARLOS MOTTA;
74041;https://dadosabertos.camara.leg.br/api/v2/deputados/74041;Luiz Couto;LUIZ ALBUQUERQUE COUTO;
141487;https://dadosabertos.camara.leg.br/api/v2/deputados/141487;Luiz Fernando Faria;LUIZ FERNANDO RAMOS FARIA;
229432;https://dadosabertos.camara.leg.br/api/v2/deputados/229432;Luiz Fernando Vampiro;LUIZ FERNANDO CARDOSO;
220658;https://dadosabertos.camara.leg.br/api/v2/deputados/220658;Luiz Gastão;LUIZ GASTÃO BITTENCOURT DA SILVA;
204455;https://dadosabertos.camara.leg.br/api/v2/deputados/204455;Luiz Lima;LUIZ EDUARDO CARNEIRO DA SILVA DE SOUZA LIMA;
220636;https://dadosabertos.camara.leg.br/api/v2/deputados/220636;Luiz Marinho;LUIZ MARINHO;
162332;https://dadosabertos.camara.leg.br/api/v2/deputados/162332;Luiz Nishimori;LUIZ HILOSHI NISHIMORI;
204526;https://dadosabertos.camara.leg.br/api/v2/deputados/204526;Luiz Philippe de Orleans e Bragança;LUIZ PHILIPPE DE ORLEANS BRAGANÇA;
74784;https://dadosabertos.camara.leg.br/api/v2/deputados/74784;Luiza Erundina;LUIZA ERUNDINA DE SOUSA;
178866;https://dadosabertos.camara.leg.br/api/v2/deputados/178866;Luizianne Lins;LUIZIANNE DE OLIVEIRA LINS;
220669;https://dadosabertos.camara.leg.br/api/v2/deputados/220669;Lula da Fonte;LUIZ EDUARDO DE QUEIROZ CAMPOS DA FONTE ALBUQUERQUE;
166402;https://dadosabertos.camara.leg.br/api/v2/deputados/166402;Magda Mofatto;MAGDA MOFATTO HON;
220648;https://dadosabertos.camara.leg.br/api/v2/deputados/220648;Marangoni;FERNANDO JOSE DE SOUZA MARANGONI;
156190;https://dadosabertos.camara.leg.br/api/v2/deputados/156190;Marcel van Hattem;MARCEL VAN HATTEM;
179000;https://dadosabertos.camara.leg.br/api/v2/deputados/179000;Marcelo Álvaro Antônio;MARCELO HENRIQUE TEIXEIRA DIAS;
204433;https://dadosabertos.camara.leg.br/api/v2/deputados/204433;Marcelo Calero;MARCELO CALERO FARIA GARCIA;
220599;https://dadosabertos.camara.leg.br/api/v2/deputados/220599;Marcelo Crivella;MARCELO BEZERRA CRIVELLA;
220634;https://dadosabertos.camara.leg.br/api/v2/deputados/220634;Marcelo Lima;MARCELO DE LIMA FERNANDES;
133810;https://dadosabertos.camara.leg.br/api/v2/deputados/133810;Marcelo Moraes;MARCELO PIRES MORAES;
204558;https://dadosabertos.camara.leg.br/api/v2/deputados/204558;Marcelo Nilo;JOSÉ MARCELO DO NASCIMENTO NILO;
160161;https://dadosabertos.camara.leg.br/api/v2/deputados/160161;Marcelo Queiroz;MARCELO ANDRE CID HERACLITO DO PORTO QUEIROZ;
178983;https://dadosabertos.camara.leg.br/api/v2/deputados/178983;Marcio Alvino;MARCIO LUIZ ALVINO DE SOUZA;
179001;https://dadosabertos.camara.leg.br/api/v2/deputados/179001;Márcio Biolchi;MARCIO DELLA VALLE BIOLCHI;
226410;https://dadosabertos.camara.leg.br/api/v2/deputados/226410;Márcio Correa;MÁRCIO AURÉLIO CORRÊA;
220687;https://dadosabertos.camara.leg.br/api/v2/deputados/220687;Márcio Honaiser;MARCIO JOSE HONAISER;
81055;https://dadosabertos.camara.leg.br/api/v2/deputados/81055;Márcio Jerry;MÁRCIO JERRY SARAIVA BARROSO;
150418;https://dadosabertos.camara.leg.br/api/v2/deputados/150418;Márcio Marinho;MÁRCIO CARLOS MARINHO;
204522;https://dadosabertos.camara.leg.br/api/v2/deputados/204522;Marco Bertaiolli;MARCO AURELIO BERTAIOLLI;
219585;https://dadosabertos.camara.leg.br/api/v2/deputados/219585;Marco Brasil;MARCO AURELIO RIBEIRO;
160535;https://dadosabertos.camara.leg.br/api/v2/deputados/160535;Marcon;DIONILSO MATEUS MARCON;
204431;https://dadosabertos.camara.leg.br/api/v2/deputados/204431;Marcos Aurélio Sampaio;MARCOS AURÉLIO PÁDUA RIBEIRO GONÇALVES DE SAMPAIO;
204506;https://dadosabertos.camara.leg.br/api/v2/deputados/204506;Marcos Pereira;MARCOS ANTONIO PEREIRA;
220547;https://dadosabertos.camara.leg.br/api/v2/deputados/220547;Marcos Pollon;MARCOS SBOROWSKI POLLON;
178943;https://dadosabertos.camara.leg.br/api/v2/deputados/178943;Marcos Soares;MARCOS BEZERRA RIBEIRO SOARES;
220604;https://dadosabertos.camara.leg.br/api/v2/deputados/220604;Marcos Tavares;MARCOS PAULO BARBOSA TAVARES;
220668;https://dadosabertos.camara.leg.br/api/v2/deputados/220668;Maria Arraes;MARIA LEAL ARRAES DE ALENCAR;
74398;https://dadosabertos.camara.leg.br/api/v2/deputados/74398;Maria do Rosário;MARIA DO ROSÁRIO NUNES;
204540;https://dadosabertos.camara.leg.br/api/v2/deputados/204540;Maria Rosas;MARIA DO PARTO MENDES ROSAS;
227275;https://dadosabertos.camara.leg.br/api/v2/deputados/227275;Mariana Carvalho;TACILLA MARIANA CARVALHO SILVA;
220637;https://dadosabertos.camara.leg.br/api/v2/deputados/220637;Marina Silva;MARIA OSMARINA MARINA DA SILVA VAZ DE LIMA;
220655;https://dadosabertos.camara.leg.br/api/v2/deputados/220655;Mario Frias;MARIO LUIS FRIAS;
74158;https://dadosabertos.camara.leg.br/api/v2/deputados/74158;Mário Heringer;MÁRIO LÚCIO HERINGER;
178858;https://dadosabertos.camara.leg.br/api/v2/deputados/178858;Mário Negromonte Jr.;MARIO S. M. NEGROMONTE JR.;
204566;https://dadosabertos.camara.leg.br/api/v2/deputados/204566;Marreca Filho;ANTONIO DA CRUZ FILGUEIRA NETO;
220572;https://dadosabertos.camara.leg.br/api/v2/deputados/220572;Marussa Boldrin;MARUSSA CASSIA FAVARO BOLDRIN;
178843;https://dadosabertos.camara.leg.br/api/v2/deputados/178843;Marx Beltrão;MARX BELTRÃO LIMA SIQUEIRA;
220661;https://dadosabertos.camara.leg.br/api/v2/deputados/220661;Matheus Noronha;MATHEUS SOARES NORONHA;
220609;https://dadosabertos.camara.leg.br/api/v2/deputados/220609;Maurício Carvalho;MAURICIO FONSECA RIBEIRO CARVALHO DE MORAES;
220628;https://dadosabertos.camara.leg.br/api/v2/deputados/220628;Mauricio do Vôlei;MAURICIO LUIZ DE SOUZA;
220550;https://dadosabertos.camara.leg.br/api/v2/deputados/220550;Mauricio Marcon;MAURICIO BEDIN MARCON;
220647;https://dadosabertos.camara.leg.br/api/v2/deputados/220647;Mauricio Neves;MANOEL MAURICIO SILVA NEVES;
204486;https://dadosabertos.camara.leg.br/api/v2/deputados/204486;Mauro Benevides Filho;CARLOS MAURO BENEVIDES FILHO;
220607;https://dadosabertos.camara.leg.br/api/v2/deputados/220607;Max Lemos;MAX RODRIGUES LEMOS;
220591;https://dadosabertos.camara.leg.br/api/v2/deputados/220591;Meire Serafim;ROZIMEIRE RIBEIRO ANDRADE;
74428;https://dadosabertos.camara.leg.br/api/v2/deputados/74428;Mendonça Filho;JOSÉ MENDONÇA BEZERRA FILHO;
188097;https://dadosabertos.camara.leg.br/api/v2/deputados/188097;Merlong Solano;MERLONG SOLANO NOGUEIRA;
220585;https://dadosabertos.camara.leg.br/api/v2/deputados/220585;Mersinho Lucena;FRANCISCO EMERSON ASSIS DE LUCENA;
220530;https://dadosabertos.camara.leg.br/api/v2/deputados/220530;Messias Donato;Manoel Messias Donato Bezerra;
171786;https://dadosabertos.camara.leg.br/api/v2/deputados/171786;Miguel Ângelo;MIGUEL ÂNGELO MONTEIRO ANDRADE;
178985;https://dadosabertos.camara.leg.br/api/v2/deputados/178985;Miguel Lombardi;MIGUEL LOMBARDI;
154178;https://dadosabertos.camara.leg.br/api/v2/deputados/154178;Milton Vieira;MILTON VIEIRA PINTO;
178895;https://dadosabertos.camara.leg.br/api/v2/deputados/178895;Misael Varella;MISAEL ARTUR FERREIRA VARELLA;
229225;https://dadosabertos.camara.leg.br/api/v2/deputados/229225;Missionária Michele Collins;DAÍZE MICHELE DE AGUIAR GONÇALVES COLLINS;
160561;https://dadosabertos.camara.leg.br/api/v2/deputados/160561;Missionário José Olimpio;JOSÉ OLIMPIO SILVEIRA MORAES;
178997;https://dadosabertos.camara.leg.br/api/v2/deputados/178997;Moses Rodrigues;MOSES HAENDEL MELO RODRIGUES;
220617;https://dadosabertos.camara.leg.br/api/v2/deputados/220617;Murillo Gouvea;MURILLO GOUVEA RODRIGUES;
220584;https://dadosabertos.camara.leg.br/api/v2/deputados/220584;Murilo Galdino;CÁSSIO MURILO GALDINO DE ARAÚJO;
204453;https://dadosabertos.camara.leg.br/api/v2/deputados/204453;Natália Bonavides;NATÁLIA BASTOS BONAVIDES;
228042;https://dadosabertos.camara.leg.br/api/v2/deputados/228042;Naumi Amorim;NAUMI GOMES DE AMORIM;
233218;https://dadosabertos.camara.leg.br/api/v2/deputados/233218;Nelinho Freitas;RONDINELLE PEREIRA DE FREITAS;
204449;https://dadosabertos.camara.leg.br/api/v2/deputados/204449;Nelson Barbudo;NELSON NED PREVIDENTE;
220622;https://dadosabertos.camara.leg.br/api/v2/deputados/220622;Nely Aquino;NELI PEREIRA DE AQUINO;
220703;https://dadosabertos.camara.leg.br/api/v2/deputados/220703;Neto Carletto;ORLANDO SULZ DE ALMEIDA NETO;
229939;https://dadosabertos.camara.leg.br/api/v2/deputados/229939;Newton Bonin;NEWTON BONIN;
178896;https://dadosabertos.camara.leg.br/api/v2/deputados/178896;Newton Cardoso Jr;NEWTON CARDOSO JUNIOR;
204479;https://dadosabertos.camara.leg.br/api/v2/deputados/204479;Nicoletti;ANTONIO CARLOS NICOLETTI;
209787;https://dadosabertos.camara.leg.br/api/v2/deputados/209787;Nikolas Ferreira;NIKOLAS FERREIRA DE OLIVEIRA;
178986;https://dadosabertos.camara.leg.br/api/v2/deputados/178986;Nilto Tatto;NILTO IGNACIO TATTO;
227660;https://dadosabertos.camara.leg.br/api/v2/deputados/227660;Nitinho;JOSENITO VITALE DE JESUS;
74159;https://dadosabertos.camara.leg.br/api/v2/deputados/74159;Odair Cunha;ODAIR JOSÉ DA CUNHA;
204498;https://dadosabertos.camara.leg.br/api/v2/deputados/204498;Olival Marques;OLIVAL HENRIQUE MARQUES DE SOUZA;
178987;https://dadosabertos.camara.leg.br/api/v2/deputados/178987;Orlando Silva;ORLANDO SILVA DE JESUS JUNIOR;
73692;https://dadosabertos.camara.leg.br/api/v2/deputados/73692;Osmar Terra;OSMAR GASPARINI TERRA;
204422;https://dadosabertos.camara.leg.br/api/v2/deputados/204422;Ossesio Silva;OSSESIO JOSE DA SILVA;
204441;https://dadosabertos.camara.leg.br/api/v2/deputados/204441;Otoni de Paula;OTONI MOURA DE PAULO JUNIOR;
204573;https://dadosabertos.camara.leg.br/api/v2/deputados/204573;Otto Alencar Filho;OTTO ROBERTO MENDONÇA DE ALENCAR FILHO;
220706;https://dadosabertos.camara.leg.br/api/v2/deputados/220706;Padovani;NELSON FERNANDO PADOVANI;
160556;https://dadosabertos.camara.leg.br/api/v2/deputados/160556;Padre João;JOÃO CARLOS SIQUEIRA;
230762;https://dadosabertos.camara.leg.br/api/v2/deputados/230762;Pastor Claudio Mariano;CLAUDIO MARIANO SILVA;
180214;https://dadosabertos.camara.leg.br/api/v2/deputados/180214;Pastor Diniz;RAIMUNDO DINIZ ARAÚJO;
160642;https://dadosabertos.camara.leg.br/api/v2/deputados/160642;Pastor Eurico;FRANCISCO EURICO DA SILVA;
204570;https://dadosabertos.camara.leg.br/api/v2/deputados/204570;Pastor Gil;GILDENEMIR DE LIMA SOUSA;
220615;https://dadosabertos.camara.leg.br/api/v2/deputados/220615;Pastor Henrique Vieira;HENRIQUE DOS SANTOS VIEIRA LIMA;
204553;https://dadosabertos.camara.leg.br/api/v2/deputados/204553;Pastor Sargento Isidório;MANOEL ISIDORIO DE SANTANA JUNIOR;
74160;https://dadosabertos.camara.leg.br/api/v2/deputados/74160;Patrus Ananias;PATRUS ANANIAS DE SOUZA;
74095;https://dadosabertos.camara.leg.br/api/v2/deputados/74095;Pauderney Avelino;PAUDERNEY TOMAZ AVELINO;
171617;https://dadosabertos.camara.leg.br/api/v2/deputados/171617;Paulão;PAULO FERNANDO DOS SANTOS;
141518;https://dadosabertos.camara.leg.br/api/v2/deputados/141518;Paulinho da Força;PAULO PEREIRA DA SILVA;
220627;https://dadosabertos.camara.leg.br/api/v2/deputados/220627;Paulinho Freire;PAULO EDUARDO DA COSTA FREIRE;
141516;https://dadosabertos.camara.leg.br/api/v2/deputados/141516;Paulo Abi-Ackel;PAULO ABI-ACKEL;
220650;https://dadosabertos.camara.leg.br/api/v2/deputados/220650;Paulo Alexandre Barbosa;PAULO ALEXANDRE PEREIRA BARBOSA;
178860;https://dadosabertos.camara.leg.br/api/v2/deputados/178860;Paulo Azi;PAULO VELLOSO DANTAS AZI;
160517;https://dadosabertos.camara.leg.br/api/v2/deputados/160517;Paulo Folletto;PAULO ROBERTO FOLLETTO;
160558;https://dadosabertos.camara.leg.br/api/v2/deputados/160558;Paulo Freire Costa;PAULO ROBERTO FREIRE DA COSTA;
204492;https://dadosabertos.camara.leg.br/api/v2/deputados/204492;Paulo Guedes;PAULO JOSE CARLOS GUEDES;
233592;https://dadosabertos.camara.leg.br/api/v2/deputados/233592;Paulo Lemos;PAULO CESAR LEMOS DE OLIVEIRA;
220685;https://dadosabertos.camara.leg.br/api/v2/deputados/220685;Paulo Litro;PAULO HENRIQUE COLETTI FERNANDES;
74574;https://dadosabertos.camara.leg.br/api/v2/deputados/74574;Paulo Magalhães;PAULO SÉRGIO PARANHOS DE MAGALHÃES;
128760;https://dadosabertos.camara.leg.br/api/v2/deputados/128760;Paulo Marinho Jr;PAULO CELSO FONSECA MARINHO JÚNIOR;
74400;https://dadosabertos.camara.leg.br/api/v2/deputados/74400;Paulo Pimenta;PAULO ROBERTO SEVERO PIMENTA;
141488;https://dadosabertos.camara.leg.br/api/v2/deputados/141488;Paulo Teixeira;LUIZ PAULO TEIXEIRA FERREIRA;
220630;https://dadosabertos.camara.leg.br/api/v2/deputados/220630;Pedro Aihara;PEDRO DOSHIKAZU PIANCHAO AIHARA;
220667;https://dadosabertos.camara.leg.br/api/v2/deputados/220667;Pedro Campos;PEDRO HENRIQUE DE A. L. C. CAMPOS;
229112;https://dadosabertos.camara.leg.br/api/v2/deputados/229112;Pedro Jr;PEDRO SOUZA CATINGUEIRO JUNIOR;
122974;https://dadosabertos.camara.leg.br/api/v2/deputados/122974;Pedro Lucas Fernandes;PEDRO LUCAS ANDRADE FERNANDES RIBEIRO;
204395;https://dadosabertos.camara.leg.br/api/v2/deputados/204395;Pedro Lupion;PEDRO DEBONI LUPION MELLO;
122158;https://dadosabertos.camara.leg.br/api/v2/deputados/122158;Pedro Paulo;PEDRO PAULO CARVALHO TEIXEIRA;
229259;https://dadosabertos.camara.leg.br/api/v2/deputados/229259;Pedro Tourinho;PEDRO TOURINHO DE SIQUEIRA;
160604;https://dadosabertos.camara.leg.br/api/v2/deputados/160604;Pedro Uczai;PEDRO FRANCISCO UCZAI;
204406;https://dadosabertos.camara.leg.br/api/v2/deputados/204406;Pedro Westphalen;PEDRO BANDARRA WESTPHALEN;
161440;https://dadosabertos.camara.leg.br/api/v2/deputados/161440;Pezenti;RAFAEL PEZENTI;
204524;https://dadosabertos.camara.leg.br/api/v2/deputados/204524;Pinheirinho;ANTÔNIO PINHEIRO NETO;
73486;https://dadosabertos.camara.leg.br/api/v2/deputados/73486;Pompeo de Mattos;DARCI POMPEO DE MATTOS;
160601;https://dadosabertos.camara.leg.br/api/v2/deputados/160601;Pr. Marco Feliciano;MARCO ANTÔNIO FELICIANO;
226075;https://dadosabertos.camara.leg.br/api/v2/deputados/226075;Priscila Costa;PRISCILA BEZERRA DA COSTA;
89536;https://dadosabertos.camara.leg.br/api/v2/deputados/89536;Prof. Paulo Fernando;PAULO FERNANDO MELO DA COSTA;
220533;https://dadosabertos.camara.leg.br/api/v2/deputados/220533;Prof. Reginaldo Veras;Reginaldo Veras Coelho;
204390;https://dadosabertos.camara.leg.br/api/v2/deputados/204390;Professor Alcides;ALCIDES RIBEIRO FILHO;
220580;https://dadosabertos.camara.leg.br/api/v2/deputados/220580;Professora Goreth;MARIA GORETH DA SILVA E SOUSA;
221338;https://dadosabertos.camara.leg.br/api/v2/deputados/221338;Professora Luciene Cavalcante;LUCIENE CAVALCANTE DA SILVA;
160641;https://dadosabertos.camara.leg.br/api/v2/deputados/160641;Professora Marcivania;MARCIVANIA DO SOCORRO DA ROCHA FLEXA;
220586;https://dadosabertos.camara.leg.br/api/v2/deputados/220586;Rafael Brito;RAFAEL DE GOES BRITO;
233594;https://dadosabertos.camara.leg.br/api/v2/deputados/233594;Rafael Fera;RAFAEL BENTO PEREIRA;
220532;https://dadosabertos.camara.leg.br/api/v2/deputados/220532;Rafael Prudente;RAFAEL CAVALCANTI PRUDENTE;
220626;https://dadosabertos.camara.leg.br/api/v2/deputados/220626;Rafael Simoes;RAFAEL TADEU SIMÕES;
204567;https://dadosabertos.camara.leg.br/api/v2/deputados/204567;Raimundo Costa;RAIMUNDO MAGALHÃES COSTA;
74084;https://dadosabertos.camara.leg.br/api/v2/deputados/74084;Raimundo Santos;RAIMUNDO JOSÉ PEREIRA DOS SANTOS;
115200;https://dadosabertos.camara.leg.br/api/v2/deputados/115200;Raniery Paulino;ROBERTO RANIERY DE AQUINO PAULINO;
74161;https://dadosabertos.camara.leg.br/api/v2/deputados/74161;Reginaldo Lopes;REGINALDO LÁZARO DE OLIVEIRA LOPES;
221378;https://dadosabertos.camara.leg.br/api/v2/deputados/221378;Reginete Bispo;REGINETE SOUZA BISPO;
220606;https://dadosabertos.camara.leg.br/api/v2/deputados/220606;Reimont;REIMONT LUIZ OTONI SANTA BARBARA;
205865;https://dadosabertos.camara.leg.br/api/v2/deputados/205865;Reinhold Stephanes;REINHOLD STEPHANES JUNIOR;
225386;https://dadosabertos.camara.leg.br/api/v2/deputados/225386;Renan Ferreirinha;RENAN FERREIRINHA CARNEIRO;
178989;https://dadosabertos.camara.leg.br/api/v2/deputados/178989;Renata Abreu;RENATA HELLMEISTER DE ABREU;
153423;https://dadosabertos.camara.leg.br/api/v2/deputados/153423;Renilce Nicodemos;RENILCE CONCEIÇÃO NICODEMOS DE ALBUQUERQUE;
73801;https://dadosabertos.camara.leg.br/api/v2/deputados/73801;Renildo Calheiros;RENILDO VASCONCELOS CALHEIROS;
175765;https://dadosabertos.camara.leg.br/api/v2/deputados/175765;Ribamar Silva;RIBAMAR ANTONIO DA SILVA;
235088;https://dadosabertos.camara.leg.br/api/v2/deputados/235088;Ribeiro Neto;AIRES DO ESPIRITO SANTO RIBEIRO NETO;
221329;https://dadosabertos.camara.leg.br/api/v2/deputados/221329;Ricardo Abrão;RICARDO MARTINS DAVID;
220543;https://dadosabertos.camara.leg.br/api/v2/deputados/220543;Ricardo Ayres;RICARDO AYRES DE CARVALHO;
73788;https://dadosabertos.camara.leg.br/api/v2/deputados/73788;Ricardo Barros;RICARDO JOSÉ MAGALHÃES BARROS;
234310;https://dadosabertos.camara.leg.br/api/v2/deputados/234310;Ricardo Galvão;RICARDO MAGNUS OSÓRIO GALVÃO;
204362;https://dadosabertos.camara.leg.br/api/v2/deputados/204362;Ricardo Guidi;RICARDO ZANATTA GUIDI;
220694;https://dadosabertos.camara.leg.br/api/v2/deputados/220694;Ricardo Maia;RICARDO MAIA CHAVES DE SOUZA;
220633;https://dadosabertos.camara.leg.br/api/v2/deputados/220633;Ricardo Salles;RICARDO DE AQUINO SALLES;
213274;https://dadosabertos.camara.leg.br/api/v2/deputados/213274;Ricardo Silva;RICARDO AUGUSTO MACHADO DA SILVA;
204489;https://dadosabertos.camara.leg.br/api/v2/deputados/204489;Robério Monteiro;MARCOS ROBERIO RIBEIRO MONTEIRO;
220693;https://dadosabertos.camara.leg.br/api/v2/deputados/220693;Roberta Roma;Roberta de Araujo Costa Roma;
220588;https://dadosabertos.camara.leg.br/api/v2/deputados/220588;Roberto Duarte;ROBERTO DUARTE JUNIOR;
220613;https://dadosabertos.camara.leg.br/api/v2/deputados/220613;Roberto Monteiro Pai;ROBERTO LUIZ RODRIGUES DE OLIVEIRA;
220624;https://dadosabertos.camara.leg.br/api/v2/deputados/220624;Robinson Faria;ROBINSON MESQUITA DE FARIA;
220546;https://dadosabertos.camara.leg.br/api/v2/deputados/220546;Rodolfo Nogueira;RODOLFO OLIVEIRA NOGUEIRA;
230767;https://dadosabertos.camara.leg.br/api/v2/deputados/230767;Rodrigo da Zaeli;RODRIGO LUGLI;
141531;https://dadosabertos.camara.leg.br/api/v2/deputados/141531;Rodrigo de Castro;RODRIGO BATISTA DE CASTRO;
223128;https://dadosabertos.camara.leg.br/api/v2/deputados/223128;Rodrigo Estacho;RODRIGO TLUSTIK VENEK;
220641;https://dadosabertos.camara.leg.br/api/v2/deputados/220641;Rodrigo Gambale;RODRIGO GAMBALE VIEIRA;
141533;https://dadosabertos.camara.leg.br/api/v2/deputados/141533;Rodrigo Rollemberg;RODRIGO SOBRAL ROLLEMBERG;
165470;https://dadosabertos.camara.leg.br/api/v2/deputados/165470;Rodrigo Valadares;RODRIGO SANTANA VALADARES;
220695;https://dadosabertos.camara.leg.br/api/v2/deputados/220695;Rogéria Santos;ROGÉRIA DE ALMEIDA PEREIRA DOS SANTOS;
204480;https://dadosabertos.camara.leg.br/api/v2/deputados/204480;Rogério Correia;ROGÉRIO CORREIA DE MOURA BAPTISTA;
160629;https://dadosabertos.camara.leg.br/api/v2/deputados/160629;Romero Rodrigues;ROMERO RODRIGUES VEIGA;
163321;https://dadosabertos.camara.leg.br/api/v2/deputados/163321;Ronaldo Nogueira;RONALDO NOGUEIRA DE OLIVEIRA;
204525;https://dadosabertos.camara.leg.br/api/v2/deputados/204525;Rosana Valle;ROSANA DE OLIVEIRA VALLE;
178945;https://dadosabertos.camara.leg.br/api/v2/deputados/178945;Rosangela Gomes;ROSANGELA DE SOUZA GOMES;
220644;https://dadosabertos.camara.leg.br/api/v2/deputados/220644;Rosangela Moro;ROSANGELA MARIA WOLFF DE QUADROS MORO;
220620;https://dadosabertos.camara.leg.br/api/v2/deputados/220620;Rosângela Reis;ROSANGELA DE OLIVEIRA CAMPOS REIS;
73806;https://dadosabertos.camara.leg.br/api/v2/deputados/73806;Roseana Sarney;Roseana Sarney Murad;
74371;https://dadosabertos.camara.leg.br/api/v2/deputados/74371;Rubens Otoni;RUBENS OTONI GOMIDE;
178887;https://dadosabertos.camara.leg.br/api/v2/deputados/178887;Rubens Pereira Júnior;RUBENS PEREIRA E SILVA JUNIOR;
73604;https://dadosabertos.camara.leg.br/api/v2/deputados/73604;Rui Falcão;RUI GOETHE DA COSTA FALCÃO;
160635;https://dadosabertos.camara.leg.br/api/v2/deputados/160635;Ruy Carneiro;RUY MANUEL CARNEIRO BARBOSA DE ACA BELCHIOR;
204535;https://dadosabertos.camara.leg.br/api/v2/deputados/204535;Sâmia Bomfim;SAMIA DE SOUZA BOMFIM;
233598;https://dadosabertos.camara.leg.br/api/v2/deputados/233598;Samuel Santos;SAMUEL JOSE DOS SANTOS;
220631;https://dadosabertos.camara.leg.br/api/v2/deputados/220631;Samuel Viana;SAMUEL JOSÉ RODRIGUES DE VIANA;
204416;https://dadosabertos.camara.leg.br/api/v2/deputados/204416;Sanderson;UBIRATAN ANTUNES SANDERSON;
160621;https://dadosabertos.camara.leg.br/api/v2/deputados/160621;Sandro Alex;SANDRO ALEX CRUZ DE OLIVEIRA;
204387;https://dadosabertos.camara.leg.br/api/v2/deputados/204387;Sargento Fahur;GILSON CARDOSO FAHUR;
220621;https://dadosabertos.camara.leg.br/api/v2/deputados/220621;Sargento Gonçalves;EVANDRO GONÇALVES DA SILVA JÚNIOR;
220618;https://dadosabertos.camara.leg.br/api/v2/deputados/220618;Sargento Portugal;JOSÉ PORTUGAL NETO;
220713;https://dadosabertos.camara.leg.br/api/v2/deputados/220713;Saullo Vianna;SAULLO VELAME VIANNA;
226837;https://dadosabertos.camara.leg.br/api/v2/deputados/226837;Saulo Pedroso;SAULO PEDROSO DE SOUZA;
73808;https://dadosabertos.camara.leg.br/api/v2/deputados/73808;Sérgio Brito;SÉRGIO LUÍS LACERDA BRITO;
77003;https://dadosabertos.camara.leg.br/api/v2/deputados/77003;Sergio Santos Rodrigues;SERGIO AUGUSTO SANTOS RODRIGUES;
178933;https://dadosabertos.camara.leg.br/api/v2/deputados/178933;Sergio Souza;SERGIO DE SOUZA;
235776;https://dadosabertos.camara.leg.br/api/v2/deputados/235776;Sérgio Turra;SERGIO BERGONSI TURRA;
204557;https://dadosabertos.camara.leg.br/api/v2/deputados/204557;Sidney Leite;SIDNEY RICARDO DE OLIVEIRA LEITE;
74356;https://dadosabertos.camara.leg.br/api/v2/deputados/74356;Silas Câmara;SILAS CÂMARA;
204360;https://dadosabertos.camara.leg.br/api/v2/deputados/204360;Silvia Cristina;SILVIA CRISTINA AMANCIO CHAGAS;
220579;https://dadosabertos.camara.leg.br/api/v2/deputados/220579;Silvia Waiãpi;SILVIA NOBRE LOPES;
227310;https://dadosabertos.camara.leg.br/api/v2/deputados/227310;Silvio Antonio;SILVIO ANTONIO GUIMARAES MACHADO;
204425;https://dadosabertos.camara.leg.br/api/v2/deputados/204425;Silvio Costa Filho;SILVIO SERAFIM COSTA FILHO;
220569;https://dadosabertos.camara.leg.br/api/v2/deputados/220569;Silvye Alves;SILVYE ALVES DA SILVA;
220651;https://dadosabertos.camara.leg.br/api/v2/deputados/220651;Simone Marquetto;SIMONE APARECIDA MARQUETO CURRALADAS;
104552;https://dadosabertos.camara.leg.br/api/v2/deputados/104552;Socorro Neri;MARIA DO SOCORRO NERI MEDEIROS DE SOUZA;
222565;https://dadosabertos.camara.leg.br/api/v2/deputados/222565;Soldado Noelio;NOELIO DA ROCHA OLIVEIRA;
220643;https://dadosabertos.camara.leg.br/api/v2/deputados/220643;Sônia Guajajara;SONIA BONE DE SOUSA SILVA;
220575;https://dadosabertos.camara.leg.br/api/v2/deputados/220575;Sonize Barbosa;SONIZE PIMENTEL DOS SANTOS BARBOSA;
178946;https://dadosabertos.camara.leg.br/api/v2/deputados/178946;Soraya Santos;SORAYA ALENCAR DOS SANTOS;
178947;https://dadosabertos.camara.leg.br/api/v2/deputados/178947;Sóstenes Cavalcante;SOSTENES SILVA CAVALCANTE;
92776;https://dadosabertos.camara.leg.br/api/v2/deputados/92776;Stefano Aguiar;STEFANO AGUIAR DOS SANTOS;
204534;https://dadosabertos.camara.leg.br/api/v2/deputados/204534;Tabata Amaral;TABATA CLAUDIA AMARAL DE PONTES;
230177;https://dadosabertos.camara.leg.br/api/v2/deputados/230177;Tadeu Oliveira;TADEU MAGELA DE OLIVEIRA;
220682;https://dadosabertos.camara.leg.br/api/v2/deputados/220682;Tadeu Veneri;ANTONIO TADEU VENERI;
204464;https://dadosabertos.camara.leg.br/api/v2/deputados/204464;Talíria Petrone;TALIRIA PETRONE SOARES;
220598;https://dadosabertos.camara.leg.br/api/v2/deputados/220598;Tarcísio Motta;TARCISIO MOTTA DE CARVALHO;
220560;https://dadosabertos.camara.leg.br/api/v2/deputados/220560;Thiago de Joaldo;JOSE THIAGO ALVES DE CARVALHO;
220597;https://dadosabertos.camara.leg.br/api/v2/deputados/220597;Thiago Flores;THIAGO LEITE FLORES PEREIRA;
143084;https://dadosabertos.camara.leg.br/api/v2/deputados/143084;Tiago Dimas;Tiago Dimas Braga Pereira;
220684;https://dadosabertos.camara.leg.br/api/v2/deputados/220684;Tião Medeiros;SEBASTIÃO HENRIQUE DE MEDEIROS;
160976;https://dadosabertos.camara.leg.br/api/v2/deputados/160976;Tiririca;FRANCISCO EVERARDO TIRIRICA OLIVEIRA SILVA;
178934;https://dadosabertos.camara.leg.br/api/v2/deputados/178934;Toninho Wandscheer;ANTONIO WANDSCHEER;
157130;https://dadosabertos.camara.leg.br/api/v2/deputados/157130;Túlio Gadêlha;TÚLIO GADÊLHA SALES DE MELO;
223398;https://dadosabertos.camara.leg.br/api/v2/deputados/223398;Ulisses Guimarães;ULISSES SUAID PORTO GUIMARÃES BORGES;
160610;https://dadosabertos.camara.leg.br/api/v2/deputados/160610;Valmir Assunção;VALMIR CARLOS DA ASSUNÇÃO;
74376;https://dadosabertos.camara.leg.br/api/v2/deputados/74376;Vander Loubet;VANDER LUIZ DOS SANTOS LOUBET;
234673;https://dadosabertos.camara.leg.br/api/v2/deputados/234673;Vanderlan Alves;VALDERLAN ALVES DE SOUZA;
235712;https://dadosabertos.camara.leg.br/api/v2/deputados/235712;Vavá;HEBER GOMES NEIVA;
204396;https://dadosabertos.camara.leg.br/api/v2/deputados/204396;Vermelho;NELSI COGUETTO MARIA;
74283;https://dadosabertos.camara.leg.br/api/v2/deputados/74283;Vicentinho;VICENTE PAULO DA SILVA;
137070;https://dadosabertos.camara.leg.br/api/v2/deputados/137070;Vicentinho Júnior;VICENTE ALVES DE OLIVEIRA JUNIOR;
141555;https://dadosabertos.camara.leg.br/api/v2/deputados/141555;Vinicius Carvalho;VINICIUS RAPOZO DE CARVALHO;
160591;https://dadosabertos.camara.leg.br/api/v2/deputados/160591;Vinicius Gurgel;VINICIUS DE AZEVEDO GURGEL;
178992;https://dadosabertos.camara.leg.br/api/v2/deputados/178992;Vitor Lippi;VITOR LIPPI;
91228;https://dadosabertos.camara.leg.br/api/v2/deputados/91228;Waldemar Oliveira;WALDEMAR DE ANDRADA IGNÁCIO DE OLIVEIRA;
160569;https://dadosabertos.camara.leg.br/api/v2/deputados/160569;Waldenor Pereira;WALDENOR ALVES PEREIRA FILHO;
220601;https://dadosabertos.camara.leg.br/api/v2/deputados/220601;Washington Quaquá;WASHINGTON LUIZ CARDOSO SIQUEIRA;
160518;https://dadosabertos.camara.leg.br/api/v2/deputados/160518;Weliton Prado;WELITON FERNANDES PRADO;
74043;https://dadosabertos.camara.leg.br/api/v2/deputados/74043;Wellington Roberto;JOSÉ WELLINGTON ROBERTO;
224333;https://dadosabertos.camara.leg.br/api/v2/deputados/224333;Welter;ELTON CARLOS WELTER;
74044;https://dadosabertos.camara.leg.br/api/v2/deputados/74044;Wilson Santiago;JOSÉ WILSON SANTIAGO;
182146;https://dadosabertos.camara.leg.br/api/v2/deputados/182146;Wolmer Araújo;WOLMER DE AZEVEDO ARAUJO;
220564;https://dadosabertos.camara.leg.br/api/v2/deputados/220564;Yandra Moura;YANDRA BARRETO FERREIRA;
220660;https://dadosabertos.camara.leg.br/api/v2/deputados/220660;Yury do Paredão;YURY BRUNO ALENCAR ARAUJO;
230768;https://dadosabertos.camara.leg.br/api/v2/deputados/230768;Zé Adriano;JOSE ADRIANO RIBEIRO DA SILVA;
220536;https://dadosabertos.camara.leg.br/api/v2/deputados/220536;Zé Haroldo Cathedral;JOSÉ HAROLDO FIGUEIREDO CAMPOS;
204559;https://dadosabertos.camara.leg.br/api/v2/deputados/204559;Zé Neto;JOSÉ CERQUEIRA DE SANTANA NETO;
160632;https://dadosabertos.camara.leg.br/api/v2/deputados/160632;Zé Silva;JOSÉ SILVA SOARES;
220558;https://dadosabertos.camara.leg.br/api/v2/deputados/220558;Zé Trovão;MARCOS ANTONIO PEREIRA GOMES;
204517;https://dadosabertos.camara.leg.br/api/v2/deputados/204517;Zé Vitor;JOSE VITOR DE RESENDE AGUIAR;
160592;https://dadosabertos.camara.leg.br/api/v2/deputados/160592;Zeca Dirceu;JOSÉ CARLOS BECKER DE OLIVEIRA E SILVA;
220592;https://dadosabertos.camara.leg.br/api/v2/deputados/220592;Zezinho Barbary;JOSÉ ESTEPHAN AMORIM BARBARY FILHO;
220552;https://dadosabertos.camara.leg.br/api/v2/deputados/220552;Zucco;LUCIANO LORENZINI ZUCCO;
204554;https://dadosabertos.camara.leg.br/api/v2/deputados/204554;Abílio Santana;JOSE ABILIO SILVA DE SANTANA;
204521;https://dadosabertos.camara.leg.br/api/v2/deputados/204521;Abou Anni;PAULO SERGIO ABOU ANNI;
141372;https://dadosabertos.camara.leg.br/api/v2/deputados/141372;Aelton Freitas;AELTON JOSÉ DE FREITAS;
178836;https://dadosabertos.camara.leg.br/api/v2/deputados/178836;Alan Rick;ALAN RICK MIRANDA;
204413;https://dadosabertos.camara.leg.br/api/v2/deputados/204413;Alcides Rodrigues;ALCIDES RODRIGUES FILHO;
204545;https://dadosabertos.camara.leg.br/api/v2/deputados/204545;Alê Silva;ALESSANDRA SILVA RIBEIRO;
160511;https://dadosabertos.camara.leg.br/api/v2/deputados/160511;Alessandro Molon;ALESSANDRO LUCCIOLA MOLON;
105534;https://dadosabertos.camara.leg.br/api/v2/deputados/105534;Alexandre Figueiredo;ALEXANDRE BRITO DE FIGUEIREDO;
204544;https://dadosabertos.camara.leg.br/api/v2/deputados/204544;Alexandre Frota;ALEXANDRE FROTA DE ANDRADE;
178833;https://dadosabertos.camara.leg.br/api/v2/deputados/178833;Alexandre Serfiotis;ALEXANDRE AUGUSTUS SERFIOTIS;
204516;https://dadosabertos.camara.leg.br/api/v2/deputados/204516;Alexis Fonteyne;Alexis Joseph Steverlynck Fonteyne;
204400;https://dadosabertos.camara.leg.br/api/v2/deputados/204400;Aline Sleutjes;ALINE SLEUTJES;
74471;https://dadosabertos.camara.leg.br/api/v2/deputados/74471;André de Paula;ANDRÉ CARLOS ALVES DE PAULA FILHO;
141379;https://dadosabertos.camara.leg.br/api/v2/deputados/141379;Andreia Zito;ANDREIA ALMEIDA ZITO DOS SANTOS;
73696;https://dadosabertos.camara.leg.br/api/v2/deputados/73696;Angela Amin;ANGELA REGINA HEINZEN AMIN HELOU;
74212;https://dadosabertos.camara.leg.br/api/v2/deputados/74212;Aníbal Gomes;ANÍBAL FERREIRA GOMES;
204414;https://dadosabertos.camara.leg.br/api/v2/deputados/204414;Aroldo Martins;JOSE AROLDO SOUZA MARTINS;
159237;https://dadosabertos.camara.leg.br/api/v2/deputados/159237;Assis Carvalho;FRANCISCO DE ASSIS CARVALHO GONÇALVES;
74459;https://dadosabertos.camara.leg.br/api/v2/deputados/74459;Átila Lira;ÁTILA FREITAS LIRA;
204509;https://dadosabertos.camara.leg.br/api/v2/deputados/204509;Áurea Carolina;ÁUREA CAROLINA DE FREITAS E SILVA;
141335;https://dadosabertos.camara.leg.br/api/v2/deputados/141335;Beto Faro;JOSÉ ROBERTO OLIVEIRA FARO;
178948;https://dadosabertos.camara.leg.br/api/v2/deputados/178948;Beto Rosado;CARLOS ALBERTO DE SOUSA ROSADO SEGUNDO;
207176;https://dadosabertos.camara.leg.br/api/v2/deputados/207176;Bia Cavassa;BEATRIZ ROSALIA RIBEIRO CAVASSA DE OLIVEIRA;
141513;https://dadosabertos.camara.leg.br/api/v2/deputados/141513;Bilac Pinto;OLAVO BILAC PINTO NETO;
204561;https://dadosabertos.camara.leg.br/api/v2/deputados/204561;Bira do Pindaré;UBIRAJARA DO PINDARÉ ALMEIDA SOUSA;
204397;https://dadosabertos.camara.leg.br/api/v2/deputados/204397;Boca Aberta;EMERSON MIGUEL PETRIV;
204551;https://dadosabertos.camara.leg.br/api/v2/deputados/204551;Bosco Saraiva;JOÃO BOSCO GOMES SARAIVA;
204502;https://dadosabertos.camara.leg.br/api/v2/deputados/204502;Bozzella;NICOLINO BOZZELLA JUNIOR;
160589;https://dadosabertos.camara.leg.br/api/v2/deputados/160589;Bruna Furlan;BRUNA DIAS FURLAN VICENTE;
93083;https://dadosabertos.camara.leg.br/api/v2/deputados/93083;Cacá Leão;CARLOS FELIPE VAZQUEZ DE SOUZA LEÃO;
204352;https://dadosabertos.camara.leg.br/api/v2/deputados/204352;Camilo Capiberibe;CARLOS CAMILO GÓES CAPIBERIBE;
178924;https://dadosabertos.camara.leg.br/api/v2/deputados/178924;Capitão Fábio Abreu;FABIO ABREU COSTA;
204487;https://dadosabertos.camara.leg.br/api/v2/deputados/204487;Capitão Wagner;WAGNER SOUSA GOMES;
141401;https://dadosabertos.camara.leg.br/api/v2/deputados/141401;Carlos Bezerra;CARLOS GOMES BEZERRA;
204499;https://dadosabertos.camara.leg.br/api/v2/deputados/204499;Cássio Andrade;CASSIO COELHO ANDRADE;
204380;https://dadosabertos.camara.leg.br/api/v2/deputados/204380;Celina Leão;CELINA LEAO HIZIM FERREIRA;
204370;https://dadosabertos.camara.leg.br/api/v2/deputados/204370;Célio Moura;CELIO ALVES DE MOURA;
141405;https://dadosabertos.camara.leg.br/api/v2/deputados/141405;Celso Maldaner;CELSO MALDANER;
204490;https://dadosabertos.camara.leg.br/api/v2/deputados/204490;Charlles Evangelista;CHARLLES THOMACELLI EVANGELISTA;
141439;https://dadosabertos.camara.leg.br/api/v2/deputados/141439;Chico D'Angelo;FRANCISCO JOSÉ D'ANGELO PINTO;
178928;https://dadosabertos.camara.leg.br/api/v2/deputados/178928;Christiane de Souza Yared;CHRISTIANE DE SOUZA YARED;
204440;https://dadosabertos.camara.leg.br/api/v2/deputados/204440;Christino Aureo;CHRISTINO AUREO DA SILVA;
178939;https://dadosabertos.camara.leg.br/api/v2/deputados/178939;Clarissa Garotinho;CLARISSA BARROS ASSED MATHEUS DE OLIVEIRA;
135054;https://dadosabertos.camara.leg.br/api/v2/deputados/135054;Cristiano Vale;CRISTIANO DUTRA VALE;
178916;https://dadosabertos.camara.leg.br/api/v2/deputados/178916;Daniel Coelho;DANIEL PIRES COELHO;
204454;https://dadosabertos.camara.leg.br/api/v2/deputados/204454;Daniel Silveira;DANIEL LUCIO DA SILVEIRA;
160528;https://dadosabertos.camara.leg.br/api/v2/deputados/160528;Danilo Cabral;DANILO JORGE DE BARROS CABRAL;
73891;https://dadosabertos.camara.leg.br/api/v2/deputados/73891;Darcísio Perondi;DARCÍSIO PAULO PERONDI;
205548;https://dadosabertos.camara.leg.br/api/v2/deputados/205548;David Miranda;DAVID MICHAEL DOS SANTOS MIRANDA;
204451;https://dadosabertos.camara.leg.br/api/v2/deputados/204451;Delegado Antônio Furtado;ANTÔNIO DA LUZ FURTADO;
204569;https://dadosabertos.camara.leg.br/api/v2/deputados/204569;Delegado Pablo;PABLO OLIVA SOUZA;
164359;https://dadosabertos.camara.leg.br/api/v2/deputados/164359;Delegado Waldir;WALDIR SOARES DE OLIVEIRA;
204542;https://dadosabertos.camara.leg.br/api/v2/deputados/204542;Denis Bezerra;DENIS ANDERSON DA ROCHA BEZERRA;
213856;https://dadosabertos.camara.leg.br/api/v2/deputados/213856;Deuzinho Filho;FRANCISCO DEUZINHO DE OLIVEIRA FILHO;
213854;https://dadosabertos.camara.leg.br/api/v2/deputados/213854;Dr. Agripino Magalhães;AGRIPINO RODRIGUES GOMES MAGALHÃES;
213679;https://dadosabertos.camara.leg.br/api/v2/deputados/213679;Dr. João;JOÃO ANTONIO HOLANDA CALDAS;
204439;https://dadosabertos.camara.leg.br/api/v2/deputados/204439;Dr. Leonardo;LEONARDO RIBEIRO ALBUQUERQUE;
178830;https://dadosabertos.camara.leg.br/api/v2/deputados/178830;Dr. Sinval Malheiros;SINVAL MALHEIROS PINTO JÚNIOR;
81297;https://dadosabertos.camara.leg.br/api/v2/deputados/81297;Dra. Soraya Manato;SORAYA DE SOUZA MANNATO;
204434;https://dadosabertos.camara.leg.br/api/v2/deputados/204434;Dra. Vanda Milani;VANDA DENIR MILANI NOGUEIRA;
178994;https://dadosabertos.camara.leg.br/api/v2/deputados/178994;Dulce Miranda;DULCE FERREIRA PAGANI MIRANDA;
204562;https://dadosabertos.camara.leg.br/api/v2/deputados/204562;Edilázio Júnior;EDILAZIO GOMES DA SILVA JUNIOR;
141417;https://dadosabertos.camara.leg.br/api/v2/deputados/141417;Edio Lopes;ÉDIO VIEIRA LOPES;
134812;https://dadosabertos.camara.leg.br/api/v2/deputados/134812;Edmilson Rodrigues;EDMILSON BRITO RODRIGUES;
204421;https://dadosabertos.camara.leg.br/api/v2/deputados/204421;Edna Henrique;EDNACE ALVES SILVESTRE HENRIQUE;
74655;https://dadosabertos.camara.leg.br/api/v2/deputados/74655;Eduardo Barbosa;EDUARDO LUIZ BARROS BARBOSA;
204552;https://dadosabertos.camara.leg.br/api/v2/deputados/204552;Eduardo Braide;EDUARDO SALIM BRAIDE;
204500;https://dadosabertos.camara.leg.br/api/v2/deputados/204500;Eduardo Costa;JOSE EDUARDO PEREIRA DA COSTA;
178977;https://dadosabertos.camara.leg.br/api/v2/deputados/178977;Eduardo Cury;EDUARDO PEDROSA CURY;
141422;https://dadosabertos.camara.leg.br/api/v2/deputados/141422;Efraim Filho;EFRAIM DE ARAÚJO MORAIS FILHO;
154919;https://dadosabertos.camara.leg.br/api/v2/deputados/154919;Eleuses Paiva;ELEUSES VIEIRA DE PAIVA;
160532;https://dadosabertos.camara.leg.br/api/v2/deputados/160532;Eli Corrêa Filho;ADRIANO ELI CORRÊA;
204389;https://dadosabertos.camara.leg.br/api/v2/deputados/204389;Elias Vaz;ELIAS VAZ DE ANDRADE;
221149;https://dadosabertos.camara.leg.br/api/v2/deputados/221149;Elói Pietá;ELOI ALFREDO PIETA;
207309;https://dadosabertos.camara.leg.br/api/v2/deputados/207309;Enéias Reis;ENEIAS JOSÉ DOS REIS;
204537;https://dadosabertos.camara.leg.br/api/v2/deputados/204537;Enrico Misasi;ENRICO VAN BLARCUM DE GRAAFF MISASI;
178953;https://dadosabertos.camara.leg.br/api/v2/deputados/178953;Expedito Netto;EXPEDITO GONCALVES FERREIRA NETTO;
211866;https://dadosabertos.camara.leg.br/api/v2/deputados/211866;Fabiano Tolentino;FABIANO GALLETTI TOLENTINO;
219920;https://dadosabertos.camara.leg.br/api/v2/deputados/219920;Fabio Barros;FABIO BARROS E SILVA;
141428;https://dadosabertos.camara.leg.br/api/v2/deputados/141428;Fábio Faria;FÁBIO SALUSTINO MESQUITA DE FARIA;
178969;https://dadosabertos.camara.leg.br/api/v2/deputados/178969;Fábio Mitidieri;FABIO CRUZ MITIDIERI;
141427;https://dadosabertos.camara.leg.br/api/v2/deputados/141427;Fábio Ramalho;FÁBIO AUGUSTO RAMALHO DOS SANTOS;
160587;https://dadosabertos.camara.leg.br/api/v2/deputados/160587;Fábio Trad;FÁBIO RICARDO TRAD;
204477;https://dadosabertos.camara.leg.br/api/v2/deputados/204477;Felício Laterça;FELÍCIO LATERÇA DE ALMEIDA;
204371;https://dadosabertos.camara.leg.br/api/v2/deputados/204371;Felipe Rigoni;FELIPE RIGONI LOPES;
212504;https://dadosabertos.camara.leg.br/api/v2/deputados/212504;Fernando Borja;FERNANDO BORJA PINTO;
204354;https://dadosabertos.camara.leg.br/api/v2/deputados/204354;Flávia Arruda;FLÁVIA CAROLINA PÉRES;
141434;https://dadosabertos.camara.leg.br/api/v2/deputados/141434;Flaviano Melo;FLAVIANO FLÁVIO BAPTISTA DE MELO;
204447;https://dadosabertos.camara.leg.br/api/v2/deputados/204447;Flordelis;FLORDELIS DOS SANTOS DE SOUZA;
204392;https://dadosabertos.camara.leg.br/api/v2/deputados/204392;Francisco Jr.;FRANCISCO RODRIGUES VALE JUNIOR;
204510;https://dadosabertos.camara.leg.br/api/v2/deputados/204510;Franco Cartafina;FRANCO CARTAFINA GOMES;
204393;https://dadosabertos.camara.leg.br/api/v2/deputados/204393;Frei Anastacio Ribeiro;ANTONIO RIBEIRO;
74200;https://dadosabertos.camara.leg.br/api/v2/deputados/74200;Gastão Vieira;GASTÃO DIAS VIEIRA;
115746;https://dadosabertos.camara.leg.br/api/v2/deputados/115746;Gelson Azevedo;GELSON DE AZEVEDO ALMEIDA;
160669;https://dadosabertos.camara.leg.br/api/v2/deputados/160669;Genecias Noronha;GENECIAS MATEUS NORONHA;
204484;https://dadosabertos.camara.leg.br/api/v2/deputados/204484;General Peternelli;ROBERTO SEBASTIÃO PETERNELLI JUNIOR;
204527;https://dadosabertos.camara.leg.br/api/v2/deputados/204527;Geninho Zuliani;EUGENIO JOSÉ ZULIANI;
204575;https://dadosabertos.camara.leg.br/api/v2/deputados/204575;Gil Cutrim;GILLIANO FRED NASCIMENTO CUTRIM;
178996;https://dadosabertos.camara.leg.br/api/v2/deputados/178996;Giovani Feltes;GIOVANI BATISTA FELTES;
74419;https://dadosabertos.camara.leg.br/api/v2/deputados/74419;Gonzaga Patriota;LUIZ GONZAGA PATRIOTA;
204513;https://dadosabertos.camara.leg.br/api/v2/deputados/204513;Guiga Peixoto;JOSÉ GUILHERME NEGRÃO PEIXOTO;
160667;https://dadosabertos.camara.leg.br/api/v2/deputados/160667;Guilherme Mussi;GUILHERME MUSSI FERREIRA;
204442;https://dadosabertos.camara.leg.br/api/v2/deputados/204442;Gurgel;JOÃO CARLOS SOARES GURGEL;
73460;https://dadosabertos.camara.leg.br/api/v2/deputados/73460;Gustavo Fruet;GUSTAVO BONATO FRUET;
204465;https://dadosabertos.camara.leg.br/api/v2/deputados/204465;Haroldo Cathedral;HAROLDO ALVES CAMPOS;
204548;https://dadosabertos.camara.leg.br/api/v2/deputados/204548;Heitor Freire;HEITOR RODRIGO PEREIRA FREIRE;
204373;https://dadosabertos.camara.leg.br/api/v2/deputados/204373;Hélio Costa;HÉLIO FRANCISCO DA COSTA;
217036;https://dadosabertos.camara.leg.br/api/v2/deputados/217036;Henrique do Paraíso;HENRIQUE STEIN SCIASCIO;
73482;https://dadosabertos.camara.leg.br/api/v2/deputados/73482;Henrique Fontana;HENRIQUE FONTANA JÚNIOR;
178981;https://dadosabertos.camara.leg.br/api/v2/deputados/178981;Herculano Passos;HERCULANO CASTILHO PASSOS JUNIOR;
73772;https://dadosabertos.camara.leg.br/api/v2/deputados/73772;Hermes Parcianello;HERMES PARCIANELLO;
178959;https://dadosabertos.camara.leg.br/api/v2/deputados/178959;Hiran Gonçalves;HIRAN MANUEL GONCALVES DA SILVA;
204564;https://dadosabertos.camara.leg.br/api/v2/deputados/204564;Igor Kannário;ANDERSON MACHADO DE JESUS;
67138;https://dadosabertos.camara.leg.br/api/v2/deputados/67138;Iracema Portella;IRACEMA MARIA PORTELLA NUNES NOGUEIRA LIMA;
108338;https://dadosabertos.camara.leg.br/api/v2/deputados/108338;Jaqueline Cassol;DIRLAINE JAQUELINE CASSOL;
160570;https://dadosabertos.camara.leg.br/api/v2/deputados/160570;Jerônimo Goergen;JERÔNIMO PIZZOLOTTO GOERGEN;
178839;https://dadosabertos.camara.leg.br/api/v2/deputados/178839;Jéssica Sales;JESSICA ROJAS SALES;
204435;https://dadosabertos.camara.leg.br/api/v2/deputados/204435;Jesus Sérgio;JESUS SERGIO DE MENEZES;
178842;https://dadosabertos.camara.leg.br/api/v2/deputados/178842;Jhc;JOAO HENRIQUE HOLANDA CALDAS;
74366;https://dadosabertos.camara.leg.br/api/v2/deputados/74366;João Campos;JOÃO CAMPOS DE ARAÚJO;
204429;https://dadosabertos.camara.leg.br/api/v2/deputados/204429;João H. Campos;JOÃO HENRIQUE DE ANDRADE LIMA CAMPOS;
112437;https://dadosabertos.camara.leg.br/api/v2/deputados/112437;João Marcelo Souza;JOÃO MARCELO SANTOS SOUZA;
204576;https://dadosabertos.camara.leg.br/api/v2/deputados/204576;João Roma;JOÃO INÁCIO RIBEIRO ROMA NETO;
214865;https://dadosabertos.camara.leg.br/api/v2/deputados/214865;Joceval Rodrigues;JOCEVAL RODRIGUES DOS SANTOS;
204468;https://dadosabertos.camara.leg.br/api/v2/deputados/204468;Joenia Wapichana;JOENIA BATISTA DE CARVALHO;
204546;https://dadosabertos.camara.leg.br/api/v2/deputados/204546;Joice Hasselmann;JOICE CRISTINA HASSELMANN;
218245;https://dadosabertos.camara.leg.br/api/v2/deputados/218245;Jorielson;JORIELSON BRITO NASCIMENTO;
204386;https://dadosabertos.camara.leg.br/api/v2/deputados/204386;Jose Mario Schreiner;JOSE MARIO SCHREINER;
160619;https://dadosabertos.camara.leg.br/api/v2/deputados/160619;José Nunes;JOSÉ NUNES SOARES;
204555;https://dadosabertos.camara.leg.br/api/v2/deputados/204555;José Ricardo;JOSÉ RICARDO WENDLING;
204420;https://dadosabertos.camara.leg.br/api/v2/deputados/204420;Julian Lemos;GULLIEM CHARLES BEZERRA LEMOS;
73586;https://dadosabertos.camara.leg.br/api/v2/deputados/73586;Júlio Delgado;JÚLIO CÉSAR DELGADO;
151208;https://dadosabertos.camara.leg.br/api/v2/deputados/151208;Laercio Oliveira;LAERCIO JOSÉ DE OLIVEIRA;
141478;https://dadosabertos.camara.leg.br/api/v2/deputados/141478;Laerte Bessa;LAERTE RODRIGUES DE BESSA;
160534;https://dadosabertos.camara.leg.br/api/v2/deputados/160534;Lauriete;LAURIETE RODRIGUES DE JESUS;
204375;https://dadosabertos.camara.leg.br/api/v2/deputados/204375;Leda Sadala;LEDA MARIA SADALA BRITO;
178825;https://dadosabertos.camara.leg.br/api/v2/deputados/178825;Leo de Brito;LEONARDO CUNHA DE BRITO;
204359;https://dadosabertos.camara.leg.br/api/v2/deputados/204359;Léo Moraes;LEONARDO BARRETO DE MORAES;
204547;https://dadosabertos.camara.leg.br/api/v2/deputados/204547;Léo Motta;ELIEL MÁRCIO DO CARMO;
74254;https://dadosabertos.camara.leg.br/api/v2/deputados/74254;Leonardo Picciani;LEONARDO CARNEIRO MONTEIRO PICCIANI;
204405;https://dadosabertos.camara.leg.br/api/v2/deputados/204405;Liziane Bayer;LIZIANE BAYER DA COSTA;
204382;https://dadosabertos.camara.leg.br/api/v2/deputados/204382;Loester Trutis;LOESTER CARLOS GOMES DE SOUZA;
196358;https://dadosabertos.camara.leg.br/api/v2/deputados/196358;Lourival Gomes;LOURIVAL GOMES DE ALMEIDA;
219592;https://dadosabertos.camara.leg.br/api/v2/deputados/219592;Lucas Follador;LUCAS FOLLADOR;
204523;https://dadosabertos.camara.leg.br/api/v2/deputados/204523;Lucas Gonzalez;LUCAS DE VASCONCELOS GONZALEZ;
178879;https://dadosabertos.camara.leg.br/api/v2/deputados/178879;Lucas Vergilio;LUCAS DE CASTRO SANTOS;
204381;https://dadosabertos.camara.leg.br/api/v2/deputados/204381;Luis Miranda;LUIS CLAUDIO FERNANDES MIRANDA;
160645;https://dadosabertos.camara.leg.br/api/v2/deputados/160645;Luiz Carlos;LUIZ CARLOS GOMES DOS SANTOS JUNIOR;
204543;https://dadosabertos.camara.leg.br/api/v2/deputados/204543;Luiz Flávio Gomes;LUIZ FLAVIO GOMES;
178982;https://dadosabertos.camara.leg.br/api/v2/deputados/178982;Luiz Lauro Filho;LUIZ LAURO FERREIRA FILHO;
204418;https://dadosabertos.camara.leg.br/api/v2/deputados/204418;Luizão Goulart;LUIZ GOULARTE ALVES;
151965;https://dadosabertos.camara.leg.br/api/v2/deputados/151965;Maia Filho;JOSÉ DE ANDRADE MAIA FILHO;
204458;https://dadosabertos.camara.leg.br/api/v2/deputados/204458;Major Fabiana;FABIANA SILVA DE SOUZA;
179587;https://dadosabertos.camara.leg.br/api/v2/deputados/179587;Major Vitor Hugo;VITOR HUGO DE ARAUJO ALMEIDA;
204469;https://dadosabertos.camara.leg.br/api/v2/deputados/204469;Manuel Marcos;MANUEL MARCOS CARVALHO DE MESQUITA;
204471;https://dadosabertos.camara.leg.br/api/v2/deputados/204471;Mara Rocha;CYLMARA FERNANDES DA ROCHA GRIPP;
212749;https://dadosabertos.camara.leg.br/api/v2/deputados/212749;Marcão Gomes;MARCUS WELBER GOMES DA SILVA;
146788;https://dadosabertos.camara.leg.br/api/v2/deputados/146788;Marcelo Aro;MARCELO GUILHERME DE ARO FERREIRA;
205863;https://dadosabertos.camara.leg.br/api/v2/deputados/205863;Marcelo Brum;MARCELO DE BRUM DA COSTA;
76874;https://dadosabertos.camara.leg.br/api/v2/deputados/76874;Marcelo Freixo;MARCELO RIBEIRO FREIXO;
204556;https://dadosabertos.camara.leg.br/api/v2/deputados/204556;Marcelo Ramos;MARCELO RAMOS RODRIGUES;
118594;https://dadosabertos.camara.leg.br/api/v2/deputados/118594;Marcelo Squassoni;MARCELO SQUASSONI;
221147;https://dadosabertos.camara.leg.br/api/v2/deputados/221147;Marcia Scherer;MARCIA SCHERER;
221183;https://dadosabertos.camara.leg.br/api/v2/deputados/221183;Márcio Dória;MARCIO SANTANA DORIA;
204452;https://dadosabertos.camara.leg.br/api/v2/deputados/204452;Márcio Labre;MÁRCIO DA SILVEIRA LABRE;
160542;https://dadosabertos.camara.leg.br/api/v2/deputados/160542;Márcio Macêdo;MÁRCIO COSTA MACÊDO;
133373;https://dadosabertos.camara.leg.br/api/v2/deputados/133373;Marco Maia;MARCO AURÉLIO SPALL MAIA;
204011;https://dadosabertos.camara.leg.br/api/v2/deputados/204011;Marcos Pacco;MARCOS PACCO RIBEIRO COELHO;
204430;https://dadosabertos.camara.leg.br/api/v2/deputados/204430;Margarete Coelho;MARGARETE DE CASTRO COELHO;
171619;https://dadosabertos.camara.leg.br/api/v2/deputados/171619;Margarida Salomão;MARIA MARGARIDA MARTINS SALOMÃO;
178956;https://dadosabertos.camara.leg.br/api/v2/deputados/178956;Mariana Carvalho;MARIANA FONSECA RIBEIRO CARVALHO DE MORAES;
204428;https://dadosabertos.camara.leg.br/api/v2/deputados/204428;Marília Arraes;MARÍLIA VALENÇA ROCHA ARRAES DE ALENCAR;
204432;https://dadosabertos.camara.leg.br/api/v2/deputados/204432;Marina Santos;MARINA SANTOS BATISTA DIAS;
204403;https://dadosabertos.camara.leg.br/api/v2/deputados/204403;Marlon Santos;MARLON ARATOR SANTOS DA ROSA;
75431;https://dadosabertos.camara.leg.br/api/v2/deputados/75431;Maurício Dziedricki;MAURÍCIO ALEXANDRE DZIEDRICKI;
74749;https://dadosabertos.camara.leg.br/api/v2/deputados/74749;Mauro Lopes;MAURO RIBEIRO LOPES;
141508;https://dadosabertos.camara.leg.br/api/v2/deputados/141508;Mauro Nazif;MAURO NAZIF RASUL;
178984;https://dadosabertos.camara.leg.br/api/v2/deputados/178984;Miguel Haddad;MIGUEL MOUBADDA HADDAD;
92172;https://dadosabertos.camara.leg.br/api/v2/deputados/92172;Milton Coelho;MILTON COELHO DA SILVA NETO;
218879;https://dadosabertos.camara.leg.br/api/v2/deputados/218879;Nelho Bezerra;FRANCISCO NELHO BEZERRA;
74571;https://dadosabertos.camara.leg.br/api/v2/deputados/74571;Nelson Pellegrino;NELSON VICENTE PORTELA PELLEGRINO;
204415;https://dadosabertos.camara.leg.br/api/v2/deputados/204415;Nereu Crispim;NEREU CRISPIM;
146307;https://dadosabertos.camara.leg.br/api/v2/deputados/146307;Neri Geller;NERI GELLER;
74165;https://dadosabertos.camara.leg.br/api/v2/deputados/74165;Neucimar Fraga;NEUCIMAR FERREIRA FRAGA;
204384;https://dadosabertos.camara.leg.br/api/v2/deputados/204384;Ney Leprevost;NEY LEPREVOST NETO;
214445;https://dadosabertos.camara.leg.br/api/v2/deputados/214445;Nilson F. Stainsack;NILSON FRANCISCO STAINSACK;
74352;https://dadosabertos.camara.leg.br/api/v2/deputados/74352;Nilson Pinto;NILSON PINTO DE OLIVEIRA;
194260;https://dadosabertos.camara.leg.br/api/v2/deputados/194260;Nivaldo Albuquerque;NIVALDO FERREIRA DE ALBUQUERQUE NETO;
66179;https://dadosabertos.camara.leg.br/api/v2/deputados/66179;Norma Ayub;NORMA AYUB ALVES;
216198;https://dadosabertos.camara.leg.br/api/v2/deputados/216198;Norma Pereira;NORMA PETERMANN PEREIRA;
178868;https://dadosabertos.camara.leg.br/api/v2/deputados/178868;Odorico Monteiro;LUIZ ODORICO MONTEIRO DE ANDRADE;
74399;https://dadosabertos.camara.leg.br/api/v2/deputados/74399;Onyx Lorenzoni;ONYX DORNELLES LORENZONI;
204363;https://dadosabertos.camara.leg.br/api/v2/deputados/204363;Osires Damaso;OSIRES RODRIGUES DAMASO;
73463;https://dadosabertos.camara.leg.br/api/v2/deputados/73463;Osmar Serraglio;OSMAR JOSÉ SERRAGLIO;
141515;https://dadosabertos.camara.leg.br/api/v2/deputados/141515;Otavio Leite;OTAVIO SANTOS SILVA LEITE;
204475;https://dadosabertos.camara.leg.br/api/v2/deputados/204475;Ottaci Nascimento;JOSE OTACI BARROSO DO NASCIMENTO;
74319;https://dadosabertos.camara.leg.br/api/v2/deputados/74319;Paes Landim;JOSÉ FRANCISCO PAES LANDIM;
205535;https://dadosabertos.camara.leg.br/api/v2/deputados/205535;Patricia Ferraz;PATRICIA LIMA FERRAZ;
218741;https://dadosabertos.camara.leg.br/api/v2/deputados/218741;Patrick Dorneles;PATRICK TEIXEIRA DORNELES PIRES;
204377;https://dadosabertos.camara.leg.br/api/v2/deputados/204377;Paula Belmonte;PAULA MORENO PARO BELMONTE;
204538;https://dadosabertos.camara.leg.br/api/v2/deputados/204538;Paulo Bengtson;PAULO EDUARDO MAESTRI BENGTSON;
193726;https://dadosabertos.camara.leg.br/api/v2/deputados/193726;Paulo Eduardo Martins;PAULO EDUARDO LIMA MARTINS;
204461;https://dadosabertos.camara.leg.br/api/v2/deputados/204461;Paulo Ganime;PAULO GUSTAVO GANIME ALVES TEIXEIRA;
133968;https://dadosabertos.camara.leg.br/api/v2/deputados/133968;Paulo Ramos;Paulo Sérgio Ramos Barboza;
216544;https://dadosabertos.camara.leg.br/api/v2/deputados/216544;Paulo Vicente Caleffi;PAULO VICENTE CALEFFI;
90201;https://dadosabertos.camara.leg.br/api/v2/deputados/90201;Pedro Augusto Bezerra;PEDRO AUGUSTO GEROMEL BEZERRA DE MENEZES;
215045;https://dadosabertos.camara.leg.br/api/v2/deputados/215045;Pedro Augusto Palareti;PEDRO AUGUSTO PALARETI;
178912;https://dadosabertos.camara.leg.br/api/v2/deputados/178912;Pedro Cunha Lima;PEDRO OLIVEIRA CUNHA LIMA;
217330;https://dadosabertos.camara.leg.br/api/v2/deputados/217330;Pedro Dalua;PEDRO DOS SANTOS MARTINS;
178844;https://dadosabertos.camara.leg.br/api/v2/deputados/178844;Pedro Vilela;PEDRO TORRES BRANDÃO VILELA;
73943;https://dadosabertos.camara.leg.br/api/v2/deputados/73943;Perpétua Almeida;MARIA PERPÉTUA DE ALMEIDA;
204529;https://dadosabertos.camara.leg.br/api/v2/deputados/204529;Policial Katia Sastre;KATIA DA SILVA SASTRE;
204383;https://dadosabertos.camara.leg.br/api/v2/deputados/204383;Professor Israel Batista;ISRAEL MATOS BATISTA;
204446;https://dadosabertos.camara.leg.br/api/v2/deputados/204446;Professor Joziel;JOZIEL FERREIRA CARLOS;
204565;https://dadosabertos.camara.leg.br/api/v2/deputados/204565;Professora Dayane Pimentel;DAYANE JAMILLE CARNEIRO DOS SANTOS PIMENTEL;
160639;https://dadosabertos.camara.leg.br/api/v2/deputados/160639;Professora Dorinha Seabra Rezende;MARIA AUXILIADORA SEABRA REZENDE;
204467;https://dadosabertos.camara.leg.br/api/v2/deputados/204467;Professora Rosa Neide;ROSA NEIDE SANDES DE ALMEIDA;
215361;https://dadosabertos.camara.leg.br/api/v2/deputados/215361;Rachel Marques;RACHEL XIMENES MARQUES;
178951;https://dadosabertos.camara.leg.br/api/v2/deputados/178951;Rafael Motta;RAFAEL HUETE DA MOTTA;
216313;https://dadosabertos.camara.leg.br/api/v2/deputados/216313;Rafafá;RAFAEL PEREIRA SOUSA;
141523;https://dadosabertos.camara.leg.br/api/v2/deputados/141523;Raul Henry;RAUL JEAN LOUIS HENRY JÚNIOR;
178925;https://dadosabertos.camara.leg.br/api/v2/deputados/178925;Rejane Dias;REJANE RIBEIRO SOUSA DIAS;
211498;https://dadosabertos.camara.leg.br/api/v2/deputados/211498;Renato Santana;RENATO SANTANA DA SILVA;
215042;https://dadosabertos.camara.leg.br/api/v2/deputados/215042;Ricardo da Karol;RICARDO CORREA DE BARROS;
160655;https://dadosabertos.camara.leg.br/api/v2/deputados/160655;Ricardo Izar;RICARDO IZAR JUNIOR;
211649;https://dadosabertos.camara.leg.br/api/v2/deputados/211649;Ricardo Pericar;RICARDO DE SOUZA COSTA;
178920;https://dadosabertos.camara.leg.br/api/v2/deputados/178920;Ricardo Teobaldo;RICARDO TEOBALDO CAVALCANTI;
152610;https://dadosabertos.camara.leg.br/api/v2/deputados/152610;Roberto Alves;BENEDITO ROBERTO ALVES FERREIRA;
160653;https://dadosabertos.camara.leg.br/api/v2/deputados/160653;Roberto de Lucena;ROBERTO ALVES DE LUCENA;
74305;https://dadosabertos.camara.leg.br/api/v2/deputados/74305;Roberto Pessoa;ROBERTO SOARES PESSOA;
204530;https://dadosabertos.camara.leg.br/api/v2/deputados/204530;Rodrigo Agostinho;RODRIGO ANTONIO DE AGOSTINHO MENDONÇA;
204366;https://dadosabertos.camara.leg.br/api/v2/deputados/204366;Rodrigo Coelho;RODRIGO COELHO;
74693;https://dadosabertos.camara.leg.br/api/v2/deputados/74693;Rodrigo Maia;RODRIGO FELINTO IBARRA EPITÁCIO MAIA;
160651;https://dadosabertos.camara.leg.br/api/v2/deputados/160651;Rogério Peninha Mendonça;ROGÉRIO MENDONÇA;
178930;https://dadosabertos.camara.leg.br/api/v2/deputados/178930;Roman;EVANDRO ROGERIO ROMAN;
178861;https://dadosabertos.camara.leg.br/api/v2/deputados/178861;Ronaldo Carletto;RONALDO CARLETTO;
122466;https://dadosabertos.camara.leg.br/api/v2/deputados/122466;Ronaldo Martins;RONALDO MANCHADO MARTINS;
204357;https://dadosabertos.camara.leg.br/api/v2/deputados/204357;Rose Modesto;ROSIANE MODESTO DE OLIVEIRA;
178935;https://dadosabertos.camara.leg.br/api/v2/deputados/178935;Rossoni;VALDIR LUIZ ROSSONI;
214477;https://dadosabertos.camara.leg.br/api/v2/deputados/214477;RRenato Queiroz;RENATO ANDRADE QUEIROZ;
73466;https://dadosabertos.camara.leg.br/api/v2/deputados/73466;Rubens Bueno;RUBENS BUENO;
221157;https://dadosabertos.camara.leg.br/api/v2/deputados/221157;Rui Godinho;RUI GODINHO DA MOTA;
178990;https://dadosabertos.camara.leg.br/api/v2/deputados/178990;Samuel Moreira;SAMUEL MOREIRA DA SILVA JUNIOR;
90842;https://dadosabertos.camara.leg.br/api/v2/deputados/90842;Santini;RONALDO SANTINI;
219599;https://dadosabertos.camara.leg.br/api/v2/deputados/219599;Sargento Alexandre;FRANCISCO ALEXANDRE FILHO;
204399;https://dadosabertos.camara.leg.br/api/v2/deputados/204399;Schiavinato;JOSE CARLOS SCHIAVINATO;
178921;https://dadosabertos.camara.leg.br/api/v2/deputados/178921;Sebastião Oliveira;SEBASTIAO IGNACIO DE OLIVEIRA JUNIOR;
204438;https://dadosabertos.camara.leg.br/api/v2/deputados/204438;Sergio Toledo;SERGIO TOLEDO DE ALBUQUERQUE;
178874;https://dadosabertos.camara.leg.br/api/v2/deputados/178874;Sergio Vidigal;ANTONIO SERGIO ALVES VIDIGAL;
167614;https://dadosabertos.camara.leg.br/api/v2/deputados/167614;Severino Ninho;SEVERINO DE SOUZA SILVA;
204437;https://dadosabertos.camara.leg.br/api/v2/deputados/204437;Severino Pessoa;SEVERINO DE LIRA PESSÔA;
178961;https://dadosabertos.camara.leg.br/api/v2/deputados/178961;Shéridan;SHÉRIDAN ESTÉRFANY OLIVEIRA RAMOS;
168175;https://dadosabertos.camara.leg.br/api/v2/deputados/168175;Simplício Araújo;JOSE SIMPLICIO ALVES DE ARAUJO;
177282;https://dadosabertos.camara.leg.br/api/v2/deputados/177282;Subtenente Gonzaga;LUIZ GONZAGA RIBEIRO;
178922;https://dadosabertos.camara.leg.br/api/v2/deputados/178922;Tadeu Alencar;FRANCISCO TADEU BARBOSA DE ALENCAR;
74806;https://dadosabertos.camara.leg.br/api/v2/deputados/74806;Tadeu Filippelli;NELSON TADEU FILIPPELLI;
206231;https://dadosabertos.camara.leg.br/api/v2/deputados/206231;Ted Conti;JOÃO BATISTA CONTI;
178901;https://dadosabertos.camara.leg.br/api/v2/deputados/178901;Tereza Cristina;TEREZA CRISTINA CORREA DA COSTA DIAS;
204466;https://dadosabertos.camara.leg.br/api/v2/deputados/204466;Tereza Nelma;TEREZA NELMA DA SILVA PORTO VIANA SOARES;
180018;https://dadosabertos.camara.leg.br/api/v2/deputados/180018;Thiago Cartaxo;ANTHONY THIAGO CARTAXO FERREIRA;
178862;https://dadosabertos.camara.leg.br/api/v2/deputados/178862;Tia Eron;ERONILDES VASCONCELOS CARVALHO;
219568;https://dadosabertos.camara.leg.br/api/v2/deputados/219568;Tiago Andrino;TIAGO DE PAULA ANDRINO;
204519;https://dadosabertos.camara.leg.br/api/v2/deputados/204519;Tiago Mitraud;TIAGO LIMA MITRAUD DE CASTRO LEITE;
197438;https://dadosabertos.camara.leg.br/api/v2/deputados/197438;Tito;CARLOS TITO MARQUES CORDEIRO;
216545;https://dadosabertos.camara.leg.br/api/v2/deputados/216545;Totonho Lopes;FRANCISCO ANTONIO LOPES DE PAULA BEZERRA;
178863;https://dadosabertos.camara.leg.br/api/v2/deputados/178863;Uldurico Junior;ULDURICO ALENCAR PINTO;
195866;https://dadosabertos.camara.leg.br/api/v2/deputados/195866;Vaidon Oliveira;FRANCISCO VAIDON OLIVEIRA;
204385;https://dadosabertos.camara.leg.br/api/v2/deputados/204385;Valdevan Noventa;José Valdevan de Jesus Santos;
141552;https://dadosabertos.camara.leg.br/api/v2/deputados/141552;Valtenir Pereira;VALTENIR LUIZ PEREIRA;
141553;https://dadosabertos.camara.leg.br/api/v2/deputados/141553;Vanderlei Macris;VANDERLEI MACRIS;
204505;https://dadosabertos.camara.leg.br/api/v2/deputados/204505;Vavá Martins;WAGNER BACH MARTINS;
178888;https://dadosabertos.camara.leg.br/api/v2/deputados/178888;Victor Mendes;CARLOS VICTOR GUTERRES MENDES;
204483;https://dadosabertos.camara.leg.br/api/v2/deputados/204483;Vilson da Fetaemg;VILSON LUIZ DA SILVA;
204478;https://dadosabertos.camara.leg.br/api/v2/deputados/204478;Vinicius Farah;VINICIUS MEDEIROS FARAH;
204532;https://dadosabertos.camara.leg.br/api/v2/deputados/204532;Vinicius Poit;VINICIUS LAZZER POIT;
215044;https://dadosabertos.camara.leg.br/api/v2/deputados/215044;Vivi Reis;VIVIANE DA COSTA REIS;
178952;https://dadosabertos.camara.leg.br/api/v2/deputados/178952;Walter Alves;WALTER PEREIRA ALVES;
204463;https://dadosabertos.camara.leg.br/api/v2/deputados/204463;Wladimir Garotinho;WLADIMIR BARROS ASSED MATHEUS DE OLIVEIRA;
74439;https://dadosabertos.camara.leg.br/api/v2/deputados/74439;Wolney Queiroz;WOLNEY QUEIROZ MACIEL;
191945;https://dadosabertos.camara.leg.br/api/v2/deputados/191945;Zé Augusto Nalin;JOSÉ AUGUSTO NALIN;
178889;https://dadosabertos.camara.leg.br/api/v2/deputados/178889;Zé Carlos;JOSÉ CARLOS NUNES JÚNIOR;
178923;https://dadosabertos.camara.leg.br/api/v2/deputados/178923;Zeca Cavalcanti;JOSE CAVALCANTI ALVES JUNIOR;
178957;https://dadosabertos.camara.leg.br/api/v2/deputados/178957;ABEL MESQUITA JR.;ABEL SALVADOR MESQUITA JUNIOR;
178864;https://dadosabertos.camara.leg.br/api/v2/deputados/178864;ADAIL CARNEIRO;JOSE ADAIL CARNEIRO SILVA;
178914;https://dadosabertos.camara.leg.br/api/v2/deputados/178914;ADALBERTO CAVALCANTI;ADALBERTO CAVALCANTI RODRIGUES;
178890;https://dadosabertos.camara.leg.br/api/v2/deputados/178890;ADELMO CARNEIRO LEÃO;ADELMO CARNEIRO LEAO;
178968;https://dadosabertos.camara.leg.br/api/v2/deputados/178968;ADELSON BARRETO;ADELSON BARRETO DOS SANTOS;
133374;https://dadosabertos.camara.leg.br/api/v2/deputados/133374;ADEMIR CAMILO;ADEMIR CAMILO PRATES RODRIGUES;
196359;https://dadosabertos.camara.leg.br/api/v2/deputados/196359;ADÉRMIS MARINI;ADERMIS MARINI JUNIOR;
178903;https://dadosabertos.camara.leg.br/api/v2/deputados/178903;ADILTON SACHETTI;ADILTON DOMINGOS SACHETTI;
160582;https://dadosabertos.camara.leg.br/api/v2/deputados/160582;ALBERTO FILHO;JOSÉ ALBERTO OLIVEIRA VELOSO FILHO;
73458;https://dadosabertos.camara.leg.br/api/v2/deputados/73458;ALEX CANZIANI;ALEX CANZIANI SILVEIRA;
178875;https://dadosabertos.camara.leg.br/api/v2/deputados/178875;ALEXANDRE BALDY;ALEXANDRE BALDY DE SANT'ANNA BRAGA;
178936;https://dadosabertos.camara.leg.br/api/v2/deputados/178936;ALEXANDRE VALLE;ALEXANDRE VALLE CARDOSO;
141454;https://dadosabertos.camara.leg.br/api/v2/deputados/141454;ALFREDO KAEFER;JACOB ALFREDO STOFFELS KAEFER;
178846;https://dadosabertos.camara.leg.br/api/v2/deputados/178846;ALFREDO NASCIMENTO;ALFREDO PEREIRA DO NASCIMENTO;
178973;https://dadosabertos.camara.leg.br/api/v2/deputados/178973;ANA PERUGINI;ANA LUCIA LIPPAUS PERUGINI;
160551;https://dadosabertos.camara.leg.br/api/v2/deputados/160551;ANDERSON FERREIRA;ANDERSON FERREIRA RODRIGUES;
195143;https://dadosabertos.camara.leg.br/api/v2/deputados/195143;ANDRÉ AMARAL;ANDRÉ AUGUSTO CASTRO DO AMARAL FILHO;
160543;https://dadosabertos.camara.leg.br/api/v2/deputados/160543;ANDRE MOURA;ANDRÉ LUIS DANTAS FERREIRA;
178974;https://dadosabertos.camara.leg.br/api/v2/deputados/178974;ANDRES SANCHEZ;ANDRES NAVARRO SANCHEZ;
192120;https://dadosabertos.camara.leg.br/api/v2/deputados/192120;ANGELA ALBINO;ANGELA ALBINO;
178837;https://dadosabertos.camara.leg.br/api/v2/deputados/178837;ANGELIM;RAIMUNDO ANGELIM VASCONCELOS;
74213;https://dadosabertos.camara.leg.br/api/v2/deputados/74213;ANTONIO BALHMANN;ANTONIO BALHMANN CARDOSO NUNES FILHO;
141383;https://dadosabertos.camara.leg.br/api/v2/deputados/141383;ANTONIO BULHÕES;ANTONIO CARLOS MARTINS DE BULHÕES;
73584;https://dadosabertos.camara.leg.br/api/v2/deputados/73584;ANTONIO CARLOS MENDES THAME;ANTONIO CARLOS DE MENDES THAME;
160530;https://dadosabertos.camara.leg.br/api/v2/deputados/160530;ANTONIO IMBASSAHY;ANTONIO JOSÉ IMBASSAHY DA SILVA;
178950;https://dadosabertos.camara.leg.br/api/v2/deputados/178950;ANTÔNIO JÁCOME;ANTONIO JACOME DE LIMA JUNIOR;
74103;https://dadosabertos.camara.leg.br/api/v2/deputados/74103;ARIOSTO HOLANDA;FRANCISCO ARIOSTO HOLANDA;
73434;https://dadosabertos.camara.leg.br/api/v2/deputados/73434;ARNALDO FARIA DE SÁ;ARNALDO FARIA DE SÁ;
160602;https://dadosabertos.camara.leg.br/api/v2/deputados/160602;ARNALDO JORDY;ARNALDO JORDY FIGUEIREDO;
74291;https://dadosabertos.camara.leg.br/api/v2/deputados/74291;ARNON BEZERRA;JOSÉ ARNON CRUZ BEZERRA DE MENEZES;
74833;https://dadosabertos.camara.leg.br/api/v2/deputados/74833;AROLDE DE OLIVEIRA;AROLDE DE OLIVEIRA;
178847;https://dadosabertos.camara.leg.br/api/v2/deputados/178847;ARTHUR VIRGÍLIO BISNETO;ARTHUR VIRGILIO DO CARMO RIBEIRO BISNETO;
74378;https://dadosabertos.camara.leg.br/api/v2/deputados/74378;ASSIS DO COUTO;ASSIS MIGUEL DO COUTO;
160581;https://dadosabertos.camara.leg.br/api/v2/deputados/160581;ASSIS MELO;ASSIS FLÁVIO DA SILVA MELO;
193165;https://dadosabertos.camara.leg.br/api/v2/deputados/193165;ÁTILA A. NUNES;ATILA ALEXANDRE NUNES PEREIRA;
73655;https://dadosabertos.camara.leg.br/api/v2/deputados/73655;AUGUSTO CARVALHO;AUGUSTO SILVEIRA DE CARVALHO;
178834;https://dadosabertos.camara.leg.br/api/v2/deputados/178834;BEBETO;ADALBERTO SOUZA GALVÃO;
74535;https://dadosabertos.camara.leg.br/api/v2/deputados/74535;BENITO GAMA;BENITO DA GAMA SANTOS;
74040;https://dadosabertos.camara.leg.br/api/v2/deputados/74040;BENJAMIN MARANHÃO;BENJAMIN GOMES MARANHÃO NETO;
178915;https://dadosabertos.camara.leg.br/api/v2/deputados/178915;BETINHO GOMES;HEBERTE LAMARCK GOMES DA SILVA;
73437;https://dadosabertos.camara.leg.br/api/v2/deputados/73437;BETO MANSUR;PAULO ROBERTO GOMES MANSUR;
178906;https://dadosabertos.camara.leg.br/api/v2/deputados/178906;BETO SALAME;ROBERTO SALAME FILHO;
74650;https://dadosabertos.camara.leg.br/api/v2/deputados/74650;BONIFÁCIO DE ANDRADA;BONIFÁCIO JOSÉ TAMM DE ANDRADA;
178999;https://dadosabertos.camara.leg.br/api/v2/deputados/178999;BRUNNY;BRUNIELE FERREIRA GOMES;
141394;https://dadosabertos.camara.leg.br/api/v2/deputados/141394;BRUNO ARAÚJO;BRUNO CAVALCANTI DE ARAÚJO;
178976;https://dadosabertos.camara.leg.br/api/v2/deputados/178976;BRUNO COVAS;BRUNO COVAS LOPES;
178938;https://dadosabertos.camara.leg.br/api/v2/deputados/178938;CABO DACIOLO;BENEVENUTO DACIOLO FONSECA DOS SANTOS;
178865;https://dadosabertos.camara.leg.br/api/v2/deputados/178865;CABO SABINO;FLAVIO ALVES SABINO;
105112;https://dadosabertos.camara.leg.br/api/v2/deputados/105112;CABUÇU BORGES;LUIZ GIONILSON PINHEIRO BORGES;
178853;https://dadosabertos.camara.leg.br/api/v2/deputados/178853;Caetano;LUIZ CARLOS CAETANO;
178891;https://dadosabertos.camara.leg.br/api/v2/deputados/178891;CAIO NARCIO;CAIO NARCIO RODRIGUES DA SILVEIRA;
194261;https://dadosabertos.camara.leg.br/api/v2/deputados/194261;CAJAR NARDES;CAJAR ONESIMO RIBEIRO NARDES;
205303;https://dadosabertos.camara.leg.br/api/v2/deputados/205303;CARLA STEPHANINI;CARLA CHARBEL STEPHANINI;
178958;https://dadosabertos.camara.leg.br/api/v2/deputados/178958;CARLOS ANDRADE;CARLOS AUGUSTO ANDRADE SILVA;
74474;https://dadosabertos.camara.leg.br/api/v2/deputados/74474;CARLOS EDUARDO CADOCA;CARLOS EDUARDO CINTRA DA COSTA PEREIRA;
74163;https://dadosabertos.camara.leg.br/api/v2/deputados/74163;CARLOS MANATO;CARLOS HUMBERTO MANNATO;
178900;https://dadosabertos.camara.leg.br/api/v2/deputados/178900;CARLOS MARUN;CARLOS EDUARDO XAVIER MARUN;
74651;https://dadosabertos.camara.leg.br/api/v2/deputados/74651;CARLOS MELLES;CARLOS DO CARMO ANDRADE MELLES;
73934;https://dadosabertos.camara.leg.br/api/v2/deputados/73934;CARLOS SOUZA;CARLOS ALBERTO CAVALCANTE DE SOUZA;
73568;https://dadosabertos.camara.leg.br/api/v2/deputados/73568;CELSO JACOB;CELSO ALENCAR RAMOS JACOB;
72912;https://dadosabertos.camara.leg.br/api/v2/deputados/72912;CELSO PANSERA;CELSO PANSERA;
160576;https://dadosabertos.camara.leg.br/api/v2/deputados/160576;CÉSAR HALUM;CESAR HANNA HALUM;
178838;https://dadosabertos.camara.leg.br/api/v2/deputados/178838;CÉSAR MESSIAS;CARLOS CESAR CORREIA DE MESSIAS;
73720;https://dadosabertos.camara.leg.br/api/v2/deputados/73720;CESAR SOUZA;César Antonio de Souza;
141440;https://dadosabertos.camara.leg.br/api/v2/deputados/141440;CHICO LOPES;FRANCISCO LOPES DA SILVA;
178841;https://dadosabertos.camara.leg.br/api/v2/deputados/178841;CÍCERO ALMEIDA;JOSÉ CÍCERO SOARES DE ALMEIDA;
178848;https://dadosabertos.camara.leg.br/api/v2/deputados/178848;CONCEIÇÃO SAMPAIO;MARIA DA CONCEICAO SAMPAIO MOURA;
205302;https://dadosabertos.camara.leg.br/api/v2/deputados/205302;CORONEL BITTENCOURT;ISAIAS FERREIRA BITTENCOURT;
194258;https://dadosabertos.camara.leg.br/api/v2/deputados/194258;CREUZA PEREIRA;CLEUZA PEREIRA DO NASCIMENTO;
93472;https://dadosabertos.camara.leg.br/api/v2/deputados/93472;CRISTIANE BRASIL;CRISTIANE BRASIL FRANCISCO;
178892;https://dadosabertos.camara.leg.br/api/v2/deputados/178892;DÂMINA PEREIRA;DAMINA DE CARVALHO PEREIRA;
144523;https://dadosabertos.camara.leg.br/api/v2/deputados/144523;DANIEL VILELA;DANIEL ELIAS CARVALHO VILELA;
141412;https://dadosabertos.camara.leg.br/api/v2/deputados/141412;DAVI ALVES SILVA JÚNIOR;DAVI ALVES SILVA JÚNIOR;
101309;https://dadosabertos.camara.leg.br/api/v2/deputados/101309;DAVIDSON MAGALHÃES;DAVIDSON DE MAGALHÃES SANTOS;
141413;https://dadosabertos.camara.leg.br/api/v2/deputados/141413;DÉCIO LIMA;DÉCIO NERY DE LIMA;
196357;https://dadosabertos.camara.leg.br/api/v2/deputados/196357;DEJORGE PATRÍCIO;DEJORGE PATRICIO DA SILVA;
178893;https://dadosabertos.camara.leg.br/api/v2/deputados/178893;DELEGADO EDSON MOREIRA;EDSON MOREIRA DA SILVA;
160646;https://dadosabertos.camara.leg.br/api/v2/deputados/160646;DELEGADO FRANCISCHINI;FERNANDO DESTITO FRANCISCHINI;
74172;https://dadosabertos.camara.leg.br/api/v2/deputados/74172;DELEY;WANDERLEY ALVES DE OLIVEIRA;
185500;https://dadosabertos.camara.leg.br/api/v2/deputados/185500;DEOCLIDES MACEDO;DEOCLIDES ANTONIO SANTOS NETO MACEDO;
178940;https://dadosabertos.camara.leg.br/api/v2/deputados/178940;DR. JOÃO;JOAO FERREIRA NETO;
160643;https://dadosabertos.camara.leg.br/api/v2/deputados/160643;DR. JORGE SILVA;JORGE SILVA;
141385;https://dadosabertos.camara.leg.br/api/v2/deputados/141385;DUARTE NOGUEIRA;ANTONIO DUARTE NOGUEIRA JÚNIOR;
73447;https://dadosabertos.camara.leg.br/api/v2/deputados/73447;EDINHO ARAÚJO;EDSON EDINHO COELHO ARAÚJO;
73793;https://dadosabertos.camara.leg.br/api/v2/deputados/73793;EDINHO BEZ;EDSON BEZ DE OLIVEIRA;
160578;https://dadosabertos.camara.leg.br/api/v2/deputados/160578;EDMAR ARRUDA;EDMAR DE SOUZA ARRUDA;
74173;https://dadosabertos.camara.leg.br/api/v2/deputados/74173;EDUARDO CUNHA;EDUARDO COSENTINO DA CUNHA;
181316;https://dadosabertos.camara.leg.br/api/v2/deputados/181316;ELIZEU DIONIZIO;ELIZEU DIONIZIO SOUZA DA SILVA;
178883;https://dadosabertos.camara.leg.br/api/v2/deputados/178883;ELIZIANE GAMA;ELIZIANE PEREIRA GAMA MELO;
99654;https://dadosabertos.camara.leg.br/api/v2/deputados/99654;ERIVELTON SANTANA;ERIVELTON LIMA SANTANA;
171782;https://dadosabertos.camara.leg.br/api/v2/deputados/171782;ERON BEZERRA;ERONILDO BRAGA BEZERRA;
160649;https://dadosabertos.camara.leg.br/api/v2/deputados/160649;ESPERIDIÃO AMIN;ESPERIDIÃO AMIN HELOU FILHO;
202915;https://dadosabertos.camara.leg.br/api/v2/deputados/202915;EURICELIA CARDOSO;EURICELIA MELO CARDOSO;
178828;https://dadosabertos.camara.leg.br/api/v2/deputados/178828;EVANDRO GUSSI;EVANDRO HERRERA BERTONE GUSSI;
178904;https://dadosabertos.camara.leg.br/api/v2/deputados/178904;EZEQUIEL FONSECA;EZEQUIEL ANGELO FONSECA;
178941;https://dadosabertos.camara.leg.br/api/v2/deputados/178941;EZEQUIEL TEIXEIRA;EZEQUIEL CORTAZ TEIXEIRA;
146829;https://dadosabertos.camara.leg.br/api/v2/deputados/146829;FABIANO HORTA;FABIANO TAQUES HORTA;
178877;https://dadosabertos.camara.leg.br/api/v2/deputados/178877;FÁBIO SOUSA;FABIO FERNANDES DE SOUSA;
190149;https://dadosabertos.camara.leg.br/api/v2/deputados/190149;FABRICIO OLIVEIRA;FABRICIO JOSÉ SATIRO DE OLIVEIRA;
141430;https://dadosabertos.camara.leg.br/api/v2/deputados/141430;FELIPE BORNIER;FELIPE LEONE BORNIER DE OLIVEIRA;
141429;https://dadosabertos.camara.leg.br/api/v2/deputados/141429;FELIPE MAIA;FELIPE CATALÃO MAIA;
205234;https://dadosabertos.camara.leg.br/api/v2/deputados/205234;FELIPE SOUZA;LUIS FELIPE SILVA DE SOUZA;
163831;https://dadosabertos.camara.leg.br/api/v2/deputados/163831;FERNANDO JORDÃO;FERNANDO ANTÔNIO CECILIANO JORDÃO;
73481;https://dadosabertos.camara.leg.br/api/v2/deputados/73481;FERNANDO MARRONI;FERNANDO STEPHAN MARRONI;
160676;https://dadosabertos.camara.leg.br/api/v2/deputados/160676;FERNANDO TORRES;FERNANDO DANTAS TORRES;
178978;https://dadosabertos.camara.leg.br/api/v2/deputados/178978;FLAVINHO;FLAVIO AUGUSTO DA SILVA;
178979;https://dadosabertos.camara.leg.br/api/v2/deputados/178979;FLORIANO PESARO;ANTONIO FLORIANO PEREIRA PESARO;
178907;https://dadosabertos.camara.leg.br/api/v2/deputados/178907;FRANCISCO CHAPADINHA;FRANCISCO ALVES DE AGUIAR;
160677;https://dadosabertos.camara.leg.br/api/v2/deputados/160677;FRANCISCO FLORIANO;FRANCISCO FLORIANO DE SOUSA SILVA;
186775;https://dadosabertos.camara.leg.br/api/v2/deputados/186775;FRANKLIN;FRANKLIN ROBERTO DE LIMA SOUZA;
74189;https://dadosabertos.camara.leg.br/api/v2/deputados/74189;FREIRE JÚNIOR;JOSÉ DOS SANTOS FREIRE JÚNIOR;
204651;https://dadosabertos.camara.leg.br/api/v2/deputados/204651;FREITAS DO PT;MILNE FREITAS SOUZA;
129037;https://dadosabertos.camara.leg.br/api/v2/deputados/129037;GABRIEL GUIMARÃES;GABRIEL GUIMARÃES DE ANDRADE;
141441;https://dadosabertos.camara.leg.br/api/v2/deputados/141441;GEORGE HILTON;GEORGE HILTON DOS SANTOS CECÍLIO;
74077;https://dadosabertos.camara.leg.br/api/v2/deputados/74077;GIOVANNI QUEIROZ;GIOVANNI CORRÊA QUEIROZ;
178878;https://dadosabertos.camara.leg.br/api/v2/deputados/178878;GIUSEPPE VECCI;GIUSEPPE VECCI;
74558;https://dadosabertos.camara.leg.br/api/v2/deputados/74558;GIVALDO CARIMBÃO;GIVALDO DE SÁ GOUVEIA;
178872;https://dadosabertos.camara.leg.br/api/v2/deputados/178872;GIVALDO VIEIRA;GIVALDO VIEIRA DA SILVA;
178980;https://dadosabertos.camara.leg.br/api/v2/deputados/178980;GOULART;ANTONIO GOULART DOS REIS;
194259;https://dadosabertos.camara.leg.br/api/v2/deputados/194259;GUILHERME COELHO;GUILHERME CRUZ DE SOUZA COELHO;
205298;https://dadosabertos.camara.leg.br/api/v2/deputados/205298;GUSTAVO MITRE;GUSTAVO MARQUES CARVALHO MITRE;
97707;https://dadosabertos.camara.leg.br/api/v2/deputados/97707;HERÁCLITO FORTES;HERÁCLITO DE SOUSA FORTES;
160596;https://dadosabertos.camara.leg.br/api/v2/deputados/160596;HEULER CRUVINEL;HEULER ABREU CRUVINEL;
178849;https://dadosabertos.camara.leg.br/api/v2/deputados/178849;HISSA ABRAHÃO;HISSA NAGIB ABRAHAO FILHO;
194592;https://dadosabertos.camara.leg.br/api/v2/deputados/194592;ILDON MARQUES;ILDON MARQUES DE SOUZA;
141389;https://dadosabertos.camara.leg.br/api/v2/deputados/141389;INDIO DA COSTA;ANTONIO PEDRO INDIO DA COSTA;
81232;https://dadosabertos.camara.leg.br/api/v2/deputados/81232;IRAJÁ ABREU;IRAJÁ SILVESTRE FILHO;
178855;https://dadosabertos.camara.leg.br/api/v2/deputados/178855;IRMÃO LAZARO;ANTONIO LAZARO SILVA;
4931;https://dadosabertos.camara.leg.br/api/v2/deputados/4931;IZALCI LUCAS;IZALCI LUCAS FERREIRA;
196378;https://dadosabertos.camara.leg.br/api/v2/deputados/196378;IZAQUE SILVA;IZAQUE JOSE DA SILVA;
74665;https://dadosabertos.camara.leg.br/api/v2/deputados/74665;JAIME MARTINS;JAIME MARTINS FILHO;
74847;https://dadosabertos.camara.leg.br/api/v2/deputados/74847;JAIR BOLSONARO;JAIR MESSIAS BOLSONARO;
73926;https://dadosabertos.camara.leg.br/api/v2/deputados/73926;JANETE CAPIBERIBE;JANETE MARIA GÓES CAPIBERIBE;
131943;https://dadosabertos.camara.leg.br/api/v2/deputados/131943;JARBAS VASCONCELOS;Jarbas de Andrade Vasconcelos;
160672;https://dadosabertos.camara.leg.br/api/v2/deputados/160672;Jean Wyllys;JEAN WYLLYS DE MATOS SANTOS;
141503;https://dadosabertos.camara.leg.br/api/v2/deputados/141503;JÔ MORAES;MARIA DO SOCORRO JÔ MORAES;
160573;https://dadosabertos.camara.leg.br/api/v2/deputados/160573;JOÃO ARRUDA;JOÃO JOSÉ DE ARRUDA JÚNIOR;
74445;https://dadosabertos.camara.leg.br/api/v2/deputados/74445;JOÃO CASTELO;JOÃO CASTELO RIBEIRO GONÇALVES;
178965;https://dadosabertos.camara.leg.br/api/v2/deputados/178965;JOÃO DERLY;JOAO DERLY DE OLIVEIRA NUNES JUNIOR;
178917;https://dadosabertos.camara.leg.br/api/v2/deputados/178917;JOÃO FERNANDO COUTINHO;JOAO FERNANDO PONTUAL COUTINHO;
178856;https://dadosabertos.camara.leg.br/api/v2/deputados/178856;JOÃO GUALBERTO;JOAO GUALBERTO VASCONCELOS;
178967;https://dadosabertos.camara.leg.br/api/v2/deputados/178967;JOÃO PAULO KLEINÜBING;JOAO PAULO KARAM KLEINUBING;
178988;https://dadosabertos.camara.leg.br/api/v2/deputados/178988;JOÃO PAULO PAPA;JOAO PAULO TAVARES PAPA;
160571;https://dadosabertos.camara.leg.br/api/v2/deputados/160571;JOÃO RODRIGUES;JOÃO RODRIGUES;
194262;https://dadosabertos.camara.leg.br/api/v2/deputados/194262;JONES MARTINS;JONES ALEXANDRE MARTINS;
178971;https://dadosabertos.camara.leg.br/api/v2/deputados/178971;JONY MARCOS;JONY MARCOS DE SOUZA ARAUJO;
74388;https://dadosabertos.camara.leg.br/api/v2/deputados/74388;JORGE BOEIRA;JORGE CATARINO LEONARDELI BOEIRA;
160572;https://dadosabertos.camara.leg.br/api/v2/deputados/160572;JORGE CÔRTE REAL;JORGE WICKS CÔRTE REAL;
73535;https://dadosabertos.camara.leg.br/api/v2/deputados/73535;JORGE TADEU MUDALEN;JORGE TADEU MUDALEN;
160509;https://dadosabertos.camara.leg.br/api/v2/deputados/160509;JORGINHO MELLO;JORGINHO DOS SANTOS MELLO;
74553;https://dadosabertos.camara.leg.br/api/v2/deputados/74553;JOSÉ CARLOS ALELUIA;JOSÉ CARLOS ALELUIA COSTA;
74140;https://dadosabertos.camara.leg.br/api/v2/deputados/74140;JOSÉ CARLOS ARAÚJO;JOSÉ CARLOS LEÃO DE ARAÚJO;
131966;https://dadosabertos.camara.leg.br/api/v2/deputados/131966;JOSÉ FOGAÇA;José Alberto Fogaça de Medeiros;
74275;https://dadosabertos.camara.leg.br/api/v2/deputados/74275;JOSÉ MENTOR;JOSÉ MENTOR GUILHERME DE MELLO NETTO;
74395;https://dadosabertos.camara.leg.br/api/v2/deputados/74395;JOSÉ OTÁVIO GERMANO;JOSÉ OTÁVIO GERMANO;
73714;https://dadosabertos.camara.leg.br/api/v2/deputados/73714;JOSÉ REINALDO;José Reinaldo Carneiro Tavares;
160607;https://dadosabertos.camara.leg.br/api/v2/deputados/160607;JOSE STÉDILE;JOSE LUIZ STÉDILE;
114941;https://dadosabertos.camara.leg.br/api/v2/deputados/114941;JOSI NUNES;JOSINIANE BRAGA NUNES;
74351;https://dadosabertos.camara.leg.br/api/v2/deputados/74351;JOSUÉ BENGTSON;JOSUÉ BENGTSON;
73666;https://dadosabertos.camara.leg.br/api/v2/deputados/73666;JOVAIR ARANTES;JOVAIR DE OLIVEIRA ARANTES;
178851;https://dadosabertos.camara.leg.br/api/v2/deputados/178851;JOZI ARAÚJO;JOZIANE ARAÚJO NASCIMENTO;
67312;https://dadosabertos.camara.leg.br/api/v2/deputados/67312;JÚLIA MARINHO;JULIA MARIA GODINHO DA CRUZ MARINHO;
141474;https://dadosabertos.camara.leg.br/api/v2/deputados/141474;JULIÃO AMIN;JULIÃO AMIN CASTRO;
201357;https://dadosabertos.camara.leg.br/api/v2/deputados/201357;JUNIOR CORINGA;ADEMAR VIEIRA JUNIOR;
178885;https://dadosabertos.camara.leg.br/api/v2/deputados/178885;JUNIOR MARRECA;ANTONIO DA CRUZ FILGUEIRA JUNIOR;
160544;https://dadosabertos.camara.leg.br/api/v2/deputados/160544;JUNJI ABE;JUNJI ABE;
74570;https://dadosabertos.camara.leg.br/api/v2/deputados/74570;JUTAHY JUNIOR;JUTAHY MAGALHÃES JÚNIOR;
178918;https://dadosabertos.camara.leg.br/api/v2/deputados/178918;KAIO MANIÇOBA;KAIO CESAR DE MOURA MANICOBA NOVAES FERRAZ;
160659;https://dadosabertos.camara.leg.br/api/v2/deputados/160659;KEIKO OTA;IOLANDA KEIKO MIASHIRO OTA;
178894;https://dadosabertos.camara.leg.br/api/v2/deputados/178894;LAUDIVIO CARVALHO;LAUDIVIO ALVARENGA CARVALHO;
141562;https://dadosabertos.camara.leg.br/api/v2/deputados/141562;LELO COIMBRA;WELINGTON COIMBRA;
141482;https://dadosabertos.camara.leg.br/api/v2/deputados/141482;LEONARDO QUINTÃO;LEONARDO LEMOS BARROS QUINTÃO;
160663;https://dadosabertos.camara.leg.br/api/v2/deputados/160663;LEOPOLDO MEYER;LEOPOLDO COSTA MEYER;
141483;https://dadosabertos.camara.leg.br/api/v2/deputados/141483;LINDOMAR GARÇON;LINDOMAR BARBOSA ALVES;
74277;https://dadosabertos.camara.leg.br/api/v2/deputados/74277;LOBBE NETO;ANTONIO ADOLPHO LOBBE NETO;
81366;https://dadosabertos.camara.leg.br/api/v2/deputados/81366;LUANA COSTA;LUANA MARIA DA SILVA COSTA;
160628;https://dadosabertos.camara.leg.br/api/v2/deputados/160628;LUCIANA SANTOS;LUCIANA BARBOSA DE OLIVEIRA SANTOS;
141484;https://dadosabertos.camara.leg.br/api/v2/deputados/141484;LÚCIO VALE;LÚCIO DUTRA VALE;
94931;https://dadosabertos.camara.leg.br/api/v2/deputados/94931;LUCIO VIEIRA LIMA;LÚCIO QUADROS VIEIRA LIMA;
73483;https://dadosabertos.camara.leg.br/api/v2/deputados/73483;LUIS CARLOS HEINZE;LUIS CARLOS HEINZE;
178802;https://dadosabertos.camara.leg.br/api/v2/deputados/178802;LUIZ CARLOS RAMOS;LUIZ CARLOS RAMOS;
178955;https://dadosabertos.camara.leg.br/api/v2/deputados/178955;LUIZ CLÁUDIO;LUIZ CLAUDIO PEREIRA ALVES;
74688;https://dadosabertos.camara.leg.br/api/v2/deputados/74688;LUIZ SÉRGIO;LUIZ SÉRGIO NÓBREGA DE OLIVEIRA;
198198;https://dadosabertos.camara.leg.br/api/v2/deputados/198198;LUZIA FERREIRA;LUZIA MARIA FERREIRA;
178867;https://dadosabertos.camara.leg.br/api/v2/deputados/178867;MACEDO;JOSE MARIA MACEDO JUNIOR;
178826;https://dadosabertos.camara.leg.br/api/v2/deputados/178826;MAJOR OLIMPIO;SERGIO OLIMPIO GOMES;
160633;https://dadosabertos.camara.leg.br/api/v2/deputados/160633;MANDETTA;LUIZ HENRIQUE MANDETTA;
141490;https://dadosabertos.camara.leg.br/api/v2/deputados/141490;MANOEL JUNIOR;MANOEL ALVES DA SILVA JUNIOR;
160565;https://dadosabertos.camara.leg.br/api/v2/deputados/160565;MARA GABRILLI;MARA CRISTINA GABRILLI;
160660;https://dadosabertos.camara.leg.br/api/v2/deputados/160660;MARCELO AGUIAR;MARCELO THEODORO DE AGUIAR;
178932;https://dadosabertos.camara.leg.br/api/v2/deputados/178932;MARCELO BELINATI;MARCELO BELINATI MARTINS;
74460;https://dadosabertos.camara.leg.br/api/v2/deputados/74460;MARCELO CASTRO;MARCELO COSTA E CASTRO;
195826;https://dadosabertos.camara.leg.br/api/v2/deputados/195826;MARCELO DELAROLI;MARCELO JANDRE DELAROLI;
76287;https://dadosabertos.camara.leg.br/api/v2/deputados/76287;MARCELO MATOS;MARCELO VIVIANI GONÇALVES;
74278;https://dadosabertos.camara.leg.br/api/v2/deputados/74278;MARCELO ORTIZ;FRANCISCO MARCELO ORTIZ FILHO;
178899;https://dadosabertos.camara.leg.br/api/v2/deputados/178899;MARCIO MONTEIRO;MARCIO CAMPOS MONTEIRO;
178942;https://dadosabertos.camara.leg.br/api/v2/deputados/178942;MARCO ANTÔNIO CABRAL;MARCO ANTONIO NEVES CABRAL;
160536;https://dadosabertos.camara.leg.br/api/v2/deputados/160536;MARCO TEBALDI;MARCO ANTONIO TEBALDI;
74470;https://dadosabertos.camara.leg.br/api/v2/deputados/74470;MARCONDES GADELHA;MARCONDES IRAN BENEVIDES GADELHA;
178880;https://dadosabertos.camara.leg.br/api/v2/deputados/178880;MARCOS ABRÃO;MARCOS ABRAO RORIZ SOARES DE CARVALHO;
74634;https://dadosabertos.camara.leg.br/api/v2/deputados/74634;MARCOS MEDRADO;MARCOS ANTONIO MEDRADO;
141500;https://dadosabertos.camara.leg.br/api/v2/deputados/141500;MARCOS MONTES;MARCOS MONTES CORDEIRO;
178852;https://dadosabertos.camara.leg.br/api/v2/deputados/178852;MARCOS REATEGUI;MARCOS JOSE REATEGUI SOUZA;
167722;https://dadosabertos.camara.leg.br/api/v2/deputados/167722;MARCOS ROGÉRIO;MARCOS ROGÉRIO DA SILVA BRITO;
178850;https://dadosabertos.camara.leg.br/api/v2/deputados/178850;MARCOS ROTTA;MARCOS SERGIO ROTTA;
159238;https://dadosabertos.camara.leg.br/api/v2/deputados/159238;Marcus Pestana;MARCUS VINÍCIUS CAETANO PESTANA DA SILVA;
74235;https://dadosabertos.camara.leg.br/api/v2/deputados/74235;MARCUS VICENTE;MARCUS ANTÔNIO VICENTE;
205297;https://dadosabertos.camara.leg.br/api/v2/deputados/205297;MARFIZA GALVÃO;MARFIZA DE LIMA GALVÃO;
64960;https://dadosabertos.camara.leg.br/api/v2/deputados/64960;MARIA HELENA;MARIA HELENA VERONESE RODRIGUES;
178919;https://dadosabertos.camara.leg.br/api/v2/deputados/178919;MARINALDO ROSENDO;MARINALDO ROSENDO DE ALBUQUERQUE;
74177;https://dadosabertos.camara.leg.br/api/v2/deputados/74177;MARINHA RAUPP;MARINHA CÉLIA ROCHA RAUPP DE MATOS;
181315;https://dadosabertos.camara.leg.br/api/v2/deputados/181315;MARQUINHO MENDES;MARCOS DA ROCHA MENDES;
74050;https://dadosabertos.camara.leg.br/api/v2/deputados/74050;MAURÍCIO QUINTELLA LESSA;MAURÍCIO QUINTELLA MALTA LESSA;
73588;https://dadosabertos.camara.leg.br/api/v2/deputados/73588;MAURO BENEVIDES;CARLOS MAURO CABRAL BENEVIDES;
141507;https://dadosabertos.camara.leg.br/api/v2/deputados/141507;MAURO MARIANI;MAURO MARIANI;
124411;https://dadosabertos.camara.leg.br/api/v2/deputados/124411;MAURO PEREIRA;MAURO PEREIRA;
178827;https://dadosabertos.camara.leg.br/api/v2/deputados/178827;MAX FILHO;MAX FREITAS MAURO FILHO;
141509;https://dadosabertos.camara.leg.br/api/v2/deputados/141509;MIGUEL CORRÊA;MIGUEL CORRÊA DA SILVA JÚNIOR;
74787;https://dadosabertos.camara.leg.br/api/v2/deputados/74787;MILTON MONTI;MILTON ANTONIO CASQUEL MONTI;
74862;https://dadosabertos.camara.leg.br/api/v2/deputados/74862;MIRO TEIXEIRA;MIRO TEIXEIRA;
178859;https://dadosabertos.camara.leg.br/api/v2/deputados/178859;MOEMA GRAMACHO;MOEMA ISABEL PASSOS GRAMACHO;
195278;https://dadosabertos.camara.leg.br/api/v2/deputados/195278;MOISÉS DINIZ;MOISES DINIZ LIMA;
74457;https://dadosabertos.camara.leg.br/api/v2/deputados/74457;MORONI TORGAN;MORONI BING TORGAN;
160567;https://dadosabertos.camara.leg.br/api/v2/deputados/160567;NELSON MARCHEZAN JUNIOR;NELSON MARCHEZAN JÚNIOR;
73553;https://dadosabertos.camara.leg.br/api/v2/deputados/73553;NELSON MARQUEZELLI;NELSON MARQUEZELLI;
73781;https://dadosabertos.camara.leg.br/api/v2/deputados/73781;NELSON MEURER;NELSON MEURER;
193069;https://dadosabertos.camara.leg.br/api/v2/deputados/193069;NELSON NAHIM;NELSON NAHIM MATHEUS DE OLIVEIRA;
160566;https://dadosabertos.camara.leg.br/api/v2/deputados/160566;NELSON PADOVANI;NELSON PADOVANI;
74751;https://dadosabertos.camara.leg.br/api/v2/deputados/74751;NILMÁRIO MIRANDA;NILMÁRIO DE MIRANDA;
166401;https://dadosabertos.camara.leg.br/api/v2/deputados/166401;NILSON LEITÃO;NILSON APARECIDO LEITÃO;
74359;https://dadosabertos.camara.leg.br/api/v2/deputados/74359;NILTON CAPIXABA;NILTON BALBINO;
74752;https://dadosabertos.camara.leg.br/api/v2/deputados/74752;ODELMO LEÃO;ODELMO LEÃO CARNEIRO SOBRINHO;
180545;https://dadosabertos.camara.leg.br/api/v2/deputados/180545;OSMAR BERTOLDI;OSMAR STUART BERTOLDI;
202063;https://dadosabertos.camara.leg.br/api/v2/deputados/202063;OSVALDO MAFRA;OSVALDO OLAVIO MAFRA;
193982;https://dadosabertos.camara.leg.br/api/v2/deputados/193982;PASTOR LUCIANO BRAGA;LUCIANO FRED BRAGA PENHA;
74017;https://dadosabertos.camara.leg.br/api/v2/deputados/74017;PAULO FEIJÓ;PAULO FERNANDO FEIJO TORRES;
141517;https://dadosabertos.camara.leg.br/api/v2/deputados/141517;PAULO HENRIQUE LUSTOSA;PAULO HENRIQUE ELLERY LUSTOSA DA COSTA;
132056;https://dadosabertos.camara.leg.br/api/v2/deputados/132056;PAULO MALUF;PAULO SALIM MALUF;
74812;https://dadosabertos.camara.leg.br/api/v2/deputados/74812;PEDRO CHAVES;PEDRO PINHEIRO CHAVES;
74449;https://dadosabertos.camara.leg.br/api/v2/deputados/74449;PEDRO FERNANDES;PEDRO FERNANDES RIBEIRO;
80920;https://dadosabertos.camara.leg.br/api/v2/deputados/80920;PENNA;JOSÉ LUIZ DE FRANÇA PENNA;
141445;https://dadosabertos.camara.leg.br/api/v2/deputados/141445;PEPE VARGAS;GILBERTO JOSÉ SPIER VARGAS;
195997;https://dadosabertos.camara.leg.br/api/v2/deputados/195997;POLLYANA GAMA;POLLYANA FATIMA GAMA SANTOS;
200153;https://dadosabertos.camara.leg.br/api/v2/deputados/200153;PROF. GEDEÃO AMORIM;GEDEAO TIMOTEO AMORIM;
170673;https://dadosabertos.camara.leg.br/api/v2/deputados/170673;PROFESSOR SÉRGIO DE OLIVEIRA;SERGIO PAULO DE OLIVEIRA;
148134;https://dadosabertos.camara.leg.br/api/v2/deputados/148134;PROFESSOR VICTÓRIO GALLI;VICTORIO GALLI FILHO;
74216;https://dadosabertos.camara.leg.br/api/v2/deputados/74216;RAIMUNDO GOMES DE MATOS;RAIMUNDO GOMES DE MATOS;
178998;https://dadosabertos.camara.leg.br/api/v2/deputados/178998;RAQUEL MUNIZ;TANIA RAQUEL DE QUEIROZ MUNIZ;
74048;https://dadosabertos.camara.leg.br/api/v2/deputados/74048;RAUL JUNGMANN;RAUL BELENS JUNGMANN PINTO;
73786;https://dadosabertos.camara.leg.br/api/v2/deputados/73786;REINHOLD STEPHANES;REINHOLD STEPHANES;
178960;https://dadosabertos.camara.leg.br/api/v2/deputados/178960;REMÍDIO MONAI;REMIDIO MONAI MONTESSI;
171620;https://dadosabertos.camara.leg.br/api/v2/deputados/171620;RENATO ANDRADE;RENATO BARBOSA DE ANDRADE;
141527;https://dadosabertos.camara.leg.br/api/v2/deputados/141527;RENATO MOLLING;RENATO DELMAR MOLLING;
160654;https://dadosabertos.camara.leg.br/api/v2/deputados/160654;RENZO BRAZ;RENZO DO AMARAL BRAZ;
195581;https://dadosabertos.camara.leg.br/api/v2/deputados/195581;RICARDO BENTINHO;RICARDO ANTONIO BUAINAIN DIAS;
141472;https://dadosabertos.camara.leg.br/api/v2/deputados/141472;RICARDO TRIPOLI;JOSÉ RICARDO ALVARENGA TRIPOLI;
73674;https://dadosabertos.camara.leg.br/api/v2/deputados/73674;ROBERTO BALESTRA;ROBERTO EGÍDIO BALESTRA;
141529;https://dadosabertos.camara.leg.br/api/v2/deputados/141529;ROBERTO BRITTO;ROBERTO PEREIRA DE BRITTO;
73805;https://dadosabertos.camara.leg.br/api/v2/deputados/73805;ROBERTO FREIRE;ROBERTO JOÃO PEREIRA FREIRE;
178995;https://dadosabertos.camara.leg.br/api/v2/deputados/178995;ROBERTO GÓES;ANTONIO ROBERTO RODRIGUES GÓES DA SILVA;
178944;https://dadosabertos.camara.leg.br/api/v2/deputados/178944;ROBERTO SALES;ROBERTO DA SILVA SALES;
160652;https://dadosabertos.camara.leg.br/api/v2/deputados/160652;ROBERTO TEIXEIRA;ROBERTO SÉRGIO RIBEIRO COUTINHO TEIXEIRA;
91208;https://dadosabertos.camara.leg.br/api/v2/deputados/91208;ROBINSON ALMEIDA;ROBINSON SANTOS ALMEIDA;
178840;https://dadosabertos.camara.leg.br/api/v2/deputados/178840;ROCHA;WHERLES FERNANDES DA ROCHA;
141532;https://dadosabertos.camara.leg.br/api/v2/deputados/141532;ROCHA LOURES;RODRIGO SANTOS DA ROCHA LOURES;
88950;https://dadosabertos.camara.leg.br/api/v2/deputados/88950;RODRIGO GARCIA;RODRIGO GARCIA;
178926;https://dadosabertos.camara.leg.br/api/v2/deputados/178926;RODRIGO MARTINS;RODRIGO RODRIGUES DE SOUZA MARTINS;
178897;https://dadosabertos.camara.leg.br/api/v2/deputados/178897;RODRIGO PACHECO;RODRIGO OTAVIO SOARES PACHECO;
141535;https://dadosabertos.camara.leg.br/api/v2/deputados/141535;ROGÉRIO MARINHO;ROGÉRIO SIMONETTI MARINHO;
160426;https://dadosabertos.camara.leg.br/api/v2/deputados/160426;ROGÉRIO ROSSO;ROGÉRIO SCHUMANN ROSSO;
198963;https://dadosabertos.camara.leg.br/api/v2/deputados/198963;ROGÉRIO SILVA;ROGÉRIO SILVA SANTOS;
141536;https://dadosabertos.camara.leg.br/api/v2/deputados/141536;RÔMULO GOUVEIA;RÔMULO JOSÉ DE GOUVEIA;
160515;https://dadosabertos.camara.leg.br/api/v2/deputados/160515;RONALDO BENEDET;RONALDO JOSÉ BENEDET;
160637;https://dadosabertos.camara.leg.br/api/v2/deputados/160637;RONALDO FONSECA;RONALDO FONSECA DE SOUZA;
178845;https://dadosabertos.camara.leg.br/api/v2/deputados/178845;RONALDO LESSA;RONALDO AUGUSTO LESSA SANTOS;
178870;https://dadosabertos.camara.leg.br/api/v2/deputados/178870;RÔNEY NEMER;RÔNEY TANIOS NEMER;
191684;https://dadosabertos.camara.leg.br/api/v2/deputados/191684;ROSÂNGELA CURADO;ROSANGELA APARECIDA DA SILVA BARROS;
146949;https://dadosabertos.camara.leg.br/api/v2/deputados/146949;ROSINHA DA ADEFAL;ROSEANE CAVALCANTE DE FREITAS ESTRELA;
141522;https://dadosabertos.camara.leg.br/api/v2/deputados/141522;SABINO CASTELO BRANCO;RAIMUNDO SABINO CASTELO BRANCO MAUÉS;
160630;https://dadosabertos.camara.leg.br/api/v2/deputados/160630;SÁGUAS MORAES;SÁGUAS MORAES SOUSA;
74372;https://dadosabertos.camara.leg.br/api/v2/deputados/74372;SANDES JÚNIOR;JOÃO SANDES JÚNIOR;
74762;https://dadosabertos.camara.leg.br/api/v2/deputados/74762;SARAIVA FELIPE;JOSÉ SARAIVA FELIPE;
74210;https://dadosabertos.camara.leg.br/api/v2/deputados/74210;SARNEY FILHO;JOSÉ SARNEY FILHO;
141542;https://dadosabertos.camara.leg.br/api/v2/deputados/141542;SÉRGIO MORAES;SÉRGIO IVAN MORAES;
178991;https://dadosabertos.camara.leg.br/api/v2/deputados/178991;SÉRGIO REIS;SERGIO BAVINI;
160612;https://dadosabertos.camara.leg.br/api/v2/deputados/160612;SERGIO ZVEITER;SERGIO ZVEITER;
160613;https://dadosabertos.camara.leg.br/api/v2/deputados/160613;SIBÁ MACHADO;SEBASTIÃO SIBÁ MACHADO OLIVEIRA;
74765;https://dadosabertos.camara.leg.br/api/v2/deputados/74765;SILAS BRASILEIRO;SILAS BRASILEIRO;
187008;https://dadosabertos.camara.leg.br/api/v2/deputados/187008;SILAS FREIRE;SILAS FREIRE PEREIRA E SILVA;
4930;https://dadosabertos.camara.leg.br/api/v2/deputados/4930;SILVIO COSTA;SÍLVIO SERAFIM COSTA;
73560;https://dadosabertos.camara.leg.br/api/v2/deputados/73560;SILVIO TORRES;SILVIO FRANÇA TORRES;
73424;https://dadosabertos.camara.leg.br/api/v2/deputados/73424;SIMÃO SESSIM;SIMÃO SESSIM;
178911;https://dadosabertos.camara.leg.br/api/v2/deputados/178911;SIMONE MORGADO;SIMONE MARIA MORGADO FERREIRA;
74385;https://dadosabertos.camara.leg.br/api/v2/deputados/74385;TAKAYAMA;HIDEKAZU TAKAYAMA;
73831;https://dadosabertos.camara.leg.br/api/v2/deputados/73831;TAMPINHA;José Augusto da Silva Curvo;
178898;https://dadosabertos.camara.leg.br/api/v2/deputados/178898;TENENTE LÚCIO;SERGIO LUCIO DE ALMEIDA;
160617;https://dadosabertos.camara.leg.br/api/v2/deputados/160617;THIAGO PEIXOTO;THIAGO MELLO PEIXOTO DA SILVEIRA;
160611;https://dadosabertos.camara.leg.br/api/v2/deputados/160611;TONINHO PINHEIRO;ANTÔNIO PINHEIRO JÚNIOR;
194340;https://dadosabertos.camara.leg.br/api/v2/deputados/194340;VAL AMÉLIO;AUDIVAL AMÉLIO DA SILVA NETO;
141384;https://dadosabertos.camara.leg.br/api/v2/deputados/141384;VALADARES FILHO;ANTÔNIO CARLOS VALADARES FILHO;
74010;https://dadosabertos.camara.leg.br/api/v2/deputados/74010;VALDIR COLATTO;VALDIR COLATTO;
113247;https://dadosabertos.camara.leg.br/api/v2/deputados/113247;VALMIR PRASCIDELLI;VALMIR PRASCIDELLI;
178913;https://dadosabertos.camara.leg.br/api/v2/deputados/178913;VENEZIANO VITAL DO RÊGO;VENEZIANO VITAL DO RÊGO SEGUNDO NETO;
74308;https://dadosabertos.camara.leg.br/api/v2/deputados/74308;VICENTE ARRUDA;VICENTE FERREIRA DE ARRUDA COELHO;
160622;https://dadosabertos.camara.leg.br/api/v2/deputados/160622;VICENTE CANDIDO;VICENTE CÂNDIDO DA SILVA;
92355;https://dadosabertos.camara.leg.br/api/v2/deputados/92355;VITOR PAULO;VITOR PAULO ARAÚJO DOS SANTOS;
178869;https://dadosabertos.camara.leg.br/api/v2/deputados/178869;VITOR VALIM;VITOR PEREIRA VALIM;
189593;https://dadosabertos.camara.leg.br/api/v2/deputados/189593;WADIH DAMOUS;WADIH NEMER DAMOUS FILHO;
137853;https://dadosabertos.camara.leg.br/api/v2/deputados/137853;WADSON RIBEIRO;WADSON NATHANIEL RIBEIRO;
141558;https://dadosabertos.camara.leg.br/api/v2/deputados/141558;WALDIR MARANHÃO;WALDIR MARANHÃO CARDOSO;
160631;https://dadosabertos.camara.leg.br/api/v2/deputados/160631;WALNEY ROCHA;WALNEY DA ROCHA CARVALHO;
141560;https://dadosabertos.camara.leg.br/api/v2/deputados/141560;WALTER IHOSHI;WALTER SHINDI IIHOSHI;
204760;https://dadosabertos.camara.leg.br/api/v2/deputados/204760;WASHINGTON CORAÇÃO VALENTE;WASHINGTON STECANELA CERQUEIRA;
160620;https://dadosabertos.camara.leg.br/api/v2/deputados/160620;WASHINGTON REIS;WASHINGTON REIS DE OLIVEIRA;
167493;https://dadosabertos.camara.leg.br/api/v2/deputados/167493;WEVERTON ROCHA;WEVERTON ROCHA MARQUES DE SOUSA;
141563;https://dadosabertos.camara.leg.br/api/v2/deputados/141563;WILLIAM WOO;WILLIAM BOSS WOO;
193066;https://dadosabertos.camara.leg.br/api/v2/deputados/193066;WILSON BESERRA;WILSON SILVA BESERRA;
160636;https://dadosabertos.camara.leg.br/api/v2/deputados/160636;WILSON FILHO;JOSÉ WILSON SANTIAGO FILHO;
73930;https://dadosabertos.camara.leg.br/api/v2/deputados/73930;WLADIMIR COSTA;WLADIMIR AFONSO DA COSTA RABELO;
199809;https://dadosabertos.camara.leg.br/api/v2/deputados/199809;XUXU DAL MOLIN;EDERSON DAL MOLIN;
73992;https://dadosabertos.camara.leg.br/api/v2/deputados/73992;YEDA CRUSIUS;YEDA RORATO CRUSIUS;
73931;https://dadosabertos.camara.leg.br/api/v2/deputados/73931;ZÉ GERALDO;JOSÉ GERALDO TORRES DA SILVA;
178902;https://dadosabertos.camara.leg.br/api/v2/deputados/178902;ZECA DO PT;JOSE ORCIRIO MIRANDA DOS SANTOS;
178949;https://dadosabertos.camara.leg.br/api/v2/deputados/178949;ZENAIDE MAIA;ZENAIDE MAIA CALADO PEREIRA DOS SANTOS;
141463;https://dadosabertos.camara.leg.br/api/v2/deputados/141463;ABELARDO CAMARINHA;JOSÉ ABELARDO GUIMARÃES CAMARINHA;
73764;https://dadosabertos.camara.leg.br/api/v2/deputados/73764;ABELARDO LUPION;ABELARDO LUIZ LUPION MELLO;
161907;https://dadosabertos.camara.leg.br/api/v2/deputados/161907;ACELINO POPÓ;ACELINO FREITAS;
160577;https://dadosabertos.camara.leg.br/api/v2/deputados/160577;ADRIAN;ADRIAN MUSSI RAMOS;
173269;https://dadosabertos.camara.leg.br/api/v2/deputados/173269;AKIRA OTSUBO;AKIRA OTSUBO;
73428;https://dadosabertos.camara.leg.br/api/v2/deputados/73428;ALDO REBELO;JOSÉ ALDO REBELO FIGUEIREDO;
74829;https://dadosabertos.camara.leg.br/api/v2/deputados/74829;ALEXANDRE CARDOSO;ALEXANDRE AGUIAR CARDOSO;
160579;https://dadosabertos.camara.leg.br/api/v2/deputados/160579;ALEXANDRE ROSO;ALEXANDRE RUBIO ROSO;
74830;https://dadosabertos.camara.leg.br/api/v2/deputados/74830;ALEXANDRE SANTOS;ALEXANDRE JOSÉ DOS SANTOS;
141374;https://dadosabertos.camara.leg.br/api/v2/deputados/141374;ALEXANDRE SILVEIRA;ALEXANDRE SILVEIRA DE OLIVEIRA;
169712;https://dadosabertos.camara.leg.br/api/v2/deputados/169712;ALEXANDRE TOLEDO;ALEXANDRE DE MELO TOLEDO;
116663;https://dadosabertos.camara.leg.br/api/v2/deputados/116663;ALFREDO SIRKIS;ALFREDO HELIO SYRKIS;
141375;https://dadosabertos.camara.leg.br/api/v2/deputados/141375;ALINE CORRÊA;ALINE LEMOS CORRÊA DE OLIVEIRA ANDRADE;
160626;https://dadosabertos.camara.leg.br/api/v2/deputados/160626;ALMEIDA LIMA;JOSÉ ALMEIDA LIMA;
160603;https://dadosabertos.camara.leg.br/api/v2/deputados/160603;AMAURI TEIXEIRA;AMAURI SANTOS TEIXEIRA;
174861;https://dadosabertos.camara.leg.br/api/v2/deputados/174861;AMIR LANDO;AMIR FRANCISCO LANDO;
141377;https://dadosabertos.camara.leg.br/api/v2/deputados/141377;ANA ARRAES;ANA LÚCIA ARRAES DE ALENCAR;
161905;https://dadosabertos.camara.leg.br/api/v2/deputados/161905;ANDRÉ DIAS;ANDRÉ TEIXEIRA DIAS;
141378;https://dadosabertos.camara.leg.br/api/v2/deputados/141378;ANDRE VARGAS;ANDRÉ LUIZ VARGAS ILÁRIO;
74377;https://dadosabertos.camara.leg.br/api/v2/deputados/74377;ANDRÉ ZACHAROW;ANDRÉ ZACHAROW;
160638;https://dadosabertos.camara.leg.br/api/v2/deputados/160638;ÂNGELO AGNOLIN;JOSELI ÂNGELO AGNOLIN;
141381;https://dadosabertos.camara.leg.br/api/v2/deputados/141381;ANGELO VANHONI;ANGELO CARLOS VANHONI;
73937;https://dadosabertos.camara.leg.br/api/v2/deputados/73937;ANSELMO DE JESUS;ANSELMO DE JESUS ABREU;
160539;https://dadosabertos.camara.leg.br/api/v2/deputados/160539;ANTHONY GAROTINHO;ANTHONY WILLIAM GAROTINHO MATHEUS DE OLIVEIRA;
141387;https://dadosabertos.camara.leg.br/api/v2/deputados/141387;ANTÔNIO ANDRADE;ANTÔNIO EUSTÁQUIO ANDRADE FERREIRA;
74058;https://dadosabertos.camara.leg.br/api/v2/deputados/74058;ANTONIO CARLOS MAGALHÃES NETO;ANTÔNIO CARLOS PEIXOTO DE MAGALHÃES NETO;
141390;https://dadosabertos.camara.leg.br/api/v2/deputados/141390;ANTÔNIO ROBERTO;ANTÔNIO ROBERTO SOARES;
74648;https://dadosabertos.camara.leg.br/api/v2/deputados/74648;ARACELY DE PAULA;ARACELY DE PAULA;
74405;https://dadosabertos.camara.leg.br/api/v2/deputados/74405;ARMANDO ABÍLIO;ARMANDO ABILIO VIEIRA;
160546;https://dadosabertos.camara.leg.br/api/v2/deputados/160546;ARMANDO VERGÍLIO;ARMANDO VERGÍLIO DOS SANTOS JÚNIOR;
160678;https://dadosabertos.camara.leg.br/api/v2/deputados/160678;ARTUR BRUNO;ARTUR JOSÉ VIEIRA BRUNO;
74222;https://dadosabertos.camara.leg.br/api/v2/deputados/74222;ASDRUBAL BENTES;ASDRÚBAL MENDES BENTES;
160680;https://dadosabertos.camara.leg.br/api/v2/deputados/160680;AUDIFAX;AUDIFAX CHARLES PIMENTEL BARCELOS;
160554;https://dadosabertos.camara.leg.br/api/v2/deputados/160554;BERINHO BANTIM;HERBSON JAIRO RIBEIRO BANTIM;
109152;https://dadosabertos.camara.leg.br/api/v2/deputados/109152;BERNARDO SANTANA DE VASCONCELLOS;BERNARDO DE VASCONCELLOS MOREIRA;
74321;https://dadosabertos.camara.leg.br/api/v2/deputados/74321;BETINHO ROSADO;CARLOS ALBERTO DE SOUSA ROSADO;
73478;https://dadosabertos.camara.leg.br/api/v2/deputados/73478;BETO ALBUQUERQUE;LUIZ ROBERTO DE ALBUQUERQUE;
74373;https://dadosabertos.camara.leg.br/api/v2/deputados/74373;BIFFI;ANTONIO CARLOS BIFFI;
141399;https://dadosabertos.camara.leg.br/api/v2/deputados/141399;BRIZOLA NETO;CARLOS DAUDT BRIZOLA;
141393;https://dadosabertos.camara.leg.br/api/v2/deputados/141393;BRUNO RODRIGUES;BRUNO CAMPELO RODRIGUES DE SOUZA;
168034;https://dadosabertos.camara.leg.br/api/v2/deputados/168034;CABO JULIANO RABELO;JULIANO DE SOUZA RABELO;
141395;https://dadosabertos.camara.leg.br/api/v2/deputados/141395;CAMILO COLA;CAMILO COLA;
141396;https://dadosabertos.camara.leg.br/api/v2/deputados/141396;CÂNDIDO VACCAREZZA;CÂNDIDO ELPÍDIO DE SOUZA VACCAREZZA;
160585;https://dadosabertos.camara.leg.br/api/v2/deputados/160585;CARLAILE PEDROSA;CARLAILE JESUS PEDROSA;
160584;https://dadosabertos.camara.leg.br/api/v2/deputados/160584;CARLINHOS ALMEIDA;CARLOS JOSE DE ALMEIDA;
74290;https://dadosabertos.camara.leg.br/api/v2/deputados/74290;CARLOS ALBERTO LERÉIA;CARLOS ALBERTO LERÉIA DA SILVA;
141402;https://dadosabertos.camara.leg.br/api/v2/deputados/141402;CARLOS BRANDÃO;CARLOS ORLEANS BRANDÃO JUNIOR;
160605;https://dadosabertos.camara.leg.br/api/v2/deputados/160605;CARLOS MAGNO;CARLOS MAGNO RAMOS;
179381;https://dadosabertos.camara.leg.br/api/v2/deputados/179381;CARLOS MARTINS;CARLOS EDUARDO CARDOSO MARTINS;
165583;https://dadosabertos.camara.leg.br/api/v2/deputados/165583;CARLOS ROBERTO;CARLOS ROBERTO DE CAMPOS;
160624;https://dadosabertos.camara.leg.br/api/v2/deputados/160624;CELIA ROCHA;CÉLIA MARIA BARBOSA ROCHA;
160664;https://dadosabertos.camara.leg.br/api/v2/deputados/160664;CESAR COLNAGO;CÉSAR ROBERTO COLNAGHI;
74379;https://dadosabertos.camara.leg.br/api/v2/deputados/74379;CEZAR SILVESTRI;CEZAR AUGUSTO CAROLLO SILVESTRI;
160634;https://dadosabertos.camara.leg.br/api/v2/deputados/160634;CHICO DAS VERDURAS;FRANCISCO VIEIRA SAMPAIO;
160580;https://dadosabertos.camara.leg.br/api/v2/deputados/160580;CIDA BORGHETTI;MARIA APARECIDA BORGHETTI;
160557;https://dadosabertos.camara.leg.br/api/v2/deputados/160557;CLÁUDIO PUTY;CLAUDIO ALBERTO CASTELO BRANCO PUTY;
74230;https://dadosabertos.camara.leg.br/api/v2/deputados/74230;COLBERT MARTINS;COLBERT MARTINS DA SILVA FILHO;
74016;https://dadosabertos.camara.leg.br/api/v2/deputados/74016;COSTA FERREIRA;ANTONIO DA CONCEIÇÃO COSTA FERREIRA;
114586;https://dadosabertos.camara.leg.br/api/v2/deputados/114586;CRISTIANO;CRISTIANO JOSÉ RODRIGUES DE SOUZA;
141502;https://dadosabertos.camara.leg.br/api/v2/deputados/141502;DALVA FIGUEIREDO;MARIA DALVA DE SOUZA FIGUEIREDO;
73924;https://dadosabertos.camara.leg.br/api/v2/deputados/73924;DAVI ALCOLUMBRE;DAVID SAMUEL ALCOLUMBRE TOBELEM;
160606;https://dadosabertos.camara.leg.br/api/v2/deputados/160606;DELEGADO PROTÓGENES;PROTÓGENES PINHEIRO DE QUEIROZ;
174854;https://dadosabertos.camara.leg.br/api/v2/deputados/174854;DENILSON TEIXEIRA;DENÍLSON FRANCISCO TEIXEIRA;
74264;https://dadosabertos.camara.leg.br/api/v2/deputados/74264;DEVANIR RIBEIRO;DEVANIR RIBEIRO;
74265;https://dadosabertos.camara.leg.br/api/v2/deputados/74265;DIMAS RAMALHO;DIMAS EDUARDO RAMALHO;
74197;https://dadosabertos.camara.leg.br/api/v2/deputados/74197;DOMINGOS DUTRA;DOMINGOS FRANCISCO DUTRA FILHO;
141371;https://dadosabertos.camara.leg.br/api/v2/deputados/141371;DR. ADILSON SOARES;ADILSON SOARES;
160529;https://dadosabertos.camara.leg.br/api/v2/deputados/160529;DR. ALUIZIO;ALUIZIO DOS SANTOS JUNIOR;
118384;https://dadosabertos.camara.leg.br/api/v2/deputados/118384;DR. CARLOS ALBERTO;CARLOS ALBERTO LOPES;
170489;https://dadosabertos.camara.leg.br/api/v2/deputados/170489;DR. DILSON DRUMOND;DILSON MALHEIROS DRUMOND;
160514;https://dadosabertos.camara.leg.br/api/v2/deputados/160514;DR. GRILO;RODRIGO MOREIRA LADEIRA GRILO;
74094;https://dadosabertos.camara.leg.br/api/v2/deputados/74094;DR. LUIZ FERNANDO;LUIZ FERNANDO SARMENTO NICOLAU;
147975;https://dadosabertos.camara.leg.br/api/v2/deputados/147975;DR. PAULO CÉSAR;PAULO CÉSAR DA GUIA ALMEIDA;
73459;https://dadosabertos.camara.leg.br/api/v2/deputados/73459;DR. ROSINHA;FLORISVALDO FIER;
141498;https://dadosabertos.camara.leg.br/api/v2/deputados/141498;DR. UBIALI;MARCO AURÉLIO UBIALI;
166727;https://dadosabertos.camara.leg.br/api/v2/deputados/166727;DRA. ELAINE ABISSAMRA;ELAINE APARECIDA BELLONI ABISSAMRA;
161904;https://dadosabertos.camara.leg.br/api/v2/deputados/161904;DUDIMAR PAXIUBA;JOÃO DUDIMAR DE AZEVEDO PAXIÚBA;
177118;https://dadosabertos.camara.leg.br/api/v2/deputados/177118;DUDU LUIZ EDUARDO;LUIZ EDUARDO FRANCISCO DA SILVA;
160616;https://dadosabertos.camara.leg.br/api/v2/deputados/160616;EDIVALDO HOLANDA JUNIOR;EDIVALDO DE HOLANDA BRAGA JUNIOR;
74580;https://dadosabertos.camara.leg.br/api/v2/deputados/74580;EDMAR MOREIRA;EDMAR BATISTA MOREIRA;
141418;https://dadosabertos.camara.leg.br/api/v2/deputados/141418;EDSON APARECIDO;EDSON APARECIDO DOS SANTOS;
74838;https://dadosabertos.camara.leg.br/api/v2/deputados/74838;EDSON EZEQUIEL;EDSON EZEQUIEL DE MATOS;
160618;https://dadosabertos.camara.leg.br/api/v2/deputados/160618;EDSON PIMENTA;EDSON SAMPAIO PIMENTA;
141419;https://dadosabertos.camara.leg.br/api/v2/deputados/141419;EDSON SANTOS;EDSON SANTOS DE SOUZA;
74106;https://dadosabertos.camara.leg.br/api/v2/deputados/74106;EDSON SILVA;EDSON SILVA;
160647;https://dadosabertos.camara.leg.br/api/v2/deputados/160647;EDUARDO AZEREDO;EDUARDO BRANDÃO DE AZEREDO;
73945;https://dadosabertos.camara.leg.br/api/v2/deputados/73945;EDUARDO GOMES;CARLOS EDUARDO TORRES GOMES;
74382;https://dadosabertos.camara.leg.br/api/v2/deputados/74382;EDUARDO SCIARRA;EDUARDO FRANCISCO SCIARRA;
162175;https://dadosabertos.camara.leg.br/api/v2/deputados/162175;ELIANE ROLIM;ELIANE PONTES ROLIM;
141423;https://dadosabertos.camara.leg.br/api/v2/deputados/141423;ELIENE LIMA;ELIENE JOSÉ DE LIMA;
73892;https://dadosabertos.camara.leg.br/api/v2/deputados/73892;ELISEU PADILHA;ELISEU LEMOS PADILHA;
74119;https://dadosabertos.camara.leg.br/api/v2/deputados/74119;EMANUEL FERNANDES;EMANUEL FERNANDES;
154997;https://dadosabertos.camara.leg.br/api/v2/deputados/154997;EMILIANO JOSÉ;EMILIANO JOSÉ DA SILVA FILHO;
73893;https://dadosabertos.camara.leg.br/api/v2/deputados/73893;ENIO BACCI;ENIO EGON BERGMANN BACCI;
141386;https://dadosabertos.camara.leg.br/api/v2/deputados/141386;EUDES XAVIER;ANTÔNIO EUDES XAVIER;
171621;https://dadosabertos.camara.leg.br/api/v2/deputados/171621;EURICO JÚNIOR;EURICO PINHEIRO BERNARDES JUNIOR;
74345;https://dadosabertos.camara.leg.br/api/v2/deputados/74345;EVANDRO MILHOMEN;EVANDRO COSTA MILHOMEN;
74062;https://dadosabertos.camara.leg.br/api/v2/deputados/74062;FÁBIO SOUTO;FÁBIO LOUREIRO SOUTO;
74037;https://dadosabertos.camara.leg.br/api/v2/deputados/74037;FÁTIMA BEZERRA;MARIA DE FÁTIMA BEZERRA;
74417;https://dadosabertos.camara.leg.br/api/v2/deputados/74417;FERNANDO FERRO;FERNANDO DANTAS FERRO;
74843;https://dadosabertos.camara.leg.br/api/v2/deputados/74843;FERNANDO LOPES;FERNANDO LOPES DE ALMEIDA;
179383;https://dadosabertos.camara.leg.br/api/v2/deputados/179383;FERNANDO ZACHIA;LUIZ FERNANDO SALVADORI ZÁCHIA;
141433;https://dadosabertos.camara.leg.br/api/v2/deputados/141433;FILIPE PEREIRA;FILIPE DE ALMEIDA PEREIRA;
165675;https://dadosabertos.camara.leg.br/api/v2/deputados/165675;FRANCISCO ARAÚJO;FRANCISCO EVANGELISTA DOS SANTOS DE ARAUJO;
172029;https://dadosabertos.camara.leg.br/api/v2/deputados/172029;FRANCISCO CHAGAS;FRANCISCO DAS CHAGAS FRANCILINO;
178387;https://dadosabertos.camara.leg.br/api/v2/deputados/178387;FRANCISCO DE ASSIS;FRANCISCO DE ASSIS NUNES;
137983;https://dadosabertos.camara.leg.br/api/v2/deputados/137983;FRANCISCO ESCÓRCIO;FRANCISCO LUIZ ESCÓRCIO LIMA;
141438;https://dadosabertos.camara.leg.br/api/v2/deputados/141438;FRANCISCO PRACIANO;FRANCISCO EDNALDO PRACIANO;
141467;https://dadosabertos.camara.leg.br/api/v2/deputados/141467;FRANCISCO TENÓRIO;JOSÉ FRANCISCO CERQUEIRA TENÓRIO;
160537;https://dadosabertos.camara.leg.br/api/v2/deputados/160537;GABRIEL CHALITA;GABRIEL BENEDITO ISSAAC CHALITA;
165429;https://dadosabertos.camara.leg.br/api/v2/deputados/165429;GEAN LOUREIRO;GEAN MARQUES LOUREIRO;
145895;https://dadosabertos.camara.leg.br/api/v2/deputados/145895;GERA ARRUDA;JOSÉ GERARDO CORRÊA DE ARRUDA;
74566;https://dadosabertos.camara.leg.br/api/v2/deputados/74566;GERALDO SIMÕES;GERALDO SIMÕES DE OLIVEIRA;
74151;https://dadosabertos.camara.leg.br/api/v2/deputados/74151;GERALDO THADEU;GERALDO THADEU PEDREIRA DOS SANTOS;
179380;https://dadosabertos.camara.leg.br/api/v2/deputados/179380;GILBERTO COUTINHO;GILBERTO COUTINHO FREIRE;
74581;https://dadosabertos.camara.leg.br/api/v2/deputados/74581;GILMAR MACHADO;GILMAR ALVES MACHADO;
160562;https://dadosabertos.camara.leg.br/api/v2/deputados/160562;GIROTO;EDSON GIROTO;
141446;https://dadosabertos.camara.leg.br/api/v2/deputados/141446;GLADSON CAMELI;GLADSON DE LIMA CAMELI;
173802;https://dadosabertos.camara.leg.br/api/v2/deputados/173802;GOIACIARA CRUZ;GOIACIARA TAVARES CRUZ;
141447;https://dadosabertos.camara.leg.br/api/v2/deputados/141447;GUILHERME CAMPOS;GUILHERME CAMPOS JÚNIOR;
176120;https://dadosabertos.camara.leg.br/api/v2/deputados/176120;GUSTAVO PETTA;GUSTAVO LEMOS PETTA;
175737;https://dadosabertos.camara.leg.br/api/v2/deputados/175737;HELCIO SILVA;HELCIO ANTONIO DA SILVA;
74053;https://dadosabertos.camara.leg.br/api/v2/deputados/74053;HELENO SILVA;JOSÉ HELENO DA SILVA;
160590;https://dadosabertos.camara.leg.br/api/v2/deputados/160590;HÉLIO SANTOS;HÉLIO BATISTA DOS SANTOS;
73940;https://dadosabertos.camara.leg.br/api/v2/deputados/73940;HENRIQUE AFONSO;HENRIQUE AFONSO SOARES LIMA;
74324;https://dadosabertos.camara.leg.br/api/v2/deputados/74324;HENRIQUE EDUARDO ALVES;HENRIQUE EDUARDO LYRA ALVES;
68731;https://dadosabertos.camara.leg.br/api/v2/deputados/68731;HENRIQUE OLIVEIRA;JOSÉ HENRIQUE OLIVEIRA;
141448;https://dadosabertos.camara.leg.br/api/v2/deputados/141448;HOMERO PEREIRA;HOMERO ALVES PEREIRA;
160974;https://dadosabertos.camara.leg.br/api/v2/deputados/160974;HUGO NAPOLEÃO;HUGO NAPOLEÃO DO REGO NETO;
73935;https://dadosabertos.camara.leg.br/api/v2/deputados/73935;HUMBERTO MICHILES;DARCY HUMBERTO MICHILES;
74662;https://dadosabertos.camara.leg.br/api/v2/deputados/74662;HUMBERTO SOUTO;HUMBERTO GUIMARÃES SOUTO;
74780;https://dadosabertos.camara.leg.br/api/v2/deputados/74780;IARA BERNARDI;IARA BERNARDI;
173262;https://dadosabertos.camara.leg.br/api/v2/deputados/173262;ILÁRIO MARQUES;JOSÉ ILÁRIO GONÇALVES MARQUES;
74421;https://dadosabertos.camara.leg.br/api/v2/deputados/74421;INOCÊNCIO OLIVEIRA;INOCÊNCIO GOMES DE OLIVEIRA;
74162;https://dadosabertos.camara.leg.br/api/v2/deputados/74162;IRINY LOPES;IRINY NICOLAU CORRES LOPES;
141453;https://dadosabertos.camara.leg.br/api/v2/deputados/141453;ÍRIS DE ARAÚJO;ÍRIS DE ARAÚJO REZENDE MACHADO;
74152;https://dadosabertos.camara.leg.br/api/v2/deputados/74152;ISAIAS SILVESTRE;ISAIAS SILVESTRE;
3151;https://dadosabertos.camara.leg.br/api/v2/deputados/3151;JAIRO ATAÍDE;JAIRO ATAÍDE VIEIRA;
141455;https://dadosabertos.camara.leg.br/api/v2/deputados/141455;JANETE ROCHA PIETÁ;JANETE ROCHA PIETÁ;
160675;https://dadosabertos.camara.leg.br/api/v2/deputados/160675;JÂNIO NATAL;JÂNIO NATAL ANDRADE BORGES;
97822;https://dadosabertos.camara.leg.br/api/v2/deputados/97822;JAQUELINE RORIZ;JAQUELINE MARIA RORIZ;
160671;https://dadosabertos.camara.leg.br/api/v2/deputados/160671;JESUS RODRIGUES;JESUS RODRIGUES ALVES;
160574;https://dadosabertos.camara.leg.br/api/v2/deputados/160574;JOÃO ANANIAS;JOÃO ANANIAS VASCONCÉLOS NETO;
141457;https://dadosabertos.camara.leg.br/api/v2/deputados/141457;JOÃO BITTAR;JOÃO BITTAR JÚNIOR;
74559;https://dadosabertos.camara.leg.br/api/v2/deputados/74559;JOÃO CALDAS;JOÃO CALDAS DA SILVA;
73682;https://dadosabertos.camara.leg.br/api/v2/deputados/73682;JOÃO DADO;JOÃO EDUARDO DADO LEITE DE CARVALHO;
74049;https://dadosabertos.camara.leg.br/api/v2/deputados/74049;JOÃO LYRA;JOÃO JOSÉ PEREIRA DE LYRA;
74120;https://dadosabertos.camara.leg.br/api/v2/deputados/74120;JOÃO MAGALHÃES;JOÃO LÚCIO MAGALHÃES BIFANO;
73534;https://dadosabertos.camara.leg.br/api/v2/deputados/73534;JOÃO PAULO CUNHA;JOÃO PAULO CUNHA;
160549;https://dadosabertos.camara.leg.br/api/v2/deputados/160549;JOÃO PAULO LIMA;JOÃO PAULO LIMA E SILVA;
73874;https://dadosabertos.camara.leg.br/api/v2/deputados/73874;JOÃO PIZZOLATTI;JOÃO ALBERTO PIZZOLATTI JÚNIOR;
141461;https://dadosabertos.camara.leg.br/api/v2/deputados/141461;JOAQUIM BELTRÃO;JOAQUIM BELTRÃO SIQUEIRA;
74686;https://dadosabertos.camara.leg.br/api/v2/deputados/74686;JORGE BITTAR;JORGE RICARDO BITTAR;
73569;https://dadosabertos.camara.leg.br/api/v2/deputados/73569;JORGE PINHEIRO;JORGE DOS REIS PINHEIRO;
73536;https://dadosabertos.camara.leg.br/api/v2/deputados/73536;JOSÉ ANÍBAL;JOSÉ ANÍBAL PERES DE PONTES;
160661;https://dadosabertos.camara.leg.br/api/v2/deputados/160661;JOSÉ AUGUSTO MAIA;JOSÉ AUGUSTO MAIA;
73875;https://dadosabertos.camara.leg.br/api/v2/deputados/73875;JOSÉ CARLOS VIEIRA;JOSÉ CARLOS VIEIRA;
74423;https://dadosabertos.camara.leg.br/api/v2/deputados/74423;JOSÉ CHAVES;JOSÉ SEVERIANO CHAVES;
160560;https://dadosabertos.camara.leg.br/api/v2/deputados/160560;JOSÉ DE FILIPPI;JOSÉ DE FILIPPI JÚNIOR;
73540;https://dadosabertos.camara.leg.br/api/v2/deputados/73540;JOSÉ GENOÍNO;JOSÉ GENOÍNO NETO;
160396;https://dadosabertos.camara.leg.br/api/v2/deputados/160396;JOSÉ HUMBERTO;JOSÉ HUMBERTO SOARES;
74297;https://dadosabertos.camara.leg.br/api/v2/deputados/74297;JOSÉ LINHARES;JOSÉ LINHARES PONTE;
4929;https://dadosabertos.camara.leg.br/api/v2/deputados/4929;JOSEPH BANDEIRA;JOSEPH WALLACE FARIA BANDEIRA;
160519;https://dadosabertos.camara.leg.br/api/v2/deputados/160519;JÚLIO CAMPOS;JÚLIO JOSÉ DE CAMPOS;
74783;https://dadosabertos.camara.leg.br/api/v2/deputados/74783;JULIO SEMEGHINI;JULIO FRANCISCO SEMEGHINI NETO;
160648;https://dadosabertos.camara.leg.br/api/v2/deputados/160648;JÚNIOR COIMBRA;RAIMUNDO COIMBRA JÚNIOR;
74742;https://dadosabertos.camara.leg.br/api/v2/deputados/74742;LAEL VARELLA;LAEL VIEIRA VARELLA;
141479;https://dadosabertos.camara.leg.br/api/v2/deputados/141479;LAUREZ MOREIRA;LAUREZ DA ROCHA MOREIRA;
74367;https://dadosabertos.camara.leg.br/api/v2/deputados/74367;LEANDRO VILELA;LEANDRO VILELA VELLOSO;
179385;https://dadosabertos.camara.leg.br/api/v2/deputados/179385;LÉO OLIVEIRA;OCIMAR DONIZETI LEO OLIVEIRA;
73716;https://dadosabertos.camara.leg.br/api/v2/deputados/73716;LEOMAR QUINTANILHA;LEOMAR DE MELO QUINTANILHA;
74368;https://dadosabertos.camara.leg.br/api/v2/deputados/74368;LEONARDO VILELA;LEONARDO MOURA VILELA;
160533;https://dadosabertos.camara.leg.br/api/v2/deputados/160533;LILIAM SÁ;LILIAM SÁ DE PAULA;
141462;https://dadosabertos.camara.leg.br/api/v2/deputados/141462;LIRA MAIA;JOAQUIM DE LIRA MAIA;
160555;https://dadosabertos.camara.leg.br/api/v2/deputados/160555;LOURIVAL MENDES;LOURIVAL MENDES DA FONSECA FILHO;
73474;https://dadosabertos.camara.leg.br/api/v2/deputados/73474;LUCI CHOINACKI;LUCI TERESINHA KOSWOSKI CHOINACKI;
73982;https://dadosabertos.camara.leg.br/api/v2/deputados/73982;LUCIANO CASTRO;LUCIANO DE SOUZA CASTRO;
160513;https://dadosabertos.camara.leg.br/api/v2/deputados/160513;LUCIANO MOREIRA;LUCIANO FERNANDES MOREIRA;
73777;https://dadosabertos.camara.leg.br/api/v2/deputados/73777;LUCIANO PIZZATTO;LUCIANO PIZZATTO;
74133;https://dadosabertos.camara.leg.br/api/v2/deputados/74133;LUIZ ALBERTO;LUIZ ALBERTO SILVA DOS SANTOS;
160547;https://dadosabertos.camara.leg.br/api/v2/deputados/160547;LUIZ ARGÔLO;JOÃO LUIZ CORREIA ARGÔLO DOS SANTOS;
141486;https://dadosabertos.camara.leg.br/api/v2/deputados/141486;LUIZ CARLOS SETIM;LUIZ CARLOS SETIM;
171618;https://dadosabertos.camara.leg.br/api/v2/deputados/171618;LUIZ DE DEUS;LUIZ BARBOSA DE DEUS;
160662;https://dadosabertos.camara.leg.br/api/v2/deputados/160662;LUIZ FERNANDO MACHADO;LUIZ FERNANDO ARANTES MACHADO;
161962;https://dadosabertos.camara.leg.br/api/v2/deputados/161962;LUIZ NOÉ;LUIZ NOÉ SOUZA SOARES;
161906;https://dadosabertos.camara.leg.br/api/v2/deputados/161906;LUIZ OTAVIO;LUIZ OTAVIO OLIVEIRA CAMPOS;
160550;https://dadosabertos.camara.leg.br/api/v2/deputados/160550;LUIZ PITIMAN;LUIZ CARLOS PIETSCHMANN;
74802;https://dadosabertos.camara.leg.br/api/v2/deputados/74802;MAGELA;GERALDO MAGELA PEREIRA;
149327;https://dadosabertos.camara.leg.br/api/v2/deputados/149327;MAJOR FÁBIO;FÁBIO RODRIGUES DE OLIVEIRA;
179382;https://dadosabertos.camara.leg.br/api/v2/deputados/179382;MANOEL ANTUNES;MANOEL ANTUNES;
74456;https://dadosabertos.camara.leg.br/api/v2/deputados/74456;MANOEL SALVIANO;MANOEL SALVIANO SOBRINHO;
171622;https://dadosabertos.camara.leg.br/api/v2/deputados/171622;MANUEL ROSA NECA;MANUEL ROSA DA SILVA;
141492;https://dadosabertos.camara.leg.br/api/v2/deputados/141492;MANUELA D'ÁVILA;MANUELA PINTO VIEIRA D'ÁVILA;
74124;https://dadosabertos.camara.leg.br/api/v2/deputados/74124;MARÇAL FILHO;MARÇAL GONÇALVES LEITE FILHO;
178821;https://dadosabertos.camara.leg.br/api/v2/deputados/178821;MARCELINHO CARIOCA;MARCELO PEREIRA SURCIN;
146613;https://dadosabertos.camara.leg.br/api/v2/deputados/146613;MARCELO ALMEIDA;MARCELO BELTRÃO DE ALMEIDA;
74143;https://dadosabertos.camara.leg.br/api/v2/deputados/74143;MARCELO GUIMARÃES FILHO;MARCELO DE OLIVEIRA GUIMARÃES FILHO;
74363;https://dadosabertos.camara.leg.br/api/v2/deputados/74363;MARCIO BITTAR;MÁRCIO MIGUEL BITTAR;
141497;https://dadosabertos.camara.leg.br/api/v2/deputados/141497;MÁRCIO FRANÇA;MÁRCIO LUIZ FRANÇA GOMES;
141496;https://dadosabertos.camara.leg.br/api/v2/deputados/141496;MARCIO JUNQUEIRA;MÁRCIO HENRIQUE JUNQUEIRA PEREIRA;
74744;https://dadosabertos.camara.leg.br/api/v2/deputados/74744;MARCIO REINALDO MOREIRA;MÁRCIO REINALDO DIAS MOREIRA;
74745;https://dadosabertos.camara.leg.br/api/v2/deputados/74745;MARCOS LIMA;MARCOS GUIMARAES DE CERQUEIRA LIMA;
176794;https://dadosabertos.camara.leg.br/api/v2/deputados/176794;MARIA LUCIA PRANDI;MARIA LUCIA PRANDI GOMES;
164361;https://dadosabertos.camara.leg.br/api/v2/deputados/164361;MARINA SANTANNA;MARINA PIGNATARO SANT'ANNA;
74747;https://dadosabertos.camara.leg.br/api/v2/deputados/74747;MÁRIO DE OLIVEIRA;MÁRIO DE OLIVEIRA;
168447;https://dadosabertos.camara.leg.br/api/v2/deputados/168447;MÁRIO FEITOZA;MARIO FEITOZA DE CARVALHO FREITAS;
74635;https://dadosabertos.camara.leg.br/api/v2/deputados/74635;MÁRIO NEGROMONTE;MÁRIO SÍLVIO MENDES NEGROMONTE;
121759;https://dadosabertos.camara.leg.br/api/v2/deputados/121759;MARLLOS SAMPAIO;MARLLOS ROSSANO RIBEIRO GONÇALVES DE SAMPAIO;
179880;https://dadosabertos.camara.leg.br/api/v2/deputados/179880;MASSAMI MIKI;MASSAMI MIKI;
179386;https://dadosabertos.camara.leg.br/api/v2/deputados/179386;MAURÍCIO ALMEIDA;MAURICIO LUITGARDS MOURA DE ALMEIDA SILVA;
74045;https://dadosabertos.camara.leg.br/api/v2/deputados/74045;MAURÍCIO RANDS;MAURÍCIO RANDS COELHO BARROS;
141506;https://dadosabertos.camara.leg.br/api/v2/deputados/141506;MAURÍCIO TRINDADE;MAURÍCIO GONÇALVES TRINDADE;
73904;https://dadosabertos.camara.leg.br/api/v2/deputados/73904;MENDES RIBEIRO FILHO;JORGE ALBERTO PORTANOVA MENDES RIBEIRO FILHO;
74056;https://dadosabertos.camara.leg.br/api/v2/deputados/74056;MENDONÇA PRADO;JOSÉ DE ARAÚJO MENDONÇA SOBRINHO;
160644;https://dadosabertos.camara.leg.br/api/v2/deputados/160644;MIRIQUINHO BATISTA;ESMERINO NERI BATISTA FILHO;
74238;https://dadosabertos.camara.leg.br/api/v2/deputados/74238;MOACIR MICHELETTO;MOACIR MICHELETTO;
141537;https://dadosabertos.camara.leg.br/api/v2/deputados/141537;MOREIRA MENDES;RUBENS MOREIRA MENDES FILHO;
74108;https://dadosabertos.camara.leg.br/api/v2/deputados/74108;NARCIO RODRIGUES;NÁRCIO RODRIGUES DA SILVEIRA;
133372;https://dadosabertos.camara.leg.br/api/v2/deputados/133372;NATAN DONADON;NATAN DONADON;
74491;https://dadosabertos.camara.leg.br/api/v2/deputados/74491;NAZARENO FONTELES;JOSÉ NAZARENO CARDEAL FONTELES;
141510;https://dadosabertos.camara.leg.br/api/v2/deputados/141510;NEILTON MULIM;NEILTON MULIM DA COSTA;
73416;https://dadosabertos.camara.leg.br/api/v2/deputados/73416;NELSON BORNIER;NELSON ROBERTO BORNIER DE OLIVEIRA;
74750;https://dadosabertos.camara.leg.br/api/v2/deputados/74750;NEWTON CARDOSO;NEWTON CARDOSO;
160657;https://dadosabertos.camara.leg.br/api/v2/deputados/160657;NEWTON LIMA;NEWTON LIMA NETO;
74447;https://dadosabertos.camara.leg.br/api/v2/deputados/74447;NICE LOBÃO;NICE LOBÃO;
160564;https://dadosabertos.camara.leg.br/api/v2/deputados/160564;NILDA GONDIM;OZANILDA GONDIM VITAL DO REGO;
73594;https://dadosabertos.camara.leg.br/api/v2/deputados/73594;NILMAR RUIZ;NILMAR GAVINO RUIZ;
73782;https://dadosabertos.camara.leg.br/api/v2/deputados/73782;ODÍLIO BALBINOTTI;ODILIO BALBINOTTI;
73464;https://dadosabertos.camara.leg.br/api/v2/deputados/73464;OLIVEIRA FILHO;BERNARDINO BARRETO DE OLIVEIRA;
160563;https://dadosabertos.camara.leg.br/api/v2/deputados/160563;ONOFRE SANTO AGOSTINI;ONOFRE SANTO AGUSTINI;
141514;https://dadosabertos.camara.leg.br/api/v2/deputados/141514;OSMAR JÚNIOR;OSMAR RIBEIRO DE ALMEIDA JÚNIOR;
74430;https://dadosabertos.camara.leg.br/api/v2/deputados/74430;OSVALDO COELHO;OSVALDO DE SOUZA COELHO;
74191;https://dadosabertos.camara.leg.br/api/v2/deputados/74191;OSVALDO REIS;OSVALDO DE SOUZA REIS;
160540;https://dadosabertos.camara.leg.br/api/v2/deputados/160540;OTONIEL LIMA;OTONIEL CARLOS DE LIMA;
160650;https://dadosabertos.camara.leg.br/api/v2/deputados/160650;OZIEL OLIVEIRA;OZIEL ALVES DE OLIVEIRA;
160670;https://dadosabertos.camara.leg.br/api/v2/deputados/160670;PADRE TON;MÁRITON BENEDITO DE HOLANDA;
73883;https://dadosabertos.camara.leg.br/api/v2/deputados/73883;PAULO BORNHAUSEN;PAULO ROBERTO BARRETO BORNHAUSEN;
160668;https://dadosabertos.camara.leg.br/api/v2/deputados/160668;PAULO CESAR QUARTIERO;PAULO CESAR JUSTO QUARTIERO;
109372;https://dadosabertos.camara.leg.br/api/v2/deputados/109372;PAULO FERREIRA;PAULO ADALBERTO ALVES FERREIRA;
141519;https://dadosabertos.camara.leg.br/api/v2/deputados/141519;PAULO PIAU;PAULO PIAU NOGUEIRA;
74047;https://dadosabertos.camara.leg.br/api/v2/deputados/74047;PAULO RUBEM SANTIAGO;PAULO RUBEM SANTIAGO FERREIRA;
160658;https://dadosabertos.camara.leg.br/api/v2/deputados/160658;PAULO TADEU;PAULO TADEU VALE DA SILVA;
160593;https://dadosabertos.camara.leg.br/api/v2/deputados/160593;PAULO WAGNER;PAULO WAGNER LEITE DANTAS;
74556;https://dadosabertos.camara.leg.br/api/v2/deputados/74556;PEDRO EUGÊNIO;PEDRO EUGÊNIO DE CASTRO TOLEDO CABRAL;
174314;https://dadosabertos.camara.leg.br/api/v2/deputados/174314;PEDRO GUERRA;PEDRO DOS SANTOS LIMA GUERRA;
74111;https://dadosabertos.camara.leg.br/api/v2/deputados/74111;PEDRO HENRY;PEDRO HENRY NETO;
74207;https://dadosabertos.camara.leg.br/api/v2/deputados/74207;PEDRO NOVAIS;PEDRO NOVAIS LIMA;
179384;https://dadosabertos.camara.leg.br/api/v2/deputados/179384;PINTO DE LUNA;JOSÉ PINTO DE LUNA;
141465;https://dadosabertos.camara.leg.br/api/v2/deputados/141465;PINTO ITAMARATY;JOSÉ ELEONILDO SOARES;
172711;https://dadosabertos.camara.leg.br/api/v2/deputados/172711;PLÍNIO VALÉRIO;FRANCISCO PLÍNIO VALÉRIO TOMAZ;
162174;https://dadosabertos.camara.leg.br/api/v2/deputados/162174;POLICARPO;ROBERTO POLICARPO FAGUNDES;
141543;https://dadosabertos.camara.leg.br/api/v2/deputados/141543;PROFESSOR SETIMO;SÉTIMO WAQUIM;
160516;https://dadosabertos.camara.leg.br/api/v2/deputados/160516;RAIMUNDÃO;RAIMUNDO ANTONIO DE MACEDO;
141403;https://dadosabertos.camara.leg.br/api/v2/deputados/141403;RATINHO JUNIOR;CARLOS ROBERTO MASSA JÚNIOR;
160656;https://dadosabertos.camara.leg.br/api/v2/deputados/160656;RAUL LIMA;RAUL DA SILVA LIMA SOBRINHO;
141525;https://dadosabertos.camara.leg.br/api/v2/deputados/141525;REBECCA GARCIA;REBECCA MARTINS GARCIA;
89282;https://dadosabertos.camara.leg.br/api/v2/deputados/89282;REGUFFE;JOSÉ ANTÔNIO MACHADO REGUFFE;
160615;https://dadosabertos.camara.leg.br/api/v2/deputados/160615;REINALDO AZAMBUJA;REINALDO AZAMBUJA SILVA;
160623;https://dadosabertos.camara.leg.br/api/v2/deputados/160623;RENAN FILHO;JOSÉ RENAN VASCONCELOS CALHEIROS FILHO;
175212;https://dadosabertos.camara.leg.br/api/v2/deputados/175212;RENATO SIMÕES;RENATO SIMÕES;
74027;https://dadosabertos.camara.leg.br/api/v2/deputados/74027;RIBAMAR ALVES;JOSÉ DE RIBAMAR COSTA ALVES;
169553;https://dadosabertos.camara.leg.br/api/v2/deputados/169553;RICARDO ARCHER;RICARDO CEPPAS ARCHER;
172945;https://dadosabertos.camara.leg.br/api/v2/deputados/172945;RICARDO ARRUDA;RICARDO ARRUDA NUNES;
74793;https://dadosabertos.camara.leg.br/api/v2/deputados/74793;RICARDO BERZOINI;RICARDO JOSÉ RIBEIRO BERZOINI;
150634;https://dadosabertos.camara.leg.br/api/v2/deputados/150634;RICARDO QUIRINO;RICARDO QUIRINO DOS SANTOS;
161903;https://dadosabertos.camara.leg.br/api/v2/deputados/161903;ROBERTO DORNER;ROBERTO DORNER;
141473;https://dadosabertos.camara.leg.br/api/v2/deputados/141473;ROBERTO SANTIAGO;JOSÉ ROBERTO SANTIAGO GOMES;
152865;https://dadosabertos.camara.leg.br/api/v2/deputados/152865;RODRIGO BETHLEM;RODRIGO BETHLEM FERNANDES;
160568;https://dadosabertos.camara.leg.br/api/v2/deputados/160568;ROGÉRIO CARVALHO;ROGÉRIO CARVALHO SANTOS;
167707;https://dadosabertos.camara.leg.br/api/v2/deputados/167707;ROMANNA REMOR;ROMANNA GIULIA CECCON LEANDRO REMOR MARCELINO;
160597;https://dadosabertos.camara.leg.br/api/v2/deputados/160597;ROMÁRIO;ROMARIO DE SOUZA FARIA;
74813;https://dadosabertos.camara.leg.br/api/v2/deputados/74813;RONALDO CAIADO;RONALDO RAMOS CAIADO;
160594;https://dadosabertos.camara.leg.br/api/v2/deputados/160594;RONALDO ZULKE;RONALDO MIRO ZÜLKE;
160614;https://dadosabertos.camara.leg.br/api/v2/deputados/160614;ROSANE FERREIRA;CLEUSA ROSANE RIBAS FERREIRA;
73507;https://dadosabertos.camara.leg.br/api/v2/deputados/73507;ROSE DE FREITAS;ROSILDA DE FREITAS;
179379;https://dadosabertos.camara.leg.br/api/v2/deputados/179379;ROSY DE SOUSA;CARLA ROSYMAR ARAUJO DE SOUSA BARRETO;
104254;https://dadosabertos.camara.leg.br/api/v2/deputados/104254;RUI COSTA;RUI COSTA DOS SANTOS;
76420;https://dadosabertos.camara.leg.br/api/v2/deputados/76420;RUI PALMEIRA;RUI SOARES PALMEIRA;
73559;https://dadosabertos.camara.leg.br/api/v2/deputados/73559;SALVADOR ZIMBALDI;SALVADOR ZIMBALDI FILHO;
74039;https://dadosabertos.camara.leg.br/api/v2/deputados/74039;SANDRA ROSADO;SANDRA MARIA DA ESCÓSSIA ROSADO;
73676;https://dadosabertos.camara.leg.br/api/v2/deputados/73676;SANDRO MABEL;SANDRO ANTONIO SCODRO;
141539;https://dadosabertos.camara.leg.br/api/v2/deputados/141539;SEBASTIÃO BALA ROCHA;SEBASTIÃO FERREIRA DA ROCHA;
74533;https://dadosabertos.camara.leg.br/api/v2/deputados/74533;SÉRGIO BARRADAS CARNEIRO;SÉRGIO BARRADAS CARNEIRO;
74435;https://dadosabertos.camara.leg.br/api/v2/deputados/74435;SERGIO GUERRA;SEVERINO SÉRGIO ESTELITA GUERRA;
141547;https://dadosabertos.camara.leg.br/api/v2/deputados/141547;SOLANGE ALMEIDA;SOLANGE PEREIRA DE ALMEIDA;
160627;https://dadosabertos.camara.leg.br/api/v2/deputados/160627;STEPAN NERCESSIAN;STEPAN NERCESSIAN;
141548;https://dadosabertos.camara.leg.br/api/v2/deputados/141548;SUELI VIDIGAL;SUELI RANGEL SILVA VIDIGAL;
160679;https://dadosabertos.camara.leg.br/api/v2/deputados/160679;TAUMATURGO LIMA;TAUMATURGO LIMA CORDEIRO;
169711;https://dadosabertos.camara.leg.br/api/v2/deputados/169711;TELMA PINHEIRO;TELMA PINHEIRO RIBEIRO;
160608;https://dadosabertos.camara.leg.br/api/v2/deputados/160608;TERESA SURITA;MARIA TERESA SAENZ SURITA JUCÁ;
141551;https://dadosabertos.camara.leg.br/api/v2/deputados/141551;URZENI ROCHA;URZENI DA ROCHA FREITAS FILHO;
73565;https://dadosabertos.camara.leg.br/api/v2/deputados/73565;VALDEMAR COSTA NETO;VALDEMAR COSTA NETO;
162490;https://dadosabertos.camara.leg.br/api/v2/deputados/162490;VALDIVINO DE OLIVEIRA;VALDIVINO JOSE DE OLIVEIRA;
169868;https://dadosabertos.camara.leg.br/api/v2/deputados/169868;VALRY MORAIS;RAIMUNDO VALRY DE MORAIS;
167617;https://dadosabertos.camara.leg.br/api/v2/deputados/167617;VANDERLEI SIRAQUE;VANDERLEI SIRAQUE;
160595;https://dadosabertos.camara.leg.br/api/v2/deputados/160595;VAZ DE LIMA;JOSÉ CARLOS VAZ DE LIMA;
159258;https://dadosabertos.camara.leg.br/api/v2/deputados/159258;VICENTE SELISTRE;VICENTE PAULO DE OLIVEIRA SELISTRE;
141400;https://dadosabertos.camara.leg.br/api/v2/deputados/141400;VIEIRA DA CUNHA;CARLOS EDUARDO VIEIRA DA CUNHA;
163322;https://dadosabertos.camara.leg.br/api/v2/deputados/163322;VILALBA;ZACARIAS VILHARBA;
73677;https://dadosabertos.camara.leg.br/api/v2/deputados/73677;VILMAR ROCHA;VILMAR DA SILVA ROCHA;
141870;https://dadosabertos.camara.leg.br/api/v2/deputados/141870;VILSON COVATTI;VILSON LUIZ COVATTI;
141557;https://dadosabertos.camara.leg.br/api/v2/deputados/141557;VITOR PENIDO;VITOR PENIDO DE BARROS;
74284;https://dadosabertos.camara.leg.br/api/v2/deputados/74284;WALTER FELDMAN;WALTER MEYER FELDMAN;
160609;https://dadosabertos.camara.leg.br/api/v2/deputados/160609;WALTER TOSTA;WALTER DA ROCHA TOSTA;
141561;https://dadosabertos.camara.leg.br/api/v2/deputados/141561;WANDENKOLK GONÇALVES;WANDENKOLK PASTEUR GONÇALVES;
73653;https://dadosabertos.camara.leg.br/api/v2/deputados/73653;WELLINGTON FAGUNDES;WELLINGTON ANTONIO FAGUNDES;
179387;https://dadosabertos.camara.leg.br/api/v2/deputados/179387;WELLINGTON SALGADO;WELLINGTON SALGADO DE OLIVEIRA;
160586;https://dadosabertos.camara.leg.br/api/v2/deputados/160586;WILLIAM DIB;WILLIAM DIB;
168253;https://dadosabertos.camara.leg.br/api/v2/deputados/168253;ZE CARLOS DA PESCA;JOSE CARLOS DE JESUS RODRIGUES;
152607;https://dadosabertos.camara.leg.br/api/v2/deputados/152607;ZÉ VIEIRA;JOSÉ VIEIRA LINS;
74354;https://dadosabertos.camara.leg.br/api/v2/deputados/74354;ZENALDO COUTINHO;ZENALDO RODRIGUES COUTINHO JÚNIOR;
73933;https://dadosabertos.camara.leg.br/api/v2/deputados/73933;ZEQUINHA MARINHO;JOSÉ DA CRUZ MARINHO;
74145;https://dadosabertos.camara.leg.br/api/v2/deputados/74145;ZEZÉU RIBEIRO;JOSÉ EDUARDO VIEIRA RIBEIRO;
160625;https://dadosabertos.camara.leg.br/api/v2/deputados/160625;ZOINHO;JORGE DE OLIVEIRA;
74392;https://dadosabertos.camara.leg.br/api/v2/deputados/74392;ZONTA;ODACIR ZONTA;
131711;https://dadosabertos.camara.leg.br/api/v2/deputados/131711;ACÁCIO JÚNIOR;LUIS ACACIO SOUSA JUNIOR;
143254;https://dadosabertos.camara.leg.br/api/v2/deputados/143254;ACÉLIO CASAGRANDE;ACÉLIO CASAGRANDE;
73886;https://dadosabertos.camara.leg.br/api/v2/deputados/73886;ADÃO PRETTO;ADÃO PRETTO;
73765;https://dadosabertos.camara.leg.br/api/v2/deputados/73765;AFFONSO CAMARGO;AFFONSO ALVES DE CAMARGO NETO;
74358;https://dadosabertos.camara.leg.br/api/v2/deputados/74358;AGNALDO MUNIZ;AGNALDO MUNIZ;
73457;https://dadosabertos.camara.leg.br/api/v2/deputados/73457;AIRTON ROVEDA;AIRTON BERNARDO ROVEDA;
141373;https://dadosabertos.camara.leg.br/api/v2/deputados/141373;ALBANO FRANCO;ALBANO DO PRADO PIMENTEL FRANCO;
74018;https://dadosabertos.camara.leg.br/api/v2/deputados/74018;ALBÉRICO FILHO;ALBERICO DE FRANÇA FERREIRA FILHO;
74310;https://dadosabertos.camara.leg.br/api/v2/deputados/74310;ALBERTO SILVA;ALBERTO TAVARES SILVA;
139133;https://dadosabertos.camara.leg.br/api/v2/deputados/139133;ALCENI GUERRA;ALCENI ANGELO GUERRA;
150635;https://dadosabertos.camara.leg.br/api/v2/deputados/150635;ALESSANDRO SABINO;MÁRCIO ALESSANDRO FLEXA DE OLIVEIRA;
159261;https://dadosabertos.camara.leg.br/api/v2/deputados/159261;ANDRE MONTORO;ANDRE FRANCO MONTORO FILHO;
141380;https://dadosabertos.camara.leg.br/api/v2/deputados/141380;ANGELA PORTELA;ANGELA MARIA GOMES PORTELA;
73928;https://dadosabertos.camara.leg.br/api/v2/deputados/73928;ANN PONTES;ANN CLÉLIA DE BARROS PONTES;
159262;https://dadosabertos.camara.leg.br/api/v2/deputados/159262;ANTONIO CARLOS;ANTONIO CARLOS DE MORAIS;
73492;https://dadosabertos.camara.leg.br/api/v2/deputados/73492;ANTONIO CARLOS BISCAIA;ANTONIO CARLOS SILVA BISCAIA;
152611;https://dadosabertos.camara.leg.br/api/v2/deputados/152611;ANTONIO CARLOS CHAMARIZ;ANTONIO CARLOS RAMOS;
73431;https://dadosabertos.camara.leg.br/api/v2/deputados/73431;ANTONIO CARLOS PANNUNZIO;ANTONIO CARLOS PANNUNZIO;
73817;https://dadosabertos.camara.leg.br/api/v2/deputados/73817;ANTONIO CRUZ;ANTONIO FERREIRA DA CRUZ FILHO;
73987;https://dadosabertos.camara.leg.br/api/v2/deputados/73987;ANTONIO FEIJÃO;ANTONIO DA JUSTA FEIJAO;
141388;https://dadosabertos.camara.leg.br/api/v2/deputados/141388;ANTONIO JOSÉ MEDEIROS;ANTONIO JOSÉ CASTELO BRANCO MEDEIROS;
74701;https://dadosabertos.camara.leg.br/api/v2/deputados/74701;ANTONIO PALOCCI;ANTONIO PALOCCI FILHO;
74472;https://dadosabertos.camara.leg.br/api/v2/deputados/74472;ARMANDO MONTEIRO;ARMANDO DE QUEIROZ MONTEIRO NETO;
73993;https://dadosabertos.camara.leg.br/api/v2/deputados/73993;ARNALDO MADEIRA;ARNALDO DE ABREU MADEIRA;
141392;https://dadosabertos.camara.leg.br/api/v2/deputados/141392;ARNALDO VIANNA;ARNALDO FRANÇA VIANNA;
74441;https://dadosabertos.camara.leg.br/api/v2/deputados/74441;AUGUSTO FARIAS;AUGUSTO CESAR CAVALCANTE FARIAS;
74024;https://dadosabertos.camara.leg.br/api/v2/deputados/74024;AYRTON XEREZ;AYRTON ALVARENGA XEREZ;
74312;https://dadosabertos.camara.leg.br/api/v2/deputados/74312;B. SÁ;BENEDITO DE CARVALHO SÁ;
141449;https://dadosabertos.camara.leg.br/api/v2/deputados/141449;BARBOSA NETO;HOMERO BARBOSA NETO;
141376;https://dadosabertos.camara.leg.br/api/v2/deputados/141376;BEL MESQUITA;Ana Isabel Mesquita de Oliveira;
156634;https://dadosabertos.camara.leg.br/api/v2/deputados/156634;BENE CAMACHO;BENE ANDRÉ CAMACHO ARAÚJO;
74517;https://dadosabertos.camara.leg.br/api/v2/deputados/74517;BENEDITO DE LIRA;BENEDITO DE LIRA;
74169;https://dadosabertos.camara.leg.br/api/v2/deputados/74169;BERNARDO ARISTON;BERNARDO RAMOS ARISTON;
3155;https://dadosabertos.camara.leg.br/api/v2/deputados/3155;BISPO GÊ TENUTA;GERALDO TENUTA FILHO;
152606;https://dadosabertos.camara.leg.br/api/v2/deputados/152606;CAPITÃO ASSUMÇÃO;LUCÍNIO CASTELO DE ASSUMÇÃO;
73469;https://dadosabertos.camara.leg.br/api/v2/deputados/73469;CARLITO MERSS;CARLITO MERSS;
74285;https://dadosabertos.camara.leg.br/api/v2/deputados/74285;CARLOS ABICALIL;CARLOS AUGUSTO ABICALIL;
160318;https://dadosabertos.camara.leg.br/api/v2/deputados/160318;CARLOS ALBERTO;CARLOS ALBERTO PEREIRA;
141397;https://dadosabertos.camara.leg.br/api/v2/deputados/141397;CARLOS ALBERTO CANUTO;CARLOS ALBERTO MOREIRA DE MENDONÇA CANUTO;
74835;https://dadosabertos.camara.leg.br/api/v2/deputados/74835;CARLOS SANTANA;CARLOS AUGUSTO ALVES SANTANA;
74148;https://dadosabertos.camara.leg.br/api/v2/deputados/74148;CARLOS WILLIAN;CARLOS WILLIAN DE SOUZA;
131873;https://dadosabertos.camara.leg.br/api/v2/deputados/131873;CARLOS WILSON;CARLOS WILSON ROCHA DE QUEIROZ CAMPOS;
141404;https://dadosabertos.camara.leg.br/api/v2/deputados/141404;CASSIO TANIGUCHI;CÁSSIO TANIGUCHI;
74799;https://dadosabertos.camara.leg.br/api/v2/deputados/74799;CELCITA PINHEIRO;CELCITA ROSA PINHEIRO DA SILVA;
73480;https://dadosabertos.camara.leg.br/api/v2/deputados/73480;CEZAR SCHIRMER;CEZAR AUGUSTO SCHIRMER;
157225;https://dadosabertos.camara.leg.br/api/v2/deputados/157225;CHARLES COZZOLINO;CHARLES COZZOLINO;
141336;https://dadosabertos.camara.leg.br/api/v2/deputados/141336;CHARLES LUCENA;ANTONIO CHARLES LUCENA DE OLIVEIRA MELLO;
146308;https://dadosabertos.camara.leg.br/api/v2/deputados/146308;CHICO ABREU;FRANCISCO GOMES DE ABREU;
74000;https://dadosabertos.camara.leg.br/api/v2/deputados/74000;CHICO DA PRINCESA;FRANCISCO OCTAVIO BECKERT;
158328;https://dadosabertos.camara.leg.br/api/v2/deputados/158328;CHICO DALTRO;FRANCISCO TARQUINIO DALTRO;
160365;https://dadosabertos.camara.leg.br/api/v2/deputados/160365;CHICO NETO;FRANCISCO FERREIRA FREITAS NETO;
141501;https://dadosabertos.camara.leg.br/api/v2/deputados/141501;CIDA DIOGO;MARIA APARECIDA DIOGO BRAGA;
141406;https://dadosabertos.camara.leg.br/api/v2/deputados/141406;CIRO GOMES;CIRO FERREIRA GOMES;
74313;https://dadosabertos.camara.leg.br/api/v2/deputados/74313;CIRO NOGUEIRA;CIRO NOGUEIRA LIMA FILHO;
141407;https://dadosabertos.camara.leg.br/api/v2/deputados/141407;CIRO PEDROSA;CIRO FRANCISCO PEDROSA;
141057;https://dadosabertos.camara.leg.br/api/v2/deputados/141057;CLÁUDIO DIAZ;CLÁUDIO CASTANHEIRA DIAZ;
74263;https://dadosabertos.camara.leg.br/api/v2/deputados/74263;CLÁUDIO MAGRÃO;CLÁUDIO MAGRÃO DE CAMARGO CRE;
141409;https://dadosabertos.camara.leg.br/api/v2/deputados/141409;CLODOVIL HERNANDES;CLODOVIL HERNANDES;
74026;https://dadosabertos.camara.leg.br/api/v2/deputados/74026;CLÓVIS FECURY;CLÓVIS ANTÔNIO CHAVES FECURY;
141410;https://dadosabertos.camara.leg.br/api/v2/deputados/141410;CRISTIANO MATHEUS;CRISTIANO MATHEUS DA SILVA E SOUSA;
74579;https://dadosabertos.camara.leg.br/api/v2/deputados/74579;CUSTÓDIO MATTOS;CUSTÓDIO ANTÔNIO DE MATTOS;
159263;https://dadosabertos.camara.leg.br/api/v2/deputados/159263;DANIEL FONTANA;DANIEL PAULO FONTANA;
141415;https://dadosabertos.camara.leg.br/api/v2/deputados/141415;DJALMA BERGER;DJALMA VANDO BERGER;
141414;https://dadosabertos.camara.leg.br/api/v2/deputados/141414;DR. BASEGIO;DIÓGENES LUIZ BASEGIO;
141540;https://dadosabertos.camara.leg.br/api/v2/deputados/141540;DR. NECHAR;SERGIO ANTONIO NECHAR;
73542;https://dadosabertos.camara.leg.br/api/v2/deputados/73542;DR. PINOTTI;JOSÉ ARISTODEMO PINOTTI;
141550;https://dadosabertos.camara.leg.br/api/v2/deputados/141550;DR. TALMIR;TALMIR RODRIGUES;
141416;https://dadosabertos.camara.leg.br/api/v2/deputados/141416;EDGAR MOURY;EDGAR MOURY FERNANDES SOBRINHO;
143253;https://dadosabertos.camara.leg.br/api/v2/deputados/143253;EDIGAR MÃO BRANCA;EDIGAR EVANGELISTA DOS ANJOS;
133375;https://dadosabertos.camara.leg.br/api/v2/deputados/133375;EDINHO MONTEMOR;EDGARD MONTEMOR FERNANDES;
73599;https://dadosabertos.camara.leg.br/api/v2/deputados/73599;EDIR OLIVEIRA;EDIR PEDRO DE OLIVEIRA;
139187;https://dadosabertos.camara.leg.br/api/v2/deputados/139187;EDMILSON VALENTIM;EDMILSON JOSE VALENTIM DOS SANTOS;
74061;https://dadosabertos.camara.leg.br/api/v2/deputados/74061;EDSON DUARTE;EDSON GONÇALVES DUARTE;
141420;https://dadosabertos.camara.leg.br/api/v2/deputados/141420;EDUARDO AMORIM;EDUARDO ALVES DO AMORIM;
4928;https://dadosabertos.camara.leg.br/api/v2/deputados/4928;EDUARDO LOPES;EDUARDO BENEDITO LOPES;
150876;https://dadosabertos.camara.leg.br/api/v2/deputados/150876;EDUARDO MOURA;EDUARDO ALVES DE MOURA;
73938;https://dadosabertos.camara.leg.br/api/v2/deputados/73938;EDUARDO VALVERDE;EDUARDO VALVERDE ARAÚJO ALVES;
141424;https://dadosabertos.camara.leg.br/api/v2/deputados/141424;ELISMAR PRADO;ELISMAR FERNANDES PRADO;
152609;https://dadosabertos.camara.leg.br/api/v2/deputados/152609;ELIZEU AGUIAR;ELIZEU MORAIS DE AGUIAR;
153384;https://dadosabertos.camara.leg.br/api/v2/deputados/153384;EMILIA FERNANDES;EMILIA THEREZINHA XAVIER FERNANDES;
74269;https://dadosabertos.camara.leg.br/api/v2/deputados/74269;ENÉAS;ENÉAS FERREIRA CARNEIRO;
141425;https://dadosabertos.camara.leg.br/api/v2/deputados/141425;ERNANDES AMORIM;ERNANDES SANTOS AMORIM;
141426;https://dadosabertos.camara.leg.br/api/v2/deputados/141426;EUGÊNIO RABELO;EUGÊNIO RABELO;
74099;https://dadosabertos.camara.leg.br/api/v2/deputados/74099;EURIPEDES MIRANDA;EURIPEDES MIRANDA BOTELHO;
74542;https://dadosabertos.camara.leg.br/api/v2/deputados/74542;FÉLIX MENDONÇA;FELIX DE ALMEIDA MENDONÇA;
154734;https://dadosabertos.camara.leg.br/api/v2/deputados/154734;FERNANDO CHIARELLI;FERNANDO CHIARELLI;
141344;https://dadosabertos.camara.leg.br/api/v2/deputados/141344;FERNANDO CHUCRE;FERNANDO BARRANCOS CHUCRE;
73471;https://dadosabertos.camara.leg.br/api/v2/deputados/73471;FERNANDO CORUJA;CARLOS FERNANDO CORUJA AGUSTINI;
74063;https://dadosabertos.camara.leg.br/api/v2/deputados/74063;FERNANDO DE FABINHO;LUIZ FERNANDO DE FABINHO ARAÚJO LIMA;
74658;https://dadosabertos.camara.leg.br/api/v2/deputados/74658;FERNANDO DINIZ;FERNANDO ALBERTO DINIZ;
74841;https://dadosabertos.camara.leg.br/api/v2/deputados/74841;FERNANDO GABEIRA;FERNANDO PAULO NAGLE GABEIRA;
74842;https://dadosabertos.camara.leg.br/api/v2/deputados/74842;FERNANDO GONÇALVES;FERNANDO ANTONIO FOLGADO GONÇALVES;
141432;https://dadosabertos.camara.leg.br/api/v2/deputados/141432;FERNANDO MELO;FERNANDO MELO DA COSTA;
152608;https://dadosabertos.camara.leg.br/api/v2/deputados/152608;FERNANDO NASCIMENTO;FERNANDO ANTÔNIO DO NASCIMENTO;
159260;https://dadosabertos.camara.leg.br/api/v2/deputados/159260;FLAVIO ANTUNES;FLAVIO LUIS MOREIRA ANTUNES;
141435;https://dadosabertos.camara.leg.br/api/v2/deputados/141435;FLÁVIO BEZERRA;FLÁVIO BEZERRA DA SILVA;
141436;https://dadosabertos.camara.leg.br/api/v2/deputados/141436;FLÁVIO DINO;FLÁVIO DINO DE CASTRO E COSTA;
73981;https://dadosabertos.camara.leg.br/api/v2/deputados/73981;FRANCISCO RODRIGUES;FRANCISCO DE ASSIS RODRIGUES;
139212;https://dadosabertos.camara.leg.br/api/v2/deputados/139212;FRANCISCO ROSSI;FRANCISCO ROSSI DE ALMEIDA;
141437;https://dadosabertos.camara.leg.br/api/v2/deputados/141437;FRANK AGUIAR;FRANCINETO LUZ DE AGUIAR;
86634;https://dadosabertos.camara.leg.br/api/v2/deputados/86634;FREDO JUNIOR;FREDO EBLING JUNIOR;
74544;https://dadosabertos.camara.leg.br/api/v2/deputados/74544;GEDDEL VIEIRA LIMA;GEDDEL QUADROS VIEIRA LIMA;
155920;https://dadosabertos.camara.leg.br/api/v2/deputados/155920;GERALDINHO;ANTONIO GERALDO DE SOUZA HENRIQUES FILHO;
141442;https://dadosabertos.camara.leg.br/api/v2/deputados/141442;GERALDO PUDIM;GERALDO ROBERTO SIQUEIRA DE SOUZA;
141443;https://dadosabertos.camara.leg.br/api/v2/deputados/141443;GERMANO BONOW;GERMANO MOSTARDEIRO BONOW;
141444;https://dadosabertos.camara.leg.br/api/v2/deputados/141444;GERÔNIMO DA ADEFAL;GERÔNIMO CIQUEIRA DA SILVA;
74076;https://dadosabertos.camara.leg.br/api/v2/deputados/74076;GERSON PERES;GERSON DOS SANTOS PERES;
73472;https://dadosabertos.camara.leg.br/api/v2/deputados/73472;GERVÁSIO SILVA;GERVÁSIO JOSÉ DA SILVA;
159265;https://dadosabertos.camara.leg.br/api/v2/deputados/159265;GISELA SEQUEIRA;GISELA ROMARIZ SEQUEIRA;
74139;https://dadosabertos.camara.leg.br/api/v2/deputados/74139;GUILHERME MENEZES;GUILHERME MENEZES DE ANDRADE;
133853;https://dadosabertos.camara.leg.br/api/v2/deputados/133853;IBSEN PINHEIRO;IBSEN VALLS PINHEIRO;
141451;https://dadosabertos.camara.leg.br/api/v2/deputados/141451;ILDERLEI CORDEIRO;ILDERLEI SOUZA RODRIGUES CORDEIRO;
141468;https://dadosabertos.camara.leg.br/api/v2/deputados/141468;IRAN BARBOSA;JOSÉ IRAN BARBOSA FILHO;
73461;https://dadosabertos.camara.leg.br/api/v2/deputados/73461;ÍRIS SIMÕES;ÍRIS XAVIER SIMÕES;
159264;https://dadosabertos.camara.leg.br/api/v2/deputados/159264;ITAMAR ROCHA;ITAMAR DE PAIVA ROCHA;
77701;https://dadosabertos.camara.leg.br/api/v2/deputados/77701;JACKSON BARRETO;JACKSON BARRETO DE LIMA;
73929;https://dadosabertos.camara.leg.br/api/v2/deputados/73929;JADER BARBALHO;JADER FONTENELLE BARBALHO;
74547;https://dadosabertos.camara.leg.br/api/v2/deputados/74547;JAIRO CARNEIRO;JAIRO ALFREDO OLIVEIRA CARNEIRO;
74528;https://dadosabertos.camara.leg.br/api/v2/deputados/74528;JERÔNIMO REIS;JERÔNIMO DE OLIVEIRA REIS;
74549;https://dadosabertos.camara.leg.br/api/v2/deputados/74549;JOÃO ALMEIDA;JOÃO ALMEIDA DOS SANTOS;
160317;https://dadosabertos.camara.leg.br/api/v2/deputados/160317;JOÃO BATISTA;JOÃO BATISTA DOS SANTOS;
74781;https://dadosabertos.camara.leg.br/api/v2/deputados/74781;JOÃO HERRMANN;JOÃO HERRMANN NETO;
73873;https://dadosabertos.camara.leg.br/api/v2/deputados/73873;JOÃO MATOS;JOÃO BATISTA MATOS;
141460;https://dadosabertos.camara.leg.br/api/v2/deputados/141460;JOÃO OLIVEIRA;JOÃO OLIVEIRA DE SOUSA;
73658;https://dadosabertos.camara.leg.br/api/v2/deputados/73658;JOFRAN FREJAT;JOFRAN FREJAT;
74563;https://dadosabertos.camara.leg.br/api/v2/deputados/74563;JORGE ALBERTO;JORGE ALBERTO TELES PRADO;
74552;https://dadosabertos.camara.leg.br/api/v2/deputados/74552;JORGE KHOURY;JORGE KHOURY HEDAYE;
4927;https://dadosabertos.camara.leg.br/api/v2/deputados/4927;JORGINHO MALULY;JORGE DE FARIA MALULY;
154739;https://dadosabertos.camara.leg.br/api/v2/deputados/154739;JOSÉ C. STANGARLINI;JOSE CARLOS STANGARLINI;
74055;https://dadosabertos.camara.leg.br/api/v2/deputados/74055;JOSÉ CARLOS MACHADO;JOSE CARLOS MACHADO;
151249;https://dadosabertos.camara.leg.br/api/v2/deputados/151249;JOSÉ EDMAR;JOSÉ EDMAR DE CASTRO CORDEIRO;
74274;https://dadosabertos.camara.leg.br/api/v2/deputados/74274;JOSÉ EDUARDO CARDOZO;JOSÉ EDUARDO MARTINS CARDOZO;
141466;https://dadosabertos.camara.leg.br/api/v2/deputados/141466;JOSÉ FERNANDO APARECIDO DE OLIVEIRA;JOSÉ FERNANDO APARECIDO DE OLIVEIRA;
74425;https://dadosabertos.camara.leg.br/api/v2/deputados/74425;JOSÉ MENDONÇA BEZERRA;JOSÉ MENDONÇA BEZERRA;
74426;https://dadosabertos.camara.leg.br/api/v2/deputados/74426;JOSÉ MÚCIO MONTEIRO;JOSÉ MÚCIO MONTEIRO FILHO;
141471;https://dadosabertos.camara.leg.br/api/v2/deputados/141471;JOSÉ PAULO TÓFFANO;JOSÉ PAULO TOFFANO;
74298;https://dadosabertos.camara.leg.br/api/v2/deputados/74298;JOSÉ PIMENTEL;JOSÉ BARROSO PIMENTEL;
71921;https://dadosabertos.camara.leg.br/api/v2/deputados/71921;JOSÉ ROBERTO DUDÉ;JOSÉ ROBERTO CORREA DO NASCIMENTO;
74741;https://dadosabertos.camara.leg.br/api/v2/deputados/74741;JOSÉ SANTANA DE VASCONCELLOS;JOSÉ SANTANA DE VASCONCELLOS MOREIRA;
73994;https://dadosabertos.camara.leg.br/api/v2/deputados/73994;JÚLIO REDECKER;JULIO CESAR REDECKER;
159058;https://dadosabertos.camara.leg.br/api/v2/deputados/159058;JUNIOR MARZOLA;ANGELO CREMA MARZOLA JUNIOR;
74346;https://dadosabertos.camara.leg.br/api/v2/deputados/74346;JURANDIL JUAREZ;JURANDIL DOS SANTOS JUAREZ;
141475;https://dadosabertos.camara.leg.br/api/v2/deputados/141475;JURANDY LOUREIRO;JURANDY LOUREIRO BARROSO;
141476;https://dadosabertos.camara.leg.br/api/v2/deputados/141476;JUSMARI OLIVEIRA;JUSMARI TEREZINHA DE SOUZA OLIVEIRA;
141477;https://dadosabertos.camara.leg.br/api/v2/deputados/141477;JUVENIL;JUVENIL ALVES FERREIRA FILHO;
141481;https://dadosabertos.camara.leg.br/api/v2/deputados/141481;LEANDRO SAMPAIO;LEANDRO JOSÉ MENDES SAMPAIO FERNANDES;
74455;https://dadosabertos.camara.leg.br/api/v2/deputados/74455;LEO ALCÂNTARA;LEONARDO ROSARIO DE ALCÂNTARA;
141452;https://dadosabertos.camara.leg.br/api/v2/deputados/141452;LÉO VIVAS;ILIOBALDO VIVAS DA SILVA;
141504;https://dadosabertos.camara.leg.br/api/v2/deputados/141504;LUCENIRA PIMENTEL;MARIA LUCENIRA FERREIRA OLIVEIRA PIMENTEL;
81512;https://dadosabertos.camara.leg.br/api/v2/deputados/81512;LUCIANA COSTA;LUCIANA DE ALMEIDA COSTA;
74397;https://dadosabertos.camara.leg.br/api/v2/deputados/74397;LUCIANA GENRO;LUCIANA KREBS GENRO;
74059;https://dadosabertos.camara.leg.br/api/v2/deputados/74059;LUIZ BASSUMA;LUIZ CARLOS BASSUMA;
74810;https://dadosabertos.camara.leg.br/api/v2/deputados/74810;LUIZ BITTENCOURT;LUIZ JOSÉ BITTENCOURT;
74142;https://dadosabertos.camara.leg.br/api/v2/deputados/74142;LUIZ CARREIRA;LUIZ ANTÔNIO VASCONCELLOS CARREIRA;
141489;https://dadosabertos.camara.leg.br/api/v2/deputados/141489;LUIZ PAULO VELLOZO LUCAS;LUIZ PAULO VELLOZO LUCAS;
73936;https://dadosabertos.camara.leg.br/api/v2/deputados/73936;LUPÉRCIO RAMOS;JOSÉ LUPÉRCIO RAMOS DE OLIVEIRA;
141495;https://dadosabertos.camara.leg.br/api/v2/deputados/141495;MARCELO ITAGIBA;MARCELO ZATURANSKY NOGUEIRA ITAGIBA;
141494;https://dadosabertos.camara.leg.br/api/v2/deputados/141494;MARCELO MELO;MARCELO DE ARAÚJO MELO;
141493;https://dadosabertos.camara.leg.br/api/v2/deputados/141493;MARCELO SERAFIM;MARCELO AUGUSTO DA EIRA CORREA;
74300;https://dadosabertos.camara.leg.br/api/v2/deputados/74300;MARCELO TEIXEIRA;ANTONIO MARCELO TEIXEIRA SOUSA;
115899;https://dadosabertos.camara.leg.br/api/v2/deputados/115899;MARCIO PASSOS;MARCIO ALMEIDA PASSOS;
141499;https://dadosabertos.camara.leg.br/api/v2/deputados/141499;MARCOS ANTONIO;MARCOS ANTÔNIO RAMOS DA HORA;
74586;https://dadosabertos.camara.leg.br/api/v2/deputados/74586;MARIA DO CARMO LARA;MARIA DO CARMO LARA PERPÉTUO;
74587;https://dadosabertos.camara.leg.br/api/v2/deputados/74587;MARIA LÚCIA CARDOSO;MARIA LÚCIA CARDOSO;
141505;https://dadosabertos.camara.leg.br/api/v2/deputados/141505;MARINA MAGGESSI;MARINA TERRA MAGGESSI DE SOUZA;
147653;https://dadosabertos.camara.leg.br/api/v2/deputados/147653;MATTEO CHIARELLI;MATTEO ROTA CHIARELLI;
73780;https://dadosabertos.camara.leg.br/api/v2/deputados/73780;MAX ROSENMANN;MAX ROSENMANN;
73552;https://dadosabertos.camara.leg.br/api/v2/deputados/73552;MICHEL TEMER;MICHEL MIGUEL ELIAS TEMER LULIA;
141469;https://dadosabertos.camara.leg.br/api/v2/deputados/141469;MIGUEL MARTINI;JOSÉ MIGUEL MARTINI;
74337;https://dadosabertos.camara.leg.br/api/v2/deputados/74337;MILTON BARBOSA;MILTON JOÃO SOARES BARBOSA;
139311;https://dadosabertos.camara.leg.br/api/v2/deputados/139311;MOISES AVELINO;MOISÉS NOGUEIRA AVELINO;
74318;https://dadosabertos.camara.leg.br/api/v2/deputados/74318;MUSSA DEMES;MUSSA DE JESUS DEMES;
74038;https://dadosabertos.camara.leg.br/api/v2/deputados/74038;NÉLIO DIAS;NÉLIO SILVEIRA DIAS;
141511;https://dadosabertos.camara.leg.br/api/v2/deputados/141511;NELSON GOETTEN;NELSON GOETTEN DE LIMA;
73907;https://dadosabertos.camara.leg.br/api/v2/deputados/73907;NELSON PROENÇA;NELSON LUIZ PROENÇA FERNANDES;
73761;https://dadosabertos.camara.leg.br/api/v2/deputados/73761;NELSON TRAD;NELSON TRAD;
141512;https://dadosabertos.camara.leg.br/api/v2/deputados/141512;NEUDO CAMPOS;NEUDO RIBEIRO CAMPOS;
74365;https://dadosabertos.camara.leg.br/api/v2/deputados/74365;NILSON MOURÃO;NILSON MOURA LEITE MOURÃO;
74005;https://dadosabertos.camara.leg.br/api/v2/deputados/74005;OLAVO CALHEIROS;OLAVO CALHEIROS FILHO;
73660;https://dadosabertos.camara.leg.br/api/v2/deputados/73660;OSÓRIO ADRIANO;OSÓRIO ADRIANO FILHO;
73909;https://dadosabertos.camara.leg.br/api/v2/deputados/73909;OSVALDO BIOLCHI;OSVALDO ANICETTO BIOLCHI;
154417;https://dadosabertos.camara.leg.br/api/v2/deputados/154417;PAES DE LIRA;JAIRO PAES DE LIRA;
73921;https://dadosabertos.camara.leg.br/api/v2/deputados/73921;PASTOR FRANKEMBERGEN;FRANKEMBERGEN GALVÃO DA COSTA;
141491;https://dadosabertos.camara.leg.br/api/v2/deputados/141491;PASTOR MANOEL FERREIRA;MANOEL FERREIRA;
74032;https://dadosabertos.camara.leg.br/api/v2/deputados/74032;PASTOR PEDRO RIBEIRO;PEDRO RIBEIRO FILHO;
73882;https://dadosabertos.camara.leg.br/api/v2/deputados/73882;PAULO BAUER;PAULO ROBERTO BAUER;
74754;https://dadosabertos.camara.leg.br/api/v2/deputados/74754;PAULO DELGADO;PAULO GABRIEL GODINHO DELGADO;
73555;https://dadosabertos.camara.leg.br/api/v2/deputados/73555;PAULO LIMA;PAULO CÉSAR DE OLIVEIRA LIMA;
73612;https://dadosabertos.camara.leg.br/api/v2/deputados/73612;PAULO RATTES;PAULO JOSÉ ALVES RATTES;
141520;https://dadosabertos.camara.leg.br/api/v2/deputados/141520;PAULO RENATO SOUZA;PAULO RENATO COSTA SOUZA;
141521;https://dadosabertos.camara.leg.br/api/v2/deputados/141521;PAULO ROBERTO PEREIRA;PAULO ROBERTO MANOEL PEREIRA;
74082;https://dadosabertos.camara.leg.br/api/v2/deputados/74082;PAULO ROCHA;PAULO ROBERTO GALVÃO DA ROCHA;
74102;https://dadosabertos.camara.leg.br/api/v2/deputados/74102;PEDRO VALADARES;PEDRO ALMEIDA VALADARES NETO;
73673;https://dadosabertos.camara.leg.br/api/v2/deputados/73673;PEDRO WILSON;PEDRO WILSON GUIMARÃES;
141538;https://dadosabertos.camara.leg.br/api/v2/deputados/141538;PROFESSOR RUY PAULETTI;RUY PAULETTI;
74370;https://dadosabertos.camara.leg.br/api/v2/deputados/74370;PROFESSORA RAQUEL TEIXEIRA;RAQUEL FIGUEIREDO ALESSANDRI TEIXEIRA;
159259;https://dadosabertos.camara.leg.br/api/v2/deputados/159259;R. SÁ FILHO;RAIMUNDO DE SÁ URTIGA FILHO;
74590;https://dadosabertos.camara.leg.br/api/v2/deputados/74590;RAFAEL GUERRA;JOSÉ RAFAEL GUERRA PINTO COELHO;
73556;https://dadosabertos.camara.leg.br/api/v2/deputados/73556;REGIS DE OLIVEIRA;REGIS FERNANDES DE OLIVEIRA;
141526;https://dadosabertos.camara.leg.br/api/v2/deputados/141526;REINALDO NOGUEIRA;REINALDO NOGUEIRA LOPES CRUZ;
141528;https://dadosabertos.camara.leg.br/api/v2/deputados/141528;RENATO AMARY;RENATO FAUVEL AMARY;
74257;https://dadosabertos.camara.leg.br/api/v2/deputados/74257;RENATO COZZOLINO;RENATO COZZOLINO SOBRINHO;
73557;https://dadosabertos.camara.leg.br/api/v2/deputados/73557;RICARDO IZAR;RICARDO NAGIB IZAR;
73490;https://dadosabertos.camara.leg.br/api/v2/deputados/73490;RICARTE DE FREITAS;RICARTE DE FREITAS JUNIOR;
74777;https://dadosabertos.camara.leg.br/api/v2/deputados/74777;RITA CAMATA;RITA DE CÁSSIA PASTE CAMATA;
74433;https://dadosabertos.camara.leg.br/api/v2/deputados/74433;ROBERTO MAGALHÃES;ROBERTO MAGALHÃES MELO;
74209;https://dadosabertos.camara.leg.br/api/v2/deputados/74209;ROBERTO ROCHA;ROBERTO COELHO ROCHA;
73558;https://dadosabertos.camara.leg.br/api/v2/deputados/73558;ROBSON TUMA;ROBSON TUMA;
141530;https://dadosabertos.camara.leg.br/api/v2/deputados/141530;RODOVALHO;ROBSON LEMOS RODOVALHO;
141534;https://dadosabertos.camara.leg.br/api/v2/deputados/141534;ROGERIO LISBOA;ROGERIO MARTINS LISBOA;
73651;https://dadosabertos.camara.leg.br/api/v2/deputados/73651;ROGERIO SILVA;ROGERIO LUCIO SOARES DA SILVA;
74042;https://dadosabertos.camara.leg.br/api/v2/deputados/74042;RONALDO CUNHA LIMA;RONALDO JOSÉ DA CUNHA LIMA;
151214;https://dadosabertos.camara.leg.br/api/v2/deputados/151214;RONALDO LEITE;RONALDO DE BRITO LEITE;
74341;https://dadosabertos.camara.leg.br/api/v2/deputados/74341;SÁ;ALMIR MORAIS SÁ;
160520;https://dadosabertos.camara.leg.br/api/v2/deputados/160520;SALLES;RAIMUNDO TARASKEVICIUS SALES;
74258;https://dadosabertos.camara.leg.br/api/v2/deputados/74258;SANDRO MATOS;SANDRO MATOS PEREIRA;
149293;https://dadosabertos.camara.leg.br/api/v2/deputados/149293;SATURNINO MASSON;SATURNINO MASSON;
74211;https://dadosabertos.camara.leg.br/api/v2/deputados/74211;SEBASTIÃO MADEIRA;SEBASTIAO TORRES MADEIRA;
141541;https://dadosabertos.camara.leg.br/api/v2/deputados/141541;SERGIO PETECÃO;SÉRGIO DE OLIVEIRA CUNHA;
74641;https://dadosabertos.camara.leg.br/api/v2/deputados/74641;SEVERIANO ALVES;SEVERIANO ALVES DE SOUZA;
141545;https://dadosabertos.camara.leg.br/api/v2/deputados/141545;SILVINHO PECCIOLI;SILVIO ROBERTO CAVALCANTI PECCIOLI;
73998;https://dadosabertos.camara.leg.br/api/v2/deputados/73998;SILVIO LOPES;SILVIO LOPES TEIXEIRA;
141546;https://dadosabertos.camara.leg.br/api/v2/deputados/141546;SOLANGE AMARAL;SOLANGE AMARAL;
141549;https://dadosabertos.camara.leg.br/api/v2/deputados/141549;SUELY;SUELY SANTANA DA SILVA;
73577;https://dadosabertos.camara.leg.br/api/v2/deputados/73577;TARCÍSIO ZIMMERMANN;TARCISIO JOÃO ZIMERMMANN;
74289;https://dadosabertos.camara.leg.br/api/v2/deputados/74289;TATICO;JOSÉ FUSCALDI CESILIO;
73561;https://dadosabertos.camara.leg.br/api/v2/deputados/73561;TELMA DE SOUZA;TELMA SANDRA AUGUSTO DE SOUZA;
74286;https://dadosabertos.camara.leg.br/api/v2/deputados/74286;THELMA DE OLIVEIRA;THELMA PIMENTEL FIGUEIREDO DE OLIVEIRA;
74461;https://dadosabertos.camara.leg.br/api/v2/deputados/74461;THEMÍSTOCLES SAMPAIO;THEMÍSTOCLES DE SAMPAIO PEREIRA;
141382;https://dadosabertos.camara.leg.br/api/v2/deputados/141382;TONHA MAGALHÃES;ANTÔNIA MAGALHÃES DA CRUZ;
73809;https://dadosabertos.camara.leg.br/api/v2/deputados/73809;ULDURICO PINTO;ULDURICO ALVES PINTO;
73564;https://dadosabertos.camara.leg.br/api/v2/deputados/73564;VADÃO GOMES;ETIVALDO VADÃO GOMES;
74357;https://dadosabertos.camara.leg.br/api/v2/deputados/74357;VANESSA GRAZZIOTIN;VANESSA GRAZZIOTIN;
141524;https://dadosabertos.camara.leg.br/api/v2/deputados/141524;VELOSO;RAYMUNDO VELOSO SILVA;
74087;https://dadosabertos.camara.leg.br/api/v2/deputados/74087;VIC PIRES FRANCO;VICTOR PIRES FRANCO NETO;
141554;https://dadosabertos.camara.leg.br/api/v2/deputados/141554;VICENTINHO ALVES;VICENTE ALVES DE OLIVEIRA;
159257;https://dadosabertos.camara.leg.br/api/v2/deputados/159257;VIEGAS;JOÃO BATISTA FREIRE VIEGAS;
74391;https://dadosabertos.camara.leg.br/api/v2/deputados/74391;VIGNATTI;CLÁUDIO ANTÔNIO VIGNATTI;
74593;https://dadosabertos.camara.leg.br/api/v2/deputados/74593;VIRGÍLIO GUIMARÃES;VIRGÍLIO GUIMARÃES DE PAULA;
141556;https://dadosabertos.camara.leg.br/api/v2/deputados/141556;VITAL DO RÊGO FILHO;VITAL DO RÊGO FILHO;
73456;https://dadosabertos.camara.leg.br/api/v2/deputados/73456;WALDEMIR MOKA;WALDEMIR MOKA MIRANDA DE BRITTO;
141559;https://dadosabertos.camara.leg.br/api/v2/deputados/141559;WALDIR NEVES;WALDIR NEVES BARBOSA;
148295;https://dadosabertos.camara.leg.br/api/v2/deputados/148295;WALTER BRITO NETO;WALTER CORREIA DE BRITO NETO;
74218;https://dadosabertos.camara.leg.br/api/v2/deputados/74218;WALTER PINHEIRO;WALTER DE FREITAS PINHEIRO;
74490;https://dadosabertos.camara.leg.br/api/v2/deputados/74490;WASHINGTON LUIZ;JOAQUIM WASHINGTON LUIZ DE OLIVEIRA;
74414;https://dadosabertos.camara.leg.br/api/v2/deputados/74414;WILSON BRAGA;WILSON LEITE BRAGA;
154996;https://dadosabertos.camara.leg.br/api/v2/deputados/154996;WILSON PICLER;WILSON PICLER;
74309;https://dadosabertos.camara.leg.br/api/v2/deputados/74309;ZÉ GERARDO;JOSÉ GERARDO OLIVEIRA DE ARRUDA FILHO;
74328;https://dadosabertos.camara.leg.br/api/v2/deputados/74328;ADAUTO PEREIRA;ADAUTO PEREIRA DE LIMA;
74386;https://dadosabertos.camara.leg.br/api/v2/deputados/74386;ADELOR VIEIRA;ADELOR FRANCISCO VIEIRA;
73654;https://dadosabertos.camara.leg.br/api/v2/deputados/73654;AGNELO QUEIROZ;AGNELO SANTOS QUEIROZ FILHO;
73427;https://dadosabertos.camara.leg.br/api/v2/deputados/73427;ALBERTO GOLDMAN;ALBERTO GOLDMAN;
73979;https://dadosabertos.camara.leg.br/api/v2/deputados/73979;ALCESTE ALMEIDA;ALCESTE MADEIRA DE ALMEIDA;
73477;https://dadosabertos.camara.leg.br/api/v2/deputados/73477;ALCEU COLLARES;ALCEU DE DEUS COLLARES;
74828;https://dadosabertos.camara.leg.br/api/v2/deputados/74828;ALDIR CABRAL;ALDIR CABRAL DE ARAUJO;
136226;https://dadosabertos.camara.leg.br/api/v2/deputados/136226;ALEXANDRE MAIA;ALEXANDRE MAIA LEMOS;
74451;https://dadosabertos.camara.leg.br/api/v2/deputados/74451;ALMEIDA DE JESUS;FRANCISCO ALMEIDA LIMA;
74675;https://dadosabertos.camara.leg.br/api/v2/deputados/74675;ALMERINDA DE CARVALHO;ALMERINDA FILGUEIRAS DE CARVALHO;
74167;https://dadosabertos.camara.leg.br/api/v2/deputados/74167;ALMIR MOURA;ALMIR OLIVEIRA MOURA;
73430;https://dadosabertos.camara.leg.br/api/v2/deputados/73430;ALOYSIO NUNES FERREIRA;ALOYSIO NUNES FERREIRA FILHO;
74036;https://dadosabertos.camara.leg.br/api/v2/deputados/74036;ÁLVARO DIAS;ÁLVARO COSTA DIAS;
129617;https://dadosabertos.camara.leg.br/api/v2/deputados/129617;AMADOR TUT;AMADOR ATAÍDE GONÇALVES TUT;
74260;https://dadosabertos.camara.leg.br/api/v2/deputados/74260;AMAURI GASQUES;AMAURI ROBLEDO GASQUES;
133440;https://dadosabertos.camara.leg.br/api/v2/deputados/133440;ANA ALENCAR;ANA BORGES NEVES ALENCAR;
134115;https://dadosabertos.camara.leg.br/api/v2/deputados/134115;ANA GUERRA;ANA MARIA QUINTANS GUERRA DE OLIVEIRA;
74146;https://dadosabertos.camara.leg.br/api/v2/deputados/74146;ANDERSON ADAUTO;ANDERSON ADAUTO PEREIRA;
133377;https://dadosabertos.camara.leg.br/api/v2/deputados/133377;ANDRÉ COSTA;ANDRÉ LUIZ COSTA DE SOUZA;
74168;https://dadosabertos.camara.leg.br/api/v2/deputados/74168;ANDRÉ LUIZ;ANDRÉ LUIZ LOPES DA SILVA;
74699;https://dadosabertos.camara.leg.br/api/v2/deputados/74699;ANGELA GUADAGNIN;ANGELA MORAES GUADAGNIN;
74072;https://dadosabertos.camara.leg.br/api/v2/deputados/74072;ANIVALDO VALE;ANIVALDO JUVENIL VALE;
133371;https://dadosabertos.camara.leg.br/api/v2/deputados/133371;ANTENOR NASPOLINI;ANTENOR MANOEL NASPOLINI;
74452;https://dadosabertos.camara.leg.br/api/v2/deputados/74452;ANTONIO CAMBRAIA;ANTONIO ELBANO CAMBRAIA;
74194;https://dadosabertos.camara.leg.br/api/v2/deputados/74194;ANTONIO JOAQUIM;ANTONIO JOAQUIM ARAÚJO FILHO;
73927;https://dadosabertos.camara.leg.br/api/v2/deputados/73927;ANTONIO NOGUEIRA;JOSÉ ANTONIO NOGUEIRA DE SOUSA;
74534;https://dadosabertos.camara.leg.br/api/v2/deputados/74534;AROLDO CEDRAZ;AROLDO CEDRAZ DE OLIVEIRA;
73435;https://dadosabertos.camara.leg.br/api/v2/deputados/73435;ARY KARA;ARY KARA JOSE;
73683;https://dadosabertos.camara.leg.br/api/v2/deputados/73683;ARY VANAZZI;ARY JOSÉ VANAZZI;
74147;https://dadosabertos.camara.leg.br/api/v2/deputados/74147;ATHOS AVELINO;ATHOS AVELINO PEREIRA;
73889;https://dadosabertos.camara.leg.br/api/v2/deputados/73889;AUGUSTO NARDES;JOÃO AUGUSTO RIBEIRO NARDES;
74349;https://dadosabertos.camara.leg.br/api/v2/deputados/74349;BABÁ;JOÃO BATISTA OLIVEIRA DE ARAUJO;
74342;https://dadosabertos.camara.leg.br/api/v2/deputados/74342;BADU PICANÇO;HILDEMAR SOUZA DE AZEVEDO PICANÇO;
73663;https://dadosabertos.camara.leg.br/api/v2/deputados/73663;BARBOSA NETO;SEBASTIÃO AUGUSTO BARBOSA NETO;
74030;https://dadosabertos.camara.leg.br/api/v2/deputados/74030;BISMARCK MAIA;BISMARCK COSTA LIMA PINHEIRO MAIA;
74577;https://dadosabertos.camara.leg.br/api/v2/deputados/74577;CABO JÚLIO;JÚLIO CÉSAR GOMES DOS SANTOS;
133658;https://dadosabertos.camara.leg.br/api/v2/deputados/133658;CAPITÃO WAYNE;ROSE MARX WAYNE DE OLIVEIRA;
74473;https://dadosabertos.camara.leg.br/api/v2/deputados/74473;CARLOS BATATA;ANTÔNIO CARLOS VIEIRA DOS SANTOS;
74466;https://dadosabertos.camara.leg.br/api/v2/deputados/74466;CARLOS DUNGA;CARLOS MARQUES DUNGA;
141331;https://dadosabertos.camara.leg.br/api/v2/deputados/141331;CARLOS LAPA;CARLOS ADILSON PINTO LAPA;
74484;https://dadosabertos.camara.leg.br/api/v2/deputados/74484;CARLOS MOTA;CARLOS DOMINGOS MOTA COELHO;
73825;https://dadosabertos.camara.leg.br/api/v2/deputados/73825;CARLOS NADER;CARLOS FREDERICO THEODORO NADER;
74676;https://dadosabertos.camara.leg.br/api/v2/deputados/74676;CARLOS RODRIGUES;CARLOS ALBERTO RODRIGUES PINTO;
74195;https://dadosabertos.camara.leg.br/api/v2/deputados/74195;CÉSAR BANDEIRA;CARLOS CÉSAR BRANCO BANDEIRA;
74149;https://dadosabertos.camara.leg.br/api/v2/deputados/74149;CÉSAR MEDEIROS;JOSÉ CÉSAR DE MEDEIROS;
74181;https://dadosabertos.camara.leg.br/api/v2/deputados/74181;CHICÃO BRÍGIDO;FRANCISCO BRÍGIDO DA COSTA;
73595;https://dadosabertos.camara.leg.br/api/v2/deputados/73595;CHICO SARDELLI;FRANCISCO ANTONIO SARDELLI;
137116;https://dadosabertos.camara.leg.br/api/v2/deputados/137116;CLAUDIO RORATO;JOSE CLÁUDIO RORATO;
74527;https://dadosabertos.camara.leg.br/api/v2/deputados/74527;CLEONÂNCIO FONSECA;JOSÉ CLEONÂNCIO DA FONSECA;
74578;https://dadosabertos.camara.leg.br/api/v2/deputados/74578;CLEUBER CARNEIRO;CLEUBER BRANDÃO CARNEIRO;
141334;https://dadosabertos.camara.leg.br/api/v2/deputados/141334;CLÓVIS CORRÊA;CLÓVIS CORRÊA DE OLIVEIRA ANDRADE FILHO;
74380;https://dadosabertos.camara.leg.br/api/v2/deputados/74380;COLOMBO;IRINEU MARIO COLOMBO;
74097;https://dadosabertos.camara.leg.br/api/v2/deputados/74097;CONFÚCIO MOURA;CONFÚCIO AIRES MOURA;
73442;https://dadosabertos.camara.leg.br/api/v2/deputados/73442;CORAUCI SOBRINHO;VALDEMAR CORAUCI SOBRINHO;
74538;https://dadosabertos.camara.leg.br/api/v2/deputados/74538;CORIOLANO SALES;CORIOLANO SOUSA SALES;
73923;https://dadosabertos.camara.leg.br/api/v2/deputados/73923;CORONEL ALVES;ARMANDO ALVES JÚNIOR;
74654;https://dadosabertos.camara.leg.br/api/v2/deputados/74654;DANILO DE CASTRO;DANILO DE CASTRO;
74187;https://dadosabertos.camara.leg.br/api/v2/deputados/74187;DARCI COELHO;DARCI MARTINS COELHO;
73445;https://dadosabertos.camara.leg.br/api/v2/deputados/73445;DELFIM NETTO;ANTÔNIO DELFIM NETTO;
73704;https://dadosabertos.camara.leg.br/api/v2/deputados/73704;DERVAL DE PAIVA;DERVAL BATISTA DE PAIVA;
74468;https://dadosabertos.camara.leg.br/api/v2/deputados/74468;DOMICIANO CABRAL;JOSÉ DOMICIANO CABRAL;
74343;https://dadosabertos.camara.leg.br/api/v2/deputados/74343;DR. BENEDITO DIAS;BENEDITO DIAS DE CARVALHO;
74705;https://dadosabertos.camara.leg.br/api/v2/deputados/74705;DR. EVILÁSIO;EVILÁSIO CAVALCANTE DE FARIAS;
74150;https://dadosabertos.camara.leg.br/api/v2/deputados/74150;DR. FRANCISCO GONÇALVES;FRANCISCO GONÇALVES FILHO;
74680;https://dadosabertos.camara.leg.br/api/v2/deputados/74680;DR. HELENO;HELENO AUGUSTO DE LIMA;
74779;https://dadosabertos.camara.leg.br/api/v2/deputados/74779;DR. HÉLIO;HÉLIO DE OLIVEIRA SANTOS;
73920;https://dadosabertos.camara.leg.br/api/v2/deputados/73920;DR. RODOLFO PEREIRA;RODOLFO PEREIRA;
74381;https://dadosabertos.camara.leg.br/api/v2/deputados/74381;DRA. CLAIR;CLAIR DA FLORA MARTINS;
74266;https://dadosabertos.camara.leg.br/api/v2/deputados/74266;DURVAL ORLATO;DURVAL LOPES ORLATO;
73794;https://dadosabertos.camara.leg.br/api/v2/deputados/73794;EDISON ANDRINO;EDISON ADRIÃO ANDRINO DE OLIVEIRA;
73827;https://dadosabertos.camara.leg.br/api/v2/deputados/73827;EDMUNDO GALDINO;EDMUNDO GALDINO DA SILVA;
74267;https://dadosabertos.camara.leg.br/api/v2/deputados/74267;EDNA MACEDO;EDNA BEZERRA SAMPAIO FERNANDES;
74416;https://dadosabertos.camara.leg.br/api/v2/deputados/74416;EDUARDO CAMPOS;EDUARDO HENRIQUE ACCIOLY CAMPOS;
74683;https://dadosabertos.camara.leg.br/api/v2/deputados/74683;EDUARDO PAES;EDUARDO DA COSTA PAES;
74344;https://dadosabertos.camara.leg.br/api/v2/deputados/74344;EDUARDO SEABRA;EDUARDO SEABRA DA COSTA;
74174;https://dadosabertos.camara.leg.br/api/v2/deputados/74174;ELAINE COSTA;ELANI CARVALHO COSTA;
74268;https://dadosabertos.camara.leg.br/api/v2/deputados/74268;ELIMAR MÁXIMO DAMASCENO;ELIMAR MÁXIMO DAMASCENO;
74198;https://dadosabertos.camara.leg.br/api/v2/deputados/74198;ELISEU MOURA;ELISEU BARROSO DE CARVALHO MOURA;
74657;https://dadosabertos.camara.leg.br/api/v2/deputados/74657;ELISEU RESENDE;ELISEU RESENDE;
74402;https://dadosabertos.camara.leg.br/api/v2/deputados/74402;ENIO TATICO;ENIO CÉSAR CESÍLIO;
74408;https://dadosabertos.camara.leg.br/api/v2/deputados/74408;ENIVALDO RIBEIRO;ENIVALDO RIBEIRO;
74393;https://dadosabertos.camara.leg.br/api/v2/deputados/74393;ÉRICO RIBEIRO;ÉRICO DA SILVA RIBEIRO;
136377;https://dadosabertos.camara.leg.br/api/v2/deputados/136377;FERNANDO ESTIMA;FERNANDO RICARDO GALBIATI ESTIMA;
74487;https://dadosabertos.camara.leg.br/api/v2/deputados/74487;FERNANDO WILLIAM;FERNANDO WILLIAM FERREIRA;
74771;https://dadosabertos.camara.leg.br/api/v2/deputados/74771;FEU ROSA;JOÃO MIGUEL FEU ROSA;
74700;https://dadosabertos.camara.leg.br/api/v2/deputados/74700;FLEURY;LUIZ ANTONIO FLEURY FILHO;
74033;https://dadosabertos.camara.leg.br/api/v2/deputados/74033;FRANCISCA TRINDADE;FRANCISCA DAS CHAGAS DA TRINDADE;
74480;https://dadosabertos.camara.leg.br/api/v2/deputados/74480;FRANCISCO APPIO;IDIVAR FRANCISCO APPIO;
74844;https://dadosabertos.camara.leg.br/api/v2/deputados/74844;FRANCISCO DORNELLES;FRANCISCO OSWALDO NEVES DORNELLES;
74355;https://dadosabertos.camara.leg.br/api/v2/deputados/74355;FRANCISCO GARCIA;FRANCISCO GARCIA RODRIGUES;
74394;https://dadosabertos.camara.leg.br/api/v2/deputados/74394;FRANCISCO TURRA;FRANCISCO SÉRGIO TURRA;
137578;https://dadosabertos.camara.leg.br/api/v2/deputados/137578;FRED KOHLER;CARLOS FREDERICO KOHLER;
74567;https://dadosabertos.camara.leg.br/api/v2/deputados/74567;GERSON GABRIELLI;GERSON SILVA GABRIELLI;
74066;https://dadosabertos.camara.leg.br/api/v2/deputados/74066;GERVÁSIO OLIVEIRA;GERVÁSIO AUGUSTO DE OLIVEIRA;
74778;https://dadosabertos.camara.leg.br/api/v2/deputados/74778;GILBERTO KASSAB;GILBERTO KASSAB;
74294;https://dadosabertos.camara.leg.br/api/v2/deputados/74294;GONZAGA MOTA;LUIZ DE GONZAGA FONSECA MOTA;
74489;https://dadosabertos.camara.leg.br/api/v2/deputados/74489;HAMILTON CASARA;HAMILTON NOBRE CASARA;
73582;https://dadosabertos.camara.leg.br/api/v2/deputados/73582;HELENILDO RIBEIRO;JOSÉ HELENILDO RIBEIRO MONTEIRO;
73925;https://dadosabertos.camara.leg.br/api/v2/deputados/73925;HÉLIO ESTEVES;HÉLIO BORGES DE SOUSA ESTEVES FILHO;
74660;https://dadosabertos.camara.leg.br/api/v2/deputados/74660;HERCULANO ANGHINETTI;HERCULANO ANGHINETTI;
73946;https://dadosabertos.camara.leg.br/api/v2/deputados/73946;HOMERO BARRETO;HOMERO SILVA BARRETO;
74325;https://dadosabertos.camara.leg.br/api/v2/deputados/74325;IBERÊ FERREIRA;IBERÊ PAIVA FERREIRA DE SOUZA;
74663;https://dadosabertos.camara.leg.br/api/v2/deputados/74663;IBRAHIM ABI-ACKEL;IBRAHIM ABI-ACKEL;
74271;https://dadosabertos.camara.leg.br/api/v2/deputados/74271;ILDEU ARAUJO;ILDEU ALVES DE ARAUJO;
74469;https://dadosabertos.camara.leg.br/api/v2/deputados/74469;INALDO LEITÃO;INALDO ROCHA LEITÃO;
138512;https://dadosabertos.camara.leg.br/api/v2/deputados/138512;IRINEU RODRIGUES;IRINEU RODRIGUES;
74846;https://dadosabertos.camara.leg.br/api/v2/deputados/74846;ITAMAR SERPA;ITAMAR SERPA FERNANDES;
74562;https://dadosabertos.camara.leg.br/api/v2/deputados/74562;IVAN PAIXÃO;JOSÉ IVAN DE CARVALHO PAIXÃO;
74387;https://dadosabertos.camara.leg.br/api/v2/deputados/74387;IVAN RANZOLIN;IVAN CESAR RANZOLIN;
74153;https://dadosabertos.camara.leg.br/api/v2/deputados/74153;IVO JOSÉ;IVO JOSÉ DA SILVA;
133376;https://dadosabertos.camara.leg.br/api/v2/deputados/133376;JAIR DE OLIVEIRA;JAIR DE OLIVEIRA;
74272;https://dadosabertos.camara.leg.br/api/v2/deputados/74272;JAMIL MURAD;JAMIL MURAD;
74031;https://dadosabertos.camara.leg.br/api/v2/deputados/74031;JOÃO ALFREDO;JOÃO ALFREDO TELLES MELO;
74261;https://dadosabertos.camara.leg.br/api/v2/deputados/74261;JOÃO BATISTA;JOÃO BATISTA RAMOS DA SILVA;
74131;https://dadosabertos.camara.leg.br/api/v2/deputados/74131;JOÃO CARLOS BACELAR;JOÃO CARLOS PAOLILO BACELAR;
73941;https://dadosabertos.camara.leg.br/api/v2/deputados/73941;JOÃO CORREIA;JOÃO CORREIA LIMA SOBRINHO;
74054;https://dadosabertos.camara.leg.br/api/v2/deputados/74054;JOÃO FONTES;JOÃO FONTES DE FARIA FERNANDES;
73454;https://dadosabertos.camara.leg.br/api/v2/deputados/73454;JOÃO GRANDÃO;JOÃO BATISTA DOS SANTOS;
73572;https://dadosabertos.camara.leg.br/api/v2/deputados/73572;JOÃO MAGNO;JOÃO MAGNO DE MOURA;
74170;https://dadosabertos.camara.leg.br/api/v2/deputados/74170;JOÃO MENDES DE JESUS;JOÃO MENDES DE JESUS;
74154;https://dadosabertos.camara.leg.br/api/v2/deputados/74154;JOÃO PAULO GOMES DA SILVA;JOÃO PAULO GOMES DA SILVA;
74240;https://dadosabertos.camara.leg.br/api/v2/deputados/74240;JOÃO TOTA;JOÃO TOTA SOARES DE FIGUEIREDO;
74477;https://dadosabertos.camara.leg.br/api/v2/deputados/74477;JOAQUIM FRANCISCO;JOAQUIM FRANCISCO DE FREITAS CAVALCANTI;
73575;https://dadosabertos.camara.leg.br/api/v2/deputados/73575;JOEL DE HOLLANDA;JOEL DE HOLLANDA CORDEIRO;
74568;https://dadosabertos.camara.leg.br/api/v2/deputados/74568;JONIVAL LUCAS JUNIOR;JONIVAL LUCAS DA SILVA JUNIOR;
74495;https://dadosabertos.camara.leg.br/api/v2/deputados/74495;JORGE GOMES;JORGE JOSÉ GOMES;
135476;https://dadosabertos.camara.leg.br/api/v2/deputados/135476;JORGE VI;JORGE VI LAMENHA LINS;
73775;https://dadosabertos.camara.leg.br/api/v2/deputados/73775;JOSÉ BORBA;JOSÉ RODRIGUES BORBA;
74671;https://dadosabertos.camara.leg.br/api/v2/deputados/74671;JOSÉ CARLOS ELIAS;JOSÉ CARLOS ELIAS;
73462;https://dadosabertos.camara.leg.br/api/v2/deputados/73462;JOSÉ CARLOS MARTINEZ;JOSÉ CARLOS DE CASTRO MARTINEZ;
74782;https://dadosabertos.camara.leg.br/api/v2/deputados/74782;JOSÉ DIRCEU;JOSÉ DIRCEU DE OLIVEIRA E SILVA;
74175;https://dadosabertos.camara.leg.br/api/v2/deputados/74175;JOSÉ DIVINO;JOSÉ DIVINO OLIVEIRA DE SOUZA;
73901;https://dadosabertos.camara.leg.br/api/v2/deputados/73901;JOSE FORTUNATI;JOSE ALBERTO REUS FORTUNATI;
74401;https://dadosabertos.camara.leg.br/api/v2/deputados/74401;JOSÉ IVO SARTORI;JOSÉ IVO SARTORI;
73776;https://dadosabertos.camara.leg.br/api/v2/deputados/73776;JOSÉ JANENE;JOSÉ MOHAMED JANENE;
74584;https://dadosabertos.camara.leg.br/api/v2/deputados/74584;JOSÉ MILITÃO;JOSÉ MILITÃO COSTA;
74488;https://dadosabertos.camara.leg.br/api/v2/deputados/74488;JOSÉ RAJÃO;JOSÉ RAJÃO FILHO;
74287;https://dadosabertos.camara.leg.br/api/v2/deputados/74287;JOSÉ ROBERTO ARRUDA;JOSÉ ROBERTO ARRUDA;
74520;https://dadosabertos.camara.leg.br/api/v2/deputados/74520;JOSÉ THOMAZ NONÔ;JOSÉ THOMAZ DA SILVA NONÔ NETTO;
74176;https://dadosabertos.camara.leg.br/api/v2/deputados/74176;JOSIAS QUINTAL;JOSIAS QUINTAL DE OLIVEIRA;
74276;https://dadosabertos.camara.leg.br/api/v2/deputados/74276;JOVINO CÂNDIDO;JOVINO CÂNDIDO DA SILVA;
74252;https://dadosabertos.camara.leg.br/api/v2/deputados/74252;JUÍZA DENISE FROSSARD;DENISE FROSSARD LOSCHI;
73942;https://dadosabertos.camara.leg.br/api/v2/deputados/73942;JÚNIOR BETÃO;EDILBERTO AFONSO DE MORAIS JÚNIOR;
74493;https://dadosabertos.camara.leg.br/api/v2/deputados/74493;JURANDIR BOIA;JURANDIR BOIA ROCHA;
73592;https://dadosabertos.camara.leg.br/api/v2/deputados/73592;KÁTIA ABREU;KÁTIA REGINA DE ABREU;
74396;https://dadosabertos.camara.leg.br/api/v2/deputados/74396;KELLY MORAES;NEIVA TEREZINHA MARQUES;
74463;https://dadosabertos.camara.leg.br/api/v2/deputados/74463;LAVOISIER MAIA;LAVOISIER MAIA SOBRINHO;
73473;https://dadosabertos.camara.leg.br/api/v2/deputados/73473;LEODEGAR TISCOSKI;LEODEGAR DA CUNHA TISCOSKI;
74155;https://dadosabertos.camara.leg.br/api/v2/deputados/74155;LEONARDO MATTOS;LEONARDO JOSÉ DE MATTOS;
74800;https://dadosabertos.camara.leg.br/api/v2/deputados/74800;LINO ROSSI;LAUDNIR LINO ROSSI;
65987;https://dadosabertos.camara.leg.br/api/v2/deputados/65987;LÚCIA BRAGA;ANTONIA LÚCIA NAVARRO BRAGA;
74028;https://dadosabertos.camara.leg.br/api/v2/deputados/74028;LUCIANO LEITOA;LUCIANO FERREIRA DE SOUSA;
73545;https://dadosabertos.camara.leg.br/api/v2/deputados/73545;LUCIANO ZICA;EUSTÁQUIO LUCIANO ZICA;
73546;https://dadosabertos.camara.leg.br/api/v2/deputados/73546;LUIZ CARLOS SANTOS;LUIZ CARLOS DOS SANTOS;
74521;https://dadosabertos.camara.leg.br/api/v2/deputados/74521;LUIZ DANTAS;LUIZ DANTAS LIMA;
74137;https://dadosabertos.camara.leg.br/api/v2/deputados/74137;LUIZ EDUARDO GREENHALGH;LUIZ EDUARDO RODRIGUES GREENHALGH;
74427;https://dadosabertos.camara.leg.br/api/v2/deputados/74427;LUIZ PIAUHYLINO;LUIZ PIAUHYLINO DE MELLO MONTEIRO;
141337;https://dadosabertos.camara.leg.br/api/v2/deputados/141337;LUIZ ROCHA FILHO;LUIZ ROCHA FILHO;
74486;https://dadosabertos.camara.leg.br/api/v2/deputados/74486;LUIZ ROGERIO;LUIZ ROGERIO GONÇALVES MAGALHÃES;
74288;https://dadosabertos.camara.leg.br/api/v2/deputados/74288;MANINHA;MARIA JOSÉ DA CONCEIÇÃO MANINHA;
74164;https://dadosabertos.camara.leg.br/api/v2/deputados/74164;MARCELINO FRAGA;MARCELINO AYUB FRAGA;
74157;https://dadosabertos.camara.leg.br/api/v2/deputados/74157;MARCELLO SIQUEIRA;MARCELLO LIGNANI SIQUEIRA;
73548;https://dadosabertos.camara.leg.br/api/v2/deputados/73548;MARCELO BARBIERI;MARCELO FORTES BARBIERI;
74860;https://dadosabertos.camara.leg.br/api/v2/deputados/74860;MÁRCIO FORTES;MÁRCIO JOÃO DE ANDRADE FORTES;
74279;https://dadosabertos.camara.leg.br/api/v2/deputados/74279;MARCOS ABRAMO;MARCOS ROBERTO ABRAMO;
74479;https://dadosabertos.camara.leg.br/api/v2/deputados/74479;MARCOS DE JESUS;MARCOS ANTÔNIO DE BARROS;
74255;https://dadosabertos.camara.leg.br/api/v2/deputados/74255;MARIA LUCIA;MARIA LUCIA NETTO DOS SANTOS;
74485;https://dadosabertos.camara.leg.br/api/v2/deputados/74485;MARIÂNGELA DUARTE;MARIÂNGELA DE ARAÚJO GAMA DUARTE;
74329;https://dadosabertos.camara.leg.br/api/v2/deputados/74329;MÁRIO ASSAD JÚNIOR;MÁRIO ASSAD JÚNIOR;
73947;https://dadosabertos.camara.leg.br/api/v2/deputados/73947;MAURÍCIO RABELO;JOSÉ MAURÍCIO RABELO;
74389;https://dadosabertos.camara.leg.br/api/v2/deputados/74389;MAURO PASSOS;MAURO GUIMARÃES PASSOS;
74786;https://dadosabertos.camara.leg.br/api/v2/deputados/74786;MEDEIROS;LUIZ ANTONIO DE MEDEIROS NETO;
65511;https://dadosabertos.camara.leg.br/api/v2/deputados/65511;MIGUEL ARRAES;MIGUEL ARRAES DE ALENCAR;
73939;https://dadosabertos.camara.leg.br/api/v2/deputados/73939;MIGUEL DE SOUZA;MIGUEL DE SOUZA;
74483;https://dadosabertos.camara.leg.br/api/v2/deputados/74483;MILTON CARDIAS;ANTÔNIO MILTON CARDIAS;
74690;https://dadosabertos.camara.leg.br/api/v2/deputados/74690;MIRIAM REID;MIRIAM SANTOS MANCEBO REID;
73984;https://dadosabertos.camara.leg.br/api/v2/deputados/73984;MOISÉS LIPNIK;MOISÉS SRAGOVICZ LIPNIK;
74034;https://dadosabertos.camara.leg.br/api/v2/deputados/74034;MORAES SOUZA;ANTONIO JOSÉ DE MORAES SOUZA;
74863;https://dadosabertos.camara.leg.br/api/v2/deputados/74863;MOREIRA FRANCO;WELLINGTON MOREIRA FRANCO;
74464;https://dadosabertos.camara.leg.br/api/v2/deputados/74464;MÚCIO SÁ;MÚCIO GURGEL DE SÁ;
74375;https://dadosabertos.camara.leg.br/api/v2/deputados/74375;MURILO ZAUITH;MURILO ZAUITH;
73499;https://dadosabertos.camara.leg.br/api/v2/deputados/73499;NARCISO MENDES;NARCISO MENDES DE ASSIS;
74225;https://dadosabertos.camara.leg.br/api/v2/deputados/74225;NEIVA MOREIRA;JOSÉ GUIMARÃES NEIVA MOREIRA;
74790;https://dadosabertos.camara.leg.br/api/v2/deputados/74790;NEUTON LIMA;RUBENEUTON OLIVEIRA LIMA;
74327;https://dadosabertos.camara.leg.br/api/v2/deputados/74327;NEY LOPES;NEY LOPES DE SOUZA;
74369;https://dadosabertos.camara.leg.br/api/v2/deputados/74369;NEYDE APARECIDA;NEYDE APARECIDA DA SILVA;
74080;https://dadosabertos.camara.leg.br/api/v2/deputados/74080;NICIAS RIBEIRO;NICIAS LOPES RIBEIRO;
74776;https://dadosabertos.camara.leg.br/api/v2/deputados/74776;NILTON BAIANO;NILTON GOMES OLIVEIRA;
73684;https://dadosabertos.camara.leg.br/api/v2/deputados/73684;ORLANDO DESCONSI;ORLANDO DESCONSI;
73603;https://dadosabertos.camara.leg.br/api/v2/deputados/73603;ORLANDO FANTAZZINI;ORLANDO FANTAZZINI NETO;
74753;https://dadosabertos.camara.leg.br/api/v2/deputados/74753;OSMÂNIO PEREIRA;OSMÂNIO PEREIRA DE OLIVEIRA;
74444;https://dadosabertos.camara.leg.br/api/v2/deputados/74444;PASTOR AMARILDO;AMARILDO MARTINS DA SILVA;
74046;https://dadosabertos.camara.leg.br/api/v2/deputados/74046;PASTOR FRANCISCO OLÍMPIO;FRANCISCO OLÍMPIO DA SILVA;
62926;https://dadosabertos.camara.leg.br/api/v2/deputados/62926;PASTOR REINALDO;REINALDO SANTOS E SILVA;
74390;https://dadosabertos.camara.leg.br/api/v2/deputados/74390;PAULO AFONSO;PAULO AFONSO EVANGELISTA VIEIRA;
74692;https://dadosabertos.camara.leg.br/api/v2/deputados/74692;PAULO BALTAZAR;PAULO CÉSAR BALTAZAR DA NÓBREGA;
73784;https://dadosabertos.camara.leg.br/api/v2/deputados/73784;PAULO BERNARDO;PAULO BERNARDO SILVA;
73485;https://dadosabertos.camara.leg.br/api/v2/deputados/73485;PAULO GOUVÊA;PAULO JOSÉ GOUVÊA;
74791;https://dadosabertos.camara.leg.br/api/v2/deputados/74791;PAULO KOBAYASHI;PAULO SEITI KOBAYASHI;
74448;https://dadosabertos.camara.leg.br/api/v2/deputados/74448;PAULO MARINHO;PAULO CELSO FONSECA MARINHO;
73672;https://dadosabertos.camara.leg.br/api/v2/deputados/73672;PEDRO CANEDO;PEDRO CHAVES CANEDO;
74431;https://dadosabertos.camara.leg.br/api/v2/deputados/74431;PEDRO CORRÊA;PEDRO DA SILVA CORRÊA DE OLIVEIRA ANDRADE NETO;
74637;https://dadosabertos.camara.leg.br/api/v2/deputados/74637;PEDRO IRUJO;PEDRO IRUJO YANIZ;
73455;https://dadosabertos.camara.leg.br/api/v2/deputados/73455;PEDRO PEDROSSIAN;PEDRO PEDROSSIAN FILHO;
74756;https://dadosabertos.camara.leg.br/api/v2/deputados/74756;PHILEMON RODRIGUES;PHILEMON RODRIGUES DA SILVA;
74304;https://dadosabertos.camara.leg.br/api/v2/deputados/74304;PINHEIRO LANDIM;FRANCISCO PINHEIRO LANDIM;
74280;https://dadosabertos.camara.leg.br/api/v2/deputados/74280;PROFESSOR IRAPUAN TEIXEIRA;IRAPUAN TEIXEIRA;
74792;https://dadosabertos.camara.leg.br/api/v2/deputados/74792;PROFESSOR LUIZINHO;LUIZ CARLOS DA SILVA;
74035;https://dadosabertos.camara.leg.br/api/v2/deputados/74035;PROMOTOR AFONSO GIL;AFONSO GIL CASTELO BRANCO;
73574;https://dadosabertos.camara.leg.br/api/v2/deputados/73574;REGINALDO GERMANO;REGINALDO DA SILVA GERMANO;
74256;https://dadosabertos.camara.leg.br/api/v2/deputados/74256;REINALDO BETÃO;REINALDO PEREIRA PINTO;
73693;https://dadosabertos.camara.leg.br/api/v2/deputados/73693;REINALDO GRIPP;REINALDO GRIPP LOPES;
74208;https://dadosabertos.camara.leg.br/api/v2/deputados/74208;REMI TRINTA;REMI ABREU TRINTA;
74166;https://dadosabertos.camara.leg.br/api/v2/deputados/74166;RENATO CASAGRANDE;JOSÉ RENATO CASAGRANDE;
74557;https://dadosabertos.camara.leg.br/api/v2/deputados/74557;RICARDO FIUZA;RICARDO FERREIRA FIUZA;
74023;https://dadosabertos.camara.leg.br/api/v2/deputados/74023;RICARDO RIQUE;RICARDO FEITOSA RIQUE;
140241;https://dadosabertos.camara.leg.br/api/v2/deputados/140241;RICARDO SANTOS;RICARDO FERREIRA DOS SANTOS;
64224;https://dadosabertos.camara.leg.br/api/v2/deputados/64224;ROBÉRIO NUNES;ROBÉRIO CÁSSIO RIBEIRO NUNES;
74758;https://dadosabertos.camara.leg.br/api/v2/deputados/74758;ROBERTO BRANT;ROBERTO LÚCIO ROCHA BRANT;
74281;https://dadosabertos.camara.leg.br/api/v2/deputados/74281;ROBERTO GOUVEIA;ROBERTO GOUVEIA NASCIMENTO;
73420;https://dadosabertos.camara.leg.br/api/v2/deputados/73420;ROBERTO JEFFERSON;ROBERTO JEFFERSON MONTEIRO FRANCISCO;
74051;https://dadosabertos.camara.leg.br/api/v2/deputados/74051;ROGÉRIO TEÓFILO;ROGÉRIO AUTO TEÓFILO;
74640;https://dadosabertos.camara.leg.br/api/v2/deputados/74640;ROLAND LAVIGNE;ROLAND LAVIGNE DO NASCIMENTO;
74759;https://dadosabertos.camara.leg.br/api/v2/deputados/74759;ROMEL ANIZIO;ROMEL ANÍZIO JORGE;
74591;https://dadosabertos.camara.leg.br/api/v2/deputados/74591;ROMEU QUEIROZ;ROMEU FERREIRA DE QUEIROZ;
74306;https://dadosabertos.camara.leg.br/api/v2/deputados/74306;ROMMEL FEIJÓ;FRANCISCO ROMMEL FEIJÓ DE SÁ;
73421;https://dadosabertos.camara.leg.br/api/v2/deputados/73421;RONALDO CEZAR COELHO;RONALDO CEZAR COELHO;
73948;https://dadosabertos.camara.leg.br/api/v2/deputados/73948;RONALDO DIMAS;RONALDO DIMAS NOGUEIRA PEREIRA;
74592;https://dadosabertos.camara.leg.br/api/v2/deputados/74592;RONALDO VASCONCELLOS;RONALDO VASCONCELLOS NOVAIS;
74184;https://dadosabertos.camara.leg.br/api/v2/deputados/74184;RONIVON SANTIAGO;JOSÉ EDIMAR RONIVON SANTIAGO DE MELO;
74482;https://dadosabertos.camara.leg.br/api/v2/deputados/74482;RUBINELLI;WAGNER RUBINELLI;
74434;https://dadosabertos.camara.leg.br/api/v2/deputados/74434;SALATIEL CARVALHO;SALATIEL SOUZA CARVALHO;
74403;https://dadosabertos.camara.leg.br/api/v2/deputados/74403;SELMA SCHONS;SELMA MARIA SCHONS;
73885;https://dadosabertos.camara.leg.br/api/v2/deputados/73885;SERAFIM VENZON;ANTONIO SERAFIM VENZON;
74497;https://dadosabertos.camara.leg.br/api/v2/deputados/74497;SÉRGIO CAIADO;SÉRGIO RAMOS CAIADO;
74360;https://dadosabertos.camara.leg.br/api/v2/deputados/74360;SÉRGIO CARVALHO;SÉRGIO SIQUEIRA DE CARVALHO;
74763;https://dadosabertos.camara.leg.br/api/v2/deputados/74763;SÉRGIO MIRANDA;SÉRGIO MIRANDA DE MATOS BRITO;
74436;https://dadosabertos.camara.leg.br/api/v2/deputados/74436;SEVERINO CAVALCANTI;SEVERINO JOSÉ CAVALCANTI FERREIRA;
73718;https://dadosabertos.camara.leg.br/api/v2/deputados/73718;SIGMARINGA SEIXAS;LUIZ CARLOS SIGMARINGA SEIXAS;
74492;https://dadosabertos.camara.leg.br/api/v2/deputados/74492;SIMPLÍCIO MÁRIO;SIMPLÍCIO MÁRIO DE OLIVEIRA;
74085;https://dadosabertos.camara.leg.br/api/v2/deputados/74085;SOCORRO GOMES;MARIA DO SOCORRO GOMES COELHO;
73922;https://dadosabertos.camara.leg.br/api/v2/deputados/73922;SUELY CAMPOS;MARIA SUELY SILVA CAMPOS;
74029;https://dadosabertos.camara.leg.br/api/v2/deputados/74029;TEREZINHA FERNANDES;TEREZINHA DAS NEVES PEREIRA;
73652;https://dadosabertos.camara.leg.br/api/v2/deputados/73652;TETÉ BEZERRA;APARECIDA MARIA BORGES BEZERRA;
134116;https://dadosabertos.camara.leg.br/api/v2/deputados/134116;THAÍS BARBOSA;THAIS BERGO DUARTE BARBOSA;
74494;https://dadosabertos.camara.leg.br/api/v2/deputados/74494;VADINHO BAIÃO;EDVALDO BAIÃO ALBINO;
74070;https://dadosabertos.camara.leg.br/api/v2/deputados/74070;VALDENOR GUEDES;VALDENOR GUEDES SOARES;
74282;https://dadosabertos.camara.leg.br/api/v2/deputados/74282;VANDERLEI ASSIS;VANDERLEI ASSIS DE SOUZA;
73566;https://dadosabertos.camara.leg.br/api/v2/deputados/73566;VICENTE CASCIONE;VICENTE FERNANDES CASCIONE;
137759;https://dadosabertos.camara.leg.br/api/v2/deputados/137759;VICENTE CHELOTTI;VICENTE CHELOTTI;
74259;https://dadosabertos.camara.leg.br/api/v2/deputados/74259;VIEIRA REIS;JAILDO VIEIRA REIS;
134893;https://dadosabertos.camara.leg.br/api/v2/deputados/134893;VITORASSI;DILTO VITORASSI;
74768;https://dadosabertos.camara.leg.br/api/v2/deputados/74768;VITTORIO MEDIOLI;VITTORIO MEDIOLI;
65551;https://dadosabertos.camara.leg.br/api/v2/deputados/65551;WAGNER LAGO;RICARDO WAGNER DE CARVALHO LAGO;
133370;https://dadosabertos.camara.leg.br/api/v2/deputados/133370;WALTER BARELLI;WALTER BARELLI;
74702;https://dadosabertos.camara.leg.br/api/v2/deputados/74702;WANDERVAL SANTOS;VANDERVAL LIMA DOS SANTOS;
74481;https://dadosabertos.camara.leg.br/api/v2/deputados/74481;WASNY DE ROURE;WASNY NAKLE DE ROURE;
73991;https://dadosabertos.camara.leg.br/api/v2/deputados/73991;WILSON CIGNACHI;WILSON JOÃO CIGNACHI;
74801;https://dadosabertos.camara.leg.br/api/v2/deputados/74801;WILSON SANTOS;WILSON PEREIRA DOS SANTOS;
74797;https://dadosabertos.camara.leg.br/api/v2/deputados/74797;XICO GRAZIANO;FRANCISCO GRAZIANO NETO;
74496;https://dadosabertos.camara.leg.br/api/v2/deputados/74496;ZARATTINI;RICARDO ZARATTINI FILHO;
73932;https://dadosabertos.camara.leg.br/api/v2/deputados/73932;ZÉ LIMA;JOSÉ LIMA DA SILVA;
74144;https://dadosabertos.camara.leg.br/api/v2/deputados/74144;ZELINDA NOVAES;ZELINDA NOVAES E SILVA JARSKE;
73944;https://dadosabertos.camara.leg.br/api/v2/deputados/73944;ZICO BRONZEADO;JOÃO ANTONIO RODRIGUES BRONZEADO;
73645;https://dadosabertos.camara.leg.br/api/v2/deputados/73645;ZULAIÊ COBRA;ZULAIÊ COBRA RIBEIRO;
74524;https://dadosabertos.camara.leg.br/api/v2/deputados/74524;ADELSON RIBEIRO;ADELSON ROSENDO LIMA RIBEIRO;
74645;https://dadosabertos.camara.leg.br/api/v2/deputados/74645;ADEMIR LUCAS;ADEMIR LUCAS GOMES;
74450;https://dadosabertos.camara.leg.br/api/v2/deputados/74450;ADOLFO MARINHO;ADOLFO DE MARINHO PONTES;
73996;https://dadosabertos.camara.leg.br/api/v2/deputados/73996;ADROALDO STRECK;ADROALDO MARLY STRECK;
74340;https://dadosabertos.camara.leg.br/api/v2/deputados/74340;AIRTON CASCAVEL;AIRTON ANTONIO SOLIGO;
73888;https://dadosabertos.camara.leg.br/api/v2/deputados/73888;AIRTON DIPP;AIRTON LANGARO DIPP;
74440;https://dadosabertos.camara.leg.br/api/v2/deputados/74440;ALBÉRICO CORDEIRO;ALBÉRICO CORDEIRO DA SILVA;
74014;https://dadosabertos.camara.leg.br/api/v2/deputados/74014;ALCIONE ATHAYDE;ALCIONE MARIA MELLO DE OLIVEIRA ATHAYDE;
73662;https://dadosabertos.camara.leg.br/api/v2/deputados/73662;ALDO ARANTES;ALDO SILVA ARANTES;
74697;https://dadosabertos.camara.leg.br/api/v2/deputados/74697;ALOIZIO MERCADANTE;ALOIZIO MERCADANTE OLIVA;
73581;https://dadosabertos.camara.leg.br/api/v2/deputados/73581;ALOÍZIO SANTOS;ALOÍZIO SANTOS;
74404;https://dadosabertos.camara.leg.br/api/v2/deputados/74404;ALVARO GAUDENCIO NETO;ÁLVARO GAUDÊNCIO NETO;
74248;https://dadosabertos.camara.leg.br/api/v2/deputados/74248;ANA CATARINA;ANA CATARINA LYRA ALVES;
73686;https://dadosabertos.camara.leg.br/api/v2/deputados/73686;ANA CORSO;ANA MARIA CORSO;
74698;https://dadosabertos.camara.leg.br/api/v2/deputados/74698;ANDRÉ BENASSI;ANDRÉ BENASSI;
73468;https://dadosabertos.camara.leg.br/api/v2/deputados/73468;ANTÔNIO CARLOS KONDER REIS;ANTÔNIO CARLOS KONDER REIS;
74647;https://dadosabertos.camara.leg.br/api/v2/deputados/74647;ANTÔNIO DO VALLE;ANTÔNIO DO VALLE RAMOS;
74415;https://dadosabertos.camara.leg.br/api/v2/deputados/74415;ANTÔNIO GERALDO;ANTONIO GERALDO RODRIGUES DA SILVA;
73646;https://dadosabertos.camara.leg.br/api/v2/deputados/73646;ANTÔNIO JOAQUIM;ANTONIO JOAQUIM MORAES RODRIGUES NETO;
74186;https://dadosabertos.camara.leg.br/api/v2/deputados/74186;ANTÔNIO JORGE;ANTONIO JORGE GODINHO;
73589;https://dadosabertos.camara.leg.br/api/v2/deputados/73589;ANTÔNIO JOSÉ MOTA;ANTONIO JOSÉ PORTO MOTA;
73432;https://dadosabertos.camara.leg.br/api/v2/deputados/73432;ANTONIO KANDIR;ANTONIO KANDIR;
73681;https://dadosabertos.camara.leg.br/api/v2/deputados/73681;ARISTON ANDRADE;ARISTON CORREIA ANDRADE;
74217;https://dadosabertos.camara.leg.br/api/v2/deputados/74217;ARLINDO VARGAS;ARLINDO ROSO DE VARGAS;
74089;https://dadosabertos.camara.leg.br/api/v2/deputados/74089;ARTHUR VIRGÍLIO;ARTHUR VIRGÍLIO DO CARMO RIBEIRO NETO;
74561;https://dadosabertos.camara.leg.br/api/v2/deputados/74561;AUGUSTO FRANCO;AUGUSTO DO PRADO FRANCO NETO;
74465;https://dadosabertos.camara.leg.br/api/v2/deputados/74465;AVENZOAR ARRUDA;JOSÉ AVENZOAR ARRUDA DAS NEVES;
73767;https://dadosabertos.camara.leg.br/api/v2/deputados/73767;BASÍLIO VILLANI;BASÍLIO VILLANI;
74814;https://dadosabertos.camara.leg.br/api/v2/deputados/74814;BEN-HUR FERREIRA;EURÍDIO BEN-HUR FERREIRA;
73479;https://dadosabertos.camara.leg.br/api/v2/deputados/73479;CAIO RIELA;LUIZ CARLOS REPISO RIELA;
74834;https://dadosabertos.camara.leg.br/api/v2/deputados/74834;CANDINHO MATTOS;CANDIDO PEREIRA MATTOS;
73583;https://dadosabertos.camara.leg.br/api/v2/deputados/73583;CARLOS CURY;CARLOS JORGE CURY MANSILLA;
74652;https://dadosabertos.camara.leg.br/api/v2/deputados/74652;CARLOS MOSCONI;CARLOS EDUARDO VENTURELLI MOSCONI;
74703;https://dadosabertos.camara.leg.br/api/v2/deputados/74703;CELSO GIGLIO;CELSO ANTONIO GIGLIO;
74453;https://dadosabertos.camara.leg.br/api/v2/deputados/74453;CHIQUINHO FEITOSA;FRANCISCO FEITOSA DE ALBUQUERQUE LIMA;
74475;https://dadosabertos.camara.leg.br/api/v2/deputados/74475;CLEMENTINO COELHO;CLEMENTINO DE SOUZA COELHO;
73689;https://dadosabertos.camara.leg.br/api/v2/deputados/73689;CLOVIS ILGENFRITZ;CLOVIS ILGENFRITZ DA SILVA;
73833;https://dadosabertos.camara.leg.br/api/v2/deputados/73833;CLOVIS QUEIROZ;CLOVIS CORREA DE QUEIROZ;
73585;https://dadosabertos.camara.leg.br/api/v2/deputados/73585;CLOVIS VOLPI;CLOVIS VOLPI;
74677;https://dadosabertos.camara.leg.br/api/v2/deputados/74677;CORNÉLIO RIBEIRO;CORNÉLIO RIBEIRO;
74678;https://dadosabertos.camara.leg.br/api/v2/deputados/74678;CORONEL GARCIA;JOSÉ MAURÍCIO RODRIGUES GARCIA;
73832;https://dadosabertos.camara.leg.br/api/v2/deputados/73832;CRESCÊNCIO PEREIRA JR.;LUIZ CRESCÊNCIO PEREIRA JUNIOR;
73443;https://dadosabertos.camara.leg.br/api/v2/deputados/73443;CUNHA BUENO;ANTÔNIO HENRIQUE BITENCOURT CUNHA BUENO;
73554;https://dadosabertos.camara.leg.br/api/v2/deputados/73554;DE VELASCO;PAULO CÉSAR MARQUES DE VELASCO;
74347;https://dadosabertos.camara.leg.br/api/v2/deputados/74347;DEUSDETH PANTOJA;DEUSDETH ANTÔNIO CORREA PANTOJA;
74679;https://dadosabertos.camara.leg.br/api/v2/deputados/74679;DINO FERNANDES;ITANILDES ORLANDO FERNANDES;
73685;https://dadosabertos.camara.leg.br/api/v2/deputados/73685;DIVALDO SURUAGY;DIVALDO SURUAGY;
74476;https://dadosabertos.camara.leg.br/api/v2/deputados/74476;DJALMA PAES;DJALMA SOUTO MAIOR PAES JÚNIOR;
74188;https://dadosabertos.camara.leg.br/api/v2/deputados/74188;DOLORES NUNES;MARIA DAS DORES BRAGA NUNES;
73828;https://dadosabertos.camara.leg.br/api/v2/deputados/73828;DR. GOMES;FRANCISCO DO NASCIMENTO GOMES;
73446;https://dadosabertos.camara.leg.br/api/v2/deputados/73446;DUILIO PISANESCHI;DUILIO PISANESCHI;
74682;https://dadosabertos.camara.leg.br/api/v2/deputados/74682;EBER SILVA;EBER SILVA;
73448;https://dadosabertos.camara.leg.br/api/v2/deputados/73448;EDUARDO JORGE;EDUARDO JORGE MARTINS ALVES SOBRINHO;
74407;https://dadosabertos.camara.leg.br/api/v2/deputados/74407;EFRAIM MORAIS;EFRAIM DE ARAÚJO MORAIS;
74656;https://dadosabertos.camara.leg.br/api/v2/deputados/74656;ELIAS MURAD;JOSÉ ELIAS MURAD;
73980;https://dadosabertos.camara.leg.br/api/v2/deputados/73980;ELTON ROHNELT;ELTON DA LUZ ROHNELT;
74704;https://dadosabertos.camara.leg.br/api/v2/deputados/74704;EMERSON KAPAZ;EMERSON KAPAZ;
73470;https://dadosabertos.camara.leg.br/api/v2/deputados/73470;ENI VOLTOLINI;ENI JOSÉ VOLTOLINI;
74540;https://dadosabertos.camara.leg.br/api/v2/deputados/74540;ERALDO TINOCO;ERALDO TINOCO MELO;
73894;https://dadosabertos.camara.leg.br/api/v2/deputados/73894;ESTHER GROSSI;ESTHER PILLAR GROSSI;
74541;https://dadosabertos.camara.leg.br/api/v2/deputados/74541;EUJÁCIO SIMÕES;EUJÁCIO SIMÕES VIANA FILHO;
74807;https://dadosabertos.camara.leg.br/api/v2/deputados/74807;EULER MORAIS;EULER LAZARO DE MORAIS;
74091;https://dadosabertos.camara.leg.br/api/v2/deputados/74091;EULER RIBEIRO;EULER ESTEVES RIBEIRO;
74840;https://dadosabertos.camara.leg.br/api/v2/deputados/74840;EURICO MIRANDA;EURICO ANGELO DE OLIVEIRA MIRANDA;
74100;https://dadosabertos.camara.leg.br/api/v2/deputados/74100;EXPEDITO JÚNIOR;EXPEDITO GONÇALVES FERREIRA JUNIOR;
73895;https://dadosabertos.camara.leg.br/api/v2/deputados/73895;EZIDIO PINHEIRO;EZIDIO VANELI PINHEIRO;
73451;https://dadosabertos.camara.leg.br/api/v2/deputados/73451;FERNANDO ZUPPO;CARLOS FERNANDO ZUPPO FRANCO;
73896;https://dadosabertos.camara.leg.br/api/v2/deputados/73896;FETTER JUNIOR;ADOLFO ANTONIO FETTER JUNIOR;
73990;https://dadosabertos.camara.leg.br/api/v2/deputados/73990;FIORAVANTE;WALDOMIRO BARANCELLI FIORAVANTE;
73771;https://dadosabertos.camara.leg.br/api/v2/deputados/73771;FLÁVIO ARNS;FLÁVIO JOSÉ ARNS;
73758;https://dadosabertos.camara.leg.br/api/v2/deputados/73758;FLÁVIO DERZI;FLÁVIO AUGUSTO COELHO DERZI;
74199;https://dadosabertos.camara.leg.br/api/v2/deputados/74199;FRANCISCO COELHO;FRANCISCO DE ASSIS MILHOMEM COELHO;
74845;https://dadosabertos.camara.leg.br/api/v2/deputados/74845;FRANCISCO SILVA;OLIVEIRA FRANCISCO DA SILVA;
73597;https://dadosabertos.camara.leg.br/api/v2/deputados/73597;FRANCISCO SOUSA;FRANCISCO RODRIGUES DE SOUSA;
74565;https://dadosabertos.camara.leg.br/api/v2/deputados/74565;FRANCISTÔNIO PINTO;FRANCISTÔNIO ALVES PINTO;
73452;https://dadosabertos.camara.leg.br/api/v2/deputados/73452;FRANCO MONTORO;ANDRÉ FRANCO MONTORO;
74659;https://dadosabertos.camara.leg.br/api/v2/deputados/74659;GENÉSIO BERNARDINO;GENÉSIO BERNARDINO DE SOUZA;
74808;https://dadosabertos.camara.leg.br/api/v2/deputados/74808;GEOVAN FREITAS;GEOVAN FREITAS CARVALHO;
73897;https://dadosabertos.camara.leg.br/api/v2/deputados/73897;GERMANO RIGOTTO;GERMANO ANTONIO RIGOTTO;
72553;https://dadosabertos.camara.leg.br/api/v2/deputados/72553;GESSIVALDO ISAIAS;GESSIVALDO ISAIAS DE CARVALHO SILVA;
73917;https://dadosabertos.camara.leg.br/api/v2/deputados/73917;GILBERTO CAPOANI;GILBERTO CAPOANI;
74582;https://dadosabertos.camara.leg.br/api/v2/deputados/74582;GLYCON TERRA PINTO;GLYCON TERRA PINTO JUNIOR;
73913;https://dadosabertos.camara.leg.br/api/v2/deputados/73913;GUILHERME MELO;GUILHERME CAVALCANTE DE MELO;
73691;https://dadosabertos.camara.leg.br/api/v2/deputados/73691;HAROLDO BEZERRA;HAROLDO COSTA BEZERRA;
74545;https://dadosabertos.camara.leg.br/api/v2/deputados/74545;HAROLDO LIMA;HAROLDO BORGES RODRIGUES LIMA;
74583;https://dadosabertos.camara.leg.br/api/v2/deputados/74583;HÉLIO COSTA;HÉLIO CALIXTO DA COSTA;
74361;https://dadosabertos.camara.leg.br/api/v2/deputados/74361;HILDEBRANDO PASCOAL;HILDEBRANDO PASCOAL NOGUEIRA NETO;
73795;https://dadosabertos.camara.leg.br/api/v2/deputados/73795;HUGO BIEHL;HUGO MATIAS BIEHL;
74684;https://dadosabertos.camara.leg.br/api/v2/deputados/74684;IÉDIO ROSA;IEDIO ROSA DA SILVA;
74443;https://dadosabertos.camara.leg.br/api/v2/deputados/74443;IGOR AVELINO;IGOR PUGLIESI AVELINO;
74362;https://dadosabertos.camara.leg.br/api/v2/deputados/74362;ILDEFONÇO CORDEIRO;ILDEFONÇO RODRIGUES CORDEIRO;
73570;https://dadosabertos.camara.leg.br/api/v2/deputados/73570;IVANIO GUERRA;IVÂNIO FUMEGALI GUERRA;
74001;https://dadosabertos.camara.leg.br/api/v2/deputados/74001;JAIME FERNANDES;JAIME FERNANDES FILHO;
73532;https://dadosabertos.camara.leg.br/api/v2/deputados/73532;JAIR MENEGUELLI;JAIR ANTONIO MENEGUELLI;
74546;https://dadosabertos.camara.leg.br/api/v2/deputados/74546;JAIRO AZI;JAIRO AZI;
74548;https://dadosabertos.camara.leg.br/api/v2/deputados/74548;JAQUES WAGNER;JAQUES WAGNER;
73900;https://dadosabertos.camara.leg.br/api/v2/deputados/73900;JARBAS LIMA;JARBAS DE MELO E LIMA;
73918;https://dadosabertos.camara.leg.br/api/v2/deputados/73918;JAVIER ALFAYA;FRANCISCO JAVIER ULPIANO ALFAYA RODRIGUEZ;
73919;https://dadosabertos.camara.leg.br/api/v2/deputados/73919;JOÃO BARROS;JOÃO BARROS FILHO;
74422;https://dadosabertos.camara.leg.br/api/v2/deputados/74422;JOÃO COLAÇO;JOÃO BASTOS COLAÇO DIAS;
74772;https://dadosabertos.camara.leg.br/api/v2/deputados/74772;JOÃO COSER;JOÃO CARLOS COSER;
74667;https://dadosabertos.camara.leg.br/api/v2/deputados/74667;JOÃO FASSARELLA;JOÃO DOMINGOS FASSARELLA;
74316;https://dadosabertos.camara.leg.br/api/v2/deputados/74316;JOÃO HENRIQUE;JOÃO HENRIQUE DE ALMEIDA SOUSA;
74849;https://dadosabertos.camara.leg.br/api/v2/deputados/74849;JOÃO MENDES;JOÃO RICARDO MENDES;
74190;https://dadosabertos.camara.leg.br/api/v2/deputados/74190;JOÃO RIBEIRO;JOÃO BATISTA DE JESUS RIBEIRO;
74685;https://dadosabertos.camara.leg.br/api/v2/deputados/74685;JOÃO SAMPAIO;JOÃO CARLOS DE ALMEIDA SAMPAIO;
73590;https://dadosabertos.camara.leg.br/api/v2/deputados/73590;JOAQUIM BRITO;JOAQUIM ANTONIO DE CARVALHO BRITO;
74350;https://dadosabertos.camara.leg.br/api/v2/deputados/74350;JORGE COSTA;JORGE NETTO DA COSTA;
74850;https://dadosabertos.camara.leg.br/api/v2/deputados/74850;JORGE WILSON;JORGE WILSON DE MATOS;
73587;https://dadosabertos.camara.leg.br/api/v2/deputados/73587;JOSÉ ALEKSANDRO;JOSÉ ALEKSANDRO DA SILVA;
74446;https://dadosabertos.camara.leg.br/api/v2/deputados/74446;JOSÉ ANTONIO ALMEIDA;JOSE ANTONIO FIGUEIREDO DE ALMEIDA SILVA;
74851;https://dadosabertos.camara.leg.br/api/v2/deputados/74851;JOSÉ CARLOS COUTINHO;JOSÉ CARLOS PIRES COUTINHO;
74670;https://dadosabertos.camara.leg.br/api/v2/deputados/74670;JOSÉ CARLOS FONSECA JR.;JOSÉ CARLOS DA FONSECA JÚNIOR;
73538;https://dadosabertos.camara.leg.br/api/v2/deputados/73538;JOSÉ COIMBRA;JOSÉ DE CASTRO COIMBRA;
73539;https://dadosabertos.camara.leg.br/api/v2/deputados/73539;JOSÉ DE ABREU;JOSE MASCI DE ABREU;
74853;https://dadosabertos.camara.leg.br/api/v2/deputados/74853;JOSÉ EGYDIO;JOSÉ EGYDIO TINOCO NETO;
74125;https://dadosabertos.camara.leg.br/api/v2/deputados/74125;JOSÉ LOURENÇO;JOSÉ LOURENÇO MORAIS DA SILVA;
74412;https://dadosabertos.camara.leg.br/api/v2/deputados/74412;JOSÉ LUIZ CLEROT;JOSE LUIZ BARBOSA RAMALHO CLEROT;
73541;https://dadosabertos.camara.leg.br/api/v2/deputados/73541;JOSÉ MACHADO;JOSÉ MACHADO;
73600;https://dadosabertos.camara.leg.br/api/v2/deputados/73600;JOSÉ MAGALHÃES;JOSÉ DOMINGOS DE MAGALHÃES;
74093;https://dadosabertos.camara.leg.br/api/v2/deputados/74093;JOSÉ MELO;JOSÉ MELO DE OLIVEIRA;
74740;https://dadosabertos.camara.leg.br/api/v2/deputados/74740;JOSÉ REZENDE;JOSÉ REZENDE DE ANDRADE;
74794;https://dadosabertos.camara.leg.br/api/v2/deputados/74794;JOSÉ ROBERTO BATOCHIO;JOSE ROBERTO BATOCHIO;
74569;https://dadosabertos.camara.leg.br/api/v2/deputados/74569;JOSÉ RONALDO;JOSÉ RONALDO DE CARVALHO;
74529;https://dadosabertos.camara.leg.br/api/v2/deputados/74529;JOSÉ TELES;JOSÉ TELES DE MENDONÇA;
74809;https://dadosabertos.camara.leg.br/api/v2/deputados/74809;JUQUINHA;JOSÉ FRANCISCO DAS NEVES;
73916;https://dadosabertos.camara.leg.br/api/v2/deputados/73916;JUSTINIANO PEDROSO;JUSTINIANO FRANCISCO CONINCK DE ALMEIDA PEDROSO;
73688;https://dadosabertos.camara.leg.br/api/v2/deputados/73688;KINCAS MATTOS;JOAQUIM DE MATTOS SALLES;
74326;https://dadosabertos.camara.leg.br/api/v2/deputados/74326;LAÍRE ROSADO;LAÍRE ROSADO FILHO;
74134;https://dadosabertos.camara.leg.br/api/v2/deputados/74134;LAMARTINE POSELLA;LAMARTINE POSELLA SOBRINHO;
74555;https://dadosabertos.camara.leg.br/api/v2/deputados/74555;LEUR LOMANTO;LEUR ANTONIO DE BRITTO LOMANTO;
73667;https://dadosabertos.camara.leg.br/api/v2/deputados/73667;LÍDIA QUINAN;LYDIA ARAÚJO QUINAN;
65498;https://dadosabertos.camara.leg.br/api/v2/deputados/65498;LÚCIA VÂNIA;LÚCIA VÂNIA ABRÃO COSTA;
73983;https://dadosabertos.camara.leg.br/api/v2/deputados/73983;LUIS BARBOSA;LUIS BARBOSA ALVES;
74687;https://dadosabertos.camara.leg.br/api/v2/deputados/74687;LUISINHO;LUIS EDUARDO ALMEIDA DE OLIVEIRA;
74775;https://dadosabertos.camara.leg.br/api/v2/deputados/74775;LUIZ DURÃO;LUIZ CÂNDIDO DURÃO;
73902;https://dadosabertos.camara.leg.br/api/v2/deputados/73902;LUIZ MAINARDI;LUIZ FERNANDO MAINARDI;
74632;https://dadosabertos.camara.leg.br/api/v2/deputados/74632;LUIZ MOREIRA;LUIZ MOREIRA DA SILVA;
74681;https://dadosabertos.camara.leg.br/api/v2/deputados/74681;LUIZ RIBEIRO;LUIZ ANTONIO DANTAS RIBEIRO;
74339;https://dadosabertos.camara.leg.br/api/v2/deputados/74339;LUIZ SALOMÃO;LUIZ ALFREDO SALOMÃO;
74672;https://dadosabertos.camara.leg.br/api/v2/deputados/74672;MAGNO MALTA;MAGNO PEREIRA MALTA;
73547;https://dadosabertos.camara.leg.br/api/v2/deputados/73547;MALULY NETTO;JORGE MALULY NETTO;
74633;https://dadosabertos.camara.leg.br/api/v2/deputados/74633;MANOEL CASTRO;MANOEL FIGUEIREDO CASTRO;
73602;https://dadosabertos.camara.leg.br/api/v2/deputados/73602;MANOEL VITÓRIO;MANOEL DO CARMO VITÓRIO;
74530;https://dadosabertos.camara.leg.br/api/v2/deputados/74530;MARCELO DÉDA;MARCELO DÉDA CHAGAS;
74333;https://dadosabertos.camara.leg.br/api/v2/deputados/74333;MÁRCIO MATOS;MÁRCIO ARTUR DE MATOS;
74364;https://dadosabertos.camara.leg.br/api/v2/deputados/74364;MARCOS AFONSO;MARCOS AFONSO PONTES DE SOUZA;
74785;https://dadosabertos.camara.leg.br/api/v2/deputados/74785;MARCOS CINTRA;MARCOS CINTRA CAVALCANTI DE ALBUQUERQUE;
73484;https://dadosabertos.camara.leg.br/api/v2/deputados/73484;MARCOS ROLIM;MARCOS FLÁVIO ROLIM;
74803;https://dadosabertos.camara.leg.br/api/v2/deputados/74803;MARIA ABADIA;MARIA DE LOURDES ABADIA;
74746;https://dadosabertos.camara.leg.br/api/v2/deputados/74746;MARIA ELVIRA;MARIA ELVIRA SALLES FERREIRA;
73659;https://dadosabertos.camara.leg.br/api/v2/deputados/73659;MARIA LAURA;MARIA LAURA SALES PINHEIRO;
73760;https://dadosabertos.camara.leg.br/api/v2/deputados/73760;MARISA SERRANO;MARISA JOAQUINA MONTEIRO SERRANO;
74689;https://dadosabertos.camara.leg.br/api/v2/deputados/74689;MATTOS NASCIMENTO;MATUSAEL DO NASCIMENTO;
65904;https://dadosabertos.camara.leg.br/api/v2/deputados/65904;MAURÍLIO FERREIRA LIMA;MAURÍLIO FIGUEIRA DE FERREIRA LIMA;
74206;https://dadosabertos.camara.leg.br/api/v2/deputados/74206;MAURO FECURY;MAURO DE ALENCAR FECURY;
74673;https://dadosabertos.camara.leg.br/api/v2/deputados/74673;MAX MAURO;MAX FREITAS MAURO;
74861;https://dadosabertos.camara.leg.br/api/v2/deputados/74861;MILTON TEMER;JORGE MILTON TEMER;
73601;https://dadosabertos.camara.leg.br/api/v2/deputados/73601;MOACIR PIOVESAN;MOACIR PIOVESAN;
74788;https://dadosabertos.camara.leg.br/api/v2/deputados/74788;MOREIRA FERREIRA;CARLOS EDUARDO MOREIRA FERREIRA;
74112;https://dadosabertos.camara.leg.br/api/v2/deputados/74112;MURILO DOMINGOS;MURILO DOMINGOS;
74021;https://dadosabertos.camara.leg.br/api/v2/deputados/74021;NAIR XAVIER LOBO;NAIR MARIA XAVIER NUNES DE OLIVEIRA LOBO;
74789;https://dadosabertos.camara.leg.br/api/v2/deputados/74789;NELO RODOLFO;NELLO RODOLPHO GIONGO FILHO;
74243;https://dadosabertos.camara.leg.br/api/v2/deputados/74243;NELSON HARTER;NELSON HARTER FILHO;
73906;https://dadosabertos.camara.leg.br/api/v2/deputados/73906;NELSON MARCHEZAN;NELSON MARCHEZAN;
74301;https://dadosabertos.camara.leg.br/api/v2/deputados/74301;NELSON OTOCH;NELSON OTOCH;
74572;https://dadosabertos.camara.leg.br/api/v2/deputados/74572;NILO COELHO;NILO AUGUSTO MORAES COELHO;
74811;https://dadosabertos.camara.leg.br/api/v2/deputados/74811;NORBERTO TEIXEIRA;NORBERTO JOSE TEIXEIRA;
74588;https://dadosabertos.camara.leg.br/api/v2/deputados/74588;OLIMPIO PIRES;OLÍMPIO PIRES GUERRA;
74109;https://dadosabertos.camara.leg.br/api/v2/deputados/74109;OSCAR ANDRADE;OSCAR ILTON DE ANDRADE;
73571;https://dadosabertos.camara.leg.br/api/v2/deputados/73571;OSVALDO SOBRINHO;OSVALDO ROBERTO SOBRINHO;
74122;https://dadosabertos.camara.leg.br/api/v2/deputados/74122;OSWALDO SOLER;OSWALDO SOLER;
73783;https://dadosabertos.camara.leg.br/api/v2/deputados/73783;PADRE ROQUE;ROQUE ZIMMERMANN;
74573;https://dadosabertos.camara.leg.br/api/v2/deputados/74573;PAULO BRAGA;PAULO ROBERTO LUZ BRAGA;
73576;https://dadosabertos.camara.leg.br/api/v2/deputados/73576;PAULO DE ALMEIDA;PAULO CARDOSO DE ALMEIDA;
73884;https://dadosabertos.camara.leg.br/api/v2/deputados/73884;PAULO GOUVÊA;PAULO GILBERTO GOUVEA DA COSTA;
73829;https://dadosabertos.camara.leg.br/api/v2/deputados/73829;PAULO LESSA;PAULO JOSÉ TAVARES LESSA;
74192;https://dadosabertos.camara.leg.br/api/v2/deputados/74192;PAULO MOURÃO;PAULO SARDINHA MOURAO;
74804;https://dadosabertos.camara.leg.br/api/v2/deputados/74804;PAULO OCTÁVIO;PAULO OCTÁVIO ALVES PEREIRA;
73910;https://dadosabertos.camara.leg.br/api/v2/deputados/73910;PAULO PAIM;PAULO RENATO PAIM;
73914;https://dadosabertos.camara.leg.br/api/v2/deputados/73914;PAULO RANGEL;PAULO FERNANDO RANGEL DE LIMA;
73491;https://dadosabertos.camara.leg.br/api/v2/deputados/73491;PEDRO BITTENCOURT;PEDRO BITTENCOURT NETO;
74805;https://dadosabertos.camara.leg.br/api/v2/deputados/74805;PEDRO CELSO;PEDRO CELSO;
74589;https://dadosabertos.camara.leg.br/api/v2/deputados/74589;PIMENTA DA VEIGA;JOÃO PIMENTA DA VEIGA FILHO;
74303;https://dadosabertos.camara.leg.br/api/v2/deputados/74303;PIMENTEL GOMES;RAYMUNDO PIMENTEL GOMES NETO;
74638;https://dadosabertos.camara.leg.br/api/v2/deputados/74638;PRISCO VIANA;LUIZ HUMBERTO PRISCO VIANA;
73465;https://dadosabertos.camara.leg.br/api/v2/deputados/73465;RAFAEL GRECA;RAFAEL VALDOMIRO GRECA DE MACEDO;
74237;https://dadosabertos.camara.leg.br/api/v2/deputados/74237;RAIMUNDO COLOMBO;JOÃO RAIMUNDO COLOMBO;
73593;https://dadosabertos.camara.leg.br/api/v2/deputados/73593;RAINEL BARBOSA;RAINEL BARBOSA ARAÚJO;
74560;https://dadosabertos.camara.leg.br/api/v2/deputados/74560;REGIS CAVALCANTE;JOSÉ REGIS BARROS CAVALCANTE;
73591;https://dadosabertos.camara.leg.br/api/v2/deputados/73591;RENATO SILVA;RENATO DA SILVA;
73475;https://dadosabertos.camara.leg.br/api/v2/deputados/73475;RENATO VIANNA;RENATO DE MELLO VIANNA;
74353;https://dadosabertos.camara.leg.br/api/v2/deputados/74353;RENILDO LEAL;RENILDO LEAL SANTOS;
74674;https://dadosabertos.camara.leg.br/api/v2/deputados/74674;RICARDO FERRAÇO;RICARDO DE REZENDE FERRAÇO;
73578;https://dadosabertos.camara.leg.br/api/v2/deputados/73578;RICARDO MARANHÃO;RICARDO MOURA DE ALBUQUERQUE MARANHÃO;
73580;https://dadosabertos.camara.leg.br/api/v2/deputados/73580;RICARDO NORONHA;JOÃO RICARDO NORONHA DA SILVA;
73985;https://dadosabertos.camara.leg.br/api/v2/deputados/73985;ROBÉRIO ARAÚJO;ROBÉRIO BEZERRA DE ARAÚJO;
73487;https://dadosabertos.camara.leg.br/api/v2/deputados/73487;ROBERTO ARGENTA;ROBERTO ARGENTA;
73912;https://dadosabertos.camara.leg.br/api/v2/deputados/73912;ROBERTO JOHN;ROBERTO JOHN GONÇALVES DA SILVA;
74760;https://dadosabertos.camara.leg.br/api/v2/deputados/74760;RONALDO PERIM;RONALDO PERIM;
74221;https://dadosabertos.camara.leg.br/api/v2/deputados/74221;RONALDO SANTOS;RONALDO DE OLIVEIRA SANTOS;
73422;https://dadosabertos.camara.leg.br/api/v2/deputados/73422;RUBEM MEDINA;RUBEM MEDINA;
74795;https://dadosabertos.camara.leg.br/api/v2/deputados/74795;RUBENS FURLAN;RUBENS FURLAN;
73986;https://dadosabertos.camara.leg.br/api/v2/deputados/73986;SALOMÃO CRUZ;SALOMÃO AFONSO DE SOUZA CRUZ;
73690;https://dadosabertos.camara.leg.br/api/v2/deputados/73690;SALOMÃO GURGEL;SALOMÃO GURGEL PINHEIRO;
74796;https://dadosabertos.camara.leg.br/api/v2/deputados/74796;SAMPAIO DÓRIA;CARLOS EDUARDO SAMPAIO DÓRIA;
73467;https://dadosabertos.camara.leg.br/api/v2/deputados/73467;SANTOS FILHO;JOAQUIM DOS SANTOS FILHO;
73596;https://dadosabertos.camara.leg.br/api/v2/deputados/73596;SAULO COELHO;SAULO LEVINDO COELHO;
74575;https://dadosabertos.camara.leg.br/api/v2/deputados/74575;SAULO PEDROSA;SAULO PEDROSA DE ALMEIDA;
74069;https://dadosabertos.camara.leg.br/api/v2/deputados/74069;SÉRGIO BARCELLOS;SÉRGIO CERQUEIRA BARCELLOS;
74442;https://dadosabertos.camara.leg.br/api/v2/deputados/74442;SÉRGIO BARROS;SÉRGIO SEBASTIÃO DE BARROS;
74458;https://dadosabertos.camara.leg.br/api/v2/deputados/74458;SÉRGIO NOVAIS;ALUISIO SÉRGIO NOVAIS ELEUTÉRIO;
74564;https://dadosabertos.camara.leg.br/api/v2/deputados/74564;SÉRGIO REIS;ARTUR SÉRGIO DE ALMEIDA REIS;
73488;https://dadosabertos.camara.leg.br/api/v2/deputados/73488;SYNVAL GUAZZELLI;SYNVAL SEBASTIÃO DUARTE GUAZZELLI;
74523;https://dadosabertos.camara.leg.br/api/v2/deputados/74523;TALVANE ALBUQUERQUE NETO;PEDRO TALVANE LUIS GAMA DE ALBUQUERQUE NETO;
73687;https://dadosabertos.camara.leg.br/api/v2/deputados/73687;TÂNIA SOARES;TANIA SOARES DE SOUSA;
73989;https://dadosabertos.camara.leg.br/api/v2/deputados/73989;TELMO KIRST;TELMO JOSÉ KIRST;
74767;https://dadosabertos.camara.leg.br/api/v2/deputados/74767;TILDEN SANTIAGO;TILDEN JOSÉ SANTIAGO;
74307;https://dadosabertos.camara.leg.br/api/v2/deputados/74307;UBIRATAN AGUIAR;UBIRATAN DINIZ DE AGUIAR;
74193;https://dadosabertos.camara.leg.br/api/v2/deputados/74193;UDSON BANDEIRA;UDSON COELHO BANDEIRA;
74644;https://dadosabertos.camara.leg.br/api/v2/deputados/74644;URSICINO QUEIROZ;URSICINO PINTO DE QUEIROZ;
74136;https://dadosabertos.camara.leg.br/api/v2/deputados/74136;VALDECI OLIVEIRA;ANTONIO VALDECI OLIVEIRA DE OLIVEIRA;
74691;https://dadosabertos.camara.leg.br/api/v2/deputados/74691;VALDECI PAIVA;ANTÔNIO VALDECI DE PAIVA;
74348;https://dadosabertos.camara.leg.br/api/v2/deputados/74348;VALDIR GANZER;VALDIR GANZER;
73790;https://dadosabertos.camara.leg.br/api/v2/deputados/73790;VALDOMIRO MEGER;VALDOMIRO MEGER;
74233;https://dadosabertos.camara.leg.br/api/v2/deputados/74233;VANIO DOS SANTOS;VANIO DOS SANTOS;
73476;https://dadosabertos.camara.leg.br/api/v2/deputados/73476;VICENTE CAROPRESO;VICENTE AUGUSTO CAROPRESO;
74694;https://dadosabertos.camara.leg.br/api/v2/deputados/74694;VIVALDO BARBOSA;VIVALDO VIEIRA BARBOSA;
73915;https://dadosabertos.camara.leg.br/api/v2/deputados/73915;VIVALDO COSTA;VIVALDO SILVINO DA COSTA;
73567;https://dadosabertos.camara.leg.br/api/v2/deputados/73567;WAGNER ROSSI;WAGNER GONÇALVES ROSSI;
73643;https://dadosabertos.camara.leg.br/api/v2/deputados/73643;WAGNER SALUSTIANO;WAGNER AMARAL SALUSTIANO;
74576;https://dadosabertos.camara.leg.br/api/v2/deputados/74576;WALDIR PIRES;FRANCISCO WALDIR PIRES DE SOUZA;
73489;https://dadosabertos.camara.leg.br/api/v2/deputados/73489;WALDIR SCHMIDT;WALDIR ARTUR SCHMIDT;
74668;https://dadosabertos.camara.leg.br/api/v2/deputados/74668;WALFRIDO MARES GUIA;WALFRIDO SILVINO DOS MARES GUIA NETO;
74695;https://dadosabertos.camara.leg.br/api/v2/deputados/74695;WANDERLEY MARTINS;VANDERLEY MARTINS DE BRITO;
74462;https://dadosabertos.camara.leg.br/api/v2/deputados/74462;WELLINGTON DIAS;JOSÉ WELLINGTON BARROSO DE ARAÚJO DIAS;
73792;https://dadosabertos.camara.leg.br/api/v2/deputados/73792;WERNER WANDERER;WERNER WANDERER;
73661;https://dadosabertos.camara.leg.br/api/v2/deputados/73661;WIGBERTO TARTUCE;WIGBERTO FERREIRA TARTUCE;
73598;https://dadosabertos.camara.leg.br/api/v2/deputados/73598;WILSON CUNHA;WILSON JOSE DA CUNHA;
73573;https://dadosabertos.camara.leg.br/api/v2/deputados/73573;YVONILTON GONÇALVES;YVONILTON BORGES GONÇALVES;
74769;https://dadosabertos.camara.leg.br/api/v2/deputados/74769;ZAIRE REZENDE;ZAIRE REZENDE;
73678;https://dadosabertos.camara.leg.br/api/v2/deputados/73678;ZÉ GOMES DA ROCHA;JOSÉ GOMES DA ROCHA;
74798;https://dadosabertos.camara.leg.br/api/v2/deputados/74798;ZÉ ÍNDIO;JOSE FERREIRA DO NASCIMENTO;
74669;https://dadosabertos.camara.leg.br/api/v2/deputados/74669;ZEZÉ PERRELLA;JOSÉ PERRELLA DE OLIVEIRA COSTA;
74185;https://dadosabertos.camara.leg.br/api/v2/deputados/74185;ZILA BEZERRA;MARIA ZILA FROTA BEZERRA DE OLIVEIRA;
73823;https://dadosabertos.camara.leg.br/api/v2/deputados/73823;ADELAIDE NERI;Antonia Adelaide da Rocha Neri;
74770;https://dadosabertos.camara.leg.br/api/v2/deputados/74770;ADELSON SALVADOR;Adelson Antônio Salvador;
74220;https://dadosabertos.camara.leg.br/api/v2/deputados/74220;ADEMIR CUNHA;Ademir Barbosa da Cunha;
73426;https://dadosabertos.camara.leg.br/api/v2/deputados/73426;ADHEMAR DE BARROS FILHO;ADHEMAR DE BARROS FILHO;
73887;https://dadosabertos.camara.leg.br/api/v2/deputados/73887;ADYLSON MOTTA;Adylson Martins Motta;
74244;https://dadosabertos.camara.leg.br/api/v2/deputados/74244;AÉCIO DE BORBA;Aécio de Borba Vasconcelos;
74022;https://dadosabertos.camara.leg.br/api/v2/deputados/74022;AGNALDO TIMÓTEO;AGUINALDO TIMOTEO PEREIRA;
74532;https://dadosabertos.camara.leg.br/api/v2/deputados/74532;ALCIDES MODESTO;Manoel Alcides Modesto Coelho;
73999;https://dadosabertos.camara.leg.br/api/v2/deputados/73999;ALEXANDRE CERANTO;Alexandre Ceranto;
73429;https://dadosabertos.camara.leg.br/api/v2/deputados/73429;ALMINO AFFONSO;Almino Monteiro Alvares Affonso;
74247;https://dadosabertos.camara.leg.br/api/v2/deputados/74247;ÁLVARO RIBEIRO;Álvaro Silva Ribeiro;
74831;https://dadosabertos.camara.leg.br/api/v2/deputados/74831;ÁLVARO VALLE;Álvaro Bastos do Valle;
74088;https://dadosabertos.camara.leg.br/api/v2/deputados/74088;ALZIRA EWERTON;Alzira Valdelice Pires Ewerton;
74832;https://dadosabertos.camara.leg.br/api/v2/deputados/74832;AMARAL NETTO;Fidélis dos Santos Amaral Netto;
74071;https://dadosabertos.camara.leg.br/api/v2/deputados/74071;ANA JÚLIA;Ana Júlia de Vasconcelos Carepa;
73679;https://dadosabertos.camara.leg.br/api/v2/deputados/73679;ANDRÉ PUCCINELLI;André Puccinelli;
74007;https://dadosabertos.camara.leg.br/api/v2/deputados/74007;ANTÔNIO AURELIANO;Antônio Aureliano Sanches de Mendonça;
74073;https://dadosabertos.camara.leg.br/api/v2/deputados/74073;ANTÔNIO BRASIL;Antônio César Pinho Brasil;
74214;https://dadosabertos.camara.leg.br/api/v2/deputados/74214;ANTONIO DOS SANTOS;Antonio dos Santos Soares Cavalcante;
74330;https://dadosabertos.camara.leg.br/api/v2/deputados/74330;ANTÔNIO EBLING;Antônio Carlos Ebling;
66490;https://dadosabertos.camara.leg.br/api/v2/deputados/66490;ANTONIO FALEIROS;Antonio Faleiros Filho;
74332;https://dadosabertos.camara.leg.br/api/v2/deputados/74332;ANTONIO FERREIRA;ANTONIO FERREIRA DE ANDRADE;
73766;https://dadosabertos.camara.leg.br/api/v2/deputados/73766;ANTONIO UENO;Iosio Antonio Ueno;
74311;https://dadosabertos.camara.leg.br/api/v2/deputados/74311;ARI MAGALHÃES;José Arimatéa Martins Magalhães;
74649;https://dadosabertos.camara.leg.br/api/v2/deputados/74649;ARMANDO COSTA;Armando Gonçalves Costa;
74113;https://dadosabertos.camara.leg.br/api/v2/deputados/74113;ARY VALADÃO;Ary Ribeiro Valadão;
66476;https://dadosabertos.camara.leg.br/api/v2/deputados/66476;ASSIS CANUTO;ASSIS CANUTO;
73647;https://dadosabertos.camara.leg.br/api/v2/deputados/73647;AUGUSTINHO FREITAS;AUGUSTINHO FREITAS MARTINS;
74320;https://dadosabertos.camara.leg.br/api/v2/deputados/74320;AUGUSTO VIVEIROS;Augusto Carlos Garcia de Viveiros;
73436;https://dadosabertos.camara.leg.br/api/v2/deputados/73436;AYRES DA CUNHA;Ayres da Cunha Marques;
73656;https://dadosabertos.camara.leg.br/api/v2/deputados/73656;BENEDITO DOMINGOS;Benedito Augusto Domingos;
74074;https://dadosabertos.camara.leg.br/api/v2/deputados/74074;BENEDITO GUIMARÃES;Benedito Antônio Cota Guimarães;
74536;https://dadosabertos.camara.leg.br/api/v2/deputados/74536;BETO LÉLIS;ADALBERTO LELIS FILHO;
74525;https://dadosabertos.camara.leg.br/api/v2/deputados/74525;BOSCO FRANÇA;João Bosco França Cruz;
74246;https://dadosabertos.camara.leg.br/api/v2/deputados/74246;CÂNDIDO MENDES;Cândido Antônio José Francisco Mendes de Almeida;
74179;https://dadosabertos.camara.leg.br/api/v2/deputados/74179;CARLOS AIRTON;Carlos Airton Magalhães Santana de Souza;
74322;https://dadosabertos.camara.leg.br/api/v2/deputados/74322;CARLOS ALBERTO;Carlos Alberto de Sousa;
74224;https://dadosabertos.camara.leg.br/api/v2/deputados/74224;CARLOS ALBERTO CAMPISTA;Carlos Alberto Tavares Campista;
73438;https://dadosabertos.camara.leg.br/api/v2/deputados/73438;CARLOS APOLINÁRIO;Carlos Alberto Eugenio Apolinário;
74096;https://dadosabertos.camara.leg.br/api/v2/deputados/74096;CARLOS CAMURÇA;Carlos Alberto de Azevedo Camurça;
73890;https://dadosabertos.camara.leg.br/api/v2/deputados/73890;CARLOS CARDINAL;Carlos Cardinal Oliveira;
74004;https://dadosabertos.camara.leg.br/api/v2/deputados/74004;CARLOS DA CARBRÁS;Carlos Alberto Barros Silva;
74526;https://dadosabertos.camara.leg.br/api/v2/deputados/74526;CARLOS MAGNO;Carlos Magno Costa Garcia;
74020;https://dadosabertos.camara.leg.br/api/v2/deputados/74020;CARLOS MENDES;Carlos Hassel Mendes da Silva;
73439;https://dadosabertos.camara.leg.br/api/v2/deputados/73439;CARLOS NELSON;Carlos Nelson Bueno;
74406;https://dadosabertos.camara.leg.br/api/v2/deputados/74406;CÁSSIO CUNHA LIMA;Cássio Rodrigues da Cunha Lima;
74518;https://dadosabertos.camara.leg.br/api/v2/deputados/74518;CECI CUNHA;Josefa Santos Cunha;
74180;https://dadosabertos.camara.leg.br/api/v2/deputados/74180;CÉLIA MENDES;Auricélia Freitas de Assis;
73440;https://dadosabertos.camara.leg.br/api/v2/deputados/73440;CELSO DANIEL;Celso Augusto Daniel;
74653;https://dadosabertos.camara.leg.br/api/v2/deputados/74653;CHICO FERRAMENTA;FRANCISCO CARLOS CHICO FERRAMENTA DELFINO;
73657;https://dadosabertos.camara.leg.br/api/v2/deputados/73657;CHICO VIGILANTE;Francisco Domingos dos Santos;
74836;https://dadosabertos.camara.leg.br/api/v2/deputados/74836;CIDINHA CAMPOS;Maria Aparecida Campos Straus;
74323;https://dadosabertos.camara.leg.br/api/v2/deputados/74323;CIPRIANO CORREIA;CIPRIANO CORREIA;
74110;https://dadosabertos.camara.leg.br/api/v2/deputados/74110;CLÁUDIO CHAVES;Cláudio do Carmo Chaves;
73444;https://dadosabertos.camara.leg.br/api/v2/deputados/73444;CUNHA LIMA;ANTONIO DA CUNHA LIMA;
74231;https://dadosabertos.camara.leg.br/api/v2/deputados/74231;DALILA FIGUEIREDO;Dalila Eugênia Maranhão Dias Figueiredo;
74196;https://dadosabertos.camara.leg.br/api/v2/deputados/74196;DAVI ALVES SILVA;Davi Alves Silva;
74011;https://dadosabertos.camara.leg.br/api/v2/deputados/74011;DEJANDIR DALPASQUALE;Dejandir Dalpasquale;
74215;https://dadosabertos.camara.leg.br/api/v2/deputados/74215;DÉRCIO KNOP;Dércio Augusto Knop;
73680;https://dadosabertos.camara.leg.br/api/v2/deputados/73680;DILSO SPERAFICO;Dilso Sperafico;
74127;https://dadosabertos.camara.leg.br/api/v2/deputados/74127;DJALMA DE ALMEIDA CESAR;Djalma de Almeida Cesar;
74539;https://dadosabertos.camara.leg.br/api/v2/deputados/74539;DOMINGOS LEONELLI;DOMINGOS LEONELLI NETTO;
74335;https://dadosabertos.camara.leg.br/api/v2/deputados/74335;EDSON MENEZES DA SILVA;Edson Menezes da Silva;
74292;https://dadosabertos.camara.leg.br/api/v2/deputados/74292;EDSON QUEIROZ;Edson Queiroz Filho;
74105;https://dadosabertos.camara.leg.br/api/v2/deputados/74105;EDSON SOARES;Edson Gonçalves Soares;
74242;https://dadosabertos.camara.leg.br/api/v2/deputados/74242;EDUARDO COELHO;EDUARDO JOSÉ PEREIRA COELHO;
74839;https://dadosabertos.camara.leg.br/api/v2/deputados/74839;EDUARDO MASCARENHAS;Eduardo Guimarães Mascarenhas da Silva;
73769;https://dadosabertos.camara.leg.br/api/v2/deputados/73769;ELIAS ABRAHÃO;Elias Abrahão;
74126;https://dadosabertos.camara.leg.br/api/v2/deputados/74126;ELISIO CURVO;Elisio Miguéis Curvo;
74098;https://dadosabertos.camara.leg.br/api/v2/deputados/74098;EMERSON OLAVO PIRES;Emerson Serpa Pires;
74241;https://dadosabertos.camara.leg.br/api/v2/deputados/74241;EMÍLIO ASSMAR;Emílio Assmar Sobrinho;
74336;https://dadosabertos.camara.leg.br/api/v2/deputados/74336;ENYR LAPROVITA;Enyr Laprovita Vieira;
74064;https://dadosabertos.camara.leg.br/api/v2/deputados/74064;ERALDO TRINDADE;ERALDO DA SILVA TRINDADE;
74138;https://dadosabertos.camara.leg.br/api/v2/deputados/74138;ETEVALDA GRASSI DE MENEZES;Etevalda Grassi de Menezes;
74116;https://dadosabertos.camara.leg.br/api/v2/deputados/74116;EUDORO PEDROZA;Eudoro Guilherme Zacharias Pedroza;
73449;https://dadosabertos.camara.leg.br/api/v2/deputados/73449;FÁBIO FELDMANN;FABIO JOSE FELDMANN;
73450;https://dadosabertos.camara.leg.br/api/v2/deputados/73450;FAUSTO MARTELLO;Fausto Miguel Martello;
74314;https://dadosabertos.camara.leg.br/api/v2/deputados/74314;FELIPE MENDES;Felipe Mendes de Oliveira;
74543;https://dadosabertos.camara.leg.br/api/v2/deputados/74543;FERNANDO GOMES;Fernando Gomes Oliveira;
74418;https://dadosabertos.camara.leg.br/api/v2/deputados/74418;FERNANDO LYRA;Fernando Soares Lyra;
73770;https://dadosabertos.camara.leg.br/api/v2/deputados/73770;FERNANDO RIBAS CARLI;Luiz Fernando Ribas Carli;
74519;https://dadosabertos.camara.leg.br/api/v2/deputados/74519;FERNANDO TORRES;Fernando José Torres;
74293;https://dadosabertos.camara.leg.br/api/v2/deputados/74293;FIRMO DE CASTRO;Firmo Fernandes de Castro;
74223;https://dadosabertos.camara.leg.br/api/v2/deputados/74223;FLÁVIO PALMIER DA VEIGA;Flávio Palmier Martins da Veiga;
133783;https://dadosabertos.camara.leg.br/api/v2/deputados/133783;FRANCISCO DIÓGENES;Francisco Diógenes de Araújo;
73997;https://dadosabertos.camara.leg.br/api/v2/deputados/73997;FRANCISCO HORTA;Francisco Sales Dias Horta;
74226;https://dadosabertos.camara.leg.br/api/v2/deputados/74226;GERALDO PASTANA;Geraldo Irineu Pastana de Oliveira;
73648;https://dadosabertos.camara.leg.br/api/v2/deputados/73648;GILNEY VIANA;Gilney Amorim Viana;
74409;https://dadosabertos.camara.leg.br/api/v2/deputados/74409;GILVAN FREIRE;GILVAN DA SILVA FREIRE;
68676;https://dadosabertos.camara.leg.br/api/v2/deputados/68676;HAROLDO SABÓIA;Haroldo Freitas Pires de Sabóia;
73453;https://dadosabertos.camara.leg.br/api/v2/deputados/73453;HÉLIO BICUDO;Hélio Pereira Bicudo;
73530;https://dadosabertos.camara.leg.br/api/v2/deputados/73530;HÉLIO ROSAS;Hélio César Rosas;
74078;https://dadosabertos.camara.leg.br/api/v2/deputados/74078;HILÁRIO COIMBRA;HILARIO MIRANDA COIMBRA;
73773;https://dadosabertos.camara.leg.br/api/v2/deputados/73773;HOMERO OGUIDO;Homero Morinobu Oguido;
73898;https://dadosabertos.camara.leg.br/api/v2/deputados/73898;HUGO LAGRANHA;Hugo Simões Lagranha;
74661;https://dadosabertos.camara.leg.br/api/v2/deputados/74661;HUGO RODRIGUES DA CUNHA;Hugo Rodrigues da Cunha;
74420;https://dadosabertos.camara.leg.br/api/v2/deputados/74420;HUMBERTO COSTA;Humberto Sérgio Costa Lima;
74101;https://dadosabertos.camara.leg.br/api/v2/deputados/74101;ILDEMAR KUSSLER;ILDEMAR KUSSLER;
74664;https://dadosabertos.camara.leg.br/api/v2/deputados/74664;ISRAEL PINHEIRO;Israel Pinheiro Filho;
74410;https://dadosabertos.camara.leg.br/api/v2/deputados/74410;IVANDRO CUNHA LIMA;Ivandro Moura Cunha Lima;
74008;https://dadosabertos.camara.leg.br/api/v2/deputados/74008;IVO MAINARDI;Ivo Orlindo Mainardi;
74121;https://dadosabertos.camara.leg.br/api/v2/deputados/74121;IZIDÓRIO OLIVEIRA;Izidório Correia de Oliveira;
74296;https://dadosabertos.camara.leg.br/api/v2/deputados/74296;JACKSON PEREIRA;João Jackson de Albuquerque Pereira;
74666;https://dadosabertos.camara.leg.br/api/v2/deputados/74666;JAIR SIQUEIRA;Jair Siqueira;
73899;https://dadosabertos.camara.leg.br/api/v2/deputados/73899;JAIR SOARES;Jair de Oliveira Soares;
74338;https://dadosabertos.camara.leg.br/api/v2/deputados/74338;JAMIL HADDAD;Jamil Haddad;
74201;https://dadosabertos.camara.leg.br/api/v2/deputados/74201;JAYME SANTANA;Jayme Manoel Tavares Neiva de Santana;
74227;https://dadosabertos.camara.leg.br/api/v2/deputados/74227;JOANA D'ARC;JOANA D'ARC CARVALHO GUIMARÃES;
74202;https://dadosabertos.camara.leg.br/api/v2/deputados/74202;JOÃO ALBERTO;João Alberto de Souza;
74334;https://dadosabertos.camara.leg.br/api/v2/deputados/74334;JOÃO BROCHADO;João Manoel Simch Brochado;
74128;https://dadosabertos.camara.leg.br/api/v2/deputados/74128;JOÃO FAUSTINO;João Faustino Ferreira Neto;
73774;https://dadosabertos.camara.leg.br/api/v2/deputados/73774;JOÃO IENSEN;João Falavinha Iensen;
74182;https://dadosabertos.camara.leg.br/api/v2/deputados/74182;JOÃO MAIA;João Maia da Silva Filho;
73533;https://dadosabertos.camara.leg.br/api/v2/deputados/73533;JOÃO MELLÃO NETO;João Mellão Neto;
73664;https://dadosabertos.camara.leg.br/api/v2/deputados/73664;JOÃO NATAL;João Natal de Almeida;
74092;https://dadosabertos.camara.leg.br/api/v2/deputados/74092;JOÃO THOMÉ MESTRINHO;João Thomé Verçosa Mestrinho de Medeiros Raposo;
74551;https://dadosabertos.camara.leg.br/api/v2/deputados/74551;JONIVAL LUCAS;Jonival Lucas da Silva;
74773;https://dadosabertos.camara.leg.br/api/v2/deputados/74773;JORGE ANDERS;Jorge Alberto Anders;
74411;https://dadosabertos.camara.leg.br/api/v2/deputados/74411;JOSÉ ALDEMIR;José Aldemir Meireles de Almeida;
73537;https://dadosabertos.camara.leg.br/api/v2/deputados/73537;JOSÉ AUGUSTO;José Augusto da Silva Ramos;
74852;https://dadosabertos.camara.leg.br/api/v2/deputados/74852;JOSÉ CARLOS LACERDA;José Carlos Lacerda;
74203;https://dadosabertos.camara.leg.br/api/v2/deputados/74203;JOSÉ CARLOS SABÓIA;JOSE CARLOS DE SABOIA MAGALHAES NETO;
74250;https://dadosabertos.camara.leg.br/api/v2/deputados/74250;JOSÉ COSTA;José Oliveira Costa;
74232;https://dadosabertos.camara.leg.br/api/v2/deputados/74232;JOSÉ DA PAIXÃO;José Eustáquio da Paixão;
73876;https://dadosabertos.camara.leg.br/api/v2/deputados/73876;JOSÉ FRITSCH;José Fritsch;
74424;https://dadosabertos.camara.leg.br/api/v2/deputados/74424;JOSÉ JORGE;José Jorge de Vasconcelos Lima;
74854;https://dadosabertos.camara.leg.br/api/v2/deputados/74854;JOSÉ MAURÍCIO;JOSÉ MAURICIO LINHARES BARRETO;
74006;https://dadosabertos.camara.leg.br/api/v2/deputados/74006;JOSÉ TUDE;José Eudoro Reis Tude;
73665;https://dadosabertos.camara.leg.br/api/v2/deputados/73665;JOSIAS GONZAGA;Josias Gonzaga Cardoso;
73543;https://dadosabertos.camara.leg.br/api/v2/deputados/73543;JURANDYR PAIXÃO;Jurandyr da Paixão de Campos Freire Filho;
73544;https://dadosabertos.camara.leg.br/api/v2/deputados/73544;KOYU IHA;Koyu Iha;
74855;https://dadosabertos.camara.leg.br/api/v2/deputados/74855;LAPROVITA VIEIRA;Odenir Laprovita Vieira;
73877;https://dadosabertos.camara.leg.br/api/v2/deputados/73877;LEONEL PAVAN;Leonel Arcangelo Pavan;
74743;https://dadosabertos.camara.leg.br/api/v2/deputados/74743;LEOPOLDO BESSONE;Leopoldo Pacheco Bessone;
74857;https://dadosabertos.camara.leg.br/api/v2/deputados/74857;LIMA NETTO;Roberto Procópio de Lima Netto;
74630;https://dadosabertos.camara.leg.br/api/v2/deputados/74630;LUÍS EDUARDO;Luís Eduardo Maron de Magalhães;
74002;https://dadosabertos.camara.leg.br/api/v2/deputados/74002;LUIS ROBERTO PONTE;Luis Roberto Andrade Ponte;
74631;https://dadosabertos.camara.leg.br/api/v2/deputados/74631;LUIZ BRAGA;Luiz Fernando Luz Braga;
74774;https://dadosabertos.camara.leg.br/api/v2/deputados/74774;LUIZ BUAIZ;Luiz Buaiz;
67836;https://dadosabertos.camara.leg.br/api/v2/deputados/67836;LUIZ GUSHIKEN;Luiz Gushiken;
73878;https://dadosabertos.camara.leg.br/api/v2/deputados/73878;LUIZ HENRIQUE;Luiz Henrique da Silveira;
74135;https://dadosabertos.camara.leg.br/api/v2/deputados/74135;LUIZ MÁXIMO;Luiz Benedicto Máximo;
74204;https://dadosabertos.camara.leg.br/api/v2/deputados/74204;MAGNO BACELAR;Carlos Magno Duque Bacelar;
74859;https://dadosabertos.camara.leg.br/api/v2/deputados/74859;MARCIA CIBILIS VIANA;Marcia Maria D'Ávila Cibilis Viana;
74205;https://dadosabertos.camara.leg.br/api/v2/deputados/74205;MÁRCIA MARINHO;Márcia Regina Serejo Marinho;
73668;https://dadosabertos.camara.leg.br/api/v2/deputados/73668;MARCONI PERILLO;Marconi Ferreira Perillo Júnior;
74245;https://dadosabertos.camara.leg.br/api/v2/deputados/74245;MARCOS VINICIUS DE CAMPOS;Marcos Vinicius de Campos;
74837;https://dadosabertos.camara.leg.br/api/v2/deputados/74837;MARIA DA CONCEIÇÃO TAVARES;Maria da Conceição de Almeida Tavares;
73669;https://dadosabertos.camara.leg.br/api/v2/deputados/73669;MARIA VALADÃO;MARIA BAHIA PEIXOTO VALADÃO;
73759;https://dadosabertos.camara.leg.br/api/v2/deputados/73759;MARILU GUIMARÃES;Marilu Segatto Guimarães;
73879;https://dadosabertos.camara.leg.br/api/v2/deputados/73879;MÁRIO CAVALLAZZI;Mário Roberto Cavallazzi;
74114;https://dadosabertos.camara.leg.br/api/v2/deputados/74114;MÁRIO MARTINS;Mário Martins;
73549;https://dadosabertos.camara.leg.br/api/v2/deputados/73549;MARQUINHO CHEDID;Marco Antonio Nassif Abi Chedid;
73550;https://dadosabertos.camara.leg.br/api/v2/deputados/73550;MARTA SUPLICY;Marta Teresa Suplicy;
73903;https://dadosabertos.camara.leg.br/api/v2/deputados/73903;MATHEUS SCHMIDT;Matheus José Schmidt Filho;
74183;https://dadosabertos.camara.leg.br/api/v2/deputados/74183;MAURI SÉRGIO;MAURI SERGIO MOURA DE OLIVEIRA;
74748;https://dadosabertos.camara.leg.br/api/v2/deputados/74748;MAURÍCIO CAMPOS;Maurício de Freitas Teixeira Campos;
73551;https://dadosabertos.camara.leg.br/api/v2/deputados/73551;MAURICIO NAJAR;Mauricio Nagib Najar;
73779;https://dadosabertos.camara.leg.br/api/v2/deputados/73779;MAURICIO REQUIÃO;Mauricio Requião de Mello e Silva;
74015;https://dadosabertos.camara.leg.br/api/v2/deputados/74015;MELQUÍADES NETO;Francisco Melquíades Neto;
74249;https://dadosabertos.camara.leg.br/api/v2/deputados/74249;MESSIAS GÓIS;Manoel Messias Góis;
73905;https://dadosabertos.camara.leg.br/api/v2/deputados/73905;MIGUEL ROSSETTO;Miguel Soldatelli Rossetto;
73880;https://dadosabertos.camara.leg.br/api/v2/deputados/73880;MILTON MENDES;MILTON MENDES DE OLIVEIRA;
74522;https://dadosabertos.camara.leg.br/api/v2/deputados/74522;MOACYR ANDRADE;Moacyr Lopes de Andrade;
74129;https://dadosabertos.camara.leg.br/api/v2/deputados/74129;MOISÉS BENNESBY;Moisés Bennesby;
74067;https://dadosabertos.camara.leg.br/api/v2/deputados/74067;MURILO PINHEIRO;Murilo Agostinho Pinheiro;
74013;https://dadosabertos.camara.leg.br/api/v2/deputados/74013;NAN SOUZA;ELEOTERIO NAN SOUZA;
67105;https://dadosabertos.camara.leg.br/api/v2/deputados/67105;NEDSON MICHELETI;Nedson Luiz Micheleti;
74219;https://dadosabertos.camara.leg.br/api/v2/deputados/74219;NEIF JABUR;José Neif Jabur;
74636;https://dadosabertos.camara.leg.br/api/v2/deputados/74636;NESTOR DUARTE;NESTOR DUARTE GUIMARÃES NETO;
73881;https://dadosabertos.camara.leg.br/api/v2/deputados/73881;NEUTO DE CONTO;Neuto Fausto De Conto;
74429;https://dadosabertos.camara.leg.br/api/v2/deputados/74429;NILSON GIBSON;NILSON ALFREDO GIBSON DUARTE RODRIGUES;
73417;https://dadosabertos.camara.leg.br/api/v2/deputados/73417;NILTON CERQUEIRA;NILTON DE ALBUQUERQUE CERQUEIRA;
73418;https://dadosabertos.camara.leg.br/api/v2/deputados/73418;NOEL DE OLIVEIRA;NOEL DE OLIVEIRA;
74236;https://dadosabertos.camara.leg.br/api/v2/deputados/74236;OCTÁVIO ELÍSIO;Octávio Elísio Alves de Brito;
73908;https://dadosabertos.camara.leg.br/api/v2/deputados/73908;ODACIR KLEIN;ODACIR KLEIN;
74251;https://dadosabertos.camara.leg.br/api/v2/deputados/74251;ODAISA FERNANDES;ODAISA FERNANDES FERREIRA;
74009;https://dadosabertos.camara.leg.br/api/v2/deputados/74009;ODIR ROCHA;Manoel Odir Rocha;
74081;https://dadosabertos.camara.leg.br/api/v2/deputados/74081;OLÁVIO ROCHA;Olávio Silva Rocha;
73670;https://dadosabertos.camara.leg.br/api/v2/deputados/73670;ORCINO GONÇALVES;Orcino Gonçalves da Silva;
73762;https://dadosabertos.camara.leg.br/api/v2/deputados/73762;OSCAR GOLDONI;OSCAR GOLDONI;
74117;https://dadosabertos.camara.leg.br/api/v2/deputados/74117;OSMAR LEITÃO;OSMAR LEITÃO ROSA;
74107;https://dadosabertos.camara.leg.br/api/v2/deputados/74107;OSMIR LIMA;Osmir D'Albuquerque Lima Filho;
74302;https://dadosabertos.camara.leg.br/api/v2/deputados/74302;PAES DE ANDRADE;ANTONIO PAES DE ANDRADE;
73785;https://dadosabertos.camara.leg.br/api/v2/deputados/73785;PAULO CORDEIRO;Paulo Roberto Cordeiro;
74755;https://dadosabertos.camara.leg.br/api/v2/deputados/74755;PAULO HESLANDER;Paulo Heslander Couto;
74239;https://dadosabertos.camara.leg.br/api/v2/deputados/74239;PAULO LUSTOSA;Paulo de Tarso Lustosa da Costa;
74228;https://dadosabertos.camara.leg.br/api/v2/deputados/74228;PAULO NASCIMENTO;Paulo Américo de Oliveira Nascimento;
73911;https://dadosabertos.camara.leg.br/api/v2/deputados/73911;PAULO RITZEL;Paulo Artur Ritzel;
74083;https://dadosabertos.camara.leg.br/api/v2/deputados/74083;PAULO TITAN;Paulo Sérgio Rodrigues Titan;
73671;https://dadosabertos.camara.leg.br/api/v2/deputados/73671;PEDRINHO ABRÃO;Pedro Abrão Júnior;
74115;https://dadosabertos.camara.leg.br/api/v2/deputados/74115;PEDRO YVES;Pedro Yves Simão;
74025;https://dadosabertos.camara.leg.br/api/v2/deputados/74025;RAIMUNDO BEZERRA;Raimundo Coêlho Bezerra de Farias;
74068;https://dadosabertos.camara.leg.br/api/v2/deputados/74068;RAQUEL CAPIBERIBE;Raquel Capiberibe da Silva;
74757;https://dadosabertos.camara.leg.br/api/v2/deputados/74757;RAUL BELÉM;Raul Décio de Belém Miguel;
74130;https://dadosabertos.camara.leg.br/api/v2/deputados/74130;REGINA LINO;Regina Amélia D'Alencar Lino Coelho;
73988;https://dadosabertos.camara.leg.br/api/v2/deputados/73988;RENAN KURTZ;Carlos Renan Kurtz;
73787;https://dadosabertos.camara.leg.br/api/v2/deputados/73787;RENATO JOHNSSON;Renato Antonio Johnsson;
73789;https://dadosabertos.camara.leg.br/api/v2/deputados/73789;RICARDO GOMYDE;RICARDO CRACHINESKI GOMYDE;
74003;https://dadosabertos.camara.leg.br/api/v2/deputados/74003;RICARDO HERÁCLIO;Francisco Ricardo Heráclio do Rego;
74012;https://dadosabertos.camara.leg.br/api/v2/deputados/74012;RIVALDO MACARI;Rivaldo Antonio Macari;
73419;https://dadosabertos.camara.leg.br/api/v2/deputados/73419;ROBERTO CAMPOS;Roberto de Oliveira Campos;
74432;https://dadosabertos.camara.leg.br/api/v2/deputados/74432;ROBERTO FONTES;Carlos Roberto Guerra Fontes;
73649;https://dadosabertos.camara.leg.br/api/v2/deputados/73649;ROBERTO FRANÇA;Roberto França Auad;
74413;https://dadosabertos.camara.leg.br/api/v2/deputados/74413;ROBERTO PAULINO;ANTONIO ROBERTO DE SOUSA PAULINO;
74639;https://dadosabertos.camara.leg.br/api/v2/deputados/74639;ROBERTO SANTOS;Roberto Figueira Santos;
74826;https://dadosabertos.camara.leg.br/api/v2/deputados/74826;ROBERTO VALADÃO;ROBERTO VALADÃO ALMOKDICE;
74234;https://dadosabertos.camara.leg.br/api/v2/deputados/74234;ROBSON ROMERO;Robson Romero de Oliveira;
73650;https://dadosabertos.camara.leg.br/api/v2/deputados/73650;RODRIGUES PALMA;MANOEL ANTONIO RODRIGUES PALMA;
73675;https://dadosabertos.camara.leg.br/api/v2/deputados/73675;RUBENS COSAC;Rubens Edreira Cosac;
74761;https://dadosabertos.camara.leg.br/api/v2/deputados/74761;SANDRA STARLING;Sandra Meira Starling;
73763;https://dadosabertos.camara.leg.br/api/v2/deputados/73763;SAULO QUEIROZ;SAULO GARCIA QUEIRÓZ;
73423;https://dadosabertos.camara.leg.br/api/v2/deputados/73423;SERGIO AROUCA;Antonio Sergio da Silva Arouca;
74764;https://dadosabertos.camara.leg.br/api/v2/deputados/74764;SÉRGIO NAYA;Sérgio Augusto Naya;
74178;https://dadosabertos.camara.leg.br/api/v2/deputados/74178;SILVERNANI SANTOS;Silvernani César dos Santos;
74766;https://dadosabertos.camara.leg.br/api/v2/deputados/74766;SÍLVIO ABREU;Silvio de Andrade Abreu Júnior;
74229;https://dadosabertos.camara.leg.br/api/v2/deputados/74229;SILVIO PESSOA;Silvio Pessoa de Carvalho;
74642;https://dadosabertos.camara.leg.br/api/v2/deputados/74642;SIMARA ELLERY;Simara Nogueira Ellery;
74827;https://dadosabertos.camara.leg.br/api/v2/deputados/74827;THEODORICO FERRAÇO;Theodorico de Assis Ferraço;
73562;https://dadosabertos.camara.leg.br/api/v2/deputados/73562;TUGA ANGERAMI;José Gualberto Tuga Martins Angerami;
74643;https://dadosabertos.camara.leg.br/api/v2/deputados/74643;UBALDINO JÚNIOR;José Ubaldino Alves Pinto Júnior;
74086;https://dadosabertos.camara.leg.br/api/v2/deputados/74086;UBALDO CORRÊA;Ubaldo Campos Corrêa;
74123;https://dadosabertos.camara.leg.br/api/v2/deputados/74123;ULYSSES GABOARDI;Ulysses Gaboardi Filho;
73563;https://dadosabertos.camara.leg.br/api/v2/deputados/73563;USHITARO KAMIA;Ushitaro Kamia;
73425;https://dadosabertos.camara.leg.br/api/v2/deputados/73425;VANESSA FELIPPE;VANESSA POYARES TUFFY FELIPPE;
74437;https://dadosabertos.camara.leg.br/api/v2/deputados/74437;VICENTE ANDRÉ GOMES;Vicente Manuel Leite André Gomes;
73791;https://dadosabertos.camara.leg.br/api/v2/deputados/73791;VILSON SANTINI;Vilson Santini;
74019;https://dadosabertos.camara.leg.br/api/v2/deputados/74019;VIRMONDES CRUVINEL;Virmondes Borges Cruvinel;
74331;https://dadosabertos.camara.leg.br/api/v2/deputados/74331;VITURIANO DE ABREU;Antonio Vituriano de Abreu;
74132;https://dadosabertos.camara.leg.br/api/v2/deputados/74132;WAGNER DO NASCIMENTO;Wagner do Nascimento;
74104;https://dadosabertos.camara.leg.br/api/v2/deputados/74104;WALDIR DIAS;Waldir Ribeiro Dias;
73644;https://dadosabertos.camara.leg.br/api/v2/deputados/73644;WELSON GASPARINI;WELSON GASPARINI;
73995;https://dadosabertos.camara.leg.br/api/v2/deputados/73995;WILSON BRANCO;Wilson Mattos Branco;
74438;https://dadosabertos.camara.leg.br/api/v2/deputados/74438;WILSON CAMPOS;Wilson de Queiroz Campos;
74531;https://dadosabertos.camara.leg.br/api/v2/deputados/74531;WILSON CUNHA;José Wilson da Cunha;
74118;https://dadosabertos.camara.leg.br/api/v2/deputados/74118;WILSON LEITE PASSOS;WILSON LEITE PASSOS;
73957;https://dadosabertos.camara.leg.br/api/v2/deputados/73957;ADILSON MALUF;Adilson Benedito Maluf;
73694;https://dadosabertos.camara.leg.br/api/v2/deputados/73694;AGOSTINHO VALENTE;Agostinho César Valente;
133990;https://dadosabertos.camara.leg.br/api/v2/deputados/133990;AIRTON SANDOVAL;Airton Sandoval Santana;
133939;https://dadosabertos.camara.leg.br/api/v2/deputados/133939;ALACID NUNES;Alacid da Silva Nunes;
133898;https://dadosabertos.camara.leg.br/api/v2/deputados/133898;ALANO DE FREITAS;Eugenio Alano Machado de Freitas;
73695;https://dadosabertos.camara.leg.br/api/v2/deputados/73695;ALBERTO HADDAD;Alberto Felipe Haddad Filho;
133876;https://dadosabertos.camara.leg.br/api/v2/deputados/133876;ALDO PINTO;Aldo Pinto da Silva;
133875;https://dadosabertos.camara.leg.br/api/v2/deputados/133875;ALEXANDRE PUZYNA;Alexandre Passos Puzyna;
133988;https://dadosabertos.camara.leg.br/api/v2/deputados/133988;ALOÍSIO VASCONCELOS;Aloísio Marcos Vasconcelos Novais;
133958;https://dadosabertos.camara.leg.br/api/v2/deputados/133958;ALUIZIO ALVES;Aluizio Alves;
73950;https://dadosabertos.camara.leg.br/api/v2/deputados/73950;ÁLVARO PEREIRA;Álvaro Rodrigues Pereira;
73968;https://dadosabertos.camara.leg.br/api/v2/deputados/73968;AMAURI MENEGUETTI;Amauri Meneguetti;
133852;https://dadosabertos.camara.leg.br/api/v2/deputados/133852;AMAURY MULLER;Amaury Muller;
133978;https://dadosabertos.camara.leg.br/api/v2/deputados/133978;ÂNGELO MAGALHÃES;Ângelo Mário Peixoto de Magalhães;
133894;https://dadosabertos.camara.leg.br/api/v2/deputados/133894;ANNIBAL TEIXEIRA;Aníbal Teixeira de Souza;
73970;https://dadosabertos.camara.leg.br/api/v2/deputados/73970;ANTENOR FERRARI;Antenor Ferrari;
73631;https://dadosabertos.camara.leg.br/api/v2/deputados/73631;ANTONIO BÁRBARA;Antonio Paula de Souza da Bárbara;
65988;https://dadosabertos.camara.leg.br/api/v2/deputados/65988;ANTÔNIO BRITTO;Antônio Britto Filho;
133868;https://dadosabertos.camara.leg.br/api/v2/deputados/133868;ANTÔNIO DE JESUS;Antônio Jesus Dias;
73697;https://dadosabertos.camara.leg.br/api/v2/deputados/73697;ANTONIO HOLANDA;Antonio Holanda Costa;
133897;https://dadosabertos.camara.leg.br/api/v2/deputados/133897;ANTONIO MORIMOTO;Antonio Morimoto;
73958;https://dadosabertos.camara.leg.br/api/v2/deputados/73958;APARÍCIO CARVALHO;Aparício Carvalho de Moraes;
133902;https://dadosabertos.camara.leg.br/api/v2/deputados/133902;ARMANDO PINHEIRO;Armando Souza Pinheiro;
73698;https://dadosabertos.camara.leg.br/api/v2/deputados/73698;ARMANDO VIOLA;Armando Batista Viola;
133996;https://dadosabertos.camara.leg.br/api/v2/deputados/133996;ARNO MAGARINOS;Arno Magarinos;
73699;https://dadosabertos.camara.leg.br/api/v2/deputados/73699;AROLDO GÓES;Aroldo da Graça Souza Góes;
73503;https://dadosabertos.camara.leg.br/api/v2/deputados/73503;ARTUR DA TÁVOLA;Paulo Alberto Artur da Távola Moretzsohn Monteiro de Barros;
73971;https://dadosabertos.camara.leg.br/api/v2/deputados/73971;AURÉLIO CARDOSO;Aurélio Cardoso dos Santos;
73634;https://dadosabertos.camara.leg.br/api/v2/deputados/73634;AVELINO COSTA;Avelino Costa;
73700;https://dadosabertos.camara.leg.br/api/v2/deputados/73700;AVENIR ROSA;AVENIR ANGELO ROSA FILHO;
133942;https://dadosabertos.camara.leg.br/api/v2/deputados/133942;BENEDITO DE FIGUEIREDO;Benedito de Figueiredo;
73814;https://dadosabertos.camara.leg.br/api/v2/deputados/73814;BERALDO BOAVENTURA;Beraldo Alves Boaventura Neto;
133866;https://dadosabertos.camara.leg.br/api/v2/deputados/133866;BETH AZIZE;Elizabeth Azize;
133846;https://dadosabertos.camara.leg.br/api/v2/deputados/133846;BOCAYUVA CUNHA;Luiz Fernando Bocayuva Cunha;
133961;https://dadosabertos.camara.leg.br/api/v2/deputados/133961;BRANDÃO MONTEIRO;José Carlos Brandão Monteiro;
133895;https://dadosabertos.camara.leg.br/api/v2/deputados/133895;CALDAS RODRIGUES;Francisco Pereira de Caldas Rodrigues;
73866;https://dadosabertos.camara.leg.br/api/v2/deputados/73866;CAMILO MACHADO;Camilo Machado de Miranda;
133910;https://dadosabertos.camara.leg.br/api/v2/deputados/133910;CARDOSO ALVES;Roberto Cardoso Alves;
133899;https://dadosabertos.camara.leg.br/api/v2/deputados/133899;CARLOS ALBUQUERQUE;Carlos Augusto de Oliveira de Albuquerque;
73641;https://dadosabertos.camara.leg.br/api/v2/deputados/73641;CARLOS AZAMBUJA;Carlos Sá Azambuja;
73702;https://dadosabertos.camara.leg.br/api/v2/deputados/73702;CARLOS BENEVIDES;Carlos Eduardo Benevides Neto;
73637;https://dadosabertos.camara.leg.br/api/v2/deputados/73637;CARLOS KAYATH;CARLOS JEHÁ KAYATH;
73638;https://dadosabertos.camara.leg.br/api/v2/deputados/73638;CARLOS LUPI;Carlos Roberto Lupi;
73639;https://dadosabertos.camara.leg.br/api/v2/deputados/73639;CARLOS ROBERTO MASSA;Carlos Roberto Massa;
133916;https://dadosabertos.camara.leg.br/api/v2/deputados/133916;CARLOS SANT'ANNA;Carlos Corrêa de Menezes Sant'anna;
73640;https://dadosabertos.camara.leg.br/api/v2/deputados/73640;CARLOS SCARPELINI;Carlos Roberto Scarpelini;
133906;https://dadosabertos.camara.leg.br/api/v2/deputados/133906;CARLOS VIRGÍLIO;Carlos Virgílio Augusto de Moraes Távora;
133877;https://dadosabertos.camara.leg.br/api/v2/deputados/133877;CARRION JÚNIOR;Francisco Machado Carrion Júnior;
133971;https://dadosabertos.camara.leg.br/api/v2/deputados/133971;CÉLIO DE CASTRO;Célio de Castro;
133997;https://dadosabertos.camara.leg.br/api/v2/deputados/133997;CELSO BERNARDI;Celso Bernardi;
73964;https://dadosabertos.camara.leg.br/api/v2/deputados/73964;CELSO SOARES;Celso Souza Soares;
133907;https://dadosabertos.camara.leg.br/api/v2/deputados/133907;CÉSAR CALS NETO;César Cals de Oliveira Neto;
133987;https://dadosabertos.camara.leg.br/api/v2/deputados/133987;CESAR MAIA;Cesar Epitácio Maia;
73955;https://dadosabertos.camara.leg.br/api/v2/deputados/73955;CHAFIC FARHAT;Chafic Wady Farhat;
133991;https://dadosabertos.camara.leg.br/api/v2/deputados/133991;CHICO AMARAL;Francisco Chico Amaral;
133847;https://dadosabertos.camara.leg.br/api/v2/deputados/133847;CHRISTOVAM CHIARADIA;Christovam Chiaradia;
133995;https://dadosabertos.camara.leg.br/api/v2/deputados/133995;CID CARVALHO;Cid Rojas Américo de Carvalho;
133957;https://dadosabertos.camara.leg.br/api/v2/deputados/133957;CIRO NOGUEIRA;Ciro Nogueira Lima;
73813;https://dadosabertos.camara.leg.br/api/v2/deputados/73813;CLETO FALCÃO;William Cleto Falcão de Alencar;
73721;https://dadosabertos.camara.leg.br/api/v2/deputados/73721;CLOVIS ASSIS;Clovis Raimundo Gomes de Assis;
133900;https://dadosabertos.camara.leg.br/api/v2/deputados/133900;CYRO GARCIA;CYRO GARCIA;
73703;https://dadosabertos.camara.leg.br/api/v2/deputados/73703;DANIEL SILVA;Daniel Silva Alves;
73722;https://dadosabertos.camara.leg.br/api/v2/deputados/73722;DELCINO TAVARES;Delcino Tavares da Silva;
133989;https://dadosabertos.camara.leg.br/api/v2/deputados/133989;DÉLIO BRAZ;Délio José Braz;
73952;https://dadosabertos.camara.leg.br/api/v2/deputados/73952;DENI SCHWARTZ;Deni Lineu Schwartz;
133885;https://dadosabertos.camara.leg.br/api/v2/deputados/133885;DIOGO NOMURA;Diogo Nomura;
133856;https://dadosabertos.camara.leg.br/api/v2/deputados/133856;DJENAL GONÇALVES;DJENAL GONÇALVES SOARES;
133993;https://dadosabertos.camara.leg.br/api/v2/deputados/133993;DOMINGOS JUVENIL;Domingos Juvenil Nunes de Sousa;
133952;https://dadosabertos.camara.leg.br/api/v2/deputados/133952;ÉDEN PEDROSO;Éden José Rodrigues Pedroso;
133983;https://dadosabertos.camara.leg.br/api/v2/deputados/133983;EDÉSIO FRIAS;Edésio Frias de Araújo;
73724;https://dadosabertos.camara.leg.br/api/v2/deputados/73724;EDÉSIO PASSOS;Edésio Franco Passos;
73725;https://dadosabertos.camara.leg.br/api/v2/deputados/73725;EDEVALDO ALVES DA SILVA;Edevaldo Alves da Silva;
73705;https://dadosabertos.camara.leg.br/api/v2/deputados/73705;EDI SILIPRANDI;EDI SILIPRANDI;
133901;https://dadosabertos.camara.leg.br/api/v2/deputados/133901;EDINHO FERRAMENTA;Edson de Oliveira Cunha;
73726;https://dadosabertos.camara.leg.br/api/v2/deputados/73726;EDISON FIDELIS;Edison Fidelis de Souza;
133851;https://dadosabertos.camara.leg.br/api/v2/deputados/133851;EDIVALDO MOTTA;Edivaldo Fernandes Motta;
133917;https://dadosabertos.camara.leg.br/api/v2/deputados/133917;EDUARDO BRAGA;Carlos Eduardo de Souza Braga;
73727;https://dadosabertos.camara.leg.br/api/v2/deputados/73727;EDUARDO MATIAS;Eduardo Costa Matias da Paz;
133911;https://dadosabertos.camara.leg.br/api/v2/deputados/133911;EDUARDO MOREIRA;Eduardo Pinho Moreira;
133972;https://dadosabertos.camara.leg.br/api/v2/deputados/133972;EDUARDO SIQUEIRA CAMPOS;José Eduardo Siqueira Campos;
133844;https://dadosabertos.camara.leg.br/api/v2/deputados/133844;ELIEL RODRIGUES;Eliel Rodrigues;
73706;https://dadosabertos.camara.leg.br/api/v2/deputados/73706;ÉLIO DALLA-VECCHIA;Élio Antonio Dalla Vecchia;
77656;https://dadosabertos.camara.leg.br/api/v2/deputados/77656;ENÉAS FARIA;Enéas Eugênio Pereira Faria;
133927;https://dadosabertos.camara.leg.br/api/v2/deputados/133927;ERNANI VIANA;Ernani de Queiroz Viana;
73729;https://dadosabertos.camara.leg.br/api/v2/deputados/73729;ERNESTO GRADELLA;Ernesto Gradella Neto;
65468;https://dadosabertos.camara.leg.br/api/v2/deputados/65468;ERVIN BONKOSKI;Ervin Bonkoski;
133840;https://dadosabertos.camara.leg.br/api/v2/deputados/133840;ETEVALDO NOGUEIRA;Etevaldo Nogueira Lima;
73824;https://dadosabertos.camara.leg.br/api/v2/deputados/73824;EUCLYDES MELLO;Euclydes Affonso de Mello Neto;
133973;https://dadosabertos.camara.leg.br/api/v2/deputados/133973;EURICO RIBEIRO;Eurico Bartolomeu Ribeiro;
133892;https://dadosabertos.camara.leg.br/api/v2/deputados/133892;EURIDES BRITO;Eurides Brito da Silva;
133858;https://dadosabertos.camara.leg.br/api/v2/deputados/133858;EVALDO GONÇALVES;Evaldo Gonçalves de Queiroz;
73712;https://dadosabertos.camara.leg.br/api/v2/deputados/73712;EVERALDO DE OLIVEIRA;José Everaldo de Oliveira;
73959;https://dadosabertos.camara.leg.br/api/v2/deputados/73959;EXPEDITO RAFAEL;Expedito Rafael Góes de Siqueira;
133865;https://dadosabertos.camara.leg.br/api/v2/deputados/133865;ÉZIO FERREIRA;Ézio Ferreira de Souza;
73730;https://dadosabertos.camara.leg.br/api/v2/deputados/73730;FÁBIO MEIRELLES;Fábio de Salles Meirelles;
65472;https://dadosabertos.camara.leg.br/api/v2/deputados/65472;FÁBIO RAUNHEITTI;Fábio Raunheitti;
133872;https://dadosabertos.camara.leg.br/api/v2/deputados/133872;FAUSTO ROCHA;Fausto Auromir Lopes Rocha;
133918;https://dadosabertos.camara.leg.br/api/v2/deputados/133918;FELIPE NÉRI;Felipe Néri de Almeida;
133970;https://dadosabertos.camara.leg.br/api/v2/deputados/133970;FÉRES NADER;Féres Osrraia Nader;
133841;https://dadosabertos.camara.leg.br/api/v2/deputados/133841;FERNANDO BEZERRA COELHO;Fernando Bezerra de Souza Coelho;
133950;https://dadosabertos.camara.leg.br/api/v2/deputados/133950;FERNANDO CARRION;Fernando da Silva Machado Carrion;
73732;https://dadosabertos.camara.leg.br/api/v2/deputados/73732;FERNANDO FREIRE;Fernando Antonio da Câmara Freire;
65475;https://dadosabertos.camara.leg.br/api/v2/deputados/65475;FLÁVIO ROCHA;Flávio Gurgel Rocha;
133873;https://dadosabertos.camara.leg.br/api/v2/deputados/133873;FLORESTAN FERNANDES;Florestan Fernandes;
133925;https://dadosabertos.camara.leg.br/api/v2/deputados/133925;FRANCISCO EVANGELISTA;Francisco Evangelista de Freitas;
133964;https://dadosabertos.camara.leg.br/api/v2/deputados/133964;GASTONE RIGHI;Gastone Righi Cuoghi;
133979;https://dadosabertos.camara.leg.br/api/v2/deputados/133979;GENEBALDO CORREIA;GENEBALDO SOUZA CORREIA;
133929;https://dadosabertos.camara.leg.br/api/v2/deputados/133929;GEORGE TAKIMOTO;George Takimoto;
65480;https://dadosabertos.camara.leg.br/api/v2/deputados/65480;GERALDO ALCKMIN FILHO;Geraldo José Rodrigues Alckmin Filho;
133920;https://dadosabertos.camara.leg.br/api/v2/deputados/133920;GETÚLIO NEIVA;Getúlio Afonso Porto Neiva;
73972;https://dadosabertos.camara.leg.br/api/v2/deputados/73972;GILBERTO MOSMANN;Gilberto Mosmann;
133842;https://dadosabertos.camara.leg.br/api/v2/deputados/133842;GILSON MACHADO;Gilson Machado Guimarães Filho;
73815;https://dadosabertos.camara.leg.br/api/v2/deputados/73815;GILVAM BORGES;Gilvam Pinheiro Borges;
73707;https://dadosabertos.camara.leg.br/api/v2/deputados/73707;GUSTAVO KRAUSE;Gustavo Krause Gonçalves Sobrinho;
73819;https://dadosabertos.camara.leg.br/api/v2/deputados/73819;HAGAHÚS ARAÚJO;Hagahús Araújo e Silva;
73738;https://dadosabertos.camara.leg.br/api/v2/deputados/73738;HALEY MARGON;Haley Margon Vaz;
73739;https://dadosabertos.camara.leg.br/api/v2/deputados/73739;HEITOR FRANCO;Heitor Franco de Oliveira;
73960;https://dadosabertos.camara.leg.br/api/v2/deputados/73960;HELIO FELTES;Helio Feltes;
73953;https://dadosabertos.camara.leg.br/api/v2/deputados/73953;HELVECIO CASTELLO;Helvecio Duia Castello;
73740;https://dadosabertos.camara.leg.br/api/v2/deputados/73740;HERMÍNIO CALVINHO;Hermínio Calvinho Filho;
73708;https://dadosabertos.camara.leg.br/api/v2/deputados/73708;HILÁRIO BRAUN;Hilário Braun;
73974;https://dadosabertos.camara.leg.br/api/v2/deputados/73974;HUMBERTO PARRO;Humberto Carlos Parro;
73741;https://dadosabertos.camara.leg.br/api/v2/deputados/73741;IRANI BARBOSA;Irani Vieira Barbosa;
133915;https://dadosabertos.camara.leg.br/api/v2/deputados/133915;IRMA PASSONI;Irma Rossetto Passoni;
73954;https://dadosabertos.camara.leg.br/api/v2/deputados/73954;ITSUO TAKAYAMA;Itsuo Takayama;
73709;https://dadosabertos.camara.leg.br/api/v2/deputados/73709;IVAN BURITY;Ivan Burity de Almeida;
133959;https://dadosabertos.camara.leg.br/api/v2/deputados/133959;JABES RABELO;Jabes Pinto Rabelo;
73742;https://dadosabertos.camara.leg.br/api/v2/deputados/73742;JABES RIBEIRO;Jabes Souza Ribeiro;
133954;https://dadosabertos.camara.leg.br/api/v2/deputados/133954;JARVIS GAIDZINSKI;Jarvis Gaidzinski;
73967;https://dadosabertos.camara.leg.br/api/v2/deputados/73967;JÁZER MENEZES;Jázer Menezes Bezerra;
133862;https://dadosabertos.camara.leg.br/api/v2/deputados/133862;JESUS TAJRA;Jesus Elias Tajra;
133980;https://dadosabertos.camara.leg.br/api/v2/deputados/133980;JOÃO ALVES;João Alves de Almeida;
133891;https://dadosabertos.camara.leg.br/api/v2/deputados/133891;JOÃO BAPTISTA MOTTA;João Baptista da Motta;
73962;https://dadosabertos.camara.leg.br/api/v2/deputados/73962;JOÃO CEZAR;João Cezar Moraes;
133863;https://dadosabertos.camara.leg.br/api/v2/deputados/133863;JOÃO DE DEUS ANTUNES;João de Deus Antunes;
133881;https://dadosabertos.camara.leg.br/api/v2/deputados/133881;JOÃO FAGUNDES;João Batista da Silva Fagundes;
133969;https://dadosabertos.camara.leg.br/api/v2/deputados/133969;JOÃO PAULO;João Paulo Pires de Vasconcellos;
133935;https://dadosabertos.camara.leg.br/api/v2/deputados/133935;JOÃO RODOLFO;João Rodolfo Ribeiro Gonçalves;
133921;https://dadosabertos.camara.leg.br/api/v2/deputados/133921;JOÃO ROSA;João Batista Rosa;
73744;https://dadosabertos.camara.leg.br/api/v2/deputados/73744;JOÃO TEIXEIRA;João Batista Teixeira Santos;
133857;https://dadosabertos.camara.leg.br/api/v2/deputados/133857;JOAQUIM SUCENA;Joaquim Sucena Rasga;
73710;https://dadosabertos.camara.leg.br/api/v2/deputados/73710;JONAS PINHEIRO;Jonas Pinheiro da Silva;
133974;https://dadosabertos.camara.leg.br/api/v2/deputados/133974;JONES SANTOS NEVES;Jones Santos Neves Filho;
73747;https://dadosabertos.camara.leg.br/api/v2/deputados/73747;JONI VARISCO;Joni Paulo Varisco;
133854;https://dadosabertos.camara.leg.br/api/v2/deputados/133854;JORGE UEQUED;Feres Jorge Rocha e Silva Uequed;
133933;https://dadosabertos.camara.leg.br/api/v2/deputados/133933;JÓRIO DE BARROS;JÓRIO DE BARROS CARNEIRO;
73711;https://dadosabertos.camara.leg.br/api/v2/deputados/73711;JOSÉ ABRÃO;José Abrão;
133848;https://dadosabertos.camara.leg.br/api/v2/deputados/133848;JOSÉ ALDO;José Aldo dos Santos;
73749;https://dadosabertos.camara.leg.br/api/v2/deputados/73749;JOSÉ BELATO;José Adamo Belato;
133936;https://dadosabertos.camara.leg.br/api/v2/deputados/133936;JOSÉ BURNETT;José Ramalho Burnett da Silva;
133976;https://dadosabertos.camara.leg.br/api/v2/deputados/133976;JOSÉ CARLOS VASCONCELLOS;José Carlos de Moraes Vasconcellos;
73751;https://dadosabertos.camara.leg.br/api/v2/deputados/73751;JOSÉ CICOTE;José Cicote;
133940;https://dadosabertos.camara.leg.br/api/v2/deputados/133940;JOSÉ DIOGO;José Joaquim Diogo;
133867;https://dadosabertos.camara.leg.br/api/v2/deputados/133867;JOSÉ DUTRA;JOSÉ CARDOSO DUTRA;
133861;https://dadosabertos.camara.leg.br/api/v2/deputados/133861;JOSÉ ELIAS;José Elias Moreira;
133941;https://dadosabertos.camara.leg.br/api/v2/deputados/133941;JOSÉ FALCÃO;José Falcão da Silva;
73715;https://dadosabertos.camara.leg.br/api/v2/deputados/73715;JOSÉ FELINTO;José Severino Silva Felinto;
133981;https://dadosabertos.camara.leg.br/api/v2/deputados/133981;JOSÉ GERALDO;José Geraldo Ribeiro;
133914;https://dadosabertos.camara.leg.br/api/v2/deputados/133914;JOSÉ LUIZ MAIA;José Luiz Martins Maia;
133975;https://dadosabertos.camara.leg.br/api/v2/deputados/133975;JOSÉ MARANHÃO;José Targino Maranhão;
133839;https://dadosabertos.camara.leg.br/api/v2/deputados/133839;JOSÉ MARIA EYMAEL;JOSE MARIA EYMAEL;
133977;https://dadosabertos.camara.leg.br/api/v2/deputados/133977;JOSÉ MOURA;José Tavares de Moura Neto;
133782;https://dadosabertos.camara.leg.br/api/v2/deputados/133782;JOSÉ PENEDO;José Penedo Cavalcanti de Albuquerque;
65495;https://dadosabertos.camara.leg.br/api/v2/deputados/65495;JOSÉ SERRA;José Serra;
133962;https://dadosabertos.camara.leg.br/api/v2/deputados/133962;JOSÉ ULISSES DE OLIVEIRA;José Ulisses de Oliveira;
73756;https://dadosabertos.camara.leg.br/api/v2/deputados/73756;JOSÉ VICENTE BRIZOLA;José Vicente Goulart Brizola;
73975;https://dadosabertos.camara.leg.br/api/v2/deputados/73975;JOSÉ VIÉGAS;José Otávio Cabral Viégas;
73630;https://dadosabertos.camara.leg.br/api/v2/deputados/73630;JULIO CABRAL;Antonio Julio Bernardo Cabral;
73757;https://dadosabertos.camara.leg.br/api/v2/deputados/73757;JUNOT ABI-RAMIA;Junot Abi-ramia Antonio;
132146;https://dadosabertos.camara.leg.br/api/v2/deputados/132146;JURANDYR PAIXÃO;Jurandir da Paixão Campos Freire;
73869;https://dadosabertos.camara.leg.br/api/v2/deputados/73869;LAERTE BASTOS;Laerte Rezende Bastos;
133931;https://dadosabertos.camara.leg.br/api/v2/deputados/133931;LÁZARO BARBOSA;Lázaro Ferreira Barboza;
73826;https://dadosabertos.camara.leg.br/api/v2/deputados/73826;LÉZIO SATHLER;Lézio Gomes Sathler;
73754;https://dadosabertos.camara.leg.br/api/v2/deputados/73754;LIBERATO CABOCLO;JOSE LIBERATO FERREIRA CABOCLO;
73822;https://dadosabertos.camara.leg.br/api/v2/deputados/73822;LOURIVAL FREITAS;Lourival do Carmo de Freitas;
133937;https://dadosabertos.camara.leg.br/api/v2/deputados/133937;LUIZ GIRÃO;Luiz Prata Girão;
73717;https://dadosabertos.camara.leg.br/api/v2/deputados/73717;LUIZ PONTES;Luiz Alberto Vidal Pontes;
133870;https://dadosabertos.camara.leg.br/api/v2/deputados/133870;LUIZ SOYER;Luiz Alberto Soyer;
133922;https://dadosabertos.camara.leg.br/api/v2/deputados/133922;LUIZ TADEU LEITE;Luiz Tadeu Leite;
133967;https://dadosabertos.camara.leg.br/api/v2/deputados/133967;LUIZ VIANA NETO;Luiz Viana Neto;
133982;https://dadosabertos.camara.leg.br/api/v2/deputados/133982;LYSÂNEAS MACIEL;Lysâneas Dias Maciel;
133879;https://dadosabertos.camara.leg.br/api/v2/deputados/133879;MAGALHÃES TEIXEIRA;José Roberto Magalhães Teixeira;
73969;https://dadosabertos.camara.leg.br/api/v2/deputados/73969;MAKOTO IGUCHI;Makoto Iguchi;
73820;https://dadosabertos.camara.leg.br/api/v2/deputados/73820;MANOEL MONTENEGRO;Manoel Montenegro Neto;
73495;https://dadosabertos.camara.leg.br/api/v2/deputados/73495;MANOEL MOREIRA;MANOEL MOREIRA DE ARAUJO FILHO;
133994;https://dadosabertos.camara.leg.br/api/v2/deputados/133994;MANOEL RIBEIRO;Manoel Nazareth Sant'anna Ribeiro;
65459;https://dadosabertos.camara.leg.br/api/v2/deputados/65459;MANUEL VIANA;Manuel Francisco Viana Neto;
133887;https://dadosabertos.camara.leg.br/api/v2/deputados/133887;MARCELINO ROMANO MACHADO;Marcelino Romano Machado;
133880;https://dadosabertos.camara.leg.br/api/v2/deputados/133880;MARCELO LUZ;Marcelo de Souza Luz;
73719;https://dadosabertos.camara.leg.br/api/v2/deputados/73719;MARCO PENAFORTE;Marco Antonio de Holanda Penaforte;
67144;https://dadosabertos.camara.leg.br/api/v2/deputados/67144;MARCOS FORMIGA;Marcos César Formiga Ramos;
73796;https://dadosabertos.camara.leg.br/api/v2/deputados/73796;MARIA LUIZA FONTENELE;Maria Luiza Menezes Fontenele;
133893;https://dadosabertos.camara.leg.br/api/v2/deputados/133893;MARINO CLINGER;Marino Clinger Toledo Netto;
133963;https://dadosabertos.camara.leg.br/api/v2/deputados/133963;MÁRIO ASSAD;Mário Assad;
133889;https://dadosabertos.camara.leg.br/api/v2/deputados/133889;MARIO CHERMONT;Mario Moraes Chermont;
73976;https://dadosabertos.camara.leg.br/api/v2/deputados/73976;MARIO ROSADO;Mario Rosado;
133871;https://dadosabertos.camara.leg.br/api/v2/deputados/133871;MATHEUS IENSEN;Matheus Iensen;
133884;https://dadosabertos.camara.leg.br/api/v2/deputados/133884;MAURICI MARIANO;Maurici Mariano;
73839;https://dadosabertos.camara.leg.br/api/v2/deputados/73839;MAURÍCIO CALIXTO;Maurício Calixto da Cruz;
1535;https://dadosabertos.camara.leg.br/api/v2/deputados/1535;MAURO BORGES;Mauro Borges Teixeira;
73797;https://dadosabertos.camara.leg.br/api/v2/deputados/73797;MAURO MIRANDA;Mauro Miranda Soares;
133908;https://dadosabertos.camara.leg.br/api/v2/deputados/133908;MAURO SAMPAIO;José Mauro Castelo Branco Sampaio;
73818;https://dadosabertos.camara.leg.br/api/v2/deputados/73818;MAVIAEL CAVALCANTI;Maviael Francisco de Morais Cavalcanti;
133965;https://dadosabertos.camara.leg.br/api/v2/deputados/133965;MENDES BOTELHO;José Mendes Botelho;
133859;https://dadosabertos.camara.leg.br/api/v2/deputados/133859;MENDES RIBEIRO;Jorge Alberto Mendes Ribeiro;
133878;https://dadosabertos.camara.leg.br/api/v2/deputados/133878;MENDONÇA NETO;ANTONIO SATURNINO DE MENDONÇA NETO;
73840;https://dadosabertos.camara.leg.br/api/v2/deputados/73840;MERVAL PIMENTA;Merval Pimenta Amorim;
133984;https://dadosabertos.camara.leg.br/api/v2/deputados/133984;MESSIAS SOARES;Messias Soares da Silva;
73847;https://dadosabertos.camara.leg.br/api/v2/deputados/73847;MUNHOZ DA ROCHA;Paulo Munhoz da Rocha;
133883;https://dadosabertos.camara.leg.br/api/v2/deputados/133883;MURILO REZENDE;Murilo Ferreira de Rezende;
133869;https://dadosabertos.camara.leg.br/api/v2/deputados/133869;NAPHTALI ALVES DE SOUZA;Naphtali Alves de Souza;
73798;https://dadosabertos.camara.leg.br/api/v2/deputados/73798;NELSON JOBIM;Nelson Azevedo Jobim;
133882;https://dadosabertos.camara.leg.br/api/v2/deputados/133882;NELSON MORRO;Nelson Morro;
73965;https://dadosabertos.camara.leg.br/api/v2/deputados/73965;NELSON SEIXAS;Nelson de Carvalho Seixas;
133956;https://dadosabertos.camara.leg.br/api/v2/deputados/133956;NOBEL MOURA;Antonio Nobel Aires Moura;
133944;https://dadosabertos.camara.leg.br/api/v2/deputados/133944;ONAIREVES MOURA;Onaireves Nilo Rolim de Moura;
133909;https://dadosabertos.camara.leg.br/api/v2/deputados/133909;ORLANDO BEZERRA;Orlando Bezerra de Menezes;
133874;https://dadosabertos.camara.leg.br/api/v2/deputados/133874;ORLANDO PACHECO;Orlando Camilo Pacheco;
73821;https://dadosabertos.camara.leg.br/api/v2/deputados/73821;OSCAR TRAVASSOS;Oscar Cesar Ribeiro Travassos;
133932;https://dadosabertos.camara.leg.br/api/v2/deputados/133932;OSORIO SANTA CRUZ;Osorio Leão Santa Cruz;
133845;https://dadosabertos.camara.leg.br/api/v2/deputados/133845;OSVALDO BENDER;Osvaldo Afonso Bender;
133955;https://dadosabertos.camara.leg.br/api/v2/deputados/133955;OSVALDO MELO;Osvaldo Sampaio Melo;
73843;https://dadosabertos.camara.leg.br/api/v2/deputados/73843;OSWALDO STECCA;Oswaldo José Stecca;
133943;https://dadosabertos.camara.leg.br/api/v2/deputados/133943;OTTO CUNHA;OTTO SANTOS DA CUNHA;
73845;https://dadosabertos.camara.leg.br/api/v2/deputados/73845;PASCOAL NOVAES;PASCOAL NOVAIS CAYRES;
133923;https://dadosabertos.camara.leg.br/api/v2/deputados/133923;PAULINO CÍCERO DE VASCONCELOS;Paulino Cícero de Vasconcellos;
73961;https://dadosabertos.camara.leg.br/api/v2/deputados/73961;PAULO CASSUNDÉ;Paulo Amaro Maia Cassundé;
73846;https://dadosabertos.camara.leg.br/api/v2/deputados/73846;PAULO DUARTE;Paulo Alberto Duarte;
133934;https://dadosabertos.camara.leg.br/api/v2/deputados/133934;PAULO HARTUNG;Paulo César Hartung Gomes;
73849;https://dadosabertos.camara.leg.br/api/v2/deputados/73849;PAULO MANDARINO;Paulo Rubens Mandarino;
133904;https://dadosabertos.camara.leg.br/api/v2/deputados/133904;PAULO NOVAES;Paulo Dias Novaes;
73966;https://dadosabertos.camara.leg.br/api/v2/deputados/73966;PAULO PEREIRA;Paulo Pereira;
133947;https://dadosabertos.camara.leg.br/api/v2/deputados/133947;PAULO PORTUGAL;Paulo Roberto Duarte Portugal;
73870;https://dadosabertos.camara.leg.br/api/v2/deputados/73870;PAULO ROMANO;Paulo Afonso Romano;
73816;https://dadosabertos.camara.leg.br/api/v2/deputados/73816;PAULO SILVA;Paulo de Tarso Tavares Silva;
73850;https://dadosabertos.camara.leg.br/api/v2/deputados/73850;PEDRO PAVÃO;Pedro Pavão;
133849;https://dadosabertos.camara.leg.br/api/v2/deputados/133849;PEDRO TASSIS;Pedro Iwandyr de Tassis;
73799;https://dadosabertos.camara.leg.br/api/v2/deputados/73799;PEDRO TONELLI;Pedro Irno Tonelli;
73635;https://dadosabertos.camara.leg.br/api/v2/deputados/73635;PINGA FOGO DE OLIVEIRA;Benedito Cláudio Pinga Fogo de Oliveira;
65505;https://dadosabertos.camara.leg.br/api/v2/deputados/65505;PRATINI DE MORAES;Marcus Vinicius Pratini de Moraes;
133896;https://dadosabertos.camara.leg.br/api/v2/deputados/133896;RAMALHO LEITE;Severino Ramalho Leite;
133864;https://dadosabertos.camara.leg.br/api/v2/deputados/133864;RAQUEL CÂNDIDO;Raquel Cândido e Silva;
133953;https://dadosabertos.camara.leg.br/api/v2/deputados/133953;RAUL PONT;Raul Jorge Anglada Pont;
73851;https://dadosabertos.camara.leg.br/api/v2/deputados/73851;REDITÁRIO CASSOL;REDITÁRIO CASSOL;
73800;https://dadosabertos.camara.leg.br/api/v2/deputados/73800;REGINA GORDILHO;REGINA HELENA COSTA GORDILHO;
73830;https://dadosabertos.camara.leg.br/api/v2/deputados/73830;RIBEIRO TAVARES;José Rufino Ribeiro Tavares Bisneto;
73956;https://dadosabertos.camara.leg.br/api/v2/deputados/73956;RICARDO CORRÊA;RICARDO JOSE SANTA CECILIA CORREA;
73803;https://dadosabertos.camara.leg.br/api/v2/deputados/73803;RICARDO MORAES;Ricardo Moraes de Souza;
73802;https://dadosabertos.camara.leg.br/api/v2/deputados/73802;RICARDO MURAD;Ricardo Jorge Murad;
133926;https://dadosabertos.camara.leg.br/api/v2/deputados/133926;RIVALDO MEDEIROS;Rivaldo Nóbrega Medeiros;
73804;https://dadosabertos.camara.leg.br/api/v2/deputados/73804;ROBERTO FRANCA;Roberto Franca Filho;
133992;https://dadosabertos.camara.leg.br/api/v2/deputados/133992;ROBERTO ROLLEMBERG;Roberto Valle Rollemberg;
133913;https://dadosabertos.camara.leg.br/api/v2/deputados/133913;ROBERTO TORRES;Roberto Villar Torres;
73871;https://dadosabertos.camara.leg.br/api/v2/deputados/73871;ROBSON PAULINO;Robson de Souza Paulino;
133945;https://dadosabertos.camara.leg.br/api/v2/deputados/133945;ROMERO FILHO;Antonio Romero Filho;
73807;https://dadosabertos.camara.leg.br/api/v2/deputados/73807;RUBEN BENTO;Ruben da Silva Bento;
73963;https://dadosabertos.camara.leg.br/api/v2/deputados/73963;RUBENS LARA;Antonio Rubens Costa de Lara;
133912;https://dadosabertos.camara.leg.br/api/v2/deputados/133912;RUBERVAL PILOTTO;Ruberval Francisco Pilotto;
133946;https://dadosabertos.camara.leg.br/api/v2/deputados/133946;SAID FERREIRA;Said Felício Ferreira;
133924;https://dadosabertos.camara.leg.br/api/v2/deputados/133924;SAMIR TANNÚS;Samir Tannús;
133986;https://dadosabertos.camara.leg.br/api/v2/deputados/133986;SANDRA CAVALCANTI;Sandra Martins Cavalcanti;
133948;https://dadosabertos.camara.leg.br/api/v2/deputados/133948;SEBASTIÃO FERREIRA;Sebastião Ferreira Silva;
73973;https://dadosabertos.camara.leg.br/api/v2/deputados/73973;SÉRGIO CARMINATO;Augusto Sérgio Carminato;
73855;https://dadosabertos.camara.leg.br/api/v2/deputados/73855;SERGIO CURY;SERGIO ROBERTO PACHECO CURY;
133905;https://dadosabertos.camara.leg.br/api/v2/deputados/133905;SÉRGIO FERRARA;Sérgio Mário Ferrara;
133949;https://dadosabertos.camara.leg.br/api/v2/deputados/133949;SERGIO GAUDENZI;Sergio Mauricio Brito Gaudenzi;
73755;https://dadosabertos.camara.leg.br/api/v2/deputados/73755;SÉRGIO MACHADO;José Sérgio de Oliveira Machado;
73510;https://dadosabertos.camara.leg.br/api/v2/deputados/73510;SÉRGIO SPADA;Sérgio Spada;
73856;https://dadosabertos.camara.leg.br/api/v2/deputados/73856;SIDNEY DE MIGUEL;Sidney de Miguel;
133966;https://dadosabertos.camara.leg.br/api/v2/deputados/133966;SOLON BORGES DOS REIS;Sólon Borges dos Reis;
133886;https://dadosabertos.camara.leg.br/api/v2/deputados/133886;TADASHI KURIKI;Tadashi Kuriki;
133919;https://dadosabertos.camara.leg.br/api/v2/deputados/133919;TARCÍSIO DELGADO;Raymundo Tarcísio Delgado;
133843;https://dadosabertos.camara.leg.br/api/v2/deputados/133843;TIDEI DE LIMA;Antonio Tidei de Lima;
73872;https://dadosabertos.camara.leg.br/api/v2/deputados/73872;TOURINHO DANTAS;Sérgio Raimundo Tourinho Dantas;
133903;https://dadosabertos.camara.leg.br/api/v2/deputados/133903;UBALDO DANTAS;UBALDO PORTO DANTAS;
133850;https://dadosabertos.camara.leg.br/api/v2/deputados/133850;ULYSSES GUIMARÃES;Ulysses Silveira Guimarães;
133951;https://dadosabertos.camara.leg.br/api/v2/deputados/133951;VALDOMIRO LIMA;Valdomiro Rocha Lima;
133860;https://dadosabertos.camara.leg.br/api/v2/deputados/133860;VALTER PEREIRA;Valter Pereira de Oliveira;
133960;https://dadosabertos.camara.leg.br/api/v2/deputados/133960;VASCO FURLAN;Vasco Fernandes Furlan;
133938;https://dadosabertos.camara.leg.br/api/v2/deputados/133938;VICENTE FIALHO;Vicente Cavalcante Fialho;
133855;https://dadosabertos.camara.leg.br/api/v2/deputados/133855;VICTOR FACCIONI;Victor José Faccioni;
133890;https://dadosabertos.camara.leg.br/api/v2/deputados/133890;VITAL DO RÊGO;ANTONIO VITAL DO RÊGO;
73810;https://dadosabertos.camara.leg.br/api/v2/deputados/73810;VITÓRIO MALTA;Vitório Manoel Malta Marques;
133985;https://dadosabertos.camara.leg.br/api/v2/deputados/133985;VLADIMIR PALMEIRA;VLADIMIR GRACINDO SOARES PALMEIRA;
73811;https://dadosabertos.camara.leg.br/api/v2/deputados/73811;WALDECK ORNÉLAS;Waldeck Vieira Ornélas;
133930;https://dadosabertos.camara.leg.br/api/v2/deputados/133930;WALDIR GUERRA;Waldir Francisco Guerra;
73812;https://dadosabertos.camara.leg.br/api/v2/deputados/73812;WALTER NORY;Walter Bernardes Nory;
73862;https://dadosabertos.camara.leg.br/api/v2/deputados/73862;WANDA REIS;Wanda Mendes Reis;
133928;https://dadosabertos.camara.leg.br/api/v2/deputados/133928;WILMAR PERES;Wilmar Peres de Farias;
73864;https://dadosabertos.camara.leg.br/api/v2/deputados/73864;WILSON MOREIRA;Wilson Rodrigues Moreira;
73863;https://dadosabertos.camara.leg.br/api/v2/deputados/73863;WILSON MULLER;Wilson Muller Rodrigues;
73713;https://dadosabertos.camara.leg.br/api/v2/deputados/73713;ZUCA MOREIRA;José Zuca Moreira Lustosa;
1516;https://dadosabertos.camara.leg.br/api/v2/deputados/1516;ABDALLA JALLAD;Abdalla Jallad;
139123;https://dadosabertos.camara.leg.br/api/v2/deputados/139123;ABIGAIL FEITOSA;Maria Abigail Freitas Feitosa;
139124;https://dadosabertos.camara.leg.br/api/v2/deputados/139124;ACIVAL GOMES;ACIVAL GOMES SANTOS;
139125;https://dadosabertos.camara.leg.br/api/v2/deputados/139125;ADEMIR ANDRADE;Ademir Galvão Andrade;
139126;https://dadosabertos.camara.leg.br/api/v2/deputados/139126;ADOLFO OLIVEIRA;Adolpho Barbosa Neto de Oliveira;
139127;https://dadosabertos.camara.leg.br/api/v2/deputados/139127;AFIF DOMINGOS;Guilherme Afif Domingos;
1514;https://dadosabertos.camara.leg.br/api/v2/deputados/1514;AFRÍSIO VIEIRA LIMA;Afrísio de Souza Vieira Lima;
139128;https://dadosabertos.camara.leg.br/api/v2/deputados/139128;AGASSIZ ALMEIDA;Agassiz de Amorim e Almeida;
139129;https://dadosabertos.camara.leg.br/api/v2/deputados/139129;AGRIPINO DE OLIVEIRA LIMA;Agripino de Oliveira Lima Filho;
139130;https://dadosabertos.camara.leg.br/api/v2/deputados/139130;AIRTON CORDEIRO;Airton Ravaglio Cordeiro;
139131;https://dadosabertos.camara.leg.br/api/v2/deputados/139131;ALAIR FERREIRA;Alair Ferreira;
139132;https://dadosabertos.camara.leg.br/api/v2/deputados/139132;ALARICO ABIB;Alarico Abib;
1524;https://dadosabertos.camara.leg.br/api/v2/deputados/1524;ALCIDES LIMA;Alcides da Conceição Lima Filho;
139134;https://dadosabertos.camara.leg.br/api/v2/deputados/139134;ALCIDES SALDANHA;Alcides José Saldanha;
139135;https://dadosabertos.camara.leg.br/api/v2/deputados/139135;ALÉRCIO DIAS;Alércio Dias;
139136;https://dadosabertos.camara.leg.br/api/v2/deputados/139136;ALOYSIO CHAVES;Aloysio da Costa Chaves;
139137;https://dadosabertos.camara.leg.br/api/v2/deputados/139137;ALOYSIO TEIXEIRA;Aloysio Maria Teixeira Filho;
139138;https://dadosabertos.camara.leg.br/api/v2/deputados/139138;ALUÍZIO CAMPOS;Aluízio Afonso Campos;
139139;https://dadosabertos.camara.leg.br/api/v2/deputados/139139;ALVARO ANTONIO;Alvaro Antonio Teixeira Dias;
139140;https://dadosabertos.camara.leg.br/api/v2/deputados/139140;ALYSSON PAULINELLI;Alysson Paulinelli;
1519;https://dadosabertos.camara.leg.br/api/v2/deputados/1519;ALZIRO GOMES;Alziro Gomes de Souza;
139141;https://dadosabertos.camara.leg.br/api/v2/deputados/139141;AMÍLCAR DE QUEIROZ;Amílcar Alves de Queiroz;
139142;https://dadosabertos.camara.leg.br/api/v2/deputados/139142;AMILCAR MOREIRA;Amilcar Benassuly Moreira;
139143;https://dadosabertos.camara.leg.br/api/v2/deputados/139143;ANNA MARIA RATTES;Anna Maria Martins Scorzelli Rattes;
139144;https://dadosabertos.camara.leg.br/api/v2/deputados/139144;ANNIBAL BARCELLOS;Annibal Barcellos;
139145;https://dadosabertos.camara.leg.br/api/v2/deputados/139145;ANTAR ALBUQUERQUE;Antar Fontoura de Albuquerque;
139146;https://dadosabertos.camara.leg.br/api/v2/deputados/139146;ANTERO DE BARROS;Antero Paes de Barros Neto;
139147;https://dadosabertos.camara.leg.br/api/v2/deputados/139147;ANTÔNIO CÂMARA;Antônio Severiano da Câmara Filho;
139148;https://dadosabertos.camara.leg.br/api/v2/deputados/139148;ANTÔNIO CARLOS FRANCO;Antônio Carlos Leite Franco;
139149;https://dadosabertos.camara.leg.br/api/v2/deputados/139149;ANTÔNIO GASPAR;Antônio Pinheiro Gaspar;
1522;https://dadosabertos.camara.leg.br/api/v2/deputados/1522;ANTONIO MARANGON;Antonio Marangon;
139150;https://dadosabertos.camara.leg.br/api/v2/deputados/139150;ANTONIO MARIZ;Antonio Marques da Silva Mariz;
139151;https://dadosabertos.camara.leg.br/api/v2/deputados/139151;ANTÔNIO PEROSA;Antônio de Pádua Perosa;
139152;https://dadosabertos.camara.leg.br/api/v2/deputados/139152;ANTÔNIO SALIM CURIATI;Antônio Salim Curiati;
1525;https://dadosabertos.camara.leg.br/api/v2/deputados/1525;ARISTIDES CUNHA;Aristides Cunha Filho;
139153;https://dadosabertos.camara.leg.br/api/v2/deputados/139153;ARNALDO MARTINS;Arnaldo Lopes Martins;
139154;https://dadosabertos.camara.leg.br/api/v2/deputados/139154;ARNALDO MORAES;Arnaldo Moraes Filho;
139155;https://dadosabertos.camara.leg.br/api/v2/deputados/139155;ARNALDO PRIETO;Arnaldo da Costa Prieto;
139156;https://dadosabertos.camara.leg.br/api/v2/deputados/139156;ARNOLD FIORAVANTE;Arnold Fioravante;
139157;https://dadosabertos.camara.leg.br/api/v2/deputados/139157;ARTENIR WERNER;Artenir Werner;
1531;https://dadosabertos.camara.leg.br/api/v2/deputados/1531;ARTHUR DE LIMA CAVALCANTI;Artur Mello de Lima Cavalcanti;
139158;https://dadosabertos.camara.leg.br/api/v2/deputados/139158;BENEDICTO MONTEIRO;Benedicto Wilfredo Monteiro;
139159;https://dadosabertos.camara.leg.br/api/v2/deputados/139159;BERNARDO CABRAL;José Bernardo Cabral;
139160;https://dadosabertos.camara.leg.br/api/v2/deputados/139160;BETE MENDES;Elizabete Mendes de Oliveira;
139161;https://dadosabertos.camara.leg.br/api/v2/deputados/139161;BEZERRA DE MELO;Manoel Bezerra de Melo;
139162;https://dadosabertos.camara.leg.br/api/v2/deputados/139162;BORGES DA SILVEIRA;Luiz Carlos Borges da Silveira;
139163;https://dadosabertos.camara.leg.br/api/v2/deputados/139163;CAIO POMPEU;Caio Sérgio Pompeu de Toledo;
139164;https://dadosabertos.camara.leg.br/api/v2/deputados/139164;CARLOS ALBERTO CAÓ;Carlos Alberto Oliveira dos Santos;
139165;https://dadosabertos.camara.leg.br/api/v2/deputados/139165;CARLOS COTTA;CARLOS ALBERTO COTTA;
139166;https://dadosabertos.camara.leg.br/api/v2/deputados/139166;CARLOS VINAGRE;Carlos Alberto de Aragão Vinagre;
139167;https://dadosabertos.camara.leg.br/api/v2/deputados/139167;CARREL BENEVIDES;Carrel Ypiranga Benevides;
139168;https://dadosabertos.camara.leg.br/api/v2/deputados/139168;CELSO DOURADO;Celso Loula Dourado;
139169;https://dadosabertos.camara.leg.br/api/v2/deputados/139169;CHAGAS DUARTE;Francisco das Chagas Duarte;
139170;https://dadosabertos.camara.leg.br/api/v2/deputados/139170;CHAGAS NETO;Manoel Francisco das Chagas Neto;
139171;https://dadosabertos.camara.leg.br/api/v2/deputados/139171;CHAGAS VASCONCELOS;Francisco das Chagas de Vasconcelos;
139172;https://dadosabertos.camara.leg.br/api/v2/deputados/139172;CHICO HUMBERTO;Francisco Humberto de Freitas Azevedo;
139173;https://dadosabertos.camara.leg.br/api/v2/deputados/139173;CLÁUDIO ÁVILA;Cláudio Ávila da Silva;
132144;https://dadosabertos.camara.leg.br/api/v2/deputados/132144;CLIMÉRIO VELLOSO;Climerio Veloso;
139174;https://dadosabertos.camara.leg.br/api/v2/deputados/139174;CRISTINA TAVARES;Maria Cristina de Lima Tavares Correia;
139175;https://dadosabertos.camara.leg.br/api/v2/deputados/139175;DALTON CANABRAVA;Dalton Moreira Canabrava;
139176;https://dadosabertos.camara.leg.br/api/v2/deputados/139176;DARCY DEITOS;Darcy Deitos;
139177;https://dadosabertos.camara.leg.br/api/v2/deputados/139177;DARCY POZZA;Darcy Pozza;
139178;https://dadosabertos.camara.leg.br/api/v2/deputados/139178;DASO COIMBRA;Daso de Oliveira Coimbra;
139179;https://dadosabertos.camara.leg.br/api/v2/deputados/139179;DEL BOSCO AMARAL;Joaquim Carlos del Bosco Amaral;
139180;https://dadosabertos.camara.leg.br/api/v2/deputados/139180;DENISAR ARNEIRO;Denisar de Almeida Arneiro;
139181;https://dadosabertos.camara.leg.br/api/v2/deputados/139181;DIONÍSIO DAL-PRÁ;Dionísio Assis dal-prá;
139182;https://dadosabertos.camara.leg.br/api/v2/deputados/139182;DIONÍSIO HAGE;Dionísio João Hage;
139183;https://dadosabertos.camara.leg.br/api/v2/deputados/139183;DIRCE TUTU QUADROS;Dirce Maria do Valle Quadros;
139184;https://dadosabertos.camara.leg.br/api/v2/deputados/139184;DORETO CAMPANARI;Osvaldo Doreto Campanari;
1539;https://dadosabertos.camara.leg.br/api/v2/deputados/1539;DOUTEL DE ANDRADE;Armindo Marcílio Doutel de Andrade;
139185;https://dadosabertos.camara.leg.br/api/v2/deputados/139185;EDIVALDO HOLANDA;Edivaldo de Holanda Braga;
139186;https://dadosabertos.camara.leg.br/api/v2/deputados/139186;EDME TAVARES;Edme Tavares de Albuquerque;
139188;https://dadosabertos.camara.leg.br/api/v2/deputados/139188;EDUARDO BOMFIM;Eduardo Bomfim Gomes Ribeiro;
139189;https://dadosabertos.camara.leg.br/api/v2/deputados/139189;EGÍDIO FERREIRA LIMA;Egídio Ferreira Lima;
139190;https://dadosabertos.camara.leg.br/api/v2/deputados/139190;ELIÉZER MOREIRA;Eliézer Moreira Filho;
139191;https://dadosabertos.camara.leg.br/api/v2/deputados/139191;ENOC VIEIRA;Enoc Almeida Vieira;
139192;https://dadosabertos.camara.leg.br/api/v2/deputados/139192;ÉRICO PEGORARO;Érico André Pegoraro;
1533;https://dadosabertos.camara.leg.br/api/v2/deputados/1533;ERNANI BOLDRIM;Ernani Boldrim de Freitas Lima;
1511;https://dadosabertos.camara.leg.br/api/v2/deputados/1511;ESTENER SORATTO;Estener Soratto da Silva;
139193;https://dadosabertos.camara.leg.br/api/v2/deputados/139193;EUCLIDES SCALCO;Euclides Girolamo Scalco;
139194;https://dadosabertos.camara.leg.br/api/v2/deputados/139194;EUNICE MICHILES;Eunice Mafalda Michiles;
139195;https://dadosabertos.camara.leg.br/api/v2/deputados/139195;EXPEDITO MACHADO;Expedito Machado da Ponte;
1507;https://dadosabertos.camara.leg.br/api/v2/deputados/1507;FADAH GATTASS;Fadah Scaff Gattass;
139196;https://dadosabertos.camara.leg.br/api/v2/deputados/139196;FARABULINI JÚNIOR;Anselmo Farabulini Júnior;
139197;https://dadosabertos.camara.leg.br/api/v2/deputados/139197;FAUSTO FERNANDES;Fausto Fernandes;
139198;https://dadosabertos.camara.leg.br/api/v2/deputados/139198;FELIPE CHEIDDE;FELIPE CHEIDDE;
1518;https://dadosabertos.camara.leg.br/api/v2/deputados/1518;FERNANDO BASTOS;Fernando José Caldeira Bastos;
139199;https://dadosabertos.camara.leg.br/api/v2/deputados/139199;FERNANDO CUNHA;Fernando Cunha Júnior;
139200;https://dadosabertos.camara.leg.br/api/v2/deputados/139200;FERNANDO GASPARIAN;Fernando Gasparian;
139201;https://dadosabertos.camara.leg.br/api/v2/deputados/139201;FERNANDO SANTANNA;Fernando dos Reis Sant'Anna;
139202;https://dadosabertos.camara.leg.br/api/v2/deputados/139202;FERNANDO VELASCO;Fernando Nilson Velasco;
139203;https://dadosabertos.camara.leg.br/api/v2/deputados/139203;FLÁVIO MARCÍLIO;Flávio Portela Marcílio;
139204;https://dadosabertos.camara.leg.br/api/v2/deputados/139204;FLORICENO PAIXÃO;Floriceno Paixão;
139205;https://dadosabertos.camara.leg.br/api/v2/deputados/139205;FRANÇA TEIXEIRA;Antônio França Teixeira;
139206;https://dadosabertos.camara.leg.br/api/v2/deputados/139206;FRANCISCO BENJAMIM;Francisco Benjamim Fonseca de Carvalho;
139207;https://dadosabertos.camara.leg.br/api/v2/deputados/139207;FRANCISCO CARNEIRO;Francisco Aguiar Carneiro;
139208;https://dadosabertos.camara.leg.br/api/v2/deputados/139208;FRANCISCO DIAS;Francisco Dias Alves;
139209;https://dadosabertos.camara.leg.br/api/v2/deputados/139209;FRANCISCO JATAHY;Francisco José Chaves Jatahy;
139210;https://dadosabertos.camara.leg.br/api/v2/deputados/139210;FRANCISCO KUSTER;Francisco de Assis Kuster;
139211;https://dadosabertos.camara.leg.br/api/v2/deputados/139211;FRANCISCO PINTO;Francisco José Pinto dos Santos;
1517;https://dadosabertos.camara.leg.br/api/v2/deputados/1517;FRANCISCO ROLIM;Francisco Matias Rolim;
139213;https://dadosabertos.camara.leg.br/api/v2/deputados/139213;FRANCISCO SALES;Francisco de Sales Duarte Azevedo;
139214;https://dadosabertos.camara.leg.br/api/v2/deputados/139214;FREITAS FILHO;Francisco Alves Freitas Filho;
139215;https://dadosabertos.camara.leg.br/api/v2/deputados/139215;FURTADO LEITE;Jorge Furtado Leite;
139216;https://dadosabertos.camara.leg.br/api/v2/deputados/139216;GABRIEL GUERREIRO;Manoel Gabriel Siqueira Guerreiro;
1537;https://dadosabertos.camara.leg.br/api/v2/deputados/1537;GANDI JAMIL;Gandi Jamil Georges;
1512;https://dadosabertos.camara.leg.br/api/v2/deputados/1512;GENESCO APARECIDO;Genesco Aparecido de Oliveira;
139217;https://dadosabertos.camara.leg.br/api/v2/deputados/139217;GENÉSIO DE BARROS;Genésio Vieira de Barros;
1505;https://dadosabertos.camara.leg.br/api/v2/deputados/1505;GEOVAH AMARANTE;Geovah José de Freitas Amarante;
139218;https://dadosabertos.camara.leg.br/api/v2/deputados/139218;GEOVANI BORGES;Geovani Pinheiro Borges;
139219;https://dadosabertos.camara.leg.br/api/v2/deputados/139219;GERALDO BULHÕES;Geraldo Bulhões Barros;
139220;https://dadosabertos.camara.leg.br/api/v2/deputados/139220;GERALDO CAMPOS;Geraldo Campos;
139221;https://dadosabertos.camara.leg.br/api/v2/deputados/139221;GERALDO FLEMING;Geraldo Reis Fleming;
139222;https://dadosabertos.camara.leg.br/api/v2/deputados/139222;GERALDO MACIEL;José Geraldo Maciel;
139223;https://dadosabertos.camara.leg.br/api/v2/deputados/139223;GERALDO MELO;Geraldo José de Almeida Melo;
139224;https://dadosabertos.camara.leg.br/api/v2/deputados/139224;GERSON MARCONDES;Gerson Marcondes Filho;
1529;https://dadosabertos.camara.leg.br/api/v2/deputados/1529;GERSON VILAS-BÔAS;Gerson Vilas-bôas;
139225;https://dadosabertos.camara.leg.br/api/v2/deputados/139225;GIDEL DANTAS;Gidel Dantas Queiroz;
139226;https://dadosabertos.camara.leg.br/api/v2/deputados/139226;GIL CÉSAR;Gil César Moreira de Abreu;
139227;https://dadosabertos.camara.leg.br/api/v2/deputados/139227;GILBERTO CARVALHO;Gilberto Rezende de Carvalho;
139228;https://dadosabertos.camara.leg.br/api/v2/deputados/139228;GUMERCINDO MILHOMEM;Gumercindo de Souza Milhomem Neto;
139229;https://dadosabertos.camara.leg.br/api/v2/deputados/139229;GUSTAVO DE FARIA;Paulo Gustavo Coutinho de Faria;
139230;https://dadosabertos.camara.leg.br/api/v2/deputados/139230;HARLAN GADELHA;Harlan de Albuquerque Gadelha Filho;
86494;https://dadosabertos.camara.leg.br/api/v2/deputados/86494;HAROLDO SANFORD;Haroldo Sanford Barros;
139231;https://dadosabertos.camara.leg.br/api/v2/deputados/139231;HÉLIO DUQUE;Hélio Moacyr de Sousa Duque;
139232;https://dadosabertos.camara.leg.br/api/v2/deputados/139232;HELIO MANHÃES;Helio Carlos Manhães;
139233;https://dadosabertos.camara.leg.br/api/v2/deputados/139233;HENRIQUE CÓRDOVA;Henrique Helion Velho de Córdova;
139234;https://dadosabertos.camara.leg.br/api/v2/deputados/139234;HERMES ZANETI;HERMES ZANETI;
139235;https://dadosabertos.camara.leg.br/api/v2/deputados/139235;HOMERO SANTOS;Homero Santos;
139236;https://dadosabertos.camara.leg.br/api/v2/deputados/139236;HORÁCIO FERRAZ;Horácio Falcão Ferraz;
139237;https://dadosabertos.camara.leg.br/api/v2/deputados/139237;IRAJÁ RODRIGUES;Irajá Andara Rodrigues;
1521;https://dadosabertos.camara.leg.br/api/v2/deputados/1521;IRANILDO PEREIRA;Iranildo Pereira de Oliveira;
139238;https://dadosabertos.camara.leg.br/api/v2/deputados/139238;ISMAEL WANDERLEY;Ismael Wanderley Gomes Filho;
139239;https://dadosabertos.camara.leg.br/api/v2/deputados/139239;ITURIVAL NASCIMENTO;Iturival Nascimento;
139240;https://dadosabertos.camara.leg.br/api/v2/deputados/139240;IVO CERSÓSIMO;Ivo Anunciato Cersósimo;
139241;https://dadosabertos.camara.leg.br/api/v2/deputados/139241;IVO LECH;Ivo da Silva Lech;
139242;https://dadosabertos.camara.leg.br/api/v2/deputados/139242;IVO VANDERLINDE;Ivo Vanderlinde;
139243;https://dadosabertos.camara.leg.br/api/v2/deputados/139243;JACY SCANAGATTA;Jacy Miguel Scanagatta;
139244;https://dadosabertos.camara.leg.br/api/v2/deputados/139244;JALLES FONTOURA;Jalles Fontoura de Siqueira;
1528;https://dadosabertos.camara.leg.br/api/v2/deputados/1528;JAYME CAMPOS;Jayme Mendonça de Campos;
139245;https://dadosabertos.camara.leg.br/api/v2/deputados/139245;JAYME PALIARIN;Jayme Paliarin;
139246;https://dadosabertos.camara.leg.br/api/v2/deputados/139246;JESSÉ FREIRE;Jessé Pinto Freire Filho;
139247;https://dadosabertos.camara.leg.br/api/v2/deputados/139247;JESUALDO CAVALCANTI;Jesualdo Cavalcanti Barros;
139248;https://dadosabertos.camara.leg.br/api/v2/deputados/139248;JOACI GÓES;Joaci Fonseca de Góes;
139249;https://dadosabertos.camara.leg.br/api/v2/deputados/139249;JOÃO AGRIPINO;João Agripino de Vasconcelos Maia;
139250;https://dadosabertos.camara.leg.br/api/v2/deputados/139250;JOÃO CUNHA;JOÃO ORLANDO DUARTE DA CUNHA;
139251;https://dadosabertos.camara.leg.br/api/v2/deputados/139251;JOÃO DA MATA;João da Mata de Souza;
139252;https://dadosabertos.camara.leg.br/api/v2/deputados/139252;JOÃO MACHADO ROLLEMBERG;João Machado Rollemberg Mendonça;
139253;https://dadosabertos.camara.leg.br/api/v2/deputados/139253;JOÃO REZEK;João Jorge Rezek;
139254;https://dadosabertos.camara.leg.br/api/v2/deputados/139254;JOAQUIM BEVILACQUA;Joaquim Vicente Ferreira Bevilacqua;
139255;https://dadosabertos.camara.leg.br/api/v2/deputados/139255;JOAQUIM HAICKEL;Joaquim Elias Nagib Pinto Haickel;
139256;https://dadosabertos.camara.leg.br/api/v2/deputados/139256;JORGE ARBAGE;Jorge Wilson Arbage;
1540;https://dadosabertos.camara.leg.br/api/v2/deputados/1540;JORGE CURY;Jorge Said Cury;
132143;https://dadosabertos.camara.leg.br/api/v2/deputados/132143;JORGE GAMA;Jorge Gama de Barros;
139257;https://dadosabertos.camara.leg.br/api/v2/deputados/139257;JORGE HAGE;Jorge Hage Sobrinho;
139258;https://dadosabertos.camara.leg.br/api/v2/deputados/139258;JORGE LEITE;Jorge Cordeiro Leite;
139259;https://dadosabertos.camara.leg.br/api/v2/deputados/139259;JORGE MEDAUAR;Jorge Francisco Medauar;
139260;https://dadosabertos.camara.leg.br/api/v2/deputados/139260;JORGE VIANNA;Jorge Vianna Dias da Silva;
1520;https://dadosabertos.camara.leg.br/api/v2/deputados/1520;JOSÉ AMANDO;José Amando Barbosa Mota;
139261;https://dadosabertos.camara.leg.br/api/v2/deputados/139261;JOSÉ CAMARGO;José de Camargo;
139262;https://dadosabertos.camara.leg.br/api/v2/deputados/139262;JOSÉ CARLOS GRECCO;José Carlos Grecco;
139263;https://dadosabertos.camara.leg.br/api/v2/deputados/139263;JOSÉ DA CONCEIÇÃO;José da Conceição Santos;
139264;https://dadosabertos.camara.leg.br/api/v2/deputados/139264;JOSÉ EGREJA;José Silvestre Viana Egreja;
139265;https://dadosabertos.camara.leg.br/api/v2/deputados/139265;JOSÉ FERNANDES;José de Oliveira Fernandes;
139266;https://dadosabertos.camara.leg.br/api/v2/deputados/139266;JOSÉ FREIRE;José dos Santos Freire;
139267;https://dadosabertos.camara.leg.br/api/v2/deputados/139267;JOSÉ GUEDES;José Alves Vieira Guedes;
139268;https://dadosabertos.camara.leg.br/api/v2/deputados/139268;JOSÉ LINS;José Lins Albuquerque;
139269;https://dadosabertos.camara.leg.br/api/v2/deputados/139269;JOSÉ LUIZ DE SÁ;José Luiz de Sá;
1508;https://dadosabertos.camara.leg.br/api/v2/deputados/1508;JOSÉ MARINHO;José Bezerra Marinho Júnior;
139270;https://dadosabertos.camara.leg.br/api/v2/deputados/139270;JOSÉ MELO;José Baptista de Melo;
139271;https://dadosabertos.camara.leg.br/api/v2/deputados/139271;JOSÉ MENDONÇA DE MORAIS;José Mendonça de Morais;
139272;https://dadosabertos.camara.leg.br/api/v2/deputados/139272;JOSÉ QUEIROZ;José Queiroz da Costa;
139273;https://dadosabertos.camara.leg.br/api/v2/deputados/139273;JOSÉ TAVARES;José Tavares da Silva Neto;
139274;https://dadosabertos.camara.leg.br/api/v2/deputados/139274;JOSÉ TEIXEIRA;José de Sousa Teixeira;
139275;https://dadosabertos.camara.leg.br/api/v2/deputados/139275;JOSÉ TINOCO;José Tinoco Machado de Albuquerque;
139276;https://dadosabertos.camara.leg.br/api/v2/deputados/139276;JOSÉ VIANA;José Viana dos Santos;
139277;https://dadosabertos.camara.leg.br/api/v2/deputados/139277;JOSÉ YUNES;José Yunes;
139278;https://dadosabertos.camara.leg.br/api/v2/deputados/139278;JOVANNI MASINI;Jovanni Pedro Masini;
139279;https://dadosabertos.camara.leg.br/api/v2/deputados/139279;JUAREZ ANTUNES;José Juarez Antunes;
1509;https://dadosabertos.camara.leg.br/api/v2/deputados/1509;JUAREZ MARQUES BATISTA;Juarez Marques Batista;
139281;https://dadosabertos.camara.leg.br/api/v2/deputados/139281;JULIO COSTAMILAN;Julio Costamilan;
132145;https://dadosabertos.camara.leg.br/api/v2/deputados/132145;JÚLIO MARTINS;JÚLIO AUGUSTO MAGALHÃES MARTINS;
139282;https://dadosabertos.camara.leg.br/api/v2/deputados/139282;JÚLIO PEREIRA;Julio Maria Pinto Pereira;
1541;https://dadosabertos.camara.leg.br/api/v2/deputados/1541;LAURO MAIA;Lauro Augusto do Prado Maia;
139283;https://dadosabertos.camara.leg.br/api/v2/deputados/139283;LÉLIO SOUZA;Lélio Miguel Antunes de Souza;
1523;https://dadosabertos.camara.leg.br/api/v2/deputados/1523;LEONEL JÚLIO;Leonel Júlio;
1513;https://dadosabertos.camara.leg.br/api/v2/deputados/1513;LEOPOLDO SOUZA;Leopoldo de Araujo Souza Neto;
139284;https://dadosabertos.camara.leg.br/api/v2/deputados/139284;LEVY DIAS;LEVY DIAS;
139286;https://dadosabertos.camara.leg.br/api/v2/deputados/139286;LÚCIO ALCÂNTARA;Lúcio Gonçalo de Alcântara;
139287;https://dadosabertos.camara.leg.br/api/v2/deputados/139287;LUIZ ALBERTO RODRIGUES;Luiz Alberto Rodrigues;
139288;https://dadosabertos.camara.leg.br/api/v2/deputados/139288;LUIZ FREIRE;Luiz de Barros Freire Neto;
139289;https://dadosabertos.camara.leg.br/api/v2/deputados/139289;LUIZ INÁCIO LULA DA SILVA;Luiz Inácio Lula da Silva;
139290;https://dadosabertos.camara.leg.br/api/v2/deputados/139290;LUIZ LEAL;Luiz Gonzaga Soares Leal;
139291;https://dadosabertos.camara.leg.br/api/v2/deputados/139291;LUIZ MARQUES;Luiz Gonzaga Nogueira Marques;
1530;https://dadosabertos.camara.leg.br/api/v2/deputados/1530;LURDINHA SAVIGNON;Maria de Lourdes Savignon;
139292;https://dadosabertos.camara.leg.br/api/v2/deputados/139292;MAGUITO VILELA;Luiz Alberto Maguito Vilela;
1542;https://dadosabertos.camara.leg.br/api/v2/deputados/1542;MANOEL MOTA;Manoel de Oliveira Mota;
1532;https://dadosabertos.camara.leg.br/api/v2/deputados/1532;MANUEL DOMINGOS;Manuel Domingos Neto;
139293;https://dadosabertos.camara.leg.br/api/v2/deputados/139293;MARCELO CORDEIRO;Marcelo Ribeiro Cordeiro;
139294;https://dadosabertos.camara.leg.br/api/v2/deputados/139294;MÁRCIA KUBITSCHEK;Márcia Kubitschek;
139295;https://dadosabertos.camara.leg.br/api/v2/deputados/139295;MÁRCIO BRAGA;Márcio Baroukel de Souza Braga;
139296;https://dadosabertos.camara.leg.br/api/v2/deputados/139296;MARCO ANTONIO CAMPANELLA;Marco Antonio Tofetti Campanella;
139297;https://dadosabertos.camara.leg.br/api/v2/deputados/139297;MARCOS QUEIROZ;Marcos Perez Queiroz;
139298;https://dadosabertos.camara.leg.br/api/v2/deputados/139298;MARIA LÚCIA;Maria Lúcia Mello de Araújo;
139299;https://dadosabertos.camara.leg.br/api/v2/deputados/139299;MÁRIO BOUCHARDET;Mário Bouchardet Senior;
1500;https://dadosabertos.camara.leg.br/api/v2/deputados/1500;MÁRIO LIMA;MÁRIO SOARES LIMA;
139300;https://dadosabertos.camara.leg.br/api/v2/deputados/139300;MARLUCE PINTO;Maria Marluce Moreira Pinto;
139301;https://dadosabertos.camara.leg.br/api/v2/deputados/139301;MATTOS LEÃO;Aragão de Mattos Leão Filho;
1501;https://dadosabertos.camara.leg.br/api/v2/deputados/1501;MAURÍCIO FRUET;Maurício Roslindo Fruet;
139302;https://dadosabertos.camara.leg.br/api/v2/deputados/139302;MAURÍCIO NASSER;Maurício Miguel Nasser Abrão;
139303;https://dadosabertos.camara.leg.br/api/v2/deputados/139303;MAURÍCIO PÁDUA;Maurício Pádua Souza;
139304;https://dadosabertos.camara.leg.br/api/v2/deputados/139304;MAURO CAMPOS;Mauro Fernando Orofino Campos;
139305;https://dadosabertos.camara.leg.br/api/v2/deputados/139305;MELLO REIS;Francisco Antonio de Mello Reis;
139306;https://dadosabertos.camara.leg.br/api/v2/deputados/139306;MELO FREIRE;Joaquim de Melo Freire;
139307;https://dadosabertos.camara.leg.br/api/v2/deputados/139307;MILTON LIMA;Milton de Lima Filho;
139308;https://dadosabertos.camara.leg.br/api/v2/deputados/139308;MILTON REIS;Milton Reis;
139309;https://dadosabertos.camara.leg.br/api/v2/deputados/139309;MIRALDO GOMES;João Miraldo dos Santos Gomes;
139310;https://dadosabertos.camara.leg.br/api/v2/deputados/139310;MOEMA SÃO THIAGO;Moema Correia São Thiago;
139312;https://dadosabertos.camara.leg.br/api/v2/deputados/139312;MOYSÉS PIMENTEL;Moysés Santiago Pimentel;
139313;https://dadosabertos.camara.leg.br/api/v2/deputados/139313;MOZARILDO CAVALCANTI;Francisco Mozarildo de Melo Cavalcanti;
139314;https://dadosabertos.camara.leg.br/api/v2/deputados/139314;MURILO LEITE;Arnaldo Murilo Nogueira Leite;
139315;https://dadosabertos.camara.leg.br/api/v2/deputados/139315;MYRIAM PORTELLA;Myriam Nogueira Portella Nunes;
139316;https://dadosabertos.camara.leg.br/api/v2/deputados/139316;NELSON AGUIAR;Nelson Alves Aguiar;
139317;https://dadosabertos.camara.leg.br/api/v2/deputados/139317;NELSON SABRÁ;Nelson Aristeu Caminada Sabrá;
65519;https://dadosabertos.camara.leg.br/api/v2/deputados/65519;NELTON FRIEDRICH;NELTON MIGUEL FRIEDRICH;
139319;https://dadosabertos.camara.leg.br/api/v2/deputados/139319;NILSO SGUAREZI;Nilso Romeu Sguarezi;
139320;https://dadosabertos.camara.leg.br/api/v2/deputados/139320;NION ALBERNAZ;Nion Albernaz;
139321;https://dadosabertos.camara.leg.br/api/v2/deputados/139321;NOEL DE CARVALHO;Noel de Carvalho Neto;
1538;https://dadosabertos.camara.leg.br/api/v2/deputados/1538;NORBERTO SCHWANTES;Norberto Schwantes;
132142;https://dadosabertos.camara.leg.br/api/v2/deputados/132142;NOSSER ALMEIDA;Nosser Almeida Tóbu;
139322;https://dadosabertos.camara.leg.br/api/v2/deputados/139322;NYDER BARBOSA;Nyder Barbosa de Menezes;
139323;https://dadosabertos.camara.leg.br/api/v2/deputados/139323;OLÍVIO DUTRA;Olívio de Oliveira Dutra;
139324;https://dadosabertos.camara.leg.br/api/v2/deputados/139324;OMAR SABINO;Omar Sabino de Paula;
139325;https://dadosabertos.camara.leg.br/api/v2/deputados/139325;ONOFRE CORRÊA;Onofre Rodrigues Corrêa;
139326;https://dadosabertos.camara.leg.br/api/v2/deputados/139326;OSCAR CORRÊA;Oscar Dias Corrêa Júnior;
139327;https://dadosabertos.camara.leg.br/api/v2/deputados/139327;OSMUNDO REBOUÇAS;Osmundo Evangelista Rebouças;
139328;https://dadosabertos.camara.leg.br/api/v2/deputados/139328;OSVALDO MACEDO;Osvaldo Evangelista de Macedo;
1502;https://dadosabertos.camara.leg.br/api/v2/deputados/1502;OSWALDO ALMEIDA;Oswaldo Barreto de Almeida;
1503;https://dadosabertos.camara.leg.br/api/v2/deputados/1503;OSWALDO LIMA FILHO;Oswaldo Cavalcanti da Costa Lima Filho;
1506;https://dadosabertos.camara.leg.br/api/v2/deputados/1506;OSWALDO TREVISAN;Oswaldo Trevisan;
1510;https://dadosabertos.camara.leg.br/api/v2/deputados/1510;OSWALDO TRIGUEIRO;Oswaldo Trigueiro do Valle;
139329;https://dadosabertos.camara.leg.br/api/v2/deputados/139329;OTTOMAR PINTO;Ottomar de Sousa Pinto;
139330;https://dadosabertos.camara.leg.br/api/v2/deputados/139330;PAULO ALMADA;Paulo Marcos Almada de Abreu;
139331;https://dadosabertos.camara.leg.br/api/v2/deputados/139331;PAULO BORGES;Paulo Borges Teixeira;
139332;https://dadosabertos.camara.leg.br/api/v2/deputados/139332;PAULO MACARINI;Paulo Macarini;
139333;https://dadosabertos.camara.leg.br/api/v2/deputados/139333;PAULO MARQUES;Paulo Marques Pessoa;
1515;https://dadosabertos.camara.leg.br/api/v2/deputados/1515;PAULO MENICUCCI;Paulo Roberto Menicucci;
139334;https://dadosabertos.camara.leg.br/api/v2/deputados/139334;PAULO MINCARONE;Paulo Mincarone;
139335;https://dadosabertos.camara.leg.br/api/v2/deputados/139335;PAULO PIMENTEL;Paulo Cruz Pimentel;
139336;https://dadosabertos.camara.leg.br/api/v2/deputados/139336;PAULO ROBERTO;Paulo Roberto de Souza Matos;
139337;https://dadosabertos.camara.leg.br/api/v2/deputados/139337;PAULO ROBERTO CUNHA;Paulo Roberto Cunha;
139338;https://dadosabertos.camara.leg.br/api/v2/deputados/139338;PAULO SIDNEI;Paulo Sidnei Antunes;
139339;https://dadosabertos.camara.leg.br/api/v2/deputados/139339;PAULO ZARZUR;Paulo Zarzur;
139340;https://dadosabertos.camara.leg.br/api/v2/deputados/139340;PEDRO CEOLIN;Pedro Ceolin Sobrinho;
139341;https://dadosabertos.camara.leg.br/api/v2/deputados/139341;PERCIVAL MUNIZ;Percival Santos Muniz;
139342;https://dadosabertos.camara.leg.br/api/v2/deputados/139342;PLÍNIO ARRUDA SAMPAIO;Plínio Soares de Arruda Sampaio;
1536;https://dadosabertos.camara.leg.br/api/v2/deputados/1536;PLÍNIO MARTINS;Plínio Barbosa Martins;
139343;https://dadosabertos.camara.leg.br/api/v2/deputados/139343;RAIMUNDO REZENDE;Raimundo Monteiro de Rezende;
139344;https://dadosabertos.camara.leg.br/api/v2/deputados/139344;RALPH BIASI;Ralph Biasi;
139345;https://dadosabertos.camara.leg.br/api/v2/deputados/139345;RAUL FERRAZ;Raul Carlos Andrade Ferraz;
139346;https://dadosabertos.camara.leg.br/api/v2/deputados/139346;RENAN CALHEIROS;José Renan Vasconcelos Calheiros;
139347;https://dadosabertos.camara.leg.br/api/v2/deputados/139347;RENATO BERNARDI;Renato Bernardi;
139348;https://dadosabertos.camara.leg.br/api/v2/deputados/139348;RITA FURTADO;Rita Isabel Gomes Furtado;
139349;https://dadosabertos.camara.leg.br/api/v2/deputados/139349;ROBERTO AUGUSTO;Roberto Augusto Lopes;
139350;https://dadosabertos.camara.leg.br/api/v2/deputados/139350;ROBERTO D'AVILA;Roberto Ferraretto D'avila;
139351;https://dadosabertos.camara.leg.br/api/v2/deputados/139351;ROBERTO VITAL;ROBERTO VITAL FERREIRA;
139352;https://dadosabertos.camara.leg.br/api/v2/deputados/139352;ROBSON MARINHO;Robson Riedel Marinho;
139353;https://dadosabertos.camara.leg.br/api/v2/deputados/139353;RONALDO CARVALHO;Ronaldo de Azevedo Carvalho;
139354;https://dadosabertos.camara.leg.br/api/v2/deputados/139354;RONARO CORRÊA;Ronaro Machado Corrêa;
139355;https://dadosabertos.camara.leg.br/api/v2/deputados/139355;ROSA PRATA;Arnaldo Rosa Prata;
139356;https://dadosabertos.camara.leg.br/api/v2/deputados/139356;ROSÁRIO CONGRO NETO;Rosário Congro Neto;
139357;https://dadosabertos.camara.leg.br/api/v2/deputados/139357;ROSPIDE NETTO;Rodolfo Rospide Netto;
139358;https://dadosabertos.camara.leg.br/api/v2/deputados/139358;RUBEM BRANQUINHO;Rubem Soares Branquinho;
139359;https://dadosabertos.camara.leg.br/api/v2/deputados/139359;RUBEN FIGUEIRÓ;Ruben Figueiró de Oliveira;
139360;https://dadosabertos.camara.leg.br/api/v2/deputados/139360;RUY NEDEL;Ruy Germano Nedel;
139361;https://dadosabertos.camara.leg.br/api/v2/deputados/139361;SADIE HAUACHE;Sadie Rodrigues Hauache;
139362;https://dadosabertos.camara.leg.br/api/v2/deputados/139362;SAMIR ACHÔA;Samir Achôa;
139363;https://dadosabertos.camara.leg.br/api/v2/deputados/139363;SANTINHO FURTADO;Sebastião Santinho Vitral dos Santos Furtado;
1527;https://dadosabertos.camara.leg.br/api/v2/deputados/1527;SÉRGIO CARVALHO;Sérgio Ribeiro Miranda de Carvalho;
139364;https://dadosabertos.camara.leg.br/api/v2/deputados/139364;SÉRGIO MOREIRA;Júlio Sérgio de Maya Pedrosa Moreira;
139365;https://dadosabertos.camara.leg.br/api/v2/deputados/139365;SÉRGIO WERNECK;Sérgio Ladeira Furquim Werneck;
139366;https://dadosabertos.camara.leg.br/api/v2/deputados/139366;SIQUEIRA CAMPOS;José Wilson Siqueira Campos;
139367;https://dadosabertos.camara.leg.br/api/v2/deputados/139367;SOTERO CUNHA;ALTOMIRES SOTERO DA CUNHA;
139368;https://dadosabertos.camara.leg.br/api/v2/deputados/139368;STÉLIO DIAS;Stélio Dias;
139369;https://dadosabertos.camara.leg.br/api/v2/deputados/139369;TADEU FRANÇA;José Tadeu Bento França;
1526;https://dadosabertos.camara.leg.br/api/v2/deputados/1526;TARSO GENRO;Tarso Fernando Herz Genro;
1534;https://dadosabertos.camara.leg.br/api/v2/deputados/1534;TARZAN DE CASTRO;Tarzan de Castro;
139370;https://dadosabertos.camara.leg.br/api/v2/deputados/139370;THEODORO MENDES;José Theodoro Mendes;
1504;https://dadosabertos.camara.leg.br/api/v2/deputados/1504;TITO COSTA;Antonio Tito Costa;
139371;https://dadosabertos.camara.leg.br/api/v2/deputados/139371;UBIRATAN SPINELLI;Ubiratan Francisco Vilela Spinelli;
139372;https://dadosabertos.camara.leg.br/api/v2/deputados/139372;VALMIR CAMPELO;Antonio Valmir Campelo Bezerra;
139373;https://dadosabertos.camara.leg.br/api/v2/deputados/139373;VASCO ALVES;VASCO ALVES DE OLIVEIRA JUNIOR;
139374;https://dadosabertos.camara.leg.br/api/v2/deputados/139374;VASCO NETO;Vasco Azevedo Neto;
139375;https://dadosabertos.camara.leg.br/api/v2/deputados/139375;VICENTE BOGO;Vicente Joaquim Bogo;
139376;https://dadosabertos.camara.leg.br/api/v2/deputados/139376;VICTOR FONTANA;Victor Fontana;
139377;https://dadosabertos.camara.leg.br/api/v2/deputados/139377;VIEIRA DA SILVA;Raimundo Lisboa Vieira da Silva;
139378;https://dadosabertos.camara.leg.br/api/v2/deputados/139378;VILSON SOUZA;Vilson Luiz de Souza;
139379;https://dadosabertos.camara.leg.br/api/v2/deputados/139379;VINGT ROSADO;Jerônimo Vingt Rosado Maia;
139380;https://dadosabertos.camara.leg.br/api/v2/deputados/139380;VINICIUS CANSANÇÃO;Vinícius Cansanção Filho;
139381;https://dadosabertos.camara.leg.br/api/v2/deputados/139381;VIRGILDÁSIO DE SENNA;Virgildásio de Senna;
139382;https://dadosabertos.camara.leg.br/api/v2/deputados/139382;VIRGÍLIO GALASSI;Virgílio Galassi;
139383;https://dadosabertos.camara.leg.br/api/v2/deputados/139383;VÍTOR BUAIZ;Vítor Buaiz;
132141;https://dadosabertos.camara.leg.br/api/v2/deputados/132141;VITOR TROVÃO;Vitor Dias Trovão;
139384;https://dadosabertos.camara.leg.br/api/v2/deputados/139384;WALDYR PUGLIESI;Waldyr Ortêncio Pugliesi;
139385;https://dadosabertos.camara.leg.br/api/v2/deputados/139385;WALMOR DE LUCA;Walmor Paulo de Luca;
139386;https://dadosabertos.camara.leg.br/api/v2/deputados/139386;WILMA MAIA;Wilma Maria de Faria Maia;
139387;https://dadosabertos.camara.leg.br/api/v2/deputados/139387;ZIZA VALADARES;Luiz Otávio Ziza Mota Valadares;
131826;https://dadosabertos.camara.leg.br/api/v2/deputados/131826;ABDIAS NASCIMENTO;Abdias do Nascimento;
131827;https://dadosabertos.camara.leg.br/api/v2/deputados/131827;ADAIL VETTORAZZO;Adail Vettorazzo;
131828;https://dadosabertos.camara.leg.br/api/v2/deputados/131828;ADHEMAR GHISI;Adhemar Paladini Ghisi;
131829;https://dadosabertos.camara.leg.br/api/v2/deputados/131829;ADHEMAR SANTILLO;ADHEMAR SANTILLO;
131830;https://dadosabertos.camara.leg.br/api/v2/deputados/131830;ADROALDO CAMPOS;Adroaldo Campos Filho;
131831;https://dadosabertos.camara.leg.br/api/v2/deputados/131831;AÉCIO CUNHA;Aécio Ferreira da Cunha;
131832;https://dadosabertos.camara.leg.br/api/v2/deputados/131832;AGENOR MARIA;Agenor Nunes de Maria;
131833;https://dadosabertos.camara.leg.br/api/v2/deputados/131833;AIRON RIOS;Airon Carlos da Silva Rios;
131834;https://dadosabertos.camara.leg.br/api/v2/deputados/131834;AIRTON SOARES;Airton Estevens Soares;
131836;https://dadosabertos.camara.leg.br/api/v2/deputados/131836;ALBINO COIMBRA;Albino Coimbra Filho;
131837;https://dadosabertos.camara.leg.br/api/v2/deputados/131837;ALCIDES FRANCISCATO;Alcides Franciscato;
131967;https://dadosabertos.camara.leg.br/api/v2/deputados/131967;ALENCAR FURTADO;José Alencar Furtado;
132123;https://dadosabertos.camara.leg.br/api/v2/deputados/132123;ALFREDO MARQUES;Alfredo de Abreu Pereira Marques;
131839;https://dadosabertos.camara.leg.br/api/v2/deputados/131839;ALTAIR CHAGAS;Altair Chagas;
131838;https://dadosabertos.camara.leg.br/api/v2/deputados/131838;ALUÍZIO BEZERRA;ALUÍZIO BEZERRA DE OLIVEIRA;
131840;https://dadosabertos.camara.leg.br/api/v2/deputados/131840;ÁLVARO GAUDÊNCIO;Álvaro Gaudêncio Filho;
131841;https://dadosabertos.camara.leg.br/api/v2/deputados/131841;AMADEU GEARA;Amadeu Luiz de Mio Geara;
131842;https://dadosabertos.camara.leg.br/api/v2/deputados/131842;ANSELMO PERARO;Anselmo Santo Peraro;
131853;https://dadosabertos.camara.leg.br/api/v2/deputados/131853;ANTONIO AMARAL;Antonio Nonato do Amaral;
132113;https://dadosabertos.camara.leg.br/api/v2/deputados/132113;ANTONIO CUNHA;Francisco Antônio Ferreira da Cunha;
131857;https://dadosabertos.camara.leg.br/api/v2/deputados/131857;ANTÔNIO DIAS;Antônio Soares Dias;
131845;https://dadosabertos.camara.leg.br/api/v2/deputados/131845;ANTÔNIO FARIAS;Antônio Arruda de Farias;
131850;https://dadosabertos.camara.leg.br/api/v2/deputados/131850;ANTÔNIO FLORÊNCIO;Antônio Florêncio de Queiroz;
131849;https://dadosabertos.camara.leg.br/api/v2/deputados/131849;ANTONIO GOMES;Antonio da Costa Gomes;
131852;https://dadosabertos.camara.leg.br/api/v2/deputados/131852;ANTONIO MAZUREK;Antonio Mazurek;
131844;https://dadosabertos.camara.leg.br/api/v2/deputados/131844;ANTÔNIO MORAIS;ANTÔNIO ALVES DE MORAIS;
131854;https://dadosabertos.camara.leg.br/api/v2/deputados/131854;ANTÔNIO OSÓRIO;Antônio Osório Menezes Batista;
131848;https://dadosabertos.camara.leg.br/api/v2/deputados/131848;ANTÔNIO PONTES;Antônio Cordeiro Pontes;
131851;https://dadosabertos.camara.leg.br/api/v2/deputados/131851;ANTONIO VILLAÇA;Antônio Luiz Villaça Mendes;
131858;https://dadosabertos.camara.leg.br/api/v2/deputados/131858;ARGILANO DARIO;Argilano Dario;
131859;https://dadosabertos.camara.leg.br/api/v2/deputados/131859;ARILDO TELES;Arildo Matos Teles;
131860;https://dadosabertos.camara.leg.br/api/v2/deputados/131860;ARLINDO PORTO;Arlindo Augusto dos Santos Porto;
131861;https://dadosabertos.camara.leg.br/api/v2/deputados/131861;ARNALDO MACIEL;Arnaldo Barbosa Maciel;
131862;https://dadosabertos.camara.leg.br/api/v2/deputados/131862;AROLDO MOLETTA;Aroldo José Moletta;
131863;https://dadosabertos.camara.leg.br/api/v2/deputados/131863;ARY KFFURI;Ary Kffuri;
131915;https://dadosabertos.camara.leg.br/api/v2/deputados/131915;ASSUNCAO DE MACEDO;Francisco Assunção de Macedo;
131864;https://dadosabertos.camara.leg.br/api/v2/deputados/131864;AUGUSTO FRANCO;Augusto do Prado Franco;
131998;https://dadosabertos.camara.leg.br/api/v2/deputados/131998;AUGUSTO TREIN;Justiniano Augusto de Araújo Trein;
131865;https://dadosabertos.camara.leg.br/api/v2/deputados/131865;AURÉLIO PERES;Aurélio Peres;
131866;https://dadosabertos.camara.leg.br/api/v2/deputados/131866;BALTAZAR DE BEM E CANTO;Balthazar de Bem e Canto;
131969;https://dadosabertos.camara.leg.br/api/v2/deputados/131969;BATALHA DE GÓES;José Batalha de Góes;
131855;https://dadosabertos.camara.leg.br/api/v2/deputados/131855;BAYMA JUNIOR;Antônio Rodrigues Bayma Junior;
131867;https://dadosabertos.camara.leg.br/api/v2/deputados/131867;BENTO PORTO;Bento Souza Porto;
132050;https://dadosabertos.camara.leg.br/api/v2/deputados/132050;BRABO DE CARVALHO;Oswaldo Brabo de Carvalho;
131868;https://dadosabertos.camara.leg.br/api/v2/deputados/131868;BRASÍLIO CAIADO;Brasílio Ramos Caiado;
131869;https://dadosabertos.camara.leg.br/api/v2/deputados/131869;CARLOS ALBERTO DE'CARLI;Carlos Alberto de'Carli;
131870;https://dadosabertos.camara.leg.br/api/v2/deputados/131870;CARLOS ELOY;Carlos Eloy Carvalho Guimarães;
131872;https://dadosabertos.camara.leg.br/api/v2/deputados/131872;CARLOS MAGALHÃES;CARLOS JOSÉ MAGALHÃES DE MELO;
132124;https://dadosabertos.camara.leg.br/api/v2/deputados/132124;CARLOS OLIVEIRA;Carlos Augusto de Oliveira;
131871;https://dadosabertos.camara.leg.br/api/v2/deputados/131871;CARLOS PEÇANHA;Carlos Ferreira Peçanha;
131847;https://dadosabertos.camara.leg.br/api/v2/deputados/131847;CARNEIRO ARNAUD;Antônio Carneiro Arnaud;
131874;https://dadosabertos.camara.leg.br/api/v2/deputados/131874;CASILDO MALDANER;Casildo João Maldaner;
131875;https://dadosabertos.camara.leg.br/api/v2/deputados/131875;CASSIO GONCALVES;Cássio Gonçalves;
131948;https://dadosabertos.camara.leg.br/api/v2/deputados/131948;CASTEJON BRANCO;João Batista Castejon Branco;
131877;https://dadosabertos.camara.leg.br/api/v2/deputados/131877;CELSO AMARAL;Celso Fortes Amaral;
132125;https://dadosabertos.camara.leg.br/api/v2/deputados/132125;CELSO BARROS;CELSO BARROS COELHO;
132083;https://dadosabertos.camara.leg.br/api/v2/deputados/132083;CELSO CARVALHO;Sebastião Celso de Carvalho;
131878;https://dadosabertos.camara.leg.br/api/v2/deputados/131878;CELSO PEÇANHA;Celso Peçanha;
131876;https://dadosabertos.camara.leg.br/api/v2/deputados/131876;CELSO SABOIA;Celso da Costa Sabóia;
131879;https://dadosabertos.camara.leg.br/api/v2/deputados/131879;CLARCK PLATON;Clarck Charles Platon;
131924;https://dadosabertos.camara.leg.br/api/v2/deputados/131924;CLAUDINO SALES;Gonçalo Claudino Sales;
131880;https://dadosabertos.camara.leg.br/api/v2/deputados/131880;CLÁUDIO PHILOMENO;Cláudio Moreira Philomeno Gomes;
131881;https://dadosabertos.camara.leg.br/api/v2/deputados/131881;CLEMIR RAMOS;CLEMIR DA SILVA RAMOS;
132122;https://dadosabertos.camara.leg.br/api/v2/deputados/132122;CORREIA LIMA;Adalberto Alexandrino Correia Lima;
132139;https://dadosabertos.camara.leg.br/api/v2/deputados/132139;COUTINHO JORGE;Fernando Coutinho Jorge;
131999;https://dadosabertos.camara.leg.br/api/v2/deputados/131999;CRISTINO CÔRTES;Ladislau Cristino Côrtes;
131883;https://dadosabertos.camara.leg.br/api/v2/deputados/131883;DANTE DE OLIVEIRA;Dante Martins de Oliveira;
131884;https://dadosabertos.camara.leg.br/api/v2/deputados/131884;DARCILIO AYRES;Darcílio Ayres Raunheitti;
131885;https://dadosabertos.camara.leg.br/api/v2/deputados/131885;DARCY PASSOS;Darcy Paulillo dos Passos;
131886;https://dadosabertos.camara.leg.br/api/v2/deputados/131886;DARIO TAVARES;Dario de Faria Tavares;
131887;https://dadosabertos.camara.leg.br/api/v2/deputados/131887;DÉLIO DOS SANTOS;Délio dos Santos;
131888;https://dadosabertos.camara.leg.br/api/v2/deputados/131888;DELSON SCARANO;Delson Scarano;
131889;https://dadosabertos.camara.leg.br/api/v2/deputados/131889;DILSON FANCHIN;Dilson Fanchin;
131890;https://dadosabertos.camara.leg.br/api/v2/deputados/131890;DIMAS PERRIN;Dimas da Annunciação Perrin;
131891;https://dadosabertos.camara.leg.br/api/v2/deputados/131891;DIRCEU CARNEIRO;Dirceu José Carneiro;
131892;https://dadosabertos.camara.leg.br/api/v2/deputados/131892;DJALMA BESSA;Djalma Alves Bessa;
131893;https://dadosabertos.camara.leg.br/api/v2/deputados/131893;DJALMA BOM;Djalma de Souza Bom;
132127;https://dadosabertos.camara.leg.br/api/v2/deputados/132127;DJALMA FALCÃO;Djalma Marinho Muniz Falcão;
131894;https://dadosabertos.camara.leg.br/api/v2/deputados/131894;EDISON GARCIA;Edison Britto Garcia;
131895;https://dadosabertos.camara.leg.br/api/v2/deputados/131895;EDISON LOBÃO;Edison Lobão;
131896;https://dadosabertos.camara.leg.br/api/v2/deputados/131896;EDSON TESSIER;Edson Tessier;
131897;https://dadosabertos.camara.leg.br/api/v2/deputados/131897;EDUARDO GALIL;Eduardo Galil;
132128;https://dadosabertos.camara.leg.br/api/v2/deputados/132128;EDUARDO MATARAZZO SUPLICY;Eduardo Matarazzo Suplicy;
131898;https://dadosabertos.camara.leg.br/api/v2/deputados/131898;ELQUISSON SOARES;Elquisson Dias Soares;
131902;https://dadosabertos.camara.leg.br/api/v2/deputados/131902;EMÍDIO PERONDI;Emídio Odosio Perondi;
131900;https://dadosabertos.camara.leg.br/api/v2/deputados/131900;EMILIO GALLO;Emílio Eddstone Duarte Gallo;
131901;https://dadosabertos.camara.leg.br/api/v2/deputados/131901;EMÍLIO HADDAD;Emílio Haddah Filho;
131899;https://dadosabertos.camara.leg.br/api/v2/deputados/131899;EMMANUEL CRUZ;Emmanuel Martins da Cruz;
131903;https://dadosabertos.camara.leg.br/api/v2/deputados/131903;ENIO ANDRADE BRANCO;Enio Andrade Branco;
131904;https://dadosabertos.camara.leg.br/api/v2/deputados/131904;EPITACIO BITTENCOURT;Epitácio Bittencourt;
131905;https://dadosabertos.camara.leg.br/api/v2/deputados/131905;EPITÁCIO CAFETEIRA;Epitácio Cafeteira Afonso Pereira;
132111;https://dadosabertos.camara.leg.br/api/v2/deputados/132111;ERANI MULLER;Erani Guilherme Muller;
131906;https://dadosabertos.camara.leg.br/api/v2/deputados/131906;ERNANI SATYRO;Ernâni Ayres Satyro e Sousa;
131907;https://dadosabertos.camara.leg.br/api/v2/deputados/131907;ERNESTO DE MARCO;Ernesto José de Marco;
131908;https://dadosabertos.camara.leg.br/api/v2/deputados/131908;ESTEVAM GALVAO;Estevam Galvão de Oliveira;
131916;https://dadosabertos.camara.leg.br/api/v2/deputados/131916;ETELVIR DANTAS;Francisco Etelvir Dantas;
131909;https://dadosabertos.camara.leg.br/api/v2/deputados/131909;EVALDO AMARAL;Evaldo Amaral;
131910;https://dadosabertos.camara.leg.br/api/v2/deputados/131910;EVANDRO AYRES DE MOURA;Evandro Ayres de Moura;
131912;https://dadosabertos.camara.leg.br/api/v2/deputados/131912;FABIANO BRAGA CORTES;Fabiano Braga Côrtes;
132130;https://dadosabertos.camara.leg.br/api/v2/deputados/132130;FERNANDO CARVALHO;Fernado Souza Ribeiro de Carvalho;
132129;https://dadosabertos.camara.leg.br/api/v2/deputados/132129;FERNANDO COLLOR;Fernando Affonso Collor de Mello;
131913;https://dadosabertos.camara.leg.br/api/v2/deputados/131913;FERNANDO MAGALHÃES;Fernando Wilson Araújo Magalhães;
132112;https://dadosabertos.camara.leg.br/api/v2/deputados/132112;FERNANDO VIEGAS;Fernando Bruggemann Viegas de Amorim;
132011;https://dadosabertos.camara.leg.br/api/v2/deputados/132011;FERREIRA MARTINS;Luiz Ferreira Martins;
131981;https://dadosabertos.camara.leg.br/api/v2/deputados/131981;FIGUEIREDO FILHO;José Joaquim de Figueiredo Filho;
131914;https://dadosabertos.camara.leg.br/api/v2/deputados/131914;FLAVIO BIERRENBACH;Flávio Flores da Cunha Bierrenbach;
132131;https://dadosabertos.camara.leg.br/api/v2/deputados/132131;FRANCISCO ERSE;Francisco José Chiquilito Coimbra Erse;
131920;https://dadosabertos.camara.leg.br/api/v2/deputados/131920;FRANCISCO ROLLEMBERG;Francisco Guimarães Rollemberg;
131918;https://dadosabertos.camara.leg.br/api/v2/deputados/131918;FRANCISCO STUDART;Francisco José Ferreira Studart;
131843;https://dadosabertos.camara.leg.br/api/v2/deputados/131843;FREITAS NETO;Antônio de Almendra Freitas Neto;
131975;https://dadosabertos.camara.leg.br/api/v2/deputados/131975;FREITAS NOBRE;José Freitas Nobre;
131921;https://dadosabertos.camara.leg.br/api/v2/deputados/131921;FUED DIB;Fued José Dib;
131922;https://dadosabertos.camara.leg.br/api/v2/deputados/131922;GERARDO RENAULT;Gerardo Henrique Machado Renault;
131923;https://dadosabertos.camara.leg.br/api/v2/deputados/131923;GILSON DE BARROS;Gilson Duarte de Barros;
131977;https://dadosabertos.camara.leg.br/api/v2/deputados/131977;GILTON GARCIA;José Gilton Pinto Garcia;
132061;https://dadosabertos.camara.leg.br/api/v2/deputados/132061;GIÓIA JUNIOR;Rafael Gióia Martins Júnior;
132064;https://dadosabertos.camara.leg.br/api/v2/deputados/132064;GOMES DA SILVA;Raimundo Gomes da Silva;
132012;https://dadosabertos.camara.leg.br/api/v2/deputados/132012;GONZAGA VASCONCELOS;Luiz de Gonzaga Andrade Vasconcelos;
132140;https://dadosabertos.camara.leg.br/api/v2/deputados/132140;GORGONIO NETO;Gorgonio José de Araújo Neto;
131925;https://dadosabertos.camara.leg.br/api/v2/deputados/131925;GUIDO MOESCH;Guido Moesh;
131926;https://dadosabertos.camara.leg.br/api/v2/deputados/131926;HAMILTON XAVIER;Hamilton Xavier;
131928;https://dadosabertos.camara.leg.br/api/v2/deputados/131928;HARRY AMORIM;Harry Amorim Costa;
131927;https://dadosabertos.camara.leg.br/api/v2/deputados/131927;HARRY SAUER;Harry Alziro Sauer;
131929;https://dadosabertos.camara.leg.br/api/v2/deputados/131929;HELIO CORREIA;Hèlio Correia de Mello;
131930;https://dadosabertos.camara.leg.br/api/v2/deputados/131930;HÉLIO DANTAS;Hélio Dantas;
131931;https://dadosabertos.camara.leg.br/api/v2/deputados/131931;HERBERT LEVY;Herbert Victor Levy;
131932;https://dadosabertos.camara.leg.br/api/v2/deputados/131932;HERBERTO RAMOS;Herberto Eugênio Nascimento Ramos;
131933;https://dadosabertos.camara.leg.br/api/v2/deputados/131933;HORÁCIO MATOS;Horácio Matos Júnior;
131934;https://dadosabertos.camara.leg.br/api/v2/deputados/131934;HORACIO ORTIZ;Horácio Ortiz;
131979;https://dadosabertos.camara.leg.br/api/v2/deputados/131979;HUGO MARDINI;José Hugo Mardini;
131935;https://dadosabertos.camara.leg.br/api/v2/deputados/131935;IBSEN DE CASTRO;Ibsen Henrique de Castro;
131936;https://dadosabertos.camara.leg.br/api/v2/deputados/131936;IRAM SARAIVA;Iram de Almeida Saraiva;
131937;https://dadosabertos.camara.leg.br/api/v2/deputados/131937;IRAPUAM COSTA JUNIOR;Irapuan Costa Júnior;
131917;https://dadosabertos.camara.leg.br/api/v2/deputados/131917;IRINEU BRZEZINSKI;Francisco Irineu Brzezinski;
131938;https://dadosabertos.camara.leg.br/api/v2/deputados/131938;IRINEU COLATO;Irineu Colato;
131939;https://dadosabertos.camara.leg.br/api/v2/deputados/131939;ISRAEL DIAS NOVAES;Israel Dias Novaes;
131940;https://dadosabertos.camara.leg.br/api/v2/deputados/131940;ÍTALO CONTI;Ítalo Conti;
1590;https://dadosabertos.camara.leg.br/api/v2/deputados/1590;IVETTE VARGAS;Cândida Ivette Vargas Tatsch Martins;
132114;https://dadosabertos.camara.leg.br/api/v2/deputados/132114;IVO AMBRÓSIO;Ivo Ambrósio;
131882;https://dadosabertos.camara.leg.br/api/v2/deputados/131882;JACQUES D'ORNELLAS;DALTRO JACQUES D'ORNELLAS;
131941;https://dadosabertos.camara.leg.br/api/v2/deputados/131941;JAIME CÂMARA;Jaime Câmara;
131942;https://dadosabertos.camara.leg.br/api/v2/deputados/131942;JAIRO MAGALHÃES;Jairo Monteiro da Cunha Magalhães;
131978;https://dadosabertos.camara.leg.br/api/v2/deputados/131978;JG DE ARAÚJO JORGE;José Guilherme de Araújo Jorge;
131944;https://dadosabertos.camara.leg.br/api/v2/deputados/131944;JIULIO CARUSO;Jiulio Caruso;
131945;https://dadosabertos.camara.leg.br/api/v2/deputados/131945;JOACIL PEREIRA;Joacil de Brito Pereira;
131946;https://dadosabertos.camara.leg.br/api/v2/deputados/131946;JOÃO AGRIPINO;João Agripino Filho;
132116;https://dadosabertos.camara.leg.br/api/v2/deputados/132116;JOÃO AUGUSTO;João Augusto Figueiredo de Oliveira;
131947;https://dadosabertos.camara.leg.br/api/v2/deputados/131947;JOÃO BASTOS;João Bastos Soares;
131950;https://dadosabertos.camara.leg.br/api/v2/deputados/131950;JOÃO CARLOS DE CARLI;João Carlos de Petribu De Carli;
132132;https://dadosabertos.camara.leg.br/api/v2/deputados/132132;JOÃO DIVINO;João Divino Dorneles;
131951;https://dadosabertos.camara.leg.br/api/v2/deputados/131951;JOÃO GILBERTO;João Gilberto Lucas Coelho;
132126;https://dadosabertos.camara.leg.br/api/v2/deputados/132126;JOÃO HERCULINO;João Herculino de Souza Lopes;
131949;https://dadosabertos.camara.leg.br/api/v2/deputados/131949;JOÃO MARQUES;João Batista Figueira Marques;
131959;https://dadosabertos.camara.leg.br/api/v2/deputados/131959;JOÃO PAGANELLA;João Valvite Paganella;
131957;https://dadosabertos.camara.leg.br/api/v2/deputados/131957;JOÃO REBELO;João Rebelo Vieira;
131961;https://dadosabertos.camara.leg.br/api/v2/deputados/131961;JOAQUIM RORIZ;Joaquim Domingos Roriz;
131963;https://dadosabertos.camara.leg.br/api/v2/deputados/131963;JÔNATHAS NUNES;Jônathas de Barros Nunes;
131964;https://dadosabertos.camara.leg.br/api/v2/deputados/131964;JORGE CARONE;JORGE CARONE FILHO;
132133;https://dadosabertos.camara.leg.br/api/v2/deputados/132133;JORGE FERRAZ;Jorge Ferraz;
131965;https://dadosabertos.camara.leg.br/api/v2/deputados/131965;JORGE VARGAS;Jorge Vargas;
131968;https://dadosabertos.camara.leg.br/api/v2/deputados/131968;JOSÉ APARECIDO;José Aparecido de Oliveira;
131972;https://dadosabertos.camara.leg.br/api/v2/deputados/131972;JOSÉ CARLOS FAGUNDES;José Carlos Raposo Fagundes Netto;
131970;https://dadosabertos.camara.leg.br/api/v2/deputados/131970;JOSÉ CARLOS FONSECA;José Carlos da Fonseca;
131971;https://dadosabertos.camara.leg.br/api/v2/deputados/131971;JOSÉ CARLOS TEIXEIRA;José Carlos Mesquita Teixeira;
131973;https://dadosabertos.camara.leg.br/api/v2/deputados/131973;JOSÉ COLAGROSSI;José Colagrossi Filho;
131974;https://dadosabertos.camara.leg.br/api/v2/deputados/131974;JOSÉ EUDES;José Eudes Freitas;
131976;https://dadosabertos.camara.leg.br/api/v2/deputados/131976;JOSÉ FREJAT;José Frejat;
131980;https://dadosabertos.camara.leg.br/api/v2/deputados/131980;JOSÉ LINS DE ALBUQUERQUE;José de Jesus Lins de Albuquerque;
131984;https://dadosabertos.camara.leg.br/api/v2/deputados/131984;JOSÉ MACHADO;José Machado Sobrinho;
131988;https://dadosabertos.camara.leg.br/api/v2/deputados/131988;JOSÉ MARIA MAGALHÃES;José Maria Magalhães;
131991;https://dadosabertos.camara.leg.br/api/v2/deputados/131991;JOSÉ RIBAMAR MACHADO;José Ribamar de Faria Machado;
131995;https://dadosabertos.camara.leg.br/api/v2/deputados/131995;JOSIAS LEITE;Josias Ferreira Leite;
131996;https://dadosabertos.camara.leg.br/api/v2/deputados/131996;JOSUÉ DE SOUZA;Josué Cláudio de Souza;
131997;https://dadosabertos.camara.leg.br/api/v2/deputados/131997;JUAREZ BATISTA;Juarez Batista;
131952;https://dadosabertos.camara.leg.br/api/v2/deputados/131952;JUAREZ BERNARDES;João Juarez Bernardes;
1712;https://dadosabertos.camara.leg.br/api/v2/deputados/1712;JÚNIA MARISE;Junia Marise Azeredo Coutinho;
132115;https://dadosabertos.camara.leg.br/api/v2/deputados/132115;JURACY PALHANO;João Juracy Palhano Freire;
132000;https://dadosabertos.camara.leg.br/api/v2/deputados/132000;LÁZARO DE CARVALHO;Lázaro José de Carvalho;
132001;https://dadosabertos.camara.leg.br/api/v2/deputados/132001;LÉO NEVES;Léo de Almeida Neves;
132002;https://dadosabertos.camara.leg.br/api/v2/deputados/132002;LÉO SIMÕES;Léo Mello Simões;
132003;https://dadosabertos.camara.leg.br/api/v2/deputados/132003;LEÔNIDAS RACHID;Leônidas Rachid Jaudy;
132004;https://dadosabertos.camara.leg.br/api/v2/deputados/132004;LEÔNIDAS SAMPAIO;Leônidas Sampaio Fernandes;
132005;https://dadosabertos.camara.leg.br/api/v2/deputados/132005;LEORNE BELEM;Leorne Menescal Belem de Holanda;
131953;https://dadosabertos.camara.leg.br/api/v2/deputados/131953;LUCENA LEAL;João Lucena Leal;
1784;https://dadosabertos.camara.leg.br/api/v2/deputados/1784;LÚCIA VIVEIROS;Lúcia Daltro Viveiros;
132007;https://dadosabertos.camara.leg.br/api/v2/deputados/132007;LUDGERO RAULINO;Ludgero Raulino da Silva Neto;
132009;https://dadosabertos.camara.leg.br/api/v2/deputados/132009;LUIZ ANTÔNIO FAYET;Luiz Antônio de Camargo Fayet;
131982;https://dadosabertos.camara.leg.br/api/v2/deputados/131982;LUIZ BACCARINI;José Luiz Bacarini;
132010;https://dadosabertos.camara.leg.br/api/v2/deputados/132010;LUIZ BAPTISTA;Luiz Baptista;
132013;https://dadosabertos.camara.leg.br/api/v2/deputados/132013;LUIZ DULCI;Luiz Soares Dulci;
131983;https://dadosabertos.camara.leg.br/api/v2/deputados/131983;LUIZ GUEDES;José Luiz Moreira Guedes;
132008;https://dadosabertos.camara.leg.br/api/v2/deputados/132008;LUIZ SEFAIR;LUIZ ABRAHAO SEFAIR;
131960;https://dadosabertos.camara.leg.br/api/v2/deputados/131960;MAC DOWELL LEITE DE CASTRO;Joaquim Affonso Mac Dowell Leite de Castro;
132014;https://dadosabertos.camara.leg.br/api/v2/deputados/132014;MAÇAO TADANO;Maçao Tadano;
131985;https://dadosabertos.camara.leg.br/api/v2/deputados/131985;MAGALHÃES PINTO;José de Magalhães Pinto;
132015;https://dadosabertos.camara.leg.br/api/v2/deputados/132015;MANOEL AFFONSO;Manoel Affonso de Mello Neto;
132019;https://dadosabertos.camara.leg.br/api/v2/deputados/132019;MANOEL COSTA JÚNIOR;Manoel da Silva Costa Júnior;
132016;https://dadosabertos.camara.leg.br/api/v2/deputados/132016;MANOEL DE SOUZA;Manoel Carlos de Souza;
132018;https://dadosabertos.camara.leg.br/api/v2/deputados/132018;MANOEL GONÇALVES;Manoel Gonçalves e Silva;
132017;https://dadosabertos.camara.leg.br/api/v2/deputados/132017;MANOEL NOVAES;Manoel Cavalcanti Novaes;
132059;https://dadosabertos.camara.leg.br/api/v2/deputados/132059;MANSUETO DE LAVOR;Pedro Mansueto de Lavor;
131835;https://dadosabertos.camara.leg.br/api/v2/deputados/131835;MARCELO GATO;Alberto Marcelo Gato;
132020;https://dadosabertos.camara.leg.br/api/v2/deputados/132020;MARCELO LINHARES;Marcelo Caracas Linhares;
132021;https://dadosabertos.camara.leg.br/api/v2/deputados/132021;MARCELO MEDEIROS;Marcelo Machado Medeiros;
131986;https://dadosabertos.camara.leg.br/api/v2/deputados/131986;MARCIO LACERDA;José Marcio Panoff de Lacerda;
132023;https://dadosabertos.camara.leg.br/api/v2/deputados/132023;MÁRCIO MACEDO;Márcio José de Carneiro Macedo;
132022;https://dadosabertos.camara.leg.br/api/v2/deputados/132022;MÁRCIO SANTILLI;Márcio José Brando Santilli;
131987;https://dadosabertos.camara.leg.br/api/v2/deputados/131987;MARCONDES PEREIRA;José Marcondes Pereira;
132024;https://dadosabertos.camara.leg.br/api/v2/deputados/132024;MÁRIO COVAS;Mário Covas Júnior;
131989;https://dadosabertos.camara.leg.br/api/v2/deputados/131989;MÁRIO FROTA;José Mário Frota Moreira;
132025;https://dadosabertos.camara.leg.br/api/v2/deputados/132025;MARIO HATO;Mário Hato;
132026;https://dadosabertos.camara.leg.br/api/v2/deputados/132026;MÁRIO JURUNA;Mário Juruna;
131954;https://dadosabertos.camara.leg.br/api/v2/deputados/131954;MENDONÇA FALCÃO;João Mendonça Falcão;
132089;https://dadosabertos.camara.leg.br/api/v2/deputados/132089;MILTON BRANDÃO;Tertuliano Milton Brandão;
132027;https://dadosabertos.camara.leg.br/api/v2/deputados/132027;MILTON FIGUEIREDO;Milton Teixeira de Figueiredo;
132029;https://dadosabertos.camara.leg.br/api/v2/deputados/132029;MOACIR FRANCO;Moacir de Oliveira Franco;
132030;https://dadosabertos.camara.leg.br/api/v2/deputados/132030;MÚCIO ATHAYDE;Múcio Athayde;
132028;https://dadosabertos.camara.leg.br/api/v2/deputados/132028;MYRTHES BEVILACQUA;Myrthes Bevilacqua Corradi;
132031;https://dadosabertos.camara.leg.br/api/v2/deputados/132031;NADYR ROSSETTI;Nadyr Rosseti;
132032;https://dadosabertos.camara.leg.br/api/v2/deputados/132032;NAGIB HAICKEL;Nagib Haickel;
132033;https://dadosabertos.camara.leg.br/api/v2/deputados/132033;NATAL GALE;Natal Gale;
132084;https://dadosabertos.camara.leg.br/api/v2/deputados/132084;NAVARRO VIEIRA FILHO;Sebastião Navarro Vieira Filho;
132036;https://dadosabertos.camara.leg.br/api/v2/deputados/132036;NELSON COSTA;Nelson Simões Costa;
132035;https://dadosabertos.camara.leg.br/api/v2/deputados/132035;NELSON DO CARMO;Nelson do Carmo;
132134;https://dadosabertos.camara.leg.br/api/v2/deputados/132134;NELSON WEDEKIN;Nelson Wedekin;
132121;https://dadosabertos.camara.leg.br/api/v2/deputados/132121;NETTO CAMPOS;Sebastião Netto Campos;
131919;https://dadosabertos.camara.leg.br/api/v2/deputados/131919;NEY FERREIRA;Francisco Ney Ferreira;
132037;https://dadosabertos.camara.leg.br/api/v2/deputados/132037;NILTON ALVES;Nilton Alves da Silva;
132038;https://dadosabertos.camara.leg.br/api/v2/deputados/132038;NORTON MACEDO;Norton Macedo Correia;
132039;https://dadosabertos.camara.leg.br/api/v2/deputados/132039;NYLTON VELLOSO;Nylton Moreira Velloso;
132040;https://dadosabertos.camara.leg.br/api/v2/deputados/132040;OCTACÍLIO ALMEIDA;Octacílio Alves de Almeida;
132041;https://dadosabertos.camara.leg.br/api/v2/deputados/132041;OCTACÍLIO QUEIROZ;Octacilio Nóbrega de Queiroz;
132042;https://dadosabertos.camara.leg.br/api/v2/deputados/132042;OCTÁVIO CESÁRIO;Octávio Cesário Pereira Júnior;
132135;https://dadosabertos.camara.leg.br/api/v2/deputados/132135;ODILON SALMORIA;Odilon Sebastião Salmoria;
132043;https://dadosabertos.camara.leg.br/api/v2/deputados/132043;OLAVO PIRES;Olavo Gomes Pires Filho;
131955;https://dadosabertos.camara.leg.br/api/v2/deputados/131955;OLIVIR GABARDO;João Olivir Gabardo;
132044;https://dadosabertos.camara.leg.br/api/v2/deputados/132044;OLY FACHIN;Oly Erico da Costa Fachin;
132045;https://dadosabertos.camara.leg.br/api/v2/deputados/132045;ONÍSIO LUDOVICO;Onísio Ludovico de Almeida;
132046;https://dadosabertos.camara.leg.br/api/v2/deputados/132046;ORESTES MUNIZ;Orestes Muniz Filho;
132047;https://dadosabertos.camara.leg.br/api/v2/deputados/132047;OSCAR ALVES;Oscar Alves;
132117;https://dadosabertos.camara.leg.br/api/v2/deputados/132117;OSÉAS CARDOSO;Oséas Cardoso Paes;
132048;https://dadosabertos.camara.leg.br/api/v2/deputados/132048;OSSIAN ARARIPE;Ossian Alencar Araripe;
132051;https://dadosabertos.camara.leg.br/api/v2/deputados/132051;OSVALDO MURTA;Osvaldo Miranda Murta;
132049;https://dadosabertos.camara.leg.br/api/v2/deputados/132049;OSVALDO NASCIMENTO;Osvaldo Nascimento da Silva;
132006;https://dadosabertos.camara.leg.br/api/v2/deputados/132006;OZANAM COELHO;Levindo Ozanam Coelho;
131956;https://dadosabertos.camara.leg.br/api/v2/deputados/131956;PACHECO CHAVES;João Pacheco e Chaves;
132119;https://dadosabertos.camara.leg.br/api/v2/deputados/132119;PAULO CARNEIRO;Paulo Germano Carneiro Pordeus;
132054;https://dadosabertos.camara.leg.br/api/v2/deputados/132054;PAULO GUERRA;Paulo Fernando Batista Guerra;
132053;https://dadosabertos.camara.leg.br/api/v2/deputados/132053;PAULO MARQUES;Paulo David da Costa Marques;
132052;https://dadosabertos.camara.leg.br/api/v2/deputados/132052;PAULO MELRO;Paulo Affonso de Freitas Melro;
132055;https://dadosabertos.camara.leg.br/api/v2/deputados/132055;PAULO NOGUEIRA;Paulo Pereira Nogueira;
132118;https://dadosabertos.camara.leg.br/api/v2/deputados/132118;PAULO XAVIER;Paulo Carvalho Xavier;
132060;https://dadosabertos.camara.leg.br/api/v2/deputados/132060;PEDRO COLIN;Pedro Paulo Hings Colin;
132058;https://dadosabertos.camara.leg.br/api/v2/deputados/132058;PEDRO GERMANO;Pedro Chafik Germano;
132057;https://dadosabertos.camara.leg.br/api/v2/deputados/132057;PEDRO SAMPAIO;Pedro Arthur Sampaio;
132063;https://dadosabertos.camara.leg.br/api/v2/deputados/132063;RAIMUNDO LEITE;Raimundo da Cunha Leite;
132067;https://dadosabertos.camara.leg.br/api/v2/deputados/132067;RANDOLFO BITTENCOURT;Randolpho de Souza Bittencourt;
132068;https://dadosabertos.camara.leg.br/api/v2/deputados/132068;RAUL BERNARDO;Raul Bernardo Nelson de Senna;
132062;https://dadosabertos.camara.leg.br/api/v2/deputados/132062;RAYMUNDO ASFÓRA;Raymundo Asfóra;
132065;https://dadosabertos.camara.leg.br/api/v2/deputados/132065;RAYMUNDO URBANO;Raymundo Urbano;
132071;https://dadosabertos.camara.leg.br/api/v2/deputados/132071;RENATO AZEREDO;Renato Mário de Avelar Azeredo;
132070;https://dadosabertos.camara.leg.br/api/v2/deputados/132070;RENATO BUENO;Renato Loures Bueno;
132069;https://dadosabertos.camara.leg.br/api/v2/deputados/132069;RENATO CORDEIRO;Renato Cordeiro;
132072;https://dadosabertos.camara.leg.br/api/v2/deputados/132072;RICARDO RIBEIRO;Ricardo Christiano Ribeiro;
132073;https://dadosabertos.camara.leg.br/api/v2/deputados/132073;RÔMULO GALVÃO;Rômulo Galvão de Carvalho;
131992;https://dadosabertos.camara.leg.br/api/v2/deputados/131992;RONALDO CAMPOS;José Ronaldo Campos de Souza;
132074;https://dadosabertos.camara.leg.br/api/v2/deputados/132074;RONALDO CANÊDO;Ronaldo Passos Canêdo;
132075;https://dadosabertos.camara.leg.br/api/v2/deputados/132075;RONAN TITO;Ronan Tito de Almeida;
132076;https://dadosabertos.camara.leg.br/api/v2/deputados/132076;RONDON PACHECO;Rondon Pacheco;
131846;https://dadosabertos.camara.leg.br/api/v2/deputados/131846;ROSA FLORES;Antônio Carlos Rosa Flores;
132077;https://dadosabertos.camara.leg.br/api/v2/deputados/132077;ROSEMBURGO ROMANO;Rosemburgo Romano;
132078;https://dadosabertos.camara.leg.br/api/v2/deputados/132078;RUBENS ARDENGHI;Rubens Ardengui;
131962;https://dadosabertos.camara.leg.br/api/v2/deputados/131962;RUY BACELAR;Joaquim Ruy Paulilo Bacelar;
132079;https://dadosabertos.camara.leg.br/api/v2/deputados/132079;RUY CÔDO;Ruy Oswaldo Côdo;
131993;https://dadosabertos.camara.leg.br/api/v2/deputados/131993;RUY LINO;José Ruy da Silveira Lino;
131856;https://dadosabertos.camara.leg.br/api/v2/deputados/131856;SALLES LEITE;Antonio Salles Leite;
131994;https://dadosabertos.camara.leg.br/api/v2/deputados/131994;SALVADOR JULIANELLI;José Salvador Julianelli;
131911;https://dadosabertos.camara.leg.br/api/v2/deputados/131911;SARAMAGO PINHEIRO;Ewaldo Saramago Pinheiro;
132120;https://dadosabertos.camara.leg.br/api/v2/deputados/132120;SATURNINO DADAM;Saturnino Dadam;
132080;https://dadosabertos.camara.leg.br/api/v2/deputados/132080;SEBASTIÃO ATAIDE;Sebastião Ataide de Melo;
132081;https://dadosabertos.camara.leg.br/api/v2/deputados/132081;SEBASTIÃO CURIÓ;Sebastião Curió Rodrigues de Moura;
132082;https://dadosabertos.camara.leg.br/api/v2/deputados/132082;SEBASTIÃO NERY;Sebastião Augusto de Souza Nery;
132136;https://dadosabertos.camara.leg.br/api/v2/deputados/132136;SEBASTIÃO RODRIGUES JÚNIOR;Sebastião Rodrigues de Souza Júnior;
131958;https://dadosabertos.camara.leg.br/api/v2/deputados/131958;SEIXAS DÓRIA;João de Seixas Dória;
132137;https://dadosabertos.camara.leg.br/api/v2/deputados/132137;SERGIO CRUZ;Sérgio Manoel da Cruz;
132085;https://dadosabertos.camara.leg.br/api/v2/deputados/132085;SÉRGIO LOMBA;Sérgio Antônio Lessa Lomba;
132138;https://dadosabertos.camara.leg.br/api/v2/deputados/132138;SÉRGIO MURILO;Sérgio Murilo Santa Cruz Silva;
132086;https://dadosabertos.camara.leg.br/api/v2/deputados/132086;SÉRGIO PHILOMENO;Sérgio Moreira Philomeno Gomes;
132087;https://dadosabertos.camara.leg.br/api/v2/deputados/132087;SIEGRIED HEUSER;Siegfried Emanuel Heuser;
131990;https://dadosabertos.camara.leg.br/api/v2/deputados/131990;TAPETY JÚNIOR;José Nogueira Tapety Júnior;
132088;https://dadosabertos.camara.leg.br/api/v2/deputados/132088;TARCÍSIO BURITY;Tarcísio de Miranda Burity;
132090;https://dadosabertos.camara.leg.br/api/v2/deputados/132090;THALES RAMALHO;Thales Bezerra de Albuquerque Ramalho;
3141;https://dadosabertos.camara.leg.br/api/v2/deputados/3141;THOMAZ COELHO;Thomaz José Coelho de Almeida;
132091;https://dadosabertos.camara.leg.br/api/v2/deputados/132091;TOBIAS ALVES;Tobias Alves Rodrigues;
132092;https://dadosabertos.camara.leg.br/api/v2/deputados/132092;UBALDINO MEIRELLES;Ubaldino Meirelles da Silva;
132093;https://dadosabertos.camara.leg.br/api/v2/deputados/132093;UBALDO BARÉM;Ubaldo Barém;
132094;https://dadosabertos.camara.leg.br/api/v2/deputados/132094;VALDON VARJÃO;Valdon Varjão;
132095;https://dadosabertos.camara.leg.br/api/v2/deputados/132095;VALMOR GIAVARINA;Valmor Santos Giavarina;
132096;https://dadosabertos.camara.leg.br/api/v2/deputados/132096;VICENTE GUABIROBA;Vicente Fernandes Guabiroba;
132098;https://dadosabertos.camara.leg.br/api/v2/deputados/132098;VICENTE PENIDO;Vicente de Paulo Penido;
132097;https://dadosabertos.camara.leg.br/api/v2/deputados/132097;VICENTE QUEIROZ;Vicente de Paula Queiroz;
132099;https://dadosabertos.camara.leg.br/api/v2/deputados/132099;VILSON KLEINÜBING;Vilson Pedro Kleinübing;
132100;https://dadosabertos.camara.leg.br/api/v2/deputados/132100;VIVALDO FROTA;Vivaldo Barros Frota;
132101;https://dadosabertos.camara.leg.br/api/v2/deputados/132101;WALBER GUIMARÃES;Walber Sousa Guimarães;
132066;https://dadosabertos.camara.leg.br/api/v2/deputados/132066;WALL FERRAZ;Raimundo Wall Ferraz;
132103;https://dadosabertos.camara.leg.br/api/v2/deputados/132103;WALTER BAPTISTA;Walter de Assis Ferreira Baptista;
132104;https://dadosabertos.camara.leg.br/api/v2/deputados/132104;WALTER CASANOVA;Walter Ribeiro Casanova;
132102;https://dadosabertos.camara.leg.br/api/v2/deputados/132102;WANDERLEY MARIZ;Vigolvino Vanderley Mariz;
132105;https://dadosabertos.camara.leg.br/api/v2/deputados/132105;WILDY VIANNA;Wildy Vianna das Neves;
132106;https://dadosabertos.camara.leg.br/api/v2/deputados/132106;WILMAR PALIS;Wilmar Palis;
132108;https://dadosabertos.camara.leg.br/api/v2/deputados/132108;WILSON FALCÃO;Wilson da Costa Falcão;
132107;https://dadosabertos.camara.leg.br/api/v2/deputados/132107;WILSON HAESE;Wilson Haese;
132109;https://dadosabertos.camara.leg.br/api/v2/deputados/132109;WILSON VAZ;Wilson Vaz;
132110;https://dadosabertos.camara.leg.br/api/v2/deputados/132110;WOLNEY SIQUEIRA;Wolney Wagner de Siqueira;
131628;https://dadosabertos.camara.leg.br/api/v2/deputados/131628;ABEL AVILA DOS SANTOS;Abel Ávila dos Santos;
131629;https://dadosabertos.camara.leg.br/api/v2/deputados/131629;ACACIO PEREIRA;Acácio Pereira;
131630;https://dadosabertos.camara.leg.br/api/v2/deputados/131630;ADALBERTO CAMARGO;Adalberto Camargo;
131631;https://dadosabertos.camara.leg.br/api/v2/deputados/131631;ADAUTO BEZERRA;José Adauto Bezerra;
131632;https://dadosabertos.camara.leg.br/api/v2/deputados/131632;ADEMAR PEREIRA;Ademar Pereira Vieira;
131633;https://dadosabertos.camara.leg.br/api/v2/deputados/131633;ADOLPHO FRANCO;Adolpho de Oliveira Franco Júnior;
131634;https://dadosabertos.camara.leg.br/api/v2/deputados/131634;ADRIANO VALENTE;Adriano José Valente;
131635;https://dadosabertos.camara.leg.br/api/v2/deputados/131635;AFRO STEFANINI;Afro Stefanini;
131636;https://dadosabertos.camara.leg.br/api/v2/deputados/131636;AIRTON REIS;Airton dos Reis;
131637;https://dadosabertos.camara.leg.br/api/v2/deputados/131637;ALBERTO HOFFMANN;Alberto Hoffmann;
131739;https://dadosabertos.camara.leg.br/api/v2/deputados/131739;ALCEBÍADES DE OLIVEIRA;José Alcebíades de oliveira;
131638;https://dadosabertos.camara.leg.br/api/v2/deputados/131638;ALCIR PIMENTA;Alcir de Melo Pimenta;
131639;https://dadosabertos.camara.leg.br/api/v2/deputados/131639;ALDO FAGUNDES;Aldo da Silva Fagundes;
131640;https://dadosabertos.camara.leg.br/api/v2/deputados/131640;ALEXANDRE MACHADO;Alexandre Machado da Silva;
131641;https://dadosabertos.camara.leg.br/api/v2/deputados/131641;ALÍPIO DE CARVALHO;Alípio Ayres de Carvalho;
131822;https://dadosabertos.camara.leg.br/api/v2/deputados/131822;ALUIZIO PARAGUASSU;Aluizio Paraguassu Ferreira;
131642;https://dadosabertos.camara.leg.br/api/v2/deputados/131642;ALVARO DIAS;Álvaro Fernandes Dias;
131819;https://dadosabertos.camara.leg.br/api/v2/deputados/131819;AMANCIO AZEVEDO;Amancio Mario de Azevedo;
131643;https://dadosabertos.camara.leg.br/api/v2/deputados/131643;ANGELINO ROSA;Angelino Rosa;
131644;https://dadosabertos.camara.leg.br/api/v2/deputados/131644;ANISIO DE SOUZA;Anisio de Souza;
131652;https://dadosabertos.camara.leg.br/api/v2/deputados/131652;ANTONIO ANNIBELLI;Antonio Martins Annibelli;
131645;https://dadosabertos.camara.leg.br/api/v2/deputados/131645;ANTÔNIO BRESOLIN;Antônio Bresolin;
131646;https://dadosabertos.camara.leg.br/api/v2/deputados/131646;ANTONIO CARLOS DE OLIVEIRA;Antonio Carlos de Oliveira;
131655;https://dadosabertos.camara.leg.br/api/v2/deputados/131655;ANTONIO RUSSO;Antonio Russo;
131647;https://dadosabertos.camara.leg.br/api/v2/deputados/131647;ANTONIO VALADARES;Antonio Carlos Valadares;
131656;https://dadosabertos.camara.leg.br/api/v2/deputados/131656;ANTONIO ZACHARIAS;ANTONIO ZACHARIAS;
131658;https://dadosabertos.camara.leg.br/api/v2/deputados/131658;ARNALDO BUSATO;Arnaldo Faivro Busato;
131657;https://dadosabertos.camara.leg.br/api/v2/deputados/131657;ARNALDO LAFAYETTE;Arnaldo Bezerra Lafayette;
131659;https://dadosabertos.camara.leg.br/api/v2/deputados/131659;ARNALDO SCHMITT JUNIOR;Arnaldo Schmitt Júnior;
131660;https://dadosabertos.camara.leg.br/api/v2/deputados/131660;ARY ALCÂNTARA;Ary Rodrigues Alcântara;
131661;https://dadosabertos.camara.leg.br/api/v2/deputados/131661;ATHIÊ COURY;Athiê Jorge Coury;
131662;https://dadosabertos.camara.leg.br/api/v2/deputados/131662;AUDÁLIO DANTAS;Audálio Ferreira Dantas;
131663;https://dadosabertos.camara.leg.br/api/v2/deputados/131663;AUGUSTO LUCENA;Augusto da Silva Lucena;
131793;https://dadosabertos.camara.leg.br/api/v2/deputados/131793;BALDACCI FILHO;Raphael Baldacci Filho;
131721;https://dadosabertos.camara.leg.br/api/v2/deputados/131721;BATISTA MIRANDA;João Batista Miranda;
131664;https://dadosabertos.camara.leg.br/api/v2/deputados/131664;BELMIRO TEIXEIRA;Belmiro Texeira Pimenta;
131665;https://dadosabertos.camara.leg.br/api/v2/deputados/131665;BENEDITO MARCÍLIO;Benedito Marcílio Alves da Silva;
131666;https://dadosabertos.camara.leg.br/api/v2/deputados/131666;BENJAMIM FARAH;Benjamim Miguel Farah;
131667;https://dadosabertos.camara.leg.br/api/v2/deputados/131667;BENTO GONÇALVES;Bento Gonçalves Filho;
131668;https://dadosabertos.camara.leg.br/api/v2/deputados/131668;BENTO LÔBO;Bento Machado Lôbo;
130741;https://dadosabertos.camara.leg.br/api/v2/deputados/130741;BIAS FORTES;Chrispim Jacques Bias Fortes;
131767;https://dadosabertos.camara.leg.br/api/v2/deputados/131767;BRAGA RAMOS;Mário Braga Ramos;
131671;https://dadosabertos.camara.leg.br/api/v2/deputados/131671;CANTÍDIO SAMPAIO;Cantídio Nogueira Sampaio;
131804;https://dadosabertos.camara.leg.br/api/v2/deputados/131804;CARDOSO DE ALMEIDA;Sérgio Cardoso de Almeida;
131742;https://dadosabertos.camara.leg.br/api/v2/deputados/131742;CARDOSO FREGAPANI;José Bonifácio Cardoso Fregapani;
131669;https://dadosabertos.camara.leg.br/api/v2/deputados/131669;CARLOS CHIARELLI;Carlos Alberto Gomes Chiarelli;
131670;https://dadosabertos.camara.leg.br/api/v2/deputados/131670;CARLOS SANTOS;Carlos da Silva Santos;
131672;https://dadosabertos.camara.leg.br/api/v2/deputados/131672;CÉLIO BORJA;Célio de Oliveira Borja;
131673;https://dadosabertos.camara.leg.br/api/v2/deputados/131673;CESÁRIO BARRETO;Cesário Barreto Lima;
131677;https://dadosabertos.camara.leg.br/api/v2/deputados/131677;CHRISTIANO DIAS LOPES;Christiano Dias Lopes Filho;
131675;https://dadosabertos.camara.leg.br/api/v2/deputados/131675;CLÁUDIO STRASSBURGER;Cláudio Ennio Strassburger;
131648;https://dadosabertos.camara.leg.br/api/v2/deputados/131648;CORRÊA DA COSTA;Antônio Corrêa da Costa Neto;
131678;https://dadosabertos.camara.leg.br/api/v2/deputados/131678;DANIEL SILVA;Daniel da Silva Filho;
131679;https://dadosabertos.camara.leg.br/api/v2/deputados/131679;DJALMA MARINHO;Djalma Aranha Marinho;
131743;https://dadosabertos.camara.leg.br/api/v2/deputados/131743;EDGARD AMORIM;José Edgard Amorim Pereira;
131681;https://dadosabertos.camara.leg.br/api/v2/deputados/131681;EDILSON LAMARTINE MENDES;Edilson Lamartine Mendes;
131682;https://dadosabertos.camara.leg.br/api/v2/deputados/131682;EDSON KHAIR;Edson Correa Khair;
131683;https://dadosabertos.camara.leg.br/api/v2/deputados/131683;EDSON VIDIGAL;Edson Carvalho Vidigal;
131685;https://dadosabertos.camara.leg.br/api/v2/deputados/131685;EDVALDO FLÔRES;Edvaldo de Oliveira Flôres;
131686;https://dadosabertos.camara.leg.br/api/v2/deputados/131686;ELOAR GUAZZELLI;Eloar Guazzelli;
131687;https://dadosabertos.camara.leg.br/api/v2/deputados/131687;ELOY LENZI;Eloy Lenzi;
131649;https://dadosabertos.camara.leg.br/api/v2/deputados/131649;ERASMO DIAS;Antonio Erasmo Dias;
131689;https://dadosabertos.camara.leg.br/api/v2/deputados/131689;ERASMO MARTINS PEDRO;Erasmo Martins Pedro;
131690;https://dadosabertos.camara.leg.br/api/v2/deputados/131690;ERNESTO DALL'OGLIO;Ernesto Dall'Oglio;
131761;https://dadosabertos.camara.leg.br/api/v2/deputados/131761;FELIPPE PENNA;Luiz Felippe de Oliveira Penna;
131692;https://dadosabertos.camara.leg.br/api/v2/deputados/131692;FERNANDO COELHO;Fernando de Vasconcellos Coelho;
131691;https://dadosabertos.camara.leg.br/api/v2/deputados/131691;FERNANDO GONÇALVES;Fernando Gonçalves;
131651;https://dadosabertos.camara.leg.br/api/v2/deputados/131651;FEU ROSA;Antônio José Miguel Feu Rosa;
131730;https://dadosabertos.camara.leg.br/api/v2/deputados/131730;FIGUEIREDO CORREIA;Joaquim de Figueiredo Correia;
131693;https://dadosabertos.camara.leg.br/api/v2/deputados/131693;FLÁVIO CHAVES;Flávio Nelson da Costa Chaves;
131694;https://dadosabertos.camara.leg.br/api/v2/deputados/131694;FLORIM COUTINHO;Florim Ferreira Coutinho;
131695;https://dadosabertos.camara.leg.br/api/v2/deputados/131695;FRANCISCO DE CASTRO;Francisco de Freitas Castro;
131782;https://dadosabertos.camara.leg.br/api/v2/deputados/131782;FRANCISCO LEÃO;Francisco Leão;
131697;https://dadosabertos.camara.leg.br/api/v2/deputados/131697;FRANCISCO LIBARDONI;Francisco Oreste Libardoni;
131680;https://dadosabertos.camara.leg.br/api/v2/deputados/131680;FREITAS DINIZ;Domingos de Freitas Diniz Neto;
131769;https://dadosabertos.camara.leg.br/api/v2/deputados/131769;GENIVAL TOURINHO;Mário Genival Tourinho;
131650;https://dadosabertos.camara.leg.br/api/v2/deputados/131650;GERALDO GUEDES;Antonio Geraldo de Azevedo Guedes;
131698;https://dadosabertos.camara.leg.br/api/v2/deputados/131698;GERLES GAMA;Gerles Gama;
131699;https://dadosabertos.camara.leg.br/api/v2/deputados/131699;GERSON CAMATA;Gerson Camata;
131700;https://dadosabertos.camara.leg.br/api/v2/deputados/131700;GETÚLIO DIAS;Getúlio Pereira Dias;
131701;https://dadosabertos.camara.leg.br/api/v2/deputados/131701;GUIDO ARANTES;GUIDO MAGALHAES ARANTES;
131703;https://dadosabertos.camara.leg.br/api/v2/deputados/131703;HEITOR ALENCAR FURTADO;Heitor Cavalcanti Alencar Furtado;
131704;https://dadosabertos.camara.leg.br/api/v2/deputados/131704;HÉLIO CAMPOS;Hélio da Costa Campos;
131705;https://dadosabertos.camara.leg.br/api/v2/deputados/131705;HÉLIO GARCIA;Hélio Carvalho Garcia;
131706;https://dadosabertos.camara.leg.br/api/v2/deputados/131706;HÉLIO LEVY;Hélio Levy da Rocha;
131707;https://dadosabertos.camara.leg.br/api/v2/deputados/131707;HENRIQUE BRITO;Henrique Brito Filho;
131745;https://dadosabertos.camara.leg.br/api/v2/deputados/131745;HENRIQUE TURNER;José Henrique Turner;
131708;https://dadosabertos.camara.leg.br/api/v2/deputados/131708;HERMES MACEDO;Hermes Farias Macedo;
131709;https://dadosabertos.camara.leg.br/api/v2/deputados/131709;HILDÉRICO OLIVEIRA;Hildérico Pereira Oliveira;
131710;https://dadosabertos.camara.leg.br/api/v2/deputados/131710;HONORATO VIANNA;Honorato Vianna de Castro;
131712;https://dadosabertos.camara.leg.br/api/v2/deputados/131712;HYDEKEL FREITAS;HYDEKEL MENEZES FREITAS LIMA;
131713;https://dadosabertos.camara.leg.br/api/v2/deputados/131713;IGO LOSSO;Igo Iwant Losso;
131714;https://dadosabertos.camara.leg.br/api/v2/deputados/131714;ISAAC NEWTON;Isaac Newton da Silva Pessoa;
131720;https://dadosabertos.camara.leg.br/api/v2/deputados/131720;JAIRO BRUM;Jethro Jairo de Macêdo Brum;
131716;https://dadosabertos.camara.leg.br/api/v2/deputados/131716;JAMEL CECÍLIO;Jamel Cecílio;
131717;https://dadosabertos.camara.leg.br/api/v2/deputados/131717;JANUÁRIO FEITOSA;Januário Alves Feitosa;
131718;https://dadosabertos.camara.leg.br/api/v2/deputados/131718;JAYRO MALTONI;Jayro Maltoni;
131719;https://dadosabertos.camara.leg.br/api/v2/deputados/131719;JERÔNIMO SANTANA;Jerônimo Garcia de Santana;
131728;https://dadosabertos.camara.leg.br/api/v2/deputados/131728;JOÃO ARRUDA;João Paulo de Arruda Filho;
131722;https://dadosabertos.camara.leg.br/api/v2/deputados/131722;JOÃO CÂMARA;João da Câmara;
131724;https://dadosabertos.camara.leg.br/api/v2/deputados/131724;JOÃO CLÍMACO;João Clímaco de Almeida;
131824;https://dadosabertos.camara.leg.br/api/v2/deputados/131824;JOÃO DURVAL;João Durval Carneiro;
131723;https://dadosabertos.camara.leg.br/api/v2/deputados/131723;JOÃO LINHARES;João Cândido Linhares;
131727;https://dadosabertos.camara.leg.br/api/v2/deputados/131727;JOÃO MENEZES;João de Paiva Menezes;
131729;https://dadosabertos.camara.leg.br/api/v2/deputados/131729;JOAQUIM COUTINHO;Joaquim Coutinho Corrêa de Oliveira;
131731;https://dadosabertos.camara.leg.br/api/v2/deputados/131731;JOAQUIM GUERRA;Joaquim Pessoa Guerra;
131732;https://dadosabertos.camara.leg.br/api/v2/deputados/131732;JOEL FERREIRA;Joel Ferreira da Silva;
131734;https://dadosabertos.camara.leg.br/api/v2/deputados/131734;JOEL LIMA;Joel Pereira Lima;
131733;https://dadosabertos.camara.leg.br/api/v2/deputados/131733;JOEL RIBEIRO;Joel da Silva Ribeiro;
131735;https://dadosabertos.camara.leg.br/api/v2/deputados/131735;JOEL VIVAS;Joel Vivas de Souza;
131736;https://dadosabertos.camara.leg.br/api/v2/deputados/131736;JORGE MOURA;JORGE LUIZ MOURA;
131737;https://dadosabertos.camara.leg.br/api/v2/deputados/131737;JORGE PAULO;JORGE PAULO NOGUEIRA;
131740;https://dadosabertos.camara.leg.br/api/v2/deputados/131740;JOSÉ ALVES;José Alves de Oliveira;
131738;https://dadosabertos.camara.leg.br/api/v2/deputados/131738;JOSÉ AMORIM;José de Albuquerque Amorim;
131744;https://dadosabertos.camara.leg.br/api/v2/deputados/131744;JOSÉ BRUNO;José Fernando Bruno;
131820;https://dadosabertos.camara.leg.br/api/v2/deputados/131820;JOSÉ DE ASSIS;José Alves de Assis;
131751;https://dadosabertos.camara.leg.br/api/v2/deputados/131751;JOSÉ MARÃO FILHO;José Ribamar Marão Filho;
131747;https://dadosabertos.camara.leg.br/api/v2/deputados/131747;JOSÉ MARIA DE CARVALHO;José Maria de Carvalho Júnior;
131753;https://dadosabertos.camara.leg.br/api/v2/deputados/131753;JOSÉ THOMÉ;José Thomé;
131741;https://dadosabertos.camara.leg.br/api/v2/deputados/131741;JOSÉ TORRES;José Alves Torres;
131754;https://dadosabertos.camara.leg.br/api/v2/deputados/131754;JUAREZ FURTADO;Juarez Rogério Furtado;
131725;https://dadosabertos.camara.leg.br/api/v2/deputados/131725;LEITE SCHIMIDT;João Leite Schimidt;
131755;https://dadosabertos.camara.leg.br/api/v2/deputados/131755;LIDOVINO FANTON;Lidovino Antônio Fanton;
131756;https://dadosabertos.camara.leg.br/api/v2/deputados/131756;LOUREMBERG NUNES ROCHA;Louremberg Ribeiro Nunes Rocha;
131746;https://dadosabertos.camara.leg.br/api/v2/deputados/131746;LUCIO CIONI;José Lúcio Cioni;
131759;https://dadosabertos.camara.leg.br/api/v2/deputados/131759;LUIZ BRAZ;Luiz de Araújo Braz;
131758;https://dadosabertos.camara.leg.br/api/v2/deputados/131758;LUIZ CECHINEL;Luiz Antônio Cechinel;
131757;https://dadosabertos.camara.leg.br/api/v2/deputados/131757;LUIZ ROCHA;Luiz Alves Coelho Rocha;
131760;https://dadosabertos.camara.leg.br/api/v2/deputados/131760;LUIZ VASCONCELLOS;Luiz Augusto de Barros e Vasconcellos;
1701;https://dadosabertos.camara.leg.br/api/v2/deputados/1701;LYGIA LESSA BASTOS;Lygia Maria Lessa Bastos;
131762;https://dadosabertos.camara.leg.br/api/v2/deputados/131762;MAGNUS GUIMARAES;Magnus Francisco Antunes Guimarães;
131825;https://dadosabertos.camara.leg.br/api/v2/deputados/131825;MANOEL OSÉAS;Manoel Oséas Ferreira;
131763;https://dadosabertos.camara.leg.br/api/v2/deputados/131763;MANUEL ARRUDA;Manuel Aguiar de Arruda;
131764;https://dadosabertos.camara.leg.br/api/v2/deputados/131764;MARCELLO CERQUEIRA;Marcelo Augusto Diniz Cerqueira;
131765;https://dadosabertos.camara.leg.br/api/v2/deputados/131765;MARCUS CUNHA;Marcus Antônio Soares da Cunha;
131770;https://dadosabertos.camara.leg.br/api/v2/deputados/131770;MARIO HADDAD;Mário Haddad;
131766;https://dadosabertos.camara.leg.br/api/v2/deputados/131766;MARIO MOREIRA;Mário Alves Moreira;
131768;https://dadosabertos.camara.leg.br/api/v2/deputados/131768;MÁRIO STAMM;Mário César Stamm;
131771;https://dadosabertos.camara.leg.br/api/v2/deputados/131771;MENANDRO MINAHIM;Menandro José Minahim;
131696;https://dadosabertos.camara.leg.br/api/v2/deputados/131696;MENDES DE MELO;Francisco Mendes de Melo;
131772;https://dadosabertos.camara.leg.br/api/v2/deputados/131772;MILVERNES LIMA;Milvernes Cruz Lima;
131773;https://dadosabertos.camara.leg.br/api/v2/deputados/131773;MOACIR LOPES;Moacir Lopes;
131653;https://dadosabertos.camara.leg.br/api/v2/deputados/131653;MODESTO DA SILVEIRA;Antônio Modesto da Silveira;
131774;https://dadosabertos.camara.leg.br/api/v2/deputados/131774;MURILLO MENDES;Murilo Mendes Rocha;
131775;https://dadosabertos.camara.leg.br/api/v2/deputados/131775;NABOR JÚNIOR;Nabor Teles da Rocha Júnior;
131776;https://dadosabertos.camara.leg.br/api/v2/deputados/131776;NÉLIO LOBATO;Nélio Dacier Lobato;
131777;https://dadosabertos.camara.leg.br/api/v2/deputados/131777;NEREU GUIDI;Nereu Guidi;
131688;https://dadosabertos.camara.leg.br/api/v2/deputados/131688;NINA RIBEIRO;Emílio Antônio Souza Aguiar Nina Ribeiro;
131778;https://dadosabertos.camara.leg.br/api/v2/deputados/131778;NIVALDO KRÜGER;Nivaldo Passos Krüger;
131726;https://dadosabertos.camara.leg.br/api/v2/deputados/131726;NOGUEIRA DE REZENDE;João Nogueira de Rezende;
131779;https://dadosabertos.camara.leg.br/api/v2/deputados/131779;OCTÁVIO TORRECILLA;Octávio Torrecilla;
131780;https://dadosabertos.camara.leg.br/api/v2/deputados/131780;ODACIR SOARES;ODACIR SOARES RODRIGUES;
1559;https://dadosabertos.camara.leg.br/api/v2/deputados/1559;ODULFO DOMINGUES;Odulfo Vieira Domingues;
131781;https://dadosabertos.camara.leg.br/api/v2/deputados/131781;OSWALDO LIMA;Oswaldo Lima;
131748;https://dadosabertos.camara.leg.br/api/v2/deputados/131748;PARENTE FROTA;José Parente Frota;
131785;https://dadosabertos.camara.leg.br/api/v2/deputados/131785;PAULO FERRAZ;Paulo da Silva Ferraz;
131783;https://dadosabertos.camara.leg.br/api/v2/deputados/131783;PAULO STUDART;Paulo Ferreira Studart;
131784;https://dadosabertos.camara.leg.br/api/v2/deputados/131784;PAULO TORRES;Paulo Francisco Torres;
131715;https://dadosabertos.camara.leg.br/api/v2/deputados/131715;PEDRO CAROLO;Jacob Pedro Carolo;
131786;https://dadosabertos.camara.leg.br/api/v2/deputados/131786;PEDRO FARIA;Pedro Alves de Faria;
131787;https://dadosabertos.camara.leg.br/api/v2/deputados/131787;PEDRO GERALDO COSTA;Pedro Geraldo Costa;
131788;https://dadosabertos.camara.leg.br/api/v2/deputados/131788;PEDRO IVO;Pedro Ivo Figueiredo de Campos;
131789;https://dadosabertos.camara.leg.br/api/v2/deputados/131789;PEDRO LAURO DOMARADZKI;PEDRO LAURO DOMARADZKI;
131790;https://dadosabertos.camara.leg.br/api/v2/deputados/131790;PEDRO LUCENA;Pedro de Lucena Dias;
131749;https://dadosabertos.camara.leg.br/api/v2/deputados/131749;PEIXOTO FILHO;José Peixoto Filho;
131791;https://dadosabertos.camara.leg.br/api/v2/deputados/131791;PÉRICLES GONCALVES;Péricles Gonçalves;
131750;https://dadosabertos.camara.leg.br/api/v2/deputados/131750;PINHEIRO MACHADO;José Pinheiro Machado;
131792;https://dadosabertos.camara.leg.br/api/v2/deputados/131792;RAFAEL FARACO;Rafael Faraco;
131794;https://dadosabertos.camara.leg.br/api/v2/deputados/131794;RAYMUNDO DINIZ;Raymundo Menezes Diniz;
131654;https://dadosabertos.camara.leg.br/api/v2/deputados/131654;REZENDE MONTEIRO;Antônio Rezende Monteiro;
131795;https://dadosabertos.camara.leg.br/api/v2/deputados/131795;ROBERTO DE CARVALHO;Roberto Dahas de Carvalho;
131796;https://dadosabertos.camara.leg.br/api/v2/deputados/131796;ROBERTO GALVANI;Roberto Galvani;
131797;https://dadosabertos.camara.leg.br/api/v2/deputados/131797;ROGÉRIO REGO;Rogério da Silva Rego;
131798;https://dadosabertos.camara.leg.br/api/v2/deputados/131798;RONALDO FERREIRA DIAS;Ronaldo Ferreira Dias;
131799;https://dadosabertos.camara.leg.br/api/v2/deputados/131799;ROQUE ARAS;Roque Aras;
131800;https://dadosabertos.camara.leg.br/api/v2/deputados/131800;RUBEM DOURADO;Rubem Guanais Dourado;
131801;https://dadosabertos.camara.leg.br/api/v2/deputados/131801;RUY SILVA;Ruy Silva;
131802;https://dadosabertos.camara.leg.br/api/v2/deputados/131802;SADY MARINHO;Sady Cavalheiro Marinho;
131752;https://dadosabertos.camara.leg.br/api/v2/deputados/131752;SANTILLI SOBRINHO;José Santilli Sobrinho;
131803;https://dadosabertos.camara.leg.br/api/v2/deputados/131803;SEBASTIÃO ANDRADE;Sebastião Andrade;
131805;https://dadosabertos.camara.leg.br/api/v2/deputados/131805;SÍLVIO LOPES;Sílvio Fernandes Lopes;
131806;https://dadosabertos.camara.leg.br/api/v2/deputados/131806;STOESSEL DOURADO;Stoessel de Oliveira Dourado;
131807;https://dadosabertos.camara.leg.br/api/v2/deputados/131807;TELÊMACO POMPEI;Telêmaco Coriolano Pompei;
131808;https://dadosabertos.camara.leg.br/api/v2/deputados/131808;TEMISTOCLES TEIXEIRA;Temístocles Carneiro Teixeira;
131809;https://dadosabertos.camara.leg.br/api/v2/deputados/131809;TERTULIANO AZEVEDO;Tertuliano Azevedo;
131821;https://dadosabertos.camara.leg.br/api/v2/deputados/131821;THEÓDULO ALBUQUERQUE;Theódulo Lins de Albuquerque;
131684;https://dadosabertos.camara.leg.br/api/v2/deputados/131684;TULIO BARCELLOS;Eduardo Túlio Sarmento Barcellos;
131810;https://dadosabertos.camara.leg.br/api/v2/deputados/131810;ULISSES POTIGUAR;Ulisses Bezerra Potiguar;
131811;https://dadosabertos.camara.leg.br/api/v2/deputados/131811;VALTER GARCIA;Valter Roberto Garcia;
131702;https://dadosabertos.camara.leg.br/api/v2/deputados/131702;VILELA DE MAGALHÃES;Hamilton Vilela de Magalhães;
131812;https://dadosabertos.camara.leg.br/api/v2/deputados/131812;WALDIR WALTER;Waldir Walter;
131813;https://dadosabertos.camara.leg.br/api/v2/deputados/131813;WALDMIR BELINATI;Waldmir Belinati;
131814;https://dadosabertos.camara.leg.br/api/v2/deputados/131814;WALTER DE CASTRO;Walter de Castro;
131815;https://dadosabertos.camara.leg.br/api/v2/deputados/131815;WALTER DE PRÁ;Walter de Prá;
131816;https://dadosabertos.camara.leg.br/api/v2/deputados/131816;WALTER SILVA;Walter da Silva;
131817;https://dadosabertos.camara.leg.br/api/v2/deputados/131817;WILMAR GUIMARÃES;Wilmar da Silva Guimarães;
131818;https://dadosabertos.camara.leg.br/api/v2/deputados/131818;ZANY GONZAGA;Zany Gonzaga;
131497;https://dadosabertos.camara.leg.br/api/v2/deputados/131497;ABDON GONCALVES;Abdon Gonçalves Nanhay;
131498;https://dadosabertos.camara.leg.br/api/v2/deputados/131498;ADERBAL JUREMA;Aderbal de Araújo Jurema;
131499;https://dadosabertos.camara.leg.br/api/v2/deputados/131499;AGOSTINHO RODRIGUES;Agostinho José Rodrigues;
131501;https://dadosabertos.camara.leg.br/api/v2/deputados/131501;ALBERTO LAVINAS;Alberto da Silva Lavinas;
131502;https://dadosabertos.camara.leg.br/api/v2/deputados/131502;ALBINO ZENI;Albino Zeni;
131512;https://dadosabertos.camara.leg.br/api/v2/deputados/131512;AMARAL FURLAN;Antônio Oswaldo do Amaral Furlan;
131507;https://dadosabertos.camara.leg.br/api/v2/deputados/131507;ANTONIO BELINATI;Antonio Casemiro Belinati;
131506;https://dadosabertos.camara.leg.br/api/v2/deputados/131506;ANTONIO DE ANDRADE;Antonio de Andrade;
131510;https://dadosabertos.camara.leg.br/api/v2/deputados/131510;ANTONIO JOSÉ;Antônio José Sá Nascimento;
131508;https://dadosabertos.camara.leg.br/api/v2/deputados/131508;ANTONIO MOTA;Antonio Ferreira da Mota;
131500;https://dadosabertos.camara.leg.br/api/v2/deputados/131500;ANTUNES DE OLIVEIRA;Alberico Antunes de Oliveira;
131513;https://dadosabertos.camara.leg.br/api/v2/deputados/131513;ÁRIO TEODORO;Ário Wolz Teodoro;
131563;https://dadosabertos.camara.leg.br/api/v2/deputados/131563;ARLINDO KUNZLER;José Arlindo Kunzler;
131503;https://dadosabertos.camara.leg.br/api/v2/deputados/131503;AROLDO CARVALHO;Aroldo Carneiro de Carvalho;
131505;https://dadosabertos.camara.leg.br/api/v2/deputados/131505;AURELIO CAMPOS;Aurélio Roslindo Campos;
131564;https://dadosabertos.camara.leg.br/api/v2/deputados/131564;BENEDITO CANELLAS;José Benedito Canellas;
131565;https://dadosabertos.camara.leg.br/api/v2/deputados/131565;BLOTA JUNIOR;José Blota Junior;
131514;https://dadosabertos.camara.leg.br/api/v2/deputados/131514;BRÍGIDO TINOCO;Brígido Fernandes Tinoco;
131516;https://dadosabertos.camara.leg.br/api/v2/deputados/131516;CARLOS ALBERTO OLIVEIRA;Carlos Alberto Gomes de Oliveira;
131518;https://dadosabertos.camara.leg.br/api/v2/deputados/131518;CÉLIO MARQUES FERNANDES;Célio Marques Fernandes;
131519;https://dadosabertos.camara.leg.br/api/v2/deputados/131519;CÉSAR NASCIMENTO;César Corrêa do Nascimento;
131674;https://dadosabertos.camara.leg.br/api/v2/deputados/131674;CID FURTADO;Cid Furtado;
131520;https://dadosabertos.camara.leg.br/api/v2/deputados/131520;CLEVERSON TEIXEIRA;Cleverson Teixeira;
131554;https://dadosabertos.camara.leg.br/api/v2/deputados/131554;COTTA BARBOSA;Ivan Cotta Barbosa;
131521;https://dadosabertos.camara.leg.br/api/v2/deputados/131521;DANIEL FARACO;Daniel Agostinho Faraco;
131522;https://dadosabertos.camara.leg.br/api/v2/deputados/131522;DAYL DE ALMEIDA;Dayl do Carmo Guimarães de Almeida;
131559;https://dadosabertos.camara.leg.br/api/v2/deputados/131559;DIAS MENEZES;Joaquim Mariano Dias Menezes;
131523;https://dadosabertos.camara.leg.br/api/v2/deputados/131523;DIB CHEREM;Dib Cherem;
131524;https://dadosabertos.camara.leg.br/api/v2/deputados/131524;DYRNO PIRES;Dyrno Jurandyr Pires Ferreira;
131525;https://dadosabertos.camara.leg.br/api/v2/deputados/131525;EDGAR MARTINS;Edgar Martins;
131526;https://dadosabertos.camara.leg.br/api/v2/deputados/131526;ÉDISON BONNA;Édison Burlamaqui Simões Bonna;
131527;https://dadosabertos.camara.leg.br/api/v2/deputados/131527;ELCIVAL CAIADO;Elcival Ramos Caiado;
131528;https://dadosabertos.camara.leg.br/api/v2/deputados/131528;EMANOEL WAISMANN;Emmanoel Waismann;
131529;https://dadosabertos.camara.leg.br/api/v2/deputados/131529;ERNESTO VALENTE;Ernesto Gurgel Valente;
131530;https://dadosabertos.camara.leg.br/api/v2/deputados/131530;EXPEDITO ZANOTTI;Expedito Zanotti;
131531;https://dadosabertos.camara.leg.br/api/v2/deputados/131531;FÁBIO FONSECA;Fábio Fonseca e Silva;
131574;https://dadosabertos.camara.leg.br/api/v2/deputados/131574;FARIA LIMA;JOSE ROBERTO FARIA LIMA;
131533;https://dadosabertos.camara.leg.br/api/v2/deputados/131533;FERNANDO FAGUNDES NETTO;Fernando Jorge Fagundes Netto;
131532;https://dadosabertos.camara.leg.br/api/v2/deputados/131532;FERNANDO GAMA;Fernando da Gama e Souza;
131616;https://dadosabertos.camara.leg.br/api/v2/deputados/131616;FERRAZ EGREJA;Sylvestre Ferraz Egreja;
131534;https://dadosabertos.camara.leg.br/api/v2/deputados/131534;FLÁVIO GIOVINE;Flávio Ettore Giovine;
131517;https://dadosabertos.camara.leg.br/api/v2/deputados/131517;FLEXA RIBEIRO;Carlos Octávio Flexa Ribeiro;
131535;https://dadosabertos.camara.leg.br/api/v2/deputados/131535;FRANCELINO PEREIRA;Francelino Pereira dos Santos;
131536;https://dadosabertos.camara.leg.br/api/v2/deputados/131536;FRANCISCO BILAC PINTO;Francisco Bilac Moreira Pinto;
131538;https://dadosabertos.camara.leg.br/api/v2/deputados/131538;FRANCISCO ROCHA;Francisco de Oliveira Rocha;
131541;https://dadosabertos.camara.leg.br/api/v2/deputados/131541;FREDERICO BRANDÃO;Frederico José Ribeiro Brandão;
131542;https://dadosabertos.camara.leg.br/api/v2/deputados/131542;GABRIEL HERMES;Gabriel Hermes Filho;
131543;https://dadosabertos.camara.leg.br/api/v2/deputados/131543;GAMALIEL GALVÃO;Gamaliel Bueno Galvão;
131544;https://dadosabertos.camara.leg.br/api/v2/deputados/131544;GASTÃO MÜLLER;Gastão de Mattos Müller;
131545;https://dadosabertos.camara.leg.br/api/v2/deputados/131545;GENERVINO FONSECA;Generviono Evangelista Fonseca;
131546;https://dadosabertos.camara.leg.br/api/v2/deputados/131546;GERALDO FREIRE;Geraldo Freire da Silva;
131568;https://dadosabertos.camara.leg.br/api/v2/deputados/131568;GOMES DO AMARAL;José Gomes do Amaral;
131509;https://dadosabertos.camara.leg.br/api/v2/deputados/131509;GUAÇU PITERI;Antonio Guaçu Dinaer Piteri;
131548;https://dadosabertos.camara.leg.br/api/v2/deputados/131548;HÉLIO DE ALMEIDA;Hélio Mello de Almeida;
131547;https://dadosabertos.camara.leg.br/api/v2/deputados/131547;HÉLIO MAURO;Hélio Mauro Umbelino Lobo;
131551;https://dadosabertos.camara.leg.br/api/v2/deputados/131551;HENRIQUE CARDOSO;Henrique Weyll Cardoso e Silva;
131549;https://dadosabertos.camara.leg.br/api/v2/deputados/131549;HENRIQUE FANSTONE;Henrique Maurício Fanstone;
131550;https://dadosabertos.camara.leg.br/api/v2/deputados/131550;HENRIQUE PRETTI;Henrique Pretti;
131537;https://dadosabertos.camara.leg.br/api/v2/deputados/131537;HUMBERTO BEZERRA;Francisco Humberto Bezerra;
131552;https://dadosabertos.camara.leg.br/api/v2/deputados/131552;HUMBERTO LUCENA;Humberto Coutinho de Lucena;
131553;https://dadosabertos.camara.leg.br/api/v2/deputados/131553;IVAHIR GARCIA;Ivahir Freitas Garcia;
131555;https://dadosabertos.camara.leg.br/api/v2/deputados/131555;JAISON BARRETO;Jaison Tupy Barreto;
131570;https://dadosabertos.camara.leg.br/api/v2/deputados/131570;JANDUHY CARNEIRO;José Janduhy Carneiro;
131556;https://dadosabertos.camara.leg.br/api/v2/deputados/131556;JARMUND NASSER;Jarmund Nasser;
131557;https://dadosabertos.camara.leg.br/api/v2/deputados/131557;JOÃO PEDRO;João Pedro de Carvalho Neto;
131558;https://dadosabertos.camara.leg.br/api/v2/deputados/131558;JOÃO VARGAS;João Vargas de Oliveira;
131561;https://dadosabertos.camara.leg.br/api/v2/deputados/131561;JOIR BRASILEIRO;Joir da Silva Martins Brasileiro;
131562;https://dadosabertos.camara.leg.br/api/v2/deputados/131562;JONAS CARLOS;Jonas Carlos da Silva;
131567;https://dadosabertos.camara.leg.br/api/v2/deputados/131567;JOSÉ BONIFÁCIO;José Bonifácio Lafayette de Andrada;
131566;https://dadosabertos.camara.leg.br/api/v2/deputados/131566;JOSÉ BONIFÁCIO NETO;José Bonifácio Diniz de Andrada Neto;
131569;https://dadosabertos.camara.leg.br/api/v2/deputados/131569;JOSÉ HADDAD;José Haddad;
131571;https://dadosabertos.camara.leg.br/api/v2/deputados/131571;JOSÉ MANDELLI;José Mandelli Filho;
131575;https://dadosabertos.camara.leg.br/api/v2/deputados/131575;JOSÉ SALLY;José Sally;
131577;https://dadosabertos.camara.leg.br/api/v2/deputados/131577;JOSÉ ZAVAGLIA;José Zavaglia;
131578;https://dadosabertos.camara.leg.br/api/v2/deputados/131578;JOSIAS GOMES;Josias Ferreira Gomes;
131579;https://dadosabertos.camara.leg.br/api/v2/deputados/131579;JÚLIO VIVEIROS;Júlio Costa de Viveiros;
131580;https://dadosabertos.camara.leg.br/api/v2/deputados/131580;JUTAHY MAGALHÃES;Jutahy Borges Magalhães;
131581;https://dadosabertos.camara.leg.br/api/v2/deputados/131581;JUVÊNCIO DIAS;Juvêncio Antônio Vergolino Dias;
131582;https://dadosabertos.camara.leg.br/api/v2/deputados/131582;LAERTE VIEIRA;Laerte Ramos Vieira;
131583;https://dadosabertos.camara.leg.br/api/v2/deputados/131583;LAURO LEITÃO;Lauro Franco Leitão;
131584;https://dadosabertos.camara.leg.br/api/v2/deputados/131584;LAURO RODRIGUES;Lauro Pereira Rodrigues;
131585;https://dadosabertos.camara.leg.br/api/v2/deputados/131585;LINCOLN GRILLO;LINCOLN DOS SANTOS GRILLO;
131504;https://dadosabertos.camara.leg.br/api/v2/deputados/131504;LINS E SILVA;Augusto Lins e Silva Netto;
131511;https://dadosabertos.camara.leg.br/api/v2/deputados/131511;LOMANTO JÚNIOR;Antônio Lomanto Júnior;
131586;https://dadosabertos.camara.leg.br/api/v2/deputados/131586;LUIZ COUTO;Luiz Couto;
131587;https://dadosabertos.camara.leg.br/api/v2/deputados/131587;LUIZ FERNANDO;Luiz Fernando Faria de Azevedo;
131588;https://dadosabertos.camara.leg.br/api/v2/deputados/131588;MANOEL DE ALMEIDA;Manoel José de Almeida;
131589;https://dadosabertos.camara.leg.br/api/v2/deputados/131589;MANOEL RODRIGUES;Manoel Rodrigues dos Santos;
2286;https://dadosabertos.camara.leg.br/api/v2/deputados/2286;MARCO MACIEL;Marco Antônio de Oliveira Maciel;
131590;https://dadosabertos.camara.leg.br/api/v2/deputados/131590;MARCOS TITO;Marcos Wellington de Castro Tito;
131591;https://dadosabertos.camara.leg.br/api/v2/deputados/131591;MÁRIO MONDINO;Mário Mondino;
131592;https://dadosabertos.camara.leg.br/api/v2/deputados/131592;MAURÍCIO LEITE;Maurício Brasilino Leite;
131593;https://dadosabertos.camara.leg.br/api/v2/deputados/131593;MILTON STEINBRUCH;MILTON STEINBRUCH LOMACINSKY;
131594;https://dadosabertos.camara.leg.br/api/v2/deputados/131594;MINORO MIYAMOTO;Minoro Miyamoto;
131595;https://dadosabertos.camara.leg.br/api/v2/deputados/131595;MINORU MASSUDA;Minoru Massuda;
131596;https://dadosabertos.camara.leg.br/api/v2/deputados/131596;MOACYR DALLA;Moacyr Dalla;
131597;https://dadosabertos.camara.leg.br/api/v2/deputados/131597;MONSENHOR FERREIRA LIMA;Monsenhor Luiz Ferreira Lima;
131598;https://dadosabertos.camara.leg.br/api/v2/deputados/131598;MURILO BADARÓ;Murilo Paulino Badaró;
131615;https://dadosabertos.camara.leg.br/api/v2/deputados/131615;NAVARRO VIEIRA;Sebastião Navarro Vieira;
131600;https://dadosabertos.camara.leg.br/api/v2/deputados/131600;NELSON MACULAN;Nelson Maculan;
131599;https://dadosabertos.camara.leg.br/api/v2/deputados/131599;NELSON THIBAU;Nelson Luiz Thibau;
131601;https://dadosabertos.camara.leg.br/api/v2/deputados/131601;NEWTON BARREIRA;Newton Burlamaqui Barreira;
131515;https://dadosabertos.camara.leg.br/api/v2/deputados/131515;NOGUEIRA DA GAMA;Camilo Nogueira da Gama;
131602;https://dadosabertos.camara.leg.br/api/v2/deputados/131602;NOIDE CERQUEIRA;Noide Ferreira de Cerqueira;
131603;https://dadosabertos.camara.leg.br/api/v2/deputados/131603;NORBERTO SCHMIDT;Norberto Harald Schmidt;
131611;https://dadosabertos.camara.leg.br/api/v2/deputados/131611;NUNES LEAL;Paulo Nunes Leal;
131560;https://dadosabertos.camara.leg.br/api/v2/deputados/131560;NUNES ROCHA;Joaquim Nunes Rocha;
131605;https://dadosabertos.camara.leg.br/api/v2/deputados/131605;OCTÁVIO CARDOSO;Octávio Omar Cardoso;
131604;https://dadosabertos.camara.leg.br/api/v2/deputados/131604;OCTAVIO GERMANO;Octavio Badui Germano;
131606;https://dadosabertos.camara.leg.br/api/v2/deputados/131606;ODEMIR FURLAN;Odemir Furlan;
131608;https://dadosabertos.camara.leg.br/api/v2/deputados/131608;OSVALDO BUSKEI;OSVALDO BUSKEI;
131609;https://dadosabertos.camara.leg.br/api/v2/deputados/131609;OSWALDO ZANELLO;Oswaldo Zanello Vieira da Costa;
131610;https://dadosabertos.camara.leg.br/api/v2/deputados/131610;OTÁVIO CECCATO;Otávio Ceccato;
131576;https://dadosabertos.camara.leg.br/api/v2/deputados/131576;PADRE NOBRE;José de Souza Nobre;
131572;https://dadosabertos.camara.leg.br/api/v2/deputados/131572;PARSIFAL BARROSO;José Parsifal Barroso;
131573;https://dadosabertos.camara.leg.br/api/v2/deputados/131573;PASSOS PORTO;José Passos Porto;
131612;https://dadosabertos.camara.leg.br/api/v2/deputados/131612;PETRÔNIO FIGUEIREDO;Petrônio Ramos Figueiredo;
131613;https://dadosabertos.camara.leg.br/api/v2/deputados/131613;RAIMUNDO PARENTE;Raimundo Gomes de Araújo Parente;
131627;https://dadosabertos.camara.leg.br/api/v2/deputados/131627;RUY BRITO;Ruy Brito de Oliveira Pedroza;
131614;https://dadosabertos.camara.leg.br/api/v2/deputados/131614;SAMUEL RODRIGUES;Samuel de Souza Rodrigues;
131618;https://dadosabertos.camara.leg.br/api/v2/deputados/131618;SINVAL BOAVENTURA;Sinval Boaventura;
131617;https://dadosabertos.camara.leg.br/api/v2/deputados/131617;SYLVIO VENTUROLI;Sylvio José Venturoli;
131619;https://dadosabertos.camara.leg.br/api/v2/deputados/131619;TANCREDO NEVES;Tancredo de Almeida Neves;
131539;https://dadosabertos.camara.leg.br/api/v2/deputados/131539;TEOTÔNIO NETO;Francisco Teotônio Neto;
131620;https://dadosabertos.camara.leg.br/api/v2/deputados/131620;THEOBALDO BARBOSA;Theobaldo Vasconcelos Barbosa;
131607;https://dadosabertos.camara.leg.br/api/v2/deputados/131607;TÚLIO VARGAS;Odilon Túlio Vargas;
131621;https://dadosabertos.camara.leg.br/api/v2/deputados/131621;VALDOMIRO GONÇALVES;Valdomiro Alves Gonçalves;
131622;https://dadosabertos.camara.leg.br/api/v2/deputados/131622;VALÉRIO RODRIGUES;Valério de Castro Rodrigues de Souza;
131623;https://dadosabertos.camara.leg.br/api/v2/deputados/131623;VASCO AMARO;Vasco Amaro da Silveira Filho;
131624;https://dadosabertos.camara.leg.br/api/v2/deputados/131624;VICENTE VUOLO;Vicente Emílio Vuolo;
131540;https://dadosabertos.camara.leg.br/api/v2/deputados/131540;VILMAR PONTES;Francisco Vilmar Pontes;
131625;https://dadosabertos.camara.leg.br/api/v2/deputados/131625;WILMAR DALLANHOL;Wilmar Dallanhol;
131626;https://dadosabertos.camara.leg.br/api/v2/deputados/131626;YASUNORI KUNIGO;Yasunori Kunigo;
131388;https://dadosabertos.camara.leg.br/api/v2/deputados/131388;ADALBERTO NADER;Adalberto Simão Nader;
131389;https://dadosabertos.camara.leg.br/api/v2/deputados/131389;ALBERTO COSTA;Alberto Franco Ferreira da Costa;
131390;https://dadosabertos.camara.leg.br/api/v2/deputados/131390;ALDO LUPO;Aldo Lupo;
131391;https://dadosabertos.camara.leg.br/api/v2/deputados/131391;ALFEU GASPARINI;Alfeu Gasparini;
131392;https://dadosabertos.camara.leg.br/api/v2/deputados/131392;ÁLVARO LINS;Álvaro Lins Cavalcante;
131437;https://dadosabertos.camara.leg.br/api/v2/deputados/131437;AMARAL DE SOUZA;José Augusto Amaral de Souza;
131393;https://dadosabertos.camara.leg.br/api/v2/deputados/131393;AMÉRICO BRASIL;Américo Natalino Carneiro Brasil;
131429;https://dadosabertos.camara.leg.br/api/v2/deputados/131429;AMÉRICO DE SOUZA;João Américo de Souza;
131394;https://dadosabertos.camara.leg.br/api/v2/deputados/131394;ANAPOLINO DE FARIA;Anapolino Silvério de Faria;
131395;https://dadosabertos.camara.leg.br/api/v2/deputados/131395;ANTÔNIO ANNIBELLI;Antônio Annibellli;
131399;https://dadosabertos.camara.leg.br/api/v2/deputados/131399;ARDINAL RIBAS;Ardinal Ribas;
131401;https://dadosabertos.camara.leg.br/api/v2/deputados/131401;ARTHUR FONSECA;Athur Fonseca;
131400;https://dadosabertos.camara.leg.br/api/v2/deputados/131400;ARTHUR SANTOS;Arthur Claudino dos Santos;
131494;https://dadosabertos.camara.leg.br/api/v2/deputados/131494;ARY DE LIMA;Ary de Lima;
131402;https://dadosabertos.camara.leg.br/api/v2/deputados/131402;ATHOS DE ANDRADE;Athos Vieira de Andrade;
131396;https://dadosabertos.camara.leg.br/api/v2/deputados/131396;AURELIANO CHAVES;Antônio Aureliano Chaves de Mendonça;
131430;https://dadosabertos.camara.leg.br/api/v2/deputados/131430;BAPTISTA RAMOS;João Baptista Ramos;
131438;https://dadosabertos.camara.leg.br/api/v2/deputados/131438;BEZERRA DE NORÕES;José Bezerra de Norões Filho;
131403;https://dadosabertos.camara.leg.br/api/v2/deputados/131403;BRAZ NOGUEIRA;Braz de Assis Nogueira;
131440;https://dadosabertos.camara.leg.br/api/v2/deputados/131440;CARVALHO SOBRINHO;José de Carvalho Sobrinho;
131490;https://dadosabertos.camara.leg.br/api/v2/deputados/131490;CASTRO E SILVA;Themistocles de Castro e Silva;
131436;https://dadosabertos.camara.leg.br/api/v2/deputados/131436;CHAVES AMARANTE;José Adolpho Chaves de Amarante;
131404;https://dadosabertos.camara.leg.br/api/v2/deputados/131404;CLÁUDIO LEITE;Claudio de Paiva Leite;
131495;https://dadosabertos.camara.leg.br/api/v2/deputados/131495;CLÓVIS STENZEL;Clóvis Stenzel;
131405;https://dadosabertos.camara.leg.br/api/v2/deputados/131405;DIRCEU CARDOSO;Dirceu Cardoso;
131406;https://dadosabertos.camara.leg.br/api/v2/deputados/131406;EDGARD PEREIRA;Edgar Martins Pereira;
131442;https://dadosabertos.camara.leg.br/api/v2/deputados/131442;EDILSON MELO TÁVORA;José Edilson Melo Távora;
131407;https://dadosabertos.camara.leg.br/api/v2/deputados/131407;EDYL FERRAZ;Edyl Pereira Ferraz;
131408;https://dadosabertos.camara.leg.br/api/v2/deputados/131408;ÉLCIO ÁLVARES;Élcio Álvares;
131409;https://dadosabertos.camara.leg.br/api/v2/deputados/131409;ELIAS CARMO;Elias de Sousa Carmo;
131410;https://dadosabertos.camara.leg.br/api/v2/deputados/131410;EMANUEL PINHEIRO;Emanuel Pinheiro da Silva Primo;
131411;https://dadosabertos.camara.leg.br/api/v2/deputados/131411;EMÍLIO GOMES;Emílio Hoffmann Gomes;
131412;https://dadosabertos.camara.leg.br/api/v2/deputados/131412;ERALDO LEMOS;Eraldo Machado de Lemos;
131413;https://dadosabertos.camara.leg.br/api/v2/deputados/131413;ETELVINO LINS;Etelvino Lins de Abuquerque;
131414;https://dadosabertos.camara.leg.br/api/v2/deputados/131414;EURIPEDES CARDOSO DE MENEZES;Eurípides Cardoso de Menezes;
131426;https://dadosabertos.camara.leg.br/api/v2/deputados/131426;FERREIRA DO AMARAL;Ivan Ferreira do Amaral e Silva Filho;
131415;https://dadosabertos.camara.leg.br/api/v2/deputados/131415;FRANCISCO GRILLO;Francisco Arcanjo Grillo;
131443;https://dadosabertos.camara.leg.br/api/v2/deputados/131443;GARCIA NETO;José Garcia Neto;
131417;https://dadosabertos.camara.leg.br/api/v2/deputados/131417;GILBERTO ALMEIDA;Gilberto Antunes de Almeida;
131418;https://dadosabertos.camara.leg.br/api/v2/deputados/131418;GRIMALDI RIBEIRO;Grimaldi Ribeiro de Paiva;
131416;https://dadosabertos.camara.leg.br/api/v2/deputados/131416;HANNEQUIM DANTAS;Geminiano Hanequim Dantas;
131419;https://dadosabertos.camara.leg.br/api/v2/deputados/131419;HEITOR CAVALCANTI;Heitor de Albuquerque Cavalcanti;
131420;https://dadosabertos.camara.leg.br/api/v2/deputados/131420;HELBERT DOS SANTOS;Hélio Helbert dos Santos;
131421;https://dadosabertos.camara.leg.br/api/v2/deputados/131421;HENRIQUE LA ROCQUE;Henrique de La Rocque Almeida;
131422;https://dadosabertos.camara.leg.br/api/v2/deputados/131422;HILDEBRANDO GUIMARÃES;Hildebrando Almeida Guimarães;
131423;https://dadosabertos.camara.leg.br/api/v2/deputados/131423;HUGO AGUIAR;Hugo Aguiar;
131424;https://dadosabertos.camara.leg.br/api/v2/deputados/131424;ILDÉLIO MARTINS;Ildélio Martins;
131425;https://dadosabertos.camara.leg.br/api/v2/deputados/131425;ÍTALO FITTIPALDI;Ítalo Fittipaldi;
131427;https://dadosabertos.camara.leg.br/api/v2/deputados/131427;IVO BRAGA;Ivo Braga;
131428;https://dadosabertos.camara.leg.br/api/v2/deputados/131428;JAIR MARTINS;Jair Dormund Martins;
131431;https://dadosabertos.camara.leg.br/api/v2/deputados/131431;JOÃO BORGES;João Borges de Figueiredo;
131433;https://dadosabertos.camara.leg.br/api/v2/deputados/131433;JOÃO GUIDO;João Guido;
131435;https://dadosabertos.camara.leg.br/api/v2/deputados/131435;JOAQUIM MACÊDO;Joaquim Falcão Macêdo;
131439;https://dadosabertos.camara.leg.br/api/v2/deputados/131439;JOSÉ CARLOS LEPREVOST;José Carlos Leprevost;
131444;https://dadosabertos.camara.leg.br/api/v2/deputados/131444;JOSÉ MARIA ALKMIM;JOSÉ MARIA ALKMIN;
131441;https://dadosabertos.camara.leg.br/api/v2/deputados/131441;JOSÉ SAMPAIO;José Costa Sampaio;
131449;https://dadosabertos.camara.leg.br/api/v2/deputados/131449;LEÃO SAMPAIO;Leão Sampaio;
131450;https://dadosabertos.camara.leg.br/api/v2/deputados/131450;LEO RIFFEL;Leo Bernhard Riffel;
131451;https://dadosabertos.camara.leg.br/api/v2/deputados/131451;LEOPOLDO PERES;Leopoldo Peres Sobrinho;
131473;https://dadosabertos.camara.leg.br/api/v2/deputados/131473;LOPES DA COSTA;Paulino Lopes da Costa;
131452;https://dadosabertos.camara.leg.br/api/v2/deputados/131452;LOPO COELHO;Lopo de Carvalho Coelho;
131453;https://dadosabertos.camara.leg.br/api/v2/deputados/131453;LUIZ BRAGA;Luiz Carlos Leal Braga;
131454;https://dadosabertos.camara.leg.br/api/v2/deputados/131454;LUIZ GARCIA;Luiz Garcia;
131455;https://dadosabertos.camara.leg.br/api/v2/deputados/131455;LUIZ LOSSO;Luiz Losso;
131456;https://dadosabertos.camara.leg.br/api/v2/deputados/131456;MAGALHÃES MELO;Luiz de Magalhães Melo;
131448;https://dadosabertos.camara.leg.br/api/v2/deputados/131448;MAIA NETO;Kalil Maia Neto;
131458;https://dadosabertos.camara.leg.br/api/v2/deputados/131458;MANOEL TAVEIRA;Manoel Taveira de Souza;
131459;https://dadosabertos.camara.leg.br/api/v2/deputados/131459;MARCÍLIO LIMA;Marcílio de Oliveira Lima;
131460;https://dadosabertos.camara.leg.br/api/v2/deputados/131460;MÁRCIO PAES;Márcio Moreira Paes;
131461;https://dadosabertos.camara.leg.br/api/v2/deputados/131461;MARCOS FREIRE;Marcos de Barros Freire;
131462;https://dadosabertos.camara.leg.br/api/v2/deputados/131462;MÁRIO TELLES;Mário Telles;
131463;https://dadosabertos.camara.leg.br/api/v2/deputados/131463;MAURÍCIO TOLEDO;Maurício Leite de Toledo;
131464;https://dadosabertos.camara.leg.br/api/v2/deputados/131464;MILTON CASSEL;Milton Albino Cassel;
131465;https://dadosabertos.camara.leg.br/api/v2/deputados/131465;MOACYR CHIESSE;Moacyr Arthur Chiesse;
131483;https://dadosabertos.camara.leg.br/api/v2/deputados/131483;MONTEIRO DE BARROS;Sebastião Monteiro de Barros;
1668;https://dadosabertos.camara.leg.br/api/v2/deputados/1668;NECY NOVAES;Necy Santos Novaes;
131470;https://dadosabertos.camara.leg.br/api/v2/deputados/131470;NUNES FREIRE;Osvaldo da Costa Nunes Freire;
131466;https://dadosabertos.camara.leg.br/api/v2/deputados/131466;OCEANO CARLEIAL;Oceano Carleial;
131467;https://dadosabertos.camara.leg.br/api/v2/deputados/131467;ORENSY RODRIGUES;Orensy Rodrigues da Silva;
131471;https://dadosabertos.camara.leg.br/api/v2/deputados/131471;ORTIZ MONTEIRO;Oswaldo Junqueira Ortiz Monteiro;
131469;https://dadosabertos.camara.leg.br/api/v2/deputados/131469;OSNÉLLI MARTINELLI;Osnélli Leite Martinelli;
131472;https://dadosabertos.camara.leg.br/api/v2/deputados/131472;OZIRIS PONTES;Oziris Pontes;
131474;https://dadosabertos.camara.leg.br/api/v2/deputados/131474;PAULO ABREU;Paulo Abreu;
131475;https://dadosabertos.camara.leg.br/api/v2/deputados/131475;PAULO ALBERTO;Paulo Alberto de Oliveira;
131476;https://dadosabertos.camara.leg.br/api/v2/deputados/131476;PEDRO CARNEIRO;Pedro Carneiro de Moraes e Silva;
131468;https://dadosabertos.camara.leg.br/api/v2/deputados/131468;PEDROSO HORTA;Oscar Pedroso Horta;
131496;https://dadosabertos.camara.leg.br/api/v2/deputados/131496;PEREIRA LOPES;Ernesto Pereira Lopes;
131445;https://dadosabertos.camara.leg.br/api/v2/deputados/131445;PIRES SABÓIA;José Pires Sabóia Filho;
131477;https://dadosabertos.camara.leg.br/api/v2/deputados/131477;PLÍNIO SALGADO;Plínio Salgado;
131478;https://dadosabertos.camara.leg.br/api/v2/deputados/131478;REYNALDO SANT'ANNA;Reynaldo Gomes Sant'Anna;
131479;https://dadosabertos.camara.leg.br/api/v2/deputados/131479;ROBERTO GEBARA;Roberto Gebara;
131480;https://dadosabertos.camara.leg.br/api/v2/deputados/131480;ROZENDO DE SOUZA;Rozendo de Souza;
131481;https://dadosabertos.camara.leg.br/api/v2/deputados/131481;RUBENS BERARDO;Rubens Berardo Carneiro da Cunha;
131482;https://dadosabertos.camara.leg.br/api/v2/deputados/131482;RUY D'ALMEIDA BARBOSA;Ruy de Almeida Barbosa;
131397;https://dadosabertos.camara.leg.br/api/v2/deputados/131397;SALLES FILHO;Antônio Carlos de Salles Filho;
131484;https://dadosabertos.camara.leg.br/api/v2/deputados/131484;SEVERO EULÁLIO;Severo Maria Eulálio;
131446;https://dadosabertos.camara.leg.br/api/v2/deputados/131446;SILVA BARROS;José da Silva Barros;
131485;https://dadosabertos.camara.leg.br/api/v2/deputados/131485;SILVIO DE ABREU;Sylvio de Andrade Abreu;
131487;https://dadosabertos.camara.leg.br/api/v2/deputados/131487;SÍLVIO DE BARROS;Sílvio Magalhães Barros;
131457;https://dadosabertos.camara.leg.br/api/v2/deputados/131457;SOUSA SANTOS;Manoel de Sousa Santos;
131488;https://dadosabertos.camara.leg.br/api/v2/deputados/131488;STÉLIO MAROJA;Stélio de Mendonça Maroja;
131434;https://dadosabertos.camara.leg.br/api/v2/deputados/131434;SUSSUMU HIRATA;João Sussumu Hirata;
131486;https://dadosabertos.camara.leg.br/api/v2/deputados/131486;SYLVIO BOTELHO;Sylvio Lofêgo Botelho;
131447;https://dadosabertos.camara.leg.br/api/v2/deputados/131447;TASSO ANDRADE;José Tasso Oliveira de Andrade;
131432;https://dadosabertos.camara.leg.br/api/v2/deputados/131432;TOURINHO DANTAS;João Carlos Tourinho Dantas;
131491;https://dadosabertos.camara.leg.br/api/v2/deputados/131491;VICTOR ISSLER;Victor Loureiro Issler;
131489;https://dadosabertos.camara.leg.br/api/v2/deputados/131489;VIEIRA DE MELO;Tarcílio Vieira de Melo Filho;
131398;https://dadosabertos.camara.leg.br/api/v2/deputados/131398;VINÍCIUS CÂMARA;Antônio Vinícius Raposo da Câmara;
131492;https://dadosabertos.camara.leg.br/api/v2/deputados/131492;WALSON LOPES;Walson Lopes Alves;
131493;https://dadosabertos.camara.leg.br/api/v2/deputados/131493;ZACHARIAS SELEME;Zacharias Emiliano Seleme;
131146;https://dadosabertos.camara.leg.br/api/v2/deputados/131146;ABEL RAFAEL;Abel Rafael Pinto;
131147;https://dadosabertos.camara.leg.br/api/v2/deputados/131147;ABRAHÃO SABBÁ;Abrahão Sabbá;
131232;https://dadosabertos.camara.leg.br/api/v2/deputados/131232;ACCIOLY FILHO;Francisco Accioly Rodrigues da Costa Filho;
131149;https://dadosabertos.camara.leg.br/api/v2/deputados/131149;ADAUCTO CARDOSO;Adaucto Lúcio Cardoso;
3067;https://dadosabertos.camara.leg.br/api/v2/deputados/3067;ADELMAR CARVALHO;Adelmar da Costa Carvalho;
131151;https://dadosabertos.camara.leg.br/api/v2/deputados/131151;ADRIANO GONÇALVES;Adriano Fernandes Gonçalves;
131152;https://dadosabertos.camara.leg.br/api/v2/deputados/131152;ADYLIO VIANNA;Adylio Martins Vianna;
131153;https://dadosabertos.camara.leg.br/api/v2/deputados/131153;AFFONSO CELSO;Affonso Celso Ribeiro de Castro;
131154;https://dadosabertos.camara.leg.br/api/v2/deputados/131154;AFONSO MATOS;Afonso da Silva Matos;
3123;https://dadosabertos.camara.leg.br/api/v2/deputados/3123;ALBERTO ABOUD;Alberto Wadih Chames Aboud;
131155;https://dadosabertos.camara.leg.br/api/v2/deputados/131155;ALCEU DE CARVALHO;Alceu Barroso de Carvalho;
131157;https://dadosabertos.camara.leg.br/api/v2/deputados/131157;ALDE SAMPAIO;Alde Feijó Sampaio;
3143;https://dadosabertos.camara.leg.br/api/v2/deputados/3143;ALDENIR SILVA;Aldenir José da Silva;
131158;https://dadosabertos.camara.leg.br/api/v2/deputados/131158;ALEXANDRE COSTA;Alexandre Alves Costa;
131160;https://dadosabertos.camara.leg.br/api/v2/deputados/131160;ALMIR TURISCO;Almir Turisco de Araújo;
131162;https://dadosabertos.camara.leg.br/api/v2/deputados/131162;ALOYSIO NONÔ;Aloysio Ubaldo da Silva Nonô;
131163;https://dadosabertos.camara.leg.br/api/v2/deputados/131163;ALTAIR LIMA;Altair de Oliveira Lima;
131161;https://dadosabertos.camara.leg.br/api/v2/deputados/131161;ALUISIO BEZERRA;Aluisio Gonçalves Bezerra;
131164;https://dadosabertos.camara.leg.br/api/v2/deputados/131164;ALVARO MOTA;Alvaro Coutinho da Mota;
130995;https://dadosabertos.camara.leg.br/api/v2/deputados/130995;ALVES MACÊDO;João Batista Alves de Macêdo;
131223;https://dadosabertos.camara.leg.br/api/v2/deputados/131223;AMARAL PEIXOTO;Ernani do Amaral Peixoto;
3144;https://dadosabertos.camara.leg.br/api/v2/deputados/3144;AMAURY KRUEL;Amaury Kruel;
131165;https://dadosabertos.camara.leg.br/api/v2/deputados/131165;ANACLETO CAMPANELLA;Anacleto Campanella;
131169;https://dadosabertos.camara.leg.br/api/v2/deputados/131169;ANDRADE LIMA FILHO;Antônio de Andrade Lima Filho;
131168;https://dadosabertos.camara.leg.br/api/v2/deputados/131168;ANIZ BADRA;Aniz Badra;
131176;https://dadosabertos.camara.leg.br/api/v2/deputados/131176;ANTÔNIO ALMEIDA;Antônio Gomes de Almeida;
131170;https://dadosabertos.camara.leg.br/api/v2/deputados/131170;ANTÔNIO CARLOS MAGALHÃES;Antônio Carlos Peixoto de Magalhães;
131172;https://dadosabertos.camara.leg.br/api/v2/deputados/131172;ANTONIO CAVALCANTI NEVES;Antônio Cavalcanti Neves;
131173;https://dadosabertos.camara.leg.br/api/v2/deputados/131173;ANTÔNIO FELICIANO;Antônio Ezequiel Feliciano da Silva;
131175;https://dadosabertos.camara.leg.br/api/v2/deputados/131175;ANTÔNIO MAGALHÃES;Antônio Francisco de Almeida Magalhães;
131183;https://dadosabertos.camara.leg.br/api/v2/deputados/131183;AQUILES DINIZ;Aquiles Diniz;
131185;https://dadosabertos.camara.leg.br/api/v2/deputados/131185;ARMANDO CARNEIRO;Armando Rodrigues Carneiro;
131186;https://dadosabertos.camara.leg.br/api/v2/deputados/131186;ARMANDO CORRÊA;Armando de Souza Corrêa;
131184;https://dadosabertos.camara.leg.br/api/v2/deputados/131184;ARMANDO FALCÃO;Armando Ribeiro Falcão;
131187;https://dadosabertos.camara.leg.br/api/v2/deputados/131187;ARMINDO MASTROCOLA;Armindo Mastrocola;
131190;https://dadosabertos.camara.leg.br/api/v2/deputados/131190;ARNALDO CERDEIRA;Arnaldo dos Santos Cerdeira;
131189;https://dadosabertos.camara.leg.br/api/v2/deputados/131189;ARNALDO GARCEZ;Arnaldo Rolemberg Garcez;
131188;https://dadosabertos.camara.leg.br/api/v2/deputados/131188;ARNALDO NOGUEIRA;Arnaldo de Castro Nogueira;
131159;https://dadosabertos.camara.leg.br/api/v2/deputados/131159;ARRUDA CÂMARA;Alfredo de Arruda Camara;
3145;https://dadosabertos.camara.leg.br/api/v2/deputados/3145;ARY RODRIGUES;Ary Rodrigues;
131191;https://dadosabertos.camara.leg.br/api/v2/deputados/131191;ATLAS CATANHEDE;Atlas Brasil Cantanhede;
131192;https://dadosabertos.camara.leg.br/api/v2/deputados/131192;AUGUSTO NOVAES;Augusto Oliveira Carneiro Novaes;
131193;https://dadosabertos.camara.leg.br/api/v2/deputados/131193;AURINO VALOIS;Aurino do Nascimento Valois;
131194;https://dadosabertos.camara.leg.br/api/v2/deputados/131194;AUSTREGÉSILO DE MENDONÇA;Austregésilo Ribeiro de Mendonça;
131386;https://dadosabertos.camara.leg.br/api/v2/deputados/131386;BENEDITO FERREIRA;Benedito Vicente Ferreira;
131320;https://dadosabertos.camara.leg.br/api/v2/deputados/131320;BENEDITO NETO;Nelson Benedito Neto;
131214;https://dadosabertos.camara.leg.br/api/v2/deputados/131214;BEZERRA LEITE;Edgard Bezerra Leite;
131195;https://dadosabertos.camara.leg.br/api/v2/deputados/131195;BIVAR OLYNTHO;Bivar Olyntho de Mello e Silva;
131196;https://dadosabertos.camara.leg.br/api/v2/deputados/131196;BRENO DA SILVEIRA;Breno Dhalia da Silveira;
131198;https://dadosabertos.camara.leg.br/api/v2/deputados/131198;BRITTO VELHO;Carlos de Britto Velho;
131166;https://dadosabertos.camara.leg.br/api/v2/deputados/131166;BROCA FILHO;André Broca Filho;
131363;https://dadosabertos.camara.leg.br/api/v2/deputados/131363;CAMPOS VERGAL;Romeu de Campos Vergal;
131199;https://dadosabertos.camara.leg.br/api/v2/deputados/131199;CARLOS QUINTELLA;Carlos de Freitas Quintella;
131292;https://dadosabertos.camara.leg.br/api/v2/deputados/131292;CARNEIRO DE LOYOLA;Lauro Carneiro de Loyola;
131331;https://dadosabertos.camara.leg.br/api/v2/deputados/131331;CARUSO DA ROCHA;Otávio Francisco Caruso da Rocha;
132148;https://dadosabertos.camara.leg.br/api/v2/deputados/132148;CARVALHO LEAL;Deoclydes de Carvalho Leal;
131340;https://dadosabertos.camara.leg.br/api/v2/deputados/131340;CELESTINO FILHO;Pedro Celestino da Silva Filho;
131200;https://dadosabertos.camara.leg.br/api/v2/deputados/131200;CELSO PASSOS;Celso Gabriel de Rezende Passos;
131180;https://dadosabertos.camara.leg.br/api/v2/deputados/131180;CHAGAS FREITAS;Antônio de Pádua Chagas Freitas;
131201;https://dadosabertos.camara.leg.br/api/v2/deputados/131201;CHAGAS RODRIGUES;Francisco das Chagas Caldas Rodrigues;
3124;https://dadosabertos.camara.leg.br/api/v2/deputados/3124;CÍCERO DANTAS;Cícero Dantas Martins;
131203;https://dadosabertos.camara.leg.br/api/v2/deputados/131203;CID ROCHA;Cid Rocha;
131202;https://dadosabertos.camara.leg.br/api/v2/deputados/131202;CID SAMPAIO;Cid Feijó Sampaio;
131204;https://dadosabertos.camara.leg.br/api/v2/deputados/131204;CLEMENS SAMPAIO;Clemens Vaz Sampaio;
131205;https://dadosabertos.camara.leg.br/api/v2/deputados/131205;CLETO MARQUES;Cleto Marques Luz;
131206;https://dadosabertos.camara.leg.br/api/v2/deputados/131206;CLODOALDO COSTA;Clodoaldo de Oliveira Costa;
131207;https://dadosabertos.camara.leg.br/api/v2/deputados/131207;CLODOMIR LEITE;Clodomir Alcoforado Leite;
131208;https://dadosabertos.camara.leg.br/api/v2/deputados/131208;CLÓVIS PESTANA;Clóvis Pestana;
131276;https://dadosabertos.camara.leg.br/api/v2/deputados/131276;COSTA CAVALCANTI;José Costa Cavalcânti;
131365;https://dadosabertos.camara.leg.br/api/v2/deputados/131365;COSTA VAL;Ruy da Costa Val;
131182;https://dadosabertos.camara.leg.br/api/v2/deputados/131182;CUNHA BUENO;Antonio Sylvio Cunha Bueno;
131209;https://dadosabertos.camara.leg.br/api/v2/deputados/131209;DAVID LERER;David José Lerer;
131233;https://dadosabertos.camara.leg.br/api/v2/deputados/131233;DELMIRO D'OLIVEIRA;Francisco Delmiro d'Oliveira;
131299;https://dadosabertos.camara.leg.br/api/v2/deputados/131299;DIAS LINS;Luiz Dias Lins;
131277;https://dadosabertos.camara.leg.br/api/v2/deputados/131277;DIAS MACEDO;José Dias Macêdo;
131210;https://dadosabertos.camara.leg.br/api/v2/deputados/131210;DNAR MENDES;Dnar Mendes Ferreira;
131226;https://dadosabertos.camara.leg.br/api/v2/deputados/131226;DOIN VIEIRA;Eugênio Doin Vieira;
131211;https://dadosabertos.camara.leg.br/api/v2/deputados/131211;DORIVAL DE ABREU;Dorival Masci de Abreu;
131212;https://dadosabertos.camara.leg.br/api/v2/deputados/131212;EDÉSIO NUNES;Edésio da Cruz Nunes;
131216;https://dadosabertos.camara.leg.br/api/v2/deputados/131216;EDGARD DE ALMEIDA;Edgard Guimarães de Almeida;
131213;https://dadosabertos.camara.leg.br/api/v2/deputados/131213;EDGARD PEREIRA;Edgard Agnello Pereira;
131218;https://dadosabertos.camara.leg.br/api/v2/deputados/131218;EDMUNDO MONTEIRO;Edmundo Monteiro;
3146;https://dadosabertos.camara.leg.br/api/v2/deputados/3146;EMANUEL PINTO;Emanuel Pontes Pinto;
131219;https://dadosabertos.camara.leg.br/api/v2/deputados/131219;EMERENCIANO DE BARROS;Emerenciano Prestes de Barros;
131220;https://dadosabertos.camara.leg.br/api/v2/deputados/131220;EMÍLIO MURAD;Emílio Biló Murad;
131221;https://dadosabertos.camara.leg.br/api/v2/deputados/131221;EMIVAL CAIADO;Emival Ramos Caiado;
131222;https://dadosabertos.camara.leg.br/api/v2/deputados/131222;ERIVAN FRANÇA;Erivan Santiago França;
131225;https://dadosabertos.camara.leg.br/api/v2/deputados/131225;EUCLIDES TRICHES;Euclides Triches;
131227;https://dadosabertos.camara.leg.br/api/v2/deputados/131227;EWALDO PINTO;Ewaldo de Almeida Pinto;
131228;https://dadosabertos.camara.leg.br/api/v2/deputados/131228;EZEQUIAS COSTA;Ezequias Gonçalves da Costa;
131229;https://dadosabertos.camara.leg.br/api/v2/deputados/131229;FAUSTO GAYOSO;Fausto Gayoso Castelo Branco;
131278;https://dadosabertos.camara.leg.br/api/v2/deputados/131278;FELICIANO DE FIGUEIREDO;José Feliciano de Figueiredo;
131230;https://dadosabertos.camara.leg.br/api/v2/deputados/131230;FLAVIANO RIBEIRO;Flaviano Ribeiro Coutinho Filho;
131156;https://dadosabertos.camara.leg.br/api/v2/deputados/131156;FLÔRES SOARES;Alcides Flôres Soares Junior;
131231;https://dadosabertos.camara.leg.br/api/v2/deputados/131231;FLORIANO RUBIM;Floriano Lopes Rubim;
131236;https://dadosabertos.camara.leg.br/api/v2/deputados/131236;GASTÃO PEDREIRA;Gastão Otávio Lacerda Pedreira;
131237;https://dadosabertos.camara.leg.br/api/v2/deputados/131237;GENESIO MIRANDA LINS;Genésio Miranda Lins;
1579;https://dadosabertos.camara.leg.br/api/v2/deputados/1579;GERALDO DE PINA;Geraldo D'Abadia de Pina;
131238;https://dadosabertos.camara.leg.br/api/v2/deputados/131238;GERALDO MESQUITA;Geraldo Gurgel de Mesquita;
131239;https://dadosabertos.camara.leg.br/api/v2/deputados/131239;GETÚLIO MOURA;Getúlio Barbosa de Moura;
131241;https://dadosabertos.camara.leg.br/api/v2/deputados/131241;GILBERTO AZEVEDO;Gilberto Ronaldo Campello de Azevedo;
131240;https://dadosabertos.camara.leg.br/api/v2/deputados/131240;GILBERTO FARIA;Gilberto de Andrade Faria;
131242;https://dadosabertos.camara.leg.br/api/v2/deputados/131242;GLÊNIO MARTINS;Glênio Martins Peçanha;
131300;https://dadosabertos.camara.leg.br/api/v2/deputados/131300;GONZAGA DA GAMA;Luiz Gonzaga Prado Ferreira da Gama;
131243;https://dadosabertos.camara.leg.br/api/v2/deputados/131243;GUILHERME MACHADO;Guilherme Machado;
131244;https://dadosabertos.camara.leg.br/api/v2/deputados/131244;GUILHERMINO DE OLIVEIRA;Guilhermino de Oliveira;
1567;https://dadosabertos.camara.leg.br/api/v2/deputados/1567;GUSTAVO CAPANEMA;Gustavo Capanema;
131245;https://dadosabertos.camara.leg.br/api/v2/deputados/131245;HAMILTON PRADO;Hamilton Prado;
131247;https://dadosabertos.camara.leg.br/api/v2/deputados/131247;HAROLDO VELLOSO;Haroldo Coimbra Velloso;
131246;https://dadosabertos.camara.leg.br/api/v2/deputados/131246;HARY NORMANTON;Hary Normanton;
131249;https://dadosabertos.camara.leg.br/api/v2/deputados/131249;HEITOR DIAS;Heitor Dias Pereira;
131251;https://dadosabertos.camara.leg.br/api/v2/deputados/131251;HÉLIO GUEIROS;Hélio Mota Gueiros;
131250;https://dadosabertos.camara.leg.br/api/v2/deputados/131250;HÉLIO NAVARRO;Hélio Henrique Pereira Navarro;
131252;https://dadosabertos.camara.leg.br/api/v2/deputados/131252;HENIO ROMAGNOLLI;Henio Romagnolli;
131253;https://dadosabertos.camara.leg.br/api/v2/deputados/131253;HENRIQUE HENKIN;Henrique Henkin;
131254;https://dadosabertos.camara.leg.br/api/v2/deputados/131254;HERÁCLIO REGO;Heráclio Moraes do Rego;
131255;https://dadosabertos.camara.leg.br/api/v2/deputados/131255;HERMANO ALVES;Hermano de Deus Nobre Alves;
131257;https://dadosabertos.camara.leg.br/api/v2/deputados/131257;IVALDO PERDIGAO;Ivaldo Perdigão Freire;
131387;https://dadosabertos.camara.leg.br/api/v2/deputados/131387;IVAR SALDANHA;Ivar Figueiredo Saldanha;
131258;https://dadosabertos.camara.leg.br/api/v2/deputados/131258;JAEDER ALBERGARIA;Jaeder Soares Albergaria;
131259;https://dadosabertos.camara.leg.br/api/v2/deputados/131259;JALLES MACHADO;Jalles Machado de Siqueira;
131260;https://dadosabertos.camara.leg.br/api/v2/deputados/131260;JAMIL AMIDEN;Jamil Amiden;
131261;https://dadosabertos.camara.leg.br/api/v2/deputados/131261;JANARY NUNES;Janary Gentil Nunes;
131262;https://dadosabertos.camara.leg.br/api/v2/deputados/131262;JESSÉ FREIRE;Jessé Pinto Freire;
131265;https://dadosabertos.camara.leg.br/api/v2/deputados/131265;JOÃO CALMON;João de Medeiros Calmon;
131263;https://dadosabertos.camara.leg.br/api/v2/deputados/131263;JOÃO FERNANDES;João Fernandes de Lima;
131264;https://dadosabertos.camara.leg.br/api/v2/deputados/131264;JOÃO LYRA;João Lyra Filho;
131266;https://dadosabertos.camara.leg.br/api/v2/deputados/131266;JOÃO MENDES OLÍMPIO;João Mendes Olimpio de Mello;
131267;https://dadosabertos.camara.leg.br/api/v2/deputados/131267;JOÃO PAULINO;João Paulino Vieira Filho;
131273;https://dadosabertos.camara.leg.br/api/v2/deputados/131273;JOÃO ROMA;João Inácio Ribeiro Roma;
3147;https://dadosabertos.camara.leg.br/api/v2/deputados/3147;JOÃO VAZ;João Carneiro de Castro Vaz;
131268;https://dadosabertos.camara.leg.br/api/v2/deputados/131268;JOAQUIM CORDEIRO;Joaquim Baptista d'Abreu Cordeiro;
131270;https://dadosabertos.camara.leg.br/api/v2/deputados/131270;JOAQUIM PARENTE;Joaquim Santos Parente;
131269;https://dadosabertos.camara.leg.br/api/v2/deputados/131269;JOAQUIM RAMOS;Joaquim Fiuza Ramos;
131271;https://dadosabertos.camara.leg.br/api/v2/deputados/131271;JORGE CURI;Jorge Curi;
131272;https://dadosabertos.camara.leg.br/api/v2/deputados/131272;JORGE LAVOCAT;Jorge Felix Lavocat;
3129;https://dadosabertos.camara.leg.br/api/v2/deputados/3129;JOSAPHAT AZEVEDO;Josaphat Paranhos de Azevedo;
131275;https://dadosabertos.camara.leg.br/api/v2/deputados/131275;JOSÉ CARLOS GUERRA;José Carlos Estelita Guerra;
131289;https://dadosabertos.camara.leg.br/api/v2/deputados/131289;JOSÉ ESTEVES;José Raimundo Esteves;
131287;https://dadosabertos.camara.leg.br/api/v2/deputados/131287;JOSÉ GADELHA;José de Paiva Gadelha;
131274;https://dadosabertos.camara.leg.br/api/v2/deputados/131274;JOSÉ LINDOSO;José Bernardino Lindoso;
131282;https://dadosabertos.camara.leg.br/api/v2/deputados/131282;JOSÉ MARIA RIBEIRO;José Maria Alves Ribeiro;
131290;https://dadosabertos.camara.leg.br/api/v2/deputados/131290;JOSÉ MEIRA;José do Rego Barros Meira de Araújo;
130468;https://dadosabertos.camara.leg.br/api/v2/deputados/130468;JOSÉ ONIAS;José Onias de Carvalho;
131279;https://dadosabertos.camara.leg.br/api/v2/deputados/131279;JOSÉ RESEGUE;José Jorge Resegue;
131291;https://dadosabertos.camara.leg.br/api/v2/deputados/131291;JOSÉ RICHA;José Richa;
1688;https://dadosabertos.camara.leg.br/api/v2/deputados/1688;JÚLIA STEINBRUCH;Júlia Vaena Steinbruch;
131280;https://dadosabertos.camara.leg.br/api/v2/deputados/131280;JUSTINO PEREIRA;José Justino Filgueiras Alves Pereira;
131256;https://dadosabertos.camara.leg.br/api/v2/deputados/131256;LACÔRTE VITALE;Hugo Lacôrte Vitale;
131293;https://dadosabertos.camara.leg.br/api/v2/deputados/131293;LAURO CRUZ;Lauro Monteiro da Cruz;
131294;https://dadosabertos.camara.leg.br/api/v2/deputados/131294;LENOIR VARGAS;Lenoir Vargas Ferreira;
131248;https://dadosabertos.camara.leg.br/api/v2/deputados/131248;LEON PERES;Haroldo Leon Peres;
131295;https://dadosabertos.camara.leg.br/api/v2/deputados/131295;LEONARDO MÔNACO;Leonardo Mônaco;
131296;https://dadosabertos.camara.leg.br/api/v2/deputados/131296;LEVY TAVARES;Levy Gonçalves Tavares;
1695;https://dadosabertos.camara.leg.br/api/v2/deputados/1695;LÍGIA DOUTEL DE ANDRADE;Lígia Doutel de Andrade;
131177;https://dadosabertos.camara.leg.br/api/v2/deputados/131177;LISBOA MACHADO;Antônio de Lisboa Machado;
131297;https://dadosabertos.camara.leg.br/api/v2/deputados/131297;LUÍS COELHO;Luis Gonzaga Barros Coelho;
131302;https://dadosabertos.camara.leg.br/api/v2/deputados/131302;LUIZ ATHAYDE;Luiz Paulo Athayde;
131305;https://dadosabertos.camara.leg.br/api/v2/deputados/131305;LUIZ CAVALCANTE;Luiz de Souza Cavalcante;
131301;https://dadosabertos.camara.leg.br/api/v2/deputados/131301;LUIZ DE PAULA;Luiz de Paula Ferreira;
131326;https://dadosabertos.camara.leg.br/api/v2/deputados/131326;LUNA FREIRE;Oscar de Luna Freire;
131281;https://dadosabertos.camara.leg.br/api/v2/deputados/131281;LURTZ SABIÁ;José Lurtz Sabiá;
131306;https://dadosabertos.camara.leg.br/api/v2/deputados/131306;LYRIO BERTOLI;Lyrio Bertoli;
131342;https://dadosabertos.camara.leg.br/api/v2/deputados/131342;MANSO CABRAL;Pedro Manso Cabral;
131307;https://dadosabertos.camara.leg.br/api/v2/deputados/131307;MARCIAL DO LAGO;Marcial do Lago;
131308;https://dadosabertos.camara.leg.br/api/v2/deputados/131308;MÁRCIO MOREIRA ALVES;Márcio Emmanuel Moreira Alves;
131309;https://dadosabertos.camara.leg.br/api/v2/deputados/131309;MARCOS KERTZMANN;Marcos Kertzmann;
131283;https://dadosabertos.camara.leg.br/api/v2/deputados/131283;MARIANO BECK;José Mariano de Freitas Beck;
131311;https://dadosabertos.camara.leg.br/api/v2/deputados/131311;MARIO DE ABREU;Mário Monteiro de Abreu Pinto;
1543;https://dadosabertos.camara.leg.br/api/v2/deputados/1543;MÁRIO GURGEL;Mário Gurgel;
131310;https://dadosabertos.camara.leg.br/api/v2/deputados/131310;MÁRIO MAIA;Mário Maia;
131312;https://dadosabertos.camara.leg.br/api/v2/deputados/131312;MÁRIO PIVA;Mário Piva;
131313;https://dadosabertos.camara.leg.br/api/v2/deputados/131313;MÁRIO TAMBORINDEGUY;Mário Tamborindeguy;
131181;https://dadosabertos.camara.leg.br/api/v2/deputados/131181;MARTINS JUNIOR;Antônio Pedro Martins Júnior;
131284;https://dadosabertos.camara.leg.br/api/v2/deputados/131284;MARTINS RODRIGUES;José Martins Rodrigues;
131215;https://dadosabertos.camara.leg.br/api/v2/deputados/131215;MATA MACHADO;Edgard de Godói da Mata Machado;
131285;https://dadosabertos.camara.leg.br/api/v2/deputados/131285;MAURÍCIO DE ANDRADE;José Maurício de Andrade;
131314;https://dadosabertos.camara.leg.br/api/v2/deputados/131314;MAURÍCIO GOULART;Maurício Goulart;
131298;https://dadosabertos.camara.leg.br/api/v2/deputados/131298;MEDEIROS NETO;Luiz de Menezes Medeiros Neto;
131167;https://dadosabertos.camara.leg.br/api/v2/deputados/131167;MENDES DE MORAES;Ângelo Mendes de Moraes;
131315;https://dadosabertos.camara.leg.br/api/v2/deputados/131315;MIGUEL COUTO;Miguel Couto Filho;
131316;https://dadosabertos.camara.leg.br/api/v2/deputados/131316;MILTON CABRAL;Milton Bezerra Cabral;
131317;https://dadosabertos.camara.leg.br/api/v2/deputados/131317;MOACYR SILVESTRI;Moacyr Júlio Silvestri;
131318;https://dadosabertos.camara.leg.br/api/v2/deputados/131318;MONSENHOR VIEIRA;Monsenhor Manuel Vieira;
131286;https://dadosabertos.camara.leg.br/api/v2/deputados/131286;MONTEIRO DE CASTRO;José Monteiro de Castro;
131197;https://dadosabertos.camara.leg.br/api/v2/deputados/131197;MONTENEGRO DUARTE;Camillo Silva Montenegro Duarte;
131217;https://dadosabertos.camara.leg.br/api/v2/deputados/131217;MOURY FERNANDES;Edson Moury Fernandes;
131319;https://dadosabertos.camara.leg.br/api/v2/deputados/131319;NAZIR MIGUEL;Nazir Miguel;
131321;https://dadosabertos.camara.leg.br/api/v2/deputados/131321;NELSON CARNEIRO;Nelson de Souza Carneiro;
131322;https://dadosabertos.camara.leg.br/api/v2/deputados/131322;NEY MARANHÃO;Ney Albuquerque Maranhão;
131323;https://dadosabertos.camara.leg.br/api/v2/deputados/131323;NICOLAU TUMA;Nicolau Tuma;
131178;https://dadosabertos.camara.leg.br/api/v2/deputados/131178;NONATO MARQUES;Antonio Nonato Marques;
1681;https://dadosabertos.camara.leg.br/api/v2/deputados/1681;NYSIA CARONE;Nysia Coimbra Flôres Carone;
131174;https://dadosabertos.camara.leg.br/api/v2/deputados/131174;OLIVEIRA BRITO;Antonio Ferreira de Oliveira Brito;
131324;https://dadosabertos.camara.leg.br/api/v2/deputados/131324;ORLANDO BÉRTOLI;Orlando Bértoli;
131325;https://dadosabertos.camara.leg.br/api/v2/deputados/131325;OSCAR CARDOSO;Oscar Cardoso da Silva;
131328;https://dadosabertos.camara.leg.br/api/v2/deputados/131328;OSMAR CUNHA;Osmar Cunha;
131327;https://dadosabertos.camara.leg.br/api/v2/deputados/131327;OSMAR DE AQUINO;Osmar de Araújo Aquino;
131329;https://dadosabertos.camara.leg.br/api/v2/deputados/131329;OSMAR DUTRA;Osmar Dutra;
131330;https://dadosabertos.camara.leg.br/api/v2/deputados/131330;OSNI RÉGIS;Osni de Medeiros Regis;
131332;https://dadosabertos.camara.leg.br/api/v2/deputados/131332;OVÍDIO DE ABREU;Ovídio Xavier de Abreu;
131179;https://dadosabertos.camara.leg.br/api/v2/deputados/131179;PADRE GODINHO;Antonio de Oliveira Godinho;
131333;https://dadosabertos.camara.leg.br/api/v2/deputados/131333;PADRE VIEIRA;Antônio Batista Vieira;
131338;https://dadosabertos.camara.leg.br/api/v2/deputados/131338;PAULO BIAR;Paulo Norair Biar de Souza;
131334;https://dadosabertos.camara.leg.br/api/v2/deputados/131334;PAULO BROSSARD;Paulo Brossard de Sousa Pinto;
131335;https://dadosabertos.camara.leg.br/api/v2/deputados/131335;PAULO CAMPOS;Paulo Campos;
131337;https://dadosabertos.camara.leg.br/api/v2/deputados/131337;PAULO FREIRE;Paulo Freire de Araújo;
131336;https://dadosabertos.camara.leg.br/api/v2/deputados/131336;PAULO MACIEL;Paulo Frederico do Rêgo Maciel;
131344;https://dadosabertos.camara.leg.br/api/v2/deputados/131344;PEDRO GONDIM;Pedro Moreno Gondim;
131343;https://dadosabertos.camara.leg.br/api/v2/deputados/131343;PEDRO MARÃO;Pedro Marão;
131341;https://dadosabertos.camara.leg.br/api/v2/deputados/131341;PEDRO VIDIGAL;Pedro Maciel Vidigal;
131288;https://dadosabertos.camara.leg.br/api/v2/deputados/131288;PEREIRA LÚCIO;José Pereira Lúcio;
131171;https://dadosabertos.camara.leg.br/api/v2/deputados/131171;PEREIRA PINTO;Antonio Carlos Pereira Pinto;
131345;https://dadosabertos.camara.leg.br/api/v2/deputados/131345;PETRONILO SANTA CRUZ;Petronilo Santa Cruz de Oliveira;
131339;https://dadosabertos.camara.leg.br/api/v2/deputados/131339;PINHEIRO CHAGAS;Paulo Pinheiro Chagas;
131346;https://dadosabertos.camara.leg.br/api/v2/deputados/131346;PLÍNIO LEMOS;Plínio Lemos;
131347;https://dadosabertos.camara.leg.br/api/v2/deputados/131347;RACHID MAMED;Rachid Jorge Mamed;
131352;https://dadosabertos.camara.leg.br/api/v2/deputados/131352;RAIMUNDO BOGEÁ;Raimundo Rodrigues Bogeá;
131353;https://dadosabertos.camara.leg.br/api/v2/deputados/131353;RAIMUNDO BRITO;Raymundo de Souza Brito;
131349;https://dadosabertos.camara.leg.br/api/v2/deputados/131349;RAPHAEL MAGALHÃES;Raphael Hermeto de Almeida Magalhães;
131355;https://dadosabertos.camara.leg.br/api/v2/deputados/131355;RAUL BRUNINI;Raul Brunini Filho;
131350;https://dadosabertos.camara.leg.br/api/v2/deputados/131350;RAYMUNDO DE ANDRADE;Raymundo de Araújo Andrade;
131351;https://dadosabertos.camara.leg.br/api/v2/deputados/131351;RAYMUNDO PADILHA;Raymundo Delmiriano Padilha;
131234;https://dadosabertos.camara.leg.br/api/v2/deputados/131234;RÉGIS BARROSO;Francisco Régis Monte Barroso;
131303;https://dadosabertos.camara.leg.br/api/v2/deputados/131303;RÉGIS PACHECO;Luís Régis Pacheco Pereira;
131356;https://dadosabertos.camara.leg.br/api/v2/deputados/131356;RENATO ARCHER;Renato Bayma Archer da Silva;
131357;https://dadosabertos.camara.leg.br/api/v2/deputados/131357;RENATO CELIDÔNIO;Renato Celidônio;
131358;https://dadosabertos.camara.leg.br/api/v2/deputados/131358;RENATO RIBEIRO;Renato Ribeiro Coutinho;
131359;https://dadosabertos.camara.leg.br/api/v2/deputados/131359;ROBERTO SATURNINO;Roberto Saturnino Braga;
131360;https://dadosabertos.camara.leg.br/api/v2/deputados/131360;ROCKFELLER FELISBERTO DE LIMA;Rockefeller Felisberto de Lima;
131361;https://dadosabertos.camara.leg.br/api/v2/deputados/131361;ROMANO EVANGELISTA;Romano Evangelista da Silva;
131362;https://dadosabertos.camara.leg.br/api/v2/deputados/131362;ROMANO MASSIGNAN;Romano Massignan;
131364;https://dadosabertos.camara.leg.br/api/v2/deputados/131364;RUBEM NOGUEIRA;Rubem Rodrigues Nogueira;
131366;https://dadosabertos.camara.leg.br/api/v2/deputados/131366;RUY SANTOS;Rui Santos;
131367;https://dadosabertos.camara.leg.br/api/v2/deputados/131367;SADI BOGADO;Sadi Coube Bogado;
131348;https://dadosabertos.camara.leg.br/api/v2/deputados/131348;SALDANHA DERZI;Rachid Saldanha Derzi;
131368;https://dadosabertos.camara.leg.br/api/v2/deputados/131368;SEGISMUNDO ANDRADE;Segismundo Andrade;
131369;https://dadosabertos.camara.leg.br/api/v2/deputados/131369;SIMÃO DA CUNHA;Simão Vianna da Cunha Pereira;
131224;https://dadosabertos.camara.leg.br/api/v2/deputados/131224;SOUTO MAIOR;Estácio Gonçalves Souto Maior;
131148;https://dadosabertos.camara.leg.br/api/v2/deputados/131148;TABOSA DE ALMEIDA;Adalberto Tabosa de Almeida;
131370;https://dadosabertos.camara.leg.br/api/v2/deputados/131370;TARSO DUTRA;Tarso de Moraes Dutra;
131371;https://dadosabertos.camara.leg.br/api/v2/deputados/131371;THEODORICO BEZERRA;Theodorico Bezerra;
3135;https://dadosabertos.camara.leg.br/api/v2/deputados/3135;THEOPHILO PIRES;Theophilo Ribeiro Pires;
131372;https://dadosabertos.camara.leg.br/api/v2/deputados/131372;ÚLTIMO DE CARVALHO;Último de Carvalho;
131373;https://dadosabertos.camara.leg.br/api/v2/deputados/131373;UNÍRIO MACHADO;Unírio Carrera Machado;
131374;https://dadosabertos.camara.leg.br/api/v2/deputados/131374;VASCO FILHO;Vasco Azevedo Filho;
131304;https://dadosabertos.camara.leg.br/api/v2/deputados/131304;VEIGA BRITO;Luiz Roberto Veiga de Brito;
131375;https://dadosabertos.camara.leg.br/api/v2/deputados/131375;VICENTE AUGUSTO;Vicente Férrer Augusto Lima;
131376;https://dadosabertos.camara.leg.br/api/v2/deputados/131376;VIRGÍLIO TÁVORA;Virgílio Fernandes Távora;
131377;https://dadosabertos.camara.leg.br/api/v2/deputados/131377;WALDYR SIMÕES;Waldyr de Mello Simões;
131379;https://dadosabertos.camara.leg.br/api/v2/deputados/131379;WALTER PASSOS;Walter Passos;
131378;https://dadosabertos.camara.leg.br/api/v2/deputados/131378;WALTER SÁ;Walter Bezerra de Sá;
131235;https://dadosabertos.camara.leg.br/api/v2/deputados/131235;WANDERLEY DANTAS;Francisco Wanderley Dantas;
131380;https://dadosabertos.camara.leg.br/api/v2/deputados/131380;WEIMAR TORRES;Weimar Gonçalves Torres;
131382;https://dadosabertos.camara.leg.br/api/v2/deputados/131382;WILSON CALMON;Wilson de Medeiros Calmon;
131381;https://dadosabertos.camara.leg.br/api/v2/deputados/131381;WILSON MARTINS;Wilson Barbosa Martins;
131383;https://dadosabertos.camara.leg.br/api/v2/deputados/131383;WILSON RORIZ;Wilson Roriz;
131354;https://dadosabertos.camara.leg.br/api/v2/deputados/131354;XAVIER FERNANDES;Raimundo Xavier Fernandes;
131384;https://dadosabertos.camara.leg.br/api/v2/deputados/131384;YUKISHIGUE TAMURA;Yukishigue Tamura;
131385;https://dadosabertos.camara.leg.br/api/v2/deputados/131385;ZAIRE NUNES;Zaire Nunes Pereira;
3148;https://dadosabertos.camara.leg.br/api/v2/deputados/3148;ZULMAR BAPTISTA;Zulmar Batista de Almeida;
130880;https://dadosabertos.camara.leg.br/api/v2/deputados/130880;ABELARDO JUREMA;Abelardo de Araújo Jurema;
130881;https://dadosabertos.camara.leg.br/api/v2/deputados/130881;ABRAHÃO MOURA;Abrahão Fidelis de Moura;
130883;https://dadosabertos.camara.leg.br/api/v2/deputados/130883;ADAHIL CAVALCANTI;Adahil Barreto Cavalcanti;
130885;https://dadosabertos.camara.leg.br/api/v2/deputados/130885;ADAHURY FERNANDES;Adahury Fernandes;
130882;https://dadosabertos.camara.leg.br/api/v2/deputados/130882;ADAIR MURTA;Adair Fernandes Murta;
130905;https://dadosabertos.camara.leg.br/api/v2/deputados/130905;ADIB CHAMMAS;Antônio Adib Chammas;
130886;https://dadosabertos.camara.leg.br/api/v2/deputados/130886;ADRIÃO BERNARDES;Adrião Bernardes;
2639;https://dadosabertos.camara.leg.br/api/v2/deputados/2639;AFFONSO ARINOS FILHO;Affonso Arinos de Mello Franco Filho;
130888;https://dadosabertos.camara.leg.br/api/v2/deputados/130888;AFRÂNIO DE OLIVEIRA;Afrânio de Oliveira;
130889;https://dadosabertos.camara.leg.br/api/v2/deputados/130889;AGUINALDO COSTA;Aguinaldo Costa Pereira;
130890;https://dadosabertos.camara.leg.br/api/v2/deputados/130890;ALBANYR LEAL;Albanyr Leal;
130891;https://dadosabertos.camara.leg.br/api/v2/deputados/130891;ALBERTO LUZ;Alberto Bessa Luz;
130893;https://dadosabertos.camara.leg.br/api/v2/deputados/130893;ALDO TINOCO;Aldo da Fonseca Tinoco;
130894;https://dadosabertos.camara.leg.br/api/v2/deputados/130894;ALFREDO BARREIRA;Alfredo Barreira Filho;
130896;https://dadosabertos.camara.leg.br/api/v2/deputados/130896;ALFREDO NASSER;Alfredo Nasser;
130897;https://dadosabertos.camara.leg.br/api/v2/deputados/130897;ALIOMAR BALEEIRO;Aliomar de Andrade Baleeiro;
131037;https://dadosabertos.camara.leg.br/api/v2/deputados/131037;ALMEIDA PRADO;José Ulpiano de Almeida Prado;
130898;https://dadosabertos.camara.leg.br/api/v2/deputados/130898;ALOYSIO DE CASTRO;Aloysio de Souza Castro;
130899;https://dadosabertos.camara.leg.br/api/v2/deputados/130899;ALOYSIO SHORT;Aloysio da Costa Short;
131012;https://dadosabertos.camara.leg.br/api/v2/deputados/131012;ALTINO MACHADO;José Altino Machado;
130900;https://dadosabertos.camara.leg.br/api/v2/deputados/130900;ÁLVARO CATÃO;Álvaro Luiz Bocayuva Catão;
130901;https://dadosabertos.camara.leg.br/api/v2/deputados/130901;AMÉRICO SILVA;Américo Silva;
130903;https://dadosabertos.camara.leg.br/api/v2/deputados/130903;AMINTAS DE BARROS;Amintas Ferreira de Barros;
130904;https://dadosabertos.camara.leg.br/api/v2/deputados/130904;ANÍSIO ROCHA;Anísio de Alcântara Rocha;
130906;https://dadosabertos.camara.leg.br/api/v2/deputados/130906;ANTÔNIO BABY;Antônio Baby;
130911;https://dadosabertos.camara.leg.br/api/v2/deputados/130911;ANTÔNIO DE BARROS;Antônio Mendes de Barros;
3087;https://dadosabertos.camara.leg.br/api/v2/deputados/3087;ANTÔNIO JUCÁ;Antônio Jorge de Queiroz Jucá;
130910;https://dadosabertos.camara.leg.br/api/v2/deputados/130910;ANTÔNIO LUCIANO;Antônio Luciano Pereira Filho;
130913;https://dadosabertos.camara.leg.br/api/v2/deputados/130913;ARIOSTO AMADO;Ariosto Mesquita Amado;
130914;https://dadosabertos.camara.leg.br/api/v2/deputados/130914;ARISTÓFANES FERNANDES;Aristófanes Fernandes e Silva;
130915;https://dadosabertos.camara.leg.br/api/v2/deputados/130915;ARMANDO LEITE;Armando Leite;
130916;https://dadosabertos.camara.leg.br/api/v2/deputados/130916;ARMANDO ROLLEMBERG;Armando Leite Rollemberg;
130918;https://dadosabertos.camara.leg.br/api/v2/deputados/130918;ARNO ARNT;Arno Fernando Arnt;
130919;https://dadosabertos.camara.leg.br/api/v2/deputados/130919;ARTUR EVARISTO;Artur Evaristo de Aragão;
130920;https://dadosabertos.camara.leg.br/api/v2/deputados/130920;ARY PITOMBO;Ary Botto Pitombo;
130922;https://dadosabertos.camara.leg.br/api/v2/deputados/130922;AUDÍZIO PINHEIRO;Audízio Pinheiro;
130923;https://dadosabertos.camara.leg.br/api/v2/deputados/130923;AUGUSTO DE GREGÓRIO;Augusto de Gregório;
130924;https://dadosabertos.camara.leg.br/api/v2/deputados/130924;ÁUREO DE MELLO;Áureo Bringel de Mello;
131094;https://dadosabertos.camara.leg.br/api/v2/deputados/131094;BAETA NEVES;Paulo Baeta Neves;
130921;https://dadosabertos.camara.leg.br/api/v2/deputados/130921;BAGUEIRA LEAL;Asthenio Bagueira Leal;
130925;https://dadosabertos.camara.leg.br/api/v2/deputados/130925;BENEDITO CERQUEIRA;Benedito Cerqueira;
130926;https://dadosabertos.camara.leg.br/api/v2/deputados/130926;BENEDITO VAZ;Benedito Vaz;
130927;https://dadosabertos.camara.leg.br/api/v2/deputados/130927;BERNARDO BELLO;Bernardo Bello Pimentel Barbosa;
131085;https://dadosabertos.camara.leg.br/api/v2/deputados/131085;BILAC PINTO;Olavo Bilac Pereira Pinto;
131019;https://dadosabertos.camara.leg.br/api/v2/deputados/131019;BURLAMAQUI DE MIRANDA;José Edson Burlamaqui de Miranda;
130928;https://dadosabertos.camara.leg.br/api/v2/deputados/130928;CARLOS ALBERTO;Carlos Alberto Cincurá;
130930;https://dadosabertos.camara.leg.br/api/v2/deputados/130930;CARLOS GOMES;Carlos Gomes de Barros;
130931;https://dadosabertos.camara.leg.br/api/v2/deputados/130931;CARLOS MURILO;Carlos Murilo Felício dos Santos;
130929;https://dadosabertos.camara.leg.br/api/v2/deputados/130929;CARLOS WERNECK;Carlos Alberto Werneck;
130902;https://dadosabertos.camara.leg.br/api/v2/deputados/130902;CARVALHO DA SILVA;Amílcar Carvalho da Silva;
131006;https://dadosabertos.camara.leg.br/api/v2/deputados/131006;CARVALHO NETO;Joaquim Inácio de Carvalho Netto;
130976;https://dadosabertos.camara.leg.br/api/v2/deputados/130976;CASTRO COSTA;Gerson de Castro Costa;
130932;https://dadosabertos.camara.leg.br/api/v2/deputados/130932;CELSO GENEROSO;Celso Generoso Pereira;
130878;https://dadosabertos.camara.leg.br/api/v2/deputados/130878;CELSO MURTA;Celso Claro Horta Murta;
130933;https://dadosabertos.camara.leg.br/api/v2/deputados/130933;CÉSAR PRIETO;César Prieto;
130934;https://dadosabertos.camara.leg.br/api/v2/deputados/130934;CESÁRIO COIMBRA;Cesário Guilherme Coimbra;
130936;https://dadosabertos.camara.leg.br/api/v2/deputados/130936;CLAY ARAÚJO;Clay Hardmann de Araújo;
130937;https://dadosabertos.camara.leg.br/api/v2/deputados/130937;CLODOMIR MILLET;Clodomir Teixeira Millet;
130938;https://dadosabertos.camara.leg.br/api/v2/deputados/130938;CLOVIS MOTTA;Clovis Coutinho da Motta;
130895;https://dadosabertos.camara.leg.br/api/v2/deputados/130895;CONDEIXA FILHO;Alfredo Condeixa Filho;
131138;https://dadosabertos.camara.leg.br/api/v2/deputados/131138;CORRÊA DA COSTA;Yttrio Corrêa da Costa;
131020;https://dadosabertos.camara.leg.br/api/v2/deputados/131020;COSTA LIMA;José Flávio Leite Costa Lima;
131074;https://dadosabertos.camara.leg.br/api/v2/deputados/131074;COSTA REGO;Murilo Barros Costa Rego;
130941;https://dadosabertos.camara.leg.br/api/v2/deputados/130941;CROACY OLIVEIRA;Croacy Cavalheiro de Oliveira;
130935;https://dadosabertos.camara.leg.br/api/v2/deputados/130935;CYRO AGUIAR MACIEL;Cyro de Aguiar Maciel;
130907;https://dadosabertos.camara.leg.br/api/v2/deputados/130907;D'ÁVILA LINS;Antônio d'Ávila Lins;
130942;https://dadosabertos.camara.leg.br/api/v2/deputados/130942;DAGER SERRA;Dager de Souza Serra;
130943;https://dadosabertos.camara.leg.br/api/v2/deputados/130943;DALTON LIMA;Dalton Cordeiro de Lima;
130944;https://dadosabertos.camara.leg.br/api/v2/deputados/130944;DEMISTHOCLIDES BATISTA;Demisthoclides Batista;
130945;https://dadosabertos.camara.leg.br/api/v2/deputados/130945;DERVILLE ALLEGRETTI;Derville Allegretti;
130946;https://dadosabertos.camara.leg.br/api/v2/deputados/130946;DIOMÍCIO FREITAS;Diomício Manoel de Freitas;
130947;https://dadosabertos.camara.leg.br/api/v2/deputados/130947;DJACIR ARRUDA;Djacir Cavalcanti de Arruda;
130948;https://dadosabertos.camara.leg.br/api/v2/deputados/130948;DJALMA PASSOS;Djalma Vieira Passos;
130949;https://dadosabertos.camara.leg.br/api/v2/deputados/130949;DULCINO MONTEIRO;Dulcino Monteiro de Castro;
130950;https://dadosabertos.camara.leg.br/api/v2/deputados/130950;EDILBERTO CASTRO;Edilberto Ribeiro de Castro;
130951;https://dadosabertos.camara.leg.br/api/v2/deputados/130951;EDISON FERREIRA;Edison Dias Ferreira;
130952;https://dadosabertos.camara.leg.br/api/v2/deputados/130952;ELIAS NACLE;Elias Nacle;
130953;https://dadosabertos.camara.leg.br/api/v2/deputados/130953;ELIAS SALAME;Elias Salame da Silva;
130954;https://dadosabertos.camara.leg.br/api/v2/deputados/130954;ELOY DUTRA;Eloy Ângelo Coutinho Dutra;
130955;https://dadosabertos.camara.leg.br/api/v2/deputados/130955;EPAMINONDAS DOS SANTOS;Epaminondas Gomes dos Santos;
130956;https://dadosabertos.camara.leg.br/api/v2/deputados/130956;EPÍLOGO DE CAMPOS;Epílogo de Gonçalves Campos;
130957;https://dadosabertos.camara.leg.br/api/v2/deputados/130957;ESMERINO ARRUDA;Esmerino Oliveira Arruda Coelho;
131005;https://dadosabertos.camara.leg.br/api/v2/deputados/131005;ESPEDITO RODRIGUES;Joaquim Espedito Rodrigues;
3133;https://dadosabertos.camara.leg.br/api/v2/deputados/3133;EUCLIDES MENDONÇA;Euclides Paes Mendonça;
130959;https://dadosabertos.camara.leg.br/api/v2/deputados/130959;EUCLIDES WICAR;Euclides Wicar de Castro Parente Pessoa;
130960;https://dadosabertos.camara.leg.br/api/v2/deputados/130960;EURICO DE OLIVEIRA;Eurico Garcia Alves de Oliveira;
130961;https://dadosabertos.camara.leg.br/api/v2/deputados/130961;EUVALDO DINIZ;Euvaldo Diniz Gonçalves;
130962;https://dadosabertos.camara.leg.br/api/v2/deputados/130962;FAUSTO BRASIL;Fausto Lobo Brasil;
130963;https://dadosabertos.camara.leg.br/api/v2/deputados/130963;FELIPE ASSEF;Felipe Assef;
130964;https://dadosabertos.camara.leg.br/api/v2/deputados/130964;FELIX VALOIS;Felix Valois de Araújo;
130939;https://dadosabertos.camara.leg.br/api/v2/deputados/130939;FERRO COSTA;Clóvis Ferro Costa;
131021;https://dadosabertos.camara.leg.br/api/v2/deputados/131021;FONTES TORRES;José Fontes Torres;
130968;https://dadosabertos.camara.leg.br/api/v2/deputados/130968;FRANCISCO ADEODATO;Francisco Mendes Adeodato;
131145;https://dadosabertos.camara.leg.br/api/v2/deputados/131145;FRANCISCO ELESBÃO;Francisco Elesbão da Silva;
130967;https://dadosabertos.camara.leg.br/api/v2/deputados/130967;FRANCISCO JULIÃO;Francisco Julião Arruda de Paula;
130965;https://dadosabertos.camara.leg.br/api/v2/deputados/130965;FRANCISCO MACEDO;Francisco de Araújo Macedo;
130969;https://dadosabertos.camara.leg.br/api/v2/deputados/130969;FRANCISCO SCARPA;Francisco Scarpa;
130970;https://dadosabertos.camara.leg.br/api/v2/deputados/130970;GABRIEL GONÇALVES;Gabriel Gonçalves da Silva;
130908;https://dadosabertos.camara.leg.br/api/v2/deputados/130908;GARCIA FILHO;Antônio Garcia Filho;
130993;https://dadosabertos.camara.leg.br/api/v2/deputados/130993;GAYOSO E ALMENDRA;Jacob Manoel Gayoso e Almendra;
130973;https://dadosabertos.camara.leg.br/api/v2/deputados/130973;GERALDO BARROS;Geraldo Pereira de Barros;
130971;https://dadosabertos.camara.leg.br/api/v2/deputados/130971;GERALDO SAMPAIO;Geraldo Costa Sampaio;
130974;https://dadosabertos.camara.leg.br/api/v2/deputados/130974;GEREMIAS FONTES;Geremias de Mattos Fontes;
130975;https://dadosabertos.camara.leg.br/api/v2/deputados/130975;GERMINAL FEIJÓ;Germinal Feijó;
130909;https://dadosabertos.camara.leg.br/api/v2/deputados/130909;GIL VELLOZO;Antônio Gil Vellozo;
130977;https://dadosabertos.camara.leg.br/api/v2/deputados/130977;GILBERTO MESTRINHO;Gilberto Mestrinho de Medeiros Raposo;
131134;https://dadosabertos.camara.leg.br/api/v2/deputados/131134;GIORDANO ALVES;Walter Giordano Alves;
130892;https://dadosabertos.camara.leg.br/api/v2/deputados/130892;GUERREIRO RAMOS;Alberto Guerreiro Ramos;
130978;https://dadosabertos.camara.leg.br/api/v2/deputados/130978;HAMILTON NOGUEIRA;Hamilton de Lacerda Nogueira;
130979;https://dadosabertos.camara.leg.br/api/v2/deputados/130979;HAROLDO CAVALCANTI;Haroldo Correa Cavalcanti;
130980;https://dadosabertos.camara.leg.br/api/v2/deputados/130980;HAROLDO DUARTE;Haroldo Silva Duarte;
130981;https://dadosabertos.camara.leg.br/api/v2/deputados/130981;HEGEL MORHY;Hegel Morhy;
130982;https://dadosabertos.camara.leg.br/api/v2/deputados/130982;HÉLCIO MAGHENZANI;Hélcio Maghenzani;
130983;https://dadosabertos.camara.leg.br/api/v2/deputados/130983;HELI RIBEIRO;Heli Ribeiro Gomes;
130984;https://dadosabertos.camara.leg.br/api/v2/deputados/130984;HÉLIO RAMOS;Hélio Vitor Ramos;
130986;https://dadosabertos.camara.leg.br/api/v2/deputados/130986;HENRIQUE LIMA;Henrique Lima Santos;
130985;https://dadosabertos.camara.leg.br/api/v2/deputados/130985;HENRIQUE OEST;Henrique Cordeiro Oest;
130987;https://dadosabertos.camara.leg.br/api/v2/deputados/130987;HERMÓGENES PRÍNCIPE;Hermógenes Príncipe Oliveira;
131022;https://dadosabertos.camara.leg.br/api/v2/deputados/131022;HORÁCIO BETHÔNICO;José Horácio Bethônico;
130988;https://dadosabertos.camara.leg.br/api/v2/deputados/130988;HUGO BORGHI;Hugo Borghi;
130989;https://dadosabertos.camara.leg.br/api/v2/deputados/130989;HUMBERTO EL-JAICK;Humberto El-Jaick;
130990;https://dadosabertos.camara.leg.br/api/v2/deputados/130990;IVAN BICHARA;Ivan Bichara Sobreira;
130991;https://dadosabertos.camara.leg.br/api/v2/deputados/130991;IVAN LUZ;Ivan Luz;
130992;https://dadosabertos.camara.leg.br/api/v2/deputados/130992;JACOB FRANTZ;Jacob Guilherme Frantz;
131024;https://dadosabertos.camara.leg.br/api/v2/deputados/131024;JOÃO ABDALA;José João Abdalla;
130999;https://dadosabertos.camara.leg.br/api/v2/deputados/130999;JOÃO CLEOFAS;João Cleophas de Oliveira;
130994;https://dadosabertos.camara.leg.br/api/v2/deputados/130994;JOÃO DÓRIA;João Agripino da Costa Dória;
130996;https://dadosabertos.camara.leg.br/api/v2/deputados/130996;JOÃO LISBOA;João Batista Lisboa;
131001;https://dadosabertos.camara.leg.br/api/v2/deputados/131001;JOÃO MENDES;João Mendes da Costa Filho;
130997;https://dadosabertos.camara.leg.br/api/v2/deputados/130997;JOÃO RIBEIRO;João Batista Ribeiro Júnior;
131004;https://dadosabertos.camara.leg.br/api/v2/deputados/131004;JOÃO SIMÕES;João Simões;
130998;https://dadosabertos.camara.leg.br/api/v2/deputados/130998;JOÃO VEIGA;João de Brito Albuquerque Veiga Filho;
131008;https://dadosabertos.camara.leg.br/api/v2/deputados/131008;JOEL BARBOSA;Joel Barbosa Ribeiro;
131009;https://dadosabertos.camara.leg.br/api/v2/deputados/131009;JORGE KALUME;Jorge Kalume;
131010;https://dadosabertos.camara.leg.br/api/v2/deputados/131010;JOSAPHAT BORGES;Josaphat Carlos Borges;
131013;https://dadosabertos.camara.leg.br/api/v2/deputados/131013;JOSÉ BARBOSA;José Barbosa;
131014;https://dadosabertos.camara.leg.br/api/v2/deputados/131014;JOSÉ BRITO;José de Brito Freire Sobrinho;
131015;https://dadosabertos.camara.leg.br/api/v2/deputados/131015;JOSÉ CARLOS SOUZA;José Carlos de Souza;
131017;https://dadosabertos.camara.leg.br/api/v2/deputados/131017;JOSÉ CRUCIANO;José Cruciano de Araújo;
131023;https://dadosabertos.camara.leg.br/api/v2/deputados/131023;JOSÉ HUMBERTO;José Humberto Rodrigues da Cunha;
131030;https://dadosabertos.camara.leg.br/api/v2/deputados/131030;JOSÉ MENCK;José Menck;
131032;https://dadosabertos.camara.leg.br/api/v2/deputados/131032;JOSÉ MORAES;José Aristides de Moraes Filho;
131034;https://dadosabertos.camara.leg.br/api/v2/deputados/131034;JOSÉ PEDROSO;José Pedroso Teixeira da Silva;
131018;https://dadosabertos.camara.leg.br/api/v2/deputados/131018;JOSÉ RIO;José Damião de Souza Rio;
131036;https://dadosabertos.camara.leg.br/api/v2/deputados/131036;JOSÉ SARNEY;José Sarney Costa;
131038;https://dadosabertos.camara.leg.br/api/v2/deputados/131038;JUAREZ TÁVORA;Juarez do Nascimento Fernandes Távora;
131039;https://dadosabertos.camara.leg.br/api/v2/deputados/131039;JUSTINO MELO;José Justino de Melo;
131026;https://dadosabertos.camara.leg.br/api/v2/deputados/131026;LAMARTINE TÁVORA;José Lamartine Távora;
131040;https://dadosabertos.camara.leg.br/api/v2/deputados/131040;LAURENTINO PEREIRA;Laurentino Pereira Neto;
131041;https://dadosabertos.camara.leg.br/api/v2/deputados/131041;LEONEL BRIZOLA;Leonel de Moura Brizola;
131042;https://dadosabertos.camara.leg.br/api/v2/deputados/131042;LEOPOLDO MACIEL;Leopoldo Dias Maciel;
131000;https://dadosabertos.camara.leg.br/api/v2/deputados/131000;LINO BRAUN;João Lino Braun;
131043;https://dadosabertos.camara.leg.br/api/v2/deputados/131043;LINO MACHADO;Lino Machado Filho;
131044;https://dadosabertos.camara.leg.br/api/v2/deputados/131044;LINO MORGANTI;Lino Morganti;
131046;https://dadosabertos.camara.leg.br/api/v2/deputados/131046;LISANDRO PAIXÃO;Lisandro Vieira da Paixão;
131047;https://dadosabertos.camara.leg.br/api/v2/deputados/131047;LISTER CALDAS;Lister Segundo da Silveira Caldas;
131049;https://dadosabertos.camara.leg.br/api/v2/deputados/131049;LOPO DE CASTRO;Lopo do Amazonas Álvares da Silva Castro;
131027;https://dadosabertos.camara.leg.br/api/v2/deputados/131027;LOURENÇO COLARES;José Lourenço Colares;
131051;https://dadosabertos.camara.leg.br/api/v2/deputados/131051;LOURIVAL BAPTISTA;Lourival Baptista;
131050;https://dadosabertos.camara.leg.br/api/v2/deputados/131050;LOURIVAL DE ALMEIDA;Lourival de Almeida;
131052;https://dadosabertos.camara.leg.br/api/v2/deputados/131052;LUCIANO MACHADO;Luciano Correa Machado;
131028;https://dadosabertos.camara.leg.br/api/v2/deputados/131028;LUDOVICO DE ALMEIDA;José Ludovico de Almeida;
131054;https://dadosabertos.camara.leg.br/api/v2/deputados/131054;LUIZ BATTISTOTTI;Luiz Battistotti;
131055;https://dadosabertos.camara.leg.br/api/v2/deputados/131055;LUIZ BRONZEADO;Luiz da Costa Araújo Bronzeado;
131056;https://dadosabertos.camara.leg.br/api/v2/deputados/131056;LUIZ FERNANDO FREIRE;Luiz Fernando de Oliveira Freire;
131057;https://dadosabertos.camara.leg.br/api/v2/deputados/131057;LUIZ FRANCISCO;Luiz Francisco da Silva Carvalho;
131059;https://dadosabertos.camara.leg.br/api/v2/deputados/131059;LUIZ PEREIRA DA SILVA;Luiz Pereira da Silva;
131053;https://dadosabertos.camara.leg.br/api/v2/deputados/131053;LUIZ VIANA;Luiz Viana Filho;
131007;https://dadosabertos.camara.leg.br/api/v2/deputados/131007;LUSTOSA SOBRINHO;Joaquim Lustosa Sobrinho;
131048;https://dadosabertos.camara.leg.br/api/v2/deputados/131048;LYCURGO LEITE;Licurgo Leite Filho;
131060;https://dadosabertos.camara.leg.br/api/v2/deputados/131060;MANUEL BARBUDA;Manuel José Machado Barbuda;
131063;https://dadosabertos.camara.leg.br/api/v2/deputados/131063;MARCELO SANFORD;Marcelo Sanford de Barros;
131064;https://dadosabertos.camara.leg.br/api/v2/deputados/131064;MARCIAL TERRA;Marcial Gonçalves Terra;
131065;https://dadosabertos.camara.leg.br/api/v2/deputados/131065;MARCO ANTÔNIO;Marco Antônio Tavares Coelho;
131061;https://dadosabertos.camara.leg.br/api/v2/deputados/131061;MARINHO MONTE;Manoel Marinho Monte;
131066;https://dadosabertos.camara.leg.br/api/v2/deputados/131066;MÁRIO GOMES;Mário Gomes da Silva;
131029;https://dadosabertos.camara.leg.br/api/v2/deputados/131029;MATTOS CARVALHO;José de Mattos Carvalho;
131067;https://dadosabertos.camara.leg.br/api/v2/deputados/131067;MAX DA COSTA SANTOS;Max José da Costa Santos;
130972;https://dadosabertos.camara.leg.br/api/v2/deputados/130972;MELLO MOURÃO;Gerardo Majella Mello Mourão;
131068;https://dadosabertos.camara.leg.br/api/v2/deputados/131068;MIGUEL BAHURY;Miguel Antônio Bahury;
131069;https://dadosabertos.camara.leg.br/api/v2/deputados/131069;MIGUEL BUFFARA;Miguel Buffara;
131070;https://dadosabertos.camara.leg.br/api/v2/deputados/131070;MIGUEL MARCONDES;Miguel Marcondes Armando;
131071;https://dadosabertos.camara.leg.br/api/v2/deputados/131071;MILLO CAMMAROSANO;Millo Cammarosano;
131072;https://dadosabertos.camara.leg.br/api/v2/deputados/131072;MILTON DUTRA;Milton Garcia Dutra;
130940;https://dadosabertos.camara.leg.br/api/v2/deputados/130940;MOREIRA DA ROCHA;Crisanto Moreira da Rocha;
131002;https://dadosabertos.camara.leg.br/api/v2/deputados/131002;MOURA SANTOS;João de Moura Santos;
131073;https://dadosabertos.camara.leg.br/api/v2/deputados/131073;MOYSÉS LUPION;Moysés Lupion de Troya;
131121;https://dadosabertos.camara.leg.br/api/v2/deputados/131121;MUNIZ FALCÃO;Sebastião Marinho Muniz Falcão;
131075;https://dadosabertos.camara.leg.br/api/v2/deputados/131075;NAPOLEÃO FONTENELE;Napoleão Fontenele da Silveira;
131077;https://dadosabertos.camara.leg.br/api/v2/deputados/131077;NEWTON CARNEIRO;Newton Isaac da Silva Carneiro;
131079;https://dadosabertos.camara.leg.br/api/v2/deputados/131079;NILO COELHO;Nilo de Souza Coelho;
131090;https://dadosabertos.camara.leg.br/api/v2/deputados/131090;NORONHA FILHO;Oscar Noronha Filho;
131080;https://dadosabertos.camara.leg.br/api/v2/deputados/131080;OCÉLIO DE MEDEIROS;Océlio de Medeiros;
131083;https://dadosabertos.camara.leg.br/api/v2/deputados/131083;ODIR ARAUJO;Odir Araujo;
131084;https://dadosabertos.camara.leg.br/api/v2/deputados/131084;ODORICO SANTANA;Odorico Leite Santana;
131086;https://dadosabertos.camara.leg.br/api/v2/deputados/131086;OLAVO COSTA;Olavo Augusto da Costa;
131062;https://dadosabertos.camara.leg.br/api/v2/deputados/131062;OLIVEIRA FRANCO;Manoel de Oliveira Franco Sobrinho;
131087;https://dadosabertos.camara.leg.br/api/v2/deputados/131087;ONILDO SAMPAIO;Onildo Osmar Sampaio;
131088;https://dadosabertos.camara.leg.br/api/v2/deputados/131088;ORMEO BOTELHO;Ormeo Junqueira Botelho;
131078;https://dadosabertos.camara.leg.br/api/v2/deputados/131078;ORTIZ BORGES;Ney Ortiz Borges;
131089;https://dadosabertos.camara.leg.br/api/v2/deputados/131089;OSCAR CORRÊA;Oscar Dias Corrêa;
131091;https://dadosabertos.camara.leg.br/api/v2/deputados/131091;OSMAR GRAFULHA;Osmar da Rocha Grafulha;
131092;https://dadosabertos.camara.leg.br/api/v2/deputados/131092;OTÁVIO MARIA;Otávio Rodrigues Maria;
131033;https://dadosabertos.camara.leg.br/api/v2/deputados/131033;PADRE PALHANO;José Palhano de Sabóia;
131122;https://dadosabertos.camara.leg.br/api/v2/deputados/131122;PAES DE ALMEIDA;Sebastião Paes de Almeida;
131058;https://dadosabertos.camara.leg.br/api/v2/deputados/131058;PAIVA MUNIZ;Luiz Gonzaga de Paiva Muniz;
131098;https://dadosabertos.camara.leg.br/api/v2/deputados/131098;PAULO COELHO;Paulo Ramos Coelho;
131100;https://dadosabertos.camara.leg.br/api/v2/deputados/131100;PAULO DE TARSO;Paulo de Tarso Santos;
131096;https://dadosabertos.camara.leg.br/api/v2/deputados/131096;PAULO LAURO;Paulo Lauro;
131095;https://dadosabertos.camara.leg.br/api/v2/deputados/131095;PAULO MANSUR;Paulo Jorge Mansur;
131097;https://dadosabertos.camara.leg.br/api/v2/deputados/131097;PAULO MONTANS;Paulo Pimenta Montans;
131099;https://dadosabertos.camara.leg.br/api/v2/deputados/131099;PAULO SARASATE;Paulo Sarasate Ferreira Lopes;
131102;https://dadosabertos.camara.leg.br/api/v2/deputados/131102;PEDRO ALEIXO;Pedro Aleixo;
131101;https://dadosabertos.camara.leg.br/api/v2/deputados/131101;PEDRO ANSCHAU;Pedro Affonso Anschau;
131103;https://dadosabertos.camara.leg.br/api/v2/deputados/131103;PEDRO BRAGA;Pedro Braga Filho;
131104;https://dadosabertos.camara.leg.br/api/v2/deputados/131104;PEDRO CATALÃO;Pedro Vilas Boas Catalão;
131105;https://dadosabertos.camara.leg.br/api/v2/deputados/131105;PEDRO ZIMMERMANN;Pedro Zimmermann;
131016;https://dadosabertos.camara.leg.br/api/v2/deputados/131016;PEDROSO JÚNIOR;José Correia Pedroso Júnior;
131035;https://dadosabertos.camara.leg.br/api/v2/deputados/131035;PEIXOTO DA SILVEIRA;José Peixoto da Silveira;
131135;https://dadosabertos.camara.leg.br/api/v2/deputados/131135;PERACCHI BARCELLOS;Walter Peracchi Barcellos;
130884;https://dadosabertos.camara.leg.br/api/v2/deputados/130884;PEREIRA NUNES;Adão Manoel Pereira Nunes;
130912;https://dadosabertos.camara.leg.br/api/v2/deputados/130912;PERILO TEIXEIRA;Antônio Perilo Souza Teixeira;
131106;https://dadosabertos.camara.leg.br/api/v2/deputados/131106;PETRÔNIO FERNAL;Petrônio Fernal;
131107;https://dadosabertos.camara.leg.br/api/v2/deputados/131107;PHILADELPHO GARCIA;Philadelpho Garcia;
131081;https://dadosabertos.camara.leg.br/api/v2/deputados/131081;PINHEIRO BRISOLLA;Octávio Pinheiro Brisolla;
131108;https://dadosabertos.camara.leg.br/api/v2/deputados/131108;PLÍNIO COSTA;Plínio Franco Ferreira da Costa;
131003;https://dadosabertos.camara.leg.br/api/v2/deputados/131003;PONCE DE ARRUDA;João Ponce de Arruda;
131111;https://dadosabertos.camara.leg.br/api/v2/deputados/131111;RAMON OLIVEIRA NETO;Ramon de Oliveira Neto;
131093;https://dadosabertos.camara.leg.br/api/v2/deputados/131093;RANIERI MAZZILLI;Paschoal Ranieri Mazzilli;
131109;https://dadosabertos.camara.leg.br/api/v2/deputados/131109;RAPHAEL REZENDE;Raphael Ferreira Rezende;
131112;https://dadosabertos.camara.leg.br/api/v2/deputados/131112;RAUL CARNEIRO;Raul Barbosa Carneiro;
131113;https://dadosabertos.camara.leg.br/api/v2/deputados/131113;RAUL DE GOES;Raul de Goes;
131141;https://dadosabertos.camara.leg.br/api/v2/deputados/131141;RAUL PILLA;Raul Pilla;
131110;https://dadosabertos.camara.leg.br/api/v2/deputados/131110;RAYMUNDO CHAVES;Raymundo Lins de Vasconcelos Chaves;
131115;https://dadosabertos.camara.leg.br/api/v2/deputados/131115;REISSOLY SANTOS;Reissoly José dos Santos;
131116;https://dadosabertos.camara.leg.br/api/v2/deputados/131116;RENATO MEDEIROS;Renato Clímaco Borralho de Medeiros;
131082;https://dadosabertos.camara.leg.br/api/v2/deputados/131082;RIBEIRO COUTINHO;Odilon Ribeiro Coutinho;
131011;https://dadosabertos.camara.leg.br/api/v2/deputados/131011;ROGÊ FERREIRA;José Antônio Rogê Ferreira;
131117;https://dadosabertos.camara.leg.br/api/v2/deputados/131117;ROLAND CORBISIER;Roland Cavalcanti de Albuquerque Corbisier;
131142;https://dadosabertos.camara.leg.br/api/v2/deputados/131142;RÔMULO MARINHO;Rômulo Teixeira Marinho;
131118;https://dadosabertos.camara.leg.br/api/v2/deputados/131118;RUBEN ALVES;Ruben Bento Alves;
131119;https://dadosabertos.camara.leg.br/api/v2/deputados/131119;RUBENS PAIVA;Rubens Beyrodt Paiva;
131120;https://dadosabertos.camara.leg.br/api/v2/deputados/131120;RUI AMARAL;Rui Amaral Lemos;
130966;https://dadosabertos.camara.leg.br/api/v2/deputados/130966;SAN TIAGO DANTAS;Francisco Clementino de San Tiago Dantas;
131143;https://dadosabertos.camara.leg.br/api/v2/deputados/131143;SÉRGIO MAGALHÃES;Sérgio Nunes de Magalhães Júnior;
131123;https://dadosabertos.camara.leg.br/api/v2/deputados/131123;SILVIO BRAGA;Sylvio Leopoldo de Macambira Braga;
131125;https://dadosabertos.camara.leg.br/api/v2/deputados/131125;TARCÍSIO MAIA;Tarcísio de Vasconcelos Maia;
130917;https://dadosabertos.camara.leg.br/api/v2/deputados/130917;TEMPERANI PEREIRA;Armando Temperani Pereira;
131076;https://dadosabertos.camara.leg.br/api/v2/deputados/131076;TENÓRIO CAVALCANTI;Natalício Tenório Cavalcanti de Albuquerque;
131126;https://dadosabertos.camara.leg.br/api/v2/deputados/131126;TEÓFILO ANDRADE;Teófilo Ribeiro de Andrade Filho;
131127;https://dadosabertos.camara.leg.br/api/v2/deputados/131127;TUFY NASSIF;Tufy Nassif;
131128;https://dadosabertos.camara.leg.br/api/v2/deputados/131128;UBIRAJARA CEARÁ;Ubirajara Índio do Ceará;
131129;https://dadosabertos.camara.leg.br/api/v2/deputados/131129;URIEL ALVIM;Uriel de Rezende Alvim;
131139;https://dadosabertos.camara.leg.br/api/v2/deputados/131139;VALDIR MOZZAQUATRO;Valdir Aita Mozzaquatro;
131140;https://dadosabertos.camara.leg.br/api/v2/deputados/131140;VALÉRIO MAGALHÃES;Valério Caldas de Magalhães;
131124;https://dadosabertos.camara.leg.br/api/v2/deputados/131124;VIEIRA DE MELO;Tarcilo Vieira de Melo;
131130;https://dadosabertos.camara.leg.br/api/v2/deputados/131130;WALDEMAR ALVES;Waldemar Luiz Alves;
131131;https://dadosabertos.camara.leg.br/api/v2/deputados/131131;WALDEMAR COSTA;Waldemar Alves da Costa;
131133;https://dadosabertos.camara.leg.br/api/v2/deputados/131133;WALDEMAR GUIMARÃES;Waldemar de Oliveira Guimarães;
131132;https://dadosabertos.camara.leg.br/api/v2/deputados/131132;WALDEMAR PESSÔA;Waldemar Barnsley Pessôa;
132147;https://dadosabertos.camara.leg.br/api/v2/deputados/132147;WILLIAM SALEM;William Salem;
131136;https://dadosabertos.camara.leg.br/api/v2/deputados/131136;WILSON CHEDID;Wilson Chedid;
131137;https://dadosabertos.camara.leg.br/api/v2/deputados/131137;WILSON FADUL;Wilson Fadul;
130699;https://dadosabertos.camara.leg.br/api/v2/deputados/130699;AARÃO STEINBRUCH;Aarão Steinbruch;
1557;https://dadosabertos.camara.leg.br/api/v2/deputados/1557;ACHILLES CRUZ;Achilles de Almeida Cruz;
130701;https://dadosabertos.camara.leg.br/api/v2/deputados/130701;ADALBERTO VALLE;Adalberto Ferreira do Valle;
130702;https://dadosabertos.camara.leg.br/api/v2/deputados/130702;ADOLFO GENTIL;Adolfo de Campelo Gentil;
130704;https://dadosabertos.camara.leg.br/api/v2/deputados/130704;AFRÂNIO RODRIGUES;Afrânio Rodrigues da Cunha;
130705;https://dadosabertos.camara.leg.br/api/v2/deputados/130705;ALAIM MELO;Alaim Mello;
130706;https://dadosabertos.camara.leg.br/api/v2/deputados/130706;ALCIDES CARNEIRO;Alcides Vieira Carneiro;
2848;https://dadosabertos.camara.leg.br/api/v2/deputados/2848;ALENCAR ARARIPE;Antônio Alencar Araripe;
130708;https://dadosabertos.camara.leg.br/api/v2/deputados/130708;ALUÍSIO FERREIRA;Aluísio Pinheiro Ferreira;
130709;https://dadosabertos.camara.leg.br/api/v2/deputados/130709;ÁLVARO CASTELO;Alvaro Castelo;
130710;https://dadosabertos.camara.leg.br/api/v2/deputados/130710;AMILCAR PEREIRA;Amilcar da Silva Pereira;
130718;https://dadosabertos.camara.leg.br/api/v2/deputados/130718;ANTÔNIO DE PAULA FILHO;Antônio de Paula Filho;
130713;https://dadosabertos.camara.leg.br/api/v2/deputados/130713;ANTÔNIO DINO;Antônio Jorge Dino;
130715;https://dadosabertos.camara.leg.br/api/v2/deputados/130715;ANTÔNIO FRAGA;Antônio Magalhães Fraga;
130717;https://dadosabertos.camara.leg.br/api/v2/deputados/130717;ANTÔNIO NADAF;Antônio Moysés Nadaf;
130720;https://dadosabertos.camara.leg.br/api/v2/deputados/130720;APOLÔNIO MIRANDA;Apolônio Sales de Miranda;
130721;https://dadosabertos.camara.leg.br/api/v2/deputados/130721;ARÃO REBELO;Aarão Rebelo;
130724;https://dadosabertos.camara.leg.br/api/v2/deputados/130724;ARMANDO MONTEIRO;Armando de Queiroz Monteiro Filho;
130723;https://dadosabertos.camara.leg.br/api/v2/deputados/130723;ARMANDO STORNI;Armando de Miranda Storni;
130725;https://dadosabertos.camara.leg.br/api/v2/deputados/130725;ARTHUR VIRGÍLIO;Arthur Virgílio do Carmo Ribeiro Filho;
130726;https://dadosabertos.camara.leg.br/api/v2/deputados/130726;ATÍLIO FONTANA;Atílio Francisco Xavier Fontana;
130807;https://dadosabertos.camara.leg.br/api/v2/deputados/130807;AUGUSTO DE ARAÚJO;José Augusto de Araújo;
1553;https://dadosabertos.camara.leg.br/api/v2/deputados/1553;AUGUSTO PÚBLIO;Augusto Públio Pereira;
130727;https://dadosabertos.camara.leg.br/api/v2/deputados/130727;AURÉLIO VIANNA;Aurélio Vianna da Cunha Lima;
130766;https://dadosabertos.camara.leg.br/api/v2/deputados/130766;BADARÓ JÚNIOR;Francisco Badaró Júnior;
130707;https://dadosabertos.camara.leg.br/api/v2/deputados/130707;BARBOSA LIMA SOBRINHO;Alexandre José Barbosa Lima Sobrinho;
130877;https://dadosabertos.camara.leg.br/api/v2/deputados/130877;BARROS NETO;Joaquim Fernando Paes de Barros Neto;
130852;https://dadosabertos.camara.leg.br/api/v2/deputados/130852;BERBERT DE CASTRO;Ramiro Berbert de Castro;
130729;https://dadosabertos.camara.leg.br/api/v2/deputados/130729;BONAPARTE MAIA;Bonaparte São Domingos Pinheiro Maia;
130730;https://dadosabertos.camara.leg.br/api/v2/deputados/130730;BRASÍLIO MACHADO NETO;Brasílio Augusto Machado de Oliveira Neto;
130734;https://dadosabertos.camara.leg.br/api/v2/deputados/130734;CARLOS DO LAGO;Carlos do Lago;
130733;https://dadosabertos.camara.leg.br/api/v2/deputados/130733;CARLOS JEREISSATTI;Carlos Jereissatti;
130732;https://dadosabertos.camara.leg.br/api/v2/deputados/130732;CARLOS LACERDA;CARLOS FREDERICO WERNECK DE LACERDA;
130731;https://dadosabertos.camara.leg.br/api/v2/deputados/130731;CARLOS LUZ;Carlos Coimbra da Luz;
130735;https://dadosabertos.camara.leg.br/api/v2/deputados/130735;CARMELO D'AGOSTINO;Carmelo D'Agostino;
130827;https://dadosabertos.camara.leg.br/api/v2/deputados/130827;CASTRO PINTO;Júlio Mário Abbot de Castro Pinto;
130736;https://dadosabertos.camara.leg.br/api/v2/deputados/130736;CELSO BRANCO;Celso Ramos Branco;
130737;https://dadosabertos.camara.leg.br/api/v2/deputados/130737;CELSO BRANT;Celso Teixeira Brant;
130738;https://dadosabertos.camara.leg.br/api/v2/deputados/130738;CLARIMUNDO CHAPADEIRO;Clarimundo Chapadeiro;
130739;https://dadosabertos.camara.leg.br/api/v2/deputados/130739;CLÉLIO LEMOS;Clélio de Lemos;
130742;https://dadosabertos.camara.leg.br/api/v2/deputados/130742;CLIDENOR DE FREITAS;Clidenor de Freitas Santos;
130820;https://dadosabertos.camara.leg.br/api/v2/deputados/130820;COELHO DE SOUZA;José Pereira Coelho de Souza;
130712;https://dadosabertos.camara.leg.br/api/v2/deputados/130712;COELHO MASCARENHAS;Antônio Coelho Mascarenhas;
130809;https://dadosabertos.camara.leg.br/api/v2/deputados/130809;COLOMBO DE SOUZA;José Colombo de Souza;
130457;https://dadosabertos.camara.leg.br/api/v2/deputados/130457;COUTINHO CAVALCANTI;Joaquim Nunes Coutinho Cavalcanti;
130743;https://dadosabertos.camara.leg.br/api/v2/deputados/130743;DAGOBERTO SALLES;Dagoberto Salles Filho;
130744;https://dadosabertos.camara.leg.br/api/v2/deputados/130744;DANIEL DIPP;Daniel Dipp;
130796;https://dadosabertos.camara.leg.br/api/v2/deputados/130796;DANTAS JÚNIOR;João da Costa Pinto Dantas Junior;
130745;https://dadosabertos.camara.leg.br/api/v2/deputados/130745;DARIO CARDOSO;Dario Délio Cardoso;
130746;https://dadosabertos.camara.leg.br/api/v2/deputados/130746;DEODORO DE MENDONÇA;Deodoro Machado de Mendonça;
130747;https://dadosabertos.camara.leg.br/api/v2/deputados/130747;DJALMA MARANHÃO;Djalma Maranhão;
130748;https://dadosabertos.camara.leg.br/api/v2/deputados/130748;DOMÍCIO BARRETO;Domício Gondim Barreto;
130749;https://dadosabertos.camara.leg.br/api/v2/deputados/130749;DOMINGOS VELLASCO;Domingos Netto de Vellasco;
130750;https://dadosabertos.camara.leg.br/api/v2/deputados/130750;DRAULT ERNANNY;Drault Ernanny de Melo e Silva;
130751;https://dadosabertos.camara.leg.br/api/v2/deputados/130751;EGON BERCHT;Egon Werner Bercht;
130752;https://dadosabertos.camara.leg.br/api/v2/deputados/130752;ELIAS ADAIME;Elias Adaime;
130753;https://dadosabertos.camara.leg.br/api/v2/deputados/130753;ELZIRO MACEDO;Elziro de Borja Macedo;
130754;https://dadosabertos.camara.leg.br/api/v2/deputados/130754;EMÍLIO CARLOS;Emílio Carlos Kyrillos;
130756;https://dadosabertos.camara.leg.br/api/v2/deputados/130756;ERNESTO SABÓIA;Ernesto Miranda Sabóia Albuquerque;
130757;https://dadosabertos.camara.leg.br/api/v2/deputados/130757;ESTEFANO MIKILITA;Estefano Mikilita;
130811;https://dadosabertos.camara.leg.br/api/v2/deputados/130811;ESTEVES RODRIGUES;José Esteves Rodrigues;
130758;https://dadosabertos.camara.leg.br/api/v2/deputados/130758;EUNÁPIO DE QUEIROZ;Eunápio Peltier de Queiroz;
130759;https://dadosabertos.camara.leg.br/api/v2/deputados/130759;EUZÉBIO ROCHA;Euzébio Martins da Rocha Filho;
130760;https://dadosabertos.camara.leg.br/api/v2/deputados/130760;FELICIANO PENA;Feliciano de Oliveira Pena;
130762;https://dadosabertos.camara.leg.br/api/v2/deputados/130762;FERNANDO FERRARI;Fernando Ferrari;
130761;https://dadosabertos.camara.leg.br/api/v2/deputados/130761;FERNANDO MENDONÇA;Fernando Augusto Mendonça;
130764;https://dadosabertos.camara.leg.br/api/v2/deputados/130764;FERNANDO RIBEIRO;Fernando Luiz Alves Ribeiro;
130767;https://dadosabertos.camara.leg.br/api/v2/deputados/130767;FERREIRA CASTRO;Francisco Ferreira de Castro;
130853;https://dadosabertos.camara.leg.br/api/v2/deputados/130853;FERREIRA MARTINS;Rubens Ferreira Martins;
130616;https://dadosabertos.camara.leg.br/api/v2/deputados/130616;FLORES DA CUNHA;José Antônio Flores da Cunha;
130831;https://dadosabertos.camara.leg.br/api/v2/deputados/130831;FRANÇA CAMPOS;Manoel França Campos;
130765;https://dadosabertos.camara.leg.br/api/v2/deputados/130765;FRANCISCO MONTE;Francisco de Almeida Monte;
130711;https://dadosabertos.camara.leg.br/api/v2/deputados/130711;FROTA AGUIAR;Anésio Frota Aguiar;
130773;https://dadosabertos.camara.leg.br/api/v2/deputados/130773;GABRIEL FERRAZ;Gabriel Lopes Ferraz;
3130;https://dadosabertos.camara.leg.br/api/v2/deputados/3130;GARCEZ VIEIRA;José Garcez Vieira;
130775;https://dadosabertos.camara.leg.br/api/v2/deputados/130775;GERALDO DE CARVALHO;Geraldo Correa de Carvalho;
130776;https://dadosabertos.camara.leg.br/api/v2/deputados/130776;GERALDO MASCARENHAS;Geraldo Idelfonso Mascarenhas da Silva;
130778;https://dadosabertos.camara.leg.br/api/v2/deputados/130778;GERALDO RODRIGUES;Geraldo Rodrigues dos Santos;
130779;https://dadosabertos.camara.leg.br/api/v2/deputados/130779;GERALDO SIFFERT;Geraldo Siffert;
130780;https://dadosabertos.camara.leg.br/api/v2/deputados/130780;GERALDO VASCONCELOS;Geraldo Vasconcelos;
130781;https://dadosabertos.camara.leg.br/api/v2/deputados/130781;GILENO DÉ CARLI;Gileno dé Carli;
130782;https://dadosabertos.camara.leg.br/api/v2/deputados/130782;GUALBERTO MOREIRA;Gualberto Moreira;
130769;https://dadosabertos.camara.leg.br/api/v2/deputados/130769;GURGEL DO AMARAL;Francisco Gurgel de Amaral Valente;
130783;https://dadosabertos.camara.leg.br/api/v2/deputados/130783;HÉLIO CABAL;Hélio de Burgos Cabal;
130785;https://dadosabertos.camara.leg.br/api/v2/deputados/130785;HÉLIO GOMES;Hélio de Sousa Gomes;
130784;https://dadosabertos.camara.leg.br/api/v2/deputados/130784;HÉLIO MACHADO;Hélio Ferreira Machado;
130786;https://dadosabertos.camara.leg.br/api/v2/deputados/130786;HERMES DE SOUZA;Hermes Pereira de Souza;
130787;https://dadosabertos.camara.leg.br/api/v2/deputados/130787;HILDEBRANDO DE GÓES;Hildebrando de Araújo Góes;
130804;https://dadosabertos.camara.leg.br/api/v2/deputados/130804;HOLANDA CUNHA;João de Holanda Cunha;
130788;https://dadosabertos.camara.leg.br/api/v2/deputados/130788;HORÁCIO LAFER;Horácio Lafer;
130791;https://dadosabertos.camara.leg.br/api/v2/deputados/130791;HUMBERTO FERREIRA;Humberto da Silveira Ferreira;
130789;https://dadosabertos.camara.leg.br/api/v2/deputados/130789;HUMBERTO GOBBI;Humberto Gobbi;
130790;https://dadosabertos.camara.leg.br/api/v2/deputados/130790;HUMBERTO REIS;Humberto de Mattos Reis;
130792;https://dadosabertos.camara.leg.br/api/v2/deputados/130792;JADER MEDEIROS;Jader Silva Medeiros;
130794;https://dadosabertos.camara.leg.br/api/v2/deputados/130794;JÂNIO QUADROS;Jânio da Silva Quadros;
130793;https://dadosabertos.camara.leg.br/api/v2/deputados/130793;JAYME ARAÚJO;Jayme Bittencourt de Araújo;
130797;https://dadosabertos.camara.leg.br/api/v2/deputados/130797;JOÃO FREDERICO;João Frederico Abbott Galvão;
130799;https://dadosabertos.camara.leg.br/api/v2/deputados/130799;JOÃO ÚRSULO;João Úrsulo Ribeiro Coutinho Filho;
130800;https://dadosabertos.camara.leg.br/api/v2/deputados/130800;JOAQUIM DUVAL;Joaquim Duval;
130801;https://dadosabertos.camara.leg.br/api/v2/deputados/130801;JOCELYNO CARVALHO;Jocelyno Emílio de Carvalho;
130802;https://dadosabertos.camara.leg.br/api/v2/deputados/130802;JONAS BAHIENSE;Jonas Bahiense de Lyra;
130803;https://dadosabertos.camara.leg.br/api/v2/deputados/130803;JORGE DE LIMA;Jorge de Lima;
130805;https://dadosabertos.camara.leg.br/api/v2/deputados/130805;JOSÉ ARNALDO;José Arnaldo Gonçalves de Oliveira;
130806;https://dadosabertos.camara.leg.br/api/v2/deputados/130806;JOSÉ ARNAUD;José Arnaud Gomes Neto;
130808;https://dadosabertos.camara.leg.br/api/v2/deputados/130808;JOSÉ CÂNDIDO;José Candido Ferraz;
130824;https://dadosabertos.camara.leg.br/api/v2/deputados/130824;JOSÉ DA SILVEIRA;José Teixeira da Silveira;
130810;https://dadosabertos.camara.leg.br/api/v2/deputados/130810;JOSÉ ELIAS;José Elias Isaac;
130813;https://dadosabertos.camara.leg.br/api/v2/deputados/130813;JOSÉ GUIOMARD;José Guiomard dos Santos;
130814;https://dadosabertos.camara.leg.br/api/v2/deputados/130814;JOSÉ JOFFILY;José Joffily Bezerra de Melo;
130815;https://dadosabertos.camara.leg.br/api/v2/deputados/130815;JOSÉ LOPES;José Lopes de Siqueira Santos;
130816;https://dadosabertos.camara.leg.br/api/v2/deputados/130816;JOSÉ MARIA;José Maria de Melo;
130818;https://dadosabertos.camara.leg.br/api/v2/deputados/130818;JOSÉ MIRAGLIA;José Miraglia;
130821;https://dadosabertos.camara.leg.br/api/v2/deputados/130821;JOSÉ RAIMUNDO;José Raimundo Soares da Silva;
130812;https://dadosabertos.camara.leg.br/api/v2/deputados/130812;JOSÉ TALARICO;José Gomes Talarico;
130825;https://dadosabertos.camara.leg.br/api/v2/deputados/130825;JOSUÉ DE CASTRO;Josué Apolônio de Castro;
130828;https://dadosabertos.camara.leg.br/api/v2/deputados/130828;JURANDIR PIRES;Jurandir de Castro Pires Ferreira;
130697;https://dadosabertos.camara.leg.br/api/v2/deputados/130697;LAFAYETTE COUTINHO;Lafayette Coutinho de Albuquerque;
130770;https://dadosabertos.camara.leg.br/api/v2/deputados/130770;LEITE NETO;Francisco Leite Neto;
130829;https://dadosabertos.camara.leg.br/api/v2/deputados/130829;LUCÍDIO RAMOS;Lucídio Ramos;
130714;https://dadosabertos.camara.leg.br/api/v2/deputados/130714;LUSTOSA DE OLIVEIRA;Antônio Lustosa de Oliveira;
130830;https://dadosabertos.camara.leg.br/api/v2/deputados/130830;LYCIO HAUER;Lycio Silva Hauer;
130755;https://dadosabertos.camara.leg.br/api/v2/deputados/130755;MACHADO DE ASSIS;Enéas Machado de Assis;
130722;https://dadosabertos.camara.leg.br/api/v2/deputados/130722;MAIA LELLO;Arlindo José Maia Lello;
130833;https://dadosabertos.camara.leg.br/api/v2/deputados/130833;MÁRIO BENI;Mário Beni;
130834;https://dadosabertos.camara.leg.br/api/v2/deputados/130834;MÁRIO GUIMARÃES;Mário Guimarães;
130835;https://dadosabertos.camara.leg.br/api/v2/deputados/130835;MÁRIO MARTINS;Mário de Souza Martins;
130832;https://dadosabertos.camara.leg.br/api/v2/deputados/130832;MÁRIO PALMÉRIO;Mário de Ascenção Palmério;
130817;https://dadosabertos.camara.leg.br/api/v2/deputados/130817;MATOS TELES;José de Matos Teles;
130836;https://dadosabertos.camara.leg.br/api/v2/deputados/130836;MAURÍCIO JOPPERT;Maurício Joppert da Silva;
130716;https://dadosabertos.camara.leg.br/api/v2/deputados/130716;MENDES CANALE;Antônio Mendes Canale;
130571;https://dadosabertos.camara.leg.br/api/v2/deputados/130571;MENDES GONÇALVES;Fernando Jorge Mendes Gonçalves;
130777;https://dadosabertos.camara.leg.br/api/v2/deputados/130777;MENEZES CÔRTES;Geraldo de Menezes Côrtes;
130837;https://dadosabertos.camara.leg.br/api/v2/deputados/130837;MENOTTI DEL PICCHIA;Paulo Menotti Del Picchia;
130838;https://dadosabertos.camara.leg.br/api/v2/deputados/130838;MIGUEL CALMON;Miguel Calmon Du Pin e Almeida Sobrinho;
130839;https://dadosabertos.camara.leg.br/api/v2/deputados/130839;MIGUEL LEUZZI;Miguel Leuzzi;
130819;https://dadosabertos.camara.leg.br/api/v2/deputados/130819;MIRANDA RAMOS;José de Miranda Ramos;
130840;https://dadosabertos.camara.leg.br/api/v2/deputados/130840;MOACYR AZEVEDO;Moacyr Gomes de Azevedo;
130728;https://dadosabertos.camara.leg.br/api/v2/deputados/130728;MUNHOZ DA ROCHA;Bento Munhoz da Rocha Netto;
130842;https://dadosabertos.camara.leg.br/api/v2/deputados/130842;NELSON MONTEIRO;Nelson Goulart Monteiro;
130841;https://dadosabertos.camara.leg.br/api/v2/deputados/130841;NELSON OMEGNA;Nelson Baker Omegna;
130843;https://dadosabertos.camara.leg.br/api/v2/deputados/130843;NELSON ROCHA;Nelson Rocha;
130844;https://dadosabertos.camara.leg.br/api/v2/deputados/130844;NESTOR DUARTE;Nestor Duarte Guimarães;
130845;https://dadosabertos.camara.leg.br/api/v2/deputados/130845;NESTOR JOST;Nestor Jost;
130846;https://dadosabertos.camara.leg.br/api/v2/deputados/130846;NESTOR PEREIRA;Nestor Pereira;
130847;https://dadosabertos.camara.leg.br/api/v2/deputados/130847;NEWTON BELO;Newton de Barros Bello;
130848;https://dadosabertos.camara.leg.br/api/v2/deputados/130848;NEY BRAGA;NEY AMINTHAS DE BARROS BRAGA;
130849;https://dadosabertos.camara.leg.br/api/v2/deputados/130849;NICANOR SILVA;Nicanor de Faria e Silva;
130740;https://dadosabertos.camara.leg.br/api/v2/deputados/130740;NOVA DA COSTA;Clovis Nova da Costa;
130859;https://dadosabertos.camara.leg.br/api/v2/deputados/130859;ODALGIRO CORRÊA;Odalgiro Gomes Corrêa;
130861;https://dadosabertos.camara.leg.br/api/v2/deputados/130861;OLAVO FONTOURA;Olavo de Castro Fontoura;
130862;https://dadosabertos.camara.leg.br/api/v2/deputados/130862;OLAVO GALVÃO;Olavo João Galvão;
130863;https://dadosabertos.camara.leg.br/api/v2/deputados/130863;OSCAR PASSOS;Oscar Passos;
3132;https://dadosabertos.camara.leg.br/api/v2/deputados/3132;OSVALDO RIBEIRO;Oswaldo Ribeiro de Oliveira;
130864;https://dadosabertos.camara.leg.br/api/v2/deputados/130864;OTHON MADER;Othon Mäder;
130876;https://dadosabertos.camara.leg.br/api/v2/deputados/130876;PEREIRA DA SILVA;Francisco Pereira da Silva;
130879;https://dadosabertos.camara.leg.br/api/v2/deputados/130879;PEREIRA PINTO;José Carlos Pereira Pinto;
130798;https://dadosabertos.camara.leg.br/api/v2/deputados/130798;PIMENTA DA VEIGA;João Pimenta da Veiga;
130851;https://dadosabertos.camara.leg.br/api/v2/deputados/130851;RAIMUNDO SOARES;Raimundo Soares de Sousa;
130850;https://dadosabertos.camara.leg.br/api/v2/deputados/130850;RAPHAEL CINCURÁ;Raphael Cincurá de Andrade;
130774;https://dadosabertos.camara.leg.br/api/v2/deputados/130774;REZENDE PASSOS;Gabriel de Rezende Passos;
130854;https://dadosabertos.camara.leg.br/api/v2/deputados/130854;RUBENS RANGEL;Rubens Rangel;
130857;https://dadosabertos.camara.leg.br/api/v2/deputados/130857;RUY NAZARETH;Ruy Nazareth;
130855;https://dadosabertos.camara.leg.br/api/v2/deputados/130855;RUY NOVAES;Ruy Hellmeister Novaes;
130856;https://dadosabertos.camara.leg.br/api/v2/deputados/130856;RUY PAIVA;Ruy Moreira Paiva;
130858;https://dadosabertos.camara.leg.br/api/v2/deputados/130858;RUY RAMOS;Ruy Vitorino Ramos;
130771;https://dadosabertos.camara.leg.br/api/v2/deputados/130771;SÁ TINOCO;Francisco de Sá Tinoco;
130867;https://dadosabertos.camara.leg.br/api/v2/deputados/130867;SALO BRAND;Salo Brand;
130865;https://dadosabertos.camara.leg.br/api/v2/deputados/130865;SALOMÃO REHEM;SALOMÃO DO NASCIMENTO REHEM;
130866;https://dadosabertos.camara.leg.br/api/v2/deputados/130866;SALVADOR LOSACCO;Salvador Romano Losacco;
130700;https://dadosabertos.camara.leg.br/api/v2/deputados/130700;SANTOS LIMA;Abel dos Santos Lima;
130772;https://dadosabertos.camara.leg.br/api/v2/deputados/130772;SATURNINO BRAGA;Francisco Saturnino Braga;
130823;https://dadosabertos.camara.leg.br/api/v2/deputados/130823;SETTE DE BARROS;José Sette de Barros;
130768;https://dadosabertos.camara.leg.br/api/v2/deputados/130768;SILVA PRADO;Francisco Gomes da Silva Prado;
130826;https://dadosabertos.camara.leg.br/api/v2/deputados/130826;SOUZA CARMO;Juarez de Souza Carmo;
130860;https://dadosabertos.camara.leg.br/api/v2/deputados/130860;SOUZA LEÃO;Odilon Lima de Souza Leão Filho;
130868;https://dadosabertos.camara.leg.br/api/v2/deputados/130868;THEOBALDO NEUMANN;Theobaldo Neumann;
130869;https://dadosabertos.camara.leg.br/api/v2/deputados/130869;TRISTÃO DA CUNHA;Tristão Ferreira da Cunha;
130870;https://dadosabertos.camara.leg.br/api/v2/deputados/130870;TÚLIO FERNANDES;Túlio Augusto Fernandes de Oliveira;
130795;https://dadosabertos.camara.leg.br/api/v2/deputados/130795;VASCONCELOS TORRES;João Batista de Vasconcelos Torres;
130871;https://dadosabertos.camara.leg.br/api/v2/deputados/130871;WAGNER ESTELITA;Wagner Estelita Campos;
130872;https://dadosabertos.camara.leg.br/api/v2/deputados/130872;WALTER ATHAYDE;Walter Geraldo de Azevedo Athayde;
130703;https://dadosabertos.camara.leg.br/api/v2/deputados/130703;WANDERLEY JÚNIOR;Afonso Guilhermino Wanderley Júnior;
130874;https://dadosabertos.camara.leg.br/api/v2/deputados/130874;WILLY FROHLICH;Willy Carlos Frohlich;
130873;https://dadosabertos.camara.leg.br/api/v2/deputados/130873;WILMAR DIAS;Wilmar Orlando Dias;
130875;https://dadosabertos.camara.leg.br/api/v2/deputados/130875;WILSON VARGAS;Wilson Vargas da Silveira;
130505;https://dadosabertos.camara.leg.br/api/v2/deputados/130505;ABGUAR BASTOS;Abguar Bastos Damasceno;
130506;https://dadosabertos.camara.leg.br/api/v2/deputados/130506;ADERBAL SILVA;Aderbal Ramos da Silva;
130887;https://dadosabertos.camara.leg.br/api/v2/deputados/130887;AFONSO ARINOS;Affonso Arinos de Mello Franco;
130509;https://dadosabertos.camara.leg.br/api/v2/deputados/130509;AIRTON TELES;Airton Mendonça Teles;
130510;https://dadosabertos.camara.leg.br/api/v2/deputados/130510;ALBERTO ANDALÓ;Alberto Andaló;
130511;https://dadosabertos.camara.leg.br/api/v2/deputados/130511;ALBERTO TORRES;Alberto Francisco Torres;
130513;https://dadosabertos.camara.leg.br/api/v2/deputados/130513;ALFREDO PALERMO;Alfredo Palermo;
130515;https://dadosabertos.camara.leg.br/api/v2/deputados/130515;ALTAMIRANDO REQUIÃO;Altamirando Alves da Silva Requião;
130518;https://dadosabertos.camara.leg.br/api/v2/deputados/130518;AMAURY PEDROSA;Amaury Gomes Pedrosa;
130530;https://dadosabertos.camara.leg.br/api/v2/deputados/130530;ANTÔNIO HORÁCIO;Antonio Horácio Pereira;
130526;https://dadosabertos.camara.leg.br/api/v2/deputados/130526;ANTÔNIO MAIA;Antônio Botelho Maia;
130522;https://dadosabertos.camara.leg.br/api/v2/deputados/130522;ANTÔNIO PEREIRA;Antônio Alves Pereira;
130525;https://dadosabertos.camara.leg.br/api/v2/deputados/130525;ANTÔNIO SANTIAGO;Antônio Batista Santiago;
130538;https://dadosabertos.camara.leg.br/api/v2/deputados/130538;ARINO DE MATTOS;Arino de Souza Mattos;
130540;https://dadosabertos.camara.leg.br/api/v2/deputados/130540;ARMANDO LAGES;Armando Salgado Lages;
130541;https://dadosabertos.camara.leg.br/api/v2/deputados/130541;ARTHUR AUDRÁ;Arthur Boéris Audrá;
130542;https://dadosabertos.camara.leg.br/api/v2/deputados/130542;ATAÍDE BASTOS;Ataíde de Lima Bastos;
130414;https://dadosabertos.camara.leg.br/api/v2/deputados/130414;AUGUSTO VIANA;Augusto Viana Ribeiro dos Santos;
130543;https://dadosabertos.camara.leg.br/api/v2/deputados/130543;AZIZ MARON;Aziz Maron;
130508;https://dadosabertos.camara.leg.br/api/v2/deputados/130508;BARCELLOS FEIO;Agenor Barcellos Feio;
130683;https://dadosabertos.camara.leg.br/api/v2/deputados/130683;BARJAS FILHO;Rodrigo Barjas Filho;
130524;https://dadosabertos.camara.leg.br/api/v2/deputados/130524;BARROS CARVALHO;Antônio de Barros Carvalho;
130517;https://dadosabertos.camara.leg.br/api/v2/deputados/130517;BARROSO DE SOUZA;Amaury Barroso de Souza;
130698;https://dadosabertos.camara.leg.br/api/v2/deputados/130698;BARTOLOMEU LISANDRO;Bartolomeu Lisandro de Albernaz;
130539;https://dadosabertos.camara.leg.br/api/v2/deputados/130539;BAYARD LIMA;Aristóteles Bayard Lucas de Lima;
130545;https://dadosabertos.camara.leg.br/api/v2/deputados/130545;BENJAMIM MOURÃO;Benjamim de Andrade Mourão;
130557;https://dadosabertos.camara.leg.br/api/v2/deputados/130557;BEZERRA DE MELO;Creso Bezerra de Mello;
130635;https://dadosabertos.camara.leg.br/api/v2/deputados/130635;BRAGA MURY;Luiz Braga Mury;
130546;https://dadosabertos.camara.leg.br/api/v2/deputados/130546;BRUNO BORN;Bruno Born;
130527;https://dadosabertos.camara.leg.br/api/v2/deputados/130527;BRUZZI MENDONCA;Antônio Bruzzi de Mendonça;
130602;https://dadosabertos.camara.leg.br/api/v2/deputados/130602;CARDOSO DE MELLO;João de Deus Cardoso de Mello;
130548;https://dadosabertos.camara.leg.br/api/v2/deputados/130548;CARLOS ALBUQUERQUE;Carlos de Faria Albuquerque;
130550;https://dadosabertos.camara.leg.br/api/v2/deputados/130550;CARLOS PINTO;Carlos Pinto Filho;
130637;https://dadosabertos.camara.leg.br/api/v2/deputados/130637;CARLOS PUJOL;Luiz Carlos Pujol;
130528;https://dadosabertos.camara.leg.br/api/v2/deputados/130528;CARVALHO GUIMARÃES;Antônio Carvalho Guimarães;
130512;https://dadosabertos.camara.leg.br/api/v2/deputados/130512;CARVALHO LEAL;Alexandre de Carvalho Leal;
130681;https://dadosabertos.camara.leg.br/api/v2/deputados/130681;CARVALHO NETO;Raimundo Barbosa de Carvalho Neto;
130547;https://dadosabertos.camara.leg.br/api/v2/deputados/130547;CASTILHO CABRAL;Carlos Castilho Cabral;
130529;https://dadosabertos.camara.leg.br/api/v2/deputados/130529;CHALBAUD BISCAIA;Antônio Chalbaud Biscaia;
130552;https://dadosabertos.camara.leg.br/api/v2/deputados/130552;CÍCERO ALVES;Cícero Alves;
130553;https://dadosabertos.camara.leg.br/api/v2/deputados/130553;CID CAMPELO;Cid Campelo;
130554;https://dadosabertos.camara.leg.br/api/v2/deputados/130554;CLEMENTE MEDRADO;Clemente Medrado Fernandes;
130555;https://dadosabertos.camara.leg.br/api/v2/deputados/130555;COARACY NUNES;Coaracy Gentil Monteiro Nunes;
130556;https://dadosabertos.camara.leg.br/api/v2/deputados/130556;CORY FERNANDES;Cory Porto Fernandes;
130523;https://dadosabertos.camara.leg.br/api/v2/deputados/130523;COSTA RODRIGUES;Antônio Euzébio da Costa Rodrigues;
130551;https://dadosabertos.camara.leg.br/api/v2/deputados/130551;CUNHA BASTOS;Cesar da Cunha Bastos;
130589;https://dadosabertos.camara.leg.br/api/v2/deputados/130589;CUNHA MACHADO;Hugo da Cunha Machado;
1545;https://dadosabertos.camara.leg.br/api/v2/deputados/1545;DANIEL DE CARVALHO;Daniel Serapião de Carvalho;
130558;https://dadosabertos.camara.leg.br/api/v2/deputados/130558;DANTON COELHO;Danton Coelho;
130507;https://dadosabertos.camara.leg.br/api/v2/deputados/130507;DIAS DE ARAÚJO;Afonso Dias de Araújo;
130559;https://dadosabertos.camara.leg.br/api/v2/deputados/130559;DILERMANDO CRUZ;Dilermando Martins da Costa Cruz Filho;
130560;https://dadosabertos.camara.leg.br/api/v2/deputados/130560;DIOCLÉCIO DUARTE;Dioclécio Dantas Duarte;
130561;https://dadosabertos.camara.leg.br/api/v2/deputados/130561;DIVONSIR CORTES;Divonsir Borba Cortes;
130598;https://dadosabertos.camara.leg.br/api/v2/deputados/130598;DIX-HUIT ROSADO;Jerônimo Dix-Huit Rosado Maia;
130563;https://dadosabertos.camara.leg.br/api/v2/deputados/130563;EDGAR SCHNEIDER;Edgar Luiz Schneider;
130564;https://dadosabertos.camara.leg.br/api/v2/deputados/130564;EDUARDO CATALÃO;Eduardo Vilas Boas Catalão;
130565;https://dadosabertos.camara.leg.br/api/v2/deputados/130565;EDUARDO ZASSO;Eduardo Zasso;
130566;https://dadosabertos.camara.leg.br/api/v2/deputados/130566;EIDER VARELA;Eider Freire Varela;
130603;https://dadosabertos.camara.leg.br/api/v2/deputados/130603;EMÍLIO FALCÃO;João Emílio Falcão Costa;
130567;https://dadosabertos.camara.leg.br/api/v2/deputados/130567;ERMENEGILDO CORBELLINI;Ermenegildo Cyrilo Corbellini;
130568;https://dadosabertos.camara.leg.br/api/v2/deputados/130568;EUSTÁQUIO GOMES;Eustáquio Gomes de Mello;
130569;https://dadosabertos.camara.leg.br/api/v2/deputados/130569;EUVALDO LODI;Euvaldo Lodi;
130570;https://dadosabertos.camara.leg.br/api/v2/deputados/130570;FAUSTO OLIVEIRA;Fausto Oliveira;
130661;https://dadosabertos.camara.leg.br/api/v2/deputados/130661;FERREIRA PAES;Manuel Ferreira Paes;
130645;https://dadosabertos.camara.leg.br/api/v2/deputados/130645;FIRMAN NETO;Pedro Firman Neto;
130572;https://dadosabertos.camara.leg.br/api/v2/deputados/130572;FLÁVIO DE CASTRO;Flávio de Menezes Castro;
130658;https://dadosabertos.camara.leg.br/api/v2/deputados/130658;FONSECA E SILVA;José Trindade da Fonseca e Silva;
130544;https://dadosabertos.camara.leg.br/api/v2/deputados/130544;FREITAS DINIZ;Benedito Freitas Diniz;
130647;https://dadosabertos.camara.leg.br/api/v2/deputados/130647;FROTA MOREIRA;José Arthur da Frota Moreira;
130604;https://dadosabertos.camara.leg.br/api/v2/deputados/130604;GALVÃO DE MEDEIROS;João Galvão de Medeiros;
130675;https://dadosabertos.camara.leg.br/api/v2/deputados/130675;GENÉSIO GUERRA;Pio Genésio Guerra;
130576;https://dadosabertos.camara.leg.br/api/v2/deputados/130576;GENTIL BARREIRA;Gentil Pinheiro Barreira;
130577;https://dadosabertos.camara.leg.br/api/v2/deputados/130577;GENTIL NASCIMENTO;Gentil Nascimento;
130578;https://dadosabertos.camara.leg.br/api/v2/deputados/130578;GEORGES GALVÃO;Georges Galvão;
130580;https://dadosabertos.camara.leg.br/api/v2/deputados/130580;GIÁCOMO PORTO;Giácomo Porto;
130573;https://dadosabertos.camara.leg.br/api/v2/deputados/130573;GIRALDES FILHO;Francisco Giraldes Filho;
130520;https://dadosabertos.camara.leg.br/api/v2/deputados/130520;GODOY ILHA;Américo Godoy Ilha;
130581;https://dadosabertos.camara.leg.br/api/v2/deputados/130581;GUIDO MONDIN;Guido Fernando Mondin;
130582;https://dadosabertos.camara.leg.br/api/v2/deputados/130582;HEITOR FILHO;Heitor Pereira Filho;
130584;https://dadosabertos.camara.leg.br/api/v2/deputados/130584;HENRIQUE PAGNONCELLI;Henrique Pagnoncelli;
130585;https://dadosabertos.camara.leg.br/api/v2/deputados/130585;HERCÍLIO DEEKE;Hercílio Deeke;
130586;https://dadosabertos.camara.leg.br/api/v2/deputados/130586;HERIBALDO VIEIRA;Heribaldo Dantas Vieira;
130588;https://dadosabertos.camara.leg.br/api/v2/deputados/130588;HUGO CABRAL;Hugo Cabral;
130590;https://dadosabertos.camara.leg.br/api/v2/deputados/130590;HUGO NAPOLEÃO;Hugo Napoleão do Rego;
130591;https://dadosabertos.camara.leg.br/api/v2/deputados/130591;HUMBERTO AMADO;Humberto de Andrade Amado;
130593;https://dadosabertos.camara.leg.br/api/v2/deputados/130593;HUMBERTO MOLINARO;Humberto Molinaro;
130592;https://dadosabertos.camara.leg.br/api/v2/deputados/130592;HUMBERTO TEIXEIRA;Humberto Cavalcante Teixeira;
130594;https://dadosabertos.camara.leg.br/api/v2/deputados/130594;ILACIR LIMA;Ilacir Pereira Lima;
130595;https://dadosabertos.camara.leg.br/api/v2/deputados/130595;IRIS MEINBERG;Iris Meinberg;
130596;https://dadosabertos.camara.leg.br/api/v2/deputados/130596;ISRAEL PINHEIRO;Israel Pinheiro da Silva;
130597;https://dadosabertos.camara.leg.br/api/v2/deputados/130597;JEFFERSON DE AGUIAR;Jefferson de Aguiar;
130601;https://dadosabertos.camara.leg.br/api/v2/deputados/130601;JOÃO D'ABREU;João d'Abreu;
130607;https://dadosabertos.camara.leg.br/api/v2/deputados/130607;JOÃO DE PAULA;João de Paula e Silva;
130600;https://dadosabertos.camara.leg.br/api/v2/deputados/130600;JOÃO FALCÃO;João da Costa Falcão;
130599;https://dadosabertos.camara.leg.br/api/v2/deputados/130599;JOÃO FICO;João Batista Fico;
130608;https://dadosabertos.camara.leg.br/api/v2/deputados/130608;JOÃO MACHADO;João dos Reis Ferreira Machado;
130611;https://dadosabertos.camara.leg.br/api/v2/deputados/130611;JOAQUIM RONDON;Joaquim Vicente Rondon;
130612;https://dadosabertos.camara.leg.br/api/v2/deputados/130612;JOCELYN ROSA;Jocelyn Leocádio da Rosa;
130613;https://dadosabertos.camara.leg.br/api/v2/deputados/130613;JORGE LACERDA;Jorge Lacerda;
130614;https://dadosabertos.camara.leg.br/api/v2/deputados/130614;JOSÉ AFONSO;José Afonso Casado de Melo;
130615;https://dadosabertos.camara.leg.br/api/v2/deputados/130615;JOSÉ ALVES;José Alves de Azevedo;
130657;https://dadosabertos.camara.leg.br/api/v2/deputados/130657;JOSÉ FRAGELLI;José Manoel Fontanillas Fragelli;
130654;https://dadosabertos.camara.leg.br/api/v2/deputados/130654;JOSÉ GUIMARÃES;José Gomes de Oliveira Guimarães;
130652;https://dadosabertos.camara.leg.br/api/v2/deputados/130652;JOSÉ JATOBÁ;José de Freitas Jatobá;
130622;https://dadosabertos.camara.leg.br/api/v2/deputados/130622;JOSÉ MACIEL;José do Rego Maciel;
130651;https://dadosabertos.camara.leg.br/api/v2/deputados/130651;JOSÉ MULLER;José Eugênio Muller;
130619;https://dadosabertos.camara.leg.br/api/v2/deputados/130619;JOSÉ NICODEMUS;José Nicodemus da Silveira Martins;
130649;https://dadosabertos.camara.leg.br/api/v2/deputados/130649;JOSÉ SOBRAL;José Conde Sobral;
130605;https://dadosabertos.camara.leg.br/api/v2/deputados/130605;LAMEIRA BITTENCOURT;João Guilherme Lameira Bittencourt;
130625;https://dadosabertos.camara.leg.br/api/v2/deputados/130625;LAURINDO REGIS;Laurindo Oliveira Regis Filho;
130627;https://dadosabertos.camara.leg.br/api/v2/deputados/130627;LAURO GOMES;Lauro Gomes de Almeida;
130628;https://dadosabertos.camara.leg.br/api/v2/deputados/130628;LEOBERTO LEAL;Leoberto Laus Leal;
130629;https://dadosabertos.camara.leg.br/api/v2/deputados/130629;LEONARDO BARBIERI;Leonardo Barbieri;
130630;https://dadosabertos.camara.leg.br/api/v2/deputados/130630;LEÔNIDAS CARDOSO;Leônidas Cardoso;
130655;https://dadosabertos.camara.leg.br/api/v2/deputados/130655;LERNER RODRIGUES;José de Lerner Rodrigues;
130514;https://dadosabertos.camara.leg.br/api/v2/deputados/130514;LIMA CAMPOS;Aluísio Fragoso de Lima Campos;
130549;https://dadosabertos.camara.leg.br/api/v2/deputados/130549;LIMA CAVALCANTI;Carlos de Lima Cavalcanti;
130633;https://dadosabertos.camara.leg.br/api/v2/deputados/130633;LINCOLN FELICIANO;Lincoln Feliciano da Silva;
130609;https://dadosabertos.camara.leg.br/api/v2/deputados/130609;LOBÃO DA SILVEIRA;Joaquim Lobão da Silveira;
130656;https://dadosabertos.camara.leg.br/api/v2/deputados/130656;LOUREIRO JÚNIOR;José Loureiro Júnior;
130634;https://dadosabertos.camara.leg.br/api/v2/deputados/130634;LUIZ CAMPAGNONI;Luiz Alexandre Campagnoni;
130636;https://dadosabertos.camara.leg.br/api/v2/deputados/130636;LUIZ TOURINHO;Luiz Carlos Pereira Tourinho;
130641;https://dadosabertos.camara.leg.br/api/v2/deputados/130641;LUPI MARTINS;Miguel Lupi Martins;
130639;https://dadosabertos.camara.leg.br/api/v2/deputados/130639;LUTERO VARGAS;Luthero Sarmanho Vargas;
130606;https://dadosabertos.camara.leg.br/api/v2/deputados/130606;MACEDO COSTA;João Maurício de Macedo Costa;
130638;https://dadosabertos.camara.leg.br/api/v2/deputados/130638;MACHADO SOBRINHO;Luiz Gonzaga Machado Sobrinho;
130662;https://dadosabertos.camara.leg.br/api/v2/deputados/130662;MARCOS PARENTE;Marcos Santos Parente;
130640;https://dadosabertos.camara.leg.br/api/v2/deputados/130640;MARINO MACHADO;Marino Machado de Oliveira;
130663;https://dadosabertos.camara.leg.br/api/v2/deputados/130663;MÁRIO APRILLE;Mário Aprille;
130664;https://dadosabertos.camara.leg.br/api/v2/deputados/130664;MÁRIO EUGÊNIO;Mário Eugênio;
130531;https://dadosabertos.camara.leg.br/api/v2/deputados/130531;MARTINS FERNANDES;Antônio Martins Fernandes de Carvalho;
130610;https://dadosabertos.camara.leg.br/api/v2/deputados/130610;MENDES DE SOUZA;Joaquim Mendes de Souza;
130648;https://dadosabertos.camara.leg.br/api/v2/deputados/130648;MENDONÇA BRAGA;José Caralâmpio de Mendonça Braga;
130535;https://dadosabertos.camara.leg.br/api/v2/deputados/130535;MENDONÇA JÚNIOR;Antônio Saturnino de Mendonça Júnior;
130574;https://dadosabertos.camara.leg.br/api/v2/deputados/130574;MENEZES PIMENTEL;Francisco de Menezes Pimentel;
130665;https://dadosabertos.camara.leg.br/api/v2/deputados/130665;MILTON CAMPOS;Milton Soares Campos;
130691;https://dadosabertos.camara.leg.br/api/v2/deputados/130691;MONTEIRO DE BARROS;Theotônio Maurício Monteiro de Barros Filho;
130587;https://dadosabertos.camara.leg.br/api/v2/deputados/130587;MORAES BARROS;Hermann de Moraes Barros;
130666;https://dadosabertos.camara.leg.br/api/v2/deputados/130666;NELSON PARIJÓS;Nelson da Silva Parijós;
130631;https://dadosabertos.camara.leg.br/api/v2/deputados/130631;NITA COSTA;Leolina Barbosa de Souza Costa;
130668;https://dadosabertos.camara.leg.br/api/v2/deputados/130668;ODILON BRAGA;Odilon Duarte Braga;
130671;https://dadosabertos.camara.leg.br/api/v2/deputados/130671;OSCAR CARNEIRO;Oscar Napoleão Carneiro da Silva;
130620;https://dadosabertos.camara.leg.br/api/v2/deputados/130620;OSÓRIO BORBA;José Osório de Moraes Borba;
130632;https://dadosabertos.camara.leg.br/api/v2/deputados/130632;OSTOJA ROGUSKI;Leszek Bronislau Ostoja Roguski;
130672;https://dadosabertos.camara.leg.br/api/v2/deputados/130672;OSWALDO FONSECA;Oswaldo da Cunha Fonseca;
130673;https://dadosabertos.camara.leg.br/api/v2/deputados/130673;OTACÍLIO NEGRÃO;Otacílio Negrão de Lima;
130667;https://dadosabertos.camara.leg.br/api/v2/deputados/130667;OTÁVIO MANGABEIRA;Otávio Mangabeira;
130669;https://dadosabertos.camara.leg.br/api/v2/deputados/130669;OVÍDIO DUARTE;Ovídio Borba Duarte;
130643;https://dadosabertos.camara.leg.br/api/v2/deputados/130643;PAULO BENTES;Paulo Menezes Bentes;
130642;https://dadosabertos.camara.leg.br/api/v2/deputados/130642;PAULO GERMANO;Paulo Germano de Magalhães;
130644;https://dadosabertos.camara.leg.br/api/v2/deputados/130644;PEDRO DINIZ;Pedro Diniz Gonçalves Filho;
130532;https://dadosabertos.camara.leg.br/api/v2/deputados/130532;PEREIRA DINIZ;Antônio Pereira Diniz;
130533;https://dadosabertos.camara.leg.br/api/v2/deputados/130533;PEREIRA LIMA;Antônio Pereira Lima;
130676;https://dadosabertos.camara.leg.br/api/v2/deputados/130676;PLÁCIDO ROCHA;Plácido Rocha;
130646;https://dadosabertos.camara.leg.br/api/v2/deputados/130646;PLÍNIO DE MELLO;Plínio Gomes de Mello;
130677;https://dadosabertos.camara.leg.br/api/v2/deputados/130677;PLÍNIO RIBEIRO;Plínio Ribeiro dos Santos;
130678;https://dadosabertos.camara.leg.br/api/v2/deputados/130678;PONCIANO DOS SANTOS;Ponciano Stenzel dos Santos;
130618;https://dadosabertos.camara.leg.br/api/v2/deputados/130618;PONTES VIEIRA;José de Pontes Vieira;
130626;https://dadosabertos.camara.leg.br/api/v2/deputados/130626;PORTUGAL TAVARES;Lauro Gentil Portugal Tavares;
130650;https://dadosabertos.camara.leg.br/api/v2/deputados/130650;PRADO KELLY;José Eduardo do Prado Kelly;
130679;https://dadosabertos.camara.leg.br/api/v2/deputados/130679;PRAXEDES PITANGA;Praxedes da Silva Pitanga;
130534;https://dadosabertos.camara.leg.br/api/v2/deputados/130534;QUEIROZ FILHO;Antônio de Queiroz Filho;
130621;https://dadosabertos.camara.leg.br/api/v2/deputados/130621;QUINTELA CAVALCANTI;José Quintela Cavalcanti;
130562;https://dadosabertos.camara.leg.br/api/v2/deputados/130562;QUIRINO FERREIRA;Domingos Quirino Ferreira Neto;
130680;https://dadosabertos.camara.leg.br/api/v2/deputados/130680;RAFAEL CORRÊA;Rafael Corrêa de Oliveira;
130521;https://dadosabertos.camara.leg.br/api/v2/deputados/130521;RIÇA JUNIOR;Antero Ferreira Riça Júnior;
130660;https://dadosabertos.camara.leg.br/api/v2/deputados/130660;ROCHA LOURES;Josino Alves da Rocha Loures;
130682;https://dadosabertos.camara.leg.br/api/v2/deputados/130682;RODRIGO MAGALHÃES;Rodrigo Magalhães dos Santos;
130623;https://dadosabertos.camara.leg.br/api/v2/deputados/130623;RODRIGUES SEABRA;José Rodrigues Seabra;
130684;https://dadosabertos.camara.leg.br/api/v2/deputados/130684;RÔMULO ALMEIDA;Rômulo Barreto de Almeida;
130670;https://dadosabertos.camara.leg.br/api/v2/deputados/130670;ROXO LOUREIRO;Orozimbo Octavio Roxo Loureiro;
130685;https://dadosabertos.camara.leg.br/api/v2/deputados/130685;RUI BARATA;Ruy Guilherme Paranatinga Barata;
130693;https://dadosabertos.camara.leg.br/api/v2/deputados/130693;SANTA ROSA;Virgínio Marques Santa Rosa;
130624;https://dadosabertos.camara.leg.br/api/v2/deputados/130624;SEGADAS VIANA;José de Segadas Viana;
130686;https://dadosabertos.camara.leg.br/api/v2/deputados/130686;SERAFIM BERTASO;Serafim Enoss Bertaso;
130516;https://dadosabertos.camara.leg.br/api/v2/deputados/130516;SERRA DE CASTRO;Álvaro Serra de Castro;
130687;https://dadosabertos.camara.leg.br/api/v2/deputados/130687;SEVERINO SOMBRA;Severino Sombra de Albuquerque;
130688;https://dadosabertos.camara.leg.br/api/v2/deputados/130688;SIGEFREDO PACHECO;Sigefredo Pacheco;
130689;https://dadosabertos.camara.leg.br/api/v2/deputados/130689;SÍLVIO SANSON;Sílvio Umberto Ulderico Sanson;
130579;https://dadosabertos.camara.leg.br/api/v2/deputados/130579;STARLING SOARES;Geraldo Starling Soares;
130690;https://dadosabertos.camara.leg.br/api/v2/deputados/130690;TACIANO DE MELO;Taciano Gomes de Melo;
130536;https://dadosabertos.camara.leg.br/api/v2/deputados/130536;TEIXEIRA GUEIROS;Antônio Teixeira Gueiros;
130519;https://dadosabertos.camara.leg.br/api/v2/deputados/130519;TRAJANO COSTA;Ambrósio Trajano Costa;
130692;https://dadosabertos.camara.leg.br/api/v2/deputados/130692;ULISSES LINS;Ulysses Lins de Albuquerque;
130617;https://dadosabertos.camara.leg.br/api/v2/deputados/130617;VASCONCELOS COSTA;José Antônio de Vasconcelos Costa;
130659;https://dadosabertos.camara.leg.br/api/v2/deputados/130659;VICTORINO CORRÊA;José Victorino Corrêa;
130575;https://dadosabertos.camara.leg.br/api/v2/deputados/130575;VIEIRA DE ALENCAR;Gastão Vieira de Alencar;
130583;https://dadosabertos.camara.leg.br/api/v2/deputados/130583;VIEIRA NETO;Henrique José Vieira Neto;
130694;https://dadosabertos.camara.leg.br/api/v2/deputados/130694;WALDEMAR RUPP;Waldemar Rupp;
130695;https://dadosabertos.camara.leg.br/api/v2/deputados/130695;WALDEMAR VASCONCELOS;Waldemar Vasconcelos;
130696;https://dadosabertos.camara.leg.br/api/v2/deputados/130696;WALTER FRANCO;Walter do Prado Franco;
130674;https://dadosabertos.camara.leg.br/api/v2/deputados/130674;XAVIER D'ARAUJO;Pedro Xavier d'Araújo;
130384;https://dadosabertos.camara.leg.br/api/v2/deputados/130384;ABELARDO ANDRÉA;Abelardo Fortuna Andréa dos Santos;
130383;https://dadosabertos.camara.leg.br/api/v2/deputados/130383;ABELARDO CALAFANGE;Abelardo Calafange;
130385;https://dadosabertos.camara.leg.br/api/v2/deputados/130385;ABELARDO MATA;Abelardo dos Santos Mata;
130390;https://dadosabertos.camara.leg.br/api/v2/deputados/130390;ACHILES MINCARONE;Achiles Mincarone;
130388;https://dadosabertos.camara.leg.br/api/v2/deputados/130388;ADERSON DUTRA;Aderson Dutra de Almeida;
130389;https://dadosabertos.camara.leg.br/api/v2/deputados/130389;ADROALDO COSTA;Adroaldo Mesquita da Costa;
130391;https://dadosabertos.camara.leg.br/api/v2/deputados/130391;AGRIPA FARIA;Agripa de Castro Faria;
130386;https://dadosabertos.camara.leg.br/api/v2/deputados/130386;ALBERTO BOTTINO;Alberto Bottino;
130387;https://dadosabertos.camara.leg.br/api/v2/deputados/130387;ALBERTO DEODATO;Alberto Deodato Maia Barreto;
130392;https://dadosabertos.camara.leg.br/api/v2/deputados/130392;ALCIDES BARCELOS;Alcides do Amaral Barcelos;
130394;https://dadosabertos.camara.leg.br/api/v2/deputados/130394;ALCIDES LAGE;Alcides Mascarenhas Lage;
130393;https://dadosabertos.camara.leg.br/api/v2/deputados/130393;ALCIDES VIDIGAL;Alcides da Costa Vidigal;
130395;https://dadosabertos.camara.leg.br/api/v2/deputados/130395;ALFREDO DUAILIBE;Alfredo Salim Duailibe;
130396;https://dadosabertos.camara.leg.br/api/v2/deputados/130396;ALÔ GUIMARÃES;Alô Ticoulat Guimarães;
130397;https://dadosabertos.camara.leg.br/api/v2/deputados/130397;AMANDO FONTES;Amando Fontes;
130399;https://dadosabertos.camara.leg.br/api/v2/deputados/130399;ANDRÉ ARAÚJO;André Vidal de Araújo;
130398;https://dadosabertos.camara.leg.br/api/v2/deputados/130398;ANDRÉ FERNANDES;André Fernandes de Souza;
130400;https://dadosabertos.camara.leg.br/api/v2/deputados/130400;ANÍSIO MOREIRA;Anísio José Moreira;
130401;https://dadosabertos.camara.leg.br/api/v2/deputados/130401;ANTENOR BOGÉA;Antenor Américo Mourão Bogéa;
3086;https://dadosabertos.camara.leg.br/api/v2/deputados/3086;ANTÔNIO BALBINO;Antônio Balbino de Carvalho Filho;
130404;https://dadosabertos.camara.leg.br/api/v2/deputados/130404;ANTÔNIO CORREIA;Antônio Maria de Rezende Correia;
3097;https://dadosabertos.camara.leg.br/api/v2/deputados/3097;ANTÔNIO PEIXOTO;Antônio Peixoto de Lucena Cunha;
3094;https://dadosabertos.camara.leg.br/api/v2/deputados/3094;ARAL MOREIRA;Aral Moreira;
3014;https://dadosabertos.camara.leg.br/api/v2/deputados/3014;ARAMIS ATHAYDE;Aramis Taborda de Athayde;
130408;https://dadosabertos.camara.leg.br/api/v2/deputados/130408;ARISTILIANO RAMOS;Aristiliano Laureano Ramos;
2285;https://dadosabertos.camara.leg.br/api/v2/deputados/2285;ARTHUR BERNARDES;Arthur da Silva Bernardes;
130411;https://dadosabertos.camara.leg.br/api/v2/deputados/130411;ARTHUR SANTOS;Arthur Ferreira dos Santos;
3088;https://dadosabertos.camara.leg.br/api/v2/deputados/3088;ARY PEREIRA;Ary Frauzino Pereira;
130413;https://dadosabertos.camara.leg.br/api/v2/deputados/130413;AUGUSTO DO AMARAL PEIXOTO;Augusto do Amaral Peixoto Júnior;
3102;https://dadosabertos.camara.leg.br/api/v2/deputados/3102;AUGUSTO MEIRA;José Augusto Meira Dantas;
130415;https://dadosabertos.camara.leg.br/api/v2/deputados/130415;AURELIANO LEITE;Aureliano Leite;
130432;https://dadosabertos.camara.leg.br/api/v2/deputados/130432;BARRETO PINTO;Edmundo Barreto Pinto;
130417;https://dadosabertos.camara.leg.br/api/v2/deputados/130417;BENEDITO LAGO;Benedito de Carvalho Lago;
130419;https://dadosabertos.camara.leg.br/api/v2/deputados/130419;BENEDITO MERGULHÃO;Benedito Mansos Mergulhão;
130420;https://dadosabertos.camara.leg.br/api/v2/deputados/130420;BENEDITO VALADARES;Benedito Valladares Ribeiro;
130460;https://dadosabertos.camara.leg.br/api/v2/deputados/130460;BROCHADO DA ROCHA;José Diogo Brochado da Rocha;
130478;https://dadosabertos.camara.leg.br/api/v2/deputados/130478;CARDOSO DE MIRANDA;Mário Aloísio Cardoso de Miranda;
130422;https://dadosabertos.camara.leg.br/api/v2/deputados/130422;CARLOS ROBERTO;Carlos Roberto de Aguiar Moreira;
130423;https://dadosabertos.camara.leg.br/api/v2/deputados/130423;CARLOS VALADARES;Carlos Valadares da Silva;
130403;https://dadosabertos.camara.leg.br/api/v2/deputados/130403;CARVALHO NETO;Antônio Manoel de Carvalho Neto;
130433;https://dadosabertos.camara.leg.br/api/v2/deputados/130433;CATTETE PINHEIRO;Edward Cattete Pinheiro;
130424;https://dadosabertos.camara.leg.br/api/v2/deputados/130424;CELSO AZEVEDO;Celso de Lacerda Azevedo;
130425;https://dadosabertos.camara.leg.br/api/v2/deputados/130425;CÉSAR SANTOS;César José dos Santos;
130421;https://dadosabertos.camara.leg.br/api/v2/deputados/130421;CIRILO JÚNIOR;Carlos Cyrillo Júnior;
130426;https://dadosabertos.camara.leg.br/api/v2/deputados/130426;CLEMENTINO FRAGA;Clementino da Rocha Fraga Júnior;
130488;https://dadosabertos.camara.leg.br/api/v2/deputados/130488;CREPORY FRANCO;Romualdo Crepory Barroso Franco;
130427;https://dadosabertos.camara.leg.br/api/v2/deputados/130427;DÁRIO BARROS;Dário de Campos Barros;
130428;https://dadosabertos.camara.leg.br/api/v2/deputados/130428;DEMERVAL LOBÃO;Demerval Lobão Veras;
130503;https://dadosabertos.camara.leg.br/api/v2/deputados/130503;DINIZ GONÇALVES;Godofredo Diniz Gonçalves;
130429;https://dadosabertos.camara.leg.br/api/v2/deputados/130429;DOLOR ANDRADE;Dolor Ferreira de Andrade;
130430;https://dadosabertos.camara.leg.br/api/v2/deputados/130430;EDGARD FERNANDES;Edgard Moury Fernandes;
130431;https://dadosabertos.camara.leg.br/api/v2/deputados/130431;EDSON PASSOS;Edson Junqueira Passos;
130434;https://dadosabertos.camara.leg.br/api/v2/deputados/130434;EGÍDIO MICHAELSEN;Egídio Michaelsen;
130435;https://dadosabertos.camara.leg.br/api/v2/deputados/130435;ELPÍDIO DE ALMEIDA;Elpídio Josué de Almeida;
130331;https://dadosabertos.camara.leg.br/api/v2/deputados/130331;ERASTO GAERTNER;Erasto Gaertner;
130437;https://dadosabertos.camara.leg.br/api/v2/deputados/130437;EURICO SALES;Eurico de Aguiar Salles;
130461;https://dadosabertos.camara.leg.br/api/v2/deputados/130461;EVILÁSIO TORRES;José Evilásio Torres;
130439;https://dadosabertos.camara.leg.br/api/v2/deputados/130439;FERNANDO FLORES;Fernando Flores;
130438;https://dadosabertos.camara.leg.br/api/v2/deputados/130438;FERNANDO NÓBREGA;Fernando Carneiro da Cunha Nobrega;
130454;https://dadosabertos.camara.leg.br/api/v2/deputados/130454;FERREIRA LIMA;João Ferreira Lima;
130440;https://dadosabertos.camara.leg.br/api/v2/deputados/130440;FLÁVIO CASTRIOTO;Flávio Castrioto de Figueiredo e Melo;
130441;https://dadosabertos.camara.leg.br/api/v2/deputados/130441;FRANCISCO AGUIAR;Francisco Lacerda de Aguiar;
130402;https://dadosabertos.camara.leg.br/api/v2/deputados/130402;FREITAS CAVALCANTI;Antônio de Freitas Cavalcanti;
130443;https://dadosabertos.camara.leg.br/api/v2/deputados/130443;GALDINO DO VALE;Galdino do Vale Filho;
130444;https://dadosabertos.camara.leg.br/api/v2/deputados/130444;GALENO PARANHOS;Galeno Paranhos;
130474;https://dadosabertos.camara.leg.br/api/v2/deputados/130474;GAMA FILHO;Luiz Gama Filho;
130504;https://dadosabertos.camara.leg.br/api/v2/deputados/130504;GERMANO DOCKHORN;Germano Dockhorn;
2698;https://dadosabertos.camara.leg.br/api/v2/deputados/2698;GILENO AMADO;Gileno Amado;
130445;https://dadosabertos.camara.leg.br/api/v2/deputados/130445;GUILHERME XAVIER;Guilherme Xavier de Almeida;
130447;https://dadosabertos.camara.leg.br/api/v2/deputados/130447;HEITOR BELTRÃO;Heitor da Nóbrega Beltrão;
130446;https://dadosabertos.camara.leg.br/api/v2/deputados/130446;HÉLIO COUTINHO;Hélio Coutinho Corrêa de Oliveira;
130448;https://dadosabertos.camara.leg.br/api/v2/deputados/130448;HERBERT VASCONCELOS;Herbert Maya de Vasconcelos;
130449;https://dadosabertos.camara.leg.br/api/v2/deputados/130449;HILDEBRANDO BISAGLIA;Hildebrando Bisaglia;
3070;https://dadosabertos.camara.leg.br/api/v2/deputados/3070;HILDEBRANDO FALCÃO;Hildebrando Martins Falcão;
3073;https://dadosabertos.camara.leg.br/api/v2/deputados/3073;HILDEMAR MAIA;Hildemar Pimentel Maia;
130450;https://dadosabertos.camara.leg.br/api/v2/deputados/130450;HUGO CARNEIRO;Hugo Ribeiro Carneiro;
130451;https://dadosabertos.camara.leg.br/api/v2/deputados/130451;HUMBERTO MOURA;Humberto Sales de Moura Ferreira;
130452;https://dadosabertos.camara.leg.br/api/v2/deputados/130452;JARBAS MARANHÃO;Jarbas Cardoso de Albuquerque Maranhão;
3076;https://dadosabertos.camara.leg.br/api/v2/deputados/3076;JAYME TEIXEIRA;Jayme Spínola Teixeira;
130453;https://dadosabertos.camara.leg.br/api/v2/deputados/130453;JOÃO CABANAS;João Cabanas;
3098;https://dadosabertos.camara.leg.br/api/v2/deputados/3098;JOÃO CAMILO;João Camilo Teixeira Fonte;
3071;https://dadosabertos.camara.leg.br/api/v2/deputados/3071;JOÃO FARIAS;João Crisóstomo de Farias;
3120;https://dadosabertos.camara.leg.br/api/v2/deputados/3120;JOÃO GOULART;João Belchior Marques Goulart;
3078;https://dadosabertos.camara.leg.br/api/v2/deputados/3078;JOAQUIM BASTOS;Joaquim Bastos Gonçalves;
3072;https://dadosabertos.camara.leg.br/api/v2/deputados/3072;JOAQUIM VIEGAS;Joaquim de Barros Correa Viegas;
3077;https://dadosabertos.camara.leg.br/api/v2/deputados/3077;JOEL PRESÍDIO;Joel Presídio de Figueiredo;
3081;https://dadosabertos.camara.leg.br/api/v2/deputados/3081;JORGE JABOUR;Jorge Jabour;
130458;https://dadosabertos.camara.leg.br/api/v2/deputados/130458;JOSÉ AUGUSTO;José Augusto Bezerra de Medeiros;
3089;https://dadosabertos.camara.leg.br/api/v2/deputados/3089;JOSÉ FLEURY;José Fleury;
130462;https://dadosabertos.camara.leg.br/api/v2/deputados/130462;JOSÉ GAUDÊNCIO;José Gaudêncio Correia de Queiroz;
3092;https://dadosabertos.camara.leg.br/api/v2/deputados/3092;JOSÉ MATOS;José da Silva Matos;
130467;https://dadosabertos.camara.leg.br/api/v2/deputados/130467;JOSÉ NEIVA;José Neiva de Souza;
130464;https://dadosabertos.camara.leg.br/api/v2/deputados/130464;JOSÉ ROMERO;José de Lima Fontes Romero;
130442;https://dadosabertos.camara.leg.br/api/v2/deputados/130442;LACERDA WERNECK;Francisco Peixoto de Lacerda Werneck;
130472;https://dadosabertos.camara.leg.br/api/v2/deputados/130472;LAFAYETTE REZENDE;Lafayette Veloso Rezende;
130470;https://dadosabertos.camara.leg.br/api/v2/deputados/130470;LAURO LOPES;Lauro Sodré Lopes;
130471;https://dadosabertos.camara.leg.br/api/v2/deputados/130471;LEANDRO MACIEL;Leandro Maynard Maciel;
3115;https://dadosabertos.camara.leg.br/api/v2/deputados/3115;LEÔNIDAS MELLO;Leônidas de Castro Melo;
3095;https://dadosabertos.camara.leg.br/api/v2/deputados/3095;LÍCIO BORRALHO;Lício Proença Borralho;
130463;https://dadosabertos.camara.leg.br/api/v2/deputados/130463;LIMA FIGUEIREDO;José de Lima Figueiredo;
3106;https://dadosabertos.camara.leg.br/api/v2/deputados/3106;LINEU AMARAL;Lineu Ferreira do Amaral;
3082;https://dadosabertos.camara.leg.br/api/v2/deputados/3082;LOBO CARNEIRO;Fernando Luiz Lobo Barbosa Carneiro;
3096;https://dadosabertos.camara.leg.br/api/v2/deputados/3096;LUCÍLIO MEDEIROS;Lucílio de Medeiros;
3099;https://dadosabertos.camara.leg.br/api/v2/deputados/3099;LÚCIO BITTENCOURT;Carlos Alberto Lúcio Bittencourt;
3117;https://dadosabertos.camara.leg.br/api/v2/deputados/3117;MACEDO SOARES E SILVA;Helio de Macedo Soares e Silva;
130418;https://dadosabertos.camara.leg.br/api/v2/deputados/130418;MANHÃES BARRETO;Benedito Manhães Barreto;
130476;https://dadosabertos.camara.leg.br/api/v2/deputados/130476;MANOEL ANUNCIAÇÃO;Manoel Elias de Almeida Anunciação;
3100;https://dadosabertos.camara.leg.br/api/v2/deputados/3100;MANOEL PEIXOTO;Manoel Inácio Peixoto;
3107;https://dadosabertos.camara.leg.br/api/v2/deputados/3107;MANOEL RIBAS;Manoel de Mello Ribas;
130477;https://dadosabertos.camara.leg.br/api/v2/deputados/130477;MARCOS FERREIRA;Marcos Ferreira de Jesus;
4918;https://dadosabertos.camara.leg.br/api/v2/deputados/4918;MÁRIO ALTINO;Mário Altino Correia de Araújo;
130479;https://dadosabertos.camara.leg.br/api/v2/deputados/130479;MÁRIO GOMES DE BARROS;Mário Gomes de Barros;
2631;https://dadosabertos.camara.leg.br/api/v2/deputados/2631;MARREY JÚNIOR;José Adriano Marrey Júnior;
130489;https://dadosabertos.camara.leg.br/api/v2/deputados/130489;MELO BRAGA;Rubens de Melo Braga;
3116;https://dadosabertos.camara.leg.br/api/v2/deputados/3116;MIROCLES VERAS;Mirocles de Campos Veras;
130496;https://dadosabertos.camara.leg.br/api/v2/deputados/130496;MOTA NETO;Vicente da Mota Neto;
130416;https://dadosabertos.camara.leg.br/api/v2/deputados/130416;MOURA ANDRADE;Auro Soares de Moura Andrade;
4919;https://dadosabertos.camara.leg.br/api/v2/deputados/4919;MOURA BRASIL;Oswaldo Moura Brasil do Amaral;
130466;https://dadosabertos.camara.leg.br/api/v2/deputados/130466;MOURA REZENDE;José de Moura Rezende;
130407;https://dadosabertos.camara.leg.br/api/v2/deputados/130407;MOURÃO VIEIRA;Antovila Rodrigues Mourão Vieira;
130412;https://dadosabertos.camara.leg.br/api/v2/deputados/130412;NEGREIROS FALCÃO;Arthur Negreiros Falcão;
130480;https://dadosabertos.camara.leg.br/api/v2/deputados/130480;NEREU RAMOS;Nereu de Oliveira Ramos;
3112;https://dadosabertos.camara.leg.br/api/v2/deputados/3112;NETO CAMPELO;Manoel Neto Carneiro Campelo Júnior;
130475;https://dadosabertos.camara.leg.br/api/v2/deputados/130475;NOVELLI JÚNIOR;Luiz Gonzaga Novelli Júnior;
130481;https://dadosabertos.camara.leg.br/api/v2/deputados/130481;OLINTO FONSECA;Olinto Fonseca Filho;
130482;https://dadosabertos.camara.leg.br/api/v2/deputados/130482;ORLANDO DANTAS;Orlando Vieira Dantas;
3103;https://dadosabertos.camara.leg.br/api/v2/deputados/3103;OSVALDO ORICO;Osvaldo Orico;
3104;https://dadosabertos.camara.leg.br/api/v2/deputados/3104;OSVALDO TRIGUEIRO;Osvaldo Trigueiro de Albuquerque Melo;
3101;https://dadosabertos.camara.leg.br/api/v2/deputados/3101;OSWALDO COSTA;Oswaldo de Carvalho Costa;
3113;https://dadosabertos.camara.leg.br/api/v2/deputados/3113;OTÁVIO CORREA;Otávio Correa de Araújo;
130455;https://dadosabertos.camara.leg.br/api/v2/deputados/130455;OTÁVIO LOBO;João Otávio Lobo;
3108;https://dadosabertos.camara.leg.br/api/v2/deputados/3108;PARAÍLIO BORBA;Paraílio Borba;
3118;https://dadosabertos.camara.leg.br/api/v2/deputados/3118;PARANHOS DE OLIVEIRA;Daruiz Roses Paranhos de Oliveira;
3121;https://dadosabertos.camara.leg.br/api/v2/deputados/3121;PAULO COUTO;Paulo da Silva Couto;
3090;https://dadosabertos.camara.leg.br/api/v2/deputados/3090;PAULO FLEURY;Paulo Fleury da Silva e Souza;
130483;https://dadosabertos.camara.leg.br/api/v2/deputados/130483;PAULO GUERRA;Paulo Pessoa Guerra;
130456;https://dadosabertos.camara.leg.br/api/v2/deputados/130456;PAULO MARANHÃO;João Paulo de Albuquerque Maranhão;
3074;https://dadosabertos.camara.leg.br/api/v2/deputados/3074;PAULO NERY;Paulo Pinto Nery;
3093;https://dadosabertos.camara.leg.br/api/v2/deputados/3093;PAULO RAMOS;Paulo Martins de Souza Ramos;
3114;https://dadosabertos.camara.leg.br/api/v2/deputados/3114;PEDRO DE SOUZA;Pedro Joaquim de Souza;
130459;https://dadosabertos.camara.leg.br/api/v2/deputados/130459;PEREIRA DE SOUZA;José Carlos Pereira de Souza;
3079;https://dadosabertos.camara.leg.br/api/v2/deputados/3079;PESSOA DE ARAÚJO;Francisco Pessoa de Araújo;
130484;https://dadosabertos.camara.leg.br/api/v2/deputados/130484;PLÁCIDO OLÍMPIO;Plácido Olímpio de Oliveira;
130485;https://dadosabertos.camara.leg.br/api/v2/deputados/130485;PLÍNIO CAVALCANTI;Plínio Cavalcanti de Albuquerque;
3075;https://dadosabertos.camara.leg.br/api/v2/deputados/3075;PLÍNIO COELHO;Plínio Ramos Coelho;
3091;https://dadosabertos.camara.leg.br/api/v2/deputados/3091;PLÍNIO GAYER;Plínio Gayer;
3105;https://dadosabertos.camara.leg.br/api/v2/deputados/3105;RANULFO CUNHA;Ranulfo Cunha França;
3109;https://dadosabertos.camara.leg.br/api/v2/deputados/3109;ROBERTO BARROSO;Roberto Plens Ferreira Barroso;
3085;https://dadosabertos.camara.leg.br/api/v2/deputados/3085;ROBERTO MORENA;Roberto Morena;
3110;https://dadosabertos.camara.leg.br/api/v2/deputados/3110;ROCHA LOURES;João Alves da Rocha Loures;
130487;https://dadosabertos.camara.leg.br/api/v2/deputados/130487;ROMEU FIORI;Romeu José Fiori;
130486;https://dadosabertos.camara.leg.br/api/v2/deputados/130486;ROMEU LOURENÇÃO;Romeu de Andrade Lourenção;
3139;https://dadosabertos.camara.leg.br/api/v2/deputados/3139;RUI ARAÚJO;Ruy Araújo;
130490;https://dadosabertos.camara.leg.br/api/v2/deputados/130490;RUY ALMEIDA;Ruy da Cruz Almeida;
130491;https://dadosabertos.camara.leg.br/api/v2/deputados/130491;RUY PALMEIRA;Ruy Soares Palmeira;
3080;https://dadosabertos.camara.leg.br/api/v2/deputados/3080;SÁ CAVALCANTI;Walter de Sá Cavalcanti;
130492;https://dadosabertos.camara.leg.br/api/v2/deputados/130492;SAMUEL DUARTE;Samuel Vital Duarte;
130493;https://dadosabertos.camara.leg.br/api/v2/deputados/130493;SAULO RAMOS;Saulo Saul Ramos;
2896;https://dadosabertos.camara.leg.br/api/v2/deputados/2896;SEVERINO MARIZ;Severino Barbosa Mariz;
130409;https://dadosabertos.camara.leg.br/api/v2/deputados/130409;SIMONE PEREIRA;Armando Simone Pereira;
130465;https://dadosabertos.camara.leg.br/api/v2/deputados/130465;SOARES FILHO;José Monteiro Soares Filho;
130405;https://dadosabertos.camara.leg.br/api/v2/deputados/130405;SOUZA NOSCHESE;Antônio de Souza Noschese;
3122;https://dadosabertos.camara.leg.br/api/v2/deputados/3122;SYLVIO ECHENIQUE;Sylvio da Cunha Echenique;
130495;https://dadosabertos.camara.leg.br/api/v2/deputados/130495;UBIRAJARA KEUTENEDJIAN;Ubirajara Keutenedjian;
130494;https://dadosabertos.camara.leg.br/api/v2/deputados/130494;VIEIRA LINS;Sebastião Martins Vieira Lins;
130406;https://dadosabertos.camara.leg.br/api/v2/deputados/130406;VIEIRA SOBRINHO;Antônio Vieira Sobrinho;
130497;https://dadosabertos.camara.leg.br/api/v2/deputados/130497;VIRGÍLIO CORREA;Virgílio Alves Correa Neto;
130469;https://dadosabertos.camara.leg.br/api/v2/deputados/130469;WALDEMAR ALCÂNTARA;José Waldemar de Alcântara e Silva;
130499;https://dadosabertos.camara.leg.br/api/v2/deputados/130499;WALDEMAR FERREIRA;Waldemar Martins Ferreira;
130500;https://dadosabertos.camara.leg.br/api/v2/deputados/130500;WALFREDO GURGEL;Walfredo Gurgel;
130501;https://dadosabertos.camara.leg.br/api/v2/deputados/130501;WILSON CUNHA;Wilson Neves da Cunha;
130502;https://dadosabertos.camara.leg.br/api/v2/deputados/130502;WOLFRAM METZLER;Wolfram Metzler;
130436;https://dadosabertos.camara.leg.br/api/v2/deputados/130436;XAVIER REBELO;Emanuel Xavier Rebelo;
130286;https://dadosabertos.camara.leg.br/api/v2/deputados/130286;ABÍLIO FERNANDES;Abílio Fernandes;
130287;https://dadosabertos.camara.leg.br/api/v2/deputados/130287;ACIR GUIMARÃES;Acir Guimarães;
130288;https://dadosabertos.camara.leg.br/api/v2/deputados/130288;ACÚRCIO TORRES;Acúrcio Francisco Torres;
4856;https://dadosabertos.camara.leg.br/api/v2/deputados/4856;ADELMAR ROCHA;Adelmar Soares da Rocha;
130338;https://dadosabertos.camara.leg.br/api/v2/deputados/130338;AFONSO DE CARVALHO;Francisco Afonso de Carvalho;
130289;https://dadosabertos.camara.leg.br/api/v2/deputados/130289;AGAMENON MAGALHÃES;Agamenon Sérgio de Godoy Magalhães;
2979;https://dadosabertos.camara.leg.br/api/v2/deputados/2979;AGAPITO SÁTIRO;Agapito dos Santos Sátiro;
130291;https://dadosabertos.camara.leg.br/api/v2/deputados/130291;AGOSTINHO MONTEIRO;Agostinho de Meneses de Monteiro;
130290;https://dadosabertos.camara.leg.br/api/v2/deputados/130290;AGOSTINHO OLIVEIRA;Agostinho Dias de Oliveira;
130292;https://dadosabertos.camara.leg.br/api/v2/deputados/130292;AGRÍCOLA DE BARROS;Agrícola Paes de Barros;
130293;https://dadosabertos.camara.leg.br/api/v2/deputados/130293;ALARICO PACHECO;Alarico Nunes Pacheco;
130295;https://dadosabertos.camara.leg.br/api/v2/deputados/130295;ALBÉRICO FRAGA;Albérico Pereira Fraga;
130296;https://dadosabertos.camara.leg.br/api/v2/deputados/130296;ALCEDO COUTINHO;Alcedo de Morais Coutinho;
130301;https://dadosabertos.camara.leg.br/api/v2/deputados/130301;ALCIDES SABENÇA;Alcides Rodrigues Sabença;
130297;https://dadosabertos.camara.leg.br/api/v2/deputados/130297;ALFREDO SÁ;Alfredo Sá;
130298;https://dadosabertos.camara.leg.br/api/v2/deputados/130298;ALTAMIRO GUIMARÃES;Altamiro Lobo Guimarães;
4857;https://dadosabertos.camara.leg.br/api/v2/deputados/4857;ALTINO ARANTES;Altino Arantes Marques;
130353;https://dadosabertos.camara.leg.br/api/v2/deputados/130353;ALVES LINHARES;José Alves Linhares;
130354;https://dadosabertos.camara.leg.br/api/v2/deputados/130354;ALVES PALMA;José Alves Palma;
130302;https://dadosabertos.camara.leg.br/api/v2/deputados/130302;ANTERO LEIVAS;Antero Moreira Leivas;
2966;https://dadosabertos.camara.leg.br/api/v2/deputados/2966;ANTÔNIO MAFRA;Antônio Mário Mafra;
4858;https://dadosabertos.camara.leg.br/api/v2/deputados/4858;ANTÔNIO MARTINS;Antônio Augusto Martins;
130305;https://dadosabertos.camara.leg.br/api/v2/deputados/130305;ANTÔNIO PINTO;Antônio Pinto de Oliveira;
2987;https://dadosabertos.camara.leg.br/api/v2/deputados/2987;ANTÔNIO SILVA;Antônio José da Silva;
3023;https://dadosabertos.camara.leg.br/api/v2/deputados/3023;AREIA LEÃO;Raymundo de Areia Leão;
3013;https://dadosabertos.camara.leg.br/api/v2/deputados/3013;ARGEMIRO DE FIGUEIREDO;Argemiro de Figueiredo;
2998;https://dadosabertos.camara.leg.br/api/v2/deputados/2998;ARGEMIRO FIALHO;Argemiro de Arruda Fialho;
3043;https://dadosabertos.camara.leg.br/api/v2/deputados/3043;ARISTIDES LARGURA;Aristides Largura;
2972;https://dadosabertos.camara.leg.br/api/v2/deputados/2972;ARISTIDES MILTON;Aristides Milton da Silveira;
3029;https://dadosabertos.camara.leg.br/api/v2/deputados/3029;ARTUR FISCHER;Artur Fisher;
2993;https://dadosabertos.camara.leg.br/api/v2/deputados/2993;ARY VIANNA;Ary de Siqueira Vianna;
4860;https://dadosabertos.camara.leg.br/api/v2/deputados/4860;ASDRUBAL SOARES;Asdrubal Martins Soares;
3050;https://dadosabertos.camara.leg.br/api/v2/deputados/3050;ATALIBA NOGUEIRA;José Carlos de Ataliba Nogueira;
130306;https://dadosabertos.camara.leg.br/api/v2/deputados/130306;AUGUSTO VIEGAS;Augusto Chagas Viegas;
130376;https://dadosabertos.camara.leg.br/api/v2/deputados/130376;BASTOS TAVARES;Sílvio Bastos Tavares;
130345;https://dadosabertos.camara.leg.br/api/v2/deputados/130345;BATISTA LUSARDO;João Batista Luzardo;
130351;https://dadosabertos.camara.leg.br/api/v2/deputados/130351;BATISTA NETO;Joaquim Batista Neto;
130326;https://dadosabertos.camara.leg.br/api/v2/deputados/130326;BATISTA PEREIRA;Edgard Batista Pereira;
2641;https://dadosabertos.camara.leg.br/api/v2/deputados/2641;BENI CARVALHO;Benedito Augusto Carvalho dos Santos;
130364;https://dadosabertos.camara.leg.br/api/v2/deputados/130364;BENÍCIO FONTENELLE;Manuel Benício Fontenelle;
2871;https://dadosabertos.camara.leg.br/api/v2/deputados/2871;BERNARDES FILHO;Arthur da Silva Bernardes Filho;
130309;https://dadosabertos.camara.leg.br/api/v2/deputados/130309;BERTO CONDÉ;Bertho Condé;
130358;https://dadosabertos.camara.leg.br/api/v2/deputados/130358;BIAS FORTES;José Francisco Bias Fortes;
130303;https://dadosabertos.camara.leg.br/api/v2/deputados/130303;BITTENCOURT AZAMBUJA;Antônio Bittencourt de Azambuja;
130360;https://dadosabertos.camara.leg.br/api/v2/deputados/130360;BRUNO TEIXEIRA;José Bruno Teixeira;
130339;https://dadosabertos.camara.leg.br/api/v2/deputados/130339;BUENO BRANDÃO;Francisco Bueno Brandão;
130346;https://dadosabertos.camara.leg.br/api/v2/deputados/130346;CAFÉ FILHO;João Fernandes Campos Café Filho;
130294;https://dadosabertos.camara.leg.br/api/v2/deputados/130294;CAIADO DE GODÓI;Albatênio Caiado de Godói;
130371;https://dadosabertos.camara.leg.br/api/v2/deputados/130371;CAIRES DE BRITO;Milton Caires de Brito;
130361;https://dadosabertos.camara.leg.br/api/v2/deputados/130361;CARDOSO DE MELO NETO;José Joaquim Cardoso de Melo Neto;
3069;https://dadosabertos.camara.leg.br/api/v2/deputados/3069;CARLOS COSTA;Carlos Cornelio Costa;
130310;https://dadosabertos.camara.leg.br/api/v2/deputados/130310;CARLOS DE CAMPOS;Carlos Álvares da Silva Campos;
130311;https://dadosabertos.camara.leg.br/api/v2/deputados/130311;CARLOS LINDEMBERG;Carlos Fernando Monteiro Lindemberg;
130312;https://dadosabertos.camara.leg.br/api/v2/deputados/130312;CARLOS MARIGHELA;Carlos Marighela;
2994;https://dadosabertos.camara.leg.br/api/v2/deputados/2994;CARLOS MEDEIROS;Carlos Marciano de Medeiros;
130314;https://dadosabertos.camara.leg.br/api/v2/deputados/130314;CARLOS NOGUEIRA;Carlos Pereira Nogueira;
130315;https://dadosabertos.camara.leg.br/api/v2/deputados/130315;CARLOS WALDEMAR;Carlos Waldemar Acioli Rollemberg;
130347;https://dadosabertos.camara.leg.br/api/v2/deputados/130347;CARVALHO SÁ;João de Carvalho Sá;
130344;https://dadosabertos.camara.leg.br/api/v2/deputados/130344;CASTELO BRANCO;Hermelindo Gusmão Castelo Branco Filho;
130316;https://dadosabertos.camara.leg.br/api/v2/deputados/130316;CELSO MACHADO;Celso Porfírio de Araújo Machado;
130356;https://dadosabertos.camara.leg.br/api/v2/deputados/130356;CÉSAR COSTA;José César de Oliveira Costa;
130321;https://dadosabertos.camara.leg.br/api/v2/deputados/130321;CHRISTIANO MACHADO;Christiano Monteiro Machado;
130317;https://dadosabertos.camara.leg.br/api/v2/deputados/130317;CLAUDINO SILVA;Claudino José da Silva;
130318;https://dadosabertos.camara.leg.br/api/v2/deputados/130318;CLEMENTE MARIANI;Clemente Mariani Bittencourt;
130343;https://dadosabertos.camara.leg.br/api/v2/deputados/130343;COELHO RODRIGUES;Helvécio Coelho Rodrigues;
130304;https://dadosabertos.camara.leg.br/api/v2/deputados/130304;CORDEIRO DE MIRANDA;Antônio Cordeiro de Miranda;
130320;https://dadosabertos.camara.leg.br/api/v2/deputados/130320;COSME FERREIRA;Cosme Alves Ferreira Filho;
130308;https://dadosabertos.camara.leg.br/api/v2/deputados/130308;COSTA NETO;Benedito Costa Neto;
130357;https://dadosabertos.camara.leg.br/api/v2/deputados/130357;COSTA PORTO;José da Costa Porto;
130322;https://dadosabertos.camara.leg.br/api/v2/deputados/130322;DÂMASO ROCHA;Dâmaso da Rocha;
130323;https://dadosabertos.camara.leg.br/api/v2/deputados/130323;DARCY GROSS;Darcy Gross;
130324;https://dadosabertos.camara.leg.br/api/v2/deputados/130324;DIÓGENES ARRUDA;Diógenes Lopes de Arruda Câmara;
2996;https://dadosabertos.camara.leg.br/api/v2/deputados/2996;DIÓGENES MAGALHÃES;Diógenes Magalhães da Silveira;
130325;https://dadosabertos.camara.leg.br/api/v2/deputados/130325;DIONÍSIO BENTES;Dionísio Ausier Bentes;
3010;https://dadosabertos.camara.leg.br/api/v2/deputados/3010;DUARTE D'OLIVEIRA;Aníbal Duarte d'Oliveira;
3002;https://dadosabertos.camara.leg.br/api/v2/deputados/3002;DUQUE DE MESQUITA;Francisco Duque de Mesquita;
130327;https://dadosabertos.camara.leg.br/api/v2/deputados/130327;EDGARD DE ARRUDA;Edgar Cavalcante de Arruda;
130328;https://dadosabertos.camara.leg.br/api/v2/deputados/130328;EDUARDO DUVIVIER;Eduardo Duvivier;
130329;https://dadosabertos.camara.leg.br/api/v2/deputados/130329;EGBERTO RODRIGUES;Egberto de Paula Pessoa Rodrigues;
130382;https://dadosabertos.camara.leg.br/api/v2/deputados/130382;ELIZABETHO CARVALHO;Elizabetho Barbosa de Carvalho;
130330;https://dadosabertos.camara.leg.br/api/v2/deputados/130330;ELOY ROCHA;Eloy José da Rocha;
130333;https://dadosabertos.camara.leg.br/api/v2/deputados/130333;EUCLIDES FIGUEIREDO;Euclides de Oliveira Figueiredo;
130335;https://dadosabertos.camara.leg.br/api/v2/deputados/130335;EZEQUIEL MENDES;Ezequiel da Silva Mendes;
130373;https://dadosabertos.camara.leg.br/api/v2/deputados/130373;FARIA LOBATO;Oscavo de Faria Lobato;
130336;https://dadosabertos.camara.leg.br/api/v2/deputados/130336;FARIAS JUNIOR;Esperidião Lopes de Farias Junior;
130337;https://dadosabertos.camara.leg.br/api/v2/deputados/130337;FELIPE BALBI;Felipe Balbi;
130365;https://dadosabertos.camara.leg.br/api/v2/deputados/130365;FERNANDES TÁVORA;Manoel do Nascimento Fernandes Távora;
2980;https://dadosabertos.camara.leg.br/api/v2/deputados/2980;FERNANDES TELES;Joaquim Fernandes Teles;
3051;https://dadosabertos.camara.leg.br/api/v2/deputados/3051;FLORIANO PEREIRA;Floriano Pereira;
2988;https://dadosabertos.camara.leg.br/api/v2/deputados/2988;FRANCISCO GOMES;Francisco Gomes;
3052;https://dadosabertos.camara.leg.br/api/v2/deputados/3052;FRANKLIN ALMEIDA;Francisco Franklin de Almeida;
3030;https://dadosabertos.camara.leg.br/api/v2/deputados/3030;FREITAS E CASTRO;Fausto de Freitas e Castro;
2973;https://dadosabertos.camara.leg.br/api/v2/deputados/2973;FRÓIS DA MOTA;Eduardo Fróis da Mota;
2981;https://dadosabertos.camara.leg.br/api/v2/deputados/2981;FROTA GENTIL;Antônio da Frota Gentil;
130340;https://dadosabertos.camara.leg.br/api/v2/deputados/130340;GASTON ENGLERT;Gaston Englert;
3020;https://dadosabertos.camara.leg.br/api/v2/deputados/3020;GERCINO PONTES;Gercino Malagueta de Pontes;
3053;https://dadosabertos.camara.leg.br/api/v2/deputados/3053;GERVASIO DE AZEVEDO;Gervásio Gomes de Azevedo;
3027;https://dadosabertos.camara.leg.br/api/v2/deputados/3027;GIL SOARES;Gil Soares de Araújo;
3021;https://dadosabertos.camara.leg.br/api/v2/deputados/3021;GILBERTO FREIRE;Gilberto de Melo Freyre;
2974;https://dadosabertos.camara.leg.br/api/v2/deputados/2974;GILBERTO VALENTE;Gilberto Valente;
3031;https://dadosabertos.camara.leg.br/api/v2/deputados/3031;GLICÉRIO ALVES;Glicério Alves de Oliveira;
3127;https://dadosabertos.camara.leg.br/api/v2/deputados/3127;GOFREDO TELES;Goffredo Carlos da Silva Telles;
2982;https://dadosabertos.camara.leg.br/api/v2/deputados/2982;GOMES DE MATOS;Raimundo Gomes de Matos;
3015;https://dadosabertos.camara.leg.br/api/v2/deputados/3015;GOMY JÚNIOR;João Teófilo Gomy Júnior;
4885;https://dadosabertos.camara.leg.br/api/v2/deputados/4885;GRACO CARDOSO;Mauricio Graccho Cardoso;
3022;https://dadosabertos.camara.leg.br/api/v2/deputados/3022;GREGÓRIO BEZERRA;Gregório Lourenço de Bezerra;
2793;https://dadosabertos.camara.leg.br/api/v2/deputados/2793;GUARACI SILVEIRA;Guaraci Silveira;
3142;https://dadosabertos.camara.leg.br/api/v2/deputados/3142;GUILHERME MARBACK;Guilherme Carneiro da Rocha Marback;
130341;https://dadosabertos.camara.leg.br/api/v2/deputados/130341;HANS JORDAN;Hans Jordan;
130342;https://dadosabertos.camara.leg.br/api/v2/deputados/130342;HEITOR COLLET;Heitor Collet;
2989;https://dadosabertos.camara.leg.br/api/v2/deputados/2989;HERMES LIMA;Hermes Lima;
3032;https://dadosabertos.camara.leg.br/api/v2/deputados/3032;HERÓFILO AZAMBUJA;Herófilo Carvalho de Azambuja;
3055;https://dadosabertos.camara.leg.br/api/v2/deputados/3055;HONÓRIO MONTEIRO;Honório Fernandes Monteiro;
3003;https://dadosabertos.camara.leg.br/api/v2/deputados/3003;JACI FIGUEIREDO;Jaci de Figueiredo;
2983;https://dadosabertos.camara.leg.br/api/v2/deputados/2983;JOÃO ADEODATO;João Nogueira Adeodato;
3016;https://dadosabertos.camara.leg.br/api/v2/deputados/3016;JOÃO AGUIAR;João Aguiar;
4866;https://dadosabertos.camara.leg.br/api/v2/deputados/4866;JOÃO AMAZONAS;João Amazonas de Souza Pedroso;
3011;https://dadosabertos.camara.leg.br/api/v2/deputados/3011;JOÃO BOTELHO;José João da Costa Botelho;
2874;https://dadosabertos.camara.leg.br/api/v2/deputados/2874;JOÃO HENRIQUE;João Henrique Sampaio Vieira da Silva;
3137;https://dadosabertos.camara.leg.br/api/v2/deputados/3137;JOÃO MANGABEIRA;João Cavalcanti Mangabeira;
3004;https://dadosabertos.camara.leg.br/api/v2/deputados/3004;JOAQUIM LIBÂNIO;Joaquim Libânio Leite Ribeiro;
2991;https://dadosabertos.camara.leg.br/api/v2/deputados/2991;JONAS CORREIA;Jonas de Morais Correia Filho;
3056;https://dadosabertos.camara.leg.br/api/v2/deputados/3056;JORGE AMADO;Jorge Leal Amado de Faria;
3057;https://dadosabertos.camara.leg.br/api/v2/deputados/3057;JOSÉ ARMANDO;José Armando de Macedo Soares Affonseca;
3058;https://dadosabertos.camara.leg.br/api/v2/deputados/3058;JOSÉ CRISPIM;José Maria Crispim;
130355;https://dadosabertos.camara.leg.br/api/v2/deputados/130355;JOSÉ DE BORBA;José de Borba Vasconcellos;
3040;https://dadosabertos.camara.leg.br/api/v2/deputados/3040;JOSÉ LEOMIL;José de Carvalho Leomil;
3028;https://dadosabertos.camara.leg.br/api/v2/deputados/3028;JOSÉ VARELA;José Augusto Varella;
2976;https://dadosabertos.camara.leg.br/api/v2/deputados/2976;JURACI MAGALHÃES;Juraci Montenegro Magalhães;
2876;https://dadosabertos.camara.leg.br/api/v2/deputados/2876;JUSCELINO KUBITSCHEK;Juscelino Kubitschek de Oliveira;
130362;https://dadosabertos.camara.leg.br/api/v2/deputados/130362;LAIR TOSTES;Lair Palleta de Rezende Tostes;
2967;https://dadosabertos.camara.leg.br/api/v2/deputados/2967;LAURO BEZERRA;Lauro Bezerra Montenegro;
2975;https://dadosabertos.camara.leg.br/api/v2/deputados/2975;LAURO DE FREITAS;Lauro Farani Pedreira de Freitas;
4872;https://dadosabertos.camara.leg.br/api/v2/deputados/4872;LEOPOLDO NEVES;Leopoldo Amorim da Silva Neves;
4873;https://dadosabertos.camara.leg.br/api/v2/deputados/4873;LEOPOLDO PERES;Leopoldo Peres;
3005;https://dadosabertos.camara.leg.br/api/v2/deputados/3005;LERY SANTOS;Jarbas de Lery Santos;
4926;https://dadosabertos.camara.leg.br/api/v2/deputados/4926;LINO MACHADO;Lino Rodrigues Machado;
4870;https://dadosabertos.camara.leg.br/api/v2/deputados/4870;LOPES CANÇADO;José Maria Lopes Cançado;
130359;https://dadosabertos.camara.leg.br/api/v2/deputados/130359;LOPES FERRAZ;José Lopes Ferraz Neto;
2995;https://dadosabertos.camara.leg.br/api/v2/deputados/2995;LUÍS CLÁUDIO;Luíz Cláudio de Freitas Rosa;
130363;https://dadosabertos.camara.leg.br/api/v2/deputados/130363;LUÍS SILVEIRA;Luiz Magalhães da Silveira;
2977;https://dadosabertos.camara.leg.br/api/v2/deputados/2977;LUIZ BARRETO;Luís de Oliveira Barreto Filho;
2411;https://dadosabertos.camara.leg.br/api/v2/deputados/2411;LUIZ CARVALHO;Luiz Carvalho;
4874;https://dadosabertos.camara.leg.br/api/v2/deputados/4874;LUIZ LAGO;Luiz Lago de Araújo;
2596;https://dadosabertos.camara.leg.br/api/v2/deputados/2596;MACHADO COELHO;José Machado Coelho de Castro;
3059;https://dadosabertos.camara.leg.br/api/v2/deputados/3059;MACIEL DE CASTRO;Américo Maciel de Castro Júnior;
4883;https://dadosabertos.camara.leg.br/api/v2/deputados/4883;MANOEL VITOR;Manoel Vitor de Azevedo;
4882;https://dadosabertos.camara.leg.br/api/v2/deputados/4882;MANUEL DUARTE;Manuel Duarte;
130307;https://dadosabertos.camara.leg.br/api/v2/deputados/130307;MÁRIO BRANT;Augusto Mário Caldeira Brant;
130370;https://dadosabertos.camara.leg.br/api/v2/deputados/130370;MÁRIO MASAGÃO;Mário Masagão;
130369;https://dadosabertos.camara.leg.br/api/v2/deputados/130369;MÁRIO PIRAGIBE;Mário Ferreira Piragibe;
2999;https://dadosabertos.camara.leg.br/api/v2/deputados/2999;MARTINIANO ARAUJO;Gabriel Martiniano de Araújo;
3061;https://dadosabertos.camara.leg.br/api/v2/deputados/3061;MARTINS FILHO;João Gomes Martins Filho;
4884;https://dadosabertos.camara.leg.br/api/v2/deputados/4884;MAURÍCIO GRABOIS;Maurício Grabois;
4879;https://dadosabertos.camara.leg.br/api/v2/deputados/4879;MÉRCIO TEIXEIRA;Luiz Mércio Teixeira;
4880;https://dadosabertos.camara.leg.br/api/v2/deputados/4880;MILTON PRATES;Luiz Milton Prates;
130372;https://dadosabertos.camara.leg.br/api/v2/deputados/130372;MILTON SANTANA;Milton Soares Santana;
130313;https://dadosabertos.camara.leg.br/api/v2/deputados/130313;MORAIS ANDRADE;Carlos de Morais Andrade;
4878;https://dadosabertos.camara.leg.br/api/v2/deputados/4878;MOURA CARVALHO;Luiz Geolás de Moura Carvalho;
3017;https://dadosabertos.camara.leg.br/api/v2/deputados/3017;MUNHOZ DE MELO;José Munhoz de Melo;
4888;https://dadosabertos.camara.leg.br/api/v2/deputados/4888;NICOLAU VERGUEIRO;Nicolau Araújo Vergueiro;
3062;https://dadosabertos.camara.leg.br/api/v2/deputados/3062;NOBRE FILHO;Fernando de Almeida Nobre Filho;
2971;https://dadosabertos.camara.leg.br/api/v2/deputados/2971;NOGUEIRA DA MATA;João Nogueira da Mata;
4815;https://dadosabertos.camara.leg.br/api/v2/deputados/4815;NORALDINO LIMA;Noraldino Lima;
2997;https://dadosabertos.camara.leg.br/api/v2/deputados/2997;ODILON SOARES;Odilon da Silva Soares;
4890;https://dadosabertos.camara.leg.br/api/v2/deputados/4890;ORLANDO BRASIL;Orlando Brasil;
4891;https://dadosabertos.camara.leg.br/api/v2/deputados/4891;OSCAR BORGES;Oscar Borges de Macedo Ribas;
4892;https://dadosabertos.camara.leg.br/api/v2/deputados/4892;OSWALDO LIMA;Oswaldo Cavalcanti da Costa Lima;
4893;https://dadosabertos.camara.leg.br/api/v2/deputados/4893;OSWALDO PACHECO;Oswaldo Pacheco da Silva;
4894;https://dadosabertos.camara.leg.br/api/v2/deputados/4894;OSWALDO STUDART;Oswaldo Studart Filho;
4895;https://dadosabertos.camara.leg.br/api/v2/deputados/4895;OSWALDO VERGARA;Oswaldo Fernandes Vergara;
4896;https://dadosabertos.camara.leg.br/api/v2/deputados/4896;OTACÍLIO COSTA;Otacílio Vieira da Costa;
3035;https://dadosabertos.camara.leg.br/api/v2/deputados/3035;OZÓRIO TUYUTY;Ozório Tuyuty de Oliveira Freitas;
130348;https://dadosabertos.camara.leg.br/api/v2/deputados/130348;PACHECO DE OLIVEIRA;João Pacheco de Oliveira;
4898;https://dadosabertos.camara.leg.br/api/v2/deputados/4898;PAULO FERNANDES;Paulo da Silva Fernandes;
130375;https://dadosabertos.camara.leg.br/api/v2/deputados/130375;PAULO NOGUEIRA;Paulo Nogueira Filho;
4899;https://dadosabertos.camara.leg.br/api/v2/deputados/4899;PEDRO DUTRA;Pedro Dutra Nicácio Neto;
4900;https://dadosabertos.camara.leg.br/api/v2/deputados/4900;PEDRO POMAR;Pedro Ventura Felipe de Araújo Pomar;
130279;https://dadosabertos.camara.leg.br/api/v2/deputados/130279;PEDRO VERGARA;Pedro Leão Fernandes Espinosa Vergara;
4871;https://dadosabertos.camara.leg.br/api/v2/deputados/4871;PEREIRA MENDES;Leônidas Pereira Mendes;
4902;https://dadosabertos.camara.leg.br/api/v2/deputados/4902;PÉRICLES PINTO;Péricles Pinto da Silva;
3019;https://dadosabertos.camara.leg.br/api/v2/deputados/3019;PINHEIRO MACHADO;Brasil Pinheiro Machado;
4903;https://dadosabertos.camara.leg.br/api/v2/deputados/4903;PLÍNIO BARRETO;Plínio Barreto;
3134;https://dadosabertos.camara.leg.br/api/v2/deputados/3134;RAUL BARBOSA;Raul Barbosa;
3066;https://dadosabertos.camara.leg.br/api/v2/deputados/3066;RAUL MEDEIROS;Raul da Rocha Medeiros;
3024;https://dadosabertos.camara.leg.br/api/v2/deputados/3024;RENAULT LEITE;Mauro Renault Leite;
3046;https://dadosabertos.camara.leg.br/api/v2/deputados/3046;ROBERTO GROSSEMBACHER;Roberto Grossembacher;
3012;https://dadosabertos.camara.leg.br/api/v2/deputados/3012;ROCHA RIBAS;José da Rocha Ribas;
2659;https://dadosabertos.camara.leg.br/api/v2/deputados/2659;RODRIGUES PEREIRA;Francisco Rodrigues Pereira Júnior;
4908;https://dadosabertos.camara.leg.br/api/v2/deputados/4908;ROGÉRIO VIEIRA;Rogério Vieira;
3042;https://dadosabertos.camara.leg.br/api/v2/deputados/3042;ROMÃO JÚNIOR;Antônio José Romão Júnior;
130350;https://dadosabertos.camara.leg.br/api/v2/deputados/130350;SAMPAIO VIDAL;Joaquim Abreu Sampaio Vidal;
130367;https://dadosabertos.camara.leg.br/api/v2/deputados/130367;SEVERIANO NUNES;Manuel Severiano Nunes;
2707;https://dadosabertos.camara.leg.br/api/v2/deputados/2707;SILVA LEAL;João da Silva Leal;
4909;https://dadosabertos.camara.leg.br/api/v2/deputados/4909;SILVESTRE PÉRICLES;Silvestre Péricles de Góis Monteiro;
2634;https://dadosabertos.camara.leg.br/api/v2/deputados/2634;SÍLVIO DE CAMPOS;SIlvio de Campos;
3037;https://dadosabertos.camara.leg.br/api/v2/deputados/3037;SOUZA COSTA;Artur de Souza Costa;
130334;https://dadosabertos.camara.leg.br/api/v2/deputados/130334;SOUZA LEÃO;Eurico de Souza Leão;
2986;https://dadosabertos.camara.leg.br/api/v2/deputados/2986;STÊNIO GOMES;Stênio Gomes da Silva;
3048;https://dadosabertos.camara.leg.br/api/v2/deputados/3048;TAVARES DO AMARAL;Max Tavares D'Amaral;
4911;https://dadosabertos.camara.leg.br/api/v2/deputados/4911;TEODOMIRO FONSECA;Teodomiro Porto da Fonseca;
3025;https://dadosabertos.camara.leg.br/api/v2/deputados/3025;TEODORO SOBRAL;Teodoro Ferreira Sobral;
4881;https://dadosabertos.camara.leg.br/api/v2/deputados/4881;TOLEDO PIZA;Luiz de Toledo Piza Sobrinho;
3049;https://dadosabertos.camara.leg.br/api/v2/deputados/3049;TOMÁS FONTES;Tomás Adalberto da Silva Fontes;
3039;https://dadosabertos.camara.leg.br/api/v2/deputados/3039;TRIFINO CORREIA;André Trifino Correia;
2870;https://dadosabertos.camara.leg.br/api/v2/deputados/2870;VANDONI DE BARROS;Carlos Vandoni de Barros;
130366;https://dadosabertos.camara.leg.br/api/v2/deputados/130366;VARGAS NETO;Manuel do Nascimento Vargas Neto;
130377;https://dadosabertos.camara.leg.br/api/v2/deputados/130377;VASCO DOS REIS;Vasco dos Reis Gonçalves;
130374;https://dadosabertos.camara.leg.br/api/v2/deputados/130374;VIEIRA DE REZENDE;Paulo Afonso Vieira de Rezende;
130378;https://dadosabertos.camara.leg.br/api/v2/deputados/130378;VITORINO FREIRE;Vitorino de Brito Freire;
130379;https://dadosabertos.camara.leg.br/api/v2/deputados/130379;VIVALDO LIMA;Vivaldo Palma Lima;
130381;https://dadosabertos.camara.leg.br/api/v2/deputados/130381;WELLINGTON BRANDÃO;Wellington Brandão;
3001;https://dadosabertos.camara.leg.br/api/v2/deputados/3001;WILSON PINHO;Wilson Dias de Pinho;
130368;https://dadosabertos.camara.leg.br/api/v2/deputados/130368;XAVIER DE OLIVEIRA;Manuel Xavier de Oliveira;
2952;https://dadosabertos.camara.leg.br/api/v2/deputados/2952;ABEL DOS SANTOS;Abel José dos Santos;
130241;https://dadosabertos.camara.leg.br/api/v2/deputados/130241;ABELARDO LUZ;Abelardo Wenceslau da Luz;
2834;https://dadosabertos.camara.leg.br/api/v2/deputados/2834;ABELARDO MARINHO;Abelardo Marinho de Albuquerque Andrade;
2947;https://dadosabertos.camara.leg.br/api/v2/deputados/2947;ABÍLIO DE ASSIS;Abílio Faustino de Assis;
130244;https://dadosabertos.camara.leg.br/api/v2/deputados/130244;ABREU SODRÉ;Antonio Carlos de Abreu Sodré;
4649;https://dadosabertos.camara.leg.br/api/v2/deputados/4649;ACILINO DE LEÃO;Acilino de Leão Rodrigues;
2944;https://dadosabertos.camara.leg.br/api/v2/deputados/2944;ADALBERTO CAMARGO;Adalberto Bezerra Camargo;
130242;https://dadosabertos.camara.leg.br/api/v2/deputados/130242;ADALBERTO CORREIA;Adalberto Corrêa;
4651;https://dadosabertos.camara.leg.br/api/v2/deputados/4651;ADÉLIO MACIEL;Adelio Dias Maciel;
2890;https://dadosabertos.camara.leg.br/api/v2/deputados/2890;ADOLFO CELSO;Adolfo Celso Uchoa Cavalcanti;
4655;https://dadosabertos.camara.leg.br/api/v2/deputados/4655;AGENOR MONTE;Agenor Monte;
2905;https://dadosabertos.camara.leg.br/api/v2/deputados/2905;AGENOR RABELO;Agenor Ferreira Rabelo;
2938;https://dadosabertos.camara.leg.br/api/v2/deputados/2938;ALBERTO ÁLVARES;Alberto Alvares Fernandes Vieira;
4658;https://dadosabertos.camara.leg.br/api/v2/deputados/4658;ALBERTO DINIZ;Alberto Augusto Diniz;
4660;https://dadosabertos.camara.leg.br/api/v2/deputados/4660;ALBERTO ROSELLI;Alberto Roselli;
130243;https://dadosabertos.camara.leg.br/api/v2/deputados/130243;ALBERTO SUREK;Alberto Surek;
4663;https://dadosabertos.camara.leg.br/api/v2/deputados/4663;ALFREDO MASCARENHAS;Alfredo Pereira Mascarenhas;
130264;https://dadosabertos.camara.leg.br/api/v2/deputados/130264;ALÍPIO COSTALLAT;José Alípio de Carvalho Costallat;
2842;https://dadosabertos.camara.leg.br/api/v2/deputados/2842;ALOÍSIO DE ARAÚJO;Aloísio de Araújo;
4744;https://dadosabertos.camara.leg.br/api/v2/deputados/4744;ANNES DIAS;Heitor Annes Dias;
1971;https://dadosabertos.camara.leg.br/api/v2/deputados/1971;ANTERO BOTELHO;Antero de Andrade Botelho;
4671;https://dadosabertos.camara.leg.br/api/v2/deputados/4671;ANTÔNIO CARLOS;Antonio Carlos Ribeiro de Andrada;
4674;https://dadosabertos.camara.leg.br/api/v2/deputados/4674;ANTÔNIO CARVALHAL;Antonio Francisco Carvalhal;
2891;https://dadosabertos.camara.leg.br/api/v2/deputados/2891;ANTÔNIO DE GÓIS;Antônio de Góis Cavalcanti;
4678;https://dadosabertos.camara.leg.br/api/v2/deputados/4678;ARLINDO LEONI;Arlindo Batista Leoni;
2931;https://dadosabertos.camara.leg.br/api/v2/deputados/2931;ARLINDO PINTO;Arlindo Ferreira Leite Pinto;
4681;https://dadosabertos.camara.leg.br/api/v2/deputados/4681;ARNALDO BASTOS;Arnaldo Olinto Bastos;
2694;https://dadosabertos.camara.leg.br/api/v2/deputados/2694;ARNOLD SILVA;Arnold Ferreira da Silva;
2892;https://dadosabertos.camara.leg.br/api/v2/deputados/2892;ARTUR CAVALCANTI;Artur Cavalcanti de Albuquerque;
4688;https://dadosabertos.camara.leg.br/api/v2/deputados/4688;ARTUR JORGE;Arthur Mendes Jorge Sobrinho;
2844;https://dadosabertos.camara.leg.br/api/v2/deputados/2844;ARTUR LAVIGNE;Artur Lavigne Lemos;
2695;https://dadosabertos.camara.leg.br/api/v2/deputados/2695;ARTUR NEIVA;Artur Neiva;
2949;https://dadosabertos.camara.leg.br/api/v2/deputados/2949;ARTUR ROCHA;Artur Albino da Rocha;
4759;https://dadosabertos.camara.leg.br/api/v2/deputados/4759;ASCÂNIO TUBINO;João Ascânio Moura Tubino;
2696;https://dadosabertos.camara.leg.br/api/v2/deputados/2696;ÁTILA AMARAL;Átila Barreira do Amaral;
130247;https://dadosabertos.camara.leg.br/api/v2/deputados/130247;AUGUSTO CORSINO;Augusto Varela Corsino;
2950;https://dadosabertos.camara.leg.br/api/v2/deputados/2950;AUSTRO DE OLIVEIRA;Austro Idiart de Oliveira;
4800;https://dadosabertos.camara.leg.br/api/v2/deputados/4800;BAETA NEVES;Lourenço Baeta Neves;
2906;https://dadosabertos.camara.leg.br/api/v2/deputados/2906;BANDEIRA VAUGHAN;Raimundo Bandeira Vaughan;
4777;https://dadosabertos.camara.leg.br/api/v2/deputados/4777;BARRETO FILHO;José Barreto Filho;
2899;https://dadosabertos.camara.leg.br/api/v2/deputados/2899;BARROS CASSAL;Aníbal Falcão de Barros Cassal;
4668;https://dadosabertos.camara.leg.br/api/v2/deputados/4668;BARROS PENTEADO;Antônio Augusto de Barros Penteado;
2732;https://dadosabertos.camara.leg.br/api/v2/deputados/2732;BELMIRO MEDEIROS;Belmiro Medeiros Silva;
4695;https://dadosabertos.camara.leg.br/api/v2/deputados/4695;BENJAMIM VIEIRA;Benjamim da Luz Vieira;
2907;https://dadosabertos.camara.leg.br/api/v2/deputados/2907;BENTO COSTA;Bento Costa Júnior;
4855;https://dadosabertos.camara.leg.br/api/v2/deputados/4855;BERTHA LUTZ;Bertha Maria Júlia Lutz;
130245;https://dadosabertos.camara.leg.br/api/v2/deputados/130245;BIAS BUENO;Antônio Bias da Costa Bueno;
1748;https://dadosabertos.camara.leg.br/api/v2/deputados/1748;BORGES DE MEDEIROS;Antonio Augusto Borges de Medeiros;
2913;https://dadosabertos.camara.leg.br/api/v2/deputados/2913;BOTELHO EGAS;José Maria Botelho Egas;
2883;https://dadosabertos.camara.leg.br/api/v2/deputados/2883;BOTO DE MENESES;Antônio de Aguiar Botto de Menezes;
130271;https://dadosabertos.camara.leg.br/api/v2/deputados/130271;BUENO BRANDÃO;Julio Bueno Brandão Filho;
4805;https://dadosabertos.camara.leg.br/api/v2/deputados/4805;CALDEIRA DE ALVARENGA;Manuel Caldeira de Alvarenga;
4696;https://dadosabertos.camara.leg.br/api/v2/deputados/4696;CAMILO MÉRCIO;Camilo Teixeira Mércio;
130248;https://dadosabertos.camara.leg.br/api/v2/deputados/130248;CÂNDIDO PESSOA;Candido Pessoa Cavalcanti de Albuquerque;
2908;https://dadosabertos.camara.leg.br/api/v2/deputados/2908;CARDILHO FILHO;Joaquim Cardilho Filho;
2943;https://dadosabertos.camara.leg.br/api/v2/deputados/2943;CARDOSO AIRES;Adolfo Cardoso Aires;
2838;https://dadosabertos.camara.leg.br/api/v2/deputados/2838;CARLOS DE GUSMÃO;Carlos Cavalcanti de Gusmão;
130249;https://dadosabertos.camara.leg.br/api/v2/deputados/130249;CARLOS GOMES DE OLIVEIRA;Carlos Gomes de Oliveira;
4761;https://dadosabertos.camara.leg.br/api/v2/deputados/4761;CARLOS MACHADO;João Carlos Machado;
130250;https://dadosabertos.camara.leg.br/api/v2/deputados/130250;CARLOS MANGABEIRA;CARLOS MANGABEIRA;
4698;https://dadosabertos.camara.leg.br/api/v2/deputados/4698;CARLOS REIS;Carlos Humberto Reis;
1573;https://dadosabertos.camara.leg.br/api/v2/deputados/1573;CARLOTA DE QUEIRÓS;Carlota Pereira de Queirós;
2045;https://dadosabertos.camara.leg.br/api/v2/deputados/2045;CARNEIRO DE REZENDE;José Carneiro de Rezende;
2914;https://dadosabertos.camara.leg.br/api/v2/deputados/2914;CASTRO PRADO;Cid Bierrembach de Castro Prado;
130251;https://dadosabertos.camara.leg.br/api/v2/deputados/130251;CÉSAR TINOCO;César Nascentes Tinoco;
1788;https://dadosabertos.camara.leg.br/api/v2/deputados/1788;CINCINATO BRAGA;Cincinato César da Silva Braga;
2862;https://dadosabertos.camara.leg.br/api/v2/deputados/2862;CLARO GODÓI;Claro Augusto Godói;
4704;https://dadosabertos.camara.leg.br/api/v2/deputados/4704;CLEMENTINO LISBOA;Clementino de Almeida Lisboa;
2958;https://dadosabertos.camara.leg.br/api/v2/deputados/2958;CRISÓSTOMO DE OLIVEIRA;Antônio Chrisóstomo de Oliveira;
2364;https://dadosabertos.camara.leg.br/api/v2/deputados/2364;CUNHA VASCONCELOS;José Tomás da Cunha Vasconcelos;
2915;https://dadosabertos.camara.leg.br/api/v2/deputados/2915;DAGOBERTO SALES;Dagoberto Sales;
2945;https://dadosabertos.camara.leg.br/api/v2/deputados/2945;DAMAS ORTIZ;Manuel Damas Ortiz;
4707;https://dadosabertos.camara.leg.br/api/v2/deputados/4707;DARIO CRESPO;Dario Centeno Crespo;
4706;https://dadosabertos.camara.leg.br/api/v2/deputados/4706;DARIO MAGALHÃES;Dario Paulo de Almeida Magalhães;
2734;https://dadosabertos.camara.leg.br/api/v2/deputados/2734;DELFIM MOREIRA;Delphim Moreira Júnior;
4709;https://dadosabertos.camara.leg.br/api/v2/deputados/4709;DEMÉTRIO XAVIER;Demétrio Mercio Xavier;
4710;https://dadosabertos.camara.leg.br/api/v2/deputados/4710;DEMÓCRITO ROCHA;Demócrito Rocha;
2807;https://dadosabertos.camara.leg.br/api/v2/deputados/2807;DEODATO MAIA;Deodato da Silva Maia Júnior;
2911;https://dadosabertos.camara.leg.br/api/v2/deputados/2911;DINIZ JÚNIOR;LEOPOLDO DINIZ MARTINS JUNIOR;
130252;https://dadosabertos.camara.leg.br/api/v2/deputados/130252;DORVAL MELQUÍADES;Durval Melchíades de Souza;
4714;https://dadosabertos.camara.leg.br/api/v2/deputados/4714;EDGARD SANCHES;Edgard Ribeiro Sanches;
130253;https://dadosabertos.camara.leg.br/api/v2/deputados/130253;EDMAR CARVALHO;Edmar da Silva Carvalho;
4716;https://dadosabertos.camara.leg.br/api/v2/deputados/4716;ELIÉSER MOREIRA;Eliéser Rodrigues Moreira;
4717;https://dadosabertos.camara.leg.br/api/v2/deputados/4717;EMÍLIO MAIA;Emílio Elyseu de Maya;
2953;https://dadosabertos.camara.leg.br/api/v2/deputados/2953;ERMANDO GOMES;Ermando Alves Gomes;
2954;https://dadosabertos.camara.leg.br/api/v2/deputados/2954;EURICO RIBEIRO;Eurico Ribeiro da Costa;
2916;https://dadosabertos.camara.leg.br/api/v2/deputados/2916;FÁBIO ARANHA;Fábio Correia de Camargo Aranha;
130254;https://dadosabertos.camara.leg.br/api/v2/deputados/130254;FÁBIO SODRÉ;Fábio de Azevedo Sodré;
2778;https://dadosabertos.camara.leg.br/api/v2/deputados/2778;FANFA RIBAS;João Fanfa Ribas;
4722;https://dadosabertos.camara.leg.br/api/v2/deputados/4722;FÉLIX RIBAS;Félix Bulcão Ribas;
2880;https://dadosabertos.camara.leg.br/api/v2/deputados/2880;FENELON PERDIGÃO;Fenelon Guilherme Perdigão;
3985;https://dadosabertos.camara.leg.br/api/v2/deputados/3985;FERNANDES LIMA;José Fernandes de Barros Lima;
130255;https://dadosabertos.camara.leg.br/api/v2/deputados/130255;FERNANDO MAGALHÃES;Fernando Augusto Ribeiro de Magalhães;
4782;https://dadosabertos.camara.leg.br/api/v2/deputados/4782;FERREIRA DE SOUZA;José Ferreira de Souza;
130265;https://dadosabertos.camara.leg.br/api/v2/deputados/130265;FIGUEIREDO RODRIGUES;José Antônio de Figueiredo Rodrigues;
2932;https://dadosabertos.camara.leg.br/api/v2/deputados/2932;FRANÇA FILHO;Antônio Ribeiro França Filho;
2955;https://dadosabertos.camara.leg.br/api/v2/deputados/2955;FRANCISCO DI FIORI;Francisco Savério di Fiori;
4728;https://dadosabertos.camara.leg.br/api/v2/deputados/4728;FRANCISCO GONÇALVES;Francisco Gonçalves;
130257;https://dadosabertos.camara.leg.br/api/v2/deputados/130257;FRANCISCO MOURA;Francisco Moura;
4726;https://dadosabertos.camara.leg.br/api/v2/deputados/4726;FRANCISCO PEREIRA;Francisco Ferreira Pereira;
130256;https://dadosabertos.camara.leg.br/api/v2/deputados/130256;FRANCISCO ROCHA;Francisco Joaquim da Rocha;
130258;https://dadosabertos.camara.leg.br/api/v2/deputados/130258;FREDERICO WOLFFENBÜTTEL;Frederico João Wolffenbüttel;
4727;https://dadosabertos.camara.leg.br/api/v2/deputados/4727;FREIRE DE ANDRADE;Francisco Freire de Andrade;
2735;https://dadosabertos.camara.leg.br/api/v2/deputados/2735;FURTADO DE MENEZES;Joaquim Furtado de Menezes;
4801;https://dadosabertos.camara.leg.br/api/v2/deputados/4801;GAMA CERQUEIRA;Luiz Barbosa da Gama Cerqueira;
2822;https://dadosabertos.camara.leg.br/api/v2/deputados/2822;GASTÃO DE BRITO;Gastão de Brito;
2933;https://dadosabertos.camara.leg.br/api/v2/deputados/2933;GASTÃO VIDIGAL;Gastão Vidigal;
2881;https://dadosabertos.camara.leg.br/api/v2/deputados/2881;GENARO PONTE;Genaro Ponte e Souza;
2729;https://dadosabertos.camara.leg.br/api/v2/deputados/2729;GENEROSO PONCE;Generoso Ponce Filho;
2866;https://dadosabertos.camara.leg.br/api/v2/deputados/2866;GERSON MARQUES;Gerson Correia Marques;
2725;https://dadosabertos.camara.leg.br/api/v2/deputados/2725;GODOFREDO VIANA;Godofredo Mendes Viana;
4760;https://dadosabertos.camara.leg.br/api/v2/deputados/4760;GOMES FERRAZ;João Batista Gomes Ferraz;
2884;https://dadosabertos.camara.leg.br/api/v2/deputados/2884;GRATULIANO BRITO;Gratuliano da Costa Brito;
4746;https://dadosabertos.camara.leg.br/api/v2/deputados/4746;HEITOR MAIA;Heitor da Silva Maia;
4748;https://dadosabertos.camara.leg.br/api/v2/deputados/4748;HENRIQUE COUTO;Henrique José Couto;
130259;https://dadosabertos.camara.leg.br/api/v2/deputados/130259;HENRIQUE DODSWORTH;Henrique de Toledo Dodsworth Filho;
4749;https://dadosabertos.camara.leg.br/api/v2/deputados/4749;HENRIQUE LAJE;Henrique Laje;
4751;https://dadosabertos.camara.leg.br/api/v2/deputados/4751;HERECTIANO ZENAIDE;Herectiano Zenaide;
4752;https://dadosabertos.camara.leg.br/api/v2/deputados/4752;HERMETE SILVA;Hermete Rodrigues Silva;
130275;https://dadosabertos.camara.leg.br/api/v2/deputados/130275;HIPÓLITO DO REGO;Manuel Hipólito do Rego;
130260;https://dadosabertos.camara.leg.br/api/v2/deputados/130260;HOMERO PIRES;Homero Pires;
4753;https://dadosabertos.camara.leg.br/api/v2/deputados/4753;HUMBERTO DE ANDRADE;Humberto Rodrigues de Andrade;
2686;https://dadosabertos.camara.leg.br/api/v2/deputados/2686;ISIDRO DE VASCONCELOS;Izidro Teixeira de Vasconcellos;
4785;https://dadosabertos.camara.leg.br/api/v2/deputados/4785;J. J. SEABRA;José Joaquim Seabra;
4774;https://dadosabertos.camara.leg.br/api/v2/deputados/4774;JACQUES MONTANDON;João Jacques Montandon;
4755;https://dadosabertos.camara.leg.br/api/v2/deputados/4755;JAIME DE VASCONCELOS;Jaime Carneiro Leão de Vasconcelos;
4756;https://dadosabertos.camara.leg.br/api/v2/deputados/4756;JAIR TOVAR;Jair Tovar;
130262;https://dadosabertos.camara.leg.br/api/v2/deputados/130262;JAIRO FRANCO;Jairo Franco;
2704;https://dadosabertos.camara.leg.br/api/v2/deputados/2704;JEHOVAH MOTTA;Jeohvah Motta;
4768;https://dadosabertos.camara.leg.br/api/v2/deputados/4768;JOÃO BERALDO;João Tavares Corrêa Beraldo;
130261;https://dadosabertos.camara.leg.br/api/v2/deputados/130261;JOÃO GUIMARÃES;João Antonio de Oliveira Guimarães;
130263;https://dadosabertos.camara.leg.br/api/v2/deputados/130263;JOÃO NEVES;João Neves da Fontoura;
2220;https://dadosabertos.camara.leg.br/api/v2/deputados/2220;JOÃO PENIDO;João Nogueira Penido Filho;
4767;https://dadosabertos.camara.leg.br/api/v2/deputados/4767;JOÃO SIMPLÍCIO;João Simplicio Alves de Carvalho;
4747;https://dadosabertos.camara.leg.br/api/v2/deputados/4747;JORGE GUEDES;Henrique Jorge Guedes;
4778;https://dadosabertos.camara.leg.br/api/v2/deputados/4778;JOSÉ BERNARDINO;José Bernardino Alves Júnior;
130266;https://dadosabertos.camara.leg.br/api/v2/deputados/130266;JOSÉ BRÁS;José Brás Pereira Gomes;
2921;https://dadosabertos.camara.leg.br/api/v2/deputados/2921;JOSÉ CÁSSIO;José Cássio de Macedo Soares;
2959;https://dadosabertos.camara.leg.br/api/v2/deputados/2959;JOSÉ DO PATROCÍNIO;José João do Patrocínio;
4783;https://dadosabertos.camara.leg.br/api/v2/deputados/4783;JOSÉ GOMES;José Gomes da Silva;
2882;https://dadosabertos.camara.leg.br/api/v2/deputados/2882;JOSÉ PINGARILHO;José Luís da Silva Pingarilho;
4792;https://dadosabertos.camara.leg.br/api/v2/deputados/4792;JULIO DE NOVAIS;Júlio Oscar de Novais Carvalho;
4793;https://dadosabertos.camara.leg.br/api/v2/deputados/4793;JUSTO DE MORAIS;Justo Rangel Mendes de Morais;
4797;https://dadosabertos.camara.leg.br/api/v2/deputados/4797;LAERTE SETÚBAL;Laerte Setúbal;
4794;https://dadosabertos.camara.leg.br/api/v2/deputados/4794;LAUDELINO GOMES;Laudelino Gomes de Almeida;
4795;https://dadosabertos.camara.leg.br/api/v2/deputados/4795;LAURO PASSOS;Lauro de Almeida Passos;
130272;https://dadosabertos.camara.leg.br/api/v2/deputados/130272;LEMGRUBER FILHO;Laurindo Augusto Lemgruber Filho;
2935;https://dadosabertos.camara.leg.br/api/v2/deputados/2935;LEÔNCIO ARAÚJO;Leôncio Gomes de Araújo;
2457;https://dadosabertos.camara.leg.br/api/v2/deputados/2457;LEÔNCIO GALRÃO;Manoel Leôncio Galrão;
4799;https://dadosabertos.camara.leg.br/api/v2/deputados/4799;LEVI CARNEIRO;Levi Fernandes Carneiro;
130273;https://dadosabertos.camara.leg.br/api/v2/deputados/130273;LEVINDO COELHO;Levindo Eduardo Coelho;
4764;https://dadosabertos.camara.leg.br/api/v2/deputados/4764;LIMA TEIXEIRA;João de Lima Teixeira;
2910;https://dadosabertos.camara.leg.br/api/v2/deputados/2910;LONTRA COSTA;Artur Lontra Costa;
4803;https://dadosabertos.camara.leg.br/api/v2/deputados/4803;LUÍS SUCUPIRA;Luís Cavalcanti Sucupira;
4804;https://dadosabertos.camara.leg.br/api/v2/deputados/4804;LUÍS TIRELLI;Luís Tirelli;
2877;https://dadosabertos.camara.leg.br/api/v2/deputados/2877;MACARIO DE ALMEIDA;Pedro Macário de Almeida;
4745;https://dadosabertos.camara.leg.br/api/v2/deputados/4745;MACEDO BITTENCOURT;Heitor de Macedo Bittencourt;
130268;https://dadosabertos.camara.leg.br/api/v2/deputados/130268;MAGALHÃES DE ALMEIDA;José Maria Magalhães de Almeida;
2700;https://dadosabertos.camara.leg.br/api/v2/deputados/2700;MAGALHÃES NETO;Francisco Peixoto de Magalhães Neto;
4809;https://dadosabertos.camara.leg.br/api/v2/deputados/4809;MÁRIO CHERMONT;Mário Midosi Chermont;
130276;https://dadosabertos.camara.leg.br/api/v2/deputados/130276;MÁRIO DOMINGUES;Mário Domingues da Silva;
2893;https://dadosabertos.camara.leg.br/api/v2/deputados/2893;MARQUES VIEIRA;Domingos Marques Vieira;
4811;https://dadosabertos.camara.leg.br/api/v2/deputados/4811;MARTINHO PRADO;Martinho da Silva Prado Neto;
130274;https://dadosabertos.camara.leg.br/api/v2/deputados/130274;MARTINS E SILVA;Luís Martins e Silva;
4802;https://dadosabertos.camara.leg.br/api/v2/deputados/4802;MARTINS SOARES;Luís Martins Soares;
4730;https://dadosabertos.camara.leg.br/api/v2/deputados/4730;MARTINS VERAS;Francisco Martins Veras;
2352;https://dadosabertos.camara.leg.br/api/v2/deputados/2352;MATA MACHADO;Pedro da Mata Machado;
4812;https://dadosabertos.camara.leg.br/api/v2/deputados/4812;MATIAS FREIRE;Matias Freire;
2572;https://dadosabertos.camara.leg.br/api/v2/deputados/2572;MEIRA JÚNIOR;João Alves Meira Júnior;
2741;https://dadosabertos.camara.leg.br/api/v2/deputados/2741;MELO FRANCO;Virgílio Alvim de Melo Franco;
4675;https://dadosabertos.camara.leg.br/api/v2/deputados/4675;MELO MACHADO;Antônio de Melo Machado;
4813;https://dadosabertos.camara.leg.br/api/v2/deputados/4813;MELQUISEDEC MONTE;MELCHISEDECK FIGUEIREDO MONTE;
4766;https://dadosabertos.camara.leg.br/api/v2/deputados/4766;MIRANDA JÚNIOR;João Rodrigues de Miranda Júnior;
4814;https://dadosabertos.camara.leg.br/api/v2/deputados/4814;MOACIR BARBOSA;Moacir Barbosa Soares;
2851;https://dadosabertos.camara.leg.br/api/v2/deputados/2851;MONTE ARRAIS;Raimundo Monte Arrais;
4810;https://dadosabertos.camara.leg.br/api/v2/deputados/4810;MORAES PAIVA;Mário de Moraes Paiva;
2946;https://dadosabertos.camara.leg.br/api/v2/deputados/2946;MORAIS JUNIOR;José Ferreira de Moraes Junior;
4841;https://dadosabertos.camara.leg.br/api/v2/deputados/4841;MOTA LIMA;Rodolfo Pinto da Mota Lima;
2742;https://dadosabertos.camara.leg.br/api/v2/deputados/2742;NEGRÃO DE LIMA;Francisco Negrão de Lima;
4694;https://dadosabertos.camara.leg.br/api/v2/deputados/4694;NILO ALVARENGA;Benedito Nilo de Alvarenga;
130246;https://dadosabertos.camara.leg.br/api/v2/deputados/130246;NOGUEIRA PENIDO;Antônio Máximo Nogueira Penido;
4816;https://dadosabertos.camara.leg.br/api/v2/deputados/4816;ODON BEZERRA;Odon Bezerra Cavalcanti;
2852;https://dadosabertos.camara.leg.br/api/v2/deputados/2852;OLAVO OLIVEIRA;Olavo de Oliveira;
4818;https://dadosabertos.camara.leg.br/api/v2/deputados/4818;OLEGÁRIO MARIANO;Olegário Mariano Carneiro da Cunha;
2941;https://dadosabertos.camara.leg.br/api/v2/deputados/2941;OLIVEIRA COUTINHO;Alberto de Oliveira Coutinho;
4820;https://dadosabertos.camara.leg.br/api/v2/deputados/4820;ORLANDO ARAÚJO;Orlando Valeriano de Araújo;
2903;https://dadosabertos.camara.leg.br/api/v2/deputados/2903;OSCAR FONTOURA;Oscar Carneiro da Fontoura;
130278;https://dadosabertos.camara.leg.br/api/v2/deputados/130278;OTÁVIO DA SILVEIRA;Otávio da Silveira;
4733;https://dadosabertos.camara.leg.br/api/v2/deputados/4733;PAULA SOARES;Francisco de Paula Soares Neto;
4776;https://dadosabertos.camara.leg.br/api/v2/deputados/4776;PAULO ASSUNÇÃO;Paulo Álvaro de Assunção;
2964;https://dadosabertos.camara.leg.br/api/v2/deputados/2964;PAULO MARTINS;Paulo Dias Martins;
2845;https://dadosabertos.camara.leg.br/api/v2/deputados/2845;PEDRO CALMON;Pedro Calmon Freire Bittencourt;
2853;https://dadosabertos.camara.leg.br/api/v2/deputados/2853;PEDRO FIRMEZA;Pedro de Brito Firmeza;
2956;https://dadosabertos.camara.leg.br/api/v2/deputados/2956;PEDRO JORGE;Pedro Jorge Pereira de Melo;
4827;https://dadosabertos.camara.leg.br/api/v2/deputados/4827;PEDRO LAGO;Pedro Francisco Rodrigues do Lago;
4825;https://dadosabertos.camara.leg.br/api/v2/deputados/4825;PEDRO RACHE;Pedro Demóstenes Rache;
4732;https://dadosabertos.camara.leg.br/api/v2/deputados/4732;PENTEADO STEVENSON;Francisco Oscar Penteado Stevenson;
4719;https://dadosabertos.camara.leg.br/api/v2/deputados/4719;PEREIRA CARNEIRO;Ernesto Pereira Carneiro;
4789;https://dadosabertos.camara.leg.br/api/v2/deputados/4789;PEREIRA LIRA;José Pereira Lira;
4712;https://dadosabertos.camara.leg.br/api/v2/deputados/4712;PINHEIRO CHAGAS;Djalma Pinheiro Chagas;
2117;https://dadosabertos.camara.leg.br/api/v2/deputados/2117;PINTO DANTAS;João da Costa Pinto Dantas;
2769;https://dadosabertos.camara.leg.br/api/v2/deputados/2769;PIRES GAIOSO;FRANCISCO PIRES DE GAYOSO E ALMENDRA;
4831;https://dadosabertos.camara.leg.br/api/v2/deputados/4831;PLÍNIO POMPEU;Plínio Pompeu de Saboya Magalhães;
4830;https://dadosabertos.camara.leg.br/api/v2/deputados/4830;PLÍNIO TOURINHO;Plínio Alves Monteiro Tourinho;
4832;https://dadosabertos.camara.leg.br/api/v2/deputados/4832;POLICARPO VIOTTI;Policarpo de Magalhães Viotti;
2118;https://dadosabertos.camara.leg.br/api/v2/deputados/2118;PRISCO PARAÍSO;Francisco Prisco de Souza Paraíso;
2846;https://dadosabertos.camara.leg.br/api/v2/deputados/2846;RAFAEL MENESES;Rafael de Meneses Silva;
130280;https://dadosabertos.camara.leg.br/api/v2/deputados/130280;RAUL BITENCOURT;Raul Jobim Bittencourt;
130281;https://dadosabertos.camara.leg.br/api/v2/deputados/130281;RAUL FERNANDES;Raul Fernandes;
2557;https://dadosabertos.camara.leg.br/api/v2/deputados/2557;REGO BARROS;Sebastião do Rego Barros;
130282;https://dadosabertos.camara.leg.br/api/v2/deputados/130282;RENATO BARBOSA;RENATO RODRIGUES BARBOSA;
130269;https://dadosabertos.camara.leg.br/api/v2/deputados/130269;RESENDE TOSTES;João Resende Tostes;
2843;https://dadosabertos.camara.leg.br/api/v2/deputados/2843;RIBEIRO JÚNIOR;Alfredo Augusto Ribeiro Júnior;
2960;https://dadosabertos.camara.leg.br/api/v2/deputados/2960;RICARDINO PRADO;Ricardino Franklin Prado;
4836;https://dadosabertos.camara.leg.br/api/v2/deputados/4836;RICARDO BARRETO;Ricardo Cesar Paes Barreto;
2830;https://dadosabertos.camara.leg.br/api/v2/deputados/2830;RICARDO MACHADO;Ricardo Pereira Machado;
2633;https://dadosabertos.camara.leg.br/api/v2/deputados/2633;ROBERTO MOREIRA;Roberto dos Santos Moreira;
2831;https://dadosabertos.camara.leg.br/api/v2/deputados/2831;ROBERTO SIMONSEN;Roberto Cochrane Simonsen;
2887;https://dadosabertos.camara.leg.br/api/v2/deputados/2887;RUI CARNEIRO;Ruy Carneiro;
4750;https://dadosabertos.camara.leg.br/api/v2/deputados/4750;RUPP JÚNIOR;Henrique Rupp Júnior;
2470;https://dadosabertos.camara.leg.br/api/v2/deputados/2470;SALES FILHO;Francisco Antônio Rodrigues de Sales Filho;
4773;https://dadosabertos.camara.leg.br/api/v2/deputados/4773;SALGADO FILHO;Joaquim Pedro Salgado Filho;
2471;https://dadosabertos.camara.leg.br/api/v2/deputados/2471;SAMPAIO CORREIA;José Matoso de Sampaio Correia;
4680;https://dadosabertos.camara.leg.br/api/v2/deputados/4680;SAMPAIO COSTA;Armando Sampaio Costa;
4724;https://dadosabertos.camara.leg.br/api/v2/deputados/4724;SANTOS FILHO;Francisco Alves dos Santos Filho;
2957;https://dadosabertos.camara.leg.br/api/v2/deputados/2957;SEBASTIÃO DOMINGUES;Sebastião Domingues;
2951;https://dadosabertos.camara.leg.br/api/v2/deputados/2951;SILVA COSTA;Manoel de Silva Costa;
2963;https://dadosabertos.camara.leg.br/api/v2/deputados/2963;SÍLVIO LEITÃO;Sílvio Pelico Leitão;
1864;https://dadosabertos.camara.leg.br/api/v2/deputados/1864;SIMÃO DA CUNHA;Simão da Cunha Pereira;
2297;https://dadosabertos.camara.leg.br/api/v2/deputados/2297;SIMÕES BARBOSA;Adolfo Simões Barbosa;
2897;https://dadosabertos.camara.leg.br/api/v2/deputados/2897;TEIXEIRA LEITE;Edgard Teixeira Leite;
2928;https://dadosabertos.camara.leg.br/api/v2/deputados/2928;TEIXEIRA PINTO;Álvaro Teixeira Pinto Filho;
130283;https://dadosabertos.camara.leg.br/api/v2/deputados/130283;TEODOMIRO SANTIAGO;Teodomiro Carneiro Santiago;
2965;https://dadosabertos.camara.leg.br/api/v2/deputados/2965;THOMPSON FLORES;Carlos Thompson Flores Neto;
4661;https://dadosabertos.camara.leg.br/api/v2/deputados/4661;TRIGO DE LOUREIRO;Alberto Trigo de Loureiro;
4848;https://dadosabertos.camara.leg.br/api/v2/deputados/4848;UBALDO RAMALHETE;Ubaldo Ramalhete Maia;
2708;https://dadosabertos.camara.leg.br/api/v2/deputados/2708;VALDEMAR FALCÃO;Waldemar Cromwell do Rego Falcão;
2688;https://dadosabertos.camara.leg.br/api/v2/deputados/2688;VALENTE DE LIMA;José Affonso Valente de Lima;
2804;https://dadosabertos.camara.leg.br/api/v2/deputados/2804;VERGUEIRO CÉSAR;Abelardo Vergueiro César;
4769;https://dadosabertos.camara.leg.br/api/v2/deputados/4769;VESPÚCIO DE ABREU;João Vespúcio de Abreu e Silva;
2937;https://dadosabertos.camara.leg.br/api/v2/deputados/2937;VICENTE GALLIEZ;Vicente de Paulo Galliez;
130284;https://dadosabertos.camara.leg.br/api/v2/deputados/130284;VICENTE GOUVEIA;Vicente Cavalcanti Gouveia;
4849;https://dadosabertos.camara.leg.br/api/v2/deputados/4849;VICENTE MIGUEL;Vicente Miguel da Silva Abreu;
2942;https://dadosabertos.camara.leg.br/api/v2/deputados/2942;VIEIRA MACEDO;JOÃO VIEIRA DE MACEDO;
4791;https://dadosabertos.camara.leg.br/api/v2/deputados/4791;VIEIRA MARQUES;José Vieira Marques;
2783;https://dadosabertos.camara.leg.br/api/v2/deputados/2783;VITOR RUSSOMANO;Victor Russomano;
130270;https://dadosabertos.camara.leg.br/api/v2/deputados/130270;WANDERLEY PINHO;José Wanderley de Araújo Pinho;
2661;https://dadosabertos.camara.leg.br/api/v2/deputados/2661;WASHINGTON PIRES;Washington Ferreira Pires;
4677;https://dadosabertos.camara.leg.br/api/v2/deputados/4677;XAVIER DE OLIVEIRA;Antônio Xavier de Oliveira;
2481;https://dadosabertos.camara.leg.br/api/v2/deputados/2481;ABEL CHERMONT;Abel Abreu Chermont;
2808;https://dadosabertos.camara.leg.br/api/v2/deputados/2808;ACIR MEDEIROS;Acyr Medeiros;
130224;https://dadosabertos.camara.leg.br/api/v2/deputados/130224;ADOLFO BERGAMINI;Adolpho Bergamini;
130225;https://dadosabertos.camara.leg.br/api/v2/deputados/130225;ADOLFO KONDER;Adolpho Konder;
2723;https://dadosabertos.camara.leg.br/api/v2/deputados/2723;ADOLFO SOARES;Adolpho Eugênio Soares Filho;
4596;https://dadosabertos.camara.leg.br/api/v2/deputados/4596;ALCÂNTARA MACHADO;José de Alcantara Machado de Oliveira;
4545;https://dadosabertos.camara.leg.br/api/v2/deputados/4545;ALEIXO PARAGUASSU;Aleixo Paraguassu;
4546;https://dadosabertos.camara.leg.br/api/v2/deputados/4546;ALEXANDRE SICILIANO;Alexandre Siciliano Júnior;
2689;https://dadosabertos.camara.leg.br/api/v2/deputados/2689;ALFREDO DA MATA;Alfredo Augusto da Matta;
4548;https://dadosabertos.camara.leg.br/api/v2/deputados/4548;ALFREDO PACHECO;Alfredo Corrêa Pacheco;
4597;https://dadosabertos.camara.leg.br/api/v2/deputados/4597;ALMEIDA CAMARGO;José de Almeida Camargo;
2693;https://dadosabertos.camara.leg.br/api/v2/deputados/2693;ALOYSIO FILHO;Aloysio Lopes de Carvalho Filho;
130300;https://dadosabertos.camara.leg.br/api/v2/deputados/130300;ÁLVARO MAIA;Álvaro Botelho Maia;
130226;https://dadosabertos.camara.leg.br/api/v2/deputados/130226;ALVARO SOARES VENTURA;Alvaro Soares Ventura;
2791;https://dadosabertos.camara.leg.br/api/v2/deputados/2791;ANTONIO COVELLO;Antonio Augusto Covello;
4557;https://dadosabertos.camara.leg.br/api/v2/deputados/4557;ANTÔNIO JORGE;Antônio Jorge Machado Lima;
2809;https://dadosabertos.camara.leg.br/api/v2/deputados/2809;ANTONIO PENNAFORT;Antonio Pennafort de Souza;
4559;https://dadosabertos.camara.leg.br/api/v2/deputados/4559;ANTONIO RODRIGUES;Antonio Rodrigues de Souza;
4561;https://dadosabertos.camara.leg.br/api/v2/deputados/4561;ARGEMIRO DORNELES;Argemiro Dornelles;
130229;https://dadosabertos.camara.leg.br/api/v2/deputados/130229;ARISTOTELES RIBEIRO DE MELO;ARISTOTELES RIBEIRO DE MELO;
130230;https://dadosabertos.camara.leg.br/api/v2/deputados/130230;ARMANDO LAYDNER;Armando Avellanar Laydner;
4589;https://dadosabertos.camara.leg.br/api/v2/deputados/4589;ARRUDA FALCÃO;Joaquim de Arruda Falcão;
4590;https://dadosabertos.camara.leg.br/api/v2/deputados/4590;ASSIS BRASIL;Joaquim Francisco de Assis Brasil;
2762;https://dadosabertos.camara.leg.br/api/v2/deputados/2762;AUGUSTO CAVALCANTI;Augusto Cavalcanti de Albuquerque;
2347;https://dadosabertos.camara.leg.br/api/v2/deputados/2347;AUGUSTO DE LIMA;Antonio Augusto de Lima;
4564;https://dadosabertos.camara.leg.br/api/v2/deputados/4564;AUGUSTO LEITE;Augusto César Leite;
2763;https://dadosabertos.camara.leg.br/api/v2/deputados/2763;BARRETO CAMPELO;Francisco Barreto Rodrigues Campello;
130227;https://dadosabertos.camara.leg.br/api/v2/deputados/130227;BUARQUE NAZARETH;Antônio Barbosa Buarque de Nazareth;
4630;https://dadosabertos.camara.leg.br/api/v2/deputados/4630;CAMPOS DO AMARAL;Octavio Campos do Amaral;
2784;https://dadosabertos.camara.leg.br/api/v2/deputados/2784;CARDOSO DE MELLO;Oswaldo Luiz Cardoso de Mello;
4566;https://dadosabertos.camara.leg.br/api/v2/deputados/4566;CARLOS MAXIMILIANO;Carlos Maximiliano Pereira dos Santos;
130234;https://dadosabertos.camara.leg.br/api/v2/deputados/130234;COSTA FERNANDES;Francisco da Costa Fernandes;
4819;https://dadosabertos.camara.leg.br/api/v2/deputados/4819;COSTA MEIRA;ORLANDO COSTA MEIRA;
130231;https://dadosabertos.camara.leg.br/api/v2/deputados/130231;CRESCENCIO GUIMARAES LACERDA;CRESCENCIO GUIMARAES LACERDA;
2785;https://dadosabertos.camara.leg.br/api/v2/deputados/2785;CRISTOVÃO BARCELOS;Christovão de Castro Bascellos;
4609;https://dadosabertos.camara.leg.br/api/v2/deputados/4609;CUNHA MELLO;Leopoldo Tavares da Cunha Mello;
2821;https://dadosabertos.camara.leg.br/api/v2/deputados/2821;DAVID MEINICKE;David Carlos Meinicke;
2811;https://dadosabertos.camara.leg.br/api/v2/deputados/2811;EUGÊNIO MONTEIRO DE BARROS;Eugênio Augusto de Miranda Monteiro de Barros;
130232;https://dadosabertos.camara.leg.br/api/v2/deputados/130232;EWALD POSSOLO;Ewald da Silva Possolo;
4572;https://dadosabertos.camara.leg.br/api/v2/deputados/4572;FERNANDO DE ABREU;Fernando de Abreu;
2812;https://dadosabertos.camara.leg.br/api/v2/deputados/2812;FERREIRA NETO;Antonio Ferreira Netto;
130233;https://dadosabertos.camara.leg.br/api/v2/deputados/130233;FLORINDO PEREIRA DA SILVA;FLORINDO PEREIRA DA SILVA;
130235;https://dadosabertos.camara.leg.br/api/v2/deputados/130235;FRANCISCO MARCONDES;Francisco Marcondes Machado Junior;
2728;https://dadosabertos.camara.leg.br/api/v2/deputados/2728;FRANCISCO VILANOVA;Francisco Villanova;
2779;https://dadosabertos.camara.leg.br/api/v2/deputados/2779;GASPAR SALDANHA;Gaspar Sant'Anna Saldanha;
2813;https://dadosabertos.camara.leg.br/api/v2/deputados/2813;GILBERT GABEIRA;Gilbert Gabeira;
2718;https://dadosabertos.camara.leg.br/api/v2/deputados/2718;GODOFREDO MENEZES;Godofredo Costa Menezes;
2684;https://dadosabertos.camara.leg.br/api/v2/deputados/2684;GÓES MONTEIRO;Manoel Cesar de Góes Monteiro;
4847;https://dadosabertos.camara.leg.br/api/v2/deputados/4847;GOMES PINTO;Thomaz Gomes Pinto;
4551;https://dadosabertos.camara.leg.br/api/v2/deputados/4551;GUEDES NOGUEIRA;Álvaro Guedes Nogueira;
2814;https://dadosabertos.camara.leg.br/api/v2/deputados/2814;GUILHERME PLASTER;Guilherme Plaster;
2786;https://dadosabertos.camara.leg.br/api/v2/deputados/2786;GWYER DE AZEVEDO;Asdrubal Gwyer de Azevedo;
2794;https://dadosabertos.camara.leg.br/api/v2/deputados/2794;HENRIQUE BAYMA;Henrique Schimith Bayma;
4583;https://dadosabertos.camara.leg.br/api/v2/deputados/4583;IDÁLIO SARDEMBERG;Idálio Sardemberg;
2753;https://dadosabertos.camara.leg.br/api/v2/deputados/2753;IRINEU JOFFILY;Irineu Joffily;
4585;https://dadosabertos.camara.leg.br/api/v2/deputados/4585;JOÃO ALBERTO;João Alberto Lins de Barros;
4853;https://dadosabertos.camara.leg.br/api/v2/deputados/4853;JOÃO ALVES;João José Alves;
2823;https://dadosabertos.camara.leg.br/api/v2/deputados/2823;JOÃO PINHEIRO;João Pinheiro da Silva Filho;
2679;https://dadosabertos.camara.leg.br/api/v2/deputados/2679;JOÃO SAMPAIO;João Domingues Sampaio;
130349;https://dadosabertos.camara.leg.br/api/v2/deputados/130349;JOÃO VILLAS BOAS;João Villas Boas;
4587;https://dadosabertos.camara.leg.br/api/v2/deputados/4587;JOÃO VITACA;João Miguel Vitáca;
2747;https://dadosabertos.camara.leg.br/api/v2/deputados/2747;JOAQUIM MAGALHÃES;Joaquim Pimenta de Magalhães;
4594;https://dadosabertos.camara.leg.br/api/v2/deputados/4594;JONES ROCHA;João Jones Gonçalves da Rocha;
4593;https://dadosabertos.camara.leg.br/api/v2/deputados/4593;JORGE AMERICANO;Jorge Americano;
4598;https://dadosabertos.camara.leg.br/api/v2/deputados/4598;JOSÉ CARLOS;José Carlos de Macedo Soares;
4599;https://dadosabertos.camara.leg.br/api/v2/deputados/4599;JOSÉ CRISTIANO DO PRADO;José Cristiano do Prado;
2765;https://dadosabertos.camara.leg.br/api/v2/deputados/2765;JOSÉ DE SÁ;José de Sá Bezerra Cavalcanti;
4600;https://dadosabertos.camara.leg.br/api/v2/deputados/4600;JOSÉ HONORATO;José Honorato da Silva e Souza;
4606;https://dadosabertos.camara.leg.br/api/v2/deputados/4606;KERGINALDO CAVALCANTI;Kerginaldo Cavalcanti de Albuquerque;
4615;https://dadosabertos.camara.leg.br/api/v2/deputados/4615;LACERDA PINTO;Manuel Lacerda Pinto;
2798;https://dadosabertos.camara.leg.br/api/v2/deputados/2798;LACERDA WERNECK;Frederico Virmond Lacerda Werneck;
4607;https://dadosabertos.camara.leg.br/api/v2/deputados/4607;LAURO SANTOS;Lauro Faria Santos;
2748;https://dadosabertos.camara.leg.br/api/v2/deputados/2748;LEANDRO PINHEIRO;Leandro do Nascimento Pinheiro;
2710;https://dadosabertos.camara.leg.br/api/v2/deputados/2710;LEITÃO DA CUNHA;Raul Leitão da Cunha;
4611;https://dadosabertos.camara.leg.br/api/v2/deputados/4611;LICURGO LEITE;Licurgo Leite;
4613;https://dadosabertos.camara.leg.br/api/v2/deputados/4613;LUIZ CEDRO;Luiz Cedro Carneiro Leão;
130237;https://dadosabertos.camara.leg.br/api/v2/deputados/130237;MACEDO SOARES;José Eduardo de Macedo Soares;
2380;https://dadosabertos.camara.leg.br/api/v2/deputados/2380;MANUEL REIS;Manoel Reis;
2721;https://dadosabertos.camara.leg.br/api/v2/deputados/2721;MÁRIO CAIADO;Mário de Alencastro Caiado;
4621;https://dadosabertos.camara.leg.br/api/v2/deputados/4621;MÁRIO MANHÃES;Mario Bastos Manhães;
4620;https://dadosabertos.camara.leg.br/api/v2/deputados/4620;MÁRIO RAMOS;Mário de Andrade Ramos;
2799;https://dadosabertos.camara.leg.br/api/v2/deputados/2799;MARIO WHATELY;Mario Thomaz Whately;
4586;https://dadosabertos.camara.leg.br/api/v2/deputados/4586;MARQUES DOS REIS;João Marques dos Reis;
4591;https://dadosabertos.camara.leg.br/api/v2/deputados/4591;MAURÍCIO CARDOSO;Joaquim Maurício Cardoso;
4623;https://dadosabertos.camara.leg.br/api/v2/deputados/4623;MÁXIMO MARTINS FERREIRA SOBRINHO;Máximo Martins Ferreira Sobrinho;
2702;https://dadosabertos.camara.leg.br/api/v2/deputados/2702;MEDEIROS NETTO;Antônio Garcia de Medeiros Netto;
2712;https://dadosabertos.camara.leg.br/api/v2/deputados/2712;MIGUEL COUTO;Miguel de Oliveira Couto;
4625;https://dadosabertos.camara.leg.br/api/v2/deputados/4625;MILTON DE CARVALHO;Milton de Souza Carvalho;
4570;https://dadosabertos.camara.leg.br/api/v2/deputados/4570;MINUANO DE MOURA;Euclydes Minuano Freitas de Moura;
4612;https://dadosabertos.camara.leg.br/api/v2/deputados/4612;MORAIS LEME;Lino de Moraes Leme;
4626;https://dadosabertos.camara.leg.br/api/v2/deputados/4626;MOZART LAGO;Mozart Brasileiro Pereira do Lago;
4627;https://dadosabertos.camara.leg.br/api/v2/deputados/4627;NELSON XAVIER;Nelson Xavier;
2722;https://dadosabertos.camara.leg.br/api/v2/deputados/2722;NERO DE MACEDO;Nero de Macedo Carvalho;
177636;https://dadosabertos.camara.leg.br/api/v2/deputados/177636;NEWTON PIRES;Newton Ferreira Pires;
2826;https://dadosabertos.camara.leg.br/api/v2/deputados/2826;OLIVEIRA CASTRO;José Mendes de Oliveira Castro;
4574;https://dadosabertos.camara.leg.br/api/v2/deputados/4574;OLIVEIRA PASSOS;Francisco de Oliveira Passos;
4632;https://dadosabertos.camara.leg.br/api/v2/deputados/4632;OSCAR WEINSCHENCK;Oscar Weinschenck;
4554;https://dadosabertos.camara.leg.br/api/v2/deputados/4554;PACHECO E SILVA;Antonio Carlos Pacheco e Silva;
4205;https://dadosabertos.camara.leg.br/api/v2/deputados/4205;PANDIÁ CALÓGERAS;João Pandiá Calógeras;
4616;https://dadosabertos.camara.leg.br/api/v2/deputados/4616;PAULO FILHO;Manoel Paulo Telles de Mattos Filho;
2836;https://dadosabertos.camara.leg.br/api/v2/deputados/2836;PINHEIRO LIMA;Ranulpho Pinheiro Lima;
4634;https://dadosabertos.camara.leg.br/api/v2/deputados/4634;PLINIO CORREIA DE OLIVEIRA;Plinio Corrêa de Oliveira;
4595;https://dadosabertos.camara.leg.br/api/v2/deputados/4595;PONTES VIEIRA;João Jorge de Pontes Vieira;
130239;https://dadosabertos.camara.leg.br/api/v2/deputados/130239;RAUL SÁ;Raul de Noronha Sá;
4602;https://dadosabertos.camara.leg.br/api/v2/deputados/4602;RIBEIRO JUNQUEIRA;José Monteiro Ribeiro Junqueira;
4567;https://dadosabertos.camara.leg.br/api/v2/deputados/4567;ROCHA FARIA;Carlos Telles da Rocha Faria;
2802;https://dadosabertos.camara.leg.br/api/v2/deputados/2802;RODRIGUES ALVES;Oscar Rodrigues Alves;
4603;https://dadosabertos.camara.leg.br/api/v2/deputados/4603;RODRIGUES DÓRIA;José Rodrigues da Costa Dória;
2726;https://dadosabertos.camara.leg.br/api/v2/deputados/2726;RODRIGUES MOREIRA;Trayahu Rodrigues Moreira;
2715;https://dadosabertos.camara.leg.br/api/v2/deputados/2715;RUY SANTIAGO;Ruy Santiago;
130238;https://dadosabertos.camara.leg.br/api/v2/deputados/130238;SAMPAIO VIDAL;Raphael de Abreu Sampaio Vidal;
2817;https://dadosabertos.camara.leg.br/api/v2/deputados/2817;SEBASTIÃO DE OLIVEIRA;Sebastião Luiz de Oliveira;
4565;https://dadosabertos.camara.leg.br/api/v2/deputados/4565;SIMÕES LOPES;Augusto Simões Lopes;
130236;https://dadosabertos.camara.leg.br/api/v2/deputados/130236;SOLANO DA CUNHA;Francisco Solano Carneiro da Cunha;
2669;https://dadosabertos.camara.leg.br/api/v2/deputados/2669;SOUTO FILHO;Antônio da Silva Souto Filho;
4640;https://dadosabertos.camara.leg.br/api/v2/deputados/4640;THIERS PERISSÉ;Júlio Thiers Perissé;
2766;https://dadosabertos.camara.leg.br/api/v2/deputados/2766;THOMAZ LOBO;Thomaz de Oliveira Lobo;
2797;https://dadosabertos.camara.leg.br/api/v2/deputados/2797;ULPIANO DE SOUZA;José Ulpiano Pinto de Souza;
130240;https://dadosabertos.camara.leg.br/api/v2/deputados/130240;VALDOMIRO MAGALHÃES;Waldomiro de Barros Magalhães;
4643;https://dadosabertos.camara.leg.br/api/v2/deputados/4643;VASCO TOLEDO;Vasco Carvalho de Toledo;
4637;https://dadosabertos.camara.leg.br/api/v2/deputados/4637;VEIGA CABRAL;Rodrigo da Veiga Cabral;
2756;https://dadosabertos.camara.leg.br/api/v2/deputados/2756;VELOZO BORGES;Manoel Velozo Borges;
4644;https://dadosabertos.camara.leg.br/api/v2/deputados/4644;WALDEMAR MOTA;Waldemar de Araújo Motta;
2819;https://dadosabertos.camara.leg.br/api/v2/deputados/2819;WALDEMAR REYKDALL;Waldemar Reykdall;
4646;https://dadosabertos.camara.leg.br/api/v2/deputados/4646;WALTER GOSLING;Walter James Gosling;
2805;https://dadosabertos.camara.leg.br/api/v2/deputados/2805;ZOROASTRO GOUVEIA;Zoroastro Gouveia;
2291;https://dadosabertos.camara.leg.br/api/v2/deputados/2291;AARÃO REIS;Aarão Reis;
2597;https://dadosabertos.camara.leg.br/api/v2/deputados/2597;ABNER MOURÃO;Abner Carlos Mourão;
2662;https://dadosabertos.camara.leg.br/api/v2/deputados/2662;ACÁCIO DE FIGUEIREDO;Acácio de Figueiredo;
4441;https://dadosabertos.camara.leg.br/api/v2/deputados/4441;ADALBERTO PEDREIRA;Adalberto Pedreira;
2577;https://dadosabertos.camara.leg.br/api/v2/deputados/2577;ADRIANO GORDILHO;Adriano dos Reis Gordilho;
130208;https://dadosabertos.camara.leg.br/api/v2/deputados/130208;AFRÂNIO PEIXOTO;Julio Afranio Peixoto;
4443;https://dadosabertos.camara.leg.br/api/v2/deputados/4443;AGENOR ALVES;Agenor Ludgero Alves;
2649;https://dadosabertos.camara.leg.br/api/v2/deputados/2649;AGENOR DE SENA;Agenor de Senna;
4445;https://dadosabertos.camara.leg.br/api/v2/deputados/4445;AGRIPINO AZEVEDO;Agrippino Azevedo;
2342;https://dadosabertos.camara.leg.br/api/v2/deputados/2342;AIRES DA SILVA;Francisco Ayres da Silva;
4446;https://dadosabertos.camara.leg.br/api/v2/deputados/4446;ALAOR PRATA;Alaor Prata Soares;
2260;https://dadosabertos.camara.leg.br/api/v2/deputados/2260;ALFREDO RUI;Alfredo Ruy Barbosa;
2250;https://dadosabertos.camara.leg.br/api/v2/deputados/2250;ÁLVARO CARVALHO;Alvaro Augusto da Costa Carvalho;
2398;https://dadosabertos.camara.leg.br/api/v2/deputados/2398;ÁLVARO FERNANDES;Álvaro Octacílio Nogueira Fernandes;
2583;https://dadosabertos.camara.leg.br/api/v2/deputados/2583;ÁLVARO VASCONCELOS;Álvaro Rodrigues de Vasconcellos;
4455;https://dadosabertos.camara.leg.br/api/v2/deputados/4455;ALVES DE SOUSA;Antonio Augusto Alves de Souza;
2578;https://dadosabertos.camara.leg.br/api/v2/deputados/2578;AMÉRICO BARRETO;Américo Pinto Barreto;
130173;https://dadosabertos.camara.leg.br/api/v2/deputados/130173;AMÉRICO PEIXOTO;Américo Valentim Peixoto;
130174;https://dadosabertos.camara.leg.br/api/v2/deputados/130174;ANÍBAL FREIRE;Annibal Freire da Fonseca;
2261;https://dadosabertos.camara.leg.br/api/v2/deputados/2261;ANTONIO CALMON;Antonio Calmon du Pin e Almeida;
2438;https://dadosabertos.camara.leg.br/api/v2/deputados/2438;ANTUNES MACIEL;Francisco Antunes Maciel Júnior;
2673;https://dadosabertos.camara.leg.br/api/v2/deputados/2673;ARAÚJO CUNHA;Alberto José de Araújo Cunha;
4523;https://dadosabertos.camara.leg.br/api/v2/deputados/4523;ARAÚJO GÓIS;Manoel José de Araujo Góes;
2638;https://dadosabertos.camara.leg.br/api/v2/deputados/2638;ARAÚJO LIMA;José Francisco de Araújo Lima;
4462;https://dadosabertos.camara.leg.br/api/v2/deputados/4462;ARIOSTO PINTO;Ariosto Pinto;
4463;https://dadosabertos.camara.leg.br/api/v2/deputados/4463;ARMANDO PRADO;Armando da Silva Prado;
4464;https://dadosabertos.camara.leg.br/api/v2/deputados/4464;ARNALDO TAVARES;Arnaldo Tavares;
4461;https://dadosabertos.camara.leg.br/api/v2/deputados/4461;ARQUIMEDES DE OLIVEIRA;Archimedes de Oliveira e Souza;
2663;https://dadosabertos.camara.leg.br/api/v2/deputados/2663;ARTUR DOS ANJOS;Arthur Carvalho Rodrigues dos Anjos;
2060;https://dadosabertos.camara.leg.br/api/v2/deputados/2060;ARTUR LEMOS;Arthur de Souza Lemos;
130181;https://dadosabertos.camara.leg.br/api/v2/deputados/130181;ATALIBA LEONEL;Ataliba Leonel;
130182;https://dadosabertos.camara.leg.br/api/v2/deputados/130182;AUGUSTO PESTANA;Augusto Pestana;
2579;https://dadosabertos.camara.leg.br/api/v2/deputados/2579;AURÉLIO VIANA;Aurélio Rodrigues Vianna;
130175;https://dadosabertos.camara.leg.br/api/v2/deputados/130175;AUSTREGÉSILO;Antonio Austregesilo Rodrigues Lima;
130197;https://dadosabertos.camara.leg.br/api/v2/deputados/130197;AZEVEDO LIMA;João Baptista de Azevedo Lima;
2439;https://dadosabertos.camara.leg.br/api/v2/deputados/2439;BARBOSA GONÇALVES;José Barbosa Gonçalves;
1630;https://dadosabertos.camara.leg.br/api/v2/deputados/1630;BARBOSA LIMA;Alexandre José Barbosa Lima;
2621;https://dadosabertos.camara.leg.br/api/v2/deputados/2621;BELISÁRIO DE SOUSA;Belisário Augusto Soares de Souza Junior;
2672;https://dadosabertos.camara.leg.br/api/v2/deputados/2672;BEZERRA DANTAS;Christovão Bezerra Dantas;
130183;https://dadosabertos.camara.leg.br/api/v2/deputados/130183;BIANOR DE MEDEIROS;Bianor Gadault Fonseca de Medeiros;
130218;https://dadosabertos.camara.leg.br/api/v2/deputados/130218;BOCAIÚVA CUNHA;Ranulpho Bocayuva Cunha;
2545;https://dadosabertos.camara.leg.br/api/v2/deputados/2545;BRÁS DO AMARAL;Braz Hermenegildo do Amaral;
4522;https://dadosabertos.camara.leg.br/api/v2/deputados/4522;CAIADO DE CASTRO;Lincoln Caiado de Castro;
130184;https://dadosabertos.camara.leg.br/api/v2/deputados/130184;CAMILO FILINTO PRATES;CAMILO FILINTO PRATES;
4509;https://dadosabertos.camara.leg.br/api/v2/deputados/4509;CARDOSO DE ALMEIDA;José Cardoso de Almeida;
4470;https://dadosabertos.camara.leg.br/api/v2/deputados/4470;CARLOS BORRALHO;Carlos Gomes Borralho;
130176;https://dadosabertos.camara.leg.br/api/v2/deputados/130176;CARLOS PENAFIEL;Antonio Carlos Penafiel;
4501;https://dadosabertos.camara.leg.br/api/v2/deputados/4501;CARVALHAL FILHO;João Carvalhal Filho;
2424;https://dadosabertos.camara.leg.br/api/v2/deputados/2424;CASTELO BRANCO;Heitor Castello Branco;
4510;https://dadosabertos.camara.leg.br/api/v2/deputados/4510;CASTRO AZEVEDO;José de Castro Azevedo;
2580;https://dadosabertos.camara.leg.br/api/v2/deputados/2580;CELSO ESPÍNOLA;Joaquim Celso Moreira Spínola;
130185;https://dadosabertos.camara.leg.br/api/v2/deputados/130185;CÉSAR VERGUEIRO;Cezar Lacerda de Vergueiro;
2590;https://dadosabertos.camara.leg.br/api/v2/deputados/2590;CESARIO DE MELO;Julio Cesario de Mello;
130215;https://dadosabertos.camara.leg.br/api/v2/deputados/130215;CHERMONT DE MIRANDA;Pedro Gyselaar Chermont de Miranda;
4472;https://dadosabertos.camara.leg.br/api/v2/deputados/4472;CLEMENTE DE FARIA;Clemente Soares de Faria;
130319;https://dadosabertos.camara.leg.br/api/v2/deputados/130319;CLODOMIR CARDOSO;Clodomir Cardoso;
4511;https://dadosabertos.camara.leg.br/api/v2/deputados/4511;CORDEIRO DE MIRANDA;José Cordeiro de Miranda;
2430;https://dadosabertos.camara.leg.br/api/v2/deputados/2430;COSTA RIBEIRO;Antonio José da Costa Ribeiro;
4474;https://dadosabertos.camara.leg.br/api/v2/deputados/4474;DOLOR DE BRITO;Dolor de Brito Franco;
130187;https://dadosabertos.camara.leg.br/api/v2/deputados/130187;DOMINGOS BARBOSA;Domingos Quadros Barbosa Alvares;
2161;https://dadosabertos.camara.leg.br/api/v2/deputados/2161;DOMINGOS MASCARENHAS;Domingos Pinto de Figueiredo Mascarenhas;
4477;https://dadosabertos.camara.leg.br/api/v2/deputados/4477;EDUARDO COTRIM;Eduardo Cotrim Filho;
2642;https://dadosabertos.camara.leg.br/api/v2/deputados/2642;EDUARDO GIRÃO;Eduardo Henrique Girão;
4481;https://dadosabertos.camara.leg.br/api/v2/deputados/4481;ELÓI CHAVES;Eloy de Miranda Chaves;
4480;https://dadosabertos.camara.leg.br/api/v2/deputados/4480;ELÓI DE SOUSA;Eloy Castriciano de Souza;
2605;https://dadosabertos.camara.leg.br/api/v2/deputados/2605;ELPÍDIO CANABRAVA;Elpídio Martins Canabrava;
2670;https://dadosabertos.camara.leg.br/api/v2/deputados/2670;EPAMINONDAS CASTELO;Epaminondas Castello Branco;
4484;https://dadosabertos.camara.leg.br/api/v2/deputados/4484;EULER COELHO;Euler de Salles Coelho;
4469;https://dadosabertos.camara.leg.br/api/v2/deputados/4469;FARIA SOUTO;Carlos de Faria Souto;
2183;https://dadosabertos.camara.leg.br/api/v2/deputados/2183;FERREIRA BRAGA;Francisco Ferreira Braga;
130189;https://dadosabertos.camara.leg.br/api/v2/deputados/130189;FIDÉLIS REIS;Fidelis Reis;
130190;https://dadosabertos.camara.leg.br/api/v2/deputados/130190;FIEL FONTES;Fiel de Carvalho Fontes;
2098;https://dadosabertos.camara.leg.br/api/v2/deputados/2098;FIRMIANO PINTO;Firmiano de Moraes Pinto;
2664;https://dadosabertos.camara.leg.br/api/v2/deputados/2664;FLÁVIO RIBEIRO;Flávio Ribeiro Coutinho;
4490;https://dadosabertos.camara.leg.br/api/v2/deputados/4490;FLORES DA CUNHA;Francisco Flores da Cunha;
2678;https://dadosabertos.camara.leg.br/api/v2/deputados/2678;FONTES JÚNIOR;Antonio Martins Fontes Júnior;
130195;https://dadosabertos.camara.leg.br/api/v2/deputados/130195;FRANCISCO PEIXOTO;Francisco Soares Peixoto de Moura;
130191;https://dadosabertos.camara.leg.br/api/v2/deputados/130191;FRANCISCO VALADARES;Francisco de Campos Valladares;
4491;https://dadosabertos.camara.leg.br/api/v2/deputados/4491;FREDERICO CAMPOS;Frederico de Oliveira Campos;
4492;https://dadosabertos.camara.leg.br/api/v2/deputados/4492;FÚLVIO ADUCCI;Fulvio Coriolano Aducci;
2666;https://dadosabertos.camara.leg.br/api/v2/deputados/2666;GENARO GUIMARÃES;Genaro Lins de Barros Guimarães;
4494;https://dadosabertos.camara.leg.br/api/v2/deputados/4494;GILDO AMADO;Gildo Amado;
130196;https://dadosabertos.camara.leg.br/api/v2/deputados/130196;HERMENEGILDO FIRMEZA;Hermenegildo de Britto Firmeza;
2681;https://dadosabertos.camara.leg.br/api/v2/deputados/2681;HUMBERTO DANTAS;Humberto Olegário Dantas;
4496;https://dadosabertos.camara.leg.br/api/v2/deputados/4496;HUMBERTO DE CAMPOS;Humberto de Campos;
2667;https://dadosabertos.camara.leg.br/api/v2/deputados/2667;INÁCIO DE BARROS;Ignácio de Barros Barreto;
4500;https://dadosabertos.camara.leg.br/api/v2/deputados/4500;JEFFERSON DE OLIVEIRA;Jefferson de Oliveira;
130198;https://dadosabertos.camara.leg.br/api/v2/deputados/130198;JOÃO CELESTINO;João Celestino Corrêa Cardoso;
1932;https://dadosabertos.camara.leg.br/api/v2/deputados/1932;JOÃO DE FARIA;João de Faria;
130199;https://dadosabertos.camara.leg.br/api/v2/deputados/130199;JOÃO ELISIO;João Elysio de Castro Fonseca;
2194;https://dadosabertos.camara.leg.br/api/v2/deputados/2194;JOÃO SANTOS;João Pedro dos Santos;
130200;https://dadosabertos.camara.leg.br/api/v2/deputados/130200;JOÃO SUASSUNA;João Suassuna;
130201;https://dadosabertos.camara.leg.br/api/v2/deputados/130201;JOAQUIM BANDEIRA;Joaquim Dias Bandeira de Mello;
130202;https://dadosabertos.camara.leg.br/api/v2/deputados/130202;JOAQUIM DE SALES;Joaquim Ferreira de Salles;
4506;https://dadosabertos.camara.leg.br/api/v2/deputados/4506;JORGE DE MORAIS;Jorge de Moraes;
130205;https://dadosabertos.camara.leg.br/api/v2/deputados/130205;JOSÉ ACCIOLY;José Pompeu Pinto Accioly;
4512;https://dadosabertos.camara.leg.br/api/v2/deputados/4512;JOSÉ BONIFÁCIO;José Bonifácio de Andrada e Silva;
130203;https://dadosabertos.camara.leg.br/api/v2/deputados/130203;JOSÉ DE MORAIS;José Antonio de Moraes;
4516;https://dadosabertos.camara.leg.br/api/v2/deputados/4516;JOSÉ PAULINO;José Paulino de Albuquerque Sarmento;
2645;https://dadosabertos.camara.leg.br/api/v2/deputados/2645;JOSÉ PEDRO;José Pedro Fernandes Aboudib;
130207;https://dadosabertos.camara.leg.br/api/v2/deputados/130207;JOVIANO DE CASTRO;Joviano Alves de Castro;
4520;https://dadosabertos.camara.leg.br/api/v2/deputados/4520;JUAREZ LOPES;Juarez Ferreira Lopes;
2668;https://dadosabertos.camara.leg.br/api/v2/deputados/2668;LIMA CASTRO;Eduardo de Lima Castro;
130209;https://dadosabertos.camara.leg.br/api/v2/deputados/130209;LINDOLFO COLLOR;Lindolpho Leopoldo Boecker Collor;
130210;https://dadosabertos.camara.leg.br/api/v2/deputados/130210;LINDOLFO PESSOA;Lindolpho Pessôa da Cruz Marques;
2625;https://dadosabertos.camara.leg.br/api/v2/deputados/2625;LUZ PINTO;Edmundo da Luz Pinto;
2586;https://dadosabertos.camara.leg.br/api/v2/deputados/2586;MANOELITO MOREIRA;Manoelito Moreira;
130212;https://dadosabertos.camara.leg.br/api/v2/deputados/130212;MARCOLINO BARRETO;Marcolino Lopes Barreto;
4449;https://dadosabertos.camara.leg.br/api/v2/deputados/4449;MARCONDES FILHO;Alexandre Marcondes Machado Filho;
4528;https://dadosabertos.camara.leg.br/api/v2/deputados/4528;MÁRIO ALVES;Mario Alves da Fonseca;
2607;https://dadosabertos.camara.leg.br/api/v2/deputados/2607;MÁRIO MATOS;Mario Gonçalves Mattos;
130180;https://dadosabertos.camara.leg.br/api/v2/deputados/130180;MARTINS FRANCO;Arthur Martins Franco;
2382;https://dadosabertos.camara.leg.br/api/v2/deputados/2382;MAURÍCIO DE LACERDA;Mauricio Paiva de Lacerda;
130213;https://dadosabertos.camara.leg.br/api/v2/deputados/130213;MAURICIO DE MEDEIROS;Mauricio Campos de Medeiros;
130211;https://dadosabertos.camara.leg.br/api/v2/deputados/130211;MIRANDA ROSA;Manoel de Miranda Rosa;
4459;https://dadosabertos.camara.leg.br/api/v2/deputados/4459;MONTEIRO DE SOUSA;Antonio Monteiro de Souza;
2335;https://dadosabertos.camara.leg.br/api/v2/deputados/2335;MOREIRA DA ROCHA;Manoel Moreira da Rocha;
4503;https://dadosabertos.camara.leg.br/api/v2/deputados/4503;MOREIRA GARCEZ;João Moreira Garcez;
2656;https://dadosabertos.camara.leg.br/api/v2/deputados/2656;MÚCIO CONTINENTINO;Múcio Continentino;
2328;https://dadosabertos.camara.leg.br/api/v2/deputados/2328;MUNIZ SODRÉ;Antonio Muniz Sodré de Aragão;
130204;https://dadosabertos.camara.leg.br/api/v2/deputados/130204;NELSON CATUNDA;José Nelson de Araújo Catunda;
130172;https://dadosabertos.camara.leg.br/api/v2/deputados/130172;NORIVAL DE FREITAS;Norival Soares de Freitas;
4531;https://dadosabertos.camara.leg.br/api/v2/deputados/4531;OLAVO TOSTES;Olavo Tostes;
2623;https://dadosabertos.camara.leg.br/api/v2/deputados/2623;OSCAR FONTENELLE;Oscar Pena Fontenelle;
130186;https://dadosabertos.camara.leg.br/api/v2/deputados/130186;OSCAR SOARES;Claudio Oscar Soares;
130177;https://dadosabertos.camara.leg.br/api/v2/deputados/130177;PACHECO MENDES;Antonio Pacheco Mendes;
4525;https://dadosabertos.camara.leg.br/api/v2/deputados/4525;PAIS DE OLIVEIRA;Manoel Paes de Oliveira;
2658;https://dadosabertos.camara.leg.br/api/v2/deputados/2658;PAULO PINHEIRO;Paulo Pinheiro da Silva;
2632;https://dadosabertos.camara.leg.br/api/v2/deputados/2632;PEREIRA DE REZENDE;José Augusto Pereira de Rezende;
130178;https://dadosabertos.camara.leg.br/api/v2/deputados/130178;PEREIRA MOACIR;Antonio Pereira da Silva Moacyr;
130193;https://dadosabertos.camara.leg.br/api/v2/deputados/130193;PESSOA DE QUEIRÓS;Francisco Pessôa de Queiroz;
4471;https://dadosabertos.camara.leg.br/api/v2/deputados/4471;PINHEIRO CHAGAS;Carlos Pinheiro Chagas;
4514;https://dadosabertos.camara.leg.br/api/v2/deputados/4514;PINHEIRO JÚNIOR;José Gomes Pinheiro Junior;
4518;https://dadosabertos.camara.leg.br/api/v2/deputados/4518;PIRES DE CARVALHO;José Pires de Carvalho;
2009;https://dadosabertos.camara.leg.br/api/v2/deputados/2009;PLÍNIO CASADO;Plínio de Castro Casado;
130216;https://dadosabertos.camara.leg.br/api/v2/deputados/130216;PLÍNIO MARQUES;Plinio Marques;
130179;https://dadosabertos.camara.leg.br/api/v2/deputados/130179;PRADO LOPES;Antonio do Prado Lopes Pereira;
130217;https://dadosabertos.camara.leg.br/api/v2/deputados/130217;RAFAEL FERNANDES;Raphael Fernandes Gurjão;
130220;https://dadosabertos.camara.leg.br/api/v2/deputados/130220;RAUL DE FARIA;Raul de Faria;
130219;https://dadosabertos.camara.leg.br/api/v2/deputados/130219;RAUL MACHADO;Raul da Cunha Machado;
4535;https://dadosabertos.camara.leg.br/api/v2/deputados/4535;RAUL VEIGA;Raul de Moraes Veiga;
130206;https://dadosabertos.camara.leg.br/api/v2/deputados/130206;ROCHA CAVALCANTI;José da Rocha Cavalcanti Filho;
130192;https://dadosabertos.camara.leg.br/api/v2/deputados/130192;RODRIGUES ALVES FILHO;Francisco de Paula Rodrigues Alves Filho;
130194;https://dadosabertos.camara.leg.br/api/v2/deputados/130194;SÁ FILHO;Francisco de Sá Filho;
130221;https://dadosabertos.camara.leg.br/api/v2/deputados/130221;SALOMÃO DANTAS;Salomão de Souza Dantas;
4536;https://dadosabertos.camara.leg.br/api/v2/deputados/4536;SAMUEL HARDMAN;Samuel Hardman Cavalcanti de Albuquerque;
4537;https://dadosabertos.camara.leg.br/api/v2/deputados/4537;SANDOVAL AZEVEDO;Sandoval Soares de Azevedo;
130222;https://dadosabertos.camara.leg.br/api/v2/deputados/130222;SERGIO DE OLIVEIRA;Sergio Ulrich de Oliveira;
2617;https://dadosabertos.camara.leg.br/api/v2/deputados/2617;SÉRGIO LORETO;Sergio Teixeira Lins de Barros Loreto;
2676;https://dadosabertos.camara.leg.br/api/v2/deputados/2676;SÍLVIO RANGEL;Sylvio da Fontoura Rangel;
130188;https://dadosabertos.camara.leg.br/api/v2/deputados/130188;SIMÕES FILHO;Ernesto Simões Filho;
1554;https://dadosabertos.camara.leg.br/api/v2/deputados/1554;SIMÕES LOPES;Ildefonso Simões Lopes;
130223;https://dadosabertos.camara.leg.br/api/v2/deputados/130223;THIERS CARDOSO;Thiers Cardoso;
2105;https://dadosabertos.camara.leg.br/api/v2/deputados/2105;VALOIS DE CASTRO;José Valois de Castro;
4540;https://dadosabertos.camara.leg.br/api/v2/deputados/4540;VICENTE LINHARES;Vicente Alves Linhares;
2601;https://dadosabertos.camara.leg.br/api/v2/deputados/2601;VIRIATO CORREIA;Manoel Viriato Corrêa Bayma do Lago Filho;
2646;https://dadosabertos.camara.leg.br/api/v2/deputados/2646;XENÓCRATES CALMON;Xenócrates João Calmon de Aguiar;
2540;https://dadosabertos.camara.leg.br/api/v2/deputados/2540;AJURICABA DE MENEZES;Ajuricaba Aprigio de Menezes;
2589;https://dadosabertos.camara.leg.br/api/v2/deputados/2589;ALBÉRICO DE MORAIS;Alberico Dias de Moraes;
2466;https://dadosabertos.camara.leg.br/api/v2/deputados/2466;ALBERTINO DRUMOND;Albertino Ferreira Drumond;
2159;https://dadosabertos.camara.leg.br/api/v2/deputados/2159;ALBERTO MARANHÃO;Alberto Maranhão;
4384;https://dadosabertos.camara.leg.br/api/v2/deputados/4384;ALFREDO DE MORAES;Alfredo Lopes de Moraes;
2437;https://dadosabertos.camara.leg.br/api/v2/deputados/2437;ÁLVARO BATISTA;Álvaro Baptista;
2576;https://dadosabertos.camara.leg.br/api/v2/deputados/2576;ÁLVARO PAES;Álvaro Corrêa Paes;
2565;https://dadosabertos.camara.leg.br/api/v2/deputados/2565;ÁLVARO ROCHA;Alvaro Rocha Pereira da Silva;
2613;https://dadosabertos.camara.leg.br/api/v2/deputados/2613;AMAURY DE MEDEIROS;Amaury de Medeiros;
130153;https://dadosabertos.camara.leg.br/api/v2/deputados/130153;ANÍBAL DE TOLEDO;Annibal Benicio de Toledo;
2370;https://dadosabertos.camara.leg.br/api/v2/deputados/2370;ANTONINO FREIRE;Antonino Freire da Silva;
130156;https://dadosabertos.camara.leg.br/api/v2/deputados/130156;ARMANDO BURLAMAQUI;Armando Cezar Burlamaqui;
130157;https://dadosabertos.camara.leg.br/api/v2/deputados/130157;AUGUSTO GLÓRIA;Augusto Gloria Ferreira Alves;
2603;https://dadosabertos.camara.leg.br/api/v2/deputados/2603;AUTO DE SÁ;Auto de Sá;
130166;https://dadosabertos.camara.leg.br/api/v2/deputados/130166;BAETA NEVES;João Baeta Neves;
2604;https://dadosabertos.camara.leg.br/api/v2/deputados/2604;BASÍLIO DE MAGALHÃES;Basílio de Magalhães;
2575;https://dadosabertos.camara.leg.br/api/v2/deputados/2575;BATISTA BITTENCOURT;Antonio Baptista Bittencourt;
130158;https://dadosabertos.camara.leg.br/api/v2/deputados/130158;BENTO MIRANDA;Bento José de Miranda;
2592;https://dadosabertos.camara.leg.br/api/v2/deputados/2592;BERNARDES SOBRINHO;Joaquim José Bernardes Sobrinho;
2552;https://dadosabertos.camara.leg.br/api/v2/deputados/2552;CARLOS PESSOA;Carlos da Silva Pessôa;
4423;https://dadosabertos.camara.leg.br/api/v2/deputados/4423;CLEMENTINO DO MONTE;Manoel Clementino do Monte;
4433;https://dadosabertos.camara.leg.br/api/v2/deputados/4433;COSTA REGO;Pedro da Costa Rego;
2510;https://dadosabertos.camara.leg.br/api/v2/deputados/2510;DANIEL CARNEIRO;Daniel Vieira Carneiro;
130160;https://dadosabertos.camara.leg.br/api/v2/deputados/130160;DORVAL PORTO;Dorval Pires Porto;
130161;https://dadosabertos.camara.leg.br/api/v2/deputados/130161;EDUARDO DO AMARAL;Eduardo Carlos Vilhena do Amaral;
130162;https://dadosabertos.camara.leg.br/api/v2/deputados/130162;EMÍLIO JARDIM;Emílio Jardim de Resende;
2549;https://dadosabertos.camara.leg.br/api/v2/deputados/2549;EUGÊNIO MELO;Eugênio da Cunha e Melo;
4400;https://dadosabertos.camara.leg.br/api/v2/deputados/4400;EURICO CHAVES;Eurico de Castro Chaves;
4401;https://dadosabertos.camara.leg.br/api/v2/deputados/4401;EURIDES CUNHA;Eurides Cunha;
2627;https://dadosabertos.camara.leg.br/api/v2/deputados/2627;FÁBIO BARRETO;Fábio de Sá Barreto;
4403;https://dadosabertos.camara.leg.br/api/v2/deputados/4403;FIRMINO PAIM;Firmino Paim Filho;
2406;https://dadosabertos.camara.leg.br/api/v2/deputados/2406;FLÁVIO DA SILVEIRA;Flávio Amaro Corrêa da Silveira;
4405;https://dadosabertos.camara.leg.br/api/v2/deputados/4405;FRANCISCO MORATO;Francisco Antonio de Almeida Morato;
2539;https://dadosabertos.camara.leg.br/api/v2/deputados/2539;FREITAS MELRO;Hermillo de Freitas Melro;
130163;https://dadosabertos.camara.leg.br/api/v2/deputados/130163;GARIBALDI DE MELO;Garibaldi de Castro e Mello;
130164;https://dadosabertos.camara.leg.br/api/v2/deputados/130164;GENTIL TAVARES;Gentil Tavares da Motta;
130165;https://dadosabertos.camara.leg.br/api/v2/deputados/130165;GERALDO VIANA;Geraldo Vianna;
1599;https://dadosabertos.camara.leg.br/api/v2/deputados/1599;GONÇALVES FERREIRA;Antonio Gonçalves Ferreira;
2629;https://dadosabertos.camara.leg.br/api/v2/deputados/2629;HEITOR PENTEADO;Heitor Teixeira Penteado;
4409;https://dadosabertos.camara.leg.br/api/v2/deputados/4409;HONORATO ALVES;Honorato José Alves;
2444;https://dadosabertos.camara.leg.br/api/v2/deputados/2444;HORÁCIO MAGALHÃES;Horacio de Magalhães Gomes;
2551;https://dadosabertos.camara.leg.br/api/v2/deputados/2551;JOÃO LISBOA;João de Almeida Lisbôa;
2567;https://dadosabertos.camara.leg.br/api/v2/deputados/2567;JOAQUIM DE MELLO;Antonio Joaquim de Mello;
4415;https://dadosabertos.camara.leg.br/api/v2/deputados/4415;JOAQUIM OSÓRIO;Joaquim Luiz Ozorio;
4414;https://dadosabertos.camara.leg.br/api/v2/deputados/4414;JOAQUIM PIRES;Joaquim de Lima Pires Ferreira;
2615;https://dadosabertos.camara.leg.br/api/v2/deputados/2615;JOSÉ MARIA BELO;José Maria Bello;
2588;https://dadosabertos.camara.leg.br/api/v2/deputados/2588;JOSÉ MOREIRA DA ROCHA;José Moreira da Rocha;
4419;https://dadosabertos.camara.leg.br/api/v2/deputados/4419;JÚLIO PRESTES;Julio Prestes de Albuquerque;
4420;https://dadosabertos.camara.leg.br/api/v2/deputados/4420;JÚLIO SANTOS;Júlio Veríssimo da Silva Santos;
4421;https://dadosabertos.camara.leg.br/api/v2/deputados/4421;LAURO JACQUES;Lauro de Oliveira Jacques;
4422;https://dadosabertos.camara.leg.br/api/v2/deputados/4422;LINCOLN PRATES;Lincoln Prates;
130167;https://dadosabertos.camara.leg.br/api/v2/deputados/130167;LUIS ROLLEMBERG;Luiz Dias Rollemberg;
4439;https://dadosabertos.camara.leg.br/api/v2/deputados/4439;MANOEL FULGENCIO;Manoel Fulgencio Alves Pereira;
2584;https://dadosabertos.camara.leg.br/api/v2/deputados/2584;MANUEL SÁTIRO;Manoel Satyro;
2585;https://dadosabertos.camara.leg.br/api/v2/deputados/2585;MANUEL TEÓFILO;Manoel Theophilo Gaspar de Oliveira;
130168;https://dadosabertos.camara.leg.br/api/v2/deputados/130168;MANUEL VILABOIM;Manoel Pedro Villaboim;
2611;https://dadosabertos.camara.leg.br/api/v2/deputados/2611;MARINS CAMARGO;Marins Alves de Camargo;
2587;https://dadosabertos.camara.leg.br/api/v2/deputados/2587;MATOS PEIXOTO;José Carlos de Matos Peixoto;
4379;https://dadosabertos.camara.leg.br/api/v2/deputados/4379;MELO FRANCO;Afranio de Mello Franco;
4431;https://dadosabertos.camara.leg.br/api/v2/deputados/4431;MORAIS BARROS;Paulo de Moraes Barros;
130171;https://dadosabertos.camara.leg.br/api/v2/deputados/130171;NELSON DE SENA;Nelson Coelho de Senna;
2172;https://dadosabertos.camara.leg.br/api/v2/deputados/2172;OLIVEIRA BOTELHO;Francisco Chaves de Oliveira Botelho;
2619;https://dadosabertos.camara.leg.br/api/v2/deputados/2619;OSVALDO ARANHA;Oswaldo Euclides de Souza Aranha;
2556;https://dadosabertos.camara.leg.br/api/v2/deputados/2556;OTÁVIO TAVARES;Octavio Hamilton Tavares Barreto;
2288;https://dadosabertos.camara.leg.br/api/v2/deputados/2288;PAULINO DE SOUSA;Paulino José Soares de Souza Junior;
4432;https://dadosabertos.camara.leg.br/api/v2/deputados/4432;PEDRO BORGES;Pedro Borges da Silva;
4387;https://dadosabertos.camara.leg.br/api/v2/deputados/4387;PEREIRA DE CARVALHO;Alvaro Pereira de Carvalho;
130155;https://dadosabertos.camara.leg.br/api/v2/deputados/130155;RIBEIRO GONÇALVES;Antonio Ribeiro Gonçalves;
130154;https://dadosabertos.camara.leg.br/api/v2/deputados/130154;SALES JÚNIOR;Antonio Carlos de Salles Junior;
2528;https://dadosabertos.camara.leg.br/api/v2/deputados/2528;SOUSA FILHO;Manoel Francisco de Souza Filho;
130169;https://dadosabertos.camara.leg.br/api/v2/deputados/130169;TAVARES CAVALCANTI;Manoel Tavares Cavalcanti;
2581;https://dadosabertos.camara.leg.br/api/v2/deputados/2581;TEODORO SAMPAIO;Theodoro Fernandes Sampaio;
2595;https://dadosabertos.camara.leg.br/api/v2/deputados/2595;TERTULIANO POTIGUARA;Tertuliano de Albuquerque Potiguara;
4427;https://dadosabertos.camara.leg.br/api/v2/deputados/4427;UBALDINO DE ASSIS;Manoel Ubaldino Nascimento de Assis;
4436;https://dadosabertos.camara.leg.br/api/v2/deputados/4436;UBALDINO GONZAGA;Ubaldino Gonzaga;
130159;https://dadosabertos.camara.leg.br/api/v2/deputados/130159;VAZ DE MELO;Cornelio Vaz de Melo;
2248;https://dadosabertos.camara.leg.br/api/v2/deputados/2248;VIDAL RAMOS;Vidal José de Oliveira Ramos Junior;
2548;https://dadosabertos.camara.leg.br/api/v2/deputados/2548;VITAL SOARES;Vital Henrique Baptista Soares;
130152;https://dadosabertos.camara.leg.br/api/v2/deputados/130152;AFONSO PENA JÚNIOR;Affonso Augusto Moreira Penna Junior;
4305;https://dadosabertos.camara.leg.br/api/v2/deputados/4305;ALBERTO SARMENTO;Alberto Sarmento;
2543;https://dadosabertos.camara.leg.br/api/v2/deputados/2543;ALBUQUERQUE LIBÓRIO;Joaquim de Albuquerque Libório;
4306;https://dadosabertos.camara.leg.br/api/v2/deputados/4306;ALCIDES BAHIA;Alcides Bahia;
2506;https://dadosabertos.camara.leg.br/api/v2/deputados/2506;ÁLVARO COVA;José Alvaro Cova;
4332;https://dadosabertos.camara.leg.br/api/v2/deputados/4332;ALVES DE CASTRO;João Alves de Castro;
2179;https://dadosabertos.camara.leg.br/api/v2/deputados/2179;ARNOLFO DE AZEVEDO;Arnolpho Rodrigues de Azevedo;
4309;https://dadosabertos.camara.leg.br/api/v2/deputados/4309;ARTUR CAETANO;Arthur Caetano da Silva;
2280;https://dadosabertos.camara.leg.br/api/v2/deputados/2280;ARTUR COLARES MOREIRA;Artur Quadros Colares Moreira;
2544;https://dadosabertos.camara.leg.br/api/v2/deputados/2544;AURELINO LEAL;Aurelino de Araujo Leal;
4341;https://dadosabertos.camara.leg.br/api/v2/deputados/4341;AUTO DE ABREU;José Burlamaqui Auto de Abreu;
2271;https://dadosabertos.camara.leg.br/api/v2/deputados/2271;BETHENCOURT DA SILVA FILHO;Francisco Joaquim de Bethencourt da Silva Filho;
2174;https://dadosabertos.camara.leg.br/api/v2/deputados/2174;BORGES MONTEIRO;Henrique Borges Monteiro;
2554;https://dadosabertos.camara.leg.br/api/v2/deputados/2554;CARLOS LIRA FILHO;Carlos Lira Filho;
2141;https://dadosabertos.camara.leg.br/api/v2/deputados/2141;CARVALHO BRITO;Manoel Thomaz de Carvalho Britto;
130145;https://dadosabertos.camara.leg.br/api/v2/deputados/130145;CELSO BAYMA;Celso Bayma;
2566;https://dadosabertos.camara.leg.br/api/v2/deputados/2566;CÉSAR MAGALHÃES;José Cesar de Magalhães Primo;
2490;https://dadosabertos.camara.leg.br/api/v2/deputados/2490;CORREIA DE BRITO;Luiz Correa de Brito;
2555;https://dadosabertos.camara.leg.br/api/v2/deputados/2555;DANIEL DE MELO;Joaquim Daniel Pereira de Mello;
2397;https://dadosabertos.camara.leg.br/api/v2/deputados/2397;EFIGÊNIO DE SALES;Ephigenio Ferreira de Salles;
4315;https://dadosabertos.camara.leg.br/api/v2/deputados/4315;ELISEU GUILHERME;Eliseu Guilherme da Silva;
4317;https://dadosabertos.camara.leg.br/api/v2/deputados/4317;EUCLIDES MALTA;Euclydes Vieira Malta;
2521;https://dadosabertos.camara.leg.br/api/v2/deputados/2521;EURICO VALE;Eurico de Freitas Valle;
4337;https://dadosabertos.camara.leg.br/api/v2/deputados/4337;FERREIRA LIMA;Joaquim David Ferreira Lima;
2511;https://dadosabertos.camara.leg.br/api/v2/deputados/2511;FLORO BARTOLOMEU;Floro Bartholomeu da Costa;
1766;https://dadosabertos.camara.leg.br/api/v2/deputados/1766;FONSECA HERMES;João Severiano da Fonseca Hermes;
2518;https://dadosabertos.camara.leg.br/api/v2/deputados/2518;FRANCISCO CAMPOS;Francisco Luiz da Silva Campos;
4344;https://dadosabertos.camara.leg.br/api/v2/deputados/4344;GEORGINO AVELINO;José Georgino Alves Avelino;
2531;https://dadosabertos.camara.leg.br/api/v2/deputados/2531;GETÚLIO VARGAS;Getulio Dornelles Vargas;
2452;https://dadosabertos.camara.leg.br/api/v2/deputados/2452;GILBERTO AMADO;Gilberto de Lima Azevedo Souza Ferreira Amado de Faria;
2433;https://dadosabertos.camara.leg.br/api/v2/deputados/2433;GOUVEIA DE BARROS;Manoel Gouvêa de Barros;
2550;https://dadosabertos.camara.leg.br/api/v2/deputados/2550;GUDESTEU PIRES;Gudesteu de Sá Pires;
4328;https://dadosabertos.camara.leg.br/api/v2/deputados/4328;HEITOR DE SOUZA;Heitor de Souza;
2593;https://dadosabertos.camara.leg.br/api/v2/deputados/2593;HENRIQUE WANDERLEY;Henrique Augusto Wanderley;
1931;https://dadosabertos.camara.leg.br/api/v2/deputados/1931;HERCULANO DE FREITAS;Uladislau Herculano de Freitas;
2559;https://dadosabertos.camara.leg.br/api/v2/deputados/2559;JOÃO LUIS;João Luiz Ferreira;
2533;https://dadosabertos.camara.leg.br/api/v2/deputados/2533;JOAQUIM MOREIRA;Joaquim Francisco Moreira;
2419;https://dadosabertos.camara.leg.br/api/v2/deputados/2419;JOSÉ ALVES;José Alves Ferreira e Mello;
2464;https://dadosabertos.camara.leg.br/api/v2/deputados/2464;JOSÉ BARRETO;José Barreto da Costa Rodrigues;
2420;https://dadosabertos.camara.leg.br/api/v2/deputados/2420;JOSÉ GONÇALVES;José Gonçalves de Souza;
2401;https://dadosabertos.camara.leg.br/api/v2/deputados/2401;JOSÉ LINO;José Lino da Justa;
2500;https://dadosabertos.camara.leg.br/api/v2/deputados/2500;JOSÉ ROBERTO;José Roberto Leite Penteado;
4351;https://dadosabertos.camara.leg.br/api/v2/deputados/4351;JUVENAL LAMARTINE;Juvenal Lamartine de Faria;
130148;https://dadosabertos.camara.leg.br/api/v2/deputados/130148;LAFAIETE CRUZ;LAFAYETTE CRUZ;
2513;https://dadosabertos.camara.leg.br/api/v2/deputados/2513;LEIRIA DE ANDRADE;Manoel Leiria de Andrade;
4352;https://dadosabertos.camara.leg.br/api/v2/deputados/4352;LEOPOLDINO DE OLIVEIRA;Leopoldino de Oliveira;
2292;https://dadosabertos.camara.leg.br/api/v2/deputados/2292;LIRA CASTRO;Geminiano de Lyra Castro;
2535;https://dadosabertos.camara.leg.br/api/v2/deputados/2535;LUÍS GUARANÁ;Luiz Guaraná;
2568;https://dadosabertos.camara.leg.br/api/v2/deputados/2568;MANUEL DUARTE;Manoel de Mattos Duarte Silva;
4361;https://dadosabertos.camara.leg.br/api/v2/deputados/4361;MARCOLINO DE BARROS;Marcolino Ferreira de Barros;
2240;https://dadosabertos.camara.leg.br/api/v2/deputados/2240;NABUCO DE GOUVEIA;José Thomaz Nabuco de Gouvêa;
2258;https://dadosabertos.camara.leg.br/api/v2/deputados/2258;NATALÍCIO CAMBOIM;Natalicio Camboim de Vasconcellos;
2274;https://dadosabertos.camara.leg.br/api/v2/deputados/2274;NICANOR DO NASCIMENTO;Nicanor Queiroz do Nascimento;
2538;https://dadosabertos.camara.leg.br/api/v2/deputados/2538;OLAVO EGÍDIO;Olavo Egydio de Souza Aranha;
2343;https://dadosabertos.camara.leg.br/api/v2/deputados/2343;OLEGÁRIO PINTO;Olegario Herculano da Silveira Pinto;
2520;https://dadosabertos.camara.leg.br/api/v2/deputados/2520;OLINTO DE MAGALHÃES;Olyntho Maximo de Magalhães;
2591;https://dadosabertos.camara.leg.br/api/v2/deputados/2591;OSCAR LOUREIRO;Oscar Augusto Loureiro;
2425;https://dadosabertos.camara.leg.br/api/v2/deputados/2425;OTACÍLIO DE ALBUQUERQUE;Octacilio de Albuquerque;
130149;https://dadosabertos.camara.leg.br/api/v2/deputados/130149;PEDRO COSTA;Pedro Luiz de Oliveira Costa;
2594;https://dadosabertos.camara.leg.br/api/v2/deputados/2594;PEREIRA JUNIOR;Antonio José Pereira Junior;
4333;https://dadosabertos.camara.leg.br/api/v2/deputados/4333;PEREIRA LEITE;João Carlos Pereira Leite;
4310;https://dadosabertos.camara.leg.br/api/v2/deputados/4310;PINTO DA ROCHA;Arthur Pinto da Rocha;
4348;https://dadosabertos.camara.leg.br/api/v2/deputados/4348;PIRES DO RIO;José Pires do Rio;
4369;https://dadosabertos.camara.leg.br/api/v2/deputados/4369;PLÍNIO DE GODÓI;Plinio de Godoy;
130150;https://dadosabertos.camara.leg.br/api/v2/deputados/130150;PRUDENTE DE MORAIS;Prudente de Moraes Filho;
2435;https://dadosabertos.camara.leg.br/api/v2/deputados/2435;RODOLFO ARAUJO;Rodolpho de Albuquerque Araujo;
4368;https://dadosabertos.camara.leg.br/api/v2/deputados/4368;RODRIGUES DA COSTA;Pedro Frederico Rodrigues da Costa;
4360;https://dadosabertos.camara.leg.br/api/v2/deputados/4360;RODRIGUES MACHADO;Marcelino Rodrigues Machado;
2465;https://dadosabertos.camara.leg.br/api/v2/deputados/2465;SEVERIANO MARQUES;Manoel Severiano Ferreira Marques;
2527;https://dadosabertos.camara.leg.br/api/v2/deputados/2527;SOLIDÔNIO LEITE;Solidonio Attico Leite;
1954;https://dadosabertos.camara.leg.br/api/v2/deputados/1954;TOMÁS ACIOLI;Thomaz Pompeu Pinto Accioly;
2403;https://dadosabertos.camara.leg.br/api/v2/deputados/2403;TOMÁS RODRIGUES;Thomaz de Paula Pessôa Rodrigues;
4312;https://dadosabertos.camara.leg.br/api/v2/deputados/4312;VIANA DO CASTELO;Augusto Vianna do Castelo;
2409;https://dadosabertos.camara.leg.br/api/v2/deputados/2409;VICENTE PIRAGIBE;Vicente Ferreira da Costa Piragibe;
2203;https://dadosabertos.camara.leg.br/api/v2/deputados/2203;VIRGÍLIO DE LEMOS;JOSÉ VIRGÍLIO DA SILVA LEMOS;
130151;https://dadosabertos.camara.leg.br/api/v2/deputados/130151;VITOR KONDER;Victor Konder;
4376;https://dadosabertos.camara.leg.br/api/v2/deputados/4376;WALFREDO LEAL;Walfredo Soares dos Santos Leal;
2241;https://dadosabertos.camara.leg.br/api/v2/deputados/2241;WENCESLAU ESCOBAR;Wenceslau Pereira Escobar Escobar;
4378;https://dadosabertos.camara.leg.br/api/v2/deputados/4378;ZOROASTRO DE ALVARENGA;Zoroastro Rodrigues de Alvarenga;
2523;https://dadosabertos.camara.leg.br/api/v2/deputados/2523;AFFONSO CAMARGO;Affonso Alves de Camargo;
4237;https://dadosabertos.camara.leg.br/api/v2/deputados/4237;ALCIDES MAIA;Alcides Maya;
4286;https://dadosabertos.camara.leg.br/api/v2/deputados/4286;ALEXANDRINO DA ROCHA;Manoel Alexandrino da Rocha;
2509;https://dadosabertos.camara.leg.br/api/v2/deputados/2509;ALFREDO PINHEIRO;Manoel Alfredo Rodrigues Pinheiro;
4262;https://dadosabertos.camara.leg.br/api/v2/deputados/4262;ALMEIDA CASTRO;Francisco Pinheiro de Almeida Castro;
2537;https://dadosabertos.camara.leg.br/api/v2/deputados/2537;AMARAL CARVALHO;Antonio Pereira do Amaral Carvalho;
4238;https://dadosabertos.camara.leg.br/api/v2/deputados/4238;AMERICANO DO BRASIL;Antonio Americano do Brasil;
2487;https://dadosabertos.camara.leg.br/api/v2/deputados/2487;ANDRADE BEZERRA;Antonio Vicente de Andrade Bezerra;
4243;https://dadosabertos.camara.leg.br/api/v2/deputados/4243;ARISTIDES ROCHA;Aristides Rocha;
4244;https://dadosabertos.camara.leg.br/api/v2/deputados/4244;ARLINDO FRAGOSO;Arlindo Coelho Fragoso;
4247;https://dadosabertos.camara.leg.br/api/v2/deputados/4247;ASCENDINO DA CUNHA;Ascendino Carneiro da Cunha;
2497;https://dadosabertos.camara.leg.br/api/v2/deputados/2497;AZEVEDO SODRÉ;Antonio Augusto de Azevedo Sodré;
2405;https://dadosabertos.camara.leg.br/api/v2/deputados/2405;AZURÉM FURTADO;Edmundo de Azurém Furtado;
1671;https://dadosabertos.camara.leg.br/api/v2/deputados/1671;BADARÓ;Francisco Coelho Duarte Badaró;
4272;https://dadosabertos.camara.leg.br/api/v2/deputados/4272;BARROS PENTEADO;Joaquim Augusto de Barros Penteado;
2514;https://dadosabertos.camara.leg.br/api/v2/deputados/2514;BARTLETT JAMES;Bartlett James;
4280;https://dadosabertos.camara.leg.br/api/v2/deputados/4280;BUENO BRANDÃO;Júlio Bueno Brandão;
2499;https://dadosabertos.camara.leg.br/api/v2/deputados/2499;CARLOS DE CAMPOS;Carlos de Campos;
4249;https://dadosabertos.camara.leg.br/api/v2/deputados/4249;CARLOS GARCIA;Carlos Augusto Garcia Ferreira;
2455;https://dadosabertos.camara.leg.br/api/v2/deputados/2455;CASTRO REBELO;Affonso de Castro Rebello;
4261;https://dadosabertos.camara.leg.br/api/v2/deputados/4261;CUNHA MACHADO;Francisco da Cunha Machado;
2524;https://dadosabertos.camara.leg.br/api/v2/deputados/2524;DANTAS BARRETO;Emygdio Dantas Barreto;
2532;https://dadosabertos.camara.leg.br/api/v2/deputados/2532;DOMINGOS MARIANO;Domingos Mariano Barcellos de Almeida;
2491;https://dadosabertos.camara.leg.br/api/v2/deputados/2491;EDUARDO TAVARES;Eduardo Rodrigues Tavares de Mello;
4256;https://dadosabertos.camara.leg.br/api/v2/deputados/4256;ESTÁCIO COIMBRA;Estácio de Albuquerque Coimbra;
1949;https://dadosabertos.camara.leg.br/api/v2/deputados/1949;EUGÊNIO TOURINHO;Eugenio Gonçalves de Barros Tourinho;
4258;https://dadosabertos.camara.leg.br/api/v2/deputados/4258;EURÍPEDES DE AGUIAR;Euripedes Clementino de Aguiar;
4259;https://dadosabertos.camara.leg.br/api/v2/deputados/4259;EVARISTO DO AMARAL;Evaristo Teixeira do Amaral;
4264;https://dadosabertos.camara.leg.br/api/v2/deputados/4264;GODOFREDO MACIEL;Godofredo Maciel;
1881;https://dadosabertos.camara.leg.br/api/v2/deputados/1881;GONÇALVES MAIA;José Gonçalves Maia;
4265;https://dadosabertos.camara.leg.br/api/v2/deputados/4265;GUMERCINDO RIBAS;Gumercindo Taborda Ribas;
2515;https://dadosabertos.camara.leg.br/api/v2/deputados/2515;HONÓRIO PIMENTEL;Honorio dos Santos Pimentel;
4267;https://dadosabertos.camara.leg.br/api/v2/deputados/4267;IVO DO PRADO;Ivo do Prado Monte Pires da França;
4268;https://dadosabertos.camara.leg.br/api/v2/deputados/4268;JADER DE ANDRADE;Jader de Andrade;
2494;https://dadosabertos.camara.leg.br/api/v2/deputados/2494;JOÃO CABRAL;João Chrysostomo da Rocha Cabral;
2187;https://dadosabertos.camara.leg.br/api/v2/deputados/2187;JOSÉ LOBO;José Manoel Lobo;
2265;https://dadosabertos.camara.leg.br/api/v2/deputados/2265;JOSÉ MARIA;José Maria Tourinho;
130147;https://dadosabertos.camara.leg.br/api/v2/deputados/130147;JOSINO DE ARAÚJO;Josino Alcantara de Araujo;
2534;https://dadosabertos.camara.leg.br/api/v2/deputados/2534;JULIÃO DE CASTRO;Julião Ribeiro de Castro;
2158;https://dadosabertos.camara.leg.br/api/v2/deputados/2158;JULIO DE MELO;Julio de Melo;
1852;https://dadosabertos.camara.leg.br/api/v2/deputados/1852;LANDULFO MAGALHÃES;Landulpho Machado de Magalhães;
2456;https://dadosabertos.camara.leg.br/api/v2/deputados/2456;LAURO VILAS BOAS;Lauro Lopes Villas Bôas;
1660;https://dadosabertos.camara.leg.br/api/v2/deputados/1660;LUIS DOMINGUES;Luiz Antonio Domingues da Silva;
2358;https://dadosabertos.camara.leg.br/api/v2/deputados/2358;LUIZ BARTHOLOMEU;Luiz Bartholomeu de Souza e Silva;
2474;https://dadosabertos.camara.leg.br/api/v2/deputados/2474;MANOEL MONJARDIM;Manoel Silvino Monjardim;
1898;https://dadosabertos.camara.leg.br/api/v2/deputados/1898;MARÇAL ESCOBAR;Marçal Pereira de Escobar;
4270;https://dadosabertos.camara.leg.br/api/v2/deputados/4270;MARINHO DE ANDRADE;João Marinho de Andrade;
2327;https://dadosabertos.camara.leg.br/api/v2/deputados/2327;MÁRIO HERMES;Mario Hermes da Fonseca;
2338;https://dadosabertos.camara.leg.br/api/v2/deputados/2338;METELLO JÚNIOR;José Maria Metello Junior;
2196;https://dadosabertos.camara.leg.br/api/v2/deputados/2196;MIGUEL CALMON;Miguel Calmon Du Pin e Almeida;
130105;https://dadosabertos.camara.leg.br/api/v2/deputados/130105;MOREIRA BRANDÃO;José Moreira Brandão Castello Branco Filho;
2517;https://dadosabertos.camara.leg.br/api/v2/deputados/2517;NAPOLEÃO GOMES;Arthur Napoleão Gomes Pereira da Silva;
2478;https://dadosabertos.camara.leg.br/api/v2/deputados/2478;ODILON DE ANDRADE;Odilon Barros Martins de Andrade;
2376;https://dadosabertos.camara.leg.br/api/v2/deputados/2376;OTÁVIO ROCHA;Octavio Francisco da Rocha;
2254;https://dadosabertos.camara.leg.br/api/v2/deputados/2254;PALMEIRA RIPPER;Arthur Palmeira Ripper;
4295;https://dadosabertos.camara.leg.br/api/v2/deputados/4295;PANFILO DE CARVALHO;Pamphilo Dutra Freire de Carvalho;
4273;https://dadosabertos.camara.leg.br/api/v2/deputados/4273;PEREIRA TEIXEIRA;Joaquim Pereira Teixeira;
2495;https://dadosabertos.camara.leg.br/api/v2/deputados/2495;PIRES REBELO;José Pires Rebello;
2441;https://dadosabertos.camara.leg.br/api/v2/deputados/2441;RAFAEL CABEDA;Raphael Cabeda;
2110;https://dadosabertos.camara.leg.br/api/v2/deputados/2110;RAIMUNDO DE MIRANDA;Raymundo Pontes de Miranda;
2383;https://dadosabertos.camara.leg.br/api/v2/deputados/2383;RAMIRO BRAGA;Ramiro Ferreira Saturnino Braga;
4299;https://dadosabertos.camara.leg.br/api/v2/deputados/4299;RAUL ALVES;Raul Alves de Souza;
1959;https://dadosabertos.camara.leg.br/api/v2/deputados/1959;RAUL BARROSO;Raul Capello Barroso;
4301;https://dadosabertos.camara.leg.br/api/v2/deputados/4301;RAUL CARDOSO;Raul Renato Cardoso de Mello;
2458;https://dadosabertos.camara.leg.br/api/v2/deputados/2458;SEABRA FILHO;José Joaquim Seabra Filho;
2153;https://dadosabertos.camara.leg.br/api/v2/deputados/2153;SIMEÃO LEAL;Antonio Simeão dos Santos Leal;
130144;https://dadosabertos.camara.leg.br/api/v2/deputados/130144;THEMÍSTOCLES DE ALMEIDA;Manoel Themístocles de Almeida;
1653;https://dadosabertos.camara.leg.br/api/v2/deputados/1653;TORQUATO MOREIRA;Torquato Rosa Moreira;
2501;https://dadosabertos.camara.leg.br/api/v2/deputados/2501;VEIGA MIRANDA;João Pedro da Veiga Miranda;
2446;https://dadosabertos.camara.leg.br/api/v2/deputados/2446;VERÍSSIMO DE MELO;Ignacio Veríssimo de Mello;
2508;https://dadosabertos.camara.leg.br/api/v2/deputados/2508;XAVIER MARQUES;Francisco Xavier Ferreira Marques;
2176;https://dadosabertos.camara.leg.br/api/v2/deputados/2176;ABDON BATISTA;Abdon Baptista;
2436;https://dadosabertos.camara.leg.br/api/v2/deputados/2436;AFONSO BARATA;Affonso Moreira de Loyola Barata;
2485;https://dadosabertos.camara.leg.br/api/v2/deputados/2485;ALBUQUERQUE MARANHÃO;Luiz de Gonzaga Albuquerque Maranhão;
4166;https://dadosabertos.camara.leg.br/api/v2/deputados/4166;ALFREDO DE MAIA;Alfredo de Maya;
2467;https://dadosabertos.camara.leg.br/api/v2/deputados/2467;AMÉRICO LOPES;Américo Ferreira Lopes;
2472;https://dadosabertos.camara.leg.br/api/v2/deputados/2472;ANTÔNIO AGUIRRE;Antonio Gomes Aguirre;
2413;https://dadosabertos.camara.leg.br/api/v2/deputados/2413;ANTONIO MARTINS;Antonio Martins Ferreira da Silva;
2191;https://dadosabertos.camara.leg.br/api/v2/deputados/2191;ANTONIO NOGUEIRA;Antonio Nogueira;
2488;https://dadosabertos.camara.leg.br/api/v2/deputados/2488;ANTÔNIO VICENTE;Antonio Vicente Pereira de Andrade;
2359;https://dadosabertos.camara.leg.br/api/v2/deputados/2359;ARISTARCO LOPES;Aristarco Xavier Lopes;
2404;https://dadosabertos.camara.leg.br/api/v2/deputados/2404;ARISTIDES CAIRE;Aristides Ferreira Caire;
2136;https://dadosabertos.camara.leg.br/api/v2/deputados/2136;ASTOLFO DUTRA;Astolpho Dutra Nicacio;
2361;https://dadosabertos.camara.leg.br/api/v2/deputados/2361;BALTAZAR PEREIRA;Balthazar de Albuquerque Martins Pereira;
2214;https://dadosabertos.camara.leg.br/api/v2/deputados/2214;COSTA MARQUES;Joaquim Augusto da Costa Marques;
4186;https://dadosabertos.camara.leg.br/api/v2/deputados/4186;CRISTIANO BRASIL;Christiano Pereira Brasil;
1872;https://dadosabertos.camara.leg.br/api/v2/deputados/1872;CUNHA LIMA;José Antonio Maria da Cunha Lima;
2502;https://dadosabertos.camara.leg.br/api/v2/deputados/2502;DEODATO MAIA;Deodato da Silva Maia;
2476;https://dadosabertos.camara.leg.br/api/v2/deputados/2476;EDGARDO DA CUNHA;Edgardo da Cunha Pereira Sobrinho;
2204;https://dadosabertos.camara.leg.br/api/v2/deputados/2204;EDUARDO SABÓIA;Eduardo Thomé de Saboya;
1593;https://dadosabertos.camara.leg.br/api/v2/deputados/1593;ELPÍDIO MESQUITA;Elpidio Pereira de Mesquita;
2447;https://dadosabertos.camara.leg.br/api/v2/deputados/2447;EUGÊNIO MÜLLER;Eugenio Luiz Müller;
4192;https://dadosabertos.camara.leg.br/api/v2/deputados/4192;FAUSTO FERRAZ;Fausto Dias Ferraz;
4209;https://dadosabertos.camara.leg.br/api/v2/deputados/4209;FÉLIX PACHECO;José Felix Alves Pacheco;
130142;https://dadosabertos.camara.leg.br/api/v2/deputados/130142;FRANCISCO BRESSANE;Francisco Bressane de Azevedo;
2349;https://dadosabertos.camara.leg.br/api/v2/deputados/2349;FRANCISCO PAOLIELLO;Francisco Paoliello;
1584;https://dadosabertos.camara.leg.br/api/v2/deputados/1584;FREDERICO BORGES;Frederico Augusto Borges;
4203;https://dadosabertos.camara.leg.br/api/v2/deputados/4203;GALEÃO CARVALHAL;João Galeão Carvalhal;
2432;https://dadosabertos.camara.leg.br/api/v2/deputados/2432;GERVÁSIO FIORAVANTI;Gervasio Fioravante Pires Ferreira;
4173;https://dadosabertos.camara.leg.br/api/v2/deputados/4173;GOMES LIMA;Antonio Gomes de Lima;
2477;https://dadosabertos.camara.leg.br/api/v2/deputados/2477;HERCULANO CÉSAR;Herculano Cesar Pereira da Silva;
2463;https://dadosabertos.camara.leg.br/api/v2/deputados/2463;HERCULANO PARGA;Herculano Nina Parga;
2459;https://dadosabertos.camara.leg.br/api/v2/deputados/2459;HERMÍNIO BARROSO;Herminio Barroso;
4199;https://dadosabertos.camara.leg.br/api/v2/deputados/4199;ILDEFONSO ALBANO;Ildefonso Albano;
2482;https://dadosabertos.camara.leg.br/api/v2/deputados/2482;INGLÊS DE SOUSA;Herculano Marcos Inglez de Souza;
2351;https://dadosabertos.camara.leg.br/api/v2/deputados/2351;JAIME GOMES;Jayme Gomes de Souza Lemos;
2503;https://dadosabertos.camara.leg.br/api/v2/deputados/2503;JOÃO MENEZES;João Menezes;
2428;https://dadosabertos.camara.leg.br/api/v2/deputados/2428;JOÃO PERNETA;João David Perneta;
2379;https://dadosabertos.camara.leg.br/api/v2/deputados/2379;JOSÉ TOLENTINO;José Tolentino de Carvalho;
1633;https://dadosabertos.camara.leg.br/api/v2/deputados/1633;JUSTINIANO DE SERPA;Justiniano de Serpa;
130140;https://dadosabertos.camara.leg.br/api/v2/deputados/130140;LAMOUNIER GODOFREDO;Antonio Affonso Lamounier Godofredo;
2195;https://dadosabertos.camara.leg.br/api/v2/deputados/2195;LEÃO VELOSO;Pedro Leão Velloso Filho;
1732;https://dadosabertos.camara.leg.br/api/v2/deputados/1732;LOURENÇO DE SÁ;Lourenço Augusto de Sá Albuquerque;
130143;https://dadosabertos.camara.leg.br/api/v2/deputados/130143;LUIZ XAVIER;Luiz Antonio Xavier;
2504;https://dadosabertos.camara.leg.br/api/v2/deputados/2504;MANUEL NOBRE;Manoel de Carvalho Nobre;
4219;https://dadosabertos.camara.leg.br/api/v2/deputados/4219;MÁRIO DE PAULA;Mario de Paula;
2461;https://dadosabertos.camara.leg.br/api/v2/deputados/2461;MENDES TAVARES;José Mendes Tavares;
2395;https://dadosabertos.camara.leg.br/api/v2/deputados/2395;MENDONÇA MARTINS;Manoel Joaquim de Mendonça Martins;
4221;https://dadosabertos.camara.leg.br/api/v2/deputados/4221;MIGUEL PALMEIRA;Miguel Soares Palmeira;
4222;https://dadosabertos.camara.leg.br/api/v2/deputados/4222;NELSON DE CASTRO;Nelson Ribeiro de Castro;
4233;https://dadosabertos.camara.leg.br/api/v2/deputados/4233;OSÓRIO DE PAIVA;Vicente Osorio de Paiva;
2407;https://dadosabertos.camara.leg.br/api/v2/deputados/2407;OTACÍLIO DE CAMARÁ;Octacilio Carvalho de Camará;
2484;https://dadosabertos.camara.leg.br/api/v2/deputados/2484;OTONI MACIEL;Ottoni Ferreira Maciel;
2462;https://dadosabertos.camara.leg.br/api/v2/deputados/2462;PAULO DE FRONTIN;André Gustavo Paulo de Frontin;
2492;https://dadosabertos.camara.leg.br/api/v2/deputados/2492;PEDRO CORREIA;Pedro Francisco Corrêa de Oliveira;
1735;https://dadosabertos.camara.leg.br/api/v2/deputados/1735;PEREIRA DE LIRA;Antonio Alves Pereira de Lyra;
4176;https://dadosabertos.camara.leg.br/api/v2/deputados/4176;PEREIRA OLIVEIRA;Antonio Pereira da Silva Oliveira;
2330;https://dadosabertos.camara.leg.br/api/v2/deputados/2330;PIRES DE CARVALHO;Joaquim Pires Muniz de Carvalho;
4177;https://dadosabertos.camara.leg.br/api/v2/deputados/4177;RAMOS CAIADO;Antonio Ramos Caiado;
4228;https://dadosabertos.camara.leg.br/api/v2/deputados/4228;RAUL SOARES;Raul Soares de Moura;
2469;https://dadosabertos.camara.leg.br/api/v2/deputados/2469;ROCHA MIRANDA;Octavio da Rocha Miranda;
1817;https://dadosabertos.camara.leg.br/api/v2/deputados/1817;RODRIGUES LIMA;Antonio Rodrigues Lima;
2056;https://dadosabertos.camara.leg.br/api/v2/deputados/2056;SABINO BARROSO;Sabino Alves Barroso Júnior;
4185;https://dadosabertos.camara.leg.br/api/v2/deputados/4185;SENA FIGUEIREDO;Bernardino de Senna Figueiredo;
2353;https://dadosabertos.camara.leg.br/api/v2/deputados/2353;SILVEIRA BRUM;Antonio da Silveira Brum;
4230;https://dadosabertos.camara.leg.br/api/v2/deputados/4230;SOLON DE LUCENA;Solon Barbosa de Lucena;
2483;https://dadosabertos.camara.leg.br/api/v2/deputados/2483;SOUSA CASTRO;Antonio Emiliano de Souza Castro;
2246;https://dadosabertos.camara.leg.br/api/v2/deputados/2246;TEIXEIRA BRANDÃO;João Carlos Teixeira Brandão;
1826;https://dadosabertos.camara.leg.br/api/v2/deputados/1826;TOMÁS CAVALCANTI;Thomaz Cavalcanti de Albuquerque;
2468;https://dadosabertos.camara.leg.br/api/v2/deputados/2468;TULO JAIME;Tullo Hostilio Jayme;
2493;https://dadosabertos.camara.leg.br/api/v2/deputados/2493;TURIANO CAMPELO;Manoel Turiano dos Reis Campello;
2460;https://dadosabertos.camara.leg.br/api/v2/deputados/2460;VICENTE SABÓIA;Vicente Saboya de Albuquerque;
4155;https://dadosabertos.camara.leg.br/api/v2/deputados/4155;AGAPITO PEREIRA;Manoel Agapito Pereira;
2449;https://dadosabertos.camara.leg.br/api/v2/deputados/2449;AGUIAR DE MELO;Serapião de Aguiar Mello;
4105;https://dadosabertos.camara.leg.br/api/v2/deputados/4105;ALBERTO DE ABREU;Alberto Ferreira de Abreu;
4143;https://dadosabertos.camara.leg.br/api/v2/deputados/4143;ALMEIDA FAGUNDES;João Frederico de Almeida Fagundes;
4107;https://dadosabertos.camara.leg.br/api/v2/deputados/4107;ÁLVARO BOTELHO;Álvaro Augusto de Andrade Botelho;
2320;https://dadosabertos.camara.leg.br/api/v2/deputados/2320;ANTONIO MUNIZ;Antonio Ferrão Muniz de Aragão;
2450;https://dadosabertos.camara.leg.br/api/v2/deputados/2450;ANTONIO ROLLEMBERG;Antonio Dias Rollemberg;
4147;https://dadosabertos.camara.leg.br/api/v2/deputados/4147;AUGUSTO DE FREITAS;José Augusto de Freitas;
2360;https://dadosabertos.camara.leg.br/api/v2/deputados/2360;AUGUSTO DO AMARAL;José Augusto do Amaral;
2423;https://dadosabertos.camara.leg.br/api/v2/deputados/2423;BARBOSA RODRIGUES;José Barbosa Rodrigues;
4111;https://dadosabertos.camara.leg.br/api/v2/deputados/4111;BUENO DE ANDRADA;Antonio Manoel Bueno de Andrada;
2429;https://dadosabertos.camara.leg.br/api/v2/deputados/2429;CALDAS FILHO;Thomaz Lins Caldas Filho;
2063;https://dadosabertos.camara.leg.br/api/v2/deputados/2063;CAMILO DE HOLANDA;Francisco Camillo de Hollanda;
4115;https://dadosabertos.camara.leg.br/api/v2/deputados/4115;CÂNDIDO MOTA;Candido Nazianzeno Nogueira da Motta;
2323;https://dadosabertos.camara.leg.br/api/v2/deputados/2323;CARLOS LEITÃO;Carlos Arthur da Silva Leitão;
2140;https://dadosabertos.camara.leg.br/api/v2/deputados/2140;CARLOS PEIXOTO FILHO;Carlos Peixoto de Mello Filho;
2281;https://dadosabertos.camara.leg.br/api/v2/deputados/2281;COELHO NETO;Henrique Coelho Netto;
1789;https://dadosabertos.camara.leg.br/api/v2/deputados/1789;COSTA JÚNIOR;Antonio José da Costa Junior;
2410;https://dadosabertos.camara.leg.br/api/v2/deputados/2410;DIOCLÉCIO BORGES;Dioclécio Barbosa Borges;
2415;https://dadosabertos.camara.leg.br/api/v2/deputados/2415;DOMINGOS DE FIGUEIREDO;Domingos de Figueiredo;
2132;https://dadosabertos.camara.leg.br/api/v2/deputados/2132;DUNSHEE DE ABRANCHES;João Dunshee de Abranches Moura;
4120;https://dadosabertos.camara.leg.br/api/v2/deputados/4120;EDUARDO STUDART;Eduardo Guilherme Osvaldo Studart;
4122;https://dadosabertos.camara.leg.br/api/v2/deputados/4122;ELIAS MARTINS;Elias Firmino de Souza Martins;
2218;https://dadosabertos.camara.leg.br/api/v2/deputados/2218;EPAMINONDAS OTONI;Epaminondas Esteves Ottoni;
2365;https://dadosabertos.camara.leg.br/api/v2/deputados/2365;ERASMO DE MACEDO;Erasmo Vieira de Macedo;
2451;https://dadosabertos.camara.leg.br/api/v2/deputados/2451;ESPERIDIÃO MONTEIRO;Esperidião Ferreira Monteiro;
2109;https://dadosabertos.camara.leg.br/api/v2/deputados/2109;EUSÉBIO DE ANDRADE;Euzebio Francisco de Andrade;
2431;https://dadosabertos.camara.leg.br/api/v2/deputados/2431;FÁBIO DE BARROS;Fábio da Silveira Barros;
1800;https://dadosabertos.camara.leg.br/api/v2/deputados/1800;FELISBELO FREIRE;Felisbello Firmo de Oliveira Freire;
2443;https://dadosabertos.camara.leg.br/api/v2/deputados/2443;FELIX DE MIRANDA;Antonio Felix de Miranda;
2336;https://dadosabertos.camara.leg.br/api/v2/deputados/2336;FLORIANO DE BRITO;Floriano Corrêa de Britto;
2388;https://dadosabertos.camara.leg.br/api/v2/deputados/2388;FRANCISCO ALVES;Francisco Alves dos Santos;
4132;https://dadosabertos.camara.leg.br/api/v2/deputados/4132;FREDERICO LUNDGREEN;Frederico João Lundgren;
2417;https://dadosabertos.camara.leg.br/api/v2/deputados/2417;GOMES FREIRE;Gomes Freire de Andrade;
2399;https://dadosabertos.camara.leg.br/api/v2/deputados/2399;GUSTAVO BARROSO;Gustavo Dodt Barroso;
4136;https://dadosabertos.camara.leg.br/api/v2/deputados/4136;HENRIQUE VALGA;Henrique de Almeida Valga;
4138;https://dadosabertos.camara.leg.br/api/v2/deputados/4138;HERMENEGILDO DE MORAIS;Hermenegildo Lopes de Moraes Filho;
2062;https://dadosabertos.camara.leg.br/api/v2/deputados/2062;HOSANNAH DE OLIVEIRA;João Hosannah de Oliveira;
4139;https://dadosabertos.camara.leg.br/api/v2/deputados/4139;ILDEFONSO PINTO;Ildefonso Soares Pinto;
1957;https://dadosabertos.camara.leg.br/api/v2/deputados/1957;IRINEU MACHADO;Irineu de Mello Machado;
1962;https://dadosabertos.camara.leg.br/api/v2/deputados/1962;JERÔNIMO MONTEIRO;Jerônimo de Souza Monteiro;
2374;https://dadosabertos.camara.leg.br/api/v2/deputados/2374;JOÃO BENÍCIO;João Benício da Silva;
2434;https://dadosabertos.camara.leg.br/api/v2/deputados/2434;JULIO MARANHÃO;Julio Carneiro de Albuquerque Maranhã;
2448;https://dadosabertos.camara.leg.br/api/v2/deputados/2448;LEBON REGIS;Gustavo Lebon Regis;
130137;https://dadosabertos.camara.leg.br/api/v2/deputados/130137;MANOEL BORBA;Manoel Antonio Pereira Borba;
4156;https://dadosabertos.camara.leg.br/api/v2/deputados/4156;MARCELO SILVA;Marcelo Francisco da Silva;
2345;https://dadosabertos.camara.leg.br/api/v2/deputados/2345;MAVIGNIER;Alfredo Octavio Mavignier;
4144;https://dadosabertos.camara.leg.br/api/v2/deputados/4144;MAXIMIANO DE FIGUEIREDO;João Maximiano de Figueiredo;
2367;https://dadosabertos.camara.leg.br/api/v2/deputados/2367;NETO CAMPELO;Manoel Netto Carneiro Campello;
4151;https://dadosabertos.camara.leg.br/api/v2/deputados/4151;PALMA;José Joaquim da Palma;
2149;https://dadosabertos.camara.leg.br/api/v2/deputados/2149;PASSOS DE MIRANDA;Antonio dos Passos Miranda Filho;
4158;https://dadosabertos.camara.leg.br/api/v2/deputados/4158;PAULO DE MELO;Paulo Julio de Mello;
2408;https://dadosabertos.camara.leg.br/api/v2/deputados/2408;PEDRO DOS REIS;Pedro Moutinho dos Reis;
2421;https://dadosabertos.camara.leg.br/api/v2/deputados/2421;PEDRO LUÍS;Pedro Luiz de Oliveira;
1900;https://dadosabertos.camara.leg.br/api/v2/deputados/1900;PEDRO MOACIR;Pedro Gonçalves Moacyr;
2276;https://dadosabertos.camara.leg.br/api/v2/deputados/2276;PEREIRA BRAGA;José Joaquim da Costa Pereira Braga;
4114;https://dadosabertos.camara.leg.br/api/v2/deputados/4114;PEREIRA NUNES;Benedito Gonçalves Pereira Nunes;
2445;https://dadosabertos.camara.leg.br/api/v2/deputados/2445;PONCE DE LEON;Luiz Carneiro de Campos Ponce de Leon;
1196;https://dadosabertos.camara.leg.br/api/v2/deputados/1196;SEBASTIÃO MASCARENHAS;Sebastião Gonçalves da Silva Mascarenhas;
2083;https://dadosabertos.camara.leg.br/api/v2/deputados/2083;SOARES DOS SANTOS;Luiz Soares dos Santos;
2333;https://dadosabertos.camara.leg.br/api/v2/deputados/2333;SOUZA BRITO;José Bernardo de Souza Brito;
130136;https://dadosabertos.camara.leg.br/api/v2/deputados/130136;SOUZA E SILVA;Augusto Carlos de Souza e Silva;
1869;https://dadosabertos.camara.leg.br/api/v2/deputados/1869;TEOTÔNIO DE BRITO;Theotonio Raymundo de Brito;
1833;https://dadosabertos.camara.leg.br/api/v2/deputados/1833;THOMAZ DELFINO;Thomaz Delfino dos Santos;
1780;https://dadosabertos.camara.leg.br/api/v2/deputados/1780;ADOLFO GORDO;Adolpho Affonso da Silva Gordo;
3502;https://dadosabertos.camara.leg.br/api/v2/deputados/3502;AGAPITO DOS SANTOS;Agapito Jorge dos Santos;
2316;https://dadosabertos.camara.leg.br/api/v2/deputados/2316;ALFREDO DE CARVALHO;Alfredo Alves de Carvalho;
2378;https://dadosabertos.camara.leg.br/api/v2/deputados/2378;ALVES COSTA;Joaquim Mariano Alves Costa;
2059;https://dadosabertos.camara.leg.br/api/v2/deputados/2059;ANTÔNIO BASTOS;Antonio Felinto de Souza Bastos;
3511;https://dadosabertos.camara.leg.br/api/v2/deputados/3511;ARTUR ORLANDO;Arthur Orlando da Silva;
2371;https://dadosabertos.camara.leg.br/api/v2/deputados/2371;AUGUSTO LEOPOLDO;Augusto Leopoldo Raposo da Camara;
3513;https://dadosabertos.camara.leg.br/api/v2/deputados/3513;AUGUSTO MONTEIRO;Augusto Carlos de Vasconcellos Monteiro;
2112;https://dadosabertos.camara.leg.br/api/v2/deputados/2112;AURÉLIO AMORIM;Aurelio Amorim;
1804;https://dadosabertos.camara.leg.br/api/v2/deputados/1804;BARROS LINS;José de Barros Albuquerque Lins;
2317;https://dadosabertos.camara.leg.br/api/v2/deputados/2317;BATISTA ACCIOLY;João Baptista Accioly Junior;
2348;https://dadosabertos.camara.leg.br/api/v2/deputados/2348;BATISTA DE MELO;Joaquim Baptista de Mello;
1631;https://dadosabertos.camara.leg.br/api/v2/deputados/1631;BEZERRIL FONTENELE;José Freire Bezerril Fontenelle;
2362;https://dadosabertos.camara.leg.br/api/v2/deputados/2362;BORGES DA FONSECA;Bento Borges da Fonseca;
1662;https://dadosabertos.camara.leg.br/api/v2/deputados/1662;CAETANO ALBUQUERQUE;Caetano Manuel de Faria e Albuquerque;
2322;https://dadosabertos.camara.leg.br/api/v2/deputados/2322;CAMPOS FRANÇA;José Alfredo de Campos França;
2156;https://dadosabertos.camara.leg.br/api/v2/deputados/2156;CARVALHO CHAVES;Antonio Augusto de Carvalho Chaves;
2295;https://dadosabertos.camara.leg.br/api/v2/deputados/2295;CORREIA DE FREITAS;Manoel Corrêa de Freitas;
3557;https://dadosabertos.camara.leg.br/api/v2/deputados/3557;COSTA RODRIGUES;Manoel Bernardino da Costa Rodrigues;
130119;https://dadosabertos.camara.leg.br/api/v2/deputados/130119;CRISTINO CRUZ;Christino Cruz;
2363;https://dadosabertos.camara.leg.br/api/v2/deputados/2363;CUNHA RABELO;José da Cunha Rabello;
3520;https://dadosabertos.camara.leg.br/api/v2/deputados/3520;DERALDO DIAS;Deraldo Dias;
2390;https://dadosabertos.camara.leg.br/api/v2/deputados/2390;DIAS DE BARROS;Antonio Dias de Barros;
2006;https://dadosabertos.camara.leg.br/api/v2/deputados/2006;DIOGO FORTUNA;Diogo Fernandes Alvarez Fortuna;
130103;https://dadosabertos.camara.leg.br/api/v2/deputados/130103;DIONÍSIO CERQUEIRA;Antonio Dionysio de Castro Cerqueira;
130104;https://dadosabertos.camara.leg.br/api/v2/deputados/130104;ELÍSIO DE ARAÚJO;Elysio de Araujo;
1765;https://dadosabertos.camara.leg.br/api/v2/deputados/1765;ÉRICO COELHO;Erico Marinho da Gama Coelho;
2387;https://dadosabertos.camara.leg.br/api/v2/deputados/2387;ESTEVAM MARCOLINO;Estevam Marcolino de Figueiredo;
2325;https://dadosabertos.camara.leg.br/api/v2/deputados/2325;FELINTO SAMPAIO;Felinto Cesar Sampaio;
2356;https://dadosabertos.camara.leg.br/api/v2/deputados/2356;FELIZARDO LEITE;Felizardo Toscano Leite Ferreira;
2208;https://dadosabertos.camara.leg.br/api/v2/deputados/2208;FIGUEIREDO ROCHA;João de Figueiredo Rocha;
3527;https://dadosabertos.camara.leg.br/api/v2/deputados/3527;FIRMO BRAGA;Firmo José da Costa Braga;
1650;https://dadosabertos.camara.leg.br/api/v2/deputados/1650;FLEURY CURADO;Sebastião Fleury Curado;
2307;https://dadosabertos.camara.leg.br/api/v2/deputados/2307;FRANCISCO PORTELA;Francisco Portella;
1561;https://dadosabertos.camara.leg.br/api/v2/deputados/1561;FRANCISCO VEIGA;Francisco Luiz da Veiga;
2326;https://dadosabertos.camara.leg.br/api/v2/deputados/2326;FREIRE DE CARVALHO FILHO;José Eduardo Freire de Carvalho Filho;
3695;https://dadosabertos.camara.leg.br/api/v2/deputados/3695;FRÓES DA CRUZ;Luiz Carlos Fróes da Cruz;
2290;https://dadosabertos.camara.leg.br/api/v2/deputados/2290;GARÇÃO STOCKLER;Eustachio Garção Stockler;
2334;https://dadosabertos.camara.leg.br/api/v2/deputados/2334;GENTIL FALCÃO;Antonio Gentil de Albuquerque Falcão;
2385;https://dadosabertos.camara.leg.br/api/v2/deputados/2385;GUSTAVO RICHARD;Gustavo Richard;
1752;https://dadosabertos.camara.leg.br/api/v2/deputados/1752;HOMERO BATISTA;Homero Baptista;
3504;https://dadosabertos.camara.leg.br/api/v2/deputados/3504;JACQUES OURIQUE;Alfredo Ernesto Jacques Ourique;
2355;https://dadosabertos.camara.leg.br/api/v2/deputados/2355;JOÃO CHAVES;João Baptista de Vasconcellos Chaves;
3620;https://dadosabertos.camara.leg.br/api/v2/deputados/3620;JOÃO DE SIQUEIRA;João de Siqueira Cavalcanti;
2076;https://dadosabertos.camara.leg.br/api/v2/deputados/2076;JOÃO GAYOSO;João Henrique de Souza Gayoso e Almendra;
3537;https://dadosabertos.camara.leg.br/api/v2/deputados/3537;JOÃO LOPES;João Lopes Ferreira Filho;
1693;https://dadosabertos.camara.leg.br/api/v2/deputados/1693;JOÃO LUIS CAMPOS;João Luiz de Campos;
2344;https://dadosabertos.camara.leg.br/api/v2/deputados/2344;JOÃO PEDRO;João Pedro de Carvalho Vieira;
3552;https://dadosabertos.camara.leg.br/api/v2/deputados/3552;JOSÉ BEZERRA;José Rufino Bezerra Cavalcanti;
3549;https://dadosabertos.camara.leg.br/api/v2/deputados/3549;JOSÉ MARIANO;José Mariano Carneiro da Cunha;
2337;https://dadosabertos.camara.leg.br/api/v2/deputados/2337;JOSÉ MEIRELES;José Meireles Alves Moreira;
3554;https://dadosabertos.camara.leg.br/api/v2/deputados/3554;JOVINIANO DE CARVALHO;Joviniano Joaquim de Carvalho;
3555;https://dadosabertos.camara.leg.br/api/v2/deputados/3555;JÚLIO LEITE;Julio Pereira Leite;
1877;https://dadosabertos.camara.leg.br/api/v2/deputados/1877;LAMENHA LINS;Bento José Lamenha Lins;
2319;https://dadosabertos.camara.leg.br/api/v2/deputados/2319;LUCIANO PEREIRA;Luciano Pereira da Silva;
3559;https://dadosabertos.camara.leg.br/api/v2/deputados/3559;MARTIM FRANCISCO;Martim Francisco Ribeiro de Andrada Filho;
1734;https://dadosabertos.camara.leg.br/api/v2/deputados/1734;MEIRA VASCONCELOS;José Vicente Meira de Vasconcellos;
2391;https://dadosabertos.camara.leg.br/api/v2/deputados/2391;MOREIRA GUIMARÃES;José Maria Moreira Guimarães;
2145;https://dadosabertos.camara.leg.br/api/v2/deputados/2145;NOGUEIRA;José Bento Nogueira;
2346;https://dadosabertos.camara.leg.br/api/v2/deputados/2346;OSCAR MARQUES;Oscar da Costa Marques;
2209;https://dadosabertos.camara.leg.br/api/v2/deputados/2209;PEDRO DE CARVALHO;Pedro Pereira de Carvalho;
2267;https://dadosabertos.camara.leg.br/api/v2/deputados/2267;PEDRO MARIANI;Pedro Mariani;
2275;https://dadosabertos.camara.leg.br/api/v2/deputados/2275;PENNAFORT CALDAS;Raymundo Pennafort Caldas;
2308;https://dadosabertos.camara.leg.br/api/v2/deputados/2308;PORTO SOBRINHO;José Pereira Rodrigues Porto Sobrinho;
2331;https://dadosabertos.camara.leg.br/api/v2/deputados/2331;RAFAEL PINHEIRO;Raphael Pinheiro;
1888;https://dadosabertos.camara.leg.br/api/v2/deputados/1888;RAIMUNDO ARTUR;Raymundo Arthur de Vasconcellos;
2368;https://dadosabertos.camara.leg.br/api/v2/deputados/2368;REGO MEDEIROS;Antonio Ignacio do Rego Medeiros;
1809;https://dadosabertos.camara.leg.br/api/v2/deputados/1809;ROCHA CAVALCANTI;José da Rocha Cavalcanti;
1983;https://dadosabertos.camara.leg.br/api/v2/deputados/1983;RODOLFO PAIXÃO;Rodolpho Gustavo da Paixão;
2339;https://dadosabertos.camara.leg.br/api/v2/deputados/2339;RODRIGUES SALES FILHO;Francisco Antonio Rodrigues Salles Filho;
2150;https://dadosabertos.camara.leg.br/api/v2/deputados/2150;ROGÉRIO DE MIRANDA;Rogerio Corrêa de Miranda;
2294;https://dadosabertos.camara.leg.br/api/v2/deputados/2294;SERÁFICO DA NÓBREGA;Francisco Seraphico da Nobrega;
2369;https://dadosabertos.camara.leg.br/api/v2/deputados/2369;SÉRGIO DE MAGALHÃES;Sérgio Nunes de Magalhães;
1711;https://dadosabertos.camara.leg.br/api/v2/deputados/1711;SERZEDELO CORREIA;Innocencio Serzedello Corrêa;
1917;https://dadosabertos.camara.leg.br/api/v2/deputados/1917;SILVA CASTRO;Luiz da Silva Castro;
2318;https://dadosabertos.camara.leg.br/api/v2/deputados/2318;TIBÚRCIO DE CARVALHO;Tiburcio Alves de Carvalho;
2031;https://dadosabertos.camara.leg.br/api/v2/deputados/2031;VIRGÍLIO BRÍGIDO;Virgilio Brigido;
130106;https://dadosabertos.camara.leg.br/api/v2/deputados/130106;VÍTOR DE BRITO;Victor de Brito;
2340;https://dadosabertos.camara.leg.br/api/v2/deputados/2340;VÍTOR SILVEIRA;Victor de Assis Silveira;
2283;https://dadosabertos.camara.leg.br/api/v2/deputados/2283;ADJUTO;Antonio Garcia Adjuto;
2068;https://dadosabertos.camara.leg.br/api/v2/deputados/2068;AFONSO COSTA;Affonso Gonçalves Ferreira da Costa;
1761;https://dadosabertos.camara.leg.br/api/v2/deputados/1761;ALCINDO GUANABARA;Alcindo Guanabara;
1783;https://dadosabertos.camara.leg.br/api/v2/deputados/1783;ÂNGELO PINHEIRO;Ângelo Gomes Pinheiro Machado;
2303;https://dadosabertos.camara.leg.br/api/v2/deputados/2303;ANÍBAL DE CARVALHO;Aníbal Teixeira de Carvalho;
2262;https://dadosabertos.camara.leg.br/api/v2/deputados/2262;ANTÔNIO DANTAS;Antonio da Costa Pinto Dantas;
2237;https://dadosabertos.camara.leg.br/api/v2/deputados/2237;ANTUNES MACIEL;Francisco Antunes Maciel;
3587;https://dadosabertos.camara.leg.br/api/v2/deputados/3587;ARAUJO PINHEIRO;Carlos José de Araujo Pinheiro;
1575;https://dadosabertos.camara.leg.br/api/v2/deputados/1575;ARISTIDES ESPÍNOLA;Aristides de Souza Spínola;
2243;https://dadosabertos.camara.leg.br/api/v2/deputados/2243;BALTAZAR BERNARDINO;Balthazar Bernardino Baptista Pereira;
1763;https://dadosabertos.camara.leg.br/api/v2/deputados/1763;BAPTISTA DA MOTTA;João Baptista da Motta;
2126;https://dadosabertos.camara.leg.br/api/v2/deputados/2126;BERNARDO HORTA;Bernardo Horta de Araújo;
2193;https://dadosabertos.camara.leg.br/api/v2/deputados/2193;BERNARDO JAMBEIRO;Bernardo José Jambeiro;
2137;https://dadosabertos.camara.leg.br/api/v2/deputados/2137;BERNARDO MONTEIRO;Bernardo Pinto Monteiro;
3599;https://dadosabertos.camara.leg.br/api/v2/deputados/3599;BUENO DE PAIVA;Francisco Álvaro Bueno de Paiva;
2122;https://dadosabertos.camara.leg.br/api/v2/deputados/2122;BULHÕES MARCIAL;João de Bulhões Mattos Marcial;
3637;https://dadosabertos.camara.leg.br/api/v2/deputados/3637;CAMPOS CARITIER;Manoel de Campos Cartier;
2066;https://dadosabertos.camara.leg.br/api/v2/deputados/2066;CARLOS CAVALCANTI;Carlos Cavalcanti de Albuquerque;
3571;https://dadosabertos.camara.leg.br/api/v2/deputados/3571;CASSIANO DO NASCIMENTO;Alexandre Cassiano do Nascimento;
2263;https://dadosabertos.camara.leg.br/api/v2/deputados/2263;COSTA PINTO;Joaquim de Aguiar Costa Pinto;
3588;https://dadosabertos.camara.leg.br/api/v2/deputados/3588;DELFIM MOREIRA;Delphim Moreira da Costa Ribeiro;
3589;https://dadosabertos.camara.leg.br/api/v2/deputados/3589;DEMÓCRITO GRACINDO;Democrito Brandão Gracindo;
2226;https://dadosabertos.camara.leg.br/api/v2/deputados/2226;DIOCLÉCIO DE CAMPOS;Deoclecio Marinho de Campos;
2157;https://dadosabertos.camara.leg.br/api/v2/deputados/2157;DOMINGOS GONÇALVES;Domingos de Souza Leão Gonçalves;
2116;https://dadosabertos.camara.leg.br/api/v2/deputados/2116;DOMINGOS GUIMARÃES;Domingos Rodrigues Guimarães;
2217;https://dadosabertos.camara.leg.br/api/v2/deputados/2217;DOMINGOS PENA;Domingos Moreira dos Santos Penna;
130101;https://dadosabertos.camara.leg.br/api/v2/deputados/130101;DUARTE DE ABREU;DUARTE DE ABREU;
3594;https://dadosabertos.camara.leg.br/api/v2/deputados/3594;EDUARDO SÓCRATES;Eduardo Arthur Socrates;
2022;https://dadosabertos.camara.leg.br/api/v2/deputados/2022;EPAMINONDAS GRACINDO;Epaminondas Hypólito Gracindo;
2072;https://dadosabertos.camara.leg.br/api/v2/deputados/2072;ESMERALDINO BANDEIRA;Esmeraldino Olympio de Torres Bandeira;
3598;https://dadosabertos.camara.leg.br/api/v2/deputados/3598;EUCLIDES BARROSO;Euclides Barroso;
3625;https://dadosabertos.camara.leg.br/api/v2/deputados/3625;FARIA NEVES SOBRINHO;Joaquim José de Faria Neves Sobrinho;
2192;https://dadosabertos.camara.leg.br/api/v2/deputados/2192;FERREIRA PENA;Henrique Ferreira Penna de Azevedo;
2264;https://dadosabertos.camara.leg.br/api/v2/deputados/2264;FRANCISCO DRUMOND;Francisco Luiz da Costa Drumond;
2185;https://dadosabertos.camara.leg.br/api/v2/deputados/2185;FRANCISCO ROMEIRO;Francisco Marcondes Romeiro;
2282;https://dadosabertos.camara.leg.br/api/v2/deputados/2282;GENEROSO PONCE;Generoso Paes Leme de Souza Ponce;
3605;https://dadosabertos.camara.leg.br/api/v2/deputados/3605;GERMANO HASSLOCHER;Germano Hasslocher;
2029;https://dadosabertos.camara.leg.br/api/v2/deputados/2029;GONÇALO SOUTO;Gonçalo de Almeida Souto;
2301;https://dadosabertos.camara.leg.br/api/v2/deputados/2301;GONÇALVES DE ALMEIDA;José Gonçalves de Almeida;
2313;https://dadosabertos.camara.leg.br/api/v2/deputados/2313;GUMERCINDO BESSA;Gumercindo de Araujo Bessa;
1597;https://dadosabertos.camara.leg.br/api/v2/deputados/1597;HENRIQUE SALES;Henrique de Magalhães Salles;
2272;https://dadosabertos.camara.leg.br/api/v2/deputados/2272;HONÓRIO GURGEL;Honorio Gurgel;
2186;https://dadosabertos.camara.leg.br/api/v2/deputados/2186;JESUINO CARDOSO;Jesuino Ubaldo Cardoso de Mello;
2239;https://dadosabertos.camara.leg.br/api/v2/deputados/2239;JOÃO ABOTT;João Abott;
2086;https://dadosabertos.camara.leg.br/api/v2/deputados/2086;JOÃO BATISTA;João Baptista Pereira dos Santos;
2206;https://dadosabertos.camara.leg.br/api/v2/deputados/2206;JOÃO CORDEIRO;João Cordeiro;
3621;https://dadosabertos.camara.leg.br/api/v2/deputados/3621;JOÃO VIEIRA;João Vieira de Araújo;
2234;https://dadosabertos.camara.leg.br/api/v2/deputados/2234;JOAQUIM CRUZ;Joaquim Antonio da Cruz;
4440;https://dadosabertos.camara.leg.br/api/v2/deputados/4440;JOSÉ CARLOS;José Carlos de Carvalho;
3628;https://dadosabertos.camara.leg.br/api/v2/deputados/3628;JOSÉ INACIO;José Ignacio da Silva;
3629;https://dadosabertos.camara.leg.br/api/v2/deputados/3629;JOSÉ MARCELINO;José Marcelino da Rosa e Silva;
3627;https://dadosabertos.camara.leg.br/api/v2/deputados/3627;JOSÉ MURTINHO;José Antonio Murtinho;
3624;https://dadosabertos.camara.leg.br/api/v2/deputados/3624;LEITE DE CASTRO;Joaquim Domingues Leite de Castro;
3632;https://dadosabertos.camara.leg.br/api/v2/deputados/3632;LEOPOLDO LINS;Leopoldo Marinho de Paula Lins;
3633;https://dadosabertos.camara.leg.br/api/v2/deputados/3633;LEOVIGILDO FILGUEIRAS;Leovigildo do Ypiranga Amorim Filgueiras;
2236;https://dadosabertos.camara.leg.br/api/v2/deputados/2236;LINDOLFO CÂMARA;João Lindolfo Camara;
3581;https://dadosabertos.camara.leg.br/api/v2/deputados/3581;LOBO JURUMENHA;Antonio Pinheiro Lobo de Menezes Jurumenha;
3635;https://dadosabertos.camara.leg.br/api/v2/deputados/3635;LUÍS ADOLFO;Luiz Adolpho Corrêa da Costa;
3636;https://dadosabertos.camara.leg.br/api/v2/deputados/3636;LUÍS MURAT;LUIZ NORTON BARRETO MURAT;
2074;https://dadosabertos.camara.leg.br/api/v2/deputados/2074;MEDEIROS E ALBUQUERQUE;José de Medeiros e Albuquerque;
1148;https://dadosabertos.camara.leg.br/api/v2/deputados/1148;MONJARDIM;Alpheu Adolpho Monjardim de Andrade e Almeida;
2273;https://dadosabertos.camara.leg.br/api/v2/deputados/2273;MONTEIRO LOPES;Manoel da Motta Monteiro Lopes;
1858;https://dadosabertos.camara.leg.br/api/v2/deputados/1858;OLEGÁRIO MACIEL;Olegario Dias Maciel;
2215;https://dadosabertos.camara.leg.br/api/v2/deputados/2215;PAES BARRETO;João Francisco de Novaes Paes Barreto;
1920;https://dadosabertos.camara.leg.br/api/v2/deputados/1920;PAULA RAMOS;Victorino de Paula Ramos;
2314;https://dadosabertos.camara.leg.br/api/v2/deputados/2314;PEDRO DÓRIA;Pedro Rodrigues da Costa Doria;
1993;https://dadosabertos.camara.leg.br/api/v2/deputados/1993;PEDRO PERNAMBUCO;Pedro José de Oliveira Pernambuco;
3644;https://dadosabertos.camara.leg.br/api/v2/deputados/3644;PEDRO VIANA;Pedro Vicente Viana;
2268;https://dadosabertos.camara.leg.br/api/v2/deputados/2268;PLINIO COSTA;Plinio de Magalhães Costa;
3646;https://dadosabertos.camara.leg.br/api/v2/deputados/3646;PRUDÊNCIO MILANEZ;Prudencio Cotegipe Milanez;
132149;https://dadosabertos.camara.leg.br/api/v2/deputados/132149;RIVADÁVIA CORREIA;Rivadavia da Cunha Corrêa;
1797;https://dadosabertos.camara.leg.br/api/v2/deputados/1797;RODOLFO MIRANDA;Rodolpho Nogueira da Rocha Miranda;
3639;https://dadosabertos.camara.leg.br/api/v2/deputados/3639;SAMPAIO MARQUES;Manoel Sampaio Marques;
130102;https://dadosabertos.camara.leg.br/api/v2/deputados/130102;SERGIO BARRETO;SERGIO PAES BARRETO;
2030;https://dadosabertos.camara.leg.br/api/v2/deputados/2030;SÉRGIO SABÓIA;Domingos Sérgio de Sabóia e Silva;
2315;https://dadosabertos.camara.leg.br/api/v2/deputados/2315;SILVA MARQUES;Antonio Pedro da Silva Marques;
1891;https://dadosabertos.camara.leg.br/api/v2/deputados/1891;SOUZA MENDES;Alvaro Teixeira de Souza Mendes;
1994;https://dadosabertos.camara.leg.br/api/v2/deputados/1994;TEIXEIRA DE SÁ;Francisco Teixeira de Sá;
3649;https://dadosabertos.camara.leg.br/api/v2/deputados/3649;WALDEMIRO MOREIRA;Waldemiro Moreira;
3650;https://dadosabertos.camara.leg.br/api/v2/deputados/3650;ADALBERTO FERRAZ;Adalberto Dias Ferraz da Luz;
1875;https://dadosabertos.camara.leg.br/api/v2/deputados/1875;ALENCAR GUIMARÃES;Manoel de Alencar Guimarães;
2178;https://dadosabertos.camara.leg.br/api/v2/deputados/2178;AMARAL CÉSAR;Antonio do Amaral Cesar;
2242;https://dadosabertos.camara.leg.br/api/v2/deputados/2242;AMÉRICO WERNECK;Américo Werneck;
3652;https://dadosabertos.camara.leg.br/api/v2/deputados/3652;ÂNGELO NETO;Ângelo José da Silva Neto;
2230;https://dadosabertos.camara.leg.br/api/v2/deputados/2230;APOLINÁRIO MARANHÃO;Apollinario Florentino de Albuquerque Maranhão;
1985;https://dadosabertos.camara.leg.br/api/v2/deputados/1985;APOLÔNIO ZENAIDES;Apollonio Zenaydes Peregrino de Albuquerque;
3657;https://dadosabertos.camara.leg.br/api/v2/deputados/3657;ARLINDO NOGUEIRA;Arlindo Francisco Nogueira;
3684;https://dadosabertos.camara.leg.br/api/v2/deputados/3684;ARROXELAS GALVÃO;José Bernardo de Arroxelas Galvão;
3682;https://dadosabertos.camara.leg.br/api/v2/deputados/3682;BARROS FRANCO JUNIOR;José de Barros Franco Junior;
2040;https://dadosabertos.camara.leg.br/api/v2/deputados/2040;BENEDITO DE SOUSA;Benedicto Chrispiniano de Souza;
3683;https://dadosabertos.camara.leg.br/api/v2/deputados/3683;BERNARDES DE FARIA;José Bernardes de Faria;
2115;https://dadosabertos.camara.leg.br/api/v2/deputados/2115;BULCÃO VIANA;Francisco Vicente Bulcão Vianna;
2139;https://dadosabertos.camara.leg.br/api/v2/deputados/2139;CAMILO SOARES FILHO;Camilo Soares de Moura Filho;
2227;https://dadosabertos.camara.leg.br/api/v2/deputados/2227;CASTRO PINTO;João Pereira de Castro Pinto;
130113;https://dadosabertos.camara.leg.br/api/v2/deputados/130113;CORNÉLIO DA FONSECA;Francisco Cornelio da Fonseca Lima;
2142;https://dadosabertos.camara.leg.br/api/v2/deputados/2142;DAVID CAMPISTA;David Moretzhon Campista;
3664;https://dadosabertos.camara.leg.br/api/v2/deputados/3664;FAUSTO CARDOSO;Fausto de Aguiar Cardoso;
2171;https://dadosabertos.camara.leg.br/api/v2/deputados/2171;FIDÉLIS ALVES;Fidelis de Azevedo Alves;
3666;https://dadosabertos.camara.leg.br/api/v2/deputados/3666;FRANCISCO BERNARDINO;Francisco Bernardino Rodrigues Silva;
2173;https://dadosabertos.camara.leg.br/api/v2/deputados/2173;GALVÃO BATISTA;Benedicto Galvão Pereira Baptista;
1620;https://dadosabertos.camara.leg.br/api/v2/deputados/1620;GARCIA PIRES;Garcia Dias Pires de Carvalho e Albuquerque;
2210;https://dadosabertos.camara.leg.br/api/v2/deputados/2210;GRACIANO NEVES;Graciano dos Santos Neves;
1956;https://dadosabertos.camara.leg.br/api/v2/deputados/1956;HERÉDIA DE SÁ;Arthur Ambrosio Heredia de Sá;
3672;https://dadosabertos.camara.leg.br/api/v2/deputados/3672;JAMES DARCY;James Fitzgerald Darcy;
3675;https://dadosabertos.camara.leg.br/api/v2/deputados/3675;JOÃO LUÍS ALVES;João Luiz Alves;
2221;https://dadosabertos.camara.leg.br/api/v2/deputados/2221;JOÃO QUINTINO;João Quintino Teixeira;
2039;https://dadosabertos.camara.leg.br/api/v2/deputados/2039;JOSÉ EUSÉBIO;José Euzébio de Carvalho Oliveira;
2034;https://dadosabertos.camara.leg.br/api/v2/deputados/2034;JOSÉ MONJARDIM;José Francisco Monjardim;
3689;https://dadosabertos.camara.leg.br/api/v2/deputados/3689;JOSÉ PEREGRINO;José Peregrino de Araujo;
3693;https://dadosabertos.camara.leg.br/api/v2/deputados/3693;JOSINO DE MENEZES;Josino de Menezes;
1854;https://dadosabertos.camara.leg.br/api/v2/deputados/1854;LINDOLFO CAETANO;Lindolfo Caetano de Souza e Silva;
3694;https://dadosabertos.camara.leg.br/api/v2/deputados/3694;LUÍS GUALBERTO;Luiz Antonio Ferreira Gualberto;
1991;https://dadosabertos.camara.leg.br/api/v2/deputados/1991;MALAQUIAS GONÇALVES;Malaquias Antonio Gonçalves;
2256;https://dadosabertos.camara.leg.br/api/v2/deputados/2256;MANUEL BOMFIM;Manoel José Bomfim;
1642;https://dadosabertos.camara.leg.br/api/v2/deputados/1642;MAYRINK;Francisco de Paula Mayrink;
2125;https://dadosabertos.camara.leg.br/api/v2/deputados/2125;MELO MATOS;José Candido de Albuquerque Mello Mattos;
2228;https://dadosabertos.camara.leg.br/api/v2/deputados/2228;MENEZES DÓRIA;João Menezes Doria;
3673;https://dadosabertos.camara.leg.br/api/v2/deputados/3673;NEIVA;João Augusto Neiva;
3677;https://dadosabertos.camara.leg.br/api/v2/deputados/3677;NOGUEIRA JAGUARIBE;João Nogueira Jaguaribe;
3702;https://dadosabertos.camara.leg.br/api/v2/deputados/3702;ODALBERTO PEREIRA;Odalberto Pereira;
1802;https://dadosabertos.camara.leg.br/api/v2/deputados/1802;OLIVEIRA VALADÃO;Manoel Prisciliano de Oliveira Valadão;
2189;https://dadosabertos.camara.leg.br/api/v2/deputados/2189;OTÁVIO LESSA;Octavio Rocha de Lemos Lessa;
2152;https://dadosabertos.camara.leg.br/api/v2/deputados/2152;PAULA E SILVA;João Leite de Paula e Silva;
3668;https://dadosabertos.camara.leg.br/api/v2/deputados/3668;PAULA GUIMARÃES;Francisco de Paula Oliveira Guimarães;
1796;https://dadosabertos.camara.leg.br/api/v2/deputados/1796;PAULINO CARLOS;Paulino Carlos de Arruda Botelho;
3680;https://dadosabertos.camara.leg.br/api/v2/deputados/3680;PEDREIRA FRANCO;Joaquim Arthur Pedreira Franco;
2090;https://dadosabertos.camara.leg.br/api/v2/deputados/2090;PEREIRA LIMA;Antonio Augusto Pereira Lima;
2079;https://dadosabertos.camara.leg.br/api/v2/deputados/2079;PEREIRA REIS;Manoel Pereira Reis;
2104;https://dadosabertos.camara.leg.br/api/v2/deputados/2104;REBOUÇAS DE CARVALHO;José Rebouças de Carvalho;
3691;https://dadosabertos.camara.leg.br/api/v2/deputados/3691;ROCHA LEAL;José da Rocha Leal;
2224;https://dadosabertos.camara.leg.br/api/v2/deputados/2224;RODOLFO FERREIRA;Rodolpho Custodio Ferreira;
3699;https://dadosabertos.camara.leg.br/api/v2/deputados/3699;RODRIGUES PEIXOTO;Manoel Rodrigues Peixoto;
3688;https://dadosabertos.camara.leg.br/api/v2/deputados/3688;RODRIGUES SALDANHA;José Joaquim Rodrigues Saldanha;
1960;https://dadosabertos.camara.leg.br/api/v2/deputados/1960;SÁ FREIRE;Melciades Mario de Sá Freire;
2202;https://dadosabertos.camara.leg.br/api/v2/deputados/2202;SALVADOR PIRES;Salvador Pires de Carvalho e Albuquerque;
3681;https://dadosabertos.camara.leg.br/api/v2/deputados/3681;TOSTA;Joaquim Ignácio Tosta;
1902;https://dadosabertos.camara.leg.br/api/v2/deputados/1902;VESPASIANO DE ALBUQERQUE;Vespasiano Gonçalves de Albuquerque e Silva;
1903;https://dadosabertos.camara.leg.br/api/v2/deputados/1903;VICTORINO MONTEIRO;Victorino Ribeiro Carneiro Monteiro;
2233;https://dadosabertos.camara.leg.br/api/v2/deputados/2233;VIRGÍNIO MARQUES;Virginio Marques Carneiro Leão;
2058;https://dadosabertos.camara.leg.br/api/v2/deputados/2058;VIRIATO MASCARENHAS;Viriato Diniz Mascarenhas;
2229;https://dadosabertos.camara.leg.br/api/v2/deputados/2229;VÍTOR DO AMARAL;Victor Ferreira do Amaral e Silva;
2148;https://dadosabertos.camara.leg.br/api/v2/deputados/2148;WENCESLÁU BRÁS;Wencesláu Brás Pereira Gomes;
2038;https://dadosabertos.camara.leg.br/api/v2/deputados/2038;XAVIER DE ALMEIDA;José Xavier de Almeida;
1569;https://dadosabertos.camara.leg.br/api/v2/deputados/1569;ABDON MILANEZ;Abdon Felinto Milanez;
2165;https://dadosabertos.camara.leg.br/api/v2/deputados/2165;ABELARDO TEIXEIRA;Abelardo Saturnino Teixeira de Mello;
1946;https://dadosabertos.camara.leg.br/api/v2/deputados/1946;ADALBERTO GUIMARÃES;Manoel Adalberto de Oliveira Guimarães;
1209;https://dadosabertos.camara.leg.br/api/v2/deputados/1209;ALBERTO BEZAMAT;Alberto Bezamat;
2167;https://dadosabertos.camara.leg.br/api/v2/deputados/2167;ALFREDO BACKER;Alfredo Augusto Guimarães Backer;
3717;https://dadosabertos.camara.leg.br/api/v2/deputados/3717;ALFREDO VARELA;Alfredo Augusto Varela de Vilares;
2168;https://dadosabertos.camara.leg.br/api/v2/deputados/2168;ÁLVARES DE AZEVEDO;Manoel Antonio Alvares de Azevedo Sobrinho;
2025;https://dadosabertos.camara.leg.br/api/v2/deputados/2025;ALVES BARBOSA;Manoel José Alves Barbosa;
2121;https://dadosabertos.camara.leg.br/api/v2/deputados/2121;AMÉRICO DE ALBUQUERQUE;Americo de Albuquerque;
1887;https://dadosabertos.camara.leg.br/api/v2/deputados/1887;ANÍSIO DE ABREU;Anisio Auto de Abreu;
1972;https://dadosabertos.camara.leg.br/api/v2/deputados/1972;ANTONIO ZACARIAS;Antonio Zacarias Álvares da Silva;
2133;https://dadosabertos.camara.leg.br/api/v2/deputados/2133;AQUINO RIBEIRO;João de Aquino Ribeiro;
3728;https://dadosabertos.camara.leg.br/api/v2/deputados/3728;ARTUR TORRES;Arthur Ferreira Torres;
130107;https://dadosabertos.camara.leg.br/api/v2/deputados/130107;AUGUSTO DE VASCONCELOS;Augusto de Vasconcellos;
3770;https://dadosabertos.camara.leg.br/api/v2/deputados/3770;AZEVEDO MARQUES;José Manoel de Azevedo Marques;
1906;https://dadosabertos.camara.leg.br/api/v2/deputados/1906;BELISÁRIO DE SOUZA;Belisario Augusto Soares de Souza;
2128;https://dadosabertos.camara.leg.br/api/v2/deputados/2128;BERNARDO ANTONIO;Bernardo Antonio de Faria Albernaz;
3733;https://dadosabertos.camara.leg.br/api/v2/deputados/3733;BERNARDO DE CAMPOS;Bernardo de Souza Campos;
1866;https://dadosabertos.camara.leg.br/api/v2/deputados/1866;BRÍCIO FILHO;Jayme Pombo Bricio Filho;
3734;https://dadosabertos.camara.leg.br/api/v2/deputados/3734;CÂNDIDO DE ABREU;Cândido Ferreira de Abreu;
2181;https://dadosabertos.camara.leg.br/api/v2/deputados/2181;CÂNDIDO RODRIGUES;Antonio Candido Rodrigues;
1867;https://dadosabertos.camara.leg.br/api/v2/deputados/1867;CARLOS DE NOVAES;Carlos Augusto Valente de Novaes;
3737;https://dadosabertos.camara.leg.br/api/v2/deputados/3737;CARLOS OTONI;Carlos Honório Benedicto Ottoni;
1948;https://dadosabertos.camara.leg.br/api/v2/deputados/1948;CASTRO REBELO;Joaquim Macedo de Castro Rebello;
2069;https://dadosabertos.camara.leg.br/api/v2/deputados/2069;CELSO DE SOUSA;Celso Florentino Henriques de Souza;
2123;https://dadosabertos.camara.leg.br/api/v2/deputados/2123;CORREIA DUTRA;Francisco Corrêa Dutra;
3773;https://dadosabertos.camara.leg.br/api/v2/deputados/3773;COSTA NETO;José da Silva Costa Neto;
2170;https://dadosabertos.camara.leg.br/api/v2/deputados/2170;CRUVELO CAVALCANTI;João Cruvello Cavalcanti;
2131;https://dadosabertos.camara.leg.br/api/v2/deputados/2131;DIAS VIEIRA;Manoel Ignacio Dias Vieira;
1926;https://dadosabertos.camara.leg.br/api/v2/deputados/1926;DOMINGUES DE CASTRO;Manoel Jacintho Domingues de Castro;
2046;https://dadosabertos.camara.leg.br/api/v2/deputados/2046;EDUARDO PIMENTEL;Eduardo Augusto Pimentel Barbosa;
3741;https://dadosabertos.camara.leg.br/api/v2/deputados/3741;EDUARDO RAMOS;Eduardo Pires Ramos;
2070;https://dadosabertos.camara.leg.br/api/v2/deputados/2070;ELPÍDIO FIGUEIREDO;Elpídio de Abreu Lima Figueiredo;
3743;https://dadosabertos.camara.leg.br/api/v2/deputados/3743;ENÉAS MARTINS;Enéas Martins;
1989;https://dadosabertos.camara.leg.br/api/v2/deputados/1989;ERMÍRIO COUTINHO;Ermírio Cesar Coutinho;
2048;https://dadosabertos.camara.leg.br/api/v2/deputados/2048;ESTEVÃO LOBO;Estevão Lobo Leite Pereira;
2026;https://dadosabertos.camara.leg.br/api/v2/deputados/2026;FÉLIX GASPAR;Félix Gaspar de Barros e Almeida;
2015;https://dadosabertos.camara.leg.br/api/v2/deputados/2015;FERNANDO PRESTES;Fernando Prestes de Albuquerque;
1767;https://dadosabertos.camara.leg.br/api/v2/deputados/1767;FONSECA DA SILVA;Francisco Victor da Fonseca e Silva;
3751;https://dadosabertos.camara.leg.br/api/v2/deputados/3751;FRANCISCO MALTA;Francisco de Toledo Malta;
1951;https://dadosabertos.camara.leg.br/api/v2/deputados/1951;FRANCISCO SÁ;Francisco de Sá;
3752;https://dadosabertos.camara.leg.br/api/v2/deputados/3752;FRANCISCO TOLENTINO;Francisco Tolentino Vieira de Souza;
1835;https://dadosabertos.camara.leg.br/api/v2/deputados/1835;GALDINO LORETO;Galdino Teixeira Lins de Barros Loreto;
3755;https://dadosabertos.camara.leg.br/api/v2/deputados/3755;GASTÃO DA CUNHA;Gastão da Cunha;
3762;https://dadosabertos.camara.leg.br/api/v2/deputados/3762;GUEDELHA MOURÃO;João Tolentino Guedelha Mourão;
3729;https://dadosabertos.camara.leg.br/api/v2/deputados/3729;HOMEM DE CARVALHO;Arthur Homem de Carvalho;
1706;https://dadosabertos.camara.leg.br/api/v2/deputados/1706;ÍNDIO DO BRASIL;Arthur Índio do Brasil e Silva;
2151;https://dadosabertos.camara.leg.br/api/v2/deputados/2151;ISIDRO LEITE;Isidro Leite Ferreira de Araujo;
2037;https://dadosabertos.camara.leg.br/api/v2/deputados/2037;JOAQUIM TEIXEIRA BRANDÃO;Joaquim Luiz Teixeira Brandão;
2164;https://dadosabertos.camara.leg.br/api/v2/deputados/2164;JUVENAL MÜLLER;Juvenal Octaviano Müller;
130110;https://dadosabertos.camara.leg.br/api/v2/deputados/130110;LAURINDO PITA;Laurindo Pita;
2188;https://dadosabertos.camara.leg.br/api/v2/deputados/2188;LEITE DE SOUSA;José Leite de Souza;
2124;https://dadosabertos.camara.leg.br/api/v2/deputados/2124;LEITE RIBEIRO;Carlos Leite Ribeiro;
3763;https://dadosabertos.camara.leg.br/api/v2/deputados/3763;LEONEL FILHO;Joaquim Leonel de Rezende Filho;
3775;https://dadosabertos.camara.leg.br/api/v2/deputados/3775;LINDOLFO SERRA;Lindolpho Libanio Moreira Serra;
2087;https://dadosabertos.camara.leg.br/api/v2/deputados/2087;LOURENÇO BATISTA;Lourenço Maria de Almeida Batista;
1560;https://dadosabertos.camara.leg.br/api/v2/deputados/1560;MARCOLINO MOURA;Marcolino de Moura e Albuquerque;
3766;https://dadosabertos.camara.leg.br/api/v2/deputados/3766;MAURÍCIO DE ABREU;Joaquim Mauricio de Abreu;
1595;https://dadosabertos.camara.leg.br/api/v2/deputados/1595;MILTON;Aristides Augusto Milton;
3771;https://dadosabertos.camara.leg.br/api/v2/deputados/3771;MOREIRA ALVES;José Moreira Alves da Silva;
1794;https://dadosabertos.camara.leg.br/api/v2/deputados/1794;MOREIRA DA SILVA;Antonio Moreira da Silva;
3772;https://dadosabertos.camara.leg.br/api/v2/deputados/3772;MOREIRA GOMES;José Moreira Gomes;
1738;https://dadosabertos.camara.leg.br/api/v2/deputados/1738;NELSON DE VASCONCELOS;Nelson de Vasconcellos e Almeida;
2146;https://dadosabertos.camara.leg.br/api/v2/deputados/2146;OLINTO RIBEIRO;Olyntho Augusto Ribeiro;
2089;https://dadosabertos.camara.leg.br/api/v2/deputados/2089;OLIVEIRA FIGUEIREDO;Carlos Augusto de Oliveira Figueiredo;
1831;https://dadosabertos.camara.leg.br/api/v2/deputados/1831;OSCAR GODÓI;Oscar de Godoy;
1982;https://dadosabertos.camara.leg.br/api/v2/deputados/1982;PÁDUA REZENDE;Antonio de Pádua Assis Rezende;
1816;https://dadosabertos.camara.leg.br/api/v2/deputados/1816;PARANHOS MONTENEGRO;Thomaz Garcez Paranhos Montenegro;
2114;https://dadosabertos.camara.leg.br/api/v2/deputados/2114;RAIMUNDO NERI;Raymundo Agostinho Nery;
1659;https://dadosabertos.camara.leg.br/api/v2/deputados/1659;RODRIGUES FERNANDES;José Rodrigues Fernandes;
1810;https://dadosabertos.camara.leg.br/api/v2/deputados/1810;SÁ PEIXOTO;Antonio Gonçalves Pereira de Sá Peixoto;
1582;https://dadosabertos.camara.leg.br/api/v2/deputados/1582;SÁTIRO DIAS;Satyro de Oliveira Dias;
2065;https://dadosabertos.camara.leg.br/api/v2/deputados/2065;SOARES NEIVA;João Soares Neiva;
1893;https://dadosabertos.camara.leg.br/api/v2/deputados/1893;TAVARES DE LIRA;Augusto Tavares de Lyra;
1819;https://dadosabertos.camara.leg.br/api/v2/deputados/1819;TOLENTINO DOS SANTOS;Nicoláo Tolentino dos Santos;
1874;https://dadosabertos.camara.leg.br/api/v2/deputados/1874;TRINDADE;Antonio da Trindade Antunes Meira Enriques;
3792;https://dadosabertos.camara.leg.br/api/v2/deputados/3792;URBANO SANTOS;Urbano Santos da Costa Araujo;
130109;https://dadosabertos.camara.leg.br/api/v2/deputados/130109;VAZ DE MELO;Carlos Vaz de Melo;
1820;https://dadosabertos.camara.leg.br/api/v2/deputados/1820;VERGNE DE ABREU;Pedro Vergne de Abreu;
3767;https://dadosabertos.camara.leg.br/api/v2/deputados/3767;WANDERLEI DE MENDONÇA;José de Barros Wanderley de Mendonça;
1844;https://dadosabertos.camara.leg.br/api/v2/deputados/1844;XAVIER DO VALE;Joaquim Antonio Xavier do Valle;
1942;https://dadosabertos.camara.leg.br/api/v2/deputados/1942;ALBUQUERQUE SEREJO;Joaquim de Albuquerque Serejo;
3794;https://dadosabertos.camara.leg.br/api/v2/deputados/3794;ALFREDO ELLIS;Alfredo Ellis;
3795;https://dadosabertos.camara.leg.br/api/v2/deputados/3795;ALFREDO PINTO;Alfredo Pinto Vieira de Mello;
2094;https://dadosabertos.camara.leg.br/api/v2/deputados/2094;ALFREDO PUJOL;Alfredo Pujol;
3830;https://dadosabertos.camara.leg.br/api/v2/deputados/3830;ALVES DE BRITO;João Antonio Alves de Brito;
130111;https://dadosabertos.camara.leg.br/api/v2/deputados/130111;ANTONINO FIALHO;Antonino Fialho;
2095;https://dadosabertos.camara.leg.br/api/v2/deputados/2095;ANTONIO CINTRA;Antonio Francisco de Araújo Cintra;
130112;https://dadosabertos.camara.leg.br/api/v2/deputados/130112;ARTHUR DIEDERICHSEN;Arthur de Aguiar Diederichsen;
130100;https://dadosabertos.camara.leg.br/api/v2/deputados/130100;AUGUSTO MONTENEGRO;Augusto Arantes Montenegro;
3806;https://dadosabertos.camara.leg.br/api/v2/deputados/3806;AUGUSTO SEVERO;Augusto Severo de Albuquerque Maranhão;
3807;https://dadosabertos.camara.leg.br/api/v2/deputados/3807;AURELIANO BARBOSA;Aureliano Pinto Barbosa;
2084;https://dadosabertos.camara.leg.br/api/v2/deputados/2084;AURELIANO DOS SANTOS;João Aureliano Corrêa dos Santos;
2004;https://dadosabertos.camara.leg.br/api/v2/deputados/2004;AZEVEDO SODRÉ;Antonio Cândido de Azevedo Sodré;
3803;https://dadosabertos.camara.leg.br/api/v2/deputados/3803;CAJADO;Antonio Rodrigues Cajado;
1944;https://dadosabertos.camara.leg.br/api/v2/deputados/1944;CARLOS MARCELINO;Carlos Marcellino da Silva;
2032;https://dadosabertos.camara.leg.br/api/v2/deputados/2032;CELSO DOS REIS;Celso Eugênio dos Reis;
1966;https://dadosabertos.camara.leg.br/api/v2/deputados/1966;CUNHA MARTINS;Alfredo da Cunha Martins;
2085;https://dadosabertos.camara.leg.br/api/v2/deputados/2085;CUSTÓDIO COELHO;Custódio José Coelho de Almeida;
3810;https://dadosabertos.camara.leg.br/api/v2/deputados/3810;DEOCLECIANO DE SOUZA;Deocleciano Alves de Souza;
3798;https://dadosabertos.camara.leg.br/api/v2/deputados/3798;DINO BUENO;Antonio Dino da Costa Bueno;
1619;https://dadosabertos.camara.leg.br/api/v2/deputados/1619;DIONÍSIO CERQUEIRA;Dionísio Evangelista de Castro Cerqueira;
3812;https://dadosabertos.camara.leg.br/api/v2/deputados/3812;EDMUNDO DA FONSECA;Edmundo Guayanaz da Fonseca;
2014;https://dadosabertos.camara.leg.br/api/v2/deputados/2014;ELIAS FAUSTO;Elias Fausto Pacheco Jordão;
2047;https://dadosabertos.camara.leg.br/api/v2/deputados/2047;ESPERIDIÃO;Antonio Esperidião Gomes da Silva;
2049;https://dadosabertos.camara.leg.br/api/v2/deputados/2049;FELICIO DOS SANTOS;Salvador Felicio dos Santos;
2027;https://dadosabertos.camara.leg.br/api/v2/deputados/2027;FERREIRA FRANÇA;Augusto Ferreira França;
3814;https://dadosabertos.camara.leg.br/api/v2/deputados/3814;FLORIANO DE MORAES;Floriano Antonio de Moraes Júnior;
3818;https://dadosabertos.camara.leg.br/api/v2/deputados/3818;FRANCISCO ALENCASTRO;Francisco de Paula Alencastro;
2081;https://dadosabertos.camara.leg.br/api/v2/deputados/2081;FRANCISCO DE MOURA;Francisco Antonio de Moura;
3817;https://dadosabertos.camara.leg.br/api/v2/deputados/3817;FRANCISCO SALES;Francisco Antonio de Salles;
1550;https://dadosabertos.camara.leg.br/api/v2/deputados/1550;FRANCISCO SODRÉ;Francisco Maria Sodré Pereira;
3823;https://dadosabertos.camara.leg.br/api/v2/deputados/3823;GABRIEL SALGADO;Gabriel Salgado dos Santos;
3858;https://dadosabertos.camara.leg.br/api/v2/deputados/3858;GOMES DE MATOS;Manoel Gomes de Mattos;
2007;https://dadosabertos.camara.leg.br/api/v2/deputados/2007;GUILHON;Francisco Alberto Guilhon;
3824;https://dadosabertos.camara.leg.br/api/v2/deputados/3824;GUSTAVO GODÓI;Gustavo de Oliveira Godoy;
2033;https://dadosabertos.camara.leg.br/api/v2/deputados/2033;HENRIQUE LAGDEN;Henrique Tavares Lagden;
3826;https://dadosabertos.camara.leg.br/api/v2/deputados/3826;HERCÍLIO LUZ;Hercílio Pedro da Luz;
3827;https://dadosabertos.camara.leg.br/api/v2/deputados/3827;HERCULANO BANDEIRA;Herculano Bandeira de Melo;
1976;https://dadosabertos.camara.leg.br/api/v2/deputados/1976;ILDEFONSO ALVIM;Ildefonso Moreira de Faria Alvim;
1950;https://dadosabertos.camara.leg.br/api/v2/deputados/1950;JAIME VILAS-BOAS;Jayme Lopes Villas-Bôas;
2067;https://dadosabertos.camara.leg.br/api/v2/deputados/2067;JOÃO CÂNDIDO;João Cândido Ferreira;
3839;https://dadosabertos.camara.leg.br/api/v2/deputados/3839;JOAQUIM ÁLVARO;Joaquim Álvaro de Souza Camargo;
1572;https://dadosabertos.camara.leg.br/api/v2/deputados/1572;JOAQUIM BREVES;Joaquim José de Souza Breves;
2052;https://dadosabertos.camara.leg.br/api/v2/deputados/2052;JOAQUIM CARVALHAES;Joaquim Thomaz Carvalhaes;
3846;https://dadosabertos.camara.leg.br/api/v2/deputados/3846;JOSÉ AVELINO;José Avelino Gurgel do Amaral;
2092;https://dadosabertos.camara.leg.br/api/v2/deputados/2092;JOSÉ BOITEUX;José Arthur Boiteux;
2023;https://dadosabertos.camara.leg.br/api/v2/deputados/2023;JOSÉ DUARTE;José Antonio Duarte;
1990;https://dadosabertos.camara.leg.br/api/v2/deputados/1990;JULIO DE MELO;Julio de Mello Filho;
1600;https://dadosabertos.camara.leg.br/api/v2/deputados/1600;JUVÊNCIO DE AGUIAR;João Juvêncio Ferreira de Aguiar;
1851;https://dadosabertos.camara.leg.br/api/v2/deputados/1851;LAMARTINE;Lamartine Ribeiro Guimarães;
2064;https://dadosabertos.camara.leg.br/api/v2/deputados/2064;LIMA FILHO;Francisco Alves de Lima Filho;
2101;https://dadosabertos.camara.leg.br/api/v2/deputados/2101;LUIS PIZA;Luiz Toledo Piza e Almeida;
2102;https://dadosabertos.camara.leg.br/api/v2/deputados/2102;MALTA JÚNIOR;João Francisco Malta Júnior;
2041;https://dadosabertos.camara.leg.br/api/v2/deputados/2041;MANUEL ALVES;Manuel Alves Ribeiro;
1622;https://dadosabertos.camara.leg.br/api/v2/deputados/1622;MANUEL CAETANO;Manoel Caetano de Oliveira Passos;
2053;https://dadosabertos.camara.leg.br/api/v2/deputados/2053;MANUEL DA SILVA;Manoel José da Silva;
226061;https://dadosabertos.camara.leg.br/api/v2/deputados/226061;MARTINHO CAMPOS;Martinho Álvares da Silva Campos Filho;
2088;https://dadosabertos.camara.leg.br/api/v2/deputados/2088;MARTINS TEIXEIRA;João Martins Teixeira;
1577;https://dadosabertos.camara.leg.br/api/v2/deputados/1577;MATA MACHADO;João da Mata Machado;
3804;https://dadosabertos.camara.leg.br/api/v2/deputados/3804;MIRANDA AZEVEDO;Augusto Cesar de Miranda Azevedo;
3800;https://dadosabertos.camara.leg.br/api/v2/deputados/3800;MONTEIRO DA SILVEIRA;Antonio Luiz Monteiro da Silveira;
1857;https://dadosabertos.camara.leg.br/api/v2/deputados/1857;MONTEIRO DE BARROS;Luiz Eugenio Monteiro de Barros;
1648;https://dadosabertos.camara.leg.br/api/v2/deputados/1648;MUNIZ FREIRE;José de Mello Carvalho Moniz Freire;
1698;https://dadosabertos.camara.leg.br/api/v2/deputados/1698;NECESIO TAVARES;Necesio José Tavares;
1771;https://dadosabertos.camara.leg.br/api/v2/deputados/1771;NILO PEÇANHA;NILO PROCÓPIO PEÇANHA;
1566;https://dadosabertos.camara.leg.br/api/v2/deputados/1566;NOGUEIRA ACCIOLY;Antonio Pinto Nogueira Accioly;
1980;https://dadosabertos.camara.leg.br/api/v2/deputados/1980;NOGUEIRA JÚNIOR;José Bento Nogueira Júnior;
176334;https://dadosabertos.camara.leg.br/api/v2/deputados/176334;OLIVEIRA BELO;Luiz Alves Leite de Oliveira Bello;
1934;https://dadosabertos.camara.leg.br/api/v2/deputados/1934;OLIVEIRA BRAGA;Francisco de Assis Oliveira Braga;
1837;https://dadosabertos.camara.leg.br/api/v2/deputados/1837;OVÍDIO ABRANTES;Ovidio Abrantes;
1825;https://dadosabertos.camara.leg.br/api/v2/deputados/1825;PEDRO BORGES;Pedro Augusto Borges;
1710;https://dadosabertos.camara.leg.br/api/v2/deputados/1710;PEDRO CHERMONT;Pedro Leite Chermont;
2001;https://dadosabertos.camara.leg.br/api/v2/deputados/2001;PEREIRA DOS SANTOS;Joaquim Pereira dos Santos;
3848;https://dadosabertos.camara.leg.br/api/v2/deputados/3848;PESSOA DE VASCONCELOS;José Marcelino Pessoa de Vasconcelos;
3822;https://dadosabertos.camara.leg.br/api/v2/deputados/3822;RANGEL PESTANA;Francisco Rangel Pestana;
1702;https://dadosabertos.camara.leg.br/api/v2/deputados/1702;RODOLPHO ABREU;Rodolpho Ernesto de Abreu;
1643;https://dadosabertos.camara.leg.br/api/v2/deputados/1643;SAMPAIO FERRAZ;João Batista de Sampaio Ferraz;
1873;https://dadosabertos.camara.leg.br/api/v2/deputados/1873;SILVA MARIZ;Antonio Marques da Silva Mariz;
2057;https://dadosabertos.camara.leg.br/api/v2/deputados/2057;SILVEIRA DRUMMOND;José Antonio da Silveira Drummond;
2108;https://dadosabertos.camara.leg.br/api/v2/deputados/2108;SILVIO ROMERO;Sylvio Romero;
3136;https://dadosabertos.camara.leg.br/api/v2/deputados/3136;TEÓFILO OTONI;Teophilo Benedicto Ottoni;
1654;https://dadosabertos.camara.leg.br/api/v2/deputados/1654;URBANO GOUVEIA;Urbano Coelho de Gouvêa;
1988;https://dadosabertos.camara.leg.br/api/v2/deputados/1988;AFFONSO COSTA;AFFONSO GONÇALVES FERREIRA DA COSTA;
3871;https://dadosabertos.camara.leg.br/api/v2/deputados/3871;AGOSTINHO VIDAL;Agostinho Vidal Leite de Castro;
1845;https://dadosabertos.camara.leg.br/api/v2/deputados/1845;ALMEIDA GOMES;José Caetano de Almeida Gomes;
2012;https://dadosabertos.camara.leg.br/api/v2/deputados/2012;ÁLVARES RUBIÃO;José Álvares Rubião;
1943;https://dadosabertos.camara.leg.br/api/v2/deputados/1943;AMORIM FIGUEIRA;Raimundo de Amorim Figueira;
1947;https://dadosabertos.camara.leg.br/api/v2/deputados/1947;AMPHILOPHIO;Amphilophio Botelho Freire de Carvalho;
1894;https://dadosabertos.camara.leg.br/api/v2/deputados/1894;APPARÍCIO MARIENSE;Aparicio Mariense da Silva;
1811;https://dadosabertos.camara.leg.br/api/v2/deputados/1811;ARISTIDES DE QUEIROZ;Aristides Galvão de Queiroz;
3880;https://dadosabertos.camara.leg.br/api/v2/deputados/3880;ARTHUR PEIXOTO;Arthur Vieira Peixoto;
1614;https://dadosabertos.camara.leg.br/api/v2/deputados/1614;ARTHUR RIOS;Arthur Cesar Rios;
1973;https://dadosabertos.camara.leg.br/api/v2/deputados/1973;AUGUSTO CLEMENTINO;Augusto Clementino da Silva;
1998;https://dadosabertos.camara.leg.br/api/v2/deputados/1998;BERNARDES DIAS;Joaquim Bernardes Dias;
130115;https://dadosabertos.camara.leg.br/api/v2/deputados/130115;BRAZILIO DA LUZ;Brazilio Ferreira da Luz;
1847;https://dadosabertos.camara.leg.br/api/v2/deputados/1847;CAMPOLINA;José Caetano da Silva Campolina;
1841;https://dadosabertos.camara.leg.br/api/v2/deputados/1841;CARACCIOLO;Joaquim Caracciolo Peixoto de Azevedo;
1848;https://dadosabertos.camara.leg.br/api/v2/deputados/1848;CARVALHO MOURÃO;José Martins de Carvalho Mourão;
1924;https://dadosabertos.camara.leg.br/api/v2/deputados/1924;CASEMIRO DA ROCHA;Alfredo Casemiro da Rocha;
2013;https://dadosabertos.camara.leg.br/api/v2/deputados/2013;CESÁRIO DE FREITAS;Cezario Gabriel de Freitas;
3910;https://dadosabertos.camara.leg.br/api/v2/deputados/3910;COELHO CINTRA;José Cupertino Coelho Cintra;
3896;https://dadosabertos.camara.leg.br/api/v2/deputados/3896;COELHO LISBOA;João Coelho Gonçalves Lisbôa;
1849;https://dadosabertos.camara.leg.br/api/v2/deputados/1849;CUPERTINO DE SIQUEIRA;José Cupertino de Siqueira;
1838;https://dadosabertos.camara.leg.br/api/v2/deputados/1838;EDUARDO DE BERREDO;Antonio Eduardo de Berrêdo;
1908;https://dadosabertos.camara.leg.br/api/v2/deputados/1908;ERNESTO BRAZÍLIO;Ernesto Brazilio de Araujo;
1955;https://dadosabertos.camara.leg.br/api/v2/deputados/1955;FELIPPE CARDOSO;Felippe Basílio Cardoso Pires;
3909;https://dadosabertos.camara.leg.br/api/v2/deputados/3909;FERREIRA PIRES;José Carlos Ferreira Pires;
1911;https://dadosabertos.camara.leg.br/api/v2/deputados/1911;FONSECA PORTELLA;Manoel Henriques da Fonseca Portella;
130116;https://dadosabertos.camara.leg.br/api/v2/deputados/130116;FRANCISCO GLICERIO;Francisco Glicerio de Cerqueira Leite;
3887;https://dadosabertos.camara.leg.br/api/v2/deputados/3887;FRANCISCO GURGEL;Francisco Gurgel de Oliveira;
1581;https://dadosabertos.camara.leg.br/api/v2/deputados/1581;GEMINIANO BRAZIL;Geminiano Brasil de Oliveira Góes;
1690;https://dadosabertos.camara.leg.br/api/v2/deputados/1690;GONÇALVES RAMOS;Joaquim Gonçalves Ramos;
2017;https://dadosabertos.camara.leg.br/api/v2/deputados/2017;GRANADEIRO GUIMARÃES;Francisco Granadeiro Guimarães;
1839;https://dadosabertos.camara.leg.br/api/v2/deputados/1839;GUSTAVO VERAS;Gustavo Collaço Fernandes Veras;
3893;https://dadosabertos.camara.leg.br/api/v2/deputados/3893;HELVECIO MONTE;Helvecio da Silva Monte;
130120;https://dadosabertos.camara.leg.br/api/v2/deputados/130120;HENRIQUE VALADARES;Henrique Valladares;
1975;https://dadosabertos.camara.leg.br/api/v2/deputados/1975;HENRIQUE VAZ;Henrique Cesar de Souza Vaz;
1824;https://dadosabertos.camara.leg.br/api/v2/deputados/1824;ILDEFONSO LIMA;Ildefonso Corrêa Lima;
1691;https://dadosabertos.camara.leg.br/api/v2/deputados/1691;JACOB DA PAIXÃO;Antonio Jacob da Paixão;
1583;https://dadosabertos.camara.leg.br/api/v2/deputados/1583;JOÃO DANTAS FILHO;João dos Reis Souza Dantas Filho;
1778;https://dadosabertos.camara.leg.br/api/v2/deputados/1778;LAURO MÜLLER;Lauro Severiano Müller;
3919;https://dadosabertos.camara.leg.br/api/v2/deputados/3919;LEONCIO CORRÊA;Leoncio Corrêa;
3920;https://dadosabertos.camara.leg.br/api/v2/deputados/3920;LEONEL LORETTI;Leonel Loretti da Silva Lima;
1965;https://dadosabertos.camara.leg.br/api/v2/deputados/1965;LEOPOLDO JARDIM;Francisco Leopoldo Rodrigues Jardim;
2018;https://dadosabertos.camara.leg.br/api/v2/deputados/2018;LUCAS DE BARROS;Lucas Monteiro de Barros;
1855;https://dadosabertos.camara.leg.br/api/v2/deputados/1855;LUIZ DETSI;Luiz Arthur Detsi;
2019;https://dadosabertos.camara.leg.br/api/v2/deputados/2019;LUIZ FLACQUER;José Luiz Flacquer;
1996;https://dadosabertos.camara.leg.br/api/v2/deputados/1996;MARCOS DE ARAÚJO;Marcos Pereira de Araújo;
1899;https://dadosabertos.camara.leg.br/api/v2/deputados/1899;MARTINS COSTA;José de Almeida Martins Costa Júnior;
3913;https://dadosabertos.camara.leg.br/api/v2/deputados/3913;MARTINS JÚNIOR;José Isidoro Martins Junior;
1708;https://dadosabertos.camara.leg.br/api/v2/deputados/1708;MATTA BACELLAR;José Teixeira da Matta Bacellar;
1969;https://dadosabertos.camara.leg.br/api/v2/deputados/1969;MELLO RÊGO;Francisco Raphael de Mello Rêgo;
3889;https://dadosabertos.camara.leg.br/api/v2/deputados/3889;MENDES PIMENTEL;Francisco Mendes Pimentel;
1886;https://dadosabertos.camara.leg.br/api/v2/deputados/1886;MIGUEL PERNAMBUCO;Miguel José de Almeida Pernambuco;
1981;https://dadosabertos.camara.leg.br/api/v2/deputados/1981;OCTAVIANO DE BRITO;Octaviano Ferreira de Brito;
1592;https://dadosabertos.camara.leg.br/api/v2/deputados/1592;OLYMPIO CAMPOS;Olympio de Souza Campos;
3929;https://dadosabertos.camara.leg.br/api/v2/deputados/3929;PEDRO FERREIRA;Pedro Ferreira da Silva;
1914;https://dadosabertos.camara.leg.br/api/v2/deputados/1914;PONCE DE LEON;Adolpho Pereira de Burgos Ponce de Leon;
3930;https://dadosabertos.camara.leg.br/api/v2/deputados/3930;POSSIDONIO DA CUNHA;Possidonio Mancio da Cunha Junior;
3897;https://dadosabertos.camara.leg.br/api/v2/deputados/3897;PY CRESPO;João Py Crespo;
1945;https://dadosabertos.camara.leg.br/api/v2/deputados/1945;SILVÉRIO NERY;Silverio José Nery;
1984;https://dadosabertos.camara.leg.br/api/v2/deputados/1984;TELLES DE MENEZES;José Raymundo Telles de Menezes;
1574;https://dadosabertos.camara.leg.br/api/v2/deputados/1574;THEÓPHILO SANTOS;Theophilo Fernandes dos Santos;
1865;https://dadosabertos.camara.leg.br/api/v2/deputados/1865;THEOTONIO DE MAGALHÃES;Theotonio de Magalhães e Castro;
1832;https://dadosabertos.camara.leg.br/api/v2/deputados/1832;TIMOTHEO DA COSTA;Manoel Timotheo da Costa;
1596;https://dadosabertos.camara.leg.br/api/v2/deputados/1596;TORRES PORTUGAL;Manoel Ambrosio da Silveira Torres Portugal;
1773;https://dadosabertos.camara.leg.br/api/v2/deputados/1773;URBANO MARCONDES;Urbano Marcondes dos Santos Machado;
1840;https://dadosabertos.camara.leg.br/api/v2/deputados/1840;VIVEIROS;José Francisco de Viveiros;
1961;https://dadosabertos.camara.leg.br/api/v2/deputados/1961;XAVIER DA SILVEIRA;Joaquim Xavier da Silveira Junior;
1921;https://dadosabertos.camara.leg.br/api/v2/deputados/1921;ALBERTO SALES;João Alberto Salles;
3937;https://dadosabertos.camara.leg.br/api/v2/deputados/3937;ALBERTO TORRES;Alberto de Seixas Martins Torres;
1563;https://dadosabertos.camara.leg.br/api/v2/deputados/1563;ALMEIDA NOGUEIRA;José Luiz de Almeida Nogueira;
3965;https://dadosabertos.camara.leg.br/api/v2/deputados/3965;ALMEIDA TORRES;Francisco de Almeida Torres;
1827;https://dadosabertos.camara.leg.br/api/v2/deputados/1827;AMÉRICO DE MATOS;José Americo de Mattos;
1828;https://dadosabertos.camara.leg.br/api/v2/deputados/1828;ANTÔNIO DE SIQUEIRA;Antonio José de Siqueira;
1667;https://dadosabertos.camara.leg.br/api/v2/deputados/1667;ANTÔNIO OLINTO;Antonio Olyntho dos Santos Pires;
3948;https://dadosabertos.camara.leg.br/api/v2/deputados/3948;ARMÍNIO TAVARES;Arminio Coriolano Tavares dos Santos;
1646;https://dadosabertos.camara.leg.br/api/v2/deputados/1646;ATAÍDE JÚNIOR;Antonio Borges de Athayde Junior;
1655;https://dadosabertos.camara.leg.br/api/v2/deputados/1655;BENEDITO LEITE;Benedito Pereira Leite;
1674;https://dadosabertos.camara.leg.br/api/v2/deputados/1674;CARLOS DAS CHAGAS;Carlos Justiniano das Chagas;
3953;https://dadosabertos.camara.leg.br/api/v2/deputados/3953;CARLOS JORGE;Carlos Jorge Calheiros de Lima;
1787;https://dadosabertos.camara.leg.br/api/v2/deputados/1787;CESÁRIO MOTA;Cezario Nazianzeno de Azevedo Motta Magalhães Junior;
1548;https://dadosabertos.camara.leg.br/api/v2/deputados/1548;CHAGAS LOBATO;João das Chagas Lobato;
1870;https://dadosabertos.camara.leg.br/api/v2/deputados/1870;CHATEAUBRIAND;Chateaubriand Bandeira de Mello;
3956;https://dadosabertos.camara.leg.br/api/v2/deputados/3956;CLETO NUNES;Cleto Nunes Pereira;
1663;https://dadosabertos.camara.leg.br/api/v2/deputados/1663;CORRÊA DA COSTA;Antonio Corrêa da Costa;
1907;https://dadosabertos.camara.leg.br/api/v2/deputados/1907;COSTA AZEVEDO;José Baptista da Costa Azevedo;
1676;https://dadosabertos.camara.leg.br/api/v2/deputados/1676;COSTA MACHADO;José da Costa Machado e Souza;
1790;https://dadosabertos.camara.leg.br/api/v2/deputados/1790;DOMINGOS DE MORAIS;Domingos Corrêa de Moraes;
3959;https://dadosabertos.camara.leg.br/api/v2/deputados/3959;EMÍLIO BLUM;Emilio Blum;
1909;https://dadosabertos.camara.leg.br/api/v2/deputados/1909;EUZEBIO DE QUEIROZ;Euzebio de Queiroz Carneiro Mattoso;
1850;https://dadosabertos.camara.leg.br/api/v2/deputados/1850;FERRAZ JÚNIOR;Antonio Dias Ferraz Junior;
1910;https://dadosabertos.camara.leg.br/api/v2/deputados/1910;FERREIRA DA LUZ;Francisco Antunes Ferreira da Luz;
3963;https://dadosabertos.camara.leg.br/api/v2/deputados/3963;FILETO PIRES;Fileto Pires Ferreira;
3964;https://dadosabertos.camara.leg.br/api/v2/deputados/3964;FLÁVIO DE ARAÚJO;Flavio Guedes de Araujo;
1896;https://dadosabertos.camara.leg.br/api/v2/deputados/1896;FONSECA GUIMARÃES;João Pinto da Fonseca Guimarães;
3946;https://dadosabertos.camara.leg.br/api/v2/deputados/3946;FORTES JUNQUEIRA;Antonio Torquato Fortes Junqueira;
1571;https://dadosabertos.camara.leg.br/api/v2/deputados/1571;FRANÇA CARVALHO;Carlos Antonio de França Carvalho;
3967;https://dadosabertos.camara.leg.br/api/v2/deputados/3967;FRANCISCO BENEVOLO;Francisco Benevolo;
3973;https://dadosabertos.camara.leg.br/api/v2/deputados/3973;FRANCISCO DE BARROS;Francisco Xavier Paes de Barros;
1912;https://dadosabertos.camara.leg.br/api/v2/deputados/1912;FRANCISCO SANTIAGO;Francisco Santiago Gonçalves da Silva;
1638;https://dadosabertos.camara.leg.br/api/v2/deputados/1638;FURQUIM WERNECK;Francisco Furquim Werneck de Almeida;
3988;https://dadosabertos.camara.leg.br/api/v2/deputados/3988;FURTADO;Manoel Antonio Furtado;
1889;https://dadosabertos.camara.leg.br/api/v2/deputados/1889;GABRIEL FERREIRA;Gabriel Luiz Ferreira;
130124;https://dadosabertos.camara.leg.br/api/v2/deputados/130124;GASPAR DRUMOND;Gaspar Menezes de Vasconcellos Drummond Filho;
1822;https://dadosabertos.camara.leg.br/api/v2/deputados/1822;GONÇALO DE LAGOS;Gonçalo de Lagos Fernandes Bastos;
1938;https://dadosabertos.camara.leg.br/api/v2/deputados/1938;GOUVEIA LIMA;Antonio Alves de Gouveia Lima;
1705;https://dadosabertos.camara.leg.br/api/v2/deputados/1705;HOLANDA DE LIMA;Diogo Holanda de Lima;
1578;https://dadosabertos.camara.leg.br/api/v2/deputados/1578;JOÃO PENIDO;João Nogueira Penido;
130125;https://dadosabertos.camara.leg.br/api/v2/deputados/130125;JOSÉ BEVILAQUA;José Bevilaqua;
1791;https://dadosabertos.camara.leg.br/api/v2/deputados/1791;JÚLIO DE MESQUITA;Julio Cesar Ferreira de Mesquita;
1594;https://dadosabertos.camara.leg.br/api/v2/deputados/1594;JUNQUEIRA AIRES;Luiz Francisco Junqueira Ayres de Almeida;
1610;https://dadosabertos.camara.leg.br/api/v2/deputados/1610;LIMA BACURI;Francisco Ferreira de Lima Bacuri;
1853;https://dadosabertos.camara.leg.br/api/v2/deputados/1853;LIMA DUARTE;Feliciano de Lima Duarte;
1830;https://dadosabertos.camara.leg.br/api/v2/deputados/1830;LINS DE VASCONCELOS;Cândido de Oliveira Lins de Vasconcellos;
3981;https://dadosabertos.camara.leg.br/api/v2/deputados/3981;LOPES TROVÃO;José Lopes da Silva Trovão;
1733;https://dadosabertos.camara.leg.br/api/v2/deputados/1733;LUÍS DE ANDRADE;Luiz de Andrade;
1933;https://dadosabertos.camara.leg.br/api/v2/deputados/1933;LUÍS FLAQUER;José Luiz Flaquer;
3992;https://dadosabertos.camara.leg.br/api/v2/deputados/3992;MARCIONILLO DE BARROS LINS;Marcionillo de Barros Lins;
1843;https://dadosabertos.camara.leg.br/api/v2/deputados/1843;MARIANO RAMOS;Mariano Ramos;
1556;https://dadosabertos.camara.leg.br/api/v2/deputados/1556;MENEZES PRADO;Manoel José de Menezes Prado;
1793;https://dadosabertos.camara.leg.br/api/v2/deputados/1793;MORAIS BARROS;Manoel de Moraes Barros;
3977;https://dadosabertos.camara.leg.br/api/v2/deputados/3977;NOGUEIRA PARANAGUÁ;Joaquim Nogueira Paranaguá;
3998;https://dadosabertos.camara.leg.br/api/v2/deputados/3998;OTAVIANO LOUREIRO;Silvestre Octaviano Loureiro;
1860;https://dadosabertos.camara.leg.br/api/v2/deputados/1860;OTONI;Octavio Esteves Ottoni;
1935;https://dadosabertos.camara.leg.br/api/v2/deputados/1935;PADUA SALLES;Antonio de Padua Salles;
1861;https://dadosabertos.camara.leg.br/api/v2/deputados/1861;PARAÍSO CAVALCANTI;Francisco Manoel Paraiso Cavalcanti;
1936;https://dadosabertos.camara.leg.br/api/v2/deputados/1936;PAULO DE QUEIRÓS;Paulo de Souza Queiroz;
1743;https://dadosabertos.camara.leg.br/api/v2/deputados/1743;PEDRO VELHO;Pedro Velho de Albuquerque Maranhão;
1755;https://dadosabertos.camara.leg.br/api/v2/deputados/1755;PEREIRA DA COSTA;Joaquim Pereira da Costa;
1862;https://dadosabertos.camara.leg.br/api/v2/deputados/1862;PINTO DA FONSECA;Antonio Pinto da Fonseca;
3984;https://dadosabertos.camara.leg.br/api/v2/deputados/3984;PORCIÚNCULA;José Thomaz da Porciuncula;
3940;https://dadosabertos.camara.leg.br/api/v2/deputados/3940;RIBEIRO DE ALMEIDA;Antonio Augusto Ribeiro de Almeida;
3966;https://dadosabertos.camara.leg.br/api/v2/deputados/3966;ROSA E SILVA;Francisco de Assis Rosa e Silva;
1626;https://dadosabertos.camara.leg.br/api/v2/deputados/1626;SANTOS PEREIRA;Francisco dos Santos Pereira;
1916;https://dadosabertos.camara.leg.br/api/v2/deputados/1916;SEBASTIÃO DE LACERDA;Sebastião Eurico Gonçalves de Lacerda;
1818;https://dadosabertos.camara.leg.br/api/v2/deputados/1818;SEBASTIÃO LANDULFO;Sebastião Landulpho da Rocha Medrado;
3140;https://dadosabertos.camara.leg.br/api/v2/deputados/3140;SIMÃO DA CUNHA PEREIRA;Simão da Cunha Pereira;
1737;https://dadosabertos.camara.leg.br/api/v2/deputados/1737;TOLENTINO DE CARVALHO;José Nicoláu Tolentino de Carvalho;
1568;https://dadosabertos.camara.leg.br/api/v2/deputados/1568;VALADARES;Benedicto Cordeiro de Campos Valadares;
1937;https://dadosabertos.camara.leg.br/api/v2/deputados/1937;VIEIRA DE MORAIS;Manoel Jacintho Vieira de Moraes;
1565;https://dadosabertos.camara.leg.br/api/v2/deputados/1565;ZAMA;Aristides Cesar Spinola Zama;
1744;https://dadosabertos.camara.leg.br/api/v2/deputados/1744;ABREU;Joaquim Francisco de Abreu;
1759;https://dadosabertos.camara.leg.br/api/v2/deputados/1759;ALBERTO BRANDÃO;Alberto Olimpio Brandão;
4002;https://dadosabertos.camara.leg.br/api/v2/deputados/4002;ALCIDES LIMA;Alcides de Mendonça Lima;
1665;https://dadosabertos.camara.leg.br/api/v2/deputados/1665;ALEXANDRE STOCKLER;Alexandre Stockler Pinto de Menezes;
130126;https://dadosabertos.camara.leg.br/api/v2/deputados/130126;ALFREDO BARBOSA;Alfredo José Barbosa;
1762;https://dadosabertos.camara.leg.br/api/v2/deputados/1762;ALMEIDA PEREIRA;Bento Carneiro de Almeida Pereira;
130127;https://dadosabertos.camara.leg.br/api/v2/deputados/130127;ALMINO AFFONSO;Almino Alvares Affonso;
1666;https://dadosabertos.camara.leg.br/api/v2/deputados/1666;AMÉRICO LUZ;Américo Gomes Ribeiro da Luz;
4009;https://dadosabertos.camara.leg.br/api/v2/deputados/4009;AMORIM GARCIA;Antonio de Amorim Garcia;
1724;https://dadosabertos.camara.leg.br/api/v2/deputados/1724;ANDRÉ CAVALCANTI;André Cavalcanti de Albuquerque;
130128;https://dadosabertos.camara.leg.br/api/v2/deputados/130128;ANFRISIO FIALHO;Anfrisio Fialho;
1725;https://dadosabertos.camara.leg.br/api/v2/deputados/1725;ANNIBAL FALCÃO;Annibal Falcão;
1746;https://dadosabertos.camara.leg.br/api/v2/deputados/1746;ANTÃO DE FARIA;Antão Gonçalves de Faria;
1661;https://dadosabertos.camara.leg.br/api/v2/deputados/1661;ANTONIO AZEREDO;Antonio Francisco de Azeredo;
1613;https://dadosabertos.camara.leg.br/api/v2/deputados/1613;ANTÔNIO EUZÉBIO;Antônio Euzébio Gonçalves de Almeida;
995;https://dadosabertos.camara.leg.br/api/v2/deputados/995;ANTÔNIO PRADO;Antônio da Silva Prado;
4021;https://dadosabertos.camara.leg.br/api/v2/deputados/4021;ARISTIDES LOBO;Aristides da Silveira Lobo;
4020;https://dadosabertos.camara.leg.br/api/v2/deputados/4020;ARISTIDES MAIA;Aristides de Araujo Maia;
4022;https://dadosabertos.camara.leg.br/api/v2/deputados/4022;ASTOLPHO PIO;Astolpho Pio da Silva Pinto;
130129;https://dadosabertos.camara.leg.br/api/v2/deputados/130129;AUGUSTO TASSO FRAGOSO;AUGUSTO TASSO FRAGOSO;
1723;https://dadosabertos.camara.leg.br/api/v2/deputados/1723;AYRES BELLO;Ayres de Albuquerque Bello;
4076;https://dadosabertos.camara.leg.br/api/v2/deputados/4076;BARÃO DE SANTA HELENA;José Joaquim Monteiro da Silva;
1616;https://dadosabertos.camara.leg.br/api/v2/deputados/1616;BARÃO DE SÃO MARCOS;Joaquim Cardoso Pereira de Mello;
1617;https://dadosabertos.camara.leg.br/api/v2/deputados/1617;BARÃO DE VILLA VIÇOSA;Antônio Joaquim Pires de Carvalho e Albuquerque;
1726;https://dadosabertos.camara.leg.br/api/v2/deputados/1726;BELARMINO CARNEIRO;Bellarmino Carneiro;
1719;https://dadosabertos.camara.leg.br/api/v2/deputados/1719;BELARMINO MENDONÇA;Belarmino Augusto de Mendonça Lobo;
4085;https://dadosabertos.camara.leg.br/api/v2/deputados/4085;BELFORT VIEIRA;Manoel Ignácio Belfort Vieira;
130131;https://dadosabertos.camara.leg.br/api/v2/deputados/130131;BERNARDINO DE CAMPOS;Bernardino José de Campos Júnior;
130132;https://dadosabertos.camara.leg.br/api/v2/deputados/130132;BRAZILIO DOS SANTOS;Brazilio Rodrigues dos Santos;
3768;https://dadosabertos.camara.leg.br/api/v2/deputados/3768;CANTÃO;José Ferreira Cantão;
1776;https://dadosabertos.camara.leg.br/api/v2/deputados/1776;CARLOS CAMPOS;Carlos Augusto de Campos;
4060;https://dadosabertos.camara.leg.br/api/v2/deputados/4060;CARVALHAL;João Thomaz Carvalhal;
1656;https://dadosabertos.camara.leg.br/api/v2/deputados/1656;CASIMIRO JUNIOR;Casemiro Dias Vieira Junior;
1764;https://dadosabertos.camara.leg.br/api/v2/deputados/1764;CIRILO DE LEMOS;Cyrillo de Lemos Nunes Fagundes;
1675;https://dadosabertos.camara.leg.br/api/v2/deputados/1675;CORREIA RABELO;Francisco Correa Ferreira Rabello;
1677;https://dadosabertos.camara.leg.br/api/v2/deputados/1677;COSTA SENA;José Cândido da Costa Sena;
1714;https://dadosabertos.camara.leg.br/api/v2/deputados/1714;COUTO CARTAXO;Antonio Joaquim do Couto Cartaxo;
1618;https://dadosabertos.camara.leg.br/api/v2/deputados/1618;CUSTÓDIO DE MELO;Custódio José de Mello;
4033;https://dadosabertos.camara.leg.br/api/v2/deputados/4033;DEMETRIO RIBEIRO;Demetrio Nunes Ribeiro;
1678;https://dadosabertos.camara.leg.br/api/v2/deputados/1678;DOMINGOS PORTO;Domingos da Silva Porto;
4036;https://dadosabertos.camara.leg.br/api/v2/deputados/4036;DOMINGOS ROCHA;Domingos José da Rocha;
1680;https://dadosabertos.camara.leg.br/api/v2/deputados/1680;DUTRA NICÁCIO;Antônio Dutra Nicácio;
1720;https://dadosabertos.camara.leg.br/api/v2/deputados/1720;EDUARDO GONÇALVES;Eduardo Mendes Gonçalves;
4013;https://dadosabertos.camara.leg.br/api/v2/deputados/4013;ENNES DE SOUZA;Antonio Ennes de Souza;
4039;https://dadosabertos.camara.leg.br/api/v2/deputados/4039;EPITÁCIO PESSOA;Epitácio da Silva Pessoa;
4040;https://dadosabertos.camara.leg.br/api/v2/deputados/4040;ERNESTO DE OLIVEIRA;Ernesto Alves de Oliveira;
1727;https://dadosabertos.camara.leg.br/api/v2/deputados/1727;ESPÍRITO SANTO;Vicente Antonio do Espírito Santo;
1682;https://dadosabertos.camara.leg.br/api/v2/deputados/1682;FELICIANO PENNA;Feliciano Augusto de Oliveira Penna;
130123;https://dadosabertos.camara.leg.br/api/v2/deputados/130123;FERNANDO ABBOTT;Fernando Abbott;
1721;https://dadosabertos.camara.leg.br/api/v2/deputados/1721;FERNANDO SIMAS;Fernando Machado Simas;
1683;https://dadosabertos.camara.leg.br/api/v2/deputados/1683;FERREIRA BRANDÃO;Francisco Honorio Ferreira Brandão;
1549;https://dadosabertos.camara.leg.br/api/v2/deputados/1549;FERREIRA RABELO;José Joaquim Ferreira Rabello;
1637;https://dadosabertos.camara.leg.br/api/v2/deputados/1637;FIGUEIREDO;Francisco de Figueiredo;
4047;https://dadosabertos.camara.leg.br/api/v2/deputados/4047;FRANCISCO AMARAL;Francisco de Paula Amaral;
130134;https://dadosabertos.camara.leg.br/api/v2/deputados/130134;FRANCISCO DE MATOS;Francisco de Matos;
1664;https://dadosabertos.camara.leg.br/api/v2/deputados/1664;FREDERICO SOLON;Frederico Solon de Sampaio Ribeiro;
130135;https://dadosabertos.camara.leg.br/api/v2/deputados/130135;GABINO BESOURO;Gabino Besouro;
1687;https://dadosabertos.camara.leg.br/api/v2/deputados/1687;GABRIEL MAGALHÃES;Gabriel de Paula Almeida Magalhães;
1689;https://dadosabertos.camara.leg.br/api/v2/deputados/1689;GONÇALVES CHAVES;Antonio Gonçalves Chaves;
4068;https://dadosabertos.camara.leg.br/api/v2/deputados/4068;GUIMARÃES NATAL;Joaquim Xavier Guimarães Natal;
4052;https://dadosabertos.camara.leg.br/api/v2/deputados/4052;HENRIQUE DE CARVALHO;Henrique Alves de Carvalho;
1647;https://dadosabertos.camara.leg.br/api/v2/deputados/1647;HORÁCIO COSTA;José Horácio Costa;
1640;https://dadosabertos.camara.leg.br/api/v2/deputados/1640;JESUINO DE ALBUQUERQUE;Domingos Jesuino de Albuquerque Junior;
1692;https://dadosabertos.camara.leg.br/api/v2/deputados/1692;JOÃO AVELAR;João Antonio de Avellar;
4055;https://dadosabertos.camara.leg.br/api/v2/deputados/4055;JOÃO BARBALHO;João Barbalho Uchoa Cavalcanti;
4058;https://dadosabertos.camara.leg.br/api/v2/deputados/4058;JOÃO PINHEIRO;João Pinheiro da Silva;
1728;https://dadosabertos.camara.leg.br/api/v2/deputados/1728;JOAQUIM PERNAMBUCO;Joaquim José de Almeida Pernambuco;
4078;https://dadosabertos.camara.leg.br/api/v2/deputados/4078;JÚLIO DE CASTILHOS;Júlio Prates de Castilhos;
4071;https://dadosabertos.camara.leg.br/api/v2/deputados/4071;LACERDA COUTINHO;José Candido de Lacerda Coutinho;
4079;https://dadosabertos.camara.leg.br/api/v2/deputados/4079;LAURO SODRÉ;Lauro Nina Sodré e Silva;
1555;https://dadosabertos.camara.leg.br/api/v2/deputados/1555;LEANDRO MACIEL;Leandro Ribeiro de Siqueira Maciel;
4073;https://dadosabertos.camara.leg.br/api/v2/deputados/4073;LEOPOLDO BULHÕES;José Leopoldo de Bulhões Jardim;
1634;https://dadosabertos.camara.leg.br/api/v2/deputados/1634;LIBERATO BARROSO;Benjamim Liberato Barroso;
1558;https://dadosabertos.camara.leg.br/api/v2/deputados/1558;LOPES CHAVES;Joaquim Lopes Chaves;
1770;https://dadosabertos.camara.leg.br/api/v2/deputados/1770;MANHÃES BARRETO;Dionisio Manhães Barreto;
1722;https://dadosabertos.camara.leg.br/api/v2/deputados/1722;MARCIANO DE MAGALHÃES;Marciano Augusto Botelho de Magalhães;
4091;https://dadosabertos.camara.leg.br/api/v2/deputados/4091;MARTINHO PRADO JUNIOR;Martinho da Silva Prado Junior;
1635;https://dadosabertos.camara.leg.br/api/v2/deputados/1635;MARTINHO RODRIGUES;Martinho Rodrigues de Souza;
1623;https://dadosabertos.camara.leg.br/api/v2/deputados/1623;MEDRADO;Sebastião Landulpho da Rocha Medrado;
1754;https://dadosabertos.camara.leg.br/api/v2/deputados/1754;MENA BARRETO;Antonio Adolpho da Fontoura Menna Barreto;
1585;https://dadosabertos.camara.leg.br/api/v2/deputados/1585;MIGUEL CASTRO;Miguel Joaquim de Almeida Castro;
1795;https://dadosabertos.camara.leg.br/api/v2/deputados/1795;MURSA;Joaquim de Souza Mursa;
4084;https://dadosabertos.camara.leg.br/api/v2/deputados/4084;NASCIMENTO;Manoel Coelho Bastos do Nascimento;
1709;https://dadosabertos.camara.leg.br/api/v2/deputados/1709;NINA RIBEIRO;Raymundo Nina Ribeiro;
1652;https://dadosabertos.camara.leg.br/api/v2/deputados/1652;NOVAES MELLO;Manoel Leite de Novaes Mello;
4049;https://dadosabertos.camara.leg.br/api/v2/deputados/4049;OITICICA;Francisco de Paula Leite e Oiticica;
4023;https://dadosabertos.camara.leg.br/api/v2/deputados/4023;OLIVEIRA PINTO;Augusto de Oliveira Pinto;
1598;https://dadosabertos.camara.leg.br/api/v2/deputados/1598;PACÍFICO MASCARENHAS;Pacífico Gonçalves da Silva Mascarenhas;
4030;https://dadosabertos.camara.leg.br/api/v2/deputados/4030;PALLETA;Constantino Luiz Palleta;
1624;https://dadosabertos.camara.leg.br/api/v2/deputados/1624;PAULA ARGOLO;Francisco de Paula Argolo;
1716;https://dadosabertos.camara.leg.br/api/v2/deputados/1716;PEDRO AMÉRICO;Pedro Américo de Figueiredo e Mello;
4043;https://dadosabertos.camara.leg.br/api/v2/deputados/4043;PIRES FERREIRA;Firmino Pires Ferreira;
1605;https://dadosabertos.camara.leg.br/api/v2/deputados/1605;PONTES DE MIRANDA;Joaquim Pontes de Miranda;
1564;https://dadosabertos.camara.leg.br/api/v2/deputados/1564;PRISCO PARAIZO;Francisco Prisco de Souza Paraizo;
1736;https://dadosabertos.camara.leg.br/api/v2/deputados/1736;RAYMUNDO BANDEIRA;Raymundo Carneiro de Souza Bandeira;
1717;https://dadosabertos.camara.leg.br/api/v2/deputados/1717;RETUMBA;João da Silva Retumba;
4010;https://dadosabertos.camara.leg.br/api/v2/deputados/4010;RIBEIRO ARANTES;Antonio Belfort Ribeiro Arantes;
1756;https://dadosabertos.camara.leg.br/api/v2/deputados/1756;ROCHA OSORIO;Manoel Luiz da Rocha Osorio;
1606;https://dadosabertos.camara.leg.br/api/v2/deputados/1606;RODRIGO DE ARAÚJO;Rodrigo Correa de Araújo;
1591;https://dadosabertos.camara.leg.br/api/v2/deputados/1591;RODRIGUES ALVES;Francisco de Paula Rodrigues Alves;
1798;https://dadosabertos.camara.leg.br/api/v2/deputados/1798;RUBIÃO JUNIOR;JOÃO ÁLVARES RUBIÃO JUNIOR;
1718;https://dadosabertos.camara.leg.br/api/v2/deputados/1718;SÁ ANDRADE;João Batista de Sá Andrade;
1779;https://dadosabertos.camara.leg.br/api/v2/deputados/1779;SCHMIDT;Felippe Schmidt;
4099;https://dadosabertos.camara.leg.br/api/v2/deputados/4099;SEVERINO VIEIRA;Severino dos Santos Vieira;
1757;https://dadosabertos.camara.leg.br/api/v2/deputados/1757;THOMAZ FLORES;Thomaz Thompson Flores;
1611;https://dadosabertos.camara.leg.br/api/v2/deputados/1611;UCHOA RODRIGUES;Manoel Uchoa Rodrigues;
1799;https://dadosabertos.camara.leg.br/api/v2/deputados/1799;VIEIRA BUENO;Manoel de Assis Vieira Bueno;
4069;https://dadosabertos.camara.leg.br/api/v2/deputados/4069;VINHAES;José Augusto Vinhaes;
1703;https://dadosabertos.camara.leg.br/api/v2/deputados/1703;VIOTTI;Policarpo Rodrigues Viotti;
1775;https://dadosabertos.camara.leg.br/api/v2/deputados/1775;VIRGILIO PESSÔA;Virgílio de Andrade Pessôa;
1774;https://dadosabertos.camara.leg.br/api/v2/deputados/1774;VIRIATO DE MEDEIROS;José Gonçalves Viriato de Medeiros;
1191;https://dadosabertos.camara.leg.br/api/v2/deputados/1191;ACIOLI FRANCO;Luiz Accioli Pereira Franco;
1157;https://dadosabertos.camara.leg.br/api/v2/deputados/1157;AFONSO CELSO JÚNIOR;Affonso Celso de Assis Figueiredo Júnior;
1085;https://dadosabertos.camara.leg.br/api/v2/deputados/1085;AFONSO PENA;Affonso Augusto Moreira Penna;
1172;https://dadosabertos.camara.leg.br/api/v2/deputados/1172;ALCOFORADO JÚNIOR;José Bernardo Galvão Alcoforado Júnior;
930;https://dadosabertos.camara.leg.br/api/v2/deputados/930;ALENCAR ARARIPE;Tristão de Alencar Araripe;
1181;https://dadosabertos.camara.leg.br/api/v2/deputados/1181;ALFREDO CHAVES;Alfredo Rodrigues Fernandes Chaves;
1247;https://dadosabertos.camara.leg.br/api/v2/deputados/1247;ALFREDO CORREIA;Alfredo Correa de Oliveira;
1142;https://dadosabertos.camara.leg.br/api/v2/deputados/1142;ÁLVARO CAMINHA;Álvaro Caminha Tavares da Silva;
1108;https://dadosabertos.camara.leg.br/api/v2/deputados/1108;ALVES DE ARAÚJO;Manoel Alves de Araújo;
1221;https://dadosabertos.camara.leg.br/api/v2/deputados/1221;AMÉRICO DE SOUZA;Américo de Souza Gomes;
988;https://dadosabertos.camara.leg.br/api/v2/deputados/988;ANDRADE FIGUEIRA;Domingos de Andrade Figueira;
1002;https://dadosabertos.camara.leg.br/api/v2/deputados/1002;ARAÚJO GÓIS JÚNIOR;Innocêncio Marques de Araújo Góis Júnior;
1137;https://dadosabertos.camara.leg.br/api/v2/deputados/1137;ARAÚJO PINHO;João Ferreira de Araújo Pinho;
924;https://dadosabertos.camara.leg.br/api/v2/deputados/924;BARÃO DA VILA DA BARRA;Francisco Bonifácio de Abreu;
970;https://dadosabertos.camara.leg.br/api/v2/deputados/970;BARÃO DE ARAÇAJI;Francisco de Caldas Lins;
925;https://dadosabertos.camara.leg.br/api/v2/deputados/925;BARÃO DE JEREMOABO;Cicero Dantas Martins;
1158;https://dadosabertos.camara.leg.br/api/v2/deputados/1158;BARÃO DE LEOPOLDINA;José de Resende Monteiro;
1248;https://dadosabertos.camara.leg.br/api/v2/deputados/1248;BARÃO DE LUCENA;Henrique Pereira de Lucena;
1144;https://dadosabertos.camara.leg.br/api/v2/deputados/1144;BARÃO DO CANINDÉ;Paulino Franklin do Amaral;
1235;https://dadosabertos.camara.leg.br/api/v2/deputados/1235;BARÃO DO DIAMANTINO;Antonio Cerqueira Caldas;
1138;https://dadosabertos.camara.leg.br/api/v2/deputados/1138;BARÃO DO GUAÍ;Joaquim Elísio Pereira Marinho;
1222;https://dadosabertos.camara.leg.br/api/v2/deputados/1222;BARÃO DO RIO DAS CONTAS;Pedro Muniz Barreto de Aragão;
948;https://dadosabertos.camara.leg.br/api/v2/deputados/948;BARROS COBRA;José Ignácio de Barros Cobra;
989;https://dadosabertos.camara.leg.br/api/v2/deputados/989;BELISÁRIO;Francisco Belisário Soares de Souza;
1173;https://dadosabertos.camara.leg.br/api/v2/deputados/1173;BENTO RAMOS;Bento Ceciliano dos Santos Ramos;
1256;https://dadosabertos.camara.leg.br/api/v2/deputados/1256;BULHÕES DE CARVALHO;João Evangelista Sayão de Bulhões Carvalho;
1087;https://dadosabertos.camara.leg.br/api/v2/deputados/1087;CÂNDIDO DE OLIVEIRA;Candido Luiz Maria de Oliveira;
1257;https://dadosabertos.camara.leg.br/api/v2/deputados/1257;CÂNDIDO DRUMOND;Cândido Drumond furtado de Mendonça;
1016;https://dadosabertos.camara.leg.br/api/v2/deputados/1016;CARLOS PEIXOTO;Carlos Peixoto de Mello;
795;https://dadosabertos.camara.leg.br/api/v2/deputados/795;CARNEIRO DA CUNHA;Anisio Salathiel Carneiro da Cunha;
1210;https://dadosabertos.camara.leg.br/api/v2/deputados/1210;CASTRIOTO;Carlos Frederico Castrioto;
889;https://dadosabertos.camara.leg.br/api/v2/deputados/889;CESÁRIO ALVIM;José Cesário de Faria Alvim;
1219;https://dadosabertos.camara.leg.br/api/v2/deputados/1219;CLARINDO CHAVES;Clarindo Adolpho de Oliveira Chaves;
1261;https://dadosabertos.camara.leg.br/api/v2/deputados/1261;COCHRANE;Ignácio Wallace da Gama Cochrane;
1038;https://dadosabertos.camara.leg.br/api/v2/deputados/1038;COELHO DE ALMEIDA;Thomaz José Coelho de Almeida;
1205;https://dadosabertos.camara.leg.br/api/v2/deputados/1205;COELHO DE RESENDE;Simplício Coelho de Rezende;
1066;https://dadosabertos.camara.leg.br/api/v2/deputados/1066;COELHO E CAMPOS;José Luiz Coelho e Campos;
982;https://dadosabertos.camara.leg.br/api/v2/deputados/982;COELHO RODRIGUES;Antônio Coelho Rodrigues;
1265;https://dadosabertos.camara.leg.br/api/v2/deputados/1265;CONDE DO PINHAL;Antonio Carlos de Arruda Botelho;
1203;https://dadosabertos.camara.leg.br/api/v2/deputados/1203;CORREIA DE ARAÚJO;Antonio Francisco Corrêa de Araújo;
1242;https://dadosabertos.camara.leg.br/api/v2/deputados/1242;COSTA AGUIAR;José Lourenço da Costa Aguiar;
1009;https://dadosabertos.camara.leg.br/api/v2/deputados/1009;COSTA PEREIRA;José Fernandes da Costa Pereira Junior;
1238;https://dadosabertos.camara.leg.br/api/v2/deputados/1238;CRISTIANO DA LUZ;Christiano Carneiro Ribeiro da Luz;
1168;https://dadosabertos.camara.leg.br/api/v2/deputados/1168;CRUZ;Guilherme Francisco Cruz;
1039;https://dadosabertos.camara.leg.br/api/v2/deputados/1039;CUNHA LEITÃO;Antonio Candido da Cunha Leitão;
1239;https://dadosabertos.camara.leg.br/api/v2/deputados/1239;CUSTÓDIO MARTINS;Custódio José Ferreira Martins;
1044;https://dadosabertos.camara.leg.br/api/v2/deputados/1044;DELFINO CINTRA;Delphino Pinheiro de Ulhôa Cintra;
1121;https://dadosabertos.camara.leg.br/api/v2/deputados/1121;DIANA;José Francisco Diana;
943;https://dadosabertos.camara.leg.br/api/v2/deputados/943;DIAS CARNEIRO;Francisco Dias Carneiro;
1232;https://dadosabertos.camara.leg.br/api/v2/deputados/1232;DOMINGUES DA SILVA;Luiz Antonio Domingues da Silva;
996;https://dadosabertos.camara.leg.br/api/v2/deputados/996;DUARTE DE AZEVEDO;Manoel Antonio Duarte de Azevedo;
1263;https://dadosabertos.camara.leg.br/api/v2/deputados/1263;ELIAS CHAVES;Elias Antonio Pacheco Chaves;
1025;https://dadosabertos.camara.leg.br/api/v2/deputados/1025;ELIAS DE ALBUQUERQUE;Elias Frederico de Almeida e Albuquerque;
1244;https://dadosabertos.camara.leg.br/api/v2/deputados/1244;ELIAS RAMOS;Elias Eliaco Eliseu da Costa Ramos;
1011;https://dadosabertos.camara.leg.br/api/v2/deputados/1011;ESCRAGNOLLE TAUNAY;ALFREDO MARIA ADRIANO D' ESCRAGNOLLE TAUNAY;
1236;https://dadosabertos.camara.leg.br/api/v2/deputados/1236;ESPERIDIÃO MARQUES;Manoel Esperidião da Costa Marques;
1026;https://dadosabertos.camara.leg.br/api/v2/deputados/1026;EUFRÁSIO CORREIA;Manoel Eufrasio Correia;
1218;https://dadosabertos.camara.leg.br/api/v2/deputados/1218;FELINTO GONZAGA;Felinto Elysio Lemos Gonzaga;
1249;https://dadosabertos.camara.leg.br/api/v2/deputados/1249;FELIPE DE FIGUEIROA;Filipe de Figueiroa Faria;
1223;https://dadosabertos.camara.leg.br/api/v2/deputados/1223;FERNANDES DA CUNHA FILHO;Joaquim Jerônymo Fernandes da Cunha Filho;
1183;https://dadosabertos.camara.leg.br/api/v2/deputados/1183;FERNANDES DE OLIVEIRA;Joaquim Antonio Fernandes de Oliveira;
1260;https://dadosabertos.camara.leg.br/api/v2/deputados/1260;FERNANDO HACKRADT;Fernando Hackradt Júnior;
1602;https://dadosabertos.camara.leg.br/api/v2/deputados/1602;FERREIRA BRAGA;Antonio José Ferreira Braga;
992;https://dadosabertos.camara.leg.br/api/v2/deputados/992;FERREIRA VIANA;Antônio Ferreira Viana;
1224;https://dadosabertos.camara.leg.br/api/v2/deputados/1224;FREIRE DE CARVALHO;José Eduardo Freire de Carvalho;
1264;https://dadosabertos.camara.leg.br/api/v2/deputados/1264;GERALDO REZENDE;Geraldo Ribeiro de Souza Resende;
882;https://dadosabertos.camara.leg.br/api/v2/deputados/882;GOMES DE CASTRO;Augusto Olympio Gomes de Castro;
1174;https://dadosabertos.camara.leg.br/api/v2/deputados/1174;HENRIQUE MARQUES;Henrique Marques de Hollanda Cavalcanti;
450;https://dadosabertos.camara.leg.br/api/v2/deputados/450;HENRIQUES;Antonio José Henriques;
1228;https://dadosabertos.camara.leg.br/api/v2/deputados/1228;JAGUARIBE FILHO;Domingos José Nogueira Jaguaribe Filho;
1251;https://dadosabertos.camara.leg.br/api/v2/deputados/1251;JAIME ROSA;Jayme de Albuquerque Rosa;
1160;https://dadosabertos.camara.leg.br/api/v2/deputados/1160;JOÃO CAETANO;João Caetano de Oliveira e Souza;
1233;https://dadosabertos.camara.leg.br/api/v2/deputados/1233;JOÃO HENRIQUE;João Henrique Vieira da Silva;
1032;https://dadosabertos.camara.leg.br/api/v2/deputados/1032;JOÃO MANUEL;João Manoel de Carvalho;
1114;https://dadosabertos.camara.leg.br/api/v2/deputados/1114;JOAQUIM NABUCO;Joaquim Aurélio Barreto Nabuco de Araújo;
1207;https://dadosabertos.camara.leg.br/api/v2/deputados/1207;JOAQUIM PEDRO;Joaquim Pedro Soares;
1225;https://dadosabertos.camara.leg.br/api/v2/deputados/1225;JOSÉ MARCELINO;José Marcelino de Souza;
1145;https://dadosabertos.camara.leg.br/api/v2/deputados/1145;JOSÉ POMPEU;José Pompeu de Albuquerque Cavalcanti;
1184;https://dadosabertos.camara.leg.br/api/v2/deputados/1184;LACERDA WERNECK;Manoel Peixoto de Lacerda Werneck;
1200;https://dadosabertos.camara.leg.br/api/v2/deputados/1200;LEITÃO DA CUNHA;José Maria Leitão da Cunha;
1094;https://dadosabertos.camara.leg.br/api/v2/deputados/1094;LEMOS;Manoel Joaquim de Lemos;
869;https://dadosabertos.camara.leg.br/api/v2/deputados/869;LOURENÇO DE ALBUQUERQUE;Lourenço Bezerra Cavalcanti de Albuquerque;
1266;https://dadosabertos.camara.leg.br/api/v2/deputados/1266;LUÍS FREIRE;Luiz Francisco Freire;
1217;https://dadosabertos.camara.leg.br/api/v2/deputados/1217;LUIS MOREIRA;Luiz Antonio Moreira de Mendonça;
1169;https://dadosabertos.camara.leg.br/api/v2/deputados/1169;MAC-DOWELL;Samuel Wallace Mac-Dowell;
1243;https://dadosabertos.camara.leg.br/api/v2/deputados/1243;MÂNCIO RIBEIRO;Mâncio Caetano Ribeiro;
1175;https://dadosabertos.camara.leg.br/api/v2/deputados/1175;MANUEL PORTELA;Manoel do Nascimento Machado Portella;
1230;https://dadosabertos.camara.leg.br/api/v2/deputados/1230;MARCONDES FIGUEIRA;José Marcondes de Andrade Figueira;
1068;https://dadosabertos.camara.leg.br/api/v2/deputados/1068;MARIANO DA SILVA;Mariano Joaquim da Silva;
1229;https://dadosabertos.camara.leg.br/api/v2/deputados/1229;MATOSO CÂMARA;Joaquim Mattoso Duque-Estrada Câmara;
1189;https://dadosabertos.camara.leg.br/api/v2/deputados/1189;MENDONÇA SOBRINHO;Bernardo Antonio de Mendonça Sobrinho;
1252;https://dadosabertos.camara.leg.br/api/v2/deputados/1252;MIRANDA RIBEIRO;João de Miranda Ribeiro Sobrinho;
1161;https://dadosabertos.camara.leg.br/api/v2/deputados/1161;MONTANDON;Eduardo Augusto Montandon;
1240;https://dadosabertos.camara.leg.br/api/v2/deputados/1240;MONTEIRO MANSO;Antonio Romualdo Monteiro Manso;
1162;https://dadosabertos.camara.leg.br/api/v2/deputados/1162;MOURÃO;Aureliano Martins de Carvalho Mourão;
1163;https://dadosabertos.camara.leg.br/api/v2/deputados/1163;OLÍMPIO VALADÃO;Olympio Oscar de Vilhena Valadão;
1267;https://dadosabertos.camara.leg.br/api/v2/deputados/1267;OLIVEIRA RIBEIRO;Pedro Antonio de Oliveira Ribeiro;
1258;https://dadosabertos.camara.leg.br/api/v2/deputados/1258;PAES LEME;Pedro Dias Gordilho Paes Leme;
1220;https://dadosabertos.camara.leg.br/api/v2/deputados/1220;PASSOS MIRANDA;Antonio dos Passos Miranda;
1202;https://dadosabertos.camara.leg.br/api/v2/deputados/1202;PAULA PRIMO;Francisco de Paula e Silva Primo;
1253;https://dadosabertos.camara.leg.br/api/v2/deputados/1253;PAULINO CHAVES;Paulino Rodrigues Fernandes Chaves;
1112;https://dadosabertos.camara.leg.br/api/v2/deputados/1112;PEDRO BELTRÃO;Pedro da Cunha Beltrão;
1241;https://dadosabertos.camara.leg.br/api/v2/deputados/1241;PEDRO BRANDÃO;Pedro Maria da Silva Brandão;
1227;https://dadosabertos.camara.leg.br/api/v2/deputados/1227;PEDRO CARNEIRO;Pedro Carneiro da Silva;
1259;https://dadosabertos.camara.leg.br/api/v2/deputados/1259;PEDRO LUÍS;Pedro Luiz Soares de Souza;
461;https://dadosabertos.camara.leg.br/api/v2/deputados/461;PEREIRA DA SILVA;João Manoel Pereira da Silva;
690;https://dadosabertos.camara.leg.br/api/v2/deputados/690;PINTO LIMA;Francisco Xavier Pinto Lima;
822;https://dadosabertos.camara.leg.br/api/v2/deputados/822;RATISBONA;Leandro Chaves de Mello Ratisbona;
1234;https://dadosabertos.camara.leg.br/api/v2/deputados/1234;RIBEIRO DA CUNHA;Manoel José Ribeiro da Cunha;
1069;https://dadosabertos.camara.leg.br/api/v2/deputados/1069;RIBEIRO DE MENEZES;Francisco Ildefonso Ribeiro de Menezes;
768;https://dadosabertos.camara.leg.br/api/v2/deputados/768;RODRIGO SILVA;Rodrigo Augusto da Silva;
823;https://dadosabertos.camara.leg.br/api/v2/deputados/823;RODRIGUES JÚNIOR;Antonio Joaquim Rodrigues Júnior;
1254;https://dadosabertos.camara.leg.br/api/v2/deputados/1254;SÉVE NAVARRO;Antonio Caetano Seve Navarro;
945;https://dadosabertos.camara.leg.br/api/v2/deputados/945;SILVA MAIA;José da Silva Maia;
1255;https://dadosabertos.camara.leg.br/api/v2/deputados/1255;SILVA TAVARES;Francisco da Silva Tavares;
1166;https://dadosabertos.camara.leg.br/api/v2/deputados/1166;SOARES;Manoel José Soares;
1245;https://dadosabertos.camara.leg.br/api/v2/deputados/1245;SORIANO DE SOUZA;José Soriano de Souza;
1033;https://dadosabertos.camara.leg.br/api/v2/deputados/1033;TARQUÍNIO DE SOUZA;Tarquinio Braulio de Souza Amarantho;
979;https://dadosabertos.camara.leg.br/api/v2/deputados/979;TEODORO DA SILVA;Theodoro Machado Freire Pereira da Silva;
1246;https://dadosabertos.camara.leg.br/api/v2/deputados/1246;VISCONDE DE NACAR;MAnoel Antônio Guimarães;
1231;https://dadosabertos.camara.leg.br/api/v2/deputados/1231;XAVIER DA SILVA;Ignácio Xavier da Silva;
1136;https://dadosabertos.camara.leg.br/api/v2/deputados/1136;ADRIANO PIMENTEL;Adriano Xavier de Oliveira Pimentel;
1151;https://dadosabertos.camara.leg.br/api/v2/deputados/1151;ALMEIDA OLIVEIRA;Antonio de Almeida e Oliveira;
1198;https://dadosabertos.camara.leg.br/api/v2/deputados/1198;ANTONIO BEZERRA;Antonio Bezerra da Rocha Moraes;
1588;https://dadosabertos.camara.leg.br/api/v2/deputados/1588;ANTÔNIO CARLOS;Antônio Carlos Ribeiro de Andrada;
1110;https://dadosabertos.camara.leg.br/api/v2/deputados/1110;ANTONIO DE SIQUEIRA;Antonio Manoel de Siqueira Cavalcanti;
1143;https://dadosabertos.camara.leg.br/api/v2/deputados/1143;ANTONIO PINTO;Antonio Pinto de Mendonça;
1155;https://dadosabertos.camara.leg.br/api/v2/deputados/1155;AUGUSTO FLEURY;Augusto Cesar de Pádua Fleury;
560;https://dadosabertos.camara.leg.br/api/v2/deputados/560;BARÃO DE ANADIA;Manoel Joaquim de Mendonça Castello Branco;
657;https://dadosabertos.camara.leg.br/api/v2/deputados/657;BEZERRA CAVALCANTI;Amaro Carneiro Bezerra Cavalcanti;
909;https://dadosabertos.camara.leg.br/api/v2/deputados/909;BEZERRA DE MENEZES;Adolpho Bezerra de Menezes;
1120;https://dadosabertos.camara.leg.br/api/v2/deputados/1120;CAMARGO;Antonio Eleutério Camargo;
1213;https://dadosabertos.camara.leg.br/api/v2/deputados/1213;CAMPOS SALES;Manoel Ferraz de Campos salles;
1088;https://dadosabertos.camara.leg.br/api/v2/deputados/1088;CARLOS AFONSO;Carlos Afonso de Assis Figueiredo;
1139;https://dadosabertos.camara.leg.br/api/v2/deputados/1139;CARNEIRO DA ROCHA;Antonio Carneiro da Rocha;
1178;https://dadosabertos.camara.leg.br/api/v2/deputados/1178;CASTELO BRANCO;Cândido Gil Castello Branco;
1194;https://dadosabertos.camara.leg.br/api/v2/deputados/1194;CHAGAS;Antonio Justiniano das chagas;
18;https://dadosabertos.camara.leg.br/api/v2/deputados/18;CRUZ GOUVEIA;José Evaristo da Cruz Gouveia;
1201;https://dadosabertos.camara.leg.br/api/v2/deputados/1201;DANTAS GÓIS;Manoel Dantas Corrêa Góes;
1199;https://dadosabertos.camara.leg.br/api/v2/deputados/1199;DEMÉTRIO BEZERRA;Demétrio Bezerra da Rocha Moraes;
955;https://dadosabertos.camara.leg.br/api/v2/deputados/955;DIOGO DE VASCONCELOS;Diogo Luiz de Almeida Pereira de Vasconcellos;
798;https://dadosabertos.camara.leg.br/api/v2/deputados/798;EPAMINONDAS;Antonio Epaminondas de Mello;
892;https://dadosabertos.camara.leg.br/api/v2/deputados/892;FELÍCIO DOS SANTOS;Antônio Felício dos Santos;
817;https://dadosabertos.camara.leg.br/api/v2/deputados/817;FERREIRA DE MOURA;João Ferreira de Moura;
1060;https://dadosabertos.camara.leg.br/api/v2/deputados/1060;FRANKLIN DÓRIA;Franklin Américo de Menezes Dória;
1204;https://dadosabertos.camara.leg.br/api/v2/deputados/1204;GASPAR DRUMOND;Gaspar Menezes Vasconcellos Drumond;
1073;https://dadosabertos.camara.leg.br/api/v2/deputados/1073;ILDEFONSO DE ARAÚJO;Ildefonso José de Araújo;
1206;https://dadosabertos.camara.leg.br/api/v2/deputados/1206;ITAQUI;Egydio Barbosa de Oliveira Itaqui;
1115;https://dadosabertos.camara.leg.br/api/v2/deputados/1115;JOAQUIM TAVARES;Joaquim Tavares de Mello Barreto;
1140;https://dadosabertos.camara.leg.br/api/v2/deputados/1140;JUVÊNCIO ALVES;Juvêncio Alves de Souza;
1149;https://dadosabertos.camara.leg.br/api/v2/deputados/1149;LEOPOLDO CUNHA;Leopoldo Augusto Deocleciano de Mello Cunha;
1195;https://dadosabertos.camara.leg.br/api/v2/deputados/1195;MARES GUIA;Ernesto Pio dos Mares Guia;
1193;https://dadosabertos.camara.leg.br/api/v2/deputados/1193;METELO;José Maria Metello;
849;https://dadosabertos.camara.leg.br/api/v2/deputados/849;MOREIRA BRANDÃO;José Moreira Brandão Castello Branco;
1131;https://dadosabertos.camara.leg.br/api/v2/deputados/1131;MOREIRA DE BARROS;Antonio Moreira de Barros;
783;https://dadosabertos.camara.leg.br/api/v2/deputados/783;PÁDUA FLEURY;André Augusto de Pádua Fleury;
1214;https://dadosabertos.camara.leg.br/api/v2/deputados/1214;PRUDENTE DE MORAIS;Prudente José de Moraes Barros;
1197;https://dadosabertos.camara.leg.br/api/v2/deputados/1197;RIBEIRO DA LUZ;Joaquim Bento Ribeiro da Luz;
1215;https://dadosabertos.camara.leg.br/api/v2/deputados/1215;ROMERO;Joviniano Ramos Romero;
1208;https://dadosabertos.camara.leg.br/api/v2/deputados/1208;SALGADO;Joaquim Pedro Salgado;
1212;https://dadosabertos.camara.leg.br/api/v2/deputados/1212;SCHUTEL;Duarte Paranhos Schutel;
1102;https://dadosabertos.camara.leg.br/api/v2/deputados/1102;SEGISMUNDO GONÇALVES;Segismundo Antonio Gonçalves;
1185;https://dadosabertos.camara.leg.br/api/v2/deputados/1185;SILVA MAFRA;Manoel da Silva Mafra;
1190;https://dadosabertos.camara.leg.br/api/v2/deputados/1190;SINIMBU JÚNIOR;João Lins Vieira Cansansão de Sinimbu Júnior;
1078;https://dadosabertos.camara.leg.br/api/v2/deputados/1078;TOMAS POMPEU;Thomaz Pompeu de Souza Brazil;
1117;https://dadosabertos.camara.leg.br/api/v2/deputados/1117;ULISSES VIANA;Ulisses Machado Pereira Vianna;
1211;https://dadosabertos.camara.leg.br/api/v2/deputados/1211;VALDETARO;Alfredo Camillo Valdetaro;
1154;https://dadosabertos.camara.leg.br/api/v2/deputados/1154;VIANA VAZ;José Vianna Vaz;
847;https://dadosabertos.camara.leg.br/api/v2/deputados/847;VISCONDE DE SOUSA CARVALHO;Antonio Alves de Souza Carvalho;
738;https://dadosabertos.camara.leg.br/api/v2/deputados/738;ABELARDO DE BRITO;Laurindo Abelardo de Brito;
1147;https://dadosabertos.camara.leg.br/api/v2/deputados/1147;ACIOLI DE AZEVEDO;Daniel Accioli de Azevedo;
754;https://dadosabertos.camara.leg.br/api/v2/deputados/754;ALMEIDA PEREIRA;João de Almeida Pereira Filho;
1150;https://dadosabertos.camara.leg.br/api/v2/deputados/1150;ANTERO CÍCERO;Antero Cícero de Assis;
918;https://dadosabertos.camara.leg.br/api/v2/deputados/918;BARÃO DA ESTÂNCIA;Antônio Dias Coelho Mello;
1055;https://dadosabertos.camara.leg.br/api/v2/deputados/1055;CARVALHO RESENDE;Francisco Ignácio Carvalho Rezende;
1159;https://dadosabertos.camara.leg.br/api/v2/deputados/1159;CONTAGEM;Martinho Alvares da Silva Contagem;
764;https://dadosabertos.camara.leg.br/api/v2/deputados/764;COSTA PINTO;Antonio da Costa Pinto e Silva;
991;https://dadosabertos.camara.leg.br/api/v2/deputados/991;DUQUE-ESTRADA TEIXEIRA;Luiz Joaquim Duque-Estrada Teixeira;
1182;https://dadosabertos.camara.leg.br/api/v2/deputados/1182;ELIAS MORAIS;Elias Antonio de Moraes;
1067;https://dadosabertos.camara.leg.br/api/v2/deputados/1067;ESPÍNDOLA;Thomaz do Bomfim Espíndola;
1179;https://dadosabertos.camara.leg.br/api/v2/deputados/1179;FELISBERTO;Felisberto Pereira da Silva;
1052;https://dadosabertos.camara.leg.br/api/v2/deputados/1052;FRANCO DE SÁ;Felippe Franco de Sá;
1171;https://dadosabertos.camara.leg.br/api/v2/deputados/1171;GENEROSO MARQUES;Generoso Marques dos Santos;
1156;https://dadosabertos.camara.leg.br/api/v2/deputados/1156;GONÇALVES DE CARVALHO;Antonio Gonçalves de Carvalho;
1180;https://dadosabertos.camara.leg.br/api/v2/deputados/1180;HENRIQUE D'ÁVILA;Henrique Francisco D'Ávila;
1020;https://dadosabertos.camara.leg.br/api/v2/deputados/1020;INÁCIO MARTINS;Ignacio Antonio de Assis Martins;
1119;https://dadosabertos.camara.leg.br/api/v2/deputados/1119;JOSÉ BASSON;José Basson de Miranda Osório;
724;https://dadosabertos.camara.leg.br/api/v2/deputados/724;LIMA DUARTE;José Rodrigues de Lima Duarte;
1105;https://dadosabertos.camara.leg.br/api/v2/deputados/1105;MANUEL CARLOS;Manoel Carlos de Gouvêa;
1272;https://dadosabertos.camara.leg.br/api/v2/deputados/1272;MARTIM FRANCISCO;Martim Francisco Ribeiro de Andrada;
4104;https://dadosabertos.camara.leg.br/api/v2/deputados/4104;MARTINHO CAMPOS;Martinho Alvares da Silva Campos;
1146;https://dadosabertos.camara.leg.br/api/v2/deputados/1146;METON;Meton de Franca Alencar;
1101;https://dadosabertos.camara.leg.br/api/v2/deputados/1101;MORAIS JARDIM;Jeronymo Rodrigues de Moraes Jardim;
1186;https://dadosabertos.camara.leg.br/api/v2/deputados/1186;PAULA SOUSA;Bento Francisco de Paula Souza;
1274;https://dadosabertos.camara.leg.br/api/v2/deputados/1274;PAULINO DE SOUSA;Paulino José Soares de Souza;
1164;https://dadosabertos.camara.leg.br/api/v2/deputados/1164;PEREIRA CABRAL;José Manoel Pereira Cabral;
1176;https://dadosabertos.camara.leg.br/api/v2/deputados/1176;PERETTI;Manoel da Trindade Peretti;
1135;https://dadosabertos.camara.leg.br/api/v2/deputados/1135;PRADO PIMENTEL;Graciliano Aristides do Prado Pimentel;
1177;https://dadosabertos.camara.leg.br/api/v2/deputados/1177;REGO BARROS;Francisco do Rego Barros de Lacerda;
1123;https://dadosabertos.camara.leg.br/api/v2/deputados/1123;RIBAS;Antonio Antunes Ribas;
1075;https://dadosabertos.camara.leg.br/api/v2/deputados/1075;RODOLFO DANTAS;Rodolpho Epiphanio de Souza Dantas;
1141;https://dadosabertos.camara.leg.br/api/v2/deputados/1141;RODRIGUES LIMA;Joaquim Rodrigues Lima;
1076;https://dadosabertos.camara.leg.br/api/v2/deputados/1076;RUI BARBOSA;Ruy Barboza de Oliveira;
1152;https://dadosabertos.camara.leg.br/api/v2/deputados/1152;SALUSTIANO;Salustiano Ferreira de Moraes Rego;
845;https://dadosabertos.camara.leg.br/api/v2/deputados/845;SERÁFICO;Innocêncio Seráphico de Assis Carvalho;
1063;https://dadosabertos.camara.leg.br/api/v2/deputados/1063;SEVERINO RIBEIRO;Severino Ribeiro Carneiro Monteiro;
1165;https://dadosabertos.camara.leg.br/api/v2/deputados/1165;SILVIANO BRANDÃO;Francisco Silviano de Almeida Brandão;
884;https://dadosabertos.camara.leg.br/api/v2/deputados/884;SINVAL;Sinval Odorico de Moura;
977;https://dadosabertos.camara.leg.br/api/v2/deputados/977;SOUSA LEÃO;Ignacio Joaquim de Souza Leão;
1187;https://dadosabertos.camara.leg.br/api/v2/deputados/1187;SOUSA QUEIRÓZ FILHO;Francisco Antonio de Souza Queiróz Filho;
1170;https://dadosabertos.camara.leg.br/api/v2/deputados/1170;TERTULIANO HENRIQUES;Manoel Tertuliano Thomaz Henriques;
1188;https://dadosabertos.camara.leg.br/api/v2/deputados/1188;ULHOA CINTRA;Antonio Pinheiro de Ulhoa Cintra;
1167;https://dadosabertos.camara.leg.br/api/v2/deputados/1167;VIEIRA DE ANDRADE;Joaquim Vieira de Andrade;
1226;https://dadosabertos.camara.leg.br/api/v2/deputados/1226;ABREU E SILVA;Antonio Alvares de Abreu e Silva;
832;https://dadosabertos.camara.leg.br/api/v2/deputados/832;AFONSO CELSO;Affonso Celso de Assis Figueiredo 1º;
907;https://dadosabertos.camara.leg.br/api/v2/deputados/907;ALMEIDA BARBOSA;Antônio Francisco de Almeida Barbosa;
1071;https://dadosabertos.camara.leg.br/api/v2/deputados/1071;ALMEIDA COUTO;José Luiz de Almeida Couto;
854;https://dadosabertos.camara.leg.br/api/v2/deputados/854;ANDRADE PINTO;Eduardo de Andrade Pinto;
1128;https://dadosabertos.camara.leg.br/api/v2/deputados/1128;ANTONIO CARLOS;Antonio Carlos Ribeiro de Andrada Machado e Silva;
732;https://dadosabertos.camara.leg.br/api/v2/deputados/732;ARAGÃO E MELO;Antonio Manoel de Aragão e Mello;
1086;https://dadosabertos.camara.leg.br/api/v2/deputados/1086;AURELIANO MAGALHÃES;Aureliano Moreira de Magalhães;
1099;https://dadosabertos.camara.leg.br/api/v2/deputados/1099;AZAMBUJA MEIRELES;Francisco Gomes de Azambuja Meirelles;
612;https://dadosabertos.camara.leg.br/api/v2/deputados/612;BARÃO DE VILA BELA;Domingos de Souza Leão;
916;https://dadosabertos.camara.leg.br/api/v2/deputados/916;BARÃO HOMEM DE MELO;Francisco Ignacio Marcondes Homem de Mello;
1133;https://dadosabertos.camara.leg.br/api/v2/deputados/1133;BARROS PIMENTEL;Sancho de Barros Pimentel;
908;https://dadosabertos.camara.leg.br/api/v2/deputados/908;BATISTA PEREIRA;João Baptista Pereira;
880;https://dadosabertos.camara.leg.br/api/v2/deputados/880;BELFORT DUARTE;Francisco de Paula Belfort Duarte;
900;https://dadosabertos.camara.leg.br/api/v2/deputados/900;BUARQUE DE MACEDO;Manoel Buarque de Macedo;
1072;https://dadosabertos.camara.leg.br/api/v2/deputados/1072;BULCÃO;Gonçalo Marinho de Aragão Bulcão;
1100;https://dadosabertos.camara.leg.br/api/v2/deputados/1100;BULHÕES;Antonio Augusto de Bulhões;
1089;https://dadosabertos.camara.leg.br/api/v2/deputados/1089;CORREIA RABELO;Francisco Corrêa Ferreira Rabelo;
1070;https://dadosabertos.camara.leg.br/api/v2/deputados/1070;COSTA AZEVEDO;José da Costa Azevedo, Barão de Ladário;
1113;https://dadosabertos.camara.leg.br/api/v2/deputados/1113;COSTA RIBEIRO;Antonio José da Costa Ribeiro;
1083;https://dadosabertos.camara.leg.br/api/v2/deputados/1083;COUTO MAGALHÃES;José Vieira Couto de Magalhães;
684;https://dadosabertos.camara.leg.br/api/v2/deputados/684;DANTAS;Manoel Pinto de Souza Dantas;
773;https://dadosabertos.camara.leg.br/api/v2/deputados/773;ESPERIDIÃO;Esperidião Eloy de Barros Pimentel;
1081;https://dadosabertos.camara.leg.br/api/v2/deputados/1081;FÁBIO REIS;Fábio Alexandrino de Carvalho Reis;
1062;https://dadosabertos.camara.leg.br/api/v2/deputados/1062;FERNANDO OSÓRIO;Fernando Luiz Osorio;
1090;https://dadosabertos.camara.leg.br/api/v2/deputados/1090;FIDÉLIS BOTELHO;Fidelis de Andrade Botelho;
1035;https://dadosabertos.camara.leg.br/api/v2/deputados/1035;FLORÊNCIO DE ABREU;Florencio Carlos de Abreu e Silva;
851;https://dadosabertos.camara.leg.br/api/v2/deputados/851;FLORES;Luiz da Silva Flores;
731;https://dadosabertos.camara.leg.br/api/v2/deputados/731;FRANCO DE ALMEIDA;Tito Franco de Almeida;
816;https://dadosabertos.camara.leg.br/api/v2/deputados/816;FREDERICO DE ALMEIDA;Frederico Augusto de Almeida;
1124;https://dadosabertos.camara.leg.br/api/v2/deputados/1124;FREDERICO REGO;Frederico de Almeida Rego;
1118;https://dadosabertos.camara.leg.br/api/v2/deputados/1118;FREITAS;José Manoel de Freitas;
1125;https://dadosabertos.camara.leg.br/api/v2/deputados/1125;FREITAS COUTINHO;Julio Cesar de Freitas Coutinho;
1091;https://dadosabertos.camara.leg.br/api/v2/deputados/1091;GALDINO DAS NEVES;Galdino Emiliano das Neves;
765;https://dadosabertos.camara.leg.br/api/v2/deputados/765;GAVIÃO PEIXOTO;Bernardo Avelino Gavião Peixoto;
1092;https://dadosabertos.camara.leg.br/api/v2/deputados/1092;HIGINO DA SILVA;Hygino Alvares de Abreu e Silva;
824;https://dadosabertos.camara.leg.br/api/v2/deputados/824;HORTA DE ARAÚJO;José Feliciano Horta de Araújo;
1074;https://dadosabertos.camara.leg.br/api/v2/deputados/1074;JERÔNIMO SODRÉ;Jeronymo Sodré Pereira;
1077;https://dadosabertos.camara.leg.br/api/v2/deputados/1077;JOÃO BRÍGIDO;João Brígido dos Santos;
1082;https://dadosabertos.camara.leg.br/api/v2/deputados/1082;JOAQUIM SERRA;Joaquim Maria Serra Sobrinho;
1977;https://dadosabertos.camara.leg.br/api/v2/deputados/1977;JOSÉ BONIFÁCIO;José Bonifácio de Andrada e Silva;
857;https://dadosabertos.camara.leg.br/api/v2/deputados/857;JOSÉ CAETANO;José Caetano dos Santos;
1093;https://dadosabertos.camara.leg.br/api/v2/deputados/1093;LAFAIETE;Lafayette Rodrigues Pereira;
1552;https://dadosabertos.camara.leg.br/api/v2/deputados/1552;LEÃO VELOSO;Pedro Leão Velloso;
1130;https://dadosabertos.camara.leg.br/api/v2/deputados/1130;LEÔNCIO DE CARVALHO;Carlos Leôncio de Carvalho;
1080;https://dadosabertos.camara.leg.br/api/v2/deputados/1080;LIBERATO BARROSO;José Liberato Barroso;
744;https://dadosabertos.camara.leg.br/api/v2/deputados/744;LUÍS FELIPE;Luis Felipe de Souza Leão;
858;https://dadosabertos.camara.leg.br/api/v2/deputados/858;MACEDO;Joaquim Manoel de Macedo;
1084;https://dadosabertos.camara.leg.br/api/v2/deputados/1084;MALHEIROS;Joaquim Mendes Malheiros;
1106;https://dadosabertos.camara.leg.br/api/v2/deputados/1106;MANUEL DE MAGALHÃES;Manoel Vicente de Magalhães;
1095;https://dadosabertos.camara.leg.br/api/v2/deputados/1095;MANUEL EUSTÁQUIO;Manoel Eustaquio Martins de Andrade;
1107;https://dadosabertos.camara.leg.br/api/v2/deputados/1107;MANUEL PEDRO;Manoel Pedro Cardozo Vieira;
899;https://dadosabertos.camara.leg.br/api/v2/deputados/899;MEIRA DE VASCONCELOS;João Florentino Meira de Vasconcellos;
1127;https://dadosabertos.camara.leg.br/api/v2/deputados/1127;MELO E ALVIM;João de Souza Mello e Alvim;
1097;https://dadosabertos.camara.leg.br/api/v2/deputados/1097;MELO FRANCO;Virgilio Martins de Mello Franco;
1134;https://dadosabertos.camara.leg.br/api/v2/deputados/1134;MONTE;João José do Monte;
917;https://dadosabertos.camara.leg.br/api/v2/deputados/917;OLEGÁRIO;Olegário Herculano de Aquino e Castro;
876;https://dadosabertos.camara.leg.br/api/v2/deputados/876;PAULA PESSOA;Francisco de Paula Pessoa Junior;
861;https://dadosabertos.camara.leg.br/api/v2/deputados/861;PEDRO LUIS;Pedro Luiz Pereira de Souza;
1103;https://dadosabertos.camara.leg.br/api/v2/deputados/1103;ROSO DANIM;José de Araújo Roso Danim;
527;https://dadosabertos.camara.leg.br/api/v2/deputados/527;SALDANHA MARINHO;Joaquim Saldanha Marinho;
1104;https://dadosabertos.camara.leg.br/api/v2/deputados/1104;SANTA ROSA;Américo Marques Santa Rosa;
1109;https://dadosabertos.camara.leg.br/api/v2/deputados/1109;SÉRGIO DE CASTRO;Sergio Francisco de Souza Castro;
863;https://dadosabertos.camara.leg.br/api/v2/deputados/863;SILVEIRA DE SOUZA;João Silveira de Souza;
1036;https://dadosabertos.camara.leg.br/api/v2/deputados/1036;SILVEIRA MARTINS;Gaspar Silveira Martins;
1116;https://dadosabertos.camara.leg.br/api/v2/deputados/1116;SOARES BRANDÃO;Francisco de Carvalho Soares Brandão;
877;https://dadosabertos.camara.leg.br/api/v2/deputados/877;SOUSA ANDRADE;Joaquim Bento de Souza Andrade;
1126;https://dadosabertos.camara.leg.br/api/v2/deputados/1126;SOUSA LIMA;José Antonio de Souza Lima;
819;https://dadosabertos.camara.leg.br/api/v2/deputados/819;SOUTO;Salustiano Ferreira Souto;
1132;https://dadosabertos.camara.leg.br/api/v2/deputados/1132;TAMANDARÉ;Manoel Baptista da Cruz Tamandaré;
830;https://dadosabertos.camara.leg.br/api/v2/deputados/830;TAVARES BELFORT;José Joaquim Tavares Belfort;
1096;https://dadosabertos.camara.leg.br/api/v2/deputados/1096;TEODOMIRO;Theodomiro Alves Pereira;
1079;https://dadosabertos.camara.leg.br/api/v2/deputados/1079;TEODORETO SOUTO;Theodoreto Carlos de Faria Souto;
1098;https://dadosabertos.camara.leg.br/api/v2/deputados/1098;TEÓFILO OTONI;Theophilo Carlos Benedicto Ottoni;
878;https://dadosabertos.camara.leg.br/api/v2/deputados/878;VIRIATO DE MEDEIROS;João Ernesto Viriato de Medeiros;
833;https://dadosabertos.camara.leg.br/api/v2/deputados/833;VISCONDE DE PRADOS;Camilo Maria Ferreira Armond;
451;https://dadosabertos.camara.leg.br/api/v2/deputados/451;AGUIAR;João José Ferreira de Aguiar;
463;https://dadosabertos.camara.leg.br/api/v2/deputados/463;ALVES DOS SANTOS;José Alves dos Santos;
1064;https://dadosabertos.camara.leg.br/api/v2/deputados/1064;ALVES MACHADO;Bernardino Alves Machado;
1053;https://dadosabertos.camara.leg.br/api/v2/deputados/1053;ANTUNES;Euzebio José Antunes;
625;https://dadosabertos.camara.leg.br/api/v2/deputados/625;ARAUJO LIMA;Raymundo Ferreira de Araújo Lima;
564;https://dadosabertos.camara.leg.br/api/v2/deputados/564;AUGUSTO CHAVES;José Augusto Chaves;
1003;https://dadosabertos.camara.leg.br/api/v2/deputados/1003;AZEVEDO MONTEIRO;Francisco de Azevedo Monteiro;
1051;https://dadosabertos.camara.leg.br/api/v2/deputados/1051;BARÃO DE AQUIRAZ;Gonçalo Batista Vieira;
1001;https://dadosabertos.camara.leg.br/api/v2/deputados/1001;BARÃO DE MACEIÓ;Antonio Teixeira da Rocha;
1012;https://dadosabertos.camara.leg.br/api/v2/deputados/1012;BARÃO DE PENALVA;Antonio Augusto de Barros e Vasconcellos;
1048;https://dadosabertos.camara.leg.br/api/v2/deputados/1048;BARÃO DE SÃO DOMINGOS;Domingos Monteiro Peixoto;
919;https://dadosabertos.camara.leg.br/api/v2/deputados/919;BERNARDO DE MENDONÇA;Bernardo Antônio de Mendonça Castello Branco;
986;https://dadosabertos.camara.leg.br/api/v2/deputados/986;BITTENCOURT;José Bernardino da Cunha Bittencourt;
990;https://dadosabertos.camara.leg.br/api/v2/deputados/990;BORGES MONTEIRO;Isidoro Borges Monteiro;
640;https://dadosabertos.camara.leg.br/api/v2/deputados/640;BRETAS;Agostinho José Ferreira Bretas;
950;https://dadosabertos.camara.leg.br/api/v2/deputados/950;CAMILO FIGUEIREDO;Camilo da Cunha Figueiredo;
939;https://dadosabertos.camara.leg.br/api/v2/deputados/939;CARDOSO DE MENESES;João Cardoso de Menezes e Souza;
806;https://dadosabertos.camara.leg.br/api/v2/deputados/806;CARLOS DA LUZ;Francisco Carlos da Luz;
968;https://dadosabertos.camara.leg.br/api/v2/deputados/968;CORREIA;Manoel Francisco Correia;
1058;https://dadosabertos.camara.leg.br/api/v2/deputados/1058;CORREIA DE ARAÚJO;Joaquim Corrêa de Araújo;
797;https://dadosabertos.camara.leg.br/api/v2/deputados/797;CORREIA DE OLIVEIRA;João Alfredo Correia de Oliveira;
1042;https://dadosabertos.camara.leg.br/api/v2/deputados/1042;COTRIM;Thomaz Pedro de Bittencourt Cotrim;
972;https://dadosabertos.camara.leg.br/api/v2/deputados/972;CUNHA FIGUEIREDO JÚNIOR;José Bento da Cunha Figueiredo Júnior;
733;https://dadosabertos.camara.leg.br/api/v2/deputados/733;DIOGO VELHO;Diogo Velho Cavalcanti de Albuquerque;
568;https://dadosabertos.camara.leg.br/api/v2/deputados/568;DOMINGUES DA SILVA;Francisco Domingues da Silva;
1065;https://dadosabertos.camara.leg.br/api/v2/deputados/1065;ESTEVÃO REZENDE;Estevão Ribeiro de Souza Resende;
698;https://dadosabertos.camara.leg.br/api/v2/deputados/698;FERNANDES VIEIRA;Manoel Fernandes Vieira;
1056;https://dadosabertos.camara.leg.br/api/v2/deputados/1056;FERNANDO MAGALHÃES;Fernando Teixeira de Souza Magalhães;
810;https://dadosabertos.camara.leg.br/api/v2/deputados/810;FIEL DE CARVALHO;Fiel José de Carvalho e Oliveira;
927;https://dadosabertos.camara.leg.br/api/v2/deputados/927;FIGUEIREDO ROCHA;Antônio Ladisláu de Figueiredo Rocha;
1005;https://dadosabertos.camara.leg.br/api/v2/deputados/1005;FREITAS HENRIQUES;João Antonio de Araujo Freitas Henriques;
791;https://dadosabertos.camara.leg.br/api/v2/deputados/791;GAMA CERQUEIRA;Francisco Januário da Gama Cerqueira;
984;https://dadosabertos.camara.leg.br/api/v2/deputados/984;GOMES DA SILVA;Francisco Gomes da Silva Júnior;
1024;https://dadosabertos.camara.leg.br/api/v2/deputados/1024;GOMES DO AMARAL;Antonio Joaquim Gomes do Amaral;
1027;https://dadosabertos.camara.leg.br/api/v2/deputados/1027;GUSMÃO LOBO;Francisco Leopoldino de Gusmão Lobo;
1010;https://dadosabertos.camara.leg.br/api/v2/deputados/1010;HELEODORO JOSE DA SILVA;Heleodoro José da Silva;
944;https://dadosabertos.camara.leg.br/api/v2/deputados/944;HERÁCLITO GRAÇA;Heraclyto de Alencastro Pereira da Graça;
1028;https://dadosabertos.camara.leg.br/api/v2/deputados/1028;HOLANDA CAVALCANTI;Manoel Arthur de Hollanda Cavalcanti;
957;https://dadosabertos.camara.leg.br/api/v2/deputados/957;JERONIMO PENIDO;Jeronymo Maximo Nogueira Penido;
708;https://dadosabertos.camara.leg.br/api/v2/deputados/708;JOÃO MENDES;João Mendes de Almeida 1º;
958;https://dadosabertos.camara.leg.br/api/v2/deputados/958;JOAQUIM PEDRO;Joaquim Pedro de Mello;
813;https://dadosabertos.camara.leg.br/api/v2/deputados/813;JOSÉ ANGELO;José Ângelo Márcio da Silva;
959;https://dadosabertos.camara.leg.br/api/v2/deputados/959;JOSÉ CALMON;José Calmon Valle da Gama;
1277;https://dadosabertos.camara.leg.br/api/v2/deputados/1277;JOSÉ DE ALENCAR;José Martiniano de Alencar;
811;https://dadosabertos.camara.leg.br/api/v2/deputados/811;LEANDRO BEZERRA;Leandro Bezerra Monteiro;
1057;https://dadosabertos.camara.leg.br/api/v2/deputados/1057;LUCAS MATEUS;Lucas Matheus Monteiro de Castro;
940;https://dadosabertos.camara.leg.br/api/v2/deputados/940;MELO MATOS;Luiz José de Carvalho Mello e Mattos;
799;https://dadosabertos.camara.leg.br/api/v2/deputados/799;MELO REGO;Francisco Raphael de Mello Rego;
814;https://dadosabertos.camara.leg.br/api/v2/deputados/814;MOREIRA;Antonio José Moreira;
1054;https://dadosabertos.camara.leg.br/api/v2/deputados/1054;NOBRE;Carlos José de Souza Nobre;
1008;https://dadosabertos.camara.leg.br/api/v2/deputados/1008;PAULINO NOGUEIRA;Paulino Nogueira Borges da Fonseca;
1059;https://dadosabertos.camara.leg.br/api/v2/deputados/1059;PEDRO AFONSO;Pedro Affonso Ferreira;
961;https://dadosabertos.camara.leg.br/api/v2/deputados/961;PERDIGÃO MALHEIRO;Agostinho Marques Perdigão Malheiro 2º;
689;https://dadosabertos.camara.leg.br/api/v2/deputados/689;PEREIRA FRANCO;Luiz Antonio Pereira Franco;
654;https://dadosabertos.camara.leg.br/api/v2/deputados/654;PINTO DE CAMPOS;Joaquim Pinto de Campos;
1061;https://dadosabertos.camara.leg.br/api/v2/deputados/1061;PIRES FERREIRA;Fernando Pires Ferreira;
976;https://dadosabertos.camara.leg.br/api/v2/deputados/976;PORTELA;Joaquim Pires Machado Portella;
1049;https://dadosabertos.camara.leg.br/api/v2/deputados/1049;ROCHA;Francisco José da Rocha;
794;https://dadosabertos.camara.leg.br/api/v2/deputados/794;SIQUEIRA MENDES;Manoel José de Siqueira Mendes;
1050;https://dadosabertos.camara.leg.br/api/v2/deputados/1050;SOUZA FRANÇA;Manoel Ernesto de Souza França;
644;https://dadosabertos.camara.leg.br/api/v2/deputados/644;VERSIANI;Carlos José Versiani;
1029;https://dadosabertos.camara.leg.br/api/v2/deputados/1029;AGESILAU;Agesiláo Pereira da Silva;
420;https://dadosabertos.camara.leg.br/api/v2/deputados/420;ALCOFORADO;José Bernardo Galvão Alcoforado;
776;https://dadosabertos.camara.leg.br/api/v2/deputados/776;ÂNGELO DO AMARAL;Ângelo Thomaz do Amaral;
923;https://dadosabertos.camara.leg.br/api/v2/deputados/923;ARAÚJO GÓIS;Innocêncio Marques de Araújo Goes;
565;https://dadosabertos.camara.leg.br/api/v2/deputados/565;BAHIA;Manoel Joaquim Bahia;
1014;https://dadosabertos.camara.leg.br/api/v2/deputados/1014;BALBINO DA CUNHA;Balbino Candido da Cunha;
362;https://dadosabertos.camara.leg.br/api/v2/deputados/362;BANDEIRA DE MELO;João Capistrano Bandeira de Mello;
993;https://dadosabertos.camara.leg.br/api/v2/deputados/993;BARÃO DA LAGUNA;Jesuino Lamego Costa;
660;https://dadosabertos.camara.leg.br/api/v2/deputados/660;BARÃO DE MAUÁ;Irineu Evangelista de Souza;
1043;https://dadosabertos.camara.leg.br/api/v2/deputados/1043;BARÃO DE PIRATININGA;Antônio Joaquim da Rosa;
864;https://dadosabertos.camara.leg.br/api/v2/deputados/864;BARÃO DE SÃO JOÃO DO RIO CLARO;Amador Rodrigues de Lacerda Jordão;
661;https://dadosabertos.camara.leg.br/api/v2/deputados/661;BRUSQUE;Francisco Carlos de Araújo Brusque;
946;https://dadosabertos.camara.leg.br/api/v2/deputados/946;CAMILO BARRETO;Ernesto Camillo Barreto;
1007;https://dadosabertos.camara.leg.br/api/v2/deputados/1007;CAMINHA;Antonio Ferreira dos Santos Caminha;
1015;https://dadosabertos.camara.leg.br/api/v2/deputados/1015;CAMPOS CARVALHO;João Ribeiro de Campos Carvalho;
942;https://dadosabertos.camara.leg.br/api/v2/deputados/942;CAMPOS DE MEDEIROS;Joaquim José de Campos da Costa de Medeiros e Albuquerque;
951;https://dadosabertos.camara.leg.br/api/v2/deputados/951;CÂNDIDO MURTA;Cândido Freire de Figueiredo Murta;
910;https://dadosabertos.camara.leg.br/api/v2/deputados/910;CÂNDIDO TORRES;Cândido José Rodrigues Torres Filho;
1037;https://dadosabertos.camara.leg.br/api/v2/deputados/1037;CARDOSO JÚNIOR;Francisco José Cardoso Júnior;
1017;https://dadosabertos.camara.leg.br/api/v2/deputados/1017;CARNEIRO LEÃO;HONÓRIO HERMETO CARNEIRO LEÃO FILHO;
348;https://dadosabertos.camara.leg.br/api/v2/deputados/348;CASADO;Matheus Casado de Araújo Lima Arnaud;
750;https://dadosabertos.camara.leg.br/api/v2/deputados/750;CONDE DE PORTO ALEGRE;Manoel Marques de Souza;
583;https://dadosabertos.camara.leg.br/api/v2/deputados/583;CRUZ MACHADO;Antonio Candido da Cruz Machado;
1018;https://dadosabertos.camara.leg.br/api/v2/deputados/1018;CUNHA FERREIRA;Bernardino da Cunha Ferreira;
1004;https://dadosabertos.camara.leg.br/api/v2/deputados/1004;EUNÁPIO DEIRÓ;Pedro Eunapio da Silva Deiró;
1019;https://dadosabertos.camara.leg.br/api/v2/deputados/1019;EVANGELISTA DE ARAÚJO;Francisco Evangelista de Araújo;
964;https://dadosabertos.camara.leg.br/api/v2/deputados/964;FAUSTO AGUIAR;Fausto Augusto de Aguiar;
1013;https://dadosabertos.camara.leg.br/api/v2/deputados/1013;FERNANDO DE CARVALHO;Fernando Alves de Carvalho;
956;https://dadosabertos.camara.leg.br/api/v2/deputados/956;HORTA BARBOSA;Luiz Eugênio Horta Barbosa;
1021;https://dadosabertos.camara.leg.br/api/v2/deputados/1021;JOAQUIM BENTO;Joaquim Bento de Oliveira Júnior;
475;https://dadosabertos.camara.leg.br/api/v2/deputados/475;JUNQUEIRA;João José de Oliveira Junqueira;
929;https://dadosabertos.camara.leg.br/api/v2/deputados/929;LEAL DE MENEZES;Augusto Leal de Menezes;
439;https://dadosabertos.camara.leg.br/api/v2/deputados/439;LUIS CARLOS;Luiz Carlos da Fonseca;
973;https://dadosabertos.camara.leg.br/api/v2/deputados/973;MANUEL CLEMENTINO;Manoel Clementino Carneiro da Cunha;
1046;https://dadosabertos.camara.leg.br/api/v2/deputados/1046;MARTINHO DE FREITAS;Martinho de Freitas Vieira de Mello;
1030;https://dadosabertos.camara.leg.br/api/v2/deputados/1030;MIRANDA OSÓRIO;Manoel Pinheiro de Miranda Osorio;
1031;https://dadosabertos.camara.leg.br/api/v2/deputados/1031;MORAIS REGO;Thomaz de Moraes Rego;
974;https://dadosabertos.camara.leg.br/api/v2/deputados/974;MORAIS SILVA;Antônio Joaquim de Moraes e Silva;
1000;https://dadosabertos.camara.leg.br/api/v2/deputados/1000;OLÍMPIO GALVÃO;Olympio Euzebio Arroxellas Galvão;
1045;https://dadosabertos.camara.leg.br/api/v2/deputados/1045;OLIVEIRA BORGES;Francisco de Paula Oliveira Borges;
947;https://dadosabertos.camara.leg.br/api/v2/deputados/947;PARANHOS;José Maria da Silva Paranhos Júnior;
587;https://dadosabertos.camara.leg.br/api/v2/deputados/587;PAULA FONSECA;Antonio Gabriel de Paula Fonseca;
1022;https://dadosabertos.camara.leg.br/api/v2/deputados/1022;PEREIRA DOS SANTOS;José Pereira dos Santos;
1040;https://dadosabertos.camara.leg.br/api/v2/deputados/1040;PINHEIRO GUIMARÃES;Francisco Pinheiro Guimarães;
967;https://dadosabertos.camara.leg.br/api/v2/deputados/967;PINTO PESSOA;Francisco Pinto Pessoa;
1006;https://dadosabertos.camara.leg.br/api/v2/deputados/1006;REBELO;Henrique Jorge Rebello;
1023;https://dadosabertos.camara.leg.br/api/v2/deputados/1023;ROCHA LEÃO;Antonio da Rocha Fernandes Leão;
793;https://dadosabertos.camara.leg.br/api/v2/deputados/793;SALATIEL BRAGA;Salathiel de Andrade Braga;
618;https://dadosabertos.camara.leg.br/api/v2/deputados/618;SOBRAL PINTO;Manoel Sobral Pinto;
760;https://dadosabertos.camara.leg.br/api/v2/deputados/760;TEIXEIRA JÚNIOR;Jeronymo José Teixeira Júnior;
619;https://dadosabertos.camara.leg.br/api/v2/deputados/619;WILKENS DE MATOS;João Wilkens de Mattos;
1041;https://dadosabertos.camara.leg.br/api/v2/deputados/1041;XAVIER DE BRITO;Frederico Augusto Xavier de Brito;
922;https://dadosabertos.camara.leg.br/api/v2/deputados/922;AFONSO DE CARVALHO;Antônio Luiz Affonso de Carvalho;
533;https://dadosabertos.camara.leg.br/api/v2/deputados/533;ANTÃO;Joaquim Antão Fernandes Leão;
965;https://dadosabertos.camara.leg.br/api/v2/deputados/965;ASSIS ROCHA;Francisco de Assis Pereira Rocha;
1270;https://dadosabertos.camara.leg.br/api/v2/deputados/1270;AUGUSTO DE OLIVEIRA;Augusto Frederico de Oliveira;
981;https://dadosabertos.camara.leg.br/api/v2/deputados/981;AURELIANO DE CARVALHO;Aureliano Ferreira de Carvalho;
985;https://dadosabertos.camara.leg.br/api/v2/deputados/985;AZAMBUJA;Antônio Alves Guimarães Azambuja;
941;https://dadosabertos.camara.leg.br/api/v2/deputados/941;BARÃO DE ANAJATUBA;José Maria Barreto;
966;https://dadosabertos.camara.leg.br/api/v2/deputados/966;BARÃO DE MAMANGUAPE;Flavio Clementino da Silva Freire;
971;https://dadosabertos.camara.leg.br/api/v2/deputados/971;BARROS BARRETO;Francisco do Rego Barros Barreto;
949;https://dadosabertos.camara.leg.br/api/v2/deputados/949;BENJAMIM;Benjamim Rodrigues Pereira;
952;https://dadosabertos.camara.leg.br/api/v2/deputados/952;CÂNDIDO DA ROCHA;Antônio Cândido da Rocha;
576;https://dadosabertos.camara.leg.br/api/v2/deputados/576;CANDIDO MENDES;Candido Mendes de Almeida;
953;https://dadosabertos.camara.leg.br/api/v2/deputados/953;CANEDO;Antônio Augusto da Silva Canedo;
954;https://dadosabertos.camara.leg.br/api/v2/deputados/954;CAPANEMA;José Xavier da Silva Capanema;
598;https://dadosabertos.camara.leg.br/api/v2/deputados/598;CONDE DE BAEPENDI;Brás Carneiro Nogueira da Costa e Gama;
969;https://dadosabertos.camara.leg.br/api/v2/deputados/969;DIAS DA ROCHA;Joaquim Dias da Rocha;
926;https://dadosabertos.camara.leg.br/api/v2/deputados/926;DIONÍSIO MARTINS;Dionysio Gonçalves Martins;
931;https://dadosabertos.camara.leg.br/api/v2/deputados/931;DOMINGUES;Justino Domingues da Silva;
983;https://dadosabertos.camara.leg.br/api/v2/deputados/983;ENÉAS NOGUEIRA;Enéas José Nogueira;
594;https://dadosabertos.camara.leg.br/api/v2/deputados/594;EVANGELISTA LOBATO;João Evangelista de Negreiros Sayão Lobato;
331;https://dadosabertos.camara.leg.br/api/v2/deputados/331;FERNANDES BRAGA;Antonio Rodrigues Fernandes Braga;
685;https://dadosabertos.camara.leg.br/api/v2/deputados/685;FERNANDES DA CUNHA;Joaquim Jerônymo Fernandes da Cunha;
789;https://dadosabertos.camara.leg.br/api/v2/deputados/789;FERREIRA DA VEIGA;Evaristo Ferreira da Veiga;
788;https://dadosabertos.camara.leg.br/api/v2/deputados/788;FERREIRA LAGE;Mariano Procopio Ferreira Lage;
296;https://dadosabertos.camara.leg.br/api/v2/deputados/296;FIGUEIRA DE MELO;Jeronymo Martiniano Figueira de Mello;
608;https://dadosabertos.camara.leg.br/api/v2/deputados/608;FIGUEIREDO;José Bento da Cunha Figueiredo;
997;https://dadosabertos.camara.leg.br/api/v2/deputados/997;FLORIANO GODÓI;Joaquim Floriano de Godóy;
934;https://dadosabertos.camara.leg.br/api/v2/deputados/934;FONTES;Custodio Cardoso Fontes;
994;https://dadosabertos.camara.leg.br/api/v2/deputados/994;GALVÃO;Manoel do Nascimento da Fonseca Galvão;
928;https://dadosabertos.camara.leg.br/api/v2/deputados/928;GONÇALVES DA SILVA;José Gonçalves da Silva;
219413;https://dadosabertos.camara.leg.br/api/v2/deputados/219413;Guimarães;MANOEL PEREIRA GUIMARÃES;
664;https://dadosabertos.camara.leg.br/api/v2/deputados/664;JACINTHO DE MENDONÇA;João Jacintho de Mendonça;
626;https://dadosabertos.camara.leg.br/api/v2/deputados/626;JAGUARIBE;Domingos José Nogueira Jaguaribe;
577;https://dadosabertos.camara.leg.br/api/v2/deputados/577;JANSEN DO PAÇO;José Jansen do Paço;
987;https://dadosabertos.camara.leg.br/api/v2/deputados/987;JOAQUIM DE MENDONÇA;Joaquim Jacintho de Mendonça;
921;https://dadosabertos.camara.leg.br/api/v2/deputados/921;LEONEL DE ALENCAR;Leonel Martiniano Alencar;
438;https://dadosabertos.camara.leg.br/api/v2/deputados/438;LIMA E SILVA;José Joaquim de Lima e Silva Sobrinho;
920;https://dadosabertos.camara.leg.br/api/v2/deputados/920;MELO MORAIS;Alexandre José de Mello Morais;
960;https://dadosabertos.camara.leg.br/api/v2/deputados/960;MONTEIRO DE CASTRO;Domiciano Matheus Monteiro de Castro;
932;https://dadosabertos.camara.leg.br/api/v2/deputados/932;MOREIRA DA ROCHA;José Antônio Moreira da Rocha;
465;https://dadosabertos.camara.leg.br/api/v2/deputados/465;NEBIAS;Joaquim Octavio Nebias;
774;https://dadosabertos.camara.leg.br/api/v2/deputados/774;PAIS DE MENDONÇA;Jacintho Paes de Mendonça;
998;https://dadosabertos.camara.leg.br/api/v2/deputados/998;PAULA TOLEDO;Francisco de Paula Toledo;
687;https://dadosabertos.camara.leg.br/api/v2/deputados/687;PEDERNEIRAS;Innocêncio Velloso Pederneiras;
898;https://dadosabertos.camara.leg.br/api/v2/deputados/898;PINHEIRO;Antônio Francisco Pinheiro;
933;https://dadosabertos.camara.leg.br/api/v2/deputados/933;PINTO BRAGA;Domingos José Pinto Braga Júnior;
962;https://dadosabertos.camara.leg.br/api/v2/deputados/962;PINTO MOREIRA;João Pinto Moreira;
659;https://dadosabertos.camara.leg.br/api/v2/deputados/659;RAPOSO DA CÂMARA;Otaviano Cabral Raposo da Câmara;
643;https://dadosabertos.camara.leg.br/api/v2/deputados/643;RIBEIRO DA LUZ;Joaquim Delfino Ribeiro da Luz;
597;https://dadosabertos.camara.leg.br/api/v2/deputados/597;SAIÃO LOBATO;Francisco de Paula de Negreiros Sayão Lobato;
747;https://dadosabertos.camara.leg.br/api/v2/deputados/747;SALES;Antonio Francisco de Salles;
782;https://dadosabertos.camara.leg.br/api/v2/deputados/782;SILVA NUNES;Luiz Antonio da Silva Nunes;
4498;https://dadosabertos.camara.leg.br/api/v2/deputados/4498;SIMÕES LOPES;Ildefonso Simões Lopes;
978;https://dadosabertos.camara.leg.br/api/v2/deputados/978;SOUSA REIS;Joaquim de Souza Reis;
525;https://dadosabertos.camara.leg.br/api/v2/deputados/525;TAQUES;Benevenuto Augusto de Magalhães Taques;
457;https://dadosabertos.camara.leg.br/api/v2/deputados/457;UCHÔA CAVALCANTI;Álvaro Barbalho Uchôa Cavalcanti;
963;https://dadosabertos.camara.leg.br/api/v2/deputados/963;VICENTE DE FIGUEIREDO;Vicente José de Figueiredo;
784;https://dadosabertos.camara.leg.br/api/v2/deputados/784;VIEIRA DA SILVA;Luiz Antonio Vieira da Silva;
255;https://dadosabertos.camara.leg.br/api/v2/deputados/255;VISCONDE DE CAMARAGIBE;Pedro Francisco de Paula Cavalcanti de Albuquerque;
870;https://dadosabertos.camara.leg.br/api/v2/deputados/870;ADOLFO DE BARROS;Adolpho de Barros Cavalcanti de Albuquerque Lacerda;
874;https://dadosabertos.camara.leg.br/api/v2/deputados/874;ALBUQUERQUE BARROS;José Julio de Albuquerque Barros;
906;https://dadosabertos.camara.leg.br/api/v2/deputados/906;ALBUQUERQUE MELO;José Maria de Albuquerque Mello;
812;https://dadosabertos.camara.leg.br/api/v2/deputados/812;AMBRÓSIO MACHADO;Ambrósio Machado da Cunha Cavalcanti;
915;https://dadosabertos.camara.leg.br/api/v2/deputados/915;AMERICO BRASILIENSE;Américo Brasiliense de Almeida e Mello;
886;https://dadosabertos.camara.leg.br/api/v2/deputados/886;AMERICO LOBO;Americo Lobo Leite Pereira;
840;https://dadosabertos.camara.leg.br/api/v2/deputados/840;ARAUJO BARROS;Francisco de Araujo Barros;
887;https://dadosabertos.camara.leg.br/api/v2/deputados/887;ARAUJO MOREIRA;João Carlos de Araujo Moreira;
872;https://dadosabertos.camara.leg.br/api/v2/deputados/872;ARAUJO VASCONCELOS;João Antônio de Araujo e Vasconcellos;
885;https://dadosabertos.camara.leg.br/api/v2/deputados/885;ASSIS;Joaquim José de Assis;
820;https://dadosabertos.camara.leg.br/api/v2/deputados/820;BARÃO DO CRATO;Bernardo Duarte Brandão;
815;https://dadosabertos.camara.leg.br/api/v2/deputados/815;BARBOSA DE OLIVEIRA;João José Barbosa de Oliveira;
197;https://dadosabertos.camara.leg.br/api/v2/deputados/197;BARROS PIMENTEL;José de Barros Pimentel;
868;https://dadosabertos.camara.leg.br/api/v2/deputados/868;BITTENCOURT SAMPAIO;Francisco Leite Bittencourt Sampaio;
653;https://dadosabertos.camara.leg.br/api/v2/deputados/653;BRANDÃO;Francisco Carlos Brandão;
848;https://dadosabertos.camara.leg.br/api/v2/deputados/848;BURLAMAQUI;Polydoro Cesar Burlamaque;
888;https://dadosabertos.camara.leg.br/api/v2/deputados/888;CASSIANO;Cassiano Bernardo de Noronha Gonzaga;
648;https://dadosabertos.camara.leg.br/api/v2/deputados/648;CORREIA DAS NEVES;Lindolfo José Corrêa das Neves;
901;https://dadosabertos.camara.leg.br/api/v2/deputados/901;CORREIA DE BRITO;Floriano Corrêa de Brito;
532;https://dadosabertos.camara.leg.br/api/v2/deputados/532;CRISPINIANO;João Chrispiniano Soares;
535;https://dadosabertos.camara.leg.br/api/v2/deputados/535;CRISTIANO OTONI;Christiano Benedicto Ottoni;
911;https://dadosabertos.camara.leg.br/api/v2/deputados/911;DIAS DA CRUZ;Francisco de Menezes Dias da Cruz;
890;https://dadosabertos.camara.leg.br/api/v2/deputados/890;ERNESTO DA COSTA;Antônio Ernesto da Costa;
777;https://dadosabertos.camara.leg.br/api/v2/deputados/777;ESPÍNOLA;Antonio de Souza Spínola;
547;https://dadosabertos.camara.leg.br/api/v2/deputados/547;FARIA;Joaquim Francisco de Faria;
891;https://dadosabertos.camara.leg.br/api/v2/deputados/891;FARNESE;Flavio Farnese da Paixão;
801;https://dadosabertos.camara.leg.br/api/v2/deputados/801;FIALHO;Francisco José Fialho;
790;https://dadosabertos.camara.leg.br/api/v2/deputados/790;FONSECA VIANA;Antonio da Fonseca Vianna;
881;https://dadosabertos.camara.leg.br/api/v2/deputados/881;FONTENELE;Manoel Benício Fontenelle;
897;https://dadosabertos.camara.leg.br/api/v2/deputados/897;GAMA ABREU;José Coelho da Gama e Abreu;
875;https://dadosabertos.camara.leg.br/api/v2/deputados/875;HIPÓLITO PAMPLONA;Hipólito Cassiano Pamplona;
883;https://dadosabertos.camara.leg.br/api/v2/deputados/883;JANSEN PEREIRA;Izidoro Jansen Pereira;
839;https://dadosabertos.camara.leg.br/api/v2/deputados/839;JOÃO LEITE;João Leite Ferreira Júnior;
902;https://dadosabertos.camara.leg.br/api/v2/deputados/902;JOÃO TEIXEIRA;João Francisco Teixeira;
591;https://dadosabertos.camara.leg.br/api/v2/deputados/591;LEITÃO DA CUNHA;Ambrosio Leitão da Cunha;
905;https://dadosabertos.camara.leg.br/api/v2/deputados/905;LUSTOSA DA CUNHA;José Lustosa da Cunha Paranaguá;
683;https://dadosabertos.camara.leg.br/api/v2/deputados/683;MADUREIRA;Justiniano Baptista Madureira;
903;https://dadosabertos.camara.leg.br/api/v2/deputados/903;MELO CAVALCANTI;Joaquim Francisco de Mello Cavalcanti;
893;https://dadosabertos.camara.leg.br/api/v2/deputados/893;MELO FRANCO;Bernardo de Mello Franco;
912;https://dadosabertos.camara.leg.br/api/v2/deputados/912;MORAIS COSTA;Joaquim José de Morais Costa;
588;https://dadosabertos.camara.leg.br/api/v2/deputados/588;PAULA SANTOS;Francisco de Paula Santos;
871;https://dadosabertos.camara.leg.br/api/v2/deputados/871;PEDRO LEITÃO;Pedro Leitão da Cunha;
844;https://dadosabertos.camara.leg.br/api/v2/deputados/844;PEREIRA DE BRITO;Caetano Xavier Pereira de Brito;
894;https://dadosabertos.camara.leg.br/api/v2/deputados/894;PEREIRA LIMA;Francisco Augusto Pereira Lima;
879;https://dadosabertos.camara.leg.br/api/v2/deputados/879;PINTO DE FIGUEIREDO;Carlos Pinto de Figueiredo;
831;https://dadosabertos.camara.leg.br/api/v2/deputados/831;SILVA PEREIRA;Caetano Xavier da Silva Pereira;
727;https://dadosabertos.camara.leg.br/api/v2/deputados/727;SILVEIRA LOBO;Francisco de Paula da Silveira Lobo;
904;https://dadosabertos.camara.leg.br/api/v2/deputados/904;SIZENANDO NABUCO;Sizenando Barreto Nabuco de Araújo;
775;https://dadosabertos.camara.leg.br/api/v2/deputados/775;TAVARES BASTOS;Aureliano Cândido Tavares Bastos;
895;https://dadosabertos.camara.leg.br/api/v2/deputados/895;TEIXEIRA GUIMARÃES;José de Rezende Teixeira Guimarães;
781;https://dadosabertos.camara.leg.br/api/v2/deputados/781;TIBERIO;Álvaro Tibério de Moncorvo Lima;
494;https://dadosabertos.camara.leg.br/api/v2/deputados/494;TOSCANO DE BRITO;Felizardo Toscano de Brito;
896;https://dadosabertos.camara.leg.br/api/v2/deputados/896;VAZ PINTO;Antônio Vaz Pinto Coelho da Cunha;
913;https://dadosabertos.camara.leg.br/api/v2/deputados/913;VERÍSSIMO DE MATOS;Antônio Veríssimo de Mattos;
873;https://dadosabertos.camara.leg.br/api/v2/deputados/873;VILABOIM;Manoel Pedro Alvares Moreira Villaboim;
850;https://dadosabertos.camara.leg.br/api/v2/deputados/850;AFONSO ALVES;Joaquim José Affonso Alves;
827;https://dadosabertos.camara.leg.br/api/v2/deputados/827;ALMEIDA BRAGA;Gentil Homem de Almeida Braga;
413;https://dadosabertos.camara.leg.br/api/v2/deputados/413;BARBOSA DE ALMEIDA;Luiz Antonio Barbosa de Almeida;
841;https://dadosabertos.camara.leg.br/api/v2/deputados/841;BARROS BARRETO;Ignacio de Barros Barreto;
855;https://dadosabertos.camara.leg.br/api/v2/deputados/855;BELEGARDE;Pedro de Alcântara Bellegarde;
828;https://dadosabertos.camara.leg.br/api/v2/deputados/828;CARLOS RIBEIRO;Carlos Fernando Ribeiro;
543;https://dadosabertos.camara.leg.br/api/v2/deputados/543;CARNEIRO DE CAMPOS;Frederico Carneiro de Campos;
557;https://dadosabertos.camara.leg.br/api/v2/deputados/557;CARRÃO;João da Silva Carrão;
225374;https://dadosabertos.camara.leg.br/api/v2/deputados/225374;CARVALHO DE MENDONÇA;Manoel Ignácio de Carvalho Mendonça Filho;
936;https://dadosabertos.camara.leg.br/api/v2/deputados/936;CASIMIRO MADUREIRA;Casimiro de Senna Madureira;
716;https://dadosabertos.camara.leg.br/api/v2/deputados/716;CESAR;Antonio Joaquim Cesar;
865;https://dadosabertos.camara.leg.br/api/v2/deputados/865;COSTA GUIMARÃES;Antonio Moreira da Costa Guimarães;
226064;https://dadosabertos.camara.leg.br/api/v2/deputados/226064;COSTA MACHADO;José da Costa Machado Junior;
785;https://dadosabertos.camara.leg.br/api/v2/deputados/785;DE LAMARE;Joaquim Raymundo de Lamare;
834;https://dadosabertos.camara.leg.br/api/v2/deputados/834;DOMICIANO;Domiciano Leite Ribeiro;
842;https://dadosabertos.camara.leg.br/api/v2/deputados/842;FEITOSA;Antonio Vicente do Nascimento Feitosa;
835;https://dadosabertos.camara.leg.br/api/v2/deputados/835;FELÍCIO DOS SANTOS;Joaquim Felício dos Santos;
856;https://dadosabertos.camara.leg.br/api/v2/deputados/856;FERNANDES MOREIRA;José Fernandes Moreira;
829;https://dadosabertos.camara.leg.br/api/v2/deputados/829;FERREIRA VALE;José Joaquim Ferreira Valle;
821;https://dadosabertos.camara.leg.br/api/v2/deputados/821;FIGUEIREDO;José Antonio de Figueiredo;
530;https://dadosabertos.camara.leg.br/api/v2/deputados/530;FURTADO;Francisco José Furtado;
843;https://dadosabertos.camara.leg.br/api/v2/deputados/843;GODOI;José Leandro de Godoy Vasconcellos;
707;https://dadosabertos.camara.leg.br/api/v2/deputados/707;GOMES DE SOUZA;Joaquim Gomes de Souza;
735;https://dadosabertos.camara.leg.br/api/v2/deputados/735;HENRIQUES DE ALMEIDA;Philinto Henriques de Almeida;
226063;https://dadosabertos.camara.leg.br/api/v2/deputados/226063;JACOBINA;Antonio de Araujo Ferreira Jacobina;
739;https://dadosabertos.camara.leg.br/api/v2/deputados/739;JESUINO MARCONDES;Jesuíno Marconde de Oliveira e Sá;
488;https://dadosabertos.camara.leg.br/api/v2/deputados/488;JOSÉ JORGE;José Jorge da Silva;
779;https://dadosabertos.camara.leg.br/api/v2/deputados/779;JUNQUEIRA;João José de Oliveira Junqueira Júnior;
836;https://dadosabertos.camara.leg.br/api/v2/deputados/836;LIMPO DE ABREU;Henrique Limpo de Abreu;
499;https://dadosabertos.camara.leg.br/api/v2/deputados/499;LOPES NETO;Felippe Lopes Netto;
859;https://dadosabertos.camara.leg.br/api/v2/deputados/859;MANUEL JOAQUIM;Manoel Joaquim da Silva;
540;https://dadosabertos.camara.leg.br/api/v2/deputados/540;MELO FRANCO;Manoel de Mello Franco;
860;https://dadosabertos.camara.leg.br/api/v2/deputados/860;MORAIS COSTA;José Feliciano de Moraes Costa;
852;https://dadosabertos.camara.leg.br/api/v2/deputados/852;NERY;Felippe Bethbezé de Oliveira Nery;
636;https://dadosabertos.camara.leg.br/api/v2/deputados/636;NUNES GONÇALVES;Antonio Marcellino Nunes Gonçalves;
669;https://dadosabertos.camara.leg.br/api/v2/deputados/669;OTAVIANO;Francisco Otaviano de Almeida Rosa;
380;https://dadosabertos.camara.leg.br/api/v2/deputados/380;OTONI;Theophilo Benedicto Ottoni;
610;https://dadosabertos.camara.leg.br/api/v2/deputados/610;PAIS BARRETO;Francisco Xavier Paes Barreto;
482;https://dadosabertos.camara.leg.br/api/v2/deputados/482;PAMPLONA;Frederico Augusto Pamplona;
613;https://dadosabertos.camara.leg.br/api/v2/deputados/613;PARANAGUÁ;João Lustosa da Cunha Paranaguá;
866;https://dadosabertos.camara.leg.br/api/v2/deputados/866;PAULA SOUZA;Antonio Francisco de Paula e Souza;
818;https://dadosabertos.camara.leg.br/api/v2/deputados/818;PEDRO BRANDÃO;Pedro Antonio Falcão Brandão;
853;https://dadosabertos.camara.leg.br/api/v2/deputados/853;PINHEIRO MACHADO;Antonio Gomes Pinheiro Machado;
298;https://dadosabertos.camara.leg.br/api/v2/deputados/298;PINTO DE MENDONÇA;Antônio Pinto de Mendonça;
838;https://dadosabertos.camara.leg.br/api/v2/deputados/838;RAIOL;Domingos Antonio Raiol;
700;https://dadosabertos.camara.leg.br/api/v2/deputados/700;RIBEIRO;Raymundo Francisco Ribeiro;
655;https://dadosabertos.camara.leg.br/api/v2/deputados/655;SÁ E ALBUQUERQUE;Antonio Coelho de Sá e Albuquerque;
867;https://dadosabertos.camara.leg.br/api/v2/deputados/867;SANTOS GOMES;Francisco Gomes dos Santos Lopes;
623;https://dadosabertos.camara.leg.br/api/v2/deputados/623;SARAIVA;José Antonio Saraiva;
745;https://dadosabertos.camara.leg.br/api/v2/deputados/745;SILVINO CAVALCANTI;Silvino Cavalcanti de Albuquerque;
846;https://dadosabertos.camara.leg.br/api/v2/deputados/846;SOUSA BANDEIRA;Antonio Herculano de Souza Bandeira;
359;https://dadosabertos.camara.leg.br/api/v2/deputados/359;SOUTO;José Ferreira Souto;
826;https://dadosabertos.camara.leg.br/api/v2/deputados/826;TEODORO;Theodoro Rodrigues de Moraes;
397;https://dadosabertos.camara.leg.br/api/v2/deputados/397;URBANO;Urbano Sabino Pessoa de Mello;
511;https://dadosabertos.camara.leg.br/api/v2/deputados/511;VALDETARO;Manoel de Jesus Valdetaro;
825;https://dadosabertos.camara.leg.br/api/v2/deputados/825;VASCONCELOS;José Marcelino Pereira Vasconcellos;
638;https://dadosabertos.camara.leg.br/api/v2/deputados/638;VIRIATO;Viriato Bandeira Duarte;
605;https://dadosabertos.camara.leg.br/api/v2/deputados/605;ZACARIAS;Zacarias de Góis e Vasconcelos;
804;https://dadosabertos.camara.leg.br/api/v2/deputados/804;AMARO DA SILVEIRA;Amaro José D'ávila da Silveira;
807;https://dadosabertos.camara.leg.br/api/v2/deputados/807;BARÃO DE BELA VISTA;José de Aguiar Toledo;
676;https://dadosabertos.camara.leg.br/api/v2/deputados/676;BARÃO DE MAROIM;João Gomes de Mello;
671;https://dadosabertos.camara.leg.br/api/v2/deputados/671;BARBOSA DA CUNHA;Antonio Gonçalves Barbosa da Cunha;
551;https://dadosabertos.camara.leg.br/api/v2/deputados/551;BARCELOS;Israel Rodrigues Barcellos;
772;https://dadosabertos.camara.leg.br/api/v2/deputados/772;BENJAMIM;Benjamim Franklin da Rocha Vieira;
809;https://dadosabertos.camara.leg.br/api/v2/deputados/809;CALAZANS;Pedro Luziense de Bittencourt Calazans;
786;https://dadosabertos.camara.leg.br/api/v2/deputados/786;CARNEIRO DE MENDONÇA;Melchior Carneiro de Mendonça Franco;
787;https://dadosabertos.camara.leg.br/api/v2/deputados/787;CIRILO;Francisco Cyrillo Ribeiro de Souza;
713;https://dadosabertos.camara.leg.br/api/v2/deputados/713;COUTO;Antonio Corrêa do Couto;
706;https://dadosabertos.camara.leg.br/api/v2/deputados/706;DIAS VIEIRA;João Pedro Dias Vieira;
805;https://dadosabertos.camara.leg.br/api/v2/deputados/805;FELIX DA CUNHA;Felix Xavier da Cunha;
569;https://dadosabertos.camara.leg.br/api/v2/deputados/569;FERNANDES VIEIRA;Miguel Fernandes Vieira;
778;https://dadosabertos.camara.leg.br/api/v2/deputados/778;GASPARINO;Gasparino Moreira de Castro;
808;https://dadosabertos.camara.leg.br/api/v2/deputados/808;LESSA;Flamínio Antônio do Nascimento Lessa;
627;https://dadosabertos.camara.leg.br/api/v2/deputados/627;MACÁRIO;Jerônymo Macário Figueira de Mello;
1544;https://dadosabertos.camara.leg.br/api/v2/deputados/1544;OLIVEIRA BELO;Luiz Alves Leite de Oliveira Bello;
555;https://dadosabertos.camara.leg.br/api/v2/deputados/555;PARANHOS;José Maria da Silva Paranhos;
118;https://dadosabertos.camara.leg.br/api/v2/deputados/118;PEDREIRA;Luiz Pedreira do Couto Ferraz;
701;https://dadosabertos.camara.leg.br/api/v2/deputados/701;PEREIRA PINTO;Antonio Pereira Pinto;
792;https://dadosabertos.camara.leg.br/api/v2/deputados/792;RABELO HORTA;Manoel José Gomes Rabello Horta;
803;https://dadosabertos.camara.leg.br/api/v2/deputados/803;RAPOSO DA CAMARA;Gabriel Soares Raposo da Câmara;
258;https://dadosabertos.camara.leg.br/api/v2/deputados/258;REGO BARROS;Sebastião do Rego Barros;
703;https://dadosabertos.camara.leg.br/api/v2/deputados/703;SANTA CRUZ;Felippe Antonio Cardoso de Santa Cruz;
759;https://dadosabertos.camara.leg.br/api/v2/deputados/759;SERGIO DE MACEDO;Sergio Teixeira de Macedo;
680;https://dadosabertos.camara.leg.br/api/v2/deputados/680;SERRA CARNEIRO;Francisco da Serra Carneiro;
796;https://dadosabertos.camara.leg.br/api/v2/deputados/796;SILVEIRA DA MOTA;Joaquim Ignácio Silveira da Motta;
802;https://dadosabertos.camara.leg.br/api/v2/deputados/802;SOUSA MENDES;Simplicio de Souza Mendes;
490;https://dadosabertos.camara.leg.br/api/v2/deputados/490;TORRES-HOMEM;Francisco de Salles Torres-Homem;
501;https://dadosabertos.camara.leg.br/api/v2/deputados/501;VILELA TAVARES;Jeronymo Villela de Castro Tavares;
678;https://dadosabertos.camara.leg.br/api/v2/deputados/678;ACIOLI DE LIMA;José Casado Accioli de Lima;
763;https://dadosabertos.camara.leg.br/api/v2/deputados/763;AGUIAR BARROS;Antonio de Aguiar Barros;
714;https://dadosabertos.camara.leg.br/api/v2/deputados/714;ALCÂNTARA MACHADO;Pedro de Alcântara Machado;
753;https://dadosabertos.camara.leg.br/api/v2/deputados/753;ALEXANDRE DE SIQUEIRA;Alexandre Joaquim da Siqueira;
567;https://dadosabertos.camara.leg.br/api/v2/deputados/567;ANDRÉ BASTOS;André Bastos de Oliveira;
740;https://dadosabertos.camara.leg.br/api/v2/deputados/740;ANTONIO CAVALCANTI;Antonio Luiz Cavalcanti de Albuquerque;
681;https://dadosabertos.camara.leg.br/api/v2/deputados/681;ANTUNES DE CAMPOS;Francisco Luis Antunes de Campos;
637;https://dadosabertos.camara.leg.br/api/v2/deputados/637;ARAÚJO JORGE;Silvério Fernandes de Araújo Jorge;
693;https://dadosabertos.camara.leg.br/api/v2/deputados/693;ARAUJO LIMA;Francisco de Araújo Lima;
715;https://dadosabertos.camara.leg.br/api/v2/deputados/715;ATAÍDE;Francisco de Assis Athayde;
730;https://dadosabertos.camara.leg.br/api/v2/deputados/730;AUGUSTO CORRÊA;João Augusto Corrêa de Aguiar;
770;https://dadosabertos.camara.leg.br/api/v2/deputados/770;BAPTISTA MONTEIRO;João Baptista Monteiro;
704;https://dadosabertos.camara.leg.br/api/v2/deputados/704;BARÃO DE SÃO BENTO;Francisco Mariano de Viveiros Sobrinho;
431;https://dadosabertos.camara.leg.br/api/v2/deputados/431;BARBOSA;Luiz Antonio Barbosa;
741;https://dadosabertos.camara.leg.br/api/v2/deputados/741;BARROS DE LACERDA;Sebastião do Rego Barros de Lacerda;
705;https://dadosabertos.camara.leg.br/api/v2/deputados/705;BELFORT;José Joaquim Teixeira Vieira Belfort;
228;https://dadosabertos.camara.leg.br/api/v2/deputados/228;BELISÁRIO;Bernardo Belisário Soares de Souza;
780;https://dadosabertos.camara.leg.br/api/v2/deputados/780;BENEVIDES;Salvador Corrêa de Sá e Benevides;
751;https://dadosabertos.camara.leg.br/api/v2/deputados/751;BORGES FORTES;João Pereira da Silva Borges Fortes;
682;https://dadosabertos.camara.leg.br/api/v2/deputados/682;BULCÃO;Balthazar de Araújo Aragão Bulcão;
679;https://dadosabertos.camara.leg.br/api/v2/deputados/679;CALHEIROS;Roberto Calheiros de Mello;
694;https://dadosabertos.camara.leg.br/api/v2/deputados/694;CAMILO LINHARES;José Camilo Linhares;
742;https://dadosabertos.camara.leg.br/api/v2/deputados/742;CARNEIRO DA CUNHA;Francisco João Carneiro da Cunha;
755;https://dadosabertos.camara.leg.br/api/v2/deputados/755;CASTRIOTO;João Nepomuceno Castrioto;
382;https://dadosabertos.camara.leg.br/api/v2/deputados/382;CERQUEIRA LEITE;Pedro de Alcântara Cerqueira Leite;
718;https://dadosabertos.camara.leg.br/api/v2/deputados/718;CHAGAS ANDRADE;João das Chagas Andrade;
695;https://dadosabertos.camara.leg.br/api/v2/deputados/695;CÍCERO DE ALBUQUERQUE;Gervásio Cícero de Albuquerque Mello;
756;https://dadosabertos.camara.leg.br/api/v2/deputados/756;COELHO DE CASTRO;José Machado Coelho de Castro;
617;https://dadosabertos.camara.leg.br/api/v2/deputados/617;COSTA MOREIRA;Pedro Antonio da Costa Moreira;
702;https://dadosabertos.camara.leg.br/api/v2/deputados/702;CUNHA MATTOS;Libânio Augusto da Cunha Mattos;
717;https://dadosabertos.camara.leg.br/api/v2/deputados/717;CYRILLO;Francisco Ciryllo Ribeiro e Souza;
711;https://dadosabertos.camara.leg.br/api/v2/deputados/711;DELFINO DE ALMEIDA;José Delphino de Almeida;
696;https://dadosabertos.camara.leg.br/api/v2/deputados/696;DUARTE BRANDÃO;José Vicente Duarte Brandão;
743;https://dadosabertos.camara.leg.br/api/v2/deputados/743;DUARTE PEREIRA;Luiz Duarte Pereira;
620;https://dadosabertos.camara.leg.br/api/v2/deputados/620;DUTRA ROCHA;Torquato Rodrigues Dutra Rocha;
537;https://dadosabertos.camara.leg.br/api/v2/deputados/537;FELICÍSSIMO;José Felicíssimo do Nascimento;
719;https://dadosabertos.camara.leg.br/api/v2/deputados/719;FELIPPE DE ARAÚJO;Antonio Felippe de Araújo;
621;https://dadosabertos.camara.leg.br/api/v2/deputados/621;FIUSA;Luiz Barbalho Muniz Fiuza;
721;https://dadosabertos.camara.leg.br/api/v2/deputados/721;FRANCISCO CAMPOS;Francisco Alvares da Silva Campos;
757;https://dadosabertos.camara.leg.br/api/v2/deputados/757;FRIAS;Manoel de Frias e Vasconcellos;
749;https://dadosabertos.camara.leg.br/api/v2/deputados/749;GARCIA DE ALMEIDA;José Xavier Garcia de Almeida;
697;https://dadosabertos.camara.leg.br/api/v2/deputados/697;GONÇALVES DA SILVA;Sebastião Gonçalves da Silva;
722;https://dadosabertos.camara.leg.br/api/v2/deputados/722;HERMÓGENES;Hermógenes Casimiro de Araújo;
761;https://dadosabertos.camara.leg.br/api/v2/deputados/761;JERONYMO COELHO;Jeronymo Francisco Coelho;
709;https://dadosabertos.camara.leg.br/api/v2/deputados/709;JOÃO PAULO;João Paulo de Miranda;
723;https://dadosabertos.camara.leg.br/api/v2/deputados/723;JOSÉ JOAQUIM;José Joaquim Ferreira Monteiro de Barros;
686;https://dadosabertos.camara.leg.br/api/v2/deputados/686;LANDULPHO;José Joaquim Landulpho da Rocha Medrado;
361;https://dadosabertos.camara.leg.br/api/v2/deputados/361;MACHADO;Antonio José Machado;
622;https://dadosabertos.camara.leg.br/api/v2/deputados/622;MENDES DA COSTA;Francisco Mendes da Costa Corrêa;
935;https://dadosabertos.camara.leg.br/api/v2/deputados/935;MIGUEL DE ARAÚJO;Miguel Joaquim de Araújo;
441;https://dadosabertos.camara.leg.br/api/v2/deputados/441;MONTEIRO DE BARROS;Antonio José Monteiro de Barros;
766;https://dadosabertos.camara.leg.br/api/v2/deputados/766;MOURA E COSTA;Manoel Marcondes de Moura e Costa;
1278;https://dadosabertos.camara.leg.br/api/v2/deputados/1278;NABUCO DE ARAÚJO;José Thomaz Nabuco de Araújo Júnior;
758;https://dadosabertos.camara.leg.br/api/v2/deputados/758;NETO DOS REIS;Antonio Dias Coelho Netto do Reis;
736;https://dadosabertos.camara.leg.br/api/v2/deputados/736;OLINTO MEIRA;Olyntho José Meira;
466;https://dadosabertos.camara.leg.br/api/v2/deputados/466;PACHECO;Joaquim José Pacheco;
725;https://dadosabertos.camara.leg.br/api/v2/deputados/725;PAIVA;Domingos Theodoro de Azevedo Paiva;
712;https://dadosabertos.camara.leg.br/api/v2/deputados/712;PEIXOTO DE AZEVEDO;Antonio Peixoto de Azevedo;
230662;https://dadosabertos.camara.leg.br/api/v2/deputados/230662;PEREIRA DA CUNHA;Antônio Luís Pereira da Cunha;
646;https://dadosabertos.camara.leg.br/api/v2/deputados/646;PEREIRA SALES;Marcos Pereira Salles;
752;https://dadosabertos.camara.leg.br/api/v2/deputados/752;ROCHA FARIA;Manoel Antonio da Rocha Faria;
726;https://dadosabertos.camara.leg.br/api/v2/deputados/726;ROCHA FRANCO;Modestino Carlos da Rocha Franco;
516;https://dadosabertos.camara.leg.br/api/v2/deputados/516;RODRIGUES DOS SANTOS;Gabriel José Rodrigues dos Santos;
573;https://dadosabertos.camara.leg.br/api/v2/deputados/573;RODRIGUES JARDIM;José Rodrigues Jardim;
710;https://dadosabertos.camara.leg.br/api/v2/deputados/710;RODRIGUES LOPES;José Joaquim Rodrigues Lopes;
691;https://dadosabertos.camara.leg.br/api/v2/deputados/691;SAMPAIO VIANNA;Luiz Antonio de Sampaio Vianna;
748;https://dadosabertos.camara.leg.br/api/v2/deputados/748;SILVA MIRANDA;João da Silva Miranda;
746;https://dadosabertos.camara.leg.br/api/v2/deputados/746;SIQUEIRA CAVALCANTI;Antonio dos Santos Siqueira Cavalcanti Júnior;
728;https://dadosabertos.camara.leg.br/api/v2/deputados/728;SOUSA RIBEIRO;José da Costa Machado e Souza Ribeiro;
729;https://dadosabertos.camara.leg.br/api/v2/deputados/729;TAVARES DE MELO;José Tavares de Mello;
692;https://dadosabertos.camara.leg.br/api/v2/deputados/692;TEIXEIRA SOARES;Manoel Teixeira Soares;
276;https://dadosabertos.camara.leg.br/api/v2/deputados/276;TOBIAS DE AGUIAR;Raphael Tobias de Aguiar;
771;https://dadosabertos.camara.leg.br/api/v2/deputados/771;TOBIAS LEITE;Tobias Rabello Leite;
737;https://dadosabertos.camara.leg.br/api/v2/deputados/737;TOSCANO BARRETO;Victorino do Rego Toscano Barreto;
446;https://dadosabertos.camara.leg.br/api/v2/deputados/446;VASCONCELLOS;Francisco Diogo Pereira de Vasconcellos;
769;https://dadosabertos.camara.leg.br/api/v2/deputados/769;XAVIER DA ROCHA;Felippe Xavier da Rocha;
123;https://dadosabertos.camara.leg.br/api/v2/deputados/123;ALBUQUERQUE;Manoel José de Albuquerque;
937;https://dadosabertos.camara.leg.br/api/v2/deputados/937;ALMEIDA E ALBUQUERQUE;Frederico de Almeida e Albuquerque;
385;https://dadosabertos.camara.leg.br/api/v2/deputados/385;ANGELO CUSTÓDIO;Angelo Custódio Corrêa;
563;https://dadosabertos.camara.leg.br/api/v2/deputados/563;ANGELO RAMOS;Angelo Francisco Ramos;
651;https://dadosabertos.camara.leg.br/api/v2/deputados/651;ANTONIO CANDIDO;Antonio Candido Ferreira de Abreu;
647;https://dadosabertos.camara.leg.br/api/v2/deputados/647;ANTONIO CARLOS;Antonio Carlos de Almeida e Albuquerque;
474;https://dadosabertos.camara.leg.br/api/v2/deputados/474;APRIGIO;Aprigio José de Souza;
624;https://dadosabertos.camara.leg.br/api/v2/deputados/624;APRIGIO GUIMARÃES;Aprigio Justiniano da Silva Guimarães;
448;https://dadosabertos.camara.leg.br/api/v2/deputados/448;ASSIS ROCHA;Francisco de Assis Pereira Rocha Júnior;
652;https://dadosabertos.camara.leg.br/api/v2/deputados/652;AZEREDO COUTINHO;Honório Pereira de Azeredo Coutinho;
632;https://dadosabertos.camara.leg.br/api/v2/deputados/632;BARÃO DE GURUPI;Antonio Raymundo Teixeira Vieira Belfort;
333;https://dadosabertos.camara.leg.br/api/v2/deputados/333;BARRETO PEDROSO;Antonio Pereira Barreto Pedroso;
639;https://dadosabertos.camara.leg.br/api/v2/deputados/639;BERNARDES DE GOUVEIA;Francisco Soares Bernardes de Gouveia;
672;https://dadosabertos.camara.leg.br/api/v2/deputados/672;BROTERO;João Dabney de Avellar Brotero;
662;https://dadosabertos.camara.leg.br/api/v2/deputados/662;CALDRE E FIÃO;José Antonio do Valle Caldre e Fião;
668;https://dadosabertos.camara.leg.br/api/v2/deputados/668;CANDIDO BORGES;Candido Borges Monteiro;
410;https://dadosabertos.camara.leg.br/api/v2/deputados/410;CANSANSÃO DE SINIMBU;João Lins Vieira Cansansão de Sinimbu;
462;https://dadosabertos.camara.leg.br/api/v2/deputados/462;CARNEIRO DE CAMPOS;Carlos Carneiro de Campos;
633;https://dadosabertos.camara.leg.br/api/v2/deputados/633;CERQUEIRA PINTO;Manoel de Cerqueira Pinto;
630;https://dadosabertos.camara.leg.br/api/v2/deputados/630;CÔNEGO LEAL;Feliciano José Leal;
430;https://dadosabertos.camara.leg.br/api/v2/deputados/430;CÔNEGO SILVA;Antonio José da Silva;
649;https://dadosabertos.camara.leg.br/api/v2/deputados/649;CRISPIM;Crispim Antonio de Miranda Henriques;
480;https://dadosabertos.camara.leg.br/api/v2/deputados/480;CRUZ SECO;Joaquim José da Cruz Secco;
658;https://dadosabertos.camara.leg.br/api/v2/deputados/658;CUNHA;José Joaquim da Cunha;
634;https://dadosabertos.camara.leg.br/api/v2/deputados/634;D. FRANCISCO;D. Francisco Balthazar da Silveira;
310;https://dadosabertos.camara.leg.br/api/v2/deputados/310;DIAS DE CARVALHO;José Pedro Dias de Carvalho;
522;https://dadosabertos.camara.leg.br/api/v2/deputados/522;EDUARDO FRANÇA;Eduardo Ferreira França;
460;https://dadosabertos.camara.leg.br/api/v2/deputados/460;EUZEBIO DE QUEIROZ;Euzebio de Queiroz Coutinho Matoso Camara;
523;https://dadosabertos.camara.leg.br/api/v2/deputados/523;FERRAZ;Angelo Muniz da Silva Ferraz;
584;https://dadosabertos.camara.leg.br/api/v2/deputados/584;FIRMINO;Firmino Rodrigues Silva;
631;https://dadosabertos.camara.leg.br/api/v2/deputados/631;FLEURY;Antonio de Padua Fleury;
663;https://dadosabertos.camara.leg.br/api/v2/deputados/663;FREITAS;Luis de Freitas e Castro;
524;https://dadosabertos.camara.leg.br/api/v2/deputados/524;GOIS SIQUEIRA;José de Goes Siqueira;
350;https://dadosabertos.camara.leg.br/api/v2/deputados/350;GOMES RIBEIRO;Francisco Joaquim Gomes Ribeiro;
673;https://dadosabertos.camara.leg.br/api/v2/deputados/673;HIPOLITO;Hippolyto José Soares de Souza;
641;https://dadosabertos.camara.leg.br/api/v2/deputados/641;HORTA;Caetano Alves Rodrigues Horta;
570;https://dadosabertos.camara.leg.br/api/v2/deputados/570;INÁCIO BARBOSA;Ignacio Joaquim Barbosa;
635;https://dadosabertos.camara.leg.br/api/v2/deputados/635;JOSÉ ASCENÇO;José Ascenço da Costa Ferreira Júnior;
674;https://dadosabertos.camara.leg.br/api/v2/deputados/674;JOSÉ MATHIAS;José Mathias Ferreira de Abreu;
650;https://dadosabertos.camara.leg.br/api/v2/deputados/650;JOSÉ PAULINO;José Paulino de Figueiredo;
675;https://dadosabertos.camara.leg.br/api/v2/deputados/675;LIMA;Francisco José de Lima;
427;https://dadosabertos.camara.leg.br/api/v2/deputados/427;LISBOA;Venâncio José Lisboa;
531;https://dadosabertos.camara.leg.br/api/v2/deputados/531;LISBOA SERRA;João Duarte Lisboa Serra;
599;https://dadosabertos.camara.leg.br/api/v2/deputados/599;LIVRAMENTO;Joaquim Augusto do Livramento;
642;https://dadosabertos.camara.leg.br/api/v2/deputados/642;LUIS SOARES;Luiz Soares de Gouvêa Horta;
629;https://dadosabertos.camara.leg.br/api/v2/deputados/629;LUIZ ARAUJO;Luiz José Ferreira de Araújo;
324;https://dadosabertos.camara.leg.br/api/v2/deputados/324;MACIEL MONTEIRO;Antonio Peregrino Maciel Monteiro;
415;https://dadosabertos.camara.leg.br/api/v2/deputados/415;MAGALHÃES CASTRO;José Antonio de Magalhães Castro;
476;https://dadosabertos.camara.leg.br/api/v2/deputados/476;MARCELINO DE BRITO;Joaquim Marcellino de Brito;
580;https://dadosabertos.camara.leg.br/api/v2/deputados/580;MARTINS FERREIRA;José Martins Ferreira;
428;https://dadosabertos.camara.leg.br/api/v2/deputados/428;MIRANDA;João Antônio de Miranda;
467;https://dadosabertos.camara.leg.br/api/v2/deputados/467;PACHECO JORDÃO;Fernando Pacheco Jordão;
616;https://dadosabertos.camara.leg.br/api/v2/deputados/616;PAULA BATISTA;Francisco de Paula Baptista;
381;https://dadosabertos.camara.leg.br/api/v2/deputados/381;PAULA CANDIDO;Francisco de Paula Candido;
468;https://dadosabertos.camara.leg.br/api/v2/deputados/468;PEREIRA JORGE;Joaquim Firmino Pereira Jorge;
593;https://dadosabertos.camara.leg.br/api/v2/deputados/593;PIMENTA DE MAGALHÃES;José Joaquim Pimenta de Magalhães;
416;https://dadosabertos.camara.leg.br/api/v2/deputados/416;PINTO PACA;Manoel Jaoquim Pinto Pacca;
665;https://dadosabertos.camara.leg.br/api/v2/deputados/665;PRATES;Fidencio Nepomuceno Prates;
477;https://dadosabertos.camara.leg.br/api/v2/deputados/477;RIBEIRO;Francisco Antonio Ribeiro;
443;https://dadosabertos.camara.leg.br/api/v2/deputados/443;ROCHA;Justiniano José da Rocha;
485;https://dadosabertos.camara.leg.br/api/v2/deputados/485;SANTOS E ALMEIDA;José Thomaz dos Santos Almeida;
314;https://dadosabertos.camara.leg.br/api/v2/deputados/314;SEARA;Antonio Corrêa Seara;
571;https://dadosabertos.camara.leg.br/api/v2/deputados/571;SILVA GUIMARÃES;Pedro Pereira da Silva Guimarães;
604;https://dadosabertos.camara.leg.br/api/v2/deputados/604;SILVEIRA DA MOTA;José Ignácio Silveira da Motta;
677;https://dadosabertos.camara.leg.br/api/v2/deputados/677;SIQUEIRA QUEIROZ;João de Siqueira Queiroz;
656;https://dadosabertos.camara.leg.br/api/v2/deputados/656;SOUSA MENDES;Antonio de Souza Mendes;
386;https://dadosabertos.camara.leg.br/api/v2/deputados/386;SOUZA FRANCO;Bernardo de Souza Franco;
503;https://dadosabertos.camara.leg.br/api/v2/deputados/503;SOUZA RAMOS;José Ildefonso de Souza Ramos;
670;https://dadosabertos.camara.leg.br/api/v2/deputados/670;TEIXEIRA DE MACEDO;Diogo Teixeira de Macedo;
589;https://dadosabertos.camara.leg.br/api/v2/deputados/589;TEIXEIRA DE SOUZA;Manoel Teixeira de Souza;
628;https://dadosabertos.camara.leg.br/api/v2/deputados/628;TEÓFILO;Manoel Theóphilo Gaspar de Oliveira;
521;https://dadosabertos.camara.leg.br/api/v2/deputados/521;TITARA;José Correa da Silva Títara;
667;https://dadosabertos.camara.leg.br/api/v2/deputados/667;TRAVASSOS;Manoel José de Freitas Travassos;
338;https://dadosabertos.camara.leg.br/api/v2/deputados/338;VIANA;Joaquim Francisco Vianna;
590;https://dadosabertos.camara.leg.br/api/v2/deputados/590;VIEIRA DE MATOS;José Agostinho Vieira de Matos;
419;https://dadosabertos.camara.leg.br/api/v2/deputados/419;WANDERLEY;João Maurício Wanderley;
347;https://dadosabertos.camara.leg.br/api/v2/deputados/347;AFONSO DE ALBUQUERQUE;Affonso de Albuquerque e Mello;
472;https://dadosabertos.camara.leg.br/api/v2/deputados/472;ALMEIDA COUTO;João José de Almeida Couto;
582;https://dadosabertos.camara.leg.br/api/v2/deputados/582;ALVES DE MENDONÇA;Francisco Alves de Mendonça;
581;https://dadosabertos.camara.leg.br/api/v2/deputados/581;ALVES RIBEIRO;Manoel Alves Ribeiro;
574;https://dadosabertos.camara.leg.br/api/v2/deputados/574;ANTONIO DO PAÇO;Antonio Jansen do Paço;
595;https://dadosabertos.camara.leg.br/api/v2/deputados/595;AZAMBUJA;Bernardo Augusto Nascentes de Azambuja;
575;https://dadosabertos.camara.leg.br/api/v2/deputados/575;BARROS VASCONCELOS;Antonio de Barros Vasconcellos;
562;https://dadosabertos.camara.leg.br/api/v2/deputados/562;BISPO DO PARÁ;D. José Affonso de Moraes Torres;
552;https://dadosabertos.camara.leg.br/api/v2/deputados/552;CALVET;José de Paiva Magalhães Calvet;
615;https://dadosabertos.camara.leg.br/api/v2/deputados/615;CARLOS WANDERLEY;João Carlos Wanderley;
17;https://dadosabertos.camara.leg.br/api/v2/deputados/17;CARNEIRO DA CUNHA;Joaquim Manoel Carneiro da Cunha;
559;https://dadosabertos.camara.leg.br/api/v2/deputados/559;CARVALHO MOREIRA;Francisco Ignácio de Carvalho Moreira;
596;https://dadosabertos.camara.leg.br/api/v2/deputados/596;CERQUEIRA;Thomaz José Pinto de Cerqueira;
423;https://dadosabertos.camara.leg.br/api/v2/deputados/423;COELHO;José Joaquim Coelho;
606;https://dadosabertos.camara.leg.br/api/v2/deputados/606;CORREIA LIMA;Manoel Corrêa Lima;
377;https://dadosabertos.camara.leg.br/api/v2/deputados/377;COSTA PINTO;Antonio da Costa Pinto;
300;https://dadosabertos.camara.leg.br/api/v2/deputados/300;D. JOSÉ;D. José de Assis Mascarenhas;
458;https://dadosabertos.camara.leg.br/api/v2/deputados/458;D. MANUEL;D. Manoel de Assis Mascarenhas;
449;https://dadosabertos.camara.leg.br/api/v2/deputados/449;FERNANDES CHAVES;Pedro Rodrigues Fernandes Chaves;
278;https://dadosabertos.camara.leg.br/api/v2/deputados/278;FERNANDES DA SILVEIRA;Antônio Fernandes da Silveira;
600;https://dadosabertos.camara.leg.br/api/v2/deputados/600;FERREIRA DE ABREU;José Mathias Ferreira de Abreu Júnior;
607;https://dadosabertos.camara.leg.br/api/v2/deputados/607;FERREIRA DE ALBUQUERQUE;Felix Antonio Ferreira de Albuquerque;
378;https://dadosabertos.camara.leg.br/api/v2/deputados/378;FERREIRA PENA;Herculano Ferreira Penna;
585;https://dadosabertos.camara.leg.br/api/v2/deputados/585;GOMES CÂNDIDO;Antonio Gomes Cândido;
133;https://dadosabertos.camara.leg.br/api/v2/deputados/133;GONÇALVES MARTINS;Francisco Gonçalves Martins;
422;https://dadosabertos.camara.leg.br/api/v2/deputados/422;GRAÇA;José Pereira da Graça Júnior;
251;https://dadosabertos.camara.leg.br/api/v2/deputados/251;HENRIQUES DE REZENDE;Venâncio Henriques de Rezende;
325;https://dadosabertos.camara.leg.br/api/v2/deputados/325;JOAQUIM DE MELLO;Antonio Joaquim de Mello;
578;https://dadosabertos.camara.leg.br/api/v2/deputados/578;JOAQUIM MARIANO;Joaquim Mariano Franco de Sá;
609;https://dadosabertos.camara.leg.br/api/v2/deputados/609;JOAQUIM VILELA;Joaquim Villela de Castro Tavares;
553;https://dadosabertos.camara.leg.br/api/v2/deputados/553;JOBIM;José Martins de Cruz Jobim;
601;https://dadosabertos.camara.leg.br/api/v2/deputados/601;JOSÉ MANOEL;José Manoel da Silva;
437;https://dadosabertos.camara.leg.br/api/v2/deputados/437;JULIO DE MIRANDA;Manoel Júlio de Miranda;
586;https://dadosabertos.camara.leg.br/api/v2/deputados/586;LUIZ SOARES;Luiz Soares de Gouveia Horta;
579;https://dadosabertos.camara.leg.br/api/v2/deputados/579;MACIEL DA COSTA;Gregório de Tavares Osório Maciel da Costa;
208;https://dadosabertos.camara.leg.br/api/v2/deputados/208;MARIA DO AMARAL;Manoel Maria do Amaral;
238;https://dadosabertos.camara.leg.br/api/v2/deputados/238;MENDES DOS SANTOS;Gabriel Mendes dos Santos;
602;https://dadosabertos.camara.leg.br/api/v2/deputados/602;MONSENHOR RAMALHO;João José Vieira Ramalho;
9;https://dadosabertos.camara.leg.br/api/v2/deputados/9;MONTEZUMA;Francisco Gê Acayaba Montezuma;
550;https://dadosabertos.camara.leg.br/api/v2/deputados/550;MORAIS SARMENTO;Casimiro José de Moraes Sarmento;
294;https://dadosabertos.camara.leg.br/api/v2/deputados/294;MOURA MAGALHÃES;João José de Moura Magalhães;
561;https://dadosabertos.camara.leg.br/api/v2/deputados/561;NUNES AGUIAR;Antonio Nunes de Aguiar;
572;https://dadosabertos.camara.leg.br/api/v2/deputados/572;OLIMPIO MACHADO;Eduardo Olimpio Machado;
390;https://dadosabertos.camara.leg.br/api/v2/deputados/390;OLIVEIRA;Joaquim José de Oliveira;
592;https://dadosabertos.camara.leg.br/api/v2/deputados/592;PAIS DE SOUZA;João Lourenço Paes de Souza;
603;https://dadosabertos.camara.leg.br/api/v2/deputados/603;PEIXOTO GOMIDE;Francisco de Assis Peixoto Gomide;
614;https://dadosabertos.camara.leg.br/api/v2/deputados/614;PERETTI;Anselmo Francisco Peretti;
611;https://dadosabertos.camara.leg.br/api/v2/deputados/611;REIS E SILVA;Alexandre Bernardinho dos Reis e Silva;
542;https://dadosabertos.camara.leg.br/api/v2/deputados/542;TENREIRO ARANHA;João Baptista de Figueiredo Tenreiro Aranha;
360;https://dadosabertos.camara.leg.br/api/v2/deputados/360;TOSTA;Manoel Vieira Tosta;
566;https://dadosabertos.camara.leg.br/api/v2/deputados/566;VITOR DE OLIVEIRA;Vitor de Oliveira;
545;https://dadosabertos.camara.leg.br/api/v2/deputados/545;ABREU LIMA;Joaquim Teixeira Peixoto de Abreu Lima;
491;https://dadosabertos.camara.leg.br/api/v2/deputados/491;ACAUÃ;Benedicto Marques da Silva Acauã;
495;https://dadosabertos.camara.leg.br/api/v2/deputados/495;AFONSO FERREIRA;Antonio Affonso Ferreira;
492;https://dadosabertos.camara.leg.br/api/v2/deputados/492;AIRES DO NASCIMENTO;Miguel Joaquim Ayres do Nascimento;
373;https://dadosabertos.camara.leg.br/api/v2/deputados/373;ALVARENGA;Tristão Antonio de Alvarenga;
546;https://dadosabertos.camara.leg.br/api/v2/deputados/546;ARRUDA CÂMARA;José Francisco de Arruda Câmara;
534;https://dadosabertos.camara.leg.br/api/v2/deputados/534;ASSIS ALMEIDA;Francisco de Assis e Almeida;
512;https://dadosabertos.camara.leg.br/api/v2/deputados/512;CAMPOS MELO;Antonio Manoel de Campos Mello;
391;https://dadosabertos.camara.leg.br/api/v2/deputados/391;CARVALHO DE MENDONÇA;Manoel Ignacio de Carvalho Mendonça;
548;https://dadosabertos.camara.leg.br/api/v2/deputados/548;CASTELO BRANCO;Antonio Borges Leal Castello Branco;
230;https://dadosabertos.camara.leg.br/api/v2/deputados/230;CHICHORRO DA GAMA;Antonio Pinto Chichorro da Gama;
558;https://dadosabertos.camara.leg.br/api/v2/deputados/558;CLEMENTE DOS SANTOS;Antonio Clemente dos Santos;
388;https://dadosabertos.camara.leg.br/api/v2/deputados/388;COELHO BASTOS;João Coelho Bastos;
376;https://dadosabertos.camara.leg.br/api/v2/deputados/376;COELHO DA CUNHA;José Feliciano Pinto Coelho da Cunha;
536;https://dadosabertos.camara.leg.br/api/v2/deputados/536;ELIAS;Elias Pinto de Carvalho;
481;https://dadosabertos.camara.leg.br/api/v2/deputados/481;FERNANDES DE BARROS;João Fernandes de Barros;
42;https://dadosabertos.camara.leg.br/api/v2/deputados/42;FRANÇA;Manoel José de Sousa França;
493;https://dadosabertos.camara.leg.br/api/v2/deputados/493;FRANÇA LEITE;Nicolao Rodrigues dos Santos França Leite;
371;https://dadosabertos.camara.leg.br/api/v2/deputados/371;FRANCO;Joaquim Franco de Sá;
137;https://dadosabertos.camara.leg.br/api/v2/deputados/137;GABRIEL GETULIO;Gabriel Getúlio Monteiro de Mendonça;
513;https://dadosabertos.camara.leg.br/api/v2/deputados/513;GAVIÃO PEIXOTO;Bernardo José Pinto Gavião Peixoto;
487;https://dadosabertos.camara.leg.br/api/v2/deputados/487;GODÓI;Antonio Thomaz de Godoy;
554;https://dadosabertos.camara.leg.br/api/v2/deputados/554;GOMES DE MENEZES;José Augusto Gomes de Menezes;
508;https://dadosabertos.camara.leg.br/api/v2/deputados/508;GOMES DOS SANTOS;Thomaz Gomes dos Santos;
538;https://dadosabertos.camara.leg.br/api/v2/deputados/538;GONÇALVES;Antonio Gonçalves Chaves;
544;https://dadosabertos.camara.leg.br/api/v2/deputados/544;GRACIANO;Graciano Adolpho Cavalcanti de Albuquerque;
1275;https://dadosabertos.camara.leg.br/api/v2/deputados/1275;JOSÉ DE ASSIS;José de Assis Alves Branco Muniz Barreto;
549;https://dadosabertos.camara.leg.br/api/v2/deputados/549;MACEDO;Marcos Antonio de Macedo;
379;https://dadosabertos.camara.leg.br/api/v2/deputados/379;MARINHO;José Antônio Marinho;
539;https://dadosabertos.camara.leg.br/api/v2/deputados/539;MEIRELES;Joaquim Cândido Soares de Meirelles;
393;https://dadosabertos.camara.leg.br/api/v2/deputados/393;MENDES DA CUNHA;Manoel Mendes da Cunha Azevedo;
210;https://dadosabertos.camara.leg.br/api/v2/deputados/210;MUNIZ BARRETO;Joaquim Francisco Alves Branco Muniz Barreto;
395;https://dadosabertos.camara.leg.br/api/v2/deputados/395;NUNES MACHADO;Joaquim Nunes Machado;
309;https://dadosabertos.camara.leg.br/api/v2/deputados/309;PAULA CERQUEIRA;Francisco de Paula Cerqueira Leite;
1273;https://dadosabertos.camara.leg.br/api/v2/deputados/1273;PAULINO DE SOUZA;Paulino José Soares de Souza;
364;https://dadosabertos.camara.leg.br/api/v2/deputados/364;PEIXOTO DE ALENCAR;Carlos Augusto Peixoto de Alencar;
456;https://dadosabertos.camara.leg.br/api/v2/deputados/456;PEIXOTO DE BRITO;Felix Peixoto de Brito e Mello;
483;https://dadosabertos.camara.leg.br/api/v2/deputados/483;POMPEU;Thomaz Pompeo de Souza Brasil;
541;https://dadosabertos.camara.leg.br/api/v2/deputados/541;QUINTILIANO;Quintiliano José da Silva;
528;https://dadosabertos.camara.leg.br/api/v2/deputados/528;RAMALHO;Joaquim Ignacio Ramalho;
396;https://dadosabertos.camara.leg.br/api/v2/deputados/396;REGO MONTEIRO;Antonio da Costa Rego Monteiro;
226062;https://dadosabertos.camara.leg.br/api/v2/deputados/226062;RIBEIRO DE RESENDE;Estevão Ribeiro de Rezende;
526;https://dadosabertos.camara.leg.br/api/v2/deputados/526;SABOIA;Domingos Carlos de Saboia;
471;https://dadosabertos.camara.leg.br/api/v2/deputados/471;TAVARES BASTOS;José Tavares Bastos;
556;https://dadosabertos.camara.leg.br/api/v2/deputados/556;VICENTE TORRES-HOMEM;Joaquim Vicente Torres-Homem;
340;https://dadosabertos.camara.leg.br/api/v2/deputados/340;ALVARES MACHADO;Francisco Alvares Machado de Vasconcellos;
473;https://dadosabertos.camara.leg.br/api/v2/deputados/473;AMÂNCIO;Amâncio João Pereira de Andrade;
90;https://dadosabertos.camara.leg.br/api/v2/deputados/90;ANDRADA MACHADO;Antônio Carlos Ribeiro de Andrada Machado e Silva;
478;https://dadosabertos.camara.leg.br/api/v2/deputados/478;BEZERRA;Manoel Soares da Silva Bezerra;
326;https://dadosabertos.camara.leg.br/api/v2/deputados/326;BISPO CAPELÃO-MOR;Manoel do Monte Rodrigues de Araújo;
125;https://dadosabertos.camara.leg.br/api/v2/deputados/125;BRICIO;Marcos Antônio Brício;
429;https://dadosabertos.camara.leg.br/api/v2/deputados/429;CARVALHO;José Joaquim de Carvalho;
479;https://dadosabertos.camara.leg.br/api/v2/deputados/479;CARVALHO E SILVA;José Vieira Rodrigues de Carvalho e Silva;
502;https://dadosabertos.camara.leg.br/api/v2/deputados/502;CONDE DO RIO PARDO;Thomaz Joaquim Pereira Valente;
173;https://dadosabertos.camara.leg.br/api/v2/deputados/173;CUNHA BARBOSA;Januário da Cunha Barboza;
486;https://dadosabertos.camara.leg.br/api/v2/deputados/486;DIAS DE MOTA;Fernando Sebastião Dias da Motta;
247;https://dadosabertos.camara.leg.br/api/v2/deputados/247;ERNESTO FRANÇA;Ernesto Ferreira França;
311;https://dadosabertos.camara.leg.br/api/v2/deputados/311;FERNANDES TORRES;José Joaquim Fernandes Torres;
215;https://dadosabertos.camara.leg.br/api/v2/deputados/215;FERREIRA DE CASTRO;Vicente Ferreira de Castro e Silva;
506;https://dadosabertos.camara.leg.br/api/v2/deputados/506;GONÇALVES DE MAGALHÃES;Domingos José Gonçalves de Magalhães;
498;https://dadosabertos.camara.leg.br/api/v2/deputados/498;JOSÉ PEDRO DA SILVA;José Pedro da Silva;
509;https://dadosabertos.camara.leg.br/api/v2/deputados/509;JOSINO;Josino do Nascimento Silva;
138;https://dadosabertos.camara.leg.br/api/v2/deputados/138;LIMPO DE ABREU;Antônio Paulino Limpo de Abreu;
394;https://dadosabertos.camara.leg.br/api/v2/deputados/394;LOPES GAMA;Miguel do Sacramento Lopes Gama;
167;https://dadosabertos.camara.leg.br/api/v2/deputados/167;MACHADO DE OLIVEIRA;José Joaquim Machado de Oliveira;
504;https://dadosabertos.camara.leg.br/api/v2/deputados/504;MARANHÃO;André de Albuquerque Maranhão Júnior;
469;https://dadosabertos.camara.leg.br/api/v2/deputados/469;MARIZ;Alexandre Maria de Mariz Sarmento;
505;https://dadosabertos.camara.leg.br/api/v2/deputados/505;MATOSO CÂMARA;Francisco de Queiroz Coutinho Mattoso Câmara;
514;https://dadosabertos.camara.leg.br/api/v2/deputados/514;MENDONÇA E CASTRO;Felício Pinto Coelho de Mendonça e Castro;
484;https://dadosabertos.camara.leg.br/api/v2/deputados/484;MONJARDIM;José Francisco de Andrade Almeida Monjardim;
37;https://dadosabertos.camara.leg.br/api/v2/deputados/37;MUNIZ TAVARES;Francisco Muniz Tavares;
134;https://dadosabertos.camara.leg.br/api/v2/deputados/134;ODORICO MENDES;Manoel Odorico Mendes;
470;https://dadosabertos.camara.leg.br/api/v2/deputados/470;OLIVEIRA LISBOA;Henriques Marques de Oliveira Lisboa;
332;https://dadosabertos.camara.leg.br/api/v2/deputados/332;PARANHOS;Manoel Paranhos da Silva Velloso;
489;https://dadosabertos.camara.leg.br/api/v2/deputados/489;PAULO BARBOSA;Paulo Barbosa da Silva;
515;https://dadosabertos.camara.leg.br/api/v2/deputados/515;PIMENTA BUENO;José Antonio Pimenta Bueno;
295;https://dadosabertos.camara.leg.br/api/v2/deputados/295;RAMIRO;Francisco Ramiro de Assis Coelho;
213;https://dadosabertos.camara.leg.br/api/v2/deputados/213;REBOUÇAS;Antônio Pereira Rebouças;
417;https://dadosabertos.camara.leg.br/api/v2/deputados/417;RIOS;José Alves da Cruz Rios;
519;https://dadosabertos.camara.leg.br/api/v2/deputados/519;SÁ BITTENCOURT;José de Sá Bittencourt e Câmara;
367;https://dadosabertos.camara.leg.br/api/v2/deputados/367;SANTOS AZEVEDO;Antonio Ferreira dos Santos Azevedo;
510;https://dadosabertos.camara.leg.br/api/v2/deputados/510;SANTOS BARRETO;João Paulo dos Santos Barreto;
337;https://dadosabertos.camara.leg.br/api/v2/deputados/337;SATURNINO;Saturnino de Souza e Oliveira;
520;https://dadosabertos.camara.leg.br/api/v2/deputados/520;SILVA;Francisco José da Silva;
329;https://dadosabertos.camara.leg.br/api/v2/deputados/329;SOUSA MARTINS;Francisco de Souza Martins;
517;https://dadosabertos.camara.leg.br/api/v2/deputados/517;SOUSA QUEIROZ;Francisco Antonio de Souza Queiroz;
518;https://dadosabertos.camara.leg.br/api/v2/deputados/518;STOCKLER;José Cristiano Garção Stockler;
225;https://dadosabertos.camara.leg.br/api/v2/deputados/225;VEIGA;Antônio José da Veiga;
507;https://dadosabertos.camara.leg.br/api/v2/deputados/507;VIEIRA DA CUNHA;Joaquim Vieira da Cunha;
35;https://dadosabertos.camara.leg.br/api/v2/deputados/35;VISCONDE DE GOIANA;Bernardo José da Gama;
136;https://dadosabertos.camara.leg.br/api/v2/deputados/136;ALMEIDA TORRES;José Carlos Pereira de Almeida Torres;
459;https://dadosabertos.camara.leg.br/api/v2/deputados/459;ALVARES DE AZEVEDO;Ignácio Manoel de Alvares de Azevedo;
384;https://dadosabertos.camara.leg.br/api/v2/deputados/384;ANDRÉA;Francisco José de Souza Soares de Andréa;
374;https://dadosabertos.camara.leg.br/api/v2/deputados/374;ANTUNES CORREIA;João Antunes Correia;
250;https://dadosabertos.camara.leg.br/api/v2/deputados/250;BARÃO DA BOA VISTA;Francisco do Rego Barros;
321;https://dadosabertos.camara.leg.br/api/v2/deputados/321;BARBOSA CORDEIRO;João Barbosa Cordeiro;
408;https://dadosabertos.camara.leg.br/api/v2/deputados/408;BOTO;Sebastião Gaspar de Almeida Boto;
409;https://dadosabertos.camara.leg.br/api/v2/deputados/409;CAJUEIRO;Ignácio de Barros Vieira Cajueiro;
33;https://dadosabertos.camara.leg.br/api/v2/deputados/33;CAVALCANTI DE LACERDA;Manoel Ignácio Cavalcanti de Lacerda;
432;https://dadosabertos.camara.leg.br/api/v2/deputados/432;CIRINO;Cyrino Antonio de Lemos;
269;https://dadosabertos.camara.leg.br/api/v2/deputados/269;CLEMENTE PEREIRA;José Clemente Pereira;
421;https://dadosabertos.camara.leg.br/api/v2/deputados/421;COSTA BARROS;José da Costa Barros;
214;https://dadosabertos.camara.leg.br/api/v2/deputados/214;COSTA MIRANDA;Joaquim Ignácio da Costa Miranda;
349;https://dadosabertos.camara.leg.br/api/v2/deputados/349;DANTAS;Antonio Luiz Dantas de Barros Leite;
433;https://dadosabertos.camara.leg.br/api/v2/deputados/433;FERREIRA CARNEIRO;José Ferreira Carneiro;
464;https://dadosabertos.camara.leg.br/api/v2/deputados/464;FONSECA;José Manoel da Fonseca;
424;https://dadosabertos.camara.leg.br/api/v2/deputados/424;FREITAS MAGALHÃES;Manoel de Freitas Magalhães;
414;https://dadosabertos.camara.leg.br/api/v2/deputados/414;FROIS;Theodoro Praxedes Froes;
116;https://dadosabertos.camara.leg.br/api/v2/deputados/116;GALVÃO;Manoel Antônio Galvão;
157;https://dadosabertos.camara.leg.br/api/v2/deputados/157;GARCIA DE ALMEIDA;Thomaz Xavier Garcia de Almeida;
434;https://dadosabertos.camara.leg.br/api/v2/deputados/434;GOMES DE CARVALHO;Joaquim Gomes de Carvalho;
435;https://dadosabertos.camara.leg.br/api/v2/deputados/435;JACINTHO DA VEIGA;Bernardo Jacintho da Veiga;
426;https://dadosabertos.camara.leg.br/api/v2/deputados/426;JANSEN;Manoel Jansen Pereira;
436;https://dadosabertos.camara.leg.br/api/v2/deputados/436;JOSÉ RIBEIRO;Lourenço José Ribeiro;
328;https://dadosabertos.camara.leg.br/api/v2/deputados/328;LIMA E SILVA;José Joaquim de Lima e Silva Filho;
453;https://dadosabertos.camara.leg.br/api/v2/deputados/453;M.J.CARNEIRO DA CUNHA;Manuel Joaquim Carneiro da Cunha;
440;https://dadosabertos.camara.leg.br/api/v2/deputados/440;MACHADO NUNES;Manoel Machado Nunes;
411;https://dadosabertos.camara.leg.br/api/v2/deputados/411;MANUEL FELIZARDO;Manoel Felizardo de Souza e Mello;
145;https://dadosabertos.camara.leg.br/api/v2/deputados/145;MIRANDA RIBEIRO;José Cesario de Miranda Ribeiro;
454;https://dadosabertos.camara.leg.br/api/v2/deputados/454;NEVES;Agostinho da Silva Neves;
455;https://dadosabertos.camara.leg.br/api/v2/deputados/455;PAES DE ANDRADE;Luiz Carvalho Paes de Andrade;
442;https://dadosabertos.camara.leg.br/api/v2/deputados/442;PENIDO;Jeronymo Maximo Nogueira Penido;
344;https://dadosabertos.camara.leg.br/api/v2/deputados/344;RODRIGO MONTEIRO;Rodrigo Antônio Monteiro de Barros;
336;https://dadosabertos.camara.leg.br/api/v2/deputados/336;RODRIGUES TORRES;Joaquim José Rodrigues Torres;
412;https://dadosabertos.camara.leg.br/api/v2/deputados/412;SERAPIÃO;Joaquim Serapião de Carvalho;
447;https://dadosabertos.camara.leg.br/api/v2/deputados/447;SÉRGIO DE OLIVEIRA;Francisco Sérgio de Oliveira;
351;https://dadosabertos.camara.leg.br/api/v2/deputados/351;SILVA PONTES;Rodrigo de Souza da Silva Pontes;
444;https://dadosabertos.camara.leg.br/api/v2/deputados/444;SILVA VIANA;José Lopes da Silva Vianna;
418;https://dadosabertos.camara.leg.br/api/v2/deputados/418;SIMÕES DA SILVA;Antonio Simões da Silva;
404;https://dadosabertos.camara.leg.br/api/v2/deputados/404;SIQUEIRA E SILVA;José Antonio de Siqueira e Silva;
445;https://dadosabertos.camara.leg.br/api/v2/deputados/445;VALE DA GAMA;Nicolau Antonio Nogueira Valle da Gama;
405;https://dadosabertos.camara.leg.br/api/v2/deputados/405;VAZ VIEIRA;José Ignácio Vaz Vieira;
320;https://dadosabertos.camara.leg.br/api/v2/deputados/320;VEIGA PESSOA;José Maria Ildefonso Jacome da Veiga Pessoa;
352;https://dadosabertos.camara.leg.br/api/v2/deputados/352;VISGUEIRO;José Cândido de Pontes Visgueiro;
11;https://dadosabertos.camara.leg.br/api/v2/deputados/11;ALBUQUERQUE CAVALCANTI;José Mariano de Albuquerque Cavalcanti;
307;https://dadosabertos.camara.leg.br/api/v2/deputados/307;ALCEBÍADES;José Alcebíades Carneiro;
353;https://dadosabertos.camara.leg.br/api/v2/deputados/353;ALVARES DO AMARAL;Antônio Joaquim Alvares do Amaral;
226;https://dadosabertos.camara.leg.br/api/v2/deputados/226;ARAÚJO VIANA;Cândido José de Araújo Vianna;
150;https://dadosabertos.camara.leg.br/api/v2/deputados/150;ARCEBISPO;Romualdo Antonio de Seixas;
401;https://dadosabertos.camara.leg.br/api/v2/deputados/401;AURELIANO;Aureliano de Souza e Oliveira Coutinho;
227;https://dadosabertos.camara.leg.br/api/v2/deputados/227;BATISTA CAETANO;Baptista Caetano de Almeida;
368;https://dadosabertos.camara.leg.br/api/v2/deputados/368;BELEZA;Leocádio Ferreira de Gouvêa Pimentel Belleza;
406;https://dadosabertos.camara.leg.br/api/v2/deputados/406;BISPO DE CUIABÁ;D. José Antônio dos Reis;
375;https://dadosabertos.camara.leg.br/api/v2/deputados/375;BUSTAMANTE;Antonio Joaquim Fortes de Bustamante;
369;https://dadosabertos.camara.leg.br/api/v2/deputados/369;CAJUEIRO;Luiz Carlos Cardoso Cajueiro;
8;https://dadosabertos.camara.leg.br/api/v2/deputados/8;CALMON;Miguel Calmon Du Pin e Almeida;
346;https://dadosabertos.camara.leg.br/api/v2/deputados/346;CAMARGO FLEURY;Luiz Gonzaga de Camargo Fleury;
354;https://dadosabertos.camara.leg.br/api/v2/deputados/354;CÂNDIDO DE BRITO;João Cândido de Brito;
229;https://dadosabertos.camara.leg.br/api/v2/deputados/229;CARNEIRO LEÃO;Honório Hermeto Carneiro Leão;
66;https://dadosabertos.camara.leg.br/api/v2/deputados/66;CASTRO E SILVA;Manoel do Nascimento Castro e Silva;
387;https://dadosabertos.camara.leg.br/api/v2/deputados/387;CHACON;Trajano Alipio de Hollanda Chacon;
392;https://dadosabertos.camara.leg.br/api/v2/deputados/392;CINTRA;Elias Coelho Cintra;
179;https://dadosabertos.camara.leg.br/api/v2/deputados/179;COSTA AGUIAR;José Ricardo da Costa Aguiar de Andrada;
206;https://dadosabertos.camara.leg.br/api/v2/deputados/206;COSTA CARVALHO;José da Costa Carvalho;
242;https://dadosabertos.camara.leg.br/api/v2/deputados/242;DEUS E SILVA;João Cândido de Deus e Silva;
342;https://dadosabertos.camara.leg.br/api/v2/deputados/342;DIAS DE TOLEDO;Manoel Dias de Toledo;
370;https://dadosabertos.camara.leg.br/api/v2/deputados/370;ENCARNAÇÃO E SILVA;Antônio Bernardo da Encarnação e Silva;
355;https://dadosabertos.camara.leg.br/api/v2/deputados/355;EUSTÁQUIO;Eustáquio Adolpho de Mello Mattos;
389;https://dadosabertos.camara.leg.br/api/v2/deputados/389;FERREIRA DA COSTA;João José Ferreira da Costa;
402;https://dadosabertos.camara.leg.br/api/v2/deputados/402;FREITAS;José Luiz de Freitas;
158;https://dadosabertos.camara.leg.br/api/v2/deputados/158;GOMES DA FONSECA;Manoel Gomes da Fonseca;
403;https://dadosabertos.camara.leg.br/api/v2/deputados/403;GOMES DE CAMPOS;Francisco Gomes de Campos;
356;https://dadosabertos.camara.leg.br/api/v2/deputados/356;JOSÉ GONÇALVES MARTINS;José Gonçalves Martins;
236;https://dadosabertos.camara.leg.br/api/v2/deputados/236;LEMOS;João Antônio de Lemos;
323;https://dadosabertos.camara.leg.br/api/v2/deputados/323;LUIZ CARLOS;Luiz Carlos Coelho da Silva;
1271;https://dadosabertos.camara.leg.br/api/v2/deputados/1271;MARTIM FRANCISCO;Martim Francisco Ribeiro de Andrada;
225373;https://dadosabertos.camara.leg.br/api/v2/deputados/225373;NAVARRO;ANTONIO NAVARRO DE ABREU FILHO;
162;https://dadosabertos.camara.leg.br/api/v2/deputados/162;PAULA DE ALBUQUERQUE;Francisco de Paula de Almeida e Albuquerque;
357;https://dadosabertos.camara.leg.br/api/v2/deputados/357;PEDREIRA;João Pedreira do Couto;
383;https://dadosabertos.camara.leg.br/api/v2/deputados/383;PENA;José Fernandes de Oliveira Penna;
312;https://dadosabertos.camara.leg.br/api/v2/deputados/312;QUADROS ARANHA;João Dias de Quadros Aranha;
366;https://dadosabertos.camara.leg.br/api/v2/deputados/366;RIBEIRO DUARTE;Marcellino Pinto Ribeiro Duarte;
358;https://dadosabertos.camara.leg.br/api/v2/deputados/358;ROCHA GALVÃO;Innocêncio da Rocha Galvão;
304;https://dadosabertos.camara.leg.br/api/v2/deputados/304;SILVA E SOUZA;Joaquim Vieira da Silva e Souza;
365;https://dadosabertos.camara.leg.br/api/v2/deputados/365;SUCUPIRA;José Ferreira Lima Sucupira;
277;https://dadosabertos.camara.leg.br/api/v2/deputados/277;TOLEDO;Joaquim Floriano de Toledo;
400;https://dadosabertos.camara.leg.br/api/v2/deputados/400;TORREÃO;Brazilio Quaresma Torreão;
149;https://dadosabertos.camara.leg.br/api/v2/deputados/149;VASCONCELOS;Bernardo Pereira de Vasconcellos;
398;https://dadosabertos.camara.leg.br/api/v2/deputados/398;VIEIRA DE MELO;Joaquim Manoel Vieira de Melo;
399;https://dadosabertos.camara.leg.br/api/v2/deputados/399;WANDERLEY;João Maurício Cavalcanti da Rocha Wanderley;
302;https://dadosabertos.camara.leg.br/api/v2/deputados/302;ABRANCHES;Frederico Magno Abranches;
315;https://dadosabertos.camara.leg.br/api/v2/deputados/315;ALBUQUERQUE MARANHÃO;João de Albuquerque Maranhão;
339;https://dadosabertos.camara.leg.br/api/v2/deputados/339;ALVARENGA FERREIRA;Valério de Alvarenga Ferreira;
316;https://dadosabertos.camara.leg.br/api/v2/deputados/316;ALVARES VIEIRA;Domingos Alvares Vieira;
341;https://dadosabertos.camara.leg.br/api/v2/deputados/341;AMARAL GURGEL;Manoel Joaquim Amaral Gurgel;
154;https://dadosabertos.camara.leg.br/api/v2/deputados/154;ARAÚJO LIMA;Pedro de Araujo Lima;
330;https://dadosabertos.camara.leg.br/api/v2/deputados/330;ARAÚJO RIBEIRO;José de Araújo Ribeiro;
112;https://dadosabertos.camara.leg.br/api/v2/deputados/112;AUGUSTO DA SILVA;Antonio Augusto da Silva;
289;https://dadosabertos.camara.leg.br/api/v2/deputados/289;AZEVEDO BRITTO;Paulo José de Mello de Azevedo e Brito;
263;https://dadosabertos.camara.leg.br/api/v2/deputados/263;BATISTA DE OLIVEIRA;Cândido Baptista de Oliveira;
308;https://dadosabertos.camara.leg.br/api/v2/deputados/308;BHERING;Antônio José Ribeiro Bhering;
261;https://dadosabertos.camara.leg.br/api/v2/deputados/261;BRITO GUERRA;Francisco de Brito Guerra;
126;https://dadosabertos.camara.leg.br/api/v2/deputados/126;CASTRO VIANA;Antonio de Castro Viana;
290;https://dadosabertos.camara.leg.br/api/v2/deputados/290;CESIMBRA;João Gonçalves Cesimbra;
299;https://dadosabertos.camara.leg.br/api/v2/deputados/299;CLÍMACO;João Clímaco de Alvarenga Rangel;
291;https://dadosabertos.camara.leg.br/api/v2/deputados/291;CORNÉLIO FERREIRA;Cornélio Ferreira França;
301;https://dadosabertos.camara.leg.br/api/v2/deputados/301;CORUMBÁ;João Gomes Machado Corumbá;
201;https://dadosabertos.camara.leg.br/api/v2/deputados/201;COSTA;Ignácio Joaquim da Costa;
224;https://dadosabertos.camara.leg.br/api/v2/deputados/224;COSTA FERREIRA;Antônio Pedro da Costa Ferreira;
317;https://dadosabertos.camara.leg.br/api/v2/deputados/317;COSTA MACHADO;José da Costa Machado;
318;https://dadosabertos.camara.leg.br/api/v2/deputados/318;CUNHA VASCONCELOS;Antonio da Cunha Vasconcellos;
232;https://dadosabertos.camara.leg.br/api/v2/deputados/232;CUSTÓDIO DIAS;José Custódio Dias;
49;https://dadosabertos.camara.leg.br/api/v2/deputados/49;DUARTE SILVA;Diogo Duarte Silva;
284;https://dadosabertos.camara.leg.br/api/v2/deputados/284;FERNANDES DE BARROS;Manoel Joaquim Fernandes de Barros;
234;https://dadosabertos.camara.leg.br/api/v2/deputados/234;FERREIRA DA VEIGA;Evaristo Ferreira da Veiga;
233;https://dadosabertos.camara.leg.br/api/v2/deputados/233;FERREIRA DE MELO;José Bento Leite Ferreira de Mello;
207;https://dadosabertos.camara.leg.br/api/v2/deputados/207;FERREIRA FRANÇA;Antonio Ferreira França;
292;https://dadosabertos.camara.leg.br/api/v2/deputados/292;FIGUEIREDO ROCHA;José Florindo Figueiredo Rocha;
345;https://dadosabertos.camara.leg.br/api/v2/deputados/345;FONTES;Joaquim Martins Fontes;
249;https://dadosabertos.camara.leg.br/api/v2/deputados/249;FORTUNA;Ignácio de Almeida Fortuna;
293;https://dadosabertos.camara.leg.br/api/v2/deputados/293;GALVÃO;Innocêncio José Galvão;
159;https://dadosabertos.camara.leg.br/api/v2/deputados/159;HOLLANDA CAVALCANTI;Antonio Francisco de Paula e Hollanda Cavalcanti de Albuquerque;
297;https://dadosabertos.camara.leg.br/api/v2/deputados/297;IBIAPINA;José Antônio Pereira Ibiapina;
223;https://dadosabertos.camara.leg.br/api/v2/deputados/223;JARDIM;Manoel Rodrigues Jardim;
235;https://dadosabertos.camara.leg.br/api/v2/deputados/235;JUNQUEIRA;Gabriel Francisco Junqueira;
270;https://dadosabertos.camara.leg.br/api/v2/deputados/270;LESSA;Antonio João de Lessa;
160;https://dadosabertos.camara.leg.br/api/v2/deputados/160;LUIS CAVALCANTI;Luiz Francisco de Paula Cavalcanti de Albuquerque;
285;https://dadosabertos.camara.leg.br/api/v2/deputados/285;MACEDO;José Vicente de Macedo;
306;https://dadosabertos.camara.leg.br/api/v2/deputados/306;MANSO;Antonio Luiz Patrício da Silva Manso;
343;https://dadosabertos.camara.leg.br/api/v2/deputados/343;MARCONDES;Lourenço Marcondes de Sá;
237;https://dadosabertos.camara.leg.br/api/v2/deputados/237;MARIA DE MOURA;Antônio Maria de Moura;
143;https://dadosabertos.camara.leg.br/api/v2/deputados/143;MELO E SOUZA;Manoel Ignácio de Mello e Souza;
286;https://dadosabertos.camara.leg.br/api/v2/deputados/286;MESSIAS DE LEÃO;Manoel Messias de Leão;
151;https://dadosabertos.camara.leg.br/api/v2/deputados/151;NABUCO DE ARAÚJO;José Thomaz Nabuco de Araujo;
334;https://dadosabertos.camara.leg.br/api/v2/deputados/334;OLIVEIRA BRAGA;Bento de Oliveira Braga;
53;https://dadosabertos.camara.leg.br/api/v2/deputados/53;PACHECO E SILVA;José Corrêa Pacheco e Silva;
211;https://dadosabertos.camara.leg.br/api/v2/deputados/211;PAIM;Honorato José de Barros Paim;
212;https://dadosabertos.camara.leg.br/api/v2/deputados/212;PAULA ARAUJO;Francisco de Paula Araújo e Almeida;
327;https://dadosabertos.camara.leg.br/api/v2/deputados/327;PEIXOTO DE ALBUQUERQUE;Joaquim Teixeira Peixoto de Albuquerque;
272;https://dadosabertos.camara.leg.br/api/v2/deputados/272;PINTO PEIXOTO;José Maria Pinto Peixoto;
217;https://dadosabertos.camara.leg.br/api/v2/deputados/217;PONTES;Francisco Alves Pontes;
303;https://dadosabertos.camara.leg.br/api/v2/deputados/303;RAFAEL DE CARVALHO;Estevão Raphael de Carvalho;
287;https://dadosabertos.camara.leg.br/api/v2/deputados/287;RAFAEL DE MACEDO;José Raphael de Macedo;
288;https://dadosabertos.camara.leg.br/api/v2/deputados/288;REMIGIO;Francisco Remigio de Albuquerque Mello;
335;https://dadosabertos.camara.leg.br/api/v2/deputados/335;RODRIGUES BARBOSA;José Rodrigues Barbosa;
102;https://dadosabertos.camara.leg.br/api/v2/deputados/102;SANTA BÁRBARA;João de Santa Barbara;
313;https://dadosabertos.camara.leg.br/api/v2/deputados/313;SOARES DO COUTO;Manoel Soares do Couto;
319;https://dadosabertos.camara.leg.br/api/v2/deputados/319;VASCONCELOS PESSOA;João Ribeiro de Vasconcellos Pessoa;
273;https://dadosabertos.camara.leg.br/api/v2/deputados/273;VIEIRA SOUTO;José Joaquim Vieira Souto;
305;https://dadosabertos.camara.leg.br/api/v2/deputados/305;VITAL;Vital Raymundo da Costa Pinheiro;
65;https://dadosabertos.camara.leg.br/api/v2/deputados/65;ALENCAR;JOSÉ MARTINIANO PEREIRA DE ALENCAR;
205;https://dadosabertos.camara.leg.br/api/v2/deputados/205;ALVES BRANCO;Manoel Alves Branco;
50;https://dadosabertos.camara.leg.br/api/v2/deputados/50;ANDRADA E SILVA;José Bonifácio de Andrada e Silva;
31;https://dadosabertos.camara.leg.br/api/v2/deputados/31;ANDRADE LIMA;Luiz Ignácio de Andrade Lima;
268;https://dadosabertos.camara.leg.br/api/v2/deputados/268;ANTONIO AMARAL;Antonio José do Amaral;
241;https://dadosabertos.camara.leg.br/api/v2/deputados/241;ARAÚJO FRANCO;Manoel José de Araújo Franco;
221;https://dadosabertos.camara.leg.br/api/v2/deputados/221;BATISTA PEREIRA;José Bernardino Baptista Pereira de Almeida;
132;https://dadosabertos.camara.leg.br/api/v2/deputados/132;BRÁULIO MUNIZ;João Braulio Muniz;
266;https://dadosabertos.camara.leg.br/api/v2/deputados/266;CASTRO ÁLVARES;Antônio de Castro Álvares;
199;https://dadosabertos.camara.leg.br/api/v2/deputados/199;COELHO NETTO;Francisco José Coelho Netto;
200;https://dadosabertos.camara.leg.br/api/v2/deputados/200;CORRÊA DE ALBUQUERQUE;Francisco José Corrêa de Albuquerque;
222;https://dadosabertos.camara.leg.br/api/v2/deputados/222;CUNHA MATOS;Raymundo José da Cunha Mattos;
231;https://dadosabertos.camara.leg.br/api/v2/deputados/231;CUSTÓDIO JOSÉ DIAS;Custódio José Dias;
91;https://dadosabertos.camara.leg.br/api/v2/deputados/91;FEIJÓ;Diogo Antônio Feijó;
243;https://dadosabertos.camara.leg.br/api/v2/deputados/243;FERNANDES DE VASCONCELOS;João Fernandes de Vasconcellos;
248;https://dadosabertos.camara.leg.br/api/v2/deputados/248;FERREIRA JACOBINA;Antonio de Araujo Ferreira Jacobina;
56;https://dadosabertos.camara.leg.br/api/v2/deputados/56;LEDO;Joaquim Gonçalves Ledo;
117;https://dadosabertos.camara.leg.br/api/v2/deputados/117;LINO COUTINHO;José Lino Coutinho;
244;https://dadosabertos.camara.leg.br/api/v2/deputados/244;LOBO DE SOUZA;Bernardo Lobo de Souza;
2;https://dadosabertos.camara.leg.br/api/v2/deputados/2;LOPES GAMA;Caetano Maria Lopes Gama;
264;https://dadosabertos.camara.leg.br/api/v2/deputados/264;MACIEL;Salvador José Maciel;
23;https://dadosabertos.camara.leg.br/api/v2/deputados/23;MAIA;José Antônio da Silva Maia;
252;https://dadosabertos.camara.leg.br/api/v2/deputados/252;MANOEL CAVALCANTI;Manoel Francisco de Paula Cavalcanti;
253;https://dadosabertos.camara.leg.br/api/v2/deputados/253;MANOEL IGNÁCIO;Manoel Ignácio de Carvalho;
142;https://dadosabertos.camara.leg.br/api/v2/deputados/142;MAY;Luiz Augusto May;
209;https://dadosabertos.camara.leg.br/api/v2/deputados/209;MELO MATOS;Cassiano Espiridião de Mello e Mattos;
144;https://dadosabertos.camara.leg.br/api/v2/deputados/144;MENDES RIBEIRO;João José Lopes Mendes Ribeiro;
271;https://dadosabertos.camara.leg.br/api/v2/deputados/271;MENDES VIANNA;João Mendes Vianna;
127;https://dadosabertos.camara.leg.br/api/v2/deputados/127;MOURA;Antônio Joaquim de Moura;
265;https://dadosabertos.camara.leg.br/api/v2/deputados/265;OLIVEIRA ÁLVARES;Joaquim de Oliveira Álvares;
202;https://dadosabertos.camara.leg.br/api/v2/deputados/202;OLIVEIRA BELLO;Joaquim Mariano de Oliveria Bello;
52;https://dadosabertos.camara.leg.br/api/v2/deputados/52;ORNELLAS;Manoel Joaquim de Ornellas;
95;https://dadosabertos.camara.leg.br/api/v2/deputados/95;PACHECO PIMENTEL;Manuel Pacheco Pimentel;
254;https://dadosabertos.camara.leg.br/api/v2/deputados/254;PAES DE ANDRADE;Francisco de Carvalho Paes de Andrade;
103;https://dadosabertos.camara.leg.br/api/v2/deputados/103;PAES DE BARROS;Antônio Paes de Barros;
245;https://dadosabertos.camara.leg.br/api/v2/deputados/245;PARAÍSO;Francisco de Souza Paraíso;
216;https://dadosabertos.camara.leg.br/api/v2/deputados/216;PAULA BARROS;Francisco de Paula Barros;
274;https://dadosabertos.camara.leg.br/api/v2/deputados/274;PAULA SIMÕES;Francisco de Paula Simões;
182;https://dadosabertos.camara.leg.br/api/v2/deputados/182;PAULA SOUZA;Francisco de Paula Souza e Mello;
262;https://dadosabertos.camara.leg.br/api/v2/deputados/262;PAULINO DE ALBUQUERQUE;José Paulino de Almeida e Albuquerque;
203;https://dadosabertos.camara.leg.br/api/v2/deputados/203;PERDIGÃO;Floriano Vieira da Costa Delgado Perdigão;
257;https://dadosabertos.camara.leg.br/api/v2/deputados/257;PEREIRA DE BRITO;Francisco Xavier Pereira de Brito;
267;https://dadosabertos.camara.leg.br/api/v2/deputados/267;PEREIRA RIBEIRO;Antônio Pereira Ribeiro;
256;https://dadosabertos.camara.leg.br/api/v2/deputados/256;PIRES FERREIRA;Gervásio Pires Ferreira;
218;https://dadosabertos.camara.leg.br/api/v2/deputados/218;REBELO DE SOUSA;José Rebello de Souza Pereira;
260;https://dadosabertos.camara.leg.br/api/v2/deputados/260;SÁ PALÁCIO;José Monteiro de Sá Palácio;
275;https://dadosabertos.camara.leg.br/api/v2/deputados/275;SÁ RIBAS;Lourenço Pinto de Sá Ribas;
204;https://dadosabertos.camara.leg.br/api/v2/deputados/204;SILVA TAVARES;Tibúrcio Valeriano da Silva Tavares;
122;https://dadosabertos.camara.leg.br/api/v2/deputados/122;SOARES DA ROCHA;José Ribeiro Soares da Rocha;
219;https://dadosabertos.camara.leg.br/api/v2/deputados/219;SOUZA CAMPELLO;Francisco Joaquim de Souza Campello;
220;https://dadosabertos.camara.leg.br/api/v2/deputados/220;TORRES VASCONCELLOS;Gregório Francisco Torres de Vasconcellos;
1268;https://dadosabertos.camara.leg.br/api/v2/deputados/1268;VALASQUES;Manoel dos Santos Martins Vallasques;
246;https://dadosabertos.camara.leg.br/api/v2/deputados/246;XAVIER DE CARVALHO;Augusto Xavier de Carvalho;
259;https://dadosabertos.camara.leg.br/api/v2/deputados/259;ZEFERINO DOS SANTOS;Manoel Zeferino dos Santos;
107;https://dadosabertos.camara.leg.br/api/v2/deputados/107;AGUILAR;Gustavo Adolpho de Aguilar Pantoja;
30;https://dadosabertos.camara.leg.br/api/v2/deputados/30;ALMEIDA E ALBUQUERQUE;Manoel Caetano de Almeida e Albuquerque;
76;https://dadosabertos.camara.leg.br/api/v2/deputados/76;ALMEIDA E CASTRO;Ignacio Pinto de Almeida e Castro;
111;https://dadosabertos.camara.leg.br/api/v2/deputados/111;ARAÚJO BASTO;Luiz Paulo de Araújo Basto;
119;https://dadosabertos.camara.leg.br/api/v2/deputados/119;ASSIS BARBOSA;Francisco de Assis Barbosa;
113;https://dadosabertos.camara.leg.br/api/v2/deputados/113;AVELINO BARBOSA;José Avelino Barbosa;
124;https://dadosabertos.camara.leg.br/api/v2/deputados/124;BARBOSA;Joaquim José Barbosa;
184;https://dadosabertos.camara.leg.br/api/v2/deputados/184;BARBOSA MADUREIRA;José Nunes Barbosa de Madureira Cabral;
108;https://dadosabertos.camara.leg.br/api/v2/deputados/108;BARROS LEITE;Luiz José de Barros Leite;
114;https://dadosabertos.camara.leg.br/api/v2/deputados/114;BISPO DO MARANHÃO;Marcos Antonio de Souza;
131;https://dadosabertos.camara.leg.br/api/v2/deputados/131;BORJA PEREIRA;João Francisco de Borja Pereira;
155;https://dadosabertos.camara.leg.br/api/v2/deputados/155;CAVALCANTI DE ALBUQUERQUE;Francisco de Paula Cavalcanti de Albuquerque;
46;https://dadosabertos.camara.leg.br/api/v2/deputados/46;CHAGAS SANTOS;Francisco das Chagas Santos;
152;https://dadosabertos.camara.leg.br/api/v2/deputados/152;CORREIA;Francisco José Corrêa;
115;https://dadosabertos.camara.leg.br/api/v2/deputados/115;COSTA DORMUND;João Ricardo da Costa Dormund;
109;https://dadosabertos.camara.leg.br/api/v2/deputados/109;COSTA E SILVA;João da Costa e Silva;
153;https://dadosabertos.camara.leg.br/api/v2/deputados/153;COSTA VILAR;Galdino da Costa Villar;
172;https://dadosabertos.camara.leg.br/api/v2/deputados/172;CRUZ FERREIRA;José da Cruz Ferreira;
156;https://dadosabertos.camara.leg.br/api/v2/deputados/156;FARIA BARBOSA;Francisco José de Faria Barbosa;
174;https://dadosabertos.camara.leg.br/api/v2/deputados/174;GOMES DE CAMPOS;João Gomes de Campos;
1276;https://dadosabertos.camara.leg.br/api/v2/deputados/1276;GONÇALVES MARTINS;Francisco Gonçalves Martins;
129;https://dadosabertos.camara.leg.br/api/v2/deputados/129;HERRERA;Nicoláo Herrera;
166;https://dadosabertos.camara.leg.br/api/v2/deputados/166;LEITÃO;Agostinho Leitão de Almeida;
130;https://dadosabertos.camara.leg.br/api/v2/deputados/130;LLAMBI;Francisco Toribio Llambí;
139;https://dadosabertos.camara.leg.br/api/v2/deputados/139;LOPES MENDES;Joaquim José Lopes Mendes Ribeiro;
161;https://dadosabertos.camara.leg.br/api/v2/deputados/161;MACIEL MONTEIRO;Thomaz Antonio Maciel Monteiro;
140;https://dadosabertos.camara.leg.br/api/v2/deputados/140;MARQUES DE SAMPAIO;Antonio Marques de Sampaio;
141;https://dadosabertos.camara.leg.br/api/v2/deputados/141;MARTINS PEREIRA;Placido Martins Pereira;
180;https://dadosabertos.camara.leg.br/api/v2/deputados/180;MEDEIROS GOMES;João de Medeiros Gomes;
175;https://dadosabertos.camara.leg.br/api/v2/deputados/175;MONSENHOR VIDIGAL;Francisco Corrêa Vidigal;
24;https://dadosabertos.camara.leg.br/api/v2/deputados/24;MONTEIRO DE BARROS;Antonio Augusto Monteiro de Barros;
74;https://dadosabertos.camara.leg.br/api/v2/deputados/74;MONTEIRO DE FRANÇA;Francisco Xavier Monteiro de França;
168;https://dadosabertos.camara.leg.br/api/v2/deputados/168;NUNES PIRES;Feliciano Nunes Pires;
181;https://dadosabertos.camara.leg.br/api/v2/deputados/181;OLIVEIRA SALGADO;João Chrysostomo de Oliveira Salgado;
216072;https://dadosabertos.camara.leg.br/api/v2/deputados/216072;PEDREIRA;Luiz Pedreira do Couto Ferraz;
176;https://dadosabertos.camara.leg.br/api/v2/deputados/176;PEREIRA DA NÓBREGA;Luiz Pereira da Nobrega de Souza Coutinho;
169;https://dadosabertos.camara.leg.br/api/v2/deputados/169;PEREIRA DE BRITO;Caetano Xavier Pereira de Brito;
120;https://dadosabertos.camara.leg.br/api/v2/deputados/120;PEREIRA DE MELO;José Cardoso Pereira de Mello;
177;https://dadosabertos.camara.leg.br/api/v2/deputados/177;PINTO DE ALMEIDA;Bernardo Carneiro Pinto de Almeida;
165;https://dadosabertos.camara.leg.br/api/v2/deputados/165;PINTO DO LAGO;Pedro Antonio Pereira Pinto do Lago;
77;https://dadosabertos.camara.leg.br/api/v2/deputados/77;PIRES FERREIRA;Domingos Malaquias de Aguiar Pires Ferreira;
178;https://dadosabertos.camara.leg.br/api/v2/deputados/178;PIZARRO;José de Souza Azevedo Pizarro e Araújo;
128;https://dadosabertos.camara.leg.br/api/v2/deputados/128;QUEIROZ CARREIRA;José Gervásio de Queiroz Carreira;
163;https://dadosabertos.camara.leg.br/api/v2/deputados/163;REINAUT;Miguel José Reinaut;
146;https://dadosabertos.camara.leg.br/api/v2/deputados/146;REZENDE COSTA;José de Rezende Costa;
147;https://dadosabertos.camara.leg.br/api/v2/deputados/147;ROCHA FRANCO;Antonio da Rocha Franco;
164;https://dadosabertos.camara.leg.br/api/v2/deputados/164;SERPA BRANDÃO;Bernardo José de Serpa Brandão;
148;https://dadosabertos.camara.leg.br/api/v2/deputados/148;SILVA GUIMARÃES;João Joaquim da Silva Guimarães;
135;https://dadosabertos.camara.leg.br/api/v2/deputados/135;SILVA LOBO;Manoel Telles da Silva Lobo;
121;https://dadosabertos.camara.leg.br/api/v2/deputados/121;SILVA TELES;Antonio da Silva Telles;
171;https://dadosabertos.camara.leg.br/api/v2/deputados/171;SOLEDADE;Antonio Vieira da Soledade;
110;https://dadosabertos.camara.leg.br/api/v2/deputados/110;SOUSA MELO;José de Souza Mello;
100;https://dadosabertos.camara.leg.br/api/v2/deputados/100;TEIXEIRA DE GOUVEIA;Lucio Soares Teixeira de Gouvêa;
94;https://dadosabertos.camara.leg.br/api/v2/deputados/94;VERGUEIRO;Nicolau Pereira de Campos Vergueiro;
183;https://dadosabertos.camara.leg.br/api/v2/deputados/183;VICENTE DA FONSECA;Ignacio José Vicente da Fonseca;
170;https://dadosabertos.camara.leg.br/api/v2/deputados/170;XAVIER FERREIRA;Francisco Xavier Ferreira;
