idvotacao;siglabancada;orientacao;siglaorgao;descricao
2447983-57;Fdr PT-PCdoB-PV;Sim;PLEN;"Aprovado o Projeto de Lei Complementar nº 262, de 2019. Sim: 442; Não: 2; Total: 444."
2447983-57;Fdr PSOL-REDE;Sim;PLEN;"Aprovado o Projeto de Lei Complementar nº 262, de 2019. Sim: 442; Não: 2; Total: 444."
2447983-57;Oposição;Sim;PLEN;"Aprovado o Projeto de Lei Complementar nº 262, de 2019. Sim: 442; Não: 2; Total: 444."
2447983-57;PSB;;PLEN;"Aprovado o Projeto de Lei Complementar nº 262, de 2019. Sim: 442; Não: 2; Total: 444."
2447983-57;PDT;;PLEN;"Aprovado o Projeto de Lei Complementar nº 262, de 2019. Sim: 442; Não: 2; Total: 444."
2447983-57;Novo;Sim;PLEN;"Aprovado o Projeto de Lei Complementar nº 262, de 2019. Sim: 442; Não: 2; Total: 444."
2447983-57;Bl UniPpPsd...;;PLEN;"Aprovado o Projeto de Lei Complementar nº 262, de 2019. Sim: 442; Não: 2; Total: 444."
2447983-57;Missão;;PLEN;"Aprovado o Projeto de Lei Complementar nº 262, de 2019. Sim: 442; Não: 2; Total: 444."
2447983-57;Governo;Sim;PLEN;"Aprovado o Projeto de Lei Complementar nº 262, de 2019. Sim: 442; Não: 2; Total: 444."
2447983-57;Minoria;Sim;PLEN;"Aprovado o Projeto de Lei Complementar nº 262, de 2019. Sim: 442; Não: 2; Total: 444."
2447983-57;PL;Sim;PLEN;"Aprovado o Projeto de Lei Complementar nº 262, de 2019. Sim: 442; Não: 2; Total: 444."
2447983-57;PRD;;PLEN;"Aprovado o Projeto de Lei Complementar nº 262, de 2019. Sim: 442; Não: 2; Total: 444."
2447983-57;Avante;;PLEN;"Aprovado o Projeto de Lei Complementar nº 262, de 2019. Sim: 442; Não: 2; Total: 444."
2447983-57;Maioria;Sim;PLEN;"Aprovado o Projeto de Lei Complementar nº 262, de 2019. Sim: 442; Não: 2; Total: 444."
2447983-57;Solidaried;;PLEN;"Aprovado o Projeto de Lei Complementar nº 262, de 2019. Sim: 442; Não: 2; Total: 444."
2422887-23;Fdr PSOL-REDE;Sim;PLEN;"Rejeitado o Requerimento. Sim: 126; Não: 274; Abstenção: 2; Total: 402."
2422887-23;Missão;Não;PLEN;"Rejeitado o Requerimento. Sim: 126; Não: 274; Abstenção: 2; Total: 402."
2422887-23;PSB;;PLEN;"Rejeitado o Requerimento. Sim: 126; Não: 274; Abstenção: 2; Total: 402."
2422887-23;PL;Não;PLEN;"Rejeitado o Requerimento. Sim: 126; Não: 274; Abstenção: 2; Total: 402."
2422887-23;Minoria;Não;PLEN;"Rejeitado o Requerimento. Sim: 126; Não: 274; Abstenção: 2; Total: 402."
2422887-23;Maioria;Sim;PLEN;"Rejeitado o Requerimento. Sim: 126; Não: 274; Abstenção: 2; Total: 402."
2422887-23;PRD;;PLEN;"Rejeitado o Requerimento. Sim: 126; Não: 274; Abstenção: 2; Total: 402."
2422887-23;Novo;Não;PLEN;"Rejeitado o Requerimento. Sim: 126; Não: 274; Abstenção: 2; Total: 402."
2422887-23;Solidaried;;PLEN;"Rejeitado o Requerimento. Sim: 126; Não: 274; Abstenção: 2; Total: 402."
2422887-23;Governo;Sim;PLEN;"Rejeitado o Requerimento. Sim: 126; Não: 274; Abstenção: 2; Total: 402."
2422887-23;Avante;;PLEN;"Rejeitado o Requerimento. Sim: 126; Não: 274; Abstenção: 2; Total: 402."
2422887-23;Fdr PT-PCdoB-PV;Sim;PLEN;"Rejeitado o Requerimento. Sim: 126; Não: 274; Abstenção: 2; Total: 402."
2422887-23;PDT;;PLEN;"Rejeitado o Requerimento. Sim: 126; Não: 274; Abstenção: 2; Total: 402."
2422887-23;Bl UniPpPsd...;Não;PLEN;"Rejeitado o Requerimento. Sim: 126; Não: 274; Abstenção: 2; Total: 402."
2422887-23;Oposição;Não;PLEN;"Rejeitado o Requerimento. Sim: 126; Não: 274; Abstenção: 2; Total: 402."
2565804-8;Fdr PT-PCdoB-PV;Sim;PLEN;"Aprovado o Requerimento de Urgência (Art. 155 do RICD). Sim: 284; Não: 127; Abstenção: 1; Total: 412."
2565804-8;PRD;;PLEN;"Aprovado o Requerimento de Urgência (Art. 155 do RICD). Sim: 284; Não: 127; Abstenção: 1; Total: 412."
2565804-8;Governo;;PLEN;"Aprovado o Requerimento de Urgência (Art. 155 do RICD). Sim: 284; Não: 127; Abstenção: 1; Total: 412."
2565804-8;Novo;Não;PLEN;"Aprovado o Requerimento de Urgência (Art. 155 do RICD). Sim: 284; Não: 127; Abstenção: 1; Total: 412."
2565804-8;Maioria;;PLEN;"Aprovado o Requerimento de Urgência (Art. 155 do RICD). Sim: 284; Não: 127; Abstenção: 1; Total: 412."
2565804-8;PSB;Sim;PLEN;"Aprovado o Requerimento de Urgência (Art. 155 do RICD). Sim: 284; Não: 127; Abstenção: 1; Total: 412."
2565804-8;Fdr PSOL-REDE;Não;PLEN;"Aprovado o Requerimento de Urgência (Art. 155 do RICD). Sim: 284; Não: 127; Abstenção: 1; Total: 412."
2565804-8;Missão;Não;PLEN;"Aprovado o Requerimento de Urgência (Art. 155 do RICD). Sim: 284; Não: 127; Abstenção: 1; Total: 412."
2565804-8;PDT;;PLEN;"Aprovado o Requerimento de Urgência (Art. 155 do RICD). Sim: 284; Não: 127; Abstenção: 1; Total: 412."
2565804-8;PL;Não;PLEN;"Aprovado o Requerimento de Urgência (Art. 155 do RICD). Sim: 284; Não: 127; Abstenção: 1; Total: 412."
2565804-8;Minoria;Não;PLEN;"Aprovado o Requerimento de Urgência (Art. 155 do RICD). Sim: 284; Não: 127; Abstenção: 1; Total: 412."
2565804-8;Solidaried;;PLEN;"Aprovado o Requerimento de Urgência (Art. 155 do RICD). Sim: 284; Não: 127; Abstenção: 1; Total: 412."
2565804-8;Avante;;PLEN;"Aprovado o Requerimento de Urgência (Art. 155 do RICD). Sim: 284; Não: 127; Abstenção: 1; Total: 412."
2565804-8;Oposição;Não;PLEN;"Aprovado o Requerimento de Urgência (Art. 155 do RICD). Sim: 284; Não: 127; Abstenção: 1; Total: 412."
2565804-8;Bl UniPpPsd...;Sim;PLEN;"Aprovado o Requerimento de Urgência (Art. 155 do RICD). Sim: 284; Não: 127; Abstenção: 1; Total: 412."
2605243-12;Missão;;PLEN;"Aprovado o Requerimento de Urgência (Art. 155 do RICD). Sim: 317; Não: 123; Total: 440."
2605243-12;Governo;Não;PLEN;"Aprovado o Requerimento de Urgência (Art. 155 do RICD). Sim: 317; Não: 123; Total: 440."
2605243-12;Novo;Sim;PLEN;"Aprovado o Requerimento de Urgência (Art. 155 do RICD). Sim: 317; Não: 123; Total: 440."
2605243-12;PSB;Não;PLEN;"Aprovado o Requerimento de Urgência (Art. 155 do RICD). Sim: 317; Não: 123; Total: 440."
2605243-12;Avante;;PLEN;"Aprovado o Requerimento de Urgência (Art. 155 do RICD). Sim: 317; Não: 123; Total: 440."
2605243-12;PL;Sim;PLEN;"Aprovado o Requerimento de Urgência (Art. 155 do RICD). Sim: 317; Não: 123; Total: 440."
2605243-12;Oposição;Sim;PLEN;"Aprovado o Requerimento de Urgência (Art. 155 do RICD). Sim: 317; Não: 123; Total: 440."
2605243-12;Maioria;;PLEN;"Aprovado o Requerimento de Urgência (Art. 155 do RICD). Sim: 317; Não: 123; Total: 440."
2605243-12;Solidaried;;PLEN;"Aprovado o Requerimento de Urgência (Art. 155 do RICD). Sim: 317; Não: 123; Total: 440."
2605243-12;Fdr PSOL-REDE;Não;PLEN;"Aprovado o Requerimento de Urgência (Art. 155 do RICD). Sim: 317; Não: 123; Total: 440."
2605243-12;Minoria;;PLEN;"Aprovado o Requerimento de Urgência (Art. 155 do RICD). Sim: 317; Não: 123; Total: 440."
2605243-12;Fdr PT-PCdoB-PV;Não;PLEN;"Aprovado o Requerimento de Urgência (Art. 155 do RICD). Sim: 317; Não: 123; Total: 440."
2605243-12;Bl UniPpPsd...;Sim;PLEN;"Aprovado o Requerimento de Urgência (Art. 155 do RICD). Sim: 317; Não: 123; Total: 440."
2605243-12;PRD;;PLEN;"Aprovado o Requerimento de Urgência (Art. 155 do RICD). Sim: 317; Não: 123; Total: 440."
2605243-12;PDT;;PLEN;"Aprovado o Requerimento de Urgência (Art. 155 do RICD). Sim: 317; Não: 123; Total: 440."
1228863-64;PP;Não;CCJC;"Rejeitado o Requerimento de desmembramento da PEC 32/2015. Resultado: 5 votos ""Sim"", 38 votos ""Não"". Quórum de votação: 43 votos."
1228863-64;Minoria;Não;CCJC;"Rejeitado o Requerimento de desmembramento da PEC 32/2015. Resultado: 5 votos ""Sim"", 38 votos ""Não"". Quórum de votação: 43 votos."
1228863-64;Fdr PSOL-REDE;Sim;CCJC;"Rejeitado o Requerimento de desmembramento da PEC 32/2015. Resultado: 5 votos ""Sim"", 38 votos ""Não"". Quórum de votação: 43 votos."
1228863-64;Oposição;Não;CCJC;"Rejeitado o Requerimento de desmembramento da PEC 32/2015. Resultado: 5 votos ""Sim"", 38 votos ""Não"". Quórum de votação: 43 votos."
1228863-64;PL;Não;CCJC;"Rejeitado o Requerimento de desmembramento da PEC 32/2015. Resultado: 5 votos ""Sim"", 38 votos ""Não"". Quórum de votação: 43 votos."
1228863-64;REPUBLICANOS;Não;CCJC;"Rejeitado o Requerimento de desmembramento da PEC 32/2015. Resultado: 5 votos ""Sim"", 38 votos ""Não"". Quórum de votação: 43 votos."
1228863-61;PSD;Liberado;CCJC;"Rejeitado o Requerimento de Retirada de Pauta. Resultado: 10 votos ""Sim"", 39 votos ""Não"". Quórum de votação: 49 votos."
1228863-61;Minoria;Não;CCJC;"Rejeitado o Requerimento de Retirada de Pauta. Resultado: 10 votos ""Sim"", 39 votos ""Não"". Quórum de votação: 49 votos."
1228863-61;Fdr PSOL-REDE;Sim;CCJC;"Rejeitado o Requerimento de Retirada de Pauta. Resultado: 10 votos ""Sim"", 39 votos ""Não"". Quórum de votação: 49 votos."
1228863-61;Oposição;Não;CCJC;"Rejeitado o Requerimento de Retirada de Pauta. Resultado: 10 votos ""Sim"", 39 votos ""Não"". Quórum de votação: 49 votos."
1228863-61;PP;Não;CCJC;"Rejeitado o Requerimento de Retirada de Pauta. Resultado: 10 votos ""Sim"", 39 votos ""Não"". Quórum de votação: 49 votos."
1228863-61;REPUBLICANOS;Não;CCJC;"Rejeitado o Requerimento de Retirada de Pauta. Resultado: 10 votos ""Sim"", 39 votos ""Não"". Quórum de votação: 49 votos."
1228863-61;PL;Não;CCJC;"Rejeitado o Requerimento de Retirada de Pauta. Resultado: 10 votos ""Sim"", 39 votos ""Não"". Quórum de votação: 49 votos."
2601990-42;Novo;Sim;PLEN;"Aprovado o Substitutivo ao Projeto de Lei Complementar nº 21, de 2026, adotado pelo relator da Comissão de Finanças e Tributação. Sim: 421; Não: 3; Abstenção: 1; Total: 425."
2601990-42;PDT;;PLEN;"Aprovado o Substitutivo ao Projeto de Lei Complementar nº 21, de 2026, adotado pelo relator da Comissão de Finanças e Tributação. Sim: 421; Não: 3; Abstenção: 1; Total: 425."
2601990-42;Maioria;;PLEN;"Aprovado o Substitutivo ao Projeto de Lei Complementar nº 21, de 2026, adotado pelo relator da Comissão de Finanças e Tributação. Sim: 421; Não: 3; Abstenção: 1; Total: 425."
2601990-42;PL;Sim;PLEN;"Aprovado o Substitutivo ao Projeto de Lei Complementar nº 21, de 2026, adotado pelo relator da Comissão de Finanças e Tributação. Sim: 421; Não: 3; Abstenção: 1; Total: 425."
2601990-42;Bl AvanSolidPrd...;;PLEN;"Aprovado o Substitutivo ao Projeto de Lei Complementar nº 21, de 2026, adotado pelo relator da Comissão de Finanças e Tributação. Sim: 421; Não: 3; Abstenção: 1; Total: 425."
2601990-42;Governo;;PLEN;"Aprovado o Substitutivo ao Projeto de Lei Complementar nº 21, de 2026, adotado pelo relator da Comissão de Finanças e Tributação. Sim: 421; Não: 3; Abstenção: 1; Total: 425."
2601990-42;PSB;Sim;PLEN;"Aprovado o Substitutivo ao Projeto de Lei Complementar nº 21, de 2026, adotado pelo relator da Comissão de Finanças e Tributação. Sim: 421; Não: 3; Abstenção: 1; Total: 425."
2601990-42;Fdr PT-PCdoB-PV;Sim;PLEN;"Aprovado o Substitutivo ao Projeto de Lei Complementar nº 21, de 2026, adotado pelo relator da Comissão de Finanças e Tributação. Sim: 421; Não: 3; Abstenção: 1; Total: 425."
2601990-42;Fdr PSOL-REDE;Sim;PLEN;"Aprovado o Substitutivo ao Projeto de Lei Complementar nº 21, de 2026, adotado pelo relator da Comissão de Finanças e Tributação. Sim: 421; Não: 3; Abstenção: 1; Total: 425."
2601990-42;Missão;Não;PLEN;"Aprovado o Substitutivo ao Projeto de Lei Complementar nº 21, de 2026, adotado pelo relator da Comissão de Finanças e Tributação. Sim: 421; Não: 3; Abstenção: 1; Total: 425."
2601990-42;Minoria;Sim;PLEN;"Aprovado o Substitutivo ao Projeto de Lei Complementar nº 21, de 2026, adotado pelo relator da Comissão de Finanças e Tributação. Sim: 421; Não: 3; Abstenção: 1; Total: 425."
2601990-42;Oposição;Sim;PLEN;"Aprovado o Substitutivo ao Projeto de Lei Complementar nº 21, de 2026, adotado pelo relator da Comissão de Finanças e Tributação. Sim: 421; Não: 3; Abstenção: 1; Total: 425."
2601990-42;Bl UniPpPsd...;Sim;PLEN;"Aprovado o Substitutivo ao Projeto de Lei Complementar nº 21, de 2026, adotado pelo relator da Comissão de Finanças e Tributação. Sim: 421; Não: 3; Abstenção: 1; Total: 425."
2467936-42;Maioria;Sim;CCJC;"Rejeitado o Requerimento de Retirada de Pauta. Resultado: 21 votos ""Sim"", 33 votos ""Não"", 1 Abstenção. Quórum de votação: 55 votos."
2467936-42;Governo;Sim;CCJC;"Rejeitado o Requerimento de Retirada de Pauta. Resultado: 21 votos ""Sim"", 33 votos ""Não"", 1 Abstenção. Quórum de votação: 55 votos."
2467936-42;Minoria;Não;CCJC;"Rejeitado o Requerimento de Retirada de Pauta. Resultado: 21 votos ""Sim"", 33 votos ""Não"", 1 Abstenção. Quórum de votação: 55 votos."
2467936-42;Fdr PT-PCdoB-PV;Sim;CCJC;"Rejeitado o Requerimento de Retirada de Pauta. Resultado: 21 votos ""Sim"", 33 votos ""Não"", 1 Abstenção. Quórum de votação: 55 votos."
2467936-42;PL;Não;CCJC;"Rejeitado o Requerimento de Retirada de Pauta. Resultado: 21 votos ""Sim"", 33 votos ""Não"", 1 Abstenção. Quórum de votação: 55 votos."
2467936-42;Oposição;Não;CCJC;"Rejeitado o Requerimento de Retirada de Pauta. Resultado: 21 votos ""Sim"", 33 votos ""Não"", 1 Abstenção. Quórum de votação: 55 votos."
2467936-42;PP;Não;CCJC;"Rejeitado o Requerimento de Retirada de Pauta. Resultado: 21 votos ""Sim"", 33 votos ""Não"", 1 Abstenção. Quórum de votação: 55 votos."
2191208-67;Maioria;Sim;PLEN;"Aprovada a Subemenda Substitutiva Global ao Projeto de Lei nº 488, de 2019, adotada pelo relator da Comissão de Constituição e Justiça e de Cidadania, ressalvado o destaque. Sim: 436; Não: 3; Total: 439."
2191208-67;Minoria;Sim;PLEN;"Aprovada a Subemenda Substitutiva Global ao Projeto de Lei nº 488, de 2019, adotada pelo relator da Comissão de Constituição e Justiça e de Cidadania, ressalvado o destaque. Sim: 436; Não: 3; Total: 439."
2191208-67;PDT;;PLEN;"Aprovada a Subemenda Substitutiva Global ao Projeto de Lei nº 488, de 2019, adotada pelo relator da Comissão de Constituição e Justiça e de Cidadania, ressalvado o destaque. Sim: 436; Não: 3; Total: 439."
2191208-67;Missão;Sim;PLEN;"Aprovada a Subemenda Substitutiva Global ao Projeto de Lei nº 488, de 2019, adotada pelo relator da Comissão de Constituição e Justiça e de Cidadania, ressalvado o destaque. Sim: 436; Não: 3; Total: 439."
2191208-67;Bl AvanSolidPrd...;;PLEN;"Aprovada a Subemenda Substitutiva Global ao Projeto de Lei nº 488, de 2019, adotada pelo relator da Comissão de Constituição e Justiça e de Cidadania, ressalvado o destaque. Sim: 436; Não: 3; Total: 439."
2191208-67;Novo;Sim;PLEN;"Aprovada a Subemenda Substitutiva Global ao Projeto de Lei nº 488, de 2019, adotada pelo relator da Comissão de Constituição e Justiça e de Cidadania, ressalvado o destaque. Sim: 436; Não: 3; Total: 439."
2191208-67;Fdr PSOL-REDE;Sim;PLEN;"Aprovada a Subemenda Substitutiva Global ao Projeto de Lei nº 488, de 2019, adotada pelo relator da Comissão de Constituição e Justiça e de Cidadania, ressalvado o destaque. Sim: 436; Não: 3; Total: 439."
2191208-67;PSB;Sim;PLEN;"Aprovada a Subemenda Substitutiva Global ao Projeto de Lei nº 488, de 2019, adotada pelo relator da Comissão de Constituição e Justiça e de Cidadania, ressalvado o destaque. Sim: 436; Não: 3; Total: 439."
2191208-67;Fdr PT-PCdoB-PV;Sim;PLEN;"Aprovada a Subemenda Substitutiva Global ao Projeto de Lei nº 488, de 2019, adotada pelo relator da Comissão de Constituição e Justiça e de Cidadania, ressalvado o destaque. Sim: 436; Não: 3; Total: 439."
2191208-67;Oposição;Sim;PLEN;"Aprovada a Subemenda Substitutiva Global ao Projeto de Lei nº 488, de 2019, adotada pelo relator da Comissão de Constituição e Justiça e de Cidadania, ressalvado o destaque. Sim: 436; Não: 3; Total: 439."
2191208-67;Bl UniPpPsd...;Sim;PLEN;"Aprovada a Subemenda Substitutiva Global ao Projeto de Lei nº 488, de 2019, adotada pelo relator da Comissão de Constituição e Justiça e de Cidadania, ressalvado o destaque. Sim: 436; Não: 3; Total: 439."
2191208-67;PL;Sim;PLEN;"Aprovada a Subemenda Substitutiva Global ao Projeto de Lei nº 488, de 2019, adotada pelo relator da Comissão de Constituição e Justiça e de Cidadania, ressalvado o destaque. Sim: 436; Não: 3; Total: 439."
2191208-67;Governo;Sim;PLEN;"Aprovada a Subemenda Substitutiva Global ao Projeto de Lei nº 488, de 2019, adotada pelo relator da Comissão de Constituição e Justiça e de Cidadania, ressalvado o destaque. Sim: 436; Não: 3; Total: 439."
2447259-99;Novo;Não;PLEN;"Mantido o texto. Sim: 343; Não: 97; Abstenção: 1; Total: 441."
2447259-99;Bl AvanSolidPrd...;;PLEN;"Mantido o texto. Sim: 343; Não: 97; Abstenção: 1; Total: 441."
2447259-99;Fdr PT-PCdoB-PV;Sim;PLEN;"Mantido o texto. Sim: 343; Não: 97; Abstenção: 1; Total: 441."
2447259-99;PDT;;PLEN;"Mantido o texto. Sim: 343; Não: 97; Abstenção: 1; Total: 441."
2447259-99;Bl UniPpPsd...;Sim;PLEN;"Mantido o texto. Sim: 343; Não: 97; Abstenção: 1; Total: 441."
2447259-99;Governo;Sim;PLEN;"Mantido o texto. Sim: 343; Não: 97; Abstenção: 1; Total: 441."
2447259-99;Missão;Não;PLEN;"Mantido o texto. Sim: 343; Não: 97; Abstenção: 1; Total: 441."
2447259-99;PL;Liberado;PLEN;"Mantido o texto. Sim: 343; Não: 97; Abstenção: 1; Total: 441."
2447259-99;Minoria;Não;PLEN;"Mantido o texto. Sim: 343; Não: 97; Abstenção: 1; Total: 441."
2447259-99;Oposição;Não;PLEN;"Mantido o texto. Sim: 343; Não: 97; Abstenção: 1; Total: 441."
2447259-99;Maioria;Sim;PLEN;"Mantido o texto. Sim: 343; Não: 97; Abstenção: 1; Total: 441."
2447259-99;Fdr PSOL-REDE;Sim;PLEN;"Mantido o texto. Sim: 343; Não: 97; Abstenção: 1; Total: 441."
2447259-99;PSB;Sim;PLEN;"Mantido o texto. Sim: 343; Não: 97; Abstenção: 1; Total: 441."
2427146-54;Fdr PT-PCdoB-PV;Não;CCJC;"Rejeitado o Requerimento de Retirada de Pauta. Resultado: 20 votos ""Sim"", 26 votos ""Não"". Quórum de votação: 46 votos."
2427146-54;Oposição;Sim;CCJC;"Rejeitado o Requerimento de Retirada de Pauta. Resultado: 20 votos ""Sim"", 26 votos ""Não"". Quórum de votação: 46 votos."
2427146-54;Governo;Não;CCJC;"Rejeitado o Requerimento de Retirada de Pauta. Resultado: 20 votos ""Sim"", 26 votos ""Não"". Quórum de votação: 46 votos."
2427146-54;Minoria;Sim;CCJC;"Rejeitado o Requerimento de Retirada de Pauta. Resultado: 20 votos ""Sim"", 26 votos ""Não"". Quórum de votação: 46 votos."
2427146-54;Maioria;Não;CCJC;"Rejeitado o Requerimento de Retirada de Pauta. Resultado: 20 votos ""Sim"", 26 votos ""Não"". Quórum de votação: 46 votos."
2427146-54;PL;Sim;CCJC;"Rejeitado o Requerimento de Retirada de Pauta. Resultado: 20 votos ""Sim"", 26 votos ""Não"". Quórum de votação: 46 votos."
2427146-54;PP;Sim;CCJC;"Rejeitado o Requerimento de Retirada de Pauta. Resultado: 20 votos ""Sim"", 26 votos ""Não"". Quórum de votação: 46 votos."
2467936-31;Minoria;Não;CCJC;"Rejeitado o Requerimento de Retirada de Pauta. Resultado: 18 votos ""Sim"", 28 votos ""Não"". Quórum de votação: 46 votos."
2467936-31;Fdr PT-PCdoB-PV;Sim;CCJC;"Rejeitado o Requerimento de Retirada de Pauta. Resultado: 18 votos ""Sim"", 28 votos ""Não"". Quórum de votação: 46 votos."
2467936-31;Maioria;Sim;CCJC;"Rejeitado o Requerimento de Retirada de Pauta. Resultado: 18 votos ""Sim"", 28 votos ""Não"". Quórum de votação: 46 votos."
2467936-31;PP;Não;CCJC;"Rejeitado o Requerimento de Retirada de Pauta. Resultado: 18 votos ""Sim"", 28 votos ""Não"". Quórum de votação: 46 votos."
2467936-31;Governo;Sim;CCJC;"Rejeitado o Requerimento de Retirada de Pauta. Resultado: 18 votos ""Sim"", 28 votos ""Não"". Quórum de votação: 46 votos."
2467936-31;PL;Não;CCJC;"Rejeitado o Requerimento de Retirada de Pauta. Resultado: 18 votos ""Sim"", 28 votos ""Não"". Quórum de votação: 46 votos."
2467936-31;Oposição;Não;CCJC;"Rejeitado o Requerimento de Retirada de Pauta. Resultado: 18 votos ""Sim"", 28 votos ""Não"". Quórum de votação: 46 votos."
2467936-31;REPUBLICANOS;Não;CCJC;"Rejeitado o Requerimento de Retirada de Pauta. Resultado: 18 votos ""Sim"", 28 votos ""Não"". Quórum de votação: 46 votos."
2617164-10;Maioria;Sim;PLEN;"Rejeitado o Recurso nº 7/2026 (art. 58, § 1º c/c art. 132, § 2º, RICD). Sim: 154; Não: 245; Abstenção: 3; Total: 402."
2617164-10;PDT;;PLEN;"Rejeitado o Recurso nº 7/2026 (art. 58, § 1º c/c art. 132, § 2º, RICD). Sim: 154; Não: 245; Abstenção: 3; Total: 402."
2617164-10;Governo;Sim;PLEN;"Rejeitado o Recurso nº 7/2026 (art. 58, § 1º c/c art. 132, § 2º, RICD). Sim: 154; Não: 245; Abstenção: 3; Total: 402."
2617164-10;Missão;Não;PLEN;"Rejeitado o Recurso nº 7/2026 (art. 58, § 1º c/c art. 132, § 2º, RICD). Sim: 154; Não: 245; Abstenção: 3; Total: 402."
2617164-10;PL;Não;PLEN;"Rejeitado o Recurso nº 7/2026 (art. 58, § 1º c/c art. 132, § 2º, RICD). Sim: 154; Não: 245; Abstenção: 3; Total: 402."
2617164-10;Bl UniPpPsd...;Não;PLEN;"Rejeitado o Recurso nº 7/2026 (art. 58, § 1º c/c art. 132, § 2º, RICD). Sim: 154; Não: 245; Abstenção: 3; Total: 402."
2617164-10;Bl AvanSolidPrd...;;PLEN;"Rejeitado o Recurso nº 7/2026 (art. 58, § 1º c/c art. 132, § 2º, RICD). Sim: 154; Não: 245; Abstenção: 3; Total: 402."
2617164-10;Minoria;Não;PLEN;"Rejeitado o Recurso nº 7/2026 (art. 58, § 1º c/c art. 132, § 2º, RICD). Sim: 154; Não: 245; Abstenção: 3; Total: 402."
2617164-10;Novo;Não;PLEN;"Rejeitado o Recurso nº 7/2026 (art. 58, § 1º c/c art. 132, § 2º, RICD). Sim: 154; Não: 245; Abstenção: 3; Total: 402."
2617164-10;PSB;;PLEN;"Rejeitado o Recurso nº 7/2026 (art. 58, § 1º c/c art. 132, § 2º, RICD). Sim: 154; Não: 245; Abstenção: 3; Total: 402."
2617164-10;Oposição;Não;PLEN;"Rejeitado o Recurso nº 7/2026 (art. 58, § 1º c/c art. 132, § 2º, RICD). Sim: 154; Não: 245; Abstenção: 3; Total: 402."
2617164-10;Fdr PT-PCdoB-PV;Sim;PLEN;"Rejeitado o Recurso nº 7/2026 (art. 58, § 1º c/c art. 132, § 2º, RICD). Sim: 154; Não: 245; Abstenção: 3; Total: 402."
2617164-10;Fdr PSOL-REDE;Sim;PLEN;"Rejeitado o Recurso nº 7/2026 (art. 58, § 1º c/c art. 132, § 2º, RICD). Sim: 154; Não: 245; Abstenção: 3; Total: 402."
2349519-44;PSD;Não;CVT;"Aprovado o Parecer com o seguinte resultado: 12 votos ""Sim"", 3 votos ""Não"", 1 Abstenção. Quórum de votação: 16 votos, apresentou voto em separado o Deputado Diego Andrade."
2349519-44;PSB;Sim;CVT;"Aprovado o Parecer com o seguinte resultado: 12 votos ""Sim"", 3 votos ""Não"", 1 Abstenção. Quórum de votação: 16 votos, apresentou voto em separado o Deputado Diego Andrade."
2349519-44;REPUBLICANOS;Sim;CVT;"Aprovado o Parecer com o seguinte resultado: 12 votos ""Sim"", 3 votos ""Não"", 1 Abstenção. Quórum de votação: 16 votos, apresentou voto em separado o Deputado Diego Andrade."
2162116-181;PL;Sim;PLEN;"Aprovada a Emenda de Redação nº 4. Sim: 386; Não: 1; Total: 387."
2162116-181;Bl UniPpPsd...;Sim;PLEN;"Aprovada a Emenda de Redação nº 4. Sim: 386; Não: 1; Total: 387."
2162116-181;Governo;Sim;PLEN;"Aprovada a Emenda de Redação nº 4. Sim: 386; Não: 1; Total: 387."
2162116-181;Minoria;Sim;PLEN;"Aprovada a Emenda de Redação nº 4. Sim: 386; Não: 1; Total: 387."
2162116-181;Novo;Sim;PLEN;"Aprovada a Emenda de Redação nº 4. Sim: 386; Não: 1; Total: 387."
2162116-181;PSB;Sim;PLEN;"Aprovada a Emenda de Redação nº 4. Sim: 386; Não: 1; Total: 387."
2162116-181;Fdr PT-PCdoB-PV;Sim;PLEN;"Aprovada a Emenda de Redação nº 4. Sim: 386; Não: 1; Total: 387."
2162116-181;Oposição;Sim;PLEN;"Aprovada a Emenda de Redação nº 4. Sim: 386; Não: 1; Total: 387."
2162116-181;Maioria;Sim;PLEN;"Aprovada a Emenda de Redação nº 4. Sim: 386; Não: 1; Total: 387."
2162116-181;Fdr PSOL-REDE;Sim;PLEN;"Aprovada a Emenda de Redação nº 4. Sim: 386; Não: 1; Total: 387."
2162116-181;PDT;;PLEN;"Aprovada a Emenda de Redação nº 4. Sim: 386; Não: 1; Total: 387."
2162116-181;Bl AvanSolidPrd...;Sim;PLEN;"Aprovada a Emenda de Redação nº 4. Sim: 386; Não: 1; Total: 387."
2162116-181;Missão;;PLEN;"Aprovada a Emenda de Redação nº 4. Sim: 386; Não: 1; Total: 387."
2162116-178;Missão;Não;PLEN;"Aprovada, em segundo turno, a Proposta de Emenda à Constituição n° 383, de 2017. Sim: 444; Não: 12; Total: 456."
2162116-178;Governo;Sim;PLEN;"Aprovada, em segundo turno, a Proposta de Emenda à Constituição n° 383, de 2017. Sim: 444; Não: 12; Total: 456."
2162116-178;PSB;Sim;PLEN;"Aprovada, em segundo turno, a Proposta de Emenda à Constituição n° 383, de 2017. Sim: 444; Não: 12; Total: 456."
2162116-178;Bl AvanSolidPrd...;Sim;PLEN;"Aprovada, em segundo turno, a Proposta de Emenda à Constituição n° 383, de 2017. Sim: 444; Não: 12; Total: 456."
2162116-178;Novo;Não;PLEN;"Aprovada, em segundo turno, a Proposta de Emenda à Constituição n° 383, de 2017. Sim: 444; Não: 12; Total: 456."
2162116-178;Fdr PT-PCdoB-PV;Sim;PLEN;"Aprovada, em segundo turno, a Proposta de Emenda à Constituição n° 383, de 2017. Sim: 444; Não: 12; Total: 456."
2162116-178;Minoria;Liberado;PLEN;"Aprovada, em segundo turno, a Proposta de Emenda à Constituição n° 383, de 2017. Sim: 444; Não: 12; Total: 456."
2162116-178;Fdr PSOL-REDE;Sim;PLEN;"Aprovada, em segundo turno, a Proposta de Emenda à Constituição n° 383, de 2017. Sim: 444; Não: 12; Total: 456."
2162116-178;Maioria;Sim;PLEN;"Aprovada, em segundo turno, a Proposta de Emenda à Constituição n° 383, de 2017. Sim: 444; Não: 12; Total: 456."
2162116-178;PL;Sim;PLEN;"Aprovada, em segundo turno, a Proposta de Emenda à Constituição n° 383, de 2017. Sim: 444; Não: 12; Total: 456."
2162116-178;PDT;Sim;PLEN;"Aprovada, em segundo turno, a Proposta de Emenda à Constituição n° 383, de 2017. Sim: 444; Não: 12; Total: 456."
2162116-178;Oposição;Liberado;PLEN;"Aprovada, em segundo turno, a Proposta de Emenda à Constituição n° 383, de 2017. Sim: 444; Não: 12; Total: 456."
2162116-178;Bl UniPpPsd...;Sim;PLEN;"Aprovada, em segundo turno, a Proposta de Emenda à Constituição n° 383, de 2017. Sim: 444; Não: 12; Total: 456."
2618104-8;Bl AvanSolidPrd...;;PLEN;"Aprovado o Requerimento de Urgência (Art. 155 do RICD). Sim: 330; Não: 104; Total: 434."
2618104-8;Governo;Não;PLEN;"Aprovado o Requerimento de Urgência (Art. 155 do RICD). Sim: 330; Não: 104; Total: 434."
2618104-8;Oposição;;PLEN;"Aprovado o Requerimento de Urgência (Art. 155 do RICD). Sim: 330; Não: 104; Total: 434."
2618104-8;Minoria;Sim;PLEN;"Aprovado o Requerimento de Urgência (Art. 155 do RICD). Sim: 330; Não: 104; Total: 434."
2618104-8;PDT;;PLEN;"Aprovado o Requerimento de Urgência (Art. 155 do RICD). Sim: 330; Não: 104; Total: 434."
2618104-8;Missão;Sim;PLEN;"Aprovado o Requerimento de Urgência (Art. 155 do RICD). Sim: 330; Não: 104; Total: 434."
2618104-8;Bl UniPpPsd...;Sim;PLEN;"Aprovado o Requerimento de Urgência (Art. 155 do RICD). Sim: 330; Não: 104; Total: 434."
2618104-8;Novo;Sim;PLEN;"Aprovado o Requerimento de Urgência (Art. 155 do RICD). Sim: 330; Não: 104; Total: 434."
2618104-8;PL;Sim;PLEN;"Aprovado o Requerimento de Urgência (Art. 155 do RICD). Sim: 330; Não: 104; Total: 434."
2618104-8;Fdr PSOL-REDE;Não;PLEN;"Aprovado o Requerimento de Urgência (Art. 155 do RICD). Sim: 330; Não: 104; Total: 434."
2618104-8;Maioria;Não;PLEN;"Aprovado o Requerimento de Urgência (Art. 155 do RICD). Sim: 330; Não: 104; Total: 434."
2618104-8;Fdr PT-PCdoB-PV;Não;PLEN;"Aprovado o Requerimento de Urgência (Art. 155 do RICD). Sim: 330; Não: 104; Total: 434."
2618104-8;PSB;;PLEN;"Aprovado o Requerimento de Urgência (Art. 155 do RICD). Sim: 330; Não: 104; Total: 434."
2234260-164;Fdr PSOL-REDE;;PLEN;"Mantido o texto. Sim: 252; Não: 161; Total: 413."
2234260-164;Bl UniPpPsd...;Sim;PLEN;"Mantido o texto. Sim: 252; Não: 161; Total: 413."
2234260-164;PSB;;PLEN;"Mantido o texto. Sim: 252; Não: 161; Total: 413."
2234260-164;Bl AvanSolidPrd...;;PLEN;"Mantido o texto. Sim: 252; Não: 161; Total: 413."
2234260-164;Maioria;;PLEN;"Mantido o texto. Sim: 252; Não: 161; Total: 413."
2234260-164;Novo;Não;PLEN;"Mantido o texto. Sim: 252; Não: 161; Total: 413."
2234260-164;Minoria;Não;PLEN;"Mantido o texto. Sim: 252; Não: 161; Total: 413."
2234260-164;Oposição;Não;PLEN;"Mantido o texto. Sim: 252; Não: 161; Total: 413."
2234260-164;PL;Não;PLEN;"Mantido o texto. Sim: 252; Não: 161; Total: 413."
2234260-164;Missão;Não;PLEN;"Mantido o texto. Sim: 252; Não: 161; Total: 413."
2234260-164;Governo;Sim;PLEN;"Mantido o texto. Sim: 252; Não: 161; Total: 413."
2234260-164;Fdr PT-PCdoB-PV;Sim;PLEN;"Mantido o texto. Sim: 252; Não: 161; Total: 413."
2234260-164;PDT;;PLEN;"Mantido o texto. Sim: 252; Não: 161; Total: 413."
2469569-38;Fdr PT-PCdoB-PV;;PLEN;"Aprovado o Substitutivo ao Projeto de Lei nº 4.397, de 2024, adotado pelo relator da Comissão de Constituição e Justiça e de Cidadania. Sim: 300; Não: 36; Abstenção: 1; Total: 337."
2469569-38;Governo;;PLEN;"Aprovado o Substitutivo ao Projeto de Lei nº 4.397, de 2024, adotado pelo relator da Comissão de Constituição e Justiça e de Cidadania. Sim: 300; Não: 36; Abstenção: 1; Total: 337."
2469569-38;PSB;;PLEN;"Aprovado o Substitutivo ao Projeto de Lei nº 4.397, de 2024, adotado pelo relator da Comissão de Constituição e Justiça e de Cidadania. Sim: 300; Não: 36; Abstenção: 1; Total: 337."
2469569-38;Oposição;Liberado;PLEN;"Aprovado o Substitutivo ao Projeto de Lei nº 4.397, de 2024, adotado pelo relator da Comissão de Constituição e Justiça e de Cidadania. Sim: 300; Não: 36; Abstenção: 1; Total: 337."
2469569-38;Missão;Não;PLEN;"Aprovado o Substitutivo ao Projeto de Lei nº 4.397, de 2024, adotado pelo relator da Comissão de Constituição e Justiça e de Cidadania. Sim: 300; Não: 36; Abstenção: 1; Total: 337."
2469569-38;Maioria;;PLEN;"Aprovado o Substitutivo ao Projeto de Lei nº 4.397, de 2024, adotado pelo relator da Comissão de Constituição e Justiça e de Cidadania. Sim: 300; Não: 36; Abstenção: 1; Total: 337."
2469569-38;PDT;;PLEN;"Aprovado o Substitutivo ao Projeto de Lei nº 4.397, de 2024, adotado pelo relator da Comissão de Constituição e Justiça e de Cidadania. Sim: 300; Não: 36; Abstenção: 1; Total: 337."
2469569-38;Fdr PSOL-REDE;;PLEN;"Aprovado o Substitutivo ao Projeto de Lei nº 4.397, de 2024, adotado pelo relator da Comissão de Constituição e Justiça e de Cidadania. Sim: 300; Não: 36; Abstenção: 1; Total: 337."
2469569-38;Bl UniPpPsd...;Sim;PLEN;"Aprovado o Substitutivo ao Projeto de Lei nº 4.397, de 2024, adotado pelo relator da Comissão de Constituição e Justiça e de Cidadania. Sim: 300; Não: 36; Abstenção: 1; Total: 337."
2469569-38;Bl AvanSolidPrd...;;PLEN;"Aprovado o Substitutivo ao Projeto de Lei nº 4.397, de 2024, adotado pelo relator da Comissão de Constituição e Justiça e de Cidadania. Sim: 300; Não: 36; Abstenção: 1; Total: 337."
2469569-38;Novo;Não;PLEN;"Aprovado o Substitutivo ao Projeto de Lei nº 4.397, de 2024, adotado pelo relator da Comissão de Constituição e Justiça e de Cidadania. Sim: 300; Não: 36; Abstenção: 1; Total: 337."
2469569-38;Minoria;;PLEN;"Aprovado o Substitutivo ao Projeto de Lei nº 4.397, de 2024, adotado pelo relator da Comissão de Constituição e Justiça e de Cidadania. Sim: 300; Não: 36; Abstenção: 1; Total: 337."
2469569-38;PL;Sim;PLEN;"Aprovado o Substitutivo ao Projeto de Lei nº 4.397, de 2024, adotado pelo relator da Comissão de Constituição e Justiça e de Cidadania. Sim: 300; Não: 36; Abstenção: 1; Total: 337."
2368697-49;Maioria;;PLEN;"Rejeitado o Requerimento. Sim: 119; Não: 241; Total: 360."
2368697-49;Bl UniPpPsd...;Não;PLEN;"Rejeitado o Requerimento. Sim: 119; Não: 241; Total: 360."
2368697-49;Bl AvanSolidPrd...;;PLEN;"Rejeitado o Requerimento. Sim: 119; Não: 241; Total: 360."
2368697-49;PSB;;PLEN;"Rejeitado o Requerimento. Sim: 119; Não: 241; Total: 360."
2368697-49;Minoria;Sim;PLEN;"Rejeitado o Requerimento. Sim: 119; Não: 241; Total: 360."
2368697-49;Fdr PT-PCdoB-PV;Não;PLEN;"Rejeitado o Requerimento. Sim: 119; Não: 241; Total: 360."
2368697-49;PDT;;PLEN;"Rejeitado o Requerimento. Sim: 119; Não: 241; Total: 360."
2368697-49;Oposição;Sim;PLEN;"Rejeitado o Requerimento. Sim: 119; Não: 241; Total: 360."
2368697-49;PL;Sim;PLEN;"Rejeitado o Requerimento. Sim: 119; Não: 241; Total: 360."
2368697-49;Governo;Não;PLEN;"Rejeitado o Requerimento. Sim: 119; Não: 241; Total: 360."
2368697-49;Missão;Sim;PLEN;"Rejeitado o Requerimento. Sim: 119; Não: 241; Total: 360."
2368697-49;Fdr PSOL-REDE;;PLEN;"Rejeitado o Requerimento. Sim: 119; Não: 241; Total: 360."
2368697-49;Novo;Sim;PLEN;"Rejeitado o Requerimento. Sim: 119; Não: 241; Total: 360."
2368697-43;Oposição;Sim;PLEN;"Rejeitado o Requerimento. Sim: 120; Não: 270; Total: 390."
2368697-43;PL;Sim;PLEN;"Rejeitado o Requerimento. Sim: 120; Não: 270; Total: 390."
2368697-43;Fdr PT-PCdoB-PV;Não;PLEN;"Rejeitado o Requerimento. Sim: 120; Não: 270; Total: 390."
2368697-43;Maioria;Não;PLEN;"Rejeitado o Requerimento. Sim: 120; Não: 270; Total: 390."
2368697-43;Minoria;Sim;PLEN;"Rejeitado o Requerimento. Sim: 120; Não: 270; Total: 390."
2368697-43;PDT;;PLEN;"Rejeitado o Requerimento. Sim: 120; Não: 270; Total: 390."
2368697-43;Governo;Não;PLEN;"Rejeitado o Requerimento. Sim: 120; Não: 270; Total: 390."
2368697-43;Bl AvanSolidPrd...;Não;PLEN;"Rejeitado o Requerimento. Sim: 120; Não: 270; Total: 390."
2368697-43;Missão;Sim;PLEN;"Rejeitado o Requerimento. Sim: 120; Não: 270; Total: 390."
2368697-43;Bl UniPpPsd...;Não;PLEN;"Rejeitado o Requerimento. Sim: 120; Não: 270; Total: 390."
2368697-43;Novo;Sim;PLEN;"Rejeitado o Requerimento. Sim: 120; Não: 270; Total: 390."
2368697-43;Fdr PSOL-REDE;Não;PLEN;"Rejeitado o Requerimento. Sim: 120; Não: 270; Total: 390."
2368697-43;PSB;;PLEN;"Rejeitado o Requerimento. Sim: 120; Não: 270; Total: 390."
2368697-38;Governo;Não;PLEN;"Rejeitado o Requerimento. Sim: 117; Não: 278; Total: 395."
2368697-38;Minoria;Sim;PLEN;"Rejeitado o Requerimento. Sim: 117; Não: 278; Total: 395."
2368697-38;Novo;Sim;PLEN;"Rejeitado o Requerimento. Sim: 117; Não: 278; Total: 395."
2368697-38;PL;Sim;PLEN;"Rejeitado o Requerimento. Sim: 117; Não: 278; Total: 395."
2368697-38;Missão;Sim;PLEN;"Rejeitado o Requerimento. Sim: 117; Não: 278; Total: 395."
2368697-38;Fdr PSOL-REDE;Não;PLEN;"Rejeitado o Requerimento. Sim: 117; Não: 278; Total: 395."
2368697-38;PDT;;PLEN;"Rejeitado o Requerimento. Sim: 117; Não: 278; Total: 395."
2368697-38;PSB;;PLEN;"Rejeitado o Requerimento. Sim: 117; Não: 278; Total: 395."
2368697-38;Maioria;Não;PLEN;"Rejeitado o Requerimento. Sim: 117; Não: 278; Total: 395."
2368697-38;Fdr PT-PCdoB-PV;Não;PLEN;"Rejeitado o Requerimento. Sim: 117; Não: 278; Total: 395."
2368697-38;Bl UniPpPsd...;Não;PLEN;"Rejeitado o Requerimento. Sim: 117; Não: 278; Total: 395."
2368697-38;Bl AvanSolidPrd...;Não;PLEN;"Rejeitado o Requerimento. Sim: 117; Não: 278; Total: 395."
2368697-38;Oposição;Sim;PLEN;"Rejeitado o Requerimento. Sim: 117; Não: 278; Total: 395."
2419128-78;Maioria;Não;PLEN;"Rejeitado o Requerimento. Sim: 127; Não: 268; Total: 395."
2419128-78;Oposição;Sim;PLEN;"Rejeitado o Requerimento. Sim: 127; Não: 268; Total: 395."
2419128-78;Fdr PSOL-REDE;Não;PLEN;"Rejeitado o Requerimento. Sim: 127; Não: 268; Total: 395."
2419128-78;Novo;Sim;PLEN;"Rejeitado o Requerimento. Sim: 127; Não: 268; Total: 395."
2419128-78;Bl UniPpPsd...;Não;PLEN;"Rejeitado o Requerimento. Sim: 127; Não: 268; Total: 395."
2419128-78;Minoria;Sim;PLEN;"Rejeitado o Requerimento. Sim: 127; Não: 268; Total: 395."
2419128-78;Missão;Sim;PLEN;"Rejeitado o Requerimento. Sim: 127; Não: 268; Total: 395."
2419128-78;PSB;;PLEN;"Rejeitado o Requerimento. Sim: 127; Não: 268; Total: 395."
2419128-78;Bl AvanSolidPrd...;;PLEN;"Rejeitado o Requerimento. Sim: 127; Não: 268; Total: 395."
2419128-78;Governo;Não;PLEN;"Rejeitado o Requerimento. Sim: 127; Não: 268; Total: 395."
2419128-78;PL;Sim;PLEN;"Rejeitado o Requerimento. Sim: 127; Não: 268; Total: 395."
2419128-78;PDT;;PLEN;"Rejeitado o Requerimento. Sim: 127; Não: 268; Total: 395."
2419128-78;Fdr PT-PCdoB-PV;Não;PLEN;"Rejeitado o Requerimento. Sim: 127; Não: 268; Total: 395."
2608575-64;Novo;Liberado;PLEN;"Aprovado o Projeto de Lei Complementar nº 55, de 2026. Sim: 342; Não: 39; Total: 381."
2608575-64;Maioria;;PLEN;"Aprovado o Projeto de Lei Complementar nº 55, de 2026. Sim: 342; Não: 39; Total: 381."
2608575-64;Bl AvanSolidPrd...;Sim;PLEN;"Aprovado o Projeto de Lei Complementar nº 55, de 2026. Sim: 342; Não: 39; Total: 381."
2608575-64;Minoria;;PLEN;"Aprovado o Projeto de Lei Complementar nº 55, de 2026. Sim: 342; Não: 39; Total: 381."
2608575-64;Missão;Não;PLEN;"Aprovado o Projeto de Lei Complementar nº 55, de 2026. Sim: 342; Não: 39; Total: 381."
2608575-64;PDT;;PLEN;"Aprovado o Projeto de Lei Complementar nº 55, de 2026. Sim: 342; Não: 39; Total: 381."
2608575-64;Oposição;;PLEN;"Aprovado o Projeto de Lei Complementar nº 55, de 2026. Sim: 342; Não: 39; Total: 381."
2608575-64;Bl UniPpPsd...;Sim;PLEN;"Aprovado o Projeto de Lei Complementar nº 55, de 2026. Sim: 342; Não: 39; Total: 381."
2608575-64;Governo;Sim;PLEN;"Aprovado o Projeto de Lei Complementar nº 55, de 2026. Sim: 342; Não: 39; Total: 381."
2608575-64;Fdr PT-PCdoB-PV;Sim;PLEN;"Aprovado o Projeto de Lei Complementar nº 55, de 2026. Sim: 342; Não: 39; Total: 381."
2608575-64;PL;;PLEN;"Aprovado o Projeto de Lei Complementar nº 55, de 2026. Sim: 342; Não: 39; Total: 381."
2608575-64;PSB;;PLEN;"Aprovado o Projeto de Lei Complementar nº 55, de 2026. Sim: 342; Não: 39; Total: 381."
2608575-64;Fdr PSOL-REDE;Sim;PLEN;"Aprovado o Projeto de Lei Complementar nº 55, de 2026. Sim: 342; Não: 39; Total: 381."
2600708-7;Maioria;Sim;PLEN;"Aprovado o Requerimento de Urgência (Art. 155 do RICD). Sim: 305; Não: 22; Total: 327."
2600708-7;Oposição;Liberado;PLEN;"Aprovado o Requerimento de Urgência (Art. 155 do RICD). Sim: 305; Não: 22; Total: 327."
2600708-7;PSB;;PLEN;"Aprovado o Requerimento de Urgência (Art. 155 do RICD). Sim: 305; Não: 22; Total: 327."
2600708-7;Novo;Não;PLEN;"Aprovado o Requerimento de Urgência (Art. 155 do RICD). Sim: 305; Não: 22; Total: 327."
2600708-7;Bl AvanSolidPrd...;Sim;PLEN;"Aprovado o Requerimento de Urgência (Art. 155 do RICD). Sim: 305; Não: 22; Total: 327."
2600708-7;Minoria;Liberado;PLEN;"Aprovado o Requerimento de Urgência (Art. 155 do RICD). Sim: 305; Não: 22; Total: 327."
2600708-7;PDT;;PLEN;"Aprovado o Requerimento de Urgência (Art. 155 do RICD). Sim: 305; Não: 22; Total: 327."
2600708-7;Fdr PT-PCdoB-PV;Sim;PLEN;"Aprovado o Requerimento de Urgência (Art. 155 do RICD). Sim: 305; Não: 22; Total: 327."
2600708-7;Missão;Sim;PLEN;"Aprovado o Requerimento de Urgência (Art. 155 do RICD). Sim: 305; Não: 22; Total: 327."
2600708-7;PL;Sim;PLEN;"Aprovado o Requerimento de Urgência (Art. 155 do RICD). Sim: 305; Não: 22; Total: 327."
2600708-7;Fdr PSOL-REDE;Sim;PLEN;"Aprovado o Requerimento de Urgência (Art. 155 do RICD). Sim: 305; Não: 22; Total: 327."
2600708-7;Governo;Sim;PLEN;"Aprovado o Requerimento de Urgência (Art. 155 do RICD). Sim: 305; Não: 22; Total: 327."
2600708-7;Bl UniPpPsd...;Sim;PLEN;"Aprovado o Requerimento de Urgência (Art. 155 do RICD). Sim: 305; Não: 22; Total: 327."
2578968-7;Bl AvanSolidPrd...;Sim;PLEN;"Aprovado o Requerimento de Urgência (Art. 155 do RICD). Sim: 355; Não: 29; Total: 384."
2578968-7;PSB;;PLEN;"Aprovado o Requerimento de Urgência (Art. 155 do RICD). Sim: 355; Não: 29; Total: 384."
2578968-7;PL;Sim;PLEN;"Aprovado o Requerimento de Urgência (Art. 155 do RICD). Sim: 355; Não: 29; Total: 384."
2578968-7;PDT;;PLEN;"Aprovado o Requerimento de Urgência (Art. 155 do RICD). Sim: 355; Não: 29; Total: 384."
2578968-7;Novo;Não;PLEN;"Aprovado o Requerimento de Urgência (Art. 155 do RICD). Sim: 355; Não: 29; Total: 384."
2578968-7;Minoria;Liberado;PLEN;"Aprovado o Requerimento de Urgência (Art. 155 do RICD). Sim: 355; Não: 29; Total: 384."
2578968-7;Oposição;Liberado;PLEN;"Aprovado o Requerimento de Urgência (Art. 155 do RICD). Sim: 355; Não: 29; Total: 384."
2578968-7;Missão;Não;PLEN;"Aprovado o Requerimento de Urgência (Art. 155 do RICD). Sim: 355; Não: 29; Total: 384."
2578968-7;Fdr PSOL-REDE;Sim;PLEN;"Aprovado o Requerimento de Urgência (Art. 155 do RICD). Sim: 355; Não: 29; Total: 384."
2578968-7;Governo;Sim;PLEN;"Aprovado o Requerimento de Urgência (Art. 155 do RICD). Sim: 355; Não: 29; Total: 384."
2578968-7;Fdr PT-PCdoB-PV;Sim;PLEN;"Aprovado o Requerimento de Urgência (Art. 155 do RICD). Sim: 355; Não: 29; Total: 384."
2578968-7;Maioria;Sim;PLEN;"Aprovado o Requerimento de Urgência (Art. 155 do RICD). Sim: 355; Não: 29; Total: 384."
2578968-7;Bl UniPpPsd...;Sim;PLEN;"Aprovado o Requerimento de Urgência (Art. 155 do RICD). Sim: 355; Não: 29; Total: 384."
2162116-169;Fdr PT-PCdoB-PV;Sim;PLEN;"Aprovada, em primeiro turno, a Proposta de Emenda à Constituição nº 383, de 2017, na forma da Emenda Aglutinativa nº 2. Sim: 464; Não: 16; Total: 480."
2162116-169;Bl AvanSolidPrd...;Sim;PLEN;"Aprovada, em primeiro turno, a Proposta de Emenda à Constituição nº 383, de 2017, na forma da Emenda Aglutinativa nº 2. Sim: 464; Não: 16; Total: 480."
2162116-169;PSB;Sim;PLEN;"Aprovada, em primeiro turno, a Proposta de Emenda à Constituição nº 383, de 2017, na forma da Emenda Aglutinativa nº 2. Sim: 464; Não: 16; Total: 480."
2162116-169;Missão;Não;PLEN;"Aprovada, em primeiro turno, a Proposta de Emenda à Constituição nº 383, de 2017, na forma da Emenda Aglutinativa nº 2. Sim: 464; Não: 16; Total: 480."
2162116-169;PDT;Sim;PLEN;"Aprovada, em primeiro turno, a Proposta de Emenda à Constituição nº 383, de 2017, na forma da Emenda Aglutinativa nº 2. Sim: 464; Não: 16; Total: 480."
2162116-169;Novo;Não;PLEN;"Aprovada, em primeiro turno, a Proposta de Emenda à Constituição nº 383, de 2017, na forma da Emenda Aglutinativa nº 2. Sim: 464; Não: 16; Total: 480."
2162116-169;Bl UniPpPsd...;Sim;PLEN;"Aprovada, em primeiro turno, a Proposta de Emenda à Constituição nº 383, de 2017, na forma da Emenda Aglutinativa nº 2. Sim: 464; Não: 16; Total: 480."
2162116-169;Governo;Sim;PLEN;"Aprovada, em primeiro turno, a Proposta de Emenda à Constituição nº 383, de 2017, na forma da Emenda Aglutinativa nº 2. Sim: 464; Não: 16; Total: 480."
2162116-169;Maioria;Sim;PLEN;"Aprovada, em primeiro turno, a Proposta de Emenda à Constituição nº 383, de 2017, na forma da Emenda Aglutinativa nº 2. Sim: 464; Não: 16; Total: 480."
2162116-169;Fdr PSOL-REDE;Sim;PLEN;"Aprovada, em primeiro turno, a Proposta de Emenda à Constituição nº 383, de 2017, na forma da Emenda Aglutinativa nº 2. Sim: 464; Não: 16; Total: 480."
2162116-169;Oposição;Liberado;PLEN;"Aprovada, em primeiro turno, a Proposta de Emenda à Constituição nº 383, de 2017, na forma da Emenda Aglutinativa nº 2. Sim: 464; Não: 16; Total: 480."
2162116-169;Minoria;Liberado;PLEN;"Aprovada, em primeiro turno, a Proposta de Emenda à Constituição nº 383, de 2017, na forma da Emenda Aglutinativa nº 2. Sim: 464; Não: 16; Total: 480."
2162116-169;PL;Sim;PLEN;"Aprovada, em primeiro turno, a Proposta de Emenda à Constituição nº 383, de 2017, na forma da Emenda Aglutinativa nº 2. Sim: 464; Não: 16; Total: 480."
2162116-161;Oposição;Liberado;PLEN;"Rejeitado o Requerimento. Sim: 36; Não: 409; Total: 445."
2162116-161;Fdr PT-PCdoB-PV;Não;PLEN;"Rejeitado o Requerimento. Sim: 36; Não: 409; Total: 445."
2162116-161;Bl UniPpPsd...;Não;PLEN;"Rejeitado o Requerimento. Sim: 36; Não: 409; Total: 445."
2162116-161;Bl AvanSolidPrd...;;PLEN;"Rejeitado o Requerimento. Sim: 36; Não: 409; Total: 445."
2162116-161;PL;Não;PLEN;"Rejeitado o Requerimento. Sim: 36; Não: 409; Total: 445."
2162116-161;Governo;;PLEN;"Rejeitado o Requerimento. Sim: 36; Não: 409; Total: 445."
2162116-161;Fdr PSOL-REDE;Não;PLEN;"Rejeitado o Requerimento. Sim: 36; Não: 409; Total: 445."
2162116-161;Missão;Sim;PLEN;"Rejeitado o Requerimento. Sim: 36; Não: 409; Total: 445."
2162116-161;Minoria;Liberado;PLEN;"Rejeitado o Requerimento. Sim: 36; Não: 409; Total: 445."
2162116-161;PDT;Não;PLEN;"Rejeitado o Requerimento. Sim: 36; Não: 409; Total: 445."
2162116-161;Maioria;Não;PLEN;"Rejeitado o Requerimento. Sim: 36; Não: 409; Total: 445."
2162116-161;PSB;Não;PLEN;"Rejeitado o Requerimento. Sim: 36; Não: 409; Total: 445."
2162116-161;Novo;Sim;PLEN;"Rejeitado o Requerimento. Sim: 36; Não: 409; Total: 445."
2348972-48;Minoria;Sim;CCJC;"Aprovado o Parecer com o seguinte resultado: 28 votos ""Sim"", 23 votos ""Não"". Quórum de votação: 51 votos."
2348972-48;PDT;Liberado;CCJC;"Aprovado o Parecer com o seguinte resultado: 28 votos ""Sim"", 23 votos ""Não"". Quórum de votação: 51 votos."
2348972-48;Maioria;Não;CCJC;"Aprovado o Parecer com o seguinte resultado: 28 votos ""Sim"", 23 votos ""Não"". Quórum de votação: 51 votos."
2348972-48;Oposição;Sim;CCJC;"Aprovado o Parecer com o seguinte resultado: 28 votos ""Sim"", 23 votos ""Não"". Quórum de votação: 51 votos."
2348972-48;Fdr PT-PCdoB-PV;Não;CCJC;"Aprovado o Parecer com o seguinte resultado: 28 votos ""Sim"", 23 votos ""Não"". Quórum de votação: 51 votos."
2348972-48;PL;Sim;CCJC;"Aprovado o Parecer com o seguinte resultado: 28 votos ""Sim"", 23 votos ""Não"". Quórum de votação: 51 votos."
2348972-48;Governo;Não;CCJC;"Aprovado o Parecer com o seguinte resultado: 28 votos ""Sim"", 23 votos ""Não"". Quórum de votação: 51 votos."
2348972-48;Fdr PSOL-REDE;Não;CCJC;"Aprovado o Parecer com o seguinte resultado: 28 votos ""Sim"", 23 votos ""Não"". Quórum de votação: 51 votos."
2348972-43;PDT;Liberado;CCJC;"Rejeitado o Requerimento de Retirada de Pauta. Resultado: 20 votos ""Sim"", 22 votos ""Não"". Quórum de votação: 42 votos."
2348972-43;PL;Sim;CCJC;"Rejeitado o Requerimento de Retirada de Pauta. Resultado: 20 votos ""Sim"", 22 votos ""Não"". Quórum de votação: 42 votos."
2348972-43;Minoria;Sim;CCJC;"Rejeitado o Requerimento de Retirada de Pauta. Resultado: 20 votos ""Sim"", 22 votos ""Não"". Quórum de votação: 42 votos."
2348972-43;Fdr PT-PCdoB-PV;Não;CCJC;"Rejeitado o Requerimento de Retirada de Pauta. Resultado: 20 votos ""Sim"", 22 votos ""Não"". Quórum de votação: 42 votos."
2348972-43;Governo;Não;CCJC;"Rejeitado o Requerimento de Retirada de Pauta. Resultado: 20 votos ""Sim"", 22 votos ""Não"". Quórum de votação: 42 votos."
2348972-43;Maioria;Não;CCJC;"Rejeitado o Requerimento de Retirada de Pauta. Resultado: 20 votos ""Sim"", 22 votos ""Não"". Quórum de votação: 42 votos."
2348972-43;Oposição;Sim;CCJC;"Rejeitado o Requerimento de Retirada de Pauta. Resultado: 20 votos ""Sim"", 22 votos ""Não"". Quórum de votação: 42 votos."
2348972-43;Fdr PSOL-REDE;Não;CCJC;"Rejeitado o Requerimento de Retirada de Pauta. Resultado: 20 votos ""Sim"", 22 votos ""Não"". Quórum de votação: 42 votos."
2503998-75;Bl UniPpPsd...;Sim;PLEN;"Aprovado o Substitutivo ao Projeto de Lei Complementar nº 109, de 2025, adotado pelo relator da Comissão de Constituição e Justiça e de Cidadania. Sim: 381; Não: 2; Total: 383."
2503998-75;PL;Sim;PLEN;"Aprovado o Substitutivo ao Projeto de Lei Complementar nº 109, de 2025, adotado pelo relator da Comissão de Constituição e Justiça e de Cidadania. Sim: 381; Não: 2; Total: 383."
2503998-75;Minoria;Sim;PLEN;"Aprovado o Substitutivo ao Projeto de Lei Complementar nº 109, de 2025, adotado pelo relator da Comissão de Constituição e Justiça e de Cidadania. Sim: 381; Não: 2; Total: 383."
2503998-75;Fdr PT-PCdoB-PV;Sim;PLEN;"Aprovado o Substitutivo ao Projeto de Lei Complementar nº 109, de 2025, adotado pelo relator da Comissão de Constituição e Justiça e de Cidadania. Sim: 381; Não: 2; Total: 383."
2503998-75;Bl AvanSolidPrd...;Sim;PLEN;"Aprovado o Substitutivo ao Projeto de Lei Complementar nº 109, de 2025, adotado pelo relator da Comissão de Constituição e Justiça e de Cidadania. Sim: 381; Não: 2; Total: 383."
2503998-75;PDT;Sim;PLEN;"Aprovado o Substitutivo ao Projeto de Lei Complementar nº 109, de 2025, adotado pelo relator da Comissão de Constituição e Justiça e de Cidadania. Sim: 381; Não: 2; Total: 383."
2503998-75;Maioria;Sim;PLEN;"Aprovado o Substitutivo ao Projeto de Lei Complementar nº 109, de 2025, adotado pelo relator da Comissão de Constituição e Justiça e de Cidadania. Sim: 381; Não: 2; Total: 383."
2503998-75;Fdr PSOL-REDE;Sim;PLEN;"Aprovado o Substitutivo ao Projeto de Lei Complementar nº 109, de 2025, adotado pelo relator da Comissão de Constituição e Justiça e de Cidadania. Sim: 381; Não: 2; Total: 383."
2503998-75;PSB;;PLEN;"Aprovado o Substitutivo ao Projeto de Lei Complementar nº 109, de 2025, adotado pelo relator da Comissão de Constituição e Justiça e de Cidadania. Sim: 381; Não: 2; Total: 383."
2503998-75;Governo;Sim;PLEN;"Aprovado o Substitutivo ao Projeto de Lei Complementar nº 109, de 2025, adotado pelo relator da Comissão de Constituição e Justiça e de Cidadania. Sim: 381; Não: 2; Total: 383."
2503998-75;Oposição;Sim;PLEN;"Aprovado o Substitutivo ao Projeto de Lei Complementar nº 109, de 2025, adotado pelo relator da Comissão de Constituição e Justiça e de Cidadania. Sim: 381; Não: 2; Total: 383."
2503998-75;Novo;;PLEN;"Aprovado o Substitutivo ao Projeto de Lei Complementar nº 109, de 2025, adotado pelo relator da Comissão de Constituição e Justiça e de Cidadania. Sim: 381; Não: 2; Total: 383."
2503998-75;Missão;Sim;PLEN;"Aprovado o Substitutivo ao Projeto de Lei Complementar nº 109, de 2025, adotado pelo relator da Comissão de Constituição e Justiça e de Cidadania. Sim: 381; Não: 2; Total: 383."
2503998-70;Bl AvanSolidPrd...;Não;PLEN;"Rejeitado o Requerimento. Sim: 60; Não: 306; Total: 366."
2503998-70;PDT;;PLEN;"Rejeitado o Requerimento. Sim: 60; Não: 306; Total: 366."
2503998-70;Missão;Não;PLEN;"Rejeitado o Requerimento. Sim: 60; Não: 306; Total: 366."
2503998-70;Fdr PSOL-REDE;Não;PLEN;"Rejeitado o Requerimento. Sim: 60; Não: 306; Total: 366."
2503998-70;Oposição;Liberado;PLEN;"Rejeitado o Requerimento. Sim: 60; Não: 306; Total: 366."
2503998-70;Minoria;Liberado;PLEN;"Rejeitado o Requerimento. Sim: 60; Não: 306; Total: 366."
2503998-70;Governo;Não;PLEN;"Rejeitado o Requerimento. Sim: 60; Não: 306; Total: 366."
2503998-70;Bl UniPpPsd...;Não;PLEN;"Rejeitado o Requerimento. Sim: 60; Não: 306; Total: 366."
2503998-70;Fdr PT-PCdoB-PV;Não;PLEN;"Rejeitado o Requerimento. Sim: 60; Não: 306; Total: 366."
2503998-70;Maioria;Não;PLEN;"Rejeitado o Requerimento. Sim: 60; Não: 306; Total: 366."
2503998-70;PSB;;PLEN;"Rejeitado o Requerimento. Sim: 60; Não: 306; Total: 366."
2503998-70;Novo;Não;PLEN;"Rejeitado o Requerimento. Sim: 60; Não: 306; Total: 366."
2503998-70;PL;Não;PLEN;"Rejeitado o Requerimento. Sim: 60; Não: 306; Total: 366."
2581700-31;Novo;Não;PLEN;"Mantido o texto. Sim: 268; Não: 99; Total: 367."
2581700-31;Fdr PSOL-REDE;Sim;PLEN;"Mantido o texto. Sim: 268; Não: 99; Total: 367."
2581700-31;Maioria;Sim;PLEN;"Mantido o texto. Sim: 268; Não: 99; Total: 367."
2581700-31;Bl UniPpPsd...;Sim;PLEN;"Mantido o texto. Sim: 268; Não: 99; Total: 367."
2581700-31;PDT;;PLEN;"Mantido o texto. Sim: 268; Não: 99; Total: 367."
2581700-31;Oposição;Não;PLEN;"Mantido o texto. Sim: 268; Não: 99; Total: 367."
2581700-31;Fdr PT-PCdoB-PV;Sim;PLEN;"Mantido o texto. Sim: 268; Não: 99; Total: 367."
2581700-31;Minoria;Não;PLEN;"Mantido o texto. Sim: 268; Não: 99; Total: 367."
2581700-31;Governo;Sim;PLEN;"Mantido o texto. Sim: 268; Não: 99; Total: 367."
2581700-31;PSB;;PLEN;"Mantido o texto. Sim: 268; Não: 99; Total: 367."
2581700-31;PL;Não;PLEN;"Mantido o texto. Sim: 268; Não: 99; Total: 367."
2581700-31;Missão;Não;PLEN;"Mantido o texto. Sim: 268; Não: 99; Total: 367."
2581700-31;Bl AvanSolidPrd...;Liberado;PLEN;"Mantido o texto. Sim: 268; Não: 99; Total: 367."
2562289-8;Fdr PSOL-REDE;Sim;PLEN;"Aprovado o Requerimento de Urgência (Art. 155 do RICD). Sim: 272; Não: 18; Total: 290."
2562289-8;Oposição;;PLEN;"Aprovado o Requerimento de Urgência (Art. 155 do RICD). Sim: 272; Não: 18; Total: 290."
2562289-8;Missão;Não;PLEN;"Aprovado o Requerimento de Urgência (Art. 155 do RICD). Sim: 272; Não: 18; Total: 290."
2562289-8;Governo;;PLEN;"Aprovado o Requerimento de Urgência (Art. 155 do RICD). Sim: 272; Não: 18; Total: 290."
2562289-8;Maioria;;PLEN;"Aprovado o Requerimento de Urgência (Art. 155 do RICD). Sim: 272; Não: 18; Total: 290."
2562289-8;PDT;;PLEN;"Aprovado o Requerimento de Urgência (Art. 155 do RICD). Sim: 272; Não: 18; Total: 290."
2562289-8;Bl AvanSolidPrd...;Liberado;PLEN;"Aprovado o Requerimento de Urgência (Art. 155 do RICD). Sim: 272; Não: 18; Total: 290."
2562289-8;Fdr PT-PCdoB-PV;Sim;PLEN;"Aprovado o Requerimento de Urgência (Art. 155 do RICD). Sim: 272; Não: 18; Total: 290."
2562289-8;PSB;;PLEN;"Aprovado o Requerimento de Urgência (Art. 155 do RICD). Sim: 272; Não: 18; Total: 290."
2562289-8;PL;Liberado;PLEN;"Aprovado o Requerimento de Urgência (Art. 155 do RICD). Sim: 272; Não: 18; Total: 290."
2562289-8;Bl UniPpPsd...;Liberado;PLEN;"Aprovado o Requerimento de Urgência (Art. 155 do RICD). Sim: 272; Não: 18; Total: 290."
2562289-8;Minoria;;PLEN;"Aprovado o Requerimento de Urgência (Art. 155 do RICD). Sim: 272; Não: 18; Total: 290."
2562289-8;Novo;Sim;PLEN;"Aprovado o Requerimento de Urgência (Art. 155 do RICD). Sim: 272; Não: 18; Total: 290."
2611717-38;Bl AvanSolidPrd...;Sim;PLEN;"Mantido o texto. Sim: 284; Não: 86; Abstenção: 3; Total: 373."
2611717-38;Fdr PSOL-REDE;;PLEN;"Mantido o texto. Sim: 284; Não: 86; Abstenção: 3; Total: 373."
2611717-38;Bl UniPpPsd...;Sim;PLEN;"Mantido o texto. Sim: 284; Não: 86; Abstenção: 3; Total: 373."
2611717-38;Novo;Não;PLEN;"Mantido o texto. Sim: 284; Não: 86; Abstenção: 3; Total: 373."
2611717-38;PDT;;PLEN;"Mantido o texto. Sim: 284; Não: 86; Abstenção: 3; Total: 373."
2611717-38;Maioria;Sim;PLEN;"Mantido o texto. Sim: 284; Não: 86; Abstenção: 3; Total: 373."
2611717-38;PL;Liberado;PLEN;"Mantido o texto. Sim: 284; Não: 86; Abstenção: 3; Total: 373."
2611717-38;PSB;Sim;PLEN;"Mantido o texto. Sim: 284; Não: 86; Abstenção: 3; Total: 373."
2611717-38;Missão;Não;PLEN;"Mantido o texto. Sim: 284; Não: 86; Abstenção: 3; Total: 373."
2611717-38;Oposição;Liberado;PLEN;"Mantido o texto. Sim: 284; Não: 86; Abstenção: 3; Total: 373."
2611717-38;Governo;Sim;PLEN;"Mantido o texto. Sim: 284; Não: 86; Abstenção: 3; Total: 373."
2611717-38;Fdr PT-PCdoB-PV;Sim;PLEN;"Mantido o texto. Sim: 284; Não: 86; Abstenção: 3; Total: 373."
2611717-38;Minoria;Liberado;PLEN;"Mantido o texto. Sim: 284; Não: 86; Abstenção: 3; Total: 373."
2611717-33;PL;Sim;PLEN;"Aprovado o Projeto de Lei Complementar nº 77, de 2026, ressalvado o destaque. Sim: 391; Não: 33; Abstenção: 2; Total: 426."
2611717-33;Bl AvanSolidPrd...;Sim;PLEN;"Aprovado o Projeto de Lei Complementar nº 77, de 2026, ressalvado o destaque. Sim: 391; Não: 33; Abstenção: 2; Total: 426."
2611717-33;Bl UniPpPsd...;Sim;PLEN;"Aprovado o Projeto de Lei Complementar nº 77, de 2026, ressalvado o destaque. Sim: 391; Não: 33; Abstenção: 2; Total: 426."
2611717-33;Missão;Não;PLEN;"Aprovado o Projeto de Lei Complementar nº 77, de 2026, ressalvado o destaque. Sim: 391; Não: 33; Abstenção: 2; Total: 426."
2611717-33;PSB;Sim;PLEN;"Aprovado o Projeto de Lei Complementar nº 77, de 2026, ressalvado o destaque. Sim: 391; Não: 33; Abstenção: 2; Total: 426."
2611717-33;Minoria;Sim;PLEN;"Aprovado o Projeto de Lei Complementar nº 77, de 2026, ressalvado o destaque. Sim: 391; Não: 33; Abstenção: 2; Total: 426."
2611717-33;Fdr PSOL-REDE;;PLEN;"Aprovado o Projeto de Lei Complementar nº 77, de 2026, ressalvado o destaque. Sim: 391; Não: 33; Abstenção: 2; Total: 426."
2611717-33;Fdr PT-PCdoB-PV;Sim;PLEN;"Aprovado o Projeto de Lei Complementar nº 77, de 2026, ressalvado o destaque. Sim: 391; Não: 33; Abstenção: 2; Total: 426."
2611717-33;Oposição;Sim;PLEN;"Aprovado o Projeto de Lei Complementar nº 77, de 2026, ressalvado o destaque. Sim: 391; Não: 33; Abstenção: 2; Total: 426."
2611717-33;Maioria;;PLEN;"Aprovado o Projeto de Lei Complementar nº 77, de 2026, ressalvado o destaque. Sim: 391; Não: 33; Abstenção: 2; Total: 426."
2611717-33;PDT;;PLEN;"Aprovado o Projeto de Lei Complementar nº 77, de 2026, ressalvado o destaque. Sim: 391; Não: 33; Abstenção: 2; Total: 426."
2611717-33;Novo;Não;PLEN;"Aprovado o Projeto de Lei Complementar nº 77, de 2026, ressalvado o destaque. Sim: 391; Não: 33; Abstenção: 2; Total: 426."
2611717-33;Governo;Sim;PLEN;"Aprovado o Projeto de Lei Complementar nº 77, de 2026, ressalvado o destaque. Sim: 391; Não: 33; Abstenção: 2; Total: 426."
2595984-34;Governo;Sim;PLEN;"Aprovado o Projeto de Lei nº 6.359, de 2025. Sim: 258; Não: 140; Abstenção: 1; Total: 399."
2595984-34;Fdr PSOL-REDE;Sim;PLEN;"Aprovado o Projeto de Lei nº 6.359, de 2025. Sim: 258; Não: 140; Abstenção: 1; Total: 399."
2595984-34;Minoria;Não;PLEN;"Aprovado o Projeto de Lei nº 6.359, de 2025. Sim: 258; Não: 140; Abstenção: 1; Total: 399."
2595984-34;Fdr PT-PCdoB-PV;Sim;PLEN;"Aprovado o Projeto de Lei nº 6.359, de 2025. Sim: 258; Não: 140; Abstenção: 1; Total: 399."
2595984-34;Maioria;Sim;PLEN;"Aprovado o Projeto de Lei nº 6.359, de 2025. Sim: 258; Não: 140; Abstenção: 1; Total: 399."
2595984-34;Oposição;Não;PLEN;"Aprovado o Projeto de Lei nº 6.359, de 2025. Sim: 258; Não: 140; Abstenção: 1; Total: 399."
2595984-34;Bl AvanSolidPrd...;;PLEN;"Aprovado o Projeto de Lei nº 6.359, de 2025. Sim: 258; Não: 140; Abstenção: 1; Total: 399."
2595984-34;Bl UniPpPsd...;;PLEN;"Aprovado o Projeto de Lei nº 6.359, de 2025. Sim: 258; Não: 140; Abstenção: 1; Total: 399."
2595984-34;PSB;;PLEN;"Aprovado o Projeto de Lei nº 6.359, de 2025. Sim: 258; Não: 140; Abstenção: 1; Total: 399."
2595984-34;Missão;Não;PLEN;"Aprovado o Projeto de Lei nº 6.359, de 2025. Sim: 258; Não: 140; Abstenção: 1; Total: 399."
2595984-34;Novo;Não;PLEN;"Aprovado o Projeto de Lei nº 6.359, de 2025. Sim: 258; Não: 140; Abstenção: 1; Total: 399."
2595984-34;PL;Não;PLEN;"Aprovado o Projeto de Lei nº 6.359, de 2025. Sim: 258; Não: 140; Abstenção: 1; Total: 399."
2595984-34;PDT;;PLEN;"Aprovado o Projeto de Lei nº 6.359, de 2025. Sim: 258; Não: 140; Abstenção: 1; Total: 399."
2595984-31;Oposição;Sim;PLEN;"Rejeitado o Requerimento. Sim: 124; Não: 257; Abstenção: 1; Total: 382."
2595984-31;Minoria;Sim;PLEN;"Rejeitado o Requerimento. Sim: 124; Não: 257; Abstenção: 1; Total: 382."
2595984-31;Fdr PSOL-REDE;Não;PLEN;"Rejeitado o Requerimento. Sim: 124; Não: 257; Abstenção: 1; Total: 382."
2595984-31;PDT;;PLEN;"Rejeitado o Requerimento. Sim: 124; Não: 257; Abstenção: 1; Total: 382."
2595984-31;Bl UniPpPsd...;;PLEN;"Rejeitado o Requerimento. Sim: 124; Não: 257; Abstenção: 1; Total: 382."
2595984-31;PL;Sim;PLEN;"Rejeitado o Requerimento. Sim: 124; Não: 257; Abstenção: 1; Total: 382."
2595984-31;Bl AvanSolidPrd...;;PLEN;"Rejeitado o Requerimento. Sim: 124; Não: 257; Abstenção: 1; Total: 382."
2595984-31;Maioria;Não;PLEN;"Rejeitado o Requerimento. Sim: 124; Não: 257; Abstenção: 1; Total: 382."
2595984-31;PSB;;PLEN;"Rejeitado o Requerimento. Sim: 124; Não: 257; Abstenção: 1; Total: 382."
2595984-31;Governo;Não;PLEN;"Rejeitado o Requerimento. Sim: 124; Não: 257; Abstenção: 1; Total: 382."
2595984-31;Missão;Sim;PLEN;"Rejeitado o Requerimento. Sim: 124; Não: 257; Abstenção: 1; Total: 382."
2595984-31;Novo;Sim;PLEN;"Rejeitado o Requerimento. Sim: 124; Não: 257; Abstenção: 1; Total: 382."
2595984-31;Fdr PT-PCdoB-PV;Não;PLEN;"Rejeitado o Requerimento. Sim: 124; Não: 257; Abstenção: 1; Total: 382."
2595984-26;Novo;Sim;PLEN;"Rejeitado o Requerimento. Sim: 126; Não: 262; Total: 388."
2595984-26;Governo;;PLEN;"Rejeitado o Requerimento. Sim: 126; Não: 262; Total: 388."
2595984-26;Maioria;Não;PLEN;"Rejeitado o Requerimento. Sim: 126; Não: 262; Total: 388."
2595984-26;Missão;Sim;PLEN;"Rejeitado o Requerimento. Sim: 126; Não: 262; Total: 388."
2595984-26;Bl AvanSolidPrd...;;PLEN;"Rejeitado o Requerimento. Sim: 126; Não: 262; Total: 388."
2595984-26;PL;Sim;PLEN;"Rejeitado o Requerimento. Sim: 126; Não: 262; Total: 388."
2595984-26;Bl UniPpPsd...;;PLEN;"Rejeitado o Requerimento. Sim: 126; Não: 262; Total: 388."
2595984-26;PDT;;PLEN;"Rejeitado o Requerimento. Sim: 126; Não: 262; Total: 388."
2595984-26;Minoria;Sim;PLEN;"Rejeitado o Requerimento. Sim: 126; Não: 262; Total: 388."
2595984-26;Fdr PT-PCdoB-PV;Não;PLEN;"Rejeitado o Requerimento. Sim: 126; Não: 262; Total: 388."
2595984-26;PSB;;PLEN;"Rejeitado o Requerimento. Sim: 126; Não: 262; Total: 388."
2595984-26;Oposição;Sim;PLEN;"Rejeitado o Requerimento. Sim: 126; Não: 262; Total: 388."
2595984-26;Fdr PSOL-REDE;Não;PLEN;"Rejeitado o Requerimento. Sim: 126; Não: 262; Total: 388."
2595984-22;Bl UniPpPsd...;;PLEN;"Rejeitado o Requerimento. Sim: 137; Não: 257; Total: 394."
2595984-22;PL;Sim;PLEN;"Rejeitado o Requerimento. Sim: 137; Não: 257; Total: 394."
2595984-22;Governo;Não;PLEN;"Rejeitado o Requerimento. Sim: 137; Não: 257; Total: 394."
2595984-22;Minoria;Sim;PLEN;"Rejeitado o Requerimento. Sim: 137; Não: 257; Total: 394."
2595984-22;PDT;;PLEN;"Rejeitado o Requerimento. Sim: 137; Não: 257; Total: 394."
2595984-22;PSB;;PLEN;"Rejeitado o Requerimento. Sim: 137; Não: 257; Total: 394."
2595984-22;Fdr PT-PCdoB-PV;Não;PLEN;"Rejeitado o Requerimento. Sim: 137; Não: 257; Total: 394."
2595984-22;Missão;Sim;PLEN;"Rejeitado o Requerimento. Sim: 137; Não: 257; Total: 394."
2595984-22;Novo;Sim;PLEN;"Rejeitado o Requerimento. Sim: 137; Não: 257; Total: 394."
2595984-22;Maioria;Não;PLEN;"Rejeitado o Requerimento. Sim: 137; Não: 257; Total: 394."
2595984-22;Bl AvanSolidPrd...;;PLEN;"Rejeitado o Requerimento. Sim: 137; Não: 257; Total: 394."
2595984-22;Fdr PSOL-REDE;;PLEN;"Rejeitado o Requerimento. Sim: 137; Não: 257; Total: 394."
2595984-22;Oposição;Sim;PLEN;"Rejeitado o Requerimento. Sim: 137; Não: 257; Total: 394."
2487399-57;Fdr PT-PCdoB-PV;Sim;PLEN;"Mantido o texto. Sim: 295; Não: 120; Abstenção: 1; Total: 416."
2487399-57;Novo;Não;PLEN;"Mantido o texto. Sim: 295; Não: 120; Abstenção: 1; Total: 416."
2487399-57;PDT;;PLEN;"Mantido o texto. Sim: 295; Não: 120; Abstenção: 1; Total: 416."
2487399-57;PL;Não;PLEN;"Mantido o texto. Sim: 295; Não: 120; Abstenção: 1; Total: 416."
2487399-57;PSB;;PLEN;"Mantido o texto. Sim: 295; Não: 120; Abstenção: 1; Total: 416."
2487399-57;Bl AvanSolidPrd...;;PLEN;"Mantido o texto. Sim: 295; Não: 120; Abstenção: 1; Total: 416."
2487399-57;Bl UniPpPsd...;Sim;PLEN;"Mantido o texto. Sim: 295; Não: 120; Abstenção: 1; Total: 416."
2487399-57;Maioria;Sim;PLEN;"Mantido o texto. Sim: 295; Não: 120; Abstenção: 1; Total: 416."
2487399-57;Minoria;Não;PLEN;"Mantido o texto. Sim: 295; Não: 120; Abstenção: 1; Total: 416."
2487399-57;Oposição;Não;PLEN;"Mantido o texto. Sim: 295; Não: 120; Abstenção: 1; Total: 416."
2487399-57;Fdr PSOL-REDE;Sim;PLEN;"Mantido o texto. Sim: 295; Não: 120; Abstenção: 1; Total: 416."
2487399-57;Missão;Não;PLEN;"Mantido o texto. Sim: 295; Não: 120; Abstenção: 1; Total: 416."
2487399-57;Governo;Sim;PLEN;"Mantido o texto. Sim: 295; Não: 120; Abstenção: 1; Total: 416."
2376169-101;Fdr PT-PCdoB-PV;Sim;PLEN;"Mantido o texto. Sim: 278; Não: 114; Abstenção: 2; Total: 394."
2376169-101;Missão;;PLEN;"Mantido o texto. Sim: 278; Não: 114; Abstenção: 2; Total: 394."
2376169-101;PL;;PLEN;"Mantido o texto. Sim: 278; Não: 114; Abstenção: 2; Total: 394."
2376169-101;Fdr PSOL-REDE;Sim;PLEN;"Mantido o texto. Sim: 278; Não: 114; Abstenção: 2; Total: 394."
2376169-101;Minoria;;PLEN;"Mantido o texto. Sim: 278; Não: 114; Abstenção: 2; Total: 394."
2376169-101;Governo;Sim;PLEN;"Mantido o texto. Sim: 278; Não: 114; Abstenção: 2; Total: 394."
2376169-101;Novo;Não;PLEN;"Mantido o texto. Sim: 278; Não: 114; Abstenção: 2; Total: 394."
2376169-101;Maioria;Sim;PLEN;"Mantido o texto. Sim: 278; Não: 114; Abstenção: 2; Total: 394."
2376169-101;Bl UniPpPsd...;Sim;PLEN;"Mantido o texto. Sim: 278; Não: 114; Abstenção: 2; Total: 394."
2376169-101;Bl AvanSolidPrd...;;PLEN;"Mantido o texto. Sim: 278; Não: 114; Abstenção: 2; Total: 394."
2376169-101;Oposição;Liberado;PLEN;"Mantido o texto. Sim: 278; Não: 114; Abstenção: 2; Total: 394."
2376169-101;PDT;;PLEN;"Mantido o texto. Sim: 278; Não: 114; Abstenção: 2; Total: 394."
2376169-101;PSB;Sim;PLEN;"Mantido o texto. Sim: 278; Não: 114; Abstenção: 2; Total: 394."
2462009-79;Bl AvanSolidPrd...;Sim;PLEN;"Mantido o texto. Sim: 232; Não: 151; Abstenção: 1; Total: 384."
2462009-79;Maioria;Sim;PLEN;"Mantido o texto. Sim: 232; Não: 151; Abstenção: 1; Total: 384."
2462009-79;PSB;Sim;PLEN;"Mantido o texto. Sim: 232; Não: 151; Abstenção: 1; Total: 384."
2462009-79;Bl UniPpPsd...;Sim;PLEN;"Mantido o texto. Sim: 232; Não: 151; Abstenção: 1; Total: 384."
2462009-79;PL;Não;PLEN;"Mantido o texto. Sim: 232; Não: 151; Abstenção: 1; Total: 384."
2462009-79;Governo;Sim;PLEN;"Mantido o texto. Sim: 232; Não: 151; Abstenção: 1; Total: 384."
2462009-79;Oposição;Não;PLEN;"Mantido o texto. Sim: 232; Não: 151; Abstenção: 1; Total: 384."
2462009-79;Fdr PT-PCdoB-PV;Sim;PLEN;"Mantido o texto. Sim: 232; Não: 151; Abstenção: 1; Total: 384."
2462009-79;Novo;Não;PLEN;"Mantido o texto. Sim: 232; Não: 151; Abstenção: 1; Total: 384."
2462009-79;Fdr PSOL-REDE;Sim;PLEN;"Mantido o texto. Sim: 232; Não: 151; Abstenção: 1; Total: 384."
2462009-79;Minoria;Não;PLEN;"Mantido o texto. Sim: 232; Não: 151; Abstenção: 1; Total: 384."
2462009-79;PDT;;PLEN;"Mantido o texto. Sim: 232; Não: 151; Abstenção: 1; Total: 384."
2462009-79;Missão;Não;PLEN;"Mantido o texto. Sim: 232; Não: 151; Abstenção: 1; Total: 384."
2610645-5;Oposição;Sim;PLEN;"Rejeitado o Recurso nº 6/2026 contra parecer terminativo da Comissão de Constituição e Justiça e de Cidadania à Emenda de Plenário de nº 3 oferecida ao Projeto de Lei nº 3.880, de 2024 (Art. 132, § 2º C/C Art. 144, Caput, RICD). Sim: 152; Não: 254; Abstenção: 1; Total: 407."
2610645-5;Fdr PSOL-REDE;Não;PLEN;"Rejeitado o Recurso nº 6/2026 contra parecer terminativo da Comissão de Constituição e Justiça e de Cidadania à Emenda de Plenário de nº 3 oferecida ao Projeto de Lei nº 3.880, de 2024 (Art. 132, § 2º C/C Art. 144, Caput, RICD). Sim: 152; Não: 254; Abstenção: 1; Total: 407."
2610645-5;Bl AvanSolidPrd...;Não;PLEN;"Rejeitado o Recurso nº 6/2026 contra parecer terminativo da Comissão de Constituição e Justiça e de Cidadania à Emenda de Plenário de nº 3 oferecida ao Projeto de Lei nº 3.880, de 2024 (Art. 132, § 2º C/C Art. 144, Caput, RICD). Sim: 152; Não: 254; Abstenção: 1; Total: 407."
2610645-5;Missão;Sim;PLEN;"Rejeitado o Recurso nº 6/2026 contra parecer terminativo da Comissão de Constituição e Justiça e de Cidadania à Emenda de Plenário de nº 3 oferecida ao Projeto de Lei nº 3.880, de 2024 (Art. 132, § 2º C/C Art. 144, Caput, RICD). Sim: 152; Não: 254; Abstenção: 1; Total: 407."
2610645-5;Governo;Não;PLEN;"Rejeitado o Recurso nº 6/2026 contra parecer terminativo da Comissão de Constituição e Justiça e de Cidadania à Emenda de Plenário de nº 3 oferecida ao Projeto de Lei nº 3.880, de 2024 (Art. 132, § 2º C/C Art. 144, Caput, RICD). Sim: 152; Não: 254; Abstenção: 1; Total: 407."
2610645-5;Bl UniPpPsd...;Não;PLEN;"Rejeitado o Recurso nº 6/2026 contra parecer terminativo da Comissão de Constituição e Justiça e de Cidadania à Emenda de Plenário de nº 3 oferecida ao Projeto de Lei nº 3.880, de 2024 (Art. 132, § 2º C/C Art. 144, Caput, RICD). Sim: 152; Não: 254; Abstenção: 1; Total: 407."
2610645-5;Maioria;Não;PLEN;"Rejeitado o Recurso nº 6/2026 contra parecer terminativo da Comissão de Constituição e Justiça e de Cidadania à Emenda de Plenário de nº 3 oferecida ao Projeto de Lei nº 3.880, de 2024 (Art. 132, § 2º C/C Art. 144, Caput, RICD). Sim: 152; Não: 254; Abstenção: 1; Total: 407."
2610645-5;PSB;Não;PLEN;"Rejeitado o Recurso nº 6/2026 contra parecer terminativo da Comissão de Constituição e Justiça e de Cidadania à Emenda de Plenário de nº 3 oferecida ao Projeto de Lei nº 3.880, de 2024 (Art. 132, § 2º C/C Art. 144, Caput, RICD). Sim: 152; Não: 254; Abstenção: 1; Total: 407."
2610645-5;Minoria;Sim;PLEN;"Rejeitado o Recurso nº 6/2026 contra parecer terminativo da Comissão de Constituição e Justiça e de Cidadania à Emenda de Plenário de nº 3 oferecida ao Projeto de Lei nº 3.880, de 2024 (Art. 132, § 2º C/C Art. 144, Caput, RICD). Sim: 152; Não: 254; Abstenção: 1; Total: 407."
2610645-5;PL;Sim;PLEN;"Rejeitado o Recurso nº 6/2026 contra parecer terminativo da Comissão de Constituição e Justiça e de Cidadania à Emenda de Plenário de nº 3 oferecida ao Projeto de Lei nº 3.880, de 2024 (Art. 132, § 2º C/C Art. 144, Caput, RICD). Sim: 152; Não: 254; Abstenção: 1; Total: 407."
2610645-5;PDT;;PLEN;"Rejeitado o Recurso nº 6/2026 contra parecer terminativo da Comissão de Constituição e Justiça e de Cidadania à Emenda de Plenário de nº 3 oferecida ao Projeto de Lei nº 3.880, de 2024 (Art. 132, § 2º C/C Art. 144, Caput, RICD). Sim: 152; Não: 254; Abstenção: 1; Total: 407."
2610645-5;Fdr PT-PCdoB-PV;Não;PLEN;"Rejeitado o Recurso nº 6/2026 contra parecer terminativo da Comissão de Constituição e Justiça e de Cidadania à Emenda de Plenário de nº 3 oferecida ao Projeto de Lei nº 3.880, de 2024 (Art. 132, § 2º C/C Art. 144, Caput, RICD). Sim: 152; Não: 254; Abstenção: 1; Total: 407."
2610645-5;Novo;Sim;PLEN;"Rejeitado o Recurso nº 6/2026 contra parecer terminativo da Comissão de Constituição e Justiça e de Cidadania à Emenda de Plenário de nº 3 oferecida ao Projeto de Lei nº 3.880, de 2024 (Art. 132, § 2º C/C Art. 144, Caput, RICD). Sim: 152; Não: 254; Abstenção: 1; Total: 407."
2462009-60;Bl UniPpPsd...;Não;PLEN;"Rejeitado o Requerimento. Sim: 125; Não: 297; Total: 422."
2462009-60;Fdr PT-PCdoB-PV;Não;PLEN;"Rejeitado o Requerimento. Sim: 125; Não: 297; Total: 422."
2462009-60;PL;Sim;PLEN;"Rejeitado o Requerimento. Sim: 125; Não: 297; Total: 422."
2462009-60;Fdr PSOL-REDE;Não;PLEN;"Rejeitado o Requerimento. Sim: 125; Não: 297; Total: 422."
2462009-60;Missão;Sim;PLEN;"Rejeitado o Requerimento. Sim: 125; Não: 297; Total: 422."
2462009-60;Novo;Sim;PLEN;"Rejeitado o Requerimento. Sim: 125; Não: 297; Total: 422."
2462009-60;PDT;;PLEN;"Rejeitado o Requerimento. Sim: 125; Não: 297; Total: 422."
2462009-60;Oposição;Sim;PLEN;"Rejeitado o Requerimento. Sim: 125; Não: 297; Total: 422."
2462009-60;Maioria;Não;PLEN;"Rejeitado o Requerimento. Sim: 125; Não: 297; Total: 422."
2462009-60;Minoria;Sim;PLEN;"Rejeitado o Requerimento. Sim: 125; Não: 297; Total: 422."
2462009-60;Bl AvanSolidPrd...;Não;PLEN;"Rejeitado o Requerimento. Sim: 125; Não: 297; Total: 422."
2462009-60;PSB;Não;PLEN;"Rejeitado o Requerimento. Sim: 125; Não: 297; Total: 422."
2462009-60;Governo;Não;PLEN;"Rejeitado o Requerimento. Sim: 125; Não: 297; Total: 422."
2462009-57;Oposição;Sim;PLEN;"Rejeitado o Requerimento. Sim: 116; Não: 311; Abstenção: 2; Total: 429."
2462009-57;Minoria;Sim;PLEN;"Rejeitado o Requerimento. Sim: 116; Não: 311; Abstenção: 2; Total: 429."
2462009-57;PL;Sim;PLEN;"Rejeitado o Requerimento. Sim: 116; Não: 311; Abstenção: 2; Total: 429."
2462009-57;Bl AvanSolidPrd...;Não;PLEN;"Rejeitado o Requerimento. Sim: 116; Não: 311; Abstenção: 2; Total: 429."
2462009-57;PDT;;PLEN;"Rejeitado o Requerimento. Sim: 116; Não: 311; Abstenção: 2; Total: 429."
2462009-57;Governo;Não;PLEN;"Rejeitado o Requerimento. Sim: 116; Não: 311; Abstenção: 2; Total: 429."
2462009-57;Novo;Sim;PLEN;"Rejeitado o Requerimento. Sim: 116; Não: 311; Abstenção: 2; Total: 429."
2462009-57;Bl UniPpPsd...;Não;PLEN;"Rejeitado o Requerimento. Sim: 116; Não: 311; Abstenção: 2; Total: 429."
2462009-57;PSB;Não;PLEN;"Rejeitado o Requerimento. Sim: 116; Não: 311; Abstenção: 2; Total: 429."
2462009-57;Missão;Sim;PLEN;"Rejeitado o Requerimento. Sim: 116; Não: 311; Abstenção: 2; Total: 429."
2462009-57;Maioria;Não;PLEN;"Rejeitado o Requerimento. Sim: 116; Não: 311; Abstenção: 2; Total: 429."
2462009-57;Fdr PT-PCdoB-PV;Não;PLEN;"Rejeitado o Requerimento. Sim: 116; Não: 311; Abstenção: 2; Total: 429."
2462009-57;Fdr PSOL-REDE;Não;PLEN;"Rejeitado o Requerimento. Sim: 116; Não: 311; Abstenção: 2; Total: 429."
2579791-17;Governo;Sim;PLEN;"Aprovado o Requerimento de Urgência (Art. 155 do RICD). Sim: 276; Não: 186; Total: 462."
2579791-17;Novo;Não;PLEN;"Aprovado o Requerimento de Urgência (Art. 155 do RICD). Sim: 276; Não: 186; Total: 462."
2579791-17;PL;Não;PLEN;"Aprovado o Requerimento de Urgência (Art. 155 do RICD). Sim: 276; Não: 186; Total: 462."
2579791-17;PDT;Sim;PLEN;"Aprovado o Requerimento de Urgência (Art. 155 do RICD). Sim: 276; Não: 186; Total: 462."
2579791-17;Oposição;Não;PLEN;"Aprovado o Requerimento de Urgência (Art. 155 do RICD). Sim: 276; Não: 186; Total: 462."
2579791-17;Maioria;;PLEN;"Aprovado o Requerimento de Urgência (Art. 155 do RICD). Sim: 276; Não: 186; Total: 462."
2579791-17;Fdr PSOL-REDE;Sim;PLEN;"Aprovado o Requerimento de Urgência (Art. 155 do RICD). Sim: 276; Não: 186; Total: 462."
2579791-17;Fdr PT-PCdoB-PV;Sim;PLEN;"Aprovado o Requerimento de Urgência (Art. 155 do RICD). Sim: 276; Não: 186; Total: 462."
2579791-17;Missão;Não;PLEN;"Aprovado o Requerimento de Urgência (Art. 155 do RICD). Sim: 276; Não: 186; Total: 462."
2579791-17;Bl UniPpPsd...;Liberado;PLEN;"Aprovado o Requerimento de Urgência (Art. 155 do RICD). Sim: 276; Não: 186; Total: 462."
2579791-17;Minoria;Não;PLEN;"Aprovado o Requerimento de Urgência (Art. 155 do RICD). Sim: 276; Não: 186; Total: 462."
2579791-17;PSB;Sim;PLEN;"Aprovado o Requerimento de Urgência (Art. 155 do RICD). Sim: 276; Não: 186; Total: 462."
2579791-17;Bl AvanSolidPrd...;Liberado;PLEN;"Aprovado o Requerimento de Urgência (Art. 155 do RICD). Sim: 276; Não: 186; Total: 462."
2169643-64;Oposição;Não;CCJC;"Rejeitado o Requerimento de Retirada de Pauta. Resultado: 16 votos ""Sim"", 24 votos ""Não"". Quórum de votação: 40 votos."
2169643-64;Minoria;Não;CCJC;"Rejeitado o Requerimento de Retirada de Pauta. Resultado: 16 votos ""Sim"", 24 votos ""Não"". Quórum de votação: 40 votos."
2169643-64;PDT;Sim;CCJC;"Rejeitado o Requerimento de Retirada de Pauta. Resultado: 16 votos ""Sim"", 24 votos ""Não"". Quórum de votação: 40 votos."
2169643-64;Fdr PT-PCdoB-PV;Sim;CCJC;"Rejeitado o Requerimento de Retirada de Pauta. Resultado: 16 votos ""Sim"", 24 votos ""Não"". Quórum de votação: 40 votos."
2169643-64;PRD;Não;CCJC;"Rejeitado o Requerimento de Retirada de Pauta. Resultado: 16 votos ""Sim"", 24 votos ""Não"". Quórum de votação: 40 votos."
2169643-64;PSD;Sim;CCJC;"Rejeitado o Requerimento de Retirada de Pauta. Resultado: 16 votos ""Sim"", 24 votos ""Não"". Quórum de votação: 40 votos."
2169643-64;Fdr PSOL-REDE;Sim;CCJC;"Rejeitado o Requerimento de Retirada de Pauta. Resultado: 16 votos ""Sim"", 24 votos ""Não"". Quórum de votação: 40 votos."
2169643-64;PL;Não;CCJC;"Rejeitado o Requerimento de Retirada de Pauta. Resultado: 16 votos ""Sim"", 24 votos ""Não"". Quórum de votação: 40 votos."
2169643-64;Governo;Liberado;CCJC;"Rejeitado o Requerimento de Retirada de Pauta. Resultado: 16 votos ""Sim"", 24 votos ""Não"". Quórum de votação: 40 votos."
2397087-45;SOLIDARIEDADE;Não;CCJC;"Rejeitado o Requerimento de Retirada de Pauta. Resultado: 19 votos ""Sim"", 21 votos ""Não"". Quórum de votação: 40 votos."
2397087-45;Minoria;Sim;CCJC;"Rejeitado o Requerimento de Retirada de Pauta. Resultado: 19 votos ""Sim"", 21 votos ""Não"". Quórum de votação: 40 votos."
2397087-45;Oposição;Sim;CCJC;"Rejeitado o Requerimento de Retirada de Pauta. Resultado: 19 votos ""Sim"", 21 votos ""Não"". Quórum de votação: 40 votos."
2397087-45;PL;Sim;CCJC;"Rejeitado o Requerimento de Retirada de Pauta. Resultado: 19 votos ""Sim"", 21 votos ""Não"". Quórum de votação: 40 votos."
2397087-45;Governo;Não;CCJC;"Rejeitado o Requerimento de Retirada de Pauta. Resultado: 19 votos ""Sim"", 21 votos ""Não"". Quórum de votação: 40 votos."
2397087-45;REPUBLICANOS;Sim;CCJC;"Rejeitado o Requerimento de Retirada de Pauta. Resultado: 19 votos ""Sim"", 21 votos ""Não"". Quórum de votação: 40 votos."
2397087-45;PRD;Não;CCJC;"Rejeitado o Requerimento de Retirada de Pauta. Resultado: 19 votos ""Sim"", 21 votos ""Não"". Quórum de votação: 40 votos."
2397087-45;Fdr PSOL-REDE;Não;CCJC;"Rejeitado o Requerimento de Retirada de Pauta. Resultado: 19 votos ""Sim"", 21 votos ""Não"". Quórum de votação: 40 votos."
2397087-45;Fdr PT-PCdoB-PV;Não;CCJC;"Rejeitado o Requerimento de Retirada de Pauta. Resultado: 19 votos ""Sim"", 21 votos ""Não"". Quórum de votação: 40 votos."
2397087-45;Maioria;Não;CCJC;"Rejeitado o Requerimento de Retirada de Pauta. Resultado: 19 votos ""Sim"", 21 votos ""Não"". Quórum de votação: 40 votos."
2563330-59;Oposição;Sim;PLEN;"Rejeitado o Requerimento. Sim: 97; Não: 258; Abstenção: 3; Total: 358."
2563330-59;Bl UniPpPsd...;Liberado;PLEN;"Rejeitado o Requerimento. Sim: 97; Não: 258; Abstenção: 3; Total: 358."
2563330-59;Minoria;Sim;PLEN;"Rejeitado o Requerimento. Sim: 97; Não: 258; Abstenção: 3; Total: 358."
2563330-59;Bl AvanSolidPrd...;;PLEN;"Rejeitado o Requerimento. Sim: 97; Não: 258; Abstenção: 3; Total: 358."
2563330-59;Governo;Não;PLEN;"Rejeitado o Requerimento. Sim: 97; Não: 258; Abstenção: 3; Total: 358."
2563330-59;PDT;Não;PLEN;"Rejeitado o Requerimento. Sim: 97; Não: 258; Abstenção: 3; Total: 358."
2563330-59;Fdr PSOL-REDE;Não;PLEN;"Rejeitado o Requerimento. Sim: 97; Não: 258; Abstenção: 3; Total: 358."
2563330-59;Fdr PT-PCdoB-PV;Não;PLEN;"Rejeitado o Requerimento. Sim: 97; Não: 258; Abstenção: 3; Total: 358."
2563330-59;Maioria;Não;PLEN;"Rejeitado o Requerimento. Sim: 97; Não: 258; Abstenção: 3; Total: 358."
2563330-59;Missão;Obstrução;PLEN;"Rejeitado o Requerimento. Sim: 97; Não: 258; Abstenção: 3; Total: 358."
2563330-59;PSB;;PLEN;"Rejeitado o Requerimento. Sim: 97; Não: 258; Abstenção: 3; Total: 358."
2563330-59;Novo;Sim;PLEN;"Rejeitado o Requerimento. Sim: 97; Não: 258; Abstenção: 3; Total: 358."
2563330-59;PL;Sim;PLEN;"Rejeitado o Requerimento. Sim: 97; Não: 258; Abstenção: 3; Total: 358."
2503833-43;Fdr PT-PCdoB-PV;Não;PLEN;"Rejeitado o Requerimento. Sim: 44; Não: 318; Total: 362."
2503833-43;Bl AvanSolidPrd...;Não;PLEN;"Rejeitado o Requerimento. Sim: 44; Não: 318; Total: 362."
2503833-43;PDT;Não;PLEN;"Rejeitado o Requerimento. Sim: 44; Não: 318; Total: 362."
2503833-43;Fdr PSOL-REDE;Não;PLEN;"Rejeitado o Requerimento. Sim: 44; Não: 318; Total: 362."
2503833-43;Maioria;Não;PLEN;"Rejeitado o Requerimento. Sim: 44; Não: 318; Total: 362."
2503833-43;Missão;;PLEN;"Rejeitado o Requerimento. Sim: 44; Não: 318; Total: 362."
2503833-43;Governo;Não;PLEN;"Rejeitado o Requerimento. Sim: 44; Não: 318; Total: 362."
2503833-43;PSB;Não;PLEN;"Rejeitado o Requerimento. Sim: 44; Não: 318; Total: 362."
2503833-43;Minoria;Não;PLEN;"Rejeitado o Requerimento. Sim: 44; Não: 318; Total: 362."
2503833-43;Novo;Sim;PLEN;"Rejeitado o Requerimento. Sim: 44; Não: 318; Total: 362."
2503833-43;Oposição;Não;PLEN;"Rejeitado o Requerimento. Sim: 44; Não: 318; Total: 362."
2503833-43;Bl UniPpPsd...;Não;PLEN;"Rejeitado o Requerimento. Sim: 44; Não: 318; Total: 362."
2503833-43;PL;Não;PLEN;"Rejeitado o Requerimento. Sim: 44; Não: 318; Total: 362."
2581785-8;Fdr PT-PCdoB-PV;Sim;PLEN;"Aprovado o Requerimento de Urgência (Art. 155 do RICD). Sim: 343; Não: 78; Total: 421."
2581785-8;Minoria;Não;PLEN;"Aprovado o Requerimento de Urgência (Art. 155 do RICD). Sim: 343; Não: 78; Total: 421."
2581785-8;Bl AvanSolidPrd...;Sim;PLEN;"Aprovado o Requerimento de Urgência (Art. 155 do RICD). Sim: 343; Não: 78; Total: 421."
2581785-8;PL;Sim;PLEN;"Aprovado o Requerimento de Urgência (Art. 155 do RICD). Sim: 343; Não: 78; Total: 421."
2581785-8;Oposição;Não;PLEN;"Aprovado o Requerimento de Urgência (Art. 155 do RICD). Sim: 343; Não: 78; Total: 421."
2581785-8;Fdr PSOL-REDE;Sim;PLEN;"Aprovado o Requerimento de Urgência (Art. 155 do RICD). Sim: 343; Não: 78; Total: 421."
2581785-8;PSB;Sim;PLEN;"Aprovado o Requerimento de Urgência (Art. 155 do RICD). Sim: 343; Não: 78; Total: 421."
2581785-8;Novo;Não;PLEN;"Aprovado o Requerimento de Urgência (Art. 155 do RICD). Sim: 343; Não: 78; Total: 421."
2581785-8;PDT;Sim;PLEN;"Aprovado o Requerimento de Urgência (Art. 155 do RICD). Sim: 343; Não: 78; Total: 421."
2581785-8;Missão;Não;PLEN;"Aprovado o Requerimento de Urgência (Art. 155 do RICD). Sim: 343; Não: 78; Total: 421."
2581785-8;Maioria;Sim;PLEN;"Aprovado o Requerimento de Urgência (Art. 155 do RICD). Sim: 343; Não: 78; Total: 421."
2581785-8;Bl UniPpPsd...;Liberado;PLEN;"Aprovado o Requerimento de Urgência (Art. 155 do RICD). Sim: 343; Não: 78; Total: 421."
2581785-8;Governo;Sim;PLEN;"Aprovado o Requerimento de Urgência (Art. 155 do RICD). Sim: 343; Não: 78; Total: 421."
2606970-8;Fdr PT-PCdoB-PV;Sim;PLEN;"Aprovado o Requerimento de Urgência (Art. 155 do RICD). Sim: 399; Não: 19; Total: 418."
2606970-8;Fdr PSOL-REDE;Sim;PLEN;"Aprovado o Requerimento de Urgência (Art. 155 do RICD). Sim: 399; Não: 19; Total: 418."
2606970-8;PSB;Sim;PLEN;"Aprovado o Requerimento de Urgência (Art. 155 do RICD). Sim: 399; Não: 19; Total: 418."
2606970-8;Missão;Não;PLEN;"Aprovado o Requerimento de Urgência (Art. 155 do RICD). Sim: 399; Não: 19; Total: 418."
2606970-8;PL;Sim;PLEN;"Aprovado o Requerimento de Urgência (Art. 155 do RICD). Sim: 399; Não: 19; Total: 418."
2606970-8;Minoria;Sim;PLEN;"Aprovado o Requerimento de Urgência (Art. 155 do RICD). Sim: 399; Não: 19; Total: 418."
2606970-8;Novo;Não;PLEN;"Aprovado o Requerimento de Urgência (Art. 155 do RICD). Sim: 399; Não: 19; Total: 418."
2606970-8;Governo;Sim;PLEN;"Aprovado o Requerimento de Urgência (Art. 155 do RICD). Sim: 399; Não: 19; Total: 418."
2606970-8;Maioria;Sim;PLEN;"Aprovado o Requerimento de Urgência (Art. 155 do RICD). Sim: 399; Não: 19; Total: 418."
2606970-8;Bl UniPpPsd...;Sim;PLEN;"Aprovado o Requerimento de Urgência (Art. 155 do RICD). Sim: 399; Não: 19; Total: 418."
2606970-8;Oposição;Liberado;PLEN;"Aprovado o Requerimento de Urgência (Art. 155 do RICD). Sim: 399; Não: 19; Total: 418."
2606970-8;PDT;Sim;PLEN;"Aprovado o Requerimento de Urgência (Art. 155 do RICD). Sim: 399; Não: 19; Total: 418."
2606970-8;Bl AvanSolidPrd...;Sim;PLEN;"Aprovado o Requerimento de Urgência (Art. 155 do RICD). Sim: 399; Não: 19; Total: 418."
2418774-66;Minoria;Sim;PLEN;"Aprovada a Subemenda Substitutiva Global ao Projeto de Lei Complementar nº 6, de 2024, adotada pelo relator da Comissão de Constituição e Justiça e de Cidadania. Sim: 417; Não: 1; Total: 418."
2418774-66;Governo;Sim;PLEN;"Aprovada a Subemenda Substitutiva Global ao Projeto de Lei Complementar nº 6, de 2024, adotada pelo relator da Comissão de Constituição e Justiça e de Cidadania. Sim: 417; Não: 1; Total: 418."
2418774-66;Bl AvanSolidPrd...;Sim;PLEN;"Aprovada a Subemenda Substitutiva Global ao Projeto de Lei Complementar nº 6, de 2024, adotada pelo relator da Comissão de Constituição e Justiça e de Cidadania. Sim: 417; Não: 1; Total: 418."
2418774-66;PDT;Sim;PLEN;"Aprovada a Subemenda Substitutiva Global ao Projeto de Lei Complementar nº 6, de 2024, adotada pelo relator da Comissão de Constituição e Justiça e de Cidadania. Sim: 417; Não: 1; Total: 418."
2418774-66;Novo;Sim;PLEN;"Aprovada a Subemenda Substitutiva Global ao Projeto de Lei Complementar nº 6, de 2024, adotada pelo relator da Comissão de Constituição e Justiça e de Cidadania. Sim: 417; Não: 1; Total: 418."
2418774-66;Maioria;;PLEN;"Aprovada a Subemenda Substitutiva Global ao Projeto de Lei Complementar nº 6, de 2024, adotada pelo relator da Comissão de Constituição e Justiça e de Cidadania. Sim: 417; Não: 1; Total: 418."
2418774-66;Fdr PSOL-REDE;Sim;PLEN;"Aprovada a Subemenda Substitutiva Global ao Projeto de Lei Complementar nº 6, de 2024, adotada pelo relator da Comissão de Constituição e Justiça e de Cidadania. Sim: 417; Não: 1; Total: 418."
2418774-66;PSB;;PLEN;"Aprovada a Subemenda Substitutiva Global ao Projeto de Lei Complementar nº 6, de 2024, adotada pelo relator da Comissão de Constituição e Justiça e de Cidadania. Sim: 417; Não: 1; Total: 418."
2418774-66;Missão;Sim;PLEN;"Aprovada a Subemenda Substitutiva Global ao Projeto de Lei Complementar nº 6, de 2024, adotada pelo relator da Comissão de Constituição e Justiça e de Cidadania. Sim: 417; Não: 1; Total: 418."
2418774-66;Bl UniPpPsd...;Sim;PLEN;"Aprovada a Subemenda Substitutiva Global ao Projeto de Lei Complementar nº 6, de 2024, adotada pelo relator da Comissão de Constituição e Justiça e de Cidadania. Sim: 417; Não: 1; Total: 418."
2418774-66;Oposição;Sim;PLEN;"Aprovada a Subemenda Substitutiva Global ao Projeto de Lei Complementar nº 6, de 2024, adotada pelo relator da Comissão de Constituição e Justiça e de Cidadania. Sim: 417; Não: 1; Total: 418."
2418774-66;Fdr PT-PCdoB-PV;Sim;PLEN;"Aprovada a Subemenda Substitutiva Global ao Projeto de Lei Complementar nº 6, de 2024, adotada pelo relator da Comissão de Constituição e Justiça e de Cidadania. Sim: 417; Não: 1; Total: 418."
2418774-66;PL;Sim;PLEN;"Aprovada a Subemenda Substitutiva Global ao Projeto de Lei Complementar nº 6, de 2024, adotada pelo relator da Comissão de Constituição e Justiça e de Cidadania. Sim: 417; Não: 1; Total: 418."
2398003-10;Missão;Sim;PLEN;"Aprovado o Requerimento de Urgência (Art. 155 do RICD). Sim: 430; Total: 430."
2398003-10;Minoria;Sim;PLEN;"Aprovado o Requerimento de Urgência (Art. 155 do RICD). Sim: 430; Total: 430."
2398003-10;Bl AvanSolidPrd...;Sim;PLEN;"Aprovado o Requerimento de Urgência (Art. 155 do RICD). Sim: 430; Total: 430."
2398003-10;Novo;Sim;PLEN;"Aprovado o Requerimento de Urgência (Art. 155 do RICD). Sim: 430; Total: 430."
2398003-10;Fdr PSOL-REDE;Sim;PLEN;"Aprovado o Requerimento de Urgência (Art. 155 do RICD). Sim: 430; Total: 430."
2398003-10;Oposição;Sim;PLEN;"Aprovado o Requerimento de Urgência (Art. 155 do RICD). Sim: 430; Total: 430."
2398003-10;Fdr PT-PCdoB-PV;Sim;PLEN;"Aprovado o Requerimento de Urgência (Art. 155 do RICD). Sim: 430; Total: 430."
2398003-10;Governo;Sim;PLEN;"Aprovado o Requerimento de Urgência (Art. 155 do RICD). Sim: 430; Total: 430."
2398003-10;PSB;Sim;PLEN;"Aprovado o Requerimento de Urgência (Art. 155 do RICD). Sim: 430; Total: 430."
2398003-10;Bl UniPpPsd...;Sim;PLEN;"Aprovado o Requerimento de Urgência (Art. 155 do RICD). Sim: 430; Total: 430."
2398003-10;PL;Sim;PLEN;"Aprovado o Requerimento de Urgência (Art. 155 do RICD). Sim: 430; Total: 430."
2398003-10;PDT;Sim;PLEN;"Aprovado o Requerimento de Urgência (Art. 155 do RICD). Sim: 430; Total: 430."
2398003-10;Maioria;Sim;PLEN;"Aprovado o Requerimento de Urgência (Art. 155 do RICD). Sim: 430; Total: 430."
2607727-7;Minoria;Não;PLEN;Aprovado o Requerimento de Urgência (Art. 155 do RICD).
2607727-7;Missão;;PLEN;Aprovado o Requerimento de Urgência (Art. 155 do RICD).
2607727-7;Oposição;Não;PLEN;Aprovado o Requerimento de Urgência (Art. 155 do RICD).
2607727-7;PDT;;PLEN;Aprovado o Requerimento de Urgência (Art. 155 do RICD).
2607727-7;Governo;Sim;PLEN;Aprovado o Requerimento de Urgência (Art. 155 do RICD).
2607727-7;PSB;;PLEN;Aprovado o Requerimento de Urgência (Art. 155 do RICD).
2607727-7;Maioria;Sim;PLEN;Aprovado o Requerimento de Urgência (Art. 155 do RICD).
2607727-7;Bl AvanSolidPrd...;Sim;PLEN;Aprovado o Requerimento de Urgência (Art. 155 do RICD).
2607727-7;Novo;Não;PLEN;Aprovado o Requerimento de Urgência (Art. 155 do RICD).
2607727-7;Bl UniPpPsd...;Sim;PLEN;Aprovado o Requerimento de Urgência (Art. 155 do RICD).
2607727-7;PL;Não;PLEN;Aprovado o Requerimento de Urgência (Art. 155 do RICD).
2607727-7;Fdr PSOL-REDE;Sim;PLEN;Aprovado o Requerimento de Urgência (Art. 155 do RICD).
2607727-7;Fdr PT-PCdoB-PV;Sim;PLEN;Aprovado o Requerimento de Urgência (Art. 155 do RICD).
2596663-47;Novo;;PLEN;"Mantido o texto. Sim: 213; Não: 152; Abstenção: 3; Total: 368."
2596663-47;Bl UniPpPsd...;;PLEN;"Mantido o texto. Sim: 213; Não: 152; Abstenção: 3; Total: 368."
2596663-47;Fdr PT-PCdoB-PV;Não;PLEN;"Mantido o texto. Sim: 213; Não: 152; Abstenção: 3; Total: 368."
2596663-47;Bl AvanSolidPrd...;;PLEN;"Mantido o texto. Sim: 213; Não: 152; Abstenção: 3; Total: 368."
2596663-47;Oposição;Sim;PLEN;"Mantido o texto. Sim: 213; Não: 152; Abstenção: 3; Total: 368."
2596663-47;Fdr PSOL-REDE;Não;PLEN;"Mantido o texto. Sim: 213; Não: 152; Abstenção: 3; Total: 368."
2596663-47;PDT;;PLEN;"Mantido o texto. Sim: 213; Não: 152; Abstenção: 3; Total: 368."
2596663-47;PSB;;PLEN;"Mantido o texto. Sim: 213; Não: 152; Abstenção: 3; Total: 368."
2596663-47;Maioria;;PLEN;"Mantido o texto. Sim: 213; Não: 152; Abstenção: 3; Total: 368."
2596663-47;PL;Sim;PLEN;"Mantido o texto. Sim: 213; Não: 152; Abstenção: 3; Total: 368."
2596663-47;Minoria;Sim;PLEN;"Mantido o texto. Sim: 213; Não: 152; Abstenção: 3; Total: 368."
2596663-47;Governo;;PLEN;"Mantido o texto. Sim: 213; Não: 152; Abstenção: 3; Total: 368."
2596663-47;Missão;;PLEN;"Mantido o texto. Sim: 213; Não: 152; Abstenção: 3; Total: 368."
2604314-28;PSB;;PLEN;"Rejeitado o Requerimento. Sim: 60; Não: 337; Abstenção: 1; Total: 398."
2604314-28;Missão;Não;PLEN;"Rejeitado o Requerimento. Sim: 60; Não: 337; Abstenção: 1; Total: 398."
2604314-28;Bl AvanSolidPrd...;;PLEN;"Rejeitado o Requerimento. Sim: 60; Não: 337; Abstenção: 1; Total: 398."
2604314-28;Maioria;Liberado;PLEN;"Rejeitado o Requerimento. Sim: 60; Não: 337; Abstenção: 1; Total: 398."
2604314-28;PL;Não;PLEN;"Rejeitado o Requerimento. Sim: 60; Não: 337; Abstenção: 1; Total: 398."
2604314-28;Bl UniPpPsd...;Não;PLEN;"Rejeitado o Requerimento. Sim: 60; Não: 337; Abstenção: 1; Total: 398."
2604314-28;Governo;;PLEN;"Rejeitado o Requerimento. Sim: 60; Não: 337; Abstenção: 1; Total: 398."
2604314-28;PDT;;PLEN;"Rejeitado o Requerimento. Sim: 60; Não: 337; Abstenção: 1; Total: 398."
2604314-28;Minoria;Não;PLEN;"Rejeitado o Requerimento. Sim: 60; Não: 337; Abstenção: 1; Total: 398."
2604314-28;Fdr PSOL-REDE;Não;PLEN;"Rejeitado o Requerimento. Sim: 60; Não: 337; Abstenção: 1; Total: 398."
2604314-28;Novo;Não;PLEN;"Rejeitado o Requerimento. Sim: 60; Não: 337; Abstenção: 1; Total: 398."
2604314-28;Oposição;Não;PLEN;"Rejeitado o Requerimento. Sim: 60; Não: 337; Abstenção: 1; Total: 398."
2604314-28;Fdr PT-PCdoB-PV;Liberado;PLEN;"Rejeitado o Requerimento. Sim: 60; Não: 337; Abstenção: 1; Total: 398."
2607960-9;Governo;Sim;PLEN;"Aprovado o Requerimento de Urgência (Art. 155 do RICD). Sim: 316; Não: 86; Abstenção: 1; Total: 403."
2607960-9;PL;Sim;PLEN;"Aprovado o Requerimento de Urgência (Art. 155 do RICD). Sim: 316; Não: 86; Abstenção: 1; Total: 403."
2607960-9;Bl UniPpPsd...;;PLEN;"Aprovado o Requerimento de Urgência (Art. 155 do RICD). Sim: 316; Não: 86; Abstenção: 1; Total: 403."
2607960-9;Minoria;Não;PLEN;"Aprovado o Requerimento de Urgência (Art. 155 do RICD). Sim: 316; Não: 86; Abstenção: 1; Total: 403."
2607960-9;Fdr PSOL-REDE;Sim;PLEN;"Aprovado o Requerimento de Urgência (Art. 155 do RICD). Sim: 316; Não: 86; Abstenção: 1; Total: 403."
2607960-9;Oposição;Não;PLEN;"Aprovado o Requerimento de Urgência (Art. 155 do RICD). Sim: 316; Não: 86; Abstenção: 1; Total: 403."
2607960-9;PSB;;PLEN;"Aprovado o Requerimento de Urgência (Art. 155 do RICD). Sim: 316; Não: 86; Abstenção: 1; Total: 403."
2607960-9;Maioria;;PLEN;"Aprovado o Requerimento de Urgência (Art. 155 do RICD). Sim: 316; Não: 86; Abstenção: 1; Total: 403."
2607960-9;Novo;Não;PLEN;"Aprovado o Requerimento de Urgência (Art. 155 do RICD). Sim: 316; Não: 86; Abstenção: 1; Total: 403."
2607960-9;Missão;Não;PLEN;"Aprovado o Requerimento de Urgência (Art. 155 do RICD). Sim: 316; Não: 86; Abstenção: 1; Total: 403."
2607960-9;Bl AvanSolidPrd...;;PLEN;"Aprovado o Requerimento de Urgência (Art. 155 do RICD). Sim: 316; Não: 86; Abstenção: 1; Total: 403."
2607960-9;Fdr PT-PCdoB-PV;Sim;PLEN;"Aprovado o Requerimento de Urgência (Art. 155 do RICD). Sim: 316; Não: 86; Abstenção: 1; Total: 403."
2607960-9;PDT;;PLEN;"Aprovado o Requerimento de Urgência (Art. 155 do RICD). Sim: 316; Não: 86; Abstenção: 1; Total: 403."
2277348-72;Maioria;Não;CCJC;"Rejeitado o Requerimento de Retirada de Pauta. Resultado: 20 votos ""Sim"", 22 votos ""Não"", 1 Abstenção. Quórum de votação: 43 votos."
2277348-72;Fdr PSOL-REDE;Não;CCJC;"Rejeitado o Requerimento de Retirada de Pauta. Resultado: 20 votos ""Sim"", 22 votos ""Não"", 1 Abstenção. Quórum de votação: 43 votos."
2277348-72;PL;Sim;CCJC;"Rejeitado o Requerimento de Retirada de Pauta. Resultado: 20 votos ""Sim"", 22 votos ""Não"", 1 Abstenção. Quórum de votação: 43 votos."
2277348-72;Oposição;Sim;CCJC;"Rejeitado o Requerimento de Retirada de Pauta. Resultado: 20 votos ""Sim"", 22 votos ""Não"", 1 Abstenção. Quórum de votação: 43 votos."
2277348-72;Fdr PT-PCdoB-PV;Não;CCJC;"Rejeitado o Requerimento de Retirada de Pauta. Resultado: 20 votos ""Sim"", 22 votos ""Não"", 1 Abstenção. Quórum de votação: 43 votos."
2277348-72;PSD;Não;CCJC;"Rejeitado o Requerimento de Retirada de Pauta. Resultado: 20 votos ""Sim"", 22 votos ""Não"", 1 Abstenção. Quórum de votação: 43 votos."
2277348-72;Minoria;Sim;CCJC;"Rejeitado o Requerimento de Retirada de Pauta. Resultado: 20 votos ""Sim"", 22 votos ""Não"", 1 Abstenção. Quórum de votação: 43 votos."
2277348-72;Governo;Não;CCJC;"Rejeitado o Requerimento de Retirada de Pauta. Resultado: 20 votos ""Sim"", 22 votos ""Não"", 1 Abstenção. Quórum de votação: 43 votos."
2449741-72;Novo;Não;PLEN;"Mantido o texto. Sim: 408; Não: 13; Total: 421."
2449741-72;Maioria;Sim;PLEN;"Mantido o texto. Sim: 408; Não: 13; Total: 421."
2449741-72;Fdr PT-PCdoB-PV;Sim;PLEN;"Mantido o texto. Sim: 408; Não: 13; Total: 421."
2449741-72;PSB;;PLEN;"Mantido o texto. Sim: 408; Não: 13; Total: 421."
2449741-72;Bl UniPpPsd...;Sim;PLEN;"Mantido o texto. Sim: 408; Não: 13; Total: 421."
2449741-72;Bl AvanSolidPrd...;Sim;PLEN;"Mantido o texto. Sim: 408; Não: 13; Total: 421."
2449741-72;Missão;Não;PLEN;"Mantido o texto. Sim: 408; Não: 13; Total: 421."
2449741-72;Fdr PSOL-REDE;Sim;PLEN;"Mantido o texto. Sim: 408; Não: 13; Total: 421."
2449741-72;Minoria;Sim;PLEN;"Mantido o texto. Sim: 408; Não: 13; Total: 421."
2449741-72;PL;Sim;PLEN;"Mantido o texto. Sim: 408; Não: 13; Total: 421."
2449741-72;Oposição;;PLEN;"Mantido o texto. Sim: 408; Não: 13; Total: 421."
2449741-72;PDT;;PLEN;"Mantido o texto. Sim: 408; Não: 13; Total: 421."
2449741-72;Governo;;PLEN;"Mantido o texto. Sim: 408; Não: 13; Total: 421."
2593781-8;Bl UniPpPsd...;Sim;PLEN;"Aprovado o Requerimento de Urgência (Art. 155 do RICD). Sim: 380; Não: 57; Abstenção: 1; Total: 438."
2593781-8;Bl AvanSolidPrd...;;PLEN;"Aprovado o Requerimento de Urgência (Art. 155 do RICD). Sim: 380; Não: 57; Abstenção: 1; Total: 438."
2593781-8;PSB;Sim;PLEN;"Aprovado o Requerimento de Urgência (Art. 155 do RICD). Sim: 380; Não: 57; Abstenção: 1; Total: 438."
2593781-8;Novo;Não;PLEN;"Aprovado o Requerimento de Urgência (Art. 155 do RICD). Sim: 380; Não: 57; Abstenção: 1; Total: 438."
2593781-8;Fdr PSOL-REDE;Sim;PLEN;"Aprovado o Requerimento de Urgência (Art. 155 do RICD). Sim: 380; Não: 57; Abstenção: 1; Total: 438."
2593781-8;Governo;Sim;PLEN;"Aprovado o Requerimento de Urgência (Art. 155 do RICD). Sim: 380; Não: 57; Abstenção: 1; Total: 438."
2593781-8;Maioria;Sim;PLEN;"Aprovado o Requerimento de Urgência (Art. 155 do RICD). Sim: 380; Não: 57; Abstenção: 1; Total: 438."
2593781-8;Missão;Não;PLEN;"Aprovado o Requerimento de Urgência (Art. 155 do RICD). Sim: 380; Não: 57; Abstenção: 1; Total: 438."
2593781-8;Fdr PT-PCdoB-PV;Sim;PLEN;"Aprovado o Requerimento de Urgência (Art. 155 do RICD). Sim: 380; Não: 57; Abstenção: 1; Total: 438."
2593781-8;Oposição;Não;PLEN;"Aprovado o Requerimento de Urgência (Art. 155 do RICD). Sim: 380; Não: 57; Abstenção: 1; Total: 438."
2593781-8;PDT;Sim;PLEN;"Aprovado o Requerimento de Urgência (Art. 155 do RICD). Sim: 380; Não: 57; Abstenção: 1; Total: 438."
2593781-8;Minoria;Não;PLEN;"Aprovado o Requerimento de Urgência (Art. 155 do RICD). Sim: 380; Não: 57; Abstenção: 1; Total: 438."
2593781-8;PL;Sim;PLEN;"Aprovado o Requerimento de Urgência (Art. 155 do RICD). Sim: 380; Não: 57; Abstenção: 1; Total: 438."
2605090-8;PDT;Sim;PLEN;"Aprovado o Requerimento de Urgência (Art. 155 do RICD). Sim: 290; Não: 147; Total: 437."
2605090-8;Fdr PT-PCdoB-PV;Sim;PLEN;"Aprovado o Requerimento de Urgência (Art. 155 do RICD). Sim: 290; Não: 147; Total: 437."
2605090-8;Oposição;Não;PLEN;"Aprovado o Requerimento de Urgência (Art. 155 do RICD). Sim: 290; Não: 147; Total: 437."
2605090-8;Fdr PSOL-REDE;Sim;PLEN;"Aprovado o Requerimento de Urgência (Art. 155 do RICD). Sim: 290; Não: 147; Total: 437."
2605090-8;Bl AvanSolidPrd...;;PLEN;"Aprovado o Requerimento de Urgência (Art. 155 do RICD). Sim: 290; Não: 147; Total: 437."
2605090-8;PL;Não;PLEN;"Aprovado o Requerimento de Urgência (Art. 155 do RICD). Sim: 290; Não: 147; Total: 437."
2605090-8;Maioria;;PLEN;"Aprovado o Requerimento de Urgência (Art. 155 do RICD). Sim: 290; Não: 147; Total: 437."
2605090-8;Missão;Não;PLEN;"Aprovado o Requerimento de Urgência (Art. 155 do RICD). Sim: 290; Não: 147; Total: 437."
2605090-8;PSB;Sim;PLEN;"Aprovado o Requerimento de Urgência (Art. 155 do RICD). Sim: 290; Não: 147; Total: 437."
2605090-8;Governo;Sim;PLEN;"Aprovado o Requerimento de Urgência (Art. 155 do RICD). Sim: 290; Não: 147; Total: 437."
2605090-8;Bl UniPpPsd...;Sim;PLEN;"Aprovado o Requerimento de Urgência (Art. 155 do RICD). Sim: 290; Não: 147; Total: 437."
2605090-8;Novo;Não;PLEN;"Aprovado o Requerimento de Urgência (Art. 155 do RICD). Sim: 290; Não: 147; Total: 437."
2605090-8;Minoria;Não;PLEN;"Aprovado o Requerimento de Urgência (Art. 155 do RICD). Sim: 290; Não: 147; Total: 437."
2589628-8;Oposição;Não;PLEN;"Aprovado o Requerimento de Urgência (Art. 155 do RICD). Sim: 286; Não: 111; Abstenção: 1; Total: 398."
2589628-8;PL;;PLEN;"Aprovado o Requerimento de Urgência (Art. 155 do RICD). Sim: 286; Não: 111; Abstenção: 1; Total: 398."
2589628-8;Governo;;PLEN;"Aprovado o Requerimento de Urgência (Art. 155 do RICD). Sim: 286; Não: 111; Abstenção: 1; Total: 398."
2589628-8;Bl AvanSolidPrd...;;PLEN;"Aprovado o Requerimento de Urgência (Art. 155 do RICD). Sim: 286; Não: 111; Abstenção: 1; Total: 398."
2589628-8;Fdr PT-PCdoB-PV;;PLEN;"Aprovado o Requerimento de Urgência (Art. 155 do RICD). Sim: 286; Não: 111; Abstenção: 1; Total: 398."
2589628-8;Minoria;Não;PLEN;"Aprovado o Requerimento de Urgência (Art. 155 do RICD). Sim: 286; Não: 111; Abstenção: 1; Total: 398."
2589628-8;Bl UniPpPsd...;;PLEN;"Aprovado o Requerimento de Urgência (Art. 155 do RICD). Sim: 286; Não: 111; Abstenção: 1; Total: 398."
2589628-8;PSB;;PLEN;"Aprovado o Requerimento de Urgência (Art. 155 do RICD). Sim: 286; Não: 111; Abstenção: 1; Total: 398."
2589628-8;Maioria;;PLEN;"Aprovado o Requerimento de Urgência (Art. 155 do RICD). Sim: 286; Não: 111; Abstenção: 1; Total: 398."
2589628-8;PDT;;PLEN;"Aprovado o Requerimento de Urgência (Art. 155 do RICD). Sim: 286; Não: 111; Abstenção: 1; Total: 398."
2589628-8;Fdr PSOL-REDE;Sim;PLEN;"Aprovado o Requerimento de Urgência (Art. 155 do RICD). Sim: 286; Não: 111; Abstenção: 1; Total: 398."
2589628-8;Novo;Não;PLEN;"Aprovado o Requerimento de Urgência (Art. 155 do RICD). Sim: 286; Não: 111; Abstenção: 1; Total: 398."
2500080-330;Fdr PSOL-REDE;Não;PLEN;"Aprovada, em segundo turno, a Proposta de Emenda à Constituição nº 18, de 2025. Sim: 461; Não: 14; Total: 475."
2500080-330;PL;Sim;PLEN;"Aprovada, em segundo turno, a Proposta de Emenda à Constituição nº 18, de 2025. Sim: 461; Não: 14; Total: 475."
2500080-330;Bl UniPpPsd...;Sim;PLEN;"Aprovada, em segundo turno, a Proposta de Emenda à Constituição nº 18, de 2025. Sim: 461; Não: 14; Total: 475."
2500080-330;Governo;Sim;PLEN;"Aprovada, em segundo turno, a Proposta de Emenda à Constituição nº 18, de 2025. Sim: 461; Não: 14; Total: 475."
2500080-330;Oposição;Sim;PLEN;"Aprovada, em segundo turno, a Proposta de Emenda à Constituição nº 18, de 2025. Sim: 461; Não: 14; Total: 475."
2500080-330;Maioria;Sim;PLEN;"Aprovada, em segundo turno, a Proposta de Emenda à Constituição nº 18, de 2025. Sim: 461; Não: 14; Total: 475."
2500080-330;PSB;Sim;PLEN;"Aprovada, em segundo turno, a Proposta de Emenda à Constituição nº 18, de 2025. Sim: 461; Não: 14; Total: 475."
2500080-330;Minoria;Sim;PLEN;"Aprovada, em segundo turno, a Proposta de Emenda à Constituição nº 18, de 2025. Sim: 461; Não: 14; Total: 475."
2500080-330;Bl AvanSolidPrd...;Sim;PLEN;"Aprovada, em segundo turno, a Proposta de Emenda à Constituição nº 18, de 2025. Sim: 461; Não: 14; Total: 475."
2500080-330;PDT;Sim;PLEN;"Aprovada, em segundo turno, a Proposta de Emenda à Constituição nº 18, de 2025. Sim: 461; Não: 14; Total: 475."
2500080-330;Fdr PT-PCdoB-PV;Sim;PLEN;"Aprovada, em segundo turno, a Proposta de Emenda à Constituição nº 18, de 2025. Sim: 461; Não: 14; Total: 475."
2500080-330;Novo;Sim;PLEN;"Aprovada, em segundo turno, a Proposta de Emenda à Constituição nº 18, de 2025. Sim: 461; Não: 14; Total: 475."
2500080-320;Bl AvanSolidPrd...;Sim;PLEN;"Aprovado, em primeiro turno, o Substitutivo à Proposta de Emenda à Constituição nº 18, de 2025, adotado pelo relator da Comissão Especial. Sim: 487; Não: 15; Abstenção: 1; Total: 503."
2500080-320;Novo;Sim;PLEN;"Aprovado, em primeiro turno, o Substitutivo à Proposta de Emenda à Constituição nº 18, de 2025, adotado pelo relator da Comissão Especial. Sim: 487; Não: 15; Abstenção: 1; Total: 503."
2500080-320;Bl UniPpPsd...;Sim;PLEN;"Aprovado, em primeiro turno, o Substitutivo à Proposta de Emenda à Constituição nº 18, de 2025, adotado pelo relator da Comissão Especial. Sim: 487; Não: 15; Abstenção: 1; Total: 503."
2500080-320;Fdr PT-PCdoB-PV;Sim;PLEN;"Aprovado, em primeiro turno, o Substitutivo à Proposta de Emenda à Constituição nº 18, de 2025, adotado pelo relator da Comissão Especial. Sim: 487; Não: 15; Abstenção: 1; Total: 503."
2500080-320;Governo;Sim;PLEN;"Aprovado, em primeiro turno, o Substitutivo à Proposta de Emenda à Constituição nº 18, de 2025, adotado pelo relator da Comissão Especial. Sim: 487; Não: 15; Abstenção: 1; Total: 503."
2500080-320;Minoria;Sim;PLEN;"Aprovado, em primeiro turno, o Substitutivo à Proposta de Emenda à Constituição nº 18, de 2025, adotado pelo relator da Comissão Especial. Sim: 487; Não: 15; Abstenção: 1; Total: 503."
2500080-320;Fdr PSOL-REDE;Não;PLEN;"Aprovado, em primeiro turno, o Substitutivo à Proposta de Emenda à Constituição nº 18, de 2025, adotado pelo relator da Comissão Especial. Sim: 487; Não: 15; Abstenção: 1; Total: 503."
2500080-320;PL;Sim;PLEN;"Aprovado, em primeiro turno, o Substitutivo à Proposta de Emenda à Constituição nº 18, de 2025, adotado pelo relator da Comissão Especial. Sim: 487; Não: 15; Abstenção: 1; Total: 503."
2500080-320;PDT;Sim;PLEN;"Aprovado, em primeiro turno, o Substitutivo à Proposta de Emenda à Constituição nº 18, de 2025, adotado pelo relator da Comissão Especial. Sim: 487; Não: 15; Abstenção: 1; Total: 503."
2500080-320;Oposição;Sim;PLEN;"Aprovado, em primeiro turno, o Substitutivo à Proposta de Emenda à Constituição nº 18, de 2025, adotado pelo relator da Comissão Especial. Sim: 487; Não: 15; Abstenção: 1; Total: 503."
2500080-320;PSB;Sim;PLEN;"Aprovado, em primeiro turno, o Substitutivo à Proposta de Emenda à Constituição nº 18, de 2025, adotado pelo relator da Comissão Especial. Sim: 487; Não: 15; Abstenção: 1; Total: 503."
2500080-320;Maioria;Sim;PLEN;"Aprovado, em primeiro turno, o Substitutivo à Proposta de Emenda à Constituição nº 18, de 2025, adotado pelo relator da Comissão Especial. Sim: 487; Não: 15; Abstenção: 1; Total: 503."
2578879-38;Minoria;Não;PLEN;"Aprovado o Projeto de Lei nº 5.490, de 2025. Sim: 248; Não: 164; Abstenção: 2; Total: 414."
2578879-38;Bl AvanSolidPrd...;;PLEN;"Aprovado o Projeto de Lei nº 5.490, de 2025. Sim: 248; Não: 164; Abstenção: 2; Total: 414."
2578879-38;Governo;Sim;PLEN;"Aprovado o Projeto de Lei nº 5.490, de 2025. Sim: 248; Não: 164; Abstenção: 2; Total: 414."
2578879-38;Fdr PT-PCdoB-PV;Sim;PLEN;"Aprovado o Projeto de Lei nº 5.490, de 2025. Sim: 248; Não: 164; Abstenção: 2; Total: 414."
2578879-38;Novo;Não;PLEN;"Aprovado o Projeto de Lei nº 5.490, de 2025. Sim: 248; Não: 164; Abstenção: 2; Total: 414."
2578879-38;Fdr PSOL-REDE;Sim;PLEN;"Aprovado o Projeto de Lei nº 5.490, de 2025. Sim: 248; Não: 164; Abstenção: 2; Total: 414."
2578879-38;PL;Não;PLEN;"Aprovado o Projeto de Lei nº 5.490, de 2025. Sim: 248; Não: 164; Abstenção: 2; Total: 414."
2578879-38;Maioria;Sim;PLEN;"Aprovado o Projeto de Lei nº 5.490, de 2025. Sim: 248; Não: 164; Abstenção: 2; Total: 414."
2578879-38;PSB;;PLEN;"Aprovado o Projeto de Lei nº 5.490, de 2025. Sim: 248; Não: 164; Abstenção: 2; Total: 414."
2578879-38;Oposição;Não;PLEN;"Aprovado o Projeto de Lei nº 5.490, de 2025. Sim: 248; Não: 164; Abstenção: 2; Total: 414."
2578879-38;Bl UniPpPsd...;;PLEN;"Aprovado o Projeto de Lei nº 5.490, de 2025. Sim: 248; Não: 164; Abstenção: 2; Total: 414."
2578879-38;PDT;Sim;PLEN;"Aprovado o Projeto de Lei nº 5.490, de 2025. Sim: 248; Não: 164; Abstenção: 2; Total: 414."
2578879-31;Bl AvanSolidPrd...;;PLEN;"Rejeitado o Requerimento. Sim: 148; Não: 237; Abstenção: 1; Total: 386."
2578879-31;Fdr PT-PCdoB-PV;Não;PLEN;"Rejeitado o Requerimento. Sim: 148; Não: 237; Abstenção: 1; Total: 386."
2578879-31;PSB;;PLEN;"Rejeitado o Requerimento. Sim: 148; Não: 237; Abstenção: 1; Total: 386."
2578879-31;Fdr PSOL-REDE;Não;PLEN;"Rejeitado o Requerimento. Sim: 148; Não: 237; Abstenção: 1; Total: 386."
2578879-31;Maioria;Não;PLEN;"Rejeitado o Requerimento. Sim: 148; Não: 237; Abstenção: 1; Total: 386."
2578879-31;Bl UniPpPsd...;;PLEN;"Rejeitado o Requerimento. Sim: 148; Não: 237; Abstenção: 1; Total: 386."
2578879-31;Oposição;Sim;PLEN;"Rejeitado o Requerimento. Sim: 148; Não: 237; Abstenção: 1; Total: 386."
2578879-31;Novo;Sim;PLEN;"Rejeitado o Requerimento. Sim: 148; Não: 237; Abstenção: 1; Total: 386."
2578879-31;PL;Sim;PLEN;"Rejeitado o Requerimento. Sim: 148; Não: 237; Abstenção: 1; Total: 386."
2578879-31;Governo;Não;PLEN;"Rejeitado o Requerimento. Sim: 148; Não: 237; Abstenção: 1; Total: 386."
2578879-31;PDT;Não;PLEN;"Rejeitado o Requerimento. Sim: 148; Não: 237; Abstenção: 1; Total: 386."
2578879-31;Minoria;;PLEN;"Rejeitado o Requerimento. Sim: 148; Não: 237; Abstenção: 1; Total: 386."
2578879-27;Bl AvanSolidPrd...;;PLEN;"Rejeitado o Requerimento. Sim: 157; Não: 272; Abstenção: 3; Total: 432."
2578879-27;PDT;;PLEN;"Rejeitado o Requerimento. Sim: 157; Não: 272; Abstenção: 3; Total: 432."
2578879-27;PSB;Não;PLEN;"Rejeitado o Requerimento. Sim: 157; Não: 272; Abstenção: 3; Total: 432."
2578879-27;Oposição;Sim;PLEN;"Rejeitado o Requerimento. Sim: 157; Não: 272; Abstenção: 3; Total: 432."
2578879-27;Minoria;Sim;PLEN;"Rejeitado o Requerimento. Sim: 157; Não: 272; Abstenção: 3; Total: 432."
2578879-27;Novo;Sim;PLEN;"Rejeitado o Requerimento. Sim: 157; Não: 272; Abstenção: 3; Total: 432."
2578879-27;Bl UniPpPsd...;;PLEN;"Rejeitado o Requerimento. Sim: 157; Não: 272; Abstenção: 3; Total: 432."
2578879-27;PL;Sim;PLEN;"Rejeitado o Requerimento. Sim: 157; Não: 272; Abstenção: 3; Total: 432."
2578879-27;Governo;Não;PLEN;"Rejeitado o Requerimento. Sim: 157; Não: 272; Abstenção: 3; Total: 432."
2578879-27;Fdr PSOL-REDE;Não;PLEN;"Rejeitado o Requerimento. Sim: 157; Não: 272; Abstenção: 3; Total: 432."
2578879-27;Fdr PT-PCdoB-PV;Não;PLEN;"Rejeitado o Requerimento. Sim: 157; Não: 272; Abstenção: 3; Total: 432."
2578879-27;Maioria;;PLEN;"Rejeitado o Requerimento. Sim: 157; Não: 272; Abstenção: 3; Total: 432."
2462004-30;Novo;Sim;PLEN;"Rejeitado o Requerimento. Sim: 96; Não: 305; Abstenção: 3; Total: 404."
2462004-30;Oposição;Liberado;PLEN;"Rejeitado o Requerimento. Sim: 96; Não: 305; Abstenção: 3; Total: 404."
2462004-30;Maioria;Não;PLEN;"Rejeitado o Requerimento. Sim: 96; Não: 305; Abstenção: 3; Total: 404."
2462004-30;PDT;Não;PLEN;"Rejeitado o Requerimento. Sim: 96; Não: 305; Abstenção: 3; Total: 404."
2462004-30;Bl AvanSolidPrd...;Não;PLEN;"Rejeitado o Requerimento. Sim: 96; Não: 305; Abstenção: 3; Total: 404."
2462004-30;Fdr PT-PCdoB-PV;Não;PLEN;"Rejeitado o Requerimento. Sim: 96; Não: 305; Abstenção: 3; Total: 404."
2462004-30;PSB;Não;PLEN;"Rejeitado o Requerimento. Sim: 96; Não: 305; Abstenção: 3; Total: 404."
2462004-30;Governo;;PLEN;"Rejeitado o Requerimento. Sim: 96; Não: 305; Abstenção: 3; Total: 404."
2462004-30;Minoria;Sim;PLEN;"Rejeitado o Requerimento. Sim: 96; Não: 305; Abstenção: 3; Total: 404."
2462004-30;Bl UniPpPsd...;Não;PLEN;"Rejeitado o Requerimento. Sim: 96; Não: 305; Abstenção: 3; Total: 404."
2462004-30;Fdr PSOL-REDE;Não;PLEN;"Rejeitado o Requerimento. Sim: 96; Não: 305; Abstenção: 3; Total: 404."
2462004-30;PL;Liberado;PLEN;"Rejeitado o Requerimento. Sim: 96; Não: 305; Abstenção: 3; Total: 404."
2485383-7;Fdr PT-PCdoB-PV;Não;PLEN;"Aprovado o Requerimento de Urgência (Art. 155 do RICD). Sim: 317; Não: 117; Total: 434."
2485383-7;Bl AvanSolidPrd...;Sim;PLEN;"Aprovado o Requerimento de Urgência (Art. 155 do RICD). Sim: 317; Não: 117; Total: 434."
2485383-7;Novo;Sim;PLEN;"Aprovado o Requerimento de Urgência (Art. 155 do RICD). Sim: 317; Não: 117; Total: 434."
2485383-7;Governo;Não;PLEN;"Aprovado o Requerimento de Urgência (Art. 155 do RICD). Sim: 317; Não: 117; Total: 434."
2485383-7;PDT;Não;PLEN;"Aprovado o Requerimento de Urgência (Art. 155 do RICD). Sim: 317; Não: 117; Total: 434."
2485383-7;PL;Sim;PLEN;"Aprovado o Requerimento de Urgência (Art. 155 do RICD). Sim: 317; Não: 117; Total: 434."
2485383-7;Fdr PSOL-REDE;Não;PLEN;"Aprovado o Requerimento de Urgência (Art. 155 do RICD). Sim: 317; Não: 117; Total: 434."
2485383-7;PSB;;PLEN;"Aprovado o Requerimento de Urgência (Art. 155 do RICD). Sim: 317; Não: 117; Total: 434."
2485383-7;Oposição;Sim;PLEN;"Aprovado o Requerimento de Urgência (Art. 155 do RICD). Sim: 317; Não: 117; Total: 434."
2485383-7;Maioria;;PLEN;"Aprovado o Requerimento de Urgência (Art. 155 do RICD). Sim: 317; Não: 117; Total: 434."
2485383-7;Bl UniPpPsd...;Sim;PLEN;"Aprovado o Requerimento de Urgência (Art. 155 do RICD). Sim: 317; Não: 117; Total: 434."
2485383-7;Minoria;Sim;PLEN;"Aprovado o Requerimento de Urgência (Art. 155 do RICD). Sim: 317; Não: 117; Total: 434."
589982-129;Bl UniPpPsd...;Sim;PLEN;"Mantido o texto. Sim: 235; Não: 121; Abstenção: 2; Total: 358."
589982-129;Governo;Sim;PLEN;"Mantido o texto. Sim: 235; Não: 121; Abstenção: 2; Total: 358."
589982-129;PDT;Sim;PLEN;"Mantido o texto. Sim: 235; Não: 121; Abstenção: 2; Total: 358."
589982-129;PSB;Sim;PLEN;"Mantido o texto. Sim: 235; Não: 121; Abstenção: 2; Total: 358."
589982-129;Bl AvanSolidPrd...;Sim;PLEN;"Mantido o texto. Sim: 235; Não: 121; Abstenção: 2; Total: 358."
589982-129;Fdr PT-PCdoB-PV;Sim;PLEN;"Mantido o texto. Sim: 235; Não: 121; Abstenção: 2; Total: 358."
589982-129;Novo;Obstrução;PLEN;"Mantido o texto. Sim: 235; Não: 121; Abstenção: 2; Total: 358."
589982-129;Maioria;Sim;PLEN;"Mantido o texto. Sim: 235; Não: 121; Abstenção: 2; Total: 358."
589982-129;Minoria;Não;PLEN;"Mantido o texto. Sim: 235; Não: 121; Abstenção: 2; Total: 358."
589982-129;Fdr PSOL-REDE;Sim;PLEN;"Mantido o texto. Sim: 235; Não: 121; Abstenção: 2; Total: 358."
589982-129;PL;Não;PLEN;"Mantido o texto. Sim: 235; Não: 121; Abstenção: 2; Total: 358."
589982-129;Oposição;Não;PLEN;"Mantido o texto. Sim: 235; Não: 121; Abstenção: 2; Total: 358."
589982-126;Oposição;Não;PLEN;"Mantido o texto. Sim: 258; Não: 119; Abstenção: 1; Total: 378."
589982-126;PL;Não;PLEN;"Mantido o texto. Sim: 258; Não: 119; Abstenção: 1; Total: 378."
589982-126;Minoria;Não;PLEN;"Mantido o texto. Sim: 258; Não: 119; Abstenção: 1; Total: 378."
589982-126;Fdr PSOL-REDE;Sim;PLEN;"Mantido o texto. Sim: 258; Não: 119; Abstenção: 1; Total: 378."
589982-126;Fdr PT-PCdoB-PV;Sim;PLEN;"Mantido o texto. Sim: 258; Não: 119; Abstenção: 1; Total: 378."
589982-126;Bl UniPpPsd...;Sim;PLEN;"Mantido o texto. Sim: 258; Não: 119; Abstenção: 1; Total: 378."
589982-126;Maioria;Sim;PLEN;"Mantido o texto. Sim: 258; Não: 119; Abstenção: 1; Total: 378."
589982-126;Novo;Obstrução;PLEN;"Mantido o texto. Sim: 258; Não: 119; Abstenção: 1; Total: 378."
589982-126;Bl AvanSolidPrd...;Sim;PLEN;"Mantido o texto. Sim: 258; Não: 119; Abstenção: 1; Total: 378."
589982-126;PDT;Sim;PLEN;"Mantido o texto. Sim: 258; Não: 119; Abstenção: 1; Total: 378."
589982-126;PSB;Sim;PLEN;"Mantido o texto. Sim: 258; Não: 119; Abstenção: 1; Total: 378."
589982-126;Governo;Sim;PLEN;"Mantido o texto. Sim: 258; Não: 119; Abstenção: 1; Total: 378."
589982-124;Minoria;Sim;PLEN;"Rejeitada a Emenda de Plenário ao Substitutivo. Sim: 194; Não: 207; Abstenção: 3; Total: 404."
589982-124;Fdr PSOL-REDE;Não;PLEN;"Rejeitada a Emenda de Plenário ao Substitutivo. Sim: 194; Não: 207; Abstenção: 3; Total: 404."
589982-124;Oposição;Sim;PLEN;"Rejeitada a Emenda de Plenário ao Substitutivo. Sim: 194; Não: 207; Abstenção: 3; Total: 404."
589982-124;PDT;Não;PLEN;"Rejeitada a Emenda de Plenário ao Substitutivo. Sim: 194; Não: 207; Abstenção: 3; Total: 404."
589982-124;PL;Sim;PLEN;"Rejeitada a Emenda de Plenário ao Substitutivo. Sim: 194; Não: 207; Abstenção: 3; Total: 404."
589982-124;Bl UniPpPsd...;Liberado;PLEN;"Rejeitada a Emenda de Plenário ao Substitutivo. Sim: 194; Não: 207; Abstenção: 3; Total: 404."
589982-124;PSB;Não;PLEN;"Rejeitada a Emenda de Plenário ao Substitutivo. Sim: 194; Não: 207; Abstenção: 3; Total: 404."
589982-124;Bl AvanSolidPrd...;;PLEN;"Rejeitada a Emenda de Plenário ao Substitutivo. Sim: 194; Não: 207; Abstenção: 3; Total: 404."
589982-124;Governo;;PLEN;"Rejeitada a Emenda de Plenário ao Substitutivo. Sim: 194; Não: 207; Abstenção: 3; Total: 404."
589982-124;Maioria;Não;PLEN;"Rejeitada a Emenda de Plenário ao Substitutivo. Sim: 194; Não: 207; Abstenção: 3; Total: 404."
589982-124;Fdr PT-PCdoB-PV;Não;PLEN;"Rejeitada a Emenda de Plenário ao Substitutivo. Sim: 194; Não: 207; Abstenção: 3; Total: 404."
589982-124;Novo;Sim;PLEN;"Rejeitada a Emenda de Plenário ao Substitutivo. Sim: 194; Não: 207; Abstenção: 3; Total: 404."
589982-103;PSB;;PLEN;"Rejeitado o Requerimento. Sim: 100; Não: 295; Total: 395."
589982-103;PDT;Não;PLEN;"Rejeitado o Requerimento. Sim: 100; Não: 295; Total: 395."
589982-103;Maioria;;PLEN;"Rejeitado o Requerimento. Sim: 100; Não: 295; Total: 395."
589982-103;Bl AvanSolidPrd...;;PLEN;"Rejeitado o Requerimento. Sim: 100; Não: 295; Total: 395."
589982-103;Fdr PSOL-REDE;;PLEN;"Rejeitado o Requerimento. Sim: 100; Não: 295; Total: 395."
589982-103;Minoria;;PLEN;"Rejeitado o Requerimento. Sim: 100; Não: 295; Total: 395."
589982-103;Oposição;;PLEN;"Rejeitado o Requerimento. Sim: 100; Não: 295; Total: 395."
589982-103;Fdr PT-PCdoB-PV;Não;PLEN;"Rejeitado o Requerimento. Sim: 100; Não: 295; Total: 395."
589982-103;Novo;Sim;PLEN;"Rejeitado o Requerimento. Sim: 100; Não: 295; Total: 395."
589982-103;Governo;;PLEN;"Rejeitado o Requerimento. Sim: 100; Não: 295; Total: 395."
589982-103;PL;;PLEN;"Rejeitado o Requerimento. Sim: 100; Não: 295; Total: 395."
589982-103;Bl UniPpPsd...;Não;PLEN;"Rejeitado o Requerimento. Sim: 100; Não: 295; Total: 395."
2543171-49;Fdr PSOL-REDE;Sim;PLEN;"Aprovado o Projeto de Lei nº 6.139, de 2023, ressalvado o destaque. Sim: 340; Não: 108; Abstenção: 1; Total: 449."
2543171-49;Fdr PT-PCdoB-PV;Sim;PLEN;"Aprovado o Projeto de Lei nº 6.139, de 2023, ressalvado o destaque. Sim: 340; Não: 108; Abstenção: 1; Total: 449."
2543171-49;PSB;Sim;PLEN;"Aprovado o Projeto de Lei nº 6.139, de 2023, ressalvado o destaque. Sim: 340; Não: 108; Abstenção: 1; Total: 449."
2543171-49;Bl AvanSolidPrd...;Sim;PLEN;"Aprovado o Projeto de Lei nº 6.139, de 2023, ressalvado o destaque. Sim: 340; Não: 108; Abstenção: 1; Total: 449."
2543171-49;Governo;Sim;PLEN;"Aprovado o Projeto de Lei nº 6.139, de 2023, ressalvado o destaque. Sim: 340; Não: 108; Abstenção: 1; Total: 449."
2543171-49;PL;Liberado;PLEN;"Aprovado o Projeto de Lei nº 6.139, de 2023, ressalvado o destaque. Sim: 340; Não: 108; Abstenção: 1; Total: 449."
2543171-49;PDT;;PLEN;"Aprovado o Projeto de Lei nº 6.139, de 2023, ressalvado o destaque. Sim: 340; Não: 108; Abstenção: 1; Total: 449."
2543171-49;Novo;Não;PLEN;"Aprovado o Projeto de Lei nº 6.139, de 2023, ressalvado o destaque. Sim: 340; Não: 108; Abstenção: 1; Total: 449."
2543171-49;Bl UniPpPsd...;Sim;PLEN;"Aprovado o Projeto de Lei nº 6.139, de 2023, ressalvado o destaque. Sim: 340; Não: 108; Abstenção: 1; Total: 449."
2543171-49;Minoria;Não;PLEN;"Aprovado o Projeto de Lei nº 6.139, de 2023, ressalvado o destaque. Sim: 340; Não: 108; Abstenção: 1; Total: 449."
2543171-49;Oposição;Não;PLEN;"Aprovado o Projeto de Lei nº 6.139, de 2023, ressalvado o destaque. Sim: 340; Não: 108; Abstenção: 1; Total: 449."
2543171-49;Maioria;;PLEN;"Aprovado o Projeto de Lei nº 6.139, de 2023, ressalvado o destaque. Sim: 340; Não: 108; Abstenção: 1; Total: 449."
2543171-41;Novo;Sim;PLEN;"Rejeitado o Requerimento. Sim: 102; Não: 301; Abstenção: 1; Total: 404."
2543171-41;Fdr PSOL-REDE;Não;PLEN;"Rejeitado o Requerimento. Sim: 102; Não: 301; Abstenção: 1; Total: 404."
2543171-41;Governo;Não;PLEN;"Rejeitado o Requerimento. Sim: 102; Não: 301; Abstenção: 1; Total: 404."
2543171-41;PL;Liberado;PLEN;"Rejeitado o Requerimento. Sim: 102; Não: 301; Abstenção: 1; Total: 404."
2543171-41;Oposição;Sim;PLEN;"Rejeitado o Requerimento. Sim: 102; Não: 301; Abstenção: 1; Total: 404."
2543171-41;PDT;;PLEN;"Rejeitado o Requerimento. Sim: 102; Não: 301; Abstenção: 1; Total: 404."
2543171-41;Bl UniPpPsd...;;PLEN;"Rejeitado o Requerimento. Sim: 102; Não: 301; Abstenção: 1; Total: 404."
2543171-41;Maioria;Não;PLEN;"Rejeitado o Requerimento. Sim: 102; Não: 301; Abstenção: 1; Total: 404."
2543171-41;Bl AvanSolidPrd...;;PLEN;"Rejeitado o Requerimento. Sim: 102; Não: 301; Abstenção: 1; Total: 404."
2543171-41;Fdr PT-PCdoB-PV;Não;PLEN;"Rejeitado o Requerimento. Sim: 102; Não: 301; Abstenção: 1; Total: 404."
2543171-41;PSB;Não;PLEN;"Rejeitado o Requerimento. Sim: 102; Não: 301; Abstenção: 1; Total: 404."
2543171-41;Minoria;Sim;PLEN;"Rejeitado o Requerimento. Sim: 102; Não: 301; Abstenção: 1; Total: 404."
2572994-8;Fdr PSOL-REDE;Não;PLEN;"Aprovado o Requerimento de Urgência (Art. 155 do RICD). Sim: 315; Não: 38; Abstenção: 1; Total: 354."
2572994-8;Bl UniPpPsd...;Sim;PLEN;"Aprovado o Requerimento de Urgência (Art. 155 do RICD). Sim: 315; Não: 38; Abstenção: 1; Total: 354."
2572994-8;PSB;Sim;PLEN;"Aprovado o Requerimento de Urgência (Art. 155 do RICD). Sim: 315; Não: 38; Abstenção: 1; Total: 354."
2572994-8;PDT;;PLEN;"Aprovado o Requerimento de Urgência (Art. 155 do RICD). Sim: 315; Não: 38; Abstenção: 1; Total: 354."
2572994-8;Minoria;Sim;PLEN;"Aprovado o Requerimento de Urgência (Art. 155 do RICD). Sim: 315; Não: 38; Abstenção: 1; Total: 354."
2572994-8;Bl AvanSolidPrd...;Sim;PLEN;"Aprovado o Requerimento de Urgência (Art. 155 do RICD). Sim: 315; Não: 38; Abstenção: 1; Total: 354."
2572994-8;Fdr PT-PCdoB-PV;Sim;PLEN;"Aprovado o Requerimento de Urgência (Art. 155 do RICD). Sim: 315; Não: 38; Abstenção: 1; Total: 354."
2572994-8;Governo;Sim;PLEN;"Aprovado o Requerimento de Urgência (Art. 155 do RICD). Sim: 315; Não: 38; Abstenção: 1; Total: 354."
2572994-8;PL;Sim;PLEN;"Aprovado o Requerimento de Urgência (Art. 155 do RICD). Sim: 315; Não: 38; Abstenção: 1; Total: 354."
2572994-8;Maioria;;PLEN;"Aprovado o Requerimento de Urgência (Art. 155 do RICD). Sim: 315; Não: 38; Abstenção: 1; Total: 354."
2572994-8;Novo;Sim;PLEN;"Aprovado o Requerimento de Urgência (Art. 155 do RICD). Sim: 315; Não: 38; Abstenção: 1; Total: 354."
2572994-8;Oposição;Sim;PLEN;"Aprovado o Requerimento de Urgência (Art. 155 do RICD). Sim: 315; Não: 38; Abstenção: 1; Total: 354."
2603342-42;Bl AvanSolidPrd...;Sim;PLEN;"Aprovado o Projeto de Decreto Legislativo nº 50, de 2026, adotado pelo relator da Comissão de Relações Exteriores e de Defesa Nacional. Sim: 307; Não: 136; Abstenção: 1; Total: 444."
2603342-42;Governo;Sim;PLEN;"Aprovado o Projeto de Decreto Legislativo nº 50, de 2026, adotado pelo relator da Comissão de Relações Exteriores e de Defesa Nacional. Sim: 307; Não: 136; Abstenção: 1; Total: 444."
2603342-42;Fdr PT-PCdoB-PV;Sim;PLEN;"Aprovado o Projeto de Decreto Legislativo nº 50, de 2026, adotado pelo relator da Comissão de Relações Exteriores e de Defesa Nacional. Sim: 307; Não: 136; Abstenção: 1; Total: 444."
2603342-42;PSB;Sim;PLEN;"Aprovado o Projeto de Decreto Legislativo nº 50, de 2026, adotado pelo relator da Comissão de Relações Exteriores e de Defesa Nacional. Sim: 307; Não: 136; Abstenção: 1; Total: 444."
2603342-42;Bl UniPpPsd...;;PLEN;"Aprovado o Projeto de Decreto Legislativo nº 50, de 2026, adotado pelo relator da Comissão de Relações Exteriores e de Defesa Nacional. Sim: 307; Não: 136; Abstenção: 1; Total: 444."
2603342-42;Fdr PSOL-REDE;Sim;PLEN;"Aprovado o Projeto de Decreto Legislativo nº 50, de 2026, adotado pelo relator da Comissão de Relações Exteriores e de Defesa Nacional. Sim: 307; Não: 136; Abstenção: 1; Total: 444."
2603342-42;Maioria;Sim;PLEN;"Aprovado o Projeto de Decreto Legislativo nº 50, de 2026, adotado pelo relator da Comissão de Relações Exteriores e de Defesa Nacional. Sim: 307; Não: 136; Abstenção: 1; Total: 444."
2603342-42;PDT;;PLEN;"Aprovado o Projeto de Decreto Legislativo nº 50, de 2026, adotado pelo relator da Comissão de Relações Exteriores e de Defesa Nacional. Sim: 307; Não: 136; Abstenção: 1; Total: 444."
2603342-42;Oposição;Não;PLEN;"Aprovado o Projeto de Decreto Legislativo nº 50, de 2026, adotado pelo relator da Comissão de Relações Exteriores e de Defesa Nacional. Sim: 307; Não: 136; Abstenção: 1; Total: 444."
2603342-42;Novo;Não;PLEN;"Aprovado o Projeto de Decreto Legislativo nº 50, de 2026, adotado pelo relator da Comissão de Relações Exteriores e de Defesa Nacional. Sim: 307; Não: 136; Abstenção: 1; Total: 444."
2603342-42;Minoria;Não;PLEN;"Aprovado o Projeto de Decreto Legislativo nº 50, de 2026, adotado pelo relator da Comissão de Relações Exteriores e de Defesa Nacional. Sim: 307; Não: 136; Abstenção: 1; Total: 444."
2603342-42;PL;Não;PLEN;"Aprovado o Projeto de Decreto Legislativo nº 50, de 2026, adotado pelo relator da Comissão de Relações Exteriores e de Defesa Nacional. Sim: 307; Não: 136; Abstenção: 1; Total: 444."
2604383-7;Minoria;Não;PLEN;"Aprovado o Requerimento de Urgência (Art. 155 do RICD). Sim: 308; Não: 120; Total: 428."
2604383-7;PDT;;PLEN;"Aprovado o Requerimento de Urgência (Art. 155 do RICD). Sim: 308; Não: 120; Total: 428."
2604383-7;PSB;Sim;PLEN;"Aprovado o Requerimento de Urgência (Art. 155 do RICD). Sim: 308; Não: 120; Total: 428."
2604383-7;Maioria;Sim;PLEN;"Aprovado o Requerimento de Urgência (Art. 155 do RICD). Sim: 308; Não: 120; Total: 428."
2604383-7;PL;Não;PLEN;"Aprovado o Requerimento de Urgência (Art. 155 do RICD). Sim: 308; Não: 120; Total: 428."
2604383-7;Fdr PT-PCdoB-PV;Sim;PLEN;"Aprovado o Requerimento de Urgência (Art. 155 do RICD). Sim: 308; Não: 120; Total: 428."
2604383-7;Governo;Sim;PLEN;"Aprovado o Requerimento de Urgência (Art. 155 do RICD). Sim: 308; Não: 120; Total: 428."
2604383-7;Bl UniPpPsd...;Sim;PLEN;"Aprovado o Requerimento de Urgência (Art. 155 do RICD). Sim: 308; Não: 120; Total: 428."
2604383-7;Fdr PSOL-REDE;Sim;PLEN;"Aprovado o Requerimento de Urgência (Art. 155 do RICD). Sim: 308; Não: 120; Total: 428."
2604383-7;Bl AvanSolidPrd...;Sim;PLEN;"Aprovado o Requerimento de Urgência (Art. 155 do RICD). Sim: 308; Não: 120; Total: 428."
2604383-7;Novo;Não;PLEN;"Aprovado o Requerimento de Urgência (Art. 155 do RICD). Sim: 308; Não: 120; Total: 428."
2604383-7;Oposição;Não;PLEN;"Aprovado o Requerimento de Urgência (Art. 155 do RICD). Sim: 308; Não: 120; Total: 428."
2600838-46;Oposição;Não;PLEN;"Rejeitada a Emenda de Plenário nº 68. Sim: 105; Não: 232; Total: 337."
2600838-46;PSB;Não;PLEN;"Rejeitada a Emenda de Plenário nº 68. Sim: 105; Não: 232; Total: 337."
2600838-46;Bl UniPpPsd...;Não;PLEN;"Rejeitada a Emenda de Plenário nº 68. Sim: 105; Não: 232; Total: 337."
2600838-46;Fdr PSOL-REDE;Sim;PLEN;"Rejeitada a Emenda de Plenário nº 68. Sim: 105; Não: 232; Total: 337."
2600838-46;Maioria;;PLEN;"Rejeitada a Emenda de Plenário nº 68. Sim: 105; Não: 232; Total: 337."
2600838-46;Minoria;Não;PLEN;"Rejeitada a Emenda de Plenário nº 68. Sim: 105; Não: 232; Total: 337."
2600838-46;Governo;;PLEN;"Rejeitada a Emenda de Plenário nº 68. Sim: 105; Não: 232; Total: 337."
2600838-46;Novo;Não;PLEN;"Rejeitada a Emenda de Plenário nº 68. Sim: 105; Não: 232; Total: 337."
2600838-46;PDT;Não;PLEN;"Rejeitada a Emenda de Plenário nº 68. Sim: 105; Não: 232; Total: 337."
2600838-46;PL;Não;PLEN;"Rejeitada a Emenda de Plenário nº 68. Sim: 105; Não: 232; Total: 337."
2600838-46;Bl AvanSolidPrd...;Não;PLEN;"Rejeitada a Emenda de Plenário nº 68. Sim: 105; Não: 232; Total: 337."
2600838-46;Fdr PT-PCdoB-PV;Sim;PLEN;"Rejeitada a Emenda de Plenário nº 68. Sim: 105; Não: 232; Total: 337."
533105-109;Governo;Não;CCJC;"Rejeitado o Requerimento de Retirada de Pauta. Resultado: 12 votos ""Sim"", 24 votos ""Não"". Quórum de votação: 36 votos."
533105-109;Oposição;Sim;CCJC;"Rejeitado o Requerimento de Retirada de Pauta. Resultado: 12 votos ""Sim"", 24 votos ""Não"". Quórum de votação: 36 votos."
533105-109;Fdr PT-PCdoB-PV;Não;CCJC;"Rejeitado o Requerimento de Retirada de Pauta. Resultado: 12 votos ""Sim"", 24 votos ""Não"". Quórum de votação: 36 votos."
533105-109;Maioria;Não;CCJC;"Rejeitado o Requerimento de Retirada de Pauta. Resultado: 12 votos ""Sim"", 24 votos ""Não"". Quórum de votação: 36 votos."
533105-109;PSB;Não;CCJC;"Rejeitado o Requerimento de Retirada de Pauta. Resultado: 12 votos ""Sim"", 24 votos ""Não"". Quórum de votação: 36 votos."
533105-109;Fdr PSDB-CIDADAN;Sim;CCJC;"Rejeitado o Requerimento de Retirada de Pauta. Resultado: 12 votos ""Sim"", 24 votos ""Não"". Quórum de votação: 36 votos."
533105-109;PL;Sim;CCJC;"Rejeitado o Requerimento de Retirada de Pauta. Resultado: 12 votos ""Sim"", 24 votos ""Não"". Quórum de votação: 36 votos."
533105-109;Fdr PSOL-REDE;Não;CCJC;"Rejeitado o Requerimento de Retirada de Pauta. Resultado: 12 votos ""Sim"", 24 votos ""Não"". Quórum de votação: 36 votos."
533105-109;UNIÃO;Não;CCJC;"Rejeitado o Requerimento de Retirada de Pauta. Resultado: 12 votos ""Sim"", 24 votos ""Não"". Quórum de votação: 36 votos."
533105-109;PRD;Não;CCJC;"Rejeitado o Requerimento de Retirada de Pauta. Resultado: 12 votos ""Sim"", 24 votos ""Não"". Quórum de votação: 36 votos."
533105-109;Minoria;Sim;CCJC;"Rejeitado o Requerimento de Retirada de Pauta. Resultado: 12 votos ""Sim"", 24 votos ""Não"". Quórum de votação: 36 votos."
2334926-27;PSB;Não;CCJC;"Rejeitado o Requerimento de Retirada de Pauta. Resultado: 18 votos ""Sim"", 19 votos ""Não"". Quórum de votação: 37 votos."
2334926-27;PL;Sim;CCJC;"Rejeitado o Requerimento de Retirada de Pauta. Resultado: 18 votos ""Sim"", 19 votos ""Não"". Quórum de votação: 37 votos."
2334926-27;UNIÃO;Sim;CCJC;"Rejeitado o Requerimento de Retirada de Pauta. Resultado: 18 votos ""Sim"", 19 votos ""Não"". Quórum de votação: 37 votos."
2334926-27;Fdr PT-PCdoB-PV;Não;CCJC;"Rejeitado o Requerimento de Retirada de Pauta. Resultado: 18 votos ""Sim"", 19 votos ""Não"". Quórum de votação: 37 votos."
2334926-27;Governo;Não;CCJC;"Rejeitado o Requerimento de Retirada de Pauta. Resultado: 18 votos ""Sim"", 19 votos ""Não"". Quórum de votação: 37 votos."
2334926-27;PRD;Não;CCJC;"Rejeitado o Requerimento de Retirada de Pauta. Resultado: 18 votos ""Sim"", 19 votos ""Não"". Quórum de votação: 37 votos."
2334926-27;Fdr PSOL-REDE;Não;CCJC;"Rejeitado o Requerimento de Retirada de Pauta. Resultado: 18 votos ""Sim"", 19 votos ""Não"". Quórum de votação: 37 votos."
2334926-27;Oposição;Sim;CCJC;"Rejeitado o Requerimento de Retirada de Pauta. Resultado: 18 votos ""Sim"", 19 votos ""Não"". Quórum de votação: 37 votos."
2334926-27;Minoria;Sim;CCJC;"Rejeitado o Requerimento de Retirada de Pauta. Resultado: 18 votos ""Sim"", 19 votos ""Não"". Quórum de votação: 37 votos."
2334926-27;Maioria;Não;CCJC;"Rejeitado o Requerimento de Retirada de Pauta. Resultado: 18 votos ""Sim"", 19 votos ""Não"". Quórum de votação: 37 votos."
2334926-27;PSD;Não;CCJC;"Rejeitado o Requerimento de Retirada de Pauta. Resultado: 18 votos ""Sim"", 19 votos ""Não"". Quórum de votação: 37 votos."
2600277-9;Minoria;Não;PLEN;"Aprovado o Requerimento de Urgência (Art. 155 do RICD). Sim: 277; Não: 119; Abstenção: 1; Total: 397."
2600277-9;Bl AvanSolidPrd...;Sim;PLEN;"Aprovado o Requerimento de Urgência (Art. 155 do RICD). Sim: 277; Não: 119; Abstenção: 1; Total: 397."
2600277-9;Governo;Sim;PLEN;"Aprovado o Requerimento de Urgência (Art. 155 do RICD). Sim: 277; Não: 119; Abstenção: 1; Total: 397."
2600277-9;Fdr PSOL-REDE;Sim;PLEN;"Aprovado o Requerimento de Urgência (Art. 155 do RICD). Sim: 277; Não: 119; Abstenção: 1; Total: 397."
2600277-9;Oposição;Não;PLEN;"Aprovado o Requerimento de Urgência (Art. 155 do RICD). Sim: 277; Não: 119; Abstenção: 1; Total: 397."
2600277-9;Bl UniPpPsd...;Sim;PLEN;"Aprovado o Requerimento de Urgência (Art. 155 do RICD). Sim: 277; Não: 119; Abstenção: 1; Total: 397."
2600277-9;PSB;Sim;PLEN;"Aprovado o Requerimento de Urgência (Art. 155 do RICD). Sim: 277; Não: 119; Abstenção: 1; Total: 397."
2600277-9;Fdr PT-PCdoB-PV;Sim;PLEN;"Aprovado o Requerimento de Urgência (Art. 155 do RICD). Sim: 277; Não: 119; Abstenção: 1; Total: 397."
2600277-9;PDT;Sim;PLEN;"Aprovado o Requerimento de Urgência (Art. 155 do RICD). Sim: 277; Não: 119; Abstenção: 1; Total: 397."
2600277-9;Novo;Não;PLEN;"Aprovado o Requerimento de Urgência (Art. 155 do RICD). Sim: 277; Não: 119; Abstenção: 1; Total: 397."
2600277-9;PL;Não;PLEN;"Aprovado o Requerimento de Urgência (Art. 155 do RICD). Sim: 277; Não: 119; Abstenção: 1; Total: 397."
2600277-9;Maioria;Sim;PLEN;"Aprovado o Requerimento de Urgência (Art. 155 do RICD). Sim: 277; Não: 119; Abstenção: 1; Total: 397."
2601040-31;Bl UniPpPsd...;Sim;PLEN;"Aprovado o Substitutivo ao Projeto de Lei Complementar nº 14, de 2026, adotado pelo relator da Comissão de Indústria, Comércio e Serviços. Sim: 317; Não: 61; Abstenção: 2; Total: 380."
2601040-31;Maioria;Sim;PLEN;"Aprovado o Substitutivo ao Projeto de Lei Complementar nº 14, de 2026, adotado pelo relator da Comissão de Indústria, Comércio e Serviços. Sim: 317; Não: 61; Abstenção: 2; Total: 380."
2601040-31;PSB;Sim;PLEN;"Aprovado o Substitutivo ao Projeto de Lei Complementar nº 14, de 2026, adotado pelo relator da Comissão de Indústria, Comércio e Serviços. Sim: 317; Não: 61; Abstenção: 2; Total: 380."
2601040-31;PDT;Sim;PLEN;"Aprovado o Substitutivo ao Projeto de Lei Complementar nº 14, de 2026, adotado pelo relator da Comissão de Indústria, Comércio e Serviços. Sim: 317; Não: 61; Abstenção: 2; Total: 380."
2601040-31;Bl AvanSolidPrd...;Sim;PLEN;"Aprovado o Substitutivo ao Projeto de Lei Complementar nº 14, de 2026, adotado pelo relator da Comissão de Indústria, Comércio e Serviços. Sim: 317; Não: 61; Abstenção: 2; Total: 380."
2601040-31;Fdr PSOL-REDE;Não;PLEN;"Aprovado o Substitutivo ao Projeto de Lei Complementar nº 14, de 2026, adotado pelo relator da Comissão de Indústria, Comércio e Serviços. Sim: 317; Não: 61; Abstenção: 2; Total: 380."
2601040-31;Minoria;Liberado;PLEN;"Aprovado o Substitutivo ao Projeto de Lei Complementar nº 14, de 2026, adotado pelo relator da Comissão de Indústria, Comércio e Serviços. Sim: 317; Não: 61; Abstenção: 2; Total: 380."
2601040-31;Novo;Não;PLEN;"Aprovado o Substitutivo ao Projeto de Lei Complementar nº 14, de 2026, adotado pelo relator da Comissão de Indústria, Comércio e Serviços. Sim: 317; Não: 61; Abstenção: 2; Total: 380."
2601040-31;PL;Sim;PLEN;"Aprovado o Substitutivo ao Projeto de Lei Complementar nº 14, de 2026, adotado pelo relator da Comissão de Indústria, Comércio e Serviços. Sim: 317; Não: 61; Abstenção: 2; Total: 380."
2601040-31;Fdr PT-PCdoB-PV;Sim;PLEN;"Aprovado o Substitutivo ao Projeto de Lei Complementar nº 14, de 2026, adotado pelo relator da Comissão de Indústria, Comércio e Serviços. Sim: 317; Não: 61; Abstenção: 2; Total: 380."
2601040-31;Governo;Sim;PLEN;"Aprovado o Substitutivo ao Projeto de Lei Complementar nº 14, de 2026, adotado pelo relator da Comissão de Indústria, Comércio e Serviços. Sim: 317; Não: 61; Abstenção: 2; Total: 380."
2601040-31;Oposição;Liberado;PLEN;"Aprovado o Substitutivo ao Projeto de Lei Complementar nº 14, de 2026, adotado pelo relator da Comissão de Indústria, Comércio e Serviços. Sim: 317; Não: 61; Abstenção: 2; Total: 380."
2601040-23;PSB;Não;PLEN;"Rejeitado o Requerimento. Sim: 87; Não: 301; Total: 388."
2601040-23;Fdr PSOL-REDE;Sim;PLEN;"Rejeitado o Requerimento. Sim: 87; Não: 301; Total: 388."
2601040-23;Bl AvanSolidPrd...;Não;PLEN;"Rejeitado o Requerimento. Sim: 87; Não: 301; Total: 388."
2601040-23;Fdr PT-PCdoB-PV;Não;PLEN;"Rejeitado o Requerimento. Sim: 87; Não: 301; Total: 388."
2601040-23;Bl UniPpPsd...;Não;PLEN;"Rejeitado o Requerimento. Sim: 87; Não: 301; Total: 388."
2601040-23;Minoria;Não;PLEN;"Rejeitado o Requerimento. Sim: 87; Não: 301; Total: 388."
2601040-23;PL;Não;PLEN;"Rejeitado o Requerimento. Sim: 87; Não: 301; Total: 388."
2601040-23;Oposição;Sim;PLEN;"Rejeitado o Requerimento. Sim: 87; Não: 301; Total: 388."
2601040-23;PDT;Não;PLEN;"Rejeitado o Requerimento. Sim: 87; Não: 301; Total: 388."
2601040-23;Maioria;Não;PLEN;"Rejeitado o Requerimento. Sim: 87; Não: 301; Total: 388."
2601040-23;Governo;Não;PLEN;"Rejeitado o Requerimento. Sim: 87; Não: 301; Total: 388."
2601040-23;Novo;Sim;PLEN;"Rejeitado o Requerimento. Sim: 87; Não: 301; Total: 388."
2591974-26;Bl AvanSolidPrd...;Não;PLEN;"Rejeitado o Requerimento. Sim: 147; Não: 242; Abstenção: 1; Total: 390."
2591974-26;Minoria;Sim;PLEN;"Rejeitado o Requerimento. Sim: 147; Não: 242; Abstenção: 1; Total: 390."
2591974-26;Governo;Não;PLEN;"Rejeitado o Requerimento. Sim: 147; Não: 242; Abstenção: 1; Total: 390."
2591974-26;PDT;Não;PLEN;"Rejeitado o Requerimento. Sim: 147; Não: 242; Abstenção: 1; Total: 390."
2591974-26;Novo;Sim;PLEN;"Rejeitado o Requerimento. Sim: 147; Não: 242; Abstenção: 1; Total: 390."
2591974-26;PL;Sim;PLEN;"Rejeitado o Requerimento. Sim: 147; Não: 242; Abstenção: 1; Total: 390."
2591974-26;PSB;Não;PLEN;"Rejeitado o Requerimento. Sim: 147; Não: 242; Abstenção: 1; Total: 390."
2591974-26;Oposição;Sim;PLEN;"Rejeitado o Requerimento. Sim: 147; Não: 242; Abstenção: 1; Total: 390."
2591974-26;Fdr PSOL-REDE;Não;PLEN;"Rejeitado o Requerimento. Sim: 147; Não: 242; Abstenção: 1; Total: 390."
2591974-26;Bl UniPpPsd...;Liberado;PLEN;"Rejeitado o Requerimento. Sim: 147; Não: 242; Abstenção: 1; Total: 390."
2591974-26;Fdr PT-PCdoB-PV;Não;PLEN;"Rejeitado o Requerimento. Sim: 147; Não: 242; Abstenção: 1; Total: 390."
2591974-26;Maioria;Não;PLEN;"Rejeitado o Requerimento. Sim: 147; Não: 242; Abstenção: 1; Total: 390."
2600278-9;PL;Não;PLEN;"Aprovado o Requerimento de Urgência (Art. 155 do RICD). Sim: 273; Não: 103; Abstenção: 1; Total: 377."
2600278-9;Oposição;Não;PLEN;"Aprovado o Requerimento de Urgência (Art. 155 do RICD). Sim: 273; Não: 103; Abstenção: 1; Total: 377."
2600278-9;Novo;Não;PLEN;"Aprovado o Requerimento de Urgência (Art. 155 do RICD). Sim: 273; Não: 103; Abstenção: 1; Total: 377."
2600278-9;Fdr PSOL-REDE;Sim;PLEN;"Aprovado o Requerimento de Urgência (Art. 155 do RICD). Sim: 273; Não: 103; Abstenção: 1; Total: 377."
2600278-9;Fdr PT-PCdoB-PV;Sim;PLEN;"Aprovado o Requerimento de Urgência (Art. 155 do RICD). Sim: 273; Não: 103; Abstenção: 1; Total: 377."
2600278-9;Maioria;Sim;PLEN;"Aprovado o Requerimento de Urgência (Art. 155 do RICD). Sim: 273; Não: 103; Abstenção: 1; Total: 377."
2600278-9;PSB;Sim;PLEN;"Aprovado o Requerimento de Urgência (Art. 155 do RICD). Sim: 273; Não: 103; Abstenção: 1; Total: 377."
2600278-9;PDT;Sim;PLEN;"Aprovado o Requerimento de Urgência (Art. 155 do RICD). Sim: 273; Não: 103; Abstenção: 1; Total: 377."
2600278-9;Bl AvanSolidPrd...;Sim;PLEN;"Aprovado o Requerimento de Urgência (Art. 155 do RICD). Sim: 273; Não: 103; Abstenção: 1; Total: 377."
2600278-9;Governo;Sim;PLEN;"Aprovado o Requerimento de Urgência (Art. 155 do RICD). Sim: 273; Não: 103; Abstenção: 1; Total: 377."
2600278-9;Bl UniPpPsd...;Liberado;PLEN;"Aprovado o Requerimento de Urgência (Art. 155 do RICD). Sim: 273; Não: 103; Abstenção: 1; Total: 377."
2600278-9;Minoria;Não;PLEN;"Aprovado o Requerimento de Urgência (Art. 155 do RICD). Sim: 273; Não: 103; Abstenção: 1; Total: 377."
2601794-5;Minoria;Sim;PLEN;"Rejeitado o Recurso nº 2, de 2026, contra parecer terminativo da Comissão de Constituição e Justiça e de Cidadania à Emenda de Plenário nº 3 oferecida ao Projeto de Lei nº 1.743, de 2024. Sim: 151; Não: 244; Abstenção: 3; Total: 398."
2601794-5;Oposição;Sim;PLEN;"Rejeitado o Recurso nº 2, de 2026, contra parecer terminativo da Comissão de Constituição e Justiça e de Cidadania à Emenda de Plenário nº 3 oferecida ao Projeto de Lei nº 1.743, de 2024. Sim: 151; Não: 244; Abstenção: 3; Total: 398."
2601794-5;PDT;;PLEN;"Rejeitado o Recurso nº 2, de 2026, contra parecer terminativo da Comissão de Constituição e Justiça e de Cidadania à Emenda de Plenário nº 3 oferecida ao Projeto de Lei nº 1.743, de 2024. Sim: 151; Não: 244; Abstenção: 3; Total: 398."
2601794-5;PL;Sim;PLEN;"Rejeitado o Recurso nº 2, de 2026, contra parecer terminativo da Comissão de Constituição e Justiça e de Cidadania à Emenda de Plenário nº 3 oferecida ao Projeto de Lei nº 1.743, de 2024. Sim: 151; Não: 244; Abstenção: 3; Total: 398."
2601794-5;Fdr PSOL-REDE;Não;PLEN;"Rejeitado o Recurso nº 2, de 2026, contra parecer terminativo da Comissão de Constituição e Justiça e de Cidadania à Emenda de Plenário nº 3 oferecida ao Projeto de Lei nº 1.743, de 2024. Sim: 151; Não: 244; Abstenção: 3; Total: 398."
2601794-5;Governo;;PLEN;"Rejeitado o Recurso nº 2, de 2026, contra parecer terminativo da Comissão de Constituição e Justiça e de Cidadania à Emenda de Plenário nº 3 oferecida ao Projeto de Lei nº 1.743, de 2024. Sim: 151; Não: 244; Abstenção: 3; Total: 398."
2601794-5;Bl AvanSolidPrd...;Não;PLEN;"Rejeitado o Recurso nº 2, de 2026, contra parecer terminativo da Comissão de Constituição e Justiça e de Cidadania à Emenda de Plenário nº 3 oferecida ao Projeto de Lei nº 1.743, de 2024. Sim: 151; Não: 244; Abstenção: 3; Total: 398."
2601794-5;Novo;Sim;PLEN;"Rejeitado o Recurso nº 2, de 2026, contra parecer terminativo da Comissão de Constituição e Justiça e de Cidadania à Emenda de Plenário nº 3 oferecida ao Projeto de Lei nº 1.743, de 2024. Sim: 151; Não: 244; Abstenção: 3; Total: 398."
2601794-5;Maioria;;PLEN;"Rejeitado o Recurso nº 2, de 2026, contra parecer terminativo da Comissão de Constituição e Justiça e de Cidadania à Emenda de Plenário nº 3 oferecida ao Projeto de Lei nº 1.743, de 2024. Sim: 151; Não: 244; Abstenção: 3; Total: 398."
2601794-5;Fdr PT-PCdoB-PV;Não;PLEN;"Rejeitado o Recurso nº 2, de 2026, contra parecer terminativo da Comissão de Constituição e Justiça e de Cidadania à Emenda de Plenário nº 3 oferecida ao Projeto de Lei nº 1.743, de 2024. Sim: 151; Não: 244; Abstenção: 3; Total: 398."
2601794-5;PSB;;PLEN;"Rejeitado o Recurso nº 2, de 2026, contra parecer terminativo da Comissão de Constituição e Justiça e de Cidadania à Emenda de Plenário nº 3 oferecida ao Projeto de Lei nº 1.743, de 2024. Sim: 151; Não: 244; Abstenção: 3; Total: 398."
2601794-5;Bl UniPpPsd...;Liberado;PLEN;"Rejeitado o Recurso nº 2, de 2026, contra parecer terminativo da Comissão de Constituição e Justiça e de Cidadania à Emenda de Plenário nº 3 oferecida ao Projeto de Lei nº 1.743, de 2024. Sim: 151; Não: 244; Abstenção: 3; Total: 398."
2562173-30;PSB;;PLEN;"Aprovada a Medida Provisória nº 1.317, de 2025, na forma do Projeto de Lei de Conversão. Sim: 271; Não: 127; Total: 398."
2562173-30;Minoria;Não;PLEN;"Aprovada a Medida Provisória nº 1.317, de 2025, na forma do Projeto de Lei de Conversão. Sim: 271; Não: 127; Total: 398."
2562173-30;PDT;;PLEN;"Aprovada a Medida Provisória nº 1.317, de 2025, na forma do Projeto de Lei de Conversão. Sim: 271; Não: 127; Total: 398."
2562173-30;Fdr PT-PCdoB-PV;Sim;PLEN;"Aprovada a Medida Provisória nº 1.317, de 2025, na forma do Projeto de Lei de Conversão. Sim: 271; Não: 127; Total: 398."
2562173-30;Maioria;Sim;PLEN;"Aprovada a Medida Provisória nº 1.317, de 2025, na forma do Projeto de Lei de Conversão. Sim: 271; Não: 127; Total: 398."
2562173-30;Governo;Sim;PLEN;"Aprovada a Medida Provisória nº 1.317, de 2025, na forma do Projeto de Lei de Conversão. Sim: 271; Não: 127; Total: 398."
2562173-30;Fdr PSOL-REDE;Sim;PLEN;"Aprovada a Medida Provisória nº 1.317, de 2025, na forma do Projeto de Lei de Conversão. Sim: 271; Não: 127; Total: 398."
2562173-30;Novo;Não;PLEN;"Aprovada a Medida Provisória nº 1.317, de 2025, na forma do Projeto de Lei de Conversão. Sim: 271; Não: 127; Total: 398."
2562173-30;Bl AvanSolidPrd...;Sim;PLEN;"Aprovada a Medida Provisória nº 1.317, de 2025, na forma do Projeto de Lei de Conversão. Sim: 271; Não: 127; Total: 398."
2562173-30;PL;Não;PLEN;"Aprovada a Medida Provisória nº 1.317, de 2025, na forma do Projeto de Lei de Conversão. Sim: 271; Não: 127; Total: 398."
2562173-30;Bl UniPpPsd...;Sim;PLEN;"Aprovada a Medida Provisória nº 1.317, de 2025, na forma do Projeto de Lei de Conversão. Sim: 271; Não: 127; Total: 398."
2562173-30;Oposição;Não;PLEN;"Aprovada a Medida Provisória nº 1.317, de 2025, na forma do Projeto de Lei de Conversão. Sim: 271; Não: 127; Total: 398."
2562173-21;Governo;Não;PLEN;"Rejeitado o Requerimento. Sim: 126; Não: 296; Total: 422."
2562173-21;PL;Sim;PLEN;"Rejeitado o Requerimento. Sim: 126; Não: 296; Total: 422."
2562173-21;Fdr PT-PCdoB-PV;Não;PLEN;"Rejeitado o Requerimento. Sim: 126; Não: 296; Total: 422."
2562173-21;PSB;;PLEN;"Rejeitado o Requerimento. Sim: 126; Não: 296; Total: 422."
2562173-21;Novo;Sim;PLEN;"Rejeitado o Requerimento. Sim: 126; Não: 296; Total: 422."
2562173-21;Maioria;Não;PLEN;"Rejeitado o Requerimento. Sim: 126; Não: 296; Total: 422."
2562173-21;Fdr PSOL-REDE;Não;PLEN;"Rejeitado o Requerimento. Sim: 126; Não: 296; Total: 422."
2562173-21;Minoria;Sim;PLEN;"Rejeitado o Requerimento. Sim: 126; Não: 296; Total: 422."
2562173-21;PDT;;PLEN;"Rejeitado o Requerimento. Sim: 126; Não: 296; Total: 422."
2562173-21;Oposição;Sim;PLEN;"Rejeitado o Requerimento. Sim: 126; Não: 296; Total: 422."
2562173-21;Bl AvanSolidPrd...;Não;PLEN;"Rejeitado o Requerimento. Sim: 126; Não: 296; Total: 422."
2562173-21;Bl UniPpPsd...;Não;PLEN;"Rejeitado o Requerimento. Sim: 126; Não: 296; Total: 422."
2600122-8;Bl UniPpPsd...;Sim;PLEN;"Aprovado o Requerimento de Urgência (Art. 155 do RICD). Sim: 307; Não: 113; Abstenção: 3; Total: 423."
2600122-8;Novo;Não;PLEN;"Aprovado o Requerimento de Urgência (Art. 155 do RICD). Sim: 307; Não: 113; Abstenção: 3; Total: 423."
2600122-8;Fdr PSOL-REDE;Sim;PLEN;"Aprovado o Requerimento de Urgência (Art. 155 do RICD). Sim: 307; Não: 113; Abstenção: 3; Total: 423."
2600122-8;Bl AvanSolidPrd...;Sim;PLEN;"Aprovado o Requerimento de Urgência (Art. 155 do RICD). Sim: 307; Não: 113; Abstenção: 3; Total: 423."
2600122-8;Oposição;Não;PLEN;"Aprovado o Requerimento de Urgência (Art. 155 do RICD). Sim: 307; Não: 113; Abstenção: 3; Total: 423."
2600122-8;Governo;Sim;PLEN;"Aprovado o Requerimento de Urgência (Art. 155 do RICD). Sim: 307; Não: 113; Abstenção: 3; Total: 423."
2600122-8;Fdr PT-PCdoB-PV;Sim;PLEN;"Aprovado o Requerimento de Urgência (Art. 155 do RICD). Sim: 307; Não: 113; Abstenção: 3; Total: 423."
2600122-8;PDT;Sim;PLEN;"Aprovado o Requerimento de Urgência (Art. 155 do RICD). Sim: 307; Não: 113; Abstenção: 3; Total: 423."
2600122-8;Minoria;Não;PLEN;"Aprovado o Requerimento de Urgência (Art. 155 do RICD). Sim: 307; Não: 113; Abstenção: 3; Total: 423."
2600122-8;PSB;Sim;PLEN;"Aprovado o Requerimento de Urgência (Art. 155 do RICD). Sim: 307; Não: 113; Abstenção: 3; Total: 423."
2600122-8;Maioria;;PLEN;"Aprovado o Requerimento de Urgência (Art. 155 do RICD). Sim: 307; Não: 113; Abstenção: 3; Total: 423."
2600122-8;PL;Não;PLEN;"Aprovado o Requerimento de Urgência (Art. 155 do RICD). Sim: 307; Não: 113; Abstenção: 3; Total: 423."
2601522-8;Minoria;Não;PLEN;"Aprovado o Requerimento de Urgência (Art. 155 do RICD). Sim: 298; Não: 132; Total: 430."
2601522-8;Bl UniPpPsd...;Sim;PLEN;"Aprovado o Requerimento de Urgência (Art. 155 do RICD). Sim: 298; Não: 132; Total: 430."
2601522-8;Bl AvanSolidPrd...;Sim;PLEN;"Aprovado o Requerimento de Urgência (Art. 155 do RICD). Sim: 298; Não: 132; Total: 430."
2601522-8;Maioria;Sim;PLEN;"Aprovado o Requerimento de Urgência (Art. 155 do RICD). Sim: 298; Não: 132; Total: 430."
2601522-8;Fdr PT-PCdoB-PV;Sim;PLEN;"Aprovado o Requerimento de Urgência (Art. 155 do RICD). Sim: 298; Não: 132; Total: 430."
2601522-8;PL;Não;PLEN;"Aprovado o Requerimento de Urgência (Art. 155 do RICD). Sim: 298; Não: 132; Total: 430."
2601522-8;PSB;Sim;PLEN;"Aprovado o Requerimento de Urgência (Art. 155 do RICD). Sim: 298; Não: 132; Total: 430."
2601522-8;Novo;Não;PLEN;"Aprovado o Requerimento de Urgência (Art. 155 do RICD). Sim: 298; Não: 132; Total: 430."
2601522-8;Fdr PSOL-REDE;Não;PLEN;"Aprovado o Requerimento de Urgência (Art. 155 do RICD). Sim: 298; Não: 132; Total: 430."
2601522-8;Oposição;Não;PLEN;"Aprovado o Requerimento de Urgência (Art. 155 do RICD). Sim: 298; Não: 132; Total: 430."
2601522-8;Governo;Sim;PLEN;"Aprovado o Requerimento de Urgência (Art. 155 do RICD). Sim: 298; Não: 132; Total: 430."
2601522-8;PDT;Sim;PLEN;"Aprovado o Requerimento de Urgência (Art. 155 do RICD). Sim: 298; Não: 132; Total: 430."
2596339-8;Bl AvanSolidPrd...;Sim;PLEN;"Aprovado o Requerimento de Urgência (Art. 155 do RICD). Sim: 304; Não: 113; Total: 417."
2596339-8;Minoria;Não;PLEN;"Aprovado o Requerimento de Urgência (Art. 155 do RICD). Sim: 304; Não: 113; Total: 417."
2596339-8;PDT;;PLEN;"Aprovado o Requerimento de Urgência (Art. 155 do RICD). Sim: 304; Não: 113; Total: 417."
2596339-8;Oposição;Não;PLEN;"Aprovado o Requerimento de Urgência (Art. 155 do RICD). Sim: 304; Não: 113; Total: 417."
2596339-8;Governo;;PLEN;"Aprovado o Requerimento de Urgência (Art. 155 do RICD). Sim: 304; Não: 113; Total: 417."
2596339-8;Maioria;Sim;PLEN;"Aprovado o Requerimento de Urgência (Art. 155 do RICD). Sim: 304; Não: 113; Total: 417."
2596339-8;PSB;Sim;PLEN;"Aprovado o Requerimento de Urgência (Art. 155 do RICD). Sim: 304; Não: 113; Total: 417."
2596339-8;Novo;Não;PLEN;"Aprovado o Requerimento de Urgência (Art. 155 do RICD). Sim: 304; Não: 113; Total: 417."
2596339-8;PL;Não;PLEN;"Aprovado o Requerimento de Urgência (Art. 155 do RICD). Sim: 304; Não: 113; Total: 417."
2596339-8;Bl UniPpPsd...;Sim;PLEN;"Aprovado o Requerimento de Urgência (Art. 155 do RICD). Sim: 304; Não: 113; Total: 417."
2596339-8;Fdr PT-PCdoB-PV;Sim;PLEN;"Aprovado o Requerimento de Urgência (Art. 155 do RICD). Sim: 304; Não: 113; Total: 417."
2596339-8;Fdr PSOL-REDE;Sim;PLEN;"Aprovado o Requerimento de Urgência (Art. 155 do RICD). Sim: 304; Não: 113; Total: 417."
2601223-8;Governo;;PLEN;"Aprovado o Requerimento de Urgência (Art. 155 do RICD). Sim: 337; Não: 19; Total: 356."
2601223-8;Minoria;;PLEN;"Aprovado o Requerimento de Urgência (Art. 155 do RICD). Sim: 337; Não: 19; Total: 356."
2601223-8;Oposição;Liberado;PLEN;"Aprovado o Requerimento de Urgência (Art. 155 do RICD). Sim: 337; Não: 19; Total: 356."
2601223-8;Bl UniPpPsd...;Sim;PLEN;"Aprovado o Requerimento de Urgência (Art. 155 do RICD). Sim: 337; Não: 19; Total: 356."
2601223-8;PDT;Sim;PLEN;"Aprovado o Requerimento de Urgência (Art. 155 do RICD). Sim: 337; Não: 19; Total: 356."
2601223-8;Maioria;;PLEN;"Aprovado o Requerimento de Urgência (Art. 155 do RICD). Sim: 337; Não: 19; Total: 356."
2601223-8;PL;;PLEN;"Aprovado o Requerimento de Urgência (Art. 155 do RICD). Sim: 337; Não: 19; Total: 356."
2601223-8;PSB;Sim;PLEN;"Aprovado o Requerimento de Urgência (Art. 155 do RICD). Sim: 337; Não: 19; Total: 356."
2601223-8;Fdr PSOL-REDE;Sim;PLEN;"Aprovado o Requerimento de Urgência (Art. 155 do RICD). Sim: 337; Não: 19; Total: 356."
2601223-8;Fdr PT-PCdoB-PV;Sim;PLEN;"Aprovado o Requerimento de Urgência (Art. 155 do RICD). Sim: 337; Não: 19; Total: 356."
2601223-8;Novo;Não;PLEN;"Aprovado o Requerimento de Urgência (Art. 155 do RICD). Sim: 337; Não: 19; Total: 356."
2601223-8;Bl AvanSolidPrd...;;PLEN;"Aprovado o Requerimento de Urgência (Art. 155 do RICD). Sim: 337; Não: 19; Total: 356."
2557414-41;Minoria;;PLEN;"Mantido o texto. Sim: 401; Não: 34; Total: 435."
2557414-41;Fdr PSOL-REDE;;PLEN;"Mantido o texto. Sim: 401; Não: 34; Total: 435."
2557414-41;PSB;;PLEN;"Mantido o texto. Sim: 401; Não: 34; Total: 435."
2557414-41;Bl UniPpPsd...;Sim;PLEN;"Mantido o texto. Sim: 401; Não: 34; Total: 435."
2557414-41;Maioria;Sim;PLEN;"Mantido o texto. Sim: 401; Não: 34; Total: 435."
2557414-41;Bl AvanSolidPrd...;;PLEN;"Mantido o texto. Sim: 401; Não: 34; Total: 435."
2557414-41;Oposição;;PLEN;"Mantido o texto. Sim: 401; Não: 34; Total: 435."
2557414-41;PDT;Sim;PLEN;"Mantido o texto. Sim: 401; Não: 34; Total: 435."
2557414-41;Governo;Sim;PLEN;"Mantido o texto. Sim: 401; Não: 34; Total: 435."
2557414-41;Fdr PT-PCdoB-PV;Sim;PLEN;"Mantido o texto. Sim: 401; Não: 34; Total: 435."
2557414-41;Novo;Não;PLEN;"Mantido o texto. Sim: 401; Não: 34; Total: 435."
2557414-41;PL;Liberado;PLEN;"Mantido o texto. Sim: 401; Não: 34; Total: 435."
2557414-32;Governo;Sim;PLEN;"Aprovada a Medida Provisória nº 1.313 de 2025, na forma do Projeto de Lei de Conversão, ressalvados os destaques. Sim: 415; Não: 29; Abstenção: 2; Total: 446."
2557414-32;Fdr PSOL-REDE;Sim;PLEN;"Aprovada a Medida Provisória nº 1.313 de 2025, na forma do Projeto de Lei de Conversão, ressalvados os destaques. Sim: 415; Não: 29; Abstenção: 2; Total: 446."
2557414-32;PSB;Sim;PLEN;"Aprovada a Medida Provisória nº 1.313 de 2025, na forma do Projeto de Lei de Conversão, ressalvados os destaques. Sim: 415; Não: 29; Abstenção: 2; Total: 446."
2557414-32;Novo;Não;PLEN;"Aprovada a Medida Provisória nº 1.313 de 2025, na forma do Projeto de Lei de Conversão, ressalvados os destaques. Sim: 415; Não: 29; Abstenção: 2; Total: 446."
2557414-32;Minoria;Liberado;PLEN;"Aprovada a Medida Provisória nº 1.313 de 2025, na forma do Projeto de Lei de Conversão, ressalvados os destaques. Sim: 415; Não: 29; Abstenção: 2; Total: 446."
2557414-32;PL;Liberado;PLEN;"Aprovada a Medida Provisória nº 1.313 de 2025, na forma do Projeto de Lei de Conversão, ressalvados os destaques. Sim: 415; Não: 29; Abstenção: 2; Total: 446."
2557414-32;Fdr PT-PCdoB-PV;Sim;PLEN;"Aprovada a Medida Provisória nº 1.313 de 2025, na forma do Projeto de Lei de Conversão, ressalvados os destaques. Sim: 415; Não: 29; Abstenção: 2; Total: 446."
2557414-32;Bl AvanSolidPrd...;;PLEN;"Aprovada a Medida Provisória nº 1.313 de 2025, na forma do Projeto de Lei de Conversão, ressalvados os destaques. Sim: 415; Não: 29; Abstenção: 2; Total: 446."
2557414-32;Bl UniPpPsd...;Sim;PLEN;"Aprovada a Medida Provisória nº 1.313 de 2025, na forma do Projeto de Lei de Conversão, ressalvados os destaques. Sim: 415; Não: 29; Abstenção: 2; Total: 446."
2557414-32;Maioria;Sim;PLEN;"Aprovada a Medida Provisória nº 1.313 de 2025, na forma do Projeto de Lei de Conversão, ressalvados os destaques. Sim: 415; Não: 29; Abstenção: 2; Total: 446."
2557414-32;Oposição;Liberado;PLEN;"Aprovada a Medida Provisória nº 1.313 de 2025, na forma do Projeto de Lei de Conversão, ressalvados os destaques. Sim: 415; Não: 29; Abstenção: 2; Total: 446."
2557414-32;PDT;Sim;PLEN;"Aprovada a Medida Provisória nº 1.313 de 2025, na forma do Projeto de Lei de Conversão, ressalvados os destaques. Sim: 415; Não: 29; Abstenção: 2; Total: 446."
2557414-24;Novo;Sim;PLEN;"Rejeitado o Requerimento. Sim: 22; Não: 362; Total: 384."
2557414-24;PDT;Não;PLEN;"Rejeitado o Requerimento. Sim: 22; Não: 362; Total: 384."
2557414-24;PL;Não;PLEN;"Rejeitado o Requerimento. Sim: 22; Não: 362; Total: 384."
2557414-24;Bl UniPpPsd...;Não;PLEN;"Rejeitado o Requerimento. Sim: 22; Não: 362; Total: 384."
2557414-24;PSB;Não;PLEN;"Rejeitado o Requerimento. Sim: 22; Não: 362; Total: 384."
2557414-24;Fdr PSOL-REDE;Não;PLEN;"Rejeitado o Requerimento. Sim: 22; Não: 362; Total: 384."
2557414-24;Governo;Não;PLEN;"Rejeitado o Requerimento. Sim: 22; Não: 362; Total: 384."
2557414-24;Bl AvanSolidPrd...;;PLEN;"Rejeitado o Requerimento. Sim: 22; Não: 362; Total: 384."
2557414-24;Maioria;Não;PLEN;"Rejeitado o Requerimento. Sim: 22; Não: 362; Total: 384."
2557414-24;Fdr PT-PCdoB-PV;Não;PLEN;"Rejeitado o Requerimento. Sim: 22; Não: 362; Total: 384."
2557414-24;Oposição;;PLEN;"Rejeitado o Requerimento. Sim: 22; Não: 362; Total: 384."
2557414-24;Minoria;Não;PLEN;"Rejeitado o Requerimento. Sim: 22; Não: 362; Total: 384."
