id;data;siglaorgao;idevento;aprovacao;descricao
2585316-23;2026-02-02;CCP;;true;Realizar o encaminhamento do PL-5874/2025 à CCJC (tramitação simultânea), em razão da aprovação de requerimento de urgência.
2585316-24;2026-02-02;CCP;;true;Realizar o encaminhamento do PL-5874/2025 à CE (tramitação simultânea), em razão da aprovação de requerimento de urgência.
2585316-25;2026-02-02;CCP;;true;Realizar o encaminhamento do PL-5874/2025 à CFT (tramitação simultânea), em razão da aprovação de requerimento de urgência.
2585316-26;2026-02-02;CCP;;true;Realizar o encaminhamento do PL-5874/2025 à CASP (tramitação simultânea), em razão da aprovação de requerimento de urgência.
2555417-29;2026-02-02;PLEN;80872;true;Aprovada a Medida Provisória nº 1.312, de 2025.
2555417-31;2026-02-02;PLEN;80872;true;Aprovada a Redação Final assinada pela relatora, Dep. Dilvanda Faro (PT-PA).
2555417-34;2026-02-02;PLEN;80872;true;Aprovado, em apreciação preliminar, o Parecer da Comissão Mista de Planos, Orçamentos Públicos e Fiscalização, na parte em que manifesta opinião favorável quanto ao atendimento dos pressupostos constitucionais de relevância e urgência e de sua adequação financeira e orçamentária, nos termos do artigo 8º da Resolução nº 01, de 2002-CN.
2555417-35;2026-02-02;PLEN;80872;true;Aprovado, em apreciação preliminar, o Parecer da Comissão Mista de Planos, Orçamentos Públicos e Fiscalização, na parte em que manifesta opinião pelo não atendimento dos pressupostos constitucionais de relevância e urgência e/ou de sua adequação financeira e orçamentária, nos termos do artigo 8º da Resolução nº 01, de 2002-CN.
2557414-24;2026-02-02;PLEN;80872;false;"Rejeitado o Requerimento. Sim: 22; Não: 362; Total: 384."
2557414-29;2026-02-02;PLEN;80872;true;Aprovado, em apreciação preliminar, o Parecer da Comissão Mista, na parte em que manifesta opinião favorável quanto ao atendimento dos pressupostos constitucionais de relevância e urgência e à adequação financeira e orçamentária, nos termos do artigo 8º da Resolução nº 01, de 2002-CN.
2557414-30;2026-02-02;PLEN;80872;true;Aprovado, em apreciação preliminar, o Parecer da Comissão Mista, na parte em que manifesta opinião pelo não atendimento dos pressupostos constitucionais de relevância e urgência e de sua adequação financeira e orçamentária, nos termos do artigo 8º da Resolução nº 01, de 2002-CN.
2557414-32;2026-02-02;PLEN;80872;true;"Aprovada a Medida Provisória nº 1.313 de 2025, na forma do Projeto de Lei de Conversão, ressalvados os destaques. Sim: 415; Não: 29; Abstenção: 2; Total: 446."
2557414-35;2026-02-02;PLEN;80872;;Mantido o texto.
2557414-38;2026-02-02;PLEN;80872;;Mantido o texto.
2557414-41;2026-02-02;PLEN;80872;;"Mantido o texto. Sim: 401; Não: 34; Total: 435."
2557414-44;2026-02-02;PLEN;80872;;Mantido o texto.
2557414-46;2026-02-02;PLEN;80872;true;Aprovada a Emenda de Redação nº 1.
2557414-48;2026-02-02;PLEN;80872;true;Aprovada a Redação Final, assinada pelo relator, Dep. Hugo Leal (PSD/RJ).
2600436-6;2026-02-03;PLEN;80928;true;Aprovado o Requerimento de Urgência (Art. 155 do RICD).
2600426-17;2026-02-03;CCP;;true;Realizar o encaminhamento do PL-179/2026 à CCJC (tramitação simultânea), em razão da aprovação de requerimento de urgência.
2600426-18;2026-02-03;CCP;;true;Realizar o encaminhamento do PL-179/2026 à CFT (tramitação simultânea), em razão da aprovação de requerimento de urgência.
2600426-19;2026-02-03;CCP;;true;Realizar o encaminhamento do PL-179/2026 à CASP (tramitação simultânea), em razão da aprovação de requerimento de urgência.
2600426-20;2026-02-03;PLEN;;true;Alteração do Regime de Tramitação desta proposição em virtude da Aprovação do REQ 131/2026.
2600441-6;2026-02-03;PLEN;80928;true;Aprovado o Requerimento de Urgência (Art. 155 do RICD).
2593628-19;2026-02-03;CCP;;true;Realizar o encaminhamento do PL-6070/2025 à CCJC (tramitação simultânea), em razão da aprovação de requerimento de urgência.
2593628-20;2026-02-03;CCP;;true;Realizar o encaminhamento do PL-6070/2025 à CFT (tramitação simultânea), em razão da aprovação de requerimento de urgência.
2593628-21;2026-02-03;CCP;;true;Realizar o encaminhamento do PL-6070/2025 à CASP (tramitação simultânea), em razão da aprovação de requerimento de urgência.
2593628-22;2026-02-03;PLEN;;true;Alteração do Regime de Tramitação desta proposição em virtude da Aprovação do REQ 136/2026.
2593628-28;2026-02-03;PLEN;80928;true;Aprovado o Projeto de Lei nº 6.070, de 2025, ressalvado o destaque.
2593628-30;2026-02-03;PLEN;80928;;Mantido o texto.
2593628-32;2026-02-03;PLEN;80928;true;Aprovada a Emenda de Redação nº 1.
2593628-34;2026-02-03;PLEN;80928;true;Aprovada a Redação Final assinada pelo relator, Dep. Alberto Fraga (PL-DF).
2600426-33;2026-02-03;PLEN;80928;false;Rejeitado o Requerimento.
2600426-34;2026-02-03;PLEN;80928;true;Aprovado o Projeto de Lei nº 179, de 2026, ressalvado o destaque.
2600426-36;2026-02-03;PLEN;80928;false;Rejeitada a Emenda de Plenário.
2600426-39;2026-02-03;PLEN;80928;;Mantido o texto.
2600426-42;2026-02-03;PLEN;80928;true;Aprovada a Redação Final assinada pelo relator, Dep. Alberto Fraga (PL/DF).
2585316-39;2026-02-03;PLEN;80928;true;Aprovado o Substitutivo ao Projeto de Lei nº 5.874, de 2025, adotado pelo relator da Comissão de Administração e Serviço Público, ressalvado o destaque.
2585316-44;2026-02-03;PLEN;80928;false;Rejeitadas as Emendas ao Substitutivo.
2585316-45;2026-02-03;PLEN;80928;;Mantido o texto.
2585316-47;2026-02-03;PLEN;80928;true;Aprovada a Redação Final assinada pelo relator, Dep. Átila Lira (PP/PI).
2601794-5;2026-02-09;PLEN;81002;false;"Rejeitado o Recurso nº 2, de 2026, contra parecer terminativo da Comissão de Constituição e Justiça e de Cidadania à Emenda de Plenário nº 3 oferecida ao Projeto de Lei nº 1.743, de 2024. Sim: 151; Não: 244; Abstenção: 3; Total: 398."
2432865-61;2026-02-09;PLEN;81002;false;"Rejeitado o Recurso nº 2, de 2026, contra parecer terminativo da Comissão de Constituição e Justiça e de Cidadania à Emenda de Plenário nº 3 oferecida ao Projeto de Lei nº 1.743, de 2024. Sim: 151; Não: 244; Abstenção: 3; Total: 398."
2597312-7;2026-02-09;PLEN;81002;true;Aprovado o Requerimento de Urgência (Art. 155 do RICD).
2592030-17;2026-02-09;CCP;;true;Realizar o encaminhamento do PL-6140/2025 à CCJC (tramitação simultânea), em razão da aprovação de requerimento de urgência.
2592030-18;2026-02-09;CCP;;true;Realizar o encaminhamento do PL-6140/2025 à CMULHER (tramitação simultânea), em razão da aprovação de requerimento de urgência.
2592030-19;2026-02-09;PLEN;;true;Alteração do Regime de Tramitação desta proposição em virtude da Aprovação do REQ 5919/2025.
2601223-8;2026-02-09;PLEN;81002;true;"Aprovado o Requerimento de Urgência (Art. 155 do RICD). Sim: 337; Não: 19; Total: 356."
2600133-7;2026-02-09;PLEN;81002;true;Aprovado, por unanimidade, o Requerimento de Urgência (Art. 155 do RICD).
2600138-14;2026-02-09;PLEN;;true;Aprovado o requerimento nº 55/2026,do Sr. Antonio Brito, que solicita urgência (art. 155) para o PRC 80/2025.
2582523-19;2026-02-09;CCP;;true;Realizar o encaminhamento do PRC-80/2025 à MESA (tramitação simultânea), em razão da aprovação de requerimento de urgência.
2582523-20;2026-02-09;CCP;;true;Realizar o encaminhamento do PRC-80/2025 à CCJC (tramitação simultânea), em razão da aprovação de requerimento de urgência.
2582523-21;2026-02-09;CCP;;true;Realizar o encaminhamento do PRC-80/2025 à CCJC (tramitação simultânea), em razão da aprovação de requerimento de urgência.
2600138-15;2026-02-09;PLEN;;true;Alteração do Regime de Tramitação desta proposição em virtude da alteração do regime do PRC 80/2025, por ter sido aprovado o REQ 55/2026 que está apensado ao primeiro.
2601506-8;2026-02-09;PLEN;81002;true;Aprovado, por unanimidade, o Requerimento de Urgência (Art. 155 do RICD).
2485231-35;2026-02-09;CCP;;true;Realizar o encaminhamento do PL-646/2025 à CCJC (tramitação simultânea), em razão da aprovação de requerimento de urgência.
2601246-7;2026-02-09;PLEN;81002;true;Aprovado, por unanimidade, o Requerimento de Urgência (Art. 155 do RICD).
2485911-19;2026-02-09;CCP;;true;Realizar o encaminhamento do PL-756/2025 à CCJC (tramitação simultânea), em razão da aprovação de requerimento de urgência.
2485911-20;2026-02-09;CCP;;true;Realizar o encaminhamento do PL-756/2025 à CTUR (tramitação simultânea), em razão da aprovação de requerimento de urgência.
2601510-8;2026-02-09;PLEN;81002;true;Aprovado, por unanimidade, o Requerimento de Urgência (Art. 155 do RICD).
2601680-7;2026-02-09;PLEN;81002;true;Aprovado, por unanimidade, o Requerimento de Urgência (Art. 155 do RICD).
2484092-45;2026-02-09;CCP;;true;Realizar o encaminhamento do PL-481/2025 à CCJC (tramitação simultânea), em razão da aprovação de requerimento de urgência.
2484092-46;2026-02-09;CCP;;true;Realizar o encaminhamento do PL-481/2025 à CFT (tramitação simultânea), em razão da aprovação de requerimento de urgência.
2596339-8;2026-02-09;PLEN;81002;true;"Aprovado o Requerimento de Urgência (Art. 155 do RICD). Sim: 304; Não: 113; Total: 417."
2481715-36;2026-02-09;CCP;;true;Realizar o encaminhamento do PL-3278/2021 à CCJC (tramitação simultânea), em razão da aprovação de requerimento de urgência.
2481715-37;2026-02-09;CCP;;true;Realizar o encaminhamento do PL-3278/2021 à CFT (tramitação simultânea), em razão da aprovação de requerimento de urgência.
2481715-38;2026-02-09;CCP;;true;Realizar o encaminhamento do PL-3278/2021 à CFT (tramitação simultânea), em razão da aprovação de requerimento de urgência.
2601522-8;2026-02-09;PLEN;81002;true;"Aprovado o Requerimento de Urgência (Art. 155 do RICD). Sim: 298; Não: 132; Total: 430."
2600122-8;2026-02-09;PLEN;81002;true;"Aprovado o Requerimento de Urgência (Art. 155 do RICD). Sim: 307; Não: 113; Abstenção: 3; Total: 423."
2485911-29;2026-02-09;PLEN;81002;true;Aprovado o Substitutivo ao Projeto de Lei nº 756, de 2025, adotado pelo relator da Comissão de Cultura.
2485911-32;2026-02-09;PLEN;81002;true;Aprovada a Redação Final assinada pelo relator, Dep. Romero Rodrigues (PODE/PB).
2562173-21;2026-02-09;PLEN;81002;false;"Rejeitado o Requerimento. Sim: 126; Não: 296; Total: 422."
2562173-27;2026-02-09;PLEN;81002;true;Aprovado, em apreciação preliminar, o Parecer da Comissão Mista, na parte em que manifesta opinião favorável quanto ao atendimento dos pressupostos constitucionais de relevância e urgência e de sua adequação financeira e orçamentária, nos termos do artigo 8º da Resolução nº 01, de 2002-CN.
2562173-28;2026-02-09;PLEN;81002;true;Aprovado, em apreciação preliminar, o Parecer da Comissão Mista, na parte em que manifesta opinião pelo não atendimento dos pressupostos constitucionais de relevância e urgência e de sua adequação financeira e orçamentária, nos termos do artigo 8º da Resolução nº 01, de 2002-CN.
2562173-30;2026-02-09;PLEN;81002;true;"Aprovada a Medida Provisória nº 1.317, de 2025, na forma do Projeto de Lei de Conversão. Sim: 271; Não: 127; Total: 398."
2562173-32;2026-02-09;PLEN;81002;true;Aprovada a Redação Final.
2432865-62;2026-02-09;PLEN;81002;true;Aprovado o Substitutivo ao Projeto de Lei nº 1.743, de 2024, adotado pela relatora da Comissão de Constituição e Justiça e de Cidadania, ressalvados os destaques.
2432865-65;2026-02-09;PLEN;81002;true;Aprovada a Redação Final assinada pela relatora, Dep. Antônia Lúcia (REPUBLIC-AC).
2345500-48;2026-02-09;PLEN;81002;true;Aprovado o Projeto de Lei nº 509, de 2020.
2591974-33;2026-02-10;PLEN;81011;true;Aprovada a Redação Final assinada pelo relator, Dep. Julio Cesar Ribeiro (REPUBLIC/DF).
2600290-55;2026-02-10;MERCOSUL;80976;true;Aprovado o Parecer, apresentou voto em separado o Deputado Renildo Calheiros.
2601390-3;2026-02-10;CPOVOS;80992;true;Aprovado o Requerimento.
2601391-2;2026-02-10;CPOVOS;80992;true;Aprovado o Requerimento, com alteração para incluir os senhores Daniel Bertolini e Erick Jennings, a pedido do Deputado Airton Faleiro.
2601104-2;2026-02-10;CSPCCO;80994;true;Aprovado o Requerimento.
2601106-2;2026-02-10;CSPCCO;80994;true;Aprovado o Requerimento.
2601107-2;2026-02-10;CSPCCO;80994;true;Aprovado o Requerimento.
2601137-2;2026-02-10;CSPCCO;80994;true;Aprovado o Requerimento.
2601159-2;2026-02-10;CSPCCO;80994;true;Aprovado o Requerimento.
2601216-3;2026-02-10;CSPCCO;80994;true;Aprovado o Requerimento.
2601232-2;2026-02-10;CSPCCO;80994;true;Aprovado o Requerimento.
2601280-2;2026-02-10;CSPCCO;80994;true;Aprovado o Requerimento.
2601419-2;2026-02-10;CSPCCO;80994;true;Aprovado o Requerimento.
2601422-2;2026-02-10;CSPCCO;80994;true;Aprovado o Requerimento.
2601424-2;2026-02-10;CSPCCO;80994;true;Aprovado o Requerimento.
2601425-2;2026-02-10;CSPCCO;80994;true;Aprovado o Requerimento.
2601474-2;2026-02-10;CSPCCO;80994;true;Aprovado o Requerimento.
2601491-2;2026-02-10;CSPCCO;80994;true;Aprovado o Requerimento.
2601048-2;2026-02-10;CPD;80998;true;Aprovado o Requerimento.
2601092-2;2026-02-10;CPD;80998;true;Aprovado o Requerimento.
2601503-3;2026-02-10;CPD;80998;true;Aprovado o Requerimento.
2601504-4;2026-02-10;CPD;80998;true;Aprovado o Requerimento.
2377564-56;2026-02-10;CSPCCO;80994;true;Aprovado o Parecer.
2564194-22;2026-02-10;CSPCCO;80994;true;Aprovado o Parecer.
2320232-73;2026-02-10;CSPCCO;80994;true;Aprovado o Parecer.
2431791-29;2026-02-10;CSPCCO;80994;true;Aprovado o Parecer.
2526893-28;2026-02-10;CSPCCO;80994;true;Aprovado o Parecer.
2537342-23;2026-02-10;CSPCCO;80994;true;Aprovado o Parecer.
2482665-25;2026-02-10;CREDN;80990;true;Aprovado o Parecer.
2477790-24;2026-02-10;CREDN;80990;true;Aprovado o Parecer.
2309796-33;2026-02-10;CREDN;80990;true;Aprovado o Parecer, com o voto contrário da Bancada do NOVO da Comissão.
2600278-9;2026-02-10;PLEN;81011;true;"Aprovado o Requerimento de Urgência (Art. 155 do RICD). Sim: 273; Não: 103; Abstenção: 1; Total: 377."
2591974-15;2026-02-10;CCP;;true;Realizar o encaminhamento do PL-6133/2025 à CCJC (tramitação simultânea), em razão da aprovação de requerimento de urgência.
2591974-16;2026-02-10;CCP;;true;Realizar o encaminhamento do PL-6133/2025 à CE (tramitação simultânea), em razão da aprovação de requerimento de urgência.
2591974-17;2026-02-10;CCP;;true;Realizar o encaminhamento do PL-6133/2025 à CFT (tramitação simultânea), em razão da aprovação de requerimento de urgência.
2591974-18;2026-02-10;CCP;;true;Realizar o encaminhamento do PL-6133/2025 à CESPO (tramitação simultânea), em razão da aprovação de requerimento de urgência.
2591974-26;2026-02-10;PLEN;81011;false;"Rejeitado o Requerimento. Sim: 147; Não: 242; Abstenção: 1; Total: 390."
2591974-30;2026-02-10;PLEN;81011;true;Aprovado o Substitutivo ao Projeto de Lei nº 6.133, de 2025, adotado pelo relator da Comissão do Esporte.
2601013-9;2026-02-10;PLEN;81011;true;Aprovado o Requerimento de Urgência (Art. 155 do RICD).
2601040-23;2026-02-10;PLEN;81011;false;"Rejeitado o Requerimento. Sim: 87; Não: 301; Total: 388."
2601040-31;2026-02-10;PLEN;81011;true;"Aprovado o Substitutivo ao Projeto de Lei Complementar nº 14, de 2026, adotado pelo relator da Comissão de Indústria, Comércio e Serviços. Sim: 317; Não: 61; Abstenção: 2; Total: 380."
2601040-34;2026-02-10;PLEN;81011;true;Aprovada a Redação Final assinada pelo relator, Dep. Afonso Motta (PDT/RS).
2600277-9;2026-02-10;PLEN;81011;true;"Aprovado o Requerimento de Urgência (Art. 155 do RICD). Sim: 277; Não: 119; Abstenção: 1; Total: 397."
2591970-20;2026-02-10;CCP;;true;Realizar o encaminhamento do PL-6132/2025 à CCJC (tramitação simultânea), em razão da aprovação de requerimento de urgência.
2591970-21;2026-02-10;CCP;;true;Realizar o encaminhamento do PL-6132/2025 à CE (tramitação simultânea), em razão da aprovação de requerimento de urgência.
2591970-22;2026-02-10;CCP;;true;Realizar o encaminhamento do PL-6132/2025 à CFT (tramitação simultânea), em razão da aprovação de requerimento de urgência.
2591970-23;2026-02-10;CCP;;true;Realizar o encaminhamento do PL-6132/2025 à CPOVOS (tramitação simultânea), em razão da aprovação de requerimento de urgência.
2591970-30;2026-02-10;PLEN;81011;true;Aprovado o Projeto de Lei nº 6.132, de 2025.
2591970-32;2026-02-10;PLEN;81011;true;Aprovada a Redação Final assinada pela relatora, Dep. Célia Xakriabá (PSOL/MG).
2566155-60;2026-02-11;MESA;;true;Retirado o REQ n. 5237/2025, em razão do deferimento do Requerimento n. REQ 5305/2025, nos termos do artigo 104, caput, combinado com o artigo 114, VII, ambos do RICD.
2601559-2;2026-02-11;CDU;80997;true;Aprovado o Requerimento.
2601409-2;2026-02-11;CDU;80997;true;Aprovado o Requerimento.
2601255-2;2026-02-11;CTRAB;80995;true;Aprovado o Requerimento, com incluisão de convidado (DIEESE).
2601256-2;2026-02-11;CTRAB;80995;true;Aprovado o Requerimento, com inclusão de convidado (Associação Nacional dos Procuradores e Procuradoras do Trabalho - ANPT).
2601254-4;2026-02-11;CTRAB;80995;true;Aprovado o Requerimento.
2601257-2;2026-02-11;CTRAB;80995;true;Aprovado o Requerimento.
2194583-51;2026-02-11;CDU;80997;true;Aprovado o Parecer.
2601524-2;2026-02-11;CTRAB;80995;true;Aprovado o Requerimento.
2601542-2;2026-02-11;CTRAB;80995;true;Aprovado o Requerimento.
2488154-3;2026-02-11;CME;80973;true;Aprovado o Requerimento.
2565424-2;2026-02-11;CME;80973;true;Aprovado o Requerimento.
2601808-2;2026-02-11;CME;80973;true;Aprovado o Requerimento.
2566032-3;2026-02-11;CME;80973;true;Aprovado o Requerimento.
2579047-4;2026-02-11;CME;80973;true;Aprovado o Requerimento.
2596244-3;2026-02-11;CME;80973;true;Aprovado o Requerimento.
2601502-3;2026-02-11;CME;80973;true;Aprovado o Requerimento.
2472872-40;2026-02-11;CME;80973;true;Aprovado o Parecer.
2540857-26;2026-02-11;CME;80973;true;Aprovado o Parecer.
2481978-25;2026-02-11;CCOM;80772;true;Aprovado o Parecer.
2484224-23;2026-02-11;CCOM;80772;true;Aprovado o Parecer.
2486620-23;2026-02-11;CCOM;80772;true;Aprovado o Parecer.
2487945-25;2026-02-11;CCOM;80772;true;Aprovado o Parecer.
2490326-23;2026-02-11;CCOM;80772;true;Aprovado o Parecer.
2490332-23;2026-02-11;CCOM;80772;true;Aprovado o Parecer.
2490361-24;2026-02-11;CCOM;80772;true;Aprovado o Parecer.
2502795-23;2026-02-11;CCOM;80772;true;Aprovado o Parecer.
2502809-23;2026-02-11;CCOM;80772;true;Aprovado o Parecer.
2502815-23;2026-02-11;CCOM;80772;true;Aprovado o Parecer.
2601080-2;2026-02-11;CPASF;80982;true;Aprovado o Requerimento.
2601082-2;2026-02-11;CPASF;80982;true;Aprovado o Requerimento.
2601493-2;2026-02-11;CPASF;80982;true;Aprovado o Requerimento.
2473101-36;2026-02-11;SECAP(SGM);;true;Deferido o requerimento REQ 5277/2025 , nos termos do artigo 104, caput, do RICD
2487262-384;2026-02-11;SECAP(SGM);;true;Deferido o requerimento REQ 5786/2025 , nos termos do artigo 104, caput, do RICD
2561008-5;2026-02-23;CCP;;true;Realizar o encaminhamento da MPV-1315/2025 à MPV131525 (tramitação simultânea), em razão da aprovação de requerimento de urgência.
2561008-6;2026-02-23;CCP;;true;Realizar o encaminhamento da MPV-1315/2025 à MPV131525 (tramitação simultânea), em razão da aprovação de requerimento de urgência.
2561008-7;2026-02-23;CCP;;true;Realizar o encaminhamento da MPV-1315/2025 à MPV131525 (tramitação simultânea), em razão da aprovação de requerimento de urgência.
2561008-8;2026-02-23;CCP;;true;Realizar o encaminhamento da MPV-1315/2025 à MPV131525 (tramitação simultânea), em razão da aprovação de requerimento de urgência.
2561008-9;2026-02-23;CCP;;true;Realizar o encaminhamento da MPV-1315/2025 à MPV131525 (tramitação simultânea), em razão da aprovação de requerimento de urgência.
2579832-155;2026-02-24;PLEN;81075;true;Aprovada a Redação Final assinada pelo relator, Dep. Guilherme Derrite (PP/SP).
2603710-2;2026-02-24;CPOVOS;81058;true;Aprovado o Requerimento.
2603711-2;2026-02-24;CPOVOS;81058;true;Aprovado o Requerimento.
2531970-24;2026-02-24;CPOVOS;81058;true;Aprovado o Parecer.
2481855-22;2026-02-24;CPOVOS;81058;true;Aprovado o Parecer.
2579832-143;2026-02-24;PLEN;81075;true;Aprovado o Requerimento.
2579832-147;2026-02-24;PLEN;81075;true;Aprovado o Destaque nº 38. Os dispositivos constantes nesste Destaque serão convertidos em Projeto de Lei Autônomo e não integram o Substitutivo do Senado Federal a ser deliberado.
2579832-149;2026-02-24;PLEN;81075;true;Aprovada a parte do Substitutivo do Senado Federal ao Projeto de Lei nº 5.582, de 2025, com parecer pela aprovação.
2579832-151;2026-02-24;PLEN;81075;false;Rejeitada a parte do Substitutivo do Senado Federal ao Projeto de Lei nº 5.582, de 2025, com parecer pela rejeição.
2579832-153;2026-02-24;PLEN;81075;true;Aprovada a Emenda de Redação.
2600838-42;2026-02-24;PLEN;81075;true;Aprovado o Substitutivo ao Projeto de Lei nº 278, de 2026, adotado pelo relator da Comissão de Meio Ambiente e Desenvolvimento Sustentável, ressalvado o destaque.
2600838-46;2026-02-24;PLEN;81075;false;"Rejeitada a Emenda de Plenário nº 68. Sim: 105; Não: 232; Total: 337."
2600838-48;2026-02-24;PLEN;81075;true;Aprovada a Redação Final assinada pelo relator, Dep. Aguinaldo Ribeiro (PP/PB).
2603587-2;2026-02-24;CASP;81021;true;Aprovado o Requerimento.
2603628-2;2026-02-24;CASP;81021;true;Aprovado o Requerimento, com alteração para incluir o Ministério Público do Trabalho, a pedido da Deputada Professora Luciene Cavalcante.
2603590-2;2026-02-24;CASP;81021;true;Aprovado o Requerimento.
2603626-2;2026-02-24;CASP;81021;true;Aprovado o Requerimento.
2603627-2;2026-02-24;CASP;81021;true;Aprovado o Requerimento.
2088105-44;2026-02-24;CASP;81021;true;Aprovado o Parecer.
2603737-2;2026-02-24;CASP;81021;true;Aprovado o Requerimento.
2603738-2;2026-02-24;CASP;81021;true;Aprovado o Requerimento.
2603588-3;2026-02-24;CASP;81021;true;Aprovado o Requerimento, com alteração para incluir o senhor Rudi Cassel, advogado especialista em Direito Constitucional, a pedido da Deputada Alice Portugal.
2226261-58;2026-02-24;CASP;81021;true;Aprovado o Parecer.
2239003-53;2026-02-24;CASP;81021;true;Aprovado o Parecer.
2601555-2;2026-02-24;PL308020;81055;true;Aprovado o Requerimento.
2603756-2;2026-02-24;PL308020;81055;true;Aprovado o Requerimento, com a inclusão dos seguintes munícipios, a pedido da Deputada Maria Rosas: Oswaldo Cruz, Olímpio e Cândido Mota
2603759-2;2026-02-24;PL308020;81055;true;Aprovado o Requerimento.
2603760-2;2026-02-24;PL308020;81055;true;Aprovado o Requerimento.
2604167-8;2026-02-24;CEXRSFEM;;true;Aprovado o Relatório.
2603889-2;2026-02-24;CSPCCO;80843;true;Aprovado o Requerimento.
2601751-2;2026-02-24;CSPCCO;80843;true;"Aprovado o Requerimento, com a inclusão dos convidados: Ronimar Vargas Jobim, Coordenador-Geral de Fronteiras e Amazônia - MJSP; Wagner Ferreira da Silva, Secretário-Executivo da Secretaria de Segurança Pública - SEJUSP/MS; Salésio Nuhs, Presidente da Associação Nacional da Indústria de Armas e Munições - ANIAM."
2601878-2;2026-02-24;CSPCCO;80843;true;Aprovado o Requerimento.
2602156-2;2026-02-24;CSPCCO;80843;true;Aprovado o Requerimento.
2602207-2;2026-02-24;CSPCCO;80843;true;Aprovado o Requerimento.
2602565-3;2026-02-24;CSPCCO;80843;true;Aprovado o Requerimento.
2602626-2;2026-02-24;CSPCCO;80843;true;Aprovado o Requerimento.
2603078-2;2026-02-24;CSPCCO;80843;true;Aprovado o Requerimento.
2603094-2;2026-02-24;CSPCCO;80843;true;Aprovado o Requerimento.
2603124-2;2026-02-24;CSPCCO;80843;true;Aprovado o Requerimento.
2603169-2;2026-02-24;CSPCCO;80843;true;Aprovado o Requerimento, com voto contrário do Deputado Pastor Henrique Vieira.
2603170-2;2026-02-24;CSPCCO;80843;true;Aprovado o Requerimento, com voto contrário do Deputado Pastor Henrique Vieira.
2603176-2;2026-02-24;CSPCCO;80843;true;Aprovado o Requerimento.
2603178-2;2026-02-24;CSPCCO;80843;true;Aprovado o Requerimento.
2603180-2;2026-02-24;CSPCCO;80843;true;Aprovado o Requerimento.
2603392-2;2026-02-24;CSPCCO;80843;true;Aprovado o Requerimento, com voto contrário do Deputado Pastor Henrique Vieira.
2603498-2;2026-02-24;CSPCCO;80843;true;Aprovado o Requerimento.
2603739-2;2026-02-24;CSPCCO;80843;true;Aprovado o Requerimento.
2603740-2;2026-02-24;CSPCCO;80843;true;Aprovado o Requerimento.
2603744-2;2026-02-24;CSPCCO;80843;true;Aprovado o Requerimento.
2603745-2;2026-02-24;CSPCCO;80843;true;Aprovado o Requerimento.
2603750-2;2026-02-24;CSPCCO;80843;true;Aprovado o Requerimento.
2603752-2;2026-02-24;CSPCCO;80843;true;Aprovado o Requerimento.
2603753-2;2026-02-24;CSPCCO;80843;true;Aprovado o Requerimento.
2603766-2;2026-02-24;CSPCCO;80843;true;Aprovado o Requerimento.
2603775-2;2026-02-24;CSPCCO;80843;true;Aprovado o Requerimento.
2603777-2;2026-02-24;CSPCCO;80843;true;Aprovado o Requerimento.
2603787-2;2026-02-24;CSPCCO;80843;true;Aprovado o Requerimento.
2528559-37;2026-02-24;CSPCCO;80843;true;Aprovado o Parecer.
2565231-24;2026-02-24;CSPCCO;80843;true;Aprovado o Parecer.
2531455-25;2026-02-24;CSPCCO;80843;true;Aprovado o Parecer.
2570829-24;2026-02-24;CSPCCO;80843;true;Aprovado o Parecer.
2128821-176;2026-02-24;CCJC;81045;true;Aprovada a Redação Final.
2197437-86;2026-02-24;CCJC;81045;true;Aprovada a Redação Final.
2414735-35;2026-02-24;CCJC;81045;true;Aprovada a Redação Final.
2351677-75;2026-02-24;CCJC;81045;true;Aprovada a Redação Final.
2375003-51;2026-02-24;CCJC;81045;true;Aprovada a Redação Final.
2418991-80;2026-02-24;CCJC;81045;true;Aprovada a Redação Final.
2532248-32;2026-02-24;CCJC;81045;true;Aprovada a Redação Final.
2532276-32;2026-02-24;CCJC;81045;true;Aprovada a Redação Final.
2560569-32;2026-02-24;CCJC;81045;true;Aprovada a Redação Final.
281460-144;2026-02-24;CCJC;81045;true;Aprovada a Redação Final.
2259808-156;2026-02-24;CCJC;81045;true;Aprovada a Redação Final.
2518465-20;2026-02-24;CCJC;81045;true;Aprovado o Parecer.
2518489-18;2026-02-24;CCJC;81045;true;Aprovado o Parecer.
2532220-17;2026-02-24;CCJC;81045;true;Aprovado o Parecer.
2532228-18;2026-02-24;CCJC;81045;true;Aprovado o Parecer.
2532254-17;2026-02-24;CCJC;81045;true;Aprovado o Parecer.
2532283-17;2026-02-24;CCJC;81045;true;Aprovado o Parecer.
2532285-17;2026-02-24;CCJC;81045;true;Aprovado o Parecer.
2535333-18;2026-02-24;CCJC;81045;true;Aprovado o Parecer.
2535334-20;2026-02-24;CCJC;81045;true;Aprovado o Parecer.
2547286-22;2026-02-24;CCJC;81045;true;Aprovado o Parecer.
2547287-22;2026-02-24;CCJC;81045;true;Aprovado o Parecer.
2547303-22;2026-02-24;CCJC;81045;true;Aprovado o Parecer.
2547310-22;2026-02-24;CCJC;81045;true;Aprovado o Parecer.
2550987-17;2026-02-24;CCJC;81045;true;Aprovado o Parecer.
2565009-17;2026-02-24;CCJC;81045;true;Aprovado o Parecer.
2541924-20;2026-02-24;CCJC;81045;true;Aprovado o Parecer.
2495111-49;2026-02-24;CCJC;81045;true;Aprovado o Parecer.
2334926-27;2026-02-24;CCJC;81045;false;"Rejeitado o Requerimento de Retirada de Pauta. Resultado: 18 votos ""Sim"", 19 votos ""Não"". Quórum de votação: 37 votos."
533105-109;2026-02-24;CCJC;81045;false;"Rejeitado o Requerimento de Retirada de Pauta. Resultado: 12 votos ""Sim"", 24 votos ""Não"". Quórum de votação: 36 votos."
2356977-37;2026-02-24;CCJC;81045;true;Aprovado o Parecer.
2117806-79;2026-02-24;CCJC;81045;true;Aprovado o Parecer.
2453624-27;2026-02-25;CME;81035;true;Aprovado o Parecer Vencedor, do Dep. Arnaldo Jardim (CIDADANIA-SP), pela rejeição.
2602729-2;2026-02-25;CREDN;81062;true;Aprovado o Requerimento.
2603697-2;2026-02-25;CREDN;81062;true;Aprovado o Requerimento.
2603698-2;2026-02-25;CREDN;81062;true;Aprovado o Requerimento.
2603917-2;2026-02-25;CREDN;81062;true;Subscrito pelos deputados Evair Vieira de Melo (PP/ES), Marcel van Hattem (NOVO/RS) e Ricardo Salles (NOVO/SP). Aprovado o Requerimento.
2603599-2;2026-02-25;CREDN;81062;true;Aprovado o Requerimento.
2485907-31;2026-02-25;CREDN;81062;true;Aprovado o Parecer, com o voto contrário do deputado Arlindo Chinaglia.
2373729-49;2026-02-25;CREDN;81062;true;Aprovado o Parecer, com os votos contrários dos deputados Arlindo Chinaglia e Sâmia Bomfim.
2600837-2;2026-02-25;CSAUDE;80956;true;Aprovado o Requerimento.
2601071-2;2026-02-25;CSAUDE;80956;true;Aprovado o Requerimento.
2601073-2;2026-02-25;CSAUDE;80956;true;Aprovado o Requerimento.
2601233-3;2026-02-25;CSAUDE;80956;true;Aprovado o Requerimento.
2601394-2;2026-02-25;CSAUDE;80956;true;Aprovado o Requerimento.
2601545-3;2026-02-25;CSAUDE;80956;true;Aprovado o Requerimento.
2601546-2;2026-02-25;CSAUDE;80956;true;Aprovado o Requerimento.
2601842-2;2026-02-25;CSAUDE;80956;true;Aprovado o Requerimento.
2601943-2;2026-02-25;CSAUDE;80956;true;Aprovado o Requerimento.
2602349-2;2026-02-25;CSAUDE;80956;true;Aprovado o Requerimento.
2602899-2;2026-02-25;CSAUDE;80956;true;Aprovado o Requerimento.
2602901-2;2026-02-25;CSAUDE;80956;true;Aprovado o Requerimento.
2603199-2;2026-02-25;CSAUDE;80956;true;Aprovado o Requerimento.
2603224-2;2026-02-25;CSAUDE;80956;true;Aprovado o Requerimento.
2603257-2;2026-02-25;CSAUDE;80956;true;Aprovado o Requerimento.
2603316-2;2026-02-25;CSAUDE;80956;true;Aprovado o Requerimento.
2603514-2;2026-02-25;CSAUDE;80956;true;Aprovado o Requerimento.
2603642-2;2026-02-25;CSAUDE;80956;true;Aprovado o Requerimento.
2603645-2;2026-02-25;CSAUDE;80956;true;Aprovado o Requerimento.
2603730-2;2026-02-25;CSAUDE;80956;true;Aprovado o Requerimento.
2603731-2;2026-02-25;CSAUDE;80956;true;Aprovado o Requerimento.
2603790-2;2026-02-25;CSAUDE;80956;true;Aprovado o Requerimento.
2603810-2;2026-02-25;CSAUDE;80956;true;Aprovado o Requerimento.
2603897-2;2026-02-25;CSAUDE;80956;true;Aprovado o Requerimento.
2603918-3;2026-02-25;CSAUDE;80956;true;Aprovado o Requerimento.
2603939-2;2026-02-25;CSAUDE;80956;true;Aprovado o Requerimento.
2603940-2;2026-02-25;CSAUDE;80956;true;Aprovado o Requerimento.
2603941-2;2026-02-25;CSAUDE;80956;true;Aprovado o Requerimento.
582806-96;2026-02-25;CSAUDE;;true;Aprovado o requerimento nº 33/2026,da Sra. Adriana Ventura que requer a realização de audiência pública para debater o Substitutivo ao Projeto de Lei nº 5.875, de 2013, e apensados, apresentado por esta Relatora.
2565430-23;2026-02-25;CSAUDE;80956;true;Aprovado o Parecer.
2476596-38;2026-02-25;CSAUDE;80956;true;Aprovado o Parecer.
1598853-36;2026-02-25;CSAUDE;80956;true;Aprovado o Parecer.
2502949-24;2026-02-25;CSAUDE;80956;true;Aprovado o Parecer.
2553753-25;2026-02-25;CSAUDE;80956;true;Aprovado o Parecer.
2495647-26;2026-02-25;CSAUDE;80956;true;Aprovado o Parecer.
2469396-23;2026-02-25;CSAUDE;80956;true;Aprovado o Parecer.
2603809-4;2026-02-25;CSAUDE;80956;true;Aprovado o Requerimento, com alteração. Aprovada a inclusão de representante da fundação Bahiafarma, apresentada pelo Deputado Jorge Solla.
2603942-4;2026-02-25;CSAUDE;80956;true;Aprovado o Requerimento com alteração. Aprovada a inclusão de representante do Centro Brasileiro de Estudos de Saúde e de representante do movimento Estratégia Latino Americana de Inteligência Artificial, apresentada pela Deputada Ana Paula Lima.
2601404-2;2026-02-25;CINDRE;81030;true;Aprovado o Requerimento.
2603794-2;2026-02-25;CINDRE;81030;true;Aprovado o Requerimento.
2455017-26;2026-02-25;CINDRE;81030;true;Aprovado o Parecer.
2487944-36;2026-02-25;CCJC;81057;true;Aprovado o Parecer.
2603629-4;2026-02-25;CME;81035;true;Aprovado o Requerimento, com o aditamento requerido.
2345653-67;2026-02-25;CCJC;81057;true;Aprovado o Parecer.
2397600-53;2026-02-25;CME;81035;true;Aprovado o Parecer.
2453624-25;2026-02-25;CME;81035;false;Rejeitado o Parecer.
2601405-4;2026-02-25;CDE;81026;true;Aprovado o Requerimento, subscrito pela Deputada Any Ortiz.
2601574-2;2026-02-25;CDE;81026;true;Aprovado o Requerimento.
2601602-2;2026-02-25;CDE;81026;true;Aprovado o Requerimento.
2498116-32;2026-02-25;CME;81035;true;Aprovado o Parecer.
2603448-2;2026-02-25;CDE;81026;true;Aprovado o Requerimento.
2603452-2;2026-02-25;CDE;81026;true;Aprovado o Requerimento.
2603778-3;2026-02-25;CDE;81026;true;Aprovado o Requerimento.
2603851-2;2026-02-25;CDE;81026;true;Aprovado o Requerimento.
2589020-21;2026-02-25;CDE;81026;true;Aprovado o Parecer.
2432400-34;2026-02-25;CDE;81026;true;Aprovado o Parecer.
2603271-2;2026-02-25;CTRAB;81019;true;Aprovado o Requerimento, com alteração. O Deputado Túlio Gadelha subscreveu o requerimento.
2603732-2;2026-02-25;CTRAB;81019;true;Aprovado o Requerimento. A Deputada Erika Kokay subscreveu o requerimento.
2603880-2;2026-02-25;CTRAB;81019;true;Aprovado o Requerimento, com alteração. O Deputado Túlio Gadelha subscreveu o requerimento.
2603881-2;2026-02-25;CTRAB;81019;true;Aprovado o Requerimento, com alteração. O Deputado Túlio Gadelha subscreveu o requerimento.
2517647-33;2026-02-25;CTRAB;81019;true;Aprovado o Parecer.
2561408-21;2026-02-25;CTRAB;81019;true;Aprovado o Parecer.
2600870-4;2026-02-25;CCTI;81068;true;Aprovado o Requerimento.
2600888-5;2026-02-25;CCTI;81068;true;Aprovado o Requerimento.
2600969-5;2026-02-25;CCTI;81068;true;Aprovado o Requerimento.
2600871-2;2026-02-25;CVT;81059;true;Aprovado o Requerimento.
2600873-2;2026-02-25;CVT;81059;true;Aprovado o Requerimento.
2601045-2;2026-02-25;CVT;81059;true;Aprovado o Requerimento.
2601047-2;2026-02-25;CVT;81059;true;Aprovado o Requerimento.
2601050-2;2026-02-25;CVT;81059;true;Aprovado o Requerimento.
2601051-2;2026-02-25;CVT;81059;true;Aprovado o Requerimento.
2601055-2;2026-02-25;CVT;81059;true;Aprovado o Requerimento.
2603469-2;2026-02-25;CVT;81059;true;Aprovado o Requerimento.
2603470-2;2026-02-25;CVT;81059;true;Aprovado o Requerimento.
2603471-2;2026-02-25;CVT;81059;true;Aprovado o Requerimento.
2604317-2;2026-02-25;CVT;81059;true;Aprovado o Requerimento.
2602129-2;2026-02-25;CVT;81059;true;Aprovado o Requerimento, com alteração para incluir a Federação das Indústrias do Estado do Rio de Janeiro (Firjan). Subscrito pelo deputado Hugo Leal.
2603808-2;2026-02-25;CVT;81059;true;Aprovado o Requerimento, com alteração para incluir a FENOP. Subscrito pelo deputado Diego Andrade.
2603920-2;2026-02-25;CVT;81059;true;Aprovado o Requerimento. Subscrito pelo deputado Bebeto.
2603921-2;2026-02-25;CVT;81059;true;Aprovado o Requerimento, com alteração para incluir a Associação Brasileira das Locadoras de Automóveis (ABLA) e a Associação Brasileira das Empresas de Pagamento Automático para Mobilidade (ABEPAM).
2603576-2;2026-02-25;CVT;81059;true;Aprovado o Requerimento. Subscrito pelo deputado Leônidas Cristino.
2385835-30;2026-02-25;CVT;81059;true;Aprovado o Parecer.
2348338-35;2026-02-25;CVT;81059;true;Aprovado o Parecer.
2450509-24;2026-02-25;CVT;81059;true;Aprovado o Parecer.
1548586-145;2026-02-25;CVT;81059;true;Aprovado o Parecer.
2601193-2;2026-02-25;CESPO;81005;true;Aprovado o Requerimento.
2601194-2;2026-02-25;CESPO;81005;true;Aprovado o Requerimento.
2601978-3;2026-02-25;CESPO;81005;true;Aprovado o Requerimento.
2602839-2;2026-02-25;CESPO;81005;true;Aprovado o Requerimento.
2602840-3;2026-02-25;CESPO;81005;true;Aprovado o Requerimento.
2603293-3;2026-02-25;CESPO;81005;true;Aprovado o Requerimento.
2603751-2;2026-02-25;CESPO;81005;true;Aprovado o Requerimento.
2482955-31;2026-02-25;CESPO;81005;true;Aprovado o Parecer.
2567414-23;2026-02-25;CESPO;81005;true;Aprovado o Parecer.
2603736-3;2026-02-25;CIDOSO;80765;true;Aprovado o Requerimento.
2604002-3;2026-02-25;CIDOSO;80765;true;Aprovado o Requerimento.
2604010-3;2026-02-25;CIDOSO;80765;true;Aprovado o Requerimento.
2603854-3;2026-02-25;CIDOSO;80765;true;Aprovado, com alteração para incluir no tema o Acidente Vascular Cerebral (AVC), a pedido do autor do requerimento.
2573245-25;2026-02-25;CIDOSO;80765;true;Aprovado o Parecer.
2577183-21;2026-02-25;CIDOSO;80765;true;Aprovado o Parecer.
2602870-2;2026-02-25;CCULT;81013;true;Aprovado o Requerimento.
2602873-2;2026-02-25;CCULT;81013;true;Aprovado o Requerimento.
2602927-2;2026-02-25;CCULT;81013;true;Aprovado o Requerimento.
2602928-2;2026-02-25;CCULT;81013;true;Aprovado o Requerimento.
2603902-2;2026-02-25;CCULT;81013;true;Aprovado o Requerimento.
2603979-2;2026-02-25;CCULT;81013;true;Aprovado o Requerimento.
2603980-2;2026-02-25;CCULT;81013;true;Aprovado o Requerimento.
2603994-2;2026-02-25;CCULT;81013;true;Aprovado o Requerimento.
2415997-30;2026-02-25;CTUR;81064;true;Aprovado o Parecer.
2604021-4;2026-02-25;CTUR;81064;true;Aprovado o Requerimento.
2528388-23;2026-02-25;CCULT;81013;true;Aprovado o Parecer.
2434420-24;2026-02-25;CCULT;81013;true;Aprovado o Parecer.
2566520-23;2026-02-25;CCULT;81013;true;Aprovado o Parecer.
2526876-22;2026-02-25;CCULT;81013;true;Aprovado o Parecer.
2558657-23;2026-02-25;CCULT;81013;true;Aprovado o Parecer.
2604013-18;2026-02-25;PLEN;81084;true;Aprovado o Projeto de Decreto Legislativo nº 41, de 2026.
2604013-20;2026-02-25;PLEN;81084;true;Aprovada a Redação Final, assinada pelo relator, Dep. Marcos Pereira (REPUBLIC-SP).
2586210-9;2026-02-25;PLEN;81084;true;Aprovado, por unanimidade, o Requerimento de Urgência (Art. 155 do RICD).
2585361-17;2026-02-25;CCP;;true;Realizar o encaminhamento do PL-5878/2025 à CCJC (tramitação simultânea), em razão da aprovação de requerimento de urgência.
2585361-18;2026-02-25;PLEN;;true;Alteração do Regime de Tramitação desta proposição em virtude da Aprovação do REQ 4937/2025.
2604384-7;2026-02-25;PLEN;81084;true;Aprovado o Requerimento de Urgência (Art. 155 do RICD).
2604172-14;2026-02-25;CCP;;true;Realizar o encaminhamento da MSC-126/2026 à CAPADR (tramitação simultânea), em razão da aprovação de requerimento de urgência.
2604172-15;2026-02-25;CCP;;true;Realizar o encaminhamento da MSC-126/2026 à CCJC (tramitação simultânea), em razão da aprovação de requerimento de urgência.
2604172-16;2026-02-25;CCP;;true;Realizar o encaminhamento da MSC-126/2026 à CFT (tramitação simultânea), em razão da aprovação de requerimento de urgência.
2604172-17;2026-02-25;CCP;;true;Realizar o encaminhamento da MSC-126/2026 à CFT (tramitação simultânea), em razão da aprovação de requerimento de urgência.
2604172-18;2026-02-25;CCP;;true;Realizar o encaminhamento da MSC-126/2026 à CME (tramitação simultânea), em razão da aprovação de requerimento de urgência.
2604172-19;2026-02-25;CCP;;true;Realizar o encaminhamento da MSC-126/2026 à CREDN (tramitação simultânea), em razão da aprovação de requerimento de urgência.
2602913-8;2026-02-25;PLEN;81084;true;Aprovado o Requerimento de Urgência (Art. 155 do RICD).
2603342-17;2026-02-25;CCP;;true;Realizar o encaminhamento da MSC-112/2026 à CCJC (tramitação simultânea), em razão da aprovação de requerimento de urgência.
2603342-18;2026-02-25;CCP;;true;Realizar o encaminhamento da MSC-112/2026 à CFT (tramitação simultânea), em razão da aprovação de requerimento de urgência.
2603342-19;2026-02-25;CCP;;true;Realizar o encaminhamento da MSC-112/2026 à CFT (tramitação simultânea), em razão da aprovação de requerimento de urgência.
2603342-20;2026-02-25;CCP;;true;Realizar o encaminhamento da MSC-112/2026 à CMADS (tramitação simultânea), em razão da aprovação de requerimento de urgência.
2603342-21;2026-02-25;PLEN;;true;Alteração do Regime de Tramitação desta proposição em virtude da Aprovação do REQ 1090/2026.
2604383-7;2026-02-25;PLEN;81084;true;"Aprovado o Requerimento de Urgência (Art. 155 do RICD). Sim: 308; Não: 120; Total: 428."
2603342-23;2026-02-25;CCP;;true;Realizar o encaminhamento da MSC-112/2026 à CCJC (tramitação simultânea), em razão da aprovação de requerimento de urgência.
2603342-24;2026-02-25;CCP;;true;Realizar o encaminhamento da MSC-112/2026 à CFT (tramitação simultânea), em razão da aprovação de requerimento de urgência.
2603342-25;2026-02-25;CCP;;true;Realizar o encaminhamento da MSC-112/2026 à CFT (tramitação simultânea), em razão da aprovação de requerimento de urgência.
2603342-26;2026-02-25;CCP;;true;Realizar o encaminhamento da MSC-112/2026 à CMADS (tramitação simultânea), em razão da aprovação de requerimento de urgência.
2604157-7;2026-02-25;PLEN;81084;true;Aprovado o Requerimento de Urgência (Art. 155 do RICD).
2604172-26;2026-02-25;PLEN;81084;true;Aprovado o Projeto de Decreto Legislativo nº 51, de 2026, adotado pelo relator da Comissão de Relações Exteriores e de Defesa Nacional.
2604172-28;2026-02-25;PLEN;81084;true;Aprovada a Redação Final assinada pelo relator, Dep. Jonas Donizette (PSB/SP).
2603342-31;2026-02-25;PLEN;81084;false;Rejeitado o Requerimento.
2603342-34;2026-02-25;PLEN;81084;false;Rejeitado o Requerimento.
2603342-39;2026-02-25;PLEN;81084;false;Rejeitado o Requerimento.
2603342-42;2026-02-25;PLEN;81084;true;"Aprovado o Projeto de Decreto Legislativo nº 50, de 2026, adotado pelo relator da Comissão de Relações Exteriores e de Defesa Nacional. Sim: 307; Não: 136; Abstenção: 1; Total: 444."
2603342-44;2026-02-25;PLEN;81084;true;Aprovada a Redação Final assinada pelo relator, Dep. Nilto Tatto (PT/SP).
2604489-3;2026-02-25;CPASF;81037;true;Aprovado o Requerimento.
2603154-3;2026-02-25;CPASF;81037;false;Rejeitado o Requerimento de Retirada de Pauta.
2471418-23;2026-02-25;CCOM;81040;true;Aprovado o Parecer.
2486042-23;2026-02-25;CCOM;81040;true;Aprovado o Parecer.
2486044-23;2026-02-25;CCOM;81040;true;Aprovado o Parecer.
2486061-23;2026-02-25;CCOM;81040;true;Aprovado o Parecer.
2486067-23;2026-02-25;CCOM;81040;true;Aprovado o Parecer.
2486069-23;2026-02-25;CCOM;81040;true;Aprovado o Parecer.
2487928-23;2026-02-25;CCOM;81040;true;Aprovado o Parecer.
2487942-23;2026-02-25;CCOM;81040;true;Aprovado o Parecer.
2495097-23;2026-02-25;CCOM;81040;true;Aprovado o Parecer.
2498570-23;2026-02-25;CCOM;81040;true;Aprovado o Parecer.
2498599-23;2026-02-25;CCOM;81040;true;Aprovado o Parecer.
2498605-23;2026-02-25;CCOM;81040;true;Aprovado o Parecer.
2498657-23;2026-02-25;CCOM;81040;true;Aprovado o Parecer.
2591987-22;2026-02-25;CCOM;81040;true;Aprovado o Parecer.
2603154-11;2026-02-25;CPASF;81037;true;Aprovado o Requerimento, em votação em bloco com os Requerimentos 5/2026 e 6/2026, com os votos contrários das Deputadas Ana Paula Lima e Lenir de Assis.
2603562-2;2026-02-25;CPASF;81037;true;Aprovado o Requerimento, em votação em bloco com Requerimentos 4/2026 e 6/2026, com os votos contrários das Deputadas Ana Paula Lima e Lenir de Assis.
2603765-2;2026-02-25;CPASF;81037;true;Aprovado o Requerimento.
2603712-2;2026-02-25;CPASF;81037;true;Aprovado o Requerimento em votação em bloco com os Requerimento 4/2026 e 5/2026, com os votos contrários das Deputadas Ana Paula Lima e Lenir de Assis.
2603981-2;2026-02-25;CPASF;81037;true;Aprovado o Requerimento.
2482618-42;2026-02-25;CPASF;81037;true;Aprovado o Parecer.
2388126-29;2026-02-25;CDHMIR;81004;true;Aprovado o Parecer.
2459246-37;2026-02-25;CDHMIR;81004;true;Aprovado o Parecer.
2487399-38;2026-02-25;CDHMIR;81004;true;Aprovado o Parecer.
2601929-2;2026-02-25;CDHMIR;81076;true;Aprovado o Requerimento.
2601931-2;2026-02-25;CDHMIR;81076;true;Aprovado o Requerimento.
2601933-2;2026-02-25;CDHMIR;81076;true;Aprovado o Requerimento.
2603945-2;2026-02-25;CDHMIR;81076;true;Aprovado o Requerimento.
2603995-2;2026-02-25;CDHMIR;81076;true;Aprovado o Requerimento.
2408001-7;2026-02-26;PLEN;81115;true;Aprovado o Requerimento de Urgência (Art. 155 do RICD).
2382675-60;2026-02-26;CCP;;true;Realizar o encaminhamento do PL-4133/2023 à CCJC (tramitação simultânea), em razão da aprovação de requerimento de urgência.
2382675-61;2026-02-26;CCP;;true;Realizar o encaminhamento do PL-4133/2023 à CDE (tramitação simultânea), em razão da aprovação de requerimento de urgência.
2382675-62;2026-02-26;PLEN;;true;Alteração do Regime de Tramitação desta proposição em virtude da Aprovação do REQ 4131/2023.
2469282-8;2026-02-26;PLEN;81115;true;Aprovado o Requerimento de Urgência (Art. 155 do RICD).
2412181-46;2026-02-26;CCP;;true;Realizar o encaminhamento do PL-5967/2023 à CCJC (tramitação simultânea), em razão da aprovação de requerimento de urgência.
2412181-47;2026-02-26;CCP;;true;Realizar o encaminhamento do PL-5967/2023 à CFT (tramitação simultânea), em razão da aprovação de requerimento de urgência.
2481383-7;2026-02-26;PLEN;81115;true;Aprovado, por unanimidade, o Requerimento de Urgência (Art. 155 do RICD).
2442773-22;2026-02-26;CCP;;true;Realizar o encaminhamento do PL-2525/2024 à CCJC (tramitação simultânea), em razão da aprovação de requerimento de urgência.
2442773-23;2026-02-26;CCP;;true;Realizar o encaminhamento do PL-2525/2024 à CCJC (tramitação simultânea), em razão da aprovação de requerimento de urgência.
2442773-24;2026-02-26;CCP;;true;Realizar o encaminhamento do PL-2525/2024 à CSPCCO (tramitação simultânea), em razão da aprovação de requerimento de urgência.
2442773-25;2026-02-26;PLEN;;true;Alteração do Regime de Tramitação desta proposição em virtude da Aprovação do REQ 4996/2024.
2564303-7;2026-02-26;PLEN;81115;true;Aprovado, por unanimidade, o Requerimento de Urgência (Art. 155 do RICD).
2588507-7;2026-02-26;PLEN;81115;true;Aprovado, por unanimidade, o Requerimento de Urgência (Art. 155 do RICD).
2259555-21;2026-02-26;PLEN;;true;Aprovado o requerimento nº 5098/2025,dos Srs. Rodrigo Gambale e Doutor Luizinho, que solicita urgência (art. 155) para o PL 4444/2023.
2259555-22;2026-02-26;PLEN;;true;Alteração do Regime de Tramitação desta proposição em virtude da alteração do regime do PL 4444/2023, por ter sido aprovado o REQ 5098/2025 que está apensado ao primeiro.
2387369-19;2026-02-26;PLEN;;true;Alteração do Regime de Tramitação desta proposição em virtude da Aprovação do REQ 5098/2025.
2595869-9;2026-02-26;PLEN;81115;true;Aprovado, por unanimidade, o Requerimento de Urgência (Art. 155 do RICD).
2265457-19;2026-02-26;PLEN;;true;Aprovado o requerimento nº 5727/2025,dos Srs. Gilberto Abramo e Doutor Luizinho, que solicita urgência (art. 155) para o PL 6240/2013.
2265457-20;2026-02-26;PLEN;;true;Alteração do Regime de Tramitação desta proposição em virtude da alteração do regime do PL 6240/2013, por ter sido aprovado o REQ 5727/2025 que está apensado ao primeiro.
2601103-7;2026-02-26;PLEN;81115;true;Aprovado, por unanimidade, o Requerimento de Urgência (Art. 155 do RICD).
2604899-7;2026-02-26;PLEN;81115;true;Aprovado, por unanimidade, o Requerimento de Urgência (Art. 155 do RICD).
2605026-7;2026-02-26;PLEN;81115;true;Aprovado o Requerimento de Urgência (Art. 155 do RICD).
2605053-7;2026-02-26;PLEN;81115;true;Aprovado o Requerimento de Urgência (Art. 155 do RICD).
2503833-24;2026-02-26;CCP;;true;Realizar o encaminhamento do PL-1769/2019 à CCJC (tramitação simultânea), em razão da aprovação de requerimento de urgência.
2605052-7;2026-02-26;PLEN;81115;true;Aprovado, por unanimidade, o Requerimento de Urgência (Art. 155 do RICD).
2575783-7;2026-02-26;PLEN;81115;true;Aprovado o Requerimento de Urgência (Art. 155 do RICD).
2571101-19;2026-02-26;CCP;;true;Realizar o encaminhamento do PL-5120/2025 à CCJC (tramitação simultânea), em razão da aprovação de requerimento de urgência.
2571101-20;2026-02-26;CCP;;true;Realizar o encaminhamento do PL-5120/2025 à CFT (tramitação simultânea), em razão da aprovação de requerimento de urgência.
2571101-21;2026-02-26;CCP;;true;Realizar o encaminhamento do PL-5120/2025 à CASP (tramitação simultânea), em razão da aprovação de requerimento de urgência.
2532468-61;2026-02-26;PLEN;81115;true;Aprovado o Projeto de Lei nº 2.213, de 2025.
2592030-35;2026-02-26;PLEN;81115;true;Aprovado o Substitutivo ao Projeto de Lei nº 6.140, de 2025, adotado pela relatora da Comissão de Defesa dos Direitos da Mulher.
2592030-38;2026-02-26;PLEN;81115;true;Aprovada a Redação Final assinada pela relatora, Dep. Camila Jara (PT/MS).
2462004-15;2026-02-27;CCP;;true;Realizar o encaminhamento do PL-3879/2024 à CCJC (tramitação simultânea), em razão da aprovação de requerimento de urgência.
2462004-16;2026-02-27;CCP;;true;Realizar o encaminhamento do PL-3879/2024 à CFT (tramitação simultânea), em razão da aprovação de requerimento de urgência.
2462004-17;2026-02-27;CCP;;true;Realizar o encaminhamento do PL-3879/2024 à CASP (tramitação simultânea), em razão da aprovação de requerimento de urgência.
2572994-8;2026-03-02;PLEN;81154;true;"Aprovado o Requerimento de Urgência (Art. 155 do RICD). Sim: 315; Não: 38; Abstenção: 1; Total: 354."
2567351-18;2026-03-02;CCP;;true;Realizar o encaminhamento do PL-2158/2023 à CCJC (tramitação simultânea), em razão da aprovação de requerimento de urgência.
2567351-19;2026-03-02;CCP;;true;Realizar o encaminhamento do PL-2158/2023 à CSAUDE (tramitação simultânea), em razão da aprovação de requerimento de urgência.
2600949-7;2026-03-02;PLEN;81154;true;Aprovado o Requerimento de Urgência (Art. 155 do RICD).
2605089-8;2026-03-02;PLEN;81154;true;Aprovado, por unanimidade, o Requerimento de Urgência (Art. 155 do RICD).
2531924-19;2026-03-02;CCP;;true;Realizar o encaminhamento do PL-3240/2025 à CCJC (tramitação simultânea), em razão da aprovação de requerimento de urgência.
2543171-41;2026-03-02;PLEN;81154;false;"Rejeitado o Requerimento. Sim: 102; Não: 301; Abstenção: 1; Total: 404."
2543171-49;2026-03-02;PLEN;81154;true;"Aprovado o Projeto de Lei nº 6.139, de 2023, ressalvado o destaque. Sim: 340; Não: 108; Abstenção: 1; Total: 449."
2543171-52;2026-03-02;PLEN;81154;;Mantido o texto.
2567351-32;2026-03-02;PLEN;81154;true;Aprovado o Projeto de Lei nº 2.158, de 2023, ressalvado o destaque.
2567351-36;2026-03-02;PLEN;81154;false;Rejeitada a Emenda de Plenário.
2567351-37;2026-03-02;PLEN;81154;;Mantido o texto.
589982-103;2026-03-02;PLEN;81154;false;"Rejeitado o Requerimento. Sim: 100; Não: 295; Total: 395."
589982-107;2026-03-02;PLEN;81154;false;Rejeitado o Requerimento.
589982-116;2026-03-02;PLEN;81154;false;Rejeitado o Requerimento.
589982-119;2026-03-02;PLEN;81154;true;Aprovado o Substitutivo ao Projeto de Lei nº 6.240, de 2013, adotado pelo relator da Comissão de Constituição e Justiça e de Cidadania, ressalvados os destaques.
589982-124;2026-03-02;PLEN;81154;false;"Rejeitada a Emenda de Plenário ao Substitutivo. Sim: 194; Não: 207; Abstenção: 3; Total: 404."
589982-126;2026-03-02;PLEN;81154;;"Mantido o texto. Sim: 258; Não: 119; Abstenção: 1; Total: 378."
589982-129;2026-03-02;PLEN;81154;;"Mantido o texto. Sim: 235; Não: 121; Abstenção: 2; Total: 358."
589982-131;2026-03-02;PLEN;81154;true;Aprovada a Redação Final assinada pelo relator, Dep. Orlando Silva (PCdoB/SP).
2181415-150;2026-03-02;PLEN;81154;false;Rejeitado o Requerimento.
2181415-158;2026-03-02;PLEN;81154;true;Aprovado o Substitutivo ao Projeto de Lei nº 10.556, de 2018, adotado pelo relator da Comissão de Indústria, Comércio e Serviços, ressalvado o destaque.
2181415-162;2026-03-02;PLEN;81154;false;Rejeitadas as Emendas ao Substitutivo.
2181415-164;2026-03-02;PLEN;81154;;Mantido o texto.
2181415-166;2026-03-02;PLEN;81154;true;Aprovada a Redação Final assinada pelo relator, Dep. Rafael Simoes (UNIÃO/MG).
2462004-23;2026-03-03;CCP;;true;Realizar o encaminhamento do PL-3879/2024 à CCJC (tramitação simultânea), em razão da aprovação de requerimento de urgência.
2462004-24;2026-03-03;CCP;;true;Realizar o encaminhamento do PL-3879/2024 à CFT (tramitação simultânea), em razão da aprovação de requerimento de urgência.
2462004-25;2026-03-03;CCP;;true;Realizar o encaminhamento do PL-3879/2024 à CASP (tramitação simultânea), em razão da aprovação de requerimento de urgência.
2547225-42;2026-03-03;CPD;81127;true;Aprovado o Parecer.
2468525-24;2026-03-03;CCJC;81083;true;Aprovado o Parecer.
2582865-21;2026-03-03;CPD;81127;true;Aprovado o Parecer.
2603767-2;2026-03-03;CPD;81127;true;Aprovado o Requerimento.
2604879-2;2026-03-03;CPD;81127;true;Aprovado o Requerimento.
2605041-2;2026-03-03;CPD;81127;true;Aprovado o Requerimento.
2605079-2;2026-03-03;CPD;81127;true;Aprovado o Requerimento.
2314521-40;2026-03-03;CPD;81127;true;Aprovado o Parecer.
2458208-41;2026-03-03;CPD;81127;true;Aprovado o Parecer.
2545045-38;2026-03-03;CPD;81127;true;Aprovado o Parecer.
2545046-36;2026-03-03;CPD;81127;true;Aprovado o Parecer.
2485383-7;2026-03-03;PLEN;81178;true;"Aprovado o Requerimento de Urgência (Art. 155 do RICD). Sim: 317; Não: 117; Total: 434."
2433663-20;2026-03-03;CCP;;true;Realizar o encaminhamento do PL-1822/2024 à CCJC (tramitação simultânea), em razão da aprovação de requerimento de urgência.
2433663-21;2026-03-03;CCP;;true;Realizar o encaminhamento do PL-1822/2024 à CFT (tramitação simultânea), em razão da aprovação de requerimento de urgência.
2462004-30;2026-03-03;PLEN;81178;false;"Rejeitado o Requerimento. Sim: 96; Não: 305; Abstenção: 3; Total: 404."
2462004-35;2026-03-03;PLEN;81178;true;Aprovado o Substitutivo ao Projeto de Lei nº 3.879, de 2024, adotado pelo relator da Comissão de Administração e Serviço Público.
2462004-38;2026-03-03;PLEN;81178;true;Aprovada a Redação Final assinada pelo relator, Dep. Isnaldo Bulhões Jr. (MDB/AL).
2563459-45;2026-03-03;PLEN;81178;true;Aprovado o Substitutivo ao Projeto de Lei nº 4.716, de 2025, adotado pelo relator da Comissão de Constituição e Justiça e de Cidadania.
2563459-48;2026-03-03;PLEN;81178;true;Aprovada a Redação Final assinada pelo relator, Dep. Ossesio Silva (REPUBLIC/PE).
2553687-44;2026-03-03;PLEN;81178;true;Aprovado o Projeto de Lei nº 4.254, de 2025.
2553687-46;2026-03-03;PLEN;81178;true;Aprovada a Redação Final assinada pelo relator, Dep. Carlos Veras (PT/PE).
2578879-27;2026-03-03;PLEN;81178;false;"Rejeitado o Requerimento. Sim: 157; Não: 272; Abstenção: 3; Total: 432."
2578879-31;2026-03-03;PLEN;81178;false;"Rejeitado o Requerimento. Sim: 148; Não: 237; Abstenção: 1; Total: 386."
2578879-35;2026-03-03;PLEN;81178;false;Rejeitado o Requerimento.
2578879-38;2026-03-03;PLEN;81178;true;"Aprovado o Projeto de Lei nº 5.490, de 2025. Sim: 248; Não: 164; Abstenção: 2; Total: 414."
2578879-40;2026-03-03;PLEN;81178;true;Aprovada a Redação Final assinada pelo relator, Dep. Rubens Pereira Júnior (PT/MA).
2603272-26;2026-03-03;PLEN;81178;true;Aprovado o Substitutivo ao Projeto de Lei nº 591, de 2026, adotado pelo relator da Comissão de Administração e Serviço Público.
2603272-29;2026-03-03;PLEN;81178;true;Aprovada a Redação Final assinada pelo relator, Dep. Icaro de Valmir (PL/SE).
2603895-2;2026-03-03;CSPCCO;81157;true;Aprovado o Requerimento.
2604007-2;2026-03-03;CSPCCO;81157;true;Aprovado o Requerimento.
2604016-2;2026-03-03;CSPCCO;81157;true;Aprovado o Requerimento.
2604360-2;2026-03-03;CSPCCO;81157;true;Aprovado o Requerimento.
2604877-2;2026-03-03;CSPCCO;81157;true;Aprovado o Requerimento.
2604881-2;2026-03-03;CSPCCO;81157;true;Aprovado o Requerimento.
2604966-2;2026-03-03;CSPCCO;81157;true;Aprovado o Requerimento.
2605319-2;2026-03-03;CSPCCO;81157;true;Aprovado o Requerimento.
2605320-2;2026-03-03;CSPCCO;81157;true;Aprovado o Requerimento.
2605430-2;2026-03-03;CSPCCO;81157;true;Aprovado o Requerimento.
2601253-3;2026-03-03;CVT;81144;true;Aprovado o Requerimento.
2605034-2;2026-03-03;CVT;81144;true;Aprovado o Requerimento.
2605035-2;2026-03-03;CVT;81144;true;Aprovado o Requerimento.
2604641-2;2026-03-03;PL308020;81081;true;Aprovado o Requerimento.
2605083-2;2026-03-03;PL308020;81081;true;Aprovado o Requerimento.
2605086-2;2026-03-03;PL308020;81081;true;Aprovado o Requerimento.
2604781-4;2026-03-03;CVT;81144;true;Aprovado o Requerimento, com alteração para incluir a Associação de Terminais Portuários Privados (ATP) e a Associação Brasileira para o Desenvolvimento da Navegação Interior (ABANI).
2485373-23;2026-03-03;CSPCCO;81157;true;Aprovado o Parecer.
2471174-22;2026-03-03;CSPCCO;81157;true;Aprovado o Parecer.
2604821-3;2026-03-03;CPOVOS;81079;true;Aprovado o Requerimento, com alteração para incluir o Ministério Público do Trabalho, a pedido do Deputado Alfredinho.
2605111-3;2026-03-03;CPOVOS;81079;true;Aprovado o Requerimento.
2604991-2;2026-03-03;CASP;81151;true;Aprovado o Requerimento. Com subscrição da Deputada Erika Kokay.
2604993-2;2026-03-03;CASP;81151;true;Aprovado o Requerimento.
2604992-2;2026-03-03;CASP;;true;Aprovado o Requerimento, com alteração para incluir o Dr. Jean Ruzzarin, a pedido do Deputada Erika Kokay
2604992-3;2026-03-03;CASP;;true;Aprovado o Requerimento, com alteração para incluir o Dr. Jean Ruzzarin, a pedido do Deputada Erika Kokay
2604992-4;2026-03-03;CASP;;true;Aprovado o Requerimento, com alteração para incluir o Dr. Jean Ruzzarin, a pedido do Deputada Erika Kokay
2331907-31;2026-03-03;CPOVOS;81079;true;Aprovado o Parecer.
2440640-25;2026-03-03;CASP;81151;true;Aprovado o Parecer.
2584509-2;2026-03-03;PEC23119;81108;true;Aprovado o Requerimento.
2604992-6;2026-03-03;CASP;81151;true;Aprovado o Requerimento, com alteração para incluir o Dr. Jean Ruzzarin, a pedido da Deputada Erika Kokay.
2605419-2;2026-03-03;PEC23119;81108;true;Aprovado o Requerimento. Subscreveu o Deputado Pompeo de Mattos
2526917-24;2026-03-03;CSPCCO;81157;true;Aprovado o Parecer, com voto contrário do Deputado Kim Kataguiri.
424197-150;2026-03-03;CCJC;81083;true;Aprovada a Redação Final.
2083392-96;2026-03-03;CCJC;81083;true;Aprovada a Redação Final.
2190590-79;2026-03-03;CCJC;81083;true;Aprovada a Redação Final.
2191649-67;2026-03-03;CCJC;81083;true;Aprovada a Redação Final.
2217815-83;2026-03-03;CCJC;81083;true;Aprovada a Redação Final.
2219282-96;2026-03-03;CCJC;81083;true;Aprovada a Redação Final.
2290775-181;2026-03-03;CCJC;81083;true;Aprovada a Redação Final.
2295138-81;2026-03-03;CCJC;81083;true;Aprovada a Redação Final.
2313981-61;2026-03-03;CCJC;81083;true;Aprovada a Redação Final.
2335102-57;2026-03-03;CCJC;81083;true;Aprovada a Redação Final.
2374018-56;2026-03-03;CCJC;81083;true;Aprovada a Redação Final.
2395811-59;2026-03-03;CCJC;81083;true;Aprovada a Redação Final.
2416561-49;2026-03-03;CCJC;81083;true;Aprovada a Redação Final.
2417501-52;2026-03-03;CCJC;81083;true;Aprovada a Redação Final.
2474081-34;2026-03-03;CCJC;81083;true;Aprovada a Redação Final.
2474146-36;2026-03-03;CCJC;81083;true;Aprovada a Redação Final.
2476061-34;2026-03-03;CCJC;81083;true;Aprovada a Redação Final.
2476185-36;2026-03-03;CCJC;81083;true;Aprovada a Redação Final.
2477139-34;2026-03-03;CCJC;81083;true;Aprovada a Redação Final.
2422714-76;2026-03-03;CCJC;81083;true;Aprovada a Redação Final.
2435844-71;2026-03-03;CCJC;81083;true;Aprovada a Redação Final.
2436674-58;2026-03-03;CCJC;81083;true;Aprovada a Redação Final.
2439035-50;2026-03-03;CCJC;81083;true;Aprovada a Redação Final.
2440085-59;2026-03-03;CCJC;81083;true;Aprovada a Redação Final.
2449152-60;2026-03-03;CCJC;81083;true;Aprovada a Redação Final.
2449316-61;2026-03-03;CCJC;81083;true;Aprovada a Redação Final.
2457468-56;2026-03-03;CCJC;81083;true;Aprovada a Redação Final.
2482636-52;2026-03-03;CCJC;81083;true;Aprovada a Redação Final.
2507002-32;2026-03-03;CCJC;81083;true;Aprovada a Redação Final.
2507008-34;2026-03-03;CCJC;81083;true;Aprovada a Redação Final.
2518488-33;2026-03-03;CCJC;81083;true;Aprovada a Redação Final.
2483121-51;2026-03-03;CCJC;81083;true;Aprovada a Redação Final.
2532229-33;2026-03-03;CCJC;81083;true;Aprovada a Redação Final.
2532235-32;2026-03-03;CCJC;81083;true;Aprovada a Redação Final.
2532236-32;2026-03-03;CCJC;81083;true;Aprovada a Redação Final.
2532237-32;2026-03-03;CCJC;81083;true;Aprovada a Redação Final.
2532238-32;2026-03-03;CCJC;81083;true;Aprovada a Redação Final.
2532239-32;2026-03-03;CCJC;81083;true;Aprovada a Redação Final.
2532252-32;2026-03-03;CCJC;81083;true;Aprovada a Redação Final.
2532253-32;2026-03-03;CCJC;81083;true;Aprovada a Redação Final.
2532255-35;2026-03-03;CCJC;81083;true;Aprovada a Redação Final.
2532258-32;2026-03-03;CCJC;81083;true;Aprovada a Redação Final.
2532259-33;2026-03-03;CCJC;81083;true;Aprovada a Redação Final.
2532260-32;2026-03-03;CCJC;81083;true;Aprovada a Redação Final.
2532262-32;2026-03-03;CCJC;81083;true;Aprovada a Redação Final.
2532265-32;2026-03-03;CCJC;81083;true;Aprovada a Redação Final.
2532266-32;2026-03-03;CCJC;81083;true;Aprovada a Redação Final.
2532273-32;2026-03-03;CCJC;81083;true;Aprovada a Redação Final.
2532284-32;2026-03-03;CCJC;81083;true;Aprovada a Redação Final.
2535331-33;2026-03-03;CCJC;81083;true;Aprovada a Redação Final.
2535342-33;2026-03-03;CCJC;81083;true;Aprovada a Redação Final.
2535343-32;2026-03-03;CCJC;81083;true;Aprovada a Redação Final.
2535349-32;2026-03-03;CCJC;81083;true;Aprovada a Redação Final.
2535350-32;2026-03-03;CCJC;81083;true;Aprovada a Redação Final.
2535357-32;2026-03-03;CCJC;81083;true;Aprovada a Redação Final.
2535360-32;2026-03-03;CCJC;81083;true;Aprovada a Redação Final.
2535366-32;2026-03-03;CCJC;81083;true;Aprovada a Redação Final.
2535373-32;2026-03-03;CCJC;81083;true;Aprovada a Redação Final.
2535374-32;2026-03-03;CCJC;81083;true;Aprovada a Redação Final.
2535375-32;2026-03-03;CCJC;81083;true;Aprovada a Redação Final.
2535377-32;2026-03-03;CCJC;81083;true;Aprovada a Redação Final.
2535382-32;2026-03-03;CCJC;81083;true;Aprovada a Redação Final.
2535384-32;2026-03-03;CCJC;81083;true;Aprovada a Redação Final.
2535385-32;2026-03-03;CCJC;81083;true;Aprovada a Redação Final.
2547253-37;2026-03-03;CCJC;81083;true;Aprovada a Redação Final.
2547255-37;2026-03-03;CCJC;81083;true;Aprovada a Redação Final.
2547257-37;2026-03-03;CCJC;81083;true;Aprovada a Redação Final.
2547261-38;2026-03-03;CCJC;81083;true;Aprovada a Redação Final.
2547272-40;2026-03-03;CCJC;81083;true;Aprovada a Redação Final.
2547278-37;2026-03-03;CCJC;81083;true;Aprovada a Redação Final.
2547279-37;2026-03-03;CCJC;81083;true;Aprovada a Redação Final.
2547281-37;2026-03-03;CCJC;81083;true;Aprovada a Redação Final.
2547288-37;2026-03-03;CCJC;81083;true;Aprovada a Redação Final.
2547291-37;2026-03-03;CCJC;81083;true;Aprovada a Redação Final.
2547293-37;2026-03-03;CCJC;81083;true;Aprovada a Redação Final.
2547300-37;2026-03-03;CCJC;81083;true;Aprovada a Redação Final.
2547307-37;2026-03-03;CCJC;81083;true;Aprovada a Redação Final.
2547314-38;2026-03-03;CCJC;81083;true;Aprovada a Redação Final.
2549176-32;2026-03-03;CCJC;81083;true;Aprovada a Redação Final.
2550992-32;2026-03-03;CCJC;81083;true;Aprovada a Redação Final.
2560577-32;2026-03-03;CCJC;81083;true;Aprovada a Redação Final.
2565001-32;2026-03-03;CCJC;81083;true;Aprovada a Redação Final.
2572833-32;2026-03-03;CCJC;81083;true;Aprovada a Redação Final.
2575450-32;2026-03-03;CCJC;81083;true;Aprovada a Redação Final.
2583498-32;2026-03-03;CCJC;81083;true;Aprovada a Redação Final.
2583509-32;2026-03-03;CCJC;81083;true;Aprovada a Redação Final.
2490865-47;2026-03-03;CCJC;81083;true;Aprovada a Redação Final.
2517350-62;2026-03-03;CCJC;81083;true;Aprovada a Redação Final.
2518115-56;2026-03-03;CCJC;81083;true;Aprovada a Redação Final.
2520654-50;2026-03-03;CCJC;81083;true;Aprovada a Redação Final.
2534899-49;2026-03-03;CCJC;81083;true;Aprovada a Redação Final.
2268653-85;2026-03-03;CCJC;81083;true;Aprovada a Redação Final, com uma emenda.
2414724-20;2026-03-03;CCJC;81083;true;Aprovado o Parecer.
2479220-17;2026-03-03;CCJC;81083;true;Aprovado o Parecer.
2532263-17;2026-03-03;CCJC;81083;true;Aprovado o Parecer.
2535340-22;2026-03-03;CCJC;81083;true;Aprovado o Parecer.
2535341-22;2026-03-03;CCJC;81083;true;Aprovado o Parecer.
2547299-22;2026-03-03;CCJC;81083;true;Aprovado o Parecer.
2550984-17;2026-03-03;CCJC;81083;true;Aprovado o Parecer.
2551000-17;2026-03-03;CCJC;81083;true;Aprovado o Parecer.
2566852-19;2026-03-03;CCJC;81083;true;Aprovado o Parecer.
2575489-17;2026-03-03;CCJC;81083;true;Aprovado o Parecer.
2583465-17;2026-03-03;CCJC;81083;true;Aprovado o Parecer.
2583466-17;2026-03-03;CCJC;81083;true;Aprovado o Parecer.
2583505-17;2026-03-03;CCJC;81083;true;Aprovado o Parecer.
2583523-17;2026-03-03;CCJC;81083;true;Aprovado o Parecer.
2583528-17;2026-03-03;CCJC;81083;true;Aprovado o Parecer.
2605405-2;2026-03-03;CREDN;81168;true;Aprovado o Requerimento.
2319816-68;2026-03-03;CCJC;81083;true;Aprovado o Parecer.
2605409-2;2026-03-03;CREDN;81168;true;Subscrito pela Deputada Daniela Reinehr (PL/SC). Aprovado o Requerimento.
2533415-22;2026-03-03;CCJC;81083;true;Aprovado o Parecer.
2407502-26;2026-03-03;CCJC;81083;true;Aprovado o Parecer.
2419223-47;2026-03-03;CCJC;81083;true;Aprovado o Parecer.
2234587-62;2026-03-03;CCJC;81083;true;Aprovado o Parecer.
2605410-2;2026-03-03;CREDN;81168;true;Subscrito pelas Deputadas Carla Dickson (UNIÃO/RN) e Daniela Reinehr (PL/SC). Aprovado o Requerimento.
2606128-2;2026-03-04;CEXZMATA;81169;true;Aprovado o Requerimento.
2606129-2;2026-03-04;CEXZMATA;81169;true;Aprovado o Requerimento.
2606133-2;2026-03-04;CEXZMATA;81169;true;Aprovado o Requerimento.
2316644-30;2026-03-04;CTRAB;81111;true;Aprovados os Requerimentos de Adiamentos de Discussão, dos Deputados Capitão Alden, Leonardo Monteiro e Bohn Gass.
2491266-23;2026-03-04;CTRAB;81111;true;Aprovado o Requerimento de Adiamento de Discussão, do Deputado Capitão Alden.
2605082-2;2026-03-04;CDE;81095;true;Aprovado o Requerimento, com substituição do convidado Sr. Joaquim Leite pelo Sr. Otto Luiz Burlier - Secretário Nacional de Hidrovias do Ministério de Portos e Aeroportos, a pedido do autor.
2604355-2;2026-03-04;CSAUDE;81093;true;Aprovado o Requerimento.
2604356-3;2026-03-04;CSAUDE;81093;true;Aprovado o Requerimento.
2604684-3;2026-03-04;CSAUDE;81093;true;Aprovado o Requerimento.
2604696-3;2026-03-04;CSAUDE;81093;true;Aprovado o Requerimento.
2604710-3;2026-03-04;CSAUDE;81093;true;Aprovado o Requerimento.
2604870-2;2026-03-04;CSAUDE;81093;true;Aprovado o Requerimento.
2604871-3;2026-03-04;CSAUDE;81093;true;Aprovado o Requerimento.
2604872-2;2026-03-04;CSAUDE;81093;true;Aprovado o Requerimento.
2604886-2;2026-03-04;CSAUDE;81093;true;Aprovado o Requerimento.
2605072-2;2026-03-04;CSAUDE;81093;true;Aprovado o Requerimento.
2605121-2;2026-03-04;CSAUDE;81093;true;Aprovado o Requerimento.
2605418-2;2026-03-04;CSAUDE;81093;true;Aprovado o Requerimento.
2605435-2;2026-03-04;CSAUDE;81093;true;Aprovado o Requerimento.
2605436-2;2026-03-04;CSAUDE;81093;true;Aprovado o Requerimento.
2605556-2;2026-03-04;CSAUDE;81093;true;Aprovado o Requerimento.
2605825-2;2026-03-04;CSAUDE;81093;true;Aprovado o Requerimento.
2605826-2;2026-03-04;CSAUDE;81093;true;Aprovado o Requerimento.
2605467-3;2026-03-04;CDE;81095;true;Aprovado o Requerimento.
2324121-41;2026-03-04;CTRAB;81111;true;Aprovado o Parecer.
2605097-3;2026-03-04;CDE;81095;true;Aprovado o Requerimento.
2570612-21;2026-03-04;CSAUDE;81093;true;Aprovado o Parecer.
2603084-6;2026-03-04;CME;81092;true;Aprovado o Requerimento, com o aditamento sugerido pelo Deputado Paulo Guedes (PT-MG)
2603646-2;2026-03-04;CFFC;81088;true;Aprovado o Requerimento.
2605341-2;2026-03-04;CFFC;81088;true;Aprovado o Requerimento.
2605349-2;2026-03-04;CFFC;81088;true;Aprovado o Requerimento.
2605490-2;2026-03-04;CFFC;81088;true;Aprovado o Requerimento.
2605056-3;2026-03-04;CME;81092;true;Aprovado o Requerimento, com o aditamento solicitado.
2605530-2;2026-03-04;CFFC;81088;true;Aprovado o Requerimento. Subscrito pelo Deputado Jorge Solla.
2604408-2;2026-03-04;CFFC;81088;true;Aprovado o Requerimento.
2604436-2;2026-03-04;CFFC;81088;true;Aprovado o Requerimento.
2605526-2;2026-03-04;CFFC;81088;true;Aprovado o Requerimento.
2605110-2;2026-03-04;CTRAB;81111;true;Aprovado o Requerimento. O Deputado Leonardo Monteiro subscreveu o requerimento. Foi incluído entre os convidados o Fórum Sindical dos Trabalhadores.
2605321-3;2026-03-04;CME;81092;true;Aprovado o Requerimento.
2605322-3;2026-03-04;CME;81092;true;Aprovado o Requerimento.
2462493-35;2026-03-04;CDC;81018;false;Rejeitado o Requerimento de Adiamento de Discussão.
2604986-5;2026-03-04;CCJC;81158;true;Aprovado o Requerimento, com alteração para incluir os convidados: Representante da Central dos Sindicatos Brasileiros e Representante da Confederação Nacional dos Transportes, a pedido do Autor, Deputado Paulo Azi.
2351882-49;2026-03-04;CCJC;81158;true;Aprovado o Parecer.
2473086-45;2026-03-04;CSAUDE;81093;true;Aprovado o Parecer.
2521149-29;2026-03-04;CSAUDE;81093;true;Aprovado o Parecer.
2479015-34;2026-03-04;CSAUDE;81093;true;Aprovado o Parecer.
2383242-54;2026-03-04;CME;81092;true;Aprovado o Parecer.
2482597-51;2026-03-04;CCJC;81158;true;Aprovado o Parecer.
2604291-2;2026-03-04;CDU;81089;true;"Aprovado o Requerimento, com subscrição dos Deputados Keniston Braga, Hildo Rocha e Icaro de Valmir, e com a inclusão de visita técnica a uma ""favela 3D"" em SP, pelo Deputado Hildo Rocha."
2258887-40;2026-03-04;CCJC;81158;true;Aprovado o Parecer.
2478417-24;2026-03-04;CME;81092;true;Aprovado o Parecer.
2480002-22;2026-03-04;CDU;81089;true;Aprovado o Parecer.
2485839-24;2026-03-04;CME;81092;true;Aprovado o Parecer.
2388273-35;2026-03-04;CDU;81089;true;Aprovado o Parecer.
2512039-24;2026-03-04;CSAUDE;81093;true;Aprovado o Parecer.
2500455-28;2026-03-04;CDU;81089;true;Aprovado o Parecer.
533105-125;2026-03-04;CCJC;81158;true;Aprovado o Parecer.
2538002-21;2026-03-04;CDU;81089;true;Aprovado o Parecer.
2541006-23;2026-03-04;CDU;81089;true;Aprovado o Parecer.
2605722-2;2026-03-04;CREDN;81160;true;Aprovado o Requerimento.
2462493-37;2026-03-04;CDC;81018;false;"Rejeitado, em votação nominal, o Requerimento de Adiamento de Discussão. Resultado: 13 votos ""Não"". Quórum de votação: 13 votos."
2603623-3;2026-03-04;CDC;81018;true;Aprovado o Requerimento, com alteração para incluir representantes da Sabesp, Arcesp, Inmetro, Alguns Prefeitos, incluídos pelo Autor, e da Associação e do Sindicato Nacional das Concessionárias Privadas de Serviços Públicos de Água e Esgoto (Abcon/Sindcon), por sugestão do Dep. Deputado Carlos Sampaio.
2605570-2;2026-03-04;CREDN;81160;true;Subscrito pela Deputada Daniela Reinehr (PL/SC). Aprovado o Requerimento, com alteração de convocação para convite.
2604174-3;2026-03-04;CDC;81018;true;Aprovado o Requerimento, com alteração para Incluir o Dr. Ricardo Morishita Wada, Secretário Nacional do Consumidor, por sugestão da Dep. Gisela Simona
2601182-3;2026-03-04;CAPADR;81053;true;Aprovado o Requerimento.
2601843-3;2026-03-04;CAPADR;81053;true;Aprovado o Requerimento.
2601847-3;2026-03-04;CAPADR;81053;true;Aprovado o Requerimento.
2603141-3;2026-03-04;CAPADR;81053;true;Aprovado o Requerimento.
2603792-3;2026-03-04;CAPADR;81053;true;Aprovado o Requerimento.
2604620-3;2026-03-04;CAPADR;81053;true;Aprovado o Requerimento.
2604624-3;2026-03-04;CAPADR;81053;true;Aprovado o Requerimento.
2605329-3;2026-03-04;CAPADR;81053;true;Aprovado o Requerimento.
2605446-3;2026-03-04;CAPADR;81053;true;Aprovado o Requerimento.
2605447-3;2026-03-04;CAPADR;81053;true;Aprovado o Requerimento.
2605448-3;2026-03-04;CAPADR;81053;true;Aprovado o Requerimento.
2191097-75;2026-03-04;CCJC;81158;true;Aprovado o Parecer.
2356220-44;2026-03-04;CCJC;81158;true;Aprovado o Parecer.
2382712-42;2026-03-04;CDC;81018;false;Rejeitado o Requerimento de Retirada de Pauta.
2285129-91;2026-03-04;CCJC;81158;true;Aprovado o Parecer, com o voto contrário da Deputada Bia Kicis.
2434833-45;2026-03-04;CAPADR;81053;true;Aprovado o Parecer.
2564419-21;2026-03-04;CAPADR;81053;true;Aprovado o Parecer.
2485246-25;2026-03-04;CDC;81018;false;Rejeitado os Requerimentos de votação nominal da retirada de pauta e o de Retirada de Pauta.
2605572-2;2026-03-04;CREDN;81160;true;Subscrito pela Deputada Daniela Reinehr (PL/SC). Aprovado o Requerimento.
2605574-2;2026-03-04;CREDN;81160;true;Subscrito pelo Deputado Evair Vieira de Melo (PP/ES). Aprovado o Requerimento, com o voto contrário do Deputado Arlindo Chinaglia (PT/SP).
2485246-28;2026-03-04;CDC;81018;false;Rejeitado o Requerimento de Adiamento de Discussão.
2605715-2;2026-03-04;CREDN;81160;true;Aprovado o Requerimento.
2605719-2;2026-03-04;CREDN;81160;true;Aprovado o Requerimento.
2571609-17;2026-03-04;CREDN;81160;true;Aprovado o Parecer.
2588394-19;2026-03-04;CREDN;81160;true;Aprovado o Parecer.
2554555-20;2026-03-04;CREDN;81160;true;Aprovado o Parecer.
2505107-26;2026-03-04;CREDN;81160;true;Aprovado o Parecer.
2349400-34;2026-03-04;CREDN;81160;true;Aprovado o Parecer.
2438262-30;2026-03-04;CREDN;81160;true;Aprovado o Parecer.
2605525-2;2026-03-04;CVT;81145;true;Aprovado o Requerimento.
2605527-2;2026-03-04;CVT;81145;true;Aprovado o Requerimento.
2605528-2;2026-03-04;CVT;81145;true;Aprovado o Requerimento. Subscrito pelos deputados Hugo Leal e Rosana Valle.
2605529-2;2026-03-04;CVT;81145;true;Aprovado o Requerimento. Subscrito pelos deputados Hugo Leal e Geraldo Mendes.
2605361-3;2026-03-04;CESPO;81149;true;Aprovado o Requerimento.
2605421-3;2026-03-04;CESPO;81149;true;Aprovado o Requerimento.
2605907-3;2026-03-04;CESPO;81149;true;Aprovado o Requerimento.
2606204-3;2026-03-04;CESPO;81149;true;Aprovado o Requerimento.
2604278-3;2026-03-04;CTUR;81116;true;Aprovado o Requerimento.
2605115-2;2026-03-04;CCULT;81101;true;Aprovado o Requerimento.
2605713-2;2026-03-04;CCULT;81101;true;Aprovado o Requerimento.
2605734-2;2026-03-04;CCULT;81101;true;Aprovado o Requerimento.
2605932-2;2026-03-04;CCULT;81101;true;Aprovado o Requerimento.
2492374-23;2026-03-04;CCULT;81101;true;Aprovado o Parecer.
2547236-24;2026-03-04;CCULT;81101;true;Aprovado o Parecer.
2496168-37;2026-03-04;CTUR;81116;true;Aprovado o Parecer, com voto contrário do Dep. Bibo Nunes (PL-RS).
2538358-24;2026-03-04;CCULT;81101;true;Aprovado o Parecer (com abstenção da Dep. Duda Salabert).
2213223-45;2026-03-04;CTUR;81116;true;Aprovado o Parecer.
2456479-25;2026-03-04;CTUR;81116;true;Aprovado o Parecer.
2605942-7;2026-03-04;PLEN;81196;true;Aprovado, por unanimidade, o Requerimento de Urgência (Art. 155 do RICD).
2605943-7;2026-03-04;PLEN;81196;true;Aprovado, por unanimidade, o Requerimento de Urgência (Art. 155 do RICD).
2500080-293;2026-03-04;PLEN;81196;true;Aprovado o Requerimento.
2500080-320;2026-03-04;PLEN;81196;true;"Aprovado, em primeiro turno, o Substitutivo à Proposta de Emenda à Constituição nº 18, de 2025, adotado pelo relator da Comissão Especial. Sim: 487; Não: 15; Abstenção: 1; Total: 503."
2607035-6;2026-03-04;PLEN;81196;true;Aprovado o Requerimento nº 1288/2026, dos Senhores Líderes, que solicita a quebra de interstício de 5 sessões previsto no § 6º do art. 202 do RICD, para apreciação do segundo turno da PEC 18, de 2025.
2500080-327;2026-03-04;PLEN;81196;true;Aprovado o Requerimento nº 1.288/2026, dos Senhores Líderes, que solicita a quebra de interstício de 5 sessões previsto no § 6º do art. 202 do RICD, para apreciação do segundo turno da PEC 18, de 2025.
2500080-330;2026-03-04;PLEN;81196;true;"Aprovada, em segundo turno, a Proposta de Emenda à Constituição nº 18, de 2025. Sim: 461; Não: 14; Total: 475."
2500080-332;2026-03-04;PLEN;81196;true;Aprovada a Redação Final assinada pelo relator, Dep. Mendonça Filho (UNIÃO/PE).
2442773-42;2026-03-04;PLEN;81196;true;Aprovado o Substitutivo ao Projeto de Lei nº 2.525, de 2024, adotado pela relatora da Comissão de Constituição e Justiça e de Cidadania.
2442773-45;2026-03-04;PLEN;81196;true;Aprovada a Redação Final assinada pela relatora, Dep. Soraya Santos (PL/RJ).
2203904-53;2026-03-04;CDHMIR;81180;true;Aprovado o Parecer.
2604524-2;2026-03-04;CCOM;81121;true;Aprovado o Requerimento.
2605081-2;2026-03-04;CCOM;81121;true;Aprovado o Requerimento.
2605989-3;2026-03-04;CCOM;81121;true;Aprovado o Requerimento, subscrito pela Deputada Simone Marquetto.
2469754-25;2026-03-04;CCOM;81121;true;Aprovado o Parecer.
2469762-26;2026-03-04;CCOM;81121;true;Aprovado o Parecer.
2471495-27;2026-03-04;CCOM;81121;true;Aprovado o Parecer.
2473419-26;2026-03-04;CCOM;81121;true;Aprovado o Parecer.
2483666-25;2026-03-04;CCOM;81121;true;Aprovado o Parecer.
2483668-25;2026-03-04;CCOM;81121;true;Aprovado o Parecer.
2483670-25;2026-03-04;CCOM;81121;true;Aprovado o Parecer.
2484181-25;2026-03-04;CCOM;81121;true;Aprovado o Parecer.
2484193-25;2026-03-04;CCOM;81121;true;Aprovado o Parecer.
2484216-25;2026-03-04;CCOM;81121;true;Aprovado o Parecer.
2484222-28;2026-03-04;CCOM;81121;true;Aprovado o Parecer.
2485999-26;2026-03-04;CCOM;81121;true;Aprovado o Parecer.
2498590-23;2026-03-04;CCOM;81121;true;Aprovado o Parecer.
2498666-23;2026-03-04;CCOM;81121;true;Aprovado o Parecer.
2498668-23;2026-03-04;CCOM;81121;true;Aprovado o Parecer.
2500704-25;2026-03-04;CCOM;81121;true;Aprovado o Parecer.
2500706-23;2026-03-04;CCOM;81121;true;Aprovado o Parecer.
2500714-23;2026-03-04;CCOM;81121;true;Aprovado o Parecer.
2500716-23;2026-03-04;CCOM;81121;true;Aprovado o Parecer.
2500719-23;2026-03-04;CCOM;81121;true;Aprovado o Parecer.
2331799-60;2026-03-04;CCOM;81121;true;Aprovado o Parecer.
2605930-3;2026-03-04;CIDOSO;81109;true;Aprovado o Requerimento.
2605971-3;2026-03-04;CIDOSO;81109;true;Aprovado o Requerimento.
2606111-2;2026-03-04;CIDOSO;81109;true;Aprovado o Requerimento.
2605333-2;2026-03-04;CDHMIR;81138;true;Aprovado o Requerimento.
2605431-2;2026-03-04;CDHMIR;81138;true;Aprovado o Requerimento.
2605836-2;2026-03-04;CDHMIR;81138;true;Aprovado o Requerimento.
2605838-2;2026-03-04;CDHMIR;81138;true;Aprovado o Requerimento.
2605949-2;2026-03-04;CDHMIR;81138;true;Aprovado o Requerimento.
2605955-2;2026-03-04;CDHMIR;81138;true;Aprovado o Requerimento.
2605960-2;2026-03-04;CDHMIR;81138;true;Aprovado o Requerimento.
2605962-2;2026-03-04;CDHMIR;81138;true;Aprovado o Requerimento.
2605863-3;2026-03-04;CEDESNAT;81129;true;Aprovado o Requerimento.
2605894-2;2026-03-04;CEDESNAT;81129;true;Aprovado o Requerimento.
2443744-4;2026-03-05;CECANCER;81174;true;Aprovado o Requerimento.
2447100-4;2026-03-05;CECANCER;81174;true;Aprovado o Requerimento.
2447101-4;2026-03-05;CECANCER;81174;true;Aprovado o Requerimento.
2458375-4;2026-03-05;CECANCER;81174;true;Aprovado o Requerimento.
2467784-4;2026-03-05;CECANCER;81174;true;Aprovado o Requerimento.
2470846-4;2026-03-05;CECANCER;81174;true;Aprovado o Requerimento.
2503584-3;2026-03-05;CECANCER;81174;true;Aprovado o Requerimento.
2521263-3;2026-03-05;CECANCER;81174;true;Aprovado o Requerimento, com alteração para converter a realização da Audiência Pública em conjunto com a Comissão de Defesa dos Diretos da Pessoa Idosa a pedido do Deputado Weliton Prado.
2523304-3;2026-03-05;CECANCER;81174;true;Aprovado o Requerimento, com alteração para converter a visita técnica em conjunto com a Comissão de Defesa dos Diretos da Pessoa Idosa a pedido do Deputado Weliton Prado.
2523308-3;2026-03-05;CECANCER;81174;true;Aprovado o Requerimento, com alteração para converter a realização da Audiência Pública em conjunto com a Comissão de Defesa dos Diretos da Pessoa Idosa a pedido do Deputado Weliton Prado.
2523382-3;2026-03-05;CECANCER;81174;true;Aprovado o Requerimento, com alteração para converter a realização do Seminário em conjunto com a Comissão de Defesa dos Diretos da Pessoa Idosa a pedido do Deputado Weliton Prado.
2555645-3;2026-03-05;CECANCER;81174;true;Aprovado o Requerimento.
2564215-3;2026-03-05;CECANCER;81174;true;Aprovado o Requerimento.
2603843-3;2026-03-05;CECANCER;81174;true;Aprovado o Requerimento, com alteração para converter a realização da Audiência Pública em conjunto com a Comissão de Defesa dos Diretos da Pessoa Idosa a pedido do Deputado Weliton Prado.
2603844-3;2026-03-05;CECANCER;81174;true;Aprovado o Requerimento, com alteração para converter a realização da Audiência Pública em conjunto com a Comissão de Defesa dos Diretos da Pessoa Idosa a pedido do Deputado Weliton Prado.
2603845-3;2026-03-05;CECANCER;81174;true;Aprovado o Requerimento, com alteração para converter a realização da Audiência Pública em conjunto com a Comissão de Defesa dos Diretos da Pessoa Idosa a pedido do Deputado Weliton Prado.
2603846-3;2026-03-05;CECANCER;81174;true;Aprovado o Requerimento, com alteração para converter a realização de Seminários descentralizados em conjunto com a Comissão de Defesa dos Diretos da Pessoa Idosa a pedido do Deputado Weliton Prado.
2603847-3;2026-03-05;CECANCER;81174;true;Aprovado o Requerimento, com alteração para converter a realização de Seminário em conjunto com a Comissão de Defesa dos Diretos da Pessoa Idosa a pedido do Deputado Weliton Prado.
2603848-3;2026-03-05;CECANCER;81174;true;Aprovado o Requerimento.
2603849-3;2026-03-05;CECANCER;81174;true;Aprovado o Requerimento.
2521256-4;2026-03-05;CECANCER;81174;true;Aprovado o Requerimento, com alteração para converter a realização da Audiência Pública em conjunto com a Comissão de Defesa dos Diretos da Pessoa Idosa a pedido do Deputado Weliton Prado.
2605055-22;2026-03-05;PLEN;81226;true;Aprovado o Projeto de Lei nº 793, de 2026.
2605055-24;2026-03-05;PLEN;81226;true;Aprovada a Redação Final assinada pelo relator, Dep. Lafayette de Andrada (REPUBLIC/MG).
2589628-8;2026-03-05;PLEN;81226;true;"Aprovado o Requerimento de Urgência (Art. 155 do RICD). Sim: 286; Não: 111; Abstenção: 1; Total: 398."
2607492-7;2026-03-10;PLEN;81242;true;Aprovado, por unanimidade, o Requerimento de Urgência (Art. 155 do RICD).
2390091-34;2026-03-10;PLEN;;true;Alteração do Regime de Tramitação desta proposição em virtude da Aprovação do REQ 1330/2026.
2390091-39;2026-03-10;PLEN;81242;true;Aprovado o Projeto de Lei nº 4.638, de 2023.
2390091-41;2026-03-10;PLEN;81242;true;Aprovada a Redação Final assinada pela relatora, Dep. Denise Pessôa (PT/RS).
2536623-7;2026-03-10;PLEN;81242;true;Aprovado, por unanimidade, o Requerimento de Urgência (Art. 155 do RICD).
2193341-21;2026-03-10;PLEN;;true;Aprovado o requerimento nº 2771/2025,da Sra. Laura Carneiro, que solicita urgência (art. 155) para o PL 9600/2018.
2382620-18;2026-03-10;PLEN;;true;Aprovado o requerimento nº 2771/2025,da Sra. Laura Carneiro, que solicita urgência (art. 155) para o PL 9600/2018.
2193341-22;2026-03-10;PLEN;;true;Alteração do Regime de Tramitação desta proposição em virtude da alteração do regime do PL 9600/2018, por ter sido aprovado o REQ 2771/2025 que está apensado ao primeiro.
2382620-19;2026-03-10;PLEN;;true;Alteração do Regime de Tramitação desta proposição em virtude da alteração do regime do PL 9600/2018, por ter sido aprovado o REQ 2771/2025 que está apensado ao primeiro.
2576346-8;2026-03-10;PLEN;81242;true;Aprovado, por unanimidade, o Requerimento de Urgência (Art. 155 do RICD).
2485565-45;2026-03-10;CCP;;true;Realizar o encaminhamento do PL-705/2025 à CCJC (tramitação simultânea), em razão da aprovação de requerimento de urgência.
2485565-52;2026-03-10;PLEN;81242;true;Aprovado o Substitutivo ao Projeto de Lei nº 705, de 2025, adotado pela relatora da Comissão de Previdência, Assistência Social, Infância, Adolescência e Família.
2485565-55;2026-03-10;PLEN;81242;true;Aprovada a Redação Final assinada pela relatora, Dep. Meire Serafim (UNIÃO/AC).
2607493-7;2026-03-10;PLEN;81242;true;Aprovado, por unanimidade, o Requerimento de Urgência (Art. 155 do RICD).
2539182-25;2026-03-10;CCP;;true;Realizar o encaminhamento do PL-3662/2025 à CCJC (tramitação simultânea), em razão da aprovação de requerimento de urgência.
2539182-26;2026-03-10;CCP;;true;Realizar o encaminhamento do PL-3662/2025 à CCJC (tramitação simultânea), em razão da aprovação de requerimento de urgência.
2539182-27;2026-03-10;PLEN;;true;Alteração do Regime de Tramitação desta proposição em virtude da Aprovação do REQ 1331/2026.
2605090-8;2026-03-10;PLEN;81242;true;"Aprovado o Requerimento de Urgência (Art. 155 do RICD). Sim: 290; Não: 147; Total: 437."
2419128-63;2026-03-10;CCP;;true;Realizar o encaminhamento do PL-533/2024 à CCJC (tramitação simultânea), em razão da aprovação de requerimento de urgência.
2607097-9;2026-03-10;PLEN;81242;true;Aprovado o Requerimento de Urgência (Art. 155 do RICD).
2596663-19;2026-03-10;CCP;;true;Realizar o encaminhamento do PL-6415/2025 à CCJC (tramitação simultânea), em razão da aprovação de requerimento de urgência.
2596663-20;2026-03-10;CCP;;true;Realizar o encaminhamento do PL-6415/2025 à CCJC (tramitação simultânea), em razão da aprovação de requerimento de urgência.
2596663-21;2026-03-10;CCP;;true;Realizar o encaminhamento do PL-6415/2025 à CFT (tramitação simultânea), em razão da aprovação de requerimento de urgência.
2593781-8;2026-03-10;PLEN;81242;true;"Aprovado o Requerimento de Urgência (Art. 155 do RICD). Sim: 380; Não: 57; Abstenção: 1; Total: 438."
2318547-94;2026-03-10;PLEN;;true;Alteração do Regime de Tramitação desta proposição em virtude da Aprovação do REQ 5540/2025.
2581652-28;2026-03-10;PLEN;81242;true;Aprovado o Projeto de Lei nº 5.672, de 2025.
2581652-30;2026-03-10;PLEN;81242;true;Aprovada a Redação Final assinada pelo relator, Dep. Gabriel Nunes (PSD-BA).
2484092-63;2026-03-10;PLEN;81242;true;Aprovado o Substitutivo ao Projeto de Lei nº 481, de 2025, adotado pela relatora da Comissão de Defesa dos Direitos da Mulher.
2484092-65;2026-03-10;PLEN;81242;true;Aprovada a Redação Final assinada pela relatora, Dep. Daniela do Waguinho (UNIÃO/RJ).
2449741-66;2026-03-10;PLEN;81242;true;Aprovado o Substitutivo ao Projeto de Lei nº 2.942, de 2024, adotado pela relatora da Comissão de Segurança Pública e Combate ao Crime Organizado, ressalvado o destaque.
2449741-72;2026-03-10;PLEN;81242;;"Mantido o texto. Sim: 408; Não: 13; Total: 421."
2449741-74;2026-03-10;PLEN;81242;true;Aprovada a Redação Final assinada pela relatora, Delegada Ione (AVANTE/MG).
2539182-33;2026-03-10;PLEN;81242;true;Aprovado o Substitutivo ao Projeto de Lei nº 3.662, de 2025, adotado pela relatora da Comissão de Constituição e Justiça e de Cidadania.
2539182-36;2026-03-10;PLEN;81242;true;Aprovada a Redação Final assinada pela relatora, Dep. Franciane Bayer (REPUBLIC/RS).
2168236-63;2026-03-10;PLEN;81242;true;Aprovado o Substitutivo ao Projeto de Lei nº 9.600, de 2018, da Comissão de Constituição e Justiça e de Cidadania, ressalvado o destaque.
2168236-67;2026-03-10;PLEN;81242;;Suprimido o texto.
2168236-69;2026-03-10;PLEN;81242;true;Aprovada a Redação Final assinada pelo relator, Dep. Diego Coronel (PSD/BA).
2606895-2;2026-03-10;PL308020;81210;true;Aprovado o Requerimento.
2605655-2;2026-03-10;CSPCCO;81190;true;Aprovado o Requerimento.
2606411-2;2026-03-10;CSPCCO;81190;true;Aprovado o Requerimento.
2606412-2;2026-03-10;CSPCCO;81190;true;Aprovado o Requerimento.
2606425-2;2026-03-10;CSPCCO;81190;true;Aprovado o Requerimento.
2606757-2;2026-03-10;CSPCCO;81190;true;Aprovado o Requerimento.
2607088-2;2026-03-10;CSPCCO;81190;true;Aprovado o Requerimento.
2607090-2;2026-03-10;CSPCCO;81190;true;Aprovado o Requerimento.
2607102-2;2026-03-10;CSPCCO;81190;true;Aprovado o Requerimento.
2607129-2;2026-03-10;CSPCCO;81190;true;Aprovado o Requerimento.
2607153-2;2026-03-10;CSPCCO;81190;true;Aprovado o Requerimento, com inclusão de um representante da Associação Brasileira de Supermercados (ABRAS), a pedido do Dep. Kim Kataguiri, e do CEO da Associação Brasileira de Redes de Farmácias e Drograrias (ABRAFARMA) - Sr. Sérgio Menna Barreto, a pedido do Dep. Sanderson.
2607177-2;2026-03-10;CSPCCO;81190;true;Aprovado o Requerimento.
2607233-2;2026-03-10;CSPCCO;81190;true;Aprovado o Requerimento.
2607234-3;2026-03-10;CSPCCO;81190;true;Aprovado o Requerimento.
2607241-3;2026-03-10;CSPCCO;81190;true;Aprovado o Requerimento.
2607404-2;2026-03-10;CSPCCO;81190;true;Aprovado o Requerimento.
2607406-2;2026-03-10;CSPCCO;81190;true;Aprovado o Requerimento.
2607427-2;2026-03-10;CSPCCO;81190;true;Aprovado o Requerimento.
2607428-2;2026-03-10;CSPCCO;81190;true;Aprovado o Requerimento.
2607461-2;2026-03-10;CSPCCO;81190;true;Aprovado o Requerimento.
2607463-2;2026-03-10;CSPCCO;81190;true;Aprovado o Requerimento.
2607490-2;2026-03-10;CSPCCO;81190;true;Aprovado o Requerimento.
2607499-2;2026-03-10;CSPCCO;81190;true;Aprovado o Requerimento.
2541117-28;2026-03-10;CSPCCO;81190;true;Aprovado o Parecer.
2501853-24;2026-03-10;CSPCCO;81190;true;Aprovado o Parecer, com voto contrário da Dep. Heloísa Helena.
2555219-23;2026-03-10;CSPCCO;81190;true;Aprovado o Parecer.
2529234-26;2026-03-10;CSPCCO;81190;true;Aprovado o Parecer.
2482217-25;2026-03-10;CSPCCO;81190;true;Aprovado o Parecer.
2581479-24;2026-03-10;CSPCCO;81190;true;Aprovado o Parecer.
2607539-2;2026-03-10;CEXBRLEG;81175;true;Aprovado, com a inclusão do seguinte convidado, a pedido do Autor do Requerimento: representante da Confederação Nacional do Comércio de Bens, Serviços e Turismo (CNC).
2607540-2;2026-03-10;CEXBRLEG;81175;true;"Aprovado, com a inclusão dos seguintes convidados, a pedido do Autor do Requerimento: representante da Confederação Nacional do Comércio de Bens, Serviços e Turismo (CNC); e representante da FarmaBrasil."
2607541-2;2026-03-10;CEXBRLEG;81175;true;"Aprovado, com inclusão, a pedido do Autor do Requerimento, de visitas técnicas aos Estados de São Paulo, Minas Gerais, Rio de Janeiro, Paraná, Rio Grande do Sul, Bahia e Ceará; e dos seguintes convidados: representante da Confederação Nacional do Comércio de Bens, Serviços e Turismo (CNC); e representante da Associação Brasileira do Varejo Têxtil (ABVTEX)."
2607542-2;2026-03-10;CEXBRLEG;81175;true;Aprovado, com a inclusão do seguinte convidado, a pedido do Autor do Requerimento: representante da Confederação Nacional do Comércio de Bens, Serviços e Turismo (CNC).
2607543-2;2026-03-10;CEXBRLEG;81175;true;Aprovado, com a inclusão do seguinte convidado, a pedido do Autor do Requerimento: representante da Confederação Nacional do Comércio de Bens, Serviços e Turismo (CNC).
2607544-2;2026-03-10;CEXBRLEG;81175;true;Aprovado.
2607545-2;2026-03-10;CEXBRLEG;81175;true;Aprovado.
2607547-2;2026-03-10;CEXBRLEG;81175;true;Aprovado.
2607548-2;2026-03-10;CEXBRLEG;81175;true;Aprovado, com a inclusão do seguinte convidado, a pedido do Autor do Requerimento: representante da Confederação Nacional do Comércio de Bens, Serviços e Turismo (CNC).
2607564-2;2026-03-10;CEXBRLEG;81175;true;Aprovado.
2607565-2;2026-03-10;CEXBRLEG;81175;true;Aprovado.
2607566-2;2026-03-10;CEXBRLEG;81175;true;Aprovado.
2607567-2;2026-03-10;CEXBRLEG;81175;true;Aprovado.
2607569-2;2026-03-10;CEXBRLEG;81175;true;Aprovado.
2607570-2;2026-03-10;CEXBRLEG;81175;true;Aprovado.
2607679-2;2026-03-11;PL808514;81217;true;Aprovado o Requerimento.
2607682-2;2026-03-11;PL808514;81217;true;"Aprovado o Requerimento, com alteração para incluir a Sra. Patrícia Sandri, Presidente da Associação Brasileira de Psicologia de Tráfego - APRAPSIT; e o Sr. Alisson Maia de Freitas, Vice-Presidente do Sindicato dos Centros de Formação de Condutores do Ceara, a pedido dos Deputado Coronel Meira e Leônidas Cristino, respectivamente."
2607716-2;2026-03-11;PL808514;81217;true;Aprovado o Requerimento, com alteração para incluir o Senhor Ivo Dall'acqua, Presidente da Fecomércio de São Paulo, a pedido do Deputado Fausto Pinato, autor do requerimento.
2604314-42;2026-03-11;PLEN;81277;true;Aprovado o Substitutivo Reformulado ao Projeto de Lei nº 727, de 2026, adotado pela relatora da Comissão de Constituição e Justiça e de Cidadania.
2607449-2;2026-03-11;CREDN;81241;true;Subscrito pelo deputado Sargento Fahur (PL/PR). Aprovado o Requerimento, com alteração de convocação para convite, e com o voto contrário do deputado Arlindo Chinaglia (PT/SP).
2607451-2;2026-03-11;CREDN;81241;true;Subscrito pelo deputado Sargento Fahur (PL/PR). Aprovado o Requerimento, com alteração de convocação para convite, e com o voto contrário do deputado Arlindo Chinaglia (PT/SP).
2607452-2;2026-03-11;CREDN;81241;true;Aprovado o Requerimento.
2607608-2;2026-03-11;CREDN;81241;true;Subscrito pelo deputado Sargento Fahur (PL/PR). Aprovado o Requerimento.
2605972-3;2026-03-11;CSAUDE;81198;true;Aprovado o Requerimento.
2606187-3;2026-03-11;CSAUDE;81198;true;Aprovado o Requerimento.
2606342-3;2026-03-11;CSAUDE;81198;true;Aprovado o Requerimento.
2606872-2;2026-03-11;CSAUDE;81198;true;Aprovado o Requerimento.
2606971-2;2026-03-11;CSAUDE;81198;true;Aprovado o Requerimento.
2607029-3;2026-03-11;CSAUDE;81198;true;Aprovado o Requerimento.
2607093-2;2026-03-11;CSAUDE;81198;true;Aprovado o Requerimento.
2607130-3;2026-03-11;CSAUDE;81198;true;Aprovado o Requerimento.
2607131-3;2026-03-11;CSAUDE;81198;true;Aprovado o Requerimento.
2607154-2;2026-03-11;CSAUDE;81198;true;Aprovado o Requerimento.
2607389-3;2026-03-11;CSAUDE;81198;true;Aprovado o Requerimento.
2607524-3;2026-03-11;CSAUDE;81198;true;Aprovado o Requerimento.
2607552-3;2026-03-11;CSAUDE;81198;true;Aprovado o Requerimento.
2354262-26;2026-03-11;CSAUDE;81198;true;Aprovado o Parecer.
2449170-23;2026-03-11;CSAUDE;81198;true;Aprovado o Parecer.
2462264-23;2026-03-11;CSAUDE;81198;true;Aprovado o Parecer.
2482375-42;2026-03-11;CSAUDE;81198;true;Aprovado o Parecer.
2607379-2;2026-03-11;CVT;81234;true;Aprovado o Requerimento.
2607380-2;2026-03-11;CVT;81234;true;Aprovado o Requerimento.
2607381-2;2026-03-11;CVT;81234;true;Aprovado o Requerimento.
2607382-2;2026-03-11;CVT;81234;true;Aprovado o Requerimento.
2607586-2;2026-03-11;CVT;81234;true;Aprovado o Requerimento.
2607616-2;2026-03-11;CVT;81234;true;Aprovado o Requerimento.
2607528-2;2026-03-11;CVT;81234;true;Aprovado o Requerimento, com alteração para incluir a Associação Brasileira de Terminais Portuários (ABTP). Subscrito pelo deputado Kiko Celeguim.
2607120-2;2026-03-11;CVT;81234;true;Aprovado o Requerimento, com alteração para incluir o Instituto de Livre Mercado (ILM) e o Instituto Brasileiro de Infraestrutura (IBI). Subscrito pelo deputado Leônidas Cristino.
2525550-39;2026-03-11;CVT;81234;true;Aprovado o Parecer.
2570242-20;2026-03-11;CVT;81234;true;Aprovado o Parecer.
2589375-20;2026-03-11;CVT;81234;true;Aprovado o Parecer.
2372100-35;2026-03-11;CVT;81234;true;Aprovado o Parecer.
2604428-2;2026-03-11;CFFC;81239;true;Aprovado o Requerimento.
2458523-54;2026-03-11;CTRAB;81211;true;Aprovados os Requerimentos de Adiamento de Discussão, dos Deputados Sanderson e Capitão Alden.
2605636-2;2026-03-11;CFFC;81239;true;Aprovado o Requerimento.
2257000-40;2026-03-11;CVT;81234;true;Aprovado o Parecer.
2605926-2;2026-03-11;CTRAB;81211;true;Aprovado o Requerimento.
2605928-2;2026-03-11;CTRAB;81211;true;Aprovado o Requerimento.
2606842-2;2026-03-11;CTRAB;81211;true;Aprovado o Requerimento.
2607033-2;2026-03-11;CTRAB;81211;true;Aprovado o Requerimento.
2296042-42;2026-03-11;CVT;81234;true;Aprovado o Parecer.
2244015-69;2026-03-11;CCJC;81220;true;Aprovada a Redação Final.
2394075-66;2026-03-11;CCJC;81220;true;Aprovada a Redação Final.
2410568-55;2026-03-11;CCJC;81220;true;Aprovada a Redação Final.
2476011-35;2026-03-11;CCJC;81220;true;Aprovada a Redação Final.
2414747-18;2026-03-11;CCJC;81220;true;Aprovado o Parecer.
2479247-19;2026-03-11;CCJC;81220;true;Aprovado o Parecer.
2518466-18;2026-03-11;CCJC;81220;true;Aprovado o Parecer.
2532222-17;2026-03-11;CCJC;81220;true;Aprovado o Parecer.
2532240-17;2026-03-11;CCJC;81220;true;Aprovado o Parecer.
2532244-17;2026-03-11;CCJC;81220;true;Aprovado o Parecer.
2532247-17;2026-03-11;CCJC;81220;true;Aprovado o Parecer.
2547271-22;2026-03-11;CCJC;81220;true;Aprovado o Parecer.
2482436-25;2026-03-11;CTRAB;81211;true;Aprovado o Parecer.
2547301-22;2026-03-11;CCJC;81220;true;Aprovado o Parecer.
2560571-17;2026-03-11;CCJC;81220;true;Aprovado o Parecer.
2564999-17;2026-03-11;CCJC;81220;true;Aprovado o Parecer.
2565015-17;2026-03-11;CCJC;81220;true;Aprovado o Parecer.
2565028-17;2026-03-11;CCJC;81220;true;Aprovado o Parecer.
2565035-17;2026-03-11;CCJC;81220;true;Aprovado o Parecer.
2565036-17;2026-03-11;CCJC;81220;true;Aprovado o Parecer.
2565038-17;2026-03-11;CCJC;81220;true;Aprovado o Parecer.
2566845-17;2026-03-11;CCJC;81220;true;Aprovado o Parecer.
2566851-17;2026-03-11;CCJC;81220;true;Aprovado o Parecer.
2570189-17;2026-03-11;CCJC;81220;true;Aprovado o Parecer.
2572822-17;2026-03-11;CCJC;81220;true;Aprovado o Parecer.
2575484-17;2026-03-11;CCJC;81220;true;Aprovado o Parecer.
2575494-17;2026-03-11;CCJC;81220;true;Aprovado o Parecer.
2583486-17;2026-03-11;CCJC;81220;true;Aprovado o Parecer.
2583492-17;2026-03-11;CCJC;81220;true;Aprovado o Parecer.
2583515-17;2026-03-11;CCJC;81220;true;Aprovado o Parecer.
2475451-30;2026-03-11;CVT;81234;true;Aprovado o Parecer.
2482432-26;2026-03-11;CVT;81234;true;Aprovado o Parecer.
2302365-45;2026-03-11;CCJC;81220;true;Aprovado o Parecer.
2485099-36;2026-03-11;CCJC;81220;true;Aprovado o Parecer.
2494375-25;2026-03-11;CVT;81234;true;Aprovado o Parecer.
2515626-25;2026-03-11;CVT;81234;true;Aprovado o Parecer.
2503991-23;2026-03-11;CVT;81234;true;Aprovado o Parecer.
2172783-48;2026-03-11;CVT;81234;true;Aprovado o Parecer.
2214196-37;2026-03-11;CVT;81234;true;Aprovado o Parecer.
2417040-26;2026-03-11;CVT;81234;true;Aprovado o Parecer.
2450501-34;2026-03-11;CVT;81234;true;Aprovado o Parecer.
2483590-25;2026-03-11;CVT;81234;true;Aprovado o Parecer.
2368830-34;2026-03-11;CCJC;81220;true;Aprovado o Parecer.
2277153-52;2026-03-11;CVT;81234;true;Aprovado o Parecer.
2491477-21;2026-03-11;CVT;81234;true;Aprovado o Parecer.
2444072-59;2026-03-11;CVT;81234;true;Aprovado o Parecer.
2503066-28;2026-03-11;CVT;81234;true;Aprovado o Parecer.
2277348-72;2026-03-11;CCJC;81220;false;"Rejeitado o Requerimento de Retirada de Pauta. Resultado: 20 votos ""Sim"", 22 votos ""Não"", 1 Abstenção. Quórum de votação: 43 votos."
2431589-48;2026-03-11;CCJC;81220;true;Aprovado o Parecer.
500254-143;2026-03-11;CCJC;81220;true;Aprovado o Parecer.
2259866-42;2026-03-11;CCJC;81220;true;Aprovado o Parecer.
2147091-73;2026-03-11;CVT;81234;true;Aprovado o Parecer.
2335003-63;2026-03-11;CCJC;81220;true;Aprovado o Parecer.
2194910-83;2026-03-11;CCJC;81220;true;Aprovado o Parecer.
2192588-42;2026-03-11;CCJC;81220;true;Aprovado o Parecer.
2345720-67;2026-03-11;CCJC;81220;true;Aprovado o Parecer.
2171929-76;2026-03-11;CCJC;81220;true;Aprovado o Parecer.
2364471-38;2026-03-11;CCJC;81220;true;Aprovado o Parecer.
2270849-46;2026-03-11;CCJC;81220;true;Aprovado o Parecer.
2400101-36;2026-03-11;CCJC;81220;true;Aprovado o Parecer.
2504564-36;2026-03-11;CCJC;81220;true;Aprovado o Parecer.
2171927-74;2026-03-11;CCJC;81220;true;Aprovado o Parecer.
2607135-3;2026-03-11;CIDOSO;81259;true;Aprovado o Requerimento.
2607643-2;2026-03-11;CIDOSO;81259;true;Aprovado o Requerimento.
2607644-2;2026-03-11;CIDOSO;81259;true;Aprovado o Requerimento.
2607645-2;2026-03-11;CIDOSO;81259;true;Aprovado o Requerimento.
2607646-2;2026-03-11;CIDOSO;81259;true;Aprovado o Requerimento.
2607647-2;2026-03-11;CIDOSO;81259;true;Aprovado o Requerimento.
2607648-2;2026-03-11;CIDOSO;81259;true;Aprovado o Requerimento.
2607650-2;2026-03-11;CIDOSO;81259;true;Aprovado o Requerimento.
2607652-2;2026-03-11;CIDOSO;81259;true;Aprovado o Requerimento.
2607659-2;2026-03-11;CIDOSO;81259;true;Aprovado o Requerimento.
2607661-2;2026-03-11;CIDOSO;81259;true;Aprovado o Requerimento.
2607662-2;2026-03-11;CIDOSO;81259;true;Aprovado o Requerimento.
2607674-2;2026-03-11;CIDOSO;81259;true;Aprovado o Requerimento.
2606125-2;2026-03-11;CCULT;81205;true;Aprovado o Requerimento.
2481248-23;2026-03-11;CCULT;81205;true;Aprovado o Parecer.
2518156-24;2026-03-11;CCULT;81205;true;Aprovado o Parecer.
2539183-21;2026-03-11;CCULT;81205;true;Aprovado o Parecer.
2531261-25;2026-03-11;CCULT;81205;true;Aprovado o Parecer.
2437747-27;2026-03-11;CCULT;81205;true;Aprovado o Parecer.
2434828-24;2026-03-11;CCULT;81205;true;Aprovado o Parecer.
2541084-22;2026-03-11;CCULT;81205;true;Aprovado o Parecer.
2495652-21;2026-03-11;CCULT;81205;true;Aprovado o Parecer.
2534618-22;2026-03-11;CCULT;81205;true;Aprovado o Parecer.
2570117-22;2026-03-11;CCULT;81205;true;Aprovado o Parecer.
2607658-8;2026-03-11;PLEN;81277;true;Aprovado, por unanimidade, o Requerimento de Urgência (Art. 155 do RICD).
2607606-16;2026-03-11;CCP;;true;Realizar o encaminhamento do PL-1049/2026 à CCJC (tramitação simultânea), em razão da aprovação de requerimento de urgência.
2607606-17;2026-03-11;CCP;;true;Realizar o encaminhamento do PL-1049/2026 à CE (tramitação simultânea), em razão da aprovação de requerimento de urgência.
2607606-18;2026-03-11;CCP;;true;Realizar o encaminhamento do PL-1049/2026 à CFT (tramitação simultânea), em razão da aprovação de requerimento de urgência.
2607606-19;2026-03-11;CCP;;true;Realizar o encaminhamento do PL-1049/2026 à CFT (tramitação simultânea), em razão da aprovação de requerimento de urgência.
2607606-20;2026-03-11;PLEN;;true;Alteração do Regime de Tramitação desta proposição em virtude da Aprovação do REQ 1345/2026.
2607960-9;2026-03-11;PLEN;81277;true;"Aprovado o Requerimento de Urgência (Art. 155 do RICD). Sim: 316; Não: 86; Abstenção: 1; Total: 403."
2539000-25;2026-03-11;CCP;;true;Realizar o encaminhamento do PL-3640/2025 à CCJC (tramitação simultânea), em razão da aprovação de requerimento de urgência.
2539000-26;2026-03-11;CCP;;true;Realizar o encaminhamento do PL-3640/2025 à CFT (tramitação simultânea), em razão da aprovação de requerimento de urgência.
2539000-27;2026-03-11;CCP;;true;Realizar o encaminhamento do PL-3640/2025 à CMULHER (tramitação simultânea), em razão da aprovação de requerimento de urgência.
2596336-8;2026-03-11;PLEN;81277;true;Aprovado, por unanimidade, o Requerimento de Urgência (Art. 155 do RICD).
2318547-100;2026-03-11;PLEN;81277;false;Rejeitado o Requerimento.
2318547-104;2026-03-11;PLEN;81277;false;Rejeitada a Emenda da Comissão de Constituição e Justiça e de Cidadania.
2318547-106;2026-03-11;PLEN;81277;true;Aprovado o Projeto de Lei nº 3.946, de 2021.
2318547-108;2026-03-11;PLEN;81277;true;Aprovadas as Emendas de Redação.
2318547-110;2026-03-11;PLEN;81277;true;Aprovada a Redação Final assinada pela relatora, Dep. Bia Kicis (PL/DF).
2604314-28;2026-03-11;PLEN;81277;false;"Rejeitado o Requerimento. Sim: 60; Não: 337; Abstenção: 1; Total: 398."
2604314-45;2026-03-11;PLEN;81277;true;Aprovada a Redação Final assinada pela relatora, Dep. Gisela Simona (UNIÃO/MT).
2607606-28;2026-03-11;PLEN;81277;true;Aprovado o Projeto de Lei nº 1.049, de 2026.
2607606-30;2026-03-11;PLEN;81277;true;Aprovada a Emenda de Redação nº 1.
2607606-32;2026-03-11;PLEN;81277;true;Aprovada a Redação Final assinada pelo relator, Dep. Moses Rodrigues (UNIÃO-CE).
2539000-34;2026-03-11;PLEN;81277;true;Aprovado o Substitutivo ao Projeto de Lei nº 3.640, de 2025, adotado pela relatora da Comissão de Meio Ambiente e Desenvolvimento Sustentável.
2539000-37;2026-03-11;PLEN;81277;true;Aprovada a Redação Final assinada pela relatora, Dep. Iza Arruda (MDB/PE).
2593723-25;2026-03-11;PLEN;81277;true;Aprovado o Substitutivo ao Projeto de Lei nº 6.222, de 2025, adotado pela relatora da Comissão de Defesa dos Direitos da Mulher.
2593723-28;2026-03-11;PLEN;81277;true;Aprovada a Redação Final assinada pela relatora, Dep. Jack Rocha (PT-ES).
2596663-43;2026-03-11;PLEN;81277;true;Aprovado o Substitutivo ao Projeto de Lei nº 6.415, de 2025, adotado pela relatora da Comissão de Constituição e Justiça e de Cidadania, ressalvado o destaque.
2596663-47;2026-03-11;PLEN;81277;;"Mantido o texto. Sim: 213; Não: 152; Abstenção: 3; Total: 368."
2596663-49;2026-03-11;PLEN;81277;true;Aprovada a Redação Final assinada pela relatora, Dep. Greyce Elias (AVANTE-MG).
2606681-2;2026-03-11;CCOM;81208;true;Aprovado o Requerimento, subscrito pelo Deputado Maurício Marcon.
2607118-2;2026-03-11;CCOM;81208;true;Aprovado o Requerimento.
2607119-2;2026-03-11;CCOM;81208;true;Aprovado o Requerimento.
2604442-3;2026-03-11;CPASF;81118;true;Aprovado o Requerimento.
2607157-2;2026-03-11;CCOM;81208;true;Aprovado o Requerimento, subscrito pelo Deputado Maurício Marcon.
2604443-3;2026-03-11;CPASF;81118;true;Aprovado o Requerimento.
2458018-39;2026-03-11;CPASF;81118;true;Aprovado o Parecer.
2502857-24;2026-03-11;CCOM;81208;true;Submetido à votação, foi aprovado o Parecer.
2464052-24;2026-03-11;CCOM;81208;true;Submetido à votação, foi aprovado o Parecer.
2482004-26;2026-03-11;CCOM;81208;true;Submetido à votação, foi aprovado o Parecer.
2495102-24;2026-03-11;CCOM;81208;true;Submetido à votação, foi aprovado o Parecer.
2495129-24;2026-03-11;CCOM;81208;true;Submetido à votação, foi aprovado o Parecer.
2498660-24;2026-03-11;CCOM;81208;true;Submetido à votação, foi aprovado o Parecer.
2498662-24;2026-03-11;CCOM;81208;true;Submetido à votação, foi aprovado o Parecer.
2498664-24;2026-03-11;CCOM;81208;true;Submetido à votação, foi aprovado o Parecer.
2500702-26;2026-03-11;CCOM;81208;true;Submetido à votação, foi aprovado o Parecer.
2500721-24;2026-03-11;CCOM;81208;true;Submetido à votação, foi aprovado o Parecer.
2500723-24;2026-03-11;CCOM;81208;true;Submetido à votação, foi aprovado o Parecer.
2500725-24;2026-03-11;CCOM;81208;true;Submetido à votação, foi aprovado o Parecer.
2500728-24;2026-03-11;CCOM;81208;true;Submetido à votação, foi aprovado o Parecer.
2500730-24;2026-03-11;CCOM;81208;true;Submetido à votação, foi aprovado o Parecer.
2500732-24;2026-03-11;CCOM;81208;true;Submetido à votação, foi aprovado o Parecer.
2500736-24;2026-03-11;CCOM;81208;true;Submetido à votação, foi aprovado o Parecer.
2500752-24;2026-03-11;CCOM;81208;true;Submetido à votação, foi aprovado o Parecer.
2502713-24;2026-03-11;CCOM;81208;true;Submetido à votação, foi aprovado o Parecer.
2502727-24;2026-03-11;CCOM;81208;true;Submetido à votação, foi aprovado o Parecer.
2502778-24;2026-03-11;CCOM;81208;true;Submetido à votação, foi aprovado o Parecer.
2502784-24;2026-03-11;CCOM;81208;true;Submetido à votação, foi aprovado o Parecer.
2484451-26;2026-03-11;CPASF;81118;true;Aprovado o Parecer.
2425768-38;2026-03-11;CPASF;81118;true;Aprovado o Parecer.
2533964-25;2026-03-11;CPASF;81118;true;Aprovado o Parecer.
947883-72;2026-03-11;CPASF;81118;true;Aprovado o Parecer.
2417775-45;2026-03-11;CPASF;81118;true;Aprovado o Parecer, apresentou voto em separado a Deputada Ana Paula Lima (PT-SC).
2195113-67;2026-03-13;MESA;;true;Retirado o REQ n. 1993/2025, em razão do deferimento do Requerimento n. REQ 1136/2026, nos termos do artigo 104, caput, combinado com o artigo 114, VII, ambos do RICD.
2570050-7;2026-03-16;PLEN;81321;true;Aprovado, por unanimidade, o Requerimento de Urgência (Art. 155 do RICD).
2201482-36;2026-03-16;PLEN;;true;Aprovado o requerimento nº 4193/2025,do Sr. Juninho do Pneu, que solicita urgência (art. 155) para o PL 2736/2019.
2210288-22;2026-03-16;PLEN;;true;Aprovado o requerimento nº 4193/2025,do Sr. Juninho do Pneu, que solicita urgência (art. 155) para o PL 2736/2019.
2406905-14;2026-03-16;PLEN;;true;Aprovado o requerimento nº 4193/2025,do Sr. Juninho do Pneu, que solicita urgência (art. 155) para o PL 2736/2019.
2200711-65;2026-03-16;PLEN;;true;Alteração do Regime de Tramitação desta proposição em virtude da Aprovação do REQ 4193/2025.
2201482-37;2026-03-16;PLEN;;true;Alteração do Regime de Tramitação desta proposição em virtude da alteração do regime do PL 2736/2019, por ter sido aprovado o REQ 4193/2025 que está apensado ao primeiro.
2406905-15;2026-03-16;PLEN;;true;Alteração do Regime de Tramitação desta proposição em virtude da alteração do regime do PL 2736/2019, por ter sido aprovado o REQ 4193/2025 que está apensado ao primeiro.
2210288-23;2026-03-16;PLEN;;true;Alteração do Regime de Tramitação desta proposição em virtude da alteração do regime do PL 2736/2019, por ter sido aprovado o REQ 4193/2025 que está apensado ao primeiro.
2608761-7;2026-03-16;PLEN;81321;true;Aprovado, por unanimidade, o Requerimento de Urgência (Art. 155 do RICD).
2594142-7;2026-03-16;PLEN;81321;true;Aprovado, por unanimidade, o Requerimento de Urgência (Art. 155 do RICD).
2423889-19;2026-03-16;CCP;;true;Realizar o encaminhamento do PL-1008/2024 à CCJC (tramitação simultânea), em razão da aprovação de requerimento de urgência.
2605003-8;2026-03-16;PLEN;81321;true;Aprovado o Requerimento de Urgência (Art. 155 do RICD).
2516808-29;2026-03-16;CCP;;true;Realizar o encaminhamento do PL-2564/2025 à CCJC (tramitação simultânea), em razão da aprovação de requerimento de urgência.
2607113-7;2026-03-16;PLEN;81321;true;Aprovado, por unanimidade, o Requerimento de Urgência (Art. 155 do RICD).
2609068-6;2026-03-16;PLEN;81321;true;Aprovado, por unanimidade, o Requerimento de Urgência (Art. 155 do RICD).
2606339-9;2026-03-16;PLEN;81321;true;Aprovado, por unanimidade, o Requerimento de Urgência (Art. 155 do RICD).
2607117-8;2026-03-16;PLEN;81321;true;Aprovado o Requerimento de Urgência (Art. 155 do RICD).
2469569-18;2026-03-16;PLEN;;true;Aprovado o requerimento nº 1306/2026,dos Srs. Doutor Luizinho e Augusto Coutinho, que solicita urgência (art. 155) para o PL 5779/2025.
2469569-19;2026-03-16;PLEN;;true;Alteração do Regime de Tramitação desta proposição em virtude da alteração do regime do PL 5779/2025, por ter sido aprovado o REQ 1306/2026 que está apensado ao primeiro.
2607727-7;2026-03-16;PLEN;81321;true;Aprovado o Requerimento de Urgência (Art. 155 do RICD).
2604749-8;2026-03-16;PLEN;;true;Alteração do Regime de Tramitação desta proposição em virtude da Aprovação do REQ 1354/2026.
2607160-9;2026-03-16;PLEN;81321;true;Aprovado o Requerimento de Urgência (Art. 155 do RICD).
2487315-19;2026-03-16;PLEN;;true;Aprovado o requerimento nº 1311/2026,do Sr. Tarcísio Motta, que solicita urgência (art. 155) para o PL 2841/2024.
2448730-39;2026-03-16;CCP;;true;Realizar o encaminhamento do PL-2841/2024 à CCJC (tramitação simultânea), em razão da aprovação de requerimento de urgência.
2448730-40;2026-03-16;CCP;;true;Realizar o encaminhamento do PL-2841/2024 à CFT (tramitação simultânea), em razão da aprovação de requerimento de urgência.
2487315-20;2026-03-16;PLEN;;true;Alteração do Regime de Tramitação desta proposição em virtude da alteração do regime do PL 2841/2024, por ter sido aprovado o REQ 1311/2026 que está apensado ao primeiro.
2606414-3;2026-03-17;CSPCCO;81282;true;Aprovado o Requerimento, com o voto contrário do Dep. Pastor Henrique Vieira.
2563330-90;2026-03-17;PLEN;81323;true;Aprovada a Redação Final assinada pela Deputada Nely Aquino (PODE/MG).
2398003-10;2026-03-17;PLEN;81323;true;"Aprovado o Requerimento de Urgência (Art. 155 do RICD). Sim: 430; Total: 430."
2117379-65;2026-03-17;PLEN;;true;Aprovado o requerimento nº 3624/2023,da Sra. Bia Kicis, que solicita urgência (art. 155) para o PLP 108/2021.
2173745-33;2026-03-17;PLEN;;true;Aprovado o requerimento nº 3624/2023,da Sra. Bia Kicis, que solicita urgência (art. 155) para o PLP 108/2021.
2312630-20;2026-03-17;PLEN;;true;Aprovado o requerimento nº 3624/2023,da Sra. Bia Kicis, que solicita urgência (art. 155) para o PLP 108/2021.
2372604-17;2026-03-17;PLEN;;true;Aprovado o requerimento nº 3624/2023,da Sra. Bia Kicis, que solicita urgência (art. 155) para o PLP 108/2021.
2476673-15;2026-03-17;PLEN;;true;Aprovado o requerimento nº 3624/2023,da Sra. Bia Kicis, que solicita urgência (art. 155) para o PLP 108/2021.
2205468-22;2026-03-17;PLEN;;true;Aprovado o requerimento nº 3624/2023,da Sra. Bia Kicis, que solicita urgência (art. 155) para o PLP 108/2021.
2224681-24;2026-03-17;PLEN;;true;Aprovado o requerimento nº 3624/2023,da Sra. Bia Kicis, que solicita urgência (art. 155) para o PLP 108/2021.
2238597-52;2026-03-17;PLEN;;true;Aprovado o requerimento nº 3624/2023,da Sra. Bia Kicis, que solicita urgência (art. 155) para o PLP 108/2021.
2273533-26;2026-03-17;PLEN;;true;Aprovado o requerimento nº 3624/2023,da Sra. Bia Kicis, que solicita urgência (art. 155) para o PLP 108/2021.
2275134-23;2026-03-17;PLEN;;true;Aprovado o requerimento nº 3624/2023,da Sra. Bia Kicis, que solicita urgência (art. 155) para o PLP 108/2021.
2275142-23;2026-03-17;PLEN;;true;Aprovado o requerimento nº 3624/2023,da Sra. Bia Kicis, que solicita urgência (art. 155) para o PLP 108/2021.
2350191-14;2026-03-17;PLEN;;true;Aprovado o requerimento nº 3624/2023,da Sra. Bia Kicis, que solicita urgência (art. 155) para o PLP 108/2021.
2394085-14;2026-03-17;PLEN;;true;Aprovado o requerimento nº 3624/2023,da Sra. Bia Kicis, que solicita urgência (art. 155) para o PLP 108/2021.
2394185-17;2026-03-17;PLEN;;true;Aprovado o requerimento nº 3624/2023,da Sra. Bia Kicis, que solicita urgência (art. 155) para o PLP 108/2021.
2482945-14;2026-03-17;PLEN;;true;Aprovado o requerimento nº 3624/2023,da Sra. Bia Kicis, que solicita urgência (art. 155) para o PLP 108/2021.
2417222-16;2026-03-17;PLEN;;true;Aprovado o requerimento nº 3624/2023,da Sra. Bia Kicis, que solicita urgência (art. 155) para o PLP 108/2021.
2593773-14;2026-03-17;PLEN;;true;Aprovado o requerimento nº 3624/2023,da Sra. Bia Kicis, que solicita urgência (art. 155) para o PLP 108/2021.
2451624-15;2026-03-17;PLEN;;true;Aprovado o requerimento nº 3624/2023,da Sra. Bia Kicis, que solicita urgência (art. 155) para o PLP 108/2021.
2462254-15;2026-03-17;PLEN;;true;Aprovado o requerimento nº 3624/2023,da Sra. Bia Kicis, que solicita urgência (art. 155) para o PLP 108/2021.
2479053-15;2026-03-17;PLEN;;true;Aprovado o requerimento nº 3624/2023,da Sra. Bia Kicis, que solicita urgência (art. 155) para o PLP 108/2021.
2241646-33;2026-03-17;PLEN;;true;Aprovado o requerimento nº 3624/2023,da Sra. Bia Kicis, que solicita urgência (art. 155) para o PLP 108/2021.
2310279-20;2026-03-17;PLEN;;true;Aprovado o requerimento nº 3624/2023,da Sra. Bia Kicis, que solicita urgência (art. 155) para o PLP 108/2021.
2329479-22;2026-03-17;PLEN;;true;Aprovado o requerimento nº 3624/2023,da Sra. Bia Kicis, que solicita urgência (art. 155) para o PLP 108/2021.
2351347-14;2026-03-17;PLEN;;true;Aprovado o requerimento nº 3624/2023,da Sra. Bia Kicis, que solicita urgência (art. 155) para o PLP 108/2021.
2394179-14;2026-03-17;PLEN;;true;Aprovado o requerimento nº 3624/2023,da Sra. Bia Kicis, que solicita urgência (art. 155) para o PLP 108/2021.
2484537-16;2026-03-17;PLEN;;true;Aprovado o requerimento nº 3624/2023,da Sra. Bia Kicis, que solicita urgência (art. 155) para o PLP 108/2021.
2592114-14;2026-03-17;PLEN;;true;Aprovado o requerimento nº 3624/2023,da Sra. Bia Kicis, que solicita urgência (art. 155) para o PLP 108/2021.
2296857-16;2026-03-17;PLEN;;true;Aprovado o requerimento nº 3624/2023,da Sra. Bia Kicis, que solicita urgência (art. 155) para o PLP 108/2021.
2419204-15;2026-03-17;PLEN;;true;Aprovado o requerimento nº 3624/2023,da Sra. Bia Kicis, que solicita urgência (art. 155) para o PLP 108/2021.
2484086-17;2026-03-17;PLEN;;true;Aprovado o requerimento nº 3624/2023,da Sra. Bia Kicis, que solicita urgência (art. 155) para o PLP 108/2021.
2528446-14;2026-03-17;PLEN;;true;Aprovado o requerimento nº 3624/2023,da Sra. Bia Kicis, que solicita urgência (art. 155) para o PLP 108/2021.
2552069-16;2026-03-17;PLEN;;true;Aprovado o requerimento nº 3624/2023,da Sra. Bia Kicis, que solicita urgência (art. 155) para o PLP 108/2021.
2487549-33;2026-03-17;PLEN;;true;Aprovado o requerimento nº 3624/2023,da Sra. Bia Kicis, que solicita urgência (art. 155) para o PLP 108/2021.
2450021-16;2026-03-17;PLEN;;true;Aprovado o requerimento nº 3624/2023,da Sra. Bia Kicis, que solicita urgência (art. 155) para o PLP 108/2021.
2295251-133;2026-03-17;CCP;;true;Realizar o encaminhamento do PLP-108/2021 à CDE (tramitação simultânea), em razão da aprovação de requerimento de urgência.
2295251-134;2026-03-17;CCP;;true;Realizar o encaminhamento do PLP-108/2021 à CICS (tramitação simultânea), em razão da aprovação de requerimento de urgência.
2295251-135;2026-03-17;PLEN;;true;Alteração do Regime de Tramitação desta proposição em virtude da Aprovação do REQ 3624/2023.
2117379-66;2026-03-17;PLEN;;true;Alteração do Regime de Tramitação desta proposição em virtude da alteração do regime do PLP 108/2021, por ter sido aprovado o REQ 3624/2023 que está apensado ao primeiro.
2296857-17;2026-03-17;PLEN;;true;Alteração do Regime de Tramitação desta proposição em virtude da alteração do regime do PLP 108/2021, por ter sido aprovado o REQ 3624/2023 que está apensado ao primeiro.
2419204-16;2026-03-17;PLEN;;true;Alteração do Regime de Tramitação desta proposição em virtude da alteração do regime do PLP 108/2021, por ter sido aprovado o REQ 3624/2023 que está apensado ao primeiro.
2450021-17;2026-03-17;PLEN;;true;Alteração do Regime de Tramitação desta proposição em virtude da alteração do regime do PLP 108/2021, por ter sido aprovado o REQ 3624/2023 que está apensado ao primeiro.
2484086-18;2026-03-17;PLEN;;true;Alteração do Regime de Tramitação desta proposição em virtude da alteração do regime do PLP 108/2021, por ter sido aprovado o REQ 3624/2023 que está apensado ao primeiro.
2487549-34;2026-03-17;PLEN;;true;Alteração do Regime de Tramitação desta proposição em virtude da alteração do regime do PLP 108/2021, por ter sido aprovado o REQ 3624/2023 que está apensado ao primeiro.
2552069-17;2026-03-17;PLEN;;true;Alteração do Regime de Tramitação desta proposição em virtude da alteração do regime do PLP 108/2021, por ter sido aprovado o REQ 3624/2023 que está apensado ao primeiro.
2173745-34;2026-03-17;PLEN;;true;Alteração do Regime de Tramitação desta proposição em virtude da alteração do regime do PLP 108/2021, por ter sido aprovado o REQ 3624/2023 que está apensado ao primeiro.
2205468-23;2026-03-17;PLEN;;true;Alteração do Regime de Tramitação desta proposição em virtude da alteração do regime do PLP 108/2021, por ter sido aprovado o REQ 3624/2023 que está apensado ao primeiro.
2224681-25;2026-03-17;PLEN;;true;Alteração do Regime de Tramitação desta proposição em virtude da alteração do regime do PLP 108/2021, por ter sido aprovado o REQ 3624/2023 que está apensado ao primeiro.
2238597-53;2026-03-17;PLEN;;true;Alteração do Regime de Tramitação desta proposição em virtude da alteração do regime do PLP 108/2021, por ter sido aprovado o REQ 3624/2023 que está apensado ao primeiro.
2241646-34;2026-03-17;PLEN;;true;Alteração do Regime de Tramitação desta proposição em virtude da alteração do regime do PLP 108/2021, por ter sido aprovado o REQ 3624/2023 que está apensado ao primeiro.
2528446-15;2026-03-17;PLEN;;true;Alteração do Regime de Tramitação desta proposição em virtude da alteração do regime do PLP 108/2021, por ter sido aprovado o REQ 3624/2023 que está apensado ao primeiro.
2273533-27;2026-03-17;PLEN;;true;Alteração do Regime de Tramitação desta proposição em virtude da alteração do regime do PLP 108/2021, por ter sido aprovado o REQ 3624/2023 que está apensado ao primeiro.
2275134-24;2026-03-17;PLEN;;true;Alteração do Regime de Tramitação desta proposição em virtude da alteração do regime do PLP 108/2021, por ter sido aprovado o REQ 3624/2023 que está apensado ao primeiro.
2275142-24;2026-03-17;PLEN;;true;Alteração do Regime de Tramitação desta proposição em virtude da alteração do regime do PLP 108/2021, por ter sido aprovado o REQ 3624/2023 que está apensado ao primeiro.
2310279-21;2026-03-17;PLEN;;true;Alteração do Regime de Tramitação desta proposição em virtude da alteração do regime do PLP 108/2021, por ter sido aprovado o REQ 3624/2023 que está apensado ao primeiro.
2312630-21;2026-03-17;PLEN;;true;Alteração do Regime de Tramitação desta proposição em virtude da alteração do regime do PLP 108/2021, por ter sido aprovado o REQ 3624/2023 que está apensado ao primeiro.
2329479-23;2026-03-17;PLEN;;true;Alteração do Regime de Tramitação desta proposição em virtude da alteração do regime do PLP 108/2021, por ter sido aprovado o REQ 3624/2023 que está apensado ao primeiro.
2350191-15;2026-03-17;PLEN;;true;Alteração do Regime de Tramitação desta proposição em virtude da alteração do regime do PLP 108/2021, por ter sido aprovado o REQ 3624/2023 que está apensado ao primeiro.
2372604-18;2026-03-17;PLEN;;true;Alteração do Regime de Tramitação desta proposição em virtude da alteração do regime do PLP 108/2021, por ter sido aprovado o REQ 3624/2023 que está apensado ao primeiro.
2394085-15;2026-03-17;PLEN;;true;Alteração do Regime de Tramitação desta proposição em virtude da alteração do regime do PLP 108/2021, por ter sido aprovado o REQ 3624/2023 que está apensado ao primeiro.
2394179-15;2026-03-17;PLEN;;true;Alteração do Regime de Tramitação desta proposição em virtude da alteração do regime do PLP 108/2021, por ter sido aprovado o REQ 3624/2023 que está apensado ao primeiro.
2394185-18;2026-03-17;PLEN;;true;Alteração do Regime de Tramitação desta proposição em virtude da alteração do regime do PLP 108/2021, por ter sido aprovado o REQ 3624/2023 que está apensado ao primeiro.
2451624-16;2026-03-17;PLEN;;true;Alteração do Regime de Tramitação desta proposição em virtude da alteração do regime do PLP 108/2021, por ter sido aprovado o REQ 3624/2023 que está apensado ao primeiro.
2462254-16;2026-03-17;PLEN;;true;Alteração do Regime de Tramitação desta proposição em virtude da alteração do regime do PLP 108/2021, por ter sido aprovado o REQ 3624/2023 que está apensado ao primeiro.
2479053-16;2026-03-17;PLEN;;true;Alteração do Regime de Tramitação desta proposição em virtude da alteração do regime do PLP 108/2021, por ter sido aprovado o REQ 3624/2023 que está apensado ao primeiro.
2484537-17;2026-03-17;PLEN;;true;Alteração do Regime de Tramitação desta proposição em virtude da alteração do regime do PLP 108/2021, por ter sido aprovado o REQ 3624/2023 que está apensado ao primeiro.
2351347-15;2026-03-17;PLEN;;true;Alteração do Regime de Tramitação desta proposição em virtude da alteração do regime do PLP 108/2021, por ter sido aprovado o REQ 3624/2023 que está apensado ao primeiro.
2476673-16;2026-03-17;PLEN;;true;Alteração do Regime de Tramitação desta proposição em virtude da alteração do regime do PLP 108/2021, por ter sido aprovado o REQ 3624/2023 que está apensado ao primeiro.
2482945-15;2026-03-17;PLEN;;true;Alteração do Regime de Tramitação desta proposição em virtude da alteração do regime do PLP 108/2021, por ter sido aprovado o REQ 3624/2023 que está apensado ao primeiro.
2592114-15;2026-03-17;PLEN;;true;Alteração do Regime de Tramitação desta proposição em virtude da alteração do regime do PLP 108/2021, por ter sido aprovado o REQ 3624/2023 que está apensado ao primeiro.
2593773-15;2026-03-17;PLEN;;true;Alteração do Regime de Tramitação desta proposição em virtude da alteração do regime do PLP 108/2021, por ter sido aprovado o REQ 3624/2023 que está apensado ao primeiro.
2609001-29;2026-03-17;PLEN;81323;true;Aprovado o Projeto de Lei nº 6.674, de 2025.
2609001-31;2026-03-17;PLEN;81323;true;Aprovadas as Emendas de Redação nºs 1 e 2.
2609001-33;2026-03-17;PLEN;81323;true;Aprovada a Redação Final assinada pela relatora, Dep. Amanda Gentil (PP-MA).
2418774-66;2026-03-17;PLEN;81323;true;"Aprovada a Subemenda Substitutiva Global ao Projeto de Lei Complementar nº 6, de 2024, adotada pelo relator da Comissão de Constituição e Justiça e de Cidadania. Sim: 417; Não: 1; Total: 418."
2418774-68;2026-03-17;PLEN;81323;true;Aprovada a Redação Final assinada pelo relator, Dep. Thiago de Joaldo (PP-SE).
2342000-7;2026-03-17;PLEN;81323;true;Aprovado, por unanimidade, o Requerimento de Urgência (Art. 155 do RICD).
2307643-56;2026-03-17;CCP;;true;Realizar o encaminhamento do PL-589/2021 à CCJC (tramitação simultânea), em razão da aprovação de requerimento de urgência.
2307643-57;2026-03-17;CCP;;true;Realizar o encaminhamento do PL-589/2021 à CSAUDE (tramitação simultânea), em razão da aprovação de requerimento de urgência.
2307643-58;2026-03-17;PLEN;;true;Alteração do Regime de Tramitação desta proposição em virtude da Aprovação do REQ 1607/2022.
2407983-7;2026-03-17;PLEN;81323;true;Aprovado, por unanimidade, o Requerimento de Urgência (Art. 155 do RICD).
2590058-8;2026-03-17;PLEN;81323;true;Aprovado, por unanimidade, o Requerimento de Urgência (Art. 155 do RICD).
2589299-18;2026-03-17;CCP;;true;Realizar o encaminhamento do PL-6023/2025 à CCJC (tramitação simultânea), em razão da aprovação de requerimento de urgência.
2589299-19;2026-03-17;CCP;;true;Realizar o encaminhamento do PL-6023/2025 à CCJC (tramitação simultânea), em razão da aprovação de requerimento de urgência.
2590908-8;2026-03-17;PLEN;81323;true;Aprovado o Requerimento de Urgência (Art. 155 do RICD).
296515-174;2026-03-17;PLEN;;true;Aprovado o requerimento nº 5271/2025,do Sr. Cobalchini e outros, que solicita urgência (art. 155) para o PL 5803/2023.
304783-27;2026-03-17;PLEN;;true;Aprovado o requerimento nº 5271/2025,do Sr. Cobalchini e outros, que solicita urgência (art. 155) para o PL 5803/2023.
343468-25;2026-03-17;PLEN;;true;Aprovado o requerimento nº 5271/2025,do Sr. Cobalchini e outros, que solicita urgência (art. 155) para o PL 5803/2023.
2121236-15;2026-03-17;PLEN;;true;Aprovado o requerimento nº 5271/2025,do Sr. Cobalchini e outros, que solicita urgência (art. 155) para o PL 5803/2023.
2125735-15;2026-03-17;PLEN;;true;Aprovado o requerimento nº 5271/2025,do Sr. Cobalchini e outros, que solicita urgência (art. 155) para o PL 5803/2023.
2372495-13;2026-03-17;PLEN;;true;Aprovado o requerimento nº 5271/2025,do Sr. Cobalchini e outros, que solicita urgência (art. 155) para o PL 5803/2023.
2077983-17;2026-03-17;PLEN;;true;Aprovado o requerimento nº 5271/2025,do Sr. Cobalchini e outros, que solicita urgência (art. 155) para o PL 5803/2023.
2141187-15;2026-03-17;PLEN;;true;Aprovado o requerimento nº 5271/2025,do Sr. Cobalchini e outros, que solicita urgência (art. 155) para o PL 5803/2023.
304783-28;2026-03-17;PLEN;;true;Alteração do Regime de Tramitação desta proposição em virtude da alteração do regime do PL 5803/2023, por ter sido aprovado o REQ 5271/2025 que está apensado ao primeiro.
343468-26;2026-03-17;PLEN;;true;Alteração do Regime de Tramitação desta proposição em virtude da alteração do regime do PL 5803/2023, por ter sido aprovado o REQ 5271/2025 que está apensado ao primeiro.
2077983-18;2026-03-17;PLEN;;true;Alteração do Regime de Tramitação desta proposição em virtude da alteração do regime do PL 5803/2023, por ter sido aprovado o REQ 5271/2025 que está apensado ao primeiro.
2141187-16;2026-03-17;PLEN;;true;Alteração do Regime de Tramitação desta proposição em virtude da alteração do regime do PL 5803/2023, por ter sido aprovado o REQ 5271/2025 que está apensado ao primeiro.
2121236-16;2026-03-17;PLEN;;true;Alteração do Regime de Tramitação desta proposição em virtude da alteração do regime do PL 5803/2023, por ter sido aprovado o REQ 5271/2025 que está apensado ao primeiro.
2125735-16;2026-03-17;PLEN;;true;Alteração do Regime de Tramitação desta proposição em virtude da alteração do regime do PL 5803/2023, por ter sido aprovado o REQ 5271/2025 que está apensado ao primeiro.
2372495-14;2026-03-17;PLEN;;true;Alteração do Regime de Tramitação desta proposição em virtude da alteração do regime do PL 5803/2023, por ter sido aprovado o REQ 5271/2025 que está apensado ao primeiro.
2594130-7;2026-03-17;PLEN;81323;true;Aprovado, por unanimidade, o Requerimento de Urgência (Art. 155 do RICD).
2526683-17;2026-03-17;PLEN;;true;Aprovado o requerimento nº 5551/2025,da Sra. Coronel Fernanda e outros, que solicita urgência (art. 155) para o PL 1404/2025.
2492368-37;2026-03-17;PLEN;;true;Alteração do Regime de Tramitação desta proposição em virtude da Aprovação do REQ 5551/2025.
2526683-18;2026-03-17;PLEN;;true;Alteração do Regime de Tramitação desta proposição em virtude da alteração do regime do PL 1404/2025, por ter sido aprovado o REQ 5551/2025 que está apensado ao primeiro.
2583859-7;2026-03-17;PLEN;81323;true;Aprovado, por unanimidade, o Requerimento de Urgência (Art. 155 do RICD).
2575942-20;2026-03-17;CCP;;true;Realizar o encaminhamento do PL-5405/2025 à CCJC (tramitação simultânea), em razão da aprovação de requerimento de urgência.
2600130-7;2026-03-17;PLEN;81323;true;Aprovado, por unanimidade, o Requerimento de Urgência (Art. 155 do RICD).
2551020-18;2026-03-17;PLEN;;true;Aprovado o requerimento nº 54/2026,do Sr. Célio Studart, que solicita urgência (art. 155) para o PL 2475/2025.
2515534-30;2026-03-17;CCP;;true;Realizar o encaminhamento do PL-2475/2025 à CCJC (tramitação simultânea), em razão da aprovação de requerimento de urgência.
2515534-31;2026-03-17;CCP;;true;Realizar o encaminhamento do PL-2475/2025 à CCJC (tramitação simultânea), em razão da aprovação de requerimento de urgência.
2551020-19;2026-03-17;PLEN;;true;Alteração do Regime de Tramitação desta proposição em virtude da alteração do regime do PL 2475/2025, por ter sido aprovado o REQ 54/2026 que está apensado ao primeiro.
2608760-7;2026-03-17;PLEN;81323;true;Aprovado o Requerimento de Urgência (Art. 155 do RICD).
2608925-7;2026-03-17;PLEN;81323;true;Aprovado, por unanimidade, o Requerimento de Urgência (Art. 155 do RICD).
2606970-8;2026-03-17;PLEN;81323;true;"Aprovado o Requerimento de Urgência (Art. 155 do RICD). Sim: 399; Não: 19; Total: 418."
2335160-17;2026-03-17;PLEN;;true;Aprovado o requerimento nº 1285/2026,dos Srs. Leur Lomanto Júnior e Augusto Coutinho, que solicita urgência (art. 155) para o PDL 330/2022.
2335160-18;2026-03-17;PLEN;;true;Alteração do Regime de Tramitação desta proposição em virtude da alteração do regime do PDL 330/2022, por ter sido aprovado o REQ 1285/2026 que está apensado ao primeiro.
2581785-8;2026-03-17;PLEN;81323;true;"Aprovado o Requerimento de Urgência (Art. 155 do RICD). Sim: 343; Não: 78; Total: 421."
2395795-17;2026-03-17;PLEN;;true;Aprovado o requerimento nº 4686/2025,do Sr. Joseildo Ramos e outros, que solicita urgência (art. 155) para o PL 1922/2022.
2331573-54;2026-03-17;CCP;;true;Realizar o encaminhamento do PL-1922/2022 à CCJC (tramitação simultânea), em razão da aprovação de requerimento de urgência.
2331573-55;2026-03-17;CCP;;true;Realizar o encaminhamento do PL-1922/2022 à CDU (tramitação simultânea), em razão da aprovação de requerimento de urgência.
2331573-56;2026-03-17;CCP;;true;Realizar o encaminhamento do PL-1922/2022 à CFT (tramitação simultânea), em razão da aprovação de requerimento de urgência.
2331573-57;2026-03-17;CCP;;true;Realizar o encaminhamento do PL-1922/2022 à CSAUDE (tramitação simultânea), em razão da aprovação de requerimento de urgência.
2331573-58;2026-03-17;CCP;;true;Realizar o encaminhamento do PL-1922/2022 à CCJC (tramitação simultânea), em razão da aprovação de requerimento de urgência.
2331573-59;2026-03-17;CCP;;true;Realizar o encaminhamento do PL-1922/2022 à CDU (tramitação simultânea), em razão da aprovação de requerimento de urgência.
2331573-60;2026-03-17;CCP;;true;Realizar o encaminhamento do PL-1922/2022 à CFT (tramitação simultânea), em razão da aprovação de requerimento de urgência.
2331573-61;2026-03-17;CCP;;true;Realizar o encaminhamento do PL-1922/2022 à CSAUDE (tramitação simultânea), em razão da aprovação de requerimento de urgência.
2331573-62;2026-03-17;PLEN;;true;Alteração do Regime de Tramitação desta proposição em virtude da Aprovação do REQ 4686/2025.
2395795-18;2026-03-17;PLEN;;true;Alteração do Regime de Tramitação desta proposição em virtude da alteração do regime do PL 1922/2022, por ter sido aprovado o REQ 4686/2025 que está apensado ao primeiro.
2503833-43;2026-03-17;PLEN;81323;false;"Rejeitado o Requerimento. Sim: 44; Não: 318; Total: 362."
2503833-50;2026-03-17;PLEN;81323;true;Aprovado o Substitutivo ao Projeto de Lei nº 1.769, de 2019, adotado pelo relator da Comissão de Defesa do Consumidor, ressalvado o destaque.
2503833-55;2026-03-17;PLEN;81323;;Mantido o texto.
2503833-57;2026-03-17;PLEN;81323;true;Aprovada a Redação Final assinada pelo relator, Dep. Daniel Almeida (PCdoB-BA).
2538782-44;2026-03-17;PLEN;81323;true;Aprovado o Substitutivo ao Projeto de Lei nº 3.630, de 2025, adotado pelo relator da Comissão de Constituição e Justiça e de Cidadania.
2538782-47;2026-03-17;PLEN;81323;true;Aprovada a Redação Final assinada pelo relator, Dep. Sanderson (PL/RS).
2481730-54;2026-03-17;PLEN;81323;true;Aprovado o Substitutivo ao Projeto de Lei nº 5.031, de 2024, adotado pela relatora da Comissão de Relações Exteriores e de Defesa Nacional.
2481730-57;2026-03-17;PLEN;81323;true;Aprovada a Redação Final assinada pela relatora, Dep. Enfermeira Ana Paula (PODE-CE).
2563330-59;2026-03-17;PLEN;81323;false;"Rejeitado o Requerimento. Sim: 97; Não: 258; Abstenção: 3; Total: 358."
2563330-63;2026-03-17;PLEN;81323;false;Rejeitado o Requerimento.
2563330-67;2026-03-17;PLEN;81323;false;Rejeitado o Requerimento.
2563330-71;2026-03-17;PLEN;81323;false;Rejeitado o Requerimento.
2563330-76;2026-03-17;PLEN;81323;true;Aprovado o Substitutivo ao Projeto de Lei nº 4.709, de 2025, adotado pelo relator da Comissão de Constituição e Justiça e de Cidadania, ressalvados os destaques.
2563330-79;2026-03-17;PLEN;81323;false;Rejeitadas as Emendas ao Substitutivo.
2563330-81;2026-03-17;PLEN;81323;;Mantido o texto.
2563330-83;2026-03-17;PLEN;81323;;Mantido o texto.
2563330-85;2026-03-17;PLEN;81323;false;Rejeitada a Emenda de Plenário nº 4.
2563330-88;2026-03-17;PLEN;81323;false;Rejeitada a Emenda de Plenário nº 3.
2607527-2;2026-03-17;CSPCCO;81282;true;Aprovado o Requerimento.
2607529-2;2026-03-17;CSPCCO;81282;true;Aprovado o Requerimento.
2607617-2;2026-03-17;CSPCCO;81282;true;Aprovado o Requerimento.
2607618-2;2026-03-17;CSPCCO;81282;true;Aprovado o Requerimento.
2607972-2;2026-03-17;CSPCCO;81282;true;Aprovado o Requerimento.
2607974-2;2026-03-17;CSPCCO;81282;true;Aprovado o Requerimento.
2608108-2;2026-03-17;CSPCCO;81282;true;Aprovado o Requerimento.
2608541-2;2026-03-17;CSPCCO;81282;true;Aprovado o Requerimento.
2608929-2;2026-03-17;CSPCCO;81282;true;Aprovado o Requerimento.
2608930-2;2026-03-17;CSPCCO;81282;true;Aprovado o Requerimento.
2608931-2;2026-03-17;CSPCCO;81282;true;Aprovado o Requerimento.
2608932-2;2026-03-17;CSPCCO;81282;true;Aprovado o Requerimento.
2608948-2;2026-03-17;CSPCCO;81282;true;Aprovado o Requerimento.
2608950-2;2026-03-17;CSPCCO;81282;true;Aprovado o Requerimento, com o voto contrário do Dep. Pastor Henrique Vieira.
2609046-2;2026-03-17;CSPCCO;81282;true;Aprovado o Requerimento, com o voto contrário do Dep. Pastor Henrique Vieira.
2607487-3;2026-03-17;CPOVOS;81188;true;Aprovado o Requerimento.
2607488-2;2026-03-17;CPOVOS;81188;true;Aprovado o Requerimento, com alteração para incluir representante da Cúpula dos Povos, a pedido da própria autora.
2607489-2;2026-03-17;CPOVOS;81188;true;Aprovado o Requerimento.
2607491-3;2026-03-17;CPOVOS;81188;true;Aprovado o Requerimento.
2608909-2;2026-03-17;CPOVOS;81188;true;Aprovado o Requerimento, para realização na forma de seminário regional, com alteração para incluir a Secretaria de Estado do Meio Ambiente, Infraestrutura e Logística (SP) e a Secretaria de Agricultura e Abastecimento (SP), a pedido da própria autora.
2608686-2;2026-03-17;CPOVOS;81188;true;"Aprovado o Requerimento, com alteração do tema da Audiência Pública para ""debater o impacto da mineração de terras raras durante o Acampamento Terra Livre 2026 - ""Nosso futuro não está à venda: a resposta somos nós"", além da inclusão de representantes do UNODC, da COIAB e da ONU Mulheres, a pedido da própria autora."
2608966-2;2026-03-17;CPOVOS;81188;true;Aprovado o Requerimento.
2458400-24;2026-03-17;CPOVOS;81188;true;Aprovado o Parecer.
2477217-27;2026-03-17;CSPCCO;81282;true;Aprovado o Parecer.
2605559-2;2026-03-17;CASP;81227;true;Aprovado o Requerimento.
2606124-2;2026-03-17;CASP;81227;true;Aprovado o Requerimento.
2608756-2;2026-03-17;CASP;81227;true;Aprovado o Requerimento.
2608757-2;2026-03-17;CASP;81227;true;Aprovado o Requerimento.
2608758-2;2026-03-17;CASP;81227;true;Aprovado o Requerimento.
2345663-25;2026-03-17;CASP;81227;true;Aprovado o Parecer.
2335291-63;2026-03-17;CSPCCO;81282;true;Aprovado o Parecer, apresentou voto em separado o Deputado Ismael Alexandrino.
2508264-24;2026-03-17;CASP;81227;true;Aprovado o Parecer.
2230517-82;2026-03-17;CASP;81227;true;Aprovado o Parecer.
2355754-23;2026-03-17;CASP;81227;true;Aprovado o Parecer.
2495414-41;2026-03-17;CSPCCO;81282;true;Aprovado o Parecer com Complementação de Voto.
2547159-29;2026-03-17;CSPCCO;81282;true;Aprovado o Parecer.
2401401-26;2026-03-17;CCJC;81225;true;Aprovado o Parecer.
2313392-34;2026-03-17;CCJC;81225;true;Aprovado o Parecer.
2139808-99;2026-03-17;CCJC;81225;true;Aprovado o Parecer.
2398550-34;2026-03-17;CCJC;81225;true;Aprovado o Parecer.
2186064-60;2026-03-17;CCJC;81225;true;Aprovado o Parecer.
2204132-41;2026-03-17;CCJC;81225;true;Aprovado o Parecer.
2323433-42;2026-03-17;CCJC;81225;true;Aprovado o Parecer.
2372596-53;2026-03-17;CCJC;81225;true;Aprovado o Parecer.
2410509-32;2026-03-17;CCJC;81225;true;Aprovado o Parecer.
2419545-56;2026-03-17;CCJC;81225;true;Aprovado o Parecer.
2439714-37;2026-03-17;CCJC;81225;true;Aprovado o Parecer.
2452093-38;2026-03-17;CCJC;81225;true;Aprovado o Parecer.
2347097-36;2026-03-17;CCJC;81225;true;Aprovado o Parecer.
2455569-32;2026-03-17;CCJC;81225;true;Aprovado o Parecer.
2473159-35;2026-03-17;CCJC;81225;true;Aprovado o Parecer.
2484421-36;2026-03-17;CCJC;81225;true;Aprovado o Parecer.
2486380-34;2026-03-17;CCJC;81225;true;Aprovado o Parecer.
2509462-36;2026-03-17;CCJC;81225;true;Aprovado o Parecer.
2605524-2;2026-03-17;CPD;81183;true;Aprovado o Requerimento.
2607238-2;2026-03-17;CPD;81183;true;Aprovado o Requerimento.
2608625-2;2026-03-17;CPD;81183;true;Aprovado o Requerimento.
2609011-2;2026-03-17;CPD;81183;true;Aprovado o Requerimento.
2598558-19;2026-03-17;CPD;81183;true;Aprovado o Parecer.
2544871-37;2026-03-17;CPD;81183;true;Aprovado o Parecer.
2599719-21;2026-03-17;CPD;81183;true;Aprovado o Parecer.
2599726-21;2026-03-17;CPD;81183;true;Aprovado o Parecer.
2609026-2;2026-03-17;CEXBRLEG;81273;true;Aprovado o Requerimento, com a inclusão dos seguintes convidados, a pedido do Autor: representante da Bayer e representante da Associação Brasileira de Automação - GS1, ambos na audiência referente ao Req. 1/2026
2609030-2;2026-03-17;CEXBRLEG;81273;true;Aprovado o Requerimento, com a inclusão do seguinte convidado, a pedido do Autor: Instituto Brasileiro de Jogo Responsável - IBJR .
2609027-2;2026-03-17;CEXBRLEG;81273;true;Aprovado o Requerimento.
2609028-2;2026-03-17;CEXBRLEG;81273;true;Aprovado o Requerimento.
2609029-2;2026-03-17;CEXBRLEG;81273;true;Aprovado o Requerimento.
2609031-2;2026-03-17;CEXBRLEG;81273;true;Aprovado o Requerimento.
2609032-2;2026-03-17;CEXBRLEG;81273;true;Aprovado o Requerimento.
2353684-148;2026-03-17;CCJC;81292;true;Aprovada a Redação Final, com três emendas.
1198010-154;2026-03-17;CCJC;81292;true;Aprovada a Redação Final, com uma emenda.
2426541-40;2026-03-17;CCJC;81292;true;Aprovada a Redação Final.
2432269-39;2026-03-17;CCJC;81292;true;Aprovada a Redação Final.
2476186-38;2026-03-17;CCJC;81292;true;Aprovada a Redação Final.
2479209-38;2026-03-17;CCJC;81292;true;Aprovada a Redação Final.
2428634-57;2026-03-17;CCJC;81292;true;Aprovada a Redação Final.
2518486-35;2026-03-17;CCJC;81292;true;Aprovada a Redação Final.
2535335-33;2026-03-17;CCJC;81292;true;Aprovada a Redação Final.
2547259-37;2026-03-17;CCJC;81292;true;Aprovada a Redação Final.
2547263-37;2026-03-17;CCJC;81292;true;Aprovada a Redação Final.
2547277-37;2026-03-17;CCJC;81292;true;Aprovada a Redação Final.
2547283-37;2026-03-17;CCJC;81292;true;Aprovada a Redação Final.
2547284-37;2026-03-17;CCJC;81292;true;Aprovada a Redação Final.
2547292-37;2026-03-17;CCJC;81292;true;Aprovada a Redação Final.
2547295-37;2026-03-17;CCJC;81292;true;Aprovada a Redação Final.
2547320-37;2026-03-17;CCJC;81292;true;Aprovada a Redação Final.
2550989-32;2026-03-17;CCJC;81292;true;Aprovada a Redação Final.
2564997-32;2026-03-17;CCJC;81292;true;Aprovada a Redação Final.
2565010-32;2026-03-17;CCJC;81292;true;Aprovada a Redação Final.
2570166-32;2026-03-17;CCJC;81292;true;Aprovada a Redação Final.
2570180-32;2026-03-17;CCJC;81292;true;Aprovada a Redação Final.
2570186-32;2026-03-17;CCJC;81292;true;Aprovada a Redação Final.
2575461-32;2026-03-17;CCJC;81292;true;Aprovada a Redação Final.
2583472-32;2026-03-17;CCJC;81292;true;Aprovada a Redação Final.
2583473-32;2026-03-17;CCJC;81292;true;Aprovada a Redação Final.
2583503-32;2026-03-17;CCJC;81292;true;Aprovada a Redação Final.
2192238-74;2026-03-17;CCJC;81292;true;Aprovada a Redação Final.
2283473-69;2026-03-17;CCJC;81292;true;Aprovada a Redação Final.
2295946-69;2026-03-17;CCJC;81292;true;Aprovada a Redação Final.
2301318-90;2026-03-17;CCJC;81292;true;Aprovada a Redação Final.
2532219-17;2026-03-17;CCJC;81292;true;Aprovado o Parecer.
2532249-17;2026-03-17;CCJC;81292;true;Aprovado o Parecer.
2532269-17;2026-03-17;CCJC;81292;true;Aprovado o Parecer.
2535339-18;2026-03-17;CCJC;81292;true;Aprovado o Parecer.
2535351-17;2026-03-17;CCJC;81292;true;Aprovado o Parecer.
2535353-17;2026-03-17;CCJC;81292;true;Aprovado o Parecer.
2535368-17;2026-03-17;CCJC;81292;true;Aprovado o Parecer.
2547308-22;2026-03-17;CCJC;81292;true;Aprovado o Parecer.
2550998-18;2026-03-17;CCJC;81292;true;Aprovado o Parecer.
2554543-17;2026-03-17;CCJC;81292;true;Aprovado o Parecer.
2554547-17;2026-03-17;CCJC;81292;true;Aprovado o Parecer.
2560563-17;2026-03-17;CCJC;81292;true;Aprovado o Parecer.
2560568-17;2026-03-17;CCJC;81292;true;Aprovado o Parecer.
2560580-17;2026-03-17;CCJC;81292;true;Aprovado o Parecer.
2564987-17;2026-03-17;CCJC;81292;true;Aprovado o Parecer.
2564993-17;2026-03-17;CCJC;81292;true;Aprovado o Parecer.
2565014-18;2026-03-17;CCJC;81292;true;Aprovado o Parecer.
2566818-17;2026-03-17;CCJC;81292;true;Aprovado o Parecer.
2566825-17;2026-03-17;CCJC;81292;true;Aprovado o Parecer.
2572824-17;2026-03-17;CCJC;81292;true;Aprovado o Parecer.
2575467-17;2026-03-17;CCJC;81292;true;Aprovado o Parecer.
2583511-17;2026-03-17;CCJC;81292;true;Aprovado o Parecer.
2583521-17;2026-03-17;CCJC;81292;true;Aprovado o Parecer.
2463653-48;2026-03-17;CCJC;81292;true;Aprovado o Parecer.
2442880-26;2026-03-17;CCJC;81292;true;Aprovado o Parecer.
2332037-28;2026-03-17;CCJC;81292;true;Aprovado o Parecer.
2495726-34;2026-03-17;CCJC;81292;true;Aprovado o Parecer.
2196021-50;2026-03-17;CCJC;81292;true;Aprovado o Parecer.
2392228-80;2026-03-17;CCJC;81292;true;Aprovado o Parecer.
2440499-36;2026-03-17;CCJC;81292;true;Aprovado o Parecer.
2589020-35;2026-03-17;CCJC;81292;true;Aprovado o Parecer.
2605121-9;2026-03-18;CSAUDE;;true;Aprovado o requerimento nº 66/2026,do Sr. Dr. Luiz Ovando que requer aditamento ao Requerimento nº 46/2026, de autoria do deputado Allan Garcês, para que seja incluída no rol de convidados a Dra. Francine Bittencourt Potrich.
2608190-2;2026-03-18;CSAUDE;81280;true;Aprovado o Requerimento.
2608196-2;2026-03-18;CSAUDE;81280;true;Aprovado o Requerimento.
2608216-2;2026-03-18;CSAUDE;81280;true;Aprovado o Requerimento.
2608241-2;2026-03-18;CSAUDE;81280;true;Aprovado o Requerimento.
2608360-2;2026-03-18;CSAUDE;81280;true;Aprovado o Requerimento.
2608576-2;2026-03-18;CSAUDE;81280;true;Aprovado o Requerimento.
2608917-2;2026-03-18;CSAUDE;81280;true;Aprovado o Requerimento.
2608988-2;2026-03-18;CSAUDE;81280;true;Aprovado o Requerimento.
2607649-2;2026-03-18;CSAUDE;81280;true;Aprovado o Requerimento com alteração. Aprovada a inclusão de representante do Colégio Brasileiro de Cirurgia Plástica, apresentada pelo Autor, Deputado Dr. Luiz Ovando.
2461215-27;2026-03-18;CSAUDE;81280;true;Aprovado o Parecer.
2342257-28;2026-03-18;CSAUDE;81280;true;Aprovado o Parecer.
2431169-47;2026-03-18;CSAUDE;81280;true;Aprovado o Parecer.
2521021-28;2026-03-18;CSAUDE;81280;true;Aprovado o Parecer.
2391928-37;2026-03-18;CSAUDE;81280;true;Aprovado o Parecer.
2360748-55;2026-03-18;CSAUDE;81280;true;Aprovado o Parecer.
2398683-47;2026-03-18;CSAUDE;81280;true;Aprovado o Parecer.
2606710-4;2026-03-18;CVT;81310;true;Aprovado o Requerimento.
2607386-5;2026-03-18;CVT;81310;true;Aprovado o Requerimento.
2608249-2;2026-03-18;CVT;81310;true;Aprovado o Requerimento.
2609130-3;2026-03-18;CVT;81310;true;Aprovado o Requerimento.
2485097-20;2026-03-18;CVT;81310;true;Aprovado o Parecer.
2607479-2;2026-03-18;CAPADR;81202;true;Aprovado o Requerimento.
2607501-2;2026-03-18;CAPADR;81202;true;Aprovado o Requerimento, contra os votos da Deputada Elisangela Araujo e dos Deputados Marcon e Valmir Assunção.
2607719-2;2026-03-18;CAPADR;81202;true;Aprovado o Requerimento.
2607994-2;2026-03-18;CAPADR;81202;true;Aprovado o Requerimento.
2608217-2;2026-03-18;CAPADR;81202;true;Aprovado o Requerimento, contra os votos da Deputada Elisangela Araujo e dos Deputados Marcon e Valmir Assunção.
2608289-2;2026-03-18;CAPADR;81202;true;Aprovado o Requerimento.
2608551-2;2026-03-18;CAPADR;81202;true;Aprovado o Requerimento.
2608558-2;2026-03-18;CAPADR;81202;true;Aprovado o Requerimento.
2608792-2;2026-03-18;CAPADR;81202;true;Aprovado o Requerimento, contra os votos da Deputada Elisangela Araujo e dos Deputados Marcon e Valmir Assunção.
2609123-2;2026-03-18;CAPADR;81202;true;Aprovado o Requerimento.
2609129-2;2026-03-18;CAPADR;81202;true;Aprovado o Requerimento.
2463655-23;2026-03-18;CVT;81310;true;Aprovado o Parecer.
2608123-2;2026-03-18;CMADS;81231;true;Aprovado o Requerimento, com alteração para incluir o senhor Pedro Maranhão, Presidente da Associação Brasileira de Resíduos e Meio Ambiente - ABREM, no lugar de representante da Associação Brasileira de Empresas de Limpeza Pública e Resíduos Especiais - ABRELPE, solicitada pelo Deputado Carlos Gomes, autor do Requerimento.
2608125-2;2026-03-18;CMADS;81231;true;Aprovado o Requerimento, para inclusão de representante do Movimento dos Atingidos por Barragens - MAB, solicitada pelo Deputado Nilto Tatto.
2608161-2;2026-03-18;CMADS;81231;true;Aprovado o Requerimento.
2608168-2;2026-03-18;CMADS;81231;true;Aprovado o Requerimento.
2608173-2;2026-03-18;CMADS;81231;true;Aprovado o Requerimento.
2608174-2;2026-03-18;CMADS;81231;true;Aprovado o Requerimento.
2608176-2;2026-03-18;CMADS;81231;true;Aprovado o Requerimento, com alteração para realização de Audiência Pública Conjunta com a Comissão de Agricultura, Pecuária, Abastecimento e Desenvolvimento Rural, solicitada pelo Deputado Tião Medeiros.
2608899-2;2026-03-18;CMADS;81231;true;Aprovado o Requerimento.
2608900-2;2026-03-18;CMADS;81231;true;Aprovado o Requerimento.
2608986-2;2026-03-18;CMADS;81231;true;Aprovado o Requerimento.
2608987-2;2026-03-18;CMADS;81231;true;Aprovado o Requerimento.
2609033-3;2026-03-18;CMADS;81231;true;Aprovado o Requerimento.
2609143-2;2026-03-18;CMADS;81231;true;Aprovado o Requerimento.
2609144-2;2026-03-18;CMADS;81231;true;Aprovado o Requerimento.
2483120-24;2026-03-18;CVT;81310;true;Aprovado o Parecer.
2294650-38;2026-03-18;CAPADR;81202;true;Aprovado o Parecer.
2604093-2;2026-03-18;CINDRE;81094;true;Aprovado o Requerimento.
2605828-2;2026-03-18;CINDRE;81094;true;Aprovado o Requerimento.
2607136-2;2026-03-18;CINDRE;81094;true;Aprovado o Requerimento.
2607402-2;2026-03-18;CINDRE;81094;true;Aprovado o Requerimento.
2607611-2;2026-03-18;CINDRE;81094;true;Aprovado o Requerimento.
2609167-2;2026-03-18;CINDRE;81094;true;Aprovado o Requerimento.
2600872-2;2026-03-18;CCTI;81306;true;Aprovado o Requerimento.
2608666-2;2026-03-18;CCTI;81306;true;Aprovado o Requerimento.
2608667-2;2026-03-18;CCTI;81306;true;Aprovado o Requerimento.
2605046-2;2026-03-18;CCTI;81306;true;Aprovado o Requerimento.
2605047-2;2026-03-18;CCTI;81306;true;Aprovado o Requerimento.
2605049-2;2026-03-18;CCTI;81306;true;Aprovado o Requerimento.
2605050-2;2026-03-18;CCTI;81306;true;Aprovado o Requerimento.
2605840-2;2026-03-18;CCTI;81306;true;Aprovado o Requerimento.
2606066-2;2026-03-18;CCTI;81306;true;Aprovado o Requerimento.
2606067-2;2026-03-18;CCTI;81306;true;Aprovado o Requerimento.
2607094-2;2026-03-18;CCTI;81306;true;Aprovado o Requerimento.
2607475-2;2026-03-18;CCTI;81306;true;Aprovado o Requerimento.
2608668-2;2026-03-18;CCTI;81306;true;Aprovado o Requerimento.
2608669-2;2026-03-18;CCTI;81306;true;Aprovado o Requerimento, com aditamento para inclusão dos representantes das seguintes entidades: Associação Brasileira de Empresa de Software (Abes), Associação Nacional das Universidades Particulares (Anup), Associação Brasileira da Educação Básica de Livre Iniciativa (Abreduc) e Confederação Nacional do Comércio de Bens, Serviços e Turismo (CNC) .
2608670-2;2026-03-18;CCTI;81306;true;Aprovado o Requerimento.
2609041-2;2026-03-18;CCTI;81306;true;Aprovado o Requerimento.
2609142-2;2026-03-18;CCTI;81306;true;Aprovado o Requerimento.
2608796-2;2026-03-18;CFFC;81318;true;Aprovado o Requerimento.
2606304-2;2026-03-18;CFFC;81318;true;Aprovado o Requerimento.
2608602-2;2026-03-18;CFFC;81318;true;Aprovado o Requerimento.
2608612-2;2026-03-18;CFFC;81318;true;Aprovado o Requerimento.
2608997-2;2026-03-18;CFFC;81318;true;Aprovado o Requerimento.
2607442-3;2026-03-18;CFFC;81318;true;Aprovado o Requerimento.
2603114-5;2026-03-18;CFFC;81318;true;Aprovado o Requerimento.
2607495-2;2026-03-18;CFFC;81318;true;Aprovado o Requerimento.
2607915-2;2026-03-18;CFFC;81318;true;Aprovado o Requerimento.
2603755-2;2026-03-18;CFFC;81318;true;Aprovado o Requerimento.
2416352-30;2026-03-18;CCTI;81306;true;Aprovado o Parecer.
2201523-74;2026-03-18;CVT;81310;true;Aprovado o Parecer.
2379410-25;2026-03-18;CINDRE;81094;true;Aprovado o Parecer.
2356535-58;2026-03-18;CVT;81310;true;Aprovado o Parecer.
2606286-4;2026-03-18;CME;81207;true;Aprovado o Requerimento.
2451411-28;2026-03-18;CCTI;81306;true;Aprovado o Parecer.
2417944-26;2026-03-18;CVT;81310;true;Aprovado o Parecer.
2489359-28;2026-03-18;CMADS;81231;true;Aprovado o Parecer.
2607476-3;2026-03-18;CME;81207;true;Aprovado o Requerimento.
2487638-23;2026-03-18;CVT;81310;true;Aprovado o Parecer.
2487065-26;2026-03-18;CCTI;81306;true;Aprovado o Parecer.
2608906-3;2026-03-18;CME;81207;true;Aprovado o Requerimento.
2608544-3;2026-03-18;CME;81207;true;Aprovado o Requerimento.
2541300-28;2026-03-18;CCTI;81306;true;Aprovado o Parecer.
2503373-21;2026-03-18;CMADS;81231;true;Aprovado o Parecer.
2221906-31;2026-03-18;CVT;81310;true;Aprovado o Parecer.
2565670-24;2026-03-18;CCTI;81306;true;Aprovado o Parecer.
2608550-3;2026-03-18;CME;81207;true;Aprovado o Requerimento.
2260503-32;2026-03-18;CVT;81310;true;Aprovado o Parecer.
2209513-48;2026-03-18;CDE;81281;true;Aprovado o Parecer, apresentou voto em separado o Deputado Luiz Gastão.
2341107-39;2026-03-18;CVT;81310;true;Aprovado o Parecer.
2608759-2;2026-03-18;CDE;81281;true;Aprovado o Requerimento.
2233895-56;2026-03-18;CME;81207;true;Aprovado o Parecer.
2605045-3;2026-03-18;CCTI;81306;true;Aprovado o Requerimento.
2479253-26;2026-03-18;CME;81207;true;Aprovado o Parecer.
2606450-3;2026-03-18;CDC;81279;true;Aprovado, incluindo Conselho Federal de Corretores de Imóveis e um órgão de Defesa do Consumidor, Senacon ou Inadec ou Idec.
2225292-46;2026-03-18;CDE;81281;true;Aprovado o Parecer.
2608129-4;2026-03-18;CDC;81279;true;Aprovado o Requerimento.
2608968-4;2026-03-18;CDC;81279;true;Aprovado o Requerimento.
2538141-26;2026-03-18;CDE;81281;true;Aprovado o Parecer com Complementação de Voto.
2439834-37;2026-03-18;CME;81207;true;Aprovado o Parecer.
2609124-2;2026-03-18;CDC;81279;true;Aprovado o Requerimento, com alteração para incluir José Roberto Tadros da Confederação Nacional do Comércio de Bens, Serviços e Turismo - CNC
2496899-21;2026-03-18;CDC;81279;true;Aprovado o Parecer.
2487068-31;2026-03-18;CME;81207;true;Aprovado o Parecer.
2538140-24;2026-03-18;CDE;81281;true;Aprovado o Parecer.
2397087-45;2026-03-18;CCJC;81308;false;"Rejeitado o Requerimento de Retirada de Pauta. Resultado: 19 votos ""Sim"", 21 votos ""Não"". Quórum de votação: 40 votos."
2278551-37;2026-03-18;CDC;81279;true;Aprovado o Parecer com Complementação de Voto.
2419625-25;2026-03-18;CDC;81279;true;Aprovado o Parecer.
2416861-58;2026-03-18;CDE;81281;true;Aprovado o Parecer.
2485246-34;2026-03-18;CDC;81279;true;Aprovado o Parecer, contra o voto do Deputado Gilson Marques.
2536635-21;2026-03-18;CDC;81279;true;Aprovado o Parecer.
2169643-64;2026-03-18;CCJC;81308;false;"Rejeitado o Requerimento de Retirada de Pauta. Resultado: 16 votos ""Sim"", 24 votos ""Não"". Quórum de votação: 40 votos."
2383592-27;2026-03-18;CVT;81310;true;Aprovado o Parecer, contra o voto da Deputada Rosana Valle.
2427043-35;2026-03-18;CME;81207;true;Aprovado o Parecer.
2453444-36;2026-03-18;CME;81207;true;Aprovado o Parecer.
2231756-110;2026-03-18;CCJC;81308;true;Aprovado o Parecer.
2608775-3;2026-03-18;CESPO;81311;true;Aprovado o Requerimento.
2608776-3;2026-03-18;CESPO;81311;true;Aprovado o Requerimento.
2609212-2;2026-03-18;CESPO;81311;true;Aprovado o Requerimento.
2609213-2;2026-03-18;CESPO;81311;true;Aprovado o Requerimento.
2549046-43;2026-03-18;CESPO;81311;true;Aprovado o Parecer.
2566331-21;2026-03-18;CESPO;81311;true;Aprovado o Parecer.
2566412-24;2026-03-18;CESPO;81311;true;Aprovado o Parecer.
2608581-5;2026-03-18;CIDOSO;81316;true;Aprovado o Requerimento, com alteração para incluir solicitação de informação sobre previsão de reajuste do percentual de repasse para hemodiálise e hemodiálise peritoneal.
2607134-3;2026-03-18;CTUR;81228;true;Aprovado o Requerimento, com alteração para incluir representante da Resorts Brasil (Associação Brasileira de Resorts) e do SINDEPAT (Sistema Integrado de Parques e Atrações Turísticas), a pedido da Deputada Daniela Reinehr (PL-SC).
2589373-22;2026-03-18;CCULT;81295;true;Aprovado o Parecer.
2432149-24;2026-03-18;CCULT;81295;true;Aprovado o Parecer.
2494537-35;2026-03-18;CCULT;81295;true;Aprovado o Parecer.
2573327-21;2026-03-18;CCULT;81295;true;Aprovado o Parecer.
2514763-26;2026-03-18;CCULT;81295;true;Aprovado o Parecer.
2496111-31;2026-03-18;CCULT;81295;true;Aprovado o Parecer.
2608632-2;2026-03-18;CCULT;81295;true;Aprovado o Requerimento.
2609111-8;2026-03-18;PLEN;81344;true;Aprovado, por unanimidade, o Requerimento de Urgência (Art. 155 do RICD).
497966-102;2026-03-18;PLEN;;true;Aprovado o requerimento nº 1433/2026,do Sr. Felipe Carreras e outros, que solicita urgência (art. 155) para o PL 3929/2019.
581562-33;2026-03-18;PLEN;;true;Aprovado o requerimento nº 1433/2026,do Sr. Felipe Carreras e outros, que solicita urgência (art. 155) para o PL 3929/2019.
2236754-18;2026-03-18;PLEN;;true;Aprovado o requerimento nº 1433/2026,do Sr. Felipe Carreras e outros, que solicita urgência (art. 155) para o PL 3929/2019.
2256201-16;2026-03-18;PLEN;;true;Aprovado o requerimento nº 1433/2026,do Sr. Felipe Carreras e outros, que solicita urgência (art. 155) para o PL 3929/2019.
589173-40;2026-03-18;PLEN;;true;Aprovado o requerimento nº 1433/2026,do Sr. Felipe Carreras e outros, que solicita urgência (art. 155) para o PL 3929/2019.
593008-31;2026-03-18;PLEN;;true;Aprovado o requerimento nº 1433/2026,do Sr. Felipe Carreras e outros, que solicita urgência (art. 155) para o PL 3929/2019.
2153558-19;2026-03-18;PLEN;;true;Aprovado o requerimento nº 1433/2026,do Sr. Felipe Carreras e outros, que solicita urgência (art. 155) para o PL 3929/2019.
2168141-19;2026-03-18;PLEN;;true;Aprovado o requerimento nº 1433/2026,do Sr. Felipe Carreras e outros, que solicita urgência (art. 155) para o PL 3929/2019.
2256947-18;2026-03-18;PLEN;;true;Aprovado o requerimento nº 1433/2026,do Sr. Felipe Carreras e outros, que solicita urgência (art. 155) para o PL 3929/2019.
2293235-19;2026-03-18;PLEN;;true;Aprovado o requerimento nº 1433/2026,do Sr. Felipe Carreras e outros, que solicita urgência (art. 155) para o PL 3929/2019.
2381316-20;2026-03-18;PLEN;;true;Aprovado o requerimento nº 1433/2026,do Sr. Felipe Carreras e outros, que solicita urgência (art. 155) para o PL 3929/2019.
2396040-19;2026-03-18;PLEN;;true;Aprovado o requerimento nº 1433/2026,do Sr. Felipe Carreras e outros, que solicita urgência (art. 155) para o PL 3929/2019.
1280620-21;2026-03-18;PLEN;;true;Aprovado o requerimento nº 1433/2026,do Sr. Felipe Carreras e outros, que solicita urgência (art. 155) para o PL 3929/2019.
1306684-21;2026-03-18;PLEN;;true;Aprovado o requerimento nº 1433/2026,do Sr. Felipe Carreras e outros, que solicita urgência (art. 155) para o PL 3929/2019.
1554108-22;2026-03-18;PLEN;;true;Aprovado o requerimento nº 1433/2026,do Sr. Felipe Carreras e outros, que solicita urgência (art. 155) para o PL 3929/2019.
1579135-29;2026-03-18;PLEN;;true;Aprovado o requerimento nº 1433/2026,do Sr. Felipe Carreras e outros, que solicita urgência (art. 155) para o PL 3929/2019.
2211957-18;2026-03-18;PLEN;;true;Aprovado o requerimento nº 1433/2026,do Sr. Felipe Carreras e outros, que solicita urgência (art. 155) para o PL 3929/2019.
2292355-19;2026-03-18;PLEN;;true;Aprovado o requerimento nº 1433/2026,do Sr. Felipe Carreras e outros, que solicita urgência (art. 155) para o PL 3929/2019.
2298690-19;2026-03-18;PLEN;;true;Aprovado o requerimento nº 1433/2026,do Sr. Felipe Carreras e outros, que solicita urgência (art. 155) para o PL 3929/2019.
2334374-19;2026-03-18;PLEN;;true;Aprovado o requerimento nº 1433/2026,do Sr. Felipe Carreras e outros, que solicita urgência (art. 155) para o PL 3929/2019.
2128078-24;2026-03-18;PLEN;;true;Aprovado o requerimento nº 1433/2026,do Sr. Felipe Carreras e outros, que solicita urgência (art. 155) para o PL 3929/2019.
2172338-19;2026-03-18;PLEN;;true;Aprovado o requerimento nº 1433/2026,do Sr. Felipe Carreras e outros, que solicita urgência (art. 155) para o PL 3929/2019.
2181677-21;2026-03-18;PLEN;;true;Aprovado o requerimento nº 1433/2026,do Sr. Felipe Carreras e outros, que solicita urgência (art. 155) para o PL 3929/2019.
2319584-19;2026-03-18;PLEN;;true;Aprovado o requerimento nº 1433/2026,do Sr. Felipe Carreras e outros, que solicita urgência (art. 155) para o PL 3929/2019.
2198835-24;2026-03-18;PLEN;;true;Aprovado o requerimento nº 1433/2026,do Sr. Felipe Carreras e outros, que solicita urgência (art. 155) para o PL 3929/2019.
2208204-18;2026-03-18;PLEN;;true;Aprovado o requerimento nº 1433/2026,do Sr. Felipe Carreras e outros, que solicita urgência (art. 155) para o PL 3929/2019.
2238166-20;2026-03-18;PLEN;;true;Aprovado o requerimento nº 1433/2026,do Sr. Felipe Carreras e outros, que solicita urgência (art. 155) para o PL 3929/2019.
2383541-18;2026-03-18;PLEN;;true;Aprovado o requerimento nº 1433/2026,do Sr. Felipe Carreras e outros, que solicita urgência (art. 155) para o PL 3929/2019.
2313837-19;2026-03-18;PLEN;;true;Aprovado o requerimento nº 1433/2026,do Sr. Felipe Carreras e outros, que solicita urgência (art. 155) para o PL 3929/2019.
2179481-27;2026-03-18;PLEN;;true;Aprovado o requerimento nº 1433/2026,do Sr. Felipe Carreras e outros, que solicita urgência (art. 155) para o PL 3929/2019.
2224981-19;2026-03-18;PLEN;;true;Aprovado o requerimento nº 1433/2026,do Sr. Felipe Carreras e outros, que solicita urgência (art. 155) para o PL 3929/2019.
2233362-19;2026-03-18;PLEN;;true;Aprovado o requerimento nº 1433/2026,do Sr. Felipe Carreras e outros, que solicita urgência (art. 155) para o PL 3929/2019.
2303566-19;2026-03-18;PLEN;;true;Aprovado o requerimento nº 1433/2026,do Sr. Felipe Carreras e outros, que solicita urgência (art. 155) para o PL 3929/2019.
2356506-18;2026-03-18;PLEN;;true;Aprovado o requerimento nº 1433/2026,do Sr. Felipe Carreras e outros, que solicita urgência (art. 155) para o PL 3929/2019.
2187260-21;2026-03-18;PLEN;;true;Aprovado o requerimento nº 1433/2026,do Sr. Felipe Carreras e outros, que solicita urgência (art. 155) para o PL 3929/2019.
2210497-28;2026-03-18;PLEN;;true;Aprovado o requerimento nº 1433/2026,do Sr. Felipe Carreras e outros, que solicita urgência (art. 155) para o PL 3929/2019.
2275316-22;2026-03-18;PLEN;;true;Aprovado o requerimento nº 1433/2026,do Sr. Felipe Carreras e outros, que solicita urgência (art. 155) para o PL 3929/2019.
2430196-18;2026-03-18;PLEN;;true;Aprovado o requerimento nº 1433/2026,do Sr. Felipe Carreras e outros, que solicita urgência (art. 155) para o PL 3929/2019.
2434784-18;2026-03-18;PLEN;;true;Aprovado o requerimento nº 1433/2026,do Sr. Felipe Carreras e outros, que solicita urgência (art. 155) para o PL 3929/2019.
2442575-18;2026-03-18;PLEN;;true;Aprovado o requerimento nº 1433/2026,do Sr. Felipe Carreras e outros, que solicita urgência (art. 155) para o PL 3929/2019.
2224490-19;2026-03-18;PLEN;;true;Aprovado o requerimento nº 1433/2026,do Sr. Felipe Carreras e outros, que solicita urgência (art. 155) para o PL 3929/2019.
2289353-25;2026-03-18;PLEN;;true;Aprovado o requerimento nº 1433/2026,do Sr. Felipe Carreras e outros, que solicita urgência (art. 155) para o PL 3929/2019.
2437440-24;2026-03-18;PLEN;;true;Aprovado o requerimento nº 1433/2026,do Sr. Felipe Carreras e outros, que solicita urgência (art. 155) para o PL 3929/2019.
2483178-17;2026-03-18;PLEN;;true;Aprovado o requerimento nº 1433/2026,do Sr. Felipe Carreras e outros, que solicita urgência (art. 155) para o PL 3929/2019.
2526784-17;2026-03-18;PLEN;;true;Aprovado o requerimento nº 1433/2026,do Sr. Felipe Carreras e outros, que solicita urgência (art. 155) para o PL 3929/2019.
2291870-24;2026-03-18;PLEN;;true;Aprovado o requerimento nº 1433/2026,do Sr. Felipe Carreras e outros, que solicita urgência (art. 155) para o PL 3929/2019.
2473051-17;2026-03-18;PLEN;;true;Aprovado o requerimento nº 1433/2026,do Sr. Felipe Carreras e outros, que solicita urgência (art. 155) para o PL 3929/2019.
2178975-27;2026-03-18;PLEN;;true;Aprovado o requerimento nº 1433/2026,do Sr. Felipe Carreras e outros, que solicita urgência (art. 155) para o PL 3929/2019.
2229543-22;2026-03-18;PLEN;;true;Aprovado o requerimento nº 1433/2026,do Sr. Felipe Carreras e outros, que solicita urgência (art. 155) para o PL 3929/2019.
2376295-22;2026-03-18;PLEN;;true;Aprovado o requerimento nº 1433/2026,do Sr. Felipe Carreras e outros, que solicita urgência (art. 155) para o PL 3929/2019.
2539047-17;2026-03-18;PLEN;;true;Aprovado o requerimento nº 1433/2026,do Sr. Felipe Carreras e outros, que solicita urgência (art. 155) para o PL 3929/2019.
2599839-12;2026-03-18;PLEN;;true;Aprovado o requerimento nº 1433/2026,do Sr. Felipe Carreras e outros, que solicita urgência (art. 155) para o PL 3929/2019.
2288073-19;2026-03-18;PLEN;;true;Aprovado o requerimento nº 1433/2026,do Sr. Felipe Carreras e outros, que solicita urgência (art. 155) para o PL 3929/2019.
2244016-22;2026-03-18;PLEN;;true;Aprovado o requerimento nº 1433/2026,do Sr. Felipe Carreras e outros, que solicita urgência (art. 155) para o PL 3929/2019.
2319817-21;2026-03-18;PLEN;;true;Aprovado o requerimento nº 1433/2026,do Sr. Felipe Carreras e outros, que solicita urgência (art. 155) para o PL 3929/2019.
2319812-23;2026-03-18;PLEN;;true;Aprovado o requerimento nº 1433/2026,do Sr. Felipe Carreras e outros, que solicita urgência (art. 155) para o PL 3929/2019.
2335242-18;2026-03-18;PLEN;;true;Aprovado o requerimento nº 1433/2026,do Sr. Felipe Carreras e outros, que solicita urgência (art. 155) para o PL 3929/2019.
1734799-77;2026-03-18;CCP;;true;Realizar o encaminhamento do PL-3047/2015 à CCJC (tramitação simultânea), em razão da aprovação de requerimento de urgência.
1734799-78;2026-03-18;CCP;;true;Realizar o encaminhamento do PL-3047/2015 à CFT (tramitação simultânea), em razão da aprovação de requerimento de urgência.
1734799-79;2026-03-18;CCP;;true;Realizar o encaminhamento do PL-3047/2015 à CESPO (tramitação simultânea), em razão da aprovação de requerimento de urgência.
1734799-80;2026-03-18;PLEN;;true;Alteração do Regime de Tramitação desta proposição em virtude da alteração do regime do PL 3929/2019, por ter sido aprovado o REQ 1433/2026 que está apensado ao primeiro.
497966-103;2026-03-18;PLEN;;true;Alteração do Regime de Tramitação desta proposição em virtude da alteração do regime do PL 3929/2019, por ter sido aprovado o REQ 1433/2026 que está apensado ao primeiro.
2178975-28;2026-03-18;PLEN;;true;Alteração do Regime de Tramitação desta proposição em virtude da alteração do regime do PL 3929/2019, por ter sido aprovado o REQ 1433/2026 que está apensado ao primeiro.
2319812-24;2026-03-18;PLEN;;true;Alteração do Regime de Tramitação desta proposição em virtude da alteração do regime do PL 3929/2019, por ter sido aprovado o REQ 1433/2026 que está apensado ao primeiro.
2319817-22;2026-03-18;PLEN;;true;Alteração do Regime de Tramitação desta proposição em virtude da alteração do regime do PL 3929/2019, por ter sido aprovado o REQ 1433/2026 que está apensado ao primeiro.
2211324-22;2026-03-18;PLEN;;true;Alteração do Regime de Tramitação desta proposição em virtude da Aprovação do REQ 1433/2026.
2244016-23;2026-03-18;PLEN;;true;Alteração do Regime de Tramitação desta proposição em virtude da alteração do regime do PL 3929/2019, por ter sido aprovado o REQ 1433/2026 que está apensado ao primeiro.
581562-34;2026-03-18;PLEN;;true;Alteração do Regime de Tramitação desta proposição em virtude da alteração do regime do PL 3929/2019, por ter sido aprovado o REQ 1433/2026 que está apensado ao primeiro.
589173-41;2026-03-18;PLEN;;true;Alteração do Regime de Tramitação desta proposição em virtude da alteração do regime do PL 3929/2019, por ter sido aprovado o REQ 1433/2026 que está apensado ao primeiro.
1280620-22;2026-03-18;PLEN;;true;Alteração do Regime de Tramitação desta proposição em virtude da alteração do regime do PL 3929/2019, por ter sido aprovado o REQ 1433/2026 que está apensado ao primeiro.
1306684-22;2026-03-18;PLEN;;true;Alteração do Regime de Tramitação desta proposição em virtude da alteração do regime do PL 3929/2019, por ter sido aprovado o REQ 1433/2026 que está apensado ao primeiro.
1554108-23;2026-03-18;PLEN;;true;Alteração do Regime de Tramitação desta proposição em virtude da alteração do regime do PL 3929/2019, por ter sido aprovado o REQ 1433/2026 que está apensado ao primeiro.
1579135-30;2026-03-18;PLEN;;true;Alteração do Regime de Tramitação desta proposição em virtude da alteração do regime do PL 3929/2019, por ter sido aprovado o REQ 1433/2026 que está apensado ao primeiro.
2128078-25;2026-03-18;PLEN;;true;Alteração do Regime de Tramitação desta proposição em virtude da alteração do regime do PL 3929/2019, por ter sido aprovado o REQ 1433/2026 que está apensado ao primeiro.
2179481-28;2026-03-18;PLEN;;true;Alteração do Regime de Tramitação desta proposição em virtude da alteração do regime do PL 3929/2019, por ter sido aprovado o REQ 1433/2026 que está apensado ao primeiro.
2187260-22;2026-03-18;PLEN;;true;Alteração do Regime de Tramitação desta proposição em virtude da alteração do regime do PL 3929/2019, por ter sido aprovado o REQ 1433/2026 que está apensado ao primeiro.
2210497-29;2026-03-18;PLEN;;true;Alteração do Regime de Tramitação desta proposição em virtude da alteração do regime do PL 3929/2019, por ter sido aprovado o REQ 1433/2026 que está apensado ao primeiro.
2224490-20;2026-03-18;PLEN;;true;Alteração do Regime de Tramitação desta proposição em virtude da alteração do regime do PL 3929/2019, por ter sido aprovado o REQ 1433/2026 que está apensado ao primeiro.
2229543-23;2026-03-18;PLEN;;true;Alteração do Regime de Tramitação desta proposição em virtude da alteração do regime do PL 3929/2019, por ter sido aprovado o REQ 1433/2026 que está apensado ao primeiro.
2288073-20;2026-03-18;PLEN;;true;Alteração do Regime de Tramitação desta proposição em virtude da alteração do regime do PL 3929/2019, por ter sido aprovado o REQ 1433/2026 que está apensado ao primeiro.
2289353-26;2026-03-18;PLEN;;true;Alteração do Regime de Tramitação desta proposição em virtude da alteração do regime do PL 3929/2019, por ter sido aprovado o REQ 1433/2026 que está apensado ao primeiro.
2291870-25;2026-03-18;PLEN;;true;Alteração do Regime de Tramitação desta proposição em virtude da alteração do regime do PL 3929/2019, por ter sido aprovado o REQ 1433/2026 que está apensado ao primeiro.
2335242-19;2026-03-18;PLEN;;true;Alteração do Regime de Tramitação desta proposição em virtude da alteração do regime do PL 3929/2019, por ter sido aprovado o REQ 1433/2026 que está apensado ao primeiro.
2376295-23;2026-03-18;PLEN;;true;Alteração do Regime de Tramitação desta proposição em virtude da alteração do regime do PL 3929/2019, por ter sido aprovado o REQ 1433/2026 que está apensado ao primeiro.
593008-32;2026-03-18;PLEN;;true;Alteração do Regime de Tramitação desta proposição em virtude da alteração do regime do PL 3929/2019, por ter sido aprovado o REQ 1433/2026 que está apensado ao primeiro.
2153558-20;2026-03-18;PLEN;;true;Alteração do Regime de Tramitação desta proposição em virtude da alteração do regime do PL 3929/2019, por ter sido aprovado o REQ 1433/2026 que está apensado ao primeiro.
2168141-20;2026-03-18;PLEN;;true;Alteração do Regime de Tramitação desta proposição em virtude da alteração do regime do PL 3929/2019, por ter sido aprovado o REQ 1433/2026 que está apensado ao primeiro.
2172338-20;2026-03-18;PLEN;;true;Alteração do Regime de Tramitação desta proposição em virtude da alteração do regime do PL 3929/2019, por ter sido aprovado o REQ 1433/2026 que está apensado ao primeiro.
2181677-22;2026-03-18;PLEN;;true;Alteração do Regime de Tramitação desta proposição em virtude da alteração do regime do PL 3929/2019, por ter sido aprovado o REQ 1433/2026 que está apensado ao primeiro.
2198835-25;2026-03-18;PLEN;;true;Alteração do Regime de Tramitação desta proposição em virtude da alteração do regime do PL 3929/2019, por ter sido aprovado o REQ 1433/2026 que está apensado ao primeiro.
2211957-19;2026-03-18;PLEN;;true;Alteração do Regime de Tramitação desta proposição em virtude da alteração do regime do PL 3929/2019, por ter sido aprovado o REQ 1433/2026 que está apensado ao primeiro.
2224981-20;2026-03-18;PLEN;;true;Alteração do Regime de Tramitação desta proposição em virtude da alteração do regime do PL 3929/2019, por ter sido aprovado o REQ 1433/2026 que está apensado ao primeiro.
2233362-20;2026-03-18;PLEN;;true;Alteração do Regime de Tramitação desta proposição em virtude da alteração do regime do PL 3929/2019, por ter sido aprovado o REQ 1433/2026 que está apensado ao primeiro.
2236754-19;2026-03-18;PLEN;;true;Alteração do Regime de Tramitação desta proposição em virtude da alteração do regime do PL 3929/2019, por ter sido aprovado o REQ 1433/2026 que está apensado ao primeiro.
2256201-17;2026-03-18;PLEN;;true;Alteração do Regime de Tramitação desta proposição em virtude da alteração do regime do PL 3929/2019, por ter sido aprovado o REQ 1433/2026 que está apensado ao primeiro.
2256947-19;2026-03-18;PLEN;;true;Alteração do Regime de Tramitação desta proposição em virtude da alteração do regime do PL 3929/2019, por ter sido aprovado o REQ 1433/2026 que está apensado ao primeiro.
2275316-23;2026-03-18;PLEN;;true;Alteração do Regime de Tramitação desta proposição em virtude da alteração do regime do PL 3929/2019, por ter sido aprovado o REQ 1433/2026 que está apensado ao primeiro.
2292355-20;2026-03-18;PLEN;;true;Alteração do Regime de Tramitação desta proposição em virtude da alteração do regime do PL 3929/2019, por ter sido aprovado o REQ 1433/2026 que está apensado ao primeiro.
2293235-20;2026-03-18;PLEN;;true;Alteração do Regime de Tramitação desta proposição em virtude da alteração do regime do PL 3929/2019, por ter sido aprovado o REQ 1433/2026 que está apensado ao primeiro.
2298690-20;2026-03-18;PLEN;;true;Alteração do Regime de Tramitação desta proposição em virtude da alteração do regime do PL 3929/2019, por ter sido aprovado o REQ 1433/2026 que está apensado ao primeiro.
2303566-20;2026-03-18;PLEN;;true;Alteração do Regime de Tramitação desta proposição em virtude da alteração do regime do PL 3929/2019, por ter sido aprovado o REQ 1433/2026 que está apensado ao primeiro.
2334374-20;2026-03-18;PLEN;;true;Alteração do Regime de Tramitação desta proposição em virtude da alteração do regime do PL 3929/2019, por ter sido aprovado o REQ 1433/2026 que está apensado ao primeiro.
2356506-19;2026-03-18;PLEN;;true;Alteração do Regime de Tramitação desta proposição em virtude da alteração do regime do PL 3929/2019, por ter sido aprovado o REQ 1433/2026 que está apensado ao primeiro.
2381316-21;2026-03-18;PLEN;;true;Alteração do Regime de Tramitação desta proposição em virtude da alteração do regime do PL 3929/2019, por ter sido aprovado o REQ 1433/2026 que está apensado ao primeiro.
2430196-19;2026-03-18;PLEN;;true;Alteração do Regime de Tramitação desta proposição em virtude da alteração do regime do PL 3929/2019, por ter sido aprovado o REQ 1433/2026 que está apensado ao primeiro.
2434784-19;2026-03-18;PLEN;;true;Alteração do Regime de Tramitação desta proposição em virtude da alteração do regime do PL 3929/2019, por ter sido aprovado o REQ 1433/2026 que está apensado ao primeiro.
2437440-25;2026-03-18;PLEN;;true;Alteração do Regime de Tramitação desta proposição em virtude da alteração do regime do PL 3929/2019, por ter sido aprovado o REQ 1433/2026 que está apensado ao primeiro.
2442575-19;2026-03-18;PLEN;;true;Alteração do Regime de Tramitação desta proposição em virtude da alteração do regime do PL 3929/2019, por ter sido aprovado o REQ 1433/2026 que está apensado ao primeiro.
2473051-18;2026-03-18;PLEN;;true;Alteração do Regime de Tramitação desta proposição em virtude da alteração do regime do PL 3929/2019, por ter sido aprovado o REQ 1433/2026 que está apensado ao primeiro.
2539047-18;2026-03-18;PLEN;;true;Alteração do Regime de Tramitação desta proposição em virtude da alteração do regime do PL 3929/2019, por ter sido aprovado o REQ 1433/2026 que está apensado ao primeiro.
2599839-13;2026-03-18;PLEN;;true;Alteração do Regime de Tramitação desta proposição em virtude da alteração do regime do PL 3929/2019, por ter sido aprovado o REQ 1433/2026 que está apensado ao primeiro.
2208204-19;2026-03-18;PLEN;;true;Alteração do Regime de Tramitação desta proposição em virtude da alteração do regime do PL 3929/2019, por ter sido aprovado o REQ 1433/2026 que está apensado ao primeiro.
2238166-21;2026-03-18;PLEN;;true;Alteração do Regime de Tramitação desta proposição em virtude da alteração do regime do PL 3929/2019, por ter sido aprovado o REQ 1433/2026 que está apensado ao primeiro.
2313837-20;2026-03-18;PLEN;;true;Alteração do Regime de Tramitação desta proposição em virtude da alteração do regime do PL 3929/2019, por ter sido aprovado o REQ 1433/2026 que está apensado ao primeiro.
2319584-20;2026-03-18;PLEN;;true;Alteração do Regime de Tramitação desta proposição em virtude da alteração do regime do PL 3929/2019, por ter sido aprovado o REQ 1433/2026 que está apensado ao primeiro.
2396040-20;2026-03-18;PLEN;;true;Alteração do Regime de Tramitação desta proposição em virtude da alteração do regime do PL 3929/2019, por ter sido aprovado o REQ 1433/2026 que está apensado ao primeiro.
2483178-18;2026-03-18;PLEN;;true;Alteração do Regime de Tramitação desta proposição em virtude da alteração do regime do PL 3929/2019, por ter sido aprovado o REQ 1433/2026 que está apensado ao primeiro.
2526784-18;2026-03-18;PLEN;;true;Alteração do Regime de Tramitação desta proposição em virtude da alteração do regime do PL 3929/2019, por ter sido aprovado o REQ 1433/2026 que está apensado ao primeiro.
2383541-19;2026-03-18;PLEN;;true;Alteração do Regime de Tramitação desta proposição em virtude da alteração do regime do PL 3929/2019, por ter sido aprovado o REQ 1433/2026 que está apensado ao primeiro.
2394111-8;2026-03-18;PLEN;81344;true;Aprovado, por unanimidade, o Requerimento de Urgência (Art. 155 do RICD).
2291805-45;2026-03-18;CCP;;true;Realizar o encaminhamento do PL-2611/2021 à CCJC (tramitação simultânea), em razão da aprovação de requerimento de urgência.
2291805-46;2026-03-18;CCP;;true;Realizar o encaminhamento do PL-2611/2021 à CSAUDE (tramitação simultânea), em razão da aprovação de requerimento de urgência.
2291805-47;2026-03-18;CCP;;true;Realizar o encaminhamento do PL-2611/2021 à CCJC (tramitação simultânea), em razão da aprovação de requerimento de urgência.
2291805-48;2026-03-18;CCP;;true;Realizar o encaminhamento do PL-2611/2021 à CPASF (tramitação simultânea), em razão da aprovação de requerimento de urgência.
2579791-17;2026-03-18;PLEN;81344;true;"Aprovado o Requerimento de Urgência (Art. 155 do RICD). Sim: 276; Não: 186; Total: 462."
603333-80;2026-03-18;PLEN;81344;true;Aprovado o Substitutivo ao Projeto de Lei nº 2.950, de 2015, adotado pelo relator da Comissão de Previdência, Assistência Social, Infância, Adolescência e Família.
603333-83;2026-03-18;PLEN;81344;true;Aprovada a Redação Final assinada pelo relator, Dep. Ricardo Galvão (REDE/SP).
2462009-57;2026-03-18;PLEN;81344;false;"Rejeitado o Requerimento. Sim: 116; Não: 311; Abstenção: 2; Total: 429."
2462009-60;2026-03-18;PLEN;81344;false;"Rejeitado o Requerimento. Sim: 125; Não: 297; Total: 422."
2610645-5;2026-03-18;PLEN;81344;false;"Rejeitado o Recurso nº 6/2026 contra parecer terminativo da Comissão de Constituição e Justiça e de Cidadania à Emenda de Plenário de nº 3 oferecida ao Projeto de Lei nº 3.880, de 2024 (Art. 132, § 2º C/C Art. 144, Caput, RICD). Sim: 152; Não: 254; Abstenção: 1; Total: 407."
2462009-70;2026-03-18;PLEN;81344;true;Aprovado o Substitutivo ao Projeto de Lei nº 3.880, de 2024, adotado pela relatora da Comissão de Constituição e Justiça e de Cidadania, ressalvado o destaque.
2462009-73;2026-03-18;PLEN;81344;false;"Rejeitado o Recurso nº 6/2026 contra parecer terminativo da Comissão de Constituição e Justiça e de Cidadania à Emenda de Plenário de nº 3 oferecida ao Projeto de Lei nº 3.880, de 2024 (Art. 132, § 2º C/C Art. 144, Caput, RICD). Sim: 152; Não: 254; Abstenção: 1; Total: 407."
2462009-79;2026-03-18;PLEN;81344;;"Mantido o texto. Sim: 232; Não: 151; Abstenção: 1; Total: 384."
2462009-81;2026-03-18;PLEN;81344;true;Aprovada a Redação Final assinada pela relatora, Dep. Silvye Alves (UNIÃO/GO).
2376169-88;2026-03-18;PLEN;81344;true;Aprovado o Substitutivo do Senado Federal ao Projeto de Lei nº 3.780, de 2023, com exceção dos dispositivos rejeitados.
2376169-90;2026-03-18;PLEN;81344;false;Rejeitados os dispositivos do Substitutivo do Senado Federal ao Projeto de Lei nº 3.780, de 2023, com parecer pela rejeição.
2376169-101;2026-03-18;PLEN;81344;;"Mantido o texto. Sim: 278; Não: 114; Abstenção: 2; Total: 394."
2376169-103;2026-03-18;PLEN;81344;true;Aprovada a Emenda de Redação.
2376169-105;2026-03-18;PLEN;81344;true;Aprovada a Redação Final assinada pelo Relator, Dep.Alfredo Gaspar (UNIÃO/AL).
2608215-2;2026-03-18;CPASF;81288;true;Aprovado o Requerimento.
2608771-2;2026-03-18;CPASF;81288;true;Aprovado o Requerimento.
2608741-2;2026-03-18;PL808514;81312;true;Aprovado o Requerimento, com a subscrição da Deputada Laura Carneiro
2607679-4;2026-03-18;PL808514;;true;Aprovado o requerimento nº 5/2026,do Sr. Aureo Ribeiro que requer audiência pública para debater a segurança no trânsito e a importância do exame psicotécnico com os seguintes convidados: . Dr. Roberto Douglas Moreira – Presidente da Associação dos Médicos do DETRAN do Brasil (AMDESP) e Dra. Daniela Monteiro de Barros, Consultora da Associação dos Psicólogos do Trânsito do Brasil (AMPETRA)
2609153-2;2026-03-18;PL808514;81312;true;Aprovado o Requerimento, com a subscrição da Deputada Laura Carneiro
2609155-2;2026-03-18;PL808514;81312;true;Aprovado o Requerimento, com a subscrição da Deputada Laura Carneiro
2609160-2;2026-03-18;PL808514;81312;true;Aprovado o Requerimento, com a subscrição da Deputada Laura Carneiro
2609175-2;2026-03-18;PL808514;81312;true;Aprovado o Requerimento, com a subscrição da Deputada Laura Carneiro
2609202-2;2026-03-18;PL808514;81312;true;Aprovado o Requerimento, com a subscrição da Deputada Laura Carneiro
2609152-3;2026-03-18;PL808514;81312;true;Aprovado o Requerimento, com alteração para incluir o convidado, Vilnei Pinheiro Sessim - Instituto Zero Acidente , Vice-presidente do Cetran - RS e diretor do Fecomercio, a pedido do Dep. Luiz Carlos Busato. Subscrito pela Deputada Laura Carneiro.
2609157-3;2026-03-18;PL808514;81312;true;Aprovado o Requerimento, com alteração para incluir o convidado, Vilnei Pinheiro Sessim - Instituto Zero Acidente , Vice-presidente do Cetran - RS e diretor do Fecomercio, a pedido do Dep. Luiz Carlos Busato. Subscrito pela Deputada Laura Carneiro.
2609330-3;2026-03-18;PL808514;81312;true;Aprovado o Requerimento, com alteração para incluir o convidado, Vilnei Pinheiro Sessim - Instituto Zero Acidente , Vice-presidente do Cetran - RS e diretor do Fecomercio, a pedido do Dep. Luiz Carlos Busato. Subscrito pela Deputada Laura Carneiro.
2609336-3;2026-03-18;PL808514;81312;true;Aprovado o Requerimento, com alteração para incluir o convidado, Vilnei Pinheiro Sessim - Instituto Zero Acidente , Vice-presidente do Cetran - RS e diretor do Fecomercio, a pedido do Dep. Luiz Carlos Busato. Subscrito pela Deputada Laura Carneiro.
2229552-74;2026-03-18;CPASF;81288;true;Aprovado o Parecer.
2512250-29;2026-03-18;CPASF;81288;true;Aprovado o Parecer.
2488594-21;2026-03-18;CPASF;81288;true;Aprovado o Parecer.
2450270-22;2026-03-18;CPASF;81288;true;Aprovado o Parecer.
2467664-26;2026-03-18;CPASF;81288;true;Aprovado o Parecer.
2470256-38;2026-03-18;CPASF;81288;true;Aprovado o Parecer.
2520003-31;2026-03-18;CCOM;81296;true;Submetido à votação, foi aprovado o Parecer.
2517840-38;2026-03-18;CPASF;81288;true;Aprovado o Parecer.
2375345-51;2026-03-18;CCOM;81296;true;Submetido à votação, foi aprovado o Parecer.
2608132-2;2026-03-18;CCOM;81296;true;Aprovado o Requerimento, subscrito pelos Deputados Julio Cesar Ribeiro e Gervásio Maia.
2561362-24;2026-03-18;CCOM;81296;true;Submetido à votação, foi aprovado o Parecer.
2459423-17;2026-03-18;CCOM;81296;true;Aprovado o Parecer.
2459498-17;2026-03-18;CCOM;81296;true;Aprovado o Parecer.
2459659-17;2026-03-18;CCOM;81296;true;Aprovado o Parecer.
2459672-17;2026-03-18;CCOM;81296;true;Aprovado o Parecer.
2459707-17;2026-03-18;CCOM;81296;true;Aprovado o Parecer.
2464028-23;2026-03-18;CCOM;81296;true;Aprovado o Parecer.
2467339-23;2026-03-18;CCOM;81296;true;Aprovado o Parecer.
2467613-23;2026-03-18;CCOM;81296;true;Aprovado o Parecer.
2481207-23;2026-03-18;CCOM;81296;true;Aprovado o Parecer.
2498595-23;2026-03-18;CCOM;81296;true;Aprovado o Parecer.
2498646-23;2026-03-18;CCOM;81296;true;Aprovado o Parecer.
2498653-23;2026-03-18;CCOM;81296;true;Aprovado o Parecer.
2243127-57;2026-03-18;CCOM;81296;true;Submetido à votação, foi aprovado o Parecer.
2497778-22;2026-03-18;CPASF;81288;true;Aprovado o Parecer.
2589327-24;2026-03-18;CCOM;81296;true;Submetido à votação, foi aprovado o Parecer.
2366530-29;2026-03-18;CPASF;81288;true;Aprovado o Parecer.
2527145-24;2026-03-18;CPASF;81288;true;Aprovado o Parecer.
2537922-22;2026-03-18;CPASF;81288;true;Aprovado o Parecer.
2607170-9;2026-03-19;PLEN;81378;true;Aprovado, por unanimidade, o Requerimento de Urgência (Art. 155 do RICD).
2514763-31;2026-03-19;PLEN;;true;Alteração do Regime de Tramitação desta proposição em virtude da Aprovação do REQ 1316/2026.
2610759-7;2026-03-19;PLEN;81378;true;Aprovado, por unanimidade, o Requerimento de Urgência (Art. 155 do RICD).
2083872-67;2026-03-19;PLEN;;true;Aprovado o requerimento nº 1497/2026,do Sr. Lucas Abrahao, que solicita urgência (art. 155) para o PL 6483/2025.
2171987-23;2026-03-19;PLEN;;true;Aprovado o requerimento nº 1497/2026,do Sr. Lucas Abrahao, que solicita urgência (art. 155) para o PL 6483/2025.
2192328-21;2026-03-19;PLEN;;true;Aprovado o requerimento nº 1497/2026,do Sr. Lucas Abrahao, que solicita urgência (art. 155) para o PL 6483/2025.
2195555-20;2026-03-19;PLEN;;true;Aprovado o requerimento nº 1497/2026,do Sr. Lucas Abrahao, que solicita urgência (art. 155) para o PL 6483/2025.
2220244-20;2026-03-19;PLEN;;true;Aprovado o requerimento nº 1497/2026,do Sr. Lucas Abrahao, que solicita urgência (art. 155) para o PL 6483/2025.
2229394-20;2026-03-19;PLEN;;true;Aprovado o requerimento nº 1497/2026,do Sr. Lucas Abrahao, que solicita urgência (art. 155) para o PL 6483/2025.
2234452-20;2026-03-19;PLEN;;true;Aprovado o requerimento nº 1497/2026,do Sr. Lucas Abrahao, que solicita urgência (art. 155) para o PL 6483/2025.
2441230-16;2026-03-19;PLEN;;true;Aprovado o requerimento nº 1497/2026,do Sr. Lucas Abrahao, que solicita urgência (art. 155) para o PL 6483/2025.
2584739-17;2026-03-19;PLEN;;true;Aprovado o requerimento nº 1497/2026,do Sr. Lucas Abrahao, que solicita urgência (art. 155) para o PL 6483/2025.
2083872-68;2026-03-19;CCP;;true;Realizar o encaminhamento do PL-5225/2016 à CCJC (tramitação simultânea), em razão da aprovação de requerimento de urgência.
2083872-69;2026-03-19;CCP;;true;Realizar o encaminhamento do PL-5225/2016 à CFT (tramitação simultânea), em razão da aprovação de requerimento de urgência.
2083872-70;2026-03-19;CCP;;true;Realizar o encaminhamento do PL-5225/2016 à CFT (tramitação simultânea), em razão da aprovação de requerimento de urgência.
2083872-71;2026-03-19;PLEN;;true;Alteração do Regime de Tramitação desta proposição em virtude da alteração do regime do PL 6483/2025, por ter sido aprovado o REQ 1497/2026 que está apensado ao primeiro.
2171987-24;2026-03-19;PLEN;;true;Alteração do Regime de Tramitação desta proposição em virtude da alteração do regime do PL 6483/2025, por ter sido aprovado o REQ 1497/2026 que está apensado ao primeiro.
2192328-22;2026-03-19;PLEN;;true;Alteração do Regime de Tramitação desta proposição em virtude da alteração do regime do PL 6483/2025, por ter sido aprovado o REQ 1497/2026 que está apensado ao primeiro.
2195555-21;2026-03-19;PLEN;;true;Alteração do Regime de Tramitação desta proposição em virtude da alteração do regime do PL 6483/2025, por ter sido aprovado o REQ 1497/2026 que está apensado ao primeiro.
2220244-21;2026-03-19;PLEN;;true;Alteração do Regime de Tramitação desta proposição em virtude da alteração do regime do PL 6483/2025, por ter sido aprovado o REQ 1497/2026 que está apensado ao primeiro.
2229394-21;2026-03-19;PLEN;;true;Alteração do Regime de Tramitação desta proposição em virtude da alteração do regime do PL 6483/2025, por ter sido aprovado o REQ 1497/2026 que está apensado ao primeiro.
2234452-21;2026-03-19;PLEN;;true;Alteração do Regime de Tramitação desta proposição em virtude da alteração do regime do PL 6483/2025, por ter sido aprovado o REQ 1497/2026 que está apensado ao primeiro.
2441230-17;2026-03-19;PLEN;;true;Alteração do Regime de Tramitação desta proposição em virtude da alteração do regime do PL 6483/2025, por ter sido aprovado o REQ 1497/2026 que está apensado ao primeiro.
2584739-18;2026-03-19;PLEN;;true;Alteração do Regime de Tramitação desta proposição em virtude da alteração do regime do PL 6483/2025, por ter sido aprovado o REQ 1497/2026 que está apensado ao primeiro.
2597575-18;2026-03-19;PLEN;;true;Alteração do Regime de Tramitação desta proposição em virtude da Aprovação do REQ 1497/2026.
2485231-48;2026-03-19;PLEN;81378;true;Aprovado o Substitutivo ao Projeto de Lei nº 646, de 2025, adotado pelo relator da Comissão de Constituição e Justiça e de Cidadania.
2485231-51;2026-03-19;PLEN;81378;true;Aprovada a Redação Final assinada pelo relator, Dep. Duarte Jr. (PSB/MA).
2589373-35;2026-03-19;PLEN;81378;true;Aprovado o Projeto de Decreto Legislativo nº 1.023, de 2025.
2589373-37;2026-03-19;PLEN;81378;true;Aprovada a Redação Final, assinada pela relatora, Dep. Benedita da Silva (PT/RJ).
2596243-25;2026-03-19;PLEN;81378;true;Aprovado o Projeto de Decreto Legislativo nº 1.203, de 2025.
2596243-27;2026-03-19;PLEN;81378;true;Aprovada a Redação Final, assinada pela relatora, Dep. Denise Pessôa (PT/RS).
2581700-6;2026-03-24;CN;;true;Aprovado o parecer na Comissão Mista
2597570-9;2026-03-24;PLEN;81411;true;Aprovado, por unanimidade, o Requerimento de Urgência (Art. 155 do RICD).
2603967-8;2026-03-24;PLEN;81411;true;Aprovado, por unanimidade, o Requerimento de Urgência (Art. 155 do RICD).
2539231-26;2026-03-24;CCP;;true;Realizar o encaminhamento do PL-3675/2025 à CCJC (tramitação simultânea), em razão da aprovação de requerimento de urgência.
2611327-7;2026-03-24;PLEN;81411;true;Aprovado, por unanimidade, o Requerimento de Urgência (Art. 155 do RICD).
2415636-22;2026-03-24;PLEN;;true;Aprovado o requerimento nº 1578/2026,do Sr. Rodrigo Gambale, que solicita urgência (art. 155) para o PL 1054/2019.
2419973-20;2026-03-24;PLEN;;true;Aprovado o requerimento nº 1578/2026,do Sr. Rodrigo Gambale, que solicita urgência (art. 155) para o PL 1054/2019.
2405705-44;2026-03-24;CCP;;true;Realizar o encaminhamento do PL-1054/2019 à CCJC (tramitação simultânea), em razão da aprovação de requerimento de urgência.
2405705-45;2026-03-24;PLEN;;true;Alteração do Regime de Tramitação desta proposição em virtude da Aprovação do REQ 1578/2026.
2419973-21;2026-03-24;PLEN;;true;Alteração do Regime de Tramitação desta proposição em virtude da alteração do regime do PL 1054/2019, por ter sido aprovado o REQ 1578/2026 que está apensado ao primeiro.
2611328-7;2026-03-24;PLEN;81411;true;Aprovado, por unanimidade, o Requerimento de Urgência (Art. 155 do RICD).
2611356-7;2026-03-24;PLEN;81411;true;Aprovado, por unanimidade, o Requerimento de Urgência (Art. 155 do RICD).
2523788-27;2026-03-24;CCP;;true;Realizar o encaminhamento do PL-2805/2025 à CCJC (tramitação simultânea), em razão da aprovação de requerimento de urgência.
2523788-35;2026-03-24;PLEN;81411;false;Rejeitada a Emenda de Plenário.
2523788-36;2026-03-24;PLEN;81411;true;Aprovado o Projeto de Lei nº 2.805, de 2025.
2523788-38;2026-03-24;PLEN;81411;true;Aprovada a Redação Final assinada pela relatora, Dep. Roberta Roma (PL-BA).
2593639-25;2026-03-24;PLEN;81411;true;Aprovado o Projeto de Lei nº 126, de 2025, ressalvado o destaque.
2593639-27;2026-03-24;PLEN;81411;;Mantido o texto.
2487399-53;2026-03-24;PLEN;81411;true;Aprovado o Substitutivo ao Projeto de Lei nº 1.069, de 2025, da Comissão do Esporte, ressalvado o destaque.
2487399-57;2026-03-24;PLEN;81411;;"Mantido o texto. Sim: 295; Não: 120; Abstenção: 1; Total: 416."
2487399-59;2026-03-24;PLEN;81411;true;Aprovada a Redação Final assinada pela relatora, Dep. Alice Portugal (PCdoB/BA).
2539231-32;2026-03-24;PLEN;81411;true;Aprovado o Projeto de Lei nº 3.675, de 2025.
2539231-34;2026-03-24;PLEN;81411;true;Aprovada a Redação Final assinada pela relatora, Dep. Helena Lima (MDB/RR).
2323053-53;2026-03-24;PLEN;81411;true;Aprovado o Projeto de Lei nº 5.189, de 2019.
2609140-3;2026-03-24;CSPCCO;81346;true;Aprovado o Requerimento.
2609162-3;2026-03-24;CSPCCO;81346;true;Aprovado o Requerimento.
2609178-3;2026-03-24;CSPCCO;81346;true;Aprovado o Requerimento.
2609258-3;2026-03-24;CSPCCO;81346;true;Aprovado o Requerimento.
2609259-3;2026-03-24;CSPCCO;81346;true;Aprovado o Requerimento.
2610679-3;2026-03-24;CSPCCO;81346;true;Aprovado o Requerimento.
2610858-3;2026-03-24;CSPCCO;81346;true;Aprovado o Requerimento.
2610860-3;2026-03-24;CSPCCO;81346;true;Aprovado o Requerimento.
2611003-3;2026-03-24;CSPCCO;81346;true;Aprovado o Requerimento.
2611006-3;2026-03-24;CSPCCO;81346;true;Aprovado o Requerimento.
2611014-3;2026-03-24;CSPCCO;81346;true;Aprovado o Requerimento.
2611015-3;2026-03-24;CSPCCO;81346;true;Aprovado o Requerimento.
2611016-3;2026-03-24;CSPCCO;81346;true;Aprovado o Requerimento.
2611170-4;2026-03-24;CSPCCO;81346;true;Aprovado o Requerimento.
2611171-3;2026-03-24;CSPCCO;81346;true;Aprovado o Requerimento.
2611174-3;2026-03-24;CSPCCO;81346;true;Aprovado o Requerimento.
2611177-3;2026-03-24;CSPCCO;81346;true;Aprovado o Requerimento.
2611180-3;2026-03-24;CSPCCO;81346;true;Aprovado o Requerimento.
2611189-3;2026-03-24;CSPCCO;81346;true;Aprovado o Requerimento.
2611239-3;2026-03-24;CSPCCO;81346;true;Aprovado o Requerimento.
2611248-3;2026-03-24;CSPCCO;81346;true;Aprovado o Requerimento.
2611271-2;2026-03-24;CSPCCO;81346;true;Aprovado o Requerimento.
2611144-3;2026-03-24;CPOVOS;81337;true;Aprovado o Requerimento.
2377351-38;2026-03-24;CSPCCO;81346;true;Aprovado o Parecer.
2562497-27;2026-03-24;CSPCCO;81346;true;Aprovado o Parecer.
2461137-41;2026-03-24;CSPCCO;81346;true;Aprovado o Parecer.
2487277-28;2026-03-24;CSPCCO;81346;true;Aprovado o Parecer.
2587210-27;2026-03-24;CSPCCO;81346;true;Aprovado o Parecer.
2457277-22;2026-03-24;CSPCCO;81346;true;Aprovado o Parecer, com o voto contrário do Dep. Kim Kataguiri (MISSÃO/SP).
2576644-22;2026-03-24;CSPCCO;81346;true;Aprovado o Parecer.
2515592-44;2026-03-24;CSPCCO;81346;true;Aprovado o Parecer.
2527169-26;2026-03-24;CSPCCO;81346;true;Aprovado o Parecer.
2565667-25;2026-03-24;CSPCCO;81346;true;Aprovado o Parecer.
2575034-22;2026-03-24;CSPCCO;81346;true;Aprovado o Parecer.
2610045-2;2026-03-24;PL308020;81372;true;Aprovado o Requerimento.
2611279-2;2026-03-24;PL308020;81372;true;Aprovado o Requerimento.
2582484-25;2026-03-24;CSPCCO;81346;true;Aprovado o Parecer.
2589424-24;2026-03-24;CSPCCO;81346;true;Aprovado o Parecer.
2596849-20;2026-03-24;CSPCCO;81346;true;Aprovado o Parecer.
2611462-3;2026-03-24;GTSUPLEM;81396;true;Aprovado o Relatório do Coordenador, Deputado Felipe Carreras.
2589912-6;2026-03-25;CN;;true;Aprovado o parecer na Comissão Mista
2610972-2;2026-03-25;CREDN;81397;true;Subscrito pelo deputado Sargento Fahur (PL/PR). Aprovado o Requerimento.
2611253-2;2026-03-25;CREDN;81397;true;Subscrito pelos deputados General Girão (PL/RN) e Sargento Fahur (PL/PR). Aprovado o Requerimento.
2609053-2;2026-03-25;CREDN;81397;true;Subscrito pelos deputados Evair Vieira de Melo (PP/ES), General Girão (PL/RN), General Pazuello (PL/RJ) e Sargento Fahur (PL/PR). Aprovado o Requerimento.
2609077-2;2026-03-25;CREDN;81397;true;Aprovado o Requerimento.
2609257-2;2026-03-25;CREDN;81397;true;Subscrito pelo deputado Sargento Fahur (PL/PR). Aprovado o Requerimento, com a inclusão do presidente da ADEPOL do Brasil, senhor Rodolfo Queiroz Laterza, como convidado.
2572489-18;2026-03-25;CREDN;81397;true;Aprovado o Parecer.
2253572-64;2026-03-25;CREDN;81397;true;Aprovado o Parecer.
2498157-31;2026-03-25;CREDN;81397;true;Aprovado o Parecer, com o voto contrário do deputado Alexandre Lindenmeyer (PT/RS).
2458398-30;2026-03-25;CREDN;81397;true;Aprovado o Parecer.
2314961-47;2026-03-25;CREDN;81397;true;Aprovado o Parecer.
2609262-2;2026-03-25;CSAUDE;81349;true;Aprovado o Requerimento.
2609715-2;2026-03-25;CSAUDE;81349;true;Aprovado o Requerimento.
2609723-2;2026-03-25;CSAUDE;81349;true;Aprovado o Requerimento.
2609740-2;2026-03-25;CSAUDE;81349;true;Aprovado o Requerimento.
2609800-3;2026-03-25;CSAUDE;81349;true;Aprovado o Requerimento.
2610582-2;2026-03-25;CSAUDE;81349;true;Aprovado o Requerimento.
2610583-2;2026-03-25;CSAUDE;81349;true;Aprovado o Requerimento.
2611101-2;2026-03-25;CSAUDE;81349;true;Aprovado o Requerimento.
2611213-2;2026-03-25;CSAUDE;81349;true;Aprovado o Requerimento.
2611247-2;2026-03-25;CSAUDE;81349;true;Aprovado o Requerimento.
2611287-2;2026-03-25;CSAUDE;81349;true;Aprovado o Requerimento.
2611303-2;2026-03-25;CSAUDE;81349;true;Aprovado o Requerimento.
2611304-2;2026-03-25;CSAUDE;81349;true;Aprovado o Requerimento.
2304268-28;2026-03-25;CSAUDE;81349;true;Aprovado o Parecer.
2467940-26;2026-03-25;CSAUDE;81349;true;Aprovado o Parecer.
2482274-40;2026-03-25;CTRAB;81367;true;Aprovados os Requerimentos de Adiamento de Discussão, dos Deputados Capitão Alden e Luiz Gastão.
2458523-55;2026-03-25;CTRAB;81367;true;Aprovados os Requerimentos de Adiamento de Votação, dos Deputados Capitão Alden e Luiz Gastão.
2604420-2;2026-03-25;CFFC;81404;true;Aprovado o Requerimento.
2610950-2;2026-03-25;CFFC;81404;true;Aprovado o Requerimento.
2610951-2;2026-03-25;CFFC;81404;true;Aprovado o Requerimento.
2605340-2;2026-03-25;CFFC;81404;true;Aprovado o Requerimento.
2609624-2;2026-03-25;CFFC;81404;true;Aprovado o Requerimento.
2610946-2;2026-03-25;CFFC;81404;true;Aprovado o Requerimento.
2610952-2;2026-03-25;CFFC;81404;true;Aprovado o Requerimento.
2611122-2;2026-03-25;CFFC;81404;true;Aprovado o Requerimento.
2610942-3;2026-03-25;CFFC;81404;true;Aprovado o Requerimento.
2611121-2;2026-03-25;CFFC;81404;true;Aprovado o Requerimento.
2609672-3;2026-03-25;CTRAB;81367;true;Aprovado o Requerimento.
2609939-3;2026-03-25;CTRAB;81367;true;Aprovado o Requerimento.
2610593-2;2026-03-25;CTRAB;81367;true;Aprovado o Requerimento.
2610960-2;2026-03-25;CTRAB;81367;true;Aprovado o Requerimento.
2610961-2;2026-03-25;CTRAB;81367;true;Aprovado o Requerimento.
2611084-2;2026-03-25;CTRAB;81367;true;Aprovado o Requerimento.
2609642-2;2026-03-25;CFFC;81404;true;Aprovado o Requerimento, com alteração para excluir o encaminhamento da Indicação ao Serviço Geológico do Brasil (SGB).
2611050-2;2026-03-25;CTRAB;81367;true;Aprovado o Requerimento, com alteração para incluir convidados.
2609784-3;2026-03-25;CME;81353;true;Aprovado o Requerimento.
2610767-3;2026-03-25;CFT;81393;true;Aprovado o Requerimento.
2610769-3;2026-03-25;CFT;81393;true;Aprovado o Requerimento.
2610849-2;2026-03-25;CFT;81393;true;"Aprovado o Requerimento com alterações: Representante da Associação Nacional dos Procuradores e Procuradoras do Trabalho - ANPT; Representante do Conselho Federal de Economia."
2610925-2;2026-03-25;CFT;81393;true;Aprovado o Requerimento.
2611152-3;2026-03-25;CFT;81393;true;Aprovado o Requerimento.
2611153-3;2026-03-25;CFT;81393;true;Aprovado o Requerimento.
2611350-3;2026-03-25;CFT;81393;true;Aprovado o Requerimento.
2225432-83;2026-03-25;CCJC;81391;true;Aprovado o Parecer.
2610924-4;2026-03-25;CME;81353;true;Aprovado o Requerimento.
2391639-42;2026-03-25;CCJC;81391;true;Aprovado o Parecer.
2495744-28;2026-03-25;CVT;81380;true;Aprovado o Parecer.
2439710-38;2026-03-25;CCJC;81391;true;Aprovado o Parecer.
2610152-2;2026-03-25;CVT;81380;true;Aprovado o Requerimento.
2611029-2;2026-03-25;CVT;81380;true;Aprovado o Requerimento.
996281-105;2026-03-25;CCJC;81391;true;Aprovada a Redação Final.
2208347-76;2026-03-25;CCJC;81391;true;Aprovada a Redação Final.
2345498-69;2026-03-25;CCJC;81391;true;Aprovada a Redação Final.
2374036-82;2026-03-25;CCJC;81391;true;Aprovada a Redação Final.
2406339-52;2026-03-25;CCJC;81391;true;Aprovada a Redação Final.
2414905-65;2026-03-25;CCJC;81391;true;Aprovada a Redação Final.
2455876-71;2026-03-25;CCJC;81391;true;Aprovada a Redação Final.
2535347-32;2026-03-25;CCJC;81391;true;Aprovada a Redação Final.
2535356-32;2026-03-25;CCJC;81391;true;Aprovada a Redação Final.
2535361-32;2026-03-25;CCJC;81391;true;Aprovada a Redação Final.
2535371-32;2026-03-25;CCJC;81391;true;Aprovada a Redação Final.
2535383-32;2026-03-25;CCJC;81391;true;Aprovada a Redação Final.
2547312-37;2026-03-25;CCJC;81391;true;Aprovada a Redação Final.
2487944-51;2026-03-25;CCJC;81391;true;Aprovada a Redação Final.
2504790-39;2026-03-25;CCJC;81391;true;Aprovado o Parecer.
2234584-62;2026-03-25;CME;81353;true;Aprovado o Parecer.
587603-87;2026-03-25;CCJC;81391;true;Aprovado o Parecer.
2197389-39;2026-03-25;CCJC;81391;true;Aprovado o Parecer.
2208659-41;2026-03-25;CCJC;81391;true;Aprovado o Parecer.
2251839-41;2026-03-25;CCJC;81391;true;Aprovado o Parecer.
2257506-43;2026-03-25;CCJC;81391;true;Aprovado o Parecer.
2313425-44;2026-03-25;CCJC;81391;true;Aprovado o Parecer.
2353763-62;2026-03-25;CCJC;81391;true;Aprovado o Parecer.
2365806-37;2026-03-25;CCJC;81391;true;Aprovado o Parecer.
2389586-44;2026-03-25;CCJC;81391;true;Aprovado o Parecer.
2389760-49;2026-03-25;CCJC;81391;true;Aprovado o Parecer.
2409757-39;2026-03-25;CCJC;81391;true;Aprovado o Parecer.
2482178-31;2026-03-25;CCJC;81391;true;Aprovado o Parecer.
2503777-32;2026-03-25;CCJC;81391;true;Aprovado o Parecer.
2515018-34;2026-03-25;CCJC;81391;true;Aprovado o Parecer.
2538889-34;2026-03-25;CCJC;81391;true;Aprovado o Parecer.
2472858-26;2026-03-25;CME;81353;true;Aprovado o Parecer.
2541297-33;2026-03-25;CCJC;81391;true;Aprovado o Parecer.
2482637-44;2026-03-25;CCJC;81391;true;Aprovado o Parecer.
2394254-40;2026-03-25;CCJC;81391;true;Aprovado o Parecer.
2465166-59;2026-03-25;CCJC;81391;true;Aprovado o Parecer.
2532281-19;2026-03-25;CCJC;81391;true;Aprovado o Parecer.
2564989-17;2026-03-25;CCJC;81391;true;Aprovado o Parecer.
2565017-17;2026-03-25;CCJC;81391;true;Aprovado o Parecer.
2565022-17;2026-03-25;CCJC;81391;true;Aprovado o Parecer.
2565031-17;2026-03-25;CCJC;81391;true;Aprovado o Parecer.
2565033-17;2026-03-25;CCJC;81391;true;Aprovado o Parecer.
2566823-17;2026-03-25;CCJC;81391;true;Aprovado o Parecer.
2566833-17;2026-03-25;CCJC;81391;true;Aprovado o Parecer.
2566843-17;2026-03-25;CCJC;81391;true;Aprovado o Parecer.
2566854-17;2026-03-25;CCJC;81391;true;Aprovado o Parecer.
2566855-17;2026-03-25;CCJC;81391;true;Aprovado o Parecer.
2570169-17;2026-03-25;CCJC;81391;true;Aprovado o Parecer.
2575455-17;2026-03-25;CCJC;81391;true;Aprovado o Parecer.
2575465-17;2026-03-25;CCJC;81391;true;Aprovado o Parecer.
2575476-18;2026-03-25;CCJC;81391;true;Aprovado o Parecer.
2575485-17;2026-03-25;CCJC;81391;true;Aprovado o Parecer.
2575488-17;2026-03-25;CCJC;81391;true;Aprovado o Parecer.
2575491-17;2026-03-25;CCJC;81391;true;Aprovado o Parecer.
2583499-17;2026-03-25;CCJC;81391;true;Aprovado o Parecer.
2482708-35;2026-03-25;CCJC;81391;true;Aprovado o Parecer.
2611496-7;2026-03-25;PLEN;81424;true;Aprovado o Requerimento de Urgência (Art. 155 do RICD).
2611726-8;2026-03-25;PLEN;81424;true;Aprovado o Requerimento de Urgência (Art. 155 do RICD).
2611717-17;2026-03-25;CCP;;true;Realizar o encaminhamento do PLP-77/2026 à CCJC (tramitação simultânea), em razão da aprovação de requerimento de urgência.
2611717-18;2026-03-25;CCP;;true;Realizar o encaminhamento do PLP-77/2026 à CFT (tramitação simultânea), em razão da aprovação de requerimento de urgência.
2611717-19;2026-03-25;CCP;;true;Realizar o encaminhamento do PLP-77/2026 à CFT (tramitação simultânea), em razão da aprovação de requerimento de urgência.
2595984-22;2026-03-25;PLEN;81424;false;"Rejeitado o Requerimento. Sim: 137; Não: 257; Total: 394."
2595984-26;2026-03-25;PLEN;81424;false;"Rejeitado o Requerimento. Sim: 126; Não: 262; Total: 388."
2595984-31;2026-03-25;PLEN;81424;false;"Rejeitado o Requerimento. Sim: 124; Não: 257; Abstenção: 1; Total: 382."
2595984-34;2026-03-25;PLEN;81424;true;"Aprovado o Projeto de Lei nº 6.359, de 2025. Sim: 258; Não: 140; Abstenção: 1; Total: 399."
2595984-36;2026-03-25;PLEN;81424;true;Aprovada a Redação Final assinada pelo relator, Dep. Dagoberto Nogueira (PSDB/MS).
2611717-33;2026-03-25;PLEN;81424;true;"Aprovado o Projeto de Lei Complementar nº 77, de 2026, ressalvado o destaque. Sim: 391; Não: 33; Abstenção: 2; Total: 426."
2611717-38;2026-03-25;PLEN;81424;;"Mantido o texto. Sim: 284; Não: 86; Abstenção: 3; Total: 373."
2492368-52;2026-03-25;PLEN;81424;true;Aprovado o Substitutivo ao Projeto de Lei nº 1.404, de 2025, adotado pela relatora da Comissão de Constituição e Justiça e de Cidadania, ressalvado o destaque.
2492368-56;2026-03-25;PLEN;81424;;Mantido o texto.
2492368-60;2026-03-25;PLEN;81424;true;Aprovada a Redação Final assinada pela relatora, Dep. Natália Bonavides (PT-RN).
2575942-32;2026-03-25;PLEN;81424;true;Aprovado o Projeto de Lei nº 5.405, de 2025.
2575942-34;2026-03-25;PLEN;81424;true;Aprovada a Redação Final assinada pela relatora, Dep. Franciane Bayer (REPUBLIC-RS).
2611461-2;2026-03-25;PL808514;81398;true;Aprovado o Requerimento.
2611463-2;2026-03-25;PL808514;81398;true;Aprovado o Requerimento.
2611470-2;2026-03-25;PL808514;81398;true;Aprovado o Requerimento.
2611474-2;2026-03-25;PL808514;81398;true;Aprovado o Requerimento.
2454232-25;2026-03-25;CPASF;81375;true;Aprovado o Parecer.
2611473-3;2026-03-25;PL808514;81398;true;Aprovado o Requerimento, com a inclusão dos seguintes convidados, aditado pelo Deputado Coronel Meira, a pedido do Deputado Coronel Assis: Márcio Liberbaum, Representante do Instituto de Tecnologias para o trânstito (ITTS), Rodolfo Alberto Rizzoto, Coordenador do Movimento SOS Estradas, Matheus Martins, Presidente da Associação das Autoescolas do Estado de São Paulo e Josimar Amaral, Especialista em trânsito.
2457862-22;2026-03-25;CPASF;81375;true;Aprovado o Parecer.
2443650-22;2026-03-25;CPASF;81375;true;Aprovado o Parecer.
2462786-37;2026-03-25;CPASF;81375;true;Aprovado o Parecer.
2554852-42;2026-03-25;CPASF;81375;true;Aprovado o Parecer.
2563554-22;2026-03-25;CPASF;81375;true;Aprovado o Parecer.
2601974-3;2026-03-25;CLP;81374;true;Aprovado o Requerimento.
2601975-3;2026-03-25;CLP;81374;true;Aprovado o Requerimento.
2603225-3;2026-03-25;CLP;81374;true;Aprovado o Requerimento.
2603226-3;2026-03-25;CLP;81374;true;Aprovado o Requerimento.
2603227-3;2026-03-25;CLP;81374;true;Aprovado o Requerimento.
2606191-3;2026-03-25;CLP;81374;true;Aprovado o Requerimento.
2606192-3;2026-03-25;CLP;81374;true;Aprovado o Requerimento.
2606193-3;2026-03-25;CLP;81374;true;Aprovado o Requerimento.
2606194-3;2026-03-25;CLP;81374;true;Aprovado o Requerimento.
2606197-3;2026-03-25;CLP;81374;true;Aprovado o Requerimento.
2606199-3;2026-03-25;CLP;81374;true;Aprovado o Requerimento.
2606201-3;2026-03-25;CLP;81374;true;Aprovado o Requerimento.
2607485-3;2026-03-25;CLP;81374;true;Aprovado o Requerimento.
2607486-3;2026-03-25;CLP;81374;true;Aprovado o Requerimento.
2607609-3;2026-03-25;CLP;81374;true;Aprovado o Requerimento.
2607945-2;2026-03-25;CLP;81374;true;Aprovado o Requerimento.
2609008-2;2026-03-25;CLP;81374;true;Aprovado o Requerimento.
2609048-2;2026-03-25;CLP;81374;true;Aprovado o Requerimento.
2609126-2;2026-03-25;CLP;81374;true;Aprovado o Requerimento.
2609127-2;2026-03-25;CLP;81374;true;Aprovado o Requerimento.
2610137-2;2026-03-25;CLP;81374;true;Aprovado o Requerimento.
2610273-2;2026-03-25;CLP;81374;true;Aprovado o Requerimento.
2437230-25;2026-03-25;CPASF;81375;true;Aprovado o Parecer.
2485256-23;2026-03-25;CPASF;81375;true;Aprovado o Parecer.
2443766-22;2026-03-25;CPASF;81375;true;Aprovado o Parecer.
2508500-23;2026-03-25;CPASF;81375;true;Aprovado o Parecer.
2459345-22;2026-03-25;CPASF;81375;true;Aprovado o Parecer.
2608242-2;2026-03-25;CDHMIR;81345;true;Aprovado o Requerimento.
2608243-2;2026-03-25;CDHMIR;81345;true;Aprovado o Requerimento.
2608245-2;2026-03-25;CDHMIR;81345;true;Aprovado o Requerimento.
2608246-2;2026-03-25;CDHMIR;81345;true;Aprovado o Requerimento.
2608247-2;2026-03-25;CDHMIR;81345;true;Aprovado o Requerimento.
2608989-2;2026-03-25;CDHMIR;81345;true;Aprovado o Requerimento.
2608990-2;2026-03-25;CDHMIR;81345;true;Aprovado o Requerimento.
2608991-2;2026-03-25;CDHMIR;81345;true;Aprovado o Requerimento.
2609161-2;2026-03-25;CDHMIR;81345;true;Aprovado o Requerimento.
2609163-2;2026-03-25;CDHMIR;81345;true;Aprovado o Requerimento.
2609206-2;2026-03-25;CDHMIR;81345;true;Aprovado o Requerimento.
2609207-2;2026-03-25;CDHMIR;81345;true;Aprovado o Requerimento.
2200711-74;2026-03-26;PLEN;81441;true;Aprovado o Substitutivo ao Projeto de Lei nº 2.736, de 2019, da Comissão de Viação e Transportes.
2200711-76;2026-03-26;PLEN;81441;true;Aprovada a Redação Final assinada pelo relator, Dep. Marcelo Álvaro Antônio (PL-MG).
2200711-81;2026-03-26;PLEN;81441;true;Aprovada a Submenda da Comissão de Constituição e Justiça e de Cidadania.
2589912-21;2026-03-26;PLEN;81441;false;Rejeitado o Requerimento.
2589912-24;2026-03-26;PLEN;81441;false;Rejeitado o Requerimento.
2589912-30;2026-03-26;PLEN;81441;true;Aprovado, em apreciação preliminar, o Parecer da Comissão Mista, na parte em que manifesta opinião favorável quanto ao atendimento dos pressupostos constitucionais de relevância e urgência e de sua adequação financeira e orçamentária, nos termos do artigo 8º da Resolução nº 01, de 2002-CN.
2589912-39;2026-03-26;PLEN;81441;false;Rejeitada a preferência.
2589912-41;2026-03-26;PLEN;81441;true;Aprovada a Medida Provisória nº 1.326, de 2025, na forma do Projeto de Lei de Conversão.
2589912-43;2026-03-26;PLEN;81441;true;Aprovada a Emenda de Redação nº 1.
2589912-45;2026-03-26;PLEN;81441;true;Aprovada a Redação Final, assinada pelo relator, Dep. Rafael Prudente (MDB/DF).
2591059-27;2026-04-07;CPD;81336;true;Aprovado o Parecer.
2599771-24;2026-04-07;CPD;81336;true;Aprovado o Parecer.
2613020-2;2026-04-07;CPD;81336;true;Aprovado o Requerimento.
2613089-2;2026-04-07;CPD;81336;true;Aprovado o Requerimento.
2613195-2;2026-04-07;CPD;81336;true;Aprovado o Requerimento.
2599428-23;2026-04-07;CPD;81336;true;Aprovado o Parecer.
2599598-21;2026-04-07;CPD;81336;true;Aprovado o Parecer.
2600260-21;2026-04-07;CPD;81336;true;Aprovado o Parecer.
2601720-21;2026-04-07;CPD;81336;true;Aprovado o Parecer.
2407469-7;2026-04-07;PLEN;81519;true;Aprovado o Requerimento de Urgência (Art. 155 do RICD).
2398224-20;2026-04-07;PLEN;;true;Aprovado o requerimento nº 4107/2023,do Sr. Fred Costa, que solicita urgência (art. 155) para o PL 4820/2023.
2399623-20;2026-04-07;PLEN;;true;Aprovado o requerimento nº 4107/2023,do Sr. Fred Costa, que solicita urgência (art. 155) para o PL 4820/2023.
2398700-27;2026-04-07;PLEN;;true;Aprovado o requerimento nº 4107/2023,do Sr. Fred Costa, que solicita urgência (art. 155) para o PL 4820/2023.
2404726-20;2026-04-07;PLEN;;true;Aprovado o requerimento nº 4107/2023,do Sr. Fred Costa, que solicita urgência (art. 155) para o PL 4820/2023.
2418054-20;2026-04-07;PLEN;;true;Aprovado o requerimento nº 4107/2023,do Sr. Fred Costa, que solicita urgência (art. 155) para o PL 4820/2023.
2392934-64;2026-04-07;CCP;;true;Realizar o encaminhamento do PL-4820/2023 à CCJC (tramitação simultânea), em razão da aprovação de requerimento de urgência.
2392934-65;2026-04-07;CCP;;true;Realizar o encaminhamento do PL-4820/2023 à CFT (tramitação simultânea), em razão da aprovação de requerimento de urgência.
2392934-66;2026-04-07;PLEN;;true;Alteração do Regime de Tramitação desta proposição em virtude da Aprovação do REQ 4107/2023.
2398224-21;2026-04-07;PLEN;;true;Alteração do Regime de Tramitação desta proposição em virtude da alteração do regime do PL 4820/2023, por ter sido aprovado o REQ 4107/2023 que está apensado ao primeiro.
2398700-28;2026-04-07;PLEN;;true;Alteração do Regime de Tramitação desta proposição em virtude da alteração do regime do PL 4820/2023, por ter sido aprovado o REQ 4107/2023 que está apensado ao primeiro.
2399623-21;2026-04-07;PLEN;;true;Alteração do Regime de Tramitação desta proposição em virtude da alteração do regime do PL 4820/2023, por ter sido aprovado o REQ 4107/2023 que está apensado ao primeiro.
2404726-21;2026-04-07;PLEN;;true;Alteração do Regime de Tramitação desta proposição em virtude da alteração do regime do PL 4820/2023, por ter sido aprovado o REQ 4107/2023 que está apensado ao primeiro.
2418054-21;2026-04-07;PLEN;;true;Alteração do Regime de Tramitação desta proposição em virtude da alteração do regime do PL 4820/2023, por ter sido aprovado o REQ 4107/2023 que está apensado ao primeiro.
2428845-7;2026-04-07;PLEN;81519;true;Aprovado, por unanimidade, o Requerimento de Urgência (Art. 155 do RICD).
2434433-21;2026-04-07;PLEN;;true;Aprovado o requerimento nº 1306/2024,do Sr. Gilvan Maximo, que solicita urgência (art. 155) para o PL 1367/2024.
2428459-46;2026-04-07;CCP;;true;Realizar o encaminhamento do PL-1367/2024 à CCJC (tramitação simultânea), em razão da aprovação de requerimento de urgência.
2428459-47;2026-04-07;CCP;;true;Realizar o encaminhamento do PL-1367/2024 à CCJC (tramitação simultânea), em razão da aprovação de requerimento de urgência.
2428459-48;2026-04-07;CCP;;true;Realizar o encaminhamento do PL-1367/2024 à CE (tramitação simultânea), em razão da aprovação de requerimento de urgência.
2428459-49;2026-04-07;CCP;;true;Realizar o encaminhamento do PL-1367/2024 à CFT (tramitação simultânea), em razão da aprovação de requerimento de urgência.
2428459-50;2026-04-07;PLEN;;true;Alteração do Regime de Tramitação desta proposição em virtude da Aprovação do REQ 1306/2024.
2434433-22;2026-04-07;PLEN;;true;Alteração do Regime de Tramitação desta proposição em virtude da alteração do regime do PL 1367/2024, por ter sido aprovado o REQ 1306/2024 que está apensado ao primeiro.
2562289-8;2026-04-07;PLEN;81519;true;"Aprovado o Requerimento de Urgência (Art. 155 do RICD). Sim: 272; Não: 18; Total: 290."
2494487-35;2026-04-07;CCP;;true;Realizar o encaminhamento do PLP-80/2025 à CCJC (tramitação simultânea), em razão da aprovação de requerimento de urgência.
2566469-9;2026-04-07;PLEN;81519;true;Aprovado, por unanimidade, o Requerimento de Urgência (Art. 155 do RICD).
2417718-24;2026-04-07;PLEN;;true;Aprovado o requerimento nº 4019/2025,do Sr. Fred Costa, que solicita urgência (art. 155) para o PL 25/2024.
2417921-21;2026-04-07;PLEN;;true;Aprovado o requerimento nº 4019/2025,do Sr. Fred Costa, que solicita urgência (art. 155) para o PL 25/2024.
2423187-22;2026-04-07;PLEN;;true;Aprovado o requerimento nº 4019/2025,do Sr. Fred Costa, que solicita urgência (art. 155) para o PL 25/2024.
2575644-17;2026-04-07;PLEN;;true;Aprovado o requerimento nº 4019/2025,do Sr. Fred Costa, que solicita urgência (art. 155) para o PL 25/2024.
2423187-23;2026-04-07;PLEN;;true;Alteração do Regime de Tramitação desta proposição em virtude da alteração do regime do PL 25/2024, por ter sido aprovado o REQ 4019/2025 que está apensado ao primeiro.
2575644-18;2026-04-07;PLEN;;true;Alteração do Regime de Tramitação desta proposição em virtude da alteração do regime do PL 25/2024, por ter sido aprovado o REQ 4019/2025 que está apensado ao primeiro.
2417921-22;2026-04-07;PLEN;;true;Alteração do Regime de Tramitação desta proposição em virtude da alteração do regime do PL 25/2024, por ter sido aprovado o REQ 4019/2025 que está apensado ao primeiro.
2607072-8;2026-04-07;PLEN;81519;true;Aprovado o Requerimento de Urgência (Art. 155 do RICD).
2545048-18;2026-04-07;CCP;;true;Realizar o encaminhamento do PL-3984/2025 à CCJC (tramitação simultânea), em razão da aprovação de requerimento de urgência.
2545048-19;2026-04-07;CCP;;true;Realizar o encaminhamento do PL-3984/2025 à CCJC (tramitação simultânea), em razão da aprovação de requerimento de urgência.
2545048-20;2026-04-07;CCP;;true;Realizar o encaminhamento do PL-3984/2025 à CFT (tramitação simultânea), em razão da aprovação de requerimento de urgência.
2545048-21;2026-04-07;CCP;;true;Realizar o encaminhamento do PL-3984/2025 à CPASF (tramitação simultânea), em razão da aprovação de requerimento de urgência.
2610322-7;2026-04-07;PLEN;81519;true;Aprovado o Requerimento de Urgência (Art. 155 do RICD).
2611404-7;2026-04-07;PLEN;81519;true;Aprovado, por unanimidade, o Requerimento de Urgência (Art. 155 do RICD).
2611437-7;2026-04-07;PLEN;81519;true;Aprovado, por unanimidade, o Requerimento de Urgência (Art. 155 do RICD).
2566557-18;2026-04-07;CCP;;true;Realizar o encaminhamento do PL-4913/2025 à CCJC (tramitação simultânea), em razão da aprovação de requerimento de urgência.
2566557-19;2026-04-07;CCP;;true;Realizar o encaminhamento do PL-4913/2025 à CSAUDE (tramitação simultânea), em razão da aprovação de requerimento de urgência.
2566557-20;2026-04-07;CCP;;true;Realizar o encaminhamento do PL-4913/2025 à CPASF (tramitação simultânea), em razão da aprovação de requerimento de urgência.
2566557-21;2026-04-07;PLEN;;true;Alteração do Regime de Tramitação desta proposição em virtude da Aprovação do REQ 1592/2026.
2612447-7;2026-04-07;PLEN;81519;true;Aprovado, por unanimidade, o Requerimento de Urgência (Art. 155 do RICD).
2581700-26;2026-04-07;PLEN;81519;true;Aprovado, em apreciação preliminar, o Parecer da Comissão Mista, na parte em que manifesta opinião favorável quanto ao atendimento dos pressupostos constitucionais de relevância e urgência e de sua adequação financeira e orçamentária, nos termos do artigo 8º da Resolução nº 01, de 2002-CN.
2581700-28;2026-04-07;PLEN;81519;true;Aprovada a Medida Provisória nº 1.323, de 2025, na forma do Projeto de Lei de Conversão, ressalvado o destaque.
2581700-31;2026-04-07;PLEN;81519;;"Mantido o texto. Sim: 268; Não: 99; Total: 367."
2581700-33;2026-04-07;PLEN;81519;true;Aprovada a Redação Final, assinada pelo relator, Dep. Sidney Leite (PSD/AM).
2079783-99;2026-04-07;PLEN;81519;true;Aprovado o Projeto de Lei nº 4.768, de 2016.
2079783-101;2026-04-07;PLEN;81519;false;Rejeitada a Emenda nº 1 da Comissão de Educação.
2079783-103;2026-04-07;PLEN;81519;false;Rejeitada a Emenda nº 2 da Comissão de Educação.
481891-125;2026-04-07;PLEN;81519;true;Aprovada a Emenda do Senado Federal ao Projeto de Lei nº 7.536, de 2010.
344542-77;2026-04-07;PLEN;81519;true;Aprovado o Substitutivo ao Projeto de Lei nº 396, de 2007, da Comissão de Trabalho, de Administração e Serviço Público.
2503998-70;2026-04-07;PLEN;81519;false;"Rejeitado o Requerimento. Sim: 60; Não: 306; Total: 366."
344542-82;2026-04-07;PLEN;81519;true;Aprovadas as Subemendas da Comissão de Constituição e Justiça e de Cidadania ao Substitutivo.
2503998-75;2026-04-07;PLEN;81519;true;"Aprovado o Substitutivo ao Projeto de Lei Complementar nº 109, de 2025, adotado pelo relator da Comissão de Constituição e Justiça e de Cidadania. Sim: 381; Não: 2; Total: 383."
2503998-78;2026-04-07;PLEN;81519;true;Aprovada a Redação Final assinada pelo relator, Dep. Neto Carletto (AVANTE/BA).
2612585-2;2026-04-07;PEC23119;81450;true;Aprovado o Requerimento.
2611260-2;2026-04-07;CSPCCO;81428;true;Aprovado o Requerimento.
2611339-2;2026-04-07;CSPCCO;81428;true;Aprovado o Requerimento.
2611990-2;2026-04-07;CSPCCO;81428;true;Aprovado o Requerimento.
2612293-2;2026-04-07;CSPCCO;81428;true;Aprovado o Requerimento.
2612295-2;2026-04-07;CSPCCO;81428;true;Aprovado o Requerimento.
2612296-2;2026-04-07;CSPCCO;81428;true;Aprovado o Requerimento.
2613086-3;2026-04-07;CSPCCO;81428;true;Aprovado o Requerimento.
2613088-2;2026-04-07;CSPCCO;81428;true;Aprovado o Requerimento.
2613361-2;2026-04-07;CSPCCO;81428;true;Aprovado o Requerimento.
2613400-2;2026-04-07;CSPCCO;81428;true;Aprovado o Requerimento.
2613403-2;2026-04-07;CSPCCO;81428;true;Aprovado o Requerimento.
2613406-2;2026-04-07;CSPCCO;81428;true;Aprovado o Requerimento.
2613762-2;2026-04-07;CSPCCO;81428;true;Aprovado o Requerimento.
2573620-27;2026-04-07;CSPCCO;81428;true;Aprovado o Parecer.
2580888-29;2026-04-07;CSPCCO;81428;true;Aprovado o Parecer.
2611539-3;2026-04-07;CPOVOS;81477;true;Aprovado o Requerimento.
2613076-3;2026-04-07;CPOVOS;81477;true;Aprovado o Requerimento.
2358498-33;2026-04-07;CPOVOS;81477;true;Aprovado o Parecer.
2539064-32;2026-04-07;CSPCCO;81428;true;Aprovado o Parecer.
2613393-2;2026-04-07;PL308020;81454;true;Aprovado o Requerimento.
2557624-22;2026-04-07;CSPCCO;81428;true;Aprovado o Parecer.
2565846-25;2026-04-07;CSPCCO;81428;true;Aprovado o Parecer, com o voto contrário do Dep. Pastor Henrique Vieira.
2579952-26;2026-04-07;CSPCCO;81428;true;Aprovado o Parecer.
2611341-4;2026-04-07;CSPCCO;81428;true;Aprovado o Requerimento.
2611340-4;2026-04-07;CSPCCO;81428;true;Aprovado o Requerimento.
2613146-4;2026-04-08;CFT;81386;true;"Aprovado o Requerimento, com alterações: retirada dos convidados 3, 4, 6. Inclusão do representante de Frente Nacional dos Prefeitos; da Vereadora Adriana Souza de Contagem - MG, e representante da Controladoria Geral da União."
2611914-2;2026-04-08;CREDN;81483;true;Subscrito pelos deputados Carla Dickson (PL/RN), General Girão (PL/RN), Gustavo Gayer (PL/GO) e Sargento Fahur (PL/PR). Aprovado o Requerimento.
2612629-2;2026-04-08;CREDN;81483;true;Subscrito pelos deputados Carla Dickson (PL/RN), General Girão (PL/RN), Gustavo Gayer (PL/GO) e Sargento Fahur (PL/PR). Aprovado o Requerimento.
2612630-2;2026-04-08;CREDN;81483;true;Subscrito pelos deputados Carla Dickson (PL/RN), General Girão (PL/RN), Gustavo Gayer (PL/GO) e Sargento Fahur (PL/PR). Aprovado o Requerimento.
2612991-2;2026-04-08;CREDN;81483;true;Subscrito pelos deputados Carla Dickson (PL/RN), General Girão (PL/RN), General Pazuello (PL/RJ), Gustavo Gayer (PL/GO) e Sargento Fahur (PL/PR). Aprovado o Requerimento.
2613038-2;2026-04-08;CREDN;81483;true;Subscrito pelos deputados Carla Dickson (PL/RN), General Girão (PL/RN), General Pazuello (PL/RJ), Gustavo Gayer (PL/GO) e Sargento Fahur (PL/PR). Aprovado o Requerimento.
2613055-2;2026-04-08;CREDN;81483;true;Subscrito pelos deputados Carla Dickson (PL/RN), General Girão (PL/RN), General Pazuello (PL/RJ), Gustavo Gayer (PL/GO) e Sargento Fahur (PL/PR). Aprovado o Requerimento.
2487174-18;2026-04-08;CREDN;81483;true;Aprovado o Parecer.
2602930-18;2026-04-08;CREDN;81483;true;Aprovado o Parecer.
2582491-17;2026-04-08;CREDN;81483;true;Aprovado o Parecer.
2602842-18;2026-04-08;CREDN;81483;true;Aprovado o Parecer.
2526896-24;2026-04-08;CREDN;81483;true;Aprovado o Parecer, com o voto contrário do deputado Arlindo Chinaglia (PT/SP).
2553785-26;2026-04-08;CREDN;81483;true;Aprovado o Parecer, com o voto contrário do deputado Arlindo Chinaglia (PT/SP).
2612571-2;2026-04-08;CSAUDE;81426;true;Aprovado o Requerimento.
2612681-2;2026-04-08;CSAUDE;81426;true;Aprovado o Requerimento.
2613010-2;2026-04-08;CSAUDE;81426;true;Aprovado o Requerimento.
2613168-2;2026-04-08;CSAUDE;81426;true;Aprovado o Requerimento.
2613329-2;2026-04-08;CSAUDE;81426;true;Aprovado o Requerimento.
2613398-2;2026-04-08;CSAUDE;81426;true;Aprovado o Requerimento.
2613399-2;2026-04-08;CSAUDE;81426;true;Aprovado o Requerimento.
2613551-2;2026-04-08;CSAUDE;81426;true;Aprovado o Requerimento.
2612344-2;2026-04-08;CSAUDE;81426;true;Aprovado o Requerimento, com alteração para incluir a Sra. Patrícia Vieira de Luca, Diretora do Grupo Advocacy em Cardiovascular, a pedido da Deputada Silvia Cristina.
2580912-23;2026-04-08;CSAUDE;81426;true;Aprovado o Parecer.
2523836-28;2026-04-08;CSAUDE;81426;true;Aprovado o Parecer.
2360730-30;2026-04-08;CSAUDE;81426;true;Aprovado o Parecer.
2466085-32;2026-04-08;CSAUDE;81426;true;Aprovado o Parecer.
2442998-31;2026-04-08;CSAUDE;81426;true;Aprovado o Parecer.
2561198-24;2026-04-08;CSAUDE;81426;true;Aprovado o Parecer.
2577143-21;2026-04-08;CSAUDE;81426;true;Aprovado o Parecer.
2554345-27;2026-04-08;CSAUDE;81426;true;Aprovado o Parecer.
2398336-22;2026-04-08;CSAUDE;81426;true;Aprovado o Parecer.
2513325-35;2026-04-08;CSAUDE;81426;true;Aprovado o Parecer.
2611001-3;2026-04-08;CMADS;81451;true;Aprovado o Requerimento.
2611002-2;2026-04-08;CMADS;81451;true;Aprovado o Requerimento.
2611537-2;2026-04-08;CMADS;81451;true;Aprovado o Requerimento.
2611538-2;2026-04-08;CMADS;81451;true;Aprovado o Requerimento.
2612403-2;2026-04-08;CMADS;81451;true;Aprovado o Requerimento.
2613090-3;2026-04-08;CMADS;81451;true;Aprovado o Requerimento.
2613103-2;2026-04-08;CMADS;81451;true;Aprovado o Requerimento.
2613265-2;2026-04-08;CMADS;81451;true;Aprovado o Requerimento.
2613368-2;2026-04-08;CMADS;81451;true;Aprovado o Requerimento.
2613369-3;2026-04-08;CMADS;81451;true;Aprovado o Requerimento.
2613429-2;2026-04-08;CMADS;81451;true;Aprovado o Requerimento.
2589374-21;2026-04-08;CMADS;81451;true;Aprovado o Parecer.
2480646-23;2026-04-08;CMADS;81451;true;Aprovado o Parecer.
2612570-3;2026-04-08;CMADS;81451;true;Aprovado o Requerimento, com alteração para que a audiência seja feita em conjunto com a Comissão de Meio Ambiente do Senado Federal, a pedido do Deputado Fernando Mineiro.
2610258-2;2026-04-08;CE;81366;true;Aprovado o Requerimento.
2610936-2;2026-04-08;CE;81366;true;Aprovado o Requerimento, com a inclusão no rol dos convidados, a pedido da Deputada Socorro Neri, dos representantes da Associação Médica Brasileira (AMB) e da Confederação Nacional dos Estabelecimentos de Ensino.
2611049-2;2026-04-08;CE;81366;true;Aprovado o Requerimento
2611291-2;2026-04-08;CE;81366;true;Aprovado o Requerimento, com a inclusão no rol dos convidados, a pedido da Deputada Socorro Neri, da Professora Shyrlei Roseno, doutora em Educação pela UNIRIO.
2611458-2;2026-04-08;CE;81366;true;Aprovado o Requerimento.
2611803-2;2026-04-08;CE;81366;true;Aprovado o Requerimento.
2612558-2;2026-04-08;CE;81366;true;Aprovado o Requerimento.
2612560-2;2026-04-08;CE;81366;true;Aprovado o Requerimento.
2612911-2;2026-04-08;CE;81366;true;Aprovado o Requerimento.
2526723-26;2026-04-08;CE;81366;true;Aprovado o Parecer da Relatora, Deputada Franciane Bayer (Republicanos -RS)
2611620-2;2026-04-08;CFFC;81499;true;Aprovado o Requerimento.
2611621-2;2026-04-08;CFFC;81499;true;Aprovado o Requerimento.
2603666-2;2026-04-08;CFFC;81499;true;Aprovado o Requerimento.
2324518-37;2026-04-08;CMADS;81451;true;Aprovado o Parecer.
2599998-21;2026-04-08;CVT;81498;true;Aprovado o Parecer.
2613540-2;2026-04-08;CFFC;81499;true;Aprovado o Requerimento.
2605339-2;2026-04-08;CFFC;81499;true;Aprovado o Requerimento.
2582478-19;2026-04-08;CVT;81498;true;Aprovado o Parecer.
2613440-2;2026-04-08;CINDRE;81347;true;Aprovado, subscrito pela Deputada Socorro Neri.
2613538-2;2026-04-08;CINDRE;81347;true;Aprovado, subscrito pela Deputada Socorro Neri.
2613571-2;2026-04-08;CINDRE;81347;true;Aprovado, subscrito pela Deputada Socorro Neri.
2461959-44;2026-04-08;CMADS;81451;true;Aprovado o Parecer com Complementação de Voto.
2285726-37;2026-04-08;CDE;81410;true;Aprovado o Parecer.
2214872-49;2026-04-08;CE;81366;true;Aprovado o Parecer do Relator, Deputado Diego Garcia (Republicanos-PR).
533105-141;2026-04-08;CCJC;81399;true;Aprovada a Redação Final.
2234587-77;2026-04-08;CCJC;81399;true;Aprovada a Redação Final.
2356977-52;2026-04-08;CCJC;81399;true;Aprovada a Redação Final.
2532228-31;2026-04-08;CCJC;81399;true;Aprovada a Redação Final.
2532254-32;2026-04-08;CCJC;81399;true;Aprovada a Redação Final.
2532283-32;2026-04-08;CCJC;81399;true;Aprovada a Redação Final.
2532285-32;2026-04-08;CCJC;81399;true;Aprovada a Redação Final.
2535333-33;2026-04-08;CCJC;81399;true;Aprovada a Redação Final.
2535334-35;2026-04-08;CCJC;81399;true;Aprovada a Redação Final.
2547286-37;2026-04-08;CCJC;81399;true;Aprovada a Redação Final.
2547287-37;2026-04-08;CCJC;81399;true;Aprovada a Redação Final.
2547310-37;2026-04-08;CCJC;81399;true;Aprovada a Redação Final.
2565009-32;2026-04-08;CCJC;81399;true;Aprovada a Redação Final.
2462449-29;2026-04-08;CMADS;81451;true;Aprovado o Parecer.
2474116-25;2026-04-08;CCJC;81399;true;Aprovado o Parecer.
2532288-19;2026-04-08;CCJC;81399;true;Aprovado o Parecer.
2560628-17;2026-04-08;CCJC;81399;true;Aprovado o Parecer.
2566822-17;2026-04-08;CCJC;81399;true;Aprovado o Parecer.
2583506-17;2026-04-08;CCJC;81399;true;Aprovado o Parecer.
2604961-17;2026-04-08;CCJC;81399;true;Aprovado o Parecer.
2610560-2;2026-04-08;CCTI;81513;true;Aprovado o Requerimento.
2610561-2;2026-04-08;CCTI;81513;true;Aprovado o Requerimento.
2613401-2;2026-04-08;CCTI;81513;true;Aprovado o Requerimento.
2589020-42;2026-04-08;CVT;81498;true;Aprovado o Parecer.
2341099-34;2026-04-08;CINDRE;81347;true;Aprovado o Parecer.
2613101-2;2026-04-08;CVT;81498;true;Aprovado o Requerimento.
2613474-2;2026-04-08;CVT;81498;true;Aprovado o Requerimento.
2384535-49;2026-04-08;CFT;81386;true;Aprovado o Parecer.
2403834-59;2026-04-08;CFT;81386;true;Aprovado o Parecer.
2492279-37;2026-04-08;CFT;81386;true;Aprovado o Parecer.
2253782-39;2026-04-08;CE;81366;true;Aprovado o Parecer do Relator, Deputado Diego Garcia (Republicanos-PR)
2368833-37;2026-04-08;CVT;81498;true;Aprovado o Parecer.
2611322-2;2026-04-08;CTRAB;81468;true;Aprovado o Requerimento.
2612618-2;2026-04-08;CTRAB;81468;true;Aprovado o Requerimento.
2210118-36;2026-04-08;CFT;81386;true;Aprovado o Parecer.
2403022-40;2026-04-08;CINDRE;81347;true;Aprovado o Parecer.
2443622-32;2026-04-08;CVT;81498;true;Aprovado o Parecer.
2197029-61;2026-04-08;CTRAB;81468;true;Aprovado o Parecer.
2300605-50;2026-04-08;CE;81366;true;Aprovado o Parecer do Deputado Ismael (PSD-SC).
2611651-3;2026-04-08;CFT;81386;true;Aprovado o Requerimento com alteração: Inclusão do representante da Organização das Cooperativas Brasileiras (OCB).
2612641-3;2026-04-08;CFT;81386;true;Aprovado o Requerimento.
2207821-73;2026-04-08;CCTI;81513;true;Aprovado o Parecer.
2268893-48;2026-04-08;CVT;81498;true;Aprovado o Parecer.
2494527-24;2026-04-08;CE;81366;true;Aprovado o Parecer do Relator, Deputado Sidney Leite (PSD-AM)
2519699-21;2026-04-08;CINDRE;81347;true;Aprovado o Parecer.
2204486-68;2026-04-08;CDU;81422;true;Aprovado o Parecer.
2536735-24;2026-04-08;CE;81366;true;Aprovado o Parecer do Relaror, Deputado Ismael (PSD-SC).
2303621-30;2026-04-08;CVT;81498;true;Aprovado o Parecer.
2538950-27;2026-04-08;CDE;81410;true;Aprovado o Parecer.
2532645-27;2026-04-08;CE;81366;true;Aprovado o Parecer da Relatora, Deputada Silvia Cristina (PP-RO)
2495071-23;2026-04-08;CDU;81422;true;Aprovado o Parecer.
2471984-26;2026-04-08;CTRAB;81468;true;Aprovado o Parecer.
2313453-34;2026-04-08;CVT;81498;true;Aprovado o Parecer.
2445849-39;2026-04-08;CCTI;81513;true;Aprovado o Parecer.
2531682-24;2026-04-08;CTRAB;81468;true;Aprovado o Parecer.
2528383-38;2026-04-08;CDU;81422;true;Aprovado o Parecer.
2333787-43;2026-04-08;CVT;81498;true;Aprovado o Parecer.
2302856-38;2026-04-08;CDE;81410;true;Aprovado o Parecer.
2551088-21;2026-04-08;CTRAB;81468;true;Aprovado o Parecer.
2470545-24;2026-04-08;CCTI;81513;true;Aprovado o Parecer.
2351844-36;2026-04-08;CVT;81498;true;Aprovado o Parecer.
2358005-23;2026-04-08;CVT;81498;true;Aprovado o Parecer.
2322564-23;2026-04-08;CDU;81422;true;Aprovado o Parecer.
2482135-25;2026-04-08;CCTI;81513;true;Aprovado o Parecer.
2582540-22;2026-04-08;CAPADR;81453;true;Aprovado o Parecer.
2367045-26;2026-04-08;CVT;81498;true;Aprovado o Parecer.
2398549-50;2026-04-08;CDC;81354;true;Aprovado o Parecer.
2482574-26;2026-04-08;CCTI;81513;true;Aprovado o Parecer.
2399189-30;2026-04-08;CE;81366;true;Aprovado o Parecer do Relator, Deputado Pedro Uczai (PT-SC).
2496951-26;2026-04-08;CDC;;true;Aprovado o requerimento nº 13/2026,do Sr. Jorge Braz que requer a realização de audiência pública para debater as regras gerais relativas à cobrança de diárias em meios de hospedagem.
2535610-22;2026-04-08;CCTI;81513;true;Aprovado o Parecer.
2608272-2;2026-04-08;CAPADR;81453;true;Aprovado o Requerimento.
2610657-2;2026-04-08;CAPADR;81453;true;Aprovado o Requerimento.
2610857-2;2026-04-08;CAPADR;81453;true;Aprovado o Requerimento.
2611151-2;2026-04-08;CAPADR;81453;true;Aprovado o Requerimento.
2611155-2;2026-04-08;CAPADR;81453;true;Aprovado o Requerimento.
2611259-2;2026-04-08;CAPADR;81453;true;Aprovado o Requerimento.
2611660-2;2026-04-08;CAPADR;81453;true;Aprovado o Requerimento.
2613063-2;2026-04-08;CAPADR;81453;true;Aprovado o Requerimento.
2612327-2;2026-04-08;CDE;81410;true;Aprovado o Requerimento, com convite ao Prefeito de Garanhuns, senhor Silvado Albino, em substituição ao convite à Diretora Regional do SENAI-PE, senhora Camila Barreto.
2613447-3;2026-04-08;CDC;81354;true;Aprovado o Requerimento com inclusão da Secretaria Nacional do Consumidor - Senacon.
2551319-22;2026-04-08;CVT;81498;true;Aprovado o Parecer.
2431461-29;2026-04-08;CDU;81422;true;Aprovado o Parecer.
2449384-36;2026-04-08;CVT;81498;true;Aprovado o Parecer.
2524913-26;2026-04-08;CFT;81386;true;Aprovado o Parecer.
2449764-26;2026-04-08;CVT;81498;true;Aprovado o Parecer.
2549061-25;2026-04-08;CCTI;81513;true;Aprovado o Parecer.
2613449-6;2026-04-08;CDC;81354;true;Aprovado o Requerimento, com alteração para incluir a Confederação Nacional do Comércio Bens, Serviços e Turismo - CNC.
2613463-3;2026-04-08;CDC;81354;true;Aprovado o Requerimento, com alteração para incluir a Confederação Nacional do Comércio Bens, Serviços e Turismo - CNC e excluir o convidado número 6.
2482531-23;2026-04-08;CVT;81498;true;Aprovado o Parecer.
2563287-25;2026-04-08;CAPADR;81453;true;Aprovado o Parecer, contra os votos dos Deputados João Daniel, Paulo Teixeira e Welter.
2608233-2;2026-04-08;CAPADR;81453;true;Aprovado o Requerimento, contra os votos dos Deputados João Daniel, Paulo Teixeira e Welter.
2565824-24;2026-04-08;CDU;81422;true;Aprovado o Parecer.
2575302-22;2026-04-08;CCTI;81513;true;Aprovado o Parecer.
949219-114;2026-04-08;CDC;81354;true;Aprovado o Parecer, apresentou voto em separado o Deputado Gilson Marques.
2581843-21;2026-04-08;CVT;81498;true;Aprovado o Parecer.
2422071-42;2026-04-08;CDC;81354;true;Aprovado o Parecer.
2428199-35;2026-04-08;CDC;81354;true;Aprovado o Parecer.
2462493-42;2026-04-08;CDC;81354;true;Aprovado o Parecer, apresentou voto em separado o Deputado Gilson Marques.
2472131-22;2026-04-08;CDC;81354;true;Aprovado o Parecer.
2613402-3;2026-04-08;CCTI;81513;true;Aprovado o Requerimento.
2458050-21;2026-04-08;CCJC;81399;true;Aprovado o Parecer.
2410357-22;2026-04-08;CCJC;81399;true;Aprovado o Parecer.
2482649-19;2026-04-08;CCJC;81399;true;Aprovado o Parecer.
2271826-66;2026-04-08;CCJC;81399;true;Aprovado o Parecer.
2348385-23;2026-04-08;CCJC;81399;true;Aprovado o Parecer.
2355307-40;2026-04-08;CCJC;81399;true;Aprovado o Parecer.
2348972-43;2026-04-08;CCJC;81399;false;"Rejeitado o Requerimento de Retirada de Pauta. Resultado: 20 votos ""Sim"", 22 votos ""Não"". Quórum de votação: 42 votos."
2348972-48;2026-04-08;CCJC;81399;true;"Aprovado o Parecer com o seguinte resultado: 28 votos ""Sim"", 23 votos ""Não"". Quórum de votação: 51 votos."
2608575-29;2026-04-08;CESPO;81456;true;Aprovado o Parecer.
2592088-23;2026-04-08;CESPO;81456;true;Aprovado o Parecer.
2599439-23;2026-04-08;CESPO;81456;true;Aprovado o Parecer.
2611486-2;2026-04-08;CESPO;81456;true;Aprovado o Requerimento.
2610967-2;2026-04-08;CESPO;81456;true;Aprovado o Requerimento.
2611488-2;2026-04-08;CESPO;81456;true;Aprovado o Requerimento.
2612541-2;2026-04-08;CESPO;81456;true;Aprovado o Requerimento.
2612705-2;2026-04-08;CESPO;81456;true;Aprovado o Requerimento.
2501704-21;2026-04-08;CESPO;81456;true;Aprovado o Parecer.
2423091-31;2026-04-08;CESPO;81456;true;Aprovado o Parecer.
2572560-27;2026-04-08;CESPO;81456;true;Aprovado o Parecer.
2599591-21;2026-04-08;CESPO;81456;true;Aprovado o Parecer.
2611528-3;2026-04-08;CIDOSO;81509;true;Aprovado o Requerimento.
2611752-3;2026-04-08;CIDOSO;81509;true;Aprovado o Requerimento.
2613067-3;2026-04-08;CIDOSO;81509;true;Aprovado o Requerimento.
2583307-31;2026-04-08;CIDOSO;81509;true;Aprovado o Parecer.
2502884-23;2026-04-08;CIDOSO;81509;true;Aprovado o Parecer.
2605058-2;2026-04-08;CCULT;81423;true;Aprovado o Requerimento, com alteração de convocação para convite.
2611916-2;2026-04-08;CCULT;81423;true;Subscreveu o requerimento a Dep. Benedita da Silva. Aprovado o Requerimento.
2611970-2;2026-04-08;CCULT;81423;true;Subscreveu o requerimento a Dep. Benedita da Silva. Aprovado o Requerimento.
2612425-2;2026-04-08;CCULT;81423;true;Subscreveu o requerimento a Dep. Benedita da Silva. Aprovado o Requerimento.
2481731-23;2026-04-08;CTUR;81379;true;Aprovado o Parecer.
2481758-22;2026-04-08;CTUR;81379;true;Aprovado o Parecer.
2551091-21;2026-04-08;CCULT;81423;true;Aprovado o Parecer.
2465249-22;2026-04-08;CCULT;81423;true;Aprovado o Parecer.
2499463-21;2026-04-08;CTUR;81379;true;Aprovado o Parecer.
2609634-2;2026-04-08;CCULT;81423;true;Aprovado o Requerimento.
2613198-2;2026-04-08;CCULT;81423;true;Aprovado o Requerimento.
2565923-22;2026-04-08;CCULT;81423;true;Aprovado o Parecer.
2610618-3;2026-04-08;CTUR;81379;true;Aprovado o Requerimento.
2557617-38;2026-04-08;CCULT;81423;true;Aprovado o Parecer.
616776-76;2026-04-08;CCULT;81423;true;Aprovado o Parecer.
2481300-20;2026-04-08;CCULT;81423;false;Rejeitado o Requerimento de Retirada de Pauta apresentado pelo Dep. Cabo Gilberto.
2481300-22;2026-04-08;CCULT;81423;false;Rejeitado o Requerimento de Votação Nominal do Requerimento de Retirada de Pauta apresentado pelo Dep. Cabo Gilberto.
2481300-23;2026-04-08;CCULT;81423;true;Aprovado o Parecer.
2477369-24;2026-04-08;CCULT;81423;true;Aprovado o Parecer.
2408798-24;2026-04-08;CCULT;81423;true;Aprovado o Parecer.
2473856-36;2026-04-08;CCULT;81423;true;Aprovado o Parecer.
2486128-22;2026-04-08;CCULT;81423;true;Aprovado o Parecer.
2551205-22;2026-04-08;CCULT;81423;true;Aprovado o Parecer.
2553910-22;2026-04-08;CCULT;81423;true;Aprovado o Parecer.
2520875-25;2026-04-08;CCULT;81423;true;Aprovado o Parecer.
2482294-24;2026-04-08;CMULHER;81385;true;Aprovado o Parecer.
2579221-8;2026-04-08;PLEN;81545;true;Aprovado o Requerimento de Urgência (Art. 155 do RICD).
2423883-28;2026-04-08;PLEN;;true;Aprovado o requerimento nº 4607/2025,do Sr. Sidney Leite, que solicita urgência (art. 155) para o PL 539/2024.
2442502-26;2026-04-08;PLEN;;true;Aprovado o requerimento nº 4607/2025,do Sr. Sidney Leite, que solicita urgência (art. 155) para o PL 539/2024.
2459614-19;2026-04-08;PLEN;;true;Aprovado o requerimento nº 4607/2025,do Sr. Sidney Leite, que solicita urgência (art. 155) para o PL 539/2024.
2430027-20;2026-04-08;PLEN;;true;Aprovado o requerimento nº 4607/2025,do Sr. Sidney Leite, que solicita urgência (art. 155) para o PL 539/2024.
2419185-43;2026-04-08;CCP;;true;Realizar o encaminhamento do PL-539/2024 à CCJC (tramitação simultânea), em razão da aprovação de requerimento de urgência.
2419185-44;2026-04-08;CCP;;true;Realizar o encaminhamento do PL-539/2024 à CVT (tramitação simultânea), em razão da aprovação de requerimento de urgência.
2419185-45;2026-04-08;CCP;;true;Realizar o encaminhamento do PL-539/2024 à CREDN (tramitação simultânea), em razão da aprovação de requerimento de urgência.
2419185-46;2026-04-08;PLEN;;true;Alteração do Regime de Tramitação desta proposição em virtude da Aprovação do REQ 4607/2025.
2423883-29;2026-04-08;PLEN;;true;Alteração do Regime de Tramitação desta proposição em virtude da alteração do regime do PL 539/2024, por ter sido aprovado o REQ 4607/2025 que está apensado ao primeiro.
2430027-21;2026-04-08;PLEN;;true;Alteração do Regime de Tramitação desta proposição em virtude da alteração do regime do PL 539/2024, por ter sido aprovado o REQ 4607/2025 que está apensado ao primeiro.
2459614-20;2026-04-08;PLEN;;true;Alteração do Regime de Tramitação desta proposição em virtude da alteração do regime do PL 539/2024, por ter sido aprovado o REQ 4607/2025 que está apensado ao primeiro.
2442502-27;2026-04-08;PLEN;;true;Alteração do Regime de Tramitação desta proposição em virtude da alteração do regime do PL 539/2024, por ter sido aprovado o REQ 4607/2025 que está apensado ao primeiro.
2606361-8;2026-04-08;PLEN;81545;true;Aprovado o Requerimento de Urgência (Art. 155 do RICD).
2609895-8;2026-04-08;PLEN;81545;true;Aprovado o Requerimento de Urgência (Art. 155 do RICD).
2487836-25;2026-04-08;CCP;;true;Realizar o encaminhamento do PL-1123/2025 à CCJC (tramitação simultânea), em razão da aprovação de requerimento de urgência.
2162116-161;2026-04-08;PLEN;81545;false;"Rejeitado o Requerimento. Sim: 36; Não: 409; Total: 445."
2162116-165;2026-04-08;PLEN;81545;true;Aprovada a Preferência.
2162116-169;2026-04-08;PLEN;81545;true;"Aprovada, em primeiro turno, a Proposta de Emenda à Constituição nº 383, de 2017, na forma da Emenda Aglutinativa nº 2. Sim: 464; Não: 16; Total: 480."
2483732-60;2026-04-08;PLEN;81545;true;Aprovado o Substitutivo ao Projeto de Lei nº 399, de 2025, adotado pelo relator da Comissão de Minas e Energia, ressalvados os destaques.
2483732-64;2026-04-08;PLEN;81545;;Mantido o texto.
2483732-66;2026-04-08;PLEN;81545;false;Rejeitada a Emenda de Plenário nº 7.
2483732-69;2026-04-08;PLEN;81545;true;Aprovada a Redação Final assinada pelo relator, Dep. Alceu Moreira (MDB/RS).
2377163-22;2026-04-08;CDHMIR;81525;true;Aprovado o Parecer.
2401672-22;2026-04-08;CDHMIR;81525;true;Aprovado o Parecer.
2306430-34;2026-04-08;CDHMIR;81525;true;Aprovado o Parecer.
2348293-28;2026-04-08;CDHMIR;81525;true;Aprovado o Parecer.
2349647-41;2026-04-08;CDHMIR;81525;true;Aprovado o Parecer.
2404314-26;2026-04-08;CDHMIR;81525;true;Aprovado o Parecer.
2611729-2;2026-04-08;CPASF;81437;true;Aprovado o Requerimento.
2541214-25;2026-04-08;CDHMIR;81525;true;Aprovado o Parecer.
2376556-45;2026-04-08;CPASF;81437;true;Aprovado o Parecer.
2189943-96;2026-04-08;CPASF;81437;true;Aprovado o Parecer.
2494547-24;2026-04-08;CPASF;81437;true;Aprovado o Parecer.
2214008-72;2026-04-08;CPASF;81437;true;Aprovado o Parecer.
2308663-52;2026-04-08;CPASF;81437;true;Aprovado o Parecer.
2597111-20;2026-04-08;CCOM;81369;true;Aprovado o Parecer.
2611783-2;2026-04-08;PL808514;81460;true;Aprovado o Requerimento.
2613695-2;2026-04-08;PL808514;81460;true;Aprovado o Requerimento.
2611783-3;2026-04-08;PL808514;81460;true;Aprovado o Requerimento.
2613698-2;2026-04-08;PL808514;81460;true;Aprovado o Requerimento.
2613753-2;2026-04-08;PL808514;81460;true;Aprovado o Requerimento.
2611784-2;2026-04-08;PL808514;81460;true;Aprovado o Requerimento.
2335245-66;2026-04-08;CPASF;81437;true;Aprovado o Parecer.
2446988-18;2026-04-08;CCOM;81369;true;Aprovado o Parecer.
2449733-18;2026-04-08;CCOM;81369;true;Aprovado o Parecer.
2450861-24;2026-04-08;CCOM;81369;true;Aprovado o Parecer.
2450865-26;2026-04-08;CCOM;81369;true;Aprovado o Parecer.
2466561-26;2026-04-08;CCOM;81369;true;Aprovado o Parecer.
2466563-26;2026-04-08;CCOM;81369;true;Aprovado o Parecer.
2466565-26;2026-04-08;CCOM;81369;true;Aprovado o Parecer.
2466567-26;2026-04-08;CCOM;81369;true;Aprovado o Parecer.
2467393-26;2026-04-08;CCOM;81369;true;Aprovado o Parecer.
2481912-37;2026-04-08;CCOM;81369;true;Aprovado o Parecer.
2481962-26;2026-04-08;CCOM;81369;true;Aprovado o Parecer.
2483009-26;2026-04-08;CCOM;81369;true;Aprovado o Parecer.
2483011-26;2026-04-08;CCOM;81369;true;Aprovado o Parecer.
2483630-24;2026-04-08;CCOM;81369;true;Aprovado o Parecer.
2483645-24;2026-04-08;CCOM;81369;true;Aprovado o Parecer.
2483662-26;2026-04-08;CCOM;81369;true;Aprovado o Parecer.
2486030-24;2026-04-08;CCOM;81369;true;Aprovado o Parecer.
2486032-24;2026-04-08;CCOM;81369;true;Aprovado o Parecer.
2487940-24;2026-04-08;CCOM;81369;true;Aprovado o Parecer.
2490335-27;2026-04-08;CCOM;81369;true;Aprovado o Parecer.
2490366-25;2026-04-08;CCOM;81369;true;Aprovado o Parecer.
2495109-26;2026-04-08;CCOM;81369;true;Aprovado o Parecer.
2495114-29;2026-04-08;CCOM;81369;true;Aprovado o Parecer.
2498478-24;2026-04-08;CCOM;81369;true;Aprovado o Parecer.
2500754-24;2026-04-08;CCOM;81369;true;Aprovado o Parecer.
2500756-24;2026-04-08;CCOM;81369;true;Aprovado o Parecer.
2500760-24;2026-04-08;CCOM;81369;true;Aprovado o Parecer.
2500762-24;2026-04-08;CCOM;81369;true;Aprovado o Parecer.
2502846-24;2026-04-08;CCOM;81369;true;Aprovado o Parecer.
2504436-24;2026-04-08;CCOM;81369;true;Aprovado o Parecer.
2504444-24;2026-04-08;CCOM;81369;true;Aprovado o Parecer.
2504457-24;2026-04-08;CCOM;81369;true;Aprovado o Parecer.
2504477-24;2026-04-08;CCOM;81369;true;Aprovado o Parecer.
2504522-27;2026-04-08;CCOM;81369;true;Aprovado o Parecer.
2504526-24;2026-04-08;CCOM;81369;true;Aprovado o Parecer.
2504532-24;2026-04-08;CCOM;81369;true;Aprovado o Parecer.
2504534-24;2026-04-08;CCOM;81369;true;Aprovado o Parecer.
2508143-24;2026-04-08;CCOM;81369;true;Aprovado o Parecer.
2508146-24;2026-04-08;CCOM;81369;true;Aprovado o Parecer.
2508151-24;2026-04-08;CCOM;81369;true;Aprovado o Parecer.
2508155-24;2026-04-08;CCOM;81369;true;Aprovado o Parecer.
2508158-24;2026-04-08;CCOM;81369;true;Aprovado o Parecer.
2508161-24;2026-04-08;CCOM;81369;true;Aprovado o Parecer.
2508165-26;2026-04-08;CCOM;81369;true;Aprovado o Parecer.
2508168-24;2026-04-08;CCOM;81369;true;Aprovado o Parecer.
2515778-24;2026-04-08;CCOM;81369;true;Aprovado o Parecer.
2515781-24;2026-04-08;CCOM;81369;true;Aprovado o Parecer.
2515786-24;2026-04-08;CCOM;81369;true;Aprovado o Parecer.
2515839-30;2026-04-08;CCOM;81369;true;Aprovado o Parecer.
2518250-24;2026-04-08;CCOM;81369;true;Aprovado o Parecer.
2520911-30;2026-04-08;CCOM;81369;true;Aprovado o Parecer.
2566925-24;2026-04-08;CCOM;81369;true;Aprovado o Parecer.
2575196-24;2026-04-08;CCOM;81369;true;Aprovado o Parecer.
2531512-38;2026-04-08;CCOM;81369;true;Aprovado o Parecer.
2358632-42;2026-04-08;CPASF;81437;true;Aprovado o Parecer.
2467597-37;2026-04-08;CPASF;81437;true;Aprovado o Parecer com Complementação de Voto, apresentou voto em separado o Deputado Silvio Antonio.
2610966-2;2026-04-08;CDHMIR;81526;true;Aprovado o Requerimento.
2613135-2;2026-04-08;CDHMIR;81526;true;Aprovado o Requerimento.
2613136-2;2026-04-08;CDHMIR;81526;true;Aprovado o Requerimento.
2613137-2;2026-04-08;CDHMIR;81526;true;Aprovado o Requerimento.
2613139-2;2026-04-08;CDHMIR;81526;true;Aprovado o Requerimento.
2613416-2;2026-04-08;CDHMIR;81526;true;Aprovado o Requerimento.
2613587-2;2026-04-08;CDHMIR;81526;true;Aprovado o Requerimento.
2613588-2;2026-04-08;CDHMIR;81526;true;Aprovado o Requerimento.
2613593-2;2026-04-08;CDHMIR;81526;true;Aprovado o Requerimento.
2613591-3;2026-04-08;CDHMIR;81526;true;Aprovado o Requerimento, com alteração para incluir representantes da FIAN Brasil, Ação da Cidadania e Associação Brasileira para o Estudo da Obesidade e Síndrome Metabólica.
2581700-52;2026-04-09;PLEN;81588;false;Rejeitadas as Emendas do Senado Federal ao Projeto de Lei de Conversão nº 1, de 2026.
2609897-8;2026-04-09;PLEN;81588;true;Aprovado, por unanimidade, o Requerimento de Urgência (Art. 155 do RICD).
2539048-22;2026-04-09;CCP;;true;Realizar o encaminhamento do PL-3652/2025 à CCJC (tramitação simultânea), em razão da aprovação de requerimento de urgência.
2539048-23;2026-04-09;CCP;;true;Realizar o encaminhamento do PL-3652/2025 à CFT (tramitação simultânea), em razão da aprovação de requerimento de urgência.
2539048-24;2026-04-09;PLEN;;true;Alteração do Regime de Tramitação desta proposição em virtude da Aprovação do REQ 1472/2026.
2614675-21;2026-04-13;CFT;81544;true;"Aprovado o parecer do Relator. SIM - 37 votos; NÃO - 0; BRANCOS - 0."
2614902-2;2026-04-14;CPOVOS;81541;true;Aprovado o Requerimento.
2615366-2;2026-04-14;CPOVOS;81541;true;Aprovado o Requerimento.
2615185-2;2026-04-14;CPOVOS;81541;true;Aprovado o Requerimento, com alteração para incluir a liderança indígena do povo Anacé, a pedido da Deputada Sonia Guajajara.
2615368-2;2026-04-14;CPOVOS;81541;true;Aprovado o Requerimento.
2388126-42;2026-04-14;CPOVOS;81541;true;Aprovado o Parecer.
2613626-3;2026-04-14;CSPCCO;81543;true;Aprovado o Requerimento.
2613627-3;2026-04-14;CSPCCO;81543;true;Aprovado o Requerimento.
2614347-3;2026-04-14;CSPCCO;81543;true;Aprovado o Requerimento.
2614837-3;2026-04-14;CSPCCO;81543;true;Aprovado o Requerimento.
2614859-3;2026-04-14;CSPCCO;81543;true;Aprovado o Requerimento.
2615146-3;2026-04-14;CSPCCO;81543;true;Aprovado o Requerimento.
2615147-3;2026-04-14;CSPCCO;81543;true;Aprovado o Requerimento.
2615148-3;2026-04-14;CSPCCO;81543;true;Aprovado o Requerimento.
2615353-3;2026-04-14;CSPCCO;81543;true;Aprovado o Requerimento.
2615360-3;2026-04-14;CSPCCO;81543;true;Aprovado o Requerimento.
2615362-3;2026-04-14;CSPCCO;81543;true;Aprovado o Requerimento.
2615403-3;2026-04-14;CSPCCO;81543;true;Aprovado o Requerimento.
2615406-3;2026-04-14;CSPCCO;81543;true;Aprovado o Requerimento.
2615407-3;2026-04-14;CSPCCO;81543;true;Aprovado o Requerimento.
2615667-3;2026-04-14;CSPCCO;81543;true;Aprovado o Requerimento.
2615720-3;2026-04-14;CSPCCO;81543;true;Aprovado o Requerimento.
2615721-5;2026-04-14;CSPCCO;81543;true;Aprovado o Requerimento.
2584613-27;2026-04-14;CSPCCO;81543;true;Aprovado o Parecer.
2586626-22;2026-04-14;CSPCCO;81543;true;Aprovado o Parecer.
2600665-21;2026-04-14;CSPCCO;81543;true;Aprovado o Parecer.
2614808-2;2026-04-14;PL308020;81563;true;Aprovado o Requerimento.
2614809-2;2026-04-14;PL308020;81563;true;Aprovado o Requerimento.
2198846-79;2026-04-14;CCJC;81589;true;Aprovado o Parecer.
485251-53;2026-04-14;CCJC;81589;true;Aprovado o Parecer.
2469474-48;2026-04-14;CCJC;81589;true;Aprovado o Parecer.
2190719-81;2026-04-14;CCJC;81589;true;Aprovado o Parecer.
2313953-53;2026-04-14;CCJC;81589;true;Aprovado o Parecer.
2332773-71;2026-04-14;CCJC;81589;true;Aprovado o Parecer.
2368289-31;2026-04-14;CCJC;81589;true;Aprovado o Parecer.
2424803-37;2026-04-14;CCJC;81589;true;Aprovado o Parecer.
2430656-33;2026-04-14;CCJC;81589;true;Aprovado o Parecer.
2459035-34;2026-04-14;CCJC;81589;true;Aprovado o Parecer.
2487430-36;2026-04-14;CCJC;81589;true;Aprovado o Parecer.
2550942-35;2026-04-14;CCJC;81589;true;Aprovado o Parecer.
2566520-34;2026-04-14;CCJC;81589;true;Aprovado o Parecer.
2589259-20;2026-04-14;CCJC;81589;true;Aprovado o Parecer.
2614966-2;2026-04-14;CPD;81537;true;Aprovado o Requerimento.
2615452-2;2026-04-14;CPD;81537;true;Aprovado o Requerimento.
2582548-26;2026-04-14;CPD;81537;true;Aprovado o Parecer.
2599529-21;2026-04-14;CPD;81537;true;Aprovado o Parecer.
2599609-22;2026-04-14;CPD;81537;true;Aprovado o Parecer.
2599684-29;2026-04-14;CPD;81537;true;Aprovado o Parecer.
2599818-21;2026-04-14;CPD;81537;true;Aprovado o Parecer.
2599823-27;2026-04-14;CPD;81537;true;Aprovado o Parecer.
491091-55;2026-04-14;CCJC;81530;true;Aprovada a Redação Final.
2117806-94;2026-04-14;CCJC;81530;true;Aprovada a Redação Final.
2465965-55;2026-04-14;CCJC;81530;true;Aprovada a Redação Final.
2518489-31;2026-04-14;CCJC;81530;true;Aprovada a Redação Final.
2532220-30;2026-04-14;CCJC;81530;true;Aprovada a Redação Final.
2547299-37;2026-04-14;CCJC;81530;true;Aprovada a Redação Final.
2570189-32;2026-04-14;CCJC;81530;true;Aprovada a Redação Final.
2572822-32;2026-04-14;CCJC;81530;true;Aprovada a Redação Final.
2575484-32;2026-04-14;CCJC;81530;true;Aprovada a Redação Final.
2583492-32;2026-04-14;CCJC;81530;true;Aprovada a Redação Final.
2474105-21;2026-04-14;CCJC;81530;true;Aprovado o Parecer.
2518459-17;2026-04-14;CCJC;81530;true;Aprovado o Parecer.
2518471-18;2026-04-14;CCJC;81530;true;Aprovado o Parecer.
2532215-17;2026-04-14;CCJC;81530;true;Aprovado o Parecer.
2532231-17;2026-04-14;CCJC;81530;true;Aprovado o Parecer.
2535358-17;2026-04-14;CCJC;81530;true;Aprovado o Parecer.
2535378-17;2026-04-14;CCJC;81530;true;Aprovado o Parecer.
2547315-22;2026-04-14;CCJC;81530;true;Aprovado o Parecer.
2554549-17;2026-04-14;CCJC;81530;true;Aprovado o Parecer.
2564994-17;2026-04-14;CCJC;81530;true;Aprovado o Parecer.
2564995-17;2026-04-14;CCJC;81530;true;Aprovado o Parecer.
2565025-17;2026-04-14;CCJC;81530;true;Aprovado o Parecer.
2566831-17;2026-04-14;CCJC;81530;true;Aprovado o Parecer.
2566834-19;2026-04-14;CCJC;81530;true;Aprovado o Parecer.
2566847-17;2026-04-14;CCJC;81530;true;Aprovado o Parecer.
2575462-17;2026-04-14;CCJC;81530;true;Aprovado o Parecer.
2575496-17;2026-04-14;CCJC;81530;true;Aprovado o Parecer.
2583513-17;2026-04-14;CCJC;81530;true;Aprovado o Parecer.
2589834-17;2026-04-14;CCJC;81530;true;Aprovado o Parecer.
2604955-17;2026-04-14;CCJC;81530;true;Aprovado o Parecer.
2607000-17;2026-04-14;CCJC;81530;true;Aprovado o Parecer.
2607016-17;2026-04-14;CCJC;81530;true;Aprovado o Parecer.
2608746-17;2026-04-14;CCJC;81530;true;Aprovado o Parecer.
2610496-17;2026-04-14;CCJC;81530;true;Aprovado o Parecer.
2614043-5;2026-04-14;CCJC;81530;true;Aprovado o Requerimento, com alteração para incluir como convidado Representante da Associação Nacional dos Advogados Públicos Federais, a pedido da Autora.
2614832-2;2026-04-14;CCJC;81530;true;Aprovado o Requerimento.
2252591-90;2026-04-14;CCJC;81530;true;Aprovado o Parecer.
2195766-122;2026-04-14;CCJC;81530;true;Aprovado o Parecer.
2608575-45;2026-04-14;CCJC;81530;true;Aprovado o Parecer.
2198588-37;2026-04-14;CCJC;81530;true;Aprovado o Parecer.
2394394-33;2026-04-14;CCJC;81530;true;Aprovado o Parecer.
2151581-49;2026-04-14;CCJC;81530;true;Aprovado o Parecer.
2314848-95;2026-04-14;CCJC;81530;true;Aprovado o Parecer.
2550807-34;2026-04-14;CCJC;81530;true;Aprovado o Parecer.
2207082-102;2026-04-14;CCJC;81530;true;Aprovado o Parecer. Apresentou voto em separado a Deputada Laura Carneiro.
2615640-2;2026-04-15;CREDN;81609;true;Subscrito pelos deputados General Girão (PL/RN), Helio Lopes (PL/RJ) e Sargento Fahur (PL/PR). Aprovado o Requerimento.
2615641-2;2026-04-15;CREDN;81609;true;Subscrito pelos deputados General Girão (PL/RN), Helio Lopes (PL/RJ) e Sargento Fahur (PL/PR). Aprovado o Requerimento.
2615624-2;2026-04-15;CREDN;81609;true;Subscrito pelos deputados General Girão (PL/RN) e Sargento Fahur (PL/PR). Aprovado o Requerimento.
2615338-2;2026-04-15;CREDN;81609;true;Subscrito pelos deputados Evair Vieira de Melo (PP/ES), General Girão (PL/RN), Helio Lopes (PL/RJ) e Sargento Fahur (PL/PR). Aprovado o Requerimento.
2615603-2;2026-04-15;CREDN;81609;true;Subscrito pelos deputados Evair Vieira de Melo (PP/ES), General Girão (PL/RN), Helio Lopes (PL/RJ) e Sargento Fahur (PL/PR). Aprovado o Requerimento, com a inclusão do Instituto Brasileiro de Mineração (IBRAM) no rol de convidados.
2615656-2;2026-04-15;CREDN;81609;true;Subscrito pelos deputados Evair Vieira de Melo (PP/ES), General Girão (PL/RN), Helio Lopes (PL/RJ) e Sargento Fahur (PL/PR). Aprovado o Requerimento, com o voto contrário do deputado Arlindo Chinaglia (PT/SP).
2615651-2;2026-04-15;CREDN;81609;true;Aprovado o Requerimento.
2374218-21;2026-04-15;CREDN;81609;true;Aprovado o Parecer.
2561285-17;2026-04-15;CREDN;81609;true;Aprovado o Parecer.
2582487-17;2026-04-15;CREDN;81609;true;Aprovado o Parecer.
2532546-17;2026-04-15;CREDN;81609;true;Aprovado o Parecer.
2600053-20;2026-04-15;CREDN;81609;true;Aprovado o Parecer.
2199312-36;2026-04-15;CREDN;81609;true;Aprovado o Parecer, com o voto contrário do deputado Arlindo Chinaglia (PT/SP).
2226318-40;2026-04-15;CREDN;81609;true;Aprovado o Parecer, com o voto contrário do deputado Arlindo Chinaglia (PT/SP).
2613597-2;2026-04-15;CSAUDE;81590;true;Aprovado o Requerimento.
2614938-2;2026-04-15;CSAUDE;81590;true;Aprovado o Requerimento.
2614940-2;2026-04-15;CSAUDE;81590;true;Aprovado o Requerimento.
2614942-2;2026-04-15;CSAUDE;81590;true;Aprovado o Requerimento.
2614943-2;2026-04-15;CSAUDE;81590;true;Aprovado o Requerimento.
2614947-2;2026-04-15;CSAUDE;81590;true;Aprovado o Requerimento.
2614948-2;2026-04-15;CSAUDE;81590;true;Aprovado o Requerimento.
2615414-2;2026-04-15;CSAUDE;81590;true;Aprovado o Requerimento.
2615579-2;2026-04-15;CSAUDE;81590;true;Aprovado o Requerimento.
2615644-2;2026-04-15;CSAUDE;81590;true;Aprovado o Requerimento.
2615663-2;2026-04-15;CSAUDE;81590;true;Aprovado o Requerimento.
2615165-2;2026-04-15;CCTI;81626;true;Aprovado o Requerimento.
2615166-2;2026-04-15;CCTI;81626;true;Aprovado o Requerimento.
2615266-2;2026-04-15;CCTI;81626;true;Aprovado o Requerimento.
2615543-2;2026-04-15;CCTI;81626;true;Aprovado o Requerimento.
2615167-3;2026-04-15;CCTI;81626;true;Aprovado o Requerimento.
2259294-54;2026-04-15;CCTI;81626;true;Aprovado o Parecer.
2536214-25;2026-04-15;CCTI;81626;true;Aprovado o Parecer.
2540796-23;2026-04-15;CCTI;81626;true;Aprovado o Parecer.
2555351-30;2026-04-15;CCTI;81626;true;Aprovado o Parecer.
2486419-27;2026-04-15;CSAUDE;81590;true;Aprovado o Parecer.
2573654-23;2026-04-15;CCTI;81626;true;Aprovado o Parecer.
2555892-26;2026-04-15;CSAUDE;81590;true;Aprovado o Parecer.
2503579-45;2026-04-15;CSAUDE;81590;true;Aprovado o Parecer.
584266-89;2026-04-15;CSAUDE;81590;true;Aprovado o Parecer.
2192972-117;2026-04-15;CSAUDE;81590;true;Aprovado o Parecer.
2614894-2;2026-04-15;CMADS;81558;true;Aprovado o Requerimento.
2615513-2;2026-04-15;CMADS;81558;true;Aprovado o Requerimento.
2615515-2;2026-04-15;CMADS;81558;true;Aprovado o Requerimento.
527401-94;2026-04-15;CFT;81603;true;Aprovado o Parecer.
2076756-48;2026-04-15;CFT;81603;true;Aprovado o Parecer.
2608575-46;2026-04-15;CFT;81603;true;Aprovado o Parecer.
2469590-21;2026-04-15;CFT;81603;true;Aprovado o Parecer.
2277528-51;2026-04-15;CFT;81603;true;Aprovado o Parecer.
2615519-4;2026-04-15;CMADS;81558;true;Aprovado o Requerimento, com alteração, a pedido da Deputada Marina Silva, para incluir como convidados os Senhores Sérgio Xavier, Coordenador Executivo do Fórum Brasileiro de Mudança do Clima, e Tasso Azevedo, Coordenador Geral do MapBiomas.
2613752-3;2026-04-15;CFT;81603;true;Aprovado o Requerimento.
2615683-3;2026-04-15;CFT;81603;true;Aprovado o Requerimento.
1531491-149;2026-04-15;CFT;81603;true;Aprovado o Parecer.
2613776-2;2026-04-15;CE;81555;true;Aprovado o Requerimento.
2613778-2;2026-04-15;CE;81555;true;Aprovado o Requerimento.
2614922-2;2026-04-15;CE;81555;true;Aprovado o Requerimento.
2615440-2;2026-04-15;CE;81555;true;Aprovado o Requerimento.
2615445-2;2026-04-15;CE;81555;true;Aprovado o Requerimento.
2599463-23;2026-04-15;CVT;81617;true;Aprovado o Parecer.
2503512-41;2026-04-15;CFT;81603;true;Aprovado o Parecer.
2611448-3;2026-04-15;CME;81576;true;Aprovado o Requerimento.
2476886-24;2026-04-15;CVT;81617;true;Aprovado o Parecer.
2610977-4;2026-04-15;CDE;81557;true;Aprovado o Requerimento.
2611033-3;2026-04-15;CDE;81557;true;Aprovado o Requerimento.
2610915-4;2026-04-15;CVT;81617;true;Aprovado o Requerimento.
2612326-3;2026-04-15;CDE;81557;true;Aprovado o Requerimento.
2613706-2;2026-04-15;CVT;81617;true;Aprovado o Requerimento.
2614083-3;2026-04-15;CDE;81557;true;Aprovado o Requerimento.
2615184-2;2026-04-15;CVT;81617;true;Aprovado o Requerimento.
2615605-2;2026-04-15;CDE;81557;true;Aprovado o Requerimento.
2615372-2;2026-04-15;CVT;81617;true;Aprovado o Requerimento.
2615664-2;2026-04-15;CDE;81557;true;Aprovado o Requerimento.
2615686-3;2026-04-15;CVT;81617;true;Aprovado o Requerimento.
2615352-3;2026-04-15;CVT;81617;true;Aprovado o Requerimento.
2468146-27;2026-04-15;CE;81555;true;Aprovado o Parecer da Relatora, Deputada Lídice da Mata (PSB-BA)
2541070-25;2026-04-15;CME;81576;true;Aprovado o Parecer.
2611626-3;2026-04-15;CME;81576;true;Aprovado o Requerimento.
2419657-34;2026-04-15;CDU;81565;true;Aprovado o Parecer.
2539035-27;2026-04-15;CDE;81557;true;Aprovado o Parecer.
2613148-2;2026-04-15;CME;81576;true;Aprovado o Requerimento.
2615880-2;2026-04-15;CINDRE;81552;true;Aprovado.
2615209-3;2026-04-15;CME;81576;true;Aprovado o Requerimento.
2304266-53;2026-04-15;CVT;81617;true;Aprovado o Parecer.
2613359-8;2026-04-15;CME;81576;true;Aprovado o Requerimento, com o aditamento solicitado.
2615680-4;2026-04-15;CME;81576;true;Aprovado o Requerimento, com os aditamentos sugeridos.
2614645-2;2026-04-15;CINDRE;81552;true;Aprovado, com alteração para incluir o Instituto Brasileiro de Mineração (Ibram) no rol de convidados, a pedido do Autor.
2316644-31;2026-04-15;CTRAB;81579;true;Aprovado o Requerimento de Adiamento de Votação, do Deputado Sanderson.
2537339-28;2026-04-15;CTRAB;81579;true;Aprovados os Requerimentos de Adiamento de Votação, dos Deputados Leonardo Monteiro e Erika Kokay.
2192984-64;2026-04-15;CDE;81557;true;Aprovado o Parecer.
2483417-22;2026-04-15;CTRAB;81579;true;Aprovado o Parecer.
2300555-35;2026-04-15;CE;81555;true;Aprovado o Parecer do Relator, Deputado Diego Garcia (Republicanos-PR)
2613069-2;2026-04-15;CTRAB;81579;true;Aprovado o Requerimento, com alteração para incluir convidado
2613291-2;2026-04-15;CTRAB;81579;true;Aprovado o Requerimento, com alteração para incluir convidado
2614944-2;2026-04-15;CTRAB;81579;true;Aprovado o Requerimento, com alteração para incluir convidado
2614945-2;2026-04-15;CTRAB;81579;true;Aprovado o Requerimento, com alteração para incluir convidado
2614946-2;2026-04-15;CTRAB;81579;true;Aprovado o Requerimento, com alteração para incluir convidado
2614956-2;2026-04-15;CTRAB;81579;true;Aprovado o Requerimento, com alteração para incluir convidado
2351650-35;2026-04-15;CINDRE;81552;true;Aprovado o Parecer.
2614543-3;2026-04-15;CME;81576;true;Aprovado o Requerimento.
2214953-35;2026-04-15;CDE;81557;true;Aprovado o Parecer.
2614549-3;2026-04-15;CME;81576;true;Aprovado o Requerimento.
2452130-28;2026-04-15;CVT;81617;true;Aprovado o Parecer.
2361928-53;2026-04-15;CMADS;81558;true;Aprovado o Parecer.
2119978-56;2026-04-15;CE;81555;true;Aprovado o Parecer do Relator, Deputado Diego Garcia (Republicanos-PR).
1306679-91;2026-04-15;CTRAB;81579;true;Aprovados os Requerimentos de Adiamento de Discussão, dos Deputados Sanderson e Capitão Alden.
2554767-23;2026-04-15;CTRAB;81579;true;Aprovados os Requerimentos de Adiamento de Discussão, dos Deputados Sanderson e Capitão Alden.
2238367-54;2026-04-15;CINDRE;81552;true;Aprovado o Parecer.
2284775-69;2026-04-15;CE;81555;true;Aprovado o Parecer do Relator, Deputado Diego Garcia (Republicanos-PR)
2348338-50;2026-04-15;CTRAB;81579;true;Aprovado o Parecer.
2482893-24;2026-04-15;CVT;81617;true;Aprovado o Parecer.
2614557-2;2026-04-15;CME;81576;true;Aprovado o Requerimento.
2614558-2;2026-04-15;CME;81576;true;Aprovado o Requerimento.
2267779-74;2026-04-15;CDE;81557;true;Aprovado o Parecer.
2551070-21;2026-04-15;CTRAB;81579;true;Aprovado o Parecer.
2497120-39;2026-04-15;CVT;81617;true;Aprovado o Parecer.
2491175-33;2026-04-15;CME;81576;true;Aprovado o Parecer.
2292261-62;2026-04-15;CE;81555;true;Aprovado o Parecer da Relatora, Deputada Maria Rosas (Republicanos-SP).
587255-85;2026-04-15;CVT;81617;true;Aprovado o Parecer.
2370613-30;2026-04-15;CVT;81617;true;Aprovado o Parecer.
2386013-24;2026-04-15;CVT;81617;true;Aprovado o Parecer.
2492313-25;2026-04-15;CME;81576;true;Aprovado o Parecer.
2428625-26;2026-04-15;CE;81555;true;Aprovado o Parecer do Relator, Dep. Prof. Reginaldo Veras (PV-DF)
2560150-26;2026-04-15;CVT;81617;true;Aprovado o Parecer.
2600195-21;2026-04-15;CVT;81617;true;Aprovado o Parecer.
2491217-24;2026-04-15;CMADS;81558;true;Aprovado o Parecer.
2506628-25;2026-04-15;CMADS;81558;true;Aprovado o Parecer.
2613265-4;2026-04-15;CMADS;;true;Aprovado o requerimento nº 33/2026,do Sr. Delegado Matheus Laiola que requer a inclusão de convidado para a audiência pública constante no Requerimento n° 25/2026.
2615695-3;2026-04-15;CMADS;81558;true;Aprovado o Requerimento.
2462635-28;2026-04-15;CE;81555;true;Aprovado o Parecer da Relatora, Deputada Dandara (PT-MG).
2566411-38;2026-04-15;CDE;81557;true;Aprovado o Parecer.
2481268-45;2026-04-15;CE;81555;true;Aprovado o Parecer da Relatora, Deputada Lídice da Mata (PSB-BA).
2542402-22;2026-04-15;CMADS;81558;true;Aprovado o Parecer.
2495156-25;2026-04-15;CE;81555;true;Aprovado o Parecer da Relatora, Deputada Lídice da Mata (PSB-BA).
613364-70;2026-04-15;CE;81555;true;Aprovado o Parecer da Relatora, Deputada Lídice da Mata (PSB-BA).
2298515-35;2026-04-15;CE;81555;true;Aprovado o Parecer da Relatora, Franciane Bayer (Republicanos-RS).
2465540-30;2026-04-15;CE;81555;true;Aprovado o Parecer do Relator, Deputado Dagoberto Nogueira (PP-MS)
2482274-44;2026-04-15;CTRAB;81579;true;Aprovado o Requerimento de Adiamento de Votação, do Depuado Luiz Gastão.
2497107-28;2026-04-15;CE;81555;true;Aprovado o Parecer do Relator, Deputado Rafael Brito (MDB-AL)
2346901-53;2026-04-15;CVT;81617;true;Aprovado o Parecer.
2459027-40;2026-04-15;CE;81555;true;Aprovado o Parecer do Relator, Deputado Maurício Carvalho (União-RR).
2433030-38;2026-04-15;CE;81555;true;Aprovado o Parecer do Relator, Deputado Duda Ramos (MDB-RO).
2501774-42;2026-04-15;CDC;81568;true;Aprovado o Parecer.
2545963-32;2026-04-15;CE;81555;true;Aprovado o Parecer da Relatora, Deputada Farnciane Bayer ( Republicanos -RS)
2537283-24;2026-04-15;CE;81555;true;Aprovado o Parecer do Relator, Deputado Luiz Lima (Novo-RJ)
2518540-27;2026-04-15;CE;81555;true;Aprovado o Parecer do Relator, Deputado Duda Ramos (MDB-RO)
2615240-3;2026-04-15;CDC;81568;true;Aprovado com alteração para substituir o CEO da Âmbar Energia por um representante da empresa.
2615808-3;2026-04-15;CDC;81568;true;Aprovado o Requerimento, com alteração para incluir o Instituto de Defesa de Consumidores - Idec.
2295072-52;2026-04-15;CDC;81568;true;Aprovado o Parecer.
2614759-2;2026-04-15;CINDRE;81552;true;Aprovado, com subscrição dos Deputados Fausto Jr. e Paulo Marinho.
2614761-2;2026-04-15;CINDRE;81552;true;Aprovado, com alteração para transformação em convite e subscrição dos Deputados Fausto Jr. e Paulo Marinho.
2614762-2;2026-04-15;CINDRE;81552;true;Aprovado, com alteração para transformação em convite e subscrição dos Deputados Fausto Jr. e Paulo Marinho.
2615609-2;2026-04-15;CINDRE;81552;true;Aprovado, com subscrição dos Deputados Fausto Jr. e Paulo Marinho e inclusão no rol de convidados do senhor José Rebelo, presidente da Associação Brasileira para o Desenvolvimento da Navegação Interior (Abani), a pedido do Deputado Paulo Marinho.
2615610-2;2026-04-15;CINDRE;81552;true;Aprovado, com subscrição dos Deputados Fausto Jr. e Paulo Marinho.
2615678-2;2026-04-15;CINDRE;81552;true;Aprovado, com subscrição dos Deputados Fausto Jr. e Paulo Marinho.
2614591-2;2026-04-15;CINDRE;81552;true;Aprovado, com alteração para incluir no rol de convidados representantes da Procuradoria da Fazenda Nacional e da Receita Federal do Brasil, representante do Citigroup e do Citibank, por meio da filial brasileira, e representante do Samsung Group, por meio da Samsung Brasil, a pedido do Autor.
2611318-4;2026-04-15;CDU;81565;true;Aprovado o Requerimento, com alteração para incluir a Associação Brasileira das Empresas de Saneamento - ABCON.
2490436-41;2026-04-15;CIDOSO;81648;true;Aprovado o Parecer.
2481395-47;2026-04-15;CIDOSO;81648;true;Aprovado o Parecer.
2599014-19;2026-04-15;CIDOSO;81648;true;Aprovado o Parecer.
2615740-4;2026-04-15;CIDOSO;81648;true;Aprovado o Requerimento.
2608575-50;2026-04-15;CMULHER;81602;true;Aprovado o Parecer.
2455171-26;2026-04-15;CMULHER;81602;true;Aprovado o Parecer.
2376429-47;2026-04-15;CMULHER;81602;true;Aprovado o Parecer.
2485880-40;2026-04-15;CMULHER;81602;true;Aprovado o Parecer.
2475896-37;2026-04-15;CMULHER;81602;true;Aprovado o Parecer.
2484468-22;2026-04-15;CMULHER;81602;true;Aprovado o Parecer.
2614115-2;2026-04-15;CTUR;81615;true;Aprovado o Requerimento.
2609010-3;2026-04-15;CCULT;81569;true;Aprovado o Requerimento.
2612346-3;2026-04-15;CCULT;81569;true;Aprovado o Requerimento.
2613210-2;2026-04-15;CCULT;81569;true;Aprovado o Requerimento.
2615188-2;2026-04-15;CCULT;81569;true;Aprovado o Requerimento.
2615400-2;2026-04-15;CTUR;81615;true;Aprovado o Requerimento.
1594637-78;2026-04-15;CCULT;81569;true;Aprovado o Parecer.
2408802-22;2026-04-15;CCULT;81569;true;Aprovado o Parecer.
2446751-31;2026-04-15;CCULT;81569;true;Aprovado o Parecer.
2538133-22;2026-04-15;CCULT;81569;true;Aprovado o Parecer.
2541106-23;2026-04-15;CCULT;81569;true;Aprovado o Parecer.
2615401-2;2026-04-15;CTUR;81615;true;Aprovado o Requerimento.
2615402-2;2026-04-15;CTUR;81615;true;Aprovado o Requerimento.
2428685-56;2026-04-15;CCULT;81569;true;Aprovado o Parecer.
2199698-48;2026-04-15;CCULT;81569;true;Aprovado o Parecer.
2573060-7;2026-04-15;PLEN;81658;true;Aprovado, por unanimidade, o Requerimento de Urgência (Art. 155 do RICD).
2578968-7;2026-04-15;PLEN;81658;true;"Aprovado o Requerimento de Urgência (Art. 155 do RICD). Sim: 355; Não: 29; Total: 384."
2426763-54;2026-04-15;CCP;;true;Realizar o encaminhamento do PL-1248/2024 à CCJC (tramitação simultânea), em razão da aprovação de requerimento de urgência.
2426763-55;2026-04-15;PLEN;;true;Alteração do Regime de Tramitação desta proposição em virtude da Aprovação do REQ 4565/2025.
2600708-7;2026-04-15;PLEN;81658;true;"Aprovado o Requerimento de Urgência (Art. 155 do RICD). Sim: 305; Não: 22; Total: 327."
2461363-20;2026-04-15;PLEN;;true;Aprovado o requerimento nº 176/2026,da Sra. Coronel Fernanda, que solicita urgência (art. 155) para o PL 3838/2024.
2461363-21;2026-04-15;CCP;;true;Realizar o encaminhamento do PL-3838/2024 à CCJC (tramitação simultânea), em razão da aprovação de requerimento de urgência.
2461363-22;2026-04-15;CCP;;true;Realizar o encaminhamento do PL-3838/2024 à CDE (tramitação simultânea), em razão da aprovação de requerimento de urgência.
2461363-23;2026-04-15;CCP;;true;Realizar o encaminhamento do PL-3838/2024 à CFT (tramitação simultânea), em razão da aprovação de requerimento de urgência.
2461363-24;2026-04-15;PLEN;;true;Alteração do Regime de Tramitação desta proposição em virtude da Aprovação do REQ 176/2026.
2602195-8;2026-04-15;PLEN;81658;true;Aprovado, por unanimidade, o Requerimento de Urgência (Art. 155 do RICD).
2418306-21;2026-04-15;PLEN;;true;Aprovado o requerimento nº 456/2026,dos Srs. Coronel Ulysses e Antonio Brito, que solicita urgência (art. 155) para o PL 5744/2023.
2418306-22;2026-04-15;PLEN;;true;Alteração do Regime de Tramitação desta proposição em virtude da alteração do regime do PL 5744/2023, por ter sido aprovado o REQ 456/2026 que está apensado ao primeiro.
2607669-7;2026-04-15;PLEN;81658;true;Aprovado, por unanimidade, o Requerimento de Urgência (Art. 155 do RICD).
2535597-17;2026-04-15;CCP;;true;Realizar o encaminhamento do PL-3373/2025 à CCJC (tramitação simultânea), em razão da aprovação de requerimento de urgência.
2535597-18;2026-04-15;CCP;;true;Realizar o encaminhamento do PL-3373/2025 à CFT (tramitação simultânea), em razão da aprovação de requerimento de urgência.
2608539-8;2026-04-15;PLEN;81658;true;Aprovado, por unanimidade, o Requerimento de Urgência (Art. 155 do RICD).
2607169-16;2026-04-15;PLEN;;true;Aprovado o requerimento nº 1392/2026,do Sr. Carlos Jordy e outros, que solicita urgência (art. 155) para o PL 1845/2025.
2607169-17;2026-04-15;PLEN;;true;Alteração do Regime de Tramitação desta proposição em virtude da alteração do regime do PL 1845/2025, por ter sido aprovado o REQ 1392/2026 que está apensado ao primeiro.
2610603-7;2026-04-15;PLEN;81658;true;Aprovado, por unanimidade, o Requerimento de Urgência (Art. 155 do RICD).
2613522-8;2026-04-15;PLEN;81658;true;Aprovado, por unanimidade, o Requerimento de Urgência (Art. 155 do RICD).
2565094-21;2026-04-15;CCP;;true;Realizar o encaminhamento do PL-4788/2025 à CCJC (tramitação simultânea), em razão da aprovação de requerimento de urgência.
2614393-6;2026-04-15;PLEN;81658;true;Aprovado o Requerimento de Urgência (Art. 155 do RICD).
2452130-30;2026-04-15;CCP;;true;Realizar o encaminhamento do PL-3128/2024 à CCJC (tramitação simultânea), em razão da aprovação de requerimento de urgência.
2616456-6;2026-04-15;PLEN;81658;true;Aprovado, por unanimidade, o Requerimento de Urgência (Art. 155 do RICD).
2562764-22;2026-04-15;CCP;;true;Realizar o encaminhamento do PL-4689/2025 à CCJC (tramitação simultânea), em razão da aprovação de requerimento de urgência.
2616726-7;2026-04-15;PLEN;81658;true;Aprovado, por unanimidade, o Requerimento de Urgência (Art. 155 do RICD).
2600470-17;2026-04-15;CCP;;true;Realizar o encaminhamento do PL-192/2026 à CCJC (tramitação simultânea), em razão da aprovação de requerimento de urgência.
2600470-18;2026-04-15;CCP;;true;Realizar o encaminhamento do PL-192/2026 à CPASF (tramitação simultânea), em razão da aprovação de requerimento de urgência.
2616803-6;2026-04-15;PLEN;81658;true;Aprovado o Requerimento de Urgência (Art. 155 do RICD).
2354132-22;2026-04-15;PLEN;;true;Aprovado o requerimento nº 2111/2026,do Sr. Capitão Augusto, que solicita urgência (art. 155) para o PL 241/2023.
2426959-18;2026-04-15;PLEN;;true;Aprovado o requerimento nº 2111/2026,do Sr. Capitão Augusto, que solicita urgência (art. 155) para o PL 241/2023.
2347038-55;2026-04-15;CCP;;true;Realizar o encaminhamento do PL-241/2023 à CCJC (tramitação simultânea), em razão da aprovação de requerimento de urgência.
2347038-56;2026-04-15;CCP;;true;Realizar o encaminhamento do PL-241/2023 à CFT (tramitação simultânea), em razão da aprovação de requerimento de urgência.
2347038-57;2026-04-15;PLEN;;true;Alteração do Regime de Tramitação desta proposição em virtude da Aprovação do REQ 2111/2026.
2354132-23;2026-04-15;PLEN;;true;Alteração do Regime de Tramitação desta proposição em virtude da alteração do regime do PL 241/2023, por ter sido aprovado o REQ 2111/2026 que está apensado ao primeiro.
2426959-19;2026-04-15;PLEN;;true;Alteração do Regime de Tramitação desta proposição em virtude da alteração do regime do PL 241/2023, por ter sido aprovado o REQ 2111/2026 que está apensado ao primeiro.
2611097-23;2026-04-15;PLEN;81658;true;Aprovado o Projeto de Lei nº 4.740, de 2025.
2334815-78;2026-04-15;PLEN;81658;true;Aprovado o Projeto de Decreto Legislativo nº 330, de 2022.
2334815-81;2026-04-15;PLEN;81658;false;Rejeitada a Emenda de Plenário.
2334815-83;2026-04-15;PLEN;81658;true;Aprovada a Redação Final, assinada pelo relator, Dep. Márcio Marinho (REPUBLIC/BA).
2495726-47;2026-04-15;PLEN;81658;true;Aprovado o Projeto de Lei nº 2.083, de 2022.
2495726-49;2026-04-15;PLEN;81658;true;Aprovada a Emenda nº 1 da Comissão de Constituição e Justiça e de Cidadania.
2495726-51;2026-04-15;PLEN;81658;true;Aprovada a Redação Final assinada pelo relator, Dep. Luiz Carlos Busato (União - RS).
2608575-64;2026-04-15;PLEN;81658;true;"Aprovado o Projeto de Lei Complementar nº 55, de 2026. Sim: 342; Não: 39; Total: 381."
2608575-66;2026-04-15;PLEN;81658;true;Aprovada a Redação Final, assinada pela relatora, Dep. Laura Carneiro (PSD/RJ).
2615729-2;2026-04-15;CDHMIR;81580;true;Aprovado o Requerimento.
2615709-2;2026-04-15;CDHMIR;81580;true;Aprovado o Requerimento.
2614863-2;2026-04-15;CPASF;81573;true;Aprovado o Requerimento, com o registro do voto contrário da Dep. Laura Carneiro.
2607484-3;2026-04-15;CLP;81638;true;Aprovado o Requerimento.
2612639-2;2026-04-15;CLP;81638;true;Aprovado o Requerimento.
2613404-2;2026-04-15;CLP;81638;true;Aprovado o Requerimento.
2613771-2;2026-04-15;CLP;81638;true;Aprovado o Requerimento.
2613772-2;2026-04-15;CLP;81638;true;Aprovado o Requerimento.
2615682-2;2026-04-15;CLP;81638;true;Aprovado o Requerimento.
2615837-2;2026-04-15;CLP;81638;true;Aprovado o Requerimento.
2418287-29;2026-04-15;CPASF;81573;true;Aprovado o Parecer.
2497923-33;2026-04-15;CPASF;81573;true;Aprovado o Parecer.
2486261-26;2026-04-15;CPASF;81573;true;Aprovado o Parecer.
2486316-26;2026-04-15;CPASF;81573;true;Aprovado o Parecer.
2553901-38;2026-04-15;CPASF;81573;true;Aprovado o Parecer.
2587750-21;2026-04-15;CPASF;81573;true;Aprovado o Parecer.
2320055-26;2026-04-15;CDHMIR;81580;true;Aprovado o Parecer.
2615741-2;2026-04-15;PL808514;81610;true;Aprovado o Requerimento.
2615743-2;2026-04-15;PL808514;81610;true;Aprovado o Requerimento.
2615746-2;2026-04-15;PL808514;81610;true;Aprovado o Requerimento.
2615748-2;2026-04-15;PL808514;81610;true;Aprovado o Requerimento.
2615749-2;2026-04-15;PL808514;81610;true;Aprovado o Requerimento, com a inclusão de Seminário no Estado de Pernambuco, a pedido do Deputado Federal Coronel Meira.
2436658-31;2026-04-15;CPASF;81573;true;Aprovado o Parecer.
2371769-43;2026-04-15;CPASF;81573;true;Aprovado o Parecer.
2361472-43;2026-04-15;CDHMIR;81580;true;Aprovado o Parecer, apresentou voto em separado o Deputado Delegado Paulo Bilynskyj.
2417679-24;2026-04-15;CPASF;81573;true;Aprovado o Parecer.
2253448-66;2026-04-15;CDHMIR;81580;true;Aprovado o Parecer, apresentou voto em separado o Deputado Eli Borges.
2399443-28;2026-04-15;CDHMIR;81580;true;Aprovado o Parecer.
2529556-19;2026-04-15;CPASF;81573;true;Aprovado o Parecer.
2457463-33;2026-04-15;CDHMIR;81580;true;Aprovado o Parecer.
2488158-40;2026-04-15;CDHMIR;81580;true;Aprovado o Parecer.
2608627-4;2026-04-15;CMULHER;81627;true;Aprovado o Requerimento.
2608998-4;2026-04-15;CMULHER;81627;true;Aprovado o Requerimento.
2609012-4;2026-04-15;CMULHER;81627;true;Aprovado o Requerimento.
2609013-4;2026-04-15;CMULHER;81627;true;Aprovado o Requerimento.
2609120-4;2026-04-15;CMULHER;81627;true;Aprovado o Requerimento.
2610693-3;2026-04-15;CMULHER;81627;true;Aprovado o Requerimento.
2611203-3;2026-04-15;CMULHER;81627;true;Aprovado o Requerimento.
2611205-3;2026-04-15;CMULHER;81627;true;Aprovado o Requerimento.
2611210-3;2026-04-15;CMULHER;81627;true;Aprovado o Requerimento.
2611222-3;2026-04-15;CMULHER;81627;true;Aprovado o Requerimento.
2611224-3;2026-04-15;CMULHER;81627;true;Aprovado o Requerimento.
2611368-3;2026-04-15;CMULHER;81627;true;Aprovado o Requerimento.
2613584-3;2026-04-15;CMULHER;81627;true;Aprovado o Requerimento.
2613730-3;2026-04-15;CMULHER;81627;true;Aprovado o Requerimento.
2615756-2;2026-04-15;CMULHER;81627;true;Aprovado o Requerimento.
2615757-2;2026-04-15;CMULHER;81627;true;Aprovado o Requerimento.
2458903-2;2026-04-16;CEXMABRU;81593;true;Aprovado o Requerimento.
2485127-2;2026-04-16;CEXMABRU;81593;true;Aprovado o Requerimento.
2489196-2;2026-04-16;CEXMABRU;81593;true;Aprovado o Requerimento.
2489197-2;2026-04-16;CEXMABRU;81593;true;Aprovado o Requerimento.
2517813-2;2026-04-16;CEXMABRU;81593;true;Aprovado o Requerimento.
2608152-2;2026-04-16;CEXMABRU;81593;true;Aprovado o Requerimento.
2616027-2;2026-04-16;CEXMABRU;81593;true;Aprovado o Requerimento.
2616036-2;2026-04-16;CEXMABRU;81593;true;Aprovado o Requerimento.
2616120-2;2026-04-16;CEXMABRU;81593;true;Aprovado o Requerimento.
1198010-163;2026-04-16;PLEN;81692;true;Aprovada a Emenda de Redação.
1198010-165;2026-04-16;PLEN;81692;true;Aprovada a Redação Final, assinada pela relatora, Dep. Chris Tonietto (PL/RJ).
2139808-110;2026-04-16;PLEN;81692;true;Aprovadas as Emendas do Senado Federal ao Projeto de Lei nº 7.750, de 2017.
2266116-123;2026-04-16;PLEN;81692;false;Rejeitado o Requerimento.
2266116-126;2026-04-16;PLEN;81692;false;Rejeitado o Requerimento.
2266116-130;2026-04-16;PLEN;81692;false;Rejeitado o Requerimento.
2266116-137;2026-04-16;PLEN;81692;true;Aprovadas as Emendas do Senado Federal ao Projeto de Lei nº 5.391, de 2020.
2266116-139;2026-04-16;PLEN;81692;true;Aprovada a Redação Final assinada pela relatora, Dep. Bia Kicis (PL/DF).
530513-106;2026-04-17;PLEN;81699;true;Aprovado o Substitutivo ao Projeto de Lei nº 2.879, de 2011, da Comissão de Viação e Transportes.
530513-109;2026-04-17;PLEN;81699;true;Aprovada a Subemenda da Comissão de Constituição e Justiça e de Cidadania.
2419128-78;2026-04-22;PLEN;81726;false;"Rejeitado o Requerimento. Sim: 127; Não: 268; Total: 395."
2419128-82;2026-04-22;PLEN;81726;false;Rejeitado o Requerimento.
2419128-88;2026-04-22;PLEN;81726;false;Rejeitado o Requerimento.
2419128-90;2026-04-22;PLEN;81726;true;Aprovada a Subemenda Substitutiva Global ao Projeto de Lei nº 533, de 2024, adotada pelo relator da Comissão de Educação.
2419128-93;2026-04-22;PLEN;81726;true;Aprovada a Redação Final assinada pelo relator, Dep. Tarcísio Motta (PSOL/RJ).
2582523-40;2026-04-22;PLEN;81726;true;Aprovado o Substitutivo ao Projeto de Resolução nº 80, de 2025, adotado pelo relator da Mesa Diretora da Câmara dos Deputados.
2582523-43;2026-04-22;PLEN;81726;true;Aprovada a Redação Final, assinada pelo relator, Dep. Antonio Brito (PSD/BA).
2368697-38;2026-04-22;PLEN;81726;false;"Rejeitado o Requerimento. Sim: 117; Não: 278; Total: 395."
2368697-43;2026-04-22;PLEN;81726;false;"Rejeitado o Requerimento. Sim: 120; Não: 270; Total: 390."
2368697-49;2026-04-22;PLEN;81726;false;"Rejeitado o Requerimento. Sim: 119; Não: 241; Total: 360."
2368697-51;2026-04-22;PLEN;81726;false;Rejeitada a Preferência.
2368697-53;2026-04-22;PLEN;81726;true;Aprovada a Subemenda Substitutiva Global ao Projeto de Lei nº 3.025, de 2023, adotada pelo relator da Comissão de Minas e Energia, ressalvados os destaques.
2368697-59;2026-04-22;PLEN;81726;;Mantido o texto.
2368697-62;2026-04-22;PLEN;81726;false;Rejeitada a Emenda de Plenário nº 4.
2368697-65;2026-04-22;PLEN;81726;;Mantido o texto.
2368697-68;2026-04-22;PLEN;81726;;Mantido o texto.
2368697-71;2026-04-22;PLEN;81726;;Mantido o texto.
2368697-73;2026-04-22;PLEN;81726;true;Aprovada a Redação Final assinada pelo relator, Dep. Marx Beltrão (PP/AL).
2616936-7;2026-04-22;PLEN;81726;true;Aprovado o Requerimento de Urgência (Art. 155 do RICD).
2596429-19;2026-04-22;CCP;;true;Realizar o encaminhamento do PL-6399/2025 à CCJC (tramitação simultânea), em razão da aprovação de requerimento de urgência.
2596429-20;2026-04-22;CCP;;true;Realizar o encaminhamento do PL-6399/2025 à CFT (tramitação simultânea), em razão da aprovação de requerimento de urgência.
2596429-21;2026-04-22;CCP;;true;Realizar o encaminhamento do PL-6399/2025 à CFT (tramitação simultânea), em razão da aprovação de requerimento de urgência.
2596429-22;2026-04-22;PLEN;;true;Alteração do Regime de Tramitação desta proposição em virtude da Aprovação do REQ 2112/2026.
2617469-6;2026-04-22;PLEN;81726;true;Aprovado, por unanimidade, o Requerimento de Urgência (Art. 155 do RICD).
2473086-55;2026-04-22;CCP;;true;Realizar o encaminhamento do PL-4583/2024 à CCJC (tramitação simultânea), em razão da aprovação de requerimento de urgência.
2473086-56;2026-04-22;CCP;;true;Realizar o encaminhamento do PL-4583/2024 à CCJC (tramitação simultânea), em razão da aprovação de requerimento de urgência.
2609070-7;2026-04-22;PLEN;81726;true;Aprovado, por unanimidade, o Requerimento de Urgência (Art. 155 do RICD).
2539320-10;2026-04-22;CCP;;true;Realizar o encaminhamento do PLP-158/2025 à CCJC (tramitação simultânea), em razão da aprovação de requerimento de urgência.
2539320-11;2026-04-22;CCP;;true;Realizar o encaminhamento do PLP-158/2025 à CFT (tramitação simultânea), em razão da aprovação de requerimento de urgência.
2539320-12;2026-04-22;CCP;;true;Realizar o encaminhamento do PLP-158/2025 à CPASF (tramitação simultânea), em razão da aprovação de requerimento de urgência.
2539320-13;2026-04-22;CCP;;true;Realizar o encaminhamento do PLP-158/2025 à CASP (tramitação simultânea), em razão da aprovação de requerimento de urgência.
2617639-6;2026-04-22;PLEN;81726;true;Aprovado o Requerimento de Urgência (Art. 155 do RICD).
2617614-20;2026-04-22;PLEN;81726;true;Aprovado o Projeto de Resolução nº 22, de 2026.
2617614-23;2026-04-22;PLEN;81726;true;Aprovada a Redação Final, assinada pela relatora, Dep. Amanda Gentil (PP/MA).
2469569-34;2026-04-22;PLEN;81726;false;Rejeitado o Requerimento.
2469569-38;2026-04-22;PLEN;81726;true;"Aprovado o Substitutivo ao Projeto de Lei nº 4.397, de 2024, adotado pelo relator da Comissão de Constituição e Justiça e de Cidadania. Sim: 300; Não: 36; Abstenção: 1; Total: 337."
2469569-41;2026-04-22;PLEN;81726;true;Aprovada a Redação Final assinada pelo relator, Dep. Doutor Luizinho (PP-RJ).
2234260-137;2026-04-22;PLEN;81726;false;Rejeitado o Requerimento.
2234260-141;2026-04-22;PLEN;81726;true;Aprovada a Subemenda Substitutiva Global ao Projeto de Lei nº 6.461, de 2019, adotada pela relatora da Comissão Especial, ressalvados os destaques.
2234260-145;2026-04-22;PLEN;81726;false;Rejeitada a Emenda de Plenário nº 26.
2234260-164;2026-04-22;PLEN;81726;;"Mantido o texto. Sim: 252; Não: 161; Total: 413."
2234260-166;2026-04-22;PLEN;81726;true;Aprovada a Redação Final assinada pela relatora, Dep. Flávia Morais (PDT-GO).
2234260-169;2026-04-22;PLEN;81726;true;Aprovada a Emenda de Redação nº 1.
2419185-69;2026-04-22;PLEN;81726;true;Aprovado o Substitutivo ao Projeto de Lei nº 539, de 2024, adotado pelo relator da Comissão da Amazônia e dos Povos Originários e Tradicionais.
2419185-72;2026-04-22;PLEN;81726;true;Aprovada a Redação Final assinada pelo relator, Dep. Sidney Leite (PSD-AM).
2233802-72;2026-04-22;CCJC;81688;true;Aprovado o Parecer.
2317939-74;2026-04-23;PLEN;81738;true;Aprovado o Substitutivo ao Projeto de Lei nº 580, de 2022, adotado pelo relator da Comissão de Constituição e Justiça e de Cidadania.
2317939-77;2026-04-23;PLEN;81738;true;Aprovada a Redação Final assinada pelo relator, Dep. Marcelo Queiroz (PSDB/RJ).
2614963-2;2026-04-28;CESPO;81764;true;Aprovado o Requerimento.
2616754-2;2026-04-28;CESPO;81764;true;Aprovado o Requerimento.
2616755-2;2026-04-28;CESPO;81764;true;Aprovado o Requerimento.
2617463-2;2026-04-28;CESPO;81764;true;Aprovado o Requerimento.
2618508-2;2026-04-28;CESPO;81764;true;Aprovado o Requerimento.
2596170-8;2026-04-28;PLEN;81785;true;Aprovado o Requerimento de Urgência (Art. 155 do RICD).
2612031-7;2026-04-28;PLEN;81785;true;Aprovado o Requerimento de Urgência (Art. 155 do RICD).
2574020-18;2026-04-28;PLEN;;true;Aprovado o requerimento nº 1675/2026,do Sr. Felipe Carreras, que solicita urgência (art. 155) para o PL 5229/2025.
2589152-18;2026-04-28;PLEN;;true;Aprovado o requerimento nº 1675/2026,do Sr. Felipe Carreras, que solicita urgência (art. 155) para o PL 5229/2025.
2572690-25;2026-04-28;CCP;;true;Realizar o encaminhamento do PL-5229/2025 à CCJC (tramitação simultânea), em razão da aprovação de requerimento de urgência.
2572690-26;2026-04-28;CCP;;true;Realizar o encaminhamento do PL-5229/2025 à CCJC (tramitação simultânea), em razão da aprovação de requerimento de urgência.
2572690-27;2026-04-28;CCP;;true;Realizar o encaminhamento do PL-5229/2025 à CDC (tramitação simultânea), em razão da aprovação de requerimento de urgência.
2572690-28;2026-04-28;CCP;;true;Realizar o encaminhamento do PL-5229/2025 à CSAUDE (tramitação simultânea), em razão da aprovação de requerimento de urgência.
2574020-19;2026-04-28;PLEN;;true;Alteração do Regime de Tramitação desta proposição em virtude da alteração do regime do PL 5229/2025, por ter sido aprovado o REQ 1675/2026 que está apensado ao primeiro.
2589152-19;2026-04-28;PLEN;;true;Alteração do Regime de Tramitação desta proposição em virtude da alteração do regime do PL 5229/2025, por ter sido aprovado o REQ 1675/2026 que está apensado ao primeiro.
2606686-10;2026-04-28;PLEN;81785;true;Aprovado o Requerimento de Urgência (Art. 155 do RICD).
2319217-48;2026-04-28;CCP;;true;Realizar o encaminhamento do PL-819/2022 à CCJC (tramitação simultânea), em razão da aprovação de requerimento de urgência.
2319217-49;2026-04-28;PLEN;;true;Alteração do Regime de Tramitação desta proposição em virtude da Aprovação do REQ 1263/2026.
2610581-9;2026-04-28;PLEN;81785;true;Aprovado o Requerimento de Urgência (Art. 155 do RICD).
2557714-25;2026-04-28;CCP;;true;Realizar o encaminhamento do PL-4480/2025 à CCJC (tramitação simultânea), em razão da aprovação de requerimento de urgência.
2557714-26;2026-04-28;CCP;;true;Realizar o encaminhamento do PL-4480/2025 à CFT (tramitação simultânea), em razão da aprovação de requerimento de urgência.
2557714-27;2026-04-28;CCP;;true;Realizar o encaminhamento do PL-4480/2025 à CFT (tramitação simultânea), em razão da aprovação de requerimento de urgência.
2615645-8;2026-04-28;PLEN;81785;true;Aprovado, por unanimidade, o Requerimento de Urgência (Art. 155 do RICD).
2577143-31;2026-04-28;CCP;;true;Realizar o encaminhamento do PL-5430/2025 à CCJC (tramitação simultânea), em razão da aprovação de requerimento de urgência.
2617682-7;2026-04-28;PLEN;81785;true;Aprovado o Requerimento de Urgência (Art. 155 do RICD).
2617683-7;2026-04-28;PLEN;81785;true;Aprovado o Requerimento de Urgência (Art. 155 do RICD).
2253448-73;2026-04-28;CCP;;true;Realizar o encaminhamento do PL-2819/2020 à CCJC (tramitação simultânea), em razão da aprovação de requerimento de urgência.
2253448-74;2026-04-28;CCP;;true;Realizar o encaminhamento do PL-2819/2020 à CFT (tramitação simultânea), em razão da aprovação de requerimento de urgência.
2253448-75;2026-04-28;PLEN;;true;Alteração do Regime de Tramitação desta proposição em virtude da Aprovação do REQ 2192/2026.
2618104-8;2026-04-28;PLEN;81785;true;"Aprovado o Requerimento de Urgência (Art. 155 do RICD). Sim: 330; Não: 104; Total: 434."
2162116-178;2026-04-28;PLEN;81785;true;"Aprovada, em segundo turno, a Proposta de Emenda à Constituição n° 383, de 2017. Sim: 444; Não: 12; Total: 456."
2162116-181;2026-04-28;PLEN;81785;true;"Aprovada a Emenda de Redação nº 4. Sim: 386; Não: 1; Total: 387."
2162116-183;2026-04-28;PLEN;81785;true;Aprovada a Redação Final assinada pelo relator, Dep. André Figueiredo (PDT/CE).
2456613-24;2026-04-28;PLEN;81785;true;Aprovado o Substitutivo ao Projeto de Lei nº 3.453, de 2024, adotado pela relatora da Comissão de Constituição e Justiça e de Cidadania.
2456613-27;2026-04-28;PLEN;81785;true;Aprovada a Redação Final assinada pela relatora, Dep. Luisa Canziani (PSD/PR).
2392934-85;2026-04-28;PLEN;81785;true;Aprovado o Substitutivo ao Projeto de Lei nº 4.820, de 2023, adotado pelo relator da Comissão de Saúde.
2392934-88;2026-04-28;PLEN;81785;true;Aprovada a Redação Final assinada pelo relator, Dep. Fred Costa (PRD/MG).
2611078-28;2026-04-28;PLEN;81785;true;Aprovada a Subemenda Substitutiva Global ao Projeto de Lei nº 1.315, de 2026, adotada pela relatora da Comissão de Relações Exteriores e de Defesa Nacional, ressalvados os destaques.
2611078-32;2026-04-28;PLEN;81785;;Mantido o texto.
2611078-41;2026-04-28;PLEN;81785;;Mantido o texto.
2611078-43;2026-04-28;PLEN;81785;true;Aprovada a Redação Final assinada pela relatora, Dep. Gleisi Hoffmann (PT/PR).
2615665-2;2026-04-28;CSPCCO;81654;true;Aprovado o Requerimento.
2616140-2;2026-04-28;CSPCCO;81654;true;Aprovado o Requerimento.
2616149-2;2026-04-28;CSPCCO;81654;true;Aprovado o Requerimento, com o voto contrário do Dep. Pastor Henrique Vieira (PSOL/RJ).
2616598-2;2026-04-28;CSPCCO;81654;true;Aprovado o Requerimento.
2617424-2;2026-04-28;CSPCCO;81654;true;Aprovado o Requerimento.
2617425-2;2026-04-28;CSPCCO;81654;true;Aprovado o Requerimento.
2617426-2;2026-04-28;CSPCCO;81654;true;Aprovado o Requerimento.
2617427-2;2026-04-28;CSPCCO;81654;true;Aprovado o Requerimento.
2617428-2;2026-04-28;CSPCCO;81654;true;Aprovado o Requerimento.
2617454-2;2026-04-28;CSPCCO;81654;true;Aprovado o Requerimento.
2617535-2;2026-04-28;CSPCCO;81654;true;Aprovado o Requerimento.
2617964-2;2026-04-28;CSPCCO;81654;true;Aprovado o Requerimento, com o voto contrário do Dep. Pastor Henrique Vieira (PSOL/RJ).
2617975-2;2026-04-28;CSPCCO;81654;true;Aprovado o Requerimento, com o voto contrário do Dep. Pastor Henrique Vieira (PSOL/RJ)
2618095-2;2026-04-28;CSPCCO;81654;true;Aprovado o Requerimento.
2618280-2;2026-04-28;CSPCCO;81654;true;Aprovado o Requerimento.
2618363-2;2026-04-28;CSPCCO;81654;true;Aprovado o Requerimento.
2618488-2;2026-04-28;CSPCCO;81654;true;Aprovado o Requerimento.
2618489-2;2026-04-28;CSPCCO;81654;true;Aprovado o Requerimento.
2618490-2;2026-04-28;CSPCCO;81654;true;Aprovado o Requerimento.
2618491-2;2026-04-28;CSPCCO;81654;true;Aprovado o Requerimento.
2618492-2;2026-04-28;CSPCCO;81654;true;Aprovado o Requerimento.
2618531-2;2026-04-28;CSPCCO;81654;true;Aprovado o Requerimento.
2618539-2;2026-04-28;CSPCCO;81654;true;Aprovado o Requerimento.
2618544-2;2026-04-28;CSPCCO;81654;true;Aprovado o Requerimento, com o voto contrário do Dep. Pastor Henrique Vieira (PSOL/RJ).
2618748-2;2026-04-28;CSPCCO;81654;true;Aprovado o Requerimento, com o voto contrário do Dep. Pastor Henrique Vieira (PSOL/RJ).
2618309-2;2026-04-28;CPOVOS;81653;true;Aprovado o Requerimento.
2618480-3;2026-04-28;CPOVOS;81653;true;Aprovado o Requerimento.
2417103-47;2026-04-28;CSPCCO;81654;true;Aprovado o Parecer.
2417942-24;2026-04-28;CPOVOS;81653;true;Aprovado o Parecer.
2618716-3;2026-04-28;CSPCCO;81654;true;Aprovado o Requerimento, com o voto contrário do Dep. Pastor Henrique Vieira (PSOL/RJ), com alteração de convocação para convite.
2577970-21;2026-04-28;CPOVOS;81653;true;Aprovado o Parecer.
2618743-3;2026-04-28;CSPCCO;81654;true;Aprovado o Requerimento, com o voto contrário do Dep. Pastor Henrique Vieira (PSOL/RJ), com alteração de convocação para convite.
2617534-2;2026-04-28;CSPCCO;81654;true;Aprovado o Requerimento, com o voto contrário do Dep. Pastor Henrique Vieira (PSOL/RJ), com alteração de convocação para convite.
2618693-3;2026-04-28;CSPCCO;81654;true;Aprovado o Requerimento, com o voto contrário do Dep. Pastor Henrique Vieira (PSOL/RJ).
2577814-25;2026-04-28;CSPCCO;81654;true;Aprovado o Parecer.
2583724-22;2026-04-28;CSPCCO;81654;true;Aprovado o Parecer.
2618546-2;2026-04-28;CSPCCO;81654;true;Aprovado o Requerimento.
2610984-2;2026-04-28;CASP;81772;true;Aprovado o Requerimento, com subscrição da Deputada Delegada Ione.
2611355-2;2026-04-28;CASP;81772;true;Aprovado o Requerimento, com subscrição da Deputada Delegada Ione.
2612294-2;2026-04-28;CASP;81772;true;Aprovado o Requerimento.
2612770-2;2026-04-28;CASP;81772;true;Aprovado o Requerimento.
2617430-2;2026-04-28;CASP;81772;true;Aprovado o Requerimento, com subscrição da Deputada Delegada Ione.
2191570-51;2026-04-28;CASP;81772;true;Aprovado o Parecer.
2613773-2;2026-04-28;CASP;81772;true;Aprovado o Requerimento.
2615351-2;2026-04-28;CASP;81772;true;Aprovado o Requerimento, com subscrição da Deputada Delegada Ione.
2617287-2;2026-04-28;CASP;81772;true;Aprovado o Requerimento.
2578588-23;2026-04-28;CSPCCO;81654;true;Aprovado o Parecer.
2213232-40;2026-04-28;CASP;81772;true;Aprovado o Parecer.
2581394-21;2026-04-28;CSPCCO;81654;true;Aprovado o Parecer.
2599525-22;2026-04-28;CSPCCO;81654;true;Aprovado o Parecer.
2581423-23;2026-04-28;CSPCCO;81654;true;Aprovado o Parecer.
2461386-23;2026-04-28;CASP;81772;true;Aprovado o Parecer.
2595781-24;2026-04-28;CSPCCO;81654;true;Aprovado o Parecer.
2600647-23;2026-04-28;CSPCCO;81654;true;Aprovado o Parecer.
2600787-23;2026-04-28;CSPCCO;81654;true;Aprovado o Parecer.
2372751-39;2026-04-28;CASP;81772;true;Aprovado o Parecer.
481891-133;2026-04-28;CCJC;81689;true;Aprovada a Redação Final.
2191097-90;2026-04-28;CCJC;81689;true;Aprovada a Redação Final.
2192588-57;2026-04-28;CCJC;81689;true;Aprovada a Redação Final.
2242049-133;2026-04-28;CCJC;81689;true;Aprovada a Redação Final.
2258887-55;2026-04-28;CCJC;81689;true;Aprovada a Redação Final.
2259866-57;2026-04-28;CCJC;81689;true;Aprovada a Redação Final.
2285129-106;2026-04-28;CCJC;81689;true;Aprovada a Redação Final.
2302365-60;2026-04-28;CCJC;81689;true;Aprovada a Redação Final.
2345720-82;2026-04-28;CCJC;81689;true;Aprovada a Redação Final.
2351882-66;2026-04-28;CCJC;81689;true;Aprovada a Redação Final.
2356220-59;2026-04-28;CCJC;81689;true;Aprovada a Redação Final.
2400101-51;2026-04-28;CCJC;81689;true;Aprovada a Redação Final.
2479220-32;2026-04-28;CCJC;81689;true;Aprovada a Redação Final.
2479247-34;2026-04-28;CCJC;81689;true;Aprovada a Redação Final.
2431589-63;2026-04-28;CCJC;81689;true;Aprovada a Redação Final.
2473159-50;2026-04-28;CCJC;81689;true;Aprovada a Redação Final.
2482597-66;2026-04-28;CCJC;81689;true;Aprovada a Redação Final.
2518465-35;2026-04-28;CCJC;81689;true;Aprovada a Redação Final.
2518466-33;2026-04-28;CCJC;81689;true;Aprovada a Redação Final.
2532222-32;2026-04-28;CCJC;81689;true;Aprovada a Redação Final.
2532240-32;2026-04-28;CCJC;81689;true;Aprovada a Redação Final.
2532263-32;2026-04-28;CCJC;81689;true;Aprovada a Redação Final.
2532278-32;2026-04-28;CCJC;81689;true;Aprovada a Redação Final.
2535340-36;2026-04-28;CCJC;81689;true;Aprovada a Redação Final.
2535341-36;2026-04-28;CCJC;81689;true;Aprovada a Redação Final.
2547271-37;2026-04-28;CCJC;81689;true;Aprovada a Redação Final.
2547301-37;2026-04-28;CCJC;81689;true;Aprovada a Redação Final.
2547303-37;2026-04-28;CCJC;81689;true;Aprovada a Redação Final.
2550984-32;2026-04-28;CCJC;81689;true;Aprovada a Redação Final.
2566851-32;2026-04-28;CCJC;81689;true;Aprovada a Redação Final.
2566852-33;2026-04-28;CCJC;81689;true;Aprovada a Redação Final.
2575489-32;2026-04-28;CCJC;81689;true;Aprovada a Redação Final.
2583465-32;2026-04-28;CCJC;81689;true;Aprovada a Redação Final.
2583466-32;2026-04-28;CCJC;81689;true;Aprovada a Redação Final.
2583505-32;2026-04-28;CCJC;81689;true;Aprovada a Redação Final.
2583515-32;2026-04-28;CCJC;81689;true;Aprovada a Redação Final.
2583523-32;2026-04-28;CCJC;81689;true;Aprovada a Redação Final.
2583528-32;2026-04-28;CCJC;81689;true;Aprovada a Redação Final.
2504564-51;2026-04-28;CCJC;81689;true;Aprovada a Redação Final.
2533415-37;2026-04-28;CCJC;81689;true;Aprovada a Redação Final.
615367-122;2026-04-28;CCJC;81689;true;Aprovada a Redação Final.
2319816-85;2026-04-28;CCJC;81689;true;Aprovada a Redação Final.
2477157-21;2026-04-28;CCJC;81689;true;Aprovado o Parecer.
2547318-24;2026-04-28;CCJC;81689;true;Aprovado o Parecer.
2566821-17;2026-04-28;CCJC;81689;true;Aprovado o Parecer.
2570162-17;2026-04-28;CCJC;81689;true;Aprovado o Parecer.
2575479-17;2026-04-28;CCJC;81689;true;Aprovado o Parecer.
2583495-17;2026-04-28;CCJC;81689;true;Aprovado o Parecer.
2583500-17;2026-04-28;CCJC;81689;true;Aprovado o Parecer.
2583512-19;2026-04-28;CCJC;81689;true;Aprovado o Parecer.
2589811-17;2026-04-28;CCJC;81689;true;Aprovado o Parecer.
2589864-17;2026-04-28;CCJC;81689;true;Aprovado o Parecer.
2589868-17;2026-04-28;CCJC;81689;true;Aprovado o Parecer.
2589894-17;2026-04-28;CCJC;81689;true;Aprovado o Parecer.
2589897-17;2026-04-28;CCJC;81689;true;Aprovado o Parecer.
2589899-17;2026-04-28;CCJC;81689;true;Aprovado o Parecer.
2589902-17;2026-04-28;CCJC;81689;true;Aprovado o Parecer.
2592218-17;2026-04-28;CCJC;81689;true;Aprovado o Parecer.
2592219-17;2026-04-28;CCJC;81689;true;Aprovado o Parecer.
2592224-17;2026-04-28;CCJC;81689;true;Aprovado o Parecer.
2592227-17;2026-04-28;CCJC;81689;true;Aprovado o Parecer.
2596113-19;2026-04-28;CCJC;81689;true;Aprovado o Parecer.
2596116-19;2026-04-28;CCJC;81689;true;Aprovado o Parecer.
2608728-17;2026-04-28;CCJC;81689;true;Aprovado o Parecer.
2168209-47;2026-04-28;CCJC;81689;true;Aprovado o Parecer.
2358846-34;2026-04-28;CCJC;81689;true;Aprovado o Parecer.
2360577-49;2026-04-28;CCJC;81689;true;Aprovado o Parecer.
2366737-39;2026-04-28;CCJC;81689;true;Aprovado o Parecer.
2370134-35;2026-04-28;CCJC;81689;true;Aprovado o Parecer.
2424890-45;2026-04-28;CCJC;81689;true;Aprovado o Parecer.
2430657-44;2026-04-28;CCJC;81689;true;Aprovado o Parecer.
2435330-32;2026-04-28;CCJC;81689;true;Aprovado o Parecer.
2480595-34;2026-04-28;CCJC;81689;true;Aprovado o Parecer.
2487500-33;2026-04-28;CCJC;81689;true;Aprovado o Parecer.
2534618-33;2026-04-28;CCJC;81689;true;Aprovado o Parecer.
2422898-39;2026-04-28;CCJC;81689;true;Aprovado o Parecer.
2616413-4;2026-04-28;CICS;80842;true;Aprovado o Requerimento.
2616415-3;2026-04-28;CICS;80842;true;Aprovado o Requerimento.
2618481-2;2026-04-28;CICS;80842;true;Aprovado o Requerimento.
2516755-21;2026-04-28;CICS;80842;true;Aprovado o Parecer.
2550760-21;2026-04-28;CICS;80842;true;Aprovado o Parecer.
2618285-2;2026-04-28;CPD;81655;true;Aprovado o Requerimento.
2618511-2;2026-04-28;CPD;81655;true;Aprovado o Requerimento.
2618577-2;2026-04-28;CPD;81655;true;Aprovado o Requerimento.
2599821-23;2026-04-28;CPD;81655;true;Aprovado o Parecer.
2573245-44;2026-04-28;CPD;81655;true;Aprovado o Parecer.
2172783-62;2026-04-28;CPD;81655;true;Aprovado o Parecer.
2483975-50;2026-04-28;CPD;81655;true;Aprovado o Parecer.
2447983-45;2026-04-28;CCJC;81690;true;Aprovado o Parecer.
2385726-53;2026-04-28;CCJC;81690;true;Aprovado o Parecer.
2406516-52;2026-04-28;CCJC;81690;true;Aprovado o Parecer.
580663-130;2026-04-28;CCJC;81690;true;Aprovado o Parecer.
2283424-73;2026-04-28;CCJC;81690;false;Rejeitado o Requerimento de Retirada de Pauta.
2320831-93;2026-04-28;CCJC;81690;true;Aprovado o Parecer.
2324720-75;2026-04-28;CCJC;81690;true;Aprovado o Parecer.
2538218-21;2026-04-28;CCJC;81690;true;Aprovado o Parecer.
2557024-25;2026-04-28;CCJC;81690;true;Aprovado o Parecer.
2538801-39;2026-04-28;CCJC;81690;true;Aprovado o Parecer.
2487335-38;2026-04-28;CCJC;81690;true;Aprovado o Parecer.
2617647-2;2026-04-29;CREDN;81709;true;Subscrito pelos deputados Cabo Gilberto Silva (PL/PB), Carla Dickson (UNIÃO/RN), Evair Vieira de Melo (PP/ES), General Girão (PL/RN) e Sargento Fahur (PL/PR). Aprovado o Requerimento.
2617651-2;2026-04-29;CREDN;81709;true;Subscrito pelos deputados Cabo Gilberto Silva (PL/PB), Carla Dickson (UNIÃO/RN), Evair Vieira de Melo (PP/ES), General Girão (PL/RN) e Sargento Fahur (PL/PR). Aprovado o Requerimento.
2615625-3;2026-04-29;CREDN;81709;true;Subscrito pelos deputados General Girão (PL/RN) e Sargento Fahur (PL/PR). Aprovado o Requerimento.
2618446-2;2026-04-29;CREDN;81709;true;Subscrito pelos deputados General Girão (PL/RN) e Sargento Fahur (PL/PR). Aprovado o Requerimento.
2618448-2;2026-04-29;CREDN;81709;true;Subscrito pelos deputados General Girão (PL/RN) e Sargento Fahur (PL/PR). Aprovado o Requerimento.
2617411-2;2026-04-29;CREDN;81709;true;Subscrito pelos deputados General Girão (PL/RN) e Sargento Fahur (PL/PR). Aprovado o Requerimento.
2617646-2;2026-04-29;CREDN;81709;true;Subscrito pelos deputados General Girão (PL/RN) e Sargento Fahur (PL/PR). Aprovado o Requerimento.
2618443-2;2026-04-29;CREDN;81709;true;Subscrito pelos deputados General Girão (PL/RN) e Sargento Fahur (PL/PR). Aprovado o Requerimento.
2230274-51;2026-04-29;CREDN;81709;true;Rejeitado o Parecer Vencedor 1, do Dep. Arlindo Chinaglia
2602838-18;2026-04-29;CREDN;81709;true;Aprovado o Parecer.
2331982-29;2026-04-29;CREDN;81709;true;Aprovado o Parecer.
2599935-18;2026-04-29;CREDN;81709;true;Aprovado o Parecer.
2603656-26;2026-04-29;CREDN;81709;true;Aprovado o Parecer.
2386408-31;2026-04-29;CREDN;81709;true;Aprovado o Parecer.
2230274-55;2026-04-29;CREDN;81709;true;Aprovado o Parecer Vencedor 2 do Dep. General Girão. O Parecer Vencedor 1, do Dep. Arlindo Chinaglia, passou a constituir Voto em Separado.
2482648-37;2026-04-29;CSAUDE;81670;false;Rejeitados os Requerimentos de Retirada de Pauta do Dep. Clodoaldo Magalhães e do Dep. Padre João.
2616536-2;2026-04-29;CSAUDE;81670;true;Aprovado o Requerimento.
2616537-2;2026-04-29;CSAUDE;81670;true;Aprovado o Requerimento.
2616827-2;2026-04-29;CSAUDE;81670;true;Aprovado o Requerimento.
2617343-2;2026-04-29;CSAUDE;81670;true;Aprovado o Requerimento.
2618040-2;2026-04-29;CSAUDE;81670;true;Aprovado o Requerimento.
2618043-2;2026-04-29;CSAUDE;81670;true;Aprovado o Requerimento.
2618045-2;2026-04-29;CSAUDE;81670;true;Aprovado o Requerimento.
2618070-2;2026-04-29;CSAUDE;81670;true;Aprovado o Requerimento.
2618195-2;2026-04-29;CSAUDE;81670;true;Aprovado o Requerimento.
2618282-2;2026-04-29;CSAUDE;81670;true;Aprovado o Requerimento.
2618702-2;2026-04-29;CSAUDE;81670;true;Aprovado o Requerimento.
2618733-2;2026-04-29;CSAUDE;81670;true;Aprovado o Requerimento.
2506391-27;2026-04-29;CSAUDE;81670;true;Aprovado o Parecer.
2576185-28;2026-04-29;CSAUDE;81670;true;Aprovado o Parecer.
2502865-40;2026-04-29;CSAUDE;81670;true;Aprovado o Parecer.
2458487-31;2026-04-29;CSAUDE;81670;true;Aprovado o Parecer com Complementação de Voto.
2482648-40;2026-04-29;CSAUDE;81670;true;Aprovado o Parecer.
2580093-24;2026-04-29;CSAUDE;81670;true;Aprovado o Parecer.
2441272-22;2026-04-29;CSAUDE;81670;true;Aprovado o Parecer com Complementação de Voto.
2417791-29;2026-04-29;CSAUDE;81670;true;Aprovado o Parecer.
2418296-35;2026-04-29;CSAUDE;81670;true;Aprovado o Parecer.
996958-88;2026-04-29;CSAUDE;81670;true;Aprovado o Parecer.
2459403-34;2026-04-29;CSAUDE;81670;true;Aprovado o Parecer.
2616770-3;2026-04-29;CSAUDE;81670;true;Aprovado o Requerimento, com alteração, para incluir a participação de representante da Associação Brasileira de Planos de Saúde (Abramge), a pedido do Dep. Dr. Luiz Ovando.
2618541-4;2026-04-29;CSAUDE;81670;true;Aprovado o Requerimento, com alteração, para incluir a participação do Sr. Hermano Tavares, da Faculdade de Medicina da Universidade de São Paulo, e do Sr. Daniel Elia, integrante do Programa Institucional de Política de Drogas, Direitos Humanos e Saúde Mental da Fiocruz, a pedido do Dep. Jorge Solla.
2618118-3;2026-04-29;CMADS;81756;true;Aprovado o Requerimento.
2618319-2;2026-04-29;CMADS;81756;true;Aprovado o Requerimento.
2618668-2;2026-04-29;CMADS;81756;true;Aprovado o Requerimento.
2608986-4;2026-04-29;CMADS;;true;Aprovado o requerimento nº 38/2026,do Sr. Chico Alencar que requer a inclusão de convidado para o seminário constante no Requerimento n° 10/2026.
2618048-3;2026-04-29;CMADS;81756;true;Aprovado o Requerimento, com alteração para incluir convidado da psiquiatria forense, a pedido do Deputado Nilto Tatto.
2532601-35;2026-04-29;CMADS;81756;true;Aprovado o Parecer, apresentou voto em separado o Deputado Pezenti.
2543153-19;2026-04-29;CMADS;81756;true;Aprovado o Parecer.
2615463-2;2026-04-29;CE;81680;true;Aprovado o Requerimento.
2616139-2;2026-04-29;CE;81680;true;Aprovado o Requerimento.
2617506-2;2026-04-29;CE;81680;true;Aprovado o Requerimento.
2618578-2;2026-04-29;CE;81680;true;Aprovado o Requerimento.
2618579-2;2026-04-29;CE;81680;true;Aprovado o Requerimento.
2618694-2;2026-04-29;CE;81680;true;Aprovado o Requerimento.
2618703-2;2026-04-29;CE;81680;true;Aprovado o Requerimento. Por acordo, ficou decidido que o requerimento não será um aditamento, mas passará a tramitar como uma audiência pública separada.
2616137-2;2026-04-29;CINDRE;81754;true;Aprovado.
2616138-2;2026-04-29;CINDRE;81754;true;Aprovado.
2609084-3;2026-04-29;CFFC;81159;true;Aprovado o Requerimento.
2618261-2;2026-04-29;CINDRE;81754;true;Aprovado.
2611618-3;2026-04-29;CFFC;81159;true;Aprovado o Requerimento.
2617883-2;2026-04-29;CFFC;81159;true;Aprovado o Requerimento.
2617888-2;2026-04-29;CFFC;81159;true;Aprovado o Requerimento.
2617889-2;2026-04-29;CFFC;81159;true;Aprovado o Requerimento.
2459937-23;2026-04-29;CMADS;81756;true;Aprovado o Parecer.
2617013-2;2026-04-29;CTRAB;81700;true;Aprovado o Requerimento.
2617420-2;2026-04-29;CTRAB;81700;true;Aprovado o Requerimento.
2617421-2;2026-04-29;CTRAB;81700;true;Aprovado o Requerimento.
2618268-2;2026-04-29;CTRAB;81700;true;Aprovado o Requerimento.
2618318-3;2026-04-29;CTRAB;81700;true;Aprovado o Requerimento.
2618405-2;2026-04-29;CTRAB;81700;true;Aprovado o Requerimento.
2618524-2;2026-04-29;CTRAB;81700;true;Aprovado o Requerimento.
596285-140;2026-04-29;CE;81680;true;Aprovado o Parecer da Relatora, Deputada Lídice da Mata (PSB-BA).
2509006-22;2026-04-29;CTRAB;81700;true;Aprovados os Requerimentos de Adiamento de Discussão, dos Deputados Capitão Alden e Sanderson.
2468006-46;2026-04-29;CE;81680;true;Aprovado o Parecer da Relatora, Deputada Maria Rosas (Republicanos -SP)
2503068-35;2026-04-29;CINDRE;81754;true;Aprovado o Parecer.
2618270-2;2026-04-29;CME;81740;true;Aprovado o Requerimento.
2552299-23;2026-04-29;CDE;81663;true;Aprovado o Parecer.
2543102-25;2026-04-29;CINDRE;81754;true;Aprovado o Parecer.
2197569-32;2026-04-29;CE;81680;true;Aprovado o Parecer do Relator, Deputado Pedro Uczai (PT-SC).
2166024-39;2026-04-29;CTRAB;81700;true;Aprovado o Parecer.
2617286-2;2026-04-29;CDE;81663;true;Aprovado o Requerimento.
2579804-23;2026-04-29;CME;81740;true;Aprovado o Parecer.
2173300-41;2026-04-29;CTRAB;81700;true;Aprovado o Parecer.
2525732-25;2026-04-29;CE;81680;true;Aprovado o Parecer do Relator, Deputado Luiz Lima (Novo-RJ)
2618731-2;2026-04-29;CME;81740;true;Aprovado o Requerimento.
2618600-5;2026-04-29;CDE;81663;true;Aprovado o Requerimento.
2618644-3;2026-04-29;CME;81740;true;Aprovado o Requerimento.
2618695-3;2026-04-29;CDE;81663;true;Aprovado o Requerimento.
2508836-23;2026-04-29;CDE;81663;true;Aprovado o Parecer.
2536783-29;2026-04-29;CCTI;81769;true;Aprovado o Parecer.
2617114-2;2026-04-29;CCTI;81769;true;Aprovado o Requerimento.
2617148-2;2026-04-29;CCTI;81769;true;Aprovado o Requerimento.
2239349-46;2026-04-29;CE;81680;true;Aprovado o Parecer do Relator, Deputado Diego Garcia (Republicanos-PR).
2420738-30;2026-04-29;CTRAB;81700;true;Aprovado o Parecer.
2616048-2;2026-04-29;CVT;81741;true;Aprovado o Requerimento.
2616049-2;2026-04-29;CVT;81741;true;Aprovado o Requerimento.
2616051-2;2026-04-29;CVT;81741;true;Aprovado o Requerimento.
2604104-21;2026-04-29;CDE;81663;true;Aprovado o Parecer.
2199252-62;2026-04-29;CME;81740;true;Aprovado o Parecer.
2441318-28;2026-04-29;CCTI;81769;true;Aprovado o Parecer.
2551040-23;2026-04-29;CTRAB;81700;true;Aprovado o Parecer.
2484393-42;2026-04-29;CMADS;81756;true;Aprovado o Parecer.
2497108-20;2026-04-29;CVT;81741;true;Aprovado o Parecer.
2617446-2;2026-04-29;CVT;81741;true;Aprovado o Requerimento.
2455812-24;2026-04-29;CCTI;81769;true;Aprovado o Parecer.
2306405-32;2026-04-29;CE;81680;true;Aprovado o Parecer do Relator, Deputado Diego Garcia (Republicanos - PR).
2600325-21;2026-04-29;CTRAB;81700;true;Aprovado o Parecer.
2618611-2;2026-04-29;CVT;81741;true;Aprovado o Requerimento.
2374169-27;2026-04-29;CVT;81741;true;Aprovado o Parecer.
533499-123;2026-04-29;CCJC;81737;true;Aprovado o Parecer.
2498980-30;2026-04-29;CME;81740;true;Aprovado o Parecer.
2333814-37;2026-04-29;CVT;81741;true;Aprovado o Parecer.
2474534-26;2026-04-29;CE;81680;true;Aprovado o Parecer do Relator, Deputado Capitão Alberto Neto (PL-AM)
2589378-21;2026-04-29;CFT;81742;true;Aprovado o Parecer.
2442452-32;2026-04-29;CFT;81742;true;Aprovado o Parecer.
2565107-25;2026-04-29;CME;81740;true;Aprovado o Parecer.
2437838-31;2026-04-29;CE;81680;true;Aprovado o Parecer do Relator, Deputado Rafael Brito (MDB-AL)
2591102-21;2026-04-29;CCTI;81769;true;Aprovado o Parecer.
2578811-23;2026-04-29;CME;81740;true;Aprovado o Parecer.
2191362-99;2026-04-29;CCJC;81737;true;Aprovado o Parecer.
2473086-63;2026-04-29;CFT;81742;true;Aprovado o Parecer.
2487428-33;2026-04-29;CFT;81742;true;Aprovado o Parecer.
2539229-27;2026-04-29;CE;81680;true;Aprovado o Parecer do Relator, Deputado Rafael Brito (MDB-AL).
2308863-53;2026-04-29;CCJC;81737;true;Aprovado o Parecer.
2350483-58;2026-04-29;CCJC;81737;true;Aprovado o Parecer.
2377198-63;2026-04-29;CCJC;81737;true;Aprovado o Parecer.
2441620-30;2026-04-29;CE;81680;true;Aprovado o Parecer da Relatora, Deputada Maria do Rosário (PT-RS)
2618596-3;2026-04-29;CME;81740;true;Aprovado o Requerimento.
2599048-21;2026-04-29;CCTI;81769;true;Aprovado o Parecer.
2437785-45;2026-04-29;CCJC;81737;true;Aprovado o Parecer.
2484433-49;2026-04-29;CCJC;81737;true;Aprovado o Parecer.
2349519-44;2026-04-29;CVT;81741;true;"Aprovado o Parecer com o seguinte resultado: 12 votos ""Sim"", 3 votos ""Não"", 1 Abstenção. Quórum de votação: 16 votos, apresentou voto em separado o Deputado Diego Andrade."
2310103-44;2026-04-29;CVT;81741;true;Aprovado o Parecer.
2475694-27;2026-04-29;CE;81680;true;Aprovado o Parecer do Relator, Deputado Prof. Reginaldo Veras (PV-DF).
2350255-30;2026-04-29;CVT;81741;true;Aprovado o Parecer.
2382223-39;2026-04-29;CVT;81741;true;Aprovado o Parecer.
2400691-25;2026-04-29;CVT;81741;true;Aprovado o Parecer.
2537638-41;2026-04-29;CCJC;81737;true;Aprovado o Parecer.
2552625-37;2026-04-29;CCJC;81737;true;Aprovado o Parecer.
2479417-38;2026-04-29;CVT;81741;true;Aprovado o Parecer.
2487640-23;2026-04-29;CVT;81741;true;Aprovado o Parecer.
2539351-23;2026-04-29;CVT;81741;true;Aprovado o Parecer.
2579222-21;2026-04-29;CVT;81741;true;Aprovado o Parecer.
2598219-23;2026-04-29;CVT;81741;true;Aprovado o Parecer.
2339906-29;2026-04-29;CDU;81755;true;Aprovado o Parecer.
2423948-23;2026-04-29;CDU;81755;true;Aprovado o Parecer.
2291554-26;2026-04-29;CDU;81755;true;Aprovado o Parecer.
2303630-28;2026-04-29;CDU;81755;true;Aprovado o Parecer.
2405763-27;2026-04-29;CDU;81755;true;Aprovado o Parecer.
2613583-2;2026-04-29;CAPADR;81661;true;Aprovado o Requerimento.
2614670-2;2026-04-29;CAPADR;81661;true;Aprovado o Requerimento.
2615168-2;2026-04-29;CAPADR;81661;true;Aprovado o Requerimento.
2615174-2;2026-04-29;CAPADR;81661;true;Aprovado o Requerimento.
2615264-2;2026-04-29;CAPADR;81661;true;Aprovado o Requerimento.
2615666-2;2026-04-29;CAPADR;81661;true;Aprovado o Requerimento.
2615669-2;2026-04-29;CAPADR;81661;true;Aprovado o Requerimento.
2615670-2;2026-04-29;CAPADR;81661;true;Aprovado o Requerimento.
2615774-2;2026-04-29;CAPADR;81661;true;Aprovado o Requerimento.
2615779-2;2026-04-29;CAPADR;81661;true;Aprovado o Requerimento.
2616519-2;2026-04-29;CAPADR;81661;true;Aprovado o Requerimento.
2616970-2;2026-04-29;CAPADR;81661;true;Aprovado o Requerimento.
2617440-2;2026-04-29;CAPADR;81661;true;Aprovado o Requerimento.
2617954-2;2026-04-29;CAPADR;81661;true;Aprovado o Requerimento.
2618075-2;2026-04-29;CAPADR;81661;true;Aprovado o Requerimento.
2618228-2;2026-04-29;CAPADR;81661;true;Aprovado o Requerimento.
2618241-2;2026-04-29;CAPADR;81661;true;Aprovado o Requerimento.
2618245-2;2026-04-29;CAPADR;81661;true;Aprovado o Requerimento.
2618717-2;2026-04-29;CAPADR;81661;true;Aprovado o Requerimento.
2618718-2;2026-04-29;CAPADR;81661;true;Aprovado o Requerimento.
2618719-2;2026-04-29;CAPADR;81661;true;Aprovado o Requerimento.
2618730-2;2026-04-29;CAPADR;81661;true;Aprovado o Requerimento.
2618732-2;2026-04-29;CAPADR;81661;true;Aprovado o Requerimento.
2618734-2;2026-04-29;CAPADR;81661;true;Aprovado o Requerimento.
2613568-3;2026-04-29;CAPADR;81661;true;Aprovado o Requerimento, contra os votos dos Deputados Welter, Padre João e Dilvanda Faro.
2613614-3;2026-04-29;CAPADR;81661;true;Aprovado o Requerimento, contra os votos dos Deputados Welter, Padre João e Dilvanda Faro.
2614835-3;2026-04-29;CAPADR;81661;true;Aprovado o Requerimento, contra os votos dos Deputados Welter, Padre João e Dilvanda Faro.
2614934-3;2026-04-29;CAPADR;81661;true;Aprovado o Requerimento, contra os votos dos Deputados Welter, Padre João e Dilvanda Faro.
2615668-3;2026-04-29;CAPADR;81661;true;Aprovado o Requerimento, contra os votos dos Deputados Welter, Padre João e Dilvanda Faro.
2615687-3;2026-04-29;CAPADR;81661;true;Aprovado o Requerimento, contra os votos dos Deputados Welter, Padre João e Dilvanda Faro.
2615764-3;2026-04-29;CAPADR;81661;true;Aprovado o Requerimento, contra os votos dos Deputados Welter, Padre João e Dilvanda Faro.
2565222-22;2026-04-29;CAPADR;81661;true;Aprovado o Parecer.
2253561-30;2026-04-29;CAPADR;81661;true;Aprovado o Parecer.
2436542-34;2026-04-29;CAPADR;81661;true;Aprovado o Parecer, contra o voto do Deputado Padre João.
2549644-21;2026-04-29;CAPADR;81661;true;Aprovado o Parecer.
2557351-29;2026-04-29;CAPADR;81661;true;Aprovado o Parecer.
2618202-2;2026-04-29;MERCOSUL;81739;true;Aprovado o Requerimento.
2599879-21;2026-04-29;MERCOSUL;81739;true;Aprovado o Parecer pelos Senadores e Deputados.
2599879-22;2026-04-29;MERCOSUL;81739;true;Aprovado o Parecer.
2618243-2;2026-04-29;CCULT;81674;true;Aprovado o Requerimento.
2618815-2;2026-04-29;CCULT;81674;true;Aprovado o Requerimento.
2532543-25;2026-04-29;CCULT;81674;true;Aprovado o Parecer.
2417143-49;2026-04-29;CCULT;81674;true;Aprovado o Parecer.
2550214-21;2026-04-29;CCULT;81674;true;Aprovado o Parecer.
2457375-23;2026-04-29;CCULT;81674;true;Aprovado o Parecer.
2471912-42;2026-04-29;CCULT;81674;true;Aprovado o Parecer.
2618726-15;2026-04-29;PLEN;81831;true;Aprovado o Requerimento.
2618475-8;2026-04-29;PLEN;81831;true;Aprovado, por unanimidade, o Requerimento de Urgência (Art. 155 do RICD).
2618177-9;2026-04-29;PLEN;;true;Alteração do Regime de Tramitação desta proposição em virtude da Aprovação do REQ 2369/2026.
2227819-7;2026-04-29;PLEN;81831;true;Aprovado, por unanimidade, o Requerimento de Urgência (Art. 155 do RICD).
2618187-9;2026-04-29;PLEN;81831;true;Aprovado o Requerimento de Urgência (Art. 155 do RICD).
2618654-8;2026-04-29;PLEN;81831;true;Aprovado o Requerimento de Urgência (Art. 155 do RICD).
2601990-19;2026-04-29;CCP;;true;Realizar o encaminhamento do PLP-21/2026 à CCJC (tramitação simultânea), em razão da aprovação de requerimento de urgência.
2601990-20;2026-04-29;CCP;;true;Realizar o encaminhamento do PLP-21/2026 à CFT (tramitação simultânea), em razão da aprovação de requerimento de urgência.
2601990-21;2026-04-29;CCP;;true;Realizar o encaminhamento do PLP-21/2026 à CFT (tramitação simultânea), em razão da aprovação de requerimento de urgência.
2619087-9;2026-04-29;PLEN;81831;true;Aprovado o Requerimento de Urgência (Art. 155 do RICD).
2619090-9;2026-04-29;PLEN;81831;true;Aprovado o Requerimento de Urgência (Art. 155 do RICD).
2617164-10;2026-04-29;PLEN;81831;false;"Rejeitado o Recurso nº 7/2026 (art. 58, § 1º c/c art. 132, § 2º, RICD). Sim: 154; Não: 245; Abstenção: 3; Total: 402."
2426763-76;2026-04-29;PLEN;81831;true;Aprovada a Subemenda Substitutiva Global ao Projeto de Lei nº 1.248, de 2024, adotada pela relatora da Comissão de Educação.
2426763-79;2026-04-29;PLEN;81831;true;Aprovada a Redação Final assinada pela relatora, Dep. Silvia Cristina (PP/RO).
2448730-62;2026-04-29;PLEN;81831;true;Aprovado o Substitutivo ao Projeto de Lei nº 2.841, de 2024, adotado pela relatora da Comissão de Educação.
2448730-65;2026-04-29;PLEN;81831;true;Aprovada a Redação Final assinada pela relatora, Dep. Socorro Neri (PP/AC).
2529801-36;2026-04-29;PLEN;81831;true;Aprovado o Substitutivo ao Projeto de Lei nº 3.158, de 2025, da Comissão de Constituição e Justiça e de Cidadania.
2529801-39;2026-04-29;PLEN;81831;true;Aprovada a Redação Final assinada pela relatora, Dep. Bia Kicis (PL/DF).
2412181-88;2026-04-29;PLEN;81831;true;Aprovado o Substitutivo ao Projeto de Lei nº 5.967, de 2023, adotado pelo relator da Comissão de Segurança Pública e Combate ao Crime Organizado.
2412181-91;2026-04-29;PLEN;81831;true;Aprovada a Redação Final assinada pelo relator, Dep. Coronel Meira (PL/PE).
2617370-3;2026-04-29;CPASF;81686;true;Aprovado o Requerimento.
2618349-2;2026-04-29;CPASF;81686;true;Aprovado o Requerimento.
2618498-2;2026-04-29;CPASF;81686;true;Aprovado o Requerimento.
2618655-2;2026-04-29;CPASF;81686;true;Aprovado o Requerimento.
2618782-2;2026-04-29;CPASF;81686;true;Aprovado o Requerimento.
2247357-49;2026-04-29;CPASF;81686;true;Aprovado o Parecer.
2601202-21;2026-04-29;CPASF;81686;true;Aprovado o Parecer.
2374390-26;2026-04-29;CDHMIR;81716;true;Aprovado o Parecer.
2307504-29;2026-04-29;CDHMIR;81716;true;Aprovado o Parecer.
2307876-38;2026-04-29;CDHMIR;81716;true;Aprovado o Parecer.
2419960-30;2026-04-29;CDHMIR;81716;true;Aprovado o Parecer.
2497940-40;2026-04-29;CDHMIR;81716;true;Aprovado o Parecer.
2553737-23;2026-04-29;CDHMIR;81716;true;Aprovado o Parecer.
2474295-40;2026-04-29;CPASF;81686;true;Aprovado o Parecer.
145655-102;2026-04-29;CPASF;81686;true;Aprovado o Parecer.
2332730-33;2026-04-29;CPASF;81686;true;Aprovado o Parecer.
2353015-40;2026-04-29;CPASF;81686;true;Aprovado o Parecer.
2405324-30;2026-04-29;CPASF;81686;true;Aprovado o Parecer.
2616325-2;2026-04-29;CCOM;81732;true;Aprovado o Requerimento, com alteração.
2617970-2;2026-04-29;CCOM;81732;true;Aprovado o Requerimento, com alteração
2447061-22;2026-04-29;CCOM;81732;true;Aprovado o Parecer.
2481203-28;2026-04-29;CCOM;81732;true;Aprovado o Parecer.
2502801-26;2026-04-29;CCOM;81732;true;Aprovado o Parecer.
2502819-25;2026-04-29;CCOM;81732;true;Aprovado o Parecer.
2502861-24;2026-04-29;CCOM;81732;true;Aprovado o Parecer.
2504398-24;2026-04-29;CCOM;81732;true;Aprovado o Parecer.
2504401-24;2026-04-29;CCOM;81732;true;Aprovado o Parecer.
2504403-24;2026-04-29;CCOM;81732;true;Aprovado o Parecer.
2504405-24;2026-04-29;CCOM;81732;true;Aprovado o Parecer.
2504528-24;2026-04-29;CCOM;81732;true;Aprovado o Parecer.
2504540-24;2026-04-29;CCOM;81732;true;Aprovado o Parecer.
2504542-24;2026-04-29;CCOM;81732;true;Aprovado o Parecer.
2504550-24;2026-04-29;CCOM;81732;true;Aprovado o Parecer.
2504559-24;2026-04-29;CCOM;81732;true;Aprovado o Parecer.
2508096-24;2026-04-29;CCOM;81732;true;Aprovado o Parecer.
2508108-24;2026-04-29;CCOM;81732;true;Aprovado o Parecer.
2508122-24;2026-04-29;CCOM;81732;true;Aprovado o Parecer.
2508133-24;2026-04-29;CCOM;81732;true;Aprovado o Parecer.
2508136-24;2026-04-29;CCOM;81732;true;Aprovado o Parecer.
2508176-26;2026-04-29;CCOM;81732;true;Aprovado o Parecer.
2508181-27;2026-04-29;CCOM;81732;true;Aprovado o Parecer.
2515775-26;2026-04-29;CCOM;81732;true;Aprovado o Parecer.
2515819-24;2026-04-29;CCOM;81732;true;Aprovado o Parecer.
2515823-30;2026-04-29;CCOM;81732;true;Aprovado o Parecer.
2515828-30;2026-04-29;CCOM;81732;true;Aprovado o Parecer.
2515832-30;2026-04-29;CCOM;81732;true;Aprovado o Parecer.
2515843-30;2026-04-29;CCOM;81732;true;Aprovado o Parecer.
2515852-30;2026-04-29;CCOM;81732;true;Aprovado o Parecer.
2515856-30;2026-04-29;CCOM;81732;true;Aprovado o Parecer.
2515861-30;2026-04-29;CCOM;81732;true;Aprovado o Parecer.
2515881-30;2026-04-29;CCOM;81732;true;Aprovado o Parecer.
2515897-30;2026-04-29;CCOM;81732;true;Aprovado o Parecer.
2515900-31;2026-04-29;CCOM;81732;true;Aprovado o Parecer.
2518213-24;2026-04-29;CCOM;81732;true;Aprovado o Parecer.
2518227-24;2026-04-29;CCOM;81732;true;Aprovado o Parecer.
2518236-24;2026-04-29;CCOM;81732;true;Aprovado o Parecer.
2518241-24;2026-04-29;CCOM;81732;true;Aprovado o Parecer.
2518254-24;2026-04-29;CCOM;81732;true;Aprovado o Parecer.
2518261-26;2026-04-29;CCOM;81732;true;Aprovado o Parecer.
2518270-24;2026-04-29;CCOM;81732;true;Aprovado o Parecer.
2518291-24;2026-04-29;CCOM;81732;true;Aprovado o Parecer.
2518301-24;2026-04-29;CCOM;81732;true;Aprovado o Parecer.
2518317-31;2026-04-29;CCOM;81732;true;Aprovado o Parecer.
2518326-24;2026-04-29;CCOM;81732;true;Aprovado o Parecer.
2518335-25;2026-04-29;CCOM;81732;true;Aprovado o Parecer.
2518338-24;2026-04-29;CCOM;81732;true;Aprovado o Parecer.
2518344-29;2026-04-29;CCOM;81732;true;Aprovado o Parecer.
2518350-24;2026-04-29;CCOM;81732;true;Aprovado o Parecer.
2518361-24;2026-04-29;CCOM;81732;true;Aprovado o Parecer.
2520823-24;2026-04-29;CCOM;81732;true;Aprovado o Parecer.
2520915-24;2026-04-29;CCOM;81732;true;Aprovado o Parecer.
2526512-24;2026-04-29;CCOM;81732;true;Aprovado o Parecer.
2526611-24;2026-04-29;CCOM;81732;true;Aprovado o Parecer.
2529519-24;2026-04-29;CCOM;81732;true;Aprovado o Parecer.
2534823-24;2026-04-29;CCOM;81732;true;Aprovado o Parecer.
2534848-24;2026-04-29;CCOM;81732;true;Aprovado o Parecer.
2535649-24;2026-04-29;CCOM;81732;true;Aprovado o Parecer.
2535695-24;2026-04-29;CCOM;81732;true;Aprovado o Parecer.
2535704-24;2026-04-29;CCOM;81732;true;Aprovado o Parecer.
2535744-24;2026-04-29;CCOM;81732;true;Aprovado o Parecer.
2538716-24;2026-04-29;CCOM;81732;true;Aprovado o Parecer.
2539148-24;2026-04-29;CCOM;81732;true;Aprovado o Parecer.
2539151-24;2026-04-29;CCOM;81732;true;Aprovado o Parecer.
2539158-24;2026-04-29;CCOM;81732;true;Aprovado o Parecer.
2539164-24;2026-04-29;CCOM;81732;true;Aprovado o Parecer.
2539167-24;2026-04-29;CCOM;81732;true;Aprovado o Parecer.
2550832-24;2026-04-29;CCOM;81732;true;Aprovado o Parecer.
2554315-23;2026-04-29;CCOM;81732;true;Aprovado o Parecer.
2559141-24;2026-04-29;CCOM;81732;true;Aprovado o Parecer.
2559151-24;2026-04-29;CCOM;81732;true;Aprovado o Parecer.
2562748-24;2026-04-29;CCOM;81732;true;Aprovado o Parecer.
2567008-24;2026-04-29;CCOM;81732;true;Aprovado o Parecer.
2571188-24;2026-04-29;CCOM;81732;true;Aprovado o Parecer.
2571259-24;2026-04-29;CCOM;81732;true;Aprovado o Parecer.
2578695-24;2026-04-29;CCOM;81732;true;Aprovado o Parecer.
2578716-24;2026-04-29;CCOM;81732;true;Aprovado o Parecer.
2582824-23;2026-04-29;CCOM;81732;true;Aprovado o Parecer.
2447780-22;2026-04-29;CPASF;81686;true;Aprovado o Parecer.
2618519-2;2026-04-29;CLP;81776;true;Aprovado o Requerimento.
2618520-2;2026-04-29;CLP;81776;true;Aprovado o Requerimento.
2300039-20;2026-04-29;CLP;81776;true;Aprovado o Parecer.
2618834-2;2026-04-29;PL808514;81714;true;Aprovado o Requerimento.
2618835-2;2026-04-29;PL808514;81714;true;Aprovado o Requerimento.
2423620-9;2026-04-29;CLP;81776;true;Aprovado o Parecer.
2459797-24;2026-04-29;CPASF;81686;true;Aprovado o Parecer.
2485255-25;2026-04-29;CPASF;81686;true;Aprovado o Parecer.
2607209-2;2026-04-29;CEXZMATA;81562;true;Aprovado o Requerimento.
2607210-2;2026-04-29;CEXZMATA;81562;true;Aprovado o Requerimento, com aditamento para inclusão do Conselho Regional de Engenharia e Agronomia - CREA a pedido do autor do requerimento, deputado Igor Timo.
2607213-2;2026-04-29;CEXZMATA;81562;true;Aprovado o Requerimento.
2607215-2;2026-04-29;CEXZMATA;81562;true;Aprovado o Requerimento.
2607216-2;2026-04-29;CEXZMATA;81562;true;Aprovado o Requerimento.
2607217-2;2026-04-29;CEXZMATA;81562;true;Aprovado o Requerimento.
2611266-2;2026-04-29;CEXZMATA;81562;true;Aprovado o Requerimento.
2613633-2;2026-04-29;CEXZMATA;81562;true;Aprovado o Requerimento.
2613638-2;2026-04-29;CEXZMATA;81562;true;Aprovado o Requerimento.
2613644-2;2026-04-29;CEXZMATA;81562;true;Aprovado o Requerimento.
2618576-2;2026-04-29;CDHMIR;81798;true;Aprovado o Requerimento.
2618656-2;2026-04-29;CDHMIR;81798;true;Aprovado o Requerimento.
2618827-2;2026-04-29;CDHMIR;81798;true;Aprovado o Requerimento.
2618828-2;2026-04-29;CDHMIR;81798;true;Aprovado o Requerimento.
2618829-2;2026-04-29;CDHMIR;81798;true;Aprovado o Requerimento.
2618830-2;2026-04-29;CDHMIR;81798;true;Aprovado o Requerimento.
2618855-3;2026-04-29;CPOVOS;81801;true;Aprovado o Requerimento.
2589020-51;2026-05-04;PLEN;81900;true;Aprovado o Projeto de Decreto Legislativo nº 1.020, de 2025.
2589020-53;2026-05-04;PLEN;81900;true;Aprovada a Redação Final, assinada pelo Dep. Lafayette de Andrada (PL-MG).
540959-105;2026-05-05;CCJC;81867;true;Aprovado o Parecer.
2535336-14;2026-05-05;CCJC;81867;true;Aprovado o Parecer.
2620261-3;2026-05-05;CPD;81802;true;Aprovado o Requerimento.
2587672-34;2026-05-05;CPD;81802;true;Aprovado o Parecer.
2599720-27;2026-05-05;CPD;81802;true;Aprovado o Parecer.
2618226-3;2026-05-05;CSPCCO;81836;true;Aprovado o Requerimento.
2618715-3;2026-05-05;CSPCCO;81836;true;Aprovado o Requerimento.
2619383-3;2026-05-05;CSPCCO;81836;true;Aprovado o Requerimento.
2619386-3;2026-05-05;CSPCCO;81836;true;Aprovado o Requerimento.
2619390-3;2026-05-05;CSPCCO;81836;true;Aprovado o Requerimento.
2620412-3;2026-05-05;CSPCCO;81836;true;Aprovado o Requerimento.
2620635-3;2026-05-05;CSPCCO;81836;true;Aprovado o Requerimento.
2620688-3;2026-05-05;CSPCCO;81836;true;Aprovado o Requerimento.
2620698-3;2026-05-05;CSPCCO;81836;true;Aprovado o Requerimento.
2620748-3;2026-05-05;CSPCCO;81836;true;Aprovado o Requerimento.
2620755-3;2026-05-05;CSPCCO;81836;true;Aprovado o Requerimento.
2620756-3;2026-05-05;CSPCCO;81836;true;Aprovado o Requerimento.
2620764-3;2026-05-05;CSPCCO;81836;true;Aprovado o Requerimento.
2620812-3;2026-05-05;CSPCCO;81836;true;Aprovado o Requerimento.
2621047-3;2026-05-05;CSPCCO;81836;true;Aprovado o Requerimento.
2600121-20;2026-05-05;CSPCCO;81836;true;Aprovado o Parecer.
2194583-71;2026-05-05;CSPCCO;81836;true;Aprovado o Parecer.
2495189-23;2026-05-05;CSPCCO;81836;true;Aprovado o Parecer.
2619113-2;2026-05-05;CASP;81915;true;Aprovado o Requerimento.
2556854-26;2026-05-05;CSPCCO;81836;true;Aprovado o Parecer.
2619096-2;2026-05-05;PL308020;81871;true;Aprovado o Requerimento.
2349521-27;2026-05-05;CASP;81915;true;Aprovado o Parecer.
2442708-22;2026-05-05;CASP;81915;true;Aprovado o Parecer.
2598552-19;2026-05-05;CSPCCO;81836;true;Aprovado o Parecer.
2620145-2;2026-05-05;PEC22119;81891;true;Aprovado o Requerimento.
2620147-2;2026-05-05;PEC22119;81891;true;Aprovado o Requerimento.
2620148-2;2026-05-05;PEC22119;81891;true;Aprovado o Requerimento.
2620168-2;2026-05-05;PEC22119;81891;true;Aprovado o Requerimento.
2620430-2;2026-05-05;PEC22119;81891;true;Aprovado o Requerimento.
2620586-2;2026-05-05;PEC22119;81891;true;Aprovado o Requerimento.
2620587-2;2026-05-05;PEC22119;81891;true;Aprovado o Requerimento.
2620588-2;2026-05-05;PEC22119;81891;true;Aprovado o Requerimento.
2620589-2;2026-05-05;PEC22119;81891;true;Aprovado o Requerimento.
2620706-2;2026-05-05;PEC22119;81891;true;Aprovado o Requerimento.
2620710-2;2026-05-05;PEC22119;81891;true;Aprovado o Requerimento.
2620712-2;2026-05-05;PEC22119;81891;true;Aprovado o Requerimento.
2620714-2;2026-05-05;PEC22119;81891;true;Aprovado o Requerimento.
2620715-2;2026-05-05;PEC22119;81891;true;Aprovado o Requerimento.
2620716-2;2026-05-05;PEC22119;81891;true;Aprovado o Requerimento.
2620721-2;2026-05-05;PEC22119;81891;true;Aprovado o Requerimento.
2620722-2;2026-05-05;PEC22119;81891;true;Aprovado o Requerimento.
2620735-2;2026-05-05;PEC22119;81891;true;Aprovado o Requerimento.
2620736-2;2026-05-05;PEC22119;81891;true;Aprovado o Requerimento.
2620738-2;2026-05-05;PEC22119;81891;true;Aprovado o Requerimento.
2620740-2;2026-05-05;PEC22119;81891;true;Aprovado o Requerimento.
2620767-2;2026-05-05;PEC22119;81891;true;Aprovado o Requerimento.
2620768-2;2026-05-05;PEC22119;81891;true;Aprovado o Requerimento.
2620769-2;2026-05-05;PEC22119;81891;true;Aprovado o Requerimento.
2620770-2;2026-05-05;PEC22119;81891;true;Aprovado o Requerimento.
2620771-2;2026-05-05;PEC22119;81891;true;Aprovado o Requerimento.
2620772-2;2026-05-05;PEC22119;81891;true;Aprovado o Requerimento.
2620774-2;2026-05-05;PEC22119;81891;true;Aprovado o Requerimento.
2620780-2;2026-05-05;PEC22119;81891;true;Aprovado o Requerimento.
2620784-2;2026-05-05;PEC22119;81891;true;Aprovado o Requerimento.
2620787-2;2026-05-05;PEC22119;81891;true;Aprovado o Requerimento.
2620789-2;2026-05-05;PEC22119;81891;true;Aprovado o Requerimento.
2620791-2;2026-05-05;PEC22119;81891;true;Aprovado o Requerimento.
2620792-2;2026-05-05;PEC22119;81891;true;Aprovado o Requerimento.
2620793-2;2026-05-05;PEC22119;81891;true;Aprovado o Requerimento.
2620796-2;2026-05-05;PEC22119;81891;true;Aprovado o Requerimento.
2620797-2;2026-05-05;PEC22119;81891;true;Aprovado o Requerimento.
2620799-2;2026-05-05;PEC22119;81891;true;Aprovado o Requerimento.
2620806-2;2026-05-05;PEC22119;81891;true;Aprovado o Requerimento.
2620807-2;2026-05-05;PEC22119;81891;true;Aprovado o Requerimento.
2620809-2;2026-05-05;PEC22119;81891;true;Aprovado o Requerimento.
2620810-2;2026-05-05;PEC22119;81891;true;Aprovado o Requerimento.
2620811-2;2026-05-05;PEC22119;81891;true;Aprovado o Requerimento.
2620813-2;2026-05-05;PEC22119;81891;true;Aprovado o Requerimento.
2620814-2;2026-05-05;PEC22119;81891;true;Aprovado o Requerimento.
2620815-2;2026-05-05;PEC22119;81891;true;Aprovado o Requerimento.
2620817-2;2026-05-05;PEC22119;81891;true;Aprovado o Requerimento.
2620818-2;2026-05-05;PEC22119;81891;true;Aprovado o Requerimento.
2620820-2;2026-05-05;PEC22119;81891;true;Aprovado o Requerimento.
2620831-2;2026-05-05;PEC22119;81891;true;Aprovado o Requerimento.
2620090-3;2026-05-05;CASP;81915;true;Aprovado o Requerimento, com alteração para incluir o Representante da Federação Nacional dos Trabalhadores dos Ministérios Públicos Estaduais (FENAMP), Representante da Associação dos Servidores da Justiça do Distrito Federal (ASSEJUS), Representante da Federação Nacional dos Trabalhadores do Judiciário nos Estados (FENAJUD) e o Dr. Robson Barbosa, especialista em Liberdade Sindical e autor da obra Negociação Coletiva no Serviço Público, a pedido do Deputado Prof. Reginaldo Veras.
2563307-26;2026-05-05;CSPCCO;81836;true;Aprovado o Parecer.
2579897-23;2026-05-05;CSPCCO;81836;true;Aprovado o Parecer.
2571631-31;2026-05-05;CSPCCO;81836;true;Aprovado o Parecer.
2186064-75;2026-05-05;CCJC;81867;true;Aprovada a Redação Final.
2192935-120;2026-05-05;CCJC;81867;true;Aprovada a Redação Final.
2197389-54;2026-05-05;CCJC;81867;true;Aprovada a Redação Final.
2208659-56;2026-05-05;CCJC;81867;true;Aprovada a Redação Final.
2251839-56;2026-05-05;CCJC;81867;true;Aprovada a Redação Final.
2257506-58;2026-05-05;CCJC;81867;true;Aprovada a Redação Final.
2313425-59;2026-05-05;CCJC;81867;true;Aprovada a Redação Final.
2323433-57;2026-05-05;CCJC;81867;true;Aprovada a Redação Final.
2139808-119;2026-05-05;CCJC;81867;true;Aprovada a Redação Final.
2348385-38;2026-05-05;CCJC;81867;true;Aprovada a Redação Final.
2353763-77;2026-05-05;CCJC;81867;true;Aprovada a Redação Final.
2355307-55;2026-05-05;CCJC;81867;true;Aprovada a Redação Final.
2365806-52;2026-05-05;CCJC;81867;true;Aprovada a Redação Final.
2389586-59;2026-05-05;CCJC;81867;true;Aprovada a Redação Final.
2389760-64;2026-05-05;CCJC;81867;true;Aprovada a Redação Final.
2394254-55;2026-05-05;CCJC;81867;true;Aprovada a Redação Final.
2409757-54;2026-05-05;CCJC;81867;true;Aprovada a Redação Final.
2474116-41;2026-05-05;CCJC;81867;true;Aprovada a Redação Final.
2419545-71;2026-05-05;CCJC;81867;true;Aprovada a Redação Final.
2439714-52;2026-05-05;CCJC;81867;true;Aprovada a Redação Final.
2440499-52;2026-05-05;CCJC;81867;true;Aprovada a Redação Final.
2455569-47;2026-05-05;CCJC;81867;true;Aprovada a Redação Final.
2463653-63;2026-05-05;CCJC;81867;true;Aprovada a Redação Final.
2465166-74;2026-05-05;CCJC;81867;true;Aprovada a Redação Final.
2482178-46;2026-05-05;CCJC;81867;true;Aprovada a Redação Final.
2482637-60;2026-05-05;CCJC;81867;true;Aprovada a Redação Final.
2532269-32;2026-05-05;CCJC;81867;true;Aprovada a Redação Final.
2532281-35;2026-05-05;CCJC;81867;true;Aprovada a Redação Final.
2532288-34;2026-05-05;CCJC;81867;true;Aprovada a Redação Final.
2535339-33;2026-05-05;CCJC;81867;true;Aprovada a Redação Final.
2535351-32;2026-05-05;CCJC;81867;true;Aprovada a Redação Final.
2535353-32;2026-05-05;CCJC;81867;true;Aprovada a Redação Final.
2535368-32;2026-05-05;CCJC;81867;true;Aprovada a Redação Final.
2547308-37;2026-05-05;CCJC;81867;true;Aprovada a Redação Final.
2485099-51;2026-05-05;CCJC;81867;true;Aprovada a Redação Final.
2550998-33;2026-05-05;CCJC;81867;true;Aprovada a Redação Final.
2551000-32;2026-05-05;CCJC;81867;true;Aprovada a Redação Final.
2554543-32;2026-05-05;CCJC;81867;true;Aprovada a Redação Final.
2554547-32;2026-05-05;CCJC;81867;true;Aprovada a Redação Final.
2560563-32;2026-05-05;CCJC;81867;true;Aprovada a Redação Final.
2560571-32;2026-05-05;CCJC;81867;true;Aprovada a Redação Final.
2560580-32;2026-05-05;CCJC;81867;true;Aprovada a Redação Final.
2560628-32;2026-05-05;CCJC;81867;true;Aprovada a Redação Final.
2564987-32;2026-05-05;CCJC;81867;true;Aprovada a Redação Final.
2564989-32;2026-05-05;CCJC;81867;true;Aprovada a Redação Final.
2564993-32;2026-05-05;CCJC;81867;true;Aprovada a Redação Final.
2564999-32;2026-05-05;CCJC;81867;true;Aprovada a Redação Final.
2565014-33;2026-05-05;CCJC;81867;true;Aprovada a Redação Final.
2565017-32;2026-05-05;CCJC;81867;true;Aprovada a Redação Final.
2565028-32;2026-05-05;CCJC;81867;true;Aprovada a Redação Final.
2565031-32;2026-05-05;CCJC;81867;true;Aprovada a Redação Final.
2565033-32;2026-05-05;CCJC;81867;true;Aprovada a Redação Final.
2565035-32;2026-05-05;CCJC;81867;true;Aprovada a Redação Final.
2565038-32;2026-05-05;CCJC;81867;true;Aprovada a Redação Final.
2566818-32;2026-05-05;CCJC;81867;true;Aprovada a Redação Final.
2566822-32;2026-05-05;CCJC;81867;true;Aprovada a Redação Final.
2566823-32;2026-05-05;CCJC;81867;true;Aprovada a Redação Final.
2566825-32;2026-05-05;CCJC;81867;true;Aprovada a Redação Final.
2566833-32;2026-05-05;CCJC;81867;true;Aprovada a Redação Final.
2566843-32;2026-05-05;CCJC;81867;true;Aprovada a Redação Final.
2566845-32;2026-05-05;CCJC;81867;true;Aprovada a Redação Final.
2566854-32;2026-05-05;CCJC;81867;true;Aprovada a Redação Final.
2566855-32;2026-05-05;CCJC;81867;true;Aprovada a Redação Final.
2570169-32;2026-05-05;CCJC;81867;true;Aprovada a Redação Final.
2486380-49;2026-05-05;CCJC;81867;true;Aprovada a Redação Final.
2575455-32;2026-05-05;CCJC;81867;true;Aprovada a Redação Final.
2575465-32;2026-05-05;CCJC;81867;true;Aprovada a Redação Final.
2575476-33;2026-05-05;CCJC;81867;true;Aprovada a Redação Final.
2575485-32;2026-05-05;CCJC;81867;true;Aprovada a Redação Final.
2575488-32;2026-05-05;CCJC;81867;true;Aprovada a Redação Final.
2575491-32;2026-05-05;CCJC;81867;true;Aprovada a Redação Final.
2575494-32;2026-05-05;CCJC;81867;true;Aprovada a Redação Final.
2583499-32;2026-05-05;CCJC;81867;true;Aprovada a Redação Final.
2583506-32;2026-05-05;CCJC;81867;true;Aprovada a Redação Final.
2583511-32;2026-05-05;CCJC;81867;true;Aprovada a Redação Final.
2583521-32;2026-05-05;CCJC;81867;true;Aprovada a Redação Final.
2503777-47;2026-05-05;CCJC;81867;true;Aprovada a Redação Final.
2509462-51;2026-05-05;CCJC;81867;true;Aprovada a Redação Final.
2515018-49;2026-05-05;CCJC;81867;true;Aprovada a Redação Final.
2538889-49;2026-05-05;CCJC;81867;true;Aprovada a Redação Final.
2541297-48;2026-05-05;CCJC;81867;true;Aprovada a Redação Final.
2604961-32;2026-05-05;CCJC;81867;true;Aprovada a Redação Final.
860918-56;2026-05-05;CCJC;81867;true;Aprovada a Redação Final.
2482708-54;2026-05-05;CCJC;81867;true;Aprovada a Redação Final.
2547289-22;2026-05-05;CCJC;81867;true;Aprovado o Parecer.
2547304-22;2026-05-05;CCJC;81867;true;Aprovado o Parecer.
2551004-17;2026-05-05;CCJC;81867;true;Aprovado o Parecer.
2565039-17;2026-05-05;CCJC;81867;true;Aprovado o Parecer.
2583474-17;2026-05-05;CCJC;81867;true;Aprovado o Parecer.
2583534-17;2026-05-05;CCJC;81867;true;Aprovado o Parecer.
2589819-17;2026-05-05;CCJC;81867;true;Aprovado o Parecer.
2589820-17;2026-05-05;CCJC;81867;true;Aprovado o Parecer.
2589886-17;2026-05-05;CCJC;81867;true;Aprovado o Parecer.
2592206-17;2026-05-05;CCJC;81867;true;Aprovado o Parecer.
2592210-17;2026-05-05;CCJC;81867;true;Aprovado o Parecer.
2592230-17;2026-05-05;CCJC;81867;true;Aprovado o Parecer.
2596121-19;2026-05-05;CCJC;81867;true;Aprovado o Parecer.
2432987-38;2026-05-05;CCJC;81867;true;Aprovado o Parecer.
2087475-56;2026-05-05;CCJC;81867;true;Aprovado o Parecer.
2384628-25;2026-05-05;CCJC;81867;true;Aprovado o Parecer.
2384894-53;2026-05-05;CCJC;81867;true;Aprovado o Parecer.
2449135-52;2026-05-05;CCJC;81867;true;Aprovado o Parecer.
2477373-37;2026-05-05;CCJC;81867;true;Aprovado o Parecer.
2618799-3;2026-05-05;CICS;81803;true;Aprovado o Requerimento, com alteração, para incluir a Federação das Indústrias do Estado do Rio de Janeiro, a pedido do Deputado Marcelo Queiroz.
2465247-22;2026-05-05;CICS;81803;true;Aprovado o Parecer.
2461998-39;2026-05-05;CICS;81803;true;Aprovado o Parecer.
2481169-24;2026-05-05;CICS;81803;true;Aprovado o Parecer.
2539772-25;2026-05-05;CICS;81803;true;Aprovado o Parecer.
2547066-25;2026-05-05;CICS;81803;true;Aprovado o Parecer.
2564496-21;2026-05-05;CICS;81803;true;Aprovado o Parecer.
2572384-21;2026-05-05;CICS;81803;true;Aprovado o Parecer.
2595580-21;2026-05-05;CICS;81803;true;Aprovado o Parecer.
2620305-2;2026-05-05;CEXBRLEG;81873;true;Aprovado o Requerimento.
2620306-2;2026-05-05;CEXBRLEG;81873;true;Aprovado o Requerimento.
2620308-2;2026-05-05;CEXBRLEG;81873;true;Aprovado o Requerimento.
2620310-2;2026-05-05;CEXBRLEG;81873;true;Aprovado o Requerimento.
2620786-2;2026-05-05;CEXBRLEG;81873;true;Aprovado o Requerimento.
2620307-3;2026-05-05;CEXBRLEG;81873;true;Aprovado o Requerimento, com alteração para incluir Ecio Morais, Diretor Executivo do Instituto Brasileiro de Gemas e Metais Preciosos.
2595101-7;2026-05-06;CN;;true;Aprovado o parecer na Comissão Mista
2618986-2;2026-05-06;CREDN;81895;true;Aprovado o Requerimento.
2620500-2;2026-05-06;CREDN;81895;true;Aprovado o Requerimento.
2620501-2;2026-05-06;CREDN;81895;true;Aprovado o Requerimento.
2620502-2;2026-05-06;CREDN;81895;true;Aprovado o Requerimento.
2620840-2;2026-05-06;CREDN;81895;true;Aprovado o Requerimento.
2620852-2;2026-05-06;CREDN;81895;true;Aprovado o Requerimento.
2620862-2;2026-05-06;CREDN;81895;true;Aprovado o Requerimento.
2620918-2;2026-05-06;CREDN;81895;true;Aprovado o Requerimento.
2371523-32;2026-05-06;CREDN;81895;true;Aprovado o Parecer.
2482126-38;2026-05-06;CFT;81857;true;Aprovado o Parecer.
2437743-25;2026-05-06;CFT;81857;true;Aprovado o Parecer.
2454194-55;2026-05-06;CFT;81857;true;Aprovado o Parecer.
866002-66;2026-05-06;CFT;81857;true;Aprovado o Parecer.
2462449-41;2026-05-06;CFT;81857;true;Aprovado o Parecer.
2620606-2;2026-05-06;CE;81862;true;Aprovado o Requerimento.
2620607-2;2026-05-06;CE;81862;true;Aprovado o Requerimento.
2620874-2;2026-05-06;CE;81862;true;Aprovado o Requerimento.
2620887-2;2026-05-06;CE;81862;true;Aprovado o Requerimento.
2616620-3;2026-05-06;CFT;81857;true;Aprovado o Requerimento. Subscrito pelo Dep. Rodrigo da Zaeli.
2617405-7;2026-05-06;CFT;81857;true;Aprovado o Requerimento.
2618107-3;2026-05-06;CFT;81857;true;Aprovado o Requerimento.
2618390-4;2026-05-06;CFT;81857;true;Aprovado o Requerimento com alteração. Inclusão do representante do Conselho Federal de Economia - COFECON.
2618391-3;2026-05-06;CFT;81857;true;Aprovado o Requerimento.
2618535-3;2026-05-06;CFT;81857;true;Aprovado o Requerimento.
2618745-3;2026-05-06;CFT;81857;true;Aprovado o Requerimento.
2620843-2;2026-05-06;CFT;81857;true;Aprovado o Requerimento.
2605343-2;2026-05-06;CFFC;81567;true;Aprovado o Requerimento.
2613515-3;2026-05-06;CFFC;81567;true;Aprovado o Requerimento.
2613516-3;2026-05-06;CFFC;81567;true;Aprovado o Requerimento.
2620834-3;2026-05-06;CFFC;81567;true;Aprovado o Requerimento.
2273714-79;2026-05-06;CE;81862;true;Aprovado o Parecer da Relatora, Deputada Maria Rosas (Republicanos-SP)
2449221-56;2026-05-06;CFT;81857;true;Aprovado o Parecer.
2442916-40;2026-05-06;CFT;81857;true;Aprovado o Parecer.
2164722-48;2026-05-06;CE;81862;true;Aprovado o Parecer do Relator, Deputado Diego Garcia (União -PR)
2620221-2;2026-05-06;CAPADR;81845;true;Aprovado o Requerimento.
2620689-2;2026-05-06;CAPADR;81845;true;Aprovado o Requerimento.
2184254-40;2026-05-06;CAPADR;81845;true;Aprovado o Parecer.
2555665-26;2026-05-06;CE;81862;true;Aprovado o Parecer do Relator, Deputado Dagoberto Nogueira (PP-MS)
2618809-2;2026-05-06;CINDRE;81904;true;Aprovado o Requerimento, com subscrição do Deputado Paulo Guedes, que solicitou alteração para incluir no rol de convidados representantes da CUT, Contag, Força Sindical e UGT.
2575466-19;2026-05-06;CCJC;81868;true;Aprovado o Parecer.
2617397-2;2026-05-06;CDC;81838;true;Aprovado, com alteração para incluir Instituto de Defesa dos Consumidores - Idec e Promotora Daniela Nicolai de Oliveira Lima, do Ministério Público do Estado de Rondônia
2617398-2;2026-05-06;CDC;81838;true;Aprovado
2618367-2;2026-05-06;CDC;81838;true;Aprovado com inclusão do Sr. José Roberto Tadros da Confederação Nacional do Comércio de Bens, Serviços e Turismo.
2618569-2;2026-05-06;CDC;81838;true;Aprovado com incluisão do Instituto e-Mais Energia, da Associação Brasileira de Soluções de Armazenamento de Energia, Absae, e do Sr. José Roberto Tadros da Confederação Nacional do Comércio de Bens, Serviços e Turismo.
2618571-2;2026-05-06;CDC;81838;true;Aprovado
2619568-2;2026-05-06;CDC;81838;true;Aprovado
2529217-33;2026-05-06;CAPADR;81845;true;Aprovado o Parecer.
2620938-2;2026-05-06;CINDRE;81904;true;Aprovado.
2267966-67;2026-05-06;CDC;81838;true;Aprovado o Parecer.
2620941-2;2026-05-06;CINDRE;81904;true;Aprovado o Requerimento, subscrito pelo Deputado Paulo Marinho Jr.
2620942-2;2026-05-06;CINDRE;81904;true;Aprovado.
2620681-3;2026-05-06;CME;81848;true;Aditado para inclusão de representante da ABSAE na lista de convidados, a pedido do Autor.
2399469-42;2026-05-06;CDC;81838;true;Aprovado o Parecer.
2611626-6;2026-05-06;CME;;true;Aprovado o requerimento nº 38/2026,do Sr. Max Lemos que requer a inclusão de participante em audiência pública no âmbito DA COMISSÃO DE MINAS E ENERGIA, referente ao REQ 19/2026, que debaterá a situação crítica da indústria siderúrgica nacional diante do aumento das importações de aço, especialmente de origem chinesa, e seus impactos sobre o emprego, a cadeia produtiva e a soberania econômica do Brasil.
2467936-31;2026-05-06;CCJC;81868;false;"Rejeitado o Requerimento de Retirada de Pauta. Resultado: 18 votos ""Sim"", 28 votos ""Não"". Quórum de votação: 46 votos."
2452874-46;2026-05-06;CDC;81838;true;Aprovado o Parecer.
2373720-35;2026-05-06;CME;81848;true;Aprovado o Parecer.
2481717-36;2026-05-06;CE;81862;false;"Rejeitado o Parecer do Relator, Deputado Duda Ramos (Podemos-RR). Resultado: 5 votos ""Sim"", 23 votos ""Não"". Quórum de votação: 28 votos."
2599340-24;2026-05-06;CME;81848;true;Aprovado o Parecer.
2611626-7;2026-05-06;CME;;true;Aprovado o requerimento nº 38/2026,do Sr. Max Lemos que requer a inclusão de participante em audiência pública no âmbito DA COMISSÃO DE MINAS E ENERGIA, referente ao REQ 19/2026, que debaterá a situação crítica da indústria siderúrgica nacional diante do aumento das importações de aço, especialmente de origem chinesa, e seus impactos sobre o emprego, a cadeia produtiva e a soberania econômica do Brasil.
2620681-5;2026-05-06;CME;81848;true;Aprovado o Requerimento, com alteração.
2482155-31;2026-05-06;CE;81862;false;Rejeitado o Parecer, com votos contrários dos Deputados Ismael (PL-SC), Prof. Alcides (PSDB-GO) e Deputada Silvia Cristina (PP-RO).
2416623-29;2026-05-06;CE;81862;true;Aprovado o Parecer da Relatora, Deputada Fernanda Melchionna (PSOL-RS).
2502333-26;2026-05-06;CE;81862;true;Aprovado o Parecer da Relatora, Deputada Fernanda Melchionna (PSOL-RJ).
2500531-20;2026-05-06;CTRAB;81850;true;Aprovado o Parecer.
2504671-28;2026-05-06;CE;81862;true;Aprovado o Parecer do Relator, Deputado Prof. Reginaldo Veras (PV-DF)
2620823-3;2026-05-06;CCJC;81868;true;Aprovado o Requerimento.
2539780-29;2026-05-06;CE;81862;true;Aprovado o Parece do Relator, Deputado Pastor Gil (PL-MA)
2620697-7;2026-05-06;CME;81848;true;Aprovado o Requerimento.
2620744-4;2026-05-06;CME;81848;true;Aprovado o Requerimento.
2620919-4;2026-05-06;CME;81848;true;Aprovado o Requerimento.
2427146-54;2026-05-06;CCJC;81868;false;"Rejeitado o Requerimento de Retirada de Pauta. Resultado: 20 votos ""Sim"", 26 votos ""Não"". Quórum de votação: 46 votos."
2427146-60;2026-05-06;CCJC;81868;true;Aprovado o Parecer.
589624-110;2026-05-06;CCJC;81868;true;Aprovado o Parecer.
1194323-75;2026-05-06;CFT;81857;true;Aprovado o Parecer. Com voto contrário dos Dep. Kim Kataguiri e Sidney Leite.
2618939-2;2026-05-06;CSAUDE;81878;true;Aprovado o Requerimento.
2620283-2;2026-05-06;CSAUDE;81878;true;Aprovado o Requerimento.
2620285-2;2026-05-06;CSAUDE;81878;true;Aprovado o Requerimento.
2620286-2;2026-05-06;CSAUDE;81878;true;Aprovado o Requerimento.
2620520-2;2026-05-06;CSAUDE;81878;true;Aprovado o Requerimento.
2620910-2;2026-05-06;CSAUDE;81878;true;Aprovado o Requerimento.
2620931-2;2026-05-06;CSAUDE;81878;true;Aprovado o Requerimento.
2605120-2;2026-05-06;CSAUDE;81878;true;Aprovado o Requerimento, com alteração de convocação para convite.
2604972-2;2026-05-06;CSAUDE;81878;true;Aprovado o Requerimento, com alteração de convocação para convite.
2186906-35;2026-05-06;CSAUDE;81878;true;Aprovado o Parecer.
2620254-2;2026-05-06;CESPO;81841;true;Aprovado o Requerimento.
2619305-2;2026-05-06;CCULT;81864;true;Aprovado o Requerimento.
2621066-2;2026-05-06;CCULT;81864;true;Aprovado o Requerimento.
2469596-25;2026-05-06;CCULT;81864;true;Aprovado o Parecer.
2534910-27;2026-05-06;CCULT;81864;true;Aprovado o Parecer.
2555975-21;2026-05-06;CCULT;81864;true;Aprovado o Parecer.
2619998-8;2026-05-06;PLEN;81962;true;Aprovado o Requerimento de Urgência (Art. 155 do RICD).
2561269-18;2026-05-06;PLEN;;true;Aprovado o requerimento nº 2527/2026,do Sr. Cobalchini, que solicita urgência (art. 155) para o PRC 21/2026.
2561269-19;2026-05-06;CCP;;true;Realizar o encaminhamento do PRC-70/2025 à CCJC (tramitação simultânea), em razão da aprovação de requerimento de urgência.
2561269-20;2026-05-06;PLEN;;true;Alteração do Regime de Tramitação desta proposição em virtude da alteração do regime do PRC 21/2026, por ter sido aprovado o REQ 2527/2026 que está apensado ao primeiro.
2617160-15;2026-05-06;PLEN;;true;Alteração do Regime de Tramitação desta proposição em virtude da Aprovação do REQ 2527/2026.
2621292-8;2026-05-06;PLEN;81962;true;Aprovado, por unanimidade, o Requerimento de Urgência (Art. 155 do RICD).
2447259-73;2026-05-06;PLEN;81962;false;Rejeitado o Requerimento.
2447259-77;2026-05-06;PLEN;81962;true;Aprovado o Requerimento.
2447259-84;2026-05-06;PLEN;81962;true;Aprovada a Subemenda Substitutiva Reformulada ao Projeto de Lei nº 2.780, de 2024, adotada pelo relator da Comissão Especial, ressalvados os destaques.
2447259-99;2026-05-06;PLEN;81962;;"Mantido o texto. Sim: 343; Não: 97; Abstenção: 1; Total: 441."
2447259-102;2026-05-06;PLEN;81962;false;Rejeitada a Emenda de Plenário nº 63.
2447259-104;2026-05-06;PLEN;81962;true;Aprovada a Redação Final assinada pelo relator, Dep. Arnaldo Jardim (CIDADANIA/SP).
949094-181;2026-05-06;PLEN;81962;true;Aprovada a Subemenda Substitutiva ao Projeto de Lei nº 466, de 2015, adotada pela Relatora da Comissão de Viação e Transportes.
949094-184;2026-05-06;PLEN;81962;true;Aprovada a Redação Final assinada pela Relatora, Dep. Duda Salabert (PSOL-MG).
2407337-85;2026-05-06;PLEN;81962;true;Aprovada a Subemenda Substitutiva ao Projeto de Lei nº 5.744, de 2023, adotada pelo relator da Comissão de Constituição e Justiça e de Cidadania.
2407337-87;2026-05-06;PLEN;81962;true;Aprovada a Redação Final assinada pelo relator, Dep. Delegado da Cunha (PP-SP).
2545048-48;2026-05-06;PLEN;81962;true;Aprovada a Subemenda Substitutiva Global ao Projeto de Lei nº 3.984, de 2025, adotada pela relatora da Comissão de Constituição e Justiça e de Cidadania, ressalvado o destaque.
2545048-51;2026-05-06;PLEN;81962;true;Aprovada a Emenda de Plenário nº 3.
2545048-55;2026-05-06;PLEN;81962;true;Aprovada a Redação Final assinada pela relatora, Dep. Delegada Ione (AVANTE/MG).
2620537-2;2026-05-06;CDHMIR;81906;true;Aprovado o Requerimento.
2620538-2;2026-05-06;CDHMIR;81906;true;Aprovado o Requerimento.
2620682-2;2026-05-06;CDHMIR;81906;true;Aprovado o Requerimento.
2620971-2;2026-05-06;CDHMIR;81906;true;Aprovado o Requerimento.
2621064-2;2026-05-06;CDHMIR;81906;true;Aprovado o Requerimento.
2621065-2;2026-05-06;CDHMIR;81906;true;Aprovado o Requerimento.
2621067-2;2026-05-06;CDHMIR;81906;true;Aprovado o Requerimento.
2621087-2;2026-05-06;CDHMIR;81906;true;Aprovado o Requerimento.
2549400-22;2026-05-06;CDHMIR;81906;true;Aprovado o Parecer.
2561299-23;2026-05-06;CDHMIR;81906;true;Aprovado o Parecer.
2233802-221;2026-05-06;PEC22119;;true;Aprovado o requerimento nº 51/2026,do Sr. Welter que requer a realização de Seminário Público na cidade de Governador Valadares (MG) para debater a PEC nº 221/2019 e apensada, fortalecendo o debate quanto à redução da jornada de trabalho para debater os impactos da redução da jornada de trabalho.
2621459-2;2026-05-06;PEC22119;81897;true;Aprovado o Requerimento.
2621461-2;2026-05-06;PEC22119;81897;true;Aprovado o Requerimento.
2621465-2;2026-05-06;PEC22119;81897;true;Aprovado o Requerimento.
2621471-2;2026-05-06;PEC22119;81897;true;Aprovado o Requerimento.
2621509-2;2026-05-06;PEC22119;81897;true;Aprovado o Requerimento.
2621517-2;2026-05-06;PEC22119;81897;true;Aprovado o Requerimento.
2621527-2;2026-05-06;PEC22119;81897;true;Aprovado o Requerimento.
2621529-2;2026-05-06;PEC22119;81897;true;Aprovado o Requerimento.
2621531-2;2026-05-06;PEC22119;81897;true;Aprovado o Requerimento.
2621532-2;2026-05-06;PEC22119;81897;true;Aprovado o Requerimento.
2621628-2;2026-05-06;PEC22119;81897;true;Aprovado o Requerimento.
2621631-2;2026-05-06;PEC22119;81897;true;Aprovado o Requerimento.
2621634-2;2026-05-06;PEC22119;81897;true;Aprovado o Requerimento.
2621635-2;2026-05-06;PEC22119;81897;true;Aprovado o Requerimento.
2621638-2;2026-05-06;PEC22119;81897;true;Aprovado o Requerimento.
2621639-2;2026-05-06;PEC22119;81897;true;Aprovado o Requerimento.
2621640-2;2026-05-06;PEC22119;81897;true;Aprovado o Requerimento.
2621642-2;2026-05-06;PEC22119;81897;true;Aprovado o Requerimento.
2621644-2;2026-05-06;PEC22119;81897;true;Aprovado o Requerimento.
2621645-2;2026-05-06;PEC22119;81897;true;Aprovado o Requerimento.
2439044-23;2026-05-06;CDHMIR;81906;true;Aprovado o Parecer.
2268727-43;2026-05-06;CDHMIR;81906;true;Aprovado o Parecer.
2495002-36;2026-05-06;CPASF;81869;true;Aprovado o Parecer.
2256940-39;2026-05-06;CPASF;81869;true;Aprovado o Parecer.
2613356-4;2026-05-06;CCOM;81880;true;Aprovado o Requerimento.
2621311-2;2026-05-06;PEC22119;81897;true;Aprovado o Requerimento, com alteração para incluir seminário na cidade de Manaus - AM, a pedido do Deputado Saullo Vianna.
2508172-23;2026-05-06;CCOM;81880;true;Aprovado o Parecer.
2515848-29;2026-05-06;CCOM;81880;true;Aprovado o Parecer.
2518274-23;2026-05-06;CCOM;81880;true;Aprovado o Parecer.
2520844-23;2026-05-06;CCOM;81880;true;Aprovado o Parecer.
2520850-23;2026-05-06;CCOM;81880;true;Aprovado o Parecer.
2520898-23;2026-05-06;CCOM;81880;true;Aprovado o Parecer.
2520904-23;2026-05-06;CCOM;81880;true;Aprovado o Parecer.
2526432-23;2026-05-06;CCOM;81880;true;Aprovado o Parecer.
2526614-23;2026-05-06;CCOM;81880;true;Aprovado o Parecer.
2526617-23;2026-05-06;CCOM;81880;true;Aprovado o Parecer.
2526621-25;2026-05-06;CCOM;81880;true;Aprovado o Parecer.
2527521-25;2026-05-06;CCOM;81880;true;Aprovado o Parecer.
2529330-23;2026-05-06;CCOM;81880;true;Aprovado o Parecer.
2529845-25;2026-05-06;CCOM;81880;true;Aprovado o Parecer.
2529898-22;2026-05-06;CCOM;81880;true;Aprovado o Parecer.
2529901-23;2026-05-06;CCOM;81880;true;Aprovado o Parecer.
2539858-24;2026-05-06;CCOM;81880;true;Aprovado o Parecer.
2539864-23;2026-05-06;CCOM;81880;true;Aprovado o Parecer.
2542581-23;2026-05-06;CCOM;81880;true;Aprovado o Parecer.
2542584-23;2026-05-06;CCOM;81880;true;Aprovado o Parecer.
2542593-23;2026-05-06;CCOM;81880;true;Aprovado o Parecer.
2550893-23;2026-05-06;CCOM;81880;true;Aprovado o Parecer.
2550903-23;2026-05-06;CCOM;81880;true;Aprovado o Parecer.
2575421-23;2026-05-06;CCOM;81880;true;Aprovado o Parecer.
2609853-22;2026-05-06;CCOM;81880;true;Aprovado o Parecer.
2617003-3;2026-05-06;CCOM;81880;true;Aprovado o Requerimento.
2621641-2;2026-05-06;PEC22119;81897;true;Aprovado o Requerimento, com alteração para incluir o Sr. Antônio Neto da Central dos Sindicatos Brasileiros, a pedido do Deputado José Rocha.
2617004-3;2026-05-06;CCOM;81880;true;Aprovado o Requerimento.
2619711-4;2026-05-06;CCOM;81880;true;Aprovado o Requerimento.
2526745-22;2026-05-06;CPASF;81869;true;Aprovado o Parecer.
2574148-30;2026-05-06;CCOM;81880;true;Aprovado o Parecer.
2578993-25;2026-05-06;CCOM;81880;true;Aprovado o Parecer.
2487159-24;2026-05-06;CPASF;81869;true;Aprovado o Parecer.
2491389-33;2026-05-06;CPASF;81869;true;Aprovado o Parecer.
2621098-2;2026-05-06;PL808514;81761;true;Aprovado o Requerimento.
2537247-32;2026-05-06;CPASF;81869;true;Aprovado o Parecer.
2552608-29;2026-05-06;CPASF;81869;true;Aprovado o Parecer.
2600319-21;2026-05-06;CPASF;81869;true;Aprovado o Parecer.
2600326-21;2026-05-06;CPASF;81869;true;Aprovado o Parecer.
2595101-23;2026-05-07;PLEN;81997;true;Aprovado, em apreciação preliminar, o Parecer da Comissão Mista, na parte em que manifesta opinião favorável quanto ao atendimento dos pressupostos constitucionais de relevância e urgência e de sua adequação financeira e orçamentária, nos termos do artigo 8º da Resolução nº 01, de 2002-CN.
2595101-24;2026-05-07;PLEN;81997;true;Aprovado, em apreciação preliminar, o Parecer da Comissão Mista, na parte em que manifesta opinião pelo não atendimento dos pressupostos constitucionais de relevância e urgência e de sua adequação financeira e orçamentária, nos termos do artigo 8º da Resolução nº 01, de 2002-CN.
2595101-26;2026-05-07;PLEN;81997;true;Aprovada a Medida Provisória nº 1.327, de 2025, na forma do Projeto de Lei de Conversão.
2595101-28;2026-05-07;PLEN;81997;true;Aprovada a Redação Final, assinada pelo Dep. Isnaldo Bulhões Jr. (MDB/AL).
2598651-39;2026-05-07;PLEN;81997;false;Rejeitado o Requerimento.
2598651-43;2026-05-07;PLEN;81997;true;Aprovado o Substitutivo ao Projeto de Lei nº 6.601, de 2025, adotado pelo relator da Comissão de Trabalho.
2598651-46;2026-05-07;PLEN;81997;true;Aprovada a Redação Final assinada pelo relator, Dep. Bruno Farias (REPUBLICANOS/MG).
2561269-29;2026-05-07;PLEN;81997;true;Aprovado o Substitutivo ao Projeto de Resolução nº 70, de 2025, adotado pelo relator da Mesa Diretora da Câmara dos Deputados.
2561269-32;2026-05-07;PLEN;81997;true;Aprovada a Redação Final, assinada pelo relator, Dep. Inácio Arruda (PCdoB-CE).
2422907-63;2026-05-08;CCP;;true;Realizar o encaminhamento do PL-699/2023 à CAPADR (tramitação simultânea), em razão da aprovação de requerimento de urgência.
2422907-64;2026-05-08;CCP;;true;Realizar o encaminhamento do PL-699/2023 à CCJC (tramitação simultânea), em razão da aprovação de requerimento de urgência.
2422907-65;2026-05-08;CCP;;true;Realizar o encaminhamento do PL-699/2023 à CFT (tramitação simultânea), em razão da aprovação de requerimento de urgência.
2422907-66;2026-05-08;CCP;;true;Realizar o encaminhamento do PL-699/2023 à CFT (tramitação simultânea), em razão da aprovação de requerimento de urgência.
2422907-67;2026-05-08;CCP;;true;Realizar o encaminhamento do PL-699/2023 à CICS (tramitação simultânea), em razão da aprovação de requerimento de urgência.
2622878-11;2026-05-11;PLEN;82039;true;Aprovado o Requerimento de Urgência (Art. 155 do RICD).
2623337-3;2026-05-12;CPD;81953;true;Aprovado o Requerimento.
2623338-3;2026-05-12;CPD;81953;true;Aprovado o Requerimento.
2376445-35;2026-05-12;CPD;81953;true;Aprovado o Parecer.
2593657-23;2026-05-12;CPD;81953;true;Aprovado o Parecer.
2599597-28;2026-05-12;CPD;81953;true;Aprovado o Parecer.
2599626-23;2026-05-12;CPD;81953;true;Aprovado o Parecer.
2608412-23;2026-05-12;CPD;81953;true;Aprovado o Parecer.
2191208-67;2026-05-12;PLEN;82080;true;"Aprovada a Subemenda Substitutiva Global ao Projeto de Lei nº 488, de 2019, adotada pelo relator da Comissão de Constituição e Justiça e de Cidadania, ressalvado o destaque. Sim: 436; Não: 3; Total: 439."
2405705-65;2026-05-12;PLEN;82080;true;Aprovado o Substitutivo ao Projeto de Lei nº 1.054, de 2019, adotado pela relatora da Comissão de Administração e Serviço Público.
2405705-68;2026-05-12;PLEN;82080;true;Aprovada a Redação Final assinada pela relatora, Dep. Julia Zanatta (PL/SC).
2554555-49;2026-05-12;PLEN;82080;true;Aprovado o Substitutivo ao Projeto de Lei nº 4.295, de 2025, adotado pela relatora da Comissão de Constituição e Justiça e de Cidadania.
2554555-52;2026-05-12;PLEN;82080;true;Aprovada a Redação Final assinada pela relatora, Dep. Camila Jara (PT/MS).
2620956-2;2026-05-12;CSPCCO;81956;true;Aprovado o Requerimento.
2620958-2;2026-05-12;CSPCCO;81956;true;Aprovado o Requerimento.
2620960-2;2026-05-12;CSPCCO;81956;true;Aprovado o Requerimento.
2620961-2;2026-05-12;CSPCCO;81956;true;Aprovado o Requerimento.
2622181-2;2026-05-12;CSPCCO;81956;true;Aprovado o Requerimento.
2622202-2;2026-05-12;CSPCCO;81956;true;Aprovado o Requerimento.
2622295-2;2026-05-12;CSPCCO;81956;true;Aprovado o Requerimento.
2622898-2;2026-05-12;CSPCCO;81956;true;Aprovado o Requerimento.
2623181-2;2026-05-12;CSPCCO;81956;true;Aprovado o Requerimento.
2623269-3;2026-05-12;CSPCCO;81956;true;Aprovado o Requerimento.
2623311-2;2026-05-12;CSPCCO;81956;true;Aprovado o Requerimento.
2623374-2;2026-05-12;CSPCCO;81956;true;Aprovado o Requerimento.
2623413-2;2026-05-12;CSPCCO;81956;true;Aprovado o Requerimento.
2509454-27;2026-05-12;CSPCCO;81956;true;Aprovado o Parecer.
2498294-38;2026-05-12;CSPCCO;81956;true;Aprovado o Parecer.
2620497-4;2026-05-12;CPOVOS;81979;true;Aprovado o Requerimento.
2623134-3;2026-05-12;CPOVOS;81979;true;Aprovado o Requerimento.
2160769-46;2026-05-12;CPOVOS;81979;true;Aprovado o Parecer.
2538328-28;2026-05-12;CPOVOS;81979;true;Aprovado o Parecer.
2379957-29;2026-05-12;CPOVOS;81979;true;Aprovado o Parecer.
2600425-23;2026-05-12;CSPCCO;81956;true;Aprovado o Parecer.
2482618-55;2026-05-12;CSPCCO;81956;true;Aprovado o Parecer.
2582878-20;2026-05-12;CSPCCO;81956;true;Aprovado o Parecer.
2551334-28;2026-05-12;CSPCCO;81956;true;Aprovado o Parecer.
2574765-25;2026-05-12;CSPCCO;81956;true;Aprovado o Parecer.
2580314-25;2026-05-12;CSPCCO;81956;true;Aprovado o Parecer.
2579772-27;2026-05-12;CSPCCO;81956;true;Aprovado o Parecer.
2586621-27;2026-05-12;CSPCCO;81956;true;Aprovado o Parecer.
2599047-26;2026-05-12;CSPCCO;81956;true;Aprovado o Parecer.
2541448-25;2026-05-12;CSPCCO;81956;true;Aprovado o Parecer.
2548441-21;2026-05-12;CSPCCO;81956;true;Aprovado o Parecer.
2581616-25;2026-05-12;CSPCCO;81956;true;Aprovado o Parecer.
2587815-21;2026-05-12;CSPCCO;81956;true;Aprovado o Parecer.
2599045-24;2026-05-12;CSPCCO;81956;true;Aprovado o Parecer.
2601936-21;2026-05-12;CSPCCO;81956;true;Aprovado o Parecer.
2532256-32;2026-05-12;CCJC;81996;true;Aprovada a Redação Final.
2532279-32;2026-05-12;CCJC;81996;true;Aprovada a Redação Final.
2565022-32;2026-05-12;CCJC;81996;true;Aprovada a Redação Final.
2426549-17;2026-05-12;CCJC;81996;true;Aprovado o Parecer.
2428302-17;2026-05-12;CCJC;81996;true;Aprovado o Parecer.
2428311-17;2026-05-12;CCJC;81996;true;Aprovado o Parecer.
2430242-17;2026-05-12;CCJC;81996;true;Aprovado o Parecer.
2435880-17;2026-05-12;CCJC;81996;true;Aprovado o Parecer.
2474133-17;2026-05-12;CCJC;81996;true;Aprovado o Parecer.
2507005-17;2026-05-12;CCJC;81996;true;Aprovado o Parecer.
2518467-18;2026-05-12;CCJC;81996;true;Aprovado o Parecer.
2547294-24;2026-05-12;CCJC;81996;true;Aprovado o Parecer.
2560560-17;2026-05-12;CCJC;81996;true;Aprovado o Parecer.
2565020-17;2026-05-12;CCJC;81996;true;Aprovado o Parecer.
2565034-17;2026-05-12;CCJC;81996;true;Aprovado o Parecer.
2566850-17;2026-05-12;CCJC;81996;true;Aprovado o Parecer.
2583482-17;2026-05-12;CCJC;81996;true;Aprovado o Parecer.
2583489-17;2026-05-12;CCJC;81996;true;Aprovado o Parecer.
2589809-17;2026-05-12;CCJC;81996;true;Aprovado o Parecer.
2589813-17;2026-05-12;CCJC;81996;true;Aprovado o Parecer.
2589821-17;2026-05-12;CCJC;81996;true;Aprovado o Parecer.
2589861-17;2026-05-12;CCJC;81996;true;Aprovado o Parecer.
2589869-17;2026-05-12;CCJC;81996;true;Aprovado o Parecer.
2589872-17;2026-05-12;CCJC;81996;true;Aprovado o Parecer.
2589881-17;2026-05-12;CCJC;81996;true;Aprovado o Parecer.
2589885-17;2026-05-12;CCJC;81996;true;Aprovado o Parecer.
2589890-17;2026-05-12;CCJC;81996;true;Aprovado o Parecer.
2592200-17;2026-05-12;CCJC;81996;true;Aprovado o Parecer.
2596100-20;2026-05-12;CCJC;81996;true;Aprovado o Parecer.
2596109-19;2026-05-12;CCJC;81996;true;Aprovado o Parecer.
2608736-17;2026-05-12;CCJC;81996;true;Aprovado o Parecer.
2623373-3;2026-05-12;CCJC;81996;true;Aprovado o Requerimento, com o voto contrário dos Deputados Sâmia Bomfim, Marina Silva e Luiz Couto.
2421322-35;2026-05-12;CCJC;81996;true;Aprovado o Parecer.
2173293-59;2026-05-12;CCJC;81996;true;Aprovado o Parecer.
2173294-63;2026-05-12;CCJC;81996;true;Aprovado o Parecer.
2173295-72;2026-05-12;CCJC;81996;true;Aprovado o Parecer.
2173398-60;2026-05-12;CCJC;81996;true;Aprovado o Parecer.
2190483-65;2026-05-12;CCJC;81996;true;Aprovado o Parecer.
2225388-41;2026-05-12;CCJC;81996;true;Aprovado o Parecer.
2411916-33;2026-05-12;CCJC;81996;true;Aprovado o Parecer.
2444640-41;2026-05-12;CCJC;81996;true;Aprovado o Parecer.
2483161-32;2026-05-12;CCJC;81996;true;Aprovado o Parecer.
2516021-33;2026-05-12;CCJC;81996;true;Aprovado o Parecer.
2549486-36;2026-05-12;CCJC;81996;true;Aprovado o Parecer.
2193342-127;2026-05-12;CCJC;81990;true;Aprovado o Parecer.
2622085-2;2026-05-12;PEC22119;81899;true;Aprovado o Requerimento, com alteração para incluir representante do Ministério dos Direitos Humanos e da Cidadania, a pedido do Deputado Alencar Santana.
2622084-2;2026-05-12;PEC22119;81899;true;Aprovado o Requerimento.
2622079-2;2026-05-12;PEC22119;81899;true;Aprovado o Requerimento.
2622081-2;2026-05-12;PEC22119;81899;true;Aprovado o Requerimento.
2622083-2;2026-05-12;PEC22119;81899;true;Aprovado o Requerimento.
2622091-2;2026-05-12;PEC22119;81899;true;Aprovado o Requerimento, com alteração para excluir o Instituto Pensar Agropecuária - IPA, a pedido do Autor do Requerimento.
2622089-2;2026-05-12;PEC22119;81899;true;Aprovado o Requerimento.
2622090-3;2026-05-12;PEC22119;81899;true;Aprovado o Requerimento.
2622092-2;2026-05-12;PEC22119;81899;true;Aprovado o Requerimento.
2622957-2;2026-05-12;PEC22119;81899;true;Aprovado o Requerimento.
2622961-2;2026-05-12;PEC22119;81899;true;Aprovado o Requerimento.
2622962-2;2026-05-12;PEC22119;81899;true;Aprovado o Requerimento.
2622963-2;2026-05-12;PEC22119;81899;true;Aprovado o Requerimento.
2622964-2;2026-05-12;PEC22119;81899;true;Aprovado o Requerimento.
2622967-2;2026-05-12;PEC22119;81899;true;Aprovado o Requerimento.
2622968-2;2026-05-12;PEC22119;81899;true;Aprovado o Requerimento.
2622970-2;2026-05-12;PEC22119;81899;true;Aprovado o Requerimento.
2622971-2;2026-05-12;PEC22119;81899;true;Aprovado o Requerimento.
2623003-2;2026-05-12;PEC22119;81899;true;Aprovado o Requerimento.
2623276-2;2026-05-12;PEC22119;81899;true;Aprovado o Requerimento.
2623277-2;2026-05-12;PEC22119;81899;true;Aprovado o Requerimento.
2623439-2;2026-05-12;CEXEXPLO;82065;true;Aprovado o Requerimento, com aditamento do Dep. Osmar Terra para incluir o Rio Grande do Sul nas Visitas Técnicas da Comissão.
2623442-2;2026-05-12;CEXEXPLO;82065;true;Aprovado o Requerimento.
2623443-2;2026-05-12;CEXEXPLO;82065;true;Aprovado o Requerimento.
2601054-19;2026-05-13;CREDN;82057;true;Aprovado o Parecer.
2545768-41;2026-05-13;CREDN;82057;true;Aprovado o Parecer.
2358496-52;2026-05-13;CREDN;82057;true;Aprovado o Parecer, com o voto contrário da bancada do PT na Comissão.
2492312-25;2026-05-13;CREDN;82057;true;Aprovado o Parecer, com o voto contrário do deputado Marcel van Hattem (NOVO/RS).
2621303-2;2026-05-13;CSAUDE;82060;true;Aprovado o Requerimento.
2622755-2;2026-05-13;CSAUDE;82060;true;Aprovado o Requerimento.
2623135-2;2026-05-13;CSAUDE;82060;true;Aprovado o Requerimento.
2623405-2;2026-05-13;CSAUDE;82060;true;Aprovado o Requerimento.
2623499-2;2026-05-13;CSAUDE;82060;true;Aprovado o Requerimento.
2623500-2;2026-05-13;CSAUDE;82060;true;Aprovado o Requerimento.
2604413-2;2026-05-13;CFFC;81874;true;Aprovado o Requerimento.
2605350-2;2026-05-13;CFFC;81874;true;Aprovado o Requerimento.
2417651-22;2026-05-13;CSAUDE;82060;true;Aprovado o Parecer.
2605357-2;2026-05-13;CFFC;81874;true;Aprovado o Requerimento.
2605360-2;2026-05-13;CFFC;81874;true;Aprovado o Requerimento.
2608606-2;2026-05-13;CFFC;81874;true;Aprovado o Requerimento.
2623356-2;2026-05-13;CFFC;81874;true;Aprovado o Requerimento.
2613841-3;2026-05-13;CFFC;81874;true;Aprovado o Requerimento.
2615416-3;2026-05-13;CFFC;81874;true;Aprovado o Requerimento.
2481616-26;2026-05-13;CSAUDE;82060;true;Aprovado o Parecer.
2485111-40;2026-05-13;CSAUDE;82060;true;Aprovado o Parecer.
2195674-31;2026-05-13;CSAUDE;82060;true;Aprovado o Parecer.
2521031-24;2026-05-13;CSAUDE;82060;true;Aprovado o Parecer.
2582052-23;2026-05-13;CSAUDE;82060;true;Aprovado o Parecer.
2566205-24;2026-05-13;CSAUDE;82060;true;Aprovado o Parecer.
2619897-2;2026-05-13;CCTI;82059;true;Aprovado o Requerimento.
2623553-2;2026-05-13;CCTI;82059;true;Aprovado o Requerimento.
2418048-35;2026-05-13;CCTI;82059;true;Aprovado o Parecer.
2488682-27;2026-05-13;CCTI;82059;true;Aprovado o Parecer.
2565287-30;2026-05-13;CCTI;82059;true;Aprovado o Parecer.
2567195-28;2026-05-13;CCTI;82059;true;Aprovado o Parecer.
2601001-26;2026-05-13;CCTI;82059;true;Aprovado o Parecer.
2623095-2;2026-05-13;CE;81955;true;Aprovado o Requerimento, com a inclusão, a pedido do Deputado Tarcísio Motta, de representante da Associação Nacional das Universidades Particulares e de Elizabeth Guedes, presidente da Confederação Nacional dos Estabelecimentos de Ensino (CONFENM), no rol dos convidados.
2623187-2;2026-05-13;CE;81955;true;Aprovado o Requerimento.
2623520-2;2026-05-13;CE;81955;true;Aprovado o Requerimento.
2565429-29;2026-05-13;CE;81955;true;Aprovado o Parecer da Relatora, Deputada Socorro Neri (PP-AC)
2571617-32;2026-05-13;CE;81955;true;Aprovado o Parecer da Relatora, Deputada Socorro Neri (PP-AC)
2623408-3;2026-05-13;CVT;81989;true;Aprovado o Requerimento.
2620284-2;2026-05-13;CMADS;81952;true;Aprovado o Requerimento.
2620519-3;2026-05-13;CMADS;81952;true;Aprovado o Requerimento.
2620527-2;2026-05-13;CMADS;81952;true;Aprovado o Requerimento, com alteração para incluir o Instituto de Defesa de Consumidores (IDEC) e o Laboratório de Políticas Públicas e Internet (Lapin), a pedido do Deputado Chico Alencar.
2620892-2;2026-05-13;CMADS;81952;true;Aprovado o Requerimento.
2622071-2;2026-05-13;CMADS;81952;true;Aprovado o Requerimento.
2622307-2;2026-05-13;CMADS;81952;true;Aprovado o Requerimento.
2623195-3;2026-05-13;CMADS;81952;true;Aprovado o Requerimento.
2589377-23;2026-05-13;CVT;81989;true;Aprovado o Parecer.
2596640-30;2026-05-13;CE;81955;true;Aprovado o Parecer da Relatora, Deputada Socorro Neri (PP-AC)
2486448-47;2026-05-13;CMADS;81952;true;Aprovado o Parecer.
760175-98;2026-05-13;CVT;81989;true;Aprovado o Parecer.
2325450-47;2026-05-13;CFT;81958;true;Aprovado o Parecer.
2577143-40;2026-05-13;CFT;81958;true;Aprovado o Parecer.
2538258-40;2026-05-13;CFT;81958;true;Aprovado o Parecer.
2452204-56;2026-05-13;CFT;81958;true;Aprovado o Parecer.
2458261-35;2026-05-13;CFT;81958;true;Aprovado o Parecer.
2486420-52;2026-05-13;CFT;81958;true;Aprovado o Parecer.
2500253-21;2026-05-13;CFT;81958;true;Aprovado o Parecer.
2596849-33;2026-05-13;CFT;81958;true;Aprovado o Parecer.
2405665-51;2026-05-13;CFT;81958;true;Aprovado o Parecer.
2549064-31;2026-05-13;CE;81955;true;Aprovado o Parecer do Relator, Deputado Maurício Carvalho (União - RO)
2622304-2;2026-05-13;CFT;81958;true;Aprovado o Requerimento.
2623417-2;2026-05-13;CFT;81958;true;Aprovado o Requerimento.
2623554-2;2026-05-13;CFT;81958;true;"Aprovado o Requerimento, com alterações, para incluir a pedido do Deputado Hildo Rocha os representantes: IBDA - Instituto Brasileiro de Direito do Agronegócio; FEBRABAN - Federação Brasileira de Bancos; e SINDIVEG - Sindicato Nacional da Indústria de Produtos para Defesa Vegetal."
2623623-2;2026-05-13;PEC22119;82017;true;Aprovado o Requerimento.
2623624-2;2026-05-13;PEC22119;82017;true;Aprovado o Requerimento.
2623625-2;2026-05-13;PEC22119;82017;true;Aprovado o Requerimento.
2623626-2;2026-05-13;PEC22119;82017;true;Aprovado o Requerimento.
2205269-64;2026-05-13;CVT;81989;true;Aprovado o Parecer.
616539-71;2026-05-13;CE;81955;true;Aprovado o Parecer do Relator, Deputado Prof. Reginaldo Veras (PV-DF).
2479989-45;2026-05-13;CFT;81958;true;Aprovado o Parecer.
2093330-77;2026-05-13;CFT;81958;true;Aprovado o Parecer.
2422109-43;2026-05-13;CFT;81958;true;Aprovado o Parecer.
2622112-4;2026-05-13;CME;81973;true;Aditado para a inclusão de representante da Abrace, por sugestão do Dep. Junior Ferrari. Aprovado o Requerimento.
2600830-19;2026-05-13;CVT;81989;true;Aprovado o Parecer.
2623139-2;2026-05-13;CINDRE;82066;true;Aprovado.
2499995-21;2026-05-13;CVT;81989;true;Aprovado o Parecer.
2600015-20;2026-05-13;CVT;81989;true;Aprovado o Parecer.
2475882-29;2026-05-13;CE;81955;true;Aprovado o Parecer da Relatora, Deputada Dandara (PT-MG)
2427382-43;2026-05-13;CVT;81989;true;Aprovado o Parecer.
2623334-3;2026-05-13;CINDRE;82066;true;Aprovado.
2476573-32;2026-05-13;CE;81955;true;Aprovado o Parecer da Relatora, Deputada Nely Aquino (Podemos-MG)
2498455-38;2026-05-13;CVT;81989;true;Aprovado o Parecer.
2599313-25;2026-05-13;CINDRE;82066;true;Aprovado o Parecer.
2581801-23;2026-05-13;CVT;81989;true;Aprovado o Parecer.
2581807-21;2026-05-13;CVT;81989;true;Aprovado o Parecer.
2529395-26;2026-05-13;CE;81955;true;Aprovado o Parecer da Relatora, Deputada Sâmia Bomfim (PSOL-SP)
494802-97;2026-05-13;CME;81973;true;Aprovado o Parecer.
2555390-25;2026-05-13;CE;81955;true;Aprovado o Parecer da Relatora, Deputada Lídice da Mata (PSB-BA)
2600848-25;2026-05-13;CE;81955;true;Aprovado o Parecer do Relartor, Deputado Luiz Lima (Novo-RJ)
2622951-4;2026-05-13;CCJC;82014;true;Aprovado o Requerimento.
2499158-31;2026-05-13;CME;81973;false;Rejeitado o Parecer.
2478425-41;2026-05-13;CE;81955;true;Aprovado o Parecer do Relator, Deputado Dagoberto Nogueira (PP-MS)
2122125-97;2026-05-13;CCJC;82014;true;Aprovado o Parecer, apresentaram votos em separado os Deputados Arnaldo Faria de Sá e Hissa Abrahão.
2499158-35;2026-05-13;CME;81973;true;Aprovado o Parecer Vencedor do Dep. Paulo Guedes. O parecer do Relator, Dep. Cleber Verde, passou a constituir Voto em Separado.
2473086-78;2026-05-13;CCJC;82014;true;Aprovado o Parecer.
2467936-42;2026-05-13;CCJC;82014;false;"Rejeitado o Requerimento de Retirada de Pauta. Resultado: 21 votos ""Sim"", 33 votos ""Não"", 1 Abstenção. Quórum de votação: 55 votos."
2618770-4;2026-05-13;CDU;81970;true;Aprovado o Requerimento.
2395747-49;2026-05-13;CDU;81970;true;Aprovado o Parecer.
498619-94;2026-05-13;CDU;81970;true;Aprovado o Parecer.
2434463-30;2026-05-13;CDU;81970;true;Aprovado o Parecer.
2487485-29;2026-05-13;CDU;81970;true;Aprovado o Parecer.
2539835-26;2026-05-13;CDU;81970;true;Aprovado o Parecer.
2586611-22;2026-05-13;CDU;81970;true;Aprovado o Parecer.
2534202-23;2026-05-13;CDU;81970;true;Aprovado o Parecer.
2536751-27;2026-05-13;CDU;81970;true;Aprovado o Parecer.
2622931-2;2026-05-13;CESPO;82035;true;Aprovado o Requerimento.
104333-87;2026-05-13;CESPO;82035;true;Aprovado o Parecer.
2618500-3;2026-05-13;CIDOSO;82075;true;Aprovado o Requerimento.
2618756-3;2026-05-13;CIDOSO;82075;true;Aprovado o Requerimento.
2469396-35;2026-05-13;CIDOSO;82075;true;Aprovado o Parecer.
2599617-23;2026-05-13;CIDOSO;82075;true;Aprovado o Parecer.
2599503-22;2026-05-13;CIDOSO;82075;true;Aprovado o Parecer.
2571562-24;2026-05-13;CIDOSO;82075;true;Aprovado o Parecer com Complementação de Voto.
2531525-38;2026-05-13;CIDOSO;82075;true;Aprovado o Parecer.
2596087-23;2026-05-13;CIDOSO;82075;true;Aprovado o Parecer.
2601109-21;2026-05-13;CIDOSO;82075;true;Aprovado o Parecer.
2576298-21;2026-05-13;CMULHER;81853;true;Aprovado o Parecer.
2623463-2;2026-05-13;CCULT;81911;true;Aprovado o Requerimento.
2623467-2;2026-05-13;CCULT;81911;true;Aprovado o Requerimento.
2153847-47;2026-05-13;CCULT;81911;true;Aprovado o Parecer.
2608573-21;2026-05-13;CCULT;81911;true;Aprovado o Parecer.
2426719-25;2026-05-13;CMULHER;81853;true;Aprovado o Parecer.
2498969-29;2026-05-13;CMULHER;81853;true;Aprovado o Parecer.
2534565-36;2026-05-13;CMULHER;81853;true;Aprovado o Parecer.
2573985-21;2026-05-13;CMULHER;81853;true;Aprovado o Parecer.
2456236-37;2026-05-13;CMULHER;81853;true;Aprovado o Parecer.
2335652-37;2026-05-13;CMULHER;81853;true;Aprovado o Parecer com Complementação de Voto.
2601990-42;2026-05-13;PLEN;82096;true;"Aprovado o Substitutivo ao Projeto de Lei Complementar nº 21, de 2026, adotado pelo relator da Comissão de Finanças e Tributação. Sim: 421; Não: 3; Abstenção: 1; Total: 425."
2601990-45;2026-05-13;PLEN;82096;true;Aprovada a Redação Final assinada pelo relator, Dep. Doutor Luizinho (PP-RJ).
2585361-37;2026-05-13;PLEN;82096;true;Aprovado o Projeto de Lei nº 5.878, de 2025.
2585361-39;2026-05-13;PLEN;82096;true;Aprovada a Redação Final assinada pela relatora, Dep. Renilce Nicodemos (MDB/PA).
2439777-41;2026-05-13;PLEN;82096;true;Aprovado o Projeto de Lei nº 2.978, de 2023, ressalvado o destaque.
2439777-43;2026-05-13;PLEN;82096;false;Rejeitadas as Emendas de Plenário.
2439777-46;2026-05-13;PLEN;82096;;Mantido o texto.
2481715-51;2026-05-13;PLEN;82096;false;Rejeitado o Requerimento.
2481715-63;2026-05-13;PLEN;82096;true;Aprovado o Projeto de Lei nº 3.278, de 2021.
2481715-66;2026-05-13;PLEN;82096;false;Rejeitadas as Emendas de Plenário.
2481715-68;2026-05-13;PLEN;82096;true;Aprovada a Emenda de Redação nº 1.
2481715-70;2026-05-13;PLEN;82096;true;Aprovada a Redação Final assinada pelo relator, Dep. José Priante (MDB/PA).
2622099-2;2026-05-13;CPASF;81992;true;Aprovado o Requerimento.
2622457-2;2026-05-13;CPASF;81992;true;Aprovado o Requerimento.
2560686-24;2026-05-13;CPASF;81992;true;Aprovado o Parecer.
2620776-2;2026-05-13;CLP;81924;true;Aprovado o Requerimento.
2620777-2;2026-05-13;CLP;81924;true;Aprovado o Requerimento.
2620778-2;2026-05-13;CLP;81924;true;Aprovado o Requerimento.
2620779-2;2026-05-13;CLP;81924;true;Aprovado o Requerimento.
2622044-2;2026-05-13;CLP;81924;true;Aprovado o Requerimento.
2623632-2;2026-05-13;PL308020;82040;true;Aprovado o Requerimento.
2615906-2;2026-05-13;CMULHER;82018;true;Aprovado o Requerimento, subscrito pela Deputada Erika Hilton.
2617514-2;2026-05-13;CMULHER;82018;true;Aprovado o Requerimento, subscrito pela Deputada Erika Hilton.
2618194-2;2026-05-13;CMULHER;82018;true;Aprovado o Requerimento, subscrito pela Deputada Erika Hilton.
2618786-2;2026-05-13;CMULHER;82018;true;Aprovado o Requerimento.
2618853-2;2026-05-13;CMULHER;82018;true;Aprovado o Requerimento.
2618854-2;2026-05-13;CMULHER;82018;true;Aprovado o Requerimento, subscrito pela Deputada Erika Hilton.
2622897-2;2026-05-13;CMULHER;82018;true;Aprovado o Requerimento, subscrito pela Deputada Erika Hilton.
2622899-2;2026-05-13;CMULHER;82018;true;Aprovado o Requerimento, subscrito pelas Deputadas Erika Hilton e Célia Xakriabá.
2623230-2;2026-05-13;CMULHER;82018;true;Aprovado o Requerimento, subscrito pela Deputada Erika Hilton.
2623303-2;2026-05-13;CMULHER;82018;true;Aprovado o Requerimento, subscrito pela Deputada Erika Hilton.
2620116-2;2026-05-13;PLP10821;81959;true;Aprovado.
2620313-2;2026-05-13;PLP10821;81959;true;Aprovado.
2620702-2;2026-05-13;PLP10821;81959;true;Aprovado.
2620798-2;2026-05-13;PLP10821;81959;true;Aprovado, com a inclusão dos seguintes convidados, a pedido do Autor do Requerimento: Representante da Federação das Indústrias do Estado do Rio de Janeiro (Firjan) e Glicio Oliveira, Consultor da Câmara de Dirigentes Lojistas (CDL) de Salvador e Feira de Santana.
2621998-2;2026-05-13;PLP10821;81959;true;Aprovado.
2621999-2;2026-05-13;PLP10821;81959;true;Aprovado.
2623022-2;2026-05-13;PLP10821;81959;true;Aprovado.
2620839-2;2026-05-13;PLP10821;81959;true;Aprovado.
2621068-2;2026-05-13;PLP10821;81959;true;Aprovado.
2621069-2;2026-05-13;PLP10821;81959;true;Aprovado.
2624727-32;2026-05-14;PLEN;82132;true;Aprovado o Substitutivo ao Projeto de Lei nº 2.391, de 2026, adotado pela relatora da Comissão de Previdência, Assistência Social, Infância, Adolescência e Família.
2624727-35;2026-05-14;PLEN;82132;true;Aprovada a Redação Final assinada pela relatora, Dep. Bia Kicis (PL/DF).
2620513-7;2026-05-15;PLEN;82138;true;Aprovado, por unanimidade, o Requerimento de Urgência (Art. 155 do RICD).
2619026-7;2026-05-15;PLEN;82138;true;Aprovado o Requerimento.
2268773-23;2026-05-15;PLEN;;true;Aprovado o requerimento nº 2441/2026,dos Srs. Doutor Luizinho e Dr. Zacharias Calil que requer a retirada de tramitação e o arquivamento do Projeto de Lei nº 865/2020, que acrescenta artigo à Lei nº 11.947, de 2009, que rege, entre outras matérias, o Programa Nacional de Alimentação Escolar (PNAE), para autorizar, em caráter excepcional, durante o período de suspensão das aulas em razão da pandemia do coronavírus, a distribuição direta aos pais e responsáveis dos estudantes das escolas públicas de educação básica de gêneros alimentícios adquiridos com esses recursos.
2270236-21;2026-05-15;PLEN;;true;Aprovado o requerimento nº 2441/2026,dos Srs. Doutor Luizinho e Dr. Zacharias Calil que requer a retirada de tramitação e o arquivamento do Projeto de Lei nº 865/2020, que acrescenta artigo à Lei nº 11.947, de 2009, que rege, entre outras matérias, o Programa Nacional de Alimentação Escolar (PNAE), para autorizar, em caráter excepcional, durante o período de suspensão das aulas em razão da pandemia do coronavírus, a distribuição direta aos pais e responsáveis dos estudantes das escolas públicas de educação básica de gêneros alimentícios adquiridos com esses recursos.
2516808-46;2026-05-18;CCP;;true;Realizar o encaminhamento do PL-2564/2025 à CCJC (tramitação simultânea), em razão da aprovação de requerimento de urgência.
2516808-47;2026-05-18;CCP;;true;Realizar o encaminhamento do PL-2564/2025 à CMADS (tramitação simultânea), em razão da aprovação de requerimento de urgência.
2623862-3;2026-05-18;PEC22119;82077;true;Aprovado o Requerimento.
2624920-2;2026-05-18;PEC22119;82077;true;Aprovado o Requerimento.
2625169-2;2026-05-18;PEC22119;82077;true;Aprovado o Requerimento.
2233802-303;2026-05-18;PEC22119;;true;Aprovado o requerimento nº 101/2026,da Sra. Julia Zanatta que requer estudos ao Instituto de Pesquisa Econômica Aplicada acerca dos impactos econômicos e sociais das propostas de alteração da jornada de trabalho.
2625171-2;2026-05-18;PEC22119;82077;true;Aprovado o Requerimento.
2625173-2;2026-05-18;PEC22119;82077;true;Aprovado o Requerimento.
2233802-306;2026-05-18;PEC22119;;true;Aprovado o requerimento nº 106/2026,dos Srs. Alfredinho e Waldenor Pereira que requer a realização de Audiência Pública, no âmbito da Comissão Especial sobre a redução de jornada de trabalho (PEC Nº 221/2019), em Vitória da Conquista no Estado da Bahia.
2625176-2;2026-05-18;PEC22119;82077;true;Aprovado o Requerimento, com alteração para incluir a OXFAM, a pedido da Deputada Fernanda Melchionna.
2625174-2;2026-05-18;PEC22119;82077;true;Aprovado o Requerimento, com alteração de audiência pública para seminário, a pedido do Deputado Alencar Santana
2625175-2;2026-05-18;PEC22119;82077;true;Aprovado o Requerimento, com alteração de audiência pública para seminário, a pedido do Deputado Alencar Santana.
2599928-6;2026-05-19;CN;;true;Aprovado o parecer na Comissão Mista
2625170-4;2026-05-19;PEC22119;82079;true;Aprovado o Requerimento.
2625172-4;2026-05-19;PEC22119;82079;true;Aprovado o Requerimento.
2605243-12;2026-05-19;PLEN;82155;true;"Aprovado o Requerimento de Urgência (Art. 155 do RICD). Sim: 317; Não: 123; Total: 440."
2524951-37;2026-05-19;CCP;;true;Realizar o encaminhamento do PL-2827/2025 à CCJC (tramitação simultânea), em razão da aprovação de requerimento de urgência.
2524951-38;2026-05-19;PLEN;;true;Alteração do Regime de Tramitação desta proposição em virtude da Aprovação do REQ 1181/2026.
2605258-7;2026-05-19;PLEN;82155;true;Aprovado o Requerimento de Urgência (Art. 155 do RICD).
2524951-40;2026-05-19;CCP;;true;Realizar o encaminhamento do PL-2827/2025 à CCJC (tramitação simultânea), em razão da aprovação de requerimento de urgência.
2607163-7;2026-05-19;PLEN;82155;true;Aprovado o Requerimento de Urgência (Art. 155 do RICD).
2613904-7;2026-05-19;PLEN;82155;true;Aprovado o Requerimento de Urgência (Art. 155 do RICD).
2529217-40;2026-05-19;CCP;;true;Realizar o encaminhamento do PL-3123/2025 à CCJC (tramitação simultânea), em razão da aprovação de requerimento de urgência.
2529217-41;2026-05-19;PLEN;;true;Alteração do Regime de Tramitação desta proposição em virtude da Aprovação do REQ 1935/2026.
2623298-7;2026-05-19;PLEN;82155;true;Aprovado, por unanimidade, o Requerimento de Urgência (Art. 155 do RICD).
2624646-8;2026-05-19;PLEN;82155;true;Aprovado o Requerimento de Urgência (Art. 155 do RICD).
2625333-8;2026-05-19;PLEN;82155;true;Aprovado o Requerimento de Urgência (Art. 155 do RICD).
2504793-10;2026-05-19;CCP;;true;Realizar o encaminhamento do PL-2143/2025 (Nº Anterior: PLS 404/2018) à CAPADR (tramitação simultânea), em razão da aprovação de requerimento de urgência.
2504793-11;2026-05-19;CCP;;true;Realizar o encaminhamento do PL-2143/2025 (Nº Anterior: PLS 404/2018) à CCJC (tramitação simultânea), em razão da aprovação de requerimento de urgência.
2625709-7;2026-05-19;PLEN;82155;true;Aprovado o Requerimento de Urgência (Art. 155 do RICD).
2565804-8;2026-05-19;PLEN;82155;true;"Aprovado o Requerimento de Urgência (Art. 155 do RICD). Sim: 284; Não: 127; Abstenção: 1; Total: 412."
2565441-18;2026-05-19;CCP;;true;Realizar o encaminhamento do PL-4822/2025 à CCJC (tramitação simultânea), em razão da aprovação de requerimento de urgência.
2565441-19;2026-05-19;CCP;;true;Realizar o encaminhamento do PL-4822/2025 à CCJC (tramitação simultânea), em razão da aprovação de requerimento de urgência.
2565441-20;2026-05-19;PLEN;;true;Alteração do Regime de Tramitação desta proposição em virtude da Aprovação do REQ 3983/2025.
2422887-23;2026-05-19;PLEN;82155;false;"Rejeitado o Requerimento. Sim: 126; Não: 274; Abstenção: 2; Total: 402."
2422887-24;2026-05-19;PLEN;82155;false;Rejeitado o Recurso nº 5/2024 (art. 58, § 1º c/c art. 132, § 2º, RICD).
2349508-111;2026-05-19;PLEN;82155;true;Aprovado o art. 14-b da lei nº 5.889, de 1973, contido no artigo primeiro do Substitutivo do Senado Federal ao Projeto de Lei nº 715, de 2023.
2349508-113;2026-05-19;PLEN;82155;false;Rejeitado o Substitutivo do Senado Federal ao projeto de lei nº 715, de 2023.
2349508-115;2026-05-19;PLEN;82155;true;Aprovada a Redação Final assinada pelo relator, Dep. Evair Vieira de Melo (REPUBLIC/ES).
2528433-60;2026-05-19;PLEN;82155;true;Aprovada a Subemenda Substitutiva Global ao Projeto de Lei nº 3.066, de 2025, adotada pela relatora da Comissão de Previdência, Assistência Social, Infância, Adolescência e Família.
2528433-63;2026-05-19;PLEN;82155;true;Aprovada a Redação Final assinada pela relatora, Dep. Rogéria Santos (REPUBLIC-BA).
2565441-32;2026-05-19;PLEN;82155;true;Aprovado o Substitutivo ao Projeto de Lei nº 4.822, de 2025, adotado pelo relator da Comissão de Constituição e Justiça e de Cidadania, ressalvado o destaque.
2565441-36;2026-05-19;PLEN;82155;false;Rejeitado o Requerimento.
2565441-39;2026-05-19;PLEN;82155;;Mantido o texto.
2565441-41;2026-05-19;PLEN;82155;true;Aprovada a Redação Final assinada pelo relator, Dep. Rodrigo Gambale (PODE/SP).
2447983-57;2026-05-19;PLEN;82155;true;"Aprovado o Projeto de Lei Complementar nº 262, de 2019. Sim: 442; Não: 2; Total: 444."
2447983-59;2026-05-19;PLEN;82155;true;Aprovada a Emenda da Comissão de Finanças e Tributação ao Projeto de Lei Complementar nº 262, de 2019.
2447983-61;2026-05-19;PLEN;82155;true;Aprovada a Redação Final assinada pela Dep. Bia Kicis (PL/DF).
2625048-2;2026-05-19;CPOVOS;82090;true;Aprovado o Requerimento.
2625350-2;2026-05-19;CPOVOS;82090;true;Aprovado o Requerimento.
2623973-3;2026-05-19;CPOVOS;82090;true;Aprovado o Requerimento.
2625138-3;2026-05-19;CPOVOS;82090;true;Aprovado o Requerimento.
2625139-3;2026-05-19;CPOVOS;82090;true;Aprovado o Requerimento.
2625140-3;2026-05-19;CPOVOS;82090;true;Aprovado o Requerimento.
2625141-3;2026-05-19;CPOVOS;82090;true;Aprovado o Requerimento.
2625142-3;2026-05-19;CPOVOS;82090;true;Aprovado o Requerimento.
2625143-3;2026-05-19;CPOVOS;82090;true;Aprovado o Requerimento.
2625144-3;2026-05-19;CPOVOS;82090;true;Aprovado o Requerimento.
2625145-3;2026-05-19;CPOVOS;82090;true;Aprovado o Requerimento.
2625146-3;2026-05-19;CPOVOS;82090;true;Aprovado o Requerimento.
2625147-3;2026-05-19;CPOVOS;82090;true;Aprovado o Requerimento.
2625148-3;2026-05-19;CPOVOS;82090;true;Aprovado o Requerimento.
2625149-3;2026-05-19;CPOVOS;82090;true;Aprovado o Requerimento.
2625150-3;2026-05-19;CPOVOS;82090;true;Aprovado o Requerimento.
2625152-3;2026-05-19;CPOVOS;82090;true;Aprovado o Requerimento.
2625153-3;2026-05-19;CPOVOS;82090;true;Aprovado o Requerimento.
2625165-3;2026-05-19;CPOVOS;82090;true;Aprovado o Requerimento.
2625166-3;2026-05-19;CPOVOS;82090;true;Aprovado o Requerimento.
2248275-85;2026-05-19;CPOVOS;82090;true;Aprovado o Parecer.
2624723-2;2026-05-19;PL308020;82158;true;Aprovado o Requerimento.
2625332-2;2026-05-19;PL308020;82158;true;Aprovado o Requerimento.
2625367-2;2026-05-19;PL308020;82158;true;Aprovado o Requerimento.
2625638-2;2026-05-19;PL308020;82158;true;Aprovado o Requerimento.
2488256-23;2026-05-19;CPOVOS;82090;true;Aprovado o Parecer.
2451811-40;2026-05-19;CPOVOS;82090;true;Aprovado o Parecer.
2623371-2;2026-05-19;CSPCCO;82091;true;Aprovado o Requerimento.
2623619-2;2026-05-19;CSPCCO;82091;true;Aprovado o Requerimento.
2623836-2;2026-05-19;CSPCCO;82091;true;Aprovado o Requerimento.
2624072-2;2026-05-19;CSPCCO;82091;true;Aprovado o Requerimento.
2624534-2;2026-05-19;CSPCCO;82091;true;Aprovado o Requerimento.
2624753-2;2026-05-19;CSPCCO;82091;true;Aprovado o Requerimento.
2624960-2;2026-05-19;CSPCCO;82091;true;Aprovado o Requerimento.
2625177-2;2026-05-19;CSPCCO;82091;true;Aprovado o Requerimento.
2625178-2;2026-05-19;CSPCCO;82091;true;Aprovado o Requerimento.
2625179-2;2026-05-19;CSPCCO;82091;true;Aprovado o Requerimento.
2625292-2;2026-05-19;CSPCCO;82091;true;Aprovado o Requerimento.
2625318-2;2026-05-19;CSPCCO;82091;true;Aprovado o Requerimento.
2625319-2;2026-05-19;CSPCCO;82091;true;Aprovado o Requerimento.
2625356-2;2026-05-19;CSPCCO;82091;true;Aprovado o Requerimento.
2625510-2;2026-05-19;CSPCCO;82091;true;Aprovado o Requerimento.
2483841-23;2026-05-19;CPOVOS;82090;true;Aprovado o Parecer.
2624074-2;2026-05-19;CSPCCO;82091;true;Aprovado o Requerimento.
2592145-23;2026-05-19;CPOVOS;82090;true;Aprovado o Parecer.
2599703-21;2026-05-19;CPOVOS;82090;true;Aprovado o Parecer.
2542117-22;2026-05-19;CSPCCO;82091;true;Aprovado o Parecer.
2467091-23;2026-05-19;CSPCCO;82091;true;Aprovado o Parecer.
2559813-23;2026-05-19;CSPCCO;82091;true;Aprovado o Parecer.
2623454-2;2026-05-19;CEXZMATA;82015;true;Aprovado o Requerimento.
2566420-30;2026-05-19;CSPCCO;82091;true;Aprovado o Parecer.
2570215-23;2026-05-19;CSPCCO;82091;true;Aprovado o Parecer.
2574766-23;2026-05-19;CSPCCO;82091;true;Aprovado o Parecer.
2603142-22;2026-05-19;CSPCCO;82091;true;Aprovado o Parecer.
2584909-25;2026-05-19;CPD;82147;true;Aprovado o Parecer.
2593765-31;2026-05-19;CPD;82147;true;Aprovado o Parecer.
2604288-23;2026-05-19;CPD;82147;true;Aprovado o Parecer.
2624963-2;2026-05-19;CPD;82147;true;Aprovado o Requerimento.
2625303-2;2026-05-19;CPD;82147;true;Aprovado o Requerimento.
2625328-2;2026-05-19;CPD;82147;true;Aprovado o Requerimento.
2625335-2;2026-05-19;CPD;82147;true;Aprovado o Requerimento.
2625375-2;2026-05-19;CPD;82147;true;Aprovado o Requerimento.
2601802-22;2026-05-19;CPD;82147;true;Aprovado o Parecer.
2467940-39;2026-05-19;CPD;82147;true;Aprovado o Parecer.
2600256-23;2026-05-19;CPD;82147;true;Aprovado o Parecer.
2600733-23;2026-05-19;CPD;82147;true;Aprovado o Parecer.
2619894-2;2026-05-19;CICS;82085;true;Aprovado o Requerimento, com alteração para incluir, a pedido do Deputado Josenildo, os seguintes convidados: Bia Barbosa, representante do Comitê Gestor da Internet, Paula Bernardi, diretora da Internet Society, Alessandro Molon, Diretor-Executivo da Aliança pela Infraestrutura Digital e Internet Aberta no Brasil, Breno Vale, Presidente da Associação Brasileira de Provedores de Internet e Telecomunicações, e Cristiano Flôres, Presidente-Executivo da Associação Brasileira de Emissoras de Rádio e Televisão.
2621625-3;2026-05-19;CICS;82085;true;Aprovado o Requerimento.
2623237-4;2026-05-19;CICS;82085;true;Aprovado o Requerimento.
2511851-22;2026-05-19;CICS;82085;true;Aprovado o Parecer.
2554592-23;2026-05-19;CICS;82085;true;Aprovado o Parecer.
1228863-61;2026-05-19;CCJC;82163;false;"Rejeitado o Requerimento de Retirada de Pauta. Resultado: 10 votos ""Sim"", 39 votos ""Não"". Quórum de votação: 49 votos."
1228863-64;2026-05-19;CCJC;82163;false;"Rejeitado o Requerimento de desmembramento da PEC 32/2015. Resultado: 5 votos ""Sim"", 38 votos ""Não"". Quórum de votação: 43 votos."
2624925-2;2026-05-19;CEXEXPLO;82172;true;Aprovado o Requerimento.
2625316-2;2026-05-19;CEXEXPLO;82172;true;Aprovado o Requerimento.
