Q7 complemento - ranking completo por custo-beneficio
 id_deputado |                nome                 | gasto_total | qtd_proposicoes | proposicoes_aprovadas | presenca_total | beneficio |      custo_beneficio
-------------+-------------------------------------+-------------+-----------------+-----------------------+----------------+-----------+----------------------------
      220636 | Luiz Marinho                        |        0.18 |               1 |                     0 |              1 |       2.1 |        11.6666666666666667
      204503 | Alexandre Padilha                   |        0.21 |               1 |                     0 |              2 |       2.2 |        10.4761904761904762
      204366 | Rodrigo Coelho                      |        0.02 |               0 |                     0 |              1 |       0.1 |         5.0000000000000000
      211498 | Renato Santana                      |        0.30 |               0 |                     0 |              1 |       0.1 |     0.33333333333333333333
      220715 | Amom Mandel                         |    89463.44 |            3576 |                     1 |           1152 |    7270.2 |     0.08126448077561068521
       74471 | André de Paula                      |      122.55 |               3 |                     0 |              0 |       6.0 |     0.04895960832313341493
      204365 | Gilson Marques                      |   509782.96 |            4518 |                     1 |           1235 |    9162.5 |     0.01797333516208544907
      204528 | Adriana Ventura                     |   247921.24 |            1943 |                     1 |           1441 |    4033.1 |     0.01626766629595753877
      141488 | Paulo Teixeira                      |     2017.85 |              11 |                     0 |             58 |      27.8 |     0.01377703991872537602
      178937 | Altineu Côrtes                      |  1301839.06 |            5540 |                     1 |            433 |   11126.3 |     0.00854660175889944491
      204506 | Marcos Pereira                      |  1593389.86 |            6513 |                     1 |            684 |   13097.4 |     0.00821983390806817360
      212625 | Dr. Gonçalo                         |     1137.69 |               3 |                     0 |             32 |       9.2 |     0.00808656136557410191
      225846 | Itamar Paim                         |      746.14 |               2 |                     0 |             13 |       5.3 |     0.00710322459592033667
      220618 | Sargento Portugal                   |  1471127.74 |            4712 |                     1 |           1453 |    9572.3 |     0.00650677690300367798
      204536 | Kim Kataguiri                       |   567658.89 |            1565 |                     3 |           1208 |    3259.8 |     0.00574253316106790823
       89536 | Prof. Paulo Fernando                |   246997.40 |             508 |                     2 |            870 |    1109.0 |     0.00448992580488701501
      220654 | Delegado Paulo Bilynskyj            |  1490770.50 |            3101 |                     1 |           1813 |    6386.3 |     0.00428389212155727525
       74856 | Laura Carneiro                      |  1552993.91 |            3210 |                    10 |           1819 |    6631.9 |     0.00427039665596628128
      204572 | Capitão Alberto Neto                |  1388824.69 |            2821 |                     3 |           1330 |    5784.0 |     0.00416467250449010955
       74084 | Raimundo Santos                     |  1601638.99 |            2836 |                     3 |           1214 |    5802.4 |     0.00362278892823407102
      204462 | Chris Tonietto                      |  1221668.17 |            1963 |                     0 |           1253 |    4051.3 |     0.00331620328620004891
      220637 | Marina Silva                        |     5649.34 |               5 |                     0 |             79 |      17.9 |     0.00316851171995312727
      204522 | Marco Bertaiolli                    |   204077.68 |             294 |                     1 |            187 |     609.7 |     0.00298758786360174224
      156190 | Marcel van Hattem                   |   863613.15 |            1221 |                     0 |           1292 |    2571.2 |     0.00297725897295565729
      204535 | Sâmia Bomfim                        |  1437230.61 |            2010 |                     0 |           1658 |    4185.8 |     0.00291240665963828867
      220529 | Gilson Daniel                       |  1649272.16 |            2027 |                     2 |           1785 |    4238.5 |     0.00256992151010419044
      178947 | Sóstenes Cavalcante                 |  1547144.24 |            1812 |                     2 |            595 |    3689.5 |     0.00238471624339305300
      220705 | Deltan Dallagnol                    |   156371.72 |             178 |                     0 |            154 |     371.4 |     0.00237510977048791175
      178983 | Marcio Alvino                       |   135912.56 |             110 |                     0 |            869 |     306.9 |     0.00225806945288941655
      178871 | Evair Vieira de Melo                |  1694777.09 |            1819 |                     0 |           1441 |    3782.1 |     0.00223162091481895120
      220713 | Saullo Vianna                       |  1210242.73 |            1310 |                     1 |            713 |    2694.3 |     0.00222624762224351474
      220568 | Gustavo Gayer                       |  1099690.92 |            1157 |                     1 |           1040 |    2421.0 |     0.00220152768015943971
       74478 | Luciano Bivar                       |  1247673.08 |            1333 |                     1 |            394 |    2708.4 |     0.00217076094965517730
      220648 | Marangoni                           |  1628182.48 |            1680 |                     4 |           1189 |    3490.9 |     0.00214404714636162895
      220598 | Tarcísio Motta                      |  1434528.67 |            1456 |                     0 |           1488 |    3060.8 |     0.00213366248023471012
      160575 | Erika Kokay                         |  1435168.77 |            1410 |                     1 |           2047 |    3027.7 |     0.00210964735527236981
      220559 | Julia Zanatta                       |  1672712.77 |            1684 |                     0 |           1240 |    3492.0 |     0.00208762679560340775
      220604 | Marcos Tavares                      |  1358060.86 |            1355 |                     0 |           1247 |    2834.7 |     0.00208731440798610454
       74171 | Chico Alencar                       |  1597770.78 |            1596 |                     1 |           1307 |    3325.7 |     0.00208146252367939787
      151208 | Laercio Oliveira                    |    17378.12 |              18 |                     0 |              1 |      36.1 |     0.00207732481994600106
      178873 | Helder Salomão                      |  1263851.90 |            1229 |                     0 |           1295 |    2587.5 |     0.00204731266377017750
      160604 | Pedro Uczai                         |  1513755.04 |            1441 |                     0 |           1030 |    2985.0 |     0.00197191746426819494
      204520 | Junio Amaral                        |  1014714.63 |             925 |                     1 |            961 |    1949.1 |     0.00192083561463975344
      160598 | Flávia Morais                       |  1451480.11 |            1279 |                     5 |           1652 |    2738.2 |     0.00188648813107056631
      178905 | Fabio Garcia                        |   133242.06 |             113 |                     0 |            228 |     248.8 |     0.00186727824532283575
      206018 | Célia Xakriabá                      |  1568308.02 |            1409 |                     2 |           1029 |    2926.9 |     0.00186627879388131931
      220571 | Daniel Agrobom                      |   569399.56 |             458 |                     0 |           1463 |    1062.3 |     0.00186564949224758797
      160512 | Aureo Ribeiro                       |  1406587.64 |            1218 |                     2 |           1664 |    2608.4 |     0.00185441697753010257
      220686 | Duarte Jr.                          |  1324370.05 |            1119 |                     2 |           1363 |    2380.3 |     0.00179730733113452694
      220695 | Rogéria Santos                      |  1690550.65 |            1445 |                     3 |           1143 |    3013.3 |     0.00178243698288483696
       74356 | Silas Câmara                        |  1749035.27 |            1491 |                     0 |            814 |    3063.4 |     0.00175147983150734290
      204407 | Fernanda Melchionna                 |  1527743.91 |            1243 |                     0 |           1384 |    2624.4 |     0.00171782717170183320
       74160 | Patrus Ananias                      |  1560951.29 |            1257 |                     0 |           1074 |    2621.4 |     0.00167936053917480026
      204374 | Bia Kicis                           |  1338789.67 |            1052 |                     1 |           1326 |    2239.6 |     0.00167285425798064307
      157130 | Túlio Gadêlha                       |  1501886.31 |            1196 |                     1 |           1125 |    2507.5 |     0.00166956711923154823
      178986 | Nilto Tatto                         |  1638966.48 |            1295 |                     2 |           1142 |    2710.2 |     0.00165360306819697740
      204369 | Caroline de Toni                    |   692945.33 |             511 |                     1 |           1147 |    1139.7 |     0.00164471849460331885
      220547 | Marcos Pollon                       |  1655003.30 |            1274 |                     1 |           1585 |    2709.5 |     0.00163715685642439505
      178962 | Carlos Gomes                        |   328788.85 |             243 |                     1 |            421 |     531.1 |     0.00161532241741166101
      209787 | Nikolas Ferreira                    |  1156082.31 |             822 |                     0 |           1257 |    1769.7 |     0.00153077335817031921
      204476 | Chiquinho Brazão                    |   409324.52 |             286 |                     1 |            359 |     610.9 |     0.00149245884414644889
      141555 | Vinicius Carvalho                   |  1469871.26 |            1040 |                     3 |            895 |    2178.5 |     0.00148210258903898835
      204425 | Silvio Costa Filho                  |   371048.07 |             260 |                     0 |            246 |     544.6 |     0.00146773435582079702
       73441 | Celso Russomanno                    |   814541.30 |             544 |                     1 |            924 |    1183.4 |     0.00145284223157254273
      204472 | José Medeiros                       |  1729217.52 |            1202 |                     0 |           1000 |    2504.0 |     0.00144805379950117554
      220690 | Capitão Alden                       |  1677123.11 |            1144 |                     0 |           1364 |    2424.4 |     0.00144557068323982489
      178929 | Diego Garcia                        |  1782232.27 |            1210 |                     2 |           1487 |    2574.7 |     0.00144464896261809915
      204387 | Sargento Fahur                      |   764220.97 |             492 |                     1 |           1170 |    1104.0 |     0.00144460835718758149
      204450 | Doutor Luizinho                     |   945309.47 |             666 |                     0 |            251 |    1357.1 |     0.00143561451891516542
      220552 | Zucco                               |  1176965.01 |             751 |                     2 |           1589 |    1666.9 |     0.00141626980057801378
      220645 | Erika Hilton                        |  1317969.42 |             882 |                     1 |            920 |    1859.0 |     0.00141050313595288121
      178882 | André Fufuca                        |   190099.03 |             126 |                     0 |            157 |     267.7 |     0.00140821339277743816
      204444 | Helio Lopes                         |  1113160.50 |             742 |                     0 |            826 |    1566.6 |     0.00140734422394614254
      229225 | Missionária Michele Collins         |   180903.67 |             124 |                     0 |             40 |     252.0 |     0.00139300656531733159
      220673 | Delegado Caveira                    |   758835.90 |             457 |                     0 |           1391 |    1053.1 |     0.00138778357745067148
      220543 | Ricardo Ayres                       |  1674085.34 |            1072 |                     3 |           1605 |    2313.5 |     0.00138194866457644268
      221338 | Professora Luciene Cavalcante       |  1174159.14 |             720 |                     1 |           1647 |    1607.7 |     0.00136923517880208300
      220574 | Cabo Gilberto Silva                 |  1855761.30 |            1152 |                     1 |           2236 |    2530.6 |     0.00136364520587857932
      222565 | Soldado Noelio                      |    71971.34 |              45 |                     0 |             76 |      97.6 |     0.00135609535684621128
       74858 | Lindbergh Farias                    |  1167353.45 |             740 |                     0 |            947 |    1574.7 |     0.00134894876954362023
      220530 | Messias Donato                      |  1641249.32 |            1036 |                     1 |           1196 |    2194.6 |     0.00133715211531664184
      220593 | Abilio Brunini                      |   871819.53 |             528 |                     1 |            866 |    1145.6 |     0.00131403342157292576
      229106 | Carla Ayres                         |   129327.56 |              82 |                     0 |             53 |     169.3 |     0.00130907905476605296
      204426 | Carlos Veras                        |  1974100.25 |            1225 |                     0 |           1323 |    2582.3 |     0.00130808959676693218
      220646 | Felipe Becari                       |  1120482.59 |             680 |                     0 |            891 |    1449.1 |     0.00129328203127190044
      204496 | Celso Sabino                        |   350373.26 |             210 |                     1 |            241 |     447.1 |     0.00127606769991522755
      220614 | Dr. Daniel Soranz                   |   378584.59 |             220 |                     3 |            297 |     478.7 |     0.00126444660623930837
      204526 | Luiz Philippe de Orleans e Bragança |  1414726.47 |             839 |                     0 |           1052 |    1783.2 |     0.00126045566956840781
      133439 | André Figueiredo                    |  1708322.86 |            1000 |                     2 |           1448 |    2150.8 |     0.00125901259671722709
      178887 | Rubens Pereira Júnior               |  1777447.49 |            1053 |                     0 |           1109 |    2216.9 |     0.00124723797044491030
      204372 | Julio Cesar Ribeiro                 |  1055125.76 |             615 |                     0 |            801 |    1310.1 |     0.00124165293812938469
      160535 | Marcon                              |  1550474.51 |             914 |                     0 |            893 |    1917.3 |     0.00123658917810909384
       73579 | Alberto Fraga                       |  1450680.07 |             830 |                     0 |           1108 |    1770.8 |     0.00122066886877407780
      204464 | Talíria Petrone                     |  1404165.06 |             789 |                     1 |           1068 |    1687.8 |     0.00120199544062148933
      204412 | Dr. Zacharias Calil                 |  1511934.97 |             838 |                     3 |           1308 |    1815.8 |     0.00120097757908198922
      235088 | Ribeiro Neto                        |   134929.59 |              69 |                     0 |            182 |     156.2 |     0.00115764081103336933
      220615 | Pastor Henrique Vieira              |  1616410.54 |             872 |                     0 |           1199 |    1863.9 |     0.00115311052104374425
      220558 | Zé Trovão                           |  1798222.59 |             975 |                     1 |           1132 |    2066.2 |     0.00114902349213619878
      220644 | Rosangela Moro                      |  1219492.40 |             634 |                     1 |           1270 |    1398.0 |     0.00114637860801756534
      160592 | Zeca Dirceu                         |  1572231.68 |             860 |                     0 |            796 |    1799.6 |     0.00114461502264093801
      165470 | Rodrigo Valadares                   |  1485962.83 |             789 |                     0 |            948 |    1672.8 |     0.00112573475340564205
      160556 | Padre João                          |  1632054.12 |             843 |                     2 |           1371 |    1829.1 |     0.00112073489327670090
      220534 | Fred Linhares                       |  1360905.37 |             705 |                     1 |           1104 |    1523.4 |     0.00111940185819091889
      234253 | Lucas Abrahao                       |    84345.50 |              44 |                     0 |             64 |      94.4 |     0.00111920612243688164
      204531 | Guilherme Derrite                   |    54080.78 |              25 |                     0 |            105 |      60.5 |     0.00111869688270028650
      139285 | Lídice da Mata                      |  1726830.22 |             891 |                     2 |           1162 |    1904.2 |     0.00110271408152678727
      141450 | Hugo Leal                           |   961849.40 |             481 |                     1 |            920 |    1057.0 |     0.00109892463414750792
       92346 | Eduardo Bolsonaro                   |   839606.64 |             432 |                     0 |            525 |     916.5 |     0.00109158260110949099
      220650 | Paulo Alexandre Barbosa             |   882331.44 |             429 |                     0 |           1031 |     961.1 |     0.00108927321007624980
      220549 | Any Ortiz                           |   960805.90 |             464 |                     0 |           1076 |    1035.6 |     0.00107784517143368916
      222142 | Coronel Telhada                     |   765528.23 |             383 |                     1 |            541 |     823.1 |     0.00107520528668158978
      234788 | Heloísa Helena                      |   169488.67 |              84 |                     0 |            131 |     181.1 |     0.00106850800115429545
      220540 | Duda Ramos                          |  1776660.43 |             906 |                     0 |            853 |    1897.3 |     0.00106790243535732937
      220531 | Gilvan Maximo                       |  1083952.43 |             544 |                     1 |            650 |    1156.0 |     0.00106646746481300845
      204491 | Gilberto Abramo                     |  1532741.80 |             767 |                     2 |            929 |    1632.9 |     0.00106534577448073772
      220595 | Coronel Fernanda                    |  1587916.48 |             774 |                     2 |           1304 |    1684.4 |     0.00106076107982707000
      160610 | Valmir Assunção                     |  1683874.27 |             851 |                     0 |            809 |    1782.9 |     0.00105880826838692654
      225386 | Renan Ferreirinha                   |    51059.62 |              24 |                     0 |             58 |      53.8 |     0.00105367019966071036
      220630 | Pedro Aihara                        |  1347926.90 |             653 |                     0 |           1064 |    1412.4 |     0.00104783130301799007
      204501 | Alencar Santana                     |  1637489.88 |             788 |                     1 |           1261 |    1705.1 |     0.00104128887807233349
       98057 | Lafayette de Andrada                |  1559375.54 |             757 |                     1 |           1013 |    1618.3 |     0.00103778721577228279
      178857 | Jorge Solla                         |  1678554.21 |             791 |                     1 |           1218 |    1706.8 |     0.00101682745176278817
       74253 | Julio Lopes                         |  1570084.59 |             743 |                     2 |            946 |    1586.6 |     0.00101051880268438276
      220576 | Alfredo Gaspar                      |  1414686.44 |             646 |                     1 |           1290 |    1424.0 |     0.00100658348008198905
      220666 | Coronel Meira                       |  1783065.29 |             814 |                     2 |           1599 |    1793.9 |     0.00100607645163683266
      220550 | Mauricio Marcon                     |  1580945.65 |             731 |                     1 |           1233 |    1588.3 |     0.00100465186769703310
      220569 | Silvye Alves                        |  1262240.56 |             586 |                     1 |            911 |    1266.1 |     0.00100305761050809522
      204361 | Carlos Chiodini                     |   816675.03 |             376 |                     1 |            616 |     816.6 |     0.00099990812747146194
      220659 | Dayany Bittencourt                  |  1562341.51 |             713 |                     1 |           1298 |    1558.8 |     0.00099773320367068785
      161440 | Pezenti                             |  1205051.46 |             552 |                     1 |            935 |    1200.5 |     0.00099622301606937184
      220639 | Guilherme Boulos                    |  1211737.28 |             560 |                     0 |            793 |    1199.3 |     0.00098973599293734695
      204541 | Eduardo Bismarck                    |   961238.34 |             442 |                     1 |            635 |     950.5 |     0.00098882863952347136
      160601 | Pr. Marco Feliciano                 |  1662162.53 |             752 |                     1 |           1351 |    1642.1 |     0.00098792986267113120
      220556 | Ana Paula Lima                      |  1707297.71 |             767 |                     2 |           1158 |    1655.8 |     0.00096983671348097808
      160161 | Marcelo Queiroz                     |  1351962.16 |             601 |                     1 |           1054 |    1310.4 |     0.00096925789698137705
      160553 | Antonio Brito                       |  1736643.16 |             808 |                     1 |            568 |    1675.8 |     0.00096496507664821598
      220619 | Delegado Ramagem                    |  1101562.70 |             469 |                     1 |           1199 |    1060.9 |     0.00096308634996446412
      220623 | Duda Salabert                       |  1391715.16 |             609 |                     1 |           1155 |    1336.5 |     0.00096032581839519518
      220596 | Amália Barros                       |   689194.99 |             297 |                     1 |            584 |     655.4 |     0.00095096454488155812
      220616 | Luciano Vieira                      |  1349393.14 |             592 |                     0 |            866 |    1270.6 |     0.00094160846260119568
       72442 | Felipe Carreras                     |  1455863.95 |             640 |                     2 |            846 |    1370.6 |     0.00094143412232990590
      204455 | Luiz Lima                           |  1598688.99 |             675 |                     1 |           1391 |    1492.1 |     0.00093332725084946009
      220579 | Silvia Waiãpi                       |  1472791.83 |             636 |                     1 |            875 |    1362.5 |     0.00092511376845429676
      178854 | Elmar Nascimento                    |  1463289.14 |             653 |                     0 |            436 |    1349.6 |     0.00092230575838210622
      235712 | Vavá                                |     5822.61 |               0 |                     0 |             53 |       5.3 |     0.00091024471843382950
      171617 | Paulão                              |  1514243.77 |             638 |                     1 |            901 |    1369.1 |     0.00090414768554735411
      220657 | André Fernandes                     |   974701.20 |             387 |                     1 |            970 |     874.0 |     0.00089668505589200054
      204353 | Aline Gurgel                        |    39423.64 |              13 |                     0 |             89 |      34.9 |     0.00088525564864127209
      178970 | João Daniel                         |  1626918.98 |             663 |                     1 |            949 |    1423.9 |     0.00087521260585453370
      150418 | Márcio Marinho                      |  1682177.46 |             670 |                     2 |           1253 |    1471.3 |     0.00087464018213631278
      220634 | Marcelo Lima                        |   452932.25 |             177 |                     0 |            416 |     395.6 |     0.00087341981057873446
      220538 | Albuquerque                         |  2005136.28 |             808 |                     1 |           1211 |    1740.1 |     0.00086782131337227612
      137070 | Vicentinho Júnior                   |  1100539.16 |             431 |                     2 |            852 |     953.2 |     0.00086612092930886712
       98148 | Cobalchini                          |  1478692.14 |             578 |                     1 |           1202 |    1279.2 |     0.00086508879393921712
      220548 | Camila Jara                         |  1756301.69 |             710 |                     3 |            902 |    1519.2 |     0.00086499945234352078
      220533 | Prof. Reginaldo Veras               |  1183768.42 |             446 |                     0 |           1121 |    1004.1 |     0.00084822333746663051
       73433 | Arlindo Chinaglia                   |  1502173.57 |             582 |                     1 |            889 |    1255.9 |     0.00083605518368959188
      220601 | Washington Quaquá                   |   937018.98 |             366 |                     0 |            488 |     780.8 |     0.00083328087975336423
       74041 | Luiz Couto                          |  1802835.34 |             677 |                     2 |           1384 |    1498.4 |     0.00083113524943437153
      204436 | Isnaldo Bulhões Jr.                 |  1111495.62 |             441 |                     1 |            367 |     921.7 |     0.00082924303381420432
      213274 | Ricardo Silva                       |   819263.29 |             311 |                     1 |            532 |     678.2 |     0.00082781690364766619
      220564 | Yandra Moura                        |  1477953.17 |             568 |                     1 |            825 |    1221.5 |     0.00082648085527635493
      104552 | Socorro Neri                        |  1773995.96 |             655 |                     1 |           1522 |    1465.2 |     0.00082593198239301515
      178835 | Afonso Motta                        |  1857252.84 |             716 |                     2 |            956 |    1533.6 |     0.00082573571404526699
      204416 | Sanderson                           |  1747915.40 |             659 |                     1 |           1139 |    1434.9 |     0.00082092073792587444
      204480 | Rogério Correia                     |  1635115.66 |             614 |                     0 |           1062 |    1334.2 |     0.00081596674329447741
      160665 | Augusto Coutinho                    |  1815813.94 |             682 |                     0 |           1067 |    1470.7 |     0.00080993981134432749
      178993 | Carlos Henrique Gaguim              |  1717531.73 |             521 |                     0 |           3476 |    1389.6 |     0.00080906802228334961
      141533 | Rodrigo Rollemberg                  |   258032.98 |              89 |                     0 |            290 |     207.0 |     0.00080222303366027087
      214694 | Jorge Goetten                       |  1387233.08 |             487 |                     2 |           1278 |    1107.8 |     0.00079856803876101340
      204395 | Pedro Lupion                        |  1559059.41 |             578 |                     1 |            841 |    1243.1 |     0.00079733972421230567
       74159 | Odair Cunha                         |  1718905.72 |             635 |                     1 |            905 |    1363.5 |     0.00079323722303978371
      220621 | Sargento Gonçalves                  |  1404926.88 |             487 |                     0 |           1373 |    1111.3 |     0.00079100201997701119
      220625 | Delegada Ione                       |  1582507.55 |             564 |                     1 |           1118 |    1242.8 |     0.00078533590566439952
      220656 | Fernanda Pessoa                     |  1673982.65 |             596 |                     2 |           1155 |    1313.5 |     0.00078465568325932171
      220563 | Icaro de Valmir                     |  1430554.86 |             504 |                     1 |           1113 |    1122.3 |     0.00078452076979417623
      141470 | José Guimarães                      |  1775715.39 |             648 |                     1 |            915 |    1390.5 |     0.00078306467794931934
      164360 | Carmen Zanotto                      |   119532.90 |              41 |                     0 |            114 |      93.4 |     0.00078137483487809632
      204534 | Tabata Amaral                       |  1741552.28 |             607 |                     2 |           1326 |    1352.6 |     0.00077666344877111585
      204518 | Dr. Frederico                       |  1674564.96 |             600 |                     0 |            955 |    1295.5 |     0.00077363376813999500
      204494 | Fred Costa                          |  1385547.36 |             494 |                     0 |            837 |    1071.7 |     0.00077348492800708018
      204553 | Pastor Sargento Isidório            |   631332.79 |             192 |                     0 |           1035 |     487.5 |     0.00077217595493495594
      220698 | Beto Preto                          |   335271.38 |             119 |                     1 |            175 |     258.5 |     0.00077101719806802477
      204378 | Coronel Chrisóstomo                 |  1843928.72 |             636 |                     0 |           1436 |    1415.6 |     0.00076770863463746039
       69871 | Bacelar                             |  1748417.92 |             616 |                     0 |           1092 |    1341.2 |     0.00076709348757990309
       73701 | Benedita da Silva                   |  1428329.71 |             493 |                     3 |           1005 |    1095.5 |     0.00076697977527891652
       74158 | Mário Heringer                      |  1441306.68 |             516 |                     0 |            718 |    1103.8 |     0.00076583284828736102
      220632 | Ana Pimentel                        |  1592799.36 |             546 |                     2 |           1155 |    1213.5 |     0.00076186620265844406
      160666 | Félix Mendonça Júnior               |  1602231.94 |             552 |                     0 |           1128 |    1216.8 |     0.00075944060882970539
      160548 | Jonas Donizette                     |  1690945.45 |             588 |                     2 |           1020 |    1284.0 |     0.00075933851089046072
      220687 | Márcio Honaiser                     |  1443124.31 |             492 |                     0 |           1041 |    1088.1 |     0.00075398910021826186
      204404 | Lucas Redecker                      |  1409856.83 |             462 |                     0 |           1353 |    1059.3 |     0.00075135288737084034
       74398 | Maria do Rosário                    |  1805914.98 |             628 |                     1 |            935 |    1352.5 |     0.00074892783712331795
      220606 | Reimont                             |  1606652.87 |             525 |                     2 |           1462 |    1202.2 |     0.00074826368685352674
      220712 | Fausto Jr.                          |  1253927.59 |             427 |                     1 |            786 |     935.6 |     0.00074613558825992496
      220566 | Lêda Borges                         |  1457900.10 |             494 |                     0 |            987 |    1086.7 |     0.00074538714964077443
      204479 | Nicoletti                           |  1931589.78 |             661 |                     0 |           1089 |    1430.9 |     0.00074078876105877926
      220629 | Dandara                             |  1412281.42 |             469 |                     1 |            883 |    1029.3 |     0.00072882074735501371
       73463 | Osmar Serraglio                     |    24842.04 |               9 |                     0 |              1 |      18.1 |     0.00072860360904337969
       74848 | Jandira Feghali                     |  1385360.81 |             449 |                     1 |           1051 |    1006.1 |     0.00072623679891738817
       66828 | Fausto Pinato                       |  1634770.24 |             540 |                     0 |            995 |    1179.5 |     0.00072150811847418999
      178945 | Rosangela Gomes                     |    57252.47 |              16 |                     0 |             90 |      41.0 |     0.00071612630861166339
      204360 | Silvia Cristina                     |  1974301.77 |             646 |                     0 |           1153 |    1407.3 |     0.00071280896435604168
      220697 | Jadyel Alencar                      |  1732479.55 |             563 |                     0 |            987 |    1224.7 |     0.00070690589103923333
      220704 | Carol Dartora                       |  1604385.83 |             519 |                     1 |            886 |    1129.6 |     0.00070407004280260939
      220668 | Maria Arraes                        |  1674304.78 |             528 |                     3 |           1121 |    1177.1 |     0.00070303806932928902
      178992 | Vitor Lippi                         |  1671547.50 |             532 |                     0 |           1094 |    1173.4 |     0.00070198423915563273
      220700 | Florentino Neto                     |  1553369.87 |             490 |                     2 |           1027 |    1088.7 |     0.00070086334299763391
      220641 | Rodrigo Gambale                     |  1492076.67 |             468 |                     3 |            981 |    1043.1 |     0.00069909276176806652
      220588 | Roberto Duarte                      |  1758491.65 |             546 |                     1 |           1322 |    1227.2 |     0.00069787081445624152
      220613 | Roberto Monteiro Pai                |  1455090.92 |             421 |                     0 |           1698 |    1011.8 |     0.00069535173788315578
      122974 | Pedro Lucas Fernandes               |  1776190.77 |             577 |                     0 |            785 |    1232.5 |     0.00069390068950758031
       74374 | Geraldo Resende                     |  1876540.50 |             577 |                     0 |           1438 |    1297.8 |     0.00069159178818682570
      220655 | Mario Frias                         |  1504903.82 |             478 |                     0 |            833 |    1039.3 |     0.00069060891878126803
      220607 | Max Lemos                           |  1646068.16 |             495 |                     0 |           1452 |    1135.2 |     0.00068964337418445661
      235620 | Ilacir Bicalho                      |     7120.00 |               0 |                     0 |             49 |       4.9 |     0.00068820224719101124
      220557 | Daniela Reinehr                     |  1726966.61 |             524 |                     1 |           1366 |    1187.6 |     0.00068767976932686614
      160629 | Romero Rodrigues                    |  1574255.56 |             488 |                     0 |           1055 |    1081.5 |     0.00068699138023053893
      234673 | Vanderlan Alves                     |   177447.74 |              53 |                     0 |            146 |     120.6 |     0.00067963672008445980
      220640 | Juliana Cardoso                     |  1708388.39 |             511 |                     1 |           1289 |    1153.9 |     0.00067543189051993031
      143942 | Caio Vianna                         |   544139.93 |             153 |                     0 |            614 |     367.4 |     0.00067519397078615422
      204497 | Júnior Ferrari                      |  1106604.75 |             326 |                     1 |            900 |     745.0 |     0.00067323043751619537
       74057 | Alice Portugal                      |  1683812.61 |             496 |                     3 |           1322 |    1133.2 |     0.00067299650404684878
      220553 | Denise Pessôa                       |  1795805.71 |             541 |                     1 |           1228 |    1207.8 |     0.00067256718991053882
      220667 | Pedro Campos                        |  1621479.34 |             476 |                     2 |           1315 |    1089.5 |     0.00067191728758011804
      204388 | Bibo Nunes                          |  1922741.66 |             589 |                     1 |           1097 |    1290.7 |     0.00067128102898649421
      226075 | Priscila Costa                      |   170230.05 |              44 |                     1 |            230 |     114.0 |     0.00066968199797861776
      160517 | Paulo Folletto                      |  1724254.17 |             530 |                     1 |            888 |    1151.8 |     0.00066799896444501567
      141408 | Cleber Verde                        |  1897974.19 |             583 |                     1 |            971 |    1266.1 |     0.00066707967193168206
      220599 | Marcelo Crivella                    |  1657671.33 |             489 |                     2 |           1185 |    1102.5 |     0.00066508962304367054
      160758 | Domingos Sávio                      |  1672217.54 |             494 |                     1 |           1170 |    1108.0 |     0.00066259321738725453
       74156 | Leonardo Monteiro                   |  1653850.78 |             485 |                     1 |           1225 |    1095.5 |     0.00066239349598396054
      230767 | Rodrigo da Zaeli                    |   713324.08 |             206 |                     0 |            601 |     472.1 |     0.00066183101515372928
       74075 | Elcione Barbalho                    |   978654.77 |             293 |                     1 |            572 |     646.2 |     0.00066029413007408118
      178946 | Soraya Santos                       |   992605.89 |             266 |                     1 |           1201 |     655.1 |     0.00065997996445497618
      204504 | Cezinha de Madureira                |  1740321.91 |             515 |                     2 |           1095 |    1145.5 |     0.00065821156041183208
      204410 | Luisa Canziani                      |  1644303.35 |             497 |                     2 |            798 |    1079.8 |     0.00065669147970780452
      204398 | Felipe Francischini                 |  1642757.58 |             476 |                     1 |           1184 |    1073.4 |     0.00065341351217505872
      178881 | Aluisio Mendes                      |  1525394.82 |             441 |                     2 |           1074 |     995.4 |     0.00065255236673741950
      220555 | Daiana Santos                       |  1752991.12 |             515 |                     0 |           1132 |    1143.2 |     0.00065214249345427374
      220707 | Amanda Gentil                       |  1478520.97 |             434 |                     2 |            840 |     958.0 |     0.00064794481744820975
      204507 | Carla Zambelli                      |  1228875.16 |             365 |                     0 |            621 |     792.1 |     0.00064457320465327007
      154178 | Milton Vieira                       |   304815.32 |              86 |                     2 |            163 |     194.3 |     0.00063743515253760867
      220682 | Tadeu Veneri                        |  1582650.02 |             444 |                     0 |           1158 |    1003.8 |     0.00063425266945625793
      220605 | Bandeira de Mello                   |  1391216.15 |             370 |                     0 |           1358 |     875.8 |     0.00062952115672320221
      220539 | Defensor Stélio Dener               |  1910414.03 |             535 |                     3 |           1203 |    1199.3 |     0.00062776967775932843
       74428 | Mendonça Filho                      |  1685375.55 |             472 |                     1 |           1110 |    1058.0 |     0.00062775326247019544
      220594 | Coronel Assis                       |  1624487.76 |             449 |                     0 |           1199 |    1017.9 |     0.00062659751896191572
      220663 | Eriberto Medeiros                   |  1729585.87 |             462 |                     0 |           1585 |    1082.5 |     0.00062587236562010072
      178989 | Renata Abreu                        |  1540563.43 |             447 |                     1 |            653 |     962.3 |     0.00062464159622431126
      178910 | Joaquim Passarinho                  |  1537105.11 |             428 |                     0 |           1022 |     958.2 |     0.00062337962040865247
      220676 | Andreia Siqueira                    |  1397106.11 |             383 |                     2 |            986 |     870.6 |     0.00062314522409468240
      220554 | Alexandre Lindenmeyer               |  1606529.87 |             443 |                     0 |           1114 |     997.4 |     0.00062084124212393262
      220610 | Dr. Fernando Máximo                 |  1884112.44 |             525 |                     1 |           1119 |    1164.9 |     0.00061827520230162060
      204511 | David Soares                        |  1566559.04 |             437 |                     0 |            941 |     968.1 |     0.00061797862402938864
      204560 | Adolfo Viana                        |  1501887.64 |             435 |                     1 |            539 |     926.9 |     0.00061715668690102543
       74554 | José Rocha                          |  1452190.29 |             393 |                     0 |           1089 |     894.9 |     0.00061624155330221909
      204488 | Célio Studart                       |  1690997.58 |             488 |                     0 |            645 |    1040.5 |     0.00061531726142387501
       74044 | Wilson Santiago                     |  1772865.04 |             503 |                     2 |            777 |    1089.7 |     0.00061465479628387280
      220665 | Clarissa Tércio                     |  1325091.58 |             359 |                     0 |            955 |     813.5 |     0.00061391983186550774
      204406 | Pedro Westphalen                    |  1925457.52 |             538 |                     1 |           1018 |    1180.8 |     0.00061325684297620858
      220691 | Diego Coronel                       |  1476720.91 |             398 |                     1 |           1049 |     903.9 |     0.00061209941152658291
      204517 | Zé Vitor                            |  1595566.09 |             448 |                     1 |            774 |     976.4 |     0.00061194582043292234
      178954 | Lucio Mosquini                      |  1866135.48 |             535 |                     1 |            670 |    1140.0 |     0.00061088812265656082
      221378 | Reginete Bispo                      |  1115453.49 |             304 |                     1 |            701 |     681.1 |     0.00061060367474398238
      220580 | Professora Goreth                   |  1486660.32 |             413 |                     2 |            727 |     904.7 |     0.00060854519881179044
      204394 | Gervásio Maia                       |  1463666.78 |             388 |                     0 |           1089 |     884.9 |     0.00060457749816525863
      160640 | Eros Biondini                       |  1393216.48 |             375 |                     0 |            917 |     841.7 |     0.00060414157604566951
      234310 | Ricardo Galvão                      |   156472.52 |              41 |                     0 |            124 |      94.4 |     0.00060330082240638804
      220528 | Dr. Victor Linhalis                 |  1617640.65 |             433 |                     0 |           1064 |     972.4 |     0.00060112238153758067
      178876 | Célio Silveira                      |  1433869.10 |             385 |                     1 |            858 |     858.8 |     0.00059893891290355584
      204540 | Maria Rosas                         |  1586044.28 |             407 |                     1 |           1321 |     949.1 |     0.00059840700033923391
      221148 | Alfredinho                          |  1570484.98 |             413 |                     1 |           1102 |     939.2 |     0.00059803182581217682
      204473 | General Girão                       |  1982581.09 |             533 |                     0 |           1166 |    1182.6 |     0.00059649514764614243
      121948 | Adriano do Baldy                    |  1618308.93 |             431 |                     0 |            944 |     956.4 |     0.00059098728448591086
      178829 | Capitão Augusto                     |  1798957.81 |             474 |                     1 |           1101 |    1061.1 |     0.00058984151496026469
       74585 | Lincoln Portela                     |  1575519.29 |             396 |                     1 |           1220 |     917.0 |     0.00058203032220570273
      220583 | Delegado Fabio Costa                |  1695731.70 |             413 |                     0 |           1586 |     984.6 |     0.00058063430671255364
      204492 | Paulo Guedes                        |  1601841.93 |             410 |                     0 |           1089 |     928.9 |     0.00057989492134220759
      220591 | Meire Serafim                       |  1904160.60 |             490 |                     1 |           1202 |    1103.2 |     0.00057936289617587928
      220635 | Bruno Ganem                         |  1485863.77 |             364 |                     0 |           1265 |     854.5 |     0.00057508636878601596
      220572 | Marussa Boldrin                     |  1599869.58 |             411 |                     1 |            942 |     919.2 |     0.00057454683274870443
      160642 | Pastor Eurico                       |  1689412.33 |             423 |                     1 |           1205 |     969.5 |     0.00057386819237906237
      204495 | Airton Faleiro                      |  1716152.50 |             432 |                     2 |           1127 |     982.7 |     0.00057261810940461294
      220611 | General Pazuello                    |  1504520.44 |             375 |                     0 |           1085 |     858.5 |     0.00057061371662055984
      220546 | Rodolfo Nogueira                    |  1844297.51 |             442 |                     0 |           1655 |    1049.5 |     0.00056905135657858151
      204557 | Sidney Leite                        |  1861396.48 |             458 |                     1 |           1390 |    1058.0 |     0.00056839045918900631
      178972 | Alex Manente                        |  1142105.54 |             290 |                     0 |            681 |     648.1 |     0.00056746069194270785
      220658 | Luiz Gastão                         |  1786557.96 |             421 |                     1 |           1666 |    1011.6 |     0.00056622848105079110
      220565 | Delegada Adriana Accorsi            |  1380520.15 |             342 |                     2 |            875 |     777.5 |     0.00056319351803738613
      220573 | Dorinaldo Malafaia                  |  1751777.53 |             443 |                     1 |            920 |     981.0 |     0.00056000261631395626
      220701 | Delegado Matheus Laiola             |  1687736.43 |             414 |                     0 |           1161 |     944.1 |     0.00055938829263761285
       80815 | Leo Prates                          |  1649588.15 |             388 |                     0 |           1452 |     921.2 |     0.00055844242091579041
      160518 | Weliton Prado                       |  1539373.63 |             345 |                     1 |           1661 |     859.1 |     0.00055808413451905110
      221329 | Ricardo Abrão                       |   653627.78 |             143 |                     0 |            786 |     364.6 |     0.00055780982870709687
      226410 | Márcio Correa                       |   128836.37 |              25 |                     0 |            216 |      71.6 |     0.00055574369256134739
      204460 | Carlos Jordy                        |  1464169.54 |             349 |                     1 |           1061 |     807.1 |     0.00055123397799956964
      235776 | Sérgio Turra                        |    34261.24 |               6 |                     0 |             68 |      18.8 |     0.00054872503155168931
       73486 | Pompeo de Mattos                    |  2151269.58 |             539 |                     0 |            971 |    1175.1 |     0.00054623558615094627
      204525 | Rosana Valle                        |  1508849.55 |             353 |                     0 |           1154 |     821.4 |     0.00054438827250868054
      226179 | Gisela Simona                       |  1130117.75 |             242 |                     0 |           1310 |     615.0 |     0.00054419108097364191
      224333 | Welter                              |  1548672.97 |             366 |                     1 |           1022 |     837.2 |     0.00054059185910631604
      136811 | Afonso Hamm                         |  1817549.80 |             445 |                     0 |            916 |     981.6 |     0.00054006773294464889
      178963 | Covatti Filho                       |  1785390.29 |             439 |                     0 |            836 |     961.6 |     0.00053859372115214091
      132504 | Enio Verri                          |   102517.91 |              27 |                     0 |             12 |      55.2 |     0.00053844250238811931
      160674 | Hugo Motta                          |  1837133.58 |             460 |                     1 |            585 |     981.5 |     0.00053425619709155825
      141391 | Arnaldo Jardim                      |  1505997.54 |             360 |                     0 |            825 |     802.5 |     0.00053286939632052785
      153423 | Renilce Nicodemos                   |  1733789.66 |             417 |                     1 |            851 |     922.1 |     0.00053184075397012115
      220608 | Cristiane Lopes                     |  1909531.25 |             446 |                     0 |           1198 |    1011.8 |     0.00052986825955322805
      160673 | Giovani Cherini                     |  1808623.55 |             433 |                     2 |            860 |     958.0 |     0.00052968457698120762
      220638 | Antonio Carlos Rodrigues            |  1280454.39 |             277 |                     1 |           1205 |     677.5 |     0.00052910904542253942
      228837 | Juliana Kolankiewicz                |   131844.31 |              31 |                     0 |             77 |      69.7 |     0.00052865383420793814
      204427 | Fernando Rodolfo                    |  1701736.76 |             406 |                     0 |            840 |     896.0 |     0.00052652091737149758
      161550 | Emidinho Madeira                    |  1504261.22 |             358 |                     0 |            753 |     791.3 |     0.00052603895485652419
       73531 | Ivan Valente                        |  1369659.12 |             316 |                     0 |            872 |     719.2 |     0.00052509415627444586
       62881 | Danilo Forte                        |  1800252.57 |             413 |                     0 |           1180 |     944.0 |     0.00052437086647236393
      220612 | Bebeto                              |  1667609.95 |             360 |                     0 |           1537 |     873.7 |     0.00052392347503083680
      171139 | Loreny                              |    64801.73 |              15 |                     0 |             39 |      33.9 |     0.00052313418175718457
      220590 | Coronel Ulysses                     |  1984600.81 |             470 |                     1 |            938 |    1036.8 |     0.00052242244121627664
      220526 | Gilvan da Federal                   |  1310535.46 |             295 |                     0 |            931 |     683.1 |     0.00052123732691673982
      204573 | Otto Alencar Filho                  |  1386581.98 |             316 |                     1 |            866 |     721.6 |     0.00052041639831494132
      220602 | Dimas Gadelha                       |  1406557.26 |             312 |                     0 |           1030 |     727.0 |     0.00051686484487663161
      220542 | Alexandre Guimarães                 |  1766907.67 |             406 |                     2 |            870 |     905.0 |     0.00051219427894610928
      220578 | Josenildo                           |  1846435.37 |             406 |                     0 |           1334 |     945.4 |     0.00051201358864783878
      141458 | João Carlos Bacelar                 |  1406370.20 |             318 |                     1 |            730 |     712.0 |     0.00050626783758643350
      160559 | Alceu Moreira                       |  1807965.46 |             410 |                     1 |            919 |     914.9 |     0.00050603842841112684
      226708 | Allan Garcês                        |  1302604.62 |             290 |                     0 |            785 |     658.5 |     0.00050552561375070204
      178987 | Orlando Silva                       |  1592645.19 |             347 |                     0 |           1026 |     796.6 |     0.00050017417878240665
      160632 | Zé Silva                            |  1624291.91 |             358 |                     0 |            949 |     810.9 |     0.00049923292421003316
      210989 | Bruno Farias                        |  1677126.84 |             358 |                     0 |           1165 |     832.5 |     0.00049638463838549027
      228797 | Júlio Oliveira                      |   136758.01 |              30 |                     0 |             76 |      67.6 |     0.00049430377057987316
      178934 | Toninho Wandscheer                  |  1763551.58 |             385 |                     1 |            974 |     870.4 |     0.00049354949969764990
       74784 | Luiza Erundina                      |  1390630.25 |             297 |                     1 |            835 |     680.5 |     0.00048934646718637107
      204566 | Marreca Filho                       |  1573773.16 |             351 |                     1 |            585 |     763.5 |     0.00048513980248589320
      220714 | Adail Filho                         |  1831560.49 |             395 |                     0 |            982 |     888.2 |     0.00048494166851131409
      179000 | Marcelo Álvaro Antônio              |  1605173.89 |             342 |                     1 |            883 |     775.3 |     0.00048300062991929180
      204351 | Dr. Luiz Ovando                     |  1681488.20 |             344 |                     0 |           1235 |     811.5 |     0.00048260820385180223
      152605 | Glauber Braga                       |  1222151.78 |             241 |                     0 |           1077 |     589.7 |     0.00048250962740487110
      178896 | Newton Cardoso Jr                   |  1345245.68 |             290 |                     1 |            656 |     648.6 |     0.00048214241431349551
      180214 | Pastor Diniz                        |  1799152.89 |             379 |                     1 |           1013 |     862.3 |     0.00047928111323546272
      204550 | Júnior Mano                         |  1556996.17 |             343 |                     0 |            598 |     745.8 |     0.00047899925148820372
       74283 | Vicentinho                          |  1417420.09 |             298 |                     1 |            797 |     678.7 |     0.00047882769885108655
      160545 | Alexandre Leite                     |   656235.25 |             127 |                     0 |            582 |     312.2 |     0.00047574402624668516
      220683 | Beto Richa                          |  1517785.57 |             312 |                     0 |            971 |     721.1 |     0.00047510004987068101
      107970 | Ana Paula Leão                      |  1579335.04 |             314 |                     1 |           1189 |     749.9 |     0.00047482008630670285
      220684 | Tião Medeiros                       |  1709086.42 |             359 |                     0 |            922 |     810.2 |     0.00047405443663872772
      220527 | Jack Rocha                          |  1512112.54 |             301 |                     0 |           1144 |     716.4 |     0.00047377426021478534
      220627 | Paulinho Freire                     |  1001582.51 |             204 |                     3 |            573 |     474.3 |     0.00047355060143771880
      220617 | Murillo Gouvea                      |  1575014.98 |             320 |                     0 |           1046 |     744.6 |     0.00047275740831366569
      204533 | Idilvan Alencar                     |  1043371.16 |             214 |                     0 |            642 |     492.2 |     0.00047174008528278662
      178931 | Luciano Ducci                       |  1593985.33 |             329 |                     1 |            877 |     748.7 |     0.00046970319356703239
      220551 | Franciane Bayer                     |  1884207.45 |             367 |                     1 |           1450 |     882.0 |     0.00046810132291961801
      220536 | Zé Haroldo Cathedral                |  1959268.02 |             385 |                     2 |           1301 |     906.1 |     0.00046246863152495083
       74376 | Vander Loubet                       |  1744508.62 |             364 |                     0 |            787 |     806.7 |     0.00046242247860030637
      220647 | Mauricio Neves                      |  1553625.51 |             324 |                     1 |            667 |     717.7 |     0.00046195173507417499
      123756 | Antônia Lúcia                       |  1841879.18 |             342 |                     1 |           1622 |     849.2 |     0.00046105087088285563
      220703 | Neto Carletto                       |  1729854.10 |             350 |                     1 |            935 |     796.5 |     0.00046044345589607817
       74060 | Daniel Almeida                      |  1860644.73 |             376 |                     0 |           1046 |     856.6 |     0.00046037805400926807
      220633 | Ricardo Salles                      |  1728099.35 |             357 |                     0 |            810 |     795.0 |     0.00046004299463453881
      204512 | Delegado Marcelo Freitas            |  1655748.25 |             318 |                     0 |           1250 |     761.0 |     0.00045961093421056009
      220008 | Eliza Virgínia                      |   179732.24 |              38 |                     0 |             63 |      82.3 |     0.00045790337893746831
      220589 | Eduardo Velloso                     |  1793265.52 |             364 |                     1 |            897 |     820.7 |     0.00045765671109317933
      191923 | Flávio Nogueira                     |  1938355.70 |             367 |                     1 |           1470 |     884.0 |     0.00045605664636268772
      220545 | Filipe Martins                      |  1662165.78 |             321 |                     1 |           1108 |     755.8 |     0.00045470795337875383
      220706 | Padovani                            |  1489246.38 |             302 |                     0 |            724 |     676.4 |     0.00045418945386323518
      220577 | Augusto Puppio                      |  1419682.95 |             271 |                     1 |            974 |     642.4 |     0.00045249539694760721
      160538 | Bohn Gass                           |  1840713.08 |             361 |                     1 |           1074 |     832.4 |     0.00045221605096650913
       73778 | Luiz Carlos Hauly                   |  1304919.10 |             256 |                     0 |            780 |     590.0 |     0.00045213530861798252
      220567 | Jeferson Rodrigues                  |  1441683.09 |             288 |                     0 |            745 |     650.5 |     0.00045120873270421726
      204457 | Juninho do Pneu                     |  1677807.07 |             328 |                     0 |            972 |     753.2 |     0.00044891931466232289
      220587 | Gerlen Diniz                        |  1107082.05 |             211 |                     2 |            684 |     496.4 |     0.00044838591683425813
      204559 | Zé Neto                             |  1481715.37 |             281 |                     0 |           1018 |     663.8 |     0.00044799427301614614
      160600 | Arthur Oliveira Maia                |  1727029.38 |             346 |                     0 |            800 |     772.0 |     0.00044701034559122555
      220662 | Lucas Ramos                         |  1838833.79 |             350 |                     0 |           1215 |     821.5 |     0.00044675054617089672
      220642 | Delegado Bruno Lima                 |   835847.42 |             160 |                     0 |            531 |     373.1 |     0.00044637333450164864
      220561 | Delegada Katarina                   |  1788423.75 |             338 |                     1 |           1178 |     796.8 |     0.00044553199430504096
      204485 | Luiz Carlos Motta                   |  1184973.85 |             214 |                     1 |            961 |     527.1 |     0.00044481994265105513
      228941 | Daniel José                         |   144400.00 |              29 |                     0 |             59 |      63.9 |     0.00044252077562326870
      204441 | Otoni de Paula                      |  1513256.56 |             286 |                     1 |            937 |     668.7 |     0.00044189466457690426
      178997 | Moses Rodrigues                     |  1865084.27 |             361 |                     1 |            987 |     823.7 |     0.00044164224279260047
      204367 | Daniel Freitas                      |  1713332.77 |             334 |                     0 |            878 |     755.8 |     0.00044112854970958152
      133810 | Marcelo Moraes                      |   935387.79 |             168 |                     1 |            736 |     412.6 |     0.00044110047662691855
      178964 | Heitor Schuch                       |  1830990.54 |             354 |                     0 |            934 |     801.4 |     0.00043768658684604673
       88256 | Clodoaldo Magalhães                 |  1724153.60 |             317 |                     1 |           1151 |     752.1 |     0.00043621403568684368
      220586 | Rafael Brito                        |  1662620.94 |             307 |                     1 |           1063 |     723.3 |     0.00043503602210134560
      178843 | Marx Beltrão                        |  1734169.74 |             334 |                     0 |            864 |     754.4 |     0.00043502085326434078
      178985 | Miguel Lombardi                     |  1122085.57 |             186 |                     1 |           1124 |     487.4 |     0.00043436972458348252
      220652 | Delegado Palumbo                    |  1562360.84 |             280 |                     0 |           1067 |     666.7 |     0.00042672600524216928
      230088 | Dra. Mayra Pinheiro                 |   105982.73 |              19 |                     0 |             71 |      45.1 |     0.00042554102918466056
      220702 | Geraldo Mendes                      |  1488201.25 |             278 |                     0 |            768 |     632.8 |     0.00042521130794642190
       77003 | Sergio Santos Rodrigues             |   120320.49 |              21 |                     0 |             91 |      51.1 |     0.00042469906829667998
      204445 | Fernando Mineiro                    |  1647722.94 |             296 |                     0 |           1072 |     699.2 |     0.00042434318478323789
      220585 | Mersinho Lucena                     |  1421168.75 |             254 |                     0 |            938 |     601.8 |     0.00042345428718440368
      220628 | Mauricio do Vôlei                   |  1643694.18 |             300 |                     1 |            927 |     695.7 |     0.00042325391697864380
      220626 | Rafael Simoes                       |  1644233.85 |             280 |                     1 |           1328 |     695.8 |     0.00042317581528929112
      198197 | Greyce Elias                        |  1321050.84 |             239 |                     0 |            783 |     556.3 |     0.00042110415674842612
      162332 | Luiz Nishimori                      |  1687977.24 |             312 |                     0 |            849 |     708.9 |     0.00041997011760656204
      160569 | Waldenor Pereira                    |  1713365.87 |             321 |                     0 |            759 |     717.9 |     0.00041899982518036267
       73692 | Osmar Terra                         |  1791237.48 |             317 |                     0 |           1149 |     748.9 |     0.00041809084968454322
       73801 | Renildo Calheiros                   |  1376153.20 |             235 |                     1 |           1012 |     574.2 |     0.00041725005617107165
      233592 | Paulo Lemos                         |    81986.16 |               8 |                     0 |            179 |      33.9 |     0.00041348442224882834
      178832 | Leandre                             |    68944.36 |               9 |                     1 |             75 |      28.5 |     0.00041337681573953257
       74371 | Rubens Otoni                        |  1644633.10 |             286 |                     1 |           1040 |     679.0 |     0.00041285804110351421
       91228 | Waldemar Oliveira                   |  1848401.62 |             317 |                     1 |           1236 |     760.6 |     0.00041149065861563138
      178884 | Hildo Rocha                         |   733544.33 |             118 |                     0 |            656 |     301.6 |     0.00041115442879914292
      229585 | Elisangela Araujo                   |   270131.28 |              49 |                     0 |            129 |     110.9 |     0.00041054112652188965
      107283 | Gleisi Hoffmann                     |  1121657.85 |             205 |                     0 |            472 |     457.2 |     0.00040761093055248532
      116379 | Darci de Matos                      |   651328.84 |             115 |                     0 |            340 |     264.0 |     0.00040532521176246395
       81055 | Márcio Jerry                        |  1827178.32 |             313 |                     0 |           1054 |     731.4 |     0.00040028933793391331
      141421 | Eduardo da Fonte                    |  1818830.93 |             324 |                     1 |            768 |     727.8 |     0.00040014714286830387
      204355 | Da Vitoria                          |  1629568.63 |             278 |                     1 |            877 |     646.7 |     0.00039685349122117060
      198783 | Emanuel Pinheiro Neto               |  1565326.42 |             260 |                     0 |            985 |     618.5 |     0.00039512525445012293
      162067 | Kiko Celeguim                       |  1716291.24 |             284 |                     0 |           1053 |     673.3 |     0.00039229938620440666
      204486 | Mauro Benevides Filho               |  1713720.27 |             281 |                     0 |           1091 |     671.1 |     0.00039160416769768382
      221328 | Adilson Barroso                     |  1632988.41 |             273 |                     1 |            901 |     639.1 |     0.00039136836249805349
      188097 | Merlong Solano                      |  1880281.29 |             314 |                     1 |           1045 |     735.5 |     0.00039116487725089260
      213762 | Carla Dickson                       |   730384.14 |             115 |                     0 |            546 |     284.6 |     0.00038965796820286925
      220672 | Henderson Pinto                     |  1795351.88 |             294 |                     1 |           1066 |     697.6 |     0.00038855892695531084
      178866 | Luizianne Lins                      |  1845496.44 |             310 |                     1 |            903 |     713.3 |     0.00038650846706591317
      178908 | Delegado Éder Mauro                 |  1898018.87 |             313 |                     1 |           1028 |     731.8 |     0.00038555991806340682
      204390 | Professor Alcides                   |  1613202.06 |             261 |                     0 |            989 |     620.9 |     0.00038488668927189443
      220649 | Delegado da Cunha                   |  1572744.59 |             250 |                     2 |            966 |     602.6 |     0.00038315185048578040
      220592 | Zezinho Barbary                     |  1826847.67 |             303 |                     1 |            906 |     699.6 |     0.00038295475396697963
       74299 | Leônidas Cristino                   |  1111907.57 |             163 |                     0 |            998 |     425.8 |     0.00038294549968753248
      143632 | Domingos Neto                       |  1826115.97 |             310 |                     2 |            719 |     697.9 |     0.00038217726117361539
      204422 | Ossesio Silva                       |  1298114.06 |             203 |                     0 |            890 |     495.0 |     0.00038132242400948958
      220671 | Dilvanda Faro                       |  1760834.02 |             284 |                     1 |            991 |     670.1 |     0.00038055829929955579
      220670 | Iza Arruda                          |  1620891.01 |             246 |                     3 |           1149 |     615.9 |     0.00037997619593189057
       74273 | Jefferson Campos                    |  1598311.45 |             254 |                     1 |            953 |     606.3 |     0.00037933783180993917
      204459 | Daniela do Waguinho                 |   853316.17 |             128 |                     0 |            675 |     323.5 |     0.00037910918762971526
       98615 | Ismael                              |  1462449.97 |             227 |                     1 |            913 |     548.3 |     0.00037491880833366218
      204356 | Amaro Neto                          |  1690415.92 |             262 |                     2 |           1028 |     632.8 |     0.00037434574089908003
      204396 | Vermelho                            |  1808678.40 |             291 |                     1 |            909 |     675.9 |     0.00037369827604509458
      141456 | Jilmar Tatto                        |  1610509.66 |             252 |                     0 |            964 |     600.4 |     0.00037280124106799831
      220560 | Thiago de Joaldo                    |  1585276.13 |             243 |                     1 |            999 |     588.9 |     0.00037148102393997442
      220532 | Rafael Prudente                     |  1352339.59 |             209 |                     2 |            757 |     499.7 |     0.00036950778021665401
      220570 | Dr. Ismael Alexandrino              |  1533459.02 |             220 |                     1 |           1204 |     563.4 |     0.00036740466660791496
       74161 | Reginaldo Lopes                     |  1414523.39 |             217 |                     0 |            856 |     519.6 |     0.00036733220791774960
      109429 | Benes Leocádio                      |  1765589.22 |             269 |                     0 |           1100 |     648.0 |     0.00036701628706138113
      204379 | Acácio Favacho                      |  1819277.41 |             290 |                     1 |            845 |     667.5 |     0.00036690391269135805
      204456 | Gutemberg Reis                      |  1419366.90 |             212 |                     2 |            906 |     520.6 |     0.00036678324681236402
      220674 | Dra. Alessandra Haber               |  1512152.50 |             233 |                     1 |            825 |     551.5 |     0.00036471189248438898
      227433 | Douglas Viegas                      |   801898.27 |             118 |                     0 |            530 |     289.0 |     0.00036039484160503302
      219585 | Marco Brasil                        |  1057690.06 |             150 |                     2 |            655 |     371.5 |     0.00035123711004715313
      229082 | Lucyana Genésio                     |   188221.02 |              30 |                     0 |             59 |      65.9 |     0.00035012030006000393
      204453 | Natália Bonavides                   |  1870545.17 |             282 |                     1 |            873 |     654.3 |     0.00034979107187237825
      220622 | Nely Aquino                         |  1494211.04 |             200 |                     1 |           1148 |     517.8 |     0.00034653739407520373
      217480 | Jones Moura                         |   308231.92 |              41 |                     0 |            242 |     106.2 |     0.00034454575632530206
       74696 | Alberto Mourão                      |   737490.97 |              99 |                     1 |            517 |     252.7 |     0.00034264826320517524
      220603 | Dani Cunha                          |  1637057.33 |             232 |                     1 |            918 |     558.8 |     0.00034134418493456182
      171786 | Miguel Ângelo                       |  1465285.95 |             205 |                     1 |            852 |     498.2 |     0.00034000189519322150
      220620 | Rosângela Reis                      |  1628916.17 |             222 |                     1 |           1068 |     553.8 |     0.00033998066333886292
      209189 | Joseildo Ramos                      |  1815445.21 |             252 |                     0 |           1125 |     616.5 |     0.00033958612278913116
      220597 | Thiago Flores                       |  1753601.32 |             243 |                     1 |           1043 |     593.3 |     0.00033833231831736988
      204423 | André Ferreira                      |  1911453.23 |             293 |                     0 |            583 |     644.3 |     0.00033707337950403317
      141398 | Carlos Zarattini                    |  1697258.12 |             239 |                     2 |            859 |     569.9 |     0.00033577685873731451
      178966 | Geovania de Sá                      |  1353266.98 |             171 |                     0 |           1110 |     453.0 |     0.00033474547646171046
      220688 | Dr. Francisco                       |  1837699.47 |             244 |                     1 |           1162 |     607.2 |     0.00033041311156279541
       74270 | Gilberto Nascimento                 |  1637734.65 |             242 |                     0 |            555 |     539.5 |     0.00032941844394633770
      220660 | Yury do Paredão                     |  1327954.02 |             183 |                     1 |            677 |     436.7 |     0.00032885174744227967
      220575 | Sonize Barbosa                      |  1476152.56 |             212 |                     0 |            596 |     483.6 |     0.00032760841467497099
      160588 | Diego Andrade                       |  1562881.33 |             217 |                     1 |            749 |     511.9 |     0.00032753606443043248
       74537 | Claudio Cajado                      |  1570599.81 |             205 |                     1 |           1010 |     514.0 |     0.00032726350578127219
      204567 | Raimundo Costa                      |  1737308.29 |             243 |                     1 |            738 |     562.8 |     0.00032394941257086847
      178933 | Sergio Souza                        |  1694991.18 |             223 |                     2 |            901 |     542.1 |     0.00031982467306998022
      227800 | Duarte Gonçalves Jr                 |    81944.51 |               9 |                     0 |             81 |      26.1 |     0.00031850821976969537
      227310 | Silvio Antonio                      |   274573.45 |              30 |                     0 |            273 |      87.3 |     0.00031794771125904562
      220669 | Lula da Fonte                       |  1737328.53 |             235 |                     1 |            783 |     551.3 |     0.00031732628025166892
      204364 | Eli Borges                          |  1552455.64 |             196 |                     0 |            987 |     490.7 |     0.00031607988489770954
      141487 | Luiz Fernando Faria                 |  1473569.37 |             189 |                     1 |            844 |     465.4 |     0.00031583175483621786
      229112 | Pedro Jr                            |   175492.24 |              25 |                     0 |             54 |      55.4 |     0.00031568347409549277
      220693 | Roberta Roma                        |  1698544.27 |             217 |                     1 |            971 |     534.1 |     0.00031444573416976644
      227991 | Dr Flávio                           |   326638.25 |              40 |                     0 |            223 |     102.3 |     0.00031319050968464349
      220584 | Murilo Galdino                      |  1814413.50 |             226 |                     1 |           1127 |     567.7 |     0.00031288347446709364
      204481 | Dr. Jaziel                          |  1730755.23 |             225 |                     0 |            915 |     541.5 |     0.00031286919756989554
      220681 | Fábio Macedo                        |  1364053.73 |             182 |                     1 |            593 |     426.3 |     0.00031252434609009133
      204570 | Pastor Gil                          |  1482042.89 |             186 |                     0 |            903 |     462.3 |     0.00031193429226599508
      160635 | Ruy Carneiro                        |  1768166.17 |             233 |                     1 |            804 |     549.4 |     0.00031071740276537470
      204539 | Hercílio Coelho Diniz               |  1266443.36 |             136 |                     0 |           1184 |     390.4 |     0.00030826487179023940
      160508 | Afonso Florence                     |    62539.05 |               7 |                     0 |             52 |      19.2 |     0.00030700818128833105
       73604 | Rui Falcão                          |  1385044.02 |             162 |                     0 |           1012 |     425.2 |     0.00030699385280187701
      225730 | Enfermeira Ana Paula                |   811752.19 |             105 |                     0 |            385 |     248.5 |     0.00030612790832138069
      220651 | Simone Marquetto                    |  1627969.56 |             195 |                     3 |            937 |     492.7 |     0.00030264693646974579
       74459 | Átila Lira                          |    27418.39 |               4 |                     0 |              2 |       8.2 |     0.00029906934725197213
      220609 | Maurício Carvalho                   |  1723657.71 |             204 |                     0 |           1051 |     513.1 |     0.00029768091252874099
      204391 | José Nelto                          |  1562030.80 |             195 |                     0 |            748 |     464.8 |     0.00029756135410390115
      141485 | Luiz Carlos Busato                  |  1763164.22 |             207 |                     0 |           1090 |     523.0 |     0.00029662580153764690
      204474 | Juarez Costa                        |  1299473.19 |             152 |                     1 |            783 |     385.3 |     0.00029650477052166040
      178925 | Rejane Dias                         |     7127.28 |               1 |                     0 |              1 |       2.1 |     0.00029464255648718726
       74383 | Giacobo                             |  1724821.76 |             226 |                     0 |            552 |     507.2 |     0.00029405936993744791
      141411 | Dagoberto Nogueira                  |  1831270.88 |             210 |                     1 |           1121 |     535.1 |     0.00029220144646214218
       74079 | José Priante                        |  1021783.34 |             116 |                     1 |            625 |     297.5 |     0.00029115761468571214
      221339 | Dr. Benjamim                        |  1057264.32 |             124 |                     1 |            568 |     307.8 |     0.00029112871225995785
       74655 | Eduardo Barbosa                     |    27852.88 |               4 |                     0 |              1 |       8.1 |     0.00029081373272710039
      141531 | Rodrigo de Castro                   |  1538951.00 |             177 |                     1 |            876 |     444.6 |     0.00028889808707359753
      223128 | Rodrigo Estacho                     |  1439474.62 |             158 |                     1 |            921 |     411.1 |     0.00028559030794165721
      220600 | Lebrão                              |  1484839.30 |             182 |                     0 |            587 |     422.7 |     0.00028467727113634452
      123086 | Átila Lira                          |  1697412.97 |             181 |                     1 |           1175 |     482.5 |     0.00028425610533658170
      225727 | Flavinha                            |   161654.52 |              14 |                     0 |            178 |      45.8 |     0.00028332025606212557
      230177 | Tadeu Oliveira                      |   169926.25 |              20 |                     0 |             80 |      48.0 |     0.00028247548568864434
       74574 | Paulo Magalhães                     |  1523466.04 |             155 |                     1 |           1132 |     426.2 |     0.00027975681033231302
      204411 | Filipe Barros                       |  1595211.24 |             185 |                     1 |            707 |     443.7 |     0.00027814498097443195
      204524 | Pinheirinho                         |  1398799.84 |             155 |                     1 |            755 |     388.5 |     0.00027773809296403694
      205550 | Jorge Braz                          |  1531288.55 |             164 |                     2 |            906 |     424.6 |     0.00027728281518202432
      220631 | Samuel Viana                        |  1627474.09 |             177 |                     0 |            937 |     447.7 |     0.00027508886485559964
      231911 | Lenir de Assis                      |   484733.80 |              51 |                     0 |            297 |     131.7 |     0.00027169551617815799
      226553 | Eliane Braz                         |   114344.94 |               9 |                     0 |            128 |      30.8 |     0.00026936041070116439
      160641 | Professora Marcivania               |   373351.06 |              38 |                     0 |            245 |     100.5 |     0.00026918364715503955
       74317 | Júlio Cesar                         |  1704451.05 |             186 |                     1 |            767 |     451.7 |     0.00026501201075853718
      141464 | José Airton Félix Cirilo            |  1689965.57 |             182 |                     1 |            750 |     442.0 |     0.00026154378991283237
      220537 | Helena Lima                         |  1947635.51 |             211 |                     1 |            829 |     507.9 |     0.00026077774685880522
      122195 | Leonardo Gadelha                    |   177945.54 |              21 |                     0 |             44 |      46.4 |     0.00026075393628859706
      228616 | Dr. Remy Soares                     |   187671.30 |              20 |                     0 |             88 |      48.8 |     0.00026002910407718175
      230765 | Enfermeira Rejane                   |   463541.04 |              43 |                     0 |            344 |     120.4 |     0.00025973967698739253
      229259 | Pedro Tourinho                      |    78180.83 |               8 |                     0 |             40 |      20.0 |     0.00025581718689862975
      220685 | Paulo Litro                         |  1783533.25 |             174 |                     1 |           1044 |     455.4 |     0.00025533586211527035
       92102 | Leur Lomanto Júnior                 |  1683399.75 |             167 |                     0 |            919 |     425.9 |     0.00025299991876558138
      138286 | Luciano Alves                       |  1172127.70 |             112 |                     0 |            655 |     289.5 |     0.00024698674043792327
      220653 | Fábio Teruel                        |   990623.41 |              66 |                     0 |           1118 |     243.8 |     0.00024610765053492931
       74262 | Carlos Sampaio                      |  1588174.04 |             156 |                     0 |            758 |     387.8 |     0.00024417978775172525
      204482 | Euclydes Pettersen                  |  1085977.24 |             106 |                     1 |            497 |     264.7 |     0.00024374359816233349
       73768 | Dilceu Sperafico                    |  1718424.29 |             153 |                     1 |           1093 |     418.3 |     0.00024342067464607358
      166402 | Magda Mofatto                       |  1553896.66 |             143 |                     1 |            877 |     376.7 |     0.00024242281336778213
      204449 | Nelson Barbudo                      |  1031516.25 |             113 |                     0 |            231 |     249.1 |     0.00024148916703929773
       74095 | Pauderney Avelino                   |   987902.04 |              94 |                     0 |            504 |     238.4 |     0.00024131947333563559
      215043 | Josivaldo JP                        |  1644476.99 |             157 |                     0 |            787 |     392.7 |     0.00023879932792492280
      220696 | Ivoneide Caetano                    |  1662697.00 |             152 |                     1 |            898 |     396.8 |     0.00023864841278958223
      204419 | Glaustin da Fokus                   |  1424210.33 |             128 |                     0 |            830 |     339.0 |     0.00023802664034883106
      160621 | Sandro Alex                         |   146753.46 |              13 |                     0 |             89 |      34.9 |     0.00023781381372541404
       74043 | Wellington Roberto                  |  1770457.65 |             174 |                     1 |            626 |     413.6 |     0.00023361191384611770
      204409 | Daniel Trzeciak                     |  1745127.96 |             155 |                     0 |            975 |     407.5 |     0.00023350723232925567
      220699 | Castro Neto                         |  1672868.64 |             141 |                     1 |           1027 |     387.7 |     0.00023175758737398532
       74550 | João Leão                           |  1623888.06 |             145 |                     0 |            856 |     375.6 |     0.00023129673113059283
      235800 | Jorge Araújo                        |    16921.48 |               0 |                     0 |             39 |       3.9 |     0.00023047629403574628
      220692 | Dal Barreto                         |  1642095.54 |             154 |                     0 |            700 |     378.0 |     0.00023019367070444634
      204358 | Beto Pereira                        |  1847835.88 |             171 |                     0 |            833 |     425.3 |     0.00023016113314132638
       66385 | Julio Arcoverde                     |  1648449.55 |             135 |                     1 |           1037 |     376.7 |     0.00022851776082561944
      160976 | Tiririca                            |  1357951.69 |             117 |                     0 |            747 |     308.7 |     0.00022732767466860327
      220664 | Guilherme Uchoa                     |  1708034.17 |             146 |                     0 |            952 |     387.2 |     0.00022669335707727674
       73460 | Gustavo Fruet                       |    26948.33 |               3 |                     0 |              1 |       6.1 |     0.00022635911019347024
      222429 | Luis Carlos Gomes                   |  1527930.69 |             129 |                     2 |            816 |     345.6 |     0.00022618827035930537
      160558 | Paulo Freire Costa                  |  1476586.03 |             128 |                     0 |            771 |     333.1 |     0.00022558793949852011
      160510 | Luis Tibé                           |  1183329.15 |             107 |                     2 |            454 |     265.4 |     0.00022428248302680619
      223398 | Ulisses Guimarães                   |   158398.59 |              13 |                     0 |             93 |      35.3 |     0.00022285551910531527
      178943 | Marcos Soares                       |  1449944.35 |             128 |                     0 |            667 |     322.7 |     0.00022256026584744442
      233594 | Rafael Fera                         |   389248.21 |              32 |                     0 |            217 |      85.7 |     0.00022016800025875520
      204571 | Alex Santana                        |  1353670.21 |             114 |                     1 |            648 |     295.8 |     0.00021851703451463263
      234388 | Fabiano Cazeca                      |   113065.75 |               6 |                     0 |            126 |      24.6 |     0.00021757251864512463
      204368 | Fabio Schiochet                     |  1639458.66 |             135 |                     0 |            816 |     351.6 |     0.00021446103435142427
      220544 | Antonio Andrade                     |  1795762.96 |             136 |                     1 |           1075 |     382.5 |     0.00021300138632996417
      178975 | Baleia Rossi                        |  1144655.65 |              88 |                     1 |            627 |     241.7 |     0.00021115520637145328
      224117 | Gabriel Mota                        |  1991150.28 |             161 |                     1 |            950 |     420.0 |     0.00021093335054549474
      205476 | Charles Fernandes                   |  1611112.97 |             120 |                     1 |            964 |     339.4 |     0.00021066182590535535
      178901 | Tereza Cristina                     |    29496.96 |               3 |                     0 |              1 |       6.1 |     0.00020680097203237215
      204574 | Junior Lourenço                     |  1558774.17 |             134 |                     0 |            525 |     320.5 |     0.00020561028413756689
      204515 | André Janones                       |  1410041.59 |             104 |                     0 |            819 |     289.9 |     0.00020559677250371033
      103758 | Luciano Azevedo                     |   722353.16 |              44 |                     1 |            573 |     148.3 |     0.00020530124073936355
      178895 | Misael Varella                      |  1639444.41 |             127 |                     1 |            782 |     335.2 |     0.00020445950954811575
       73806 | Roseana Sarney                      |   833031.00 |              67 |                     1 |            333 |     170.3 |     0.00020443416871641031
      220624 | Robinson Faria                      |  1667734.70 |             117 |                     0 |           1068 |     340.8 |     0.00020434904904239265
      178927 | Aliel Machado                       |  1740064.45 |             142 |                     0 |            691 |     353.1 |     0.00020292351814899730
      205865 | Reinhold Stephanes                  |  1549519.85 |             116 |                     0 |            821 |     314.1 |     0.00020270795498360347
      230768 | Zé Adriano                          |   816441.28 |              65 |                     0 |            345 |     164.5 |     0.00020148417777209893
      204408 | Gustinho Ribeiro                    |  1694991.72 |             127 |                     1 |            843 |     341.3 |     0.00020135791577790126
       73482 | Henrique Fontana                    |    20523.03 |               2 |                     0 |              1 |       4.1 |     0.00019977556920201354
      226837 | Saulo Pedroso                       |  1244120.66 |              91 |                     0 |            661 |     248.1 |     0.00019941795677599309
       74090 | Átila Lins                          |  1937947.57 |             139 |                     1 |           1008 |     381.8 |     0.00019701255385355962
      141516 | Paulo Abi-Ackel                     |  1443985.60 |             106 |                     0 |            718 |     283.8 |     0.00019653935607114088
      160570 | Jerônimo Goergen                    |    31059.64 |               3 |                     0 |              1 |       6.1 |     0.00019639635230801130
      141480 | Lázaro Botelho                      |  1369042.18 |              96 |                     0 |            755 |     267.5 |     0.00019539208061507645
       68720 | Fábio Henrique                      |   186377.80 |              16 |                     0 |             41 |      36.1 |     0.00019369259643584161
      160639 | Professora Dorinha Seabra Rezende   |    32687.92 |               3 |                     0 |              3 |       6.3 |     0.00019273174922111899
       92699 | Fernando Monteiro                   |  1727156.96 |             118 |                     1 |            920 |     331.0 |     0.00019164442356182845
       74419 | Gonzaga Patriota                    |    42303.95 |               4 |                     0 |              1 |       8.1 |     0.00019147148197745128
      178858 | Mário Negromonte Jr.                |  1635447.80 |             117 |                     0 |            763 |     310.3 |     0.00018973396766316846
       92776 | Stefano Aguiar                      |  1679211.24 |             122 |                     1 |            716 |     318.6 |     0.00018973193628694386
      122158 | Pedro Paulo                         |  1485305.22 |             108 |                     1 |            627 |     281.7 |     0.00018965798827529873
      220694 | Ricardo Maia                        |  1592612.80 |             102 |                     0 |            975 |     301.5 |     0.00018931155143296600
      220661 | Matheus Noronha                     |  1397822.17 |              91 |                     1 |            772 |     262.2 |     0.00018757750851812574
      220581 | Luciano Amaral                      |  1818086.39 |             116 |                     0 |           1090 |     341.0 |     0.00018755984417220130
      229432 | Luiz Fernando Vampiro               |   564787.21 |              39 |                     0 |            273 |     105.3 |     0.00018644189906495935
      204362 | Ricardo Guidi                       |   938708.38 |              61 |                     0 |            525 |     174.5 |     0.00018589372771978450
      220689 | Detinha                             |  1456289.93 |             106 |                     1 |            524 |     267.4 |     0.00018361728285795398
      229333 | Gláucia Santiago                    |   166310.14 |              13 |                     0 |             43 |      30.3 |     0.00018218973298922122
      204549 | AJ Albuquerque                      |  1106638.63 |              63 |                     0 |            746 |     200.6 |     0.00018126965258749372
      128760 | Paulo Marinho Jr                    |   248194.33 |              12 |                     0 |            200 |      44.0 |     0.00017728043988756713
       74467 | Damião Feliciano                    |  1694163.07 |             102 |                     1 |            900 |     297.0 |     0.00017530779962049344
      178886 | Juscelino Filho                     |   373349.83 |              21 |                     0 |            226 |      64.6 |     0.00017302806860793267
       74141 | Josias Gomes                        |  1520997.78 |              96 |                     0 |            682 |     260.2 |     0.00017107191307011638
       74749 | Mauro Lopes                         |    36205.78 |               3 |                     0 |              1 |       6.1 |     0.00016848138612122153
       74400 | Paulo Pimenta                       |   661798.94 |              41 |                     0 |            292 |     111.2 |     0.00016802686326454376
      171623 | Fabio Reis                          |   838501.79 |              40 |                     0 |            605 |     140.5 |     0.00016756076334673060
       74065 | Fatima Pelaes                       |   240537.04 |              13 |                     0 |            138 |      39.8 |     0.00016546308210993201
      178860 | Paulo Azi                           |  1707887.84 |              97 |                     0 |            861 |     280.1 |     0.00016400374394608957
      141431 | Fernando Coelho Filho               |  1458132.71 |              80 |                     0 |            785 |     238.5 |     0.00016356535887601068
      220582 | Daniel Barbosa                      |  1639066.07 |              86 |                     0 |            928 |     264.8 |     0.00016155541551781375
      160527 | Aguinaldo Ribeiro                   |  1644480.08 |              97 |                     0 |            655 |     259.5 |     0.00015780063447165623
      218086 | Ely Santos                          |  1357640.81 |              57 |                     0 |            987 |     212.7 |     0.00015666883201603228
      220708 | Gabriel Nunes                       |  1822887.81 |              86 |                     1 |           1048 |     279.8 |     0.00015349271549520099
      204448 | Luiz Antonio Corrêa                 |   532010.74 |              25 |                     0 |            305 |      80.5 |     0.00015131273477674530
      204498 | Olival Marques                      |  1846388.66 |              93 |                     1 |            870 |     276.0 |     0.00014948098738864655
      229069 | Capitão Samuel                      |   174706.21 |              11 |                     0 |             33 |      25.3 |     0.00014481454322659738
      160599 | Dimas Fabiano                       |  1497430.77 |              64 |                     0 |            880 |     216.0 |     0.00014424706926517878
      220675 | Antônio Doido                       |  1750315.54 |              81 |                     1 |            803 |     245.3 |     0.00014014615901770489
      204530 | Rodrigo Agostinho                   |    15100.61 |               1 |                     0 |              1 |       2.1 |     0.00013906722973442795
      163321 | Ronaldo Nogueira                    |  1119752.52 |              54 |                     0 |            470 |     155.0 |     0.00013842344378023815
      204508 | Igor Timo                           |  1614360.71 |              66 |                     0 |            910 |     223.0 |     0.00013813517550238199
      175765 | Ribamar Silva                       |   609754.94 |              24 |                     0 |            361 |      84.1 |     0.00013792426183541867
      160531 | Jhonatan de Jesus                   |   109259.91 |               7 |                     0 |             10 |      15.0 |     0.00013728731791926243
      141459 | João Maia                           |  1981642.48 |              88 |                     1 |            869 |     265.9 |     0.00013418162089460254
      228272 | Délio Pinheiro                      |    97742.25 |               5 |                     0 |             30 |      13.0 |     0.00013300287235049326
      160561 | Missionário José Olimpio            |   383394.36 |              14 |                     0 |            225 |      50.5 |     0.00013171816090356676
      227275 | Mariana Carvalho                    |   188355.18 |               7 |                     0 |            108 |      24.8 |     0.00013166614265665537
       74454 | Eunício Oliveira                    |  1768508.46 |              76 |                     0 |            743 |     226.3 |     0.00012796093720693878
      160651 | Rogério Peninha Mendonça            |    17791.53 |               1 |                     0 |              1 |       2.1 |     0.00011803369356092478
      143084 | Tiago Dimas                         |   374825.83 |              11 |                     0 |            218 |      43.8 |     0.00011685427335677480
       74319 | Paes Landim                         |    35484.01 |               2 |                     0 |              1 |       4.1 |     0.00011554500181912924
      220677 | Keniston Braga                      |  1817944.25 |              53 |                     0 |           1029 |     208.9 |     0.00011491001442976043
       73788 | Ricardo Barros                      |   476764.36 |              11 |                     0 |            317 |      53.7 |     0.00011263425814798740
      178909 | Hélio Leite                         |   806307.68 |              28 |                     0 |            342 |      90.2 |     0.00011186796583656502
      179001 | Márcio Biolchi                      |  1598615.19 |              50 |                     1 |            710 |     174.0 |     0.00010884420533999805
       67138 | Iracema Portella                    |    19812.91 |               1 |                     0 |              1 |       2.1 |     0.00010599149746301780
      233598 | Samuel Santos                       |   137787.62 |               3 |                     0 |             86 |      14.6 |     0.00010596017261928176
      160552 | Danrlei de Deus Hinterholz          |   679022.71 |              16 |                     0 |            382 |      70.2 |     0.00010338387651276052
      141422 | Efraim Filho                        |    40574.88 |               2 |                     0 |              1 |       4.1 | 0.000101047741854073259120
      204489 | Robério Monteiro                    |   940396.07 |              22 |                     0 |            510 |      95.0 |     0.00010102126437002230
      100689 | Hildo do Candango                   |   149927.90 |               2 |                     0 |            111 |      15.1 |     0.00010071507704703394
       73808 | Sérgio Brito                        |   210889.32 |               3 |                     0 |            147 |      20.7 | 0.000098155752979809503867
      129618 | Gorete Pereira                      |   160407.34 |               5 |                     0 |             55 |      15.5 | 0.000096628994658224492720
      141518 | Paulinho da Força                   |   802883.51 |              23 |                     0 |            307 |      76.7 | 0.000095530670445579334417
      227370 | Felipe Saliba                       |   146797.99 |               2 |                     0 |             99 |      13.9 | 0.000094687944977993227291
      178836 | Alan Rick                           |    43728.12 |               2 |                     0 |              1 |       4.1 | 0.000093761177018357981089
      178959 | Hiran Gonçalves                     |    44502.71 |               2 |                     0 |              1 |       4.1 | 0.000092129220894637652404
      160541 | Arthur Lira                         |   540227.34 |               3 |                     0 |            434 |      49.4 | 0.000091442983985223702303
      227660 | Nitinho                             |   685527.08 |              19 |                     0 |            233 |      61.3 | 0.000089420245805606979085
       74646 | Aécio Neves                         |  1468588.17 |              33 |                     0 |            643 |     130.3 | 0.000088724669489881564278
      228042 | Naumi Amorim                        |    21742.69 |               0 |                     0 |             19 |       1.9 | 0.000087385691466879213198
      178831 | André Abdon                         |   440225.49 |               9 |                     0 |            191 |      37.1 | 0.000084274992799712710866
      229939 | Newton Bonin                        |   172069.17 |               3 |                     0 |             85 |      14.5 | 0.000084268436931496792830
       74366 | João Campos                         |    25270.42 |               1 |                     0 |              1 |       2.1 | 0.000083101111892877126696
      204563 | Josimar Maranhãozinho               |  1503115.53 |              42 |                     0 |            405 |     124.5 | 0.000082827964660840141809
      160591 | Vinicius Gurgel                     |  2002973.04 |              45 |                     0 |            663 |     156.3 | 0.000078034000896986611462
      115200 | Raniery Paulino                     |   198107.21 |               2 |                     0 |            113 |      15.3 | 0.000077230909465637318299
       93083 | Cacá Leão                           |    27816.79 |               1 |                     0 |              1 |       2.1 | 0.000075493973244216892028
      227324 | Henrique Júnior                     |   184239.21 |               2 |                     0 |             95 |      13.5 | 0.000073274304639061359414
      204431 | Marcos Aurélio Sampaio              |  1852505.72 |              29 |                     1 |            746 |     135.6 | 0.000073198154551447214965
      204376 | Coronel Armando                     |   181874.49 |               0 |                     0 |            132 |      13.2 | 0.000072577523103982312198
      230957 | João Cury                           |   679957.55 |               8 |                     0 |            316 |      47.6 | 0.000070004370125752703239
      234406 | Elmano Férrer                       |   114099.77 |               1 |                     0 |             56 |       7.6 | 0.000066608372654914203596
      227401 | Dr Fabio Rueda                      |   196344.58 |               2 |                     0 |             86 |      12.6 | 0.000064172894408391614375
      178879 | Lucas Vergilio                      |    32856.49 |               1 |                     0 |              1 |       2.1 | 0.000063914313427879849613
      204558 | Marcelo Nilo                        |    66414.61 |               0 |                     0 |             42 |       4.2 | 0.000063239097541941449329
      227323 | Luciano Galego                      |   185617.55 |               1 |                     0 |             94 |      11.4 | 0.000061416606349992228644
      179587 | Major Vitor Hugo                    |     1684.39 |               0 |                     0 |              1 |       0.1 | 0.000059368673525727414672
      204400 | Aline Sleutjes                      |     1727.31 |               0 |                     0 |              1 |       0.1 | 0.000057893487561584197394
      204418 | Luizão Goulart                      |    37240.59 |               1 |                     0 |              1 |       2.1 | 0.000056390084045392406511
      141427 | Fábio Ramalho                       |    38062.66 |               1 |                     0 |              1 |       2.1 | 0.000055172181870631217051
      178948 | Beto Rosado                         |    39437.90 |               1 |                     0 |              1 |       2.1 | 0.000053248271332905656741
      204433 | Marcelo Calero                      |    53956.33 |               0 |                     0 |             27 |       2.7 | 0.000050040467911735286666
      204499 | Cássio Andrade                      |    42440.50 |               1 |                     0 |              1 |       2.1 | 0.000049481038159305380474
      141335 | Beto Faro                           |    42540.52 |               1 |                     0 |              1 |       2.1 | 0.000049364699820312492654
      208297 | Katia Dias                          |   152277.87 |               0 |                     0 |             75 |       7.5 | 0.000049252067946576872923
      204561 | Bira do Pindaré                     |    42785.18 |               1 |                     0 |              1 |       2.1 | 0.000049082415920652898971
      234840 | Cristiano Furlan                    |    80000.00 |               0 |                     0 |             32 |       3.2 | 0.000040000000000000000000
      230762 | Pastor Claudio Mariano              |   511089.19 |               3 |                     0 |            126 |      18.6 | 0.000036392865206168809792
      233218 | Nelinho Freitas                     |   173089.99 |               0 |                     0 |             62 |       6.2 | 0.000035819517928217570525
      204514 | Coronel Tadeu                       |    82948.16 |               0 |                     0 |             29 |       2.9 | 0.000034961595290359665603
       74052 | Bosco Costa                         |   181044.60 |               1 |                     0 |             36 |       5.6 | 0.000030931604698510753704
      230764 | Ivan Junior                         |   126968.00 |               0 |                     0 |             34 |       3.4 | 0.000026778400856908827421
      182146 | Wolmer Araújo                       |   205410.03 |               0 |                     0 |             55 |       5.5 | 0.000026775712948389131728
      141379 | Andreia Zito                        |     4553.84 |               0 |                     0 |              1 |       0.1 | 0.000021959489134444776277
      178935 | Rossoni                             |     5003.42 |               0 |                     0 |              1 |       0.1 | 0.000019986329350724104712
      160587 | Fábio Trad                          |     5277.97 |               0 |                     0 |              1 |       0.1 | 0.000018946678363082776143
      141508 | Mauro Nazif                         |     6611.48 |               0 |                     0 |              1 |       0.1 | 0.000015125206459068166280
      204359 | Léo Moraes                          |    14314.03 |               0 |                     0 |              2 |       0.2 | 0.000013972305493281766211
      160532 | Eli Corrêa Filho                    |     7973.10 |               0 |                     0 |              1 |       0.1 | 0.000012542173056903839159
      160669 | Genecias Noronha                    |     8882.05 |               0 |                     0 |              1 |       0.1 | 0.000011258662133178714373
      204519 | Tiago Mitraud                       |     9544.34 |               0 |                     0 |              1 |       0.1 | 0.000010477413838987295088
       73696 | Angela Amin                         |    10296.25 |               0 |                     0 |              1 |       0.1 | 0.000009712273886123588685
      204461 | Paulo Ganime                        |    10459.03 |               0 |                     0 |              1 |       0.1 | 0.000009561116088203208137
       74352 | Nilson Pinto                        |    10870.87 |               0 |                     0 |              1 |       0.1 | 0.000009198895764552423127
      204393 | Frei Anastacio Ribeiro              |    10921.80 |               0 |                     0 |              1 |       0.1 | 0.000009155999926752000586
      204521 | Abou Anni                           |    11420.90 |               0 |                     0 |              1 |       0.1 | 0.000008755877382693132765
      178939 | Clarissa Garotinho                  |    12175.50 |               0 |                     0 |              1 |       0.1 | 0.000008213215063036425609
      204458 | Major Fabiana                       |    12431.20 |               0 |                     0 |              1 |       0.1 | 0.000008044275693416564773
      105534 | Alexandre Figueiredo                |    12479.93 |               0 |                     0 |              1 |       0.1 | 0.000008012865456777401796
       66179 | Norma Ayub                          |    12890.30 |               0 |                     0 |              1 |       0.1 | 0.000007757771347447305338
      204354 | Flávia Arruda                       |    12902.81 |               0 |                     0 |              1 |       0.1 | 0.000007750249751798251699
      178912 | Pedro Cunha Lima                    |    12914.39 |               0 |                     0 |              1 |       0.1 | 0.000007743300302995340856
      115746 | Gelson Azevedo                      |    13239.48 |               0 |                     0 |              1 |       0.1 | 0.000007553166740687700725
      141523 | Raul Henry                          |    13508.96 |               0 |                     0 |              1 |       0.1 | 0.000007402494344494320806
      204569 | Delegado Pablo                      |    13651.59 |               0 |                     0 |              1 |       0.1 | 0.000007325154066302899516
      204414 | Aroldo Martins                      |    13841.83 |               0 |                     0 |              1 |       0.1 | 0.000007224478266240807754
      204381 | Luis Miranda                        |    13965.63 |               0 |                     0 |              1 |       0.1 | 0.000007160436013269720020
      204484 | General Peternelli                  |    14587.53 |               0 |                     0 |              1 |       0.1 | 0.000006855170135039996490
      160534 | Lauriete                            |    14770.10 |               0 |                     0 |              1 |       0.1 | 0.000006770434865031380966
      204513 | Guiga Peixoto                       |    14916.00 |               0 |                     0 |              1 |       0.1 | 0.000006704210244033252883
      204523 | Lucas Gonzalez                      |    15594.58 |               0 |                     0 |              1 |       0.1 | 0.000006412484337507005639
      204403 | Marlon Santos                       |    16260.00 |               0 |                     0 |              1 |       0.1 | 0.000006150061500615006150
      216198 | Norma Pereira                       |    16310.91 |               0 |                     0 |              1 |       0.1 | 0.000006130865782473203518
      204565 | Professora Dayane Pimentel          |    16703.55 |               0 |                     0 |              1 |       0.1 | 0.000005986751319330321997
      193726 | Paulo Eduardo Martins               |    17125.02 |               0 |                     0 |              1 |       0.1 | 0.000005839409238646144647
      204532 | Vinicius Poit                       |    18473.66 |               0 |                     0 |              1 |       0.1 | 0.000005413112507212972416
      204373 | Hélio Costa                         |    18497.62 |               0 |                     0 |              1 |       0.1 | 0.000005406100892979745502
      204451 | Delegado Antônio Furtado            |    37009.82 |               0 |                     0 |              2 |       0.2 | 0.000005403971162248289778
      204516 | Alexis Fonteyne                     |    18772.47 |               0 |                     0 |              1 |       0.1 | 0.000005326949517032122038
      178984 | Miguel Haddad                       |    18956.20 |               0 |                     0 |              1 |       0.1 | 0.000005275318893027083487
       73466 | Rubens Bueno                        |    19414.71 |               0 |                     0 |              1 |       0.1 | 0.000005150733644746689495
      160667 | Guilherme Mussi                     |    19424.31 |               0 |                     0 |              1 |       0.1 | 0.000005148188018004243137
       73586 | Júlio Delgado                       |    19723.49 |               0 |                     0 |              1 |       0.1 | 0.000005070096620831303182
      133373 | Marco Maia                          |    20030.26 |               0 |                     0 |              1 |       0.1 | 0.000004992446428553598406
      204527 | Geninho Zuliani                     |    20350.74 |               0 |                     0 |              1 |       0.1 | 0.000004913826229414753468
       76874 | Marcelo Freixo                      |    21456.78 |               0 |                     0 |              1 |       0.1 | 0.000004660531542943535796
      178953 | Expedito Netto                      |    21513.26 |               0 |                     0 |              1 |       0.1 | 0.000004648295981176260595
      221147 | Marcia Scherer                      |    21956.14 |               0 |                     0 |              1 |       0.1 | 0.000004554534631314976130
      204537 | Enrico Misasi                       |    22458.45 |               0 |                     0 |              1 |       0.1 | 0.000004452667036238030674
      204529 | Policial Katia Sastre               |    22865.58 |               0 |                     0 |              1 |       0.1 | 0.000004373385674013079922
      204454 | Daniel Silveira                     |    23022.99 |               0 |                     0 |              1 |       0.1 | 0.000004343484490937102435
      178977 | Eduardo Cury                        |    23423.69 |               0 |                     0 |              1 |       0.1 | 0.000004269182182653544339
      135054 | Cristiano Vale                      |    23564.65 |               0 |                     0 |              1 |       0.1 | 0.000004243644611738345361
      167614 | Severino Ninho                      |    23834.49 |               0 |                     0 |              1 |       0.1 | 0.000004195600577146815392
      204546 | Joice Hasselmann                    |    23974.81 |               0 |                     0 |              1 |       0.1 | 0.000004171044525483205081
      178861 | Ronaldo Carletto                    |    24468.40 |               0 |                     0 |              1 |       0.1 | 0.000004086903925062529630
       74806 | Tadeu Filippelli                    |    25000.85 |               0 |                     0 |              1 |       0.1 | 0.000003999864004623842789
      205535 | Patricia Ferraz                     |    25186.27 |               0 |                     0 |              1 |       0.1 | 0.000003970417215411412647
      204386 | Jose Mario Schreiner                |    25626.65 |               0 |                     0 |              1 |       0.1 | 0.000003902187761568523393
      133968 | Paulo Ramos                         |    25649.41 |               0 |                     0 |              1 |       0.1 | 0.000003898725155861284918
      178994 | Dulce Miranda                       |    26134.99 |               0 |                     0 |              1 |       0.1 | 0.000003826288052912972226
      221149 | Elói Pietá                          |    26277.37 |               0 |                     0 |              1 |       0.1 | 0.000003805555883256201058
      168175 | Simplício Araújo                    |    26825.37 |               0 |                     0 |              1 |       0.1 | 0.000003727814378701952666
      204438 | Sergio Toledo                       |    27542.37 |               0 |                     0 |              1 |       0.1 | 0.000003630769610603590032
      204371 | Felipe Rigoni                       |    27547.78 |               0 |                     0 |              1 |       0.1 | 0.000003630056578061825672
      204478 | Vinicius Farah                      |    28002.04 |               0 |                     0 |              1 |       0.1 | 0.000003571168386303283618
      178990 | Samuel Moreira                      |    28421.77 |               0 |                     0 |              1 |       0.1 | 0.000003518429710746375050
      204502 | Bozzella                            |    28461.26 |               0 |                     0 |              1 |       0.1 | 0.000003513547889306376457
      196358 | Lourival Gomes                      |    28605.36 |               0 |                     0 |              1 |       0.1 | 0.000003495848330522671276
      204490 | Charlles Evangelista                |    28934.14 |               0 |                     0 |              1 |       0.1 | 0.000003456124840759047962
      204011 | Marcos Pacco                        |    29148.15 |               0 |                     0 |              1 |       0.1 | 0.000003430749464374239875
      221157 | Rui Godinho                         |    29282.24 |               0 |                     0 |              1 |       0.1 | 0.000003415039286611953184
      141417 | Edio Lopes                          |    29325.69 |               0 |                     0 |              1 |       0.1 | 0.000003409979441233948801
      204413 | Alcides Rodrigues                   |    29700.28 |               0 |                     0 |              1 |       0.1 | 0.000003366971624509937280
       74439 | Wolney Queiroz                      |    29906.42 |               0 |                     0 |              1 |       0.1 | 0.000003343763646735383239
      221183 | Márcio Dória                        |    29915.39 |               0 |                     0 |              1 |       0.1 | 0.000003342761033702051018
      141513 | Bilac Pinto                         |    30001.70 |               0 |                     0 |              1 |       0.1 | 0.000003333144455147541639
      160528 | Danilo Cabral                       |    30030.96 |               0 |                     0 |              1 |       0.1 | 0.000003329896879753427796
      146788 | Marcelo Aro                         |    30199.89 |               0 |                     0 |              1 |       0.1 | 0.000003311270339064148909
      204556 | Marcelo Ramos                       |    30242.57 |               0 |                     0 |              1 |       0.1 | 0.000003306597289846729296
      164359 | Delegado Waldir                     |    30307.40 |               0 |                     0 |              1 |       0.1 | 0.000003299524208609118565
      204383 | Professor Israel Batista            |    30312.11 |               0 |                     0 |              1 |       0.1 | 0.000003299011517179107624
      204576 | João Roma                           |    30724.62 |               0 |                     0 |              1 |       0.1 | 0.000003254718854130661339
      204389 | Elias Vaz                           |    30940.03 |               0 |                     0 |              1 |       0.1 | 0.000003232058921726966651
      204428 | Marília Arraes                      |    31014.75 |               0 |                     0 |              1 |       0.1 | 0.000003224272322040319525
      204442 | Gurgel                              |    31291.74 |               0 |                     0 |              1 |       0.1 | 0.000003195731525316265570
      204487 | Capitão Wagner                      |    31463.68 |               0 |                     0 |              1 |       0.1 | 0.000003178267767788129043
      141401 | Carlos Bezerra                      |    31779.80 |               0 |                     0 |              1 |       0.1 | 0.000003146652905304627468
      204439 | Dr. Leonardo                        |    31984.20 |               0 |                     0 |              1 |       0.1 | 0.000003126543730967165038
      204483 | Vilson da Fetaemg                   |    32051.50 |               0 |                     0 |              1 |       0.1 | 0.000003119978784144267819
      178830 | Dr. Sinval Malheiros                |    32344.74 |               0 |                     0 |              1 |       0.1 | 0.000003091692806929349254
      215042 | Ricardo da Karol                    |    33408.64 |               0 |                     0 |              1 |       0.1 | 0.000002993237677439129519
       81297 | Dra. Soraya Manato                  |    33455.53 |               0 |                     0 |              1 |       0.1 | 0.000002989042469212115306
      152610 | Roberto Alves                       |    33714.01 |               0 |                     0 |              1 |       0.1 | 0.000002966125951792741356
      146307 | Neri Geller                         |    33815.54 |               0 |                     0 |              1 |       0.1 | 0.000002957220260270869547
      178981 | Herculano Passos                    |    34055.07 |               0 |                     0 |              1 |       0.1 | 0.000002936420333301326352
      204564 | Igor Kannário                       |    34123.53 |               0 |                     0 |              1 |       0.1 | 0.000002930529168582500111
      204510 | Franco Cartafina                    |    34570.70 |               0 |                     0 |              1 |       0.1 | 0.000002892622943706664893
      178923 | Zeca Cavalcanti                     |    34641.54 |               0 |                     0 |              1 |       0.1 | 0.000002886707692556393278
      141553 | Vanderlei Macris                    |    34686.33 |               0 |                     0 |              1 |       0.1 | 0.000002882980125023316102
      178928 | Christiane de Souza Yared           |    34735.04 |               0 |                     0 |              1 |       0.1 | 0.000002878937234561986973
      204545 | Alê Silva                           |    35123.97 |               0 |                     0 |              1 |       0.1 | 0.000002847058575667841648
       74693 | Rodrigo Maia                        |    35172.42 |               0 |                     0 |              1 |       0.1 | 0.000002843136753171945519
      177282 | Subtenente Gonzaga                  |    35186.70 |               0 |                     0 |              1 |       0.1 | 0.000002841982908314789395
      141439 | Chico D'Angelo                      |    35209.67 |               0 |                     0 |              1 |       0.1 | 0.000002840128862326741489
      160619 | José Nunes                          |    35298.07 |               0 |                     0 |              1 |       0.1 | 0.000002833016082749000158
      178825 | Leo de Brito                        |    35358.13 |               0 |                     0 |              1 |       0.1 | 0.000002828203867116275663
      215045 | Pedro Augusto Palareti              |    35472.00 |               0 |                     0 |              1 |       0.1 | 0.000002819124943617501128
      204440 | Christino Aureo                     |    35532.88 |               0 |                     0 |              1 |       0.1 | 0.000002814294816519235142
      204384 | Ney Leprevost                       |    35615.78 |               0 |                     0 |              1 |       0.1 | 0.000002807744207764086593
      204509 | Áurea Carolina                      |    35760.47 |               0 |                     0 |              1 |       0.1 | 0.000002796383828288610301
      204452 | Márcio Labre                        |    35936.29 |               0 |                     0 |              1 |       0.1 | 0.000002782702388031708337
      141372 | Aelton Freitas                      |    36020.28 |               0 |                     0 |              1 |       0.1 | 0.000002776213843979002939
      204542 | Denis Bezerra                       |    36165.77 |               0 |                     0 |              1 |       0.1 | 0.000002765045511266592692
       74165 | Neucimar Fraga                      |    36372.35 |               0 |                     0 |              1 |       0.1 | 0.000002749341189117557705
       92172 | Milton Coelho                       |    36488.12 |               0 |                     0 |              1 |       0.1 | 0.000002740618042255945223
       90201 | Pedro Augusto Bezerra               |    36640.69 |               0 |                     0 |              1 |       0.1 | 0.000002729206245843077737
      160511 | Alessandro Molon                    |    36692.57 |               0 |                     0 |              1 |       0.1 | 0.000002725347393218845123
      178951 | Rafael Motta                        |    36940.94 |               0 |                     0 |              1 |       0.1 | 0.000002707023697826855516
      204446 | Professor Joziel                    |    37043.38 |               0 |                     0 |              1 |       0.1 | 0.000002699537677177406597
      204477 | Felício Laterça                     |    37116.43 |               0 |                     0 |              1 |       0.1 | 0.000002694224633134167268
      204575 | Gil Cutrim                          |    37236.44 |               0 |                     0 |              1 |       0.1 | 0.000002685541367542117345
       75431 | Maurício Dziedricki                 |    37250.28 |               0 |                     0 |              1 |       0.1 | 0.000002684543579269739717
      204467 | Professora Rosa Neide               |    37388.01 |               0 |                     0 |              1 |       0.1 | 0.000002674654254131204095
       73772 | Hermes Parcianello                  |    38054.64 |               0 |                     0 |              1 |       0.1 | 0.000002627800446936300015
      204420 | Julian Lemos                        |    38151.95 |               0 |                     0 |              1 |       0.1 | 0.000002621098004164924729
      204544 | Alexandre Frota                     |    38364.06 |               0 |                     0 |              1 |       0.1 | 0.000002606606287238629071
      204415 | Nereu Crispim                       |    38477.51 |               0 |                     0 |              1 |       0.1 | 0.000002598920772160152775
      204554 | Abílio Santana                      |    38569.44 |               0 |                     0 |              1 |       0.1 | 0.000002592726262035435308
      178924 | Capitão Fábio Abreu                 |    38996.09 |               0 |                     0 |              1 |       0.1 | 0.000002564359657596441079
      178921 | Sebastião Oliveira                  |    39122.25 |               0 |                     0 |              1 |       0.1 | 0.000002556090204423314099
      112437 | João Marcelo Souza                  |    39136.36 |               0 |                     0 |              1 |       0.1 | 0.000002555168646240989198
      204432 | Marina Santos                       |    39142.62 |               0 |                     0 |              1 |       0.1 | 0.000002554760003290530884
      204370 | Célio Moura                         |    39282.47 |               0 |                     0 |              1 |       0.1 | 0.000002545664771079822628
      204437 | Severino Pessoa                     |    39372.80 |               0 |                     0 |              1 |       0.1 | 0.000002539824447334200260
      194260 | Nivaldo Albuquerque                 |    39529.49 |               0 |                     0 |              1 |       0.1 | 0.000002529756897951377566
      141434 | Flaviano Melo                       |    39584.26 |               0 |                     0 |              1 |       0.1 | 0.000002526256648475934627
      204405 | Liziane Bayer                       |    39613.28 |               0 |                     0 |              1 |       0.1 | 0.000002524405956790248119
      195866 | Vaidon Oliveira                     |    39629.73 |               0 |                     0 |              1 |       0.1 | 0.000002523358095046320023
      178889 | Zé Carlos                           |    39783.76 |               0 |                     0 |              1 |       0.1 | 0.000002513588459210491919
      204468 | Joenia Wapichana                    |    40007.55 |               0 |                     0 |              1 |       0.1 | 0.000002499528214049598138
      219920 | Fabio Barros                        |    40332.39 |               0 |                     0 |              1 |       0.1 | 0.000002479396832173843405
      178956 | Mariana Carvalho                    |    40396.06 |               0 |                     0 |              1 |       0.1 | 0.000002475488946199208537
      204382 | Loester Trutis                      |    40435.39 |               0 |                     0 |              1 |       0.1 | 0.000002473081130168399513
      204357 | Rose Modesto                        |    40543.52 |               0 |                     0 |              1 |       0.1 | 0.000002466485396433264798
      204363 | Osires Damaso                       |    40661.32 |               0 |                     0 |              1 |       0.1 | 0.000002459339736142358389
      178844 | Pedro Vilela                        |    40790.46 |               0 |                     0 |              1 |       0.1 | 0.000002451553623077552938
      204435 | Jesus Sérgio                        |    40803.92 |               0 |                     0 |              1 |       0.1 | 0.000002450744928428445110
      215044 | Vivi Reis                           |    40875.84 |               0 |                     0 |              1 |       0.1 | 0.000002446432905109717623
      204538 | Paulo Bengtson                      |    40916.37 |               0 |                     0 |              1 |       0.1 | 0.000002444009573674301997
      160645 | Luiz Carlos                         |    41214.69 |               0 |                     0 |              1 |       0.1 | 0.000002426319353609113644
      204466 | Tereza Nelma                        |    41354.31 |               0 |                     0 |              1 |       0.1 | 0.000002418127638932918963
      204375 | Leda Sadala                         |    41374.29 |               0 |                     0 |              1 |       0.1 | 0.000002416959904327059147
      204421 | Edna Henrique                       |    41512.60 |               0 |                     0 |              1 |       0.1 | 0.000002408907175170911964
      180018 | Thiago Cartaxo                      |    41573.97 |               0 |                     0 |              1 |       0.1 | 0.000002405351232995068789
      204500 | Eduardo Costa                       |    41582.03 |               0 |                     0 |              1 |       0.1 | 0.000002404884994792221544
      204505 | Vavá Martins                        |    41895.49 |               0 |                     0 |              1 |       0.1 | 0.000002386891763290034321
      204562 | Edilázio Júnior                     |    42480.49 |               0 |                     0 |              1 |       0.1 | 0.000002354021810953687210
      204551 | Bosco Saraiva                       |    42916.08 |               0 |                     0 |              1 |       0.1 | 0.000002330128940015024671
      178839 | Jéssica Sales                       |    43104.91 |               0 |                     0 |              1 |       0.1 | 0.000002319921326827964610
      204465 | Haroldo Cathedral                   |    43341.15 |               0 |                     0 |              1 |       0.1 | 0.000002307276110578514876
      178920 | Ricardo Teobaldo                    |    43367.43 |               0 |                     0 |              1 |       0.1 | 0.000002305877936506728667
      204548 | Heitor Freire                       |    43676.50 |               0 |                     0 |              1 |       0.1 | 0.000002289560747770540222
       73943 | Perpétua Almeida                    |    43775.78 |               0 |                     0 |              1 |       0.1 | 0.000002284368205432318967
      108338 | Jaqueline Cassol                    |    44174.76 |               0 |                     0 |              1 |       0.1 | 0.000002263736124429425310
      204555 | José Ricardo                        |    44286.36 |               0 |                     0 |              1 |       0.1 | 0.000002258031592571617988
      204434 | Dra. Vanda Milani                   |    44524.22 |               0 |                     0 |              1 |       0.1 | 0.000002245968598663828361
      204352 | Camilo Capiberibe                   |    44866.19 |               0 |                     0 |              1 |       0.1 | 0.000002228849831019750061
      204471 | Mara Rocha                          |    45098.15 |               0 |                     0 |              1 |       0.1 | 0.000002217385857291263611
      204475 | Ottaci Nascimento                   |    46184.63 |               0 |                     0 |              1 |       0.1 | 0.000002165222499346644111
      197438 | Tito                                |    62682.18 |               0 |                     0 |              1 |       0.1 | 0.000001595349746929669645
      141405 | Celso Maldaner                      |    31786.18 |               0 |                     0 |              0 |       0.0 | 0.000000000000000000000000
      160589 | Bruna Furlan                        |    15047.98 |               0 |                     0 |              0 |       0.0 | 0.000000000000000000000000
      178863 | Uldurico Junior                     |    37357.89 |               0 |                     0 |              0 |       0.0 | 0.000000000000000000000000
      204547 | Léo Motta                           |    36230.12 |               0 |                     0 |              0 |       0.0 | 0.000000000000000000000000
       74399 | Onyx Lorenzoni                      |      636.07 |               0 |                     0 |              0 |       0.0 |     0.00000000000000000000
      178922 | Tadeu Alencar                       |     1061.10 |               0 |                     0 |              0 |       0.0 |     0.00000000000000000000
      204430 | Margarete Coelho                    |        0.10 |               0 |                     0 |              0 |       0.0 |         0.0000000000000000
      151965 | Maia Filho                          |    13618.34 |               0 |                     0 |              0 |       0.0 | 0.000000000000000000000000
      178961 | Shéridan                            |    13925.53 |               0 |                     0 |              0 |       0.0 | 0.000000000000000000000000
      204392 | Francisco Jr.                       |    32064.95 |               0 |                     0 |              0 |       0.0 | 0.000000000000000000000000
      205548 | David Miranda                       |     5193.84 |               0 |                     0 |              0 |       0.0 |     0.00000000000000000000
      141428 | Fábio Faria                         |     1764.31 |               0 |                     0 |              0 |       0.0 |     0.00000000000000000000
      160655 | Ricardo Izar                        |     3540.19 |               0 |                     0 |              0 |       0.0 |     0.00000000000000000000

